2026-09-14 06:07:26,675 | INFO | Run=C3_Z26_C3_ROI_V2_PILOT_C_V2_FOLD_4_SEED_42 device=cuda config_hash=0dae5b28ed0bbf0b602cbc0a5bede5e659d5ff1d35103cb43aa83258848ae121
2026-09-14 06:07:26,676 | INFO | Split hash train=f82483c670fc62a8e478466e5df8d49473843b757716245b9577a085421add74 validation=60440af4a7bb01c4d4b3a7cba35916e6f1c9d674b2933ef279636107b107fe9f
2026-09-14 06:07:54,508 | INFO | epoch=1 batch=25 global_step=12 loss_reg_months=30.0823 artifact_factor=0.00 lr=0.00020000 grad_norm=5.4528 throughput=16.17 img/s eta_seconds=666.6 gpu_alloc=508.6MiB gpu_reserved=6230.0MiB skipped_batches=0
2026-09-14 06:08:06,320 | INFO | epoch=1 batch=50 global_step=25 loss_reg_months=25.2143 artifact_factor=0.00 lr=0.00020000 grad_norm=8.2006 throughput=22.70 img/s eta_seconds=454.9 gpu_alloc=398.7MiB gpu_reserved=6230.0MiB skipped_batches=0
2026-09-14 06:08:18,293 | INFO | epoch=1 batch=75 global_step=37 loss_reg_months=22.5253 artifact_factor=0.00 lr=0.00020000 grad_norm=13.5722 throughput=26.16 img/s eta_seconds=377.7 gpu_alloc=508.6MiB gpu_reserved=6230.0MiB skipped_batches=0
2026-09-14 06:08:30,072 | INFO | epoch=1 batch=100 global_step=50 loss_reg_months=21.4631 artifact_factor=0.00 lr=0.00020000 grad_norm=3.0659 throughput=28.39 img/s eta_seconds=332.1 gpu_alloc=398.7MiB gpu_reserved=6230.0MiB skipped_batches=0
2026-09-14 06:08:41,101 | INFO | epoch=1 batch=125 global_step=62 loss_reg_months=20.1936 artifact_factor=0.00 lr=0.00020000 grad_norm=9.4664 throughput=30.23 img/s eta_seconds=297.0 gpu_alloc=508.6MiB gpu_reserved=6230.0MiB skipped_batches=0
2026-09-14 06:08:53,200 | INFO | epoch=1 batch=150 global_step=75 loss_reg_months=19.0190 artifact_factor=0.00 lr=0.00020000 grad_norm=3.8758 throughput=31.21 img/s eta_seconds=273.3 gpu_alloc=398.7MiB gpu_reserved=6230.0MiB skipped_batches=0
2026-09-14 06:09:04,950 | INFO | epoch=1 batch=175 global_step=87 loss_reg_months=17.8358 artifact_factor=0.00 lr=0.00020000 grad_norm=3.8241 throughput=32.05 img/s eta_seconds=252.0 gpu_alloc=508.6MiB gpu_reserved=6230.0MiB skipped_batches=0
2026-09-14 06:09:16,903 | INFO | epoch=1 batch=200 global_step=100 loss_reg_months=17.0114 artifact_factor=0.00 lr=0.00020000 grad_norm=5.4606 throughput=32.66 img/s eta_seconds=233.6 gpu_alloc=398.7MiB gpu_reserved=6230.0MiB skipped_batches=0
2026-09-14 06:09:28,376 | INFO | epoch=1 batch=225 global_step=112 loss_reg_months=16.3874 artifact_factor=0.00 lr=0.00020000 grad_norm=2.9363 throughput=33.28 img/s eta_seconds=215.7 gpu_alloc=508.6MiB gpu_reserved=6230.0MiB skipped_batches=0
2026-09-14 06:09:39,829 | INFO | epoch=1 batch=250 global_step=125 loss_reg_months=15.7695 artifact_factor=0.00 lr=0.00020000 grad_norm=5.3458 throughput=33.80 img/s eta_seconds=199.1 gpu_alloc=398.7MiB gpu_reserved=6230.0MiB skipped_batches=0
2026-09-14 06:09:51,318 | INFO | epoch=1 batch=275 global_step=137 loss_reg_months=15.2641 artifact_factor=0.00 lr=0.00020000 grad_norm=2.8973 throughput=34.22 img/s eta_seconds=183.5 gpu_alloc=508.6MiB gpu_reserved=6230.0MiB skipped_batches=0
2026-09-14 06:10:03,157 | INFO | epoch=1 batch=300 global_step=150 loss_reg_months=14.8324 artifact_factor=0.00 lr=0.00020000 grad_norm=3.3029 throughput=34.51 img/s eta_seconds=168.9 gpu_alloc=398.7MiB gpu_reserved=6230.0MiB skipped_batches=0
2026-09-14 06:10:15,075 | INFO | epoch=1 batch=325 global_step=162 loss_reg_months=14.3815 artifact_factor=0.00 lr=0.00020000 grad_norm=2.1756 throughput=34.74 img/s eta_seconds=154.8 gpu_alloc=508.6MiB gpu_reserved=6230.0MiB skipped_batches=0
2026-09-14 06:10:26,037 | INFO | epoch=1 batch=350 global_step=175 loss_reg_months=14.0236 artifact_factor=0.00 lr=0.00020000 grad_norm=4.3864 throughput=35.13 img/s eta_seconds=140.3 gpu_alloc=398.7MiB gpu_reserved=6230.0MiB skipped_batches=0
2026-09-14 06:10:37,686 | INFO | epoch=1 batch=375 global_step=187 loss_reg_months=13.7487 artifact_factor=0.00 lr=0.00020000 grad_norm=4.0511 throughput=35.34 img/s eta_seconds=126.7 gpu_alloc=508.6MiB gpu_reserved=6230.0MiB skipped_batches=0
2026-09-14 06:10:49,659 | INFO | epoch=1 batch=400 global_step=200 loss_reg_months=13.4781 artifact_factor=0.00 lr=0.00020000 grad_norm=4.2160 throughput=35.47 img/s eta_seconds=113.6 gpu_alloc=398.7MiB gpu_reserved=6230.0MiB skipped_batches=0
2026-09-14 06:11:01,273 | INFO | epoch=1 batch=425 global_step=212 loss_reg_months=13.1807 artifact_factor=0.00 lr=0.00020000 grad_norm=3.0059 throughput=35.65 img/s eta_seconds=100.4 gpu_alloc=508.6MiB gpu_reserved=6230.0MiB skipped_batches=0
2026-09-14 06:11:13,237 | INFO | epoch=1 batch=450 global_step=225 loss_reg_months=12.8866 artifact_factor=0.00 lr=0.00020000 grad_norm=4.4975 throughput=35.75 img/s eta_seconds=87.5 gpu_alloc=398.7MiB gpu_reserved=6230.0MiB skipped_batches=0
2026-09-14 06:11:24,245 | INFO | epoch=1 batch=475 global_step=237 loss_reg_months=12.6140 artifact_factor=0.00 lr=0.00020000 grad_norm=3.6736 throughput=35.99 img/s eta_seconds=74.4 gpu_alloc=508.6MiB gpu_reserved=6230.0MiB skipped_batches=0
2026-09-14 06:11:41,596 | INFO | epoch=1 batch=500 global_step=250 loss_reg_months=12.4154 artifact_factor=0.00 lr=0.00020000 grad_norm=2.7764 throughput=35.31 img/s eta_seconds=63.1 gpu_alloc=398.7MiB gpu_reserved=6230.0MiB skipped_batches=0
2026-09-14 06:11:52,715 | INFO | epoch=1 batch=525 global_step=262 loss_reg_months=12.2087 artifact_factor=0.00 lr=0.00020000 grad_norm=3.1524 throughput=35.52 img/s eta_seconds=50.1 gpu_alloc=508.6MiB gpu_reserved=6230.0MiB skipped_batches=0
2026-09-14 06:12:04,842 | INFO | epoch=1 batch=550 global_step=275 loss_reg_months=11.9947 artifact_factor=0.00 lr=0.00020000 grad_norm=1.9715 throughput=35.59 img/s eta_seconds=37.3 gpu_alloc=398.7MiB gpu_reserved=6230.0MiB skipped_batches=0
2026-09-14 06:12:17,169 | INFO | epoch=1 batch=575 global_step=287 loss_reg_months=11.8241 artifact_factor=0.00 lr=0.00020000 grad_norm=4.1750 throughput=35.63 img/s eta_seconds=24.7 gpu_alloc=508.6MiB gpu_reserved=6230.0MiB skipped_batches=0
2026-09-14 06:12:29,203 | INFO | epoch=1 batch=600 global_step=300 loss_reg_months=11.6457 artifact_factor=0.00 lr=0.00020000 grad_norm=3.1801 throughput=35.70 img/s eta_seconds=12.0 gpu_alloc=398.7MiB gpu_reserved=6230.0MiB skipped_batches=0
2026-09-14 06:13:26,768 | WARNING | STABILITY WARNING [CAM] Prediction vượt nhẹ miền tuổi 0–228: [-10.88, 223.38]
2026-09-14 06:13:30,521 | INFO | 
TRAINING REVIEW SNAPSHOT
Run ID / config hash / split hash: C3_Z26_C3_ROI_V2_PILOT_C_V2_FOLD_4_SEED_42 / 0dae5b28ed0b / f82483c670fc+60440af4a7bb
Epoch / global step: 1 / 312
Train loss: 11.4868
Validation MAE / RMSE / median AE: 11.6816 / 14.9355 / 9.6250
MAE nam / nữ / age bins: {'F': 11.065321011673152, 'M': 12.20189046170489} / {'60-119': 15.099153225806452, '120-179': 9.306199439950218, '0-59': 18.13999180287622, '180-228': 11.732723577235772}
Learning rate / peak VRAM: 0.00020000 / 6238.0 MiB
Best epoch / best MAE / epochs không cải thiện: 1 / 11.6816 / 0
Cảnh báo hiện tại: CAM: Prediction vượt nhẹ miền tuổi 0–228: [-10.88, 223.38]
Checkpoint gần nhất: /content/C3_Z26_C3_ROI_V2_PILOTS/runs/C3_Z26_C3_ROI_V2_PILOT_C_V2_FOLD_4_SEED_42/last.ckpt
Checkpoint tốt nhất: /content/C3_Z26_C3_ROI_V2_PILOTS/runs/C3_Z26_C3_ROI_V2_PILOT_C_V2_FOLD_4_SEED_42/best_mae.ckpt
Đề xuất tự động: THEO DÕI
2026-09-14 06:13:52,437 | INFO | epoch=2 batch=25 global_step=324 loss_reg_months=8.9291 artifact_factor=0.00 lr=0.00019960 grad_norm=3.3627 throughput=31.92 img/s eta_seconds=337.7 gpu_alloc=508.6MiB gpu_reserved=6238.0MiB skipped_batches=0
2026-09-14 06:14:03,944 | INFO | epoch=2 batch=50 global_step=337 loss_reg_months=8.0604 artifact_factor=0.00 lr=0.00019960 grad_norm=2.9255 throughput=35.16 img/s eta_seconds=293.8 gpu_alloc=398.7MiB gpu_reserved=6238.0MiB skipped_batches=0
2026-09-14 06:14:18,210 | INFO | epoch=2 batch=75 global_step=349 loss_reg_months=7.8079 artifact_factor=0.00 lr=0.00019960 grad_norm=3.7184 throughput=33.86 img/s eta_seconds=291.8 gpu_alloc=508.6MiB gpu_reserved=6238.0MiB skipped_batches=0
2026-09-14 06:14:32,421 | INFO | epoch=2 batch=100 global_step=362 loss_reg_months=8.0340 artifact_factor=0.00 lr=0.00019960 grad_norm=6.7945 throughput=33.28 img/s eta_seconds=283.3 gpu_alloc=398.7MiB gpu_reserved=6238.0MiB skipped_batches=0
2026-09-14 06:14:44,694 | INFO | epoch=2 batch=125 global_step=374 loss_reg_months=8.1379 artifact_factor=0.00 lr=0.00019960 grad_norm=2.5441 throughput=33.91 img/s eta_seconds=264.8 gpu_alloc=508.6MiB gpu_reserved=6238.0MiB skipped_batches=0
2026-09-14 06:14:56,566 | INFO | epoch=2 batch=150 global_step=387 loss_reg_months=8.0346 artifact_factor=0.00 lr=0.00019960 grad_norm=1.9661 throughput=34.52 img/s eta_seconds=247.1 gpu_alloc=398.7MiB gpu_reserved=6238.0MiB skipped_batches=0
2026-09-14 06:15:07,903 | INFO | epoch=2 batch=175 global_step=399 loss_reg_months=7.8023 artifact_factor=0.00 lr=0.00019960 grad_norm=1.7598 throughput=35.17 img/s eta_seconds=229.7 gpu_alloc=508.6MiB gpu_reserved=6238.0MiB skipped_batches=0
2026-09-14 06:15:18,892 | INFO | epoch=2 batch=200 global_step=412 loss_reg_months=7.6981 artifact_factor=0.00 lr=0.00019960 grad_norm=2.2693 throughput=35.80 img/s eta_seconds=213.1 gpu_alloc=398.7MiB gpu_reserved=6238.0MiB skipped_batches=0
2026-09-14 06:15:30,225 | INFO | epoch=2 batch=225 global_step=424 loss_reg_months=7.6501 artifact_factor=0.00 lr=0.00019960 grad_norm=1.8989 throughput=36.20 img/s eta_seconds=198.3 gpu_alloc=508.6MiB gpu_reserved=6238.0MiB skipped_batches=0
2026-09-14 06:15:41,971 | INFO | epoch=2 batch=250 global_step=437 loss_reg_months=7.5136 artifact_factor=0.00 lr=0.00019960 grad_norm=3.8594 throughput=36.40 img/s eta_seconds=184.9 gpu_alloc=398.7MiB gpu_reserved=6238.0MiB skipped_batches=0
2026-09-14 06:15:53,675 | INFO | epoch=2 batch=275 global_step=449 loss_reg_months=7.4614 artifact_factor=0.00 lr=0.00019960 grad_norm=2.7642 throughput=36.58 img/s eta_seconds=171.7 gpu_alloc=508.6MiB gpu_reserved=6238.0MiB skipped_batches=0
2026-09-14 06:16:04,749 | INFO | epoch=2 batch=300 global_step=462 loss_reg_months=7.5529 artifact_factor=0.00 lr=0.00019960 grad_norm=2.4630 throughput=36.88 img/s eta_seconds=158.0 gpu_alloc=398.7MiB gpu_reserved=6238.0MiB skipped_batches=0
2026-09-14 06:16:15,954 | INFO | epoch=2 batch=325 global_step=474 loss_reg_months=7.4977 artifact_factor=0.00 lr=0.00019960 grad_norm=3.8729 throughput=37.12 img/s eta_seconds=144.9 gpu_alloc=508.6MiB gpu_reserved=6238.0MiB skipped_batches=0
2026-09-14 06:16:27,279 | INFO | epoch=2 batch=350 global_step=487 loss_reg_months=7.5323 artifact_factor=0.00 lr=0.00019960 grad_norm=3.0856 throughput=37.29 img/s eta_seconds=132.2 gpu_alloc=398.7MiB gpu_reserved=6238.0MiB skipped_batches=0
2026-09-14 06:16:38,665 | INFO | epoch=2 batch=375 global_step=499 loss_reg_months=7.4977 artifact_factor=0.00 lr=0.00019960 grad_norm=3.3454 throughput=37.43 img/s eta_seconds=119.7 gpu_alloc=508.6MiB gpu_reserved=6238.0MiB skipped_batches=0
2026-09-14 06:16:56,363 | INFO | epoch=2 batch=400 global_step=512 loss_reg_months=7.4324 artifact_factor=0.00 lr=0.00019960 grad_norm=2.1330 throughput=36.36 img/s eta_seconds=110.8 gpu_alloc=398.7MiB gpu_reserved=6238.0MiB skipped_batches=0
2026-09-14 06:17:09,792 | INFO | epoch=2 batch=425 global_step=524 loss_reg_months=7.3927 artifact_factor=0.00 lr=0.00019960 grad_norm=2.5803 throughput=36.18 img/s eta_seconds=98.9 gpu_alloc=508.6MiB gpu_reserved=6238.0MiB skipped_batches=0
2026-09-14 06:17:23,725 | INFO | epoch=2 batch=450 global_step=537 loss_reg_months=7.3384 artifact_factor=0.00 lr=0.00019960 grad_norm=2.6318 throughput=35.94 img/s eta_seconds=87.1 gpu_alloc=398.7MiB gpu_reserved=6238.0MiB skipped_batches=0
2026-09-14 06:17:35,837 | INFO | epoch=2 batch=475 global_step=549 loss_reg_months=7.3137 artifact_factor=0.00 lr=0.00019960 grad_norm=1.7237 throughput=36.00 img/s eta_seconds=74.4 gpu_alloc=508.6MiB gpu_reserved=6238.0MiB skipped_batches=0
2026-09-14 06:17:46,941 | INFO | epoch=2 batch=500 global_step=562 loss_reg_months=7.3237 artifact_factor=0.00 lr=0.00019960 grad_norm=3.0818 throughput=36.20 img/s eta_seconds=61.6 gpu_alloc=398.7MiB gpu_reserved=6238.0MiB skipped_batches=0
2026-09-14 06:17:58,396 | INFO | epoch=2 batch=525 global_step=574 loss_reg_months=7.3136 artifact_factor=0.00 lr=0.00019960 grad_norm=2.9367 throughput=36.34 img/s eta_seconds=49.0 gpu_alloc=508.6MiB gpu_reserved=6238.0MiB skipped_batches=0
2026-09-14 06:18:09,752 | INFO | epoch=2 batch=550 global_step=587 loss_reg_months=7.3606 artifact_factor=0.00 lr=0.00019960 grad_norm=3.7329 throughput=36.48 img/s eta_seconds=36.4 gpu_alloc=398.7MiB gpu_reserved=6238.0MiB skipped_batches=0
2026-09-14 06:18:21,137 | INFO | epoch=2 batch=575 global_step=599 loss_reg_months=7.3287 artifact_factor=0.00 lr=0.00019960 grad_norm=1.5960 throughput=36.60 img/s eta_seconds=24.0 gpu_alloc=508.6MiB gpu_reserved=6238.0MiB skipped_batches=0
2026-09-14 06:18:32,580 | INFO | epoch=2 batch=600 global_step=612 loss_reg_months=7.3321 artifact_factor=0.00 lr=0.00019960 grad_norm=3.1192 throughput=36.70 img/s eta_seconds=11.7 gpu_alloc=398.7MiB gpu_reserved=6238.0MiB skipped_batches=0
2026-09-14 06:19:15,257 | INFO | 
TRAINING REVIEW SNAPSHOT
Run ID / config hash / split hash: C3_Z26_C3_ROI_V2_PILOT_C_V2_FOLD_4_SEED_42 / 0dae5b28ed0b / f82483c670fc+60440af4a7bb
Epoch / global step: 2 / 624
Train loss: 7.3212
Validation MAE / RMSE / median AE: 7.3010 / 9.7162 / 5.7500
MAE nam / nữ / age bins: {'F': 7.786569795719845, 'M': 6.891117772667543} / {'60-119': 8.02834677419355, '120-179': 6.542198195395146, '0-59': 10.481799930167599, '180-228': 7.652439024390244}
Learning rate / peak VRAM: 0.00019960 / 6238.0 MiB
Best epoch / best MAE / epochs không cải thiện: 2 / 7.3010 / 0
Cảnh báo hiện tại: KHÔNG
Checkpoint gần nhất: /content/C3_Z26_C3_ROI_V2_PILOTS/runs/C3_Z26_C3_ROI_V2_PILOT_C_V2_FOLD_4_SEED_42/last.ckpt
Checkpoint tốt nhất: /content/C3_Z26_C3_ROI_V2_PILOTS/runs/C3_Z26_C3_ROI_V2_PILOT_C_V2_FOLD_4_SEED_42/best_mae.ckpt
Đề xuất tự động: TIẾP TỤC
2026-09-14 06:19:47,078 | INFO | epoch=3 batch=25 global_step=636 loss_reg_months=6.2014 artifact_factor=0.00 lr=0.00019840 grad_norm=2.5465 throughput=33.96 img/s eta_seconds=317.4 gpu_alloc=508.6MiB gpu_reserved=6238.0MiB skipped_batches=0
2026-09-14 06:19:58,373 | INFO | epoch=3 batch=50 global_step=649 loss_reg_months=6.2820 artifact_factor=0.00 lr=0.00019840 grad_norm=1.5450 throughput=36.67 img/s eta_seconds=281.7 gpu_alloc=398.7MiB gpu_reserved=6238.0MiB skipped_batches=0
2026-09-14 06:20:11,622 | INFO | epoch=3 batch=75 global_step=661 loss_reg_months=6.0564 artifact_factor=0.00 lr=0.00019840 grad_norm=1.6825 throughput=35.72 img/s eta_seconds=276.6 gpu_alloc=508.6MiB gpu_reserved=6238.0MiB skipped_batches=0
2026-09-14 06:20:25,375 | INFO | epoch=3 batch=100 global_step=674 loss_reg_months=6.1627 artifact_factor=0.00 lr=0.00019840 grad_norm=1.9863 throughput=34.92 img/s eta_seconds=270.0 gpu_alloc=398.7MiB gpu_reserved=6238.0MiB skipped_batches=0
2026-09-14 06:20:37,729 | INFO | epoch=3 batch=125 global_step=686 loss_reg_months=6.2464 artifact_factor=0.00 lr=0.00019840 grad_norm=1.9771 throughput=35.21 img/s eta_seconds=255.0 gpu_alloc=508.6MiB gpu_reserved=6238.0MiB skipped_batches=0
2026-09-14 06:20:49,148 | INFO | epoch=3 batch=150 global_step=699 loss_reg_months=6.4586 artifact_factor=0.00 lr=0.00019840 grad_norm=2.0022 throughput=35.85 img/s eta_seconds=237.9 gpu_alloc=398.7MiB gpu_reserved=6238.0MiB skipped_batches=0
2026-09-14 06:21:00,436 | INFO | epoch=3 batch=175 global_step=711 loss_reg_months=6.4169 artifact_factor=0.00 lr=0.00019840 grad_norm=2.5871 throughput=36.37 img/s eta_seconds=222.1 gpu_alloc=508.6MiB gpu_reserved=6238.0MiB skipped_batches=0
2026-09-14 06:21:11,362 | INFO | epoch=3 batch=200 global_step=724 loss_reg_months=6.4322 artifact_factor=0.00 lr=0.00019840 grad_norm=1.8514 throughput=36.91 img/s eta_seconds=206.7 gpu_alloc=398.7MiB gpu_reserved=6238.0MiB skipped_batches=0
2026-09-14 06:21:22,793 | INFO | epoch=3 batch=225 global_step=736 loss_reg_months=6.3946 artifact_factor=0.00 lr=0.00019840 grad_norm=2.2444 throughput=37.17 img/s eta_seconds=193.1 gpu_alloc=508.6MiB gpu_reserved=6238.0MiB skipped_batches=0
2026-09-14 06:21:34,463 | INFO | epoch=3 batch=250 global_step=749 loss_reg_months=6.4026 artifact_factor=0.00 lr=0.00019840 grad_norm=1.6704 throughput=37.30 img/s eta_seconds=180.4 gpu_alloc=398.7MiB gpu_reserved=6238.0MiB skipped_batches=0
2026-09-14 06:21:48,997 | INFO | epoch=3 batch=275 global_step=761 loss_reg_months=6.4215 artifact_factor=0.00 lr=0.00019840 grad_norm=1.4027 throughput=36.62 img/s eta_seconds=171.5 gpu_alloc=508.6MiB gpu_reserved=6238.0MiB skipped_batches=0
2026-09-14 06:22:03,106 | INFO | epoch=3 batch=300 global_step=774 loss_reg_months=6.3974 artifact_factor=0.00 lr=0.00019840 grad_norm=1.4605 throughput=36.17 img/s eta_seconds=161.1 gpu_alloc=398.7MiB gpu_reserved=6238.0MiB skipped_batches=0
2026-09-14 06:22:17,185 | INFO | epoch=3 batch=325 global_step=786 loss_reg_months=6.3990 artifact_factor=0.00 lr=0.00019840 grad_norm=2.1656 throughput=35.81 img/s eta_seconds=150.2 gpu_alloc=508.6MiB gpu_reserved=6238.0MiB skipped_batches=0
2026-09-14 06:22:29,678 | INFO | epoch=3 batch=350 global_step=799 loss_reg_months=6.4408 artifact_factor=0.00 lr=0.00019840 grad_norm=2.8691 throughput=35.83 img/s eta_seconds=137.6 gpu_alloc=398.7MiB gpu_reserved=6238.0MiB skipped_batches=0
2026-09-14 06:22:40,974 | INFO | epoch=3 batch=375 global_step=811 loss_reg_months=6.4401 artifact_factor=0.00 lr=0.00019840 grad_norm=2.0816 throughput=36.07 img/s eta_seconds=124.2 gpu_alloc=508.6MiB gpu_reserved=6238.0MiB skipped_batches=0
2026-09-14 06:22:52,325 | INFO | epoch=3 batch=400 global_step=824 loss_reg_months=6.4481 artifact_factor=0.00 lr=0.00019840 grad_norm=1.5263 throughput=36.27 img/s eta_seconds=111.1 gpu_alloc=398.7MiB gpu_reserved=6238.0MiB skipped_batches=0
2026-09-14 06:23:03,818 | INFO | epoch=3 batch=425 global_step=836 loss_reg_months=6.4336 artifact_factor=0.00 lr=0.00019840 grad_norm=1.4589 throughput=36.43 img/s eta_seconds=98.2 gpu_alloc=508.6MiB gpu_reserved=6238.0MiB skipped_batches=0
2026-09-14 06:23:15,303 | INFO | epoch=3 batch=450 global_step=849 loss_reg_months=6.4473 artifact_factor=0.00 lr=0.00019840 grad_norm=2.1014 throughput=36.57 img/s eta_seconds=85.6 gpu_alloc=398.7MiB gpu_reserved=6238.0MiB skipped_batches=0
2026-09-14 06:23:26,808 | INFO | epoch=3 batch=475 global_step=861 loss_reg_months=6.4356 artifact_factor=0.00 lr=0.00019840 grad_norm=3.5524 throughput=36.70 img/s eta_seconds=73.0 gpu_alloc=508.6MiB gpu_reserved=6238.0MiB skipped_batches=0
2026-09-14 06:23:37,856 | INFO | epoch=3 batch=500 global_step=874 loss_reg_months=6.4348 artifact_factor=0.00 lr=0.00019840 grad_norm=3.5606 throughput=36.88 img/s eta_seconds=60.4 gpu_alloc=398.7MiB gpu_reserved=6238.0MiB skipped_batches=0
2026-09-14 06:23:49,163 | INFO | epoch=3 batch=525 global_step=886 loss_reg_months=6.4456 artifact_factor=0.00 lr=0.00019840 grad_norm=1.0267 throughput=37.01 img/s eta_seconds=48.1 gpu_alloc=508.6MiB gpu_reserved=6238.0MiB skipped_batches=0
2026-09-14 06:24:00,706 | INFO | epoch=3 batch=550 global_step=899 loss_reg_months=6.4457 artifact_factor=0.00 lr=0.00019840 grad_norm=1.4635 throughput=37.10 img/s eta_seconds=35.8 gpu_alloc=398.7MiB gpu_reserved=6238.0MiB skipped_batches=0
2026-09-14 06:24:12,176 | INFO | epoch=3 batch=575 global_step=911 loss_reg_months=6.4315 artifact_factor=0.00 lr=0.00019840 grad_norm=3.7440 throughput=37.18 img/s eta_seconds=23.6 gpu_alloc=508.6MiB gpu_reserved=6238.0MiB skipped_batches=0
2026-09-14 06:24:23,105 | INFO | epoch=3 batch=600 global_step=924 loss_reg_months=6.4070 artifact_factor=0.00 lr=0.00019840 grad_norm=1.6898 throughput=37.33 img/s eta_seconds=11.5 gpu_alloc=398.7MiB gpu_reserved=6238.0MiB skipped_batches=0
2026-09-14 06:25:03,119 | WARNING | STABILITY WARNING [CAM] Prediction vượt nhẹ miền tuổi 0–228: [-8.63, 204.50]
2026-09-14 06:25:03,122 | INFO | 
TRAINING REVIEW SNAPSHOT
Run ID / config hash / split hash: C3_Z26_C3_ROI_V2_PILOT_C_V2_FOLD_4_SEED_42 / 0dae5b28ed0b / f82483c670fc+60440af4a7bb
Epoch / global step: 3 / 936
Train loss: 6.4039
Validation MAE / RMSE / median AE: 7.7892 / 10.0386 / 6.5000
MAE nam / nữ / age bins: {'F': 7.920066269455253, 'M': 7.678714787286466} / {'60-119': 7.227137096774194, '120-179': 7.504433727442439, '0-59': 7.074764315642458, '180-228': 11.940040650406504}
Learning rate / peak VRAM: 0.00019840 / 6238.0 MiB
Best epoch / best MAE / epochs không cải thiện: 2 / 7.3010 / 1
Cảnh báo hiện tại: CAM: Prediction vượt nhẹ miền tuổi 0–228: [-8.63, 204.50]
Checkpoint gần nhất: /content/C3_Z26_C3_ROI_V2_PILOTS/runs/C3_Z26_C3_ROI_V2_PILOT_C_V2_FOLD_4_SEED_42/last.ckpt
Checkpoint tốt nhất: /content/C3_Z26_C3_ROI_V2_PILOTS/runs/C3_Z26_C3_ROI_V2_PILOT_C_V2_FOLD_4_SEED_42/best_mae.ckpt
Đề xuất tự động: THEO DÕI
2026-09-14 06:25:58,356 | INFO | epoch=4 batch=25 global_step=948 loss_reg_months=6.0524 disagreement_months=2.5932 artifact_factor=0.20 lr=0.00019641 grad_norm=1.6979 throughput=10.05 img/s eta_seconds=1073.0 gpu_alloc=561.7MiB gpu_reserved=12288.0MiB skipped_batches=0
2026-09-14 06:26:19,796 | INFO | epoch=4 batch=50 global_step=961 loss_reg_months=6.0629 disagreement_months=3.0539 artifact_factor=0.20 lr=0.00019641 grad_norm=2.4627 throughput=13.59 img/s eta_seconds=760.1 gpu_alloc=452.7MiB gpu_reserved=12288.0MiB skipped_batches=0
2026-09-14 06:26:40,729 | INFO | epoch=4 batch=75 global_step=973 loss_reg_months=6.2738 disagreement_months=4.5594 artifact_factor=0.20 lr=0.00019641 grad_norm=1.4454 throughput=15.49 img/s eta_seconds=637.9 gpu_alloc=561.7MiB gpu_reserved=12288.0MiB skipped_batches=0
2026-09-14 06:27:01,488 | INFO | epoch=4 batch=100 global_step=986 loss_reg_months=6.1930 disagreement_months=2.6158 artifact_factor=0.20 lr=0.00019641 grad_norm=2.0707 throughput=16.68 img/s eta_seconds=565.4 gpu_alloc=452.7MiB gpu_reserved=12288.0MiB skipped_batches=0
2026-09-14 06:27:22,524 | INFO | epoch=4 batch=125 global_step=998 loss_reg_months=6.1991 disagreement_months=2.7140 artifact_factor=0.20 lr=0.00019641 grad_norm=1.6339 throughput=17.45 img/s eta_seconds=514.6 gpu_alloc=561.7MiB gpu_reserved=12288.0MiB skipped_batches=0
2026-09-14 06:27:46,624 | INFO | epoch=4 batch=150 global_step=1011 loss_reg_months=6.2473 disagreement_months=3.2175 artifact_factor=0.20 lr=0.00019641 grad_norm=1.2067 throughput=17.64 img/s eta_seconds=483.5 gpu_alloc=452.7MiB gpu_reserved=12288.0MiB skipped_batches=0
2026-09-14 06:28:10,007 | INFO | epoch=4 batch=175 global_step=1023 loss_reg_months=6.2036 disagreement_months=3.0035 artifact_factor=0.20 lr=0.00019641 grad_norm=1.3713 throughput=17.85 img/s eta_seconds=452.5 gpu_alloc=561.7MiB gpu_reserved=12288.0MiB skipped_batches=0
2026-09-14 06:28:30,952 | INFO | epoch=4 batch=200 global_step=1036 loss_reg_months=6.1692 disagreement_months=3.4341 artifact_factor=0.20 lr=0.00019641 grad_norm=2.2311 throughput=18.24 img/s eta_seconds=418.3 gpu_alloc=452.7MiB gpu_reserved=12288.0MiB skipped_batches=0
2026-09-14 06:28:52,058 | INFO | epoch=4 batch=225 global_step=1048 loss_reg_months=6.1211 disagreement_months=4.5091 artifact_factor=0.20 lr=0.00019641 grad_norm=1.9403 throughput=18.54 img/s eta_seconds=387.3 gpu_alloc=561.7MiB gpu_reserved=12288.0MiB skipped_batches=0
2026-09-14 06:29:13,002 | INFO | epoch=4 batch=250 global_step=1061 loss_reg_months=6.1276 disagreement_months=3.5675 artifact_factor=0.20 lr=0.00019641 grad_norm=1.2315 throughput=18.79 img/s eta_seconds=358.0 gpu_alloc=452.7MiB gpu_reserved=12288.0MiB skipped_batches=0
2026-09-14 06:29:34,022 | INFO | epoch=4 batch=275 global_step=1073 loss_reg_months=6.1493 disagreement_months=4.9270 artifact_factor=0.20 lr=0.00019641 grad_norm=2.6229 throughput=19.00 img/s eta_seconds=330.4 gpu_alloc=561.7MiB gpu_reserved=12288.0MiB skipped_batches=0
2026-09-14 06:29:55,045 | INFO | epoch=4 batch=300 global_step=1086 loss_reg_months=6.2163 disagreement_months=4.7936 artifact_factor=0.20 lr=0.00019641 grad_norm=1.9451 throughput=19.18 img/s eta_seconds=303.8 gpu_alloc=452.7MiB gpu_reserved=12288.0MiB skipped_batches=0
2026-09-14 06:30:16,075 | INFO | epoch=4 batch=325 global_step=1098 loss_reg_months=6.2009 disagreement_months=3.0665 artifact_factor=0.20 lr=0.00019641 grad_norm=1.4437 throughput=19.34 img/s eta_seconds=278.2 gpu_alloc=561.7MiB gpu_reserved=12288.0MiB skipped_batches=0
2026-09-14 06:30:37,084 | INFO | epoch=4 batch=350 global_step=1111 loss_reg_months=6.2085 disagreement_months=2.6687 artifact_factor=0.20 lr=0.00019641 grad_norm=2.1785 throughput=19.47 img/s eta_seconds=253.1 gpu_alloc=452.7MiB gpu_reserved=12288.0MiB skipped_batches=0
2026-09-14 06:30:58,108 | INFO | epoch=4 batch=375 global_step=1123 loss_reg_months=6.2038 disagreement_months=6.0977 artifact_factor=0.20 lr=0.00019641 grad_norm=3.4841 throughput=19.59 img/s eta_seconds=228.6 gpu_alloc=561.7MiB gpu_reserved=12288.0MiB skipped_batches=0
2026-09-14 06:31:19,119 | INFO | epoch=4 batch=400 global_step=1136 loss_reg_months=6.2154 disagreement_months=4.8641 artifact_factor=0.20 lr=0.00019641 grad_norm=3.1309 throughput=19.70 img/s eta_seconds=204.6 gpu_alloc=452.7MiB gpu_reserved=12288.0MiB skipped_batches=0
2026-09-14 06:31:40,196 | INFO | epoch=4 batch=425 global_step=1148 loss_reg_months=6.2092 disagreement_months=3.8696 artifact_factor=0.20 lr=0.00019641 grad_norm=2.0303 throughput=19.79 img/s eta_seconds=180.9 gpu_alloc=561.7MiB gpu_reserved=12288.0MiB skipped_batches=0
2026-09-14 06:32:01,081 | INFO | epoch=4 batch=450 global_step=1161 loss_reg_months=6.2204 disagreement_months=3.0740 artifact_factor=0.20 lr=0.00019641 grad_norm=1.8955 throughput=19.88 img/s eta_seconds=157.4 gpu_alloc=452.7MiB gpu_reserved=12288.0MiB skipped_batches=0
2026-09-14 06:32:22,141 | INFO | epoch=4 batch=475 global_step=1173 loss_reg_months=6.2084 disagreement_months=3.5297 artifact_factor=0.20 lr=0.00019641 grad_norm=1.6256 throughput=19.95 img/s eta_seconds=134.3 gpu_alloc=561.7MiB gpu_reserved=12288.0MiB skipped_batches=0
2026-09-14 06:32:45,926 | INFO | epoch=4 batch=500 global_step=1186 loss_reg_months=6.2246 disagreement_months=3.2075 artifact_factor=0.20 lr=0.00019641 grad_norm=2.0426 throughput=19.90 img/s eta_seconds=112.0 gpu_alloc=452.7MiB gpu_reserved=12288.0MiB skipped_batches=0
2026-09-14 06:33:08,604 | INFO | epoch=4 batch=525 global_step=1198 loss_reg_months=6.2169 disagreement_months=3.8193 artifact_factor=0.20 lr=0.00019641 grad_norm=1.3550 throughput=19.89 img/s eta_seconds=89.4 gpu_alloc=561.7MiB gpu_reserved=12288.0MiB skipped_batches=0
2026-09-14 06:33:29,611 | INFO | epoch=4 batch=550 global_step=1211 loss_reg_months=6.1966 disagreement_months=3.0967 artifact_factor=0.20 lr=0.00019641 grad_norm=1.1092 throughput=19.96 img/s eta_seconds=66.6 gpu_alloc=452.7MiB gpu_reserved=12288.0MiB skipped_batches=0
2026-09-14 06:33:50,808 | INFO | epoch=4 batch=575 global_step=1223 loss_reg_months=6.1652 disagreement_months=4.7382 artifact_factor=0.20 lr=0.00019641 grad_norm=1.2217 throughput=20.01 img/s eta_seconds=43.9 gpu_alloc=561.7MiB gpu_reserved=12288.0MiB skipped_batches=0
2026-09-14 06:34:11,692 | INFO | epoch=4 batch=600 global_step=1236 loss_reg_months=6.1730 disagreement_months=2.4522 artifact_factor=0.20 lr=0.00019641 grad_norm=1.2245 throughput=20.07 img/s eta_seconds=21.4 gpu_alloc=452.7MiB gpu_reserved=12288.0MiB skipped_batches=0
2026-09-14 06:35:17,853 | INFO | 
TRAINING REVIEW SNAPSHOT
Run ID / config hash / split hash: C3_Z26_C3_ROI_V2_PILOT_C_V2_FOLD_4_SEED_42 / 0dae5b28ed0b / f82483c670fc+60440af4a7bb
Epoch / global step: 4 / 1248
Train loss: 6.1555
Validation MAE / RMSE / median AE: 6.8045 / 9.0864 / 5.3125
MAE nam / nữ / age bins: {'F': 6.859162208171206, 'M': 6.758284740473062} / {'60-119': 6.821854838709678, '120-179': 6.497121966397013, '0-59': 10.982236382681565, '180-228': 5.717479674796748}
Learning rate / peak VRAM: 0.00019641 / 12288.0 MiB
Best epoch / best MAE / epochs không cải thiện: 4 / 6.8045 / 0
Cảnh báo hiện tại: KHÔNG
Checkpoint gần nhất: /content/C3_Z26_C3_ROI_V2_PILOTS/runs/C3_Z26_C3_ROI_V2_PILOT_C_V2_FOLD_4_SEED_42/last.ckpt
Checkpoint tốt nhất: /content/C3_Z26_C3_ROI_V2_PILOTS/runs/C3_Z26_C3_ROI_V2_PILOT_C_V2_FOLD_4_SEED_42/best_mae.ckpt
Đề xuất tự động: TIẾP TỤC
2026-09-14 06:36:00,745 | INFO | epoch=5 batch=25 global_step=1260 loss_reg_months=6.2465 disagreement_months=3.2830 artifact_factor=0.40 lr=0.00019366 grad_norm=2.3191 throughput=13.50 img/s eta_seconds=798.3 gpu_alloc=561.7MiB gpu_reserved=12288.0MiB skipped_batches=0
2026-09-14 06:36:22,902 | INFO | epoch=5 batch=50 global_step=1273 loss_reg_months=6.0984 disagreement_months=4.4210 artifact_factor=0.40 lr=0.00019366 grad_norm=2.2610 throughput=16.22 img/s eta_seconds=636.8 gpu_alloc=452.7MiB gpu_reserved=12288.0MiB skipped_batches=0
2026-09-14 06:36:45,292 | INFO | epoch=5 batch=75 global_step=1285 loss_reg_months=6.3211 disagreement_months=4.5922 artifact_factor=0.40 lr=0.00019366 grad_norm=3.2958 throughput=17.33 img/s eta_seconds=569.9 gpu_alloc=561.7MiB gpu_reserved=12288.0MiB skipped_batches=0
2026-09-14 06:37:06,205 | INFO | epoch=5 batch=100 global_step=1298 loss_reg_months=6.6146 disagreement_months=3.0942 artifact_factor=0.40 lr=0.00019366 grad_norm=1.6701 throughput=18.22 img/s eta_seconds=517.5 gpu_alloc=452.7MiB gpu_reserved=12288.0MiB skipped_batches=0
2026-09-14 06:37:27,193 | INFO | epoch=5 batch=125 global_step=1310 loss_reg_months=6.5761 disagreement_months=4.1893 artifact_factor=0.40 lr=0.00019366 grad_norm=1.7957 throughput=18.78 img/s eta_seconds=478.0 gpu_alloc=561.7MiB gpu_reserved=12288.0MiB skipped_batches=0
2026-09-14 06:37:48,318 | INFO | epoch=5 batch=150 global_step=1323 loss_reg_months=6.4743 disagreement_months=3.0262 artifact_factor=0.40 lr=0.00019366 grad_norm=1.7460 throughput=19.16 img/s eta_seconds=445.1 gpu_alloc=452.7MiB gpu_reserved=12288.0MiB skipped_batches=0
2026-09-14 06:38:09,251 | INFO | epoch=5 batch=175 global_step=1335 loss_reg_months=6.3846 disagreement_months=3.4164 artifact_factor=0.40 lr=0.00019366 grad_norm=1.4212 throughput=19.46 img/s eta_seconds=415.1 gpu_alloc=561.7MiB gpu_reserved=12288.0MiB skipped_batches=0
2026-09-14 06:38:30,293 | INFO | epoch=5 batch=200 global_step=1348 loss_reg_months=6.2818 disagreement_months=2.7241 artifact_factor=0.40 lr=0.00019366 grad_norm=1.4404 throughput=19.69 img/s eta_seconds=387.6 gpu_alloc=452.7MiB gpu_reserved=12288.0MiB skipped_batches=0
2026-09-14 06:38:51,187 | INFO | epoch=5 batch=225 global_step=1360 loss_reg_months=6.2411 disagreement_months=2.1438 artifact_factor=0.40 lr=0.00019366 grad_norm=2.0710 throughput=19.87 img/s eta_seconds=361.2 gpu_alloc=561.7MiB gpu_reserved=12288.0MiB skipped_batches=0
2026-09-14 06:39:12,186 | INFO | epoch=5 batch=250 global_step=1373 loss_reg_months=6.2470 disagreement_months=2.5202 artifact_factor=0.40 lr=0.00019366 grad_norm=1.6214 throughput=20.02 img/s eta_seconds=336.1 gpu_alloc=452.7MiB gpu_reserved=12288.0MiB skipped_batches=0
2026-09-14 06:39:33,299 | INFO | epoch=5 batch=275 global_step=1385 loss_reg_months=6.2188 disagreement_months=2.6561 artifact_factor=0.40 lr=0.00019366 grad_norm=2.3649 throughput=20.13 img/s eta_seconds=311.9 gpu_alloc=561.7MiB gpu_reserved=12288.0MiB skipped_batches=0
2026-09-14 06:39:54,293 | INFO | epoch=5 batch=300 global_step=1398 loss_reg_months=6.2143 disagreement_months=3.5549 artifact_factor=0.40 lr=0.00019366 grad_norm=1.5415 throughput=20.23 img/s eta_seconds=288.1 gpu_alloc=452.7MiB gpu_reserved=12288.0MiB skipped_batches=0
2026-09-14 06:40:15,351 | INFO | epoch=5 batch=325 global_step=1410 loss_reg_months=6.2066 disagreement_months=4.4260 artifact_factor=0.40 lr=0.00019366 grad_norm=1.7836 throughput=20.32 img/s eta_seconds=264.8 gpu_alloc=561.7MiB gpu_reserved=12288.0MiB skipped_batches=0
2026-09-14 06:40:38,812 | INFO | epoch=5 batch=350 global_step=1423 loss_reg_months=6.1804 disagreement_months=4.1793 artifact_factor=0.40 lr=0.00019366 grad_norm=2.0163 throughput=20.23 img/s eta_seconds=243.6 gpu_alloc=452.7MiB gpu_reserved=12288.0MiB skipped_batches=0
2026-09-14 06:41:00,080 | INFO | epoch=5 batch=375 global_step=1435 loss_reg_months=6.1518 disagreement_months=3.5071 artifact_factor=0.40 lr=0.00019366 grad_norm=1.8185 throughput=20.29 img/s eta_seconds=220.7 gpu_alloc=561.7MiB gpu_reserved=12288.0MiB skipped_batches=0
2026-09-14 06:41:22,478 | INFO | epoch=5 batch=400 global_step=1448 loss_reg_months=6.1738 disagreement_months=2.2999 artifact_factor=0.40 lr=0.00019366 grad_norm=1.3336 throughput=20.28 img/s eta_seconds=198.7 gpu_alloc=452.7MiB gpu_reserved=12288.0MiB skipped_batches=0
2026-09-14 06:41:43,598 | INFO | epoch=5 batch=425 global_step=1460 loss_reg_months=6.1800 disagreement_months=2.7342 artifact_factor=0.40 lr=0.00019366 grad_norm=1.7193 throughput=20.34 img/s eta_seconds=176.0 gpu_alloc=561.7MiB gpu_reserved=12288.0MiB skipped_batches=0
2026-09-14 06:42:04,654 | INFO | epoch=5 batch=450 global_step=1473 loss_reg_months=6.1540 disagreement_months=3.0388 artifact_factor=0.40 lr=0.00019366 grad_norm=1.7606 throughput=20.39 img/s eta_seconds=153.5 gpu_alloc=452.7MiB gpu_reserved=12288.0MiB skipped_batches=0
2026-09-14 06:42:25,617 | INFO | epoch=5 batch=475 global_step=1485 loss_reg_months=6.1181 disagreement_months=2.6561 artifact_factor=0.40 lr=0.00019366 grad_norm=1.0419 throughput=20.44 img/s eta_seconds=131.0 gpu_alloc=561.7MiB gpu_reserved=12288.0MiB skipped_batches=0
2026-09-14 06:42:46,644 | INFO | epoch=5 batch=500 global_step=1498 loss_reg_months=6.0938 disagreement_months=3.5247 artifact_factor=0.40 lr=0.00019366 grad_norm=1.6548 throughput=20.49 img/s eta_seconds=108.8 gpu_alloc=452.7MiB gpu_reserved=12288.0MiB skipped_batches=0
2026-09-14 06:43:10,015 | INFO | epoch=5 batch=525 global_step=1510 loss_reg_months=6.0984 disagreement_months=2.2558 artifact_factor=0.40 lr=0.00019366 grad_norm=3.2998 throughput=20.43 img/s eta_seconds=87.1 gpu_alloc=561.7MiB gpu_reserved=12288.0MiB skipped_batches=0
2026-09-14 06:43:32,364 | INFO | epoch=5 batch=550 global_step=1523 loss_reg_months=6.0958 disagreement_months=3.2830 artifact_factor=0.40 lr=0.00019366 grad_norm=1.3784 throughput=20.41 img/s eta_seconds=65.1 gpu_alloc=452.7MiB gpu_reserved=12288.0MiB skipped_batches=0
2026-09-14 06:43:53,383 | INFO | epoch=5 batch=575 global_step=1535 loss_reg_months=6.0740 disagreement_months=1.7208 artifact_factor=0.40 lr=0.00019366 grad_norm=1.2578 throughput=20.46 img/s eta_seconds=43.0 gpu_alloc=561.7MiB gpu_reserved=12288.0MiB skipped_batches=0
2026-09-14 06:44:14,526 | INFO | epoch=5 batch=600 global_step=1548 loss_reg_months=6.0828 disagreement_months=2.1803 artifact_factor=0.40 lr=0.00019366 grad_norm=1.6386 throughput=20.49 img/s eta_seconds=20.9 gpu_alloc=452.7MiB gpu_reserved=12288.0MiB skipped_batches=0
2026-09-14 06:45:03,615 | INFO | 
TRAINING REVIEW SNAPSHOT
Run ID / config hash / split hash: C3_Z26_C3_ROI_V2_PILOT_C_V2_FOLD_4_SEED_42 / 0dae5b28ed0b / f82483c670fc+60440af4a7bb
Epoch / global step: 5 / 1560
Train loss: 6.0717
Validation MAE / RMSE / median AE: 7.8598 / 10.3324 / 6.1250
MAE nam / nữ / age bins: {'F': 7.756061527237354, 'M': 7.947463247371879} / {'60-119': 7.252741935483871, '120-179': 8.536908836341008, '0-59': 6.211679469273743, '180-228': 6.548780487804878}
Learning rate / peak VRAM: 0.00019366 / 12288.0 MiB
Best epoch / best MAE / epochs không cải thiện: 4 / 6.8045 / 1
Cảnh báo hiện tại: KHÔNG
Checkpoint gần nhất: /content/C3_Z26_C3_ROI_V2_PILOTS/runs/C3_Z26_C3_ROI_V2_PILOT_C_V2_FOLD_4_SEED_42/last.ckpt
Checkpoint tốt nhất: /content/C3_Z26_C3_ROI_V2_PILOTS/runs/C3_Z26_C3_ROI_V2_PILOT_C_V2_FOLD_4_SEED_42/best_mae.ckpt
Đề xuất tự động: TIẾP TỤC
2026-09-14 06:45:34,655 | INFO | epoch=6 batch=25 global_step=1572 loss_reg_months=5.8615 disagreement_months=3.7311 artifact_factor=0.60 lr=0.00019015 grad_norm=1.1924 throughput=19.31 img/s eta_seconds=558.1 gpu_alloc=561.7MiB gpu_reserved=12288.0MiB skipped_batches=0
2026-09-14 06:45:57,478 | INFO | epoch=6 batch=50 global_step=1585 loss_reg_months=5.5957 disagreement_months=2.0607 artifact_factor=0.60 lr=0.00019015 grad_norm=2.0696 throughput=19.52 img/s eta_seconds=529.3 gpu_alloc=452.7MiB gpu_reserved=12288.0MiB skipped_batches=0
2026-09-14 06:46:18,556 | INFO | epoch=6 batch=75 global_step=1597 loss_reg_months=5.5502 disagreement_months=2.7694 artifact_factor=0.60 lr=0.00019015 grad_norm=1.2793 throughput=20.09 img/s eta_seconds=491.8 gpu_alloc=561.7MiB gpu_reserved=12288.0MiB skipped_batches=0
2026-09-14 06:46:39,446 | INFO | epoch=6 batch=100 global_step=1610 loss_reg_months=5.5964 disagreement_months=3.0186 artifact_factor=0.60 lr=0.00019015 grad_norm=1.5145 throughput=20.43 img/s eta_seconds=461.5 gpu_alloc=452.7MiB gpu_reserved=12288.0MiB skipped_batches=0
2026-09-14 06:47:00,681 | INFO | epoch=6 batch=125 global_step=1622 loss_reg_months=5.6142 disagreement_months=2.3288 artifact_factor=0.60 lr=0.00019015 grad_norm=1.6615 throughput=20.58 img/s eta_seconds=436.3 gpu_alloc=561.7MiB gpu_reserved=12288.0MiB skipped_batches=0
2026-09-14 06:47:21,692 | INFO | epoch=6 batch=150 global_step=1635 loss_reg_months=5.5914 disagreement_months=2.7820 artifact_factor=0.60 lr=0.00019015 grad_norm=1.0620 throughput=20.72 img/s eta_seconds=411.7 gpu_alloc=452.7MiB gpu_reserved=12288.0MiB skipped_batches=0
2026-09-14 06:47:42,699 | INFO | epoch=6 batch=175 global_step=1647 loss_reg_months=5.5436 disagreement_months=2.0040 artifact_factor=0.60 lr=0.00019015 grad_norm=1.2853 throughput=20.81 img/s eta_seconds=388.2 gpu_alloc=561.7MiB gpu_reserved=12288.0MiB skipped_batches=0
2026-09-14 06:48:03,705 | INFO | epoch=6 batch=200 global_step=1660 loss_reg_months=5.5422 disagreement_months=1.6163 artifact_factor=0.60 lr=0.00019015 grad_norm=1.7743 throughput=20.89 img/s eta_seconds=365.2 gpu_alloc=452.7MiB gpu_reserved=12288.0MiB skipped_batches=0
2026-09-14 06:48:24,626 | INFO | epoch=6 batch=225 global_step=1672 loss_reg_months=5.5995 disagreement_months=2.4434 artifact_factor=0.60 lr=0.00019015 grad_norm=2.0424 throughput=20.95 img/s eta_seconds=342.6 gpu_alloc=561.7MiB gpu_reserved=12288.0MiB skipped_batches=0
2026-09-14 06:48:45,685 | INFO | epoch=6 batch=250 global_step=1685 loss_reg_months=5.6295 disagreement_months=3.4190 artifact_factor=0.60 lr=0.00019015 grad_norm=2.0571 throughput=21.00 img/s eta_seconds=320.5 gpu_alloc=452.7MiB gpu_reserved=12288.0MiB skipped_batches=0
2026-09-14 06:49:06,612 | INFO | epoch=6 batch=275 global_step=1697 loss_reg_months=5.6475 disagreement_months=3.4139 artifact_factor=0.60 lr=0.00019015 grad_norm=1.2681 throughput=21.04 img/s eta_seconds=298.4 gpu_alloc=561.7MiB gpu_reserved=12288.0MiB skipped_batches=0
2026-09-14 06:49:27,652 | INFO | epoch=6 batch=300 global_step=1710 loss_reg_months=5.6482 disagreement_months=2.7593 artifact_factor=0.60 lr=0.00019015 grad_norm=1.4738 throughput=21.07 img/s eta_seconds=276.7 gpu_alloc=452.7MiB gpu_reserved=12288.0MiB skipped_batches=0
2026-09-14 06:49:48,705 | INFO | epoch=6 batch=325 global_step=1722 loss_reg_months=5.6525 disagreement_months=2.8424 artifact_factor=0.60 lr=0.00019015 grad_norm=1.6948 throughput=21.09 img/s eta_seconds=255.0 gpu_alloc=561.7MiB gpu_reserved=12288.0MiB skipped_batches=0
2026-09-14 06:50:12,862 | INFO | epoch=6 batch=350 global_step=1735 loss_reg_months=5.6521 disagreement_months=2.9960 artifact_factor=0.60 lr=0.00019015 grad_norm=1.7325 throughput=20.90 img/s eta_seconds=235.9 gpu_alloc=452.7MiB gpu_reserved=12288.0MiB skipped_batches=0
2026-09-14 06:50:34,409 | INFO | epoch=6 batch=375 global_step=1747 loss_reg_months=5.6401 disagreement_months=3.3913 artifact_factor=0.60 lr=0.00019015 grad_norm=1.8635 throughput=20.89 img/s eta_seconds=214.4 gpu_alloc=561.7MiB gpu_reserved=12288.0MiB skipped_batches=0
2026-09-14 06:51:02,360 | INFO | epoch=6 batch=400 global_step=1760 loss_reg_months=5.6626 disagreement_months=2.3187 artifact_factor=0.60 lr=0.00019015 grad_norm=2.3611 throughput=20.51 img/s eta_seconds=196.4 gpu_alloc=452.7MiB gpu_reserved=12288.0MiB skipped_batches=0
2026-09-14 06:51:25,694 | INFO | epoch=6 batch=425 global_step=1772 loss_reg_months=5.6795 disagreement_months=2.3918 artifact_factor=0.60 lr=0.00019015 grad_norm=1.7607 throughput=20.44 img/s eta_seconds=175.1 gpu_alloc=561.7MiB gpu_reserved=12288.0MiB skipped_batches=0
2026-09-14 06:51:49,801 | INFO | epoch=6 batch=450 global_step=1785 loss_reg_months=5.6851 disagreement_months=2.4320 artifact_factor=0.60 lr=0.00019015 grad_norm=1.1860 throughput=20.33 img/s eta_seconds=153.9 gpu_alloc=452.7MiB gpu_reserved=12288.0MiB skipped_batches=0
2026-09-14 06:52:11,817 | INFO | epoch=6 batch=475 global_step=1797 loss_reg_months=5.6716 disagreement_months=2.5617 artifact_factor=0.60 lr=0.00019015 grad_norm=1.7588 throughput=20.33 img/s eta_seconds=131.7 gpu_alloc=561.7MiB gpu_reserved=12288.0MiB skipped_batches=0
2026-09-14 06:52:32,965 | INFO | epoch=6 batch=500 global_step=1810 loss_reg_months=5.6999 disagreement_months=2.0985 artifact_factor=0.60 lr=0.00019015 grad_norm=1.3430 throughput=20.38 img/s eta_seconds=109.4 gpu_alloc=452.7MiB gpu_reserved=12288.0MiB skipped_batches=0
2026-09-14 06:52:54,116 | INFO | epoch=6 batch=525 global_step=1822 loss_reg_months=5.6843 disagreement_months=2.1488 artifact_factor=0.60 lr=0.00019015 grad_norm=1.7715 throughput=20.42 img/s eta_seconds=87.1 gpu_alloc=561.7MiB gpu_reserved=12288.0MiB skipped_batches=0
2026-09-14 06:53:15,229 | INFO | epoch=6 batch=550 global_step=1835 loss_reg_months=5.6939 disagreement_months=3.2855 artifact_factor=0.60 lr=0.00019015 grad_norm=2.1388 throughput=20.46 img/s eta_seconds=65.0 gpu_alloc=452.7MiB gpu_reserved=12288.0MiB skipped_batches=0
2026-09-14 06:53:36,329 | INFO | epoch=6 batch=575 global_step=1847 loss_reg_months=5.6896 disagreement_months=2.2457 artifact_factor=0.60 lr=0.00019015 grad_norm=0.8240 throughput=20.50 img/s eta_seconds=42.9 gpu_alloc=561.7MiB gpu_reserved=12288.0MiB skipped_batches=0
2026-09-14 06:53:57,348 | INFO | epoch=6 batch=600 global_step=1860 loss_reg_months=5.6936 disagreement_months=2.6334 artifact_factor=0.60 lr=0.00019015 grad_norm=2.0819 throughput=20.53 img/s eta_seconds=20.9 gpu_alloc=452.7MiB gpu_reserved=12288.0MiB skipped_batches=0
2026-09-14 06:54:45,625 | WARNING | STABILITY WARNING [CAM] Prediction vượt nhẹ miền tuổi 0–228: [-3.01, 218.38]
2026-09-14 06:54:45,627 | INFO | 
TRAINING REVIEW SNAPSHOT
Run ID / config hash / split hash: C3_Z26_C3_ROI_V2_PILOT_C_V2_FOLD_4_SEED_42 / 0dae5b28ed0b / f82483c670fc+60440af4a7bb
Epoch / global step: 6 / 1872
Train loss: 5.7080
Validation MAE / RMSE / median AE: 8.0011 / 10.4567 / 6.3750
MAE nam / nữ / age bins: {'F': 7.958089129377432, 'M': 8.037368593955321} / {'60-119': 8.766774193548388, '120-179': 8.051610143123833, '0-59': 6.823083973463687, '180-228': 6.115853658536586}
Learning rate / peak VRAM: 0.00019015 / 12288.0 MiB
Best epoch / best MAE / epochs không cải thiện: 4 / 6.8045 / 2
Cảnh báo hiện tại: CAM: Prediction vượt nhẹ miền tuổi 0–228: [-3.01, 218.38]
Checkpoint gần nhất: /content/C3_Z26_C3_ROI_V2_PILOTS/runs/C3_Z26_C3_ROI_V2_PILOT_C_V2_FOLD_4_SEED_42/last.ckpt
Checkpoint tốt nhất: /content/C3_Z26_C3_ROI_V2_PILOTS/runs/C3_Z26_C3_ROI_V2_PILOT_C_V2_FOLD_4_SEED_42/best_mae.ckpt
Đề xuất tự động: THEO DÕI
2026-09-14 06:55:19,748 | INFO | epoch=7 batch=25 global_step=1884 loss_reg_months=5.9967 disagreement_months=3.2427 artifact_factor=0.80 lr=0.00018592 grad_norm=1.2040 throughput=18.83 img/s eta_seconds=572.4 gpu_alloc=561.7MiB gpu_reserved=12288.0MiB skipped_batches=0
2026-09-14 06:55:42,332 | INFO | epoch=7 batch=50 global_step=1897 loss_reg_months=5.6972 disagreement_months=1.7548 artifact_factor=0.80 lr=0.00018592 grad_norm=1.4288 throughput=19.36 img/s eta_seconds=533.5 gpu_alloc=452.7MiB gpu_reserved=12288.0MiB skipped_batches=0
2026-09-14 06:56:03,600 | INFO | epoch=7 batch=75 global_step=1909 loss_reg_months=5.6242 disagreement_months=3.2352 artifact_factor=0.80 lr=0.00018592 grad_norm=1.2935 throughput=19.93 img/s eta_seconds=495.8 gpu_alloc=561.7MiB gpu_reserved=12288.0MiB skipped_batches=0
2026-09-14 06:56:24,430 | INFO | epoch=7 batch=100 global_step=1922 loss_reg_months=5.5399 disagreement_months=1.7800 artifact_factor=0.80 lr=0.00018592 grad_norm=1.4387 throughput=20.32 img/s eta_seconds=464.0 gpu_alloc=452.7MiB gpu_reserved=12288.0MiB skipped_batches=0
2026-09-14 06:56:45,587 | INFO | epoch=7 batch=125 global_step=1934 loss_reg_months=5.4460 disagreement_months=2.4962 artifact_factor=0.80 lr=0.00018592 grad_norm=0.9943 throughput=20.50 img/s eta_seconds=437.9 gpu_alloc=561.7MiB gpu_reserved=12288.0MiB skipped_batches=0
2026-09-14 06:57:06,635 | INFO | epoch=7 batch=150 global_step=1947 loss_reg_months=5.3927 disagreement_months=3.0262 artifact_factor=0.80 lr=0.00018592 grad_norm=1.5544 throughput=20.64 img/s eta_seconds=413.1 gpu_alloc=452.7MiB gpu_reserved=12288.0MiB skipped_batches=0
2026-09-14 06:57:27,667 | INFO | epoch=7 batch=175 global_step=1959 loss_reg_months=5.4178 disagreement_months=3.0766 artifact_factor=0.80 lr=0.00018592 grad_norm=1.8113 throughput=20.75 img/s eta_seconds=389.4 gpu_alloc=561.7MiB gpu_reserved=12288.0MiB skipped_batches=0
2026-09-14 06:57:48,568 | INFO | epoch=7 batch=200 global_step=1972 loss_reg_months=5.4061 disagreement_months=3.0287 artifact_factor=0.80 lr=0.00018592 grad_norm=1.8985 throughput=20.84 img/s eta_seconds=366.0 gpu_alloc=452.7MiB gpu_reserved=12288.0MiB skipped_batches=0
2026-09-14 06:58:09,513 | INFO | epoch=7 batch=225 global_step=1984 loss_reg_months=5.4297 disagreement_months=1.9537 artifact_factor=0.80 lr=0.00018592 grad_norm=2.6179 throughput=20.91 img/s eta_seconds=343.3 gpu_alloc=561.7MiB gpu_reserved=12288.0MiB skipped_batches=0
2026-09-14 06:58:30,628 | INFO | epoch=7 batch=250 global_step=1997 loss_reg_months=5.4950 disagreement_months=1.8568 artifact_factor=0.80 lr=0.00018592 grad_norm=1.4942 throughput=20.95 img/s eta_seconds=321.2 gpu_alloc=452.7MiB gpu_reserved=12288.0MiB skipped_batches=0
2026-09-14 06:58:58,421 | INFO | epoch=7 batch=275 global_step=2009 loss_reg_months=5.5201 disagreement_months=3.9200 artifact_factor=0.80 lr=0.00018592 grad_norm=1.6692 throughput=20.41 img/s eta_seconds=307.7 gpu_alloc=561.7MiB gpu_reserved=12288.0MiB skipped_batches=0
2026-09-14 06:59:21,050 | INFO | epoch=7 batch=300 global_step=2022 loss_reg_months=5.4957 disagreement_months=3.0766 artifact_factor=0.80 lr=0.00018592 grad_norm=2.2398 throughput=20.36 img/s eta_seconds=286.3 gpu_alloc=452.7MiB gpu_reserved=12288.0MiB skipped_batches=0
2026-09-14 06:59:42,765 | INFO | epoch=7 batch=325 global_step=2034 loss_reg_months=5.5254 disagreement_months=2.9330 artifact_factor=0.80 lr=0.00018592 grad_norm=1.1716 throughput=20.39 img/s eta_seconds=263.8 gpu_alloc=561.7MiB gpu_reserved=12288.0MiB skipped_batches=0
2026-09-14 07:00:03,741 | INFO | epoch=7 batch=350 global_step=2047 loss_reg_months=5.5303 disagreement_months=1.6692 artifact_factor=0.80 lr=0.00018592 grad_norm=1.0970 throughput=20.46 img/s eta_seconds=240.9 gpu_alloc=452.7MiB gpu_reserved=12288.0MiB skipped_batches=0
2026-09-14 07:00:24,828 | INFO | epoch=7 batch=375 global_step=2059 loss_reg_months=5.5427 disagreement_months=2.1601 artifact_factor=0.80 lr=0.00018592 grad_norm=1.4753 throughput=20.52 img/s eta_seconds=218.3 gpu_alloc=561.7MiB gpu_reserved=12288.0MiB skipped_batches=0
2026-09-14 07:00:46,021 | INFO | epoch=7 batch=400 global_step=2072 loss_reg_months=5.5996 disagreement_months=2.9305 artifact_factor=0.80 lr=0.00018592 grad_norm=2.7869 throughput=20.56 img/s eta_seconds=195.9 gpu_alloc=452.7MiB gpu_reserved=12288.0MiB skipped_batches=0
2026-09-14 07:01:06,986 | INFO | epoch=7 batch=425 global_step=2084 loss_reg_months=5.6248 disagreement_months=3.8344 artifact_factor=0.80 lr=0.00018592 grad_norm=2.0323 throughput=20.61 img/s eta_seconds=173.6 gpu_alloc=561.7MiB gpu_reserved=12288.0MiB skipped_batches=0
2026-09-14 07:01:28,163 | INFO | epoch=7 batch=450 global_step=2097 loss_reg_months=5.6467 disagreement_months=3.1269 artifact_factor=0.80 lr=0.00018592 grad_norm=2.4470 throughput=20.65 img/s eta_seconds=151.5 gpu_alloc=452.7MiB gpu_reserved=12288.0MiB skipped_batches=0
2026-09-14 07:01:49,169 | INFO | epoch=7 batch=475 global_step=2109 loss_reg_months=5.6331 disagreement_months=1.6969 artifact_factor=0.80 lr=0.00018592 grad_norm=1.3358 throughput=20.69 img/s eta_seconds=129.5 gpu_alloc=561.7MiB gpu_reserved=12288.0MiB skipped_batches=0
2026-09-14 07:02:10,316 | INFO | epoch=7 batch=500 global_step=2122 loss_reg_months=5.6396 disagreement_months=1.8404 artifact_factor=0.80 lr=0.00018592 grad_norm=1.6750 throughput=20.72 img/s eta_seconds=107.6 gpu_alloc=452.7MiB gpu_reserved=12288.0MiB skipped_batches=0
2026-09-14 07:02:31,456 | INFO | epoch=7 batch=525 global_step=2134 loss_reg_months=5.6505 disagreement_months=2.6209 artifact_factor=0.80 lr=0.00018592 grad_norm=1.5280 throughput=20.74 img/s eta_seconds=85.8 gpu_alloc=561.7MiB gpu_reserved=12288.0MiB skipped_batches=0
2026-09-14 07:02:52,638 | INFO | epoch=7 batch=550 global_step=2147 loss_reg_months=5.6663 disagreement_months=2.5957 artifact_factor=0.80 lr=0.00018592 grad_norm=1.9754 throughput=20.76 img/s eta_seconds=64.0 gpu_alloc=452.7MiB gpu_reserved=12288.0MiB skipped_batches=0
2026-09-14 07:03:13,766 | INFO | epoch=7 batch=575 global_step=2159 loss_reg_months=5.6791 disagreement_months=1.8819 artifact_factor=0.80 lr=0.00018592 grad_norm=1.6660 throughput=20.79 img/s eta_seconds=42.3 gpu_alloc=561.7MiB gpu_reserved=12288.0MiB skipped_batches=0
2026-09-14 07:03:34,872 | INFO | epoch=7 batch=600 global_step=2172 loss_reg_months=5.6867 disagreement_months=2.9482 artifact_factor=0.80 lr=0.00018592 grad_norm=0.8989 throughput=20.81 img/s eta_seconds=20.6 gpu_alloc=452.7MiB gpu_reserved=12288.0MiB skipped_batches=0
2026-09-14 07:04:34,938 | INFO | 
TRAINING REVIEW SNAPSHOT
Run ID / config hash / split hash: C3_Z26_C3_ROI_V2_PILOT_C_V2_FOLD_4_SEED_42 / 0dae5b28ed0b / f82483c670fc+60440af4a7bb
Epoch / global step: 7 / 2184
Train loss: 5.7009
Validation MAE / RMSE / median AE: 6.7439 / 9.1142 / 5.0625
MAE nam / nữ / age bins: {'F': 6.614250972762646, 'M': 6.8533231356767415} / {'60-119': 6.508104838709677, '120-179': 7.006495021779714, '0-59': 6.567606494413408, '180-228': 5.899390243902439}
Learning rate / peak VRAM: 0.00018592 / 12288.0 MiB
Best epoch / best MAE / epochs không cải thiện: 7 / 6.7439 / 0
Cảnh báo hiện tại: KHÔNG
Checkpoint gần nhất: /content/C3_Z26_C3_ROI_V2_PILOTS/runs/C3_Z26_C3_ROI_V2_PILOT_C_V2_FOLD_4_SEED_42/last.ckpt
Checkpoint tốt nhất: /content/C3_Z26_C3_ROI_V2_PILOTS/runs/C3_Z26_C3_ROI_V2_PILOT_C_V2_FOLD_4_SEED_42/best_mae.ckpt
Đề xuất tự động: TIẾP TỤC
2026-09-14 07:05:14,155 | INFO | epoch=8 batch=25 global_step=2196 loss_reg_months=5.7312 disagreement_months=2.2659 artifact_factor=1.00 lr=0.00018100 grad_norm=1.6981 throughput=18.83 img/s eta_seconds=572.6 gpu_alloc=561.7MiB gpu_reserved=12288.0MiB skipped_batches=0
2026-09-14 07:05:37,379 | INFO | epoch=8 batch=50 global_step=2209 loss_reg_months=5.7312 disagreement_months=1.5861 artifact_factor=1.00 lr=0.00018100 grad_norm=1.1855 throughput=19.10 img/s eta_seconds=540.9 gpu_alloc=452.7MiB gpu_reserved=12288.0MiB skipped_batches=0
2026-09-14 07:06:00,287 | INFO | epoch=8 batch=75 global_step=2221 loss_reg_months=5.6967 disagreement_months=2.5202 artifact_factor=1.00 lr=0.00018100 grad_norm=1.3240 throughput=19.28 img/s eta_seconds=512.5 gpu_alloc=561.7MiB gpu_reserved=12288.0MiB skipped_batches=0
2026-09-14 07:06:21,257 | INFO | epoch=8 batch=100 global_step=2234 loss_reg_months=5.6318 disagreement_months=2.8097 artifact_factor=1.00 lr=0.00018100 grad_norm=2.4050 throughput=19.78 img/s eta_seconds=476.7 gpu_alloc=452.7MiB gpu_reserved=12288.0MiB skipped_batches=0
2026-09-14 07:06:42,330 | INFO | epoch=8 batch=125 global_step=2246 loss_reg_months=5.5833 disagreement_months=2.5881 artifact_factor=1.00 lr=0.00018100 grad_norm=1.9726 throughput=20.08 img/s eta_seconds=447.3 gpu_alloc=561.7MiB gpu_reserved=12288.0MiB skipped_batches=0
2026-09-14 07:07:06,153 | INFO | epoch=8 batch=150 global_step=2259 loss_reg_months=5.5457 disagreement_months=2.8399 artifact_factor=1.00 lr=0.00018100 grad_norm=1.4434 throughput=19.87 img/s eta_seconds=429.3 gpu_alloc=452.7MiB gpu_reserved=12288.0MiB skipped_batches=0
2026-09-14 07:07:29,673 | INFO | epoch=8 batch=175 global_step=2271 loss_reg_months=5.5240 disagreement_months=3.2050 artifact_factor=1.00 lr=0.00018100 grad_norm=2.3499 throughput=19.76 img/s eta_seconds=408.9 gpu_alloc=561.7MiB gpu_reserved=12288.0MiB skipped_batches=0
2026-09-14 07:07:50,921 | INFO | epoch=8 batch=200 global_step=2284 loss_reg_months=5.4829 disagreement_months=2.3527 artifact_factor=1.00 lr=0.00018100 grad_norm=2.0226 throughput=19.93 img/s eta_seconds=382.9 gpu_alloc=452.7MiB gpu_reserved=12288.0MiB skipped_batches=0
2026-09-14 07:08:12,016 | INFO | epoch=8 batch=225 global_step=2296 loss_reg_months=5.4302 disagreement_months=2.1589 artifact_factor=1.00 lr=0.00018100 grad_norm=1.3123 throughput=20.07 img/s eta_seconds=357.6 gpu_alloc=561.7MiB gpu_reserved=12288.0MiB skipped_batches=0
2026-09-14 07:08:33,148 | INFO | epoch=8 batch=250 global_step=2309 loss_reg_months=5.4793 disagreement_months=2.7467 artifact_factor=1.00 lr=0.00018100 grad_norm=1.2975 throughput=20.19 img/s eta_seconds=333.3 gpu_alloc=452.7MiB gpu_reserved=12288.0MiB skipped_batches=0
2026-09-14 07:08:54,203 | INFO | epoch=8 batch=275 global_step=2321 loss_reg_months=5.4959 disagreement_months=2.0645 artifact_factor=1.00 lr=0.00018100 grad_norm=1.6773 throughput=20.29 img/s eta_seconds=309.4 gpu_alloc=561.7MiB gpu_reserved=12288.0MiB skipped_batches=0
2026-09-14 07:09:15,346 | INFO | epoch=8 batch=300 global_step=2334 loss_reg_months=5.4796 disagreement_months=3.2553 artifact_factor=1.00 lr=0.00018100 grad_norm=2.3712 throughput=20.37 img/s eta_seconds=286.2 gpu_alloc=452.7MiB gpu_reserved=12288.0MiB skipped_batches=0
2026-09-14 07:09:36,359 | INFO | epoch=8 batch=325 global_step=2346 loss_reg_months=5.5178 disagreement_months=1.5005 artifact_factor=1.00 lr=0.00018100 grad_norm=1.7045 throughput=20.45 img/s eta_seconds=263.1 gpu_alloc=561.7MiB gpu_reserved=12288.0MiB skipped_batches=0
2026-09-14 07:09:57,472 | INFO | epoch=8 batch=350 global_step=2359 loss_reg_months=5.4842 disagreement_months=3.1017 artifact_factor=1.00 lr=0.00018100 grad_norm=1.1010 throughput=20.51 img/s eta_seconds=240.4 gpu_alloc=452.7MiB gpu_reserved=12288.0MiB skipped_batches=0
2026-09-14 07:10:18,482 | INFO | epoch=8 batch=375 global_step=2371 loss_reg_months=5.4825 disagreement_months=2.7744 artifact_factor=1.00 lr=0.00018100 grad_norm=1.3280 throughput=20.56 img/s eta_seconds=217.8 gpu_alloc=561.7MiB gpu_reserved=12288.0MiB skipped_batches=0
2026-09-14 07:10:39,470 | INFO | epoch=8 batch=400 global_step=2384 loss_reg_months=5.4799 disagreement_months=2.8097 artifact_factor=1.00 lr=0.00018100 grad_norm=2.3886 throughput=20.62 img/s eta_seconds=195.4 gpu_alloc=452.7MiB gpu_reserved=12288.0MiB skipped_batches=0
2026-09-14 07:11:00,399 | INFO | epoch=8 batch=425 global_step=2396 loss_reg_months=5.4899 disagreement_months=2.6360 artifact_factor=1.00 lr=0.00018100 grad_norm=2.2935 throughput=20.67 img/s eta_seconds=173.2 gpu_alloc=561.7MiB gpu_reserved=12288.0MiB skipped_batches=0
2026-09-14 07:11:21,407 | INFO | epoch=8 batch=450 global_step=2409 loss_reg_months=5.4928 disagreement_months=2.8198 artifact_factor=1.00 lr=0.00018100 grad_norm=1.2013 throughput=20.71 img/s eta_seconds=151.1 gpu_alloc=452.7MiB gpu_reserved=12288.0MiB skipped_batches=0
2026-09-14 07:11:42,471 | INFO | epoch=8 batch=475 global_step=2421 loss_reg_months=5.5011 disagreement_months=2.3918 artifact_factor=1.00 lr=0.00018100 grad_norm=1.2303 throughput=20.74 img/s eta_seconds=129.2 gpu_alloc=561.7MiB gpu_reserved=12288.0MiB skipped_batches=0
2026-09-14 07:12:10,709 | INFO | epoch=8 batch=500 global_step=2434 loss_reg_months=5.4993 disagreement_months=1.9638 artifact_factor=1.00 lr=0.00018100 grad_norm=1.3442 throughput=20.43 img/s eta_seconds=109.1 gpu_alloc=452.7MiB gpu_reserved=12288.0MiB skipped_batches=0
2026-09-14 07:12:32,721 | INFO | epoch=8 batch=525 global_step=2446 loss_reg_months=5.5093 disagreement_months=3.0715 artifact_factor=1.00 lr=0.00018100 grad_norm=1.0770 throughput=20.43 img/s eta_seconds=87.1 gpu_alloc=561.7MiB gpu_reserved=12288.0MiB skipped_batches=0
2026-09-14 07:12:54,106 | INFO | epoch=8 batch=550 global_step=2459 loss_reg_months=5.5249 disagreement_months=2.0343 artifact_factor=1.00 lr=0.00018100 grad_norm=1.5288 throughput=20.46 img/s eta_seconds=65.0 gpu_alloc=452.7MiB gpu_reserved=12288.0MiB skipped_batches=0
2026-09-14 07:13:15,082 | INFO | epoch=8 batch=575 global_step=2471 loss_reg_months=5.5136 disagreement_months=2.5755 artifact_factor=1.00 lr=0.00018100 grad_norm=1.6993 throughput=20.50 img/s eta_seconds=42.9 gpu_alloc=561.7MiB gpu_reserved=12288.0MiB skipped_batches=0
2026-09-14 07:13:36,196 | INFO | epoch=8 batch=600 global_step=2484 loss_reg_months=5.5068 disagreement_months=2.3628 artifact_factor=1.00 lr=0.00018100 grad_norm=1.3640 throughput=20.53 img/s eta_seconds=20.9 gpu_alloc=452.7MiB gpu_reserved=12288.0MiB skipped_batches=0
2026-09-14 07:14:24,580 | WARNING | STABILITY WARNING [CAM] Prediction vượt nhẹ miền tuổi 0–228: [2.93, 230.88]
2026-09-14 07:14:24,582 | INFO | 
TRAINING REVIEW SNAPSHOT
Run ID / config hash / split hash: C3_Z26_C3_ROI_V2_PILOT_C_V2_FOLD_4_SEED_42 / 0dae5b28ed0b / f82483c670fc+60440af4a7bb
Epoch / global step: 8 / 2496
Train loss: 5.5017
Validation MAE / RMSE / median AE: 7.3837 / 9.7406 / 5.8750
MAE nam / nữ / age bins: {'F': 7.698887402723735, 'M': 7.117670006570302} / {'60-119': 9.455201612903226, '120-179': 5.786636589919104, '0-59': 12.673228002793296, '180-228': 7.442073170731708}
Learning rate / peak VRAM: 0.00018100 / 12288.0 MiB
Best epoch / best MAE / epochs không cải thiện: 7 / 6.7439 / 1
Cảnh báo hiện tại: CAM: Prediction vượt nhẹ miền tuổi 0–228: [2.93, 230.88]
Checkpoint gần nhất: /content/C3_Z26_C3_ROI_V2_PILOTS/runs/C3_Z26_C3_ROI_V2_PILOT_C_V2_FOLD_4_SEED_42/last.ckpt
Checkpoint tốt nhất: /content/C3_Z26_C3_ROI_V2_PILOTS/runs/C3_Z26_C3_ROI_V2_PILOT_C_V2_FOLD_4_SEED_42/best_mae.ckpt
Đề xuất tự động: THEO DÕI
2026-09-14 07:15:08,339 | INFO | epoch=9 batch=25 global_step=2508 loss_reg_months=5.8692 disagreement_months=1.9084 artifact_factor=1.00 lr=0.00017543 grad_norm=1.5960 throughput=13.41 img/s eta_seconds=803.9 gpu_alloc=561.7MiB gpu_reserved=12288.0MiB skipped_batches=0
2026-09-14 07:15:30,237 | INFO | epoch=9 batch=50 global_step=2521 loss_reg_months=5.7527 disagreement_months=2.3615 artifact_factor=1.00 lr=0.00017543 grad_norm=1.8462 throughput=16.23 img/s eta_seconds=636.5 gpu_alloc=452.7MiB gpu_reserved=12288.0MiB skipped_batches=0
2026-09-14 07:15:53,183 | INFO | epoch=9 batch=75 global_step=2533 loss_reg_months=5.6693 disagreement_months=2.6435 artifact_factor=1.00 lr=0.00017543 grad_norm=2.3661 throughput=17.22 img/s eta_seconds=573.8 gpu_alloc=561.7MiB gpu_reserved=12288.0MiB skipped_batches=0
2026-09-14 07:16:15,062 | INFO | epoch=9 batch=100 global_step=2546 loss_reg_months=5.7395 disagreement_months=2.5604 artifact_factor=1.00 lr=0.00017543 grad_norm=1.0652 throughput=17.95 img/s eta_seconds=525.3 gpu_alloc=452.7MiB gpu_reserved=12288.0MiB skipped_batches=0
2026-09-14 07:16:36,178 | INFO | epoch=9 batch=125 global_step=2558 loss_reg_months=5.7931 disagreement_months=2.4132 artifact_factor=1.00 lr=0.00017543 grad_norm=1.8261 throughput=18.53 img/s eta_seconds=484.5 gpu_alloc=561.7MiB gpu_reserved=12288.0MiB skipped_batches=0
2026-09-14 07:16:57,259 | INFO | epoch=9 batch=150 global_step=2571 loss_reg_months=5.7494 disagreement_months=3.1470 artifact_factor=1.00 lr=0.00017543 grad_norm=1.0929 throughput=18.95 img/s eta_seconds=450.1 gpu_alloc=452.7MiB gpu_reserved=12288.0MiB skipped_batches=0
2026-09-14 07:17:18,205 | INFO | epoch=9 batch=175 global_step=2583 loss_reg_months=5.7244 disagreement_months=2.5932 artifact_factor=1.00 lr=0.00017543 grad_norm=2.0551 throughput=19.27 img/s eta_seconds=419.2 gpu_alloc=561.7MiB gpu_reserved=12288.0MiB skipped_batches=0
2026-09-14 07:17:39,158 | INFO | epoch=9 batch=200 global_step=2596 loss_reg_months=5.6810 disagreement_months=1.4690 artifact_factor=1.00 lr=0.00017543 grad_norm=1.5530 throughput=19.52 img/s eta_seconds=390.7 gpu_alloc=452.7MiB gpu_reserved=12288.0MiB skipped_batches=0
2026-09-14 07:18:00,131 | INFO | epoch=9 batch=225 global_step=2608 loss_reg_months=5.6653 disagreement_months=3.5776 artifact_factor=1.00 lr=0.00017543 grad_norm=3.0998 throughput=19.72 img/s eta_seconds=364.0 gpu_alloc=561.7MiB gpu_reserved=12288.0MiB skipped_batches=0
2026-09-14 07:18:21,262 | INFO | epoch=9 batch=250 global_step=2621 loss_reg_months=5.6252 disagreement_months=1.7825 artifact_factor=1.00 lr=0.00017543 grad_norm=1.5458 throughput=19.87 img/s eta_seconds=338.7 gpu_alloc=452.7MiB gpu_reserved=12288.0MiB skipped_batches=0
2026-09-14 07:18:42,206 | INFO | epoch=9 batch=275 global_step=2633 loss_reg_months=5.6334 disagreement_months=1.7044 artifact_factor=1.00 lr=0.00017543 grad_norm=1.7435 throughput=20.01 img/s eta_seconds=313.9 gpu_alloc=561.7MiB gpu_reserved=12288.0MiB skipped_batches=0
2026-09-14 07:19:03,309 | INFO | epoch=9 batch=300 global_step=2646 loss_reg_months=5.6637 disagreement_months=2.5038 artifact_factor=1.00 lr=0.00017543 grad_norm=2.3947 throughput=20.11 img/s eta_seconds=289.9 gpu_alloc=452.7MiB gpu_reserved=12288.0MiB skipped_batches=0
2026-09-14 07:19:24,421 | INFO | epoch=9 batch=325 global_step=2658 loss_reg_months=5.6251 disagreement_months=2.2420 artifact_factor=1.00 lr=0.00017543 grad_norm=1.1635 throughput=20.20 img/s eta_seconds=266.3 gpu_alloc=561.7MiB gpu_reserved=12288.0MiB skipped_batches=0
2026-09-14 07:19:45,449 | INFO | epoch=9 batch=350 global_step=2671 loss_reg_months=5.5999 disagreement_months=2.6737 artifact_factor=1.00 lr=0.00017543 grad_norm=1.3558 throughput=20.28 img/s eta_seconds=243.1 gpu_alloc=452.7MiB gpu_reserved=12288.0MiB skipped_batches=0
2026-09-14 07:20:10,816 | INFO | epoch=9 batch=375 global_step=2683 loss_reg_months=5.5616 disagreement_months=2.7493 artifact_factor=1.00 lr=0.00017543 grad_norm=1.0866 throughput=20.09 img/s eta_seconds=223.0 gpu_alloc=561.7MiB gpu_reserved=12288.0MiB skipped_batches=0
2026-09-14 07:20:33,699 | INFO | epoch=9 batch=400 global_step=2696 loss_reg_months=5.5392 disagreement_months=2.7140 artifact_factor=1.00 lr=0.00017543 grad_norm=1.0378 throughput=20.06 img/s eta_seconds=200.8 gpu_alloc=452.7MiB gpu_reserved=12288.0MiB skipped_batches=0
2026-09-14 07:20:54,729 | INFO | epoch=9 batch=425 global_step=2708 loss_reg_months=5.5034 disagreement_months=1.9411 artifact_factor=1.00 lr=0.00017543 grad_norm=1.3702 throughput=20.13 img/s eta_seconds=177.8 gpu_alloc=561.7MiB gpu_reserved=12288.0MiB skipped_batches=0
2026-09-14 07:21:15,846 | INFO | epoch=9 batch=450 global_step=2721 loss_reg_months=5.5389 disagreement_months=2.6511 artifact_factor=1.00 lr=0.00017543 grad_norm=1.7336 throughput=20.20 img/s eta_seconds=154.9 gpu_alloc=452.7MiB gpu_reserved=12288.0MiB skipped_batches=0
2026-09-14 07:21:37,007 | INFO | epoch=9 batch=475 global_step=2733 loss_reg_months=5.5311 disagreement_months=2.3150 artifact_factor=1.00 lr=0.00017543 grad_norm=1.5941 throughput=20.25 img/s eta_seconds=132.3 gpu_alloc=561.7MiB gpu_reserved=12288.0MiB skipped_batches=0
2026-09-14 07:21:57,949 | INFO | epoch=9 batch=500 global_step=2746 loss_reg_months=5.5538 disagreement_months=1.8505 artifact_factor=1.00 lr=0.00017543 grad_norm=1.0098 throughput=20.31 img/s eta_seconds=109.8 gpu_alloc=452.7MiB gpu_reserved=12288.0MiB skipped_batches=0
2026-09-14 07:22:21,970 | INFO | epoch=9 batch=525 global_step=2758 loss_reg_months=5.5274 disagreement_months=2.0896 artifact_factor=1.00 lr=0.00017543 grad_norm=1.3440 throughput=20.23 img/s eta_seconds=88.0 gpu_alloc=561.7MiB gpu_reserved=12288.0MiB skipped_batches=0
2026-09-14 07:22:43,827 | INFO | epoch=9 batch=550 global_step=2771 loss_reg_months=5.5372 disagreement_months=2.7694 artifact_factor=1.00 lr=0.00017543 grad_norm=1.4089 throughput=20.24 img/s eta_seconds=65.7 gpu_alloc=452.7MiB gpu_reserved=12288.0MiB skipped_batches=0
2026-09-14 07:23:05,540 | INFO | epoch=9 batch=575 global_step=2783 loss_reg_months=5.5314 disagreement_months=2.5957 artifact_factor=1.00 lr=0.00017543 grad_norm=1.1570 throughput=20.26 img/s eta_seconds=43.4 gpu_alloc=561.7MiB gpu_reserved=12288.0MiB skipped_batches=0
2026-09-14 07:23:26,587 | INFO | epoch=9 batch=600 global_step=2796 loss_reg_months=5.5218 disagreement_months=1.9663 artifact_factor=1.00 lr=0.00017543 grad_norm=1.9842 throughput=20.31 img/s eta_seconds=21.1 gpu_alloc=452.7MiB gpu_reserved=12288.0MiB skipped_batches=0
2026-09-14 07:24:13,960 | WARNING | STABILITY WARNING [CAM] Prediction vượt nhẹ miền tuổi 0–228: [-16.52, 228.12]
2026-09-14 07:24:23,942 | INFO | 
TRAINING REVIEW SNAPSHOT
Run ID / config hash / split hash: C3_Z26_C3_ROI_V2_PILOT_C_V2_FOLD_4_SEED_42 / 0dae5b28ed0b / f82483c670fc+60440af4a7bb
Epoch / global step: 9 / 2808
Train loss: 5.4990
Validation MAE / RMSE / median AE: 6.6674 / 9.0157 / 5.0625
MAE nam / nữ / age bins: {'F': 6.772051313229572, 'M': 6.5790540416983205} / {'60-119': 7.841290322580645, '120-179': 6.307482887367766, '0-59': 6.789280385278457, '180-228': 5.2317073170731705}
Learning rate / peak VRAM: 0.00017543 / 12288.0 MiB
Best epoch / best MAE / epochs không cải thiện: 9 / 6.6674 / 0
Cảnh báo hiện tại: CAM: Prediction vượt nhẹ miền tuổi 0–228: [-16.52, 228.12]
Checkpoint gần nhất: /content/C3_Z26_C3_ROI_V2_PILOTS/runs/C3_Z26_C3_ROI_V2_PILOT_C_V2_FOLD_4_SEED_42/last.ckpt
Checkpoint tốt nhất: /content/C3_Z26_C3_ROI_V2_PILOTS/runs/C3_Z26_C3_ROI_V2_PILOT_C_V2_FOLD_4_SEED_42/best_mae.ckpt
Đề xuất tự động: THEO DÕI
2026-09-14 07:25:04,340 | INFO | epoch=10 batch=25 global_step=2820 loss_reg_months=5.4543 disagreement_months=1.5572 artifact_factor=1.00 lr=0.00016926 grad_norm=1.8224 throughput=19.39 img/s eta_seconds=555.8 gpu_alloc=561.7MiB gpu_reserved=12288.0MiB skipped_batches=0
2026-09-14 07:25:26,073 | INFO | epoch=10 batch=50 global_step=2833 loss_reg_months=5.3368 disagreement_months=2.4849 artifact_factor=1.00 lr=0.00016926 grad_norm=2.1041 throughput=20.03 img/s eta_seconds=515.7 gpu_alloc=452.7MiB gpu_reserved=12288.0MiB skipped_batches=0
2026-09-14 07:25:47,794 | INFO | epoch=10 batch=75 global_step=2845 loss_reg_months=5.4274 disagreement_months=1.8618 artifact_factor=1.00 lr=0.00016926 grad_norm=1.1073 throughput=20.25 img/s eta_seconds=487.8 gpu_alloc=561.7MiB gpu_reserved=12288.0MiB skipped_batches=0
2026-09-14 07:26:08,646 | INFO | epoch=10 batch=100 global_step=2858 loss_reg_months=5.2818 disagreement_months=2.3288 artifact_factor=1.00 lr=0.00016926 grad_norm=0.8084 throughput=20.57 img/s eta_seconds=458.4 gpu_alloc=452.7MiB gpu_reserved=12288.0MiB skipped_batches=0
2026-09-14 07:26:29,689 | INFO | epoch=10 batch=125 global_step=2870 loss_reg_months=5.3464 disagreement_months=2.1501 artifact_factor=1.00 lr=0.00016926 grad_norm=1.0745 throughput=20.73 img/s eta_seconds=433.2 gpu_alloc=561.7MiB gpu_reserved=12288.0MiB skipped_batches=0
2026-09-14 07:26:50,666 | INFO | epoch=10 batch=150 global_step=2883 loss_reg_months=5.3543 disagreement_months=2.0909 artifact_factor=1.00 lr=0.00016926 grad_norm=0.9124 throughput=20.84 img/s eta_seconds=409.2 gpu_alloc=452.7MiB gpu_reserved=12288.0MiB skipped_batches=0
2026-09-14 07:27:11,637 | INFO | epoch=10 batch=175 global_step=2895 loss_reg_months=5.3779 disagreement_months=1.8958 artifact_factor=1.00 lr=0.00016926 grad_norm=0.9126 throughput=20.93 img/s eta_seconds=386.0 gpu_alloc=561.7MiB gpu_reserved=12288.0MiB skipped_batches=0
2026-09-14 07:27:32,660 | INFO | epoch=10 batch=200 global_step=2908 loss_reg_months=5.3598 disagreement_months=2.7669 artifact_factor=1.00 lr=0.00016926 grad_norm=1.6206 throughput=20.99 img/s eta_seconds=363.5 gpu_alloc=452.7MiB gpu_reserved=12288.0MiB skipped_batches=0
2026-09-14 07:27:53,623 | INFO | epoch=10 batch=225 global_step=2920 loss_reg_months=5.3653 disagreement_months=2.3200 artifact_factor=1.00 lr=0.00016926 grad_norm=1.5113 throughput=21.04 img/s eta_seconds=341.2 gpu_alloc=561.7MiB gpu_reserved=12288.0MiB skipped_batches=0
2026-09-14 07:28:14,655 | INFO | epoch=10 batch=250 global_step=2933 loss_reg_months=5.3651 disagreement_months=2.8978 artifact_factor=1.00 lr=0.00016926 grad_norm=1.2750 throughput=21.08 img/s eta_seconds=319.3 gpu_alloc=452.7MiB gpu_reserved=12288.0MiB skipped_batches=0
2026-09-14 07:28:35,570 | INFO | epoch=10 batch=275 global_step=2945 loss_reg_months=5.3678 disagreement_months=2.1929 artifact_factor=1.00 lr=0.00016926 grad_norm=1.1442 throughput=21.11 img/s eta_seconds=297.4 gpu_alloc=561.7MiB gpu_reserved=12288.0MiB skipped_batches=0
2026-09-14 07:28:56,716 | INFO | epoch=10 batch=300 global_step=2958 loss_reg_months=5.3427 disagreement_months=1.7598 artifact_factor=1.00 lr=0.00016926 grad_norm=1.9129 throughput=21.13 img/s eta_seconds=275.9 gpu_alloc=452.7MiB gpu_reserved=12288.0MiB skipped_batches=0
2026-09-14 07:29:17,657 | INFO | epoch=10 batch=325 global_step=2970 loss_reg_months=5.3514 disagreement_months=2.3943 artifact_factor=1.00 lr=0.00016926 grad_norm=1.3735 throughput=21.16 img/s eta_seconds=254.3 gpu_alloc=561.7MiB gpu_reserved=12288.0MiB skipped_batches=0
2026-09-14 07:29:42,343 | INFO | epoch=10 batch=350 global_step=2983 loss_reg_months=5.3451 disagreement_months=2.2973 artifact_factor=1.00 lr=0.00016926 grad_norm=1.3048 throughput=20.92 img/s eta_seconds=235.7 gpu_alloc=452.7MiB gpu_reserved=12288.0MiB skipped_batches=0
2026-09-14 07:30:04,324 | INFO | epoch=10 batch=375 global_step=2995 loss_reg_months=5.3551 disagreement_months=2.1689 artifact_factor=1.00 lr=0.00016926 grad_norm=2.0362 throughput=20.89 img/s eta_seconds=214.5 gpu_alloc=561.7MiB gpu_reserved=12288.0MiB skipped_batches=0
2026-09-14 07:30:32,503 | INFO | epoch=10 batch=400 global_step=3008 loss_reg_months=5.3628 disagreement_months=3.9023 artifact_factor=1.00 lr=0.00016926 grad_norm=1.8293 throughput=20.49 img/s eta_seconds=196.6 gpu_alloc=452.7MiB gpu_reserved=12288.0MiB skipped_batches=0
2026-09-14 07:30:54,909 | INFO | epoch=10 batch=425 global_step=3020 loss_reg_months=5.3411 disagreement_months=2.8802 artifact_factor=1.00 lr=0.00016926 grad_norm=1.0930 throughput=20.47 img/s eta_seconds=174.9 gpu_alloc=561.7MiB gpu_reserved=12288.0MiB skipped_batches=0
2026-09-14 07:31:19,138 | INFO | epoch=10 batch=450 global_step=3033 loss_reg_months=5.3098 disagreement_months=2.5743 artifact_factor=1.00 lr=0.00016926 grad_norm=1.4416 throughput=20.35 img/s eta_seconds=153.7 gpu_alloc=452.7MiB gpu_reserved=12288.0MiB skipped_batches=0
2026-09-14 07:31:40,832 | INFO | epoch=10 batch=475 global_step=3045 loss_reg_months=5.3274 disagreement_months=2.4799 artifact_factor=1.00 lr=0.00016926 grad_norm=1.3444 throughput=20.37 img/s eta_seconds=131.5 gpu_alloc=561.7MiB gpu_reserved=12288.0MiB skipped_batches=0
2026-09-14 07:32:01,960 | INFO | epoch=10 batch=500 global_step=3058 loss_reg_months=5.3080 disagreement_months=2.2407 artifact_factor=1.00 lr=0.00016926 grad_norm=1.1270 throughput=20.42 img/s eta_seconds=109.2 gpu_alloc=452.7MiB gpu_reserved=12288.0MiB skipped_batches=0
2026-09-14 07:32:22,965 | INFO | epoch=10 batch=525 global_step=3070 loss_reg_months=5.3237 disagreement_months=2.3200 artifact_factor=1.00 lr=0.00016926 grad_norm=1.1400 throughput=20.46 img/s eta_seconds=86.9 gpu_alloc=561.7MiB gpu_reserved=12288.0MiB skipped_batches=0
2026-09-14 07:32:44,037 | INFO | epoch=10 batch=550 global_step=3083 loss_reg_months=5.3286 disagreement_months=2.5881 artifact_factor=1.00 lr=0.00016926 grad_norm=0.8735 throughput=20.50 img/s eta_seconds=64.8 gpu_alloc=452.7MiB gpu_reserved=12288.0MiB skipped_batches=0
2026-09-14 07:33:05,007 | INFO | epoch=10 batch=575 global_step=3095 loss_reg_months=5.3330 disagreement_months=2.6486 artifact_factor=1.00 lr=0.00016926 grad_norm=1.1812 throughput=20.54 img/s eta_seconds=42.8 gpu_alloc=561.7MiB gpu_reserved=12288.0MiB skipped_batches=0
2026-09-14 07:33:26,131 | INFO | epoch=10 batch=600 global_step=3108 loss_reg_months=5.3206 disagreement_months=2.7568 artifact_factor=1.00 lr=0.00016926 grad_norm=1.4143 throughput=20.57 img/s eta_seconds=20.9 gpu_alloc=452.7MiB gpu_reserved=12288.0MiB skipped_batches=0
2026-09-14 07:34:14,460 | INFO | 
TRAINING REVIEW SNAPSHOT
Run ID / config hash / split hash: C3_Z26_C3_ROI_V2_PILOT_C_V2_FOLD_4_SEED_42 / 0dae5b28ed0b / f82483c670fc+60440af4a7bb
Epoch / global step: 10 / 3120
Train loss: 5.3149
Validation MAE / RMSE / median AE: 6.9201 / 9.2237 / 5.5000
MAE nam / nữ / age bins: {'F': 7.23655763618677, 'M': 6.65299564717477} / {'60-119': 7.347177419354839, '120-179': 6.144796204107032, '0-59': 5.829390712290503, '180-228': 11.433434959349594}
Learning rate / peak VRAM: 0.00016926 / 12288.0 MiB
Best epoch / best MAE / epochs không cải thiện: 9 / 6.6674 / 1
Cảnh báo hiện tại: KHÔNG
Checkpoint gần nhất: /content/C3_Z26_C3_ROI_V2_PILOTS/runs/C3_Z26_C3_ROI_V2_PILOT_C_V2_FOLD_4_SEED_42/last.ckpt
Checkpoint tốt nhất: /content/C3_Z26_C3_ROI_V2_PILOTS/runs/C3_Z26_C3_ROI_V2_PILOT_C_V2_FOLD_4_SEED_42/best_mae.ckpt
Đề xuất tự động: TIẾP TỤC
2026-09-14 07:34:47,404 | INFO | epoch=11 batch=25 global_step=3132 loss_reg_months=5.2229 disagreement_months=1.8945 artifact_factor=1.00 lr=0.00016254 grad_norm=1.5921 throughput=19.78 img/s eta_seconds=545.0 gpu_alloc=561.7MiB gpu_reserved=12288.0MiB skipped_batches=0
2026-09-14 07:35:10,289 | INFO | epoch=11 batch=50 global_step=3145 loss_reg_months=5.1376 disagreement_months=1.9235 artifact_factor=1.00 lr=0.00016254 grad_norm=2.5107 throughput=19.72 img/s eta_seconds=523.8 gpu_alloc=452.7MiB gpu_reserved=12288.0MiB skipped_batches=0
2026-09-14 07:35:31,349 | INFO | epoch=11 batch=75 global_step=3157 loss_reg_months=5.2473 disagreement_months=2.7845 artifact_factor=1.00 lr=0.00016254 grad_norm=1.8000 throughput=20.24 img/s eta_seconds=488.1 gpu_alloc=561.7MiB gpu_reserved=12288.0MiB skipped_batches=0
2026-09-14 07:35:52,312 | INFO | epoch=11 batch=100 global_step=3170 loss_reg_months=5.3508 disagreement_months=1.7800 artifact_factor=1.00 lr=0.00016254 grad_norm=1.3163 throughput=20.53 img/s eta_seconds=459.2 gpu_alloc=452.7MiB gpu_reserved=12288.0MiB skipped_batches=0
2026-09-14 07:36:13,347 | INFO | epoch=11 batch=125 global_step=3182 loss_reg_months=5.2751 disagreement_months=2.5491 artifact_factor=1.00 lr=0.00016254 grad_norm=1.3967 throughput=20.70 img/s eta_seconds=433.8 gpu_alloc=561.7MiB gpu_reserved=12288.0MiB skipped_batches=0
2026-09-14 07:36:34,426 | INFO | epoch=11 batch=150 global_step=3195 loss_reg_months=5.2739 disagreement_months=2.0191 artifact_factor=1.00 lr=0.00016254 grad_norm=1.5715 throughput=20.81 img/s eta_seconds=409.9 gpu_alloc=452.7MiB gpu_reserved=12288.0MiB skipped_batches=0
2026-09-14 07:36:55,474 | INFO | epoch=11 batch=175 global_step=3207 loss_reg_months=5.2772 disagreement_months=3.8646 artifact_factor=1.00 lr=0.00016254 grad_norm=1.1591 throughput=20.89 img/s eta_seconds=386.8 gpu_alloc=561.7MiB gpu_reserved=12288.0MiB skipped_batches=0
2026-09-14 07:37:16,450 | INFO | epoch=11 batch=200 global_step=3220 loss_reg_months=5.2646 disagreement_months=1.9247 artifact_factor=1.00 lr=0.00016254 grad_norm=2.9160 throughput=20.95 img/s eta_seconds=364.1 gpu_alloc=452.7MiB gpu_reserved=12288.0MiB skipped_batches=0
2026-09-14 07:37:37,408 | INFO | epoch=11 batch=225 global_step=3232 loss_reg_months=5.2624 disagreement_months=2.3766 artifact_factor=1.00 lr=0.00016254 grad_norm=1.2380 throughput=21.01 img/s eta_seconds=341.7 gpu_alloc=561.7MiB gpu_reserved=12288.0MiB skipped_batches=0
2026-09-14 07:37:58,413 | INFO | epoch=11 batch=250 global_step=3245 loss_reg_months=5.2702 disagreement_months=1.9575 artifact_factor=1.00 lr=0.00016254 grad_norm=2.2347 throughput=21.05 img/s eta_seconds=319.6 gpu_alloc=452.7MiB gpu_reserved=12288.0MiB skipped_batches=0
2026-09-14 07:38:22,307 | INFO | epoch=11 batch=275 global_step=3257 loss_reg_months=5.3201 disagreement_months=2.6561 artifact_factor=1.00 lr=0.00016254 grad_norm=2.7405 throughput=20.83 img/s eta_seconds=301.5 gpu_alloc=561.7MiB gpu_reserved=12288.0MiB skipped_batches=0
2026-09-14 07:38:43,970 | INFO | epoch=11 batch=300 global_step=3270 loss_reg_months=5.3958 disagreement_months=2.3641 artifact_factor=1.00 lr=0.00016254 grad_norm=1.3505 throughput=20.82 img/s eta_seconds=279.9 gpu_alloc=452.7MiB gpu_reserved=12288.0MiB skipped_batches=0
2026-09-14 07:39:05,879 | INFO | epoch=11 batch=325 global_step=3282 loss_reg_months=5.3583 disagreement_months=2.1576 artifact_factor=1.00 lr=0.00016254 grad_norm=2.2654 throughput=20.80 img/s eta_seconds=258.6 gpu_alloc=561.7MiB gpu_reserved=12288.0MiB skipped_batches=0
2026-09-14 07:39:26,881 | INFO | epoch=11 batch=350 global_step=3295 loss_reg_months=5.3499 disagreement_months=1.7535 artifact_factor=1.00 lr=0.00016254 grad_norm=1.0545 throughput=20.85 img/s eta_seconds=236.5 gpu_alloc=452.7MiB gpu_reserved=12288.0MiB skipped_batches=0
2026-09-14 07:39:47,882 | INFO | epoch=11 batch=375 global_step=3307 loss_reg_months=5.3674 disagreement_months=1.3595 artifact_factor=1.00 lr=0.00016254 grad_norm=1.3559 throughput=20.88 img/s eta_seconds=214.5 gpu_alloc=561.7MiB gpu_reserved=12288.0MiB skipped_batches=0
2026-09-14 07:40:08,890 | INFO | epoch=11 batch=400 global_step=3320 loss_reg_months=5.3873 disagreement_months=2.1136 artifact_factor=1.00 lr=0.00016254 grad_norm=1.4988 throughput=20.92 img/s eta_seconds=192.6 gpu_alloc=452.7MiB gpu_reserved=12288.0MiB skipped_batches=0
2026-09-14 07:40:29,925 | INFO | epoch=11 batch=425 global_step=3332 loss_reg_months=5.4025 disagreement_months=2.0254 artifact_factor=1.00 lr=0.00016254 grad_norm=1.1275 throughput=20.94 img/s eta_seconds=170.9 gpu_alloc=561.7MiB gpu_reserved=12288.0MiB skipped_batches=0
2026-09-14 07:40:51,111 | INFO | epoch=11 batch=450 global_step=3345 loss_reg_months=5.3890 disagreement_months=1.7523 artifact_factor=1.00 lr=0.00016254 grad_norm=0.9969 throughput=20.96 img/s eta_seconds=149.3 gpu_alloc=452.7MiB gpu_reserved=12288.0MiB skipped_batches=0
2026-09-14 07:41:12,289 | INFO | epoch=11 batch=475 global_step=3357 loss_reg_months=5.3462 disagreement_months=2.1740 artifact_factor=1.00 lr=0.00016254 grad_norm=0.8579 throughput=20.97 img/s eta_seconds=127.7 gpu_alloc=561.7MiB gpu_reserved=12288.0MiB skipped_batches=0
2026-09-14 07:41:33,310 | INFO | epoch=11 batch=500 global_step=3370 loss_reg_months=5.3551 disagreement_months=1.8605 artifact_factor=1.00 lr=0.00016254 grad_norm=1.5780 throughput=21.00 img/s eta_seconds=106.2 gpu_alloc=452.7MiB gpu_reserved=12288.0MiB skipped_batches=0
2026-09-14 07:41:54,447 | INFO | epoch=11 batch=525 global_step=3382 loss_reg_months=5.3434 disagreement_months=2.3817 artifact_factor=1.00 lr=0.00016254 grad_norm=2.0193 throughput=21.01 img/s eta_seconds=84.7 gpu_alloc=561.7MiB gpu_reserved=12288.0MiB skipped_batches=0
2026-09-14 07:42:15,474 | INFO | epoch=11 batch=550 global_step=3395 loss_reg_months=5.3386 disagreement_months=2.3754 artifact_factor=1.00 lr=0.00016254 grad_norm=1.3232 throughput=21.03 img/s eta_seconds=63.2 gpu_alloc=452.7MiB gpu_reserved=12288.0MiB skipped_batches=0
2026-09-14 07:42:36,530 | INFO | epoch=11 batch=575 global_step=3407 loss_reg_months=5.3322 disagreement_months=1.7875 artifact_factor=1.00 lr=0.00016254 grad_norm=1.5437 throughput=21.04 img/s eta_seconds=41.8 gpu_alloc=561.7MiB gpu_reserved=12288.0MiB skipped_batches=0
2026-09-14 07:42:57,598 | INFO | epoch=11 batch=600 global_step=3420 loss_reg_months=5.3168 disagreement_months=2.9582 artifact_factor=1.00 lr=0.00016254 grad_norm=1.6991 throughput=21.05 img/s eta_seconds=20.4 gpu_alloc=452.7MiB gpu_reserved=12288.0MiB skipped_batches=0
2026-09-14 07:43:53,720 | WARNING | STABILITY WARNING [CAM] Prediction vượt nhẹ miền tuổi 0–228: [-1.39, 220.25]
2026-09-14 07:44:01,872 | INFO | 
TRAINING REVIEW SNAPSHOT
Run ID / config hash / split hash: C3_Z26_C3_ROI_V2_PILOT_C_V2_FOLD_4_SEED_42 / 0dae5b28ed0b / f82483c670fc+60440af4a7bb
Epoch / global step: 11 / 3432
Train loss: 5.3228
Validation MAE / RMSE / median AE: 6.5528 / 8.8820 / 4.8750
MAE nam / nữ / age bins: {'F': 6.871820282101167, 'M': 6.283380215177398} / {'60-119': 7.507379032258065, '120-179': 6.266762601120099, '0-59': 6.359287709497207, '180-228': 5.554369918699187}
Learning rate / peak VRAM: 0.00016254 / 12288.0 MiB
Best epoch / best MAE / epochs không cải thiện: 11 / 6.5528 / 0
Cảnh báo hiện tại: CAM: Prediction vượt nhẹ miền tuổi 0–228: [-1.39, 220.25]
Checkpoint gần nhất: /content/C3_Z26_C3_ROI_V2_PILOTS/runs/C3_Z26_C3_ROI_V2_PILOT_C_V2_FOLD_4_SEED_42/last.ckpt
Checkpoint tốt nhất: /content/C3_Z26_C3_ROI_V2_PILOTS/runs/C3_Z26_C3_ROI_V2_PILOT_C_V2_FOLD_4_SEED_42/best_mae.ckpt
Đề xuất tự động: THEO DÕI
2026-09-14 07:44:37,561 | INFO | epoch=12 batch=25 global_step=3444 loss_reg_months=4.9135 disagreement_months=2.2571 artifact_factor=1.00 lr=0.00015531 grad_norm=1.5932 throughput=18.26 img/s eta_seconds=590.3 gpu_alloc=561.7MiB gpu_reserved=12288.0MiB skipped_batches=0
2026-09-14 07:44:59,479 | INFO | epoch=12 batch=50 global_step=3457 loss_reg_months=4.8883 disagreement_months=2.7820 artifact_factor=1.00 lr=0.00015531 grad_norm=1.2483 throughput=19.33 img/s eta_seconds=534.4 gpu_alloc=452.7MiB gpu_reserved=12288.0MiB skipped_batches=0
2026-09-14 07:45:20,567 | INFO | epoch=12 batch=75 global_step=3469 loss_reg_months=4.9675 disagreement_months=3.0338 artifact_factor=1.00 lr=0.00015531 grad_norm=1.4192 throughput=19.96 img/s eta_seconds=495.0 gpu_alloc=561.7MiB gpu_reserved=12288.0MiB skipped_batches=0
2026-09-14 07:45:41,896 | INFO | epoch=12 batch=100 global_step=3482 loss_reg_months=4.9055 disagreement_months=1.4741 artifact_factor=1.00 lr=0.00015531 grad_norm=1.4519 throughput=20.23 img/s eta_seconds=466.1 gpu_alloc=452.7MiB gpu_reserved=12288.0MiB skipped_batches=0
2026-09-14 07:46:04,618 | INFO | epoch=12 batch=125 global_step=3494 loss_reg_months=4.9270 disagreement_months=1.6125 artifact_factor=1.00 lr=0.00015531 grad_norm=1.6362 throughput=20.14 img/s eta_seconds=445.8 gpu_alloc=561.7MiB gpu_reserved=12288.0MiB skipped_batches=0
2026-09-14 07:46:32,950 | INFO | epoch=12 batch=150 global_step=3507 loss_reg_months=4.9640 disagreement_months=1.6453 artifact_factor=1.00 lr=0.00015531 grad_norm=1.1154 throughput=19.28 img/s eta_seconds=442.4 gpu_alloc=452.7MiB gpu_reserved=12288.0MiB skipped_batches=0
2026-09-14 07:46:55,757 | INFO | epoch=12 batch=175 global_step=3519 loss_reg_months=4.9314 disagreement_months=2.1274 artifact_factor=1.00 lr=0.00015531 grad_norm=1.7674 throughput=19.34 img/s eta_seconds=417.7 gpu_alloc=561.7MiB gpu_reserved=12288.0MiB skipped_batches=0
2026-09-14 07:47:18,932 | INFO | epoch=12 batch=200 global_step=3532 loss_reg_months=4.9978 disagreement_months=1.9524 artifact_factor=1.00 lr=0.00015531 grad_norm=1.3625 throughput=19.35 img/s eta_seconds=394.2 gpu_alloc=452.7MiB gpu_reserved=12288.0MiB skipped_batches=0
2026-09-14 07:47:40,871 | INFO | epoch=12 batch=225 global_step=3544 loss_reg_months=5.0199 disagreement_months=2.3427 artifact_factor=1.00 lr=0.00015531 grad_norm=1.6707 throughput=19.48 img/s eta_seconds=368.6 gpu_alloc=561.7MiB gpu_reserved=12288.0MiB skipped_batches=0
2026-09-14 07:48:01,982 | INFO | epoch=12 batch=250 global_step=3557 loss_reg_months=5.0195 disagreement_months=2.7442 artifact_factor=1.00 lr=0.00015531 grad_norm=1.0146 throughput=19.64 img/s eta_seconds=342.5 gpu_alloc=452.7MiB gpu_reserved=12288.0MiB skipped_batches=0
2026-09-14 07:48:23,069 | INFO | epoch=12 batch=275 global_step=3569 loss_reg_months=5.0440 disagreement_months=2.8298 artifact_factor=1.00 lr=0.00015531 grad_norm=1.3025 throughput=19.79 img/s eta_seconds=317.3 gpu_alloc=561.7MiB gpu_reserved=12288.0MiB skipped_batches=0
2026-09-14 07:48:44,126 | INFO | epoch=12 batch=300 global_step=3582 loss_reg_months=5.0341 disagreement_months=2.0695 artifact_factor=1.00 lr=0.00015531 grad_norm=1.4220 throughput=19.91 img/s eta_seconds=292.8 gpu_alloc=452.7MiB gpu_reserved=12288.0MiB skipped_batches=0
2026-09-14 07:49:05,164 | INFO | epoch=12 batch=325 global_step=3594 loss_reg_months=5.0710 disagreement_months=1.5987 artifact_factor=1.00 lr=0.00015531 grad_norm=1.4156 throughput=20.02 img/s eta_seconds=268.7 gpu_alloc=561.7MiB gpu_reserved=12288.0MiB skipped_batches=0
2026-09-14 07:49:26,098 | INFO | epoch=12 batch=350 global_step=3607 loss_reg_months=5.0943 disagreement_months=1.8643 artifact_factor=1.00 lr=0.00015531 grad_norm=1.1205 throughput=20.12 img/s eta_seconds=245.0 gpu_alloc=452.7MiB gpu_reserved=12288.0MiB skipped_batches=0
2026-09-14 07:49:47,241 | INFO | epoch=12 batch=375 global_step=3619 loss_reg_months=5.0862 disagreement_months=2.0129 artifact_factor=1.00 lr=0.00015531 grad_norm=1.5604 throughput=20.19 img/s eta_seconds=221.8 gpu_alloc=561.7MiB gpu_reserved=12288.0MiB skipped_batches=0
2026-09-14 07:50:08,244 | INFO | epoch=12 batch=400 global_step=3632 loss_reg_months=5.1108 disagreement_months=2.1538 artifact_factor=1.00 lr=0.00015531 grad_norm=1.8902 throughput=20.26 img/s eta_seconds=198.8 gpu_alloc=452.7MiB gpu_reserved=12288.0MiB skipped_batches=0
2026-09-14 07:50:29,245 | INFO | epoch=12 batch=425 global_step=3644 loss_reg_months=5.1094 disagreement_months=2.6309 artifact_factor=1.00 lr=0.00015531 grad_norm=1.2059 throughput=20.33 img/s eta_seconds=176.1 gpu_alloc=561.7MiB gpu_reserved=12288.0MiB skipped_batches=0
2026-09-14 07:50:50,264 | INFO | epoch=12 batch=450 global_step=3657 loss_reg_months=5.1019 disagreement_months=3.0287 artifact_factor=1.00 lr=0.00015531 grad_norm=1.2323 throughput=20.39 img/s eta_seconds=153.5 gpu_alloc=452.7MiB gpu_reserved=12288.0MiB skipped_batches=0
2026-09-14 07:51:11,221 | INFO | epoch=12 batch=475 global_step=3669 loss_reg_months=5.1063 disagreement_months=2.2810 artifact_factor=1.00 lr=0.00015531 grad_norm=0.9899 throughput=20.44 img/s eta_seconds=131.1 gpu_alloc=561.7MiB gpu_reserved=12288.0MiB skipped_batches=0
2026-09-14 07:51:38,618 | INFO | epoch=12 batch=500 global_step=3682 loss_reg_months=5.1165 disagreement_months=1.5622 artifact_factor=1.00 lr=0.00015531 grad_norm=0.9891 throughput=20.19 img/s eta_seconds=110.4 gpu_alloc=452.7MiB gpu_reserved=12288.0MiB skipped_batches=0
2026-09-14 07:52:00,250 | INFO | epoch=12 batch=525 global_step=3694 loss_reg_months=5.1331 disagreement_months=2.7568 artifact_factor=1.00 lr=0.00015531 grad_norm=0.9743 throughput=20.22 img/s eta_seconds=88.0 gpu_alloc=561.7MiB gpu_reserved=12288.0MiB skipped_batches=0
2026-09-14 07:52:22,731 | INFO | epoch=12 batch=550 global_step=3707 loss_reg_months=5.1323 disagreement_months=2.5743 artifact_factor=1.00 lr=0.00015531 grad_norm=1.3998 throughput=20.21 img/s eta_seconds=65.8 gpu_alloc=452.7MiB gpu_reserved=12288.0MiB skipped_batches=0
2026-09-14 07:52:43,699 | INFO | epoch=12 batch=575 global_step=3719 loss_reg_months=5.1676 disagreement_months=2.5743 artifact_factor=1.00 lr=0.00015531 grad_norm=1.1569 throughput=20.26 img/s eta_seconds=43.4 gpu_alloc=561.7MiB gpu_reserved=12288.0MiB skipped_batches=0
2026-09-14 07:53:04,723 | INFO | epoch=12 batch=600 global_step=3732 loss_reg_months=5.1700 disagreement_months=2.3829 artifact_factor=1.00 lr=0.00015531 grad_norm=1.1354 throughput=20.31 img/s eta_seconds=21.1 gpu_alloc=452.7MiB gpu_reserved=12288.0MiB skipped_batches=0
2026-09-14 07:53:59,409 | INFO | 
TRAINING REVIEW SNAPSHOT
Run ID / config hash / split hash: C3_Z26_C3_ROI_V2_PILOT_C_V2_FOLD_4_SEED_42 / 0dae5b28ed0b / f82483c670fc+60440af4a7bb
Epoch / global step: 12 / 3744
Train loss: 5.1620
Validation MAE / RMSE / median AE: 6.4219 / 8.6825 / 4.8125
MAE nam / nữ / age bins: {'F': 6.607253161478599, 'M': 6.265481274638633} / {'60-119': 6.998508064516129, '120-179': 6.171515245799626, '0-59': 6.271866270949721, '180-228': 6.350609756097561}
Learning rate / peak VRAM: 0.00015531 / 12288.0 MiB
Best epoch / best MAE / epochs không cải thiện: 12 / 6.4219 / 0
Cảnh báo hiện tại: KHÔNG
Checkpoint gần nhất: /content/C3_Z26_C3_ROI_V2_PILOTS/runs/C3_Z26_C3_ROI_V2_PILOT_C_V2_FOLD_4_SEED_42/last.ckpt
Checkpoint tốt nhất: /content/C3_Z26_C3_ROI_V2_PILOTS/runs/C3_Z26_C3_ROI_V2_PILOT_C_V2_FOLD_4_SEED_42/best_mae.ckpt
Đề xuất tự động: TIẾP TỤC
2026-09-14 07:54:42,117 | INFO | epoch=13 batch=25 global_step=3756 loss_reg_months=5.1032 disagreement_months=1.5446 artifact_factor=1.00 lr=0.00014765 grad_norm=1.5832 throughput=13.42 img/s eta_seconds=803.4 gpu_alloc=561.7MiB gpu_reserved=12288.0MiB skipped_batches=0
2026-09-14 07:55:03,921 | INFO | epoch=13 batch=50 global_step=3769 loss_reg_months=5.0303 disagreement_months=2.2457 artifact_factor=1.00 lr=0.00014765 grad_norm=1.4523 throughput=16.26 img/s eta_seconds=635.2 gpu_alloc=452.7MiB gpu_reserved=12288.0MiB skipped_batches=0
2026-09-14 07:55:26,000 | INFO | epoch=13 batch=75 global_step=3781 loss_reg_months=4.8795 disagreement_months=2.6007 artifact_factor=1.00 lr=0.00014765 grad_norm=1.1963 throughput=17.44 img/s eta_seconds=566.6 gpu_alloc=561.7MiB gpu_reserved=12288.0MiB skipped_batches=0
2026-09-14 07:55:47,038 | INFO | epoch=13 batch=100 global_step=3794 loss_reg_months=4.8975 disagreement_months=2.7291 artifact_factor=1.00 lr=0.00014765 grad_norm=1.0038 throughput=18.28 img/s eta_seconds=515.8 gpu_alloc=452.7MiB gpu_reserved=12288.0MiB skipped_batches=0
2026-09-14 07:56:08,111 | INFO | epoch=13 batch=125 global_step=3806 loss_reg_months=4.8913 disagreement_months=2.9179 artifact_factor=1.00 lr=0.00014765 grad_norm=1.2042 throughput=18.82 img/s eta_seconds=477.0 gpu_alloc=561.7MiB gpu_reserved=12288.0MiB skipped_batches=0
2026-09-14 07:56:29,274 | INFO | epoch=13 batch=150 global_step=3819 loss_reg_months=4.9877 disagreement_months=2.2294 artifact_factor=1.00 lr=0.00014765 grad_norm=2.0675 throughput=19.19 img/s eta_seconds=444.5 gpu_alloc=452.7MiB gpu_reserved=12288.0MiB skipped_batches=0
2026-09-14 07:56:50,195 | INFO | epoch=13 batch=175 global_step=3831 loss_reg_months=5.0293 disagreement_months=1.9789 artifact_factor=1.00 lr=0.00014765 grad_norm=1.9078 throughput=19.49 img/s eta_seconds=414.5 gpu_alloc=561.7MiB gpu_reserved=12288.0MiB skipped_batches=0
2026-09-14 07:57:11,174 | INFO | epoch=13 batch=200 global_step=3844 loss_reg_months=5.0768 disagreement_months=1.9889 artifact_factor=1.00 lr=0.00014765 grad_norm=0.9122 throughput=19.71 img/s eta_seconds=387.0 gpu_alloc=452.7MiB gpu_reserved=12288.0MiB skipped_batches=0
2026-09-14 07:57:32,154 | INFO | epoch=13 batch=225 global_step=3856 loss_reg_months=5.0785 disagreement_months=1.6478 artifact_factor=1.00 lr=0.00014765 grad_norm=1.3028 throughput=19.89 img/s eta_seconds=360.9 gpu_alloc=561.7MiB gpu_reserved=12288.0MiB skipped_batches=0
2026-09-14 07:57:53,246 | INFO | epoch=13 batch=250 global_step=3869 loss_reg_months=5.0497 disagreement_months=2.7065 artifact_factor=1.00 lr=0.00014765 grad_norm=1.2257 throughput=20.03 img/s eta_seconds=336.0 gpu_alloc=452.7MiB gpu_reserved=12288.0MiB skipped_batches=0
2026-09-14 07:58:14,444 | INFO | epoch=13 batch=275 global_step=3881 loss_reg_months=5.0604 disagreement_months=2.2092 artifact_factor=1.00 lr=0.00014765 grad_norm=0.9489 throughput=20.13 img/s eta_seconds=311.9 gpu_alloc=561.7MiB gpu_reserved=12288.0MiB skipped_batches=0
2026-09-14 07:58:35,525 | INFO | epoch=13 batch=300 global_step=3894 loss_reg_months=5.0802 disagreement_months=1.5156 artifact_factor=1.00 lr=0.00014765 grad_norm=1.0521 throughput=20.23 img/s eta_seconds=288.2 gpu_alloc=452.7MiB gpu_reserved=12288.0MiB skipped_batches=0
2026-09-14 07:58:56,539 | INFO | epoch=13 batch=325 global_step=3906 loss_reg_months=5.0949 disagreement_months=1.8907 artifact_factor=1.00 lr=0.00014765 grad_norm=1.5832 throughput=20.31 img/s eta_seconds=264.8 gpu_alloc=561.7MiB gpu_reserved=12288.0MiB skipped_batches=0
2026-09-14 07:59:17,558 | INFO | epoch=13 batch=350 global_step=3919 loss_reg_months=5.0932 disagreement_months=2.0229 artifact_factor=1.00 lr=0.00014765 grad_norm=1.2957 throughput=20.39 img/s eta_seconds=241.7 gpu_alloc=452.7MiB gpu_reserved=12288.0MiB skipped_batches=0
2026-09-14 07:59:44,931 | INFO | epoch=13 batch=375 global_step=3931 loss_reg_months=5.0844 disagreement_months=2.1060 artifact_factor=1.00 lr=0.00014765 grad_norm=1.2635 throughput=20.07 img/s eta_seconds=223.2 gpu_alloc=561.7MiB gpu_reserved=12288.0MiB skipped_batches=0
2026-09-14 08:00:07,835 | INFO | epoch=13 batch=400 global_step=3944 loss_reg_months=5.0810 disagreement_months=1.9424 artifact_factor=1.00 lr=0.00014765 grad_norm=1.6191 throughput=20.04 img/s eta_seconds=201.0 gpu_alloc=452.7MiB gpu_reserved=12288.0MiB skipped_batches=0
2026-09-14 08:00:29,803 | INFO | epoch=13 batch=425 global_step=3956 loss_reg_months=5.0714 disagreement_months=2.6586 artifact_factor=1.00 lr=0.00014765 grad_norm=0.8197 throughput=20.07 img/s eta_seconds=178.4 gpu_alloc=561.7MiB gpu_reserved=12288.0MiB skipped_batches=0
2026-09-14 08:00:50,803 | INFO | epoch=13 batch=450 global_step=3969 loss_reg_months=5.0602 disagreement_months=2.4622 artifact_factor=1.00 lr=0.00014765 grad_norm=1.4415 throughput=20.14 img/s eta_seconds=155.4 gpu_alloc=452.7MiB gpu_reserved=12288.0MiB skipped_batches=0
2026-09-14 08:01:12,028 | INFO | epoch=13 batch=475 global_step=3981 loss_reg_months=5.0632 disagreement_months=2.6108 artifact_factor=1.00 lr=0.00014765 grad_norm=1.1557 throughput=20.19 img/s eta_seconds=132.7 gpu_alloc=561.7MiB gpu_reserved=12288.0MiB skipped_batches=0
2026-09-14 08:01:33,045 | INFO | epoch=13 batch=500 global_step=3994 loss_reg_months=5.0676 disagreement_months=2.8852 artifact_factor=1.00 lr=0.00014765 grad_norm=2.2916 throughput=20.25 img/s eta_seconds=110.1 gpu_alloc=452.7MiB gpu_reserved=12288.0MiB skipped_batches=0
2026-09-14 08:02:01,840 | INFO | epoch=13 batch=525 global_step=4006 loss_reg_months=5.0636 disagreement_months=2.9456 artifact_factor=1.00 lr=0.00014765 grad_norm=0.8945 throughput=19.97 img/s eta_seconds=89.1 gpu_alloc=561.7MiB gpu_reserved=12288.0MiB skipped_batches=0
2026-09-14 08:02:23,757 | INFO | epoch=13 batch=550 global_step=4019 loss_reg_months=5.0640 disagreement_months=2.6209 artifact_factor=1.00 lr=0.00014765 grad_norm=0.8960 throughput=19.99 img/s eta_seconds=66.5 gpu_alloc=452.7MiB gpu_reserved=12288.0MiB skipped_batches=0
2026-09-14 08:02:46,008 | INFO | epoch=13 batch=575 global_step=4031 loss_reg_months=5.0604 disagreement_months=1.8996 artifact_factor=1.00 lr=0.00014765 grad_norm=1.7825 throughput=20.00 img/s eta_seconds=43.9 gpu_alloc=561.7MiB gpu_reserved=12288.0MiB skipped_batches=0
2026-09-14 08:03:06,937 | INFO | epoch=13 batch=600 global_step=4044 loss_reg_months=5.0678 disagreement_months=2.2684 artifact_factor=1.00 lr=0.00014765 grad_norm=1.9978 throughput=20.06 img/s eta_seconds=21.4 gpu_alloc=452.7MiB gpu_reserved=12288.0MiB skipped_batches=0
2026-09-14 08:03:55,486 | WARNING | STABILITY WARNING [CAM] Prediction vượt nhẹ miền tuổi 0–228: [-6.39, 231.12]
2026-09-14 08:03:55,490 | INFO | 
TRAINING REVIEW SNAPSHOT
Run ID / config hash / split hash: C3_Z26_C3_ROI_V2_PILOT_C_V2_FOLD_4_SEED_42 / 0dae5b28ed0b / f82483c670fc+60440af4a7bb
Epoch / global step: 13 / 4056
Train loss: 5.0786
Validation MAE / RMSE / median AE: 6.7383 / 8.8570 / 5.3750
MAE nam / nữ / age bins: {'F': 6.940944187743191, 'M': 6.56727373521682} / {'60-119': 7.1869758064516125, '120-179': 6.4906269446173, '0-59': 7.389162884078212, '180-228': 6.469512195121951}
Learning rate / peak VRAM: 0.00014765 / 12288.0 MiB
Best epoch / best MAE / epochs không cải thiện: 12 / 6.4219 / 1
Cảnh báo hiện tại: CAM: Prediction vượt nhẹ miền tuổi 0–228: [-6.39, 231.12]
Checkpoint gần nhất: /content/C3_Z26_C3_ROI_V2_PILOTS/runs/C3_Z26_C3_ROI_V2_PILOT_C_V2_FOLD_4_SEED_42/last.ckpt
Checkpoint tốt nhất: /content/C3_Z26_C3_ROI_V2_PILOTS/runs/C3_Z26_C3_ROI_V2_PILOT_C_V2_FOLD_4_SEED_42/best_mae.ckpt
Đề xuất tự động: THEO DÕI
2026-09-14 08:04:32,021 | INFO | epoch=14 batch=25 global_step=4068 loss_reg_months=4.9695 disagreement_months=3.7135 artifact_factor=1.00 lr=0.00013961 grad_norm=1.1669 throughput=17.73 img/s eta_seconds=608.0 gpu_alloc=561.7MiB gpu_reserved=12288.0MiB skipped_batches=0
2026-09-14 08:04:54,267 | INFO | epoch=14 batch=50 global_step=4081 loss_reg_months=5.0021 disagreement_months=2.0531 artifact_factor=1.00 lr=0.00013961 grad_norm=1.6974 throughput=18.90 img/s eta_seconds=546.6 gpu_alloc=452.7MiB gpu_reserved=12288.0MiB skipped_batches=0
2026-09-14 08:05:15,311 | INFO | epoch=14 batch=75 global_step=4093 loss_reg_months=5.0091 disagreement_months=1.8933 artifact_factor=1.00 lr=0.00013961 grad_norm=1.8542 throughput=19.66 img/s eta_seconds=502.5 gpu_alloc=561.7MiB gpu_reserved=12288.0MiB skipped_batches=0
2026-09-14 08:05:36,195 | INFO | epoch=14 batch=100 global_step=4106 loss_reg_months=5.0487 disagreement_months=1.9184 artifact_factor=1.00 lr=0.00013961 grad_norm=1.4453 throughput=20.10 img/s eta_seconds=469.1 gpu_alloc=452.7MiB gpu_reserved=12288.0MiB skipped_batches=0
2026-09-14 08:05:57,366 | INFO | epoch=14 batch=125 global_step=4118 loss_reg_months=5.1218 disagreement_months=1.9033 artifact_factor=1.00 lr=0.00013961 grad_norm=1.9638 throughput=20.32 img/s eta_seconds=441.9 gpu_alloc=561.7MiB gpu_reserved=12288.0MiB skipped_batches=0
2026-09-14 08:06:18,479 | INFO | epoch=14 batch=150 global_step=4131 loss_reg_months=5.1612 disagreement_months=1.8681 artifact_factor=1.00 lr=0.00013961 grad_norm=1.6466 throughput=20.48 img/s eta_seconds=416.5 gpu_alloc=452.7MiB gpu_reserved=12288.0MiB skipped_batches=0
2026-09-14 08:06:39,478 | INFO | epoch=14 batch=175 global_step=4143 loss_reg_months=5.1563 disagreement_months=2.0783 artifact_factor=1.00 lr=0.00013961 grad_norm=1.4538 throughput=20.61 img/s eta_seconds=392.0 gpu_alloc=561.7MiB gpu_reserved=12288.0MiB skipped_batches=0
2026-09-14 08:07:00,535 | INFO | epoch=14 batch=200 global_step=4156 loss_reg_months=5.1347 disagreement_months=2.6737 artifact_factor=1.00 lr=0.00013961 grad_norm=1.7323 throughput=20.70 img/s eta_seconds=368.5 gpu_alloc=452.7MiB gpu_reserved=12288.0MiB skipped_batches=0
2026-09-14 08:07:21,497 | INFO | epoch=14 batch=225 global_step=4168 loss_reg_months=5.0965 disagreement_months=1.6667 artifact_factor=1.00 lr=0.00013961 grad_norm=2.2727 throughput=20.78 img/s eta_seconds=345.4 gpu_alloc=561.7MiB gpu_reserved=12288.0MiB skipped_batches=0
2026-09-14 08:07:42,579 | INFO | epoch=14 batch=250 global_step=4181 loss_reg_months=5.0749 disagreement_months=1.8819 artifact_factor=1.00 lr=0.00013961 grad_norm=1.0139 throughput=20.84 img/s eta_seconds=322.9 gpu_alloc=452.7MiB gpu_reserved=12288.0MiB skipped_batches=0
2026-09-14 08:08:03,591 | INFO | epoch=14 batch=275 global_step=4193 loss_reg_months=5.0565 disagreement_months=2.4799 artifact_factor=1.00 lr=0.00013961 grad_norm=1.2973 throughput=20.89 img/s eta_seconds=300.6 gpu_alloc=561.7MiB gpu_reserved=12288.0MiB skipped_batches=0
2026-09-14 08:08:24,769 | INFO | epoch=14 batch=300 global_step=4206 loss_reg_months=5.0169 disagreement_months=1.9373 artifact_factor=1.00 lr=0.00013961 grad_norm=1.2972 throughput=20.92 img/s eta_seconds=278.6 gpu_alloc=452.7MiB gpu_reserved=12288.0MiB skipped_batches=0
2026-09-14 08:08:45,806 | INFO | epoch=14 batch=325 global_step=4218 loss_reg_months=5.0019 disagreement_months=2.3074 artifact_factor=1.00 lr=0.00013961 grad_norm=2.5355 throughput=20.96 img/s eta_seconds=256.7 gpu_alloc=561.7MiB gpu_reserved=12288.0MiB skipped_batches=0
2026-09-14 08:09:14,279 | INFO | epoch=14 batch=350 global_step=4231 loss_reg_months=5.0254 disagreement_months=1.6730 artifact_factor=1.00 lr=0.00013961 grad_norm=1.9365 throughput=20.48 img/s eta_seconds=240.7 gpu_alloc=452.7MiB gpu_reserved=12288.0MiB skipped_batches=0
2026-09-14 08:09:36,031 | INFO | epoch=14 batch=375 global_step=4243 loss_reg_months=5.0241 disagreement_months=1.8920 artifact_factor=1.00 lr=0.00013961 grad_norm=0.7780 throughput=20.49 img/s eta_seconds=218.6 gpu_alloc=561.7MiB gpu_reserved=12288.0MiB skipped_batches=0
2026-09-14 08:10:01,513 | INFO | epoch=14 batch=400 global_step=4256 loss_reg_months=5.0114 disagreement_months=1.9713 artifact_factor=1.00 lr=0.00013961 grad_norm=1.1613 throughput=20.29 img/s eta_seconds=198.6 gpu_alloc=452.7MiB gpu_reserved=12288.0MiB skipped_batches=0
2026-09-14 08:10:23,115 | INFO | epoch=14 batch=425 global_step=4268 loss_reg_months=5.0118 disagreement_months=2.0267 artifact_factor=1.00 lr=0.00013961 grad_norm=0.9348 throughput=20.32 img/s eta_seconds=176.1 gpu_alloc=561.7MiB gpu_reserved=12288.0MiB skipped_batches=0
2026-09-14 08:10:46,444 | INFO | epoch=14 batch=450 global_step=4281 loss_reg_months=4.9940 disagreement_months=2.7165 artifact_factor=1.00 lr=0.00013961 grad_norm=1.1244 throughput=20.26 img/s eta_seconds=154.4 gpu_alloc=452.7MiB gpu_reserved=12288.0MiB skipped_batches=0
2026-09-14 08:11:09,000 | INFO | epoch=14 batch=475 global_step=4293 loss_reg_months=4.9923 disagreement_months=3.1999 artifact_factor=1.00 lr=0.00013961 grad_norm=1.0447 throughput=20.24 img/s eta_seconds=132.3 gpu_alloc=561.7MiB gpu_reserved=12288.0MiB skipped_batches=0
2026-09-14 08:11:30,071 | INFO | epoch=14 batch=500 global_step=4306 loss_reg_months=5.0077 disagreement_months=4.6425 artifact_factor=1.00 lr=0.00013961 grad_norm=1.8271 throughput=20.30 img/s eta_seconds=109.8 gpu_alloc=452.7MiB gpu_reserved=12288.0MiB skipped_batches=0
2026-09-14 08:11:51,096 | INFO | epoch=14 batch=525 global_step=4318 loss_reg_months=4.9924 disagreement_months=2.1475 artifact_factor=1.00 lr=0.00013961 grad_norm=1.8135 throughput=20.35 img/s eta_seconds=87.4 gpu_alloc=561.7MiB gpu_reserved=12288.0MiB skipped_batches=0
2026-09-14 08:12:12,155 | INFO | epoch=14 batch=550 global_step=4331 loss_reg_months=5.0042 disagreement_months=2.2117 artifact_factor=1.00 lr=0.00013961 grad_norm=1.6978 throughput=20.39 img/s eta_seconds=65.2 gpu_alloc=452.7MiB gpu_reserved=12288.0MiB skipped_batches=0
2026-09-14 08:12:33,159 | INFO | epoch=14 batch=575 global_step=4343 loss_reg_months=4.9914 disagreement_months=1.7800 artifact_factor=1.00 lr=0.00013961 grad_norm=0.9416 throughput=20.43 img/s eta_seconds=43.0 gpu_alloc=561.7MiB gpu_reserved=12288.0MiB skipped_batches=0
2026-09-14 08:12:54,373 | INFO | epoch=14 batch=600 global_step=4356 loss_reg_months=4.9923 disagreement_months=2.9456 artifact_factor=1.00 lr=0.00013961 grad_norm=1.6135 throughput=20.47 img/s eta_seconds=21.0 gpu_alloc=452.7MiB gpu_reserved=12288.0MiB skipped_batches=0
2026-09-14 08:13:43,244 | INFO | 
TRAINING REVIEW SNAPSHOT
Run ID / config hash / split hash: C3_Z26_C3_ROI_V2_PILOT_C_V2_FOLD_4_SEED_42 / 0dae5b28ed0b / f82483c670fc+60440af4a7bb
Epoch / global step: 14 / 4368
Train loss: 5.0264
Validation MAE / RMSE / median AE: 6.5381 / 8.7764 / 5.1250
MAE nam / nữ / age bins: {'F': 6.721422057392996, 'M': 6.383336070959264} / {'60-119': 7.441411290322581, '120-179': 5.869671748599876, '0-59': 8.768483763966481, '180-228': 6.435975609756097}
Learning rate / peak VRAM: 0.00013961 / 12288.0 MiB
Best epoch / best MAE / epochs không cải thiện: 12 / 6.4219 / 2
Cảnh báo hiện tại: KHÔNG
Checkpoint gần nhất: /content/C3_Z26_C3_ROI_V2_PILOTS/runs/C3_Z26_C3_ROI_V2_PILOT_C_V2_FOLD_4_SEED_42/last.ckpt
Checkpoint tốt nhất: /content/C3_Z26_C3_ROI_V2_PILOTS/runs/C3_Z26_C3_ROI_V2_PILOT_C_V2_FOLD_4_SEED_42/best_mae.ckpt
Đề xuất tự động: TIẾP TỤC
2026-09-14 08:14:18,689 | INFO | epoch=15 batch=25 global_step=4380 loss_reg_months=4.8567 disagreement_months=2.7618 artifact_factor=1.00 lr=0.00013125 grad_norm=1.7660 throughput=17.41 img/s eta_seconds=619.0 gpu_alloc=561.7MiB gpu_reserved=12288.0MiB skipped_batches=0
2026-09-14 08:14:41,642 | INFO | epoch=15 batch=50 global_step=4393 loss_reg_months=4.9846 disagreement_months=1.9033 artifact_factor=1.00 lr=0.00013125 grad_norm=0.8921 throughput=18.44 img/s eta_seconds=560.0 gpu_alloc=452.7MiB gpu_reserved=12288.0MiB skipped_batches=0
2026-09-14 08:15:02,797 | INFO | epoch=15 batch=75 global_step=4405 loss_reg_months=5.0002 disagreement_months=2.7618 artifact_factor=1.00 lr=0.00013125 grad_norm=1.9421 throughput=19.30 img/s eta_seconds=511.9 gpu_alloc=561.7MiB gpu_reserved=12288.0MiB skipped_batches=0
2026-09-14 08:15:23,870 | INFO | epoch=15 batch=100 global_step=4418 loss_reg_months=5.0378 disagreement_months=1.6465 artifact_factor=1.00 lr=0.00013125 grad_norm=0.9984 throughput=19.77 img/s eta_seconds=476.8 gpu_alloc=452.7MiB gpu_reserved=12288.0MiB skipped_batches=0
2026-09-14 08:15:45,038 | INFO | epoch=15 batch=125 global_step=4430 loss_reg_months=5.0605 disagreement_months=2.8399 artifact_factor=1.00 lr=0.00013125 grad_norm=1.3041 throughput=20.05 img/s eta_seconds=447.7 gpu_alloc=561.7MiB gpu_reserved=12288.0MiB skipped_batches=0
2026-09-14 08:16:06,175 | INFO | epoch=15 batch=150 global_step=4443 loss_reg_months=4.9872 disagreement_months=2.5353 artifact_factor=1.00 lr=0.00013125 grad_norm=1.4302 throughput=20.25 img/s eta_seconds=421.2 gpu_alloc=452.7MiB gpu_reserved=12288.0MiB skipped_batches=0
2026-09-14 08:16:27,274 | INFO | epoch=15 batch=175 global_step=4455 loss_reg_months=5.0119 disagreement_months=2.0657 artifact_factor=1.00 lr=0.00013125 grad_norm=1.1048 throughput=20.40 img/s eta_seconds=396.1 gpu_alloc=561.7MiB gpu_reserved=12288.0MiB skipped_batches=0
2026-09-14 08:16:48,461 | INFO | epoch=15 batch=200 global_step=4468 loss_reg_months=5.0045 disagreement_months=2.4396 artifact_factor=1.00 lr=0.00013125 grad_norm=1.2936 throughput=20.50 img/s eta_seconds=372.2 gpu_alloc=452.7MiB gpu_reserved=12288.0MiB skipped_batches=0
2026-09-14 08:17:09,636 | INFO | epoch=15 batch=225 global_step=4480 loss_reg_months=4.9990 disagreement_months=1.6692 artifact_factor=1.00 lr=0.00013125 grad_norm=1.6436 throughput=20.58 img/s eta_seconds=348.8 gpu_alloc=561.7MiB gpu_reserved=12288.0MiB skipped_batches=0
2026-09-14 08:17:30,959 | INFO | epoch=15 batch=250 global_step=4493 loss_reg_months=4.9846 disagreement_months=2.0745 artifact_factor=1.00 lr=0.00013125 grad_norm=1.0127 throughput=20.63 img/s eta_seconds=326.2 gpu_alloc=452.7MiB gpu_reserved=12288.0MiB skipped_batches=0
2026-09-14 08:17:56,430 | INFO | epoch=15 batch=275 global_step=4505 loss_reg_months=4.9761 disagreement_months=1.8064 artifact_factor=1.00 lr=0.00013125 grad_norm=1.3568 throughput=20.32 img/s eta_seconds=309.0 gpu_alloc=561.7MiB gpu_reserved=12288.0MiB skipped_batches=0
2026-09-14 08:18:20,910 | INFO | epoch=15 batch=300 global_step=4518 loss_reg_months=4.9810 disagreement_months=2.0481 artifact_factor=1.00 lr=0.00013125 grad_norm=1.4054 throughput=20.14 img/s eta_seconds=289.4 gpu_alloc=452.7MiB gpu_reserved=12288.0MiB skipped_batches=0
2026-09-14 08:18:43,709 | INFO | epoch=15 batch=325 global_step=4530 loss_reg_months=5.0635 disagreement_months=2.3125 artifact_factor=1.00 lr=0.00013125 grad_norm=1.9754 throughput=20.11 img/s eta_seconds=267.4 gpu_alloc=561.7MiB gpu_reserved=12288.0MiB skipped_batches=0
2026-09-14 08:19:04,933 | INFO | epoch=15 batch=350 global_step=4543 loss_reg_months=5.0855 disagreement_months=1.5911 artifact_factor=1.00 lr=0.00013125 grad_norm=1.1587 throughput=20.19 img/s eta_seconds=244.2 gpu_alloc=452.7MiB gpu_reserved=12288.0MiB skipped_batches=0
2026-09-14 08:19:26,014 | INFO | epoch=15 batch=375 global_step=4555 loss_reg_months=5.0879 disagreement_months=3.3686 artifact_factor=1.00 lr=0.00013125 grad_norm=1.1148 throughput=20.26 img/s eta_seconds=221.1 gpu_alloc=561.7MiB gpu_reserved=12288.0MiB skipped_batches=0
2026-09-14 08:19:47,445 | INFO | epoch=15 batch=400 global_step=4568 loss_reg_months=5.0490 disagreement_months=2.0229 artifact_factor=1.00 lr=0.00013125 grad_norm=0.9732 throughput=20.30 img/s eta_seconds=198.4 gpu_alloc=452.7MiB gpu_reserved=12288.0MiB skipped_batches=0
2026-09-14 08:20:08,646 | INFO | epoch=15 batch=425 global_step=4580 loss_reg_months=5.0383 disagreement_months=2.2634 artifact_factor=1.00 lr=0.00013125 grad_norm=1.6226 throughput=20.36 img/s eta_seconds=175.8 gpu_alloc=561.7MiB gpu_reserved=12288.0MiB skipped_batches=0
2026-09-14 08:20:29,807 | INFO | epoch=15 batch=450 global_step=4593 loss_reg_months=5.0206 disagreement_months=2.1274 artifact_factor=1.00 lr=0.00013125 grad_norm=1.0396 throughput=20.40 img/s eta_seconds=153.3 gpu_alloc=452.7MiB gpu_reserved=12288.0MiB skipped_batches=0
2026-09-14 08:20:51,115 | INFO | epoch=15 batch=475 global_step=4605 loss_reg_months=4.9711 disagreement_months=1.9612 artifact_factor=1.00 lr=0.00013125 grad_norm=1.4004 throughput=20.44 img/s eta_seconds=131.1 gpu_alloc=561.7MiB gpu_reserved=12288.0MiB skipped_batches=0
2026-09-14 08:21:12,357 | INFO | epoch=15 batch=500 global_step=4618 loss_reg_months=4.9546 disagreement_months=2.7090 artifact_factor=1.00 lr=0.00013125 grad_norm=1.0933 throughput=20.48 img/s eta_seconds=108.9 gpu_alloc=452.7MiB gpu_reserved=12288.0MiB skipped_batches=0
2026-09-14 08:21:33,600 | INFO | epoch=15 batch=525 global_step=4630 loss_reg_months=4.9539 disagreement_months=2.7644 artifact_factor=1.00 lr=0.00013125 grad_norm=0.9045 throughput=20.51 img/s eta_seconds=86.7 gpu_alloc=561.7MiB gpu_reserved=12288.0MiB skipped_batches=0
2026-09-14 08:21:54,819 | INFO | epoch=15 batch=550 global_step=4643 loss_reg_months=4.9646 disagreement_months=1.8429 artifact_factor=1.00 lr=0.00013125 grad_norm=0.8423 throughput=20.54 img/s eta_seconds=64.7 gpu_alloc=452.7MiB gpu_reserved=12288.0MiB skipped_batches=0
2026-09-14 08:22:15,966 | INFO | epoch=15 batch=575 global_step=4655 loss_reg_months=4.9591 disagreement_months=2.3099 artifact_factor=1.00 lr=0.00013125 grad_norm=1.5419 throughput=20.57 img/s eta_seconds=42.7 gpu_alloc=561.7MiB gpu_reserved=12288.0MiB skipped_batches=0
2026-09-14 08:22:37,419 | INFO | epoch=15 batch=600 global_step=4668 loss_reg_months=4.9489 disagreement_months=1.8895 artifact_factor=1.00 lr=0.00013125 grad_norm=1.1814 throughput=20.59 img/s eta_seconds=20.8 gpu_alloc=452.7MiB gpu_reserved=12288.0MiB skipped_batches=0
2026-09-14 08:23:42,793 | WARNING | STABILITY WARNING [CAM] Validation MAE xấu đi trong khi train loss giảm
2026-09-14 08:23:42,794 | INFO | 
TRAINING REVIEW SNAPSHOT
Run ID / config hash / split hash: C3_Z26_C3_ROI_V2_PILOT_C_V2_FOLD_4_SEED_42 / 0dae5b28ed0b / f82483c670fc+60440af4a7bb
Epoch / global step: 15 / 4680
Train loss: 4.9535
Validation MAE / RMSE / median AE: 6.6439 / 8.8515 / 5.1250
MAE nam / nữ / age bins: {'F': 6.945069309338521, 'M': 6.389711317345598} / {'60-119': 8.104717741935485, '120-179': 5.813939016801493, '0-59': 6.96172311452514, '180-228': 7.232723577235772}
Learning rate / peak VRAM: 0.00013125 / 12288.0 MiB
Best epoch / best MAE / epochs không cải thiện: 12 / 6.4219 / 3
Cảnh báo hiện tại: CAM: Validation MAE xấu đi trong khi train loss giảm
Checkpoint gần nhất: /content/C3_Z26_C3_ROI_V2_PILOTS/runs/C3_Z26_C3_ROI_V2_PILOT_C_V2_FOLD_4_SEED_42/last.ckpt
Checkpoint tốt nhất: /content/C3_Z26_C3_ROI_V2_PILOTS/runs/C3_Z26_C3_ROI_V2_PILOT_C_V2_FOLD_4_SEED_42/best_mae.ckpt
Đề xuất tự động: THEO DÕI
2026-09-14 08:24:26,633 | INFO | epoch=16 batch=25 global_step=4692 loss_reg_months=4.9966 disagreement_months=1.9285 artifact_factor=1.00 lr=0.00012264 grad_norm=0.8281 throughput=16.18 img/s eta_seconds=666.1 gpu_alloc=561.7MiB gpu_reserved=12288.0MiB skipped_batches=0
2026-09-14 08:24:50,302 | INFO | epoch=16 batch=50 global_step=4705 loss_reg_months=4.5781 disagreement_months=1.9663 artifact_factor=1.00 lr=0.00012264 grad_norm=1.3858 throughput=17.48 img/s eta_seconds=590.7 gpu_alloc=452.7MiB gpu_reserved=12288.0MiB skipped_batches=0
2026-09-14 08:25:14,697 | INFO | epoch=16 batch=75 global_step=4717 loss_reg_months=4.6801 disagreement_months=1.5672 artifact_factor=1.00 lr=0.00012264 grad_norm=2.0271 throughput=17.79 img/s eta_seconds=555.2 gpu_alloc=561.7MiB gpu_reserved=12288.0MiB skipped_batches=0
2026-09-14 08:25:37,834 | INFO | epoch=16 batch=100 global_step=4730 loss_reg_months=4.6685 disagreement_months=1.5861 artifact_factor=1.00 lr=0.00012264 grad_norm=1.2572 throughput=18.18 img/s eta_seconds=518.6 gpu_alloc=452.7MiB gpu_reserved=12288.0MiB skipped_batches=0
2026-09-14 08:25:59,294 | INFO | epoch=16 batch=125 global_step=4742 loss_reg_months=4.6719 disagreement_months=2.9154 artifact_factor=1.00 lr=0.00012264 grad_norm=1.0516 throughput=18.68 img/s eta_seconds=480.8 gpu_alloc=561.7MiB gpu_reserved=12288.0MiB skipped_batches=0
2026-09-14 08:26:26,572 | INFO | epoch=16 batch=150 global_step=4755 loss_reg_months=4.6229 disagreement_months=1.9109 artifact_factor=1.00 lr=0.00012264 grad_norm=1.1391 throughput=18.27 img/s eta_seconds=466.7 gpu_alloc=452.7MiB gpu_reserved=12288.0MiB skipped_batches=0
2026-09-14 08:26:51,148 | INFO | epoch=16 batch=175 global_step=4767 loss_reg_months=4.6525 disagreement_months=1.7372 artifact_factor=1.00 lr=0.00012264 grad_norm=1.1637 throughput=18.28 img/s eta_seconds=442.0 gpu_alloc=561.7MiB gpu_reserved=12288.0MiB skipped_batches=0
2026-09-14 08:27:13,996 | INFO | epoch=16 batch=200 global_step=4780 loss_reg_months=4.6050 disagreement_months=1.4212 artifact_factor=1.00 lr=0.00012264 grad_norm=1.7990 throughput=18.45 img/s eta_seconds=413.6 gpu_alloc=452.7MiB gpu_reserved=12288.0MiB skipped_batches=0
2026-09-14 08:27:35,275 | INFO | epoch=16 batch=225 global_step=4792 loss_reg_months=4.5821 disagreement_months=2.0066 artifact_factor=1.00 lr=0.00012264 grad_norm=1.1379 throughput=18.71 img/s eta_seconds=383.7 gpu_alloc=561.7MiB gpu_reserved=12288.0MiB skipped_batches=0
2026-09-14 08:27:56,575 | INFO | epoch=16 batch=250 global_step=4805 loss_reg_months=4.6086 disagreement_months=3.0816 artifact_factor=1.00 lr=0.00012264 grad_norm=1.8163 throughput=18.93 img/s eta_seconds=355.5 gpu_alloc=452.7MiB gpu_reserved=12288.0MiB skipped_batches=0
2026-09-14 08:28:17,818 | INFO | epoch=16 batch=275 global_step=4817 loss_reg_months=4.6229 disagreement_months=2.3892 artifact_factor=1.00 lr=0.00012264 grad_norm=0.9323 throughput=19.11 img/s eta_seconds=328.5 gpu_alloc=561.7MiB gpu_reserved=12288.0MiB skipped_batches=0
2026-09-14 08:28:39,187 | INFO | epoch=16 batch=300 global_step=4830 loss_reg_months=4.5962 disagreement_months=2.3955 artifact_factor=1.00 lr=0.00012264 grad_norm=1.5764 throughput=19.26 img/s eta_seconds=302.6 gpu_alloc=452.7MiB gpu_reserved=12288.0MiB skipped_batches=0
2026-09-14 08:29:00,549 | INFO | epoch=16 batch=325 global_step=4842 loss_reg_months=4.6099 disagreement_months=2.1098 artifact_factor=1.00 lr=0.00012264 grad_norm=1.3669 throughput=19.39 img/s eta_seconds=277.4 gpu_alloc=561.7MiB gpu_reserved=12288.0MiB skipped_batches=0
2026-09-14 08:29:21,968 | INFO | epoch=16 batch=350 global_step=4855 loss_reg_months=4.6262 disagreement_months=1.7498 artifact_factor=1.00 lr=0.00012264 grad_norm=1.3199 throughput=19.50 img/s eta_seconds=252.8 gpu_alloc=452.7MiB gpu_reserved=12288.0MiB skipped_batches=0
2026-09-14 08:29:43,092 | INFO | epoch=16 batch=375 global_step=4867 loss_reg_months=4.6195 disagreement_months=2.9935 artifact_factor=1.00 lr=0.00012264 grad_norm=0.9248 throughput=19.61 img/s eta_seconds=228.4 gpu_alloc=561.7MiB gpu_reserved=12288.0MiB skipped_batches=0
2026-09-14 08:30:04,236 | INFO | epoch=16 batch=400 global_step=4880 loss_reg_months=4.6272 disagreement_months=2.5164 artifact_factor=1.00 lr=0.00012264 grad_norm=1.4284 throughput=19.70 img/s eta_seconds=204.5 gpu_alloc=452.7MiB gpu_reserved=12288.0MiB skipped_batches=0
2026-09-14 08:30:25,512 | INFO | epoch=16 batch=425 global_step=4892 loss_reg_months=4.6413 disagreement_months=3.2377 artifact_factor=1.00 lr=0.00012264 grad_norm=1.0769 throughput=19.78 img/s eta_seconds=180.9 gpu_alloc=561.7MiB gpu_reserved=12288.0MiB skipped_batches=0
2026-09-14 08:30:46,687 | INFO | epoch=16 batch=450 global_step=4905 loss_reg_months=4.6475 disagreement_months=4.6425 artifact_factor=1.00 lr=0.00012264 grad_norm=1.7475 throughput=19.86 img/s eta_seconds=157.6 gpu_alloc=452.7MiB gpu_reserved=12288.0MiB skipped_batches=0
2026-09-14 08:31:07,984 | INFO | epoch=16 batch=475 global_step=4917 loss_reg_months=4.6492 disagreement_months=1.9109 artifact_factor=1.00 lr=0.00012264 grad_norm=1.5174 throughput=19.92 img/s eta_seconds=134.5 gpu_alloc=561.7MiB gpu_reserved=12288.0MiB skipped_batches=0
2026-09-14 08:31:34,468 | INFO | epoch=16 batch=500 global_step=4930 loss_reg_months=4.6714 disagreement_months=1.5433 artifact_factor=1.00 lr=0.00012264 grad_norm=1.2349 throughput=19.75 img/s eta_seconds=112.8 gpu_alloc=452.7MiB gpu_reserved=12288.0MiB skipped_batches=0
2026-09-14 08:31:59,918 | INFO | epoch=16 batch=525 global_step=4942 loss_reg_months=4.6918 disagreement_months=1.9663 artifact_factor=1.00 lr=0.00012264 grad_norm=1.5577 throughput=19.64 img/s eta_seconds=90.6 gpu_alloc=561.7MiB gpu_reserved=12288.0MiB skipped_batches=0
2026-09-14 08:32:22,758 | INFO | epoch=16 batch=550 global_step=4955 loss_reg_months=4.7025 disagreement_months=1.5849 artifact_factor=1.00 lr=0.00012264 grad_norm=1.2618 throughput=19.65 img/s eta_seconds=67.6 gpu_alloc=452.7MiB gpu_reserved=12288.0MiB skipped_batches=0
2026-09-14 08:32:44,051 | INFO | epoch=16 batch=575 global_step=4967 loss_reg_months=4.6864 disagreement_months=1.7057 artifact_factor=1.00 lr=0.00012264 grad_norm=1.2278 throughput=19.71 img/s eta_seconds=44.6 gpu_alloc=561.7MiB gpu_reserved=12288.0MiB skipped_batches=0
2026-09-14 08:33:05,406 | INFO | epoch=16 batch=600 global_step=4980 loss_reg_months=4.6808 disagreement_months=3.3434 artifact_factor=1.00 lr=0.00012264 grad_norm=1.2413 throughput=19.76 img/s eta_seconds=21.7 gpu_alloc=452.7MiB gpu_reserved=12288.0MiB skipped_batches=0
2026-09-14 08:33:56,740 | INFO | 
TRAINING REVIEW SNAPSHOT
Run ID / config hash / split hash: C3_Z26_C3_ROI_V2_PILOT_C_V2_FOLD_4_SEED_42 / 0dae5b28ed0b / f82483c670fc+60440af4a7bb
Epoch / global step: 16 / 4992
Train loss: 4.6891
Validation MAE / RMSE / median AE: 6.4986 / 8.8382 / 4.8125
MAE nam / nữ / age bins: {'F': 6.598267266536965, 'M': 6.4144731438896185} / {'60-119': 6.746733870967742, '120-179': 6.262484443061606, '0-59': 8.214079958100559, '180-228': 6.0111788617886175}
Learning rate / peak VRAM: 0.00012264 / 12288.0 MiB
Best epoch / best MAE / epochs không cải thiện: 12 / 6.4219 / 4
Cảnh báo hiện tại: KHÔNG
Checkpoint gần nhất: /content/C3_Z26_C3_ROI_V2_PILOTS/runs/C3_Z26_C3_ROI_V2_PILOT_C_V2_FOLD_4_SEED_42/last.ckpt
Checkpoint tốt nhất: /content/C3_Z26_C3_ROI_V2_PILOTS/runs/C3_Z26_C3_ROI_V2_PILOT_C_V2_FOLD_4_SEED_42/best_mae.ckpt
Đề xuất tự động: TIẾP TỤC
2026-09-14 08:34:40,504 | INFO | epoch=17 batch=25 global_step=5004 loss_reg_months=4.5473 disagreement_months=2.8449 artifact_factor=1.00 lr=0.00011386 grad_norm=1.4019 throughput=12.57 img/s eta_seconds=857.3 gpu_alloc=561.7MiB gpu_reserved=12288.0MiB skipped_batches=0
2026-09-14 08:35:02,073 | INFO | epoch=17 batch=50 global_step=5017 loss_reg_months=4.9111 disagreement_months=2.0997 artifact_factor=1.00 lr=0.00011386 grad_norm=1.2363 throughput=15.69 img/s eta_seconds=658.3 gpu_alloc=452.7MiB gpu_reserved=12288.0MiB skipped_batches=0
2026-09-14 08:35:23,360 | INFO | epoch=17 batch=75 global_step=5029 loss_reg_months=4.7367 disagreement_months=2.0443 artifact_factor=1.00 lr=0.00011386 grad_norm=0.8272 throughput=17.17 img/s eta_seconds=575.5 gpu_alloc=561.7MiB gpu_reserved=12288.0MiB skipped_batches=0
2026-09-14 08:35:44,529 | INFO | epoch=17 batch=100 global_step=5042 loss_reg_months=4.5995 disagreement_months=2.0254 artifact_factor=1.00 lr=0.00011386 grad_norm=1.0820 throughput=18.03 img/s eta_seconds=522.9 gpu_alloc=452.7MiB gpu_reserved=12288.0MiB skipped_batches=0
2026-09-14 08:36:09,676 | INFO | epoch=17 batch=125 global_step=5054 loss_reg_months=4.5628 disagreement_months=2.4534 artifact_factor=1.00 lr=0.00011386 grad_norm=1.1270 throughput=18.01 img/s eta_seconds=498.7 gpu_alloc=561.7MiB gpu_reserved=12288.0MiB skipped_batches=0
2026-09-14 08:36:33,967 | INFO | epoch=17 batch=150 global_step=5067 loss_reg_months=4.5846 disagreement_months=2.1211 artifact_factor=1.00 lr=0.00011386 grad_norm=1.4091 throughput=18.09 img/s eta_seconds=471.5 gpu_alloc=452.7MiB gpu_reserved=12288.0MiB skipped_batches=0
2026-09-14 08:37:00,036 | INFO | epoch=17 batch=175 global_step=5079 loss_reg_months=4.5836 disagreement_months=3.1470 artifact_factor=1.00 lr=0.00011386 grad_norm=0.8002 throughput=17.97 img/s eta_seconds=449.7 gpu_alloc=561.7MiB gpu_reserved=12288.0MiB skipped_batches=0
2026-09-14 08:37:21,618 | INFO | epoch=17 batch=200 global_step=5092 loss_reg_months=4.5696 disagreement_months=1.1764 artifact_factor=1.00 lr=0.00011386 grad_norm=1.1822 throughput=18.28 img/s eta_seconds=417.3 gpu_alloc=452.7MiB gpu_reserved=12288.0MiB skipped_batches=0
2026-09-14 08:37:42,855 | INFO | epoch=17 batch=225 global_step=5104 loss_reg_months=4.6367 disagreement_months=2.6460 artifact_factor=1.00 lr=0.00011386 grad_norm=1.6466 throughput=18.57 img/s eta_seconds=386.7 gpu_alloc=561.7MiB gpu_reserved=12288.0MiB skipped_batches=0
2026-09-14 08:38:04,036 | INFO | epoch=17 batch=250 global_step=5117 loss_reg_months=4.6144 disagreement_months=1.6050 artifact_factor=1.00 lr=0.00011386 grad_norm=1.1101 throughput=18.80 img/s eta_seconds=357.9 gpu_alloc=452.7MiB gpu_reserved=12288.0MiB skipped_batches=0
2026-09-14 08:38:25,372 | INFO | epoch=17 batch=275 global_step=5129 loss_reg_months=4.6082 disagreement_months=3.5801 artifact_factor=1.00 lr=0.00011386 grad_norm=0.8699 throughput=18.99 img/s eta_seconds=330.6 gpu_alloc=561.7MiB gpu_reserved=12288.0MiB skipped_batches=0
2026-09-14 08:38:46,578 | INFO | epoch=17 batch=300 global_step=5142 loss_reg_months=4.6395 disagreement_months=2.1702 artifact_factor=1.00 lr=0.00011386 grad_norm=0.9677 throughput=19.16 img/s eta_seconds=304.3 gpu_alloc=452.7MiB gpu_reserved=12288.0MiB skipped_batches=0
2026-09-14 08:39:07,808 | INFO | epoch=17 batch=325 global_step=5154 loss_reg_months=4.6059 disagreement_months=1.4074 artifact_factor=1.00 lr=0.00011386 grad_norm=0.9323 throughput=19.30 img/s eta_seconds=278.7 gpu_alloc=561.7MiB gpu_reserved=12288.0MiB skipped_batches=0
2026-09-14 08:39:29,072 | INFO | epoch=17 batch=350 global_step=5167 loss_reg_months=4.6138 disagreement_months=2.8449 artifact_factor=1.00 lr=0.00011386 grad_norm=1.1116 throughput=19.42 img/s eta_seconds=253.8 gpu_alloc=452.7MiB gpu_reserved=12288.0MiB skipped_batches=0
2026-09-14 08:39:53,462 | INFO | epoch=17 batch=375 global_step=5179 loss_reg_months=4.6387 disagreement_months=2.1261 artifact_factor=1.00 lr=0.00011386 grad_norm=1.7470 throughput=19.35 img/s eta_seconds=231.4 gpu_alloc=561.7MiB gpu_reserved=12288.0MiB skipped_batches=0
2026-09-14 08:40:19,143 | INFO | epoch=17 batch=400 global_step=5192 loss_reg_months=4.6473 disagreement_months=1.4539 artifact_factor=1.00 lr=0.00011386 grad_norm=0.9559 throughput=19.23 img/s eta_seconds=209.5 gpu_alloc=452.7MiB gpu_reserved=12288.0MiB skipped_batches=0
2026-09-14 08:40:40,796 | INFO | epoch=17 batch=425 global_step=5204 loss_reg_months=4.6525 disagreement_months=1.9877 artifact_factor=1.00 lr=0.00011386 grad_norm=1.3573 throughput=19.31 img/s eta_seconds=185.3 gpu_alloc=561.7MiB gpu_reserved=12288.0MiB skipped_batches=0
2026-09-14 08:41:02,070 | INFO | epoch=17 batch=450 global_step=5217 loss_reg_months=4.6553 disagreement_months=2.5755 artifact_factor=1.00 lr=0.00011386 grad_norm=0.9103 throughput=19.41 img/s eta_seconds=161.2 gpu_alloc=452.7MiB gpu_reserved=12288.0MiB skipped_batches=0
2026-09-14 08:41:23,261 | INFO | epoch=17 batch=475 global_step=5229 loss_reg_months=4.6393 disagreement_months=2.1727 artifact_factor=1.00 lr=0.00011386 grad_norm=1.4217 throughput=19.50 img/s eta_seconds=137.4 gpu_alloc=561.7MiB gpu_reserved=12288.0MiB skipped_batches=0
2026-09-14 08:41:44,537 | INFO | epoch=17 batch=500 global_step=5242 loss_reg_months=4.6417 disagreement_months=2.9104 artifact_factor=1.00 lr=0.00011386 grad_norm=1.0132 throughput=19.57 img/s eta_seconds=113.9 gpu_alloc=452.7MiB gpu_reserved=12288.0MiB skipped_batches=0
2026-09-14 08:42:11,405 | INFO | epoch=17 batch=525 global_step=5254 loss_reg_months=4.6469 disagreement_months=1.8631 artifact_factor=1.00 lr=0.00011386 grad_norm=1.4139 throughput=19.42 img/s eta_seconds=91.6 gpu_alloc=561.7MiB gpu_reserved=12288.0MiB skipped_batches=0
2026-09-14 08:42:35,619 | INFO | epoch=17 batch=550 global_step=5267 loss_reg_months=4.6361 disagreement_months=3.5499 artifact_factor=1.00 lr=0.00011386 grad_norm=1.2146 throughput=19.38 img/s eta_seconds=68.6 gpu_alloc=452.7MiB gpu_reserved=12288.0MiB skipped_batches=0
2026-09-14 08:42:58,921 | INFO | epoch=17 batch=575 global_step=5279 loss_reg_months=4.6185 disagreement_months=3.6959 artifact_factor=1.00 lr=0.00011386 grad_norm=1.2611 throughput=19.37 img/s eta_seconds=45.4 gpu_alloc=561.7MiB gpu_reserved=12288.0MiB skipped_batches=0
2026-09-14 08:43:20,341 | INFO | epoch=17 batch=600 global_step=5292 loss_reg_months=4.6239 disagreement_months=1.6944 artifact_factor=1.00 lr=0.00011386 grad_norm=1.0684 throughput=19.44 img/s eta_seconds=22.1 gpu_alloc=452.7MiB gpu_reserved=12288.0MiB skipped_batches=0
2026-09-14 08:44:12,025 | WARNING | STABILITY WARNING [CAM] Validation MAE xấu đi trong khi train loss giảm
2026-09-14 08:44:12,026 | INFO | 
TRAINING REVIEW SNAPSHOT
Run ID / config hash / split hash: C3_Z26_C3_ROI_V2_PILOT_C_V2_FOLD_4_SEED_42 / 0dae5b28ed0b / f82483c670fc+60440af4a7bb
Epoch / global step: 17 / 5304
Train loss: 4.6226
Validation MAE / RMSE / median AE: 6.8597 / 9.1684 / 5.2500
MAE nam / nữ / age bins: {'F': 6.943172422178988, 'M': 6.789308886333771} / {'60-119': 6.578185483870968, '120-179': 6.673576540136901, '0-59': 8.550410265363128, '180-228': 7.732723577235772}
Learning rate / peak VRAM: 0.00011386 / 12288.0 MiB
Best epoch / best MAE / epochs không cải thiện: 12 / 6.4219 / 5
Cảnh báo hiện tại: CAM: Validation MAE xấu đi trong khi train loss giảm
Checkpoint gần nhất: /content/C3_Z26_C3_ROI_V2_PILOTS/runs/C3_Z26_C3_ROI_V2_PILOT_C_V2_FOLD_4_SEED_42/last.ckpt
Checkpoint tốt nhất: /content/C3_Z26_C3_ROI_V2_PILOTS/runs/C3_Z26_C3_ROI_V2_PILOT_C_V2_FOLD_4_SEED_42/best_mae.ckpt
Đề xuất tự động: THEO DÕI
2026-09-14 08:45:04,934 | INFO | epoch=18 batch=25 global_step=5316 loss_reg_months=4.6349 disagreement_months=1.6994 artifact_factor=1.00 lr=0.00010496 grad_norm=0.9674 throughput=18.44 img/s eta_seconds=584.6 gpu_alloc=561.7MiB gpu_reserved=12288.0MiB skipped_batches=0
2026-09-14 08:45:26,610 | INFO | epoch=18 batch=50 global_step=5329 loss_reg_months=4.6290 disagreement_months=1.5546 artifact_factor=1.00 lr=0.00010496 grad_norm=0.8827 throughput=19.53 img/s eta_seconds=528.9 gpu_alloc=452.7MiB gpu_reserved=12288.0MiB skipped_batches=0
2026-09-14 08:45:47,972 | INFO | epoch=18 batch=75 global_step=5341 loss_reg_months=4.5607 disagreement_months=1.9059 artifact_factor=1.00 lr=0.00010496 grad_norm=0.7010 throughput=20.02 img/s eta_seconds=493.5 gpu_alloc=561.7MiB gpu_reserved=12288.0MiB skipped_batches=0
2026-09-14 08:46:09,159 | INFO | epoch=18 batch=100 global_step=5354 loss_reg_months=4.5790 disagreement_months=2.8172 artifact_factor=1.00 lr=0.00010496 grad_norm=1.8886 throughput=20.31 img/s eta_seconds=464.3 gpu_alloc=452.7MiB gpu_reserved=12288.0MiB skipped_batches=0
2026-09-14 08:46:30,424 | INFO | epoch=18 batch=125 global_step=5366 loss_reg_months=4.5071 disagreement_months=2.2936 artifact_factor=1.00 lr=0.00010496 grad_norm=1.2152 throughput=20.47 img/s eta_seconds=438.6 gpu_alloc=561.7MiB gpu_reserved=12288.0MiB skipped_batches=0
2026-09-14 08:46:51,987 | INFO | epoch=18 batch=150 global_step=5379 loss_reg_months=4.4980 disagreement_months=3.1924 artifact_factor=1.00 lr=0.00010496 grad_norm=1.1573 throughput=20.54 img/s eta_seconds=415.3 gpu_alloc=452.7MiB gpu_reserved=12288.0MiB skipped_batches=0
2026-09-14 08:47:13,175 | INFO | epoch=18 batch=175 global_step=5391 loss_reg_months=4.4277 disagreement_months=2.2470 artifact_factor=1.00 lr=0.00010496 grad_norm=0.9819 throughput=20.64 img/s eta_seconds=391.5 gpu_alloc=561.7MiB gpu_reserved=12288.0MiB skipped_batches=0
2026-09-14 08:47:34,527 | INFO | epoch=18 batch=200 global_step=5404 loss_reg_months=4.4000 disagreement_months=2.2029 artifact_factor=1.00 lr=0.00010496 grad_norm=1.0448 throughput=20.69 img/s eta_seconds=368.7 gpu_alloc=452.7MiB gpu_reserved=12288.0MiB skipped_batches=0
2026-09-14 08:47:55,732 | INFO | epoch=18 batch=225 global_step=5416 loss_reg_months=4.3714 disagreement_months=2.2306 artifact_factor=1.00 lr=0.00010496 grad_norm=1.2800 throughput=20.75 img/s eta_seconds=346.0 gpu_alloc=561.7MiB gpu_reserved=12288.0MiB skipped_batches=0
2026-09-14 08:48:17,084 | INFO | epoch=18 batch=250 global_step=5429 loss_reg_months=4.3609 disagreement_months=2.5856 artifact_factor=1.00 lr=0.00010496 grad_norm=1.1848 throughput=20.78 img/s eta_seconds=323.8 gpu_alloc=452.7MiB gpu_reserved=12288.0MiB skipped_batches=0
2026-09-14 08:48:38,377 | INFO | epoch=18 batch=275 global_step=5441 loss_reg_months=4.3577 disagreement_months=1.8542 artifact_factor=1.00 lr=0.00010496 grad_norm=1.1413 throughput=20.81 img/s eta_seconds=301.7 gpu_alloc=561.7MiB gpu_reserved=12288.0MiB skipped_batches=0
2026-09-14 08:48:59,652 | INFO | epoch=18 batch=300 global_step=5454 loss_reg_months=4.3932 disagreement_months=2.5453 artifact_factor=1.00 lr=0.00010496 grad_norm=1.3436 throughput=20.84 img/s eta_seconds=279.7 gpu_alloc=452.7MiB gpu_reserved=12288.0MiB skipped_batches=0
2026-09-14 08:49:24,372 | INFO | epoch=18 batch=325 global_step=5466 loss_reg_months=4.4202 disagreement_months=2.4232 artifact_factor=1.00 lr=0.00010496 grad_norm=1.0415 throughput=20.61 img/s eta_seconds=261.0 gpu_alloc=561.7MiB gpu_reserved=12288.0MiB skipped_batches=0
2026-09-14 08:49:47,430 | INFO | epoch=18 batch=350 global_step=5479 loss_reg_months=4.4117 disagreement_months=4.0735 artifact_factor=1.00 lr=0.00010496 grad_norm=1.3251 throughput=20.53 img/s eta_seconds=240.1 gpu_alloc=452.7MiB gpu_reserved=12288.0MiB skipped_batches=0
2026-09-14 08:50:11,581 | INFO | epoch=18 batch=375 global_step=5491 loss_reg_months=4.4082 disagreement_months=2.5315 artifact_factor=1.00 lr=0.00010496 grad_norm=1.1939 throughput=20.39 img/s eta_seconds=219.7 gpu_alloc=561.7MiB gpu_reserved=12288.0MiB skipped_batches=0
2026-09-14 08:50:36,779 | INFO | epoch=18 batch=400 global_step=5504 loss_reg_months=4.4141 disagreement_months=2.5139 artifact_factor=1.00 lr=0.00010496 grad_norm=1.0272 throughput=20.21 img/s eta_seconds=199.4 gpu_alloc=452.7MiB gpu_reserved=12288.0MiB skipped_batches=0
2026-09-14 08:51:00,705 | INFO | epoch=18 batch=425 global_step=5516 loss_reg_months=4.4270 disagreement_months=2.3842 artifact_factor=1.00 lr=0.00010496 grad_norm=1.6167 throughput=20.12 img/s eta_seconds=177.9 gpu_alloc=561.7MiB gpu_reserved=12288.0MiB skipped_batches=0
2026-09-14 08:51:24,683 | INFO | epoch=18 batch=450 global_step=5529 loss_reg_months=4.4581 disagreement_months=1.9235 artifact_factor=1.00 lr=0.00010496 grad_norm=0.9523 throughput=20.04 img/s eta_seconds=156.1 gpu_alloc=452.7MiB gpu_reserved=12288.0MiB skipped_batches=0
2026-09-14 08:51:46,306 | INFO | epoch=18 batch=475 global_step=5541 loss_reg_months=4.4473 disagreement_months=2.1727 artifact_factor=1.00 lr=0.00010496 grad_norm=1.2252 throughput=20.08 img/s eta_seconds=133.4 gpu_alloc=561.7MiB gpu_reserved=12288.0MiB skipped_batches=0
2026-09-14 08:52:07,561 | INFO | epoch=18 batch=500 global_step=5554 loss_reg_months=4.4346 disagreement_months=1.5685 artifact_factor=1.00 lr=0.00010496 grad_norm=1.3265 throughput=20.13 img/s eta_seconds=110.7 gpu_alloc=452.7MiB gpu_reserved=12288.0MiB skipped_batches=0
2026-09-14 08:52:28,924 | INFO | epoch=18 batch=525 global_step=5566 loss_reg_months=4.4374 disagreement_months=2.8751 artifact_factor=1.00 lr=0.00010496 grad_norm=1.5307 throughput=20.18 img/s eta_seconds=88.2 gpu_alloc=561.7MiB gpu_reserved=12288.0MiB skipped_batches=0
2026-09-14 08:52:50,239 | INFO | epoch=18 batch=550 global_step=5579 loss_reg_months=4.4434 disagreement_months=1.8681 artifact_factor=1.00 lr=0.00010496 grad_norm=0.8594 throughput=20.22 img/s eta_seconds=65.7 gpu_alloc=452.7MiB gpu_reserved=12288.0MiB skipped_batches=0
2026-09-14 08:53:11,408 | INFO | epoch=18 batch=575 global_step=5591 loss_reg_months=4.4495 disagreement_months=1.4917 artifact_factor=1.00 lr=0.00010496 grad_norm=1.1580 throughput=20.26 img/s eta_seconds=43.4 gpu_alloc=561.7MiB gpu_reserved=12288.0MiB skipped_batches=0
2026-09-14 08:53:32,977 | INFO | epoch=18 batch=600 global_step=5604 loss_reg_months=4.4536 disagreement_months=2.6133 artifact_factor=1.00 lr=0.00010496 grad_norm=1.1842 throughput=20.28 img/s eta_seconds=21.2 gpu_alloc=452.7MiB gpu_reserved=12288.0MiB skipped_batches=0
2026-09-14 08:54:24,065 | WARNING | STABILITY WARNING [CAM] Validation MAE xấu đi trong khi train loss giảm
2026-09-14 08:54:24,065 | INFO | 
TRAINING REVIEW SNAPSHOT
Run ID / config hash / split hash: C3_Z26_C3_ROI_V2_PILOT_C_V2_FOLD_4_SEED_42 / 0dae5b28ed0b / f82483c670fc+60440af4a7bb
Epoch / global step: 18 / 5616
Train loss: 4.4632
Validation MAE / RMSE / median AE: 6.6722 / 9.0304 / 5.0625
MAE nam / nữ / age bins: {'F': 6.904122081712062, 'M': 6.476305847568988} / {'60-119': 7.84516129032258, '120-179': 5.893473864343497, '0-59': 9.43112779329609, '180-228': 6.055894308943089}
Learning rate / peak VRAM: 0.00010496 / 12288.0 MiB
Best epoch / best MAE / epochs không cải thiện: 12 / 6.4219 / 6
Cảnh báo hiện tại: CAM: Validation MAE xấu đi trong khi train loss giảm
Checkpoint gần nhất: /content/C3_Z26_C3_ROI_V2_PILOTS/runs/C3_Z26_C3_ROI_V2_PILOT_C_V2_FOLD_4_SEED_42/last.ckpt
Checkpoint tốt nhất: /content/C3_Z26_C3_ROI_V2_PILOTS/runs/C3_Z26_C3_ROI_V2_PILOT_C_V2_FOLD_4_SEED_42/best_mae.ckpt
Đề xuất tự động: THEO DÕI
2026-09-14 08:55:01,812 | INFO | epoch=19 batch=25 global_step=5628 loss_reg_months=4.3587 disagreement_months=1.2576 artifact_factor=1.00 lr=0.00009604 grad_norm=1.2383 throughput=16.22 img/s eta_seconds=664.4 gpu_alloc=561.7MiB gpu_reserved=12288.0MiB skipped_batches=0
2026-09-14 08:55:24,935 | INFO | epoch=19 batch=50 global_step=5641 loss_reg_months=4.1988 disagreement_months=2.7770 artifact_factor=1.00 lr=0.00009604 grad_norm=1.1528 throughput=17.69 img/s eta_seconds=583.7 gpu_alloc=452.7MiB gpu_reserved=12288.0MiB skipped_batches=0
2026-09-14 08:55:46,146 | INFO | epoch=19 batch=75 global_step=5653 loss_reg_months=4.2527 disagreement_months=2.2999 artifact_factor=1.00 lr=0.00009604 grad_norm=2.0954 throughput=18.73 img/s eta_seconds=527.4 gpu_alloc=561.7MiB gpu_reserved=12288.0MiB skipped_batches=0
2026-09-14 08:56:07,271 | INFO | epoch=19 batch=100 global_step=5666 loss_reg_months=4.3528 disagreement_months=1.7082 artifact_factor=1.00 lr=0.00009604 grad_norm=1.9609 throughput=19.31 img/s eta_seconds=488.2 gpu_alloc=452.7MiB gpu_reserved=12288.0MiB skipped_batches=0
2026-09-14 08:56:28,438 | INFO | epoch=19 batch=125 global_step=5678 loss_reg_months=4.3928 disagreement_months=2.7115 artifact_factor=1.00 lr=0.00009604 grad_norm=0.8898 throughput=19.67 img/s eta_seconds=456.4 gpu_alloc=561.7MiB gpu_reserved=12288.0MiB skipped_batches=0
2026-09-14 08:56:49,713 | INFO | epoch=19 batch=150 global_step=5691 loss_reg_months=4.4891 disagreement_months=1.8190 artifact_factor=1.00 lr=0.00009604 grad_norm=1.1986 throughput=19.91 img/s eta_seconds=428.5 gpu_alloc=452.7MiB gpu_reserved=12288.0MiB skipped_batches=0
2026-09-14 08:57:10,911 | INFO | epoch=19 batch=175 global_step=5703 loss_reg_months=4.4814 disagreement_months=2.3855 artifact_factor=1.00 lr=0.00009604 grad_norm=1.2065 throughput=20.08 img/s eta_seconds=402.3 gpu_alloc=561.7MiB gpu_reserved=12288.0MiB skipped_batches=0
2026-09-14 08:57:32,159 | INFO | epoch=19 batch=200 global_step=5716 loss_reg_months=4.4703 disagreement_months=1.9172 artifact_factor=1.00 lr=0.00009604 grad_norm=1.2812 throughput=20.22 img/s eta_seconds=377.4 gpu_alloc=452.7MiB gpu_reserved=12288.0MiB skipped_batches=0
2026-09-14 08:57:53,349 | INFO | epoch=19 batch=225 global_step=5728 loss_reg_months=4.4341 disagreement_months=2.4786 artifact_factor=1.00 lr=0.00009604 grad_norm=0.9906 throughput=20.32 img/s eta_seconds=353.2 gpu_alloc=561.7MiB gpu_reserved=12288.0MiB skipped_batches=0
2026-09-14 08:58:14,510 | INFO | epoch=19 batch=250 global_step=5741 loss_reg_months=4.4232 disagreement_months=2.2608 artifact_factor=1.00 lr=0.00009604 grad_norm=1.2513 throughput=20.41 img/s eta_seconds=329.6 gpu_alloc=452.7MiB gpu_reserved=12288.0MiB skipped_batches=0
2026-09-14 08:58:43,710 | INFO | epoch=19 batch=275 global_step=5753 loss_reg_months=4.4097 disagreement_months=3.3485 artifact_factor=1.00 lr=0.00009604 grad_norm=1.1119 throughput=19.83 img/s eta_seconds=316.7 gpu_alloc=561.7MiB gpu_reserved=12288.0MiB skipped_batches=0
2026-09-14 08:59:08,180 | INFO | epoch=19 batch=300 global_step=5766 loss_reg_months=4.3996 disagreement_months=3.2024 artifact_factor=1.00 lr=0.00009604 grad_norm=1.0311 throughput=19.70 img/s eta_seconds=295.9 gpu_alloc=452.7MiB gpu_reserved=12288.0MiB skipped_batches=0
2026-09-14 08:59:31,920 | INFO | epoch=19 batch=325 global_step=5778 loss_reg_months=4.3934 disagreement_months=3.2729 artifact_factor=1.00 lr=0.00009604 grad_norm=1.3357 throughput=19.64 img/s eta_seconds=273.9 gpu_alloc=561.7MiB gpu_reserved=12288.0MiB skipped_batches=0
2026-09-14 08:59:53,195 | INFO | epoch=19 batch=350 global_step=5791 loss_reg_months=4.3855 disagreement_months=2.2180 artifact_factor=1.00 lr=0.00009604 grad_norm=0.9097 throughput=19.74 img/s eta_seconds=249.7 gpu_alloc=452.7MiB gpu_reserved=12288.0MiB skipped_batches=0
2026-09-14 09:00:14,255 | INFO | epoch=19 batch=375 global_step=5803 loss_reg_months=4.3796 disagreement_months=2.3980 artifact_factor=1.00 lr=0.00009604 grad_norm=1.5001 throughput=19.84 img/s eta_seconds=225.7 gpu_alloc=561.7MiB gpu_reserved=12288.0MiB skipped_batches=0
2026-09-14 09:00:35,584 | INFO | epoch=19 batch=400 global_step=5816 loss_reg_months=4.3820 disagreement_months=1.8782 artifact_factor=1.00 lr=0.00009604 grad_norm=1.1422 throughput=19.92 img/s eta_seconds=202.3 gpu_alloc=452.7MiB gpu_reserved=12288.0MiB skipped_batches=0
2026-09-14 09:00:56,855 | INFO | epoch=19 batch=425 global_step=5828 loss_reg_months=4.3769 disagreement_months=1.6692 artifact_factor=1.00 lr=0.00009604 grad_norm=1.3846 throughput=19.99 img/s eta_seconds=179.1 gpu_alloc=561.7MiB gpu_reserved=12288.0MiB skipped_batches=0
2026-09-14 09:01:18,144 | INFO | epoch=19 batch=450 global_step=5841 loss_reg_months=4.3740 disagreement_months=2.5239 artifact_factor=1.00 lr=0.00009604 grad_norm=1.2340 throughput=20.05 img/s eta_seconds=156.1 gpu_alloc=452.7MiB gpu_reserved=12288.0MiB skipped_batches=0
2026-09-14 09:01:39,331 | INFO | epoch=19 batch=475 global_step=5853 loss_reg_months=4.3929 disagreement_months=3.7337 artifact_factor=1.00 lr=0.00009604 grad_norm=1.4197 throughput=20.11 img/s eta_seconds=133.2 gpu_alloc=561.7MiB gpu_reserved=12288.0MiB skipped_batches=0
2026-09-14 09:02:00,504 | INFO | epoch=19 batch=500 global_step=5866 loss_reg_months=4.4029 disagreement_months=1.9675 artifact_factor=1.00 lr=0.00009604 grad_norm=1.3695 throughput=20.16 img/s eta_seconds=110.6 gpu_alloc=452.7MiB gpu_reserved=12288.0MiB skipped_batches=0
2026-09-14 09:02:21,834 | INFO | epoch=19 batch=525 global_step=5878 loss_reg_months=4.4031 disagreement_months=1.3507 artifact_factor=1.00 lr=0.00009604 grad_norm=1.2011 throughput=20.20 img/s eta_seconds=88.1 gpu_alloc=561.7MiB gpu_reserved=12288.0MiB skipped_batches=0
2026-09-14 09:02:43,048 | INFO | epoch=19 batch=550 global_step=5891 loss_reg_months=4.3846 disagreement_months=2.0242 artifact_factor=1.00 lr=0.00009604 grad_norm=0.9531 throughput=20.25 img/s eta_seconds=65.6 gpu_alloc=452.7MiB gpu_reserved=12288.0MiB skipped_batches=0
2026-09-14 09:03:04,300 | INFO | epoch=19 batch=575 global_step=5903 loss_reg_months=4.3737 disagreement_months=2.1576 artifact_factor=1.00 lr=0.00009604 grad_norm=0.8486 throughput=20.29 img/s eta_seconds=43.3 gpu_alloc=561.7MiB gpu_reserved=12288.0MiB skipped_batches=0
2026-09-14 09:03:25,588 | INFO | epoch=19 batch=600 global_step=5916 loss_reg_months=4.3517 disagreement_months=3.0891 artifact_factor=1.00 lr=0.00009604 grad_norm=1.0630 throughput=20.32 img/s eta_seconds=21.1 gpu_alloc=452.7MiB gpu_reserved=12288.0MiB skipped_batches=0
2026-09-14 09:04:31,839 | WARNING | STABILITY WARNING [CAM] Validation MAE xấu đi trong khi train loss giảm
2026-09-14 09:04:31,839 | INFO | 
TRAINING REVIEW SNAPSHOT
Run ID / config hash / split hash: C3_Z26_C3_ROI_V2_PILOT_C_V2_FOLD_4_SEED_42 / 0dae5b28ed0b / f82483c670fc+60440af4a7bb
Epoch / global step: 19 / 5928
Train loss: 4.3525
Validation MAE / RMSE / median AE: 6.6972 / 9.0353 / 5.1250
MAE nam / nữ / age bins: {'F': 6.830544747081712, 'M': 6.584674770039422} / {'60-119': 6.670766129032258, '120-179': 6.666692594897325, '0-59': 6.95129189944134, '180-228': 6.795223577235772}
Learning rate / peak VRAM: 0.00009604 / 12288.0 MiB
Best epoch / best MAE / epochs không cải thiện: 12 / 6.4219 / 7
Cảnh báo hiện tại: CAM: Validation MAE xấu đi trong khi train loss giảm
Checkpoint gần nhất: /content/C3_Z26_C3_ROI_V2_PILOTS/runs/C3_Z26_C3_ROI_V2_PILOT_C_V2_FOLD_4_SEED_42/last.ckpt
Checkpoint tốt nhất: /content/C3_Z26_C3_ROI_V2_PILOTS/runs/C3_Z26_C3_ROI_V2_PILOT_C_V2_FOLD_4_SEED_42/best_mae.ckpt
Đề xuất tự động: THEO DÕI
2026-09-14 09:05:10,188 | INFO | epoch=20 batch=25 global_step=5940 loss_reg_months=4.0995 disagreement_months=1.3696 artifact_factor=1.00 lr=0.00008714 grad_norm=1.0397 throughput=16.59 img/s eta_seconds=649.7 gpu_alloc=561.7MiB gpu_reserved=12288.0MiB skipped_batches=0
2026-09-14 09:05:33,251 | INFO | epoch=20 batch=50 global_step=5953 loss_reg_months=3.9989 disagreement_months=1.7485 artifact_factor=1.00 lr=0.00008714 grad_norm=1.0379 throughput=17.93 img/s eta_seconds=576.0 gpu_alloc=452.7MiB gpu_reserved=12288.0MiB skipped_batches=0
2026-09-14 09:05:57,666 | INFO | epoch=20 batch=75 global_step=5965 loss_reg_months=4.0921 disagreement_months=3.1798 artifact_factor=1.00 lr=0.00008714 grad_norm=1.0225 throughput=18.10 img/s eta_seconds=545.9 gpu_alloc=561.7MiB gpu_reserved=12288.0MiB skipped_batches=0
2026-09-14 09:06:21,358 | INFO | epoch=20 batch=100 global_step=5978 loss_reg_months=4.0376 disagreement_months=1.8631 artifact_factor=1.00 lr=0.00008714 grad_norm=1.9996 throughput=18.31 img/s eta_seconds=514.9 gpu_alloc=452.7MiB gpu_reserved=12288.0MiB skipped_batches=0
2026-09-14 09:06:43,026 | INFO | epoch=20 batch=125 global_step=5990 loss_reg_months=4.0879 disagreement_months=2.1966 artifact_factor=1.00 lr=0.00008714 grad_norm=0.9647 throughput=18.76 img/s eta_seconds=478.7 gpu_alloc=561.7MiB gpu_reserved=12288.0MiB skipped_batches=0
2026-09-14 09:07:16,853 | INFO | epoch=20 batch=150 global_step=6003 loss_reg_months=4.0982 disagreement_months=1.9814 artifact_factor=1.00 lr=0.00008714 grad_norm=1.0777 throughput=17.56 img/s eta_seconds=485.8 gpu_alloc=452.7MiB gpu_reserved=12288.0MiB skipped_batches=0
2026-09-14 09:07:41,697 | INFO | epoch=20 batch=175 global_step=6015 loss_reg_months=4.0871 disagreement_months=2.4547 artifact_factor=1.00 lr=0.00008714 grad_norm=1.2769 throughput=17.63 img/s eta_seconds=458.1 gpu_alloc=561.7MiB gpu_reserved=12288.0MiB skipped_batches=0
2026-09-14 09:08:04,800 | INFO | epoch=20 batch=200 global_step=6028 loss_reg_months=4.0503 disagreement_months=2.5604 artifact_factor=1.00 lr=0.00008714 grad_norm=0.9377 throughput=17.85 img/s eta_seconds=427.5 gpu_alloc=452.7MiB gpu_reserved=12288.0MiB skipped_batches=0
2026-09-14 09:08:26,169 | INFO | epoch=20 batch=225 global_step=6040 loss_reg_months=4.0322 disagreement_months=2.4320 artifact_factor=1.00 lr=0.00008714 grad_norm=1.1233 throughput=18.15 img/s eta_seconds=395.5 gpu_alloc=561.7MiB gpu_reserved=12288.0MiB skipped_batches=0
2026-09-14 09:08:47,469 | INFO | epoch=20 batch=250 global_step=6053 loss_reg_months=4.0660 disagreement_months=2.3792 artifact_factor=1.00 lr=0.00008714 grad_norm=0.8456 throughput=18.41 img/s eta_seconds=365.5 gpu_alloc=452.7MiB gpu_reserved=12288.0MiB skipped_batches=0
2026-09-14 09:09:08,932 | INFO | epoch=20 batch=275 global_step=6065 loss_reg_months=4.0954 disagreement_months=2.3641 artifact_factor=1.00 lr=0.00008714 grad_norm=1.0742 throughput=18.62 img/s eta_seconds=337.3 gpu_alloc=561.7MiB gpu_reserved=12288.0MiB skipped_batches=0
2026-09-14 09:09:30,323 | INFO | epoch=20 batch=300 global_step=6078 loss_reg_months=4.0854 disagreement_months=1.5559 artifact_factor=1.00 lr=0.00008714 grad_norm=1.0504 throughput=18.80 img/s eta_seconds=310.1 gpu_alloc=452.7MiB gpu_reserved=12288.0MiB skipped_batches=0
2026-09-14 09:09:51,453 | INFO | epoch=20 batch=325 global_step=6090 loss_reg_months=4.0889 disagreement_months=1.5408 artifact_factor=1.00 lr=0.00008714 grad_norm=1.0782 throughput=18.97 img/s eta_seconds=283.6 gpu_alloc=561.7MiB gpu_reserved=12288.0MiB skipped_batches=0
2026-09-14 09:10:12,765 | INFO | epoch=20 batch=350 global_step=6103 loss_reg_months=4.1233 disagreement_months=2.6007 artifact_factor=1.00 lr=0.00008714 grad_norm=1.6482 throughput=19.11 img/s eta_seconds=257.9 gpu_alloc=452.7MiB gpu_reserved=12288.0MiB skipped_batches=0
2026-09-14 09:10:34,218 | INFO | epoch=20 batch=375 global_step=6115 loss_reg_months=4.1452 disagreement_months=1.6692 artifact_factor=1.00 lr=0.00008714 grad_norm=1.2451 throughput=19.22 img/s eta_seconds=233.0 gpu_alloc=561.7MiB gpu_reserved=12288.0MiB skipped_batches=0
2026-09-14 09:10:55,482 | INFO | epoch=20 batch=400 global_step=6128 loss_reg_months=4.1492 disagreement_months=1.5760 artifact_factor=1.00 lr=0.00008714 grad_norm=1.1375 throughput=19.33 img/s eta_seconds=208.4 gpu_alloc=452.7MiB gpu_reserved=12288.0MiB skipped_batches=0
2026-09-14 09:11:16,802 | INFO | epoch=20 batch=425 global_step=6140 loss_reg_months=4.1435 disagreement_months=2.3477 artifact_factor=1.00 lr=0.00008714 grad_norm=1.5643 throughput=19.43 img/s eta_seconds=184.2 gpu_alloc=561.7MiB gpu_reserved=12288.0MiB skipped_batches=0
2026-09-14 09:11:38,152 | INFO | epoch=20 batch=450 global_step=6153 loss_reg_months=4.1667 disagreement_months=1.7258 artifact_factor=1.00 lr=0.00008714 grad_norm=1.2693 throughput=19.51 img/s eta_seconds=160.3 gpu_alloc=452.7MiB gpu_reserved=12288.0MiB skipped_batches=0
2026-09-14 09:11:59,373 | INFO | epoch=20 batch=475 global_step=6165 loss_reg_months=4.1729 disagreement_months=1.9915 artifact_factor=1.00 lr=0.00008714 grad_norm=0.9640 throughput=19.60 img/s eta_seconds=136.7 gpu_alloc=561.7MiB gpu_reserved=12288.0MiB skipped_batches=0
2026-09-14 09:12:25,486 | INFO | epoch=20 batch=500 global_step=6178 loss_reg_months=4.1798 disagreement_months=1.9701 artifact_factor=1.00 lr=0.00008714 grad_norm=1.3146 throughput=19.46 img/s eta_seconds=114.5 gpu_alloc=452.7MiB gpu_reserved=12288.0MiB skipped_batches=0
2026-09-14 09:12:51,586 | INFO | epoch=20 batch=525 global_step=6190 loss_reg_months=4.1995 disagreement_months=2.5403 artifact_factor=1.00 lr=0.00008714 grad_norm=1.1925 throughput=19.34 img/s eta_seconds=92.0 gpu_alloc=561.7MiB gpu_reserved=12288.0MiB skipped_batches=0
2026-09-14 09:13:13,284 | INFO | epoch=20 batch=550 global_step=6203 loss_reg_months=4.2050 disagreement_months=2.4887 artifact_factor=1.00 lr=0.00008714 grad_norm=1.3987 throughput=19.40 img/s eta_seconds=68.5 gpu_alloc=452.7MiB gpu_reserved=12288.0MiB skipped_batches=0
2026-09-14 09:13:34,545 | INFO | epoch=20 batch=575 global_step=6215 loss_reg_months=4.2022 disagreement_months=1.7145 artifact_factor=1.00 lr=0.00008714 grad_norm=0.8456 throughput=19.47 img/s eta_seconds=45.1 gpu_alloc=561.7MiB gpu_reserved=12288.0MiB skipped_batches=0
2026-09-14 09:13:55,815 | INFO | epoch=20 batch=600 global_step=6228 loss_reg_months=4.2020 disagreement_months=2.0808 artifact_factor=1.00 lr=0.00008714 grad_norm=1.9608 throughput=19.54 img/s eta_seconds=22.0 gpu_alloc=452.7MiB gpu_reserved=12288.0MiB skipped_batches=0
2026-09-14 09:14:47,834 | WARNING | STABILITY WARNING [CAM] Prediction vượt nhẹ miền tuổi 0–228: [-0.89, 230.62]
2026-09-14 09:14:47,837 | INFO | 
TRAINING REVIEW SNAPSHOT
Run ID / config hash / split hash: C3_Z26_C3_ROI_V2_PILOT_C_V2_FOLD_4_SEED_42 / 0dae5b28ed0b / f82483c670fc+60440af4a7bb
Epoch / global step: 20 / 6240
Train loss: 4.2135
Validation MAE / RMSE / median AE: 6.6295 / 8.9452 / 5.0000
MAE nam / nữ / age bins: {'F': 6.688165734435798, 'M': 6.579998562746386} / {'60-119': 6.778346774193548, '120-179': 6.711963285625389, '0-59': 6.8258772695530725, '180-228': 5.479166666666667}
Learning rate / peak VRAM: 0.00008714 / 12288.0 MiB
Best epoch / best MAE / epochs không cải thiện: 12 / 6.4219 / 8
Cảnh báo hiện tại: CAM: Prediction vượt nhẹ miền tuổi 0–228: [-0.89, 230.62]
Checkpoint gần nhất: /content/C3_Z26_C3_ROI_V2_PILOTS/runs/C3_Z26_C3_ROI_V2_PILOT_C_V2_FOLD_4_SEED_42/last.ckpt
Checkpoint tốt nhất: /content/C3_Z26_C3_ROI_V2_PILOTS/runs/C3_Z26_C3_ROI_V2_PILOT_C_V2_FOLD_4_SEED_42/best_mae.ckpt
Đề xuất tự động: THEO DÕI
2026-09-14 09:14:56,003 | WARNING | STABILITY WARNING [CAM] Early stopping patience=8
