2026-08-13 19:06:24,566 | INFO | Run=P2_A0_NOAUG_CONVNEXT_TINY_SEED42 device=cuda config_hash=b7d185501fe78eb2d965189d3abc3450a1f29eff0635291389287d2b360e5dbe
2026-08-13 19:06:24,568 | INFO | Split hash train=7328667e6822ab074d442155e33eba89606861bb13bbf804be8a1138c78f5285 validation=f650a20432b557405035d12c52716a6c40fdf20e1343ac3ad0cfb7cd8db21631
RESUME CHECK
Run ID: P2_A0_NOAUG_CONVNEXT_TINY_SEED42
Checkpoint path: p1_baseline\runs\P2_A0_NOAUG_CONVNEXT_TINY_SEED42\last.ckpt
Epoch/global step tiếp tục: 3/1053
Best validation MAE trước đó: 7.371112938596491
Split hash khớp: CÓ
Config hash khớp: CÓ
Code version khớp: CÓ
Optimizer/scheduler/scaler đã phục hồi: CÓ
2026-08-13 19:06:40,259 | INFO | epoch=4 batch=25 global_step=1061 loss_reg_months=5.1428 lr=0.00019641 grad_norm=1.4221 throughput=19.40 img/s eta_seconds=634.5 gpu_alloc=485.0MiB gpu_reserved=4402.0MiB skipped_batches=0
2026-08-13 19:06:47,972 | INFO | epoch=4 batch=50 global_step=1069 loss_reg_months=5.0654 lr=0.00019641 grad_norm=1.8439 throughput=25.89 img/s eta_seconds=463.9 gpu_alloc=485.0MiB gpu_reserved=4402.0MiB skipped_batches=0
2026-08-13 19:06:55,785 | INFO | epoch=4 batch=75 global_step=1078 loss_reg_months=4.9895 lr=0.00019641 grad_norm=2.6814 throughput=29.04 img/s eta_seconds=403.2 gpu_alloc=375.7MiB gpu_reserved=4402.0MiB skipped_batches=0
2026-08-13 19:07:03,603 | INFO | epoch=4 batch=100 global_step=1086 loss_reg_months=4.9854 lr=0.00019641 grad_norm=1.9471 throughput=30.92 img/s eta_seconds=369.0 gpu_alloc=485.0MiB gpu_reserved=4402.0MiB skipped_batches=0
2026-08-13 19:07:11,272 | INFO | epoch=4 batch=125 global_step=1094 loss_reg_months=5.0359 lr=0.00019641 grad_norm=1.7945 throughput=32.28 img/s eta_seconds=344.3 gpu_alloc=485.0MiB gpu_reserved=4402.0MiB skipped_batches=0
2026-08-13 19:07:18,944 | INFO | epoch=4 batch=150 global_step=1103 loss_reg_months=4.9276 lr=0.00019641 grad_norm=3.8577 throughput=33.24 img/s eta_seconds=325.2 gpu_alloc=375.7MiB gpu_reserved=4402.0MiB skipped_batches=0
2026-08-13 19:07:26,746 | INFO | epoch=4 batch=175 global_step=1111 loss_reg_months=4.9532 lr=0.00019641 grad_norm=2.6954 throughput=33.90 img/s eta_seconds=310.1 gpu_alloc=485.0MiB gpu_reserved=4402.0MiB skipped_batches=0
2026-08-13 19:07:34,465 | INFO | epoch=4 batch=200 global_step=1119 loss_reg_months=4.8912 lr=0.00019641 grad_norm=1.4394 throughput=34.45 img/s eta_seconds=296.4 gpu_alloc=485.0MiB gpu_reserved=4402.0MiB skipped_batches=0
2026-08-13 19:07:42,167 | INFO | epoch=4 batch=225 global_step=1128 loss_reg_months=4.9280 lr=0.00019641 grad_norm=1.6640 throughput=34.90 img/s eta_seconds=284.0 gpu_alloc=375.7MiB gpu_reserved=4402.0MiB skipped_batches=0
2026-08-13 19:07:49,969 | INFO | epoch=4 batch=250 global_step=1136 loss_reg_months=4.9697 lr=0.00019641 grad_norm=2.1293 throughput=35.22 img/s eta_seconds=272.9 gpu_alloc=485.0MiB gpu_reserved=4402.0MiB skipped_batches=0
2026-08-13 19:07:58,125 | INFO | epoch=4 batch=275 global_step=1144 loss_reg_months=4.9986 lr=0.00019641 grad_norm=1.6469 throughput=35.36 img/s eta_seconds=263.3 gpu_alloc=485.0MiB gpu_reserved=4402.0MiB skipped_batches=0
2026-08-13 19:08:05,925 | INFO | epoch=4 batch=300 global_step=1153 loss_reg_months=5.0454 lr=0.00019641 grad_norm=1.7282 throughput=35.60 img/s eta_seconds=253.1 gpu_alloc=375.7MiB gpu_reserved=4402.0MiB skipped_batches=0
2026-08-13 19:08:13,604 | INFO | epoch=4 batch=325 global_step=1161 loss_reg_months=5.0726 lr=0.00019641 grad_norm=1.8266 throughput=35.84 img/s eta_seconds=243.0 gpu_alloc=485.0MiB gpu_reserved=4402.0MiB skipped_batches=0
2026-08-13 19:08:21,282 | INFO | epoch=4 batch=350 global_step=1169 loss_reg_months=5.0682 lr=0.00019641 grad_norm=1.4110 throughput=36.06 img/s eta_seconds=233.3 gpu_alloc=485.0MiB gpu_reserved=4402.0MiB skipped_batches=0
2026-08-13 19:08:29,015 | INFO | epoch=4 batch=375 global_step=1178 loss_reg_months=5.0219 lr=0.00019641 grad_norm=2.2661 throughput=36.23 img/s eta_seconds=223.9 gpu_alloc=375.7MiB gpu_reserved=4402.0MiB skipped_batches=0
2026-08-13 19:08:36,740 | INFO | epoch=4 batch=400 global_step=1186 loss_reg_months=4.9951 lr=0.00019641 grad_norm=1.2425 throughput=36.38 img/s eta_seconds=214.7 gpu_alloc=485.0MiB gpu_reserved=4402.0MiB skipped_batches=0
2026-08-13 19:08:44,407 | INFO | epoch=4 batch=425 global_step=1194 loss_reg_months=4.9898 lr=0.00019641 grad_norm=2.5090 throughput=36.53 img/s eta_seconds=205.6 gpu_alloc=485.0MiB gpu_reserved=4402.0MiB skipped_batches=0
2026-08-13 19:08:52,163 | INFO | epoch=4 batch=450 global_step=1203 loss_reg_months=4.9665 lr=0.00019641 grad_norm=1.9039 throughput=36.64 img/s eta_seconds=196.8 gpu_alloc=375.7MiB gpu_reserved=4402.0MiB skipped_batches=0
2026-08-13 19:08:59,833 | INFO | epoch=4 batch=475 global_step=1211 loss_reg_months=4.9439 lr=0.00019641 grad_norm=2.7572 throughput=36.77 img/s eta_seconds=188.0 gpu_alloc=485.0MiB gpu_reserved=4402.0MiB skipped_batches=0
2026-08-13 19:09:07,565 | INFO | epoch=4 batch=500 global_step=1219 loss_reg_months=4.9773 lr=0.00019641 grad_norm=2.5904 throughput=36.86 img/s eta_seconds=179.3 gpu_alloc=485.0MiB gpu_reserved=4402.0MiB skipped_batches=0
2026-08-13 19:09:15,281 | INFO | epoch=4 batch=525 global_step=1228 loss_reg_months=4.9955 lr=0.00019641 grad_norm=2.3749 throughput=36.95 img/s eta_seconds=170.8 gpu_alloc=375.7MiB gpu_reserved=4402.0MiB skipped_batches=0
2026-08-13 19:09:22,971 | INFO | epoch=4 batch=550 global_step=1236 loss_reg_months=4.9588 lr=0.00019641 grad_norm=2.3513 throughput=37.04 img/s eta_seconds=162.3 gpu_alloc=485.0MiB gpu_reserved=4402.0MiB skipped_batches=0
2026-08-13 19:09:30,644 | INFO | epoch=4 batch=575 global_step=1244 loss_reg_months=4.9421 lr=0.00019641 grad_norm=1.8603 throughput=37.13 img/s eta_seconds=153.8 gpu_alloc=485.0MiB gpu_reserved=4402.0MiB skipped_batches=0
2026-08-13 19:09:38,343 | INFO | epoch=4 batch=600 global_step=1253 loss_reg_months=4.9350 lr=0.00019641 grad_norm=1.8200 throughput=37.20 img/s eta_seconds=145.5 gpu_alloc=375.7MiB gpu_reserved=4402.0MiB skipped_batches=0
2026-08-13 19:09:46,037 | INFO | epoch=4 batch=625 global_step=1261 loss_reg_months=4.9470 lr=0.00019641 grad_norm=2.8637 throughput=37.27 img/s eta_seconds=137.1 gpu_alloc=485.0MiB gpu_reserved=4402.0MiB skipped_batches=0
2026-08-13 19:09:53,740 | INFO | epoch=4 batch=650 global_step=1269 loss_reg_months=4.9533 lr=0.00019641 grad_norm=1.5739 throughput=37.33 img/s eta_seconds=128.9 gpu_alloc=485.0MiB gpu_reserved=4402.0MiB skipped_batches=0
2026-08-13 19:10:01,466 | INFO | epoch=4 batch=675 global_step=1278 loss_reg_months=4.9614 lr=0.00019641 grad_norm=2.5515 throughput=37.38 img/s eta_seconds=120.7 gpu_alloc=375.7MiB gpu_reserved=4402.0MiB skipped_batches=0
2026-08-13 19:10:09,231 | INFO | epoch=4 batch=700 global_step=1286 loss_reg_months=4.9367 lr=0.00019641 grad_norm=1.7309 throughput=37.43 img/s eta_seconds=112.5 gpu_alloc=485.0MiB gpu_reserved=4402.0MiB skipped_batches=0
2026-08-13 19:10:16,924 | INFO | epoch=4 batch=725 global_step=1294 loss_reg_months=4.9437 lr=0.00019641 grad_norm=1.9395 throughput=37.48 img/s eta_seconds=104.4 gpu_alloc=485.0MiB gpu_reserved=4402.0MiB skipped_batches=0
2026-08-13 19:10:24,700 | INFO | epoch=4 batch=750 global_step=1303 loss_reg_months=4.9524 lr=0.00019641 grad_norm=3.2233 throughput=37.52 img/s eta_seconds=96.3 gpu_alloc=375.7MiB gpu_reserved=4402.0MiB skipped_batches=0
2026-08-13 19:10:32,580 | INFO | epoch=4 batch=775 global_step=1311 loss_reg_months=4.9521 lr=0.00019641 grad_norm=1.6270 throughput=37.53 img/s eta_seconds=88.2 gpu_alloc=485.0MiB gpu_reserved=4402.0MiB skipped_batches=0
2026-08-13 19:10:40,378 | INFO | epoch=4 batch=800 global_step=1319 loss_reg_months=4.9749 lr=0.00019641 grad_norm=2.4109 throughput=37.56 img/s eta_seconds=80.2 gpu_alloc=485.0MiB gpu_reserved=4402.0MiB skipped_batches=0
2026-08-13 19:10:48,170 | INFO | epoch=4 batch=825 global_step=1328 loss_reg_months=4.9703 lr=0.00019641 grad_norm=3.6232 throughput=37.59 img/s eta_seconds=72.1 gpu_alloc=375.7MiB gpu_reserved=4402.0MiB skipped_batches=0
2026-08-13 19:10:56,187 | INFO | epoch=4 batch=850 global_step=1336 loss_reg_months=4.9667 lr=0.00019641 grad_norm=2.2893 throughput=37.58 img/s eta_seconds=64.1 gpu_alloc=485.0MiB gpu_reserved=4402.0MiB skipped_batches=0
2026-08-13 19:11:04,008 | INFO | epoch=4 batch=875 global_step=1344 loss_reg_months=4.9471 lr=0.00019641 grad_norm=3.1313 throughput=37.61 img/s eta_seconds=56.1 gpu_alloc=485.0MiB gpu_reserved=4402.0MiB skipped_batches=0
2026-08-13 19:11:12,048 | INFO | epoch=4 batch=900 global_step=1353 loss_reg_months=4.9650 lr=0.00019641 grad_norm=4.3195 throughput=37.60 img/s eta_seconds=48.2 gpu_alloc=375.7MiB gpu_reserved=4402.0MiB skipped_batches=0
2026-08-13 19:11:19,944 | INFO | epoch=4 batch=925 global_step=1361 loss_reg_months=4.9645 lr=0.00019641 grad_norm=2.4931 throughput=37.61 img/s eta_seconds=40.2 gpu_alloc=485.0MiB gpu_reserved=4402.0MiB skipped_batches=0
2026-08-13 19:11:27,951 | INFO | epoch=4 batch=950 global_step=1369 loss_reg_months=4.9749 lr=0.00019641 grad_norm=2.9901 throughput=37.60 img/s eta_seconds=32.2 gpu_alloc=485.0MiB gpu_reserved=4402.0MiB skipped_batches=0
2026-08-13 19:11:35,839 | INFO | epoch=4 batch=975 global_step=1378 loss_reg_months=4.9855 lr=0.00019641 grad_norm=2.6552 throughput=37.62 img/s eta_seconds=24.2 gpu_alloc=375.7MiB gpu_reserved=4402.0MiB skipped_batches=0
2026-08-13 19:11:43,568 | INFO | epoch=4 batch=1000 global_step=1386 loss_reg_months=4.9779 lr=0.00019641 grad_norm=2.2779 throughput=37.64 img/s eta_seconds=16.2 gpu_alloc=485.0MiB gpu_reserved=4402.0MiB skipped_batches=0
2026-08-13 19:11:51,410 | INFO | epoch=4 batch=1025 global_step=1394 loss_reg_months=4.9713 lr=0.00019641 grad_norm=2.6854 throughput=37.66 img/s eta_seconds=8.3 gpu_alloc=485.0MiB gpu_reserved=4402.0MiB skipped_batches=0
2026-08-13 19:11:59,191 | INFO | epoch=4 batch=1050 global_step=1403 loss_reg_months=4.9632 lr=0.00019641 grad_norm=1.7780 throughput=37.68 img/s eta_seconds=0.3 gpu_alloc=375.7MiB gpu_reserved=4402.0MiB skipped_batches=0
2026-08-13 19:12:28,458 | INFO | 
TRAINING REVIEW SNAPSHOT
Run ID / config hash / split hash: P2_A0_NOAUG_CONVNEXT_TINY_SEED42 / b7d185501fe7 / 7328667e6822+f650a20432b5
Epoch / global step: 4 / 1404
Train loss: 4.9632
Validation MAE / RMSE / median AE: 7.0137 / 9.2701 / 5.5000
MAE nam / nữ / age bins: {'F': 7.244823619631902, 'M': 6.81872574385511} / {'0-59': 11.111702127659575, '120-179': 6.571693448702101, '60-119': 7.480964467005077, '180-228': 5.359375}
Learning rate / peak VRAM: 0.00019641 / 4402.0 MiB
Best epoch / best MAE / epochs không cải thiện: 4 / 7.0137 / 0
Cảnh báo hiện tại: KHÔNG
Checkpoint gần nhất: p1_baseline\runs\P2_A0_NOAUG_CONVNEXT_TINY_SEED42\last.ckpt
Checkpoint tốt nhất: p1_baseline\runs\P2_A0_NOAUG_CONVNEXT_TINY_SEED42\best_mae.ckpt
Đề xuất tự động: TIẾP TỤC
2026-08-13 19:12:47,040 | INFO | epoch=5 batch=25 global_step=1412 loss_reg_months=4.2000 lr=0.00019366 grad_norm=2.4018 throughput=20.68 img/s eta_seconds=595.3 gpu_alloc=485.0MiB gpu_reserved=4402.0MiB skipped_batches=0
2026-08-13 19:12:54,732 | INFO | epoch=5 batch=50 global_step=1420 loss_reg_months=4.0829 lr=0.00019366 grad_norm=1.2882 throughput=27.03 img/s eta_seconds=444.4 gpu_alloc=485.0MiB gpu_reserved=4402.0MiB skipped_batches=0
2026-08-13 19:13:02,448 | INFO | epoch=5 batch=75 global_step=1429 loss_reg_months=3.9696 lr=0.00019366 grad_norm=1.8987 throughput=30.09 img/s eta_seconds=389.3 gpu_alloc=375.7MiB gpu_reserved=4402.0MiB skipped_batches=0
2026-08-13 19:13:10,157 | INFO | epoch=5 batch=100 global_step=1437 loss_reg_months=4.0134 lr=0.00019366 grad_norm=2.4778 throughput=31.89 img/s eta_seconds=357.8 gpu_alloc=485.0MiB gpu_reserved=4402.0MiB skipped_batches=0
2026-08-13 19:13:17,865 | INFO | epoch=5 batch=125 global_step=1445 loss_reg_months=4.0816 lr=0.00019366 grad_norm=1.5723 throughput=33.09 img/s eta_seconds=335.8 gpu_alloc=485.0MiB gpu_reserved=4402.0MiB skipped_batches=0
2026-08-13 19:13:25,581 | INFO | epoch=5 batch=150 global_step=1454 loss_reg_months=4.1800 lr=0.00019366 grad_norm=1.7142 throughput=33.93 img/s eta_seconds=318.6 gpu_alloc=375.7MiB gpu_reserved=4402.0MiB skipped_batches=0
2026-08-13 19:13:33,267 | INFO | epoch=5 batch=175 global_step=1462 loss_reg_months=4.2674 lr=0.00019366 grad_norm=1.9249 throughput=34.58 img/s eta_seconds=304.0 gpu_alloc=485.0MiB gpu_reserved=4402.0MiB skipped_batches=0
2026-08-13 19:13:40,976 | INFO | epoch=5 batch=200 global_step=1470 loss_reg_months=4.3383 lr=0.00019366 grad_norm=2.0429 throughput=35.07 img/s eta_seconds=291.2 gpu_alloc=485.0MiB gpu_reserved=4402.0MiB skipped_batches=0
2026-08-13 19:13:48,684 | INFO | epoch=5 batch=225 global_step=1479 loss_reg_months=4.3017 lr=0.00019366 grad_norm=2.1377 throughput=35.46 img/s eta_seconds=279.5 gpu_alloc=375.7MiB gpu_reserved=4402.0MiB skipped_batches=0
2026-08-13 19:13:56,469 | INFO | epoch=5 batch=250 global_step=1487 loss_reg_months=4.2633 lr=0.00019366 grad_norm=1.8706 throughput=35.74 img/s eta_seconds=268.9 gpu_alloc=485.0MiB gpu_reserved=4402.0MiB skipped_batches=0
2026-08-13 19:14:04,305 | INFO | epoch=5 batch=275 global_step=1495 loss_reg_months=4.2576 lr=0.00019366 grad_norm=1.7853 throughput=35.96 img/s eta_seconds=258.9 gpu_alloc=485.0MiB gpu_reserved=4402.0MiB skipped_batches=0
2026-08-13 19:14:14,249 | INFO | epoch=5 batch=300 global_step=1504 loss_reg_months=4.2350 lr=0.00019366 grad_norm=1.9643 throughput=35.39 img/s eta_seconds=254.6 gpu_alloc=375.7MiB gpu_reserved=4402.0MiB skipped_batches=0
2026-08-13 19:14:21,991 | INFO | epoch=5 batch=325 global_step=1512 loss_reg_months=4.2475 lr=0.00019366 grad_norm=2.3745 throughput=35.63 img/s eta_seconds=244.5 gpu_alloc=485.0MiB gpu_reserved=4402.0MiB skipped_batches=0
2026-08-13 19:14:29,869 | INFO | epoch=5 batch=350 global_step=1520 loss_reg_months=4.2177 lr=0.00019366 grad_norm=2.1911 throughput=35.79 img/s eta_seconds=235.0 gpu_alloc=485.0MiB gpu_reserved=4402.0MiB skipped_batches=0
2026-08-13 19:14:37,898 | INFO | epoch=5 batch=375 global_step=1529 loss_reg_months=4.2031 lr=0.00019366 grad_norm=2.0141 throughput=35.90 img/s eta_seconds=226.0 gpu_alloc=375.7MiB gpu_reserved=4402.0MiB skipped_batches=0
2026-08-13 19:14:45,647 | INFO | epoch=5 batch=400 global_step=1537 loss_reg_months=4.2001 lr=0.00019366 grad_norm=2.3502 throughput=36.06 img/s eta_seconds=216.6 gpu_alloc=485.0MiB gpu_reserved=4402.0MiB skipped_batches=0
2026-08-13 19:14:53,585 | INFO | epoch=5 batch=425 global_step=1545 loss_reg_months=4.1766 lr=0.00019366 grad_norm=2.3331 throughput=36.16 img/s eta_seconds=207.7 gpu_alloc=485.0MiB gpu_reserved=4402.0MiB skipped_batches=0
2026-08-13 19:15:01,310 | INFO | epoch=5 batch=450 global_step=1554 loss_reg_months=4.1439 lr=0.00019366 grad_norm=2.4154 throughput=36.30 img/s eta_seconds=198.7 gpu_alloc=375.7MiB gpu_reserved=4402.0MiB skipped_batches=0
2026-08-13 19:15:09,325 | INFO | epoch=5 batch=475 global_step=1562 loss_reg_months=4.1186 lr=0.00019366 grad_norm=1.8779 throughput=36.35 img/s eta_seconds=190.1 gpu_alloc=485.0MiB gpu_reserved=4402.0MiB skipped_batches=0
2026-08-13 19:15:17,185 | INFO | epoch=5 batch=500 global_step=1570 loss_reg_months=4.0961 lr=0.00019366 grad_norm=2.1717 throughput=36.44 img/s eta_seconds=181.4 gpu_alloc=485.0MiB gpu_reserved=4402.0MiB skipped_batches=0
2026-08-13 19:15:25,015 | INFO | epoch=5 batch=525 global_step=1579 loss_reg_months=4.0798 lr=0.00019366 grad_norm=2.5323 throughput=36.53 img/s eta_seconds=172.8 gpu_alloc=375.7MiB gpu_reserved=4402.0MiB skipped_batches=0
2026-08-13 19:15:32,875 | INFO | epoch=5 batch=550 global_step=1587 loss_reg_months=4.0807 lr=0.00019366 grad_norm=1.5723 throughput=36.60 img/s eta_seconds=164.2 gpu_alloc=485.0MiB gpu_reserved=4402.0MiB skipped_batches=0
2026-08-13 19:15:40,703 | INFO | epoch=5 batch=575 global_step=1595 loss_reg_months=4.0991 lr=0.00019366 grad_norm=2.6339 throughput=36.67 img/s eta_seconds=155.7 gpu_alloc=485.0MiB gpu_reserved=4402.0MiB skipped_batches=0
2026-08-13 19:15:48,695 | INFO | epoch=5 batch=600 global_step=1604 loss_reg_months=4.1056 lr=0.00019366 grad_norm=1.9247 throughput=36.70 img/s eta_seconds=147.4 gpu_alloc=375.7MiB gpu_reserved=4402.0MiB skipped_batches=0
2026-08-13 19:15:56,656 | INFO | epoch=5 batch=625 global_step=1612 loss_reg_months=4.1015 lr=0.00019366 grad_norm=2.6228 throughput=36.74 img/s eta_seconds=139.1 gpu_alloc=485.0MiB gpu_reserved=4402.0MiB skipped_batches=0
2026-08-13 19:16:04,596 | INFO | epoch=5 batch=650 global_step=1620 loss_reg_months=4.0913 lr=0.00019366 grad_norm=2.2028 throughput=36.78 img/s eta_seconds=130.8 gpu_alloc=485.0MiB gpu_reserved=4402.0MiB skipped_batches=0
2026-08-13 19:16:12,332 | INFO | epoch=5 batch=675 global_step=1629 loss_reg_months=4.0778 lr=0.00019366 grad_norm=2.3711 throughput=36.85 img/s eta_seconds=122.4 gpu_alloc=375.7MiB gpu_reserved=4402.0MiB skipped_batches=0
2026-08-13 19:16:20,105 | INFO | epoch=5 batch=700 global_step=1637 loss_reg_months=4.0906 lr=0.00019366 grad_norm=2.7101 throughput=36.91 img/s eta_seconds=114.1 gpu_alloc=485.0MiB gpu_reserved=4402.0MiB skipped_batches=0
2026-08-13 19:16:28,072 | INFO | epoch=5 batch=725 global_step=1645 loss_reg_months=4.1007 lr=0.00019366 grad_norm=3.1998 throughput=36.94 img/s eta_seconds=105.9 gpu_alloc=485.0MiB gpu_reserved=4402.0MiB skipped_batches=0
2026-08-13 19:16:35,987 | INFO | epoch=5 batch=750 global_step=1654 loss_reg_months=4.1155 lr=0.00019366 grad_norm=2.8130 throughput=36.97 img/s eta_seconds=97.7 gpu_alloc=375.7MiB gpu_reserved=4402.0MiB skipped_batches=0
2026-08-13 19:16:43,916 | INFO | epoch=5 batch=775 global_step=1662 loss_reg_months=4.1115 lr=0.00019366 grad_norm=1.6632 throughput=37.00 img/s eta_seconds=89.5 gpu_alloc=485.0MiB gpu_reserved=4402.0MiB skipped_batches=0
2026-08-13 19:16:51,900 | INFO | epoch=5 batch=800 global_step=1670 loss_reg_months=4.1076 lr=0.00019366 grad_norm=2.4212 throughput=37.01 img/s eta_seconds=81.3 gpu_alloc=485.0MiB gpu_reserved=4402.0MiB skipped_batches=0
2026-08-13 19:16:59,605 | INFO | epoch=5 batch=825 global_step=1679 loss_reg_months=4.1250 lr=0.00019366 grad_norm=1.8283 throughput=37.07 img/s eta_seconds=73.1 gpu_alloc=375.7MiB gpu_reserved=4402.0MiB skipped_batches=0
2026-08-13 19:17:07,658 | INFO | epoch=5 batch=850 global_step=1687 loss_reg_months=4.1159 lr=0.00019366 grad_norm=1.8521 throughput=37.07 img/s eta_seconds=65.0 gpu_alloc=485.0MiB gpu_reserved=4402.0MiB skipped_batches=0
2026-08-13 19:17:15,522 | INFO | epoch=5 batch=875 global_step=1695 loss_reg_months=4.1308 lr=0.00019366 grad_norm=1.5229 throughput=37.10 img/s eta_seconds=56.9 gpu_alloc=485.0MiB gpu_reserved=4402.0MiB skipped_batches=0
2026-08-13 19:17:23,337 | INFO | epoch=5 batch=900 global_step=1704 loss_reg_months=4.1358 lr=0.00019366 grad_norm=3.0176 throughput=37.14 img/s eta_seconds=48.8 gpu_alloc=375.7MiB gpu_reserved=4402.0MiB skipped_batches=0
2026-08-13 19:17:31,139 | INFO | epoch=5 batch=925 global_step=1712 loss_reg_months=4.1383 lr=0.00019366 grad_norm=2.3885 throughput=37.17 img/s eta_seconds=40.6 gpu_alloc=485.0MiB gpu_reserved=4402.0MiB skipped_batches=0
2026-08-13 19:17:38,942 | INFO | epoch=5 batch=950 global_step=1720 loss_reg_months=4.1283 lr=0.00019366 grad_norm=2.4565 throughput=37.21 img/s eta_seconds=32.5 gpu_alloc=485.0MiB gpu_reserved=4402.0MiB skipped_batches=0
2026-08-13 19:17:46,824 | INFO | epoch=5 batch=975 global_step=1729 loss_reg_months=4.1316 lr=0.00019366 grad_norm=1.8111 throughput=37.23 img/s eta_seconds=24.5 gpu_alloc=375.7MiB gpu_reserved=4402.0MiB skipped_batches=0
2026-08-13 19:17:54,543 | INFO | epoch=5 batch=1000 global_step=1737 loss_reg_months=4.1476 lr=0.00019366 grad_norm=2.4662 throughput=37.27 img/s eta_seconds=16.4 gpu_alloc=485.0MiB gpu_reserved=4402.0MiB skipped_batches=0
2026-08-13 19:18:02,395 | INFO | epoch=5 batch=1025 global_step=1745 loss_reg_months=4.1616 lr=0.00019366 grad_norm=1.7264 throughput=37.29 img/s eta_seconds=8.3 gpu_alloc=485.0MiB gpu_reserved=4402.0MiB skipped_batches=0
2026-08-13 19:18:10,264 | INFO | epoch=5 batch=1050 global_step=1754 loss_reg_months=4.1590 lr=0.00019366 grad_norm=2.5258 throughput=37.31 img/s eta_seconds=0.3 gpu_alloc=375.7MiB gpu_reserved=4402.0MiB skipped_batches=0
2026-08-13 19:18:48,300 | INFO | 
TRAINING REVIEW SNAPSHOT
Run ID / config hash / split hash: P2_A0_NOAUG_CONVNEXT_TINY_SEED42 / b7d185501fe7 / 7328667e6822+f650a20432b5
Epoch / global step: 5 / 1755
Train loss: 4.1577
Validation MAE / RMSE / median AE: 6.8757 / 9.1821 / 5.5000
MAE nam / nữ / age bins: {'F': 7.006961752300613, 'M': 6.7649579560155235} / {'0-59': 7.338846409574468, '120-179': 6.855377008652658, '60-119': 7.388324873096447, '180-228': 5.0859375}
Learning rate / peak VRAM: 0.00019366 / 4402.0 MiB
Best epoch / best MAE / epochs không cải thiện: 5 / 6.8757 / 0
Cảnh báo hiện tại: KHÔNG
Checkpoint gần nhất: p1_baseline\runs\P2_A0_NOAUG_CONVNEXT_TINY_SEED42\last.ckpt
Checkpoint tốt nhất: p1_baseline\runs\P2_A0_NOAUG_CONVNEXT_TINY_SEED42\best_mae.ckpt
Đề xuất tự động: TIẾP TỤC
2026-08-13 19:19:09,206 | INFO | epoch=6 batch=25 global_step=1763 loss_reg_months=3.3336 lr=0.00019015 grad_norm=1.6909 throughput=21.03 img/s eta_seconds=585.3 gpu_alloc=485.0MiB gpu_reserved=4402.0MiB skipped_batches=0
2026-08-13 19:19:16,948 | INFO | epoch=6 batch=50 global_step=1771 loss_reg_months=3.3645 lr=0.00019015 grad_norm=1.4835 throughput=27.27 img/s eta_seconds=440.5 gpu_alloc=485.0MiB gpu_reserved=4402.0MiB skipped_batches=0
2026-08-13 19:19:24,840 | INFO | epoch=6 batch=75 global_step=1780 loss_reg_months=3.4303 lr=0.00019015 grad_norm=2.2347 throughput=30.10 img/s eta_seconds=389.0 gpu_alloc=375.7MiB gpu_reserved=4402.0MiB skipped_batches=0
2026-08-13 19:19:32,736 | INFO | epoch=6 batch=100 global_step=1788 loss_reg_months=3.3396 lr=0.00019015 grad_norm=2.1060 throughput=31.75 img/s eta_seconds=359.4 gpu_alloc=485.0MiB gpu_reserved=4402.0MiB skipped_batches=0
2026-08-13 19:19:40,635 | INFO | epoch=6 batch=125 global_step=1796 loss_reg_months=3.2606 lr=0.00019015 grad_norm=1.8261 throughput=32.83 img/s eta_seconds=338.5 gpu_alloc=485.0MiB gpu_reserved=4402.0MiB skipped_batches=0
2026-08-13 19:19:48,493 | INFO | epoch=6 batch=150 global_step=1805 loss_reg_months=3.3016 lr=0.00019015 grad_norm=1.6358 throughput=33.61 img/s eta_seconds=321.6 gpu_alloc=375.7MiB gpu_reserved=4402.0MiB skipped_batches=0
2026-08-13 19:19:56,377 | INFO | epoch=6 batch=175 global_step=1813 loss_reg_months=3.3164 lr=0.00019015 grad_norm=1.5539 throughput=34.18 img/s eta_seconds=307.5 gpu_alloc=485.0MiB gpu_reserved=4402.0MiB skipped_batches=0
2026-08-13 19:20:04,329 | INFO | epoch=6 batch=200 global_step=1821 loss_reg_months=3.3243 lr=0.00019015 grad_norm=3.4000 throughput=34.59 img/s eta_seconds=295.2 gpu_alloc=485.0MiB gpu_reserved=4402.0MiB skipped_batches=0
2026-08-13 19:20:12,320 | INFO | epoch=6 batch=225 global_step=1830 loss_reg_months=3.4772 lr=0.00019015 grad_norm=1.5938 throughput=34.89 img/s eta_seconds=284.0 gpu_alloc=375.7MiB gpu_reserved=4402.0MiB skipped_batches=0
2026-08-13 19:20:20,288 | INFO | epoch=6 batch=250 global_step=1838 loss_reg_months=3.4719 lr=0.00019015 grad_norm=1.5178 throughput=35.15 img/s eta_seconds=273.4 gpu_alloc=485.0MiB gpu_reserved=4402.0MiB skipped_batches=0
2026-08-13 19:20:28,028 | INFO | epoch=6 batch=275 global_step=1846 loss_reg_months=3.5461 lr=0.00019015 grad_norm=1.7891 throughput=35.45 img/s eta_seconds=262.6 gpu_alloc=485.0MiB gpu_reserved=4402.0MiB skipped_batches=0
2026-08-13 19:20:35,977 | INFO | epoch=6 batch=300 global_step=1855 loss_reg_months=3.5450 lr=0.00019015 grad_norm=1.8646 throughput=35.63 img/s eta_seconds=252.9 gpu_alloc=375.7MiB gpu_reserved=4402.0MiB skipped_batches=0
2026-08-13 19:20:43,713 | INFO | epoch=6 batch=325 global_step=1863 loss_reg_months=3.5293 lr=0.00019015 grad_norm=2.2837 throughput=35.86 img/s eta_seconds=242.9 gpu_alloc=485.0MiB gpu_reserved=4402.0MiB skipped_batches=0
2026-08-13 19:20:51,574 | INFO | epoch=6 batch=350 global_step=1871 loss_reg_months=3.5261 lr=0.00019015 grad_norm=1.6773 throughput=36.01 img/s eta_seconds=233.6 gpu_alloc=485.0MiB gpu_reserved=4402.0MiB skipped_batches=0
2026-08-13 19:20:59,323 | INFO | epoch=6 batch=375 global_step=1880 loss_reg_months=3.5202 lr=0.00019015 grad_norm=1.4364 throughput=36.18 img/s eta_seconds=224.2 gpu_alloc=375.7MiB gpu_reserved=4402.0MiB skipped_batches=0
2026-08-13 19:21:07,076 | INFO | epoch=6 batch=400 global_step=1888 loss_reg_months=3.4973 lr=0.00019015 grad_norm=1.6430 throughput=36.33 img/s eta_seconds=215.0 gpu_alloc=485.0MiB gpu_reserved=4402.0MiB skipped_batches=0
2026-08-13 19:21:15,105 | INFO | epoch=6 batch=425 global_step=1896 loss_reg_months=3.5075 lr=0.00019015 grad_norm=2.4519 throughput=36.39 img/s eta_seconds=206.4 gpu_alloc=485.0MiB gpu_reserved=4402.0MiB skipped_batches=0
2026-08-13 19:21:22,894 | INFO | epoch=6 batch=450 global_step=1905 loss_reg_months=3.5211 lr=0.00019015 grad_norm=2.8554 throughput=36.50 img/s eta_seconds=197.6 gpu_alloc=375.7MiB gpu_reserved=4402.0MiB skipped_batches=0
2026-08-13 19:21:30,625 | INFO | epoch=6 batch=475 global_step=1913 loss_reg_months=3.5069 lr=0.00019015 grad_norm=2.3992 throughput=36.61 img/s eta_seconds=188.8 gpu_alloc=485.0MiB gpu_reserved=4402.0MiB skipped_batches=0
2026-08-13 19:21:38,586 | INFO | epoch=6 batch=500 global_step=1921 loss_reg_months=3.4909 lr=0.00019015 grad_norm=1.3606 throughput=36.67 img/s eta_seconds=180.3 gpu_alloc=485.0MiB gpu_reserved=4402.0MiB skipped_batches=0
2026-08-13 19:21:46,394 | INFO | epoch=6 batch=525 global_step=1930 loss_reg_months=3.4924 lr=0.00019015 grad_norm=2.2344 throughput=36.75 img/s eta_seconds=171.8 gpu_alloc=375.7MiB gpu_reserved=4402.0MiB skipped_batches=0
2026-08-13 19:21:54,185 | INFO | epoch=6 batch=550 global_step=1938 loss_reg_months=3.5175 lr=0.00019015 grad_norm=4.1218 throughput=36.82 img/s eta_seconds=163.2 gpu_alloc=485.0MiB gpu_reserved=4402.0MiB skipped_batches=0
2026-08-13 19:22:01,947 | INFO | epoch=6 batch=575 global_step=1946 loss_reg_months=3.5521 lr=0.00019015 grad_norm=2.9244 throughput=36.90 img/s eta_seconds=154.8 gpu_alloc=485.0MiB gpu_reserved=4402.0MiB skipped_batches=0
2026-08-13 19:22:09,824 | INFO | epoch=6 batch=600 global_step=1955 loss_reg_months=3.5783 lr=0.00019015 grad_norm=3.2528 throughput=36.95 img/s eta_seconds=146.5 gpu_alloc=375.7MiB gpu_reserved=4402.0MiB skipped_batches=0
2026-08-13 19:22:17,611 | INFO | epoch=6 batch=625 global_step=1963 loss_reg_months=3.5689 lr=0.00019015 grad_norm=1.5435 throughput=37.01 img/s eta_seconds=138.1 gpu_alloc=485.0MiB gpu_reserved=4402.0MiB skipped_batches=0
2026-08-13 19:22:25,540 | INFO | epoch=6 batch=650 global_step=1971 loss_reg_months=3.5617 lr=0.00019015 grad_norm=2.0510 throughput=37.04 img/s eta_seconds=129.9 gpu_alloc=485.0MiB gpu_reserved=4402.0MiB skipped_batches=0
2026-08-13 19:22:33,284 | INFO | epoch=6 batch=675 global_step=1980 loss_reg_months=3.5495 lr=0.00019015 grad_norm=2.0685 throughput=37.10 img/s eta_seconds=121.6 gpu_alloc=375.7MiB gpu_reserved=4402.0MiB skipped_batches=0
2026-08-13 19:22:41,064 | INFO | epoch=6 batch=700 global_step=1988 loss_reg_months=3.5714 lr=0.00019015 grad_norm=1.8440 throughput=37.15 img/s eta_seconds=113.4 gpu_alloc=485.0MiB gpu_reserved=4402.0MiB skipped_batches=0
2026-08-13 19:22:48,794 | INFO | epoch=6 batch=725 global_step=1996 loss_reg_months=3.5850 lr=0.00019015 grad_norm=2.6631 throughput=37.20 img/s eta_seconds=105.1 gpu_alloc=485.0MiB gpu_reserved=4402.0MiB skipped_batches=0
2026-08-13 19:22:58,182 | INFO | epoch=6 batch=750 global_step=2005 loss_reg_months=3.5871 lr=0.00019015 grad_norm=3.8059 throughput=37.00 img/s eta_seconds=97.6 gpu_alloc=375.7MiB gpu_reserved=4402.0MiB skipped_batches=0
2026-08-13 19:23:05,994 | INFO | epoch=6 batch=775 global_step=2013 loss_reg_months=3.5822 lr=0.00019015 grad_norm=2.9130 throughput=37.04 img/s eta_seconds=89.4 gpu_alloc=485.0MiB gpu_reserved=4402.0MiB skipped_batches=0
2026-08-13 19:23:13,850 | INFO | epoch=6 batch=800 global_step=2021 loss_reg_months=3.6156 lr=0.00019015 grad_norm=3.1039 throughput=37.08 img/s eta_seconds=81.2 gpu_alloc=485.0MiB gpu_reserved=4402.0MiB skipped_batches=0
2026-08-13 19:23:21,616 | INFO | epoch=6 batch=825 global_step=2030 loss_reg_months=3.6506 lr=0.00019015 grad_norm=3.4915 throughput=37.12 img/s eta_seconds=73.0 gpu_alloc=375.7MiB gpu_reserved=4402.0MiB skipped_batches=0
2026-08-13 19:23:29,379 | INFO | epoch=6 batch=850 global_step=2038 loss_reg_months=3.6790 lr=0.00019015 grad_norm=2.1812 throughput=37.17 img/s eta_seconds=64.9 gpu_alloc=485.0MiB gpu_reserved=4402.0MiB skipped_batches=0
2026-08-13 19:23:37,209 | INFO | epoch=6 batch=875 global_step=2046 loss_reg_months=3.6810 lr=0.00019015 grad_norm=1.3516 throughput=37.20 img/s eta_seconds=56.7 gpu_alloc=485.0MiB gpu_reserved=4402.0MiB skipped_batches=0
2026-08-13 19:23:44,937 | INFO | epoch=6 batch=900 global_step=2055 loss_reg_months=3.6978 lr=0.00019015 grad_norm=1.7343 throughput=37.24 img/s eta_seconds=48.6 gpu_alloc=375.7MiB gpu_reserved=4402.0MiB skipped_batches=0
2026-08-13 19:23:52,803 | INFO | epoch=6 batch=925 global_step=2063 loss_reg_months=3.7216 lr=0.00019015 grad_norm=1.3334 throughput=37.27 img/s eta_seconds=40.5 gpu_alloc=485.0MiB gpu_reserved=4402.0MiB skipped_batches=0
2026-08-13 19:24:00,597 | INFO | epoch=6 batch=950 global_step=2071 loss_reg_months=3.7153 lr=0.00019015 grad_norm=2.3208 throughput=37.30 img/s eta_seconds=32.5 gpu_alloc=485.0MiB gpu_reserved=4402.0MiB skipped_batches=0
2026-08-13 19:24:08,370 | INFO | epoch=6 batch=975 global_step=2080 loss_reg_months=3.7275 lr=0.00019015 grad_norm=2.1368 throughput=37.33 img/s eta_seconds=24.4 gpu_alloc=375.7MiB gpu_reserved=4402.0MiB skipped_batches=0
2026-08-13 19:24:16,152 | INFO | epoch=6 batch=1000 global_step=2088 loss_reg_months=3.7366 lr=0.00019015 grad_norm=1.2880 throughput=37.36 img/s eta_seconds=16.4 gpu_alloc=485.0MiB gpu_reserved=4402.0MiB skipped_batches=0
2026-08-13 19:24:24,377 | INFO | epoch=6 batch=1025 global_step=2096 loss_reg_months=3.7291 lr=0.00019015 grad_norm=1.8003 throughput=37.34 img/s eta_seconds=8.3 gpu_alloc=485.0MiB gpu_reserved=4402.0MiB skipped_batches=0
2026-08-13 19:24:32,190 | INFO | epoch=6 batch=1050 global_step=2105 loss_reg_months=3.7247 lr=0.00019015 grad_norm=1.7342 throughput=37.36 img/s eta_seconds=0.3 gpu_alloc=375.7MiB gpu_reserved=4402.0MiB skipped_batches=0
2026-08-13 19:25:06,749 | WARNING | STABILITY WARNING [CAM] Prediction vượt nhẹ miền tuổi 0–228: [-3.67, 238.00]
2026-08-13 19:25:06,751 | INFO | 
TRAINING REVIEW SNAPSHOT
Run ID / config hash / split hash: P2_A0_NOAUG_CONVNEXT_TINY_SEED42 / b7d185501fe7 / 7328667e6822+f650a20432b5
Epoch / global step: 6 / 2106
Train loss: 3.7241
Validation MAE / RMSE / median AE: 8.0918 / 10.5886 / 6.0000
MAE nam / nữ / age bins: {'F': 8.503389510640337, 'M': 7.744663648124192} / {'0-59': 7.633882563164893, '120-179': 7.760815822002472, '60-119': 9.067893401015228, '180-228': 7.515625}
Learning rate / peak VRAM: 0.00019015 / 4402.0 MiB
Best epoch / best MAE / epochs không cải thiện: 5 / 6.8757 / 1
Cảnh báo hiện tại: CAM: Prediction vượt nhẹ miền tuổi 0–228: [-3.67, 238.00]
Checkpoint gần nhất: p1_baseline\runs\P2_A0_NOAUG_CONVNEXT_TINY_SEED42\last.ckpt
Checkpoint tốt nhất: p1_baseline\runs\P2_A0_NOAUG_CONVNEXT_TINY_SEED42\best_mae.ckpt
Đề xuất tự động: THEO DÕI
2026-08-13 19:25:23,863 | INFO | epoch=7 batch=25 global_step=2114 loss_reg_months=3.2156 lr=0.00018592 grad_norm=2.2243 throughput=21.01 img/s eta_seconds=586.0 gpu_alloc=485.0MiB gpu_reserved=4402.0MiB skipped_batches=0
2026-08-13 19:25:31,655 | INFO | epoch=7 batch=50 global_step=2122 loss_reg_months=3.2701 lr=0.00018592 grad_norm=2.6471 throughput=27.18 img/s eta_seconds=441.8 gpu_alloc=485.0MiB gpu_reserved=4402.0MiB skipped_batches=0
2026-08-13 19:25:39,565 | INFO | epoch=7 batch=75 global_step=2131 loss_reg_months=3.2734 lr=0.00018592 grad_norm=1.8993 throughput=30.02 img/s eta_seconds=390.1 gpu_alloc=375.7MiB gpu_reserved=4402.0MiB skipped_batches=0
2026-08-13 19:25:47,374 | INFO | epoch=7 batch=100 global_step=2139 loss_reg_months=3.2124 lr=0.00018592 grad_norm=2.4489 throughput=31.75 img/s eta_seconds=359.4 gpu_alloc=485.0MiB gpu_reserved=4402.0MiB skipped_batches=0
2026-08-13 19:25:55,231 | INFO | epoch=7 batch=125 global_step=2147 loss_reg_months=3.2408 lr=0.00018592 grad_norm=3.2957 throughput=32.86 img/s eta_seconds=338.1 gpu_alloc=485.0MiB gpu_reserved=4402.0MiB skipped_batches=0
2026-08-13 19:26:03,047 | INFO | epoch=7 batch=150 global_step=2156 loss_reg_months=3.2936 lr=0.00018592 grad_norm=2.1409 throughput=33.67 img/s eta_seconds=321.1 gpu_alloc=375.7MiB gpu_reserved=4402.0MiB skipped_batches=0
2026-08-13 19:26:10,917 | INFO | epoch=7 batch=175 global_step=2164 loss_reg_months=3.2893 lr=0.00018592 grad_norm=2.0026 throughput=34.24 img/s eta_seconds=307.0 gpu_alloc=485.0MiB gpu_reserved=4402.0MiB skipped_batches=0
2026-08-13 19:26:18,735 | INFO | epoch=7 batch=200 global_step=2172 loss_reg_months=3.3273 lr=0.00018592 grad_norm=1.7070 throughput=34.71 img/s eta_seconds=294.2 gpu_alloc=485.0MiB gpu_reserved=4402.0MiB skipped_batches=0
2026-08-13 19:26:26,718 | INFO | epoch=7 batch=225 global_step=2181 loss_reg_months=3.3331 lr=0.00018592 grad_norm=1.9971 throughput=35.00 img/s eta_seconds=283.1 gpu_alloc=375.7MiB gpu_reserved=4402.0MiB skipped_batches=0
2026-08-13 19:26:34,529 | INFO | epoch=7 batch=250 global_step=2189 loss_reg_months=3.2905 lr=0.00018592 grad_norm=1.7771 throughput=35.32 img/s eta_seconds=272.1 gpu_alloc=485.0MiB gpu_reserved=4402.0MiB skipped_batches=0
2026-08-13 19:26:42,395 | INFO | epoch=7 batch=275 global_step=2197 loss_reg_months=3.3012 lr=0.00018592 grad_norm=2.4545 throughput=35.56 img/s eta_seconds=261.9 gpu_alloc=485.0MiB gpu_reserved=4402.0MiB skipped_batches=0
2026-08-13 19:26:50,146 | INFO | epoch=7 batch=300 global_step=2206 loss_reg_months=3.3187 lr=0.00018592 grad_norm=1.5182 throughput=35.80 img/s eta_seconds=251.7 gpu_alloc=375.7MiB gpu_reserved=4402.0MiB skipped_batches=0
2026-08-13 19:26:58,017 | INFO | epoch=7 batch=325 global_step=2214 loss_reg_months=3.3217 lr=0.00018592 grad_norm=1.7509 throughput=35.97 img/s eta_seconds=242.2 gpu_alloc=485.0MiB gpu_reserved=4402.0MiB skipped_batches=0
2026-08-13 19:27:05,918 | INFO | epoch=7 batch=350 global_step=2222 loss_reg_months=3.2964 lr=0.00018592 grad_norm=1.7072 throughput=36.10 img/s eta_seconds=233.0 gpu_alloc=485.0MiB gpu_reserved=4402.0MiB skipped_batches=0
2026-08-13 19:27:13,923 | INFO | epoch=7 batch=375 global_step=2231 loss_reg_months=3.2697 lr=0.00018592 grad_norm=1.8211 throughput=36.19 img/s eta_seconds=224.1 gpu_alloc=375.7MiB gpu_reserved=4402.0MiB skipped_batches=0
2026-08-13 19:27:21,654 | INFO | epoch=7 batch=400 global_step=2239 loss_reg_months=3.2434 lr=0.00018592 grad_norm=2.2888 throughput=36.34 img/s eta_seconds=214.9 gpu_alloc=485.0MiB gpu_reserved=4402.0MiB skipped_batches=0
2026-08-13 19:27:29,520 | INFO | epoch=7 batch=425 global_step=2247 loss_reg_months=3.2450 lr=0.00018592 grad_norm=1.3943 throughput=36.45 img/s eta_seconds=206.1 gpu_alloc=485.0MiB gpu_reserved=4402.0MiB skipped_batches=0
2026-08-13 19:27:37,387 | INFO | epoch=7 batch=450 global_step=2256 loss_reg_months=3.2157 lr=0.00018592 grad_norm=1.6488 throughput=36.54 img/s eta_seconds=197.4 gpu_alloc=375.7MiB gpu_reserved=4402.0MiB skipped_batches=0
2026-08-13 19:27:45,361 | INFO | epoch=7 batch=475 global_step=2264 loss_reg_months=3.2163 lr=0.00018592 grad_norm=1.7165 throughput=36.59 img/s eta_seconds=188.9 gpu_alloc=485.0MiB gpu_reserved=4402.0MiB skipped_batches=0
2026-08-13 19:27:53,118 | INFO | epoch=7 batch=500 global_step=2272 loss_reg_months=3.2295 lr=0.00018592 grad_norm=2.6409 throughput=36.69 img/s eta_seconds=180.2 gpu_alloc=485.0MiB gpu_reserved=4402.0MiB skipped_batches=0
2026-08-13 19:28:00,915 | INFO | epoch=7 batch=525 global_step=2281 loss_reg_months=3.2131 lr=0.00018592 grad_norm=1.7312 throughput=36.77 img/s eta_seconds=171.6 gpu_alloc=375.7MiB gpu_reserved=4402.0MiB skipped_batches=0
2026-08-13 19:28:08,771 | INFO | epoch=7 batch=550 global_step=2289 loss_reg_months=3.2027 lr=0.00018592 grad_norm=1.9693 throughput=36.83 img/s eta_seconds=163.2 gpu_alloc=485.0MiB gpu_reserved=4402.0MiB skipped_batches=0
2026-08-13 19:28:16,988 | INFO | epoch=7 batch=575 global_step=2297 loss_reg_months=3.1899 lr=0.00018592 grad_norm=2.2090 throughput=36.82 img/s eta_seconds=155.1 gpu_alloc=485.0MiB gpu_reserved=4402.0MiB skipped_batches=0
2026-08-13 19:28:24,933 | INFO | epoch=7 batch=600 global_step=2306 loss_reg_months=3.1846 lr=0.00018592 grad_norm=1.8272 throughput=36.86 img/s eta_seconds=146.8 gpu_alloc=375.7MiB gpu_reserved=4402.0MiB skipped_batches=0
2026-08-13 19:28:32,838 | INFO | epoch=7 batch=625 global_step=2314 loss_reg_months=3.1819 lr=0.00018592 grad_norm=2.2173 throughput=36.90 img/s eta_seconds=138.5 gpu_alloc=485.0MiB gpu_reserved=4402.0MiB skipped_batches=0
2026-08-13 19:28:40,660 | INFO | epoch=7 batch=650 global_step=2322 loss_reg_months=3.1892 lr=0.00018592 grad_norm=2.8640 throughput=36.95 img/s eta_seconds=130.2 gpu_alloc=485.0MiB gpu_reserved=4402.0MiB skipped_batches=0
2026-08-13 19:28:48,591 | INFO | epoch=7 batch=675 global_step=2331 loss_reg_months=3.1888 lr=0.00018592 grad_norm=2.4106 throughput=36.99 img/s eta_seconds=122.0 gpu_alloc=375.7MiB gpu_reserved=4402.0MiB skipped_batches=0
2026-08-13 19:28:56,495 | INFO | epoch=7 batch=700 global_step=2339 loss_reg_months=3.2035 lr=0.00018592 grad_norm=2.3768 throughput=37.02 img/s eta_seconds=113.8 gpu_alloc=485.0MiB gpu_reserved=4402.0MiB skipped_batches=0
2026-08-13 19:29:04,519 | INFO | epoch=7 batch=725 global_step=2347 loss_reg_months=3.2265 lr=0.00018592 grad_norm=2.2100 throughput=37.03 img/s eta_seconds=105.6 gpu_alloc=485.0MiB gpu_reserved=4402.0MiB skipped_batches=0
2026-08-13 19:29:12,438 | INFO | epoch=7 batch=750 global_step=2356 loss_reg_months=3.2265 lr=0.00018592 grad_norm=2.4057 throughput=37.06 img/s eta_seconds=97.4 gpu_alloc=375.7MiB gpu_reserved=4402.0MiB skipped_batches=0
2026-08-13 19:29:20,571 | INFO | epoch=7 batch=775 global_step=2364 loss_reg_months=3.2254 lr=0.00018592 grad_norm=1.4589 throughput=37.05 img/s eta_seconds=89.4 gpu_alloc=485.0MiB gpu_reserved=4402.0MiB skipped_batches=0
2026-08-13 19:29:28,654 | INFO | epoch=7 batch=800 global_step=2372 loss_reg_months=3.2120 lr=0.00018592 grad_norm=2.0489 throughput=37.06 img/s eta_seconds=81.3 gpu_alloc=485.0MiB gpu_reserved=4402.0MiB skipped_batches=0
2026-08-13 19:29:36,441 | INFO | epoch=7 batch=825 global_step=2381 loss_reg_months=3.1994 lr=0.00018592 grad_norm=1.2287 throughput=37.10 img/s eta_seconds=73.1 gpu_alloc=375.7MiB gpu_reserved=4402.0MiB skipped_batches=0
2026-08-13 19:29:44,280 | INFO | epoch=7 batch=850 global_step=2389 loss_reg_months=3.2060 lr=0.00018592 grad_norm=3.1821 throughput=37.13 img/s eta_seconds=64.9 gpu_alloc=485.0MiB gpu_reserved=4402.0MiB skipped_batches=0
2026-08-13 19:29:52,228 | INFO | epoch=7 batch=875 global_step=2397 loss_reg_months=3.2231 lr=0.00018592 grad_norm=2.2817 throughput=37.15 img/s eta_seconds=56.8 gpu_alloc=485.0MiB gpu_reserved=4402.0MiB skipped_batches=0
2026-08-13 19:30:00,104 | INFO | epoch=7 batch=900 global_step=2406 loss_reg_months=3.2168 lr=0.00018592 grad_norm=2.4912 throughput=37.17 img/s eta_seconds=48.7 gpu_alloc=375.7MiB gpu_reserved=4402.0MiB skipped_batches=0
2026-08-13 19:30:07,851 | INFO | epoch=7 batch=925 global_step=2414 loss_reg_months=3.2084 lr=0.00018592 grad_norm=1.6761 throughput=37.21 img/s eta_seconds=40.6 gpu_alloc=485.0MiB gpu_reserved=4402.0MiB skipped_batches=0
2026-08-13 19:30:16,046 | INFO | epoch=7 batch=950 global_step=2422 loss_reg_months=3.2080 lr=0.00018592 grad_norm=1.8222 throughput=37.20 img/s eta_seconds=32.6 gpu_alloc=485.0MiB gpu_reserved=4402.0MiB skipped_batches=0
2026-08-13 19:30:23,854 | INFO | epoch=7 batch=975 global_step=2431 loss_reg_months=3.2177 lr=0.00018592 grad_norm=1.2894 throughput=37.23 img/s eta_seconds=24.5 gpu_alloc=375.7MiB gpu_reserved=4402.0MiB skipped_batches=0
2026-08-13 19:30:31,742 | INFO | epoch=7 batch=1000 global_step=2439 loss_reg_months=3.2186 lr=0.00018592 grad_norm=2.7420 throughput=37.25 img/s eta_seconds=16.4 gpu_alloc=485.0MiB gpu_reserved=4402.0MiB skipped_batches=0
2026-08-13 19:30:39,594 | INFO | epoch=7 batch=1025 global_step=2447 loss_reg_months=3.2073 lr=0.00018592 grad_norm=1.7889 throughput=37.27 img/s eta_seconds=8.3 gpu_alloc=485.0MiB gpu_reserved=4402.0MiB skipped_batches=0
2026-08-13 19:30:47,637 | INFO | epoch=7 batch=1050 global_step=2456 loss_reg_months=3.2037 lr=0.00018592 grad_norm=2.3226 throughput=37.27 img/s eta_seconds=0.3 gpu_alloc=375.7MiB gpu_reserved=4402.0MiB skipped_batches=0
2026-08-13 19:31:22,701 | WARNING | STABILITY WARNING [CAM] Prediction vượt nhẹ miền tuổi 0–228: [8.31, 232.00]
2026-08-13 19:31:22,704 | INFO | 
TRAINING REVIEW SNAPSHOT
Run ID / config hash / split hash: P2_A0_NOAUG_CONVNEXT_TINY_SEED42 / b7d185501fe7 / 7328667e6822+f650a20432b5
Epoch / global step: 7 / 2457
Train loss: 3.2053
Validation MAE / RMSE / median AE: 7.5115 / 10.1005 / 6.0000
MAE nam / nữ / age bins: {'F': 7.765625, 'M': 7.297218628719276} / {'0-59': 6.039228723404255, '120-179': 7.050061804697157, '60-119': 9.489213197969542, '180-228': 5.421875}
Learning rate / peak VRAM: 0.00018592 / 4402.0 MiB
Best epoch / best MAE / epochs không cải thiện: 5 / 6.8757 / 2
Cảnh báo hiện tại: CAM: Prediction vượt nhẹ miền tuổi 0–228: [8.31, 232.00]
Checkpoint gần nhất: p1_baseline\runs\P2_A0_NOAUG_CONVNEXT_TINY_SEED42\last.ckpt
Checkpoint tốt nhất: p1_baseline\runs\P2_A0_NOAUG_CONVNEXT_TINY_SEED42\best_mae.ckpt
Đề xuất tự động: THEO DÕI
2026-08-13 19:31:40,183 | INFO | epoch=8 batch=25 global_step=2465 loss_reg_months=2.8876 lr=0.00018100 grad_norm=1.9432 throughput=20.92 img/s eta_seconds=588.4 gpu_alloc=485.0MiB gpu_reserved=4402.0MiB skipped_batches=0
2026-08-13 19:31:48,029 | INFO | epoch=8 batch=50 global_step=2473 loss_reg_months=3.0981 lr=0.00018100 grad_norm=1.7440 throughput=27.05 img/s eta_seconds=444.1 gpu_alloc=485.0MiB gpu_reserved=4402.0MiB skipped_batches=0
2026-08-13 19:31:55,966 | INFO | epoch=8 batch=75 global_step=2482 loss_reg_months=3.1798 lr=0.00018100 grad_norm=1.5663 throughput=29.88 img/s eta_seconds=391.9 gpu_alloc=375.7MiB gpu_reserved=4402.0MiB skipped_batches=0
2026-08-13 19:32:03,941 | INFO | epoch=8 batch=100 global_step=2490 loss_reg_months=3.0487 lr=0.00018100 grad_norm=1.7029 throughput=31.50 img/s eta_seconds=362.3 gpu_alloc=485.0MiB gpu_reserved=4402.0MiB skipped_batches=0
2026-08-13 19:32:11,929 | INFO | epoch=8 batch=125 global_step=2498 loss_reg_months=3.0504 lr=0.00018100 grad_norm=2.9523 throughput=32.55 img/s eta_seconds=341.4 gpu_alloc=485.0MiB gpu_reserved=4402.0MiB skipped_batches=0
2026-08-13 19:32:21,421 | INFO | epoch=8 batch=150 global_step=2507 loss_reg_months=2.9288 lr=0.00018100 grad_norm=1.6590 throughput=32.39 img/s eta_seconds=333.8 gpu_alloc=375.7MiB gpu_reserved=4402.0MiB skipped_batches=0
2026-08-13 19:32:29,247 | INFO | epoch=8 batch=175 global_step=2515 loss_reg_months=2.9570 lr=0.00018100 grad_norm=1.5382 throughput=33.12 img/s eta_seconds=317.3 gpu_alloc=485.0MiB gpu_reserved=4402.0MiB skipped_batches=0
2026-08-13 19:32:37,240 | INFO | epoch=8 batch=200 global_step=2523 loss_reg_months=2.9235 lr=0.00018100 grad_norm=1.4736 throughput=33.62 img/s eta_seconds=303.8 gpu_alloc=485.0MiB gpu_reserved=4402.0MiB skipped_batches=0
2026-08-13 19:32:45,006 | INFO | epoch=8 batch=225 global_step=2532 loss_reg_months=2.9368 lr=0.00018100 grad_norm=1.9899 throughput=34.11 img/s eta_seconds=290.6 gpu_alloc=375.7MiB gpu_reserved=4402.0MiB skipped_batches=0
2026-08-13 19:32:52,861 | INFO | epoch=8 batch=250 global_step=2540 loss_reg_months=2.9831 lr=0.00018100 grad_norm=2.5398 throughput=34.48 img/s eta_seconds=278.8 gpu_alloc=485.0MiB gpu_reserved=4402.0MiB skipped_batches=0
2026-08-13 19:33:00,738 | INFO | epoch=8 batch=275 global_step=2548 loss_reg_months=2.9988 lr=0.00018100 grad_norm=1.7655 throughput=34.78 img/s eta_seconds=267.7 gpu_alloc=485.0MiB gpu_reserved=4402.0MiB skipped_batches=0
2026-08-13 19:33:08,448 | INFO | epoch=8 batch=300 global_step=2557 loss_reg_months=2.9909 lr=0.00018100 grad_norm=2.5981 throughput=35.09 img/s eta_seconds=256.8 gpu_alloc=375.7MiB gpu_reserved=4402.0MiB skipped_batches=0
2026-08-13 19:33:16,278 | INFO | epoch=8 batch=325 global_step=2565 loss_reg_months=2.9607 lr=0.00018100 grad_norm=1.8596 throughput=35.32 img/s eta_seconds=246.7 gpu_alloc=485.0MiB gpu_reserved=4402.0MiB skipped_batches=0
2026-08-13 19:33:24,003 | INFO | epoch=8 batch=350 global_step=2573 loss_reg_months=3.0037 lr=0.00018100 grad_norm=2.0914 throughput=35.55 img/s eta_seconds=236.6 gpu_alloc=485.0MiB gpu_reserved=4402.0MiB skipped_batches=0
2026-08-13 19:33:31,972 | INFO | epoch=8 batch=375 global_step=2582 loss_reg_months=2.9806 lr=0.00018100 grad_norm=2.0667 throughput=35.68 img/s eta_seconds=227.3 gpu_alloc=375.7MiB gpu_reserved=4402.0MiB skipped_batches=0
2026-08-13 19:33:40,037 | INFO | epoch=8 batch=400 global_step=2590 loss_reg_months=2.9733 lr=0.00018100 grad_norm=1.7153 throughput=35.77 img/s eta_seconds=218.4 gpu_alloc=485.0MiB gpu_reserved=4402.0MiB skipped_batches=0
2026-08-13 19:33:47,751 | INFO | epoch=8 batch=425 global_step=2598 loss_reg_months=2.9555 lr=0.00018100 grad_norm=1.7077 throughput=35.94 img/s eta_seconds=209.0 gpu_alloc=485.0MiB gpu_reserved=4402.0MiB skipped_batches=0
2026-08-13 19:33:55,739 | INFO | epoch=8 batch=450 global_step=2607 loss_reg_months=2.9616 lr=0.00018100 grad_norm=2.0021 throughput=36.03 img/s eta_seconds=200.2 gpu_alloc=375.7MiB gpu_reserved=4402.0MiB skipped_batches=0
2026-08-13 19:34:03,612 | INFO | epoch=8 batch=475 global_step=2615 loss_reg_months=2.9437 lr=0.00018100 grad_norm=1.6762 throughput=36.13 img/s eta_seconds=191.3 gpu_alloc=485.0MiB gpu_reserved=4402.0MiB skipped_batches=0
2026-08-13 19:34:11,644 | INFO | epoch=8 batch=500 global_step=2623 loss_reg_months=2.9388 lr=0.00018100 grad_norm=1.7767 throughput=36.19 img/s eta_seconds=182.7 gpu_alloc=485.0MiB gpu_reserved=4402.0MiB skipped_batches=0
2026-08-13 19:34:19,747 | INFO | epoch=8 batch=525 global_step=2632 loss_reg_months=2.9430 lr=0.00018100 grad_norm=2.3473 throughput=36.23 img/s eta_seconds=174.2 gpu_alloc=375.7MiB gpu_reserved=4402.0MiB skipped_batches=0
2026-08-13 19:34:27,567 | INFO | epoch=8 batch=550 global_step=2640 loss_reg_months=2.9387 lr=0.00018100 grad_norm=2.6242 throughput=36.32 img/s eta_seconds=165.5 gpu_alloc=485.0MiB gpu_reserved=4402.0MiB skipped_batches=0
2026-08-13 19:34:35,596 | INFO | epoch=8 batch=575 global_step=2648 loss_reg_months=2.9297 lr=0.00018100 grad_norm=2.1835 throughput=36.36 img/s eta_seconds=157.1 gpu_alloc=485.0MiB gpu_reserved=4402.0MiB skipped_batches=0
2026-08-13 19:34:43,495 | INFO | epoch=8 batch=600 global_step=2657 loss_reg_months=2.9347 lr=0.00018100 grad_norm=2.5724 throughput=36.43 img/s eta_seconds=148.5 gpu_alloc=375.7MiB gpu_reserved=4402.0MiB skipped_batches=0
2026-08-13 19:34:51,268 | INFO | epoch=8 batch=625 global_step=2665 loss_reg_months=2.9115 lr=0.00018100 grad_norm=1.9303 throughput=36.51 img/s eta_seconds=140.0 gpu_alloc=485.0MiB gpu_reserved=4402.0MiB skipped_batches=0
2026-08-13 19:34:59,266 | INFO | epoch=8 batch=650 global_step=2673 loss_reg_months=2.9026 lr=0.00018100 grad_norm=1.6947 throughput=36.55 img/s eta_seconds=131.6 gpu_alloc=485.0MiB gpu_reserved=4402.0MiB skipped_batches=0
2026-08-13 19:35:07,134 | INFO | epoch=8 batch=675 global_step=2682 loss_reg_months=2.9114 lr=0.00018100 grad_norm=2.1614 throughput=36.60 img/s eta_seconds=123.2 gpu_alloc=375.7MiB gpu_reserved=4402.0MiB skipped_batches=0
2026-08-13 19:35:15,219 | INFO | epoch=8 batch=700 global_step=2690 loss_reg_months=2.9079 lr=0.00018100 grad_norm=2.9954 throughput=36.62 img/s eta_seconds=115.0 gpu_alloc=485.0MiB gpu_reserved=4402.0MiB skipped_batches=0
2026-08-13 19:35:23,147 | INFO | epoch=8 batch=725 global_step=2698 loss_reg_months=2.9186 lr=0.00018100 grad_norm=2.1997 throughput=36.66 img/s eta_seconds=106.7 gpu_alloc=485.0MiB gpu_reserved=4402.0MiB skipped_batches=0
2026-08-13 19:35:30,988 | INFO | epoch=8 batch=750 global_step=2707 loss_reg_months=2.9528 lr=0.00018100 grad_norm=2.3172 throughput=36.71 img/s eta_seconds=98.4 gpu_alloc=375.7MiB gpu_reserved=4402.0MiB skipped_batches=0
2026-08-13 19:35:38,752 | INFO | epoch=8 batch=775 global_step=2715 loss_reg_months=2.9656 lr=0.00018100 grad_norm=3.0242 throughput=36.77 img/s eta_seconds=90.0 gpu_alloc=485.0MiB gpu_reserved=4402.0MiB skipped_batches=0
2026-08-13 19:35:46,667 | INFO | epoch=8 batch=800 global_step=2723 loss_reg_months=2.9796 lr=0.00018100 grad_norm=1.5642 throughput=36.81 img/s eta_seconds=81.8 gpu_alloc=485.0MiB gpu_reserved=4402.0MiB skipped_batches=0
2026-08-13 19:35:54,583 | INFO | epoch=8 batch=825 global_step=2732 loss_reg_months=2.9845 lr=0.00018100 grad_norm=2.1227 throughput=36.84 img/s eta_seconds=73.6 gpu_alloc=375.7MiB gpu_reserved=4402.0MiB skipped_batches=0
2026-08-13 19:36:02,450 | INFO | epoch=8 batch=850 global_step=2740 loss_reg_months=2.9776 lr=0.00018100 grad_norm=1.4965 throughput=36.88 img/s eta_seconds=65.4 gpu_alloc=485.0MiB gpu_reserved=4402.0MiB skipped_batches=0
2026-08-13 19:36:10,306 | INFO | epoch=8 batch=875 global_step=2748 loss_reg_months=2.9623 lr=0.00018100 grad_norm=2.2694 throughput=36.91 img/s eta_seconds=57.2 gpu_alloc=485.0MiB gpu_reserved=4402.0MiB skipped_batches=0
2026-08-13 19:36:18,431 | INFO | epoch=8 batch=900 global_step=2757 loss_reg_months=2.9550 lr=0.00018100 grad_norm=1.2195 throughput=36.91 img/s eta_seconds=49.1 gpu_alloc=375.7MiB gpu_reserved=4402.0MiB skipped_batches=0
2026-08-13 19:36:26,182 | INFO | epoch=8 batch=925 global_step=2765 loss_reg_months=2.9453 lr=0.00018100 grad_norm=1.3669 throughput=36.96 img/s eta_seconds=40.9 gpu_alloc=485.0MiB gpu_reserved=4402.0MiB skipped_batches=0
2026-08-13 19:36:34,196 | INFO | epoch=8 batch=950 global_step=2773 loss_reg_months=2.9445 lr=0.00018100 grad_norm=1.7509 throughput=36.97 img/s eta_seconds=32.8 gpu_alloc=485.0MiB gpu_reserved=4402.0MiB skipped_batches=0
2026-08-13 19:36:42,040 | INFO | epoch=8 batch=975 global_step=2782 loss_reg_months=2.9558 lr=0.00018100 grad_norm=3.7900 throughput=37.00 img/s eta_seconds=24.6 gpu_alloc=375.7MiB gpu_reserved=4402.0MiB skipped_batches=0
2026-08-13 19:36:50,143 | INFO | epoch=8 batch=1000 global_step=2790 loss_reg_months=2.9555 lr=0.00018100 grad_norm=2.1743 throughput=37.00 img/s eta_seconds=16.5 gpu_alloc=485.0MiB gpu_reserved=4402.0MiB skipped_batches=0
2026-08-13 19:36:57,872 | INFO | epoch=8 batch=1025 global_step=2798 loss_reg_months=2.9662 lr=0.00018100 grad_norm=1.4860 throughput=37.05 img/s eta_seconds=8.4 gpu_alloc=485.0MiB gpu_reserved=4402.0MiB skipped_batches=0
2026-08-13 19:37:05,686 | INFO | epoch=8 batch=1050 global_step=2807 loss_reg_months=2.9757 lr=0.00018100 grad_norm=1.7048 throughput=37.08 img/s eta_seconds=0.3 gpu_alloc=375.7MiB gpu_reserved=4402.0MiB skipped_batches=0
2026-08-13 19:37:40,026 | WARNING | STABILITY WARNING [CAM] Validation MAE xấu đi trong khi train loss giảm
2026-08-13 19:37:40,026 | INFO | 
TRAINING REVIEW SNAPSHOT
Run ID / config hash / split hash: P2_A0_NOAUG_CONVNEXT_TINY_SEED42 / b7d185501fe7 / 7328667e6822+f650a20432b5
Epoch / global step: 8 / 2808
Train loss: 2.9754
Validation MAE / RMSE / median AE: 7.7261 / 10.1567 / 6.0000
MAE nam / nữ / age bins: {'F': 8.374724405674847, 'M': 7.178929495472186} / {'0-59': 8.283327792553191, '120-179': 6.355995055624227, '60-119': 10.540609137055837, '180-228': 7.3125}
Learning rate / peak VRAM: 0.00018100 / 4402.0 MiB
Best epoch / best MAE / epochs không cải thiện: 5 / 6.8757 / 3
Cảnh báo hiện tại: CAM: Validation MAE xấu đi trong khi train loss giảm
Checkpoint gần nhất: p1_baseline\runs\P2_A0_NOAUG_CONVNEXT_TINY_SEED42\last.ckpt
Checkpoint tốt nhất: p1_baseline\runs\P2_A0_NOAUG_CONVNEXT_TINY_SEED42\best_mae.ckpt
Đề xuất tự động: THEO DÕI
2026-08-13 19:37:59,313 | INFO | epoch=9 batch=25 global_step=2816 loss_reg_months=3.1933 lr=0.00017543 grad_norm=1.8726 throughput=21.03 img/s eta_seconds=585.5 gpu_alloc=485.0MiB gpu_reserved=4402.0MiB skipped_batches=0
2026-08-13 19:38:07,135 | INFO | epoch=9 batch=50 global_step=2824 loss_reg_months=3.0936 lr=0.00017543 grad_norm=1.4615 throughput=27.16 img/s eta_seconds=442.2 gpu_alloc=485.0MiB gpu_reserved=4402.0MiB skipped_batches=0
2026-08-13 19:38:14,856 | INFO | epoch=9 batch=75 global_step=2833 loss_reg_months=3.0844 lr=0.00017543 grad_norm=1.8283 throughput=30.19 img/s eta_seconds=387.9 gpu_alloc=375.7MiB gpu_reserved=4402.0MiB skipped_batches=0
2026-08-13 19:38:22,968 | INFO | epoch=9 batch=100 global_step=2841 loss_reg_months=2.9848 lr=0.00017543 grad_norm=1.7272 throughput=31.64 img/s eta_seconds=360.6 gpu_alloc=485.0MiB gpu_reserved=4402.0MiB skipped_batches=0
2026-08-13 19:38:30,723 | INFO | epoch=9 batch=125 global_step=2849 loss_reg_months=2.9766 lr=0.00017543 grad_norm=2.4253 throughput=32.84 img/s eta_seconds=338.3 gpu_alloc=485.0MiB gpu_reserved=4402.0MiB skipped_batches=0
2026-08-13 19:38:38,616 | INFO | epoch=9 batch=150 global_step=2858 loss_reg_months=2.9184 lr=0.00017543 grad_norm=1.3977 throughput=33.60 img/s eta_seconds=321.7 gpu_alloc=375.7MiB gpu_reserved=4402.0MiB skipped_batches=0
2026-08-13 19:38:46,756 | INFO | epoch=9 batch=175 global_step=2866 loss_reg_months=2.8573 lr=0.00017543 grad_norm=1.8484 throughput=34.03 img/s eta_seconds=308.9 gpu_alloc=485.0MiB gpu_reserved=4402.0MiB skipped_batches=0
2026-08-13 19:38:54,464 | INFO | epoch=9 batch=200 global_step=2874 loss_reg_months=2.8385 lr=0.00017543 grad_norm=1.8289 throughput=34.57 img/s eta_seconds=295.3 gpu_alloc=485.0MiB gpu_reserved=4402.0MiB skipped_batches=0
2026-08-13 19:39:02,613 | INFO | epoch=9 batch=225 global_step=2883 loss_reg_months=2.7845 lr=0.00017543 grad_norm=1.4031 throughput=34.81 img/s eta_seconds=284.7 gpu_alloc=375.7MiB gpu_reserved=4402.0MiB skipped_batches=0
2026-08-13 19:39:10,326 | INFO | epoch=9 batch=250 global_step=2891 loss_reg_months=2.7529 lr=0.00017543 grad_norm=2.7349 throughput=35.18 img/s eta_seconds=273.2 gpu_alloc=485.0MiB gpu_reserved=4402.0MiB skipped_batches=0
2026-08-13 19:39:18,283 | INFO | epoch=9 batch=275 global_step=2899 loss_reg_months=2.7269 lr=0.00017543 grad_norm=1.5907 throughput=35.39 img/s eta_seconds=263.1 gpu_alloc=485.0MiB gpu_reserved=4402.0MiB skipped_batches=0
2026-08-13 19:39:26,010 | INFO | epoch=9 batch=300 global_step=2908 loss_reg_months=2.6909 lr=0.00017543 grad_norm=1.3081 throughput=35.66 img/s eta_seconds=252.7 gpu_alloc=375.7MiB gpu_reserved=4402.0MiB skipped_batches=0
2026-08-13 19:39:33,996 | INFO | epoch=9 batch=325 global_step=2916 loss_reg_months=2.6920 lr=0.00017543 grad_norm=3.0228 throughput=35.80 img/s eta_seconds=243.3 gpu_alloc=485.0MiB gpu_reserved=4402.0MiB skipped_batches=0
2026-08-13 19:39:41,766 | INFO | epoch=9 batch=350 global_step=2924 loss_reg_months=2.6554 lr=0.00017543 grad_norm=1.4213 throughput=35.98 img/s eta_seconds=233.7 gpu_alloc=485.0MiB gpu_reserved=4402.0MiB skipped_batches=0
2026-08-13 19:39:49,523 | INFO | epoch=9 batch=375 global_step=2933 loss_reg_months=2.6258 lr=0.00017543 grad_norm=1.3056 throughput=36.15 img/s eta_seconds=224.4 gpu_alloc=375.7MiB gpu_reserved=4402.0MiB skipped_batches=0
2026-08-13 19:39:57,583 | INFO | epoch=9 batch=400 global_step=2941 loss_reg_months=2.6186 lr=0.00017543 grad_norm=2.2636 throughput=36.22 img/s eta_seconds=215.7 gpu_alloc=485.0MiB gpu_reserved=4402.0MiB skipped_batches=0
2026-08-13 19:40:05,415 | INFO | epoch=9 batch=425 global_step=2949 loss_reg_months=2.6241 lr=0.00017543 grad_norm=1.5781 throughput=36.33 img/s eta_seconds=206.7 gpu_alloc=485.0MiB gpu_reserved=4402.0MiB skipped_batches=0
2026-08-13 19:40:13,248 | INFO | epoch=9 batch=450 global_step=2958 loss_reg_months=2.6024 lr=0.00017543 grad_norm=2.8910 throughput=36.44 img/s eta_seconds=197.9 gpu_alloc=375.7MiB gpu_reserved=4402.0MiB skipped_batches=0
2026-08-13 19:40:21,299 | INFO | epoch=9 batch=475 global_step=2966 loss_reg_months=2.5839 lr=0.00017543 grad_norm=1.5357 throughput=36.48 img/s eta_seconds=189.4 gpu_alloc=485.0MiB gpu_reserved=4402.0MiB skipped_batches=0
2026-08-13 19:40:29,089 | INFO | epoch=9 batch=500 global_step=2974 loss_reg_months=2.5692 lr=0.00017543 grad_norm=1.8529 throughput=36.58 img/s eta_seconds=180.7 gpu_alloc=485.0MiB gpu_reserved=4402.0MiB skipped_batches=0
2026-08-13 19:40:36,959 | INFO | epoch=9 batch=525 global_step=2983 loss_reg_months=2.5593 lr=0.00017543 grad_norm=1.3599 throughput=36.65 img/s eta_seconds=172.2 gpu_alloc=375.7MiB gpu_reserved=4402.0MiB skipped_batches=0
2026-08-13 19:40:44,835 | INFO | epoch=9 batch=550 global_step=2991 loss_reg_months=2.5770 lr=0.00017543 grad_norm=1.0759 throughput=36.71 img/s eta_seconds=163.7 gpu_alloc=485.0MiB gpu_reserved=4402.0MiB skipped_batches=0
2026-08-13 19:40:52,549 | INFO | epoch=9 batch=575 global_step=2999 loss_reg_months=2.5678 lr=0.00017543 grad_norm=1.6542 throughput=36.80 img/s eta_seconds=155.2 gpu_alloc=485.0MiB gpu_reserved=4402.0MiB skipped_batches=0
2026-08-13 19:41:02,077 | INFO | epoch=9 batch=600 global_step=3008 loss_reg_months=2.5619 lr=0.00017543 grad_norm=2.0472 throughput=36.54 img/s eta_seconds=148.1 gpu_alloc=375.7MiB gpu_reserved=4402.0MiB skipped_batches=0
2026-08-13 19:41:10,105 | INFO | epoch=9 batch=625 global_step=3016 loss_reg_months=2.5537 lr=0.00017543 grad_norm=1.6597 throughput=36.57 img/s eta_seconds=139.7 gpu_alloc=485.0MiB gpu_reserved=4402.0MiB skipped_batches=0
2026-08-13 19:41:17,851 | INFO | epoch=9 batch=650 global_step=3024 loss_reg_months=2.5607 lr=0.00017543 grad_norm=2.3871 throughput=36.65 img/s eta_seconds=131.3 gpu_alloc=485.0MiB gpu_reserved=4402.0MiB skipped_batches=0
2026-08-13 19:41:25,958 | INFO | epoch=9 batch=675 global_step=3033 loss_reg_months=2.5438 lr=0.00017543 grad_norm=1.6051 throughput=36.67 img/s eta_seconds=123.0 gpu_alloc=375.7MiB gpu_reserved=4402.0MiB skipped_batches=0
2026-08-13 19:41:33,758 | INFO | epoch=9 batch=700 global_step=3041 loss_reg_months=2.5454 lr=0.00017543 grad_norm=2.1415 throughput=36.73 img/s eta_seconds=114.7 gpu_alloc=485.0MiB gpu_reserved=4402.0MiB skipped_batches=0
2026-08-13 19:41:41,660 | INFO | epoch=9 batch=725 global_step=3049 loss_reg_months=2.5618 lr=0.00017543 grad_norm=2.2181 throughput=36.77 img/s eta_seconds=106.4 gpu_alloc=485.0MiB gpu_reserved=4402.0MiB skipped_batches=0
2026-08-13 19:41:49,394 | INFO | epoch=9 batch=750 global_step=3058 loss_reg_months=2.5612 lr=0.00017543 grad_norm=1.8508 throughput=36.83 img/s eta_seconds=98.0 gpu_alloc=375.7MiB gpu_reserved=4402.0MiB skipped_batches=0
2026-08-13 19:41:57,215 | INFO | epoch=9 batch=775 global_step=3066 loss_reg_months=2.5604 lr=0.00017543 grad_norm=2.2998 throughput=36.88 img/s eta_seconds=89.8 gpu_alloc=485.0MiB gpu_reserved=4402.0MiB skipped_batches=0
2026-08-13 19:42:04,997 | INFO | epoch=9 batch=800 global_step=3074 loss_reg_months=2.5623 lr=0.00017543 grad_norm=2.9749 throughput=36.93 img/s eta_seconds=81.5 gpu_alloc=485.0MiB gpu_reserved=4402.0MiB skipped_batches=0
2026-08-13 19:42:13,073 | INFO | epoch=9 batch=825 global_step=3083 loss_reg_months=2.5653 lr=0.00017543 grad_norm=1.6243 throughput=36.94 img/s eta_seconds=73.4 gpu_alloc=375.7MiB gpu_reserved=4402.0MiB skipped_batches=0
2026-08-13 19:42:20,898 | INFO | epoch=9 batch=850 global_step=3091 loss_reg_months=2.5588 lr=0.00017543 grad_norm=1.7043 throughput=36.98 img/s eta_seconds=65.2 gpu_alloc=485.0MiB gpu_reserved=4402.0MiB skipped_batches=0
2026-08-13 19:42:28,694 | INFO | epoch=9 batch=875 global_step=3099 loss_reg_months=2.5615 lr=0.00017543 grad_norm=2.3852 throughput=37.02 img/s eta_seconds=57.0 gpu_alloc=485.0MiB gpu_reserved=4402.0MiB skipped_batches=0
2026-08-13 19:42:36,603 | INFO | epoch=9 batch=900 global_step=3108 loss_reg_months=2.5624 lr=0.00017543 grad_norm=1.6059 throughput=37.04 img/s eta_seconds=48.9 gpu_alloc=375.7MiB gpu_reserved=4402.0MiB skipped_batches=0
2026-08-13 19:42:44,322 | INFO | epoch=9 batch=925 global_step=3116 loss_reg_months=2.5555 lr=0.00017543 grad_norm=2.1038 throughput=37.09 img/s eta_seconds=40.7 gpu_alloc=485.0MiB gpu_reserved=4402.0MiB skipped_batches=0
2026-08-13 19:42:52,219 | INFO | epoch=9 batch=950 global_step=3124 loss_reg_months=2.5465 lr=0.00017543 grad_norm=2.1989 throughput=37.11 img/s eta_seconds=32.6 gpu_alloc=485.0MiB gpu_reserved=4402.0MiB skipped_batches=0
2026-08-13 19:43:00,115 | INFO | epoch=9 batch=975 global_step=3133 loss_reg_months=2.5358 lr=0.00017543 grad_norm=1.3248 throughput=37.13 img/s eta_seconds=24.5 gpu_alloc=375.7MiB gpu_reserved=4402.0MiB skipped_batches=0
2026-08-13 19:43:07,887 | INFO | epoch=9 batch=1000 global_step=3141 loss_reg_months=2.5260 lr=0.00017543 grad_norm=1.6333 throughput=37.17 img/s eta_seconds=16.4 gpu_alloc=485.0MiB gpu_reserved=4402.0MiB skipped_batches=0
2026-08-13 19:43:15,670 | INFO | epoch=9 batch=1025 global_step=3149 loss_reg_months=2.5249 lr=0.00017543 grad_norm=2.0992 throughput=37.20 img/s eta_seconds=8.4 gpu_alloc=485.0MiB gpu_reserved=4402.0MiB skipped_batches=0
2026-08-13 19:43:23,431 | INFO | epoch=9 batch=1050 global_step=3158 loss_reg_months=2.5208 lr=0.00017543 grad_norm=1.4465 throughput=37.24 img/s eta_seconds=0.3 gpu_alloc=375.7MiB gpu_reserved=4402.0MiB skipped_batches=0
2026-08-13 19:43:56,779 | INFO | 
TRAINING REVIEW SNAPSHOT
Run ID / config hash / split hash: P2_A0_NOAUG_CONVNEXT_TINY_SEED42 / b7d185501fe7 / 7328667e6822+f650a20432b5
Epoch / global step: 9 / 3159
Train loss: 2.5200
Validation MAE / RMSE / median AE: 7.0347 / 9.2768 / 5.7500
MAE nam / nữ / age bins: {'F': 7.486963190184049, 'M': 6.653298835705045} / {'0-59': 7.973404255319149, '120-179': 6.482694684796044, '60-119': 7.947969543147208, '180-228': 7.0234375}
Learning rate / peak VRAM: 0.00017543 / 4402.0 MiB
Best epoch / best MAE / epochs không cải thiện: 5 / 6.8757 / 4
Cảnh báo hiện tại: KHÔNG
Checkpoint gần nhất: p1_baseline\runs\P2_A0_NOAUG_CONVNEXT_TINY_SEED42\last.ckpt
Checkpoint tốt nhất: p1_baseline\runs\P2_A0_NOAUG_CONVNEXT_TINY_SEED42\best_mae.ckpt
Đề xuất tự động: TIẾP TỤC
2026-08-13 19:44:13,973 | INFO | epoch=10 batch=25 global_step=3167 loss_reg_months=2.0297 lr=0.00016926 grad_norm=1.3629 throughput=21.73 img/s eta_seconds=566.7 gpu_alloc=485.0MiB gpu_reserved=4402.0MiB skipped_batches=0
2026-08-13 19:44:21,748 | INFO | epoch=10 batch=50 global_step=3175 loss_reg_months=2.1950 lr=0.00016926 grad_norm=1.2878 throughput=27.80 img/s eta_seconds=432.1 gpu_alloc=485.0MiB gpu_reserved=4402.0MiB skipped_batches=0
2026-08-13 19:44:29,622 | INFO | epoch=10 batch=75 global_step=3184 loss_reg_months=2.1582 lr=0.00016926 grad_norm=1.3010 throughput=30.55 img/s eta_seconds=383.3 gpu_alloc=375.7MiB gpu_reserved=4402.0MiB skipped_batches=0
2026-08-13 19:44:37,277 | INFO | epoch=10 batch=100 global_step=3192 loss_reg_months=2.0771 lr=0.00016926 grad_norm=1.3372 throughput=32.33 img/s eta_seconds=352.9 gpu_alloc=485.0MiB gpu_reserved=4402.0MiB skipped_batches=0
2026-08-13 19:44:44,928 | INFO | epoch=10 batch=125 global_step=3200 loss_reg_months=2.0337 lr=0.00016926 grad_norm=1.9176 throughput=33.51 img/s eta_seconds=331.6 gpu_alloc=485.0MiB gpu_reserved=4402.0MiB skipped_batches=0
2026-08-13 19:44:52,974 | INFO | epoch=10 batch=150 global_step=3209 loss_reg_months=2.0746 lr=0.00016926 grad_norm=1.6143 throughput=34.08 img/s eta_seconds=317.2 gpu_alloc=375.7MiB gpu_reserved=4402.0MiB skipped_batches=0
2026-08-13 19:45:00,630 | INFO | epoch=10 batch=175 global_step=3217 loss_reg_months=2.0800 lr=0.00016926 grad_norm=1.5131 throughput=34.73 img/s eta_seconds=302.6 gpu_alloc=485.0MiB gpu_reserved=4402.0MiB skipped_batches=0
2026-08-13 19:45:08,274 | INFO | epoch=10 batch=200 global_step=3225 loss_reg_months=2.0537 lr=0.00016926 grad_norm=1.5444 throughput=35.24 img/s eta_seconds=289.8 gpu_alloc=485.0MiB gpu_reserved=4402.0MiB skipped_batches=0
2026-08-13 19:45:16,088 | INFO | epoch=10 batch=225 global_step=3234 loss_reg_months=2.0677 lr=0.00016926 grad_norm=1.5650 throughput=35.56 img/s eta_seconds=278.7 gpu_alloc=375.7MiB gpu_reserved=4402.0MiB skipped_batches=0
2026-08-13 19:45:23,805 | INFO | epoch=10 batch=250 global_step=3242 loss_reg_months=2.0826 lr=0.00016926 grad_norm=1.9413 throughput=35.87 img/s eta_seconds=268.0 gpu_alloc=485.0MiB gpu_reserved=4402.0MiB skipped_batches=0
2026-08-13 19:45:31,467 | INFO | epoch=10 batch=275 global_step=3250 loss_reg_months=2.0558 lr=0.00016926 grad_norm=2.2789 throughput=36.14 img/s eta_seconds=257.6 gpu_alloc=485.0MiB gpu_reserved=4402.0MiB skipped_batches=0
2026-08-13 19:45:39,347 | INFO | epoch=10 batch=300 global_step=3259 loss_reg_months=2.0725 lr=0.00016926 grad_norm=1.7561 throughput=36.30 img/s eta_seconds=248.3 gpu_alloc=375.7MiB gpu_reserved=4402.0MiB skipped_batches=0
2026-08-13 19:45:47,007 | INFO | epoch=10 batch=325 global_step=3267 loss_reg_months=2.1131 lr=0.00016926 grad_norm=1.8518 throughput=36.50 img/s eta_seconds=238.6 gpu_alloc=485.0MiB gpu_reserved=4402.0MiB skipped_batches=0
2026-08-13 19:45:54,671 | INFO | epoch=10 batch=350 global_step=3275 loss_reg_months=2.1108 lr=0.00016926 grad_norm=1.7078 throughput=36.68 img/s eta_seconds=229.3 gpu_alloc=485.0MiB gpu_reserved=4402.0MiB skipped_batches=0
2026-08-13 19:46:02,676 | INFO | epoch=10 batch=375 global_step=3284 loss_reg_months=2.1243 lr=0.00016926 grad_norm=2.1267 throughput=36.73 img/s eta_seconds=220.8 gpu_alloc=375.7MiB gpu_reserved=4402.0MiB skipped_batches=0
2026-08-13 19:46:10,452 | INFO | epoch=10 batch=400 global_step=3292 loss_reg_months=2.1602 lr=0.00016926 grad_norm=2.0952 throughput=36.84 img/s eta_seconds=212.0 gpu_alloc=485.0MiB gpu_reserved=4402.0MiB skipped_batches=0
2026-08-13 19:46:18,325 | INFO | epoch=10 batch=425 global_step=3300 loss_reg_months=2.1574 lr=0.00016926 grad_norm=1.3305 throughput=36.91 img/s eta_seconds=203.5 gpu_alloc=485.0MiB gpu_reserved=4402.0MiB skipped_batches=0
2026-08-13 19:46:26,513 | INFO | epoch=10 batch=450 global_step=3309 loss_reg_months=2.1672 lr=0.00016926 grad_norm=1.6316 throughput=36.90 img/s eta_seconds=195.4 gpu_alloc=375.7MiB gpu_reserved=4402.0MiB skipped_batches=0
2026-08-13 19:46:34,196 | INFO | epoch=10 batch=475 global_step=3317 loss_reg_months=2.1736 lr=0.00016926 grad_norm=1.3915 throughput=37.01 img/s eta_seconds=186.8 gpu_alloc=485.0MiB gpu_reserved=4402.0MiB skipped_batches=0
2026-08-13 19:46:41,934 | INFO | epoch=10 batch=500 global_step=3325 loss_reg_months=2.1840 lr=0.00016926 grad_norm=1.9029 throughput=37.09 img/s eta_seconds=178.2 gpu_alloc=485.0MiB gpu_reserved=4402.0MiB skipped_batches=0
2026-08-13 19:46:49,696 | INFO | epoch=10 batch=525 global_step=3334 loss_reg_months=2.1792 lr=0.00016926 grad_norm=1.4843 throughput=37.16 img/s eta_seconds=169.8 gpu_alloc=375.7MiB gpu_reserved=4402.0MiB skipped_batches=0
2026-08-13 19:46:57,483 | INFO | epoch=10 batch=550 global_step=3342 loss_reg_months=2.1771 lr=0.00016926 grad_norm=1.5417 throughput=37.22 img/s eta_seconds=161.5 gpu_alloc=485.0MiB gpu_reserved=4402.0MiB skipped_batches=0
2026-08-13 19:47:05,229 | INFO | epoch=10 batch=575 global_step=3350 loss_reg_months=2.1773 lr=0.00016926 grad_norm=1.6166 throughput=37.28 img/s eta_seconds=153.2 gpu_alloc=485.0MiB gpu_reserved=4402.0MiB skipped_batches=0
2026-08-13 19:47:13,138 | INFO | epoch=10 batch=600 global_step=3359 loss_reg_months=2.1946 lr=0.00016926 grad_norm=1.7107 throughput=37.31 img/s eta_seconds=145.0 gpu_alloc=375.7MiB gpu_reserved=4402.0MiB skipped_batches=0
2026-08-13 19:47:20,810 | INFO | epoch=10 batch=625 global_step=3367 loss_reg_months=2.2053 lr=0.00016926 grad_norm=2.0684 throughput=37.38 img/s eta_seconds=136.7 gpu_alloc=485.0MiB gpu_reserved=4402.0MiB skipped_batches=0
2026-08-13 19:47:28,577 | INFO | epoch=10 batch=650 global_step=3375 loss_reg_months=2.2032 lr=0.00016926 grad_norm=2.3140 throughput=37.43 img/s eta_seconds=128.5 gpu_alloc=485.0MiB gpu_reserved=4402.0MiB skipped_batches=0
2026-08-13 19:47:36,692 | INFO | epoch=10 batch=675 global_step=3384 loss_reg_months=2.2020 lr=0.00016926 grad_norm=1.6583 throughput=37.41 img/s eta_seconds=120.6 gpu_alloc=375.7MiB gpu_reserved=4402.0MiB skipped_batches=0
2026-08-13 19:47:44,386 | INFO | epoch=10 batch=700 global_step=3392 loss_reg_months=2.1979 lr=0.00016926 grad_norm=1.4348 throughput=37.46 img/s eta_seconds=112.4 gpu_alloc=485.0MiB gpu_reserved=4402.0MiB skipped_batches=0
2026-08-13 19:47:52,059 | INFO | epoch=10 batch=725 global_step=3400 loss_reg_months=2.2025 lr=0.00016926 grad_norm=1.4413 throughput=37.52 img/s eta_seconds=104.2 gpu_alloc=485.0MiB gpu_reserved=4402.0MiB skipped_batches=0
2026-08-13 19:47:59,755 | INFO | epoch=10 batch=750 global_step=3409 loss_reg_months=2.1951 lr=0.00016926 grad_norm=1.3620 throughput=37.56 img/s eta_seconds=96.1 gpu_alloc=375.7MiB gpu_reserved=4402.0MiB skipped_batches=0
2026-08-13 19:48:07,530 | INFO | epoch=10 batch=775 global_step=3417 loss_reg_months=2.1849 lr=0.00016926 grad_norm=1.6823 throughput=37.60 img/s eta_seconds=88.1 gpu_alloc=485.0MiB gpu_reserved=4402.0MiB skipped_batches=0
2026-08-13 19:48:15,377 | INFO | epoch=10 batch=800 global_step=3425 loss_reg_months=2.1810 lr=0.00016926 grad_norm=1.6528 throughput=37.62 img/s eta_seconds=80.0 gpu_alloc=485.0MiB gpu_reserved=4402.0MiB skipped_batches=0
2026-08-13 19:48:23,295 | INFO | epoch=10 batch=825 global_step=3434 loss_reg_months=2.1865 lr=0.00016926 grad_norm=2.1611 throughput=37.62 img/s eta_seconds=72.1 gpu_alloc=375.7MiB gpu_reserved=4402.0MiB skipped_batches=0
2026-08-13 19:48:31,016 | INFO | epoch=10 batch=850 global_step=3442 loss_reg_months=2.1901 lr=0.00016926 grad_norm=2.5079 throughput=37.66 img/s eta_seconds=64.0 gpu_alloc=485.0MiB gpu_reserved=4402.0MiB skipped_batches=0
2026-08-13 19:48:38,869 | INFO | epoch=10 batch=875 global_step=3450 loss_reg_months=2.1926 lr=0.00016926 grad_norm=2.1090 throughput=37.67 img/s eta_seconds=56.0 gpu_alloc=485.0MiB gpu_reserved=4402.0MiB skipped_batches=0
2026-08-13 19:48:46,713 | INFO | epoch=10 batch=900 global_step=3459 loss_reg_months=2.1902 lr=0.00016926 grad_norm=1.8152 throughput=37.69 img/s eta_seconds=48.1 gpu_alloc=375.7MiB gpu_reserved=4402.0MiB skipped_batches=0
2026-08-13 19:48:54,412 | INFO | epoch=10 batch=925 global_step=3467 loss_reg_months=2.1867 lr=0.00016926 grad_norm=1.2856 throughput=37.72 img/s eta_seconds=40.1 gpu_alloc=485.0MiB gpu_reserved=4402.0MiB skipped_batches=0
2026-08-13 19:49:02,075 | INFO | epoch=10 batch=950 global_step=3475 loss_reg_months=2.1821 lr=0.00016926 grad_norm=1.6081 throughput=37.76 img/s eta_seconds=32.1 gpu_alloc=485.0MiB gpu_reserved=4402.0MiB skipped_batches=0
2026-08-13 19:49:09,986 | INFO | epoch=10 batch=975 global_step=3484 loss_reg_months=2.1820 lr=0.00016926 grad_norm=1.5143 throughput=37.76 img/s eta_seconds=24.1 gpu_alloc=375.7MiB gpu_reserved=4402.0MiB skipped_batches=0
2026-08-13 19:49:17,940 | INFO | epoch=10 batch=1000 global_step=3492 loss_reg_months=2.1844 lr=0.00016926 grad_norm=1.8448 throughput=37.76 img/s eta_seconds=16.2 gpu_alloc=485.0MiB gpu_reserved=4402.0MiB skipped_batches=0
2026-08-13 19:49:27,167 | INFO | epoch=10 batch=1025 global_step=3500 loss_reg_months=2.1781 lr=0.00016926 grad_norm=2.2600 throughput=37.61 img/s eta_seconds=8.3 gpu_alloc=485.0MiB gpu_reserved=4402.0MiB skipped_batches=0
2026-08-13 19:49:34,968 | INFO | epoch=10 batch=1050 global_step=3509 loss_reg_months=2.1746 lr=0.00016926 grad_norm=1.5660 throughput=37.63 img/s eta_seconds=0.3 gpu_alloc=375.7MiB gpu_reserved=4402.0MiB skipped_batches=0
2026-08-13 19:50:10,315 | INFO | 
TRAINING REVIEW SNAPSHOT
Run ID / config hash / split hash: P2_A0_NOAUG_CONVNEXT_TINY_SEED42 / b7d185501fe7 / 7328667e6822+f650a20432b5
Epoch / global step: 10 / 3510
Train loss: 2.1744
Validation MAE / RMSE / median AE: 6.6396 / 8.8840 / 5.0000
MAE nam / nữ / age bins: {'F': 7.096625766871166, 'M': 6.254042690815006} / {'0-59': 7.4986702127659575, '120-179': 6.339307787391842, '60-119': 7.6091370558375635, '180-228': 4.921875}
Learning rate / peak VRAM: 0.00016926 / 4402.0 MiB
Best epoch / best MAE / epochs không cải thiện: 10 / 6.6396 / 0
Cảnh báo hiện tại: KHÔNG
Checkpoint gần nhất: p1_baseline\runs\P2_A0_NOAUG_CONVNEXT_TINY_SEED42\last.ckpt
Checkpoint tốt nhất: p1_baseline\runs\P2_A0_NOAUG_CONVNEXT_TINY_SEED42\best_mae.ckpt
Đề xuất tự động: TIẾP TỤC
2026-08-13 19:50:28,803 | INFO | epoch=11 batch=25 global_step=3518 loss_reg_months=2.0628 lr=0.00016254 grad_norm=2.1259 throughput=21.87 img/s eta_seconds=563.0 gpu_alloc=485.0MiB gpu_reserved=4402.0MiB skipped_batches=0
2026-08-13 19:50:36,511 | INFO | epoch=11 batch=50 global_step=3526 loss_reg_months=2.1176 lr=0.00016254 grad_norm=2.2639 throughput=28.00 img/s eta_seconds=428.9 gpu_alloc=485.0MiB gpu_reserved=4402.0MiB skipped_batches=0
2026-08-13 19:50:44,293 | INFO | epoch=11 batch=75 global_step=3535 loss_reg_months=2.1943 lr=0.00016254 grad_norm=2.1036 throughput=30.81 img/s eta_seconds=380.1 gpu_alloc=375.7MiB gpu_reserved=4402.0MiB skipped_batches=0
2026-08-13 19:50:52,090 | INFO | epoch=11 batch=100 global_step=3543 loss_reg_months=2.2058 lr=0.00016254 grad_norm=1.5366 throughput=32.43 img/s eta_seconds=351.9 gpu_alloc=485.0MiB gpu_reserved=4402.0MiB skipped_batches=0
2026-08-13 19:50:59,792 | INFO | epoch=11 batch=125 global_step=3551 loss_reg_months=2.1958 lr=0.00016254 grad_norm=1.9014 throughput=33.55 img/s eta_seconds=331.2 gpu_alloc=485.0MiB gpu_reserved=4402.0MiB skipped_batches=0
2026-08-13 19:51:07,611 | INFO | epoch=11 batch=150 global_step=3560 loss_reg_months=2.2232 lr=0.00016254 grad_norm=1.5386 throughput=34.27 img/s eta_seconds=315.5 gpu_alloc=375.7MiB gpu_reserved=4402.0MiB skipped_batches=0
2026-08-13 19:51:15,264 | INFO | epoch=11 batch=175 global_step=3568 loss_reg_months=2.2235 lr=0.00016254 grad_norm=1.5601 throughput=34.89 img/s eta_seconds=301.2 gpu_alloc=485.0MiB gpu_reserved=4402.0MiB skipped_batches=0
2026-08-13 19:51:22,948 | INFO | epoch=11 batch=200 global_step=3576 loss_reg_months=2.1759 lr=0.00016254 grad_norm=1.8686 throughput=35.36 img/s eta_seconds=288.7 gpu_alloc=485.0MiB gpu_reserved=4402.0MiB skipped_batches=0
2026-08-13 19:51:30,842 | INFO | epoch=11 batch=225 global_step=3585 loss_reg_months=2.1919 lr=0.00016254 grad_norm=1.3646 throughput=35.64 img/s eta_seconds=278.1 gpu_alloc=375.7MiB gpu_reserved=4402.0MiB skipped_batches=0
2026-08-13 19:51:38,782 | INFO | epoch=11 batch=250 global_step=3593 loss_reg_months=2.2309 lr=0.00016254 grad_norm=2.1933 throughput=35.84 img/s eta_seconds=268.1 gpu_alloc=485.0MiB gpu_reserved=4402.0MiB skipped_batches=0
2026-08-13 19:51:46,495 | INFO | epoch=11 batch=275 global_step=3601 loss_reg_months=2.2481 lr=0.00016254 grad_norm=1.9191 throughput=36.10 img/s eta_seconds=257.9 gpu_alloc=485.0MiB gpu_reserved=4402.0MiB skipped_batches=0
2026-08-13 19:51:54,169 | INFO | epoch=11 batch=300 global_step=3610 loss_reg_months=2.2277 lr=0.00016254 grad_norm=1.8655 throughput=36.33 img/s eta_seconds=248.0 gpu_alloc=375.7MiB gpu_reserved=4402.0MiB skipped_batches=0
2026-08-13 19:52:01,836 | INFO | epoch=11 batch=325 global_step=3618 loss_reg_months=2.2247 lr=0.00016254 grad_norm=1.8668 throughput=36.53 img/s eta_seconds=238.4 gpu_alloc=485.0MiB gpu_reserved=4402.0MiB skipped_batches=0
2026-08-13 19:52:09,987 | INFO | epoch=11 batch=350 global_step=3626 loss_reg_months=2.2148 lr=0.00016254 grad_norm=1.2210 throughput=36.55 img/s eta_seconds=230.1 gpu_alloc=485.0MiB gpu_reserved=4402.0MiB skipped_batches=0
2026-08-13 19:52:17,818 | INFO | epoch=11 batch=375 global_step=3635 loss_reg_months=2.2010 lr=0.00016254 grad_norm=1.1697 throughput=36.66 img/s eta_seconds=221.2 gpu_alloc=375.7MiB gpu_reserved=4402.0MiB skipped_batches=0
2026-08-13 19:52:25,696 | INFO | epoch=11 batch=400 global_step=3643 loss_reg_months=2.1700 lr=0.00016254 grad_norm=1.6824 throughput=36.75 img/s eta_seconds=212.5 gpu_alloc=485.0MiB gpu_reserved=4402.0MiB skipped_batches=0
2026-08-13 19:52:33,374 | INFO | epoch=11 batch=425 global_step=3651 loss_reg_months=2.1625 lr=0.00016254 grad_norm=1.7257 throughput=36.88 img/s eta_seconds=203.7 gpu_alloc=485.0MiB gpu_reserved=4402.0MiB skipped_batches=0
2026-08-13 19:52:41,332 | INFO | epoch=11 batch=450 global_step=3660 loss_reg_months=2.1602 lr=0.00016254 grad_norm=2.3313 throughput=36.92 img/s eta_seconds=195.3 gpu_alloc=375.7MiB gpu_reserved=4402.0MiB skipped_batches=0
2026-08-13 19:52:49,105 | INFO | epoch=11 batch=475 global_step=3668 loss_reg_months=2.1476 lr=0.00016254 grad_norm=1.2234 throughput=37.01 img/s eta_seconds=186.7 gpu_alloc=485.0MiB gpu_reserved=4402.0MiB skipped_batches=0
2026-08-13 19:52:56,886 | INFO | epoch=11 batch=500 global_step=3676 loss_reg_months=2.1369 lr=0.00016254 grad_norm=1.5724 throughput=37.08 img/s eta_seconds=178.3 gpu_alloc=485.0MiB gpu_reserved=4402.0MiB skipped_batches=0
2026-08-13 19:53:04,589 | INFO | epoch=11 batch=525 global_step=3685 loss_reg_months=2.1263 lr=0.00016254 grad_norm=1.3854 throughput=37.17 img/s eta_seconds=169.8 gpu_alloc=375.7MiB gpu_reserved=4402.0MiB skipped_batches=0
2026-08-13 19:53:12,536 | INFO | epoch=11 batch=550 global_step=3693 loss_reg_months=2.1181 lr=0.00016254 grad_norm=1.7731 throughput=37.19 img/s eta_seconds=161.6 gpu_alloc=485.0MiB gpu_reserved=4402.0MiB skipped_batches=0
2026-08-13 19:53:20,260 | INFO | epoch=11 batch=575 global_step=3701 loss_reg_months=2.1032 lr=0.00016254 grad_norm=1.1164 throughput=37.26 img/s eta_seconds=153.3 gpu_alloc=485.0MiB gpu_reserved=4402.0MiB skipped_batches=0
2026-08-13 19:53:28,043 | INFO | epoch=11 batch=600 global_step=3710 loss_reg_months=2.0979 lr=0.00016254 grad_norm=2.1873 throughput=37.31 img/s eta_seconds=145.0 gpu_alloc=375.7MiB gpu_reserved=4402.0MiB skipped_batches=0
2026-08-13 19:53:35,714 | INFO | epoch=11 batch=625 global_step=3718 loss_reg_months=2.0972 lr=0.00016254 grad_norm=1.4208 throughput=37.38 img/s eta_seconds=136.7 gpu_alloc=485.0MiB gpu_reserved=4402.0MiB skipped_batches=0
2026-08-13 19:53:43,381 | INFO | epoch=11 batch=650 global_step=3726 loss_reg_months=2.0984 lr=0.00016254 grad_norm=1.3251 throughput=37.45 img/s eta_seconds=128.5 gpu_alloc=485.0MiB gpu_reserved=4402.0MiB skipped_batches=0
2026-08-13 19:53:51,088 | INFO | epoch=11 batch=675 global_step=3735 loss_reg_months=2.1040 lr=0.00016254 grad_norm=2.6807 throughput=37.50 img/s eta_seconds=120.3 gpu_alloc=375.7MiB gpu_reserved=4402.0MiB skipped_batches=0
2026-08-13 19:53:58,962 | INFO | epoch=11 batch=700 global_step=3743 loss_reg_months=2.1188 lr=0.00016254 grad_norm=2.4120 throughput=37.52 img/s eta_seconds=112.2 gpu_alloc=485.0MiB gpu_reserved=4402.0MiB skipped_batches=0
2026-08-13 19:54:06,751 | INFO | epoch=11 batch=725 global_step=3751 loss_reg_months=2.1238 lr=0.00016254 grad_norm=2.6300 throughput=37.55 img/s eta_seconds=104.1 gpu_alloc=485.0MiB gpu_reserved=4402.0MiB skipped_batches=0
2026-08-13 19:54:14,606 | INFO | epoch=11 batch=750 global_step=3760 loss_reg_months=2.1265 lr=0.00016254 grad_norm=1.5240 throughput=37.57 img/s eta_seconds=96.1 gpu_alloc=375.7MiB gpu_reserved=4402.0MiB skipped_batches=0
2026-08-13 19:54:22,428 | INFO | epoch=11 batch=775 global_step=3768 loss_reg_months=2.1134 lr=0.00016254 grad_norm=1.0749 throughput=37.60 img/s eta_seconds=88.1 gpu_alloc=485.0MiB gpu_reserved=4402.0MiB skipped_batches=0
2026-08-13 19:54:30,288 | INFO | epoch=11 batch=800 global_step=3776 loss_reg_months=2.1162 lr=0.00016254 grad_norm=2.3259 throughput=37.62 img/s eta_seconds=80.0 gpu_alloc=485.0MiB gpu_reserved=4402.0MiB skipped_batches=0
2026-08-13 19:54:38,008 | INFO | epoch=11 batch=825 global_step=3785 loss_reg_months=2.1056 lr=0.00016254 grad_norm=1.5347 throughput=37.65 img/s eta_seconds=72.0 gpu_alloc=375.7MiB gpu_reserved=4402.0MiB skipped_batches=0
2026-08-13 19:54:45,733 | INFO | epoch=11 batch=850 global_step=3793 loss_reg_months=2.1029 lr=0.00016254 grad_norm=2.2124 throughput=37.69 img/s eta_seconds=64.0 gpu_alloc=485.0MiB gpu_reserved=4402.0MiB skipped_batches=0
2026-08-13 19:54:53,494 | INFO | epoch=11 batch=875 global_step=3801 loss_reg_months=2.0962 lr=0.00016254 grad_norm=1.5924 throughput=37.71 img/s eta_seconds=56.0 gpu_alloc=485.0MiB gpu_reserved=4402.0MiB skipped_batches=0
2026-08-13 19:55:01,455 | INFO | epoch=11 batch=900 global_step=3810 loss_reg_months=2.0862 lr=0.00016254 grad_norm=1.1838 throughput=37.71 img/s eta_seconds=48.0 gpu_alloc=375.7MiB gpu_reserved=4402.0MiB skipped_batches=0
2026-08-13 19:55:09,200 | INFO | epoch=11 batch=925 global_step=3818 loss_reg_months=2.0840 lr=0.00016254 grad_norm=2.2433 throughput=37.74 img/s eta_seconds=40.0 gpu_alloc=485.0MiB gpu_reserved=4402.0MiB skipped_batches=0
2026-08-13 19:55:17,004 | INFO | epoch=11 batch=950 global_step=3826 loss_reg_months=2.0831 lr=0.00016254 grad_norm=1.4891 throughput=37.76 img/s eta_seconds=32.1 gpu_alloc=485.0MiB gpu_reserved=4402.0MiB skipped_batches=0
2026-08-13 19:55:24,894 | INFO | epoch=11 batch=975 global_step=3835 loss_reg_months=2.0822 lr=0.00016254 grad_norm=1.6790 throughput=37.77 img/s eta_seconds=24.1 gpu_alloc=375.7MiB gpu_reserved=4402.0MiB skipped_batches=0
2026-08-13 19:55:32,621 | INFO | epoch=11 batch=1000 global_step=3843 loss_reg_months=2.0941 lr=0.00016254 grad_norm=1.5927 throughput=37.79 img/s eta_seconds=16.2 gpu_alloc=485.0MiB gpu_reserved=4402.0MiB skipped_batches=0
2026-08-13 19:55:40,305 | INFO | epoch=11 batch=1025 global_step=3851 loss_reg_months=2.1052 lr=0.00016254 grad_norm=2.0522 throughput=37.82 img/s eta_seconds=8.2 gpu_alloc=485.0MiB gpu_reserved=4402.0MiB skipped_batches=0
2026-08-13 19:55:48,018 | INFO | epoch=11 batch=1050 global_step=3860 loss_reg_months=2.1053 lr=0.00016254 grad_norm=1.1990 throughput=37.85 img/s eta_seconds=0.3 gpu_alloc=375.7MiB gpu_reserved=4402.0MiB skipped_batches=0
2026-08-13 19:56:21,452 | INFO | 
TRAINING REVIEW SNAPSHOT
Run ID / config hash / split hash: P2_A0_NOAUG_CONVNEXT_TINY_SEED42 / b7d185501fe7 / 7328667e6822+f650a20432b5
Epoch / global step: 11 / 3861
Train loss: 2.1051
Validation MAE / RMSE / median AE: 6.7832 / 9.0373 / 5.0000
MAE nam / nữ / age bins: {'F': 7.143117331288344, 'M': 6.479624838292367} / {'0-59': 7.98470744680851, '120-179': 6.603831891223733, '60-119': 7.456852791878172, '180-228': 4.9609375}
Learning rate / peak VRAM: 0.00016254 / 4402.0 MiB
Best epoch / best MAE / epochs không cải thiện: 10 / 6.6396 / 1
Cảnh báo hiện tại: KHÔNG
Checkpoint gần nhất: p1_baseline\runs\P2_A0_NOAUG_CONVNEXT_TINY_SEED42\last.ckpt
Checkpoint tốt nhất: p1_baseline\runs\P2_A0_NOAUG_CONVNEXT_TINY_SEED42\best_mae.ckpt
Đề xuất tự động: TIẾP TỤC
2026-08-13 19:56:37,475 | INFO | epoch=12 batch=25 global_step=3869 loss_reg_months=2.1682 lr=0.00015531 grad_norm=1.3199 throughput=21.54 img/s eta_seconds=571.6 gpu_alloc=485.0MiB gpu_reserved=4402.0MiB skipped_batches=0
2026-08-13 19:56:45,110 | INFO | epoch=12 batch=50 global_step=3877 loss_reg_months=1.8812 lr=0.00015531 grad_norm=1.1437 throughput=27.82 img/s eta_seconds=431.7 gpu_alloc=485.0MiB gpu_reserved=4402.0MiB skipped_batches=0
2026-08-13 19:56:53,052 | INFO | epoch=12 batch=75 global_step=3886 loss_reg_months=1.9492 lr=0.00015531 grad_norm=1.5846 throughput=30.50 img/s eta_seconds=383.9 gpu_alloc=375.7MiB gpu_reserved=4402.0MiB skipped_batches=0
2026-08-13 19:57:00,700 | INFO | epoch=12 batch=100 global_step=3894 loss_reg_months=1.9026 lr=0.00015531 grad_norm=1.6929 throughput=32.30 img/s eta_seconds=353.3 gpu_alloc=485.0MiB gpu_reserved=4402.0MiB skipped_batches=0
2026-08-13 19:57:08,358 | INFO | epoch=12 batch=125 global_step=3902 loss_reg_months=1.9017 lr=0.00015531 grad_norm=1.8547 throughput=33.47 img/s eta_seconds=331.9 gpu_alloc=485.0MiB gpu_reserved=4402.0MiB skipped_batches=0
2026-08-13 19:57:16,307 | INFO | epoch=12 batch=150 global_step=3911 loss_reg_months=1.8719 lr=0.00015531 grad_norm=1.4319 throughput=34.12 img/s eta_seconds=316.9 gpu_alloc=375.7MiB gpu_reserved=4402.0MiB skipped_batches=0
2026-08-13 19:57:23,964 | INFO | epoch=12 batch=175 global_step=3919 loss_reg_months=1.8715 lr=0.00015531 grad_norm=1.5155 throughput=34.76 img/s eta_seconds=302.4 gpu_alloc=485.0MiB gpu_reserved=4402.0MiB skipped_batches=0
2026-08-13 19:57:31,665 | INFO | epoch=12 batch=200 global_step=3927 loss_reg_months=1.8897 lr=0.00015531 grad_norm=1.3923 throughput=35.23 img/s eta_seconds=289.8 gpu_alloc=485.0MiB gpu_reserved=4402.0MiB skipped_batches=0
2026-08-13 19:57:39,915 | INFO | epoch=12 batch=225 global_step=3936 loss_reg_months=1.9029 lr=0.00015531 grad_norm=2.6237 throughput=35.35 img/s eta_seconds=280.3 gpu_alloc=375.7MiB gpu_reserved=4402.0MiB skipped_batches=0
2026-08-13 19:57:47,670 | INFO | epoch=12 batch=250 global_step=3944 loss_reg_months=1.8780 lr=0.00015531 grad_norm=1.7724 throughput=35.66 img/s eta_seconds=269.5 gpu_alloc=485.0MiB gpu_reserved=4402.0MiB skipped_batches=0
2026-08-13 19:57:55,330 | INFO | epoch=12 batch=275 global_step=3952 loss_reg_months=1.9035 lr=0.00015531 grad_norm=2.5386 throughput=35.95 img/s eta_seconds=259.0 gpu_alloc=485.0MiB gpu_reserved=4402.0MiB skipped_batches=0
2026-08-13 19:58:03,057 | INFO | epoch=12 batch=300 global_step=3961 loss_reg_months=1.8963 lr=0.00015531 grad_norm=2.1061 throughput=36.18 img/s eta_seconds=249.1 gpu_alloc=375.7MiB gpu_reserved=4402.0MiB skipped_batches=0
2026-08-13 19:58:10,752 | INFO | epoch=12 batch=325 global_step=3969 loss_reg_months=1.8800 lr=0.00015531 grad_norm=1.5173 throughput=36.38 img/s eta_seconds=239.5 gpu_alloc=485.0MiB gpu_reserved=4402.0MiB skipped_batches=0
2026-08-13 19:58:18,510 | INFO | epoch=12 batch=350 global_step=3977 loss_reg_months=1.8719 lr=0.00015531 grad_norm=1.3032 throughput=36.53 img/s eta_seconds=230.2 gpu_alloc=485.0MiB gpu_reserved=4402.0MiB skipped_batches=0
2026-08-13 19:58:26,277 | INFO | epoch=12 batch=375 global_step=3986 loss_reg_months=1.8790 lr=0.00015531 grad_norm=1.6395 throughput=36.67 img/s eta_seconds=221.2 gpu_alloc=375.7MiB gpu_reserved=4402.0MiB skipped_batches=0
2026-08-13 19:58:34,099 | INFO | epoch=12 batch=400 global_step=3994 loss_reg_months=1.8971 lr=0.00015531 grad_norm=1.5443 throughput=36.77 img/s eta_seconds=212.4 gpu_alloc=485.0MiB gpu_reserved=4402.0MiB skipped_batches=0
2026-08-13 19:58:43,541 | INFO | epoch=12 batch=425 global_step=4002 loss_reg_months=1.8877 lr=0.00015531 grad_norm=1.1538 throughput=36.43 img/s eta_seconds=206.2 gpu_alloc=485.0MiB gpu_reserved=4402.0MiB skipped_batches=0
2026-08-13 19:58:51,480 | INFO | epoch=12 batch=450 global_step=4011 loss_reg_months=1.8813 lr=0.00015531 grad_norm=1.1575 throughput=36.50 img/s eta_seconds=197.5 gpu_alloc=375.7MiB gpu_reserved=4402.0MiB skipped_batches=0
2026-08-13 19:58:59,155 | INFO | epoch=12 batch=475 global_step=4019 loss_reg_months=1.8745 lr=0.00015531 grad_norm=1.1387 throughput=36.63 img/s eta_seconds=188.7 gpu_alloc=485.0MiB gpu_reserved=4402.0MiB skipped_batches=0
2026-08-13 19:59:07,119 | INFO | epoch=12 batch=500 global_step=4027 loss_reg_months=1.8745 lr=0.00015531 grad_norm=1.4677 throughput=36.68 img/s eta_seconds=180.2 gpu_alloc=485.0MiB gpu_reserved=4402.0MiB skipped_batches=0
2026-08-13 19:59:14,826 | INFO | epoch=12 batch=525 global_step=4036 loss_reg_months=1.8745 lr=0.00015531 grad_norm=1.6081 throughput=36.78 img/s eta_seconds=171.6 gpu_alloc=375.7MiB gpu_reserved=4402.0MiB skipped_batches=0
2026-08-13 19:59:22,516 | INFO | epoch=12 batch=550 global_step=4044 loss_reg_months=1.8733 lr=0.00015531 grad_norm=2.1540 throughput=36.88 img/s eta_seconds=163.0 gpu_alloc=485.0MiB gpu_reserved=4402.0MiB skipped_batches=0
2026-08-13 19:59:30,294 | INFO | epoch=12 batch=575 global_step=4052 loss_reg_months=1.8688 lr=0.00015531 grad_norm=1.5811 throughput=36.95 img/s eta_seconds=154.6 gpu_alloc=485.0MiB gpu_reserved=4402.0MiB skipped_batches=0
2026-08-13 19:59:38,232 | INFO | epoch=12 batch=600 global_step=4061 loss_reg_months=1.8845 lr=0.00015531 grad_norm=1.4449 throughput=36.98 img/s eta_seconds=146.3 gpu_alloc=375.7MiB gpu_reserved=4402.0MiB skipped_batches=0
2026-08-13 19:59:46,067 | INFO | epoch=12 batch=625 global_step=4069 loss_reg_months=1.8908 lr=0.00015531 grad_norm=3.1558 throughput=37.03 img/s eta_seconds=138.0 gpu_alloc=485.0MiB gpu_reserved=4402.0MiB skipped_batches=0
2026-08-13 19:59:54,134 | INFO | epoch=12 batch=650 global_step=4077 loss_reg_months=1.8950 lr=0.00015531 grad_norm=1.3240 throughput=37.04 img/s eta_seconds=129.9 gpu_alloc=485.0MiB gpu_reserved=4402.0MiB skipped_batches=0
2026-08-13 20:00:01,846 | INFO | epoch=12 batch=675 global_step=4086 loss_reg_months=1.8988 lr=0.00015531 grad_norm=2.8151 throughput=37.10 img/s eta_seconds=121.6 gpu_alloc=375.7MiB gpu_reserved=4402.0MiB skipped_batches=0
2026-08-13 20:00:09,675 | INFO | epoch=12 batch=700 global_step=4094 loss_reg_months=1.8949 lr=0.00015531 grad_norm=1.5167 throughput=37.15 img/s eta_seconds=113.4 gpu_alloc=485.0MiB gpu_reserved=4402.0MiB skipped_batches=0
2026-08-13 20:00:17,495 | INFO | epoch=12 batch=725 global_step=4102 loss_reg_months=1.8976 lr=0.00015531 grad_norm=2.1112 throughput=37.19 img/s eta_seconds=105.2 gpu_alloc=485.0MiB gpu_reserved=4402.0MiB skipped_batches=0
2026-08-13 20:00:25,211 | INFO | epoch=12 batch=750 global_step=4111 loss_reg_months=1.8998 lr=0.00015531 grad_norm=1.8758 throughput=37.24 img/s eta_seconds=97.0 gpu_alloc=375.7MiB gpu_reserved=4402.0MiB skipped_batches=0
2026-08-13 20:00:32,997 | INFO | epoch=12 batch=775 global_step=4119 loss_reg_months=1.8912 lr=0.00015531 grad_norm=1.9131 throughput=37.28 img/s eta_seconds=88.8 gpu_alloc=485.0MiB gpu_reserved=4402.0MiB skipped_batches=0
2026-08-13 20:00:40,666 | INFO | epoch=12 batch=800 global_step=4127 loss_reg_months=1.8957 lr=0.00015531 grad_norm=1.8830 throughput=37.34 img/s eta_seconds=80.6 gpu_alloc=485.0MiB gpu_reserved=4402.0MiB skipped_batches=0
2026-08-13 20:00:48,632 | INFO | epoch=12 batch=825 global_step=4136 loss_reg_months=1.9051 lr=0.00015531 grad_norm=1.2564 throughput=37.35 img/s eta_seconds=72.6 gpu_alloc=375.7MiB gpu_reserved=4402.0MiB skipped_batches=0
2026-08-13 20:00:56,435 | INFO | epoch=12 batch=850 global_step=4144 loss_reg_months=1.9036 lr=0.00015531 grad_norm=1.7375 throughput=37.38 img/s eta_seconds=64.5 gpu_alloc=485.0MiB gpu_reserved=4402.0MiB skipped_batches=0
2026-08-13 20:01:04,146 | INFO | epoch=12 batch=875 global_step=4152 loss_reg_months=1.9032 lr=0.00015531 grad_norm=1.6192 throughput=37.42 img/s eta_seconds=56.4 gpu_alloc=485.0MiB gpu_reserved=4402.0MiB skipped_batches=0
2026-08-13 20:01:12,017 | INFO | epoch=12 batch=900 global_step=4161 loss_reg_months=1.9031 lr=0.00015531 grad_norm=1.8785 throughput=37.44 img/s eta_seconds=48.4 gpu_alloc=375.7MiB gpu_reserved=4402.0MiB skipped_batches=0
2026-08-13 20:01:19,673 | INFO | epoch=12 batch=925 global_step=4169 loss_reg_months=1.8968 lr=0.00015531 grad_norm=1.0745 throughput=37.48 img/s eta_seconds=40.3 gpu_alloc=485.0MiB gpu_reserved=4402.0MiB skipped_batches=0
2026-08-13 20:01:27,453 | INFO | epoch=12 batch=950 global_step=4177 loss_reg_months=1.8925 lr=0.00015531 grad_norm=1.8293 throughput=37.51 img/s eta_seconds=32.3 gpu_alloc=485.0MiB gpu_reserved=4402.0MiB skipped_batches=0
2026-08-13 20:01:35,338 | INFO | epoch=12 batch=975 global_step=4186 loss_reg_months=1.8865 lr=0.00015531 grad_norm=2.1025 throughput=37.52 img/s eta_seconds=24.3 gpu_alloc=375.7MiB gpu_reserved=4402.0MiB skipped_batches=0
2026-08-13 20:01:43,076 | INFO | epoch=12 batch=1000 global_step=4194 loss_reg_months=1.8830 lr=0.00015531 grad_norm=2.1507 throughput=37.56 img/s eta_seconds=16.3 gpu_alloc=485.0MiB gpu_reserved=4402.0MiB skipped_batches=0
2026-08-13 20:01:50,751 | INFO | epoch=12 batch=1025 global_step=4202 loss_reg_months=1.8826 lr=0.00015531 grad_norm=1.3264 throughput=37.59 img/s eta_seconds=8.3 gpu_alloc=485.0MiB gpu_reserved=4402.0MiB skipped_batches=0
2026-08-13 20:01:58,439 | INFO | epoch=12 batch=1050 global_step=4211 loss_reg_months=1.8833 lr=0.00015531 grad_norm=1.2648 throughput=37.62 img/s eta_seconds=0.3 gpu_alloc=375.7MiB gpu_reserved=4402.0MiB skipped_batches=0
2026-08-13 20:02:32,443 | WARNING | STABILITY WARNING [CAM] Prediction vượt nhẹ miền tuổi 0–228: [-1.68, 231.00]
2026-08-13 20:02:32,446 | INFO | 
TRAINING REVIEW SNAPSHOT
Run ID / config hash / split hash: P2_A0_NOAUG_CONVNEXT_TINY_SEED42 / b7d185501fe7 / 7328667e6822+f650a20432b5
Epoch / global step: 12 / 4212
Train loss: 1.8846
Validation MAE / RMSE / median AE: 7.0511 / 9.4174 / 5.5000
MAE nam / nữ / age bins: {'F': 7.612235788918712, 'M': 6.577862225097024} / {'0-59': 7.293779089095745, '120-179': 6.7552533992583434, '60-119': 8.231598984771574, '180-228': 5.109375}
Learning rate / peak VRAM: 0.00015531 / 4402.0 MiB
Best epoch / best MAE / epochs không cải thiện: 10 / 6.6396 / 2
Cảnh báo hiện tại: CAM: Prediction vượt nhẹ miền tuổi 0–228: [-1.68, 231.00]
Checkpoint gần nhất: p1_baseline\runs\P2_A0_NOAUG_CONVNEXT_TINY_SEED42\last.ckpt
Checkpoint tốt nhất: p1_baseline\runs\P2_A0_NOAUG_CONVNEXT_TINY_SEED42\best_mae.ckpt
Đề xuất tự động: THEO DÕI
2026-08-13 20:02:47,038 | INFO | epoch=13 batch=25 global_step=4220 loss_reg_months=1.4374 lr=0.00014765 grad_norm=1.1678 throughput=21.85 img/s eta_seconds=563.4 gpu_alloc=485.0MiB gpu_reserved=4402.0MiB skipped_batches=0
2026-08-13 20:02:54,715 | INFO | epoch=13 batch=50 global_step=4228 loss_reg_months=1.5414 lr=0.00014765 grad_norm=1.7594 throughput=28.03 img/s eta_seconds=428.5 gpu_alloc=485.0MiB gpu_reserved=4402.0MiB skipped_batches=0
2026-08-13 20:03:02,409 | INFO | epoch=13 batch=75 global_step=4237 loss_reg_months=1.5030 lr=0.00014765 grad_norm=1.8736 throughput=30.93 img/s eta_seconds=378.6 gpu_alloc=375.7MiB gpu_reserved=4402.0MiB skipped_batches=0
2026-08-13 20:03:10,251 | INFO | epoch=13 batch=100 global_step=4245 loss_reg_months=1.5400 lr=0.00014765 grad_norm=1.5842 throughput=32.48 img/s eta_seconds=351.3 gpu_alloc=485.0MiB gpu_reserved=4402.0MiB skipped_batches=0
2026-08-13 20:03:18,144 | INFO | epoch=13 batch=125 global_step=4253 loss_reg_months=1.5567 lr=0.00014765 grad_norm=1.1791 throughput=33.46 img/s eta_seconds=332.1 gpu_alloc=485.0MiB gpu_reserved=4402.0MiB skipped_batches=0
2026-08-13 20:03:25,819 | INFO | epoch=13 batch=150 global_step=4262 loss_reg_months=1.5410 lr=0.00014765 grad_norm=2.4251 throughput=34.28 img/s eta_seconds=315.4 gpu_alloc=375.7MiB gpu_reserved=4402.0MiB skipped_batches=0
2026-08-13 20:03:33,801 | INFO | epoch=13 batch=175 global_step=4270 loss_reg_months=1.5708 lr=0.00014765 grad_norm=1.8884 throughput=34.72 img/s eta_seconds=302.8 gpu_alloc=485.0MiB gpu_reserved=4402.0MiB skipped_batches=0
2026-08-13 20:03:41,456 | INFO | epoch=13 batch=200 global_step=4278 loss_reg_months=1.5835 lr=0.00014765 grad_norm=1.1772 throughput=35.22 img/s eta_seconds=289.9 gpu_alloc=485.0MiB gpu_reserved=4402.0MiB skipped_batches=0
2026-08-13 20:03:49,131 | INFO | epoch=13 batch=225 global_step=4287 loss_reg_months=1.5822 lr=0.00014765 grad_norm=1.4960 throughput=35.61 img/s eta_seconds=278.3 gpu_alloc=375.7MiB gpu_reserved=4402.0MiB skipped_batches=0
2026-08-13 20:03:56,784 | INFO | epoch=13 batch=250 global_step=4295 loss_reg_months=1.6018 lr=0.00014765 grad_norm=1.9082 throughput=35.94 img/s eta_seconds=267.4 gpu_alloc=485.0MiB gpu_reserved=4402.0MiB skipped_batches=0
2026-08-13 20:04:04,440 | INFO | epoch=13 batch=275 global_step=4303 loss_reg_months=1.5906 lr=0.00014765 grad_norm=1.8152 throughput=36.21 img/s eta_seconds=257.1 gpu_alloc=485.0MiB gpu_reserved=4402.0MiB skipped_batches=0
2026-08-13 20:04:12,118 | INFO | epoch=13 batch=300 global_step=4312 loss_reg_months=1.6178 lr=0.00014765 grad_norm=1.4960 throughput=36.43 img/s eta_seconds=247.3 gpu_alloc=375.7MiB gpu_reserved=4402.0MiB skipped_batches=0
2026-08-13 20:04:19,881 | INFO | epoch=13 batch=325 global_step=4320 loss_reg_months=1.6229 lr=0.00014765 grad_norm=1.5606 throughput=36.59 img/s eta_seconds=238.0 gpu_alloc=485.0MiB gpu_reserved=4402.0MiB skipped_batches=0
2026-08-13 20:04:27,764 | INFO | epoch=13 batch=350 global_step=4328 loss_reg_months=1.6310 lr=0.00014765 grad_norm=2.0610 throughput=36.70 img/s eta_seconds=229.2 gpu_alloc=485.0MiB gpu_reserved=4402.0MiB skipped_batches=0
2026-08-13 20:04:35,541 | INFO | epoch=13 batch=375 global_step=4337 loss_reg_months=1.6384 lr=0.00014765 grad_norm=1.6714 throughput=36.82 img/s eta_seconds=220.3 gpu_alloc=375.7MiB gpu_reserved=4402.0MiB skipped_batches=0
2026-08-13 20:04:43,282 | INFO | epoch=13 batch=400 global_step=4345 loss_reg_months=1.6440 lr=0.00014765 grad_norm=1.7737 throughput=36.93 img/s eta_seconds=211.5 gpu_alloc=485.0MiB gpu_reserved=4402.0MiB skipped_batches=0
2026-08-13 20:04:51,110 | INFO | epoch=13 batch=425 global_step=4353 loss_reg_months=1.6383 lr=0.00014765 grad_norm=1.8262 throughput=37.01 img/s eta_seconds=202.9 gpu_alloc=485.0MiB gpu_reserved=4402.0MiB skipped_batches=0
2026-08-13 20:04:58,805 | INFO | epoch=13 batch=450 global_step=4362 loss_reg_months=1.6368 lr=0.00014765 grad_norm=1.9635 throughput=37.11 img/s eta_seconds=194.3 gpu_alloc=375.7MiB gpu_reserved=4402.0MiB skipped_batches=0
2026-08-13 20:05:06,564 | INFO | epoch=13 batch=475 global_step=4370 loss_reg_months=1.6409 lr=0.00014765 grad_norm=1.4203 throughput=37.19 img/s eta_seconds=185.8 gpu_alloc=485.0MiB gpu_reserved=4402.0MiB skipped_batches=0
2026-08-13 20:05:14,264 | INFO | epoch=13 batch=500 global_step=4378 loss_reg_months=1.6429 lr=0.00014765 grad_norm=1.3192 throughput=37.28 img/s eta_seconds=177.3 gpu_alloc=485.0MiB gpu_reserved=4402.0MiB skipped_batches=0
2026-08-13 20:05:22,432 | INFO | epoch=13 batch=525 global_step=4387 loss_reg_months=1.6490 lr=0.00014765 grad_norm=1.3925 throughput=37.25 img/s eta_seconds=169.4 gpu_alloc=375.7MiB gpu_reserved=4402.0MiB skipped_batches=0
2026-08-13 20:05:30,118 | INFO | epoch=13 batch=550 global_step=4395 loss_reg_months=1.6448 lr=0.00014765 grad_norm=1.4677 throughput=37.33 img/s eta_seconds=161.0 gpu_alloc=485.0MiB gpu_reserved=4402.0MiB skipped_batches=0
2026-08-13 20:05:37,830 | INFO | epoch=13 batch=575 global_step=4403 loss_reg_months=1.6510 lr=0.00014765 grad_norm=1.4652 throughput=37.39 img/s eta_seconds=152.7 gpu_alloc=485.0MiB gpu_reserved=4402.0MiB skipped_batches=0
2026-08-13 20:05:45,605 | INFO | epoch=13 batch=600 global_step=4412 loss_reg_months=1.6580 lr=0.00014765 grad_norm=1.7305 throughput=37.44 img/s eta_seconds=144.5 gpu_alloc=375.7MiB gpu_reserved=4402.0MiB skipped_batches=0
2026-08-13 20:05:53,490 | INFO | epoch=13 batch=625 global_step=4420 loss_reg_months=1.6606 lr=0.00014765 grad_norm=2.2026 throughput=37.47 img/s eta_seconds=136.4 gpu_alloc=485.0MiB gpu_reserved=4402.0MiB skipped_batches=0
2026-08-13 20:06:01,159 | INFO | epoch=13 batch=650 global_step=4428 loss_reg_months=1.6568 lr=0.00014765 grad_norm=1.4705 throughput=37.53 img/s eta_seconds=128.2 gpu_alloc=485.0MiB gpu_reserved=4402.0MiB skipped_batches=0
2026-08-13 20:06:09,020 | INFO | epoch=13 batch=675 global_step=4437 loss_reg_months=1.6627 lr=0.00014765 grad_norm=1.8786 throughput=37.55 img/s eta_seconds=120.1 gpu_alloc=375.7MiB gpu_reserved=4402.0MiB skipped_batches=0
2026-08-13 20:06:16,700 | INFO | epoch=13 batch=700 global_step=4445 loss_reg_months=1.6585 lr=0.00014765 grad_norm=1.6763 throughput=37.60 img/s eta_seconds=112.0 gpu_alloc=485.0MiB gpu_reserved=4402.0MiB skipped_batches=0
2026-08-13 20:06:24,506 | INFO | epoch=13 batch=725 global_step=4453 loss_reg_months=1.6557 lr=0.00014765 grad_norm=1.6448 throughput=37.63 img/s eta_seconds=103.9 gpu_alloc=485.0MiB gpu_reserved=4402.0MiB skipped_batches=0
2026-08-13 20:06:32,293 | INFO | epoch=13 batch=750 global_step=4462 loss_reg_months=1.6514 lr=0.00014765 grad_norm=1.4219 throughput=37.66 img/s eta_seconds=95.9 gpu_alloc=375.7MiB gpu_reserved=4402.0MiB skipped_batches=0
2026-08-13 20:06:40,191 | INFO | epoch=13 batch=775 global_step=4470 loss_reg_months=1.6509 lr=0.00014765 grad_norm=2.2283 throughput=37.67 img/s eta_seconds=87.9 gpu_alloc=485.0MiB gpu_reserved=4402.0MiB skipped_batches=0
2026-08-13 20:06:48,106 | INFO | epoch=13 batch=800 global_step=4478 loss_reg_months=1.6588 lr=0.00014765 grad_norm=1.8112 throughput=37.68 img/s eta_seconds=79.9 gpu_alloc=485.0MiB gpu_reserved=4402.0MiB skipped_batches=0
2026-08-13 20:06:55,835 | INFO | epoch=13 batch=825 global_step=4487 loss_reg_months=1.6656 lr=0.00014765 grad_norm=1.4643 throughput=37.71 img/s eta_seconds=71.9 gpu_alloc=375.7MiB gpu_reserved=4402.0MiB skipped_batches=0
2026-08-13 20:07:03,638 | INFO | epoch=13 batch=850 global_step=4495 loss_reg_months=1.6660 lr=0.00014765 grad_norm=1.4672 throughput=37.73 img/s eta_seconds=63.9 gpu_alloc=485.0MiB gpu_reserved=4402.0MiB skipped_batches=0
2026-08-13 20:07:13,180 | INFO | epoch=13 batch=875 global_step=4503 loss_reg_months=1.6648 lr=0.00014765 grad_norm=1.3547 throughput=37.52 img/s eta_seconds=56.3 gpu_alloc=485.0MiB gpu_reserved=4402.0MiB skipped_batches=0
2026-08-13 20:07:20,940 | INFO | epoch=13 batch=900 global_step=4512 loss_reg_months=1.6806 lr=0.00014765 grad_norm=1.4199 throughput=37.55 img/s eta_seconds=48.2 gpu_alloc=375.7MiB gpu_reserved=4402.0MiB skipped_batches=0
2026-08-13 20:07:28,854 | INFO | epoch=13 batch=925 global_step=4520 loss_reg_months=1.6869 lr=0.00014765 grad_norm=2.4790 throughput=37.56 img/s eta_seconds=40.2 gpu_alloc=485.0MiB gpu_reserved=4402.0MiB skipped_batches=0
2026-08-13 20:07:36,624 | INFO | epoch=13 batch=950 global_step=4528 loss_reg_months=1.6986 lr=0.00014765 grad_norm=2.3941 throughput=37.58 img/s eta_seconds=32.2 gpu_alloc=485.0MiB gpu_reserved=4402.0MiB skipped_batches=0
2026-08-13 20:07:44,490 | INFO | epoch=13 batch=975 global_step=4537 loss_reg_months=1.6984 lr=0.00014765 grad_norm=2.3494 throughput=37.60 img/s eta_seconds=24.2 gpu_alloc=375.7MiB gpu_reserved=4402.0MiB skipped_batches=0
2026-08-13 20:07:52,150 | INFO | epoch=13 batch=1000 global_step=4545 loss_reg_months=1.7053 lr=0.00014765 grad_norm=2.4727 throughput=37.64 img/s eta_seconds=16.2 gpu_alloc=485.0MiB gpu_reserved=4402.0MiB skipped_batches=0
2026-08-13 20:07:59,826 | INFO | epoch=13 batch=1025 global_step=4553 loss_reg_months=1.7085 lr=0.00014765 grad_norm=2.6985 throughput=37.67 img/s eta_seconds=8.3 gpu_alloc=485.0MiB gpu_reserved=4402.0MiB skipped_batches=0
2026-08-13 20:08:07,531 | INFO | epoch=13 batch=1050 global_step=4562 loss_reg_months=1.7055 lr=0.00014765 grad_norm=2.1151 throughput=37.70 img/s eta_seconds=0.3 gpu_alloc=375.7MiB gpu_reserved=4402.0MiB skipped_batches=0
2026-08-13 20:08:41,797 | WARNING | STABILITY WARNING [CAM] Validation MAE xấu đi trong khi train loss giảm
2026-08-13 20:08:41,822 | INFO | 
TRAINING REVIEW SNAPSHOT
Run ID / config hash / split hash: P2_A0_NOAUG_CONVNEXT_TINY_SEED42 / b7d185501fe7 / 7328667e6822+f650a20432b5
Epoch / global step: 13 / 4563
Train loss: 1.7053
Validation MAE / RMSE / median AE: 6.6804 / 8.9499 / 5.0000
MAE nam / nữ / age bins: {'F': 7.332378738496932, 'M': 6.130498059508409} / {'0-59': 7.00889295212766, '120-179': 6.216316440049444, '60-119': 7.976522842639594, '180-228': 5.3828125}
Learning rate / peak VRAM: 0.00014765 / 4402.0 MiB
Best epoch / best MAE / epochs không cải thiện: 10 / 6.6396 / 3
Cảnh báo hiện tại: CAM: Validation MAE xấu đi trong khi train loss giảm
Checkpoint gần nhất: p1_baseline\runs\P2_A0_NOAUG_CONVNEXT_TINY_SEED42\last.ckpt
Checkpoint tốt nhất: p1_baseline\runs\P2_A0_NOAUG_CONVNEXT_TINY_SEED42\best_mae.ckpt
Đề xuất tự động: THEO DÕI
2026-08-13 20:08:58,049 | INFO | epoch=14 batch=25 global_step=4571 loss_reg_months=1.7096 lr=0.00013961 grad_norm=2.2515 throughput=22.02 img/s eta_seconds=559.2 gpu_alloc=485.0MiB gpu_reserved=4402.0MiB skipped_batches=0
2026-08-13 20:09:05,677 | INFO | epoch=14 batch=50 global_step=4579 loss_reg_months=1.7856 lr=0.00013961 grad_norm=3.0962 throughput=28.23 img/s eta_seconds=425.5 gpu_alloc=485.0MiB gpu_reserved=4402.0MiB skipped_batches=0
2026-08-13 20:09:13,424 | INFO | epoch=14 batch=75 global_step=4588 loss_reg_months=1.7559 lr=0.00013961 grad_norm=1.2583 throughput=31.03 img/s eta_seconds=377.4 gpu_alloc=375.7MiB gpu_reserved=4402.0MiB skipped_batches=0
2026-08-13 20:09:21,082 | INFO | epoch=14 batch=100 global_step=4596 loss_reg_months=1.6788 lr=0.00013961 grad_norm=1.1707 throughput=32.73 img/s eta_seconds=348.6 gpu_alloc=485.0MiB gpu_reserved=4402.0MiB skipped_batches=0
2026-08-13 20:09:28,992 | INFO | epoch=14 batch=125 global_step=4604 loss_reg_months=1.6288 lr=0.00013961 grad_norm=1.5115 throughput=33.66 img/s eta_seconds=330.1 gpu_alloc=485.0MiB gpu_reserved=4402.0MiB skipped_batches=0
2026-08-13 20:09:36,681 | INFO | epoch=14 batch=150 global_step=4613 loss_reg_months=1.6225 lr=0.00013961 grad_norm=1.5134 throughput=34.44 img/s eta_seconds=313.9 gpu_alloc=375.7MiB gpu_reserved=4402.0MiB skipped_batches=0
2026-08-13 20:09:44,344 | INFO | epoch=14 batch=175 global_step=4621 loss_reg_months=1.5769 lr=0.00013961 grad_norm=1.3268 throughput=35.05 img/s eta_seconds=299.9 gpu_alloc=485.0MiB gpu_reserved=4402.0MiB skipped_batches=0
2026-08-13 20:09:52,017 | INFO | epoch=14 batch=200 global_step=4629 loss_reg_months=1.5666 lr=0.00013961 grad_norm=1.3526 throughput=35.51 img/s eta_seconds=287.6 gpu_alloc=485.0MiB gpu_reserved=4402.0MiB skipped_batches=0
2026-08-13 20:09:59,860 | INFO | epoch=14 batch=225 global_step=4638 loss_reg_months=1.5522 lr=0.00013961 grad_norm=1.5620 throughput=35.79 img/s eta_seconds=276.9 gpu_alloc=375.7MiB gpu_reserved=4402.0MiB skipped_batches=0
2026-08-13 20:10:07,590 | INFO | epoch=14 batch=250 global_step=4646 loss_reg_months=1.5353 lr=0.00013961 grad_norm=0.9852 throughput=36.07 img/s eta_seconds=266.4 gpu_alloc=485.0MiB gpu_reserved=4402.0MiB skipped_batches=0
2026-08-13 20:10:15,562 | INFO | epoch=14 batch=275 global_step=4654 loss_reg_months=1.5182 lr=0.00013961 grad_norm=1.3785 throughput=36.21 img/s eta_seconds=257.2 gpu_alloc=485.0MiB gpu_reserved=4402.0MiB skipped_batches=0
2026-08-13 20:10:23,519 | INFO | epoch=14 batch=300 global_step=4663 loss_reg_months=1.5172 lr=0.00013961 grad_norm=1.2280 throughput=36.33 img/s eta_seconds=248.0 gpu_alloc=375.7MiB gpu_reserved=4402.0MiB skipped_batches=0
2026-08-13 20:10:31,198 | INFO | epoch=14 batch=325 global_step=4671 loss_reg_months=1.5328 lr=0.00013961 grad_norm=1.5357 throughput=36.53 img/s eta_seconds=238.5 gpu_alloc=485.0MiB gpu_reserved=4402.0MiB skipped_batches=0
2026-08-13 20:10:38,899 | INFO | epoch=14 batch=350 global_step=4679 loss_reg_months=1.5243 lr=0.00013961 grad_norm=1.2717 throughput=36.69 img/s eta_seconds=229.3 gpu_alloc=485.0MiB gpu_reserved=4402.0MiB skipped_batches=0
2026-08-13 20:10:46,649 | INFO | epoch=14 batch=375 global_step=4688 loss_reg_months=1.5129 lr=0.00013961 grad_norm=0.9075 throughput=36.82 img/s eta_seconds=220.3 gpu_alloc=375.7MiB gpu_reserved=4402.0MiB skipped_batches=0
2026-08-13 20:10:54,465 | INFO | epoch=14 batch=400 global_step=4696 loss_reg_months=1.5082 lr=0.00013961 grad_norm=1.3244 throughput=36.91 img/s eta_seconds=211.6 gpu_alloc=485.0MiB gpu_reserved=4402.0MiB skipped_batches=0
2026-08-13 20:11:02,353 | INFO | epoch=14 batch=425 global_step=4704 loss_reg_months=1.5105 lr=0.00013961 grad_norm=1.9416 throughput=36.97 img/s eta_seconds=203.1 gpu_alloc=485.0MiB gpu_reserved=4402.0MiB skipped_batches=0
2026-08-13 20:11:10,067 | INFO | epoch=14 batch=450 global_step=4713 loss_reg_months=1.5033 lr=0.00013961 grad_norm=1.2000 throughput=37.08 img/s eta_seconds=194.5 gpu_alloc=375.7MiB gpu_reserved=4402.0MiB skipped_batches=0
2026-08-13 20:11:17,775 | INFO | epoch=14 batch=475 global_step=4721 loss_reg_months=1.4921 lr=0.00013961 grad_norm=1.3116 throughput=37.17 img/s eta_seconds=185.9 gpu_alloc=485.0MiB gpu_reserved=4402.0MiB skipped_batches=0
2026-08-13 20:11:25,628 | INFO | epoch=14 batch=500 global_step=4729 loss_reg_months=1.4934 lr=0.00013961 grad_norm=2.0319 throughput=37.22 img/s eta_seconds=177.6 gpu_alloc=485.0MiB gpu_reserved=4402.0MiB skipped_batches=0
2026-08-13 20:11:33,386 | INFO | epoch=14 batch=525 global_step=4738 loss_reg_months=1.5030 lr=0.00013961 grad_norm=1.8384 throughput=37.29 img/s eta_seconds=169.3 gpu_alloc=375.7MiB gpu_reserved=4402.0MiB skipped_batches=0
2026-08-13 20:11:41,320 | INFO | epoch=14 batch=550 global_step=4746 loss_reg_months=1.5120 lr=0.00013961 grad_norm=1.8236 throughput=37.31 img/s eta_seconds=161.1 gpu_alloc=485.0MiB gpu_reserved=4402.0MiB skipped_batches=0
2026-08-13 20:11:49,129 | INFO | epoch=14 batch=575 global_step=4754 loss_reg_months=1.5191 lr=0.00013961 grad_norm=1.4450 throughput=37.36 img/s eta_seconds=152.9 gpu_alloc=485.0MiB gpu_reserved=4402.0MiB skipped_batches=0
2026-08-13 20:11:56,923 | INFO | epoch=14 batch=600 global_step=4763 loss_reg_months=1.5312 lr=0.00013961 grad_norm=1.7706 throughput=37.40 img/s eta_seconds=144.7 gpu_alloc=375.7MiB gpu_reserved=4402.0MiB skipped_batches=0
2026-08-13 20:12:04,690 | INFO | epoch=14 batch=625 global_step=4771 loss_reg_months=1.5335 lr=0.00013961 grad_norm=1.2825 throughput=37.45 img/s eta_seconds=136.5 gpu_alloc=485.0MiB gpu_reserved=4402.0MiB skipped_batches=0
2026-08-13 20:12:12,454 | INFO | epoch=14 batch=650 global_step=4779 loss_reg_months=1.5374 lr=0.00013961 grad_norm=1.7155 throughput=37.49 img/s eta_seconds=128.3 gpu_alloc=485.0MiB gpu_reserved=4402.0MiB skipped_batches=0
2026-08-13 20:12:20,196 | INFO | epoch=14 batch=675 global_step=4788 loss_reg_months=1.5364 lr=0.00013961 grad_norm=1.5427 throughput=37.54 img/s eta_seconds=120.2 gpu_alloc=375.7MiB gpu_reserved=4402.0MiB skipped_batches=0
2026-08-13 20:12:28,001 | INFO | epoch=14 batch=700 global_step=4796 loss_reg_months=1.5373 lr=0.00013961 grad_norm=1.3252 throughput=37.57 img/s eta_seconds=112.1 gpu_alloc=485.0MiB gpu_reserved=4402.0MiB skipped_batches=0
2026-08-13 20:12:35,750 | INFO | epoch=14 batch=725 global_step=4804 loss_reg_months=1.5347 lr=0.00013961 grad_norm=1.1981 throughput=37.61 img/s eta_seconds=104.0 gpu_alloc=485.0MiB gpu_reserved=4402.0MiB skipped_batches=0
2026-08-13 20:12:43,506 | INFO | epoch=14 batch=750 global_step=4813 loss_reg_months=1.5404 lr=0.00013961 grad_norm=1.7427 throughput=37.64 img/s eta_seconds=95.9 gpu_alloc=375.7MiB gpu_reserved=4402.0MiB skipped_batches=0
2026-08-13 20:12:51,363 | INFO | epoch=14 batch=775 global_step=4821 loss_reg_months=1.5361 lr=0.00013961 grad_norm=1.5505 throughput=37.66 img/s eta_seconds=87.9 gpu_alloc=485.0MiB gpu_reserved=4402.0MiB skipped_batches=0
2026-08-13 20:12:59,117 | INFO | epoch=14 batch=800 global_step=4829 loss_reg_months=1.5407 lr=0.00013961 grad_norm=1.3603 throughput=37.69 img/s eta_seconds=79.9 gpu_alloc=485.0MiB gpu_reserved=4402.0MiB skipped_batches=0
2026-08-13 20:13:06,974 | INFO | epoch=14 batch=825 global_step=4838 loss_reg_months=1.5386 lr=0.00013961 grad_norm=1.5604 throughput=37.71 img/s eta_seconds=71.9 gpu_alloc=375.7MiB gpu_reserved=4402.0MiB skipped_batches=0
2026-08-13 20:13:14,904 | INFO | epoch=14 batch=850 global_step=4846 loss_reg_months=1.5314 lr=0.00013961 grad_norm=1.7959 throughput=37.71 img/s eta_seconds=63.9 gpu_alloc=485.0MiB gpu_reserved=4402.0MiB skipped_batches=0
2026-08-13 20:13:22,632 | INFO | epoch=14 batch=875 global_step=4854 loss_reg_months=1.5251 lr=0.00013961 grad_norm=0.8608 throughput=37.74 img/s eta_seconds=55.9 gpu_alloc=485.0MiB gpu_reserved=4402.0MiB skipped_batches=0
2026-08-13 20:13:30,371 | INFO | epoch=14 batch=900 global_step=4863 loss_reg_months=1.5209 lr=0.00013961 grad_norm=1.2204 throughput=37.77 img/s eta_seconds=47.9 gpu_alloc=375.7MiB gpu_reserved=4402.0MiB skipped_batches=0
2026-08-13 20:13:38,046 | INFO | epoch=14 batch=925 global_step=4871 loss_reg_months=1.5186 lr=0.00013961 grad_norm=1.4377 throughput=37.80 img/s eta_seconds=40.0 gpu_alloc=485.0MiB gpu_reserved=4402.0MiB skipped_batches=0
2026-08-13 20:13:45,718 | INFO | epoch=14 batch=950 global_step=4879 loss_reg_months=1.5223 lr=0.00013961 grad_norm=1.3133 throughput=37.84 img/s eta_seconds=32.0 gpu_alloc=485.0MiB gpu_reserved=4402.0MiB skipped_batches=0
2026-08-13 20:13:53,572 | INFO | epoch=14 batch=975 global_step=4888 loss_reg_months=1.5205 lr=0.00013961 grad_norm=2.4893 throughput=37.85 img/s eta_seconds=24.1 gpu_alloc=375.7MiB gpu_reserved=4402.0MiB skipped_batches=0
2026-08-13 20:14:01,294 | INFO | epoch=14 batch=1000 global_step=4896 loss_reg_months=1.5226 lr=0.00013961 grad_norm=2.9592 throughput=37.87 img/s eta_seconds=16.1 gpu_alloc=485.0MiB gpu_reserved=4402.0MiB skipped_batches=0
2026-08-13 20:14:09,135 | INFO | epoch=14 batch=1025 global_step=4904 loss_reg_months=1.5210 lr=0.00013961 grad_norm=0.9802 throughput=37.88 img/s eta_seconds=8.2 gpu_alloc=485.0MiB gpu_reserved=4402.0MiB skipped_batches=0
2026-08-13 20:14:16,853 | INFO | epoch=14 batch=1050 global_step=4913 loss_reg_months=1.5203 lr=0.00013961 grad_norm=0.9453 throughput=37.90 img/s eta_seconds=0.3 gpu_alloc=375.7MiB gpu_reserved=4402.0MiB skipped_batches=0
2026-08-13 20:14:50,860 | WARNING | STABILITY WARNING [CAM] Validation MAE xấu đi trong khi train loss giảm
2026-08-13 20:14:50,884 | INFO | 
TRAINING REVIEW SNAPSHOT
Run ID / config hash / split hash: P2_A0_NOAUG_CONVNEXT_TINY_SEED42 / b7d185501fe7 / 7328667e6822+f650a20432b5
Epoch / global step: 14 / 4914
Train loss: 1.5197
Validation MAE / RMSE / median AE: 6.8255 / 9.1148 / 5.0000
MAE nam / nữ / age bins: {'F': 7.295245398773006, 'M': 6.429333764553687} / {'0-59': 6.549202127659575, '120-179': 6.508652657601978, '60-119': 8.089467005076141, '180-228': 5.140625}
Learning rate / peak VRAM: 0.00013961 / 4402.0 MiB
Best epoch / best MAE / epochs không cải thiện: 10 / 6.6396 / 4
Cảnh báo hiện tại: CAM: Validation MAE xấu đi trong khi train loss giảm
Checkpoint gần nhất: p1_baseline\runs\P2_A0_NOAUG_CONVNEXT_TINY_SEED42\last.ckpt
Checkpoint tốt nhất: p1_baseline\runs\P2_A0_NOAUG_CONVNEXT_TINY_SEED42\best_mae.ckpt
Đề xuất tự động: THEO DÕI
2026-08-13 20:15:06,901 | INFO | epoch=15 batch=25 global_step=4922 loss_reg_months=1.8921 lr=0.00013125 grad_norm=1.7117 throughput=21.95 img/s eta_seconds=560.8 gpu_alloc=485.0MiB gpu_reserved=4402.0MiB skipped_batches=0
2026-08-13 20:15:14,681 | INFO | epoch=15 batch=50 global_step=4930 loss_reg_months=1.6605 lr=0.00013125 grad_norm=1.0897 throughput=27.98 img/s eta_seconds=429.3 gpu_alloc=485.0MiB gpu_reserved=4402.0MiB skipped_batches=0
2026-08-13 20:15:22,365 | INFO | epoch=15 batch=75 global_step=4939 loss_reg_months=1.6587 lr=0.00013125 grad_norm=1.4764 throughput=30.90 img/s eta_seconds=379.0 gpu_alloc=375.7MiB gpu_reserved=4402.0MiB skipped_batches=0
2026-08-13 20:15:30,138 | INFO | epoch=15 batch=100 global_step=4947 loss_reg_months=1.6302 lr=0.00013125 grad_norm=1.2427 throughput=32.52 img/s eta_seconds=350.9 gpu_alloc=485.0MiB gpu_reserved=4402.0MiB skipped_batches=0
2026-08-13 20:15:37,999 | INFO | epoch=15 batch=125 global_step=4955 loss_reg_months=1.6091 lr=0.00013125 grad_norm=1.4484 throughput=33.51 img/s eta_seconds=331.6 gpu_alloc=485.0MiB gpu_reserved=4402.0MiB skipped_batches=0
2026-08-13 20:15:45,675 | INFO | epoch=15 batch=150 global_step=4964 loss_reg_months=1.5875 lr=0.00013125 grad_norm=2.1275 throughput=34.32 img/s eta_seconds=315.0 gpu_alloc=375.7MiB gpu_reserved=4402.0MiB skipped_batches=0
2026-08-13 20:15:53,341 | INFO | epoch=15 batch=175 global_step=4972 loss_reg_months=1.5766 lr=0.00013125 grad_norm=1.4983 throughput=34.94 img/s eta_seconds=300.8 gpu_alloc=485.0MiB gpu_reserved=4402.0MiB skipped_batches=0
2026-08-13 20:16:01,162 | INFO | epoch=15 batch=200 global_step=4980 loss_reg_months=1.5594 lr=0.00013125 grad_norm=2.0785 throughput=35.33 img/s eta_seconds=289.0 gpu_alloc=485.0MiB gpu_reserved=4402.0MiB skipped_batches=0
2026-08-13 20:16:08,854 | INFO | epoch=15 batch=225 global_step=4989 loss_reg_months=1.5562 lr=0.00013125 grad_norm=1.2010 throughput=35.71 img/s eta_seconds=277.6 gpu_alloc=375.7MiB gpu_reserved=4402.0MiB skipped_batches=0
2026-08-13 20:16:16,915 | INFO | epoch=15 batch=250 global_step=4997 loss_reg_months=1.5461 lr=0.00013125 grad_norm=1.6779 throughput=35.85 img/s eta_seconds=268.1 gpu_alloc=485.0MiB gpu_reserved=4402.0MiB skipped_batches=0
2026-08-13 20:16:26,116 | INFO | epoch=15 batch=275 global_step=5005 loss_reg_months=1.5434 lr=0.00013125 grad_norm=1.3318 throughput=35.53 img/s eta_seconds=262.1 gpu_alloc=485.0MiB gpu_reserved=4402.0MiB skipped_batches=0
2026-08-13 20:16:34,041 | INFO | epoch=15 batch=300 global_step=5014 loss_reg_months=1.5277 lr=0.00013125 grad_norm=1.3605 throughput=35.71 img/s eta_seconds=252.3 gpu_alloc=375.7MiB gpu_reserved=4402.0MiB skipped_batches=0
2026-08-13 20:16:42,056 | INFO | epoch=15 batch=325 global_step=5022 loss_reg_months=1.4990 lr=0.00013125 grad_norm=1.4097 throughput=35.84 img/s eta_seconds=243.1 gpu_alloc=485.0MiB gpu_reserved=4402.0MiB skipped_batches=0
2026-08-13 20:16:49,794 | INFO | epoch=15 batch=350 global_step=5030 loss_reg_months=1.4930 lr=0.00013125 grad_norm=1.4850 throughput=36.03 img/s eta_seconds=233.4 gpu_alloc=485.0MiB gpu_reserved=4402.0MiB skipped_batches=0
2026-08-13 20:16:57,886 | INFO | epoch=15 batch=375 global_step=5039 loss_reg_months=1.4740 lr=0.00013125 grad_norm=1.5009 throughput=36.10 img/s eta_seconds=224.7 gpu_alloc=375.7MiB gpu_reserved=4402.0MiB skipped_batches=0
2026-08-13 20:17:05,565 | INFO | epoch=15 batch=400 global_step=5047 loss_reg_months=1.4677 lr=0.00013125 grad_norm=1.1552 throughput=36.27 img/s eta_seconds=215.3 gpu_alloc=485.0MiB gpu_reserved=4402.0MiB skipped_batches=0
2026-08-13 20:17:13,357 | INFO | epoch=15 batch=425 global_step=5055 loss_reg_months=1.4576 lr=0.00013125 grad_norm=1.0183 throughput=36.40 img/s eta_seconds=206.4 gpu_alloc=485.0MiB gpu_reserved=4402.0MiB skipped_batches=0
2026-08-13 20:17:21,116 | INFO | epoch=15 batch=450 global_step=5064 loss_reg_months=1.4408 lr=0.00013125 grad_norm=1.1139 throughput=36.52 img/s eta_seconds=197.5 gpu_alloc=375.7MiB gpu_reserved=4402.0MiB skipped_batches=0
2026-08-13 20:17:29,002 | INFO | epoch=15 batch=475 global_step=5072 loss_reg_months=1.4304 lr=0.00013125 grad_norm=1.5168 throughput=36.59 img/s eta_seconds=188.9 gpu_alloc=485.0MiB gpu_reserved=4402.0MiB skipped_batches=0
2026-08-13 20:17:36,791 | INFO | epoch=15 batch=500 global_step=5080 loss_reg_months=1.4265 lr=0.00013125 grad_norm=0.9878 throughput=36.68 img/s eta_seconds=180.2 gpu_alloc=485.0MiB gpu_reserved=4402.0MiB skipped_batches=0
2026-08-13 20:17:44,589 | INFO | epoch=15 batch=525 global_step=5089 loss_reg_months=1.4251 lr=0.00013125 grad_norm=1.7192 throughput=36.77 img/s eta_seconds=171.7 gpu_alloc=375.7MiB gpu_reserved=4402.0MiB skipped_batches=0
2026-08-13 20:17:52,395 | INFO | epoch=15 batch=550 global_step=5097 loss_reg_months=1.4202 lr=0.00013125 grad_norm=1.5464 throughput=36.84 img/s eta_seconds=163.2 gpu_alloc=485.0MiB gpu_reserved=4402.0MiB skipped_batches=0
2026-08-13 20:18:00,079 | INFO | epoch=15 batch=575 global_step=5105 loss_reg_months=1.4204 lr=0.00013125 grad_norm=1.0525 throughput=36.93 img/s eta_seconds=154.6 gpu_alloc=485.0MiB gpu_reserved=4402.0MiB skipped_batches=0
2026-08-13 20:18:07,838 | INFO | epoch=15 batch=600 global_step=5114 loss_reg_months=1.4111 lr=0.00013125 grad_norm=1.1602 throughput=37.00 img/s eta_seconds=146.2 gpu_alloc=375.7MiB gpu_reserved=4402.0MiB skipped_batches=0
2026-08-13 20:18:15,872 | INFO | epoch=15 batch=625 global_step=5122 loss_reg_months=1.4084 lr=0.00013125 grad_norm=1.4477 throughput=37.01 img/s eta_seconds=138.1 gpu_alloc=485.0MiB gpu_reserved=4402.0MiB skipped_batches=0
2026-08-13 20:18:23,601 | INFO | epoch=15 batch=650 global_step=5130 loss_reg_months=1.4050 lr=0.00013125 grad_norm=1.4469 throughput=37.08 img/s eta_seconds=129.8 gpu_alloc=485.0MiB gpu_reserved=4402.0MiB skipped_batches=0
2026-08-13 20:18:31,563 | INFO | epoch=15 batch=675 global_step=5139 loss_reg_months=1.4121 lr=0.00013125 grad_norm=1.0934 throughput=37.10 img/s eta_seconds=121.6 gpu_alloc=375.7MiB gpu_reserved=4402.0MiB skipped_batches=0
2026-08-13 20:18:39,243 | INFO | epoch=15 batch=700 global_step=5147 loss_reg_months=1.4102 lr=0.00013125 grad_norm=1.3405 throughput=37.17 img/s eta_seconds=113.3 gpu_alloc=485.0MiB gpu_reserved=4402.0MiB skipped_batches=0
2026-08-13 20:18:46,915 | INFO | epoch=15 batch=725 global_step=5155 loss_reg_months=1.4135 lr=0.00013125 grad_norm=1.6712 throughput=37.23 img/s eta_seconds=105.0 gpu_alloc=485.0MiB gpu_reserved=4402.0MiB skipped_batches=0
2026-08-13 20:18:54,631 | INFO | epoch=15 batch=750 global_step=5164 loss_reg_months=1.4261 lr=0.00013125 grad_norm=1.5162 throughput=37.28 img/s eta_seconds=96.9 gpu_alloc=375.7MiB gpu_reserved=4402.0MiB skipped_batches=0
2026-08-13 20:19:02,508 | INFO | epoch=15 batch=775 global_step=5172 loss_reg_months=1.4189 lr=0.00013125 grad_norm=1.5061 throughput=37.31 img/s eta_seconds=88.7 gpu_alloc=485.0MiB gpu_reserved=4402.0MiB skipped_batches=0
2026-08-13 20:19:10,232 | INFO | epoch=15 batch=800 global_step=5180 loss_reg_months=1.4218 lr=0.00013125 grad_norm=1.8873 throughput=37.35 img/s eta_seconds=80.6 gpu_alloc=485.0MiB gpu_reserved=4402.0MiB skipped_batches=0
2026-08-13 20:19:18,186 | INFO | epoch=15 batch=825 global_step=5189 loss_reg_months=1.4188 lr=0.00013125 grad_norm=1.4781 throughput=37.37 img/s eta_seconds=72.6 gpu_alloc=375.7MiB gpu_reserved=4402.0MiB skipped_batches=0
2026-08-13 20:19:25,914 | INFO | epoch=15 batch=850 global_step=5197 loss_reg_months=1.4171 lr=0.00013125 grad_norm=1.6863 throughput=37.41 img/s eta_seconds=64.5 gpu_alloc=485.0MiB gpu_reserved=4402.0MiB skipped_batches=0
2026-08-13 20:19:33,731 | INFO | epoch=15 batch=875 global_step=5205 loss_reg_months=1.4133 lr=0.00013125 grad_norm=1.0798 throughput=37.43 img/s eta_seconds=56.4 gpu_alloc=485.0MiB gpu_reserved=4402.0MiB skipped_batches=0
2026-08-13 20:19:41,702 | INFO | epoch=15 batch=900 global_step=5214 loss_reg_months=1.4131 lr=0.00013125 grad_norm=1.1509 throughput=37.44 img/s eta_seconds=48.4 gpu_alloc=375.7MiB gpu_reserved=4402.0MiB skipped_batches=0
2026-08-13 20:19:49,415 | INFO | epoch=15 batch=925 global_step=5222 loss_reg_months=1.4214 lr=0.00013125 grad_norm=1.7047 throughput=37.48 img/s eta_seconds=40.3 gpu_alloc=485.0MiB gpu_reserved=4402.0MiB skipped_batches=0
2026-08-13 20:19:57,082 | INFO | epoch=15 batch=950 global_step=5230 loss_reg_months=1.4250 lr=0.00013125 grad_norm=1.5757 throughput=37.52 img/s eta_seconds=32.3 gpu_alloc=485.0MiB gpu_reserved=4402.0MiB skipped_batches=0
2026-08-13 20:20:04,844 | INFO | epoch=15 batch=975 global_step=5239 loss_reg_months=1.4228 lr=0.00013125 grad_norm=1.2765 throughput=37.55 img/s eta_seconds=24.3 gpu_alloc=375.7MiB gpu_reserved=4402.0MiB skipped_batches=0
2026-08-13 20:20:12,556 | INFO | epoch=15 batch=1000 global_step=5247 loss_reg_months=1.4241 lr=0.00013125 grad_norm=1.9658 throughput=37.58 img/s eta_seconds=16.3 gpu_alloc=485.0MiB gpu_reserved=4402.0MiB skipped_batches=0
2026-08-13 20:20:20,322 | INFO | epoch=15 batch=1025 global_step=5255 loss_reg_months=1.4242 lr=0.00013125 grad_norm=1.6417 throughput=37.60 img/s eta_seconds=8.3 gpu_alloc=485.0MiB gpu_reserved=4402.0MiB skipped_batches=0
2026-08-13 20:20:28,106 | INFO | epoch=15 batch=1050 global_step=5264 loss_reg_months=1.4328 lr=0.00013125 grad_norm=2.1933 throughput=37.63 img/s eta_seconds=0.3 gpu_alloc=375.7MiB gpu_reserved=4402.0MiB skipped_batches=0
2026-08-13 20:21:01,937 | WARNING | STABILITY WARNING [CAM] Validation MAE xấu đi trong khi train loss giảm
2026-08-13 20:21:01,963 | INFO | 
TRAINING REVIEW SNAPSHOT
Run ID / config hash / split hash: P2_A0_NOAUG_CONVNEXT_TINY_SEED42 / b7d185501fe7 / 7328667e6822+f650a20432b5
Epoch / global step: 15 / 5265
Train loss: 1.4336
Validation MAE / RMSE / median AE: 6.8951 / 9.1871 / 5.0000
MAE nam / nữ / age bins: {'F': 7.080425613496932, 'M': 6.738842173350582} / {'0-59': 8.10438829787234, '120-179': 6.805933250927071, '60-119': 7.428299492385787, '180-228': 4.9296875}
Learning rate / peak VRAM: 0.00013125 / 4402.0 MiB
Best epoch / best MAE / epochs không cải thiện: 10 / 6.6396 / 5
Cảnh báo hiện tại: CAM: Validation MAE xấu đi trong khi train loss giảm
Checkpoint gần nhất: p1_baseline\runs\P2_A0_NOAUG_CONVNEXT_TINY_SEED42\last.ckpt
Checkpoint tốt nhất: p1_baseline\runs\P2_A0_NOAUG_CONVNEXT_TINY_SEED42\best_mae.ckpt
Đề xuất tự động: THEO DÕI
2026-08-13 20:21:21,338 | INFO | epoch=16 batch=25 global_step=5273 loss_reg_months=1.6163 lr=0.00012264 grad_norm=1.1570 throughput=22.01 img/s eta_seconds=559.3 gpu_alloc=485.0MiB gpu_reserved=4402.0MiB skipped_batches=0
2026-08-13 20:21:28,961 | INFO | epoch=16 batch=50 global_step=5281 loss_reg_months=1.4791 lr=0.00012264 grad_norm=1.6068 throughput=28.23 img/s eta_seconds=425.4 gpu_alloc=485.0MiB gpu_reserved=4402.0MiB skipped_batches=0
2026-08-13 20:21:36,806 | INFO | epoch=16 batch=75 global_step=5290 loss_reg_months=1.4217 lr=0.00012264 grad_norm=1.3290 throughput=30.93 img/s eta_seconds=378.6 gpu_alloc=375.7MiB gpu_reserved=4402.0MiB skipped_batches=0
2026-08-13 20:21:44,609 | INFO | epoch=16 batch=100 global_step=5298 loss_reg_months=1.4179 lr=0.00012264 grad_norm=1.4865 throughput=32.52 img/s eta_seconds=350.9 gpu_alloc=485.0MiB gpu_reserved=4402.0MiB skipped_batches=0
2026-08-13 20:21:52,420 | INFO | epoch=16 batch=125 global_step=5306 loss_reg_months=1.3940 lr=0.00012264 grad_norm=1.2173 throughput=33.55 img/s eta_seconds=331.2 gpu_alloc=485.0MiB gpu_reserved=4402.0MiB skipped_batches=0
2026-08-13 20:22:00,102 | INFO | epoch=16 batch=150 global_step=5315 loss_reg_months=1.4134 lr=0.00012264 grad_norm=1.6523 throughput=34.36 img/s eta_seconds=314.7 gpu_alloc=375.7MiB gpu_reserved=4402.0MiB skipped_batches=0
2026-08-13 20:22:07,775 | INFO | epoch=16 batch=175 global_step=5323 loss_reg_months=1.4257 lr=0.00012264 grad_norm=1.5112 throughput=34.96 img/s eta_seconds=300.6 gpu_alloc=485.0MiB gpu_reserved=4402.0MiB skipped_batches=0
2026-08-13 20:22:15,878 | INFO | epoch=16 batch=200 global_step=5331 loss_reg_months=1.4495 lr=0.00012264 grad_norm=1.2657 throughput=35.21 img/s eta_seconds=290.0 gpu_alloc=485.0MiB gpu_reserved=4402.0MiB skipped_batches=0
2026-08-13 20:22:23,661 | INFO | epoch=16 batch=225 global_step=5340 loss_reg_months=1.4434 lr=0.00012264 grad_norm=0.9261 throughput=35.55 img/s eta_seconds=278.8 gpu_alloc=375.7MiB gpu_reserved=4402.0MiB skipped_batches=0
2026-08-13 20:22:31,450 | INFO | epoch=16 batch=250 global_step=5348 loss_reg_months=1.4292 lr=0.00012264 grad_norm=1.6852 throughput=35.83 img/s eta_seconds=268.3 gpu_alloc=485.0MiB gpu_reserved=4402.0MiB skipped_batches=0
2026-08-13 20:22:39,175 | INFO | epoch=16 batch=275 global_step=5356 loss_reg_months=1.4106 lr=0.00012264 grad_norm=1.2407 throughput=36.08 img/s eta_seconds=258.1 gpu_alloc=485.0MiB gpu_reserved=4402.0MiB skipped_batches=0
2026-08-13 20:22:46,940 | INFO | epoch=16 batch=300 global_step=5365 loss_reg_months=1.4025 lr=0.00012264 grad_norm=1.6798 throughput=36.28 img/s eta_seconds=248.4 gpu_alloc=375.7MiB gpu_reserved=4402.0MiB skipped_batches=0
2026-08-13 20:22:54,637 | INFO | epoch=16 batch=325 global_step=5373 loss_reg_months=1.3997 lr=0.00012264 grad_norm=1.2982 throughput=36.47 img/s eta_seconds=238.8 gpu_alloc=485.0MiB gpu_reserved=4402.0MiB skipped_batches=0
2026-08-13 20:23:02,325 | INFO | epoch=16 batch=350 global_step=5381 loss_reg_months=1.3928 lr=0.00012264 grad_norm=1.0258 throughput=36.64 img/s eta_seconds=229.5 gpu_alloc=485.0MiB gpu_reserved=4402.0MiB skipped_batches=0
2026-08-13 20:23:10,061 | INFO | epoch=16 batch=375 global_step=5390 loss_reg_months=1.3862 lr=0.00012264 grad_norm=1.8381 throughput=36.78 img/s eta_seconds=220.5 gpu_alloc=375.7MiB gpu_reserved=4402.0MiB skipped_batches=0
2026-08-13 20:23:17,740 | INFO | epoch=16 batch=400 global_step=5398 loss_reg_months=1.3881 lr=0.00012264 grad_norm=2.0377 throughput=36.91 img/s eta_seconds=211.6 gpu_alloc=485.0MiB gpu_reserved=4402.0MiB skipped_batches=0
2026-08-13 20:23:25,605 | INFO | epoch=16 batch=425 global_step=5406 loss_reg_months=1.3774 lr=0.00012264 grad_norm=1.1093 throughput=36.98 img/s eta_seconds=203.1 gpu_alloc=485.0MiB gpu_reserved=4402.0MiB skipped_batches=0
2026-08-13 20:23:33,321 | INFO | epoch=16 batch=450 global_step=5415 loss_reg_months=1.3738 lr=0.00012264 grad_norm=2.3117 throughput=37.09 img/s eta_seconds=194.4 gpu_alloc=375.7MiB gpu_reserved=4402.0MiB skipped_batches=0
2026-08-13 20:23:41,089 | INFO | epoch=16 batch=475 global_step=5423 loss_reg_months=1.3693 lr=0.00012264 grad_norm=2.0584 throughput=37.16 img/s eta_seconds=186.0 gpu_alloc=485.0MiB gpu_reserved=4402.0MiB skipped_batches=0
2026-08-13 20:23:48,747 | INFO | epoch=16 batch=500 global_step=5431 loss_reg_months=1.3761 lr=0.00012264 grad_norm=1.3094 throughput=37.26 img/s eta_seconds=177.4 gpu_alloc=485.0MiB gpu_reserved=4402.0MiB skipped_batches=0
2026-08-13 20:23:56,448 | INFO | epoch=16 batch=525 global_step=5440 loss_reg_months=1.3777 lr=0.00012264 grad_norm=1.4756 throughput=37.34 img/s eta_seconds=169.0 gpu_alloc=375.7MiB gpu_reserved=4402.0MiB skipped_batches=0
2026-08-13 20:24:04,111 | INFO | epoch=16 batch=550 global_step=5448 loss_reg_months=1.3740 lr=0.00012264 grad_norm=1.2350 throughput=37.41 img/s eta_seconds=160.7 gpu_alloc=485.0MiB gpu_reserved=4402.0MiB skipped_batches=0
2026-08-13 20:24:12,134 | INFO | epoch=16 batch=575 global_step=5456 loss_reg_months=1.3663 lr=0.00012264 grad_norm=1.2926 throughput=37.41 img/s eta_seconds=152.6 gpu_alloc=485.0MiB gpu_reserved=4402.0MiB skipped_batches=0
2026-08-13 20:24:19,881 | INFO | epoch=16 batch=600 global_step=5465 loss_reg_months=1.3666 lr=0.00012264 grad_norm=1.1998 throughput=37.47 img/s eta_seconds=144.4 gpu_alloc=375.7MiB gpu_reserved=4402.0MiB skipped_batches=0
2026-08-13 20:24:27,777 | INFO | epoch=16 batch=625 global_step=5473 loss_reg_months=1.3603 lr=0.00012264 grad_norm=1.4881 throughput=37.49 img/s eta_seconds=136.3 gpu_alloc=485.0MiB gpu_reserved=4402.0MiB skipped_batches=0
2026-08-13 20:24:35,716 | INFO | epoch=16 batch=650 global_step=5481 loss_reg_months=1.3630 lr=0.00012264 grad_norm=1.6036 throughput=37.50 img/s eta_seconds=128.3 gpu_alloc=485.0MiB gpu_reserved=4402.0MiB skipped_batches=0
2026-08-13 20:24:43,531 | INFO | epoch=16 batch=675 global_step=5490 loss_reg_months=1.3591 lr=0.00012264 grad_norm=1.4488 throughput=37.53 img/s eta_seconds=120.2 gpu_alloc=375.7MiB gpu_reserved=4402.0MiB skipped_batches=0
2026-08-13 20:24:51,462 | INFO | epoch=16 batch=700 global_step=5498 loss_reg_months=1.3568 lr=0.00012264 grad_norm=1.3872 throughput=37.54 img/s eta_seconds=112.2 gpu_alloc=485.0MiB gpu_reserved=4402.0MiB skipped_batches=0
2026-08-13 20:25:00,693 | INFO | epoch=16 batch=725 global_step=5506 loss_reg_months=1.3555 lr=0.00012264 grad_norm=0.9054 throughput=37.34 img/s eta_seconds=104.7 gpu_alloc=485.0MiB gpu_reserved=4402.0MiB skipped_batches=0
2026-08-13 20:25:08,383 | INFO | epoch=16 batch=750 global_step=5515 loss_reg_months=1.3606 lr=0.00012264 grad_norm=1.1271 throughput=37.40 img/s eta_seconds=96.6 gpu_alloc=375.7MiB gpu_reserved=4402.0MiB skipped_batches=0
2026-08-13 20:25:16,169 | INFO | epoch=16 batch=775 global_step=5523 loss_reg_months=1.3559 lr=0.00012264 grad_norm=0.9703 throughput=37.43 img/s eta_seconds=88.5 gpu_alloc=485.0MiB gpu_reserved=4402.0MiB skipped_batches=0
2026-08-13 20:25:23,946 | INFO | epoch=16 batch=800 global_step=5531 loss_reg_months=1.3587 lr=0.00012264 grad_norm=2.1607 throughput=37.47 img/s eta_seconds=80.4 gpu_alloc=485.0MiB gpu_reserved=4402.0MiB skipped_batches=0
2026-08-13 20:25:31,647 | INFO | epoch=16 batch=825 global_step=5540 loss_reg_months=1.3659 lr=0.00012264 grad_norm=1.3368 throughput=37.51 img/s eta_seconds=72.3 gpu_alloc=375.7MiB gpu_reserved=4402.0MiB skipped_batches=0
2026-08-13 20:25:39,511 | INFO | epoch=16 batch=850 global_step=5548 loss_reg_months=1.3659 lr=0.00012264 grad_norm=1.2304 throughput=37.53 img/s eta_seconds=64.2 gpu_alloc=485.0MiB gpu_reserved=4402.0MiB skipped_batches=0
2026-08-13 20:25:47,179 | INFO | epoch=16 batch=875 global_step=5556 loss_reg_months=1.3593 lr=0.00012264 grad_norm=1.0022 throughput=37.57 img/s eta_seconds=56.2 gpu_alloc=485.0MiB gpu_reserved=4402.0MiB skipped_batches=0
2026-08-13 20:25:55,177 | INFO | epoch=16 batch=900 global_step=5565 loss_reg_months=1.3636 lr=0.00012264 grad_norm=2.0660 throughput=37.57 img/s eta_seconds=48.2 gpu_alloc=375.7MiB gpu_reserved=4402.0MiB skipped_batches=0
2026-08-13 20:26:02,878 | INFO | epoch=16 batch=925 global_step=5573 loss_reg_months=1.3705 lr=0.00012264 grad_norm=1.9838 throughput=37.61 img/s eta_seconds=40.2 gpu_alloc=485.0MiB gpu_reserved=4402.0MiB skipped_batches=0
2026-08-13 20:26:10,739 | INFO | epoch=16 batch=950 global_step=5581 loss_reg_months=1.3759 lr=0.00012264 grad_norm=2.1189 throughput=37.62 img/s eta_seconds=32.2 gpu_alloc=485.0MiB gpu_reserved=4402.0MiB skipped_batches=0
2026-08-13 20:26:18,432 | INFO | epoch=16 batch=975 global_step=5590 loss_reg_months=1.3789 lr=0.00012264 grad_norm=2.0426 throughput=37.65 img/s eta_seconds=24.2 gpu_alloc=375.7MiB gpu_reserved=4402.0MiB skipped_batches=0
2026-08-13 20:26:26,103 | INFO | epoch=16 batch=1000 global_step=5598 loss_reg_months=1.3792 lr=0.00012264 grad_norm=1.4034 throughput=37.69 img/s eta_seconds=16.2 gpu_alloc=485.0MiB gpu_reserved=4402.0MiB skipped_batches=0
2026-08-13 20:26:33,974 | INFO | epoch=16 batch=1025 global_step=5606 loss_reg_months=1.3726 lr=0.00012264 grad_norm=1.3562 throughput=37.70 img/s eta_seconds=8.2 gpu_alloc=485.0MiB gpu_reserved=4402.0MiB skipped_batches=0
2026-08-13 20:26:41,819 | INFO | epoch=16 batch=1050 global_step=5615 loss_reg_months=1.3734 lr=0.00012264 grad_norm=1.8105 throughput=37.71 img/s eta_seconds=0.3 gpu_alloc=375.7MiB gpu_reserved=4402.0MiB skipped_batches=0
2026-08-13 20:27:15,525 | WARNING | STABILITY WARNING [CAM] Validation MAE xấu đi trong khi train loss giảm
2026-08-13 20:27:15,525 | INFO | 
TRAINING REVIEW SNAPSHOT
Run ID / config hash / split hash: P2_A0_NOAUG_CONVNEXT_TINY_SEED42 / b7d185501fe7 / 7328667e6822+f650a20432b5
Epoch / global step: 16 / 5616
Train loss: 1.3726
Validation MAE / RMSE / median AE: 6.9404 / 9.1276 / 5.5000
MAE nam / nữ / age bins: {'F': 7.206863496932515, 'M': 6.715556274256145} / {'0-59': 8.678191489361701, '120-179': 6.812113720642769, '60-119': 7.358502538071066, '180-228': 5.1875}
Learning rate / peak VRAM: 0.00012264 / 4402.0 MiB
Best epoch / best MAE / epochs không cải thiện: 10 / 6.6396 / 6
Cảnh báo hiện tại: CAM: Validation MAE xấu đi trong khi train loss giảm
Checkpoint gần nhất: p1_baseline\runs\P2_A0_NOAUG_CONVNEXT_TINY_SEED42\last.ckpt
Checkpoint tốt nhất: p1_baseline\runs\P2_A0_NOAUG_CONVNEXT_TINY_SEED42\best_mae.ckpt
Đề xuất tự động: THEO DÕI
2026-08-13 20:27:32,856 | INFO | epoch=17 batch=25 global_step=5624 loss_reg_months=1.3830 lr=0.00011386 grad_norm=1.2749 throughput=21.13 img/s eta_seconds=582.6 gpu_alloc=485.0MiB gpu_reserved=4402.0MiB skipped_batches=0
2026-08-13 20:27:40,694 | INFO | epoch=17 batch=50 global_step=5632 loss_reg_months=1.3803 lr=0.00011386 grad_norm=2.3076 throughput=27.23 img/s eta_seconds=441.1 gpu_alloc=485.0MiB gpu_reserved=4402.0MiB skipped_batches=0
2026-08-13 20:27:48,457 | INFO | epoch=17 batch=75 global_step=5641 loss_reg_months=1.4051 lr=0.00011386 grad_norm=1.5997 throughput=30.20 img/s eta_seconds=387.7 gpu_alloc=375.7MiB gpu_reserved=4402.0MiB skipped_batches=0
2026-08-13 20:27:56,145 | INFO | epoch=17 batch=100 global_step=5649 loss_reg_months=1.4434 lr=0.00011386 grad_norm=1.5868 throughput=32.01 img/s eta_seconds=356.5 gpu_alloc=485.0MiB gpu_reserved=4402.0MiB skipped_batches=0
2026-08-13 20:28:03,829 | INFO | epoch=17 batch=125 global_step=5657 loss_reg_months=1.4771 lr=0.00011386 grad_norm=1.9849 throughput=33.21 img/s eta_seconds=334.6 gpu_alloc=485.0MiB gpu_reserved=4402.0MiB skipped_batches=0
2026-08-13 20:28:11,532 | INFO | epoch=17 batch=150 global_step=5666 loss_reg_months=1.4837 lr=0.00011386 grad_norm=2.2193 throughput=34.04 img/s eta_seconds=317.6 gpu_alloc=375.7MiB gpu_reserved=4402.0MiB skipped_batches=0
2026-08-13 20:28:19,323 | INFO | epoch=17 batch=175 global_step=5674 loss_reg_months=1.4490 lr=0.00011386 grad_norm=2.0123 throughput=34.62 img/s eta_seconds=303.6 gpu_alloc=485.0MiB gpu_reserved=4402.0MiB skipped_batches=0
2026-08-13 20:28:27,071 | INFO | epoch=17 batch=200 global_step=5682 loss_reg_months=1.4285 lr=0.00011386 grad_norm=1.8327 throughput=35.08 img/s eta_seconds=291.1 gpu_alloc=485.0MiB gpu_reserved=4402.0MiB skipped_batches=0
2026-08-13 20:28:34,757 | INFO | epoch=17 batch=225 global_step=5691 loss_reg_months=1.4088 lr=0.00011386 grad_norm=1.2000 throughput=35.48 img/s eta_seconds=279.3 gpu_alloc=375.7MiB gpu_reserved=4402.0MiB skipped_batches=0
2026-08-13 20:28:42,416 | INFO | epoch=17 batch=250 global_step=5699 loss_reg_months=1.3926 lr=0.00011386 grad_norm=1.7044 throughput=35.82 img/s eta_seconds=268.3 gpu_alloc=485.0MiB gpu_reserved=4402.0MiB skipped_batches=0
2026-08-13 20:28:50,120 | INFO | epoch=17 batch=275 global_step=5707 loss_reg_months=1.3583 lr=0.00011386 grad_norm=1.4707 throughput=36.08 img/s eta_seconds=258.1 gpu_alloc=485.0MiB gpu_reserved=4402.0MiB skipped_batches=0
2026-08-13 20:28:58,010 | INFO | epoch=17 batch=300 global_step=5716 loss_reg_months=1.3297 lr=0.00011386 grad_norm=1.0979 throughput=36.23 img/s eta_seconds=248.7 gpu_alloc=375.7MiB gpu_reserved=4402.0MiB skipped_batches=0
2026-08-13 20:29:05,782 | INFO | epoch=17 batch=325 global_step=5724 loss_reg_months=1.3183 lr=0.00011386 grad_norm=1.2242 throughput=36.41 img/s eta_seconds=239.3 gpu_alloc=485.0MiB gpu_reserved=4402.0MiB skipped_batches=0
2026-08-13 20:29:13,467 | INFO | epoch=17 batch=350 global_step=5732 loss_reg_months=1.3124 lr=0.00011386 grad_norm=1.6669 throughput=36.58 img/s eta_seconds=229.9 gpu_alloc=485.0MiB gpu_reserved=4402.0MiB skipped_batches=0
2026-08-13 20:29:21,176 | INFO | epoch=17 batch=375 global_step=5741 loss_reg_months=1.3060 lr=0.00011386 grad_norm=1.1215 throughput=36.73 img/s eta_seconds=220.8 gpu_alloc=375.7MiB gpu_reserved=4402.0MiB skipped_batches=0
2026-08-13 20:29:28,876 | INFO | epoch=17 batch=400 global_step=5749 loss_reg_months=1.2968 lr=0.00011386 grad_norm=1.3373 throughput=36.86 img/s eta_seconds=211.9 gpu_alloc=485.0MiB gpu_reserved=4402.0MiB skipped_batches=0
2026-08-13 20:29:36,723 | INFO | epoch=17 batch=425 global_step=5757 loss_reg_months=1.2987 lr=0.00011386 grad_norm=1.1008 throughput=36.94 img/s eta_seconds=203.3 gpu_alloc=485.0MiB gpu_reserved=4402.0MiB skipped_batches=0
2026-08-13 20:29:44,475 | INFO | epoch=17 batch=450 global_step=5766 loss_reg_months=1.3004 lr=0.00011386 grad_norm=1.4314 throughput=37.03 img/s eta_seconds=194.7 gpu_alloc=375.7MiB gpu_reserved=4402.0MiB skipped_batches=0
2026-08-13 20:29:52,284 | INFO | epoch=17 batch=475 global_step=5774 loss_reg_months=1.2996 lr=0.00011386 grad_norm=1.5381 throughput=37.10 img/s eta_seconds=186.3 gpu_alloc=485.0MiB gpu_reserved=4402.0MiB skipped_batches=0
2026-08-13 20:29:59,952 | INFO | epoch=17 batch=500 global_step=5782 loss_reg_months=1.2950 lr=0.00011386 grad_norm=1.2762 throughput=37.20 img/s eta_seconds=177.7 gpu_alloc=485.0MiB gpu_reserved=4402.0MiB skipped_batches=0
2026-08-13 20:30:07,896 | INFO | epoch=17 batch=525 global_step=5791 loss_reg_months=1.2973 lr=0.00011386 grad_norm=1.4620 throughput=37.23 img/s eta_seconds=169.5 gpu_alloc=375.7MiB gpu_reserved=4402.0MiB skipped_batches=0
2026-08-13 20:30:15,578 | INFO | epoch=17 batch=550 global_step=5799 loss_reg_months=1.3028 lr=0.00011386 grad_norm=1.2472 throughput=37.31 img/s eta_seconds=161.1 gpu_alloc=485.0MiB gpu_reserved=4402.0MiB skipped_batches=0
2026-08-13 20:30:23,243 | INFO | epoch=17 batch=575 global_step=5807 loss_reg_months=1.3006 lr=0.00011386 grad_norm=1.1581 throughput=37.38 img/s eta_seconds=152.8 gpu_alloc=485.0MiB gpu_reserved=4402.0MiB skipped_batches=0
2026-08-13 20:30:30,998 | INFO | epoch=17 batch=600 global_step=5816 loss_reg_months=1.2946 lr=0.00011386 grad_norm=1.2326 throughput=37.43 img/s eta_seconds=144.5 gpu_alloc=375.7MiB gpu_reserved=4402.0MiB skipped_batches=0
2026-08-13 20:30:38,747 | INFO | epoch=17 batch=625 global_step=5824 loss_reg_months=1.2929 lr=0.00011386 grad_norm=1.6798 throughput=37.48 img/s eta_seconds=136.4 gpu_alloc=485.0MiB gpu_reserved=4402.0MiB skipped_batches=0
2026-08-13 20:30:46,639 | INFO | epoch=17 batch=650 global_step=5832 loss_reg_months=1.2823 lr=0.00011386 grad_norm=1.3005 throughput=37.50 img/s eta_seconds=128.3 gpu_alloc=485.0MiB gpu_reserved=4402.0MiB skipped_batches=0
2026-08-13 20:30:54,336 | INFO | epoch=17 batch=675 global_step=5841 loss_reg_months=1.2744 lr=0.00011386 grad_norm=1.0098 throughput=37.56 img/s eta_seconds=120.1 gpu_alloc=375.7MiB gpu_reserved=4402.0MiB skipped_batches=0
2026-08-13 20:31:02,023 | INFO | epoch=17 batch=700 global_step=5849 loss_reg_months=1.2753 lr=0.00011386 grad_norm=1.5072 throughput=37.61 img/s eta_seconds=112.0 gpu_alloc=485.0MiB gpu_reserved=4402.0MiB skipped_batches=0
2026-08-13 20:31:09,763 | INFO | epoch=17 batch=725 global_step=5857 loss_reg_months=1.2703 lr=0.00011386 grad_norm=1.1611 throughput=37.65 img/s eta_seconds=103.9 gpu_alloc=485.0MiB gpu_reserved=4402.0MiB skipped_batches=0
2026-08-13 20:31:17,478 | INFO | epoch=17 batch=750 global_step=5866 loss_reg_months=1.2697 lr=0.00011386 grad_norm=1.0054 throughput=37.69 img/s eta_seconds=95.8 gpu_alloc=375.7MiB gpu_reserved=4402.0MiB skipped_batches=0
2026-08-13 20:31:25,405 | INFO | epoch=17 batch=775 global_step=5874 loss_reg_months=1.2679 lr=0.00011386 grad_norm=2.6424 throughput=37.69 img/s eta_seconds=87.8 gpu_alloc=485.0MiB gpu_reserved=4402.0MiB skipped_batches=0
2026-08-13 20:31:33,180 | INFO | epoch=17 batch=800 global_step=5882 loss_reg_months=1.2670 lr=0.00011386 grad_norm=0.9400 throughput=37.72 img/s eta_seconds=79.8 gpu_alloc=485.0MiB gpu_reserved=4402.0MiB skipped_batches=0
2026-08-13 20:31:41,286 | INFO | epoch=17 batch=825 global_step=5891 loss_reg_months=1.2684 lr=0.00011386 grad_norm=1.0920 throughput=37.70 img/s eta_seconds=71.9 gpu_alloc=375.7MiB gpu_reserved=4402.0MiB skipped_batches=0
2026-08-13 20:31:49,046 | INFO | epoch=17 batch=850 global_step=5899 loss_reg_months=1.2609 lr=0.00011386 grad_norm=1.1443 throughput=37.72 img/s eta_seconds=63.9 gpu_alloc=485.0MiB gpu_reserved=4402.0MiB skipped_batches=0
2026-08-13 20:31:56,969 | INFO | epoch=17 batch=875 global_step=5907 loss_reg_months=1.2622 lr=0.00011386 grad_norm=1.3582 throughput=37.73 img/s eta_seconds=56.0 gpu_alloc=485.0MiB gpu_reserved=4402.0MiB skipped_batches=0
2026-08-13 20:32:04,844 | INFO | epoch=17 batch=900 global_step=5916 loss_reg_months=1.2550 lr=0.00011386 grad_norm=1.2382 throughput=37.74 img/s eta_seconds=48.0 gpu_alloc=375.7MiB gpu_reserved=4402.0MiB skipped_batches=0
2026-08-13 20:32:12,514 | INFO | epoch=17 batch=925 global_step=5924 loss_reg_months=1.2555 lr=0.00011386 grad_norm=1.1761 throughput=37.77 img/s eta_seconds=40.0 gpu_alloc=485.0MiB gpu_reserved=4402.0MiB skipped_batches=0
2026-08-13 20:32:20,335 | INFO | epoch=17 batch=950 global_step=5932 loss_reg_months=1.2543 lr=0.00011386 grad_norm=1.4022 throughput=37.79 img/s eta_seconds=32.0 gpu_alloc=485.0MiB gpu_reserved=4402.0MiB skipped_batches=0
2026-08-13 20:32:28,139 | INFO | epoch=17 batch=975 global_step=5941 loss_reg_months=1.2566 lr=0.00011386 grad_norm=1.0385 throughput=37.81 img/s eta_seconds=24.1 gpu_alloc=375.7MiB gpu_reserved=4402.0MiB skipped_batches=0
2026-08-13 20:32:35,804 | INFO | epoch=17 batch=1000 global_step=5949 loss_reg_months=1.2593 lr=0.00011386 grad_norm=2.1191 throughput=37.84 img/s eta_seconds=16.1 gpu_alloc=485.0MiB gpu_reserved=4402.0MiB skipped_batches=0
2026-08-13 20:32:43,797 | INFO | epoch=17 batch=1025 global_step=5957 loss_reg_months=1.2612 lr=0.00011386 grad_norm=1.1299 throughput=37.83 img/s eta_seconds=8.2 gpu_alloc=485.0MiB gpu_reserved=4402.0MiB skipped_batches=0
2026-08-13 20:32:51,758 | INFO | epoch=17 batch=1050 global_step=5966 loss_reg_months=1.2577 lr=0.00011386 grad_norm=1.6272 throughput=37.83 img/s eta_seconds=0.3 gpu_alloc=375.7MiB gpu_reserved=4402.0MiB skipped_batches=0
2026-08-13 20:33:25,469 | INFO | 
TRAINING REVIEW SNAPSHOT
Run ID / config hash / split hash: P2_A0_NOAUG_CONVNEXT_TINY_SEED42 / b7d185501fe7 / 7328667e6822+f650a20432b5
Epoch / global step: 17 / 5967
Train loss: 1.2576
Validation MAE / RMSE / median AE: 6.7431 / 9.0441 / 5.0000
MAE nam / nữ / age bins: {'F': 7.254948715490798, 'M': 6.311287192755498} / {'0-59': 7.040974069148936, '120-179': 6.561804697156984, '60-119': 7.592639593908629, '180-228': 5.0546875}
Learning rate / peak VRAM: 0.00011386 / 4402.0 MiB
Best epoch / best MAE / epochs không cải thiện: 10 / 6.6396 / 7
Cảnh báo hiện tại: KHÔNG
Checkpoint gần nhất: p1_baseline\runs\P2_A0_NOAUG_CONVNEXT_TINY_SEED42\last.ckpt
Checkpoint tốt nhất: p1_baseline\runs\P2_A0_NOAUG_CONVNEXT_TINY_SEED42\best_mae.ckpt
Đề xuất tự động: TIẾP TỤC
2026-08-13 20:33:40,706 | INFO | epoch=18 batch=25 global_step=5975 loss_reg_months=1.0940 lr=0.00010496 grad_norm=1.5129 throughput=21.82 img/s eta_seconds=564.3 gpu_alloc=485.0MiB gpu_reserved=4402.0MiB skipped_batches=0
2026-08-13 20:33:48,411 | INFO | epoch=18 batch=50 global_step=5983 loss_reg_months=1.1341 lr=0.00010496 grad_norm=1.3817 throughput=27.96 img/s eta_seconds=429.5 gpu_alloc=485.0MiB gpu_reserved=4402.0MiB skipped_batches=0
2026-08-13 20:33:56,173 | INFO | epoch=18 batch=75 global_step=5992 loss_reg_months=1.1205 lr=0.00010496 grad_norm=1.4494 throughput=30.80 img/s eta_seconds=380.2 gpu_alloc=375.7MiB gpu_reserved=4402.0MiB skipped_batches=0
2026-08-13 20:34:05,068 | INFO | epoch=18 batch=100 global_step=6000 loss_reg_months=1.0987 lr=0.00010496 grad_norm=1.0213 throughput=31.49 img/s eta_seconds=362.4 gpu_alloc=485.0MiB gpu_reserved=4402.0MiB skipped_batches=0
2026-08-13 20:34:12,824 | INFO | epoch=18 batch=125 global_step=6008 loss_reg_months=1.0695 lr=0.00010496 grad_norm=1.3943 throughput=32.70 img/s eta_seconds=339.8 gpu_alloc=485.0MiB gpu_reserved=4402.0MiB skipped_batches=0
2026-08-13 20:34:20,661 | INFO | epoch=18 batch=150 global_step=6017 loss_reg_months=1.0693 lr=0.00010496 grad_norm=1.6035 throughput=33.52 img/s eta_seconds=322.6 gpu_alloc=375.7MiB gpu_reserved=4402.0MiB skipped_batches=0
2026-08-13 20:34:28,387 | INFO | epoch=18 batch=175 global_step=6025 loss_reg_months=1.1105 lr=0.00010496 grad_norm=1.5784 throughput=34.18 img/s eta_seconds=307.5 gpu_alloc=485.0MiB gpu_reserved=4402.0MiB skipped_batches=0
2026-08-13 20:34:36,064 | INFO | epoch=18 batch=200 global_step=6033 loss_reg_months=1.1131 lr=0.00010496 grad_norm=1.3867 throughput=34.73 img/s eta_seconds=294.0 gpu_alloc=485.0MiB gpu_reserved=4402.0MiB skipped_batches=0
2026-08-13 20:34:43,931 | INFO | epoch=18 batch=225 global_step=6042 loss_reg_months=1.1204 lr=0.00010496 grad_norm=1.8540 throughput=35.08 img/s eta_seconds=282.6 gpu_alloc=375.7MiB gpu_reserved=4402.0MiB skipped_batches=0
2026-08-13 20:34:51,674 | INFO | epoch=18 batch=250 global_step=6050 loss_reg_months=1.1327 lr=0.00010496 grad_norm=1.0588 throughput=35.41 img/s eta_seconds=271.4 gpu_alloc=485.0MiB gpu_reserved=4402.0MiB skipped_batches=0
2026-08-13 20:34:59,458 | INFO | epoch=18 batch=275 global_step=6058 loss_reg_months=1.1616 lr=0.00010496 grad_norm=1.6569 throughput=35.67 img/s eta_seconds=261.0 gpu_alloc=485.0MiB gpu_reserved=4402.0MiB skipped_batches=0
2026-08-13 20:35:07,201 | INFO | epoch=18 batch=300 global_step=6067 loss_reg_months=1.1551 lr=0.00010496 grad_norm=1.0528 throughput=35.91 img/s eta_seconds=250.9 gpu_alloc=375.7MiB gpu_reserved=4402.0MiB skipped_batches=0
2026-08-13 20:35:15,047 | INFO | epoch=18 batch=325 global_step=6075 loss_reg_months=1.1435 lr=0.00010496 grad_norm=1.0492 throughput=36.08 img/s eta_seconds=241.4 gpu_alloc=485.0MiB gpu_reserved=4402.0MiB skipped_batches=0
2026-08-13 20:35:22,722 | INFO | epoch=18 batch=350 global_step=6083 loss_reg_months=1.1473 lr=0.00010496 grad_norm=1.6674 throughput=36.28 img/s eta_seconds=231.8 gpu_alloc=485.0MiB gpu_reserved=4402.0MiB skipped_batches=0
2026-08-13 20:35:30,663 | INFO | epoch=18 batch=375 global_step=6092 loss_reg_months=1.1451 lr=0.00010496 grad_norm=1.4777 throughput=36.38 img/s eta_seconds=223.0 gpu_alloc=375.7MiB gpu_reserved=4402.0MiB skipped_batches=0
2026-08-13 20:35:38,411 | INFO | epoch=18 batch=400 global_step=6100 loss_reg_months=1.1680 lr=0.00010496 grad_norm=1.0096 throughput=36.51 img/s eta_seconds=213.9 gpu_alloc=485.0MiB gpu_reserved=4402.0MiB skipped_batches=0
2026-08-13 20:35:46,448 | INFO | epoch=18 batch=425 global_step=6108 loss_reg_months=1.1607 lr=0.00010496 grad_norm=0.8942 throughput=36.56 img/s eta_seconds=205.4 gpu_alloc=485.0MiB gpu_reserved=4402.0MiB skipped_batches=0
2026-08-13 20:35:54,145 | INFO | epoch=18 batch=450 global_step=6117 loss_reg_months=1.1607 lr=0.00010496 grad_norm=1.2068 throughput=36.69 img/s eta_seconds=196.6 gpu_alloc=375.7MiB gpu_reserved=4402.0MiB skipped_batches=0
2026-08-13 20:36:01,801 | INFO | epoch=18 batch=475 global_step=6125 loss_reg_months=1.1591 lr=0.00010496 grad_norm=1.3613 throughput=36.81 img/s eta_seconds=187.7 gpu_alloc=485.0MiB gpu_reserved=4402.0MiB skipped_batches=0
2026-08-13 20:36:09,473 | INFO | epoch=18 batch=500 global_step=6133 loss_reg_months=1.1615 lr=0.00010496 grad_norm=1.5015 throughput=36.92 img/s eta_seconds=179.1 gpu_alloc=485.0MiB gpu_reserved=4402.0MiB skipped_batches=0
2026-08-13 20:36:17,236 | INFO | epoch=18 batch=525 global_step=6142 loss_reg_months=1.1666 lr=0.00010496 grad_norm=1.1676 throughput=37.00 img/s eta_seconds=170.6 gpu_alloc=375.7MiB gpu_reserved=4402.0MiB skipped_batches=0
2026-08-13 20:36:25,136 | INFO | epoch=18 batch=550 global_step=6150 loss_reg_months=1.1723 lr=0.00010496 grad_norm=1.2879 throughput=37.04 img/s eta_seconds=162.3 gpu_alloc=485.0MiB gpu_reserved=4402.0MiB skipped_batches=0
2026-08-13 20:36:32,815 | INFO | epoch=18 batch=575 global_step=6158 loss_reg_months=1.1739 lr=0.00010496 grad_norm=1.6819 throughput=37.12 img/s eta_seconds=153.8 gpu_alloc=485.0MiB gpu_reserved=4402.0MiB skipped_batches=0
2026-08-13 20:36:40,919 | INFO | epoch=18 batch=600 global_step=6167 loss_reg_months=1.1796 lr=0.00010496 grad_norm=1.4788 throughput=37.12 img/s eta_seconds=145.8 gpu_alloc=375.7MiB gpu_reserved=4402.0MiB skipped_batches=0
2026-08-13 20:36:48,749 | INFO | epoch=18 batch=625 global_step=6175 loss_reg_months=1.1797 lr=0.00010496 grad_norm=1.2647 throughput=37.17 img/s eta_seconds=137.5 gpu_alloc=485.0MiB gpu_reserved=4402.0MiB skipped_batches=0
2026-08-13 20:36:56,570 | INFO | epoch=18 batch=650 global_step=6183 loss_reg_months=1.1752 lr=0.00010496 grad_norm=1.0598 throughput=37.21 img/s eta_seconds=129.3 gpu_alloc=485.0MiB gpu_reserved=4402.0MiB skipped_batches=0
2026-08-13 20:37:04,606 | INFO | epoch=18 batch=675 global_step=6192 loss_reg_months=1.1782 lr=0.00010496 grad_norm=1.2763 throughput=37.22 img/s eta_seconds=121.2 gpu_alloc=375.7MiB gpu_reserved=4402.0MiB skipped_batches=0
2026-08-13 20:37:12,351 | INFO | epoch=18 batch=700 global_step=6200 loss_reg_months=1.1787 lr=0.00010496 grad_norm=1.5299 throughput=37.27 img/s eta_seconds=113.0 gpu_alloc=485.0MiB gpu_reserved=4402.0MiB skipped_batches=0
2026-08-13 20:37:20,248 | INFO | epoch=18 batch=725 global_step=6208 loss_reg_months=1.1778 lr=0.00010496 grad_norm=1.6015 throughput=37.29 img/s eta_seconds=104.9 gpu_alloc=485.0MiB gpu_reserved=4402.0MiB skipped_batches=0
2026-08-13 20:37:28,219 | INFO | epoch=18 batch=750 global_step=6217 loss_reg_months=1.1731 lr=0.00010496 grad_norm=1.2775 throughput=37.30 img/s eta_seconds=96.8 gpu_alloc=375.7MiB gpu_reserved=4402.0MiB skipped_batches=0
2026-08-13 20:37:36,125 | INFO | epoch=18 batch=775 global_step=6225 loss_reg_months=1.1691 lr=0.00010496 grad_norm=1.3214 throughput=37.32 img/s eta_seconds=88.7 gpu_alloc=485.0MiB gpu_reserved=4402.0MiB skipped_batches=0
2026-08-13 20:37:43,891 | INFO | epoch=18 batch=800 global_step=6233 loss_reg_months=1.1700 lr=0.00010496 grad_norm=1.8365 throughput=37.36 img/s eta_seconds=80.6 gpu_alloc=485.0MiB gpu_reserved=4402.0MiB skipped_batches=0
2026-08-13 20:37:51,595 | INFO | epoch=18 batch=825 global_step=6242 loss_reg_months=1.1733 lr=0.00010496 grad_norm=1.6829 throughput=37.41 img/s eta_seconds=72.5 gpu_alloc=375.7MiB gpu_reserved=4402.0MiB skipped_batches=0
2026-08-13 20:37:59,417 | INFO | epoch=18 batch=850 global_step=6250 loss_reg_months=1.1697 lr=0.00010496 grad_norm=0.8655 throughput=37.44 img/s eta_seconds=64.4 gpu_alloc=485.0MiB gpu_reserved=4402.0MiB skipped_batches=0
2026-08-13 20:38:07,272 | INFO | epoch=18 batch=875 global_step=6258 loss_reg_months=1.1672 lr=0.00010496 grad_norm=1.7237 throughput=37.46 img/s eta_seconds=56.4 gpu_alloc=485.0MiB gpu_reserved=4402.0MiB skipped_batches=0
2026-08-13 20:38:14,965 | INFO | epoch=18 batch=900 global_step=6267 loss_reg_months=1.1661 lr=0.00010496 grad_norm=0.9650 throughput=37.50 img/s eta_seconds=48.3 gpu_alloc=375.7MiB gpu_reserved=4402.0MiB skipped_batches=0
2026-08-13 20:38:22,634 | INFO | epoch=18 batch=925 global_step=6275 loss_reg_months=1.1707 lr=0.00010496 grad_norm=1.4266 throughput=37.54 img/s eta_seconds=40.2 gpu_alloc=485.0MiB gpu_reserved=4402.0MiB skipped_batches=0
2026-08-13 20:38:30,376 | INFO | epoch=18 batch=950 global_step=6283 loss_reg_months=1.1696 lr=0.00010496 grad_norm=1.4371 throughput=37.57 img/s eta_seconds=32.2 gpu_alloc=485.0MiB gpu_reserved=4402.0MiB skipped_batches=0
2026-08-13 20:38:38,088 | INFO | epoch=18 batch=975 global_step=6292 loss_reg_months=1.1688 lr=0.00010496 grad_norm=1.8853 throughput=37.60 img/s eta_seconds=24.2 gpu_alloc=375.7MiB gpu_reserved=4402.0MiB skipped_batches=0
2026-08-13 20:38:45,772 | INFO | epoch=18 batch=1000 global_step=6300 loss_reg_months=1.1661 lr=0.00010496 grad_norm=1.2826 throughput=37.64 img/s eta_seconds=16.2 gpu_alloc=485.0MiB gpu_reserved=4402.0MiB skipped_batches=0
2026-08-13 20:38:53,530 | INFO | epoch=18 batch=1025 global_step=6308 loss_reg_months=1.1665 lr=0.00010496 grad_norm=1.4847 throughput=37.66 img/s eta_seconds=8.3 gpu_alloc=485.0MiB gpu_reserved=4402.0MiB skipped_batches=0
2026-08-13 20:39:01,276 | INFO | epoch=18 batch=1050 global_step=6317 loss_reg_months=1.1682 lr=0.00010496 grad_norm=1.7688 throughput=37.69 img/s eta_seconds=0.3 gpu_alloc=375.7MiB gpu_reserved=4402.0MiB skipped_batches=0
2026-08-13 20:39:34,536 | INFO | 
TRAINING REVIEW SNAPSHOT
Run ID / config hash / split hash: P2_A0_NOAUG_CONVNEXT_TINY_SEED42 / b7d185501fe7 / 7328667e6822+f650a20432b5
Epoch / global step: 18 / 6318
Train loss: 1.1676
Validation MAE / RMSE / median AE: 6.6979 / 9.0356 / 5.0000
MAE nam / nữ / age bins: {'F': 7.138683857361963, 'M': 6.326164294954721} / {'0-59': 6.888796542553192, '120-179': 6.490111248454882, '60-119': 7.597715736040609, '180-228': 5.1015625}
Learning rate / peak VRAM: 0.00010496 / 4402.0 MiB
Best epoch / best MAE / epochs không cải thiện: 10 / 6.6396 / 8
Cảnh báo hiện tại: KHÔNG
Checkpoint gần nhất: p1_baseline\runs\P2_A0_NOAUG_CONVNEXT_TINY_SEED42\last.ckpt
Checkpoint tốt nhất: p1_baseline\runs\P2_A0_NOAUG_CONVNEXT_TINY_SEED42\best_mae.ckpt
Đề xuất tự động: TIẾP TỤC
2026-08-13 20:39:36,632 | WARNING | STABILITY WARNING [CAM] Early stopping patience=8
RUN STATUS: early_stopped
