2026-08-15 11:55:24,205 | INFO | Run=P4_D3_CONVNEXT_TINY_LDL_SIGMA2_LAMBDA02_SEED42 device=cuda config_hash=60369b2504308169629001acfacbbd4d5ead47b84e0646da96bcd90fbff9ba91
2026-08-15 11:55:24,207 | INFO | Split hash train=7328667e6822ab074d442155e33eba89606861bb13bbf804be8a1138c78f5285 validation=f650a20432b557405035d12c52716a6c40fdf20e1343ac3ad0cfb7cd8db21631
RESUME CHECK
Run ID: P4_D3_CONVNEXT_TINY_LDL_SIGMA2_LAMBDA02_SEED42
Checkpoint path: p1_baseline\runs\P4_D3_CONVNEXT_TINY_LDL_SIGMA2_LAMBDA02_SEED42\last.ckpt
Epoch/global step tiếp tục: 0/2
Best validation MAE trước đó: inf
Split hash khớp: CÓ
Config hash khớp: CÓ
Code version khớp: CÓ
Optimizer/scheduler/scaler đã phục hồi: CÓ
2026-08-15 11:55:38,569 | INFO | epoch=1 batch=25 global_step=8 loss_reg_months=30.3930 loss_ldl=5.3691 lr=0.00020000 grad_norm=2.9196 throughput=21.26 img/s eta_seconds=578.9 gpu_alloc=488.9MiB gpu_reserved=4406.0MiB skipped_batches=0
2026-08-15 11:55:46,578 | INFO | epoch=1 batch=50 global_step=16 loss_reg_months=29.8426 loss_ldl=5.3017 lr=0.00020000 grad_norm=27.4739 throughput=27.13 img/s eta_seconds=442.7 gpu_alloc=488.9MiB gpu_reserved=4406.0MiB skipped_batches=0
2026-08-15 11:55:55,242 | INFO | epoch=1 batch=75 global_step=25 loss_reg_months=26.8420 loss_ldl=5.2922 lr=0.00020000 grad_norm=3.7898 throughput=29.24 img/s eta_seconds=400.5 gpu_alloc=378.7MiB gpu_reserved=4406.0MiB skipped_batches=0
2026-08-15 11:56:03,705 | INFO | epoch=1 batch=100 global_step=33 loss_reg_months=24.2072 loss_ldl=5.0410 lr=0.00020000 grad_norm=3.7838 throughput=30.58 img/s eta_seconds=373.2 gpu_alloc=488.9MiB gpu_reserved=4406.0MiB skipped_batches=0
2026-08-15 11:56:11,939 | INFO | epoch=1 batch=125 global_step=41 loss_reg_months=23.1195 loss_ldl=4.8893 lr=0.00020000 grad_norm=10.5883 throughput=31.59 img/s eta_seconds=351.7 gpu_alloc=488.9MiB gpu_reserved=4406.0MiB skipped_batches=0
2026-08-15 11:56:20,329 | INFO | epoch=1 batch=150 global_step=50 loss_reg_months=21.4861 loss_ldl=4.6071 lr=0.00020000 grad_norm=2.3037 throughput=32.22 img/s eta_seconds=335.5 gpu_alloc=378.7MiB gpu_reserved=4406.0MiB skipped_batches=0
2026-08-15 11:56:28,690 | INFO | epoch=1 batch=175 global_step=58 loss_reg_months=20.3898 loss_ldl=4.6421 lr=0.00020000 grad_norm=4.6721 throughput=32.70 img/s eta_seconds=321.5 gpu_alloc=488.9MiB gpu_reserved=4406.0MiB skipped_batches=0
2026-08-15 11:56:37,031 | INFO | epoch=1 batch=200 global_step=66 loss_reg_months=19.4935 loss_ldl=4.7091 lr=0.00020000 grad_norm=4.4124 throughput=33.07 img/s eta_seconds=308.7 gpu_alloc=488.9MiB gpu_reserved=4406.0MiB skipped_batches=0
2026-08-15 11:56:45,295 | INFO | epoch=1 batch=225 global_step=75 loss_reg_months=18.7629 loss_ldl=4.3545 lr=0.00020000 grad_norm=6.0217 throughput=33.40 img/s eta_seconds=296.7 gpu_alloc=378.7MiB gpu_reserved=4406.0MiB skipped_batches=0
2026-08-15 11:56:53,716 | INFO | epoch=1 batch=250 global_step=83 loss_reg_months=18.2193 loss_ldl=4.1957 lr=0.00020000 grad_norm=8.6111 throughput=33.61 img/s eta_seconds=285.9 gpu_alloc=488.9MiB gpu_reserved=4406.0MiB skipped_batches=0
2026-08-15 11:57:02,335 | INFO | epoch=1 batch=275 global_step=91 loss_reg_months=17.6350 loss_ldl=4.4679 lr=0.00020000 grad_norm=5.8055 throughput=33.72 img/s eta_seconds=276.2 gpu_alloc=488.9MiB gpu_reserved=4406.0MiB skipped_batches=0
2026-08-15 11:57:10,712 | INFO | epoch=1 batch=300 global_step=100 loss_reg_months=17.1824 loss_ldl=4.3314 lr=0.00020000 grad_norm=5.5896 throughput=33.88 img/s eta_seconds=266.0 gpu_alloc=378.7MiB gpu_reserved=4406.0MiB skipped_batches=0
2026-08-15 11:57:19,460 | INFO | epoch=1 batch=325 global_step=108 loss_reg_months=16.7445 loss_ldl=4.4623 lr=0.00020000 grad_norm=5.3517 throughput=33.91 img/s eta_seconds=256.9 gpu_alloc=488.9MiB gpu_reserved=4406.0MiB skipped_batches=0
2026-08-15 11:57:27,162 | INFO | epoch=1 batch=350 global_step=116 loss_reg_months=16.3008 loss_ldl=4.0972 lr=0.00020000 grad_norm=4.2509 throughput=34.23 img/s eta_seconds=245.7 gpu_alloc=488.9MiB gpu_reserved=4406.0MiB skipped_batches=0
2026-08-15 11:57:34,933 | INFO | epoch=1 batch=375 global_step=125 loss_reg_months=15.8457 loss_ldl=4.0560 lr=0.00020000 grad_norm=4.7279 throughput=34.49 img/s eta_seconds=235.2 gpu_alloc=378.7MiB gpu_reserved=4406.0MiB skipped_batches=0
2026-08-15 11:57:42,945 | INFO | epoch=1 batch=400 global_step=133 loss_reg_months=15.6153 loss_ldl=4.4374 lr=0.00020000 grad_norm=11.9641 throughput=34.66 img/s eta_seconds=225.4 gpu_alloc=488.9MiB gpu_reserved=4406.0MiB skipped_batches=0
2026-08-15 11:57:51,161 | INFO | epoch=1 batch=425 global_step=141 loss_reg_months=15.4097 loss_ldl=4.1091 lr=0.00020000 grad_norm=5.5620 throughput=34.76 img/s eta_seconds=216.1 gpu_alloc=488.9MiB gpu_reserved=4406.0MiB skipped_batches=0
2026-08-15 11:57:59,102 | INFO | epoch=1 batch=450 global_step=150 loss_reg_months=15.0986 loss_ldl=4.1066 lr=0.00020000 grad_norm=2.8602 throughput=34.92 img/s eta_seconds=206.5 gpu_alloc=378.7MiB gpu_reserved=4406.0MiB skipped_batches=0
2026-08-15 11:58:07,014 | INFO | epoch=1 batch=475 global_step=158 loss_reg_months=14.7933 loss_ldl=4.1228 lr=0.00020000 grad_norm=2.8267 throughput=35.07 img/s eta_seconds=197.1 gpu_alloc=488.9MiB gpu_reserved=4406.0MiB skipped_batches=0
2026-08-15 11:58:14,840 | INFO | epoch=1 batch=500 global_step=166 loss_reg_months=14.5135 loss_ldl=4.3536 lr=0.00020000 grad_norm=5.6023 throughput=35.22 img/s eta_seconds=187.7 gpu_alloc=488.9MiB gpu_reserved=4406.0MiB skipped_batches=0
2026-08-15 11:58:22,878 | INFO | epoch=1 batch=525 global_step=175 loss_reg_months=14.2214 loss_ldl=4.2230 lr=0.00020000 grad_norm=4.1474 throughput=35.31 img/s eta_seconds=178.7 gpu_alloc=378.7MiB gpu_reserved=4406.0MiB skipped_batches=0
2026-08-15 11:58:30,820 | INFO | epoch=1 batch=550 global_step=183 loss_reg_months=14.0152 loss_ldl=4.0738 lr=0.00020000 grad_norm=4.0989 throughput=35.42 img/s eta_seconds=169.7 gpu_alloc=488.9MiB gpu_reserved=4406.0MiB skipped_batches=0
2026-08-15 11:58:38,825 | INFO | epoch=1 batch=575 global_step=191 loss_reg_months=13.7847 loss_ldl=3.9824 lr=0.00020000 grad_norm=3.1716 throughput=35.50 img/s eta_seconds=160.9 gpu_alloc=488.9MiB gpu_reserved=4406.0MiB skipped_batches=0
2026-08-15 11:58:46,887 | INFO | epoch=1 batch=600 global_step=200 loss_reg_months=13.5784 loss_ldl=4.1642 lr=0.00020000 grad_norm=2.6821 throughput=35.57 img/s eta_seconds=152.1 gpu_alloc=378.7MiB gpu_reserved=4406.0MiB skipped_batches=0
2026-08-15 11:58:54,807 | INFO | epoch=1 batch=625 global_step=208 loss_reg_months=13.3905 loss_ldl=3.8012 lr=0.00020000 grad_norm=5.4557 throughput=35.66 img/s eta_seconds=143.3 gpu_alloc=488.9MiB gpu_reserved=4406.0MiB skipped_batches=0
2026-08-15 11:59:02,678 | INFO | epoch=1 batch=650 global_step=216 loss_reg_months=13.2055 loss_ldl=4.1031 lr=0.00020000 grad_norm=4.0198 throughput=35.74 img/s eta_seconds=134.6 gpu_alloc=488.9MiB gpu_reserved=4406.0MiB skipped_batches=0
2026-08-15 11:59:10,939 | INFO | epoch=1 batch=675 global_step=225 loss_reg_months=13.0620 loss_ldl=4.5021 lr=0.00020000 grad_norm=3.4625 throughput=35.77 img/s eta_seconds=126.1 gpu_alloc=378.7MiB gpu_reserved=4406.0MiB skipped_batches=0
2026-08-15 11:59:18,777 | INFO | epoch=1 batch=700 global_step=233 loss_reg_months=12.9233 loss_ldl=3.8456 lr=0.00020000 grad_norm=3.4136 throughput=35.85 img/s eta_seconds=117.5 gpu_alloc=488.9MiB gpu_reserved=4406.0MiB skipped_batches=0
2026-08-15 11:59:26,610 | INFO | epoch=1 batch=725 global_step=241 loss_reg_months=12.7911 loss_ldl=4.0101 lr=0.00020000 grad_norm=3.7479 throughput=35.93 img/s eta_seconds=108.9 gpu_alloc=488.9MiB gpu_reserved=4406.0MiB skipped_batches=0
2026-08-15 11:59:34,788 | INFO | epoch=1 batch=750 global_step=250 loss_reg_months=12.6350 loss_ldl=4.1740 lr=0.00020000 grad_norm=2.6505 throughput=35.95 img/s eta_seconds=100.4 gpu_alloc=378.7MiB gpu_reserved=4406.0MiB skipped_batches=0
2026-08-15 11:59:42,614 | INFO | epoch=1 batch=775 global_step=258 loss_reg_months=12.4713 loss_ldl=4.0450 lr=0.00020000 grad_norm=4.8077 throughput=36.03 img/s eta_seconds=91.9 gpu_alloc=488.9MiB gpu_reserved=4406.0MiB skipped_batches=0
2026-08-15 11:59:50,496 | INFO | epoch=1 batch=800 global_step=266 loss_reg_months=12.3299 loss_ldl=4.1420 lr=0.00020000 grad_norm=3.1229 throughput=36.09 img/s eta_seconds=83.4 gpu_alloc=488.9MiB gpu_reserved=4406.0MiB skipped_batches=0
2026-08-15 11:59:58,684 | INFO | epoch=1 batch=825 global_step=275 loss_reg_months=12.1979 loss_ldl=4.2126 lr=0.00020000 grad_norm=3.6731 throughput=36.10 img/s eta_seconds=75.1 gpu_alloc=378.7MiB gpu_reserved=4406.0MiB skipped_batches=0
2026-08-15 12:00:06,787 | INFO | epoch=1 batch=850 global_step=283 loss_reg_months=12.0610 loss_ldl=4.0869 lr=0.00020000 grad_norm=4.0980 throughput=36.13 img/s eta_seconds=66.7 gpu_alloc=488.9MiB gpu_reserved=4406.0MiB skipped_batches=0
2026-08-15 12:00:14,958 | INFO | epoch=1 batch=875 global_step=291 loss_reg_months=11.9289 loss_ldl=4.1248 lr=0.00020000 grad_norm=2.8019 throughput=36.15 img/s eta_seconds=58.4 gpu_alloc=488.9MiB gpu_reserved=4406.0MiB skipped_batches=0
2026-08-15 12:00:23,212 | INFO | epoch=1 batch=900 global_step=300 loss_reg_months=11.8283 loss_ldl=3.9087 lr=0.00020000 grad_norm=4.4303 throughput=36.15 img/s eta_seconds=50.1 gpu_alloc=378.7MiB gpu_reserved=4406.0MiB skipped_batches=0
2026-08-15 12:00:31,222 | INFO | epoch=1 batch=925 global_step=308 loss_reg_months=11.7199 loss_ldl=3.8237 lr=0.00020000 grad_norm=2.2944 throughput=36.18 img/s eta_seconds=41.8 gpu_alloc=488.9MiB gpu_reserved=4406.0MiB skipped_batches=0
2026-08-15 12:00:39,060 | INFO | epoch=1 batch=950 global_step=316 loss_reg_months=11.5889 loss_ldl=3.8705 lr=0.00020000 grad_norm=4.4023 throughput=36.24 img/s eta_seconds=33.4 gpu_alloc=488.9MiB gpu_reserved=4406.0MiB skipped_batches=0
2026-08-15 12:00:46,945 | INFO | epoch=1 batch=975 global_step=325 loss_reg_months=11.4752 loss_ldl=3.8293 lr=0.00020000 grad_norm=2.7207 throughput=36.28 img/s eta_seconds=25.1 gpu_alloc=378.7MiB gpu_reserved=4406.0MiB skipped_batches=0
2026-08-15 12:00:54,975 | INFO | epoch=1 batch=1000 global_step=333 loss_reg_months=11.3685 loss_ldl=4.0603 lr=0.00020000 grad_norm=4.3984 throughput=36.31 img/s eta_seconds=16.8 gpu_alloc=488.9MiB gpu_reserved=4406.0MiB skipped_batches=0
2026-08-15 12:01:02,740 | INFO | epoch=1 batch=1025 global_step=341 loss_reg_months=11.2487 loss_ldl=4.0925 lr=0.00020000 grad_norm=3.1115 throughput=36.36 img/s eta_seconds=8.6 gpu_alloc=488.9MiB gpu_reserved=4406.0MiB skipped_batches=0
2026-08-15 12:01:10,617 | INFO | epoch=1 batch=1050 global_step=350 loss_reg_months=11.1531 loss_ldl=4.0152 lr=0.00020000 grad_norm=2.4541 throughput=36.40 img/s eta_seconds=0.3 gpu_alloc=378.7MiB gpu_reserved=4406.0MiB skipped_batches=0
2026-08-15 12:01:44,432 | INFO | 
TRAINING REVIEW SNAPSHOT
Run ID / config hash / split hash: P4_D3_CONVNEXT_TINY_LDL_SIGMA2_LAMBDA02_SEED42 / 60369b250430 / 7328667e6822+f650a20432b5
Epoch / global step: 1 / 351
Train loss: 11.1481
Validation MAE / RMSE / median AE: 8.4966 / 10.9385 / 6.8325
MAE nam / nữ / age bins: {'F': 8.072687874542424, 'M': 8.854149323694148} / {'0-59': 7.764617189447931, '120-179': 8.099483824778252, '60-119': 8.447702369109024, '180-228': 11.69452154636383}
Learning rate / peak VRAM: 0.00020000 / 4406.0 MiB
Best epoch / best MAE / epochs không cải thiện: 1 / 8.4966 / 0
Cảnh báo hiện tại: KHÔNG
Checkpoint gần nhất: p1_baseline\runs\P4_D3_CONVNEXT_TINY_LDL_SIGMA2_LAMBDA02_SEED42\last.ckpt
Checkpoint tốt nhất: p1_baseline\runs\P4_D3_CONVNEXT_TINY_LDL_SIGMA2_LAMBDA02_SEED42\best_mae.ckpt
Đề xuất tự động: TIẾP TỤC
2026-08-15 12:02:01,861 | INFO | epoch=2 batch=25 global_step=359 loss_reg_months=8.0693 loss_ldl=4.0561 lr=0.00019960 grad_norm=2.8081 throughput=20.67 img/s eta_seconds=595.7 gpu_alloc=488.9MiB gpu_reserved=4406.0MiB skipped_batches=0
2026-08-15 12:02:09,439 | INFO | epoch=2 batch=50 global_step=367 loss_reg_months=7.0769 loss_ldl=3.8370 lr=0.00019960 grad_norm=2.7304 throughput=27.16 img/s eta_seconds=442.3 gpu_alloc=488.9MiB gpu_reserved=4406.0MiB skipped_batches=0
2026-08-15 12:02:17,096 | INFO | epoch=2 batch=75 global_step=376 loss_reg_months=6.8462 loss_ldl=4.1201 lr=0.00019960 grad_norm=2.3745 throughput=30.25 img/s eta_seconds=387.1 gpu_alloc=378.7MiB gpu_reserved=4406.0MiB skipped_batches=0
2026-08-15 12:02:24,720 | INFO | epoch=2 batch=100 global_step=384 loss_reg_months=6.9063 loss_ldl=4.0396 lr=0.00019960 grad_norm=2.2810 throughput=32.11 img/s eta_seconds=355.4 gpu_alloc=488.9MiB gpu_reserved=4406.0MiB skipped_batches=0
2026-08-15 12:02:32,401 | INFO | epoch=2 batch=125 global_step=392 loss_reg_months=7.0027 loss_ldl=3.7047 lr=0.00019960 grad_norm=5.4964 throughput=33.29 img/s eta_seconds=333.7 gpu_alloc=488.9MiB gpu_reserved=4406.0MiB skipped_batches=0
2026-08-15 12:02:40,015 | INFO | epoch=2 batch=150 global_step=401 loss_reg_months=7.3494 loss_ldl=3.9161 lr=0.00019960 grad_norm=5.9665 throughput=34.18 img/s eta_seconds=316.3 gpu_alloc=378.7MiB gpu_reserved=4406.0MiB skipped_batches=0
2026-08-15 12:02:47,616 | INFO | epoch=2 batch=175 global_step=409 loss_reg_months=7.4274 loss_ldl=4.0439 lr=0.00019960 grad_norm=3.6170 throughput=34.84 img/s eta_seconds=301.7 gpu_alloc=488.9MiB gpu_reserved=4406.0MiB skipped_batches=0
2026-08-15 12:02:55,320 | INFO | epoch=2 batch=200 global_step=417 loss_reg_months=7.4143 loss_ldl=3.8754 lr=0.00019960 grad_norm=3.8285 throughput=35.31 img/s eta_seconds=289.2 gpu_alloc=488.9MiB gpu_reserved=4406.0MiB skipped_batches=0
2026-08-15 12:03:02,996 | INFO | epoch=2 batch=225 global_step=426 loss_reg_months=7.3669 loss_ldl=3.8440 lr=0.00019960 grad_norm=3.1432 throughput=35.69 img/s eta_seconds=277.7 gpu_alloc=378.7MiB gpu_reserved=4406.0MiB skipped_batches=0
2026-08-15 12:03:10,591 | INFO | epoch=2 batch=250 global_step=434 loss_reg_months=7.3797 loss_ldl=3.7826 lr=0.00019960 grad_norm=2.3775 throughput=36.04 img/s eta_seconds=266.7 gpu_alloc=488.9MiB gpu_reserved=4406.0MiB skipped_batches=0
2026-08-15 12:03:18,202 | INFO | epoch=2 batch=275 global_step=442 loss_reg_months=7.2774 loss_ldl=3.9047 lr=0.00019960 grad_norm=2.0094 throughput=36.32 img/s eta_seconds=256.4 gpu_alloc=488.9MiB gpu_reserved=4406.0MiB skipped_batches=0
2026-08-15 12:03:25,979 | INFO | epoch=2 batch=300 global_step=451 loss_reg_months=7.2190 loss_ldl=3.8822 lr=0.00019960 grad_norm=2.5960 throughput=36.50 img/s eta_seconds=246.9 gpu_alloc=378.7MiB gpu_reserved=4406.0MiB skipped_batches=0
2026-08-15 12:03:33,598 | INFO | epoch=2 batch=325 global_step=459 loss_reg_months=7.1993 loss_ldl=3.6798 lr=0.00019960 grad_norm=2.5620 throughput=36.70 img/s eta_seconds=237.3 gpu_alloc=488.9MiB gpu_reserved=4406.0MiB skipped_batches=0
2026-08-15 12:03:41,196 | INFO | epoch=2 batch=350 global_step=467 loss_reg_months=7.1507 loss_ldl=3.8507 lr=0.00019960 grad_norm=4.1175 throughput=36.89 img/s eta_seconds=228.0 gpu_alloc=488.9MiB gpu_reserved=4406.0MiB skipped_batches=0
2026-08-15 12:03:48,878 | INFO | epoch=2 batch=375 global_step=476 loss_reg_months=7.1282 loss_ldl=3.6308 lr=0.00019960 grad_norm=2.7903 throughput=37.03 img/s eta_seconds=219.1 gpu_alloc=378.7MiB gpu_reserved=4406.0MiB skipped_batches=0
2026-08-15 12:03:56,519 | INFO | epoch=2 batch=400 global_step=484 loss_reg_months=7.1561 loss_ldl=4.2303 lr=0.00019960 grad_norm=3.9995 throughput=37.16 img/s eta_seconds=210.2 gpu_alloc=488.9MiB gpu_reserved=4406.0MiB skipped_batches=0
2026-08-15 12:04:04,207 | INFO | epoch=2 batch=425 global_step=492 loss_reg_months=7.2104 loss_ldl=4.3298 lr=0.00019960 grad_norm=4.5745 throughput=37.26 img/s eta_seconds=201.6 gpu_alloc=488.9MiB gpu_reserved=4406.0MiB skipped_batches=0
2026-08-15 12:04:13,149 | INFO | epoch=2 batch=450 global_step=501 loss_reg_months=7.2893 loss_ldl=4.0735 lr=0.00019960 grad_norm=3.9408 throughput=37.04 img/s eta_seconds=194.7 gpu_alloc=378.7MiB gpu_reserved=4406.0MiB skipped_batches=0
2026-08-15 12:04:20,884 | INFO | epoch=2 batch=475 global_step=509 loss_reg_months=7.2628 loss_ldl=3.8835 lr=0.00019960 grad_norm=5.5919 throughput=37.12 img/s eta_seconds=186.2 gpu_alloc=488.9MiB gpu_reserved=4406.0MiB skipped_batches=0
2026-08-15 12:04:28,495 | INFO | epoch=2 batch=500 global_step=517 loss_reg_months=7.2550 loss_ldl=4.1389 lr=0.00019960 grad_norm=2.8339 throughput=37.23 img/s eta_seconds=177.6 gpu_alloc=488.9MiB gpu_reserved=4406.0MiB skipped_batches=0
2026-08-15 12:04:36,464 | INFO | epoch=2 batch=525 global_step=526 loss_reg_months=7.2418 loss_ldl=3.8045 lr=0.00019960 grad_norm=3.2021 throughput=37.25 img/s eta_seconds=169.4 gpu_alloc=378.7MiB gpu_reserved=4406.0MiB skipped_batches=0
2026-08-15 12:04:44,144 | INFO | epoch=2 batch=550 global_step=534 loss_reg_months=7.1993 loss_ldl=3.9959 lr=0.00019960 grad_norm=2.9094 throughput=37.33 img/s eta_seconds=161.0 gpu_alloc=488.9MiB gpu_reserved=4406.0MiB skipped_batches=0
2026-08-15 12:04:51,742 | INFO | epoch=2 batch=575 global_step=542 loss_reg_months=7.2020 loss_ldl=3.5540 lr=0.00019960 grad_norm=3.3251 throughput=37.42 img/s eta_seconds=152.6 gpu_alloc=488.9MiB gpu_reserved=4406.0MiB skipped_batches=0
2026-08-15 12:04:59,370 | INFO | epoch=2 batch=600 global_step=551 loss_reg_months=7.2483 loss_ldl=4.2351 lr=0.00019960 grad_norm=2.3149 throughput=37.50 img/s eta_seconds=144.3 gpu_alloc=378.7MiB gpu_reserved=4406.0MiB skipped_batches=0
2026-08-15 12:05:07,043 | INFO | epoch=2 batch=625 global_step=559 loss_reg_months=7.2094 loss_ldl=3.7349 lr=0.00019960 grad_norm=3.6871 throughput=37.56 img/s eta_seconds=136.1 gpu_alloc=488.9MiB gpu_reserved=4406.0MiB skipped_batches=0
2026-08-15 12:05:14,743 | INFO | epoch=2 batch=650 global_step=567 loss_reg_months=7.1815 loss_ldl=3.8327 lr=0.00019960 grad_norm=2.6115 throughput=37.61 img/s eta_seconds=127.9 gpu_alloc=488.9MiB gpu_reserved=4406.0MiB skipped_batches=0
2026-08-15 12:05:22,420 | INFO | epoch=2 batch=675 global_step=576 loss_reg_months=7.1496 loss_ldl=3.8097 lr=0.00019960 grad_norm=2.5115 throughput=37.66 img/s eta_seconds=119.8 gpu_alloc=378.7MiB gpu_reserved=4406.0MiB skipped_batches=0
2026-08-15 12:05:30,076 | INFO | epoch=2 batch=700 global_step=584 loss_reg_months=7.1196 loss_ldl=3.7671 lr=0.00019960 grad_norm=1.7461 throughput=37.71 img/s eta_seconds=111.7 gpu_alloc=488.9MiB gpu_reserved=4406.0MiB skipped_batches=0
2026-08-15 12:05:37,697 | INFO | epoch=2 batch=725 global_step=592 loss_reg_months=7.0909 loss_ldl=3.7824 lr=0.00019960 grad_norm=2.7914 throughput=37.77 img/s eta_seconds=103.6 gpu_alloc=488.9MiB gpu_reserved=4406.0MiB skipped_batches=0
2026-08-15 12:05:45,517 | INFO | epoch=2 batch=750 global_step=601 loss_reg_months=7.1056 loss_ldl=3.9555 lr=0.00019960 grad_norm=3.8761 throughput=37.79 img/s eta_seconds=95.6 gpu_alloc=378.7MiB gpu_reserved=4406.0MiB skipped_batches=0
2026-08-15 12:05:53,140 | INFO | epoch=2 batch=775 global_step=609 loss_reg_months=7.0919 loss_ldl=3.8549 lr=0.00019960 grad_norm=1.6886 throughput=37.84 img/s eta_seconds=87.5 gpu_alloc=488.9MiB gpu_reserved=4406.0MiB skipped_batches=0
2026-08-15 12:06:00,741 | INFO | epoch=2 batch=800 global_step=617 loss_reg_months=7.0645 loss_ldl=3.8608 lr=0.00019960 grad_norm=3.4847 throughput=37.89 img/s eta_seconds=79.5 gpu_alloc=488.9MiB gpu_reserved=4406.0MiB skipped_batches=0
2026-08-15 12:06:08,379 | INFO | epoch=2 batch=825 global_step=626 loss_reg_months=7.0322 loss_ldl=3.9280 lr=0.00019960 grad_norm=2.1324 throughput=37.93 img/s eta_seconds=71.5 gpu_alloc=378.7MiB gpu_reserved=4406.0MiB skipped_batches=0
2026-08-15 12:06:16,171 | INFO | epoch=2 batch=850 global_step=634 loss_reg_months=7.0109 loss_ldl=3.8539 lr=0.00019960 grad_norm=2.1885 throughput=37.94 img/s eta_seconds=63.5 gpu_alloc=488.9MiB gpu_reserved=4406.0MiB skipped_batches=0
2026-08-15 12:06:23,883 | INFO | epoch=2 batch=875 global_step=642 loss_reg_months=7.0179 loss_ldl=3.5294 lr=0.00019960 grad_norm=4.4193 throughput=37.97 img/s eta_seconds=55.6 gpu_alloc=488.9MiB gpu_reserved=4406.0MiB skipped_batches=0
2026-08-15 12:06:31,573 | INFO | epoch=2 batch=900 global_step=651 loss_reg_months=7.0066 loss_ldl=3.8644 lr=0.00019960 grad_norm=1.6900 throughput=38.00 img/s eta_seconds=47.7 gpu_alloc=378.7MiB gpu_reserved=4406.0MiB skipped_batches=0
2026-08-15 12:06:39,282 | INFO | epoch=2 batch=925 global_step=659 loss_reg_months=6.9811 loss_ldl=3.6726 lr=0.00019960 grad_norm=2.5481 throughput=38.02 img/s eta_seconds=39.7 gpu_alloc=488.9MiB gpu_reserved=4406.0MiB skipped_batches=0
2026-08-15 12:06:47,027 | INFO | epoch=2 batch=950 global_step=667 loss_reg_months=6.9764 loss_ldl=3.6444 lr=0.00019960 grad_norm=2.3778 throughput=38.04 img/s eta_seconds=31.8 gpu_alloc=488.9MiB gpu_reserved=4406.0MiB skipped_batches=0
2026-08-15 12:06:54,695 | INFO | epoch=2 batch=975 global_step=676 loss_reg_months=6.9558 loss_ldl=3.4552 lr=0.00019960 grad_norm=2.5081 throughput=38.07 img/s eta_seconds=23.9 gpu_alloc=378.7MiB gpu_reserved=4406.0MiB skipped_batches=0
2026-08-15 12:07:02,337 | INFO | epoch=2 batch=1000 global_step=684 loss_reg_months=6.9748 loss_ldl=3.7472 lr=0.00019960 grad_norm=2.7991 throughput=38.10 img/s eta_seconds=16.0 gpu_alloc=488.9MiB gpu_reserved=4406.0MiB skipped_batches=0
2026-08-15 12:07:09,995 | INFO | epoch=2 batch=1025 global_step=692 loss_reg_months=6.9664 loss_ldl=3.6784 lr=0.00019960 grad_norm=2.7987 throughput=38.12 img/s eta_seconds=8.2 gpu_alloc=488.9MiB gpu_reserved=4406.0MiB skipped_batches=0
2026-08-15 12:07:17,636 | INFO | epoch=2 batch=1050 global_step=701 loss_reg_months=6.9591 loss_ldl=3.8966 lr=0.00019960 grad_norm=2.1143 throughput=38.15 img/s eta_seconds=0.3 gpu_alloc=378.7MiB gpu_reserved=4406.0MiB skipped_batches=0
2026-08-15 12:07:49,401 | INFO | 
TRAINING REVIEW SNAPSHOT
Run ID / config hash / split hash: P4_D3_CONVNEXT_TINY_LDL_SIGMA2_LAMBDA02_SEED42 / 60369b250430 / 7328667e6822+f650a20432b5
Epoch / global step: 2 / 702
Train loss: 6.9579
Validation MAE / RMSE / median AE: 7.6700 / 9.7798 / 6.1595
MAE nam / nữ / age bins: {'F': 7.798551340044642, 'M': 7.5616265922437815} / {'0-59': 11.200044084102549, '120-179': 7.018892936565083, '60-119': 8.094238397433672, '180-228': 7.8872997760772705}
Learning rate / peak VRAM: 0.00019960 / 4406.0 MiB
Best epoch / best MAE / epochs không cải thiện: 2 / 7.6700 / 0
Cảnh báo hiện tại: KHÔNG
Checkpoint gần nhất: p1_baseline\runs\P4_D3_CONVNEXT_TINY_LDL_SIGMA2_LAMBDA02_SEED42\last.ckpt
Checkpoint tốt nhất: p1_baseline\runs\P4_D3_CONVNEXT_TINY_LDL_SIGMA2_LAMBDA02_SEED42\best_mae.ckpt
Đề xuất tự động: TIẾP TỤC
2026-08-15 12:08:10,908 | INFO | epoch=3 batch=25 global_step=710 loss_reg_months=5.7012 loss_ldl=3.7584 lr=0.00019840 grad_norm=2.2596 throughput=20.54 img/s eta_seconds=599.3 gpu_alloc=488.9MiB gpu_reserved=4406.0MiB skipped_batches=0
2026-08-15 12:08:18,456 | INFO | epoch=3 batch=50 global_step=718 loss_reg_months=6.0979 loss_ldl=3.7343 lr=0.00019840 grad_norm=2.6531 throughput=27.09 img/s eta_seconds=443.4 gpu_alloc=488.9MiB gpu_reserved=4406.0MiB skipped_batches=0
2026-08-15 12:08:26,146 | INFO | epoch=3 batch=75 global_step=727 loss_reg_months=6.0596 loss_ldl=3.9076 lr=0.00019840 grad_norm=2.7175 throughput=30.16 img/s eta_seconds=388.3 gpu_alloc=378.7MiB gpu_reserved=4406.0MiB skipped_batches=0
2026-08-15 12:08:33,758 | INFO | epoch=3 batch=100 global_step=735 loss_reg_months=6.0323 loss_ldl=3.6461 lr=0.00019840 grad_norm=2.4531 throughput=32.04 img/s eta_seconds=356.1 gpu_alloc=488.9MiB gpu_reserved=4406.0MiB skipped_batches=0
2026-08-15 12:08:41,335 | INFO | epoch=3 batch=125 global_step=743 loss_reg_months=6.0223 loss_ldl=3.5764 lr=0.00019840 grad_norm=3.8722 throughput=33.31 img/s eta_seconds=333.6 gpu_alloc=488.9MiB gpu_reserved=4406.0MiB skipped_batches=0
2026-08-15 12:08:48,974 | INFO | epoch=3 batch=150 global_step=752 loss_reg_months=6.1464 loss_ldl=3.6043 lr=0.00019840 grad_norm=3.7205 throughput=34.18 img/s eta_seconds=316.3 gpu_alloc=378.7MiB gpu_reserved=4406.0MiB skipped_batches=0
2026-08-15 12:08:56,585 | INFO | epoch=3 batch=175 global_step=760 loss_reg_months=6.1943 loss_ldl=3.7367 lr=0.00019840 grad_norm=3.4763 throughput=34.84 img/s eta_seconds=301.7 gpu_alloc=488.9MiB gpu_reserved=4406.0MiB skipped_batches=0
2026-08-15 12:09:04,372 | INFO | epoch=3 batch=200 global_step=768 loss_reg_months=6.2063 loss_ldl=3.6414 lr=0.00019840 grad_norm=3.7559 throughput=35.26 img/s eta_seconds=289.6 gpu_alloc=488.9MiB gpu_reserved=4406.0MiB skipped_batches=0
2026-08-15 12:09:12,172 | INFO | epoch=3 batch=225 global_step=777 loss_reg_months=6.2369 loss_ldl=3.7385 lr=0.00019840 grad_norm=2.5042 throughput=35.59 img/s eta_seconds=278.5 gpu_alloc=378.7MiB gpu_reserved=4406.0MiB skipped_batches=0
2026-08-15 12:09:19,791 | INFO | epoch=3 batch=250 global_step=785 loss_reg_months=6.1927 loss_ldl=3.8270 lr=0.00019840 grad_norm=2.1781 throughput=35.93 img/s eta_seconds=267.5 gpu_alloc=488.9MiB gpu_reserved=4406.0MiB skipped_batches=0
2026-08-15 12:09:27,530 | INFO | epoch=3 batch=275 global_step=793 loss_reg_months=6.2376 loss_ldl=3.9134 lr=0.00019840 grad_norm=3.0100 throughput=36.17 img/s eta_seconds=257.4 gpu_alloc=488.9MiB gpu_reserved=4406.0MiB skipped_batches=0
2026-08-15 12:09:35,173 | INFO | epoch=3 batch=300 global_step=802 loss_reg_months=6.2490 loss_ldl=4.0714 lr=0.00019840 grad_norm=3.9295 throughput=36.41 img/s eta_seconds=247.5 gpu_alloc=378.7MiB gpu_reserved=4406.0MiB skipped_batches=0
2026-08-15 12:09:42,781 | INFO | epoch=3 batch=325 global_step=810 loss_reg_months=6.3738 loss_ldl=3.6370 lr=0.00019840 grad_norm=5.8146 throughput=36.63 img/s eta_seconds=237.8 gpu_alloc=488.9MiB gpu_reserved=4406.0MiB skipped_batches=0
2026-08-15 12:09:50,383 | INFO | epoch=3 batch=350 global_step=818 loss_reg_months=6.4097 loss_ldl=4.1517 lr=0.00019840 grad_norm=3.2002 throughput=36.82 img/s eta_seconds=228.5 gpu_alloc=488.9MiB gpu_reserved=4406.0MiB skipped_batches=0
2026-08-15 12:09:58,067 | INFO | epoch=3 batch=375 global_step=827 loss_reg_months=6.4567 loss_ldl=3.7847 lr=0.00019840 grad_norm=4.3144 throughput=36.96 img/s eta_seconds=219.5 gpu_alloc=378.7MiB gpu_reserved=4406.0MiB skipped_batches=0
2026-08-15 12:10:05,734 | INFO | epoch=3 batch=400 global_step=835 loss_reg_months=6.4957 loss_ldl=3.9460 lr=0.00019840 grad_norm=3.3813 throughput=37.09 img/s eta_seconds=210.6 gpu_alloc=488.9MiB gpu_reserved=4406.0MiB skipped_batches=0
2026-08-15 12:10:13,505 | INFO | epoch=3 batch=425 global_step=843 loss_reg_months=6.5720 loss_ldl=3.8729 lr=0.00019840 grad_norm=3.1650 throughput=37.17 img/s eta_seconds=202.1 gpu_alloc=488.9MiB gpu_reserved=4406.0MiB skipped_batches=0
2026-08-15 12:10:21,177 | INFO | epoch=3 batch=450 global_step=852 loss_reg_months=6.5663 loss_ldl=3.4567 lr=0.00019840 grad_norm=1.8985 throughput=37.27 img/s eta_seconds=193.5 gpu_alloc=378.7MiB gpu_reserved=4406.0MiB skipped_batches=0
2026-08-15 12:10:28,788 | INFO | epoch=3 batch=475 global_step=860 loss_reg_months=6.5128 loss_ldl=3.7597 lr=0.00019840 grad_norm=2.3233 throughput=37.38 img/s eta_seconds=184.9 gpu_alloc=488.9MiB gpu_reserved=4406.0MiB skipped_batches=0
2026-08-15 12:10:36,536 | INFO | epoch=3 batch=500 global_step=868 loss_reg_months=6.5175 loss_ldl=3.7682 lr=0.00019840 grad_norm=1.8073 throughput=37.45 img/s eta_seconds=176.5 gpu_alloc=488.9MiB gpu_reserved=4406.0MiB skipped_batches=0
2026-08-15 12:10:44,176 | INFO | epoch=3 batch=525 global_step=877 loss_reg_months=6.5038 loss_ldl=3.6804 lr=0.00019840 grad_norm=3.4242 throughput=37.53 img/s eta_seconds=168.2 gpu_alloc=378.7MiB gpu_reserved=4406.0MiB skipped_batches=0
2026-08-15 12:10:51,809 | INFO | epoch=3 batch=550 global_step=885 loss_reg_months=6.5022 loss_ldl=3.6456 lr=0.00019840 grad_norm=1.9209 throughput=37.61 img/s eta_seconds=159.8 gpu_alloc=488.9MiB gpu_reserved=4406.0MiB skipped_batches=0
2026-08-15 12:10:59,458 | INFO | epoch=3 batch=575 global_step=893 loss_reg_months=6.5096 loss_ldl=4.0968 lr=0.00019840 grad_norm=2.9182 throughput=37.67 img/s eta_seconds=151.6 gpu_alloc=488.9MiB gpu_reserved=4406.0MiB skipped_batches=0
2026-08-15 12:11:07,177 | INFO | epoch=3 batch=600 global_step=902 loss_reg_months=6.4785 loss_ldl=3.5091 lr=0.00019840 grad_norm=2.2072 throughput=37.72 img/s eta_seconds=143.4 gpu_alloc=378.7MiB gpu_reserved=4406.0MiB skipped_batches=0
2026-08-15 12:11:14,795 | INFO | epoch=3 batch=625 global_step=910 loss_reg_months=6.4662 loss_ldl=3.9934 lr=0.00019840 grad_norm=2.9101 throughput=37.79 img/s eta_seconds=135.3 gpu_alloc=488.9MiB gpu_reserved=4406.0MiB skipped_batches=0
2026-08-15 12:11:22,899 | INFO | epoch=3 batch=650 global_step=918 loss_reg_months=6.4360 loss_ldl=3.8842 lr=0.00019840 grad_norm=2.3063 throughput=37.76 img/s eta_seconds=127.4 gpu_alloc=488.9MiB gpu_reserved=4406.0MiB skipped_batches=0
2026-08-15 12:11:30,568 | INFO | epoch=3 batch=675 global_step=927 loss_reg_months=6.4081 loss_ldl=3.7296 lr=0.00019840 grad_norm=2.6325 throughput=37.80 img/s eta_seconds=119.3 gpu_alloc=378.7MiB gpu_reserved=4406.0MiB skipped_batches=0
2026-08-15 12:11:38,192 | INFO | epoch=3 batch=700 global_step=935 loss_reg_months=6.4075 loss_ldl=3.9035 lr=0.00019840 grad_norm=2.6067 throughput=37.86 img/s eta_seconds=111.2 gpu_alloc=488.9MiB gpu_reserved=4406.0MiB skipped_batches=0
2026-08-15 12:11:45,960 | INFO | epoch=3 batch=725 global_step=943 loss_reg_months=6.3948 loss_ldl=3.8718 lr=0.00019840 grad_norm=2.4636 throughput=37.88 img/s eta_seconds=103.2 gpu_alloc=488.9MiB gpu_reserved=4406.0MiB skipped_batches=0
2026-08-15 12:11:53,607 | INFO | epoch=3 batch=750 global_step=952 loss_reg_months=6.3905 loss_ldl=3.9390 lr=0.00019840 grad_norm=2.0666 throughput=37.93 img/s eta_seconds=95.2 gpu_alloc=378.7MiB gpu_reserved=4406.0MiB skipped_batches=0
2026-08-15 12:12:01,323 | INFO | epoch=3 batch=775 global_step=960 loss_reg_months=6.3865 loss_ldl=3.6108 lr=0.00019840 grad_norm=2.6891 throughput=37.96 img/s eta_seconds=87.2 gpu_alloc=488.9MiB gpu_reserved=4406.0MiB skipped_batches=0
2026-08-15 12:12:09,205 | INFO | epoch=3 batch=800 global_step=968 loss_reg_months=6.3547 loss_ldl=3.8264 lr=0.00019840 grad_norm=2.5425 throughput=37.96 img/s eta_seconds=79.3 gpu_alloc=488.9MiB gpu_reserved=4406.0MiB skipped_batches=0
2026-08-15 12:12:16,836 | INFO | epoch=3 batch=825 global_step=977 loss_reg_months=6.3689 loss_ldl=3.8511 lr=0.00019840 grad_norm=4.0867 throughput=38.00 img/s eta_seconds=71.3 gpu_alloc=378.7MiB gpu_reserved=4406.0MiB skipped_batches=0
2026-08-15 12:12:24,613 | INFO | epoch=3 batch=850 global_step=985 loss_reg_months=6.3582 loss_ldl=3.5545 lr=0.00019840 grad_norm=2.1913 throughput=38.02 img/s eta_seconds=63.4 gpu_alloc=488.9MiB gpu_reserved=4406.0MiB skipped_batches=0
2026-08-15 12:12:32,408 | INFO | epoch=3 batch=875 global_step=993 loss_reg_months=6.3653 loss_ldl=3.8346 lr=0.00019840 grad_norm=2.2748 throughput=38.03 img/s eta_seconds=55.5 gpu_alloc=488.9MiB gpu_reserved=4406.0MiB skipped_batches=0
2026-08-15 12:12:40,806 | INFO | epoch=3 batch=900 global_step=1002 loss_reg_months=6.3533 loss_ldl=3.5461 lr=0.00019840 grad_norm=3.0998 throughput=37.96 img/s eta_seconds=47.7 gpu_alloc=378.7MiB gpu_reserved=4406.0MiB skipped_batches=0
2026-08-15 12:12:48,723 | INFO | epoch=3 batch=925 global_step=1010 loss_reg_months=6.3439 loss_ldl=3.5178 lr=0.00019840 grad_norm=2.6533 throughput=37.96 img/s eta_seconds=39.8 gpu_alloc=488.9MiB gpu_reserved=4406.0MiB skipped_batches=0
2026-08-15 12:12:56,363 | INFO | epoch=3 batch=950 global_step=1018 loss_reg_months=6.3332 loss_ldl=3.7576 lr=0.00019840 grad_norm=2.5602 throughput=37.99 img/s eta_seconds=31.9 gpu_alloc=488.9MiB gpu_reserved=4406.0MiB skipped_batches=0
2026-08-15 12:13:04,067 | INFO | epoch=3 batch=975 global_step=1027 loss_reg_months=6.3338 loss_ldl=3.7049 lr=0.00019840 grad_norm=3.8711 throughput=38.02 img/s eta_seconds=24.0 gpu_alloc=378.7MiB gpu_reserved=4406.0MiB skipped_batches=0
2026-08-15 12:13:11,817 | INFO | epoch=3 batch=1000 global_step=1035 loss_reg_months=6.3177 loss_ldl=3.3468 lr=0.00019840 grad_norm=2.0965 throughput=38.03 img/s eta_seconds=16.1 gpu_alloc=488.9MiB gpu_reserved=4406.0MiB skipped_batches=0
2026-08-15 12:13:19,498 | INFO | epoch=3 batch=1025 global_step=1043 loss_reg_months=6.3086 loss_ldl=3.5310 lr=0.00019840 grad_norm=3.5819 throughput=38.06 img/s eta_seconds=8.2 gpu_alloc=488.9MiB gpu_reserved=4406.0MiB skipped_batches=0
2026-08-15 12:13:27,296 | INFO | epoch=3 batch=1050 global_step=1052 loss_reg_months=6.2965 loss_ldl=3.5301 lr=0.00019840 grad_norm=2.2607 throughput=38.07 img/s eta_seconds=0.3 gpu_alloc=378.7MiB gpu_reserved=4406.0MiB skipped_batches=0
2026-08-15 12:13:53,806 | INFO | 
TRAINING REVIEW SNAPSHOT
Run ID / config hash / split hash: P4_D3_CONVNEXT_TINY_LDL_SIGMA2_LAMBDA02_SEED42 / 60369b250430 / 7328667e6822+f650a20432b5
Epoch / global step: 3 / 1053
Train loss: 6.2958
Validation MAE / RMSE / median AE: 8.2486 / 10.8643 / 6.5450
MAE nam / nữ / age bins: {'F': 7.963562160913198, 'M': 8.489085576204248} / {'0-59': 7.797608436422145, '120-179': 8.87783000554673, '60-119': 7.46165372393458, '180-228': 7.02558159828186}
Learning rate / peak VRAM: 0.00019840 / 4406.0 MiB
Best epoch / best MAE / epochs không cải thiện: 2 / 7.6700 / 1
Cảnh báo hiện tại: KHÔNG
Checkpoint gần nhất: p1_baseline\runs\P4_D3_CONVNEXT_TINY_LDL_SIGMA2_LAMBDA02_SEED42\last.ckpt
Checkpoint tốt nhất: p1_baseline\runs\P4_D3_CONVNEXT_TINY_LDL_SIGMA2_LAMBDA02_SEED42\best_mae.ckpt
Đề xuất tự động: TIẾP TỤC
2026-08-15 12:14:11,197 | INFO | epoch=4 batch=25 global_step=1061 loss_reg_months=6.4185 loss_ldl=3.3762 lr=0.00019641 grad_norm=1.7842 throughput=20.84 img/s eta_seconds=590.8 gpu_alloc=488.9MiB gpu_reserved=4406.0MiB skipped_batches=0
2026-08-15 12:14:18,782 | INFO | epoch=4 batch=50 global_step=1069 loss_reg_months=6.3904 loss_ldl=3.8407 lr=0.00019641 grad_norm=2.4481 throughput=27.30 img/s eta_seconds=440.0 gpu_alloc=488.9MiB gpu_reserved=4406.0MiB skipped_batches=0
2026-08-15 12:14:26,428 | INFO | epoch=4 batch=75 global_step=1078 loss_reg_months=6.5355 loss_ldl=3.3694 lr=0.00019641 grad_norm=1.9983 throughput=30.38 img/s eta_seconds=385.5 gpu_alloc=378.7MiB gpu_reserved=4406.0MiB skipped_batches=0
2026-08-15 12:14:34,039 | INFO | epoch=4 batch=100 global_step=1086 loss_reg_months=6.4916 loss_ldl=3.5336 lr=0.00019641 grad_norm=2.0311 throughput=32.23 img/s eta_seconds=354.1 gpu_alloc=488.9MiB gpu_reserved=4406.0MiB skipped_batches=0
2026-08-15 12:14:41,652 | INFO | epoch=4 batch=125 global_step=1094 loss_reg_months=6.3559 loss_ldl=3.4780 lr=0.00019641 grad_norm=2.2924 throughput=33.44 img/s eta_seconds=332.2 gpu_alloc=488.9MiB gpu_reserved=4406.0MiB skipped_batches=0
2026-08-15 12:14:49,611 | INFO | epoch=4 batch=150 global_step=1103 loss_reg_months=6.2516 loss_ldl=3.7158 lr=0.00019641 grad_norm=1.9122 throughput=34.08 img/s eta_seconds=317.2 gpu_alloc=378.7MiB gpu_reserved=4406.0MiB skipped_batches=0
2026-08-15 12:14:57,344 | INFO | epoch=4 batch=175 global_step=1111 loss_reg_months=6.2170 loss_ldl=3.9361 lr=0.00019641 grad_norm=2.2403 throughput=34.69 img/s eta_seconds=303.0 gpu_alloc=488.9MiB gpu_reserved=4406.0MiB skipped_batches=0
2026-08-15 12:15:05,082 | INFO | epoch=4 batch=200 global_step=1119 loss_reg_months=6.1603 loss_ldl=3.4975 lr=0.00019641 grad_norm=1.6422 throughput=35.15 img/s eta_seconds=290.5 gpu_alloc=488.9MiB gpu_reserved=4406.0MiB skipped_batches=0
2026-08-15 12:15:12,733 | INFO | epoch=4 batch=225 global_step=1128 loss_reg_months=6.2152 loss_ldl=3.5529 lr=0.00019641 grad_norm=2.4728 throughput=35.56 img/s eta_seconds=278.7 gpu_alloc=378.7MiB gpu_reserved=4406.0MiB skipped_batches=0
2026-08-15 12:15:20,365 | INFO | epoch=4 batch=250 global_step=1136 loss_reg_months=6.2232 loss_ldl=3.9387 lr=0.00019641 grad_norm=3.7051 throughput=35.90 img/s eta_seconds=267.7 gpu_alloc=488.9MiB gpu_reserved=4406.0MiB skipped_batches=0
2026-08-15 12:15:28,442 | INFO | epoch=4 batch=275 global_step=1144 loss_reg_months=6.2077 loss_ldl=3.5142 lr=0.00019641 grad_norm=1.5477 throughput=36.01 img/s eta_seconds=258.6 gpu_alloc=488.9MiB gpu_reserved=4406.0MiB skipped_batches=0
2026-08-15 12:15:36,240 | INFO | epoch=4 batch=300 global_step=1153 loss_reg_months=6.1583 loss_ldl=3.7351 lr=0.00019641 grad_norm=2.8000 throughput=36.20 img/s eta_seconds=248.9 gpu_alloc=378.7MiB gpu_reserved=4406.0MiB skipped_batches=0
2026-08-15 12:15:44,021 | INFO | epoch=4 batch=325 global_step=1161 loss_reg_months=6.1656 loss_ldl=3.5848 lr=0.00019641 grad_norm=2.5527 throughput=36.37 img/s eta_seconds=239.5 gpu_alloc=488.9MiB gpu_reserved=4406.0MiB skipped_batches=0
2026-08-15 12:15:51,828 | INFO | epoch=4 batch=350 global_step=1169 loss_reg_months=6.1517 loss_ldl=3.5605 lr=0.00019641 grad_norm=2.0273 throughput=36.51 img/s eta_seconds=230.4 gpu_alloc=488.9MiB gpu_reserved=4406.0MiB skipped_batches=0
2026-08-15 12:15:59,526 | INFO | epoch=4 batch=375 global_step=1178 loss_reg_months=6.0996 loss_ldl=3.5136 lr=0.00019641 grad_norm=2.7232 throughput=36.67 img/s eta_seconds=221.2 gpu_alloc=378.7MiB gpu_reserved=4406.0MiB skipped_batches=0
2026-08-15 12:16:07,367 | INFO | epoch=4 batch=400 global_step=1186 loss_reg_months=6.0402 loss_ldl=3.4848 lr=0.00019641 grad_norm=2.3155 throughput=36.76 img/s eta_seconds=212.5 gpu_alloc=488.9MiB gpu_reserved=4406.0MiB skipped_batches=0
2026-08-15 12:16:15,015 | INFO | epoch=4 batch=425 global_step=1194 loss_reg_months=6.0142 loss_ldl=3.9435 lr=0.00019641 grad_norm=3.1568 throughput=36.90 img/s eta_seconds=203.6 gpu_alloc=488.9MiB gpu_reserved=4406.0MiB skipped_batches=0
2026-08-15 12:16:22,729 | INFO | epoch=4 batch=450 global_step=1203 loss_reg_months=6.0124 loss_ldl=3.6932 lr=0.00019641 grad_norm=2.2544 throughput=37.00 img/s eta_seconds=194.9 gpu_alloc=378.7MiB gpu_reserved=4406.0MiB skipped_batches=0
2026-08-15 12:16:30,377 | INFO | epoch=4 batch=475 global_step=1211 loss_reg_months=5.9613 loss_ldl=3.1615 lr=0.00019641 grad_norm=1.6888 throughput=37.11 img/s eta_seconds=186.2 gpu_alloc=488.9MiB gpu_reserved=4406.0MiB skipped_batches=0
2026-08-15 12:16:38,180 | INFO | epoch=4 batch=500 global_step=1219 loss_reg_months=5.9654 loss_ldl=3.7670 lr=0.00019641 grad_norm=3.1171 throughput=37.18 img/s eta_seconds=177.8 gpu_alloc=488.9MiB gpu_reserved=4406.0MiB skipped_batches=0
2026-08-15 12:16:46,059 | INFO | epoch=4 batch=525 global_step=1228 loss_reg_months=5.9715 loss_ldl=4.3787 lr=0.00019641 grad_norm=1.9178 throughput=37.22 img/s eta_seconds=169.6 gpu_alloc=378.7MiB gpu_reserved=4406.0MiB skipped_batches=0
2026-08-15 12:16:53,681 | INFO | epoch=4 batch=550 global_step=1236 loss_reg_months=5.9447 loss_ldl=3.5551 lr=0.00019641 grad_norm=3.6367 throughput=37.31 img/s eta_seconds=161.1 gpu_alloc=488.9MiB gpu_reserved=4406.0MiB skipped_batches=0
2026-08-15 12:17:01,524 | INFO | epoch=4 batch=575 global_step=1244 loss_reg_months=5.9349 loss_ldl=3.4230 lr=0.00019641 grad_norm=1.6911 throughput=37.35 img/s eta_seconds=152.9 gpu_alloc=488.9MiB gpu_reserved=4406.0MiB skipped_batches=0
2026-08-15 12:17:09,406 | INFO | epoch=4 batch=600 global_step=1253 loss_reg_months=5.9131 loss_ldl=3.4090 lr=0.00019641 grad_norm=3.3353 throughput=37.38 img/s eta_seconds=144.7 gpu_alloc=378.7MiB gpu_reserved=4406.0MiB skipped_batches=0
2026-08-15 12:17:17,101 | INFO | epoch=4 batch=625 global_step=1261 loss_reg_months=5.9131 loss_ldl=3.9645 lr=0.00019641 grad_norm=2.4017 throughput=37.44 img/s eta_seconds=136.5 gpu_alloc=488.9MiB gpu_reserved=4406.0MiB skipped_batches=0
2026-08-15 12:17:24,735 | INFO | epoch=4 batch=650 global_step=1269 loss_reg_months=5.9150 loss_ldl=3.3673 lr=0.00019641 grad_norm=3.1838 throughput=37.51 img/s eta_seconds=128.3 gpu_alloc=488.9MiB gpu_reserved=4406.0MiB skipped_batches=0
2026-08-15 12:17:32,381 | INFO | epoch=4 batch=675 global_step=1278 loss_reg_months=5.9234 loss_ldl=3.2946 lr=0.00019641 grad_norm=2.3206 throughput=37.57 img/s eta_seconds=120.1 gpu_alloc=378.7MiB gpu_reserved=4406.0MiB skipped_batches=0
2026-08-15 12:17:40,086 | INFO | epoch=4 batch=700 global_step=1286 loss_reg_months=5.9079 loss_ldl=3.6705 lr=0.00019641 grad_norm=2.1825 throughput=37.62 img/s eta_seconds=111.9 gpu_alloc=488.9MiB gpu_reserved=4406.0MiB skipped_batches=0
2026-08-15 12:17:47,714 | INFO | epoch=4 batch=725 global_step=1294 loss_reg_months=5.8990 loss_ldl=3.4245 lr=0.00019641 grad_norm=3.3931 throughput=37.68 img/s eta_seconds=103.8 gpu_alloc=488.9MiB gpu_reserved=4406.0MiB skipped_batches=0
2026-08-15 12:17:55,401 | INFO | epoch=4 batch=750 global_step=1303 loss_reg_months=5.9047 loss_ldl=3.5750 lr=0.00019641 grad_norm=2.8707 throughput=37.72 img/s eta_seconds=95.7 gpu_alloc=378.7MiB gpu_reserved=4406.0MiB skipped_batches=0
2026-08-15 12:18:03,031 | INFO | epoch=4 batch=775 global_step=1311 loss_reg_months=5.9325 loss_ldl=3.8574 lr=0.00019641 grad_norm=2.6743 throughput=37.77 img/s eta_seconds=87.7 gpu_alloc=488.9MiB gpu_reserved=4406.0MiB skipped_batches=0
2026-08-15 12:18:10,720 | INFO | epoch=4 batch=800 global_step=1319 loss_reg_months=5.9635 loss_ldl=4.0128 lr=0.00019641 grad_norm=2.0483 throughput=37.81 img/s eta_seconds=79.6 gpu_alloc=488.9MiB gpu_reserved=4406.0MiB skipped_batches=0
2026-08-15 12:18:18,399 | INFO | epoch=4 batch=825 global_step=1328 loss_reg_months=5.9594 loss_ldl=3.5002 lr=0.00019641 grad_norm=3.0270 throughput=37.84 img/s eta_seconds=71.6 gpu_alloc=378.7MiB gpu_reserved=4406.0MiB skipped_batches=0
2026-08-15 12:18:26,127 | INFO | epoch=4 batch=850 global_step=1336 loss_reg_months=5.9345 loss_ldl=3.4027 lr=0.00019641 grad_norm=1.8689 throughput=37.87 img/s eta_seconds=63.7 gpu_alloc=488.9MiB gpu_reserved=4406.0MiB skipped_batches=0
2026-08-15 12:18:33,883 | INFO | epoch=4 batch=875 global_step=1344 loss_reg_months=5.9277 loss_ldl=3.7774 lr=0.00019641 grad_norm=5.7919 throughput=37.89 img/s eta_seconds=55.7 gpu_alloc=488.9MiB gpu_reserved=4406.0MiB skipped_batches=0
2026-08-15 12:18:41,519 | INFO | epoch=4 batch=900 global_step=1353 loss_reg_months=5.9046 loss_ldl=3.5208 lr=0.00019641 grad_norm=2.0830 throughput=37.93 img/s eta_seconds=47.7 gpu_alloc=378.7MiB gpu_reserved=4406.0MiB skipped_batches=0
2026-08-15 12:18:49,172 | INFO | epoch=4 batch=925 global_step=1361 loss_reg_months=5.8956 loss_ldl=3.4720 lr=0.00019641 grad_norm=1.8732 throughput=37.97 img/s eta_seconds=39.8 gpu_alloc=488.9MiB gpu_reserved=4406.0MiB skipped_batches=0
2026-08-15 12:18:56,927 | INFO | epoch=4 batch=950 global_step=1369 loss_reg_months=5.9057 loss_ldl=3.5009 lr=0.00019641 grad_norm=2.0519 throughput=37.98 img/s eta_seconds=31.9 gpu_alloc=488.9MiB gpu_reserved=4406.0MiB skipped_batches=0
2026-08-15 12:19:04,780 | INFO | epoch=4 batch=975 global_step=1378 loss_reg_months=5.9020 loss_ldl=3.5670 lr=0.00019641 grad_norm=2.3916 throughput=37.99 img/s eta_seconds=24.0 gpu_alloc=378.7MiB gpu_reserved=4406.0MiB skipped_batches=0
2026-08-15 12:19:12,413 | INFO | epoch=4 batch=1000 global_step=1386 loss_reg_months=5.9009 loss_ldl=4.5695 lr=0.00019641 grad_norm=2.4758 throughput=38.02 img/s eta_seconds=16.1 gpu_alloc=488.9MiB gpu_reserved=4406.0MiB skipped_batches=0
2026-08-15 12:19:20,100 | INFO | epoch=4 batch=1025 global_step=1394 loss_reg_months=5.9087 loss_ldl=3.4305 lr=0.00019641 grad_norm=3.7666 throughput=38.05 img/s eta_seconds=8.2 gpu_alloc=488.9MiB gpu_reserved=4406.0MiB skipped_batches=0
2026-08-15 12:19:27,837 | INFO | epoch=4 batch=1050 global_step=1403 loss_reg_months=5.9075 loss_ldl=3.5896 lr=0.00019641 grad_norm=2.8502 throughput=38.06 img/s eta_seconds=0.3 gpu_alloc=378.7MiB gpu_reserved=4406.0MiB skipped_batches=0
2026-08-15 12:19:54,400 | INFO | 
TRAINING REVIEW SNAPSHOT
Run ID / config hash / split hash: P4_D3_CONVNEXT_TINY_LDL_SIGMA2_LAMBDA02_SEED42 / 60369b250430 / 7328667e6822+f650a20432b5
Epoch / global step: 4 / 1404
Train loss: 5.9072
Validation MAE / RMSE / median AE: 8.7396 / 10.8787 / 7.5035
MAE nam / nữ / age bins: {'F': 8.536391793584531, 'M': 8.910973579732444} / {'0-59': 8.039866914140417, '120-179': 9.777759217213935, '60-119': 6.439891815185547, '180-228': 9.770609021186829}
Learning rate / peak VRAM: 0.00019641 / 4406.0 MiB
Best epoch / best MAE / epochs không cải thiện: 2 / 7.6700 / 2
Cảnh báo hiện tại: KHÔNG
Checkpoint gần nhất: p1_baseline\runs\P4_D3_CONVNEXT_TINY_LDL_SIGMA2_LAMBDA02_SEED42\last.ckpt
Checkpoint tốt nhất: p1_baseline\runs\P4_D3_CONVNEXT_TINY_LDL_SIGMA2_LAMBDA02_SEED42\best_mae.ckpt
Đề xuất tự động: TIẾP TỤC
2026-08-15 12:20:14,178 | INFO | epoch=5 batch=25 global_step=1412 loss_reg_months=6.5420 loss_ldl=3.9645 lr=0.00019366 grad_norm=2.4998 throughput=20.76 img/s eta_seconds=593.1 gpu_alloc=488.9MiB gpu_reserved=4406.0MiB skipped_batches=0
2026-08-15 12:20:21,791 | INFO | epoch=5 batch=50 global_step=1420 loss_reg_months=6.5265 loss_ldl=3.3648 lr=0.00019366 grad_norm=3.8928 throughput=27.19 img/s eta_seconds=441.7 gpu_alloc=488.9MiB gpu_reserved=4406.0MiB skipped_batches=0
2026-08-15 12:20:29,441 | INFO | epoch=5 batch=75 global_step=1429 loss_reg_months=6.3038 loss_ldl=3.6592 lr=0.00019366 grad_norm=3.4145 throughput=30.29 img/s eta_seconds=386.7 gpu_alloc=378.7MiB gpu_reserved=4406.0MiB skipped_batches=0
2026-08-15 12:20:37,041 | INFO | epoch=5 batch=100 global_step=1437 loss_reg_months=6.3332 loss_ldl=3.4780 lr=0.00019366 grad_norm=2.2760 throughput=32.16 img/s eta_seconds=354.8 gpu_alloc=488.9MiB gpu_reserved=4406.0MiB skipped_batches=0
2026-08-15 12:20:44,712 | INFO | epoch=5 batch=125 global_step=1445 loss_reg_months=6.2385 loss_ldl=4.0298 lr=0.00019366 grad_norm=3.3521 throughput=33.34 img/s eta_seconds=333.2 gpu_alloc=488.9MiB gpu_reserved=4406.0MiB skipped_batches=0
2026-08-15 12:20:52,351 | INFO | epoch=5 batch=150 global_step=1454 loss_reg_months=6.1404 loss_ldl=3.7170 lr=0.00019366 grad_norm=3.4112 throughput=34.20 img/s eta_seconds=316.1 gpu_alloc=378.7MiB gpu_reserved=4406.0MiB skipped_batches=0
2026-08-15 12:21:00,154 | INFO | epoch=5 batch=175 global_step=1462 loss_reg_months=6.1188 loss_ldl=4.0028 lr=0.00019366 grad_norm=2.7843 throughput=34.75 img/s eta_seconds=302.5 gpu_alloc=488.9MiB gpu_reserved=4406.0MiB skipped_batches=0
2026-08-15 12:21:07,864 | INFO | epoch=5 batch=200 global_step=1470 loss_reg_months=6.1140 loss_ldl=3.9390 lr=0.00019366 grad_norm=2.6143 throughput=35.22 img/s eta_seconds=289.9 gpu_alloc=488.9MiB gpu_reserved=4406.0MiB skipped_batches=0
2026-08-15 12:21:15,513 | INFO | epoch=5 batch=225 global_step=1479 loss_reg_months=6.0376 loss_ldl=3.5263 lr=0.00019366 grad_norm=1.8192 throughput=35.63 img/s eta_seconds=278.2 gpu_alloc=378.7MiB gpu_reserved=4406.0MiB skipped_batches=0
2026-08-15 12:21:23,239 | INFO | epoch=5 batch=250 global_step=1487 loss_reg_months=5.9439 loss_ldl=3.4291 lr=0.00019366 grad_norm=2.0318 throughput=35.92 img/s eta_seconds=267.6 gpu_alloc=488.9MiB gpu_reserved=4406.0MiB skipped_batches=0
2026-08-15 12:21:30,962 | INFO | epoch=5 batch=275 global_step=1495 loss_reg_months=5.9417 loss_ldl=3.3684 lr=0.00019366 grad_norm=2.3163 throughput=36.17 img/s eta_seconds=257.4 gpu_alloc=488.9MiB gpu_reserved=4406.0MiB skipped_batches=0
2026-08-15 12:21:40,049 | INFO | epoch=5 batch=300 global_step=1504 loss_reg_months=5.8767 loss_ldl=3.4862 lr=0.00019366 grad_norm=2.1623 throughput=35.88 img/s eta_seconds=251.1 gpu_alloc=378.7MiB gpu_reserved=4406.0MiB skipped_batches=0
2026-08-15 12:21:47,730 | INFO | epoch=5 batch=325 global_step=1512 loss_reg_months=5.8470 loss_ldl=3.7536 lr=0.00019366 grad_norm=4.8454 throughput=36.11 img/s eta_seconds=241.2 gpu_alloc=488.9MiB gpu_reserved=4406.0MiB skipped_batches=0
2026-08-15 12:21:55,351 | INFO | epoch=5 batch=350 global_step=1520 loss_reg_months=5.8736 loss_ldl=3.1047 lr=0.00019366 grad_norm=5.0465 throughput=36.32 img/s eta_seconds=231.6 gpu_alloc=488.9MiB gpu_reserved=4406.0MiB skipped_batches=0
2026-08-15 12:22:03,095 | INFO | epoch=5 batch=375 global_step=1529 loss_reg_months=5.8382 loss_ldl=3.2913 lr=0.00019366 grad_norm=2.3342 throughput=36.48 img/s eta_seconds=222.4 gpu_alloc=378.7MiB gpu_reserved=4406.0MiB skipped_batches=0
2026-08-15 12:22:10,795 | INFO | epoch=5 batch=400 global_step=1537 loss_reg_months=5.8507 loss_ldl=3.4351 lr=0.00019366 grad_norm=2.0264 throughput=36.62 img/s eta_seconds=213.3 gpu_alloc=488.9MiB gpu_reserved=4406.0MiB skipped_batches=0
2026-08-15 12:22:18,410 | INFO | epoch=5 batch=425 global_step=1545 loss_reg_months=5.8292 loss_ldl=3.4598 lr=0.00019366 grad_norm=3.2627 throughput=36.77 img/s eta_seconds=204.2 gpu_alloc=488.9MiB gpu_reserved=4406.0MiB skipped_batches=0
2026-08-15 12:22:26,134 | INFO | epoch=5 batch=450 global_step=1554 loss_reg_months=5.8052 loss_ldl=3.5705 lr=0.00019366 grad_norm=2.6631 throughput=36.88 img/s eta_seconds=195.5 gpu_alloc=378.7MiB gpu_reserved=4406.0MiB skipped_batches=0
2026-08-15 12:22:33,988 | INFO | epoch=5 batch=475 global_step=1562 loss_reg_months=5.7755 loss_ldl=3.3886 lr=0.00019366 grad_norm=3.3712 throughput=36.95 img/s eta_seconds=187.0 gpu_alloc=488.9MiB gpu_reserved=4406.0MiB skipped_batches=0
2026-08-15 12:22:41,696 | INFO | epoch=5 batch=500 global_step=1570 loss_reg_months=5.7820 loss_ldl=3.8185 lr=0.00019366 grad_norm=3.1789 throughput=37.04 img/s eta_seconds=178.5 gpu_alloc=488.9MiB gpu_reserved=4406.0MiB skipped_batches=0
2026-08-15 12:22:49,435 | INFO | epoch=5 batch=525 global_step=1579 loss_reg_months=5.7726 loss_ldl=3.6919 lr=0.00019366 grad_norm=4.4110 throughput=37.12 img/s eta_seconds=170.0 gpu_alloc=378.7MiB gpu_reserved=4406.0MiB skipped_batches=0
2026-08-15 12:22:57,043 | INFO | epoch=5 batch=550 global_step=1587 loss_reg_months=5.7745 loss_ldl=3.6407 lr=0.00019366 grad_norm=3.1578 throughput=37.22 img/s eta_seconds=161.5 gpu_alloc=488.9MiB gpu_reserved=4406.0MiB skipped_batches=0
2026-08-15 12:23:04,683 | INFO | epoch=5 batch=575 global_step=1595 loss_reg_months=5.7878 loss_ldl=3.6246 lr=0.00019366 grad_norm=2.2085 throughput=37.31 img/s eta_seconds=153.1 gpu_alloc=488.9MiB gpu_reserved=4406.0MiB skipped_batches=0
2026-08-15 12:23:12,429 | INFO | epoch=5 batch=600 global_step=1604 loss_reg_months=5.7725 loss_ldl=3.6026 lr=0.00019366 grad_norm=2.4932 throughput=37.36 img/s eta_seconds=144.8 gpu_alloc=378.7MiB gpu_reserved=4406.0MiB skipped_batches=0
2026-08-15 12:23:20,084 | INFO | epoch=5 batch=625 global_step=1612 loss_reg_months=5.7685 loss_ldl=3.6014 lr=0.00019366 grad_norm=2.1138 throughput=37.43 img/s eta_seconds=136.5 gpu_alloc=488.9MiB gpu_reserved=4406.0MiB skipped_batches=0
2026-08-15 12:23:27,709 | INFO | epoch=5 batch=650 global_step=1620 loss_reg_months=5.7555 loss_ldl=3.6647 lr=0.00019366 grad_norm=1.8404 throughput=37.50 img/s eta_seconds=128.3 gpu_alloc=488.9MiB gpu_reserved=4406.0MiB skipped_batches=0
2026-08-15 12:23:35,476 | INFO | epoch=5 batch=675 global_step=1629 loss_reg_months=5.7603 loss_ldl=3.5644 lr=0.00019366 grad_norm=2.7874 throughput=37.54 img/s eta_seconds=120.2 gpu_alloc=378.7MiB gpu_reserved=4406.0MiB skipped_batches=0
2026-08-15 12:23:43,100 | INFO | epoch=5 batch=700 global_step=1637 loss_reg_months=5.7560 loss_ldl=3.4599 lr=0.00019366 grad_norm=1.7337 throughput=37.60 img/s eta_seconds=112.0 gpu_alloc=488.9MiB gpu_reserved=4406.0MiB skipped_batches=0
2026-08-15 12:23:50,777 | INFO | epoch=5 batch=725 global_step=1645 loss_reg_months=5.7523 loss_ldl=3.5144 lr=0.00019366 grad_norm=2.6199 throughput=37.65 img/s eta_seconds=103.9 gpu_alloc=488.9MiB gpu_reserved=4406.0MiB skipped_batches=0
2026-08-15 12:23:58,510 | INFO | epoch=5 batch=750 global_step=1654 loss_reg_months=5.7724 loss_ldl=3.9091 lr=0.00019366 grad_norm=17.3739 throughput=37.69 img/s eta_seconds=95.8 gpu_alloc=378.7MiB gpu_reserved=4406.0MiB skipped_batches=0
2026-08-15 12:24:06,178 | INFO | epoch=5 batch=775 global_step=1662 loss_reg_months=5.7770 loss_ldl=3.4300 lr=0.00019366 grad_norm=2.3062 throughput=37.74 img/s eta_seconds=87.7 gpu_alloc=488.9MiB gpu_reserved=4406.0MiB skipped_batches=0
2026-08-15 12:24:13,865 | INFO | epoch=5 batch=800 global_step=1670 loss_reg_months=5.7834 loss_ldl=3.4350 lr=0.00019366 grad_norm=2.8538 throughput=37.77 img/s eta_seconds=79.7 gpu_alloc=488.9MiB gpu_reserved=4406.0MiB skipped_batches=0
2026-08-15 12:24:21,501 | INFO | epoch=5 batch=825 global_step=1679 loss_reg_months=5.7885 loss_ldl=3.3652 lr=0.00019366 grad_norm=2.2045 throughput=37.82 img/s eta_seconds=71.7 gpu_alloc=378.7MiB gpu_reserved=4406.0MiB skipped_batches=0
2026-08-15 12:24:29,256 | INFO | epoch=5 batch=850 global_step=1687 loss_reg_months=5.8048 loss_ldl=3.8567 lr=0.00019366 grad_norm=1.9523 throughput=37.84 img/s eta_seconds=63.7 gpu_alloc=488.9MiB gpu_reserved=4406.0MiB skipped_batches=0
2026-08-15 12:24:36,877 | INFO | epoch=5 batch=875 global_step=1695 loss_reg_months=5.8058 loss_ldl=4.0784 lr=0.00019366 grad_norm=1.6794 throughput=37.89 img/s eta_seconds=55.7 gpu_alloc=488.9MiB gpu_reserved=4406.0MiB skipped_batches=0
2026-08-15 12:24:44,924 | INFO | epoch=5 batch=900 global_step=1704 loss_reg_months=5.8038 loss_ldl=3.5675 lr=0.00019366 grad_norm=2.7018 throughput=37.87 img/s eta_seconds=47.8 gpu_alloc=378.7MiB gpu_reserved=4406.0MiB skipped_batches=0
2026-08-15 12:24:52,594 | INFO | epoch=5 batch=925 global_step=1712 loss_reg_months=5.7846 loss_ldl=3.3531 lr=0.00019366 grad_norm=2.5323 throughput=37.90 img/s eta_seconds=39.9 gpu_alloc=488.9MiB gpu_reserved=4406.0MiB skipped_batches=0
2026-08-15 12:25:00,377 | INFO | epoch=5 batch=950 global_step=1720 loss_reg_months=5.7679 loss_ldl=3.4810 lr=0.00019366 grad_norm=1.9439 throughput=37.92 img/s eta_seconds=31.9 gpu_alloc=488.9MiB gpu_reserved=4406.0MiB skipped_batches=0
2026-08-15 12:25:08,116 | INFO | epoch=5 batch=975 global_step=1729 loss_reg_months=5.7579 loss_ldl=3.6417 lr=0.00019366 grad_norm=2.1044 throughput=37.94 img/s eta_seconds=24.0 gpu_alloc=378.7MiB gpu_reserved=4406.0MiB skipped_batches=0
2026-08-15 12:25:15,744 | INFO | epoch=5 batch=1000 global_step=1737 loss_reg_months=5.7628 loss_ldl=3.6686 lr=0.00019366 grad_norm=1.8513 throughput=37.97 img/s eta_seconds=16.1 gpu_alloc=488.9MiB gpu_reserved=4406.0MiB skipped_batches=0
2026-08-15 12:25:23,432 | INFO | epoch=5 batch=1025 global_step=1745 loss_reg_months=5.7589 loss_ldl=4.1493 lr=0.00019366 grad_norm=1.8390 throughput=38.00 img/s eta_seconds=8.2 gpu_alloc=488.9MiB gpu_reserved=4406.0MiB skipped_batches=0
2026-08-15 12:25:31,397 | INFO | epoch=5 batch=1050 global_step=1754 loss_reg_months=5.7607 loss_ldl=3.7726 lr=0.00019366 grad_norm=3.3862 throughput=37.99 img/s eta_seconds=0.3 gpu_alloc=378.7MiB gpu_reserved=4406.0MiB skipped_batches=0
2026-08-15 12:26:02,367 | INFO | 
TRAINING REVIEW SNAPSHOT
Run ID / config hash / split hash: P4_D3_CONVNEXT_TINY_LDL_SIGMA2_LAMBDA02_SEED42 / 60369b250430 / 7328667e6822+f650a20432b5
Epoch / global step: 5 / 1755
Train loss: 5.7584
Validation MAE / RMSE / median AE: 6.5979 / 8.8671 / 4.9841
MAE nam / nữ / age bins: {'F': 6.907127033713405, 'M': 6.337152759902382} / {'0-59': 6.514502738384491, '120-179': 6.2846874336082355, '60-119': 7.402783389018877, '180-228': 6.161670804023743}
Learning rate / peak VRAM: 0.00019366 / 4406.0 MiB
Best epoch / best MAE / epochs không cải thiện: 5 / 6.5979 / 0
Cảnh báo hiện tại: KHÔNG
Checkpoint gần nhất: p1_baseline\runs\P4_D3_CONVNEXT_TINY_LDL_SIGMA2_LAMBDA02_SEED42\last.ckpt
Checkpoint tốt nhất: p1_baseline\runs\P4_D3_CONVNEXT_TINY_LDL_SIGMA2_LAMBDA02_SEED42\best_mae.ckpt
Đề xuất tự động: TIẾP TỤC
2026-08-15 12:26:21,789 | INFO | epoch=6 batch=25 global_step=1763 loss_reg_months=5.4157 loss_ldl=3.7409 lr=0.00019015 grad_norm=2.6827 throughput=20.51 img/s eta_seconds=600.3 gpu_alloc=488.9MiB gpu_reserved=4406.0MiB skipped_batches=0
2026-08-15 12:26:29,349 | INFO | epoch=6 batch=50 global_step=1771 loss_reg_months=5.6781 loss_ldl=3.4019 lr=0.00019015 grad_norm=2.0631 throughput=27.04 img/s eta_seconds=444.2 gpu_alloc=488.9MiB gpu_reserved=4406.0MiB skipped_batches=0
2026-08-15 12:26:37,161 | INFO | epoch=6 batch=75 global_step=1780 loss_reg_months=5.5313 loss_ldl=4.0295 lr=0.00019015 grad_norm=2.1468 throughput=30.00 img/s eta_seconds=390.4 gpu_alloc=378.7MiB gpu_reserved=4406.0MiB skipped_batches=0
2026-08-15 12:26:44,849 | INFO | epoch=6 batch=100 global_step=1788 loss_reg_months=5.3758 loss_ldl=3.4866 lr=0.00019015 grad_norm=2.0875 throughput=31.84 img/s eta_seconds=358.4 gpu_alloc=488.9MiB gpu_reserved=4406.0MiB skipped_batches=0
2026-08-15 12:26:52,484 | INFO | epoch=6 batch=125 global_step=1796 loss_reg_months=5.3421 loss_ldl=3.8855 lr=0.00019015 grad_norm=3.0506 throughput=33.10 img/s eta_seconds=335.7 gpu_alloc=488.9MiB gpu_reserved=4406.0MiB skipped_batches=0
2026-08-15 12:27:00,200 | INFO | epoch=6 batch=150 global_step=1805 loss_reg_months=5.3082 loss_ldl=3.9440 lr=0.00019015 grad_norm=3.2997 throughput=33.94 img/s eta_seconds=318.6 gpu_alloc=378.7MiB gpu_reserved=4406.0MiB skipped_batches=0
2026-08-15 12:27:07,900 | INFO | epoch=6 batch=175 global_step=1813 loss_reg_months=5.3118 loss_ldl=3.3851 lr=0.00019015 grad_norm=1.9205 throughput=34.57 img/s eta_seconds=304.0 gpu_alloc=488.9MiB gpu_reserved=4406.0MiB skipped_batches=0
2026-08-15 12:27:15,531 | INFO | epoch=6 batch=200 global_step=1821 loss_reg_months=5.3356 loss_ldl=3.6271 lr=0.00019015 grad_norm=2.9504 throughput=35.10 img/s eta_seconds=290.9 gpu_alloc=488.9MiB gpu_reserved=4406.0MiB skipped_batches=0
2026-08-15 12:27:23,304 | INFO | epoch=6 batch=225 global_step=1830 loss_reg_months=5.3231 loss_ldl=3.6210 lr=0.00019015 grad_norm=3.2091 throughput=35.46 img/s eta_seconds=279.5 gpu_alloc=378.7MiB gpu_reserved=4406.0MiB skipped_batches=0
2026-08-15 12:27:30,940 | INFO | epoch=6 batch=250 global_step=1838 loss_reg_months=5.3395 loss_ldl=3.5689 lr=0.00019015 grad_norm=2.3432 throughput=35.81 img/s eta_seconds=268.4 gpu_alloc=488.9MiB gpu_reserved=4406.0MiB skipped_batches=0
2026-08-15 12:27:38,634 | INFO | epoch=6 batch=275 global_step=1846 loss_reg_months=5.3773 loss_ldl=3.7648 lr=0.00019015 grad_norm=1.6817 throughput=36.08 img/s eta_seconds=258.1 gpu_alloc=488.9MiB gpu_reserved=4406.0MiB skipped_batches=0
2026-08-15 12:27:46,289 | INFO | epoch=6 batch=300 global_step=1855 loss_reg_months=5.3744 loss_ldl=3.2766 lr=0.00019015 grad_norm=2.4351 throughput=36.32 img/s eta_seconds=248.1 gpu_alloc=378.7MiB gpu_reserved=4406.0MiB skipped_batches=0
2026-08-15 12:27:53,911 | INFO | epoch=6 batch=325 global_step=1863 loss_reg_months=5.3705 loss_ldl=3.6617 lr=0.00019015 grad_norm=4.1293 throughput=36.53 img/s eta_seconds=238.4 gpu_alloc=488.9MiB gpu_reserved=4406.0MiB skipped_batches=0
2026-08-15 12:28:01,724 | INFO | epoch=6 batch=350 global_step=1871 loss_reg_months=5.3467 loss_ldl=3.3642 lr=0.00019015 grad_norm=2.4413 throughput=36.66 img/s eta_seconds=229.4 gpu_alloc=488.9MiB gpu_reserved=4406.0MiB skipped_batches=0
2026-08-15 12:28:09,561 | INFO | epoch=6 batch=375 global_step=1880 loss_reg_months=5.3759 loss_ldl=3.5345 lr=0.00019015 grad_norm=2.9729 throughput=36.76 img/s eta_seconds=220.6 gpu_alloc=378.7MiB gpu_reserved=4406.0MiB skipped_batches=0
2026-08-15 12:28:17,194 | INFO | epoch=6 batch=400 global_step=1888 loss_reg_months=5.3893 loss_ldl=4.2931 lr=0.00019015 grad_norm=2.5552 throughput=36.91 img/s eta_seconds=211.6 gpu_alloc=488.9MiB gpu_reserved=4406.0MiB skipped_batches=0
2026-08-15 12:28:24,876 | INFO | epoch=6 batch=425 global_step=1896 loss_reg_months=5.4114 loss_ldl=3.3910 lr=0.00019015 grad_norm=2.7349 throughput=37.03 img/s eta_seconds=202.8 gpu_alloc=488.9MiB gpu_reserved=4406.0MiB skipped_batches=0
2026-08-15 12:28:32,516 | INFO | epoch=6 batch=450 global_step=1905 loss_reg_months=5.4496 loss_ldl=3.2056 lr=0.00019015 grad_norm=2.8318 throughput=37.15 img/s eta_seconds=194.1 gpu_alloc=378.7MiB gpu_reserved=4406.0MiB skipped_batches=0
2026-08-15 12:28:40,177 | INFO | epoch=6 batch=475 global_step=1913 loss_reg_months=5.4662 loss_ldl=3.3424 lr=0.00019015 grad_norm=2.8034 throughput=37.25 img/s eta_seconds=185.5 gpu_alloc=488.9MiB gpu_reserved=4406.0MiB skipped_batches=0
2026-08-15 12:28:47,824 | INFO | epoch=6 batch=500 global_step=1921 loss_reg_months=5.4603 loss_ldl=3.7852 lr=0.00019015 grad_norm=2.8608 throughput=37.35 img/s eta_seconds=177.0 gpu_alloc=488.9MiB gpu_reserved=4406.0MiB skipped_batches=0
2026-08-15 12:28:55,481 | INFO | epoch=6 batch=525 global_step=1930 loss_reg_months=5.4499 loss_ldl=3.6142 lr=0.00019015 grad_norm=2.3358 throughput=37.43 img/s eta_seconds=168.6 gpu_alloc=378.7MiB gpu_reserved=4406.0MiB skipped_batches=0
2026-08-15 12:29:03,183 | INFO | epoch=6 batch=550 global_step=1938 loss_reg_months=5.4667 loss_ldl=3.3163 lr=0.00019015 grad_norm=4.5675 throughput=37.49 img/s eta_seconds=160.3 gpu_alloc=488.9MiB gpu_reserved=4406.0MiB skipped_batches=0
2026-08-15 12:29:10,814 | INFO | epoch=6 batch=575 global_step=1946 loss_reg_months=5.4605 loss_ldl=3.6661 lr=0.00019015 grad_norm=2.5907 throughput=37.57 img/s eta_seconds=152.0 gpu_alloc=488.9MiB gpu_reserved=4406.0MiB skipped_batches=0
2026-08-15 12:29:18,508 | INFO | epoch=6 batch=600 global_step=1955 loss_reg_months=5.4768 loss_ldl=3.6234 lr=0.00019015 grad_norm=4.0831 throughput=37.63 img/s eta_seconds=143.8 gpu_alloc=378.7MiB gpu_reserved=4406.0MiB skipped_batches=0
2026-08-15 12:29:26,190 | INFO | epoch=6 batch=625 global_step=1963 loss_reg_months=5.4724 loss_ldl=3.5314 lr=0.00019015 grad_norm=2.7213 throughput=37.68 img/s eta_seconds=135.6 gpu_alloc=488.9MiB gpu_reserved=4406.0MiB skipped_batches=0
2026-08-15 12:29:33,802 | INFO | epoch=6 batch=650 global_step=1971 loss_reg_months=5.4733 loss_ldl=3.4002 lr=0.00019015 grad_norm=2.1931 throughput=37.75 img/s eta_seconds=127.5 gpu_alloc=488.9MiB gpu_reserved=4406.0MiB skipped_batches=0
2026-08-15 12:29:41,541 | INFO | epoch=6 batch=675 global_step=1980 loss_reg_months=5.4551 loss_ldl=3.5337 lr=0.00019015 grad_norm=1.8386 throughput=37.78 img/s eta_seconds=119.4 gpu_alloc=378.7MiB gpu_reserved=4406.0MiB skipped_batches=0
2026-08-15 12:29:49,180 | INFO | epoch=6 batch=700 global_step=1988 loss_reg_months=5.4493 loss_ldl=3.2392 lr=0.00019015 grad_norm=2.8156 throughput=37.83 img/s eta_seconds=111.3 gpu_alloc=488.9MiB gpu_reserved=4406.0MiB skipped_batches=0
2026-08-15 12:29:56,815 | INFO | epoch=6 batch=725 global_step=1996 loss_reg_months=5.4503 loss_ldl=3.8977 lr=0.00019015 grad_norm=2.7269 throughput=37.88 img/s eta_seconds=103.2 gpu_alloc=488.9MiB gpu_reserved=4406.0MiB skipped_batches=0
2026-08-15 12:30:05,478 | INFO | epoch=6 batch=750 global_step=2005 loss_reg_months=5.4559 loss_ldl=3.5818 lr=0.00019015 grad_norm=4.5948 throughput=37.76 img/s eta_seconds=95.6 gpu_alloc=378.7MiB gpu_reserved=4406.0MiB skipped_batches=0
2026-08-15 12:30:13,224 | INFO | epoch=6 batch=775 global_step=2013 loss_reg_months=5.4602 loss_ldl=3.4342 lr=0.00019015 grad_norm=3.1273 throughput=37.79 img/s eta_seconds=87.6 gpu_alloc=488.9MiB gpu_reserved=4406.0MiB skipped_batches=0
2026-08-15 12:30:20,852 | INFO | epoch=6 batch=800 global_step=2021 loss_reg_months=5.4666 loss_ldl=3.7778 lr=0.00019015 grad_norm=2.5738 throughput=37.84 img/s eta_seconds=79.6 gpu_alloc=488.9MiB gpu_reserved=4406.0MiB skipped_batches=0
2026-08-15 12:30:28,496 | INFO | epoch=6 batch=825 global_step=2030 loss_reg_months=5.4697 loss_ldl=3.2255 lr=0.00019015 grad_norm=2.6235 throughput=37.88 img/s eta_seconds=71.6 gpu_alloc=378.7MiB gpu_reserved=4406.0MiB skipped_batches=0
2026-08-15 12:30:36,252 | INFO | epoch=6 batch=850 global_step=2038 loss_reg_months=5.4633 loss_ldl=3.3129 lr=0.00019015 grad_norm=2.4394 throughput=37.91 img/s eta_seconds=63.6 gpu_alloc=488.9MiB gpu_reserved=4406.0MiB skipped_batches=0
2026-08-15 12:30:43,864 | INFO | epoch=6 batch=875 global_step=2046 loss_reg_months=5.4736 loss_ldl=3.3083 lr=0.00019015 grad_norm=3.3372 throughput=37.95 img/s eta_seconds=55.6 gpu_alloc=488.9MiB gpu_reserved=4406.0MiB skipped_batches=0
2026-08-15 12:30:51,514 | INFO | epoch=6 batch=900 global_step=2055 loss_reg_months=5.4800 loss_ldl=3.4618 lr=0.00019015 grad_norm=2.3444 throughput=37.98 img/s eta_seconds=47.7 gpu_alloc=378.7MiB gpu_reserved=4406.0MiB skipped_batches=0
2026-08-15 12:30:59,242 | INFO | epoch=6 batch=925 global_step=2063 loss_reg_months=5.5027 loss_ldl=3.2595 lr=0.00019015 grad_norm=2.6810 throughput=38.00 img/s eta_seconds=39.8 gpu_alloc=488.9MiB gpu_reserved=4406.0MiB skipped_batches=0
2026-08-15 12:31:06,980 | INFO | epoch=6 batch=950 global_step=2071 loss_reg_months=5.4903 loss_ldl=3.5519 lr=0.00019015 grad_norm=2.1901 throughput=38.02 img/s eta_seconds=31.8 gpu_alloc=488.9MiB gpu_reserved=4406.0MiB skipped_batches=0
2026-08-15 12:31:14,636 | INFO | epoch=6 batch=975 global_step=2080 loss_reg_months=5.5037 loss_ldl=3.3952 lr=0.00019015 grad_norm=2.3089 throughput=38.05 img/s eta_seconds=23.9 gpu_alloc=378.7MiB gpu_reserved=4406.0MiB skipped_batches=0
2026-08-15 12:31:22,266 | INFO | epoch=6 batch=1000 global_step=2088 loss_reg_months=5.5006 loss_ldl=3.3288 lr=0.00019015 grad_norm=2.0813 throughput=38.08 img/s eta_seconds=16.0 gpu_alloc=488.9MiB gpu_reserved=4406.0MiB skipped_batches=0
2026-08-15 12:31:29,927 | INFO | epoch=6 batch=1025 global_step=2096 loss_reg_months=5.5039 loss_ldl=3.6051 lr=0.00019015 grad_norm=2.1008 throughput=38.11 img/s eta_seconds=8.2 gpu_alloc=488.9MiB gpu_reserved=4406.0MiB skipped_batches=0
2026-08-15 12:31:37,986 | INFO | epoch=6 batch=1050 global_step=2105 loss_reg_months=5.5067 loss_ldl=3.6536 lr=0.00019015 grad_norm=2.2174 throughput=38.09 img/s eta_seconds=0.3 gpu_alloc=378.7MiB gpu_reserved=4406.0MiB skipped_batches=0
2026-08-15 12:32:04,750 | INFO | 
TRAINING REVIEW SNAPSHOT
Run ID / config hash / split hash: P4_D3_CONVNEXT_TINY_LDL_SIGMA2_LAMBDA02_SEED42 / 60369b250430 / 7328667e6822+f650a20432b5
Epoch / global step: 6 / 2106
Train loss: 5.5084
Validation MAE / RMSE / median AE: 8.0945 / 10.5898 / 6.4622
MAE nam / nữ / age bins: {'F': 7.936304238676294, 'M': 8.227891445776777} / {'0-59': 6.320462774723135, '120-179': 8.779302297622813, '60-119': 7.720091689056551, '180-228': 6.22136926651001}
Learning rate / peak VRAM: 0.00019015 / 4406.0 MiB
Best epoch / best MAE / epochs không cải thiện: 5 / 6.5979 / 1
Cảnh báo hiện tại: KHÔNG
Checkpoint gần nhất: p1_baseline\runs\P4_D3_CONVNEXT_TINY_LDL_SIGMA2_LAMBDA02_SEED42\last.ckpt
Checkpoint tốt nhất: p1_baseline\runs\P4_D3_CONVNEXT_TINY_LDL_SIGMA2_LAMBDA02_SEED42\best_mae.ckpt
Đề xuất tự động: TIẾP TỤC
2026-08-15 12:32:23,596 | INFO | epoch=7 batch=25 global_step=2114 loss_reg_months=5.3932 loss_ldl=3.4877 lr=0.00018592 grad_norm=2.2452 throughput=20.24 img/s eta_seconds=608.3 gpu_alloc=488.9MiB gpu_reserved=4406.0MiB skipped_batches=0
2026-08-15 12:32:31,177 | INFO | epoch=7 batch=50 global_step=2122 loss_reg_months=5.5082 loss_ldl=3.6837 lr=0.00018592 grad_norm=2.2940 throughput=26.78 img/s eta_seconds=448.5 gpu_alloc=488.9MiB gpu_reserved=4406.0MiB skipped_batches=0
2026-08-15 12:32:38,914 | INFO | epoch=7 batch=75 global_step=2131 loss_reg_months=5.5711 loss_ldl=3.3265 lr=0.00018592 grad_norm=4.1733 throughput=29.86 img/s eta_seconds=392.2 gpu_alloc=378.7MiB gpu_reserved=4406.0MiB skipped_batches=0
2026-08-15 12:32:46,871 | INFO | epoch=7 batch=100 global_step=2139 loss_reg_months=5.5371 loss_ldl=3.2936 lr=0.00018592 grad_norm=1.9993 throughput=31.50 img/s eta_seconds=362.3 gpu_alloc=488.9MiB gpu_reserved=4406.0MiB skipped_batches=0
2026-08-15 12:32:54,478 | INFO | epoch=7 batch=125 global_step=2147 loss_reg_months=5.6625 loss_ldl=3.5873 lr=0.00018592 grad_norm=1.8729 throughput=32.82 img/s eta_seconds=338.5 gpu_alloc=488.9MiB gpu_reserved=4406.0MiB skipped_batches=0
2026-08-15 12:33:02,306 | INFO | epoch=7 batch=150 global_step=2156 loss_reg_months=5.5578 loss_ldl=3.2717 lr=0.00018592 grad_norm=2.0773 throughput=33.62 img/s eta_seconds=321.5 gpu_alloc=378.7MiB gpu_reserved=4406.0MiB skipped_batches=0
2026-08-15 12:33:10,189 | INFO | epoch=7 batch=175 global_step=2164 loss_reg_months=5.4671 loss_ldl=3.1912 lr=0.00018592 grad_norm=3.0263 throughput=34.19 img/s eta_seconds=307.4 gpu_alloc=488.9MiB gpu_reserved=4406.0MiB skipped_batches=0
2026-08-15 12:33:17,813 | INFO | epoch=7 batch=200 global_step=2172 loss_reg_months=5.4619 loss_ldl=3.3683 lr=0.00018592 grad_norm=1.5333 throughput=34.76 img/s eta_seconds=293.7 gpu_alloc=488.9MiB gpu_reserved=4406.0MiB skipped_batches=0
2026-08-15 12:33:25,487 | INFO | epoch=7 batch=225 global_step=2181 loss_reg_months=5.4312 loss_ldl=3.6498 lr=0.00018592 grad_norm=2.8835 throughput=35.20 img/s eta_seconds=281.6 gpu_alloc=378.7MiB gpu_reserved=4406.0MiB skipped_batches=0
2026-08-15 12:33:33,360 | INFO | epoch=7 batch=250 global_step=2189 loss_reg_months=5.4254 loss_ldl=3.5888 lr=0.00018592 grad_norm=3.0676 throughput=35.47 img/s eta_seconds=271.0 gpu_alloc=488.9MiB gpu_reserved=4406.0MiB skipped_batches=0
2026-08-15 12:33:41,011 | INFO | epoch=7 batch=275 global_step=2197 loss_reg_months=5.3957 loss_ldl=3.6995 lr=0.00018592 grad_norm=2.9106 throughput=35.78 img/s eta_seconds=260.2 gpu_alloc=488.9MiB gpu_reserved=4406.0MiB skipped_batches=0
2026-08-15 12:33:48,727 | INFO | epoch=7 batch=300 global_step=2206 loss_reg_months=5.3659 loss_ldl=3.4835 lr=0.00018592 grad_norm=2.5855 throughput=36.02 img/s eta_seconds=250.2 gpu_alloc=378.7MiB gpu_reserved=4406.0MiB skipped_batches=0
2026-08-15 12:33:56,440 | INFO | epoch=7 batch=325 global_step=2214 loss_reg_months=5.3498 loss_ldl=3.3809 lr=0.00018592 grad_norm=3.0018 throughput=36.22 img/s eta_seconds=240.5 gpu_alloc=488.9MiB gpu_reserved=4406.0MiB skipped_batches=0
2026-08-15 12:34:04,087 | INFO | epoch=7 batch=350 global_step=2222 loss_reg_months=5.3722 loss_ldl=3.5369 lr=0.00018592 grad_norm=2.7488 throughput=36.42 img/s eta_seconds=230.9 gpu_alloc=488.9MiB gpu_reserved=4406.0MiB skipped_batches=0
2026-08-15 12:34:11,824 | INFO | epoch=7 batch=375 global_step=2231 loss_reg_months=5.3562 loss_ldl=3.3276 lr=0.00018592 grad_norm=1.8236 throughput=36.57 img/s eta_seconds=221.8 gpu_alloc=378.7MiB gpu_reserved=4406.0MiB skipped_batches=0
2026-08-15 12:34:19,525 | INFO | epoch=7 batch=400 global_step=2239 loss_reg_months=5.3701 loss_ldl=3.7246 lr=0.00018592 grad_norm=4.0987 throughput=36.71 img/s eta_seconds=212.8 gpu_alloc=488.9MiB gpu_reserved=4406.0MiB skipped_batches=0
2026-08-15 12:34:27,169 | INFO | epoch=7 batch=425 global_step=2247 loss_reg_months=5.3896 loss_ldl=3.6012 lr=0.00018592 grad_norm=2.2862 throughput=36.85 img/s eta_seconds=203.8 gpu_alloc=488.9MiB gpu_reserved=4406.0MiB skipped_batches=0
2026-08-15 12:34:35,012 | INFO | epoch=7 batch=450 global_step=2256 loss_reg_months=5.4141 loss_ldl=3.8632 lr=0.00018592 grad_norm=2.1803 throughput=36.93 img/s eta_seconds=195.3 gpu_alloc=378.7MiB gpu_reserved=4406.0MiB skipped_batches=0
2026-08-15 12:34:42,680 | INFO | epoch=7 batch=475 global_step=2264 loss_reg_months=5.4210 loss_ldl=3.2454 lr=0.00018592 grad_norm=2.0749 throughput=37.04 img/s eta_seconds=186.6 gpu_alloc=488.9MiB gpu_reserved=4406.0MiB skipped_batches=0
2026-08-15 12:34:50,352 | INFO | epoch=7 batch=500 global_step=2272 loss_reg_months=5.4923 loss_ldl=3.7951 lr=0.00018592 grad_norm=2.0841 throughput=37.13 img/s eta_seconds=178.0 gpu_alloc=488.9MiB gpu_reserved=4406.0MiB skipped_batches=0
2026-08-15 12:34:58,019 | INFO | epoch=7 batch=525 global_step=2281 loss_reg_months=5.4981 loss_ldl=3.6618 lr=0.00018592 grad_norm=1.9815 throughput=37.22 img/s eta_seconds=169.5 gpu_alloc=378.7MiB gpu_reserved=4406.0MiB skipped_batches=0
2026-08-15 12:35:05,663 | INFO | epoch=7 batch=550 global_step=2289 loss_reg_months=5.4871 loss_ldl=4.1543 lr=0.00018592 grad_norm=2.2442 throughput=37.31 img/s eta_seconds=161.1 gpu_alloc=488.9MiB gpu_reserved=4406.0MiB skipped_batches=0
2026-08-15 12:35:13,660 | INFO | epoch=7 batch=575 global_step=2297 loss_reg_months=5.4676 loss_ldl=3.4743 lr=0.00018592 grad_norm=1.8233 throughput=37.32 img/s eta_seconds=153.0 gpu_alloc=488.9MiB gpu_reserved=4406.0MiB skipped_batches=0
2026-08-15 12:35:21,379 | INFO | epoch=7 batch=600 global_step=2306 loss_reg_months=5.4451 loss_ldl=3.4159 lr=0.00018592 grad_norm=3.2115 throughput=37.38 img/s eta_seconds=144.7 gpu_alloc=378.7MiB gpu_reserved=4406.0MiB skipped_batches=0
2026-08-15 12:35:29,022 | INFO | epoch=7 batch=625 global_step=2314 loss_reg_months=5.4493 loss_ldl=3.1724 lr=0.00018592 grad_norm=1.9095 throughput=37.45 img/s eta_seconds=136.5 gpu_alloc=488.9MiB gpu_reserved=4406.0MiB skipped_batches=0
2026-08-15 12:35:36,714 | INFO | epoch=7 batch=650 global_step=2322 loss_reg_months=5.4480 loss_ldl=3.4416 lr=0.00018592 grad_norm=2.4786 throughput=37.51 img/s eta_seconds=128.3 gpu_alloc=488.9MiB gpu_reserved=4406.0MiB skipped_batches=0
2026-08-15 12:35:44,361 | INFO | epoch=7 batch=675 global_step=2331 loss_reg_months=5.4599 loss_ldl=3.4065 lr=0.00018592 grad_norm=2.9368 throughput=37.57 img/s eta_seconds=120.1 gpu_alloc=378.7MiB gpu_reserved=4406.0MiB skipped_batches=0
2026-08-15 12:35:51,987 | INFO | epoch=7 batch=700 global_step=2339 loss_reg_months=5.4508 loss_ldl=3.5224 lr=0.00018592 grad_norm=2.4163 throughput=37.63 img/s eta_seconds=111.9 gpu_alloc=488.9MiB gpu_reserved=4406.0MiB skipped_batches=0
2026-08-15 12:35:59,709 | INFO | epoch=7 batch=725 global_step=2347 loss_reg_months=5.4673 loss_ldl=3.2933 lr=0.00018592 grad_norm=2.7434 throughput=37.67 img/s eta_seconds=103.8 gpu_alloc=488.9MiB gpu_reserved=4406.0MiB skipped_batches=0
2026-08-15 12:36:07,481 | INFO | epoch=7 batch=750 global_step=2356 loss_reg_months=5.4668 loss_ldl=3.3750 lr=0.00018592 grad_norm=2.1910 throughput=37.70 img/s eta_seconds=95.8 gpu_alloc=378.7MiB gpu_reserved=4406.0MiB skipped_batches=0
2026-08-15 12:36:15,108 | INFO | epoch=7 batch=775 global_step=2364 loss_reg_months=5.4782 loss_ldl=4.0041 lr=0.00018592 grad_norm=2.3772 throughput=37.75 img/s eta_seconds=87.7 gpu_alloc=488.9MiB gpu_reserved=4406.0MiB skipped_batches=0
2026-08-15 12:36:23,067 | INFO | epoch=7 batch=800 global_step=2372 loss_reg_months=5.4931 loss_ldl=3.9016 lr=0.00018592 grad_norm=1.6166 throughput=37.75 img/s eta_seconds=79.8 gpu_alloc=488.9MiB gpu_reserved=4406.0MiB skipped_batches=0
2026-08-15 12:36:30,707 | INFO | epoch=7 batch=825 global_step=2381 loss_reg_months=5.4787 loss_ldl=3.2228 lr=0.00018592 grad_norm=2.0179 throughput=37.80 img/s eta_seconds=71.7 gpu_alloc=378.7MiB gpu_reserved=4406.0MiB skipped_batches=0
2026-08-15 12:36:38,322 | INFO | epoch=7 batch=850 global_step=2389 loss_reg_months=5.4731 loss_ldl=3.6200 lr=0.00018592 grad_norm=2.7976 throughput=37.84 img/s eta_seconds=63.7 gpu_alloc=488.9MiB gpu_reserved=4406.0MiB skipped_batches=0
2026-08-15 12:36:46,045 | INFO | epoch=7 batch=875 global_step=2397 loss_reg_months=5.4592 loss_ldl=3.9375 lr=0.00018592 grad_norm=2.0188 throughput=37.87 img/s eta_seconds=55.7 gpu_alloc=488.9MiB gpu_reserved=4406.0MiB skipped_batches=0
2026-08-15 12:36:53,707 | INFO | epoch=7 batch=900 global_step=2406 loss_reg_months=5.4638 loss_ldl=3.5186 lr=0.00018592 grad_norm=5.4942 throughput=37.90 img/s eta_seconds=47.8 gpu_alloc=378.7MiB gpu_reserved=4406.0MiB skipped_batches=0
2026-08-15 12:37:01,357 | INFO | epoch=7 batch=925 global_step=2414 loss_reg_months=5.4523 loss_ldl=3.5470 lr=0.00018592 grad_norm=2.4858 throughput=37.94 img/s eta_seconds=39.8 gpu_alloc=488.9MiB gpu_reserved=4406.0MiB skipped_batches=0
2026-08-15 12:37:08,991 | INFO | epoch=7 batch=950 global_step=2422 loss_reg_months=5.4306 loss_ldl=3.0644 lr=0.00018592 grad_norm=2.0322 throughput=37.97 img/s eta_seconds=31.9 gpu_alloc=488.9MiB gpu_reserved=4406.0MiB skipped_batches=0
2026-08-15 12:37:16,669 | INFO | epoch=7 batch=975 global_step=2431 loss_reg_months=5.4334 loss_ldl=3.8049 lr=0.00018592 grad_norm=2.3488 throughput=38.00 img/s eta_seconds=24.0 gpu_alloc=378.7MiB gpu_reserved=4406.0MiB skipped_batches=0
2026-08-15 12:37:24,293 | INFO | epoch=7 batch=1000 global_step=2439 loss_reg_months=5.4196 loss_ldl=3.2967 lr=0.00018592 grad_norm=1.5989 throughput=38.03 img/s eta_seconds=16.1 gpu_alloc=488.9MiB gpu_reserved=4406.0MiB skipped_batches=0
2026-08-15 12:37:31,991 | INFO | epoch=7 batch=1025 global_step=2447 loss_reg_months=5.4065 loss_ldl=3.3576 lr=0.00018592 grad_norm=2.8507 throughput=38.05 img/s eta_seconds=8.2 gpu_alloc=488.9MiB gpu_reserved=4406.0MiB skipped_batches=0
2026-08-15 12:37:39,620 | INFO | epoch=7 batch=1050 global_step=2456 loss_reg_months=5.4112 loss_ldl=3.8507 lr=0.00018592 grad_norm=2.0191 throughput=38.08 img/s eta_seconds=0.3 gpu_alloc=378.7MiB gpu_reserved=4406.0MiB skipped_batches=0
2026-08-15 12:38:06,196 | INFO | 
TRAINING REVIEW SNAPSHOT
Run ID / config hash / split hash: P4_D3_CONVNEXT_TINY_LDL_SIGMA2_LAMBDA02_SEED42 / 60369b250430 / 7328667e6822+f650a20432b5
Epoch / global step: 7 / 2457
Train loss: 5.4114
Validation MAE / RMSE / median AE: 6.6457 / 8.9946 / 4.9993
MAE nam / nữ / age bins: {'F': 6.834889179358453, 'M': 6.4860440188823665} / {'0-59': 7.27515864879527, '120-179': 6.554395706308787, '60-119': 7.0351215013997805, '180-228': 5.561334848403931}
Learning rate / peak VRAM: 0.00018592 / 4406.0 MiB
Best epoch / best MAE / epochs không cải thiện: 5 / 6.5979 / 2
Cảnh báo hiện tại: KHÔNG
Checkpoint gần nhất: p1_baseline\runs\P4_D3_CONVNEXT_TINY_LDL_SIGMA2_LAMBDA02_SEED42\last.ckpt
Checkpoint tốt nhất: p1_baseline\runs\P4_D3_CONVNEXT_TINY_LDL_SIGMA2_LAMBDA02_SEED42\best_mae.ckpt
Đề xuất tự động: TIẾP TỤC
2026-08-15 12:38:23,239 | INFO | epoch=8 batch=25 global_step=2465 loss_reg_months=4.9489 loss_ldl=3.4961 lr=0.00018100 grad_norm=2.8246 throughput=20.33 img/s eta_seconds=605.5 gpu_alloc=488.9MiB gpu_reserved=4406.0MiB skipped_batches=0
2026-08-15 12:38:30,826 | INFO | epoch=8 batch=50 global_step=2473 loss_reg_months=5.2710 loss_ldl=3.5449 lr=0.00018100 grad_norm=3.3362 throughput=26.86 img/s eta_seconds=447.2 gpu_alloc=488.9MiB gpu_reserved=4406.0MiB skipped_batches=0
2026-08-15 12:38:38,778 | INFO | epoch=8 batch=75 global_step=2482 loss_reg_months=5.3981 loss_ldl=3.3245 lr=0.00018100 grad_norm=2.7107 throughput=29.71 img/s eta_seconds=394.2 gpu_alloc=378.7MiB gpu_reserved=4406.0MiB skipped_batches=0
2026-08-15 12:38:46,432 | INFO | epoch=8 batch=100 global_step=2490 loss_reg_months=5.3435 loss_ldl=3.3952 lr=0.00018100 grad_norm=2.4134 throughput=31.62 img/s eta_seconds=360.9 gpu_alloc=488.9MiB gpu_reserved=4406.0MiB skipped_batches=0
2026-08-15 12:38:54,359 | INFO | epoch=8 batch=125 global_step=2498 loss_reg_months=5.4187 loss_ldl=3.1154 lr=0.00018100 grad_norm=1.7588 throughput=32.70 img/s eta_seconds=339.8 gpu_alloc=488.9MiB gpu_reserved=4406.0MiB skipped_batches=0
2026-08-15 12:39:03,413 | INFO | epoch=8 batch=150 global_step=2507 loss_reg_months=5.4309 loss_ldl=3.6068 lr=0.00018100 grad_norm=2.0216 throughput=32.77 img/s eta_seconds=329.9 gpu_alloc=378.7MiB gpu_reserved=4406.0MiB skipped_batches=0
2026-08-15 12:39:11,085 | INFO | epoch=8 batch=175 global_step=2515 loss_reg_months=5.4069 loss_ldl=3.2362 lr=0.00018100 grad_norm=2.9320 throughput=33.55 img/s eta_seconds=313.3 gpu_alloc=488.9MiB gpu_reserved=4406.0MiB skipped_batches=0
2026-08-15 12:39:18,698 | INFO | epoch=8 batch=200 global_step=2523 loss_reg_months=5.4411 loss_ldl=3.2394 lr=0.00018100 grad_norm=2.0266 throughput=34.18 img/s eta_seconds=298.7 gpu_alloc=488.9MiB gpu_reserved=4406.0MiB skipped_batches=0
2026-08-15 12:39:26,362 | INFO | epoch=8 batch=225 global_step=2532 loss_reg_months=5.3837 loss_ldl=3.2576 lr=0.00018100 grad_norm=1.7403 throughput=34.67 img/s eta_seconds=285.9 gpu_alloc=378.7MiB gpu_reserved=4406.0MiB skipped_batches=0
2026-08-15 12:39:33,972 | INFO | epoch=8 batch=250 global_step=2540 loss_reg_months=5.3648 loss_ldl=3.4747 lr=0.00018100 grad_norm=1.8648 throughput=35.09 img/s eta_seconds=273.9 gpu_alloc=488.9MiB gpu_reserved=4406.0MiB skipped_batches=0
2026-08-15 12:39:41,599 | INFO | epoch=8 batch=275 global_step=2548 loss_reg_months=5.3265 loss_ldl=3.9003 lr=0.00018100 grad_norm=1.5407 throughput=35.44 img/s eta_seconds=262.7 gpu_alloc=488.9MiB gpu_reserved=4406.0MiB skipped_batches=0
2026-08-15 12:39:49,294 | INFO | epoch=8 batch=300 global_step=2557 loss_reg_months=5.3245 loss_ldl=3.4575 lr=0.00018100 grad_norm=2.7293 throughput=35.71 img/s eta_seconds=252.3 gpu_alloc=378.7MiB gpu_reserved=4406.0MiB skipped_batches=0
2026-08-15 12:39:56,917 | INFO | epoch=8 batch=325 global_step=2565 loss_reg_months=5.3202 loss_ldl=3.2906 lr=0.00018100 grad_norm=1.6210 throughput=35.97 img/s eta_seconds=242.2 gpu_alloc=488.9MiB gpu_reserved=4406.0MiB skipped_batches=0
2026-08-15 12:40:04,555 | INFO | epoch=8 batch=350 global_step=2573 loss_reg_months=5.3855 loss_ldl=3.6193 lr=0.00018100 grad_norm=2.4976 throughput=36.19 img/s eta_seconds=232.4 gpu_alloc=488.9MiB gpu_reserved=4406.0MiB skipped_batches=0
2026-08-15 12:40:12,219 | INFO | epoch=8 batch=375 global_step=2582 loss_reg_months=5.3721 loss_ldl=3.3418 lr=0.00018100 grad_norm=2.2444 throughput=36.37 img/s eta_seconds=223.0 gpu_alloc=378.7MiB gpu_reserved=4406.0MiB skipped_batches=0
2026-08-15 12:40:19,924 | INFO | epoch=8 batch=400 global_step=2590 loss_reg_months=5.3602 loss_ldl=3.0579 lr=0.00018100 grad_norm=2.0766 throughput=36.52 img/s eta_seconds=213.9 gpu_alloc=488.9MiB gpu_reserved=4406.0MiB skipped_batches=0
2026-08-15 12:40:27,544 | INFO | epoch=8 batch=425 global_step=2598 loss_reg_months=5.3605 loss_ldl=3.3768 lr=0.00018100 grad_norm=2.3253 throughput=36.67 img/s eta_seconds=204.8 gpu_alloc=488.9MiB gpu_reserved=4406.0MiB skipped_batches=0
2026-08-15 12:40:35,315 | INFO | epoch=8 batch=450 global_step=2607 loss_reg_months=5.3673 loss_ldl=3.2268 lr=0.00018100 grad_norm=2.7146 throughput=36.78 img/s eta_seconds=196.1 gpu_alloc=378.7MiB gpu_reserved=4406.0MiB skipped_batches=0
2026-08-15 12:40:42,961 | INFO | epoch=8 batch=475 global_step=2615 loss_reg_months=5.3819 loss_ldl=3.2991 lr=0.00018100 grad_norm=3.0107 throughput=36.90 img/s eta_seconds=187.3 gpu_alloc=488.9MiB gpu_reserved=4406.0MiB skipped_batches=0
2026-08-15 12:40:50,720 | INFO | epoch=8 batch=500 global_step=2623 loss_reg_months=5.4078 loss_ldl=3.1048 lr=0.00018100 grad_norm=1.4366 throughput=36.98 img/s eta_seconds=178.8 gpu_alloc=488.9MiB gpu_reserved=4406.0MiB skipped_batches=0
2026-08-15 12:40:58,372 | INFO | epoch=8 batch=525 global_step=2632 loss_reg_months=5.4111 loss_ldl=3.4168 lr=0.00018100 grad_norm=1.4122 throughput=37.08 img/s eta_seconds=170.2 gpu_alloc=378.7MiB gpu_reserved=4406.0MiB skipped_batches=0
2026-08-15 12:41:06,130 | INFO | epoch=8 batch=550 global_step=2640 loss_reg_months=5.4103 loss_ldl=3.3011 lr=0.00018100 grad_norm=3.4286 throughput=37.15 img/s eta_seconds=161.8 gpu_alloc=488.9MiB gpu_reserved=4406.0MiB skipped_batches=0
2026-08-15 12:41:13,906 | INFO | epoch=8 batch=575 global_step=2648 loss_reg_months=5.4004 loss_ldl=3.5712 lr=0.00018100 grad_norm=1.7643 throughput=37.21 img/s eta_seconds=153.5 gpu_alloc=488.9MiB gpu_reserved=4406.0MiB skipped_batches=0
2026-08-15 12:41:21,574 | INFO | epoch=8 batch=600 global_step=2657 loss_reg_months=5.3840 loss_ldl=3.4380 lr=0.00018100 grad_norm=2.8092 throughput=37.29 img/s eta_seconds=145.1 gpu_alloc=378.7MiB gpu_reserved=4406.0MiB skipped_batches=0
2026-08-15 12:41:29,279 | INFO | epoch=8 batch=625 global_step=2665 loss_reg_months=5.3713 loss_ldl=3.2005 lr=0.00018100 grad_norm=1.6368 throughput=37.35 img/s eta_seconds=136.8 gpu_alloc=488.9MiB gpu_reserved=4406.0MiB skipped_batches=0
2026-08-15 12:41:36,897 | INFO | epoch=8 batch=650 global_step=2673 loss_reg_months=5.3559 loss_ldl=3.5982 lr=0.00018100 grad_norm=3.5665 throughput=37.43 img/s eta_seconds=128.5 gpu_alloc=488.9MiB gpu_reserved=4406.0MiB skipped_batches=0
2026-08-15 12:41:44,660 | INFO | epoch=8 batch=675 global_step=2682 loss_reg_months=5.3626 loss_ldl=3.6487 lr=0.00018100 grad_norm=2.4877 throughput=37.47 img/s eta_seconds=120.4 gpu_alloc=378.7MiB gpu_reserved=4406.0MiB skipped_batches=0
2026-08-15 12:41:52,286 | INFO | epoch=8 batch=700 global_step=2690 loss_reg_months=5.3525 loss_ldl=3.4700 lr=0.00018100 grad_norm=3.9627 throughput=37.53 img/s eta_seconds=112.2 gpu_alloc=488.9MiB gpu_reserved=4406.0MiB skipped_batches=0
2026-08-15 12:42:00,113 | INFO | epoch=8 batch=725 global_step=2698 loss_reg_months=5.3386 loss_ldl=3.3056 lr=0.00018100 grad_norm=1.8233 throughput=37.56 img/s eta_seconds=104.1 gpu_alloc=488.9MiB gpu_reserved=4406.0MiB skipped_batches=0
2026-08-15 12:42:07,782 | INFO | epoch=8 batch=750 global_step=2707 loss_reg_months=5.3171 loss_ldl=3.2966 lr=0.00018100 grad_norm=2.7161 throughput=37.61 img/s eta_seconds=96.0 gpu_alloc=378.7MiB gpu_reserved=4406.0MiB skipped_batches=0
2026-08-15 12:42:15,427 | INFO | epoch=8 batch=775 global_step=2715 loss_reg_months=5.3273 loss_ldl=3.4315 lr=0.00018100 grad_norm=2.3878 throughput=37.66 img/s eta_seconds=87.9 gpu_alloc=488.9MiB gpu_reserved=4406.0MiB skipped_batches=0
2026-08-15 12:42:23,084 | INFO | epoch=8 batch=800 global_step=2723 loss_reg_months=5.3193 loss_ldl=3.4213 lr=0.00018100 grad_norm=1.8925 throughput=37.71 img/s eta_seconds=79.9 gpu_alloc=488.9MiB gpu_reserved=4406.0MiB skipped_batches=0
2026-08-15 12:42:30,834 | INFO | epoch=8 batch=825 global_step=2732 loss_reg_months=5.3326 loss_ldl=3.4459 lr=0.00018100 grad_norm=2.3915 throughput=37.74 img/s eta_seconds=71.8 gpu_alloc=378.7MiB gpu_reserved=4406.0MiB skipped_batches=0
2026-08-15 12:42:38,475 | INFO | epoch=8 batch=850 global_step=2740 loss_reg_months=5.3177 loss_ldl=3.5083 lr=0.00018100 grad_norm=2.1956 throughput=37.78 img/s eta_seconds=63.8 gpu_alloc=488.9MiB gpu_reserved=4406.0MiB skipped_batches=0
2026-08-15 12:42:46,108 | INFO | epoch=8 batch=875 global_step=2748 loss_reg_months=5.3049 loss_ldl=3.5665 lr=0.00018100 grad_norm=2.1603 throughput=37.82 img/s eta_seconds=55.8 gpu_alloc=488.9MiB gpu_reserved=4406.0MiB skipped_batches=0
2026-08-15 12:42:53,854 | INFO | epoch=8 batch=900 global_step=2757 loss_reg_months=5.2967 loss_ldl=3.2981 lr=0.00018100 grad_norm=2.2378 throughput=37.85 img/s eta_seconds=47.9 gpu_alloc=378.7MiB gpu_reserved=4406.0MiB skipped_batches=0
2026-08-15 12:43:01,551 | INFO | epoch=8 batch=925 global_step=2765 loss_reg_months=5.2944 loss_ldl=3.4868 lr=0.00018100 grad_norm=1.9667 throughput=37.88 img/s eta_seconds=39.9 gpu_alloc=488.9MiB gpu_reserved=4406.0MiB skipped_batches=0
2026-08-15 12:43:09,354 | INFO | epoch=8 batch=950 global_step=2773 loss_reg_months=5.2889 loss_ldl=3.5264 lr=0.00018100 grad_norm=3.0018 throughput=37.89 img/s eta_seconds=32.0 gpu_alloc=488.9MiB gpu_reserved=4406.0MiB skipped_batches=0
2026-08-15 12:43:17,277 | INFO | epoch=8 batch=975 global_step=2782 loss_reg_months=5.2717 loss_ldl=3.3476 lr=0.00018100 grad_norm=2.3265 throughput=37.89 img/s eta_seconds=24.0 gpu_alloc=378.7MiB gpu_reserved=4406.0MiB skipped_batches=0
2026-08-15 12:43:24,964 | INFO | epoch=8 batch=1000 global_step=2790 loss_reg_months=5.2607 loss_ldl=3.7751 lr=0.00018100 grad_norm=1.8498 throughput=37.92 img/s eta_seconds=16.1 gpu_alloc=488.9MiB gpu_reserved=4406.0MiB skipped_batches=0
2026-08-15 12:43:32,628 | INFO | epoch=8 batch=1025 global_step=2798 loss_reg_months=5.2644 loss_ldl=3.5031 lr=0.00018100 grad_norm=2.3647 throughput=37.95 img/s eta_seconds=8.2 gpu_alloc=488.9MiB gpu_reserved=4406.0MiB skipped_batches=0
2026-08-15 12:43:40,276 | INFO | epoch=8 batch=1050 global_step=2807 loss_reg_months=5.2758 loss_ldl=3.7933 lr=0.00018100 grad_norm=1.6945 throughput=37.98 img/s eta_seconds=0.3 gpu_alloc=378.7MiB gpu_reserved=4406.0MiB skipped_batches=0
2026-08-15 12:44:07,106 | WARNING | STABILITY WARNING [CAM] Validation MAE xấu đi trong khi train loss giảm
2026-08-15 12:44:07,107 | INFO | 
TRAINING REVIEW SNAPSHOT
Run ID / config hash / split hash: P4_D3_CONVNEXT_TINY_LDL_SIGMA2_LAMBDA02_SEED42 / 60369b250430 / 7328667e6822+f650a20432b5
Epoch / global step: 8 / 2808
Train loss: 5.2754
Validation MAE / RMSE / median AE: 7.4736 / 9.8846 / 5.7468
MAE nam / nữ / age bins: {'F': 7.699652338320492, 'M': 7.282993738586505} / {'0-59': 6.144284167188279, '120-179': 6.33721524911699, '60-119': 10.62419621230382, '180-228': 5.93456506729126}
Learning rate / peak VRAM: 0.00018100 / 4406.0 MiB
Best epoch / best MAE / epochs không cải thiện: 5 / 6.5979 / 3
Cảnh báo hiện tại: CAM: Validation MAE xấu đi trong khi train loss giảm
Checkpoint gần nhất: p1_baseline\runs\P4_D3_CONVNEXT_TINY_LDL_SIGMA2_LAMBDA02_SEED42\last.ckpt
Checkpoint tốt nhất: p1_baseline\runs\P4_D3_CONVNEXT_TINY_LDL_SIGMA2_LAMBDA02_SEED42\best_mae.ckpt
Đề xuất tự động: THEO DÕI
2026-08-15 12:44:23,925 | INFO | epoch=9 batch=25 global_step=2816 loss_reg_months=5.3068 loss_ldl=3.4233 lr=0.00017543 grad_norm=2.2926 throughput=20.47 img/s eta_seconds=601.6 gpu_alloc=488.9MiB gpu_reserved=4406.0MiB skipped_batches=0
2026-08-15 12:44:31,518 | INFO | epoch=9 batch=50 global_step=2824 loss_reg_months=5.2469 loss_ldl=3.4241 lr=0.00017543 grad_norm=1.8137 throughput=26.97 img/s eta_seconds=445.4 gpu_alloc=488.9MiB gpu_reserved=4406.0MiB skipped_batches=0
2026-08-15 12:44:39,132 | INFO | epoch=9 batch=75 global_step=2833 loss_reg_months=5.0564 loss_ldl=3.4240 lr=0.00017543 grad_norm=2.2265 throughput=30.14 img/s eta_seconds=388.6 gpu_alloc=378.7MiB gpu_reserved=4406.0MiB skipped_batches=0
2026-08-15 12:44:46,869 | INFO | epoch=9 batch=100 global_step=2841 loss_reg_months=4.9443 loss_ldl=3.2607 lr=0.00017543 grad_norm=1.9831 throughput=31.91 img/s eta_seconds=357.6 gpu_alloc=488.9MiB gpu_reserved=4406.0MiB skipped_batches=0
2026-08-15 12:44:54,463 | INFO | epoch=9 batch=125 global_step=2849 loss_reg_months=4.8957 loss_ldl=3.7295 lr=0.00017543 grad_norm=1.9161 throughput=33.19 img/s eta_seconds=334.8 gpu_alloc=488.9MiB gpu_reserved=4406.0MiB skipped_batches=0
2026-08-15 12:45:02,245 | INFO | epoch=9 batch=150 global_step=2858 loss_reg_months=4.9034 loss_ldl=3.5238 lr=0.00017543 grad_norm=2.5457 throughput=33.98 img/s eta_seconds=318.2 gpu_alloc=378.7MiB gpu_reserved=4406.0MiB skipped_batches=0
2026-08-15 12:45:09,960 | INFO | epoch=9 batch=175 global_step=2866 loss_reg_months=4.8994 loss_ldl=3.4441 lr=0.00017543 grad_norm=2.4382 throughput=34.60 img/s eta_seconds=303.8 gpu_alloc=488.9MiB gpu_reserved=4406.0MiB skipped_batches=0
2026-08-15 12:45:17,579 | INFO | epoch=9 batch=200 global_step=2874 loss_reg_months=4.9113 loss_ldl=3.3665 lr=0.00017543 grad_norm=2.1387 throughput=35.13 img/s eta_seconds=290.6 gpu_alloc=488.9MiB gpu_reserved=4406.0MiB skipped_batches=0
2026-08-15 12:45:25,258 | INFO | epoch=9 batch=225 global_step=2883 loss_reg_months=5.0182 loss_ldl=3.2938 lr=0.00017543 grad_norm=4.3456 throughput=35.53 img/s eta_seconds=278.9 gpu_alloc=378.7MiB gpu_reserved=4406.0MiB skipped_batches=0
2026-08-15 12:45:32,911 | INFO | epoch=9 batch=250 global_step=2891 loss_reg_months=5.0583 loss_ldl=3.5330 lr=0.00017543 grad_norm=2.1740 throughput=35.87 img/s eta_seconds=268.0 gpu_alloc=488.9MiB gpu_reserved=4406.0MiB skipped_batches=0
2026-08-15 12:45:40,664 | INFO | epoch=9 batch=275 global_step=2899 loss_reg_months=5.0218 loss_ldl=3.3593 lr=0.00017543 grad_norm=1.7866 throughput=36.11 img/s eta_seconds=257.9 gpu_alloc=488.9MiB gpu_reserved=4406.0MiB skipped_batches=0
2026-08-15 12:45:48,524 | INFO | epoch=9 batch=300 global_step=2908 loss_reg_months=5.0491 loss_ldl=3.5710 lr=0.00017543 grad_norm=2.0106 throughput=36.27 img/s eta_seconds=248.4 gpu_alloc=378.7MiB gpu_reserved=4406.0MiB skipped_batches=0
2026-08-15 12:45:56,140 | INFO | epoch=9 batch=325 global_step=2916 loss_reg_months=5.0750 loss_ldl=3.2673 lr=0.00017543 grad_norm=2.3350 throughput=36.49 img/s eta_seconds=238.7 gpu_alloc=488.9MiB gpu_reserved=4406.0MiB skipped_batches=0
2026-08-15 12:46:03,915 | INFO | epoch=9 batch=350 global_step=2924 loss_reg_months=5.0641 loss_ldl=3.3925 lr=0.00017543 grad_norm=3.0329 throughput=36.63 img/s eta_seconds=229.6 gpu_alloc=488.9MiB gpu_reserved=4406.0MiB skipped_batches=0
2026-08-15 12:46:11,603 | INFO | epoch=9 batch=375 global_step=2933 loss_reg_months=5.0640 loss_ldl=3.6041 lr=0.00017543 grad_norm=2.6903 throughput=36.78 img/s eta_seconds=220.5 gpu_alloc=378.7MiB gpu_reserved=4406.0MiB skipped_batches=0
2026-08-15 12:46:19,400 | INFO | epoch=9 batch=400 global_step=2941 loss_reg_months=5.0662 loss_ldl=3.1501 lr=0.00017543 grad_norm=3.0876 throughput=36.89 img/s eta_seconds=211.8 gpu_alloc=488.9MiB gpu_reserved=4406.0MiB skipped_batches=0
2026-08-15 12:46:27,062 | INFO | epoch=9 batch=425 global_step=2949 loss_reg_months=5.0802 loss_ldl=3.5934 lr=0.00017543 grad_norm=3.7572 throughput=37.01 img/s eta_seconds=202.9 gpu_alloc=488.9MiB gpu_reserved=4406.0MiB skipped_batches=0
2026-08-15 12:46:34,747 | INFO | epoch=9 batch=450 global_step=2958 loss_reg_months=5.0729 loss_ldl=3.5917 lr=0.00017543 grad_norm=2.9262 throughput=37.12 img/s eta_seconds=194.3 gpu_alloc=378.7MiB gpu_reserved=4406.0MiB skipped_batches=0
2026-08-15 12:46:42,385 | INFO | epoch=9 batch=475 global_step=2966 loss_reg_months=5.0481 loss_ldl=3.2844 lr=0.00017543 grad_norm=2.0998 throughput=37.23 img/s eta_seconds=185.6 gpu_alloc=488.9MiB gpu_reserved=4406.0MiB skipped_batches=0
2026-08-15 12:46:50,035 | INFO | epoch=9 batch=500 global_step=2974 loss_reg_months=5.0538 loss_ldl=3.0949 lr=0.00017543 grad_norm=3.4737 throughput=37.32 img/s eta_seconds=177.1 gpu_alloc=488.9MiB gpu_reserved=4406.0MiB skipped_batches=0
2026-08-15 12:46:57,715 | INFO | epoch=9 batch=525 global_step=2983 loss_reg_months=5.0859 loss_ldl=3.5104 lr=0.00017543 grad_norm=2.3306 throughput=37.40 img/s eta_seconds=168.7 gpu_alloc=378.7MiB gpu_reserved=4406.0MiB skipped_batches=0
2026-08-15 12:47:05,328 | INFO | epoch=9 batch=550 global_step=2991 loss_reg_months=5.1235 loss_ldl=3.6651 lr=0.00017543 grad_norm=3.2729 throughput=37.49 img/s eta_seconds=160.3 gpu_alloc=488.9MiB gpu_reserved=4406.0MiB skipped_batches=0
2026-08-15 12:47:13,563 | INFO | epoch=9 batch=575 global_step=2999 loss_reg_months=5.1496 loss_ldl=3.4280 lr=0.00017543 grad_norm=2.9630 throughput=37.44 img/s eta_seconds=152.5 gpu_alloc=488.9MiB gpu_reserved=4406.0MiB skipped_batches=0
2026-08-15 12:47:23,438 | INFO | epoch=9 batch=600 global_step=3008 loss_reg_months=5.1377 loss_ldl=3.1821 lr=0.00017543 grad_norm=2.6889 throughput=37.08 img/s eta_seconds=145.9 gpu_alloc=378.7MiB gpu_reserved=4406.0MiB skipped_batches=0
2026-08-15 12:47:32,113 | INFO | epoch=9 batch=625 global_step=3016 loss_reg_months=5.1363 loss_ldl=3.6229 lr=0.00017543 grad_norm=1.6398 throughput=36.97 img/s eta_seconds=138.2 gpu_alloc=488.9MiB gpu_reserved=4406.0MiB skipped_batches=0
2026-08-15 12:47:40,476 | INFO | epoch=9 batch=650 global_step=3024 loss_reg_months=5.1564 loss_ldl=3.5076 lr=0.00017543 grad_norm=2.4203 throughput=36.93 img/s eta_seconds=130.3 gpu_alloc=488.9MiB gpu_reserved=4406.0MiB skipped_batches=0
2026-08-15 12:47:48,677 | INFO | epoch=9 batch=675 global_step=3033 loss_reg_months=5.1489 loss_ldl=3.1969 lr=0.00017543 grad_norm=2.1822 throughput=36.92 img/s eta_seconds=122.2 gpu_alloc=378.7MiB gpu_reserved=4406.0MiB skipped_batches=0
2026-08-15 12:47:57,618 | INFO | epoch=9 batch=700 global_step=3041 loss_reg_months=5.1471 loss_ldl=3.2638 lr=0.00017543 grad_norm=1.6319 throughput=36.79 img/s eta_seconds=114.5 gpu_alloc=488.9MiB gpu_reserved=4406.0MiB skipped_batches=0
2026-08-15 12:48:05,869 | INFO | epoch=9 batch=725 global_step=3049 loss_reg_months=5.1668 loss_ldl=3.7253 lr=0.00017543 grad_norm=2.0546 throughput=36.77 img/s eta_seconds=106.4 gpu_alloc=488.9MiB gpu_reserved=4406.0MiB skipped_batches=0
2026-08-15 12:48:14,254 | INFO | epoch=9 batch=750 global_step=3058 loss_reg_months=5.1748 loss_ldl=3.1898 lr=0.00017543 grad_norm=1.7022 throughput=36.74 img/s eta_seconds=98.3 gpu_alloc=378.7MiB gpu_reserved=4406.0MiB skipped_batches=0
2026-08-15 12:48:22,414 | INFO | epoch=9 batch=775 global_step=3066 loss_reg_months=5.1668 loss_ldl=3.5273 lr=0.00017543 grad_norm=2.5009 throughput=36.74 img/s eta_seconds=90.1 gpu_alloc=488.9MiB gpu_reserved=4406.0MiB skipped_batches=0
2026-08-15 12:48:30,571 | INFO | epoch=9 batch=800 global_step=3074 loss_reg_months=5.1432 loss_ldl=3.1839 lr=0.00017543 grad_norm=1.5688 throughput=36.74 img/s eta_seconds=82.0 gpu_alloc=488.9MiB gpu_reserved=4406.0MiB skipped_batches=0
2026-08-15 12:48:39,041 | INFO | epoch=9 batch=825 global_step=3083 loss_reg_months=5.1475 loss_ldl=3.2464 lr=0.00017543 grad_norm=2.5168 throughput=36.70 img/s eta_seconds=73.9 gpu_alloc=378.7MiB gpu_reserved=4406.0MiB skipped_batches=0
2026-08-15 12:48:47,095 | INFO | epoch=9 batch=850 global_step=3091 loss_reg_months=5.1535 loss_ldl=3.5173 lr=0.00017543 grad_norm=2.1521 throughput=36.71 img/s eta_seconds=65.7 gpu_alloc=488.9MiB gpu_reserved=4406.0MiB skipped_batches=0
2026-08-15 12:48:55,298 | INFO | epoch=9 batch=875 global_step=3099 loss_reg_months=5.1586 loss_ldl=3.0457 lr=0.00017543 grad_norm=2.3502 throughput=36.71 img/s eta_seconds=57.5 gpu_alloc=488.9MiB gpu_reserved=4406.0MiB skipped_batches=0
2026-08-15 12:49:03,726 | INFO | epoch=9 batch=900 global_step=3108 loss_reg_months=5.1527 loss_ldl=3.5162 lr=0.00017543 grad_norm=2.0300 throughput=36.68 img/s eta_seconds=49.4 gpu_alloc=378.7MiB gpu_reserved=4406.0MiB skipped_batches=0
2026-08-15 12:49:11,968 | INFO | epoch=9 batch=925 global_step=3116 loss_reg_months=5.1396 loss_ldl=3.2378 lr=0.00017543 grad_norm=1.7855 throughput=36.67 img/s eta_seconds=41.2 gpu_alloc=488.9MiB gpu_reserved=4406.0MiB skipped_batches=0
2026-08-15 12:49:20,473 | INFO | epoch=9 batch=950 global_step=3124 loss_reg_months=5.1419 loss_ldl=3.2292 lr=0.00017543 grad_norm=3.1097 throughput=36.63 img/s eta_seconds=33.1 gpu_alloc=488.9MiB gpu_reserved=4406.0MiB skipped_batches=0
2026-08-15 12:49:28,733 | INFO | epoch=9 batch=975 global_step=3133 loss_reg_months=5.1324 loss_ldl=3.3422 lr=0.00017543 grad_norm=1.9115 throughput=36.62 img/s eta_seconds=24.9 gpu_alloc=378.7MiB gpu_reserved=4406.0MiB skipped_batches=0
2026-08-15 12:49:37,245 | INFO | epoch=9 batch=1000 global_step=3141 loss_reg_months=5.1335 loss_ldl=3.2029 lr=0.00017543 grad_norm=2.1654 throughput=36.59 img/s eta_seconds=16.7 gpu_alloc=488.9MiB gpu_reserved=4406.0MiB skipped_batches=0
2026-08-15 12:49:45,461 | INFO | epoch=9 batch=1025 global_step=3149 loss_reg_months=5.1349 loss_ldl=3.4784 lr=0.00017543 grad_norm=2.2322 throughput=36.59 img/s eta_seconds=8.5 gpu_alloc=488.9MiB gpu_reserved=4406.0MiB skipped_batches=0
2026-08-15 12:49:53,473 | INFO | epoch=9 batch=1050 global_step=3158 loss_reg_months=5.1358 loss_ldl=3.5115 lr=0.00017543 grad_norm=2.5314 throughput=36.61 img/s eta_seconds=0.3 gpu_alloc=378.7MiB gpu_reserved=4406.0MiB skipped_batches=0
2026-08-15 12:50:32,486 | INFO | 
TRAINING REVIEW SNAPSHOT
Run ID / config hash / split hash: P4_D3_CONVNEXT_TINY_LDL_SIGMA2_LAMBDA02_SEED42 / 60369b250430 / 7328667e6822+f650a20432b5
Epoch / global step: 9 / 3159
Train loss: 5.1330
Validation MAE / RMSE / median AE: 6.5484 / 8.7192 / 5.0991
MAE nam / nữ / age bins: {'F': 6.656954142213599, 'M': 6.456755937919271} / {'0-59': 6.439998910782185, '120-179': 6.515149912227069, '60-119': 6.773761991316897, '180-228': 6.1439690589904785}
Learning rate / peak VRAM: 0.00017543 / 4406.0 MiB
Best epoch / best MAE / epochs không cải thiện: 9 / 6.5484 / 0
Cảnh báo hiện tại: KHÔNG
Checkpoint gần nhất: p1_baseline\runs\P4_D3_CONVNEXT_TINY_LDL_SIGMA2_LAMBDA02_SEED42\last.ckpt
Checkpoint tốt nhất: p1_baseline\runs\P4_D3_CONVNEXT_TINY_LDL_SIGMA2_LAMBDA02_SEED42\best_mae.ckpt
Đề xuất tự động: TIẾP TỤC
2026-08-15 12:50:52,675 | INFO | epoch=10 batch=25 global_step=3167 loss_reg_months=5.0404 loss_ldl=3.4580 lr=0.00016926 grad_norm=1.6852 throughput=17.62 img/s eta_seconds=698.9 gpu_alloc=488.9MiB gpu_reserved=4406.0MiB skipped_batches=0
2026-08-15 12:51:00,705 | INFO | epoch=10 batch=50 global_step=3175 loss_reg_months=5.1646 loss_ldl=3.3198 lr=0.00016926 grad_norm=1.5815 throughput=23.94 img/s eta_seconds=501.7 gpu_alloc=488.9MiB gpu_reserved=4406.0MiB skipped_batches=0
2026-08-15 12:51:09,211 | INFO | epoch=10 batch=75 global_step=3184 loss_reg_months=5.1730 loss_ldl=3.6976 lr=0.00016926 grad_norm=1.9070 throughput=26.81 img/s eta_seconds=436.8 gpu_alloc=378.7MiB gpu_reserved=4406.0MiB skipped_batches=0
2026-08-15 12:51:17,775 | INFO | epoch=10 batch=100 global_step=3192 loss_reg_months=4.9775 loss_ldl=3.4561 lr=0.00016926 grad_norm=1.9447 throughput=28.48 img/s eta_seconds=400.6 gpu_alloc=488.9MiB gpu_reserved=4406.0MiB skipped_batches=0
2026-08-15 12:51:26,141 | INFO | epoch=10 batch=125 global_step=3200 loss_reg_months=4.8744 loss_ldl=3.5530 lr=0.00016926 grad_norm=1.6499 throughput=29.71 img/s eta_seconds=374.0 gpu_alloc=488.9MiB gpu_reserved=4406.0MiB skipped_batches=0
2026-08-15 12:51:34,764 | INFO | epoch=10 batch=150 global_step=3209 loss_reg_months=4.8756 loss_ldl=3.2623 lr=0.00016926 grad_norm=2.6044 throughput=30.45 img/s eta_seconds=355.1 gpu_alloc=378.7MiB gpu_reserved=4406.0MiB skipped_batches=0
2026-08-15 12:51:43,345 | INFO | epoch=10 batch=175 global_step=3217 loss_reg_months=4.8298 loss_ldl=3.1556 lr=0.00016926 grad_norm=2.6396 throughput=31.02 img/s eta_seconds=338.9 gpu_alloc=488.9MiB gpu_reserved=4406.0MiB skipped_batches=0
2026-08-15 12:51:51,806 | INFO | epoch=10 batch=200 global_step=3225 loss_reg_months=4.8670 loss_ldl=3.1531 lr=0.00016926 grad_norm=2.9204 throughput=31.51 img/s eta_seconds=324.0 gpu_alloc=488.9MiB gpu_reserved=4406.0MiB skipped_batches=0
2026-08-15 12:51:59,846 | INFO | epoch=10 batch=225 global_step=3234 loss_reg_months=4.8072 loss_ldl=3.4794 lr=0.00016926 grad_norm=3.7073 throughput=32.07 img/s eta_seconds=309.1 gpu_alloc=378.7MiB gpu_reserved=4406.0MiB skipped_batches=0
2026-08-15 12:52:07,611 | INFO | epoch=10 batch=250 global_step=3242 loss_reg_months=4.8720 loss_ldl=3.2584 lr=0.00016926 grad_norm=3.9669 throughput=32.62 img/s eta_seconds=294.6 gpu_alloc=488.9MiB gpu_reserved=4406.0MiB skipped_batches=0
2026-08-15 12:52:15,714 | INFO | epoch=10 batch=275 global_step=3250 loss_reg_months=4.8492 loss_ldl=3.2272 lr=0.00016926 grad_norm=3.5383 throughput=32.98 img/s eta_seconds=282.3 gpu_alloc=488.9MiB gpu_reserved=4406.0MiB skipped_batches=0
2026-08-15 12:52:23,956 | INFO | epoch=10 batch=300 global_step=3259 loss_reg_months=4.8947 loss_ldl=3.4439 lr=0.00016926 grad_norm=3.4029 throughput=33.24 img/s eta_seconds=271.1 gpu_alloc=378.7MiB gpu_reserved=4406.0MiB skipped_batches=0
2026-08-15 12:52:31,869 | INFO | epoch=10 batch=325 global_step=3267 loss_reg_months=4.9284 loss_ldl=3.6037 lr=0.00016926 grad_norm=2.2019 throughput=33.56 img/s eta_seconds=259.6 gpu_alloc=488.9MiB gpu_reserved=4406.0MiB skipped_batches=0
2026-08-15 12:52:39,994 | INFO | epoch=10 batch=350 global_step=3275 loss_reg_months=4.9368 loss_ldl=3.5456 lr=0.00016926 grad_norm=1.8633 throughput=33.78 img/s eta_seconds=249.0 gpu_alloc=488.9MiB gpu_reserved=4406.0MiB skipped_batches=0
2026-08-15 12:52:48,450 | INFO | epoch=10 batch=375 global_step=3284 loss_reg_months=4.9504 loss_ldl=3.5573 lr=0.00016926 grad_norm=2.8238 throughput=33.88 img/s eta_seconds=239.4 gpu_alloc=378.7MiB gpu_reserved=4406.0MiB skipped_batches=0
2026-08-15 12:52:56,533 | INFO | epoch=10 batch=400 global_step=3292 loss_reg_months=4.9707 loss_ldl=3.1916 lr=0.00016926 grad_norm=3.0959 throughput=34.07 img/s eta_seconds=229.3 gpu_alloc=488.9MiB gpu_reserved=4406.0MiB skipped_batches=0
2026-08-15 12:53:05,151 | INFO | epoch=10 batch=425 global_step=3300 loss_reg_months=4.9765 loss_ldl=3.6736 lr=0.00016926 grad_norm=2.7954 throughput=34.11 img/s eta_seconds=220.2 gpu_alloc=488.9MiB gpu_reserved=4406.0MiB skipped_batches=0
2026-08-15 12:53:13,479 | INFO | epoch=10 batch=450 global_step=3309 loss_reg_months=5.0215 loss_ldl=3.1635 lr=0.00016926 grad_norm=2.9446 throughput=34.21 img/s eta_seconds=210.8 gpu_alloc=378.7MiB gpu_reserved=4406.0MiB skipped_batches=0
2026-08-15 12:53:21,707 | INFO | epoch=10 batch=475 global_step=3317 loss_reg_months=5.0551 loss_ldl=3.1722 lr=0.00016926 grad_norm=2.7529 throughput=34.32 img/s eta_seconds=201.3 gpu_alloc=488.9MiB gpu_reserved=4406.0MiB skipped_batches=0
2026-08-15 12:53:29,872 | INFO | epoch=10 batch=500 global_step=3325 loss_reg_months=5.0786 loss_ldl=3.6164 lr=0.00016926 grad_norm=1.8344 throughput=34.44 img/s eta_seconds=192.0 gpu_alloc=488.9MiB gpu_reserved=4406.0MiB skipped_batches=0
2026-08-15 12:53:37,864 | INFO | epoch=10 batch=525 global_step=3334 loss_reg_months=5.0617 loss_ldl=3.5096 lr=0.00016926 grad_norm=1.7118 throughput=34.57 img/s eta_seconds=182.5 gpu_alloc=378.7MiB gpu_reserved=4406.0MiB skipped_batches=0
2026-08-15 12:53:46,069 | INFO | epoch=10 batch=550 global_step=3342 loss_reg_months=5.0451 loss_ldl=3.1366 lr=0.00016926 grad_norm=2.2004 throughput=34.66 img/s eta_seconds=173.4 gpu_alloc=488.9MiB gpu_reserved=4406.0MiB skipped_batches=0
2026-08-15 12:53:54,107 | INFO | epoch=10 batch=575 global_step=3350 loss_reg_months=5.0444 loss_ldl=3.3777 lr=0.00016926 grad_norm=3.3309 throughput=34.77 img/s eta_seconds=164.3 gpu_alloc=488.9MiB gpu_reserved=4406.0MiB skipped_batches=0
2026-08-15 12:54:02,177 | INFO | epoch=10 batch=600 global_step=3359 loss_reg_months=5.0400 loss_ldl=3.5116 lr=0.00016926 grad_norm=2.9686 throughput=34.86 img/s eta_seconds=155.2 gpu_alloc=378.7MiB gpu_reserved=4406.0MiB skipped_batches=0
2026-08-15 12:54:10,421 | INFO | epoch=10 batch=625 global_step=3367 loss_reg_months=5.0268 loss_ldl=3.4279 lr=0.00016926 grad_norm=2.6986 throughput=34.92 img/s eta_seconds=146.4 gpu_alloc=488.9MiB gpu_reserved=4406.0MiB skipped_batches=0
2026-08-15 12:54:18,421 | INFO | epoch=10 batch=650 global_step=3375 loss_reg_months=5.0118 loss_ldl=3.3520 lr=0.00016926 grad_norm=2.1039 throughput=35.01 img/s eta_seconds=137.4 gpu_alloc=488.9MiB gpu_reserved=4406.0MiB skipped_batches=0
2026-08-15 12:54:26,598 | INFO | epoch=10 batch=675 global_step=3384 loss_reg_months=5.0049 loss_ldl=2.9430 lr=0.00016926 grad_norm=1.7933 throughput=35.07 img/s eta_seconds=128.6 gpu_alloc=378.7MiB gpu_reserved=4406.0MiB skipped_batches=0
2026-08-15 12:54:34,980 | INFO | epoch=10 batch=700 global_step=3392 loss_reg_months=5.0123 loss_ldl=3.6014 lr=0.00016926 grad_norm=2.4276 throughput=35.10 img/s eta_seconds=120.0 gpu_alloc=488.9MiB gpu_reserved=4406.0MiB skipped_batches=0
2026-08-15 12:54:43,148 | INFO | epoch=10 batch=725 global_step=3400 loss_reg_months=5.0152 loss_ldl=3.4827 lr=0.00016926 grad_norm=2.1437 throughput=35.15 img/s eta_seconds=111.3 gpu_alloc=488.9MiB gpu_reserved=4406.0MiB skipped_batches=0
2026-08-15 12:54:51,438 | INFO | epoch=10 batch=750 global_step=3409 loss_reg_months=4.9971 loss_ldl=3.3783 lr=0.00016926 grad_norm=1.8040 throughput=35.18 img/s eta_seconds=102.6 gpu_alloc=378.7MiB gpu_reserved=4406.0MiB skipped_batches=0
2026-08-15 12:54:59,419 | INFO | epoch=10 batch=775 global_step=3417 loss_reg_months=4.9928 loss_ldl=3.2785 lr=0.00016926 grad_norm=3.5077 throughput=35.26 img/s eta_seconds=93.9 gpu_alloc=488.9MiB gpu_reserved=4406.0MiB skipped_batches=0
2026-08-15 12:55:07,461 | INFO | epoch=10 batch=800 global_step=3425 loss_reg_months=4.9918 loss_ldl=3.4835 lr=0.00016926 grad_norm=2.4321 throughput=35.32 img/s eta_seconds=85.3 gpu_alloc=488.9MiB gpu_reserved=4406.0MiB skipped_batches=0
2026-08-15 12:55:15,536 | INFO | epoch=10 batch=825 global_step=3434 loss_reg_months=5.0063 loss_ldl=2.9996 lr=0.00016926 grad_norm=1.6488 throughput=35.37 img/s eta_seconds=76.6 gpu_alloc=378.7MiB gpu_reserved=4406.0MiB skipped_batches=0
2026-08-15 12:55:23,548 | INFO | epoch=10 batch=850 global_step=3442 loss_reg_months=5.0132 loss_ldl=3.4100 lr=0.00016926 grad_norm=2.6946 throughput=35.43 img/s eta_seconds=68.1 gpu_alloc=488.9MiB gpu_reserved=4406.0MiB skipped_batches=0
2026-08-15 12:55:31,762 | INFO | epoch=10 batch=875 global_step=3450 loss_reg_months=5.0226 loss_ldl=3.3634 lr=0.00016926 grad_norm=2.2659 throughput=35.46 img/s eta_seconds=59.5 gpu_alloc=488.9MiB gpu_reserved=4406.0MiB skipped_batches=0
2026-08-15 12:55:40,064 | INFO | epoch=10 batch=900 global_step=3459 loss_reg_months=5.0201 loss_ldl=3.6197 lr=0.00016926 grad_norm=2.9709 throughput=35.48 img/s eta_seconds=51.0 gpu_alloc=378.7MiB gpu_reserved=4406.0MiB skipped_batches=0
2026-08-15 12:55:47,965 | INFO | epoch=10 batch=925 global_step=3467 loss_reg_months=5.0050 loss_ldl=3.2432 lr=0.00016926 grad_norm=2.6246 throughput=35.54 img/s eta_seconds=42.5 gpu_alloc=488.9MiB gpu_reserved=4406.0MiB skipped_batches=0
2026-08-15 12:55:55,662 | INFO | epoch=10 batch=950 global_step=3475 loss_reg_months=4.9749 loss_ldl=3.1003 lr=0.00016926 grad_norm=2.1568 throughput=35.62 img/s eta_seconds=34.0 gpu_alloc=488.9MiB gpu_reserved=4406.0MiB skipped_batches=0
2026-08-15 12:56:03,778 | INFO | epoch=10 batch=975 global_step=3484 loss_reg_months=4.9678 loss_ldl=3.5844 lr=0.00016926 grad_norm=1.8165 throughput=35.66 img/s eta_seconds=25.5 gpu_alloc=378.7MiB gpu_reserved=4406.0MiB skipped_batches=0
2026-08-15 12:56:11,871 | INFO | epoch=10 batch=1000 global_step=3492 loss_reg_months=4.9733 loss_ldl=3.4732 lr=0.00016926 grad_norm=2.2129 throughput=35.69 img/s eta_seconds=17.1 gpu_alloc=488.9MiB gpu_reserved=4406.0MiB skipped_batches=0
2026-08-15 12:56:21,611 | INFO | epoch=10 batch=1025 global_step=3500 loss_reg_months=4.9679 loss_ldl=3.1892 lr=0.00016926 grad_norm=3.1805 throughput=35.55 img/s eta_seconds=8.7 gpu_alloc=488.9MiB gpu_reserved=4406.0MiB skipped_batches=0
2026-08-15 12:56:29,613 | INFO | epoch=10 batch=1050 global_step=3509 loss_reg_months=4.9653 loss_ldl=3.2684 lr=0.00016926 grad_norm=1.9471 throughput=35.60 img/s eta_seconds=0.3 gpu_alloc=378.7MiB gpu_reserved=4406.0MiB skipped_batches=0
2026-08-15 12:56:57,520 | INFO | 
TRAINING REVIEW SNAPSHOT
Run ID / config hash / split hash: P4_D3_CONVNEXT_TINY_LDL_SIGMA2_LAMBDA02_SEED42 / 60369b250430 / 7328667e6822+f650a20432b5
Epoch / global step: 10 / 3510
Train loss: 4.9650
Validation MAE / RMSE / median AE: 6.6694 / 8.9413 / 5.0262
MAE nam / nữ / age bins: {'F': 6.9377690239186665, 'M': 6.442953298502104} / {'0-59': 7.829777159589402, '120-179': 6.290153258221111, '60-119': 7.601696159633888, '180-228': 5.343960762023926}
Learning rate / peak VRAM: 0.00016926 / 4406.0 MiB
Best epoch / best MAE / epochs không cải thiện: 9 / 6.5484 / 1
Cảnh báo hiện tại: KHÔNG
Checkpoint gần nhất: p1_baseline\runs\P4_D3_CONVNEXT_TINY_LDL_SIGMA2_LAMBDA02_SEED42\last.ckpt
Checkpoint tốt nhất: p1_baseline\runs\P4_D3_CONVNEXT_TINY_LDL_SIGMA2_LAMBDA02_SEED42\best_mae.ckpt
Đề xuất tự động: TIẾP TỤC
2026-08-15 12:57:15,184 | INFO | epoch=11 batch=25 global_step=3518 loss_reg_months=5.2856 loss_ldl=3.2175 lr=0.00016254 grad_norm=1.8468 throughput=20.27 img/s eta_seconds=607.3 gpu_alloc=488.9MiB gpu_reserved=4406.0MiB skipped_batches=0
2026-08-15 12:57:23,097 | INFO | epoch=11 batch=50 global_step=3526 loss_reg_months=4.9978 loss_ldl=3.3546 lr=0.00016254 grad_norm=1.8912 throughput=26.42 img/s eta_seconds=454.7 gpu_alloc=488.9MiB gpu_reserved=4406.0MiB skipped_batches=0
2026-08-15 12:57:31,139 | INFO | epoch=11 batch=75 global_step=3535 loss_reg_months=4.8777 loss_ldl=3.2570 lr=0.00016254 grad_norm=2.4287 throughput=29.26 img/s eta_seconds=400.2 gpu_alloc=378.7MiB gpu_reserved=4406.0MiB skipped_batches=0
2026-08-15 12:57:39,052 | INFO | epoch=11 batch=100 global_step=3543 loss_reg_months=4.6771 loss_ldl=3.6224 lr=0.00016254 grad_norm=2.6991 throughput=31.03 img/s eta_seconds=367.7 gpu_alloc=488.9MiB gpu_reserved=4406.0MiB skipped_batches=0
2026-08-15 12:57:46,934 | INFO | epoch=11 batch=125 global_step=3551 loss_reg_months=4.7616 loss_ldl=3.1882 lr=0.00016254 grad_norm=2.0414 throughput=32.22 img/s eta_seconds=344.8 gpu_alloc=488.9MiB gpu_reserved=4406.0MiB skipped_batches=0
2026-08-15 12:57:55,074 | INFO | epoch=11 batch=150 global_step=3560 loss_reg_months=4.7104 loss_ldl=3.5180 lr=0.00016254 grad_norm=3.7501 throughput=32.91 img/s eta_seconds=328.5 gpu_alloc=378.7MiB gpu_reserved=4406.0MiB skipped_batches=0
2026-08-15 12:58:02,975 | INFO | epoch=11 batch=175 global_step=3568 loss_reg_months=4.7986 loss_ldl=3.7415 lr=0.00016254 grad_norm=2.9605 throughput=33.55 img/s eta_seconds=313.3 gpu_alloc=488.9MiB gpu_reserved=4406.0MiB skipped_batches=0
2026-08-15 12:58:11,099 | INFO | epoch=11 batch=200 global_step=3576 loss_reg_months=4.8311 loss_ldl=3.6823 lr=0.00016254 grad_norm=2.4790 throughput=33.94 img/s eta_seconds=300.9 gpu_alloc=488.9MiB gpu_reserved=4406.0MiB skipped_batches=0
2026-08-15 12:58:18,975 | INFO | epoch=11 batch=225 global_step=3585 loss_reg_months=4.8840 loss_ldl=3.2617 lr=0.00016254 grad_norm=2.2948 throughput=34.36 img/s eta_seconds=288.5 gpu_alloc=378.7MiB gpu_reserved=4406.0MiB skipped_batches=0
2026-08-15 12:58:26,904 | INFO | epoch=11 batch=250 global_step=3593 loss_reg_months=4.8348 loss_ldl=3.4248 lr=0.00016254 grad_norm=2.0339 throughput=34.67 img/s eta_seconds=277.2 gpu_alloc=488.9MiB gpu_reserved=4406.0MiB skipped_batches=0
2026-08-15 12:58:34,934 | INFO | epoch=11 batch=275 global_step=3601 loss_reg_months=4.8444 loss_ldl=3.2693 lr=0.00016254 grad_norm=2.1248 throughput=34.90 img/s eta_seconds=266.8 gpu_alloc=488.9MiB gpu_reserved=4406.0MiB skipped_batches=0
2026-08-15 12:58:43,137 | INFO | epoch=11 batch=300 global_step=3610 loss_reg_months=4.8773 loss_ldl=3.3712 lr=0.00016254 grad_norm=2.9089 throughput=35.04 img/s eta_seconds=257.2 gpu_alloc=378.7MiB gpu_reserved=4406.0MiB skipped_batches=0
2026-08-15 12:58:51,325 | INFO | epoch=11 batch=325 global_step=3618 loss_reg_months=4.8499 loss_ldl=3.2071 lr=0.00016254 grad_norm=2.3728 throughput=35.15 img/s eta_seconds=247.8 gpu_alloc=488.9MiB gpu_reserved=4406.0MiB skipped_batches=0
2026-08-15 12:58:59,504 | INFO | epoch=11 batch=350 global_step=3626 loss_reg_months=4.8144 loss_ldl=3.3245 lr=0.00016254 grad_norm=2.4531 throughput=35.26 img/s eta_seconds=238.6 gpu_alloc=488.9MiB gpu_reserved=4406.0MiB skipped_batches=0
2026-08-15 12:59:07,593 | INFO | epoch=11 batch=375 global_step=3635 loss_reg_months=4.8193 loss_ldl=3.0094 lr=0.00016254 grad_norm=1.7976 throughput=35.37 img/s eta_seconds=229.3 gpu_alloc=378.7MiB gpu_reserved=4406.0MiB skipped_batches=0
2026-08-15 12:59:15,737 | INFO | epoch=11 batch=400 global_step=3643 loss_reg_months=4.8206 loss_ldl=3.4343 lr=0.00016254 grad_norm=5.3790 throughput=35.46 img/s eta_seconds=220.3 gpu_alloc=488.9MiB gpu_reserved=4406.0MiB skipped_batches=0
2026-08-15 12:59:23,680 | INFO | epoch=11 batch=425 global_step=3651 loss_reg_months=4.8417 loss_ldl=3.1010 lr=0.00016254 grad_norm=3.6475 throughput=35.59 img/s eta_seconds=211.0 gpu_alloc=488.9MiB gpu_reserved=4406.0MiB skipped_batches=0
2026-08-15 12:59:31,734 | INFO | epoch=11 batch=450 global_step=3660 loss_reg_months=4.8373 loss_ldl=2.9492 lr=0.00016254 grad_norm=2.2629 throughput=35.68 img/s eta_seconds=202.1 gpu_alloc=378.7MiB gpu_reserved=4406.0MiB skipped_batches=0
2026-08-15 12:59:39,904 | INFO | epoch=11 batch=475 global_step=3668 loss_reg_months=4.8553 loss_ldl=3.6315 lr=0.00016254 grad_norm=1.6635 throughput=35.73 img/s eta_seconds=193.4 gpu_alloc=488.9MiB gpu_reserved=4406.0MiB skipped_batches=0
2026-08-15 12:59:48,061 | INFO | epoch=11 batch=500 global_step=3676 loss_reg_months=4.8520 loss_ldl=3.5345 lr=0.00016254 grad_norm=1.4617 throughput=35.78 img/s eta_seconds=184.8 gpu_alloc=488.9MiB gpu_reserved=4406.0MiB skipped_batches=0
2026-08-15 12:59:55,981 | INFO | epoch=11 batch=525 global_step=3685 loss_reg_months=4.8628 loss_ldl=3.3226 lr=0.00016254 grad_norm=2.2952 throughput=35.88 img/s eta_seconds=175.9 gpu_alloc=378.7MiB gpu_reserved=4406.0MiB skipped_batches=0
2026-08-15 13:00:04,235 | INFO | epoch=11 batch=550 global_step=3693 loss_reg_months=4.8484 loss_ldl=2.9765 lr=0.00016254 grad_norm=3.3400 throughput=35.90 img/s eta_seconds=167.4 gpu_alloc=488.9MiB gpu_reserved=4406.0MiB skipped_batches=0
2026-08-15 13:00:12,268 | INFO | epoch=11 batch=575 global_step=3701 loss_reg_months=4.8487 loss_ldl=3.1553 lr=0.00016254 grad_norm=1.5544 throughput=35.96 img/s eta_seconds=158.8 gpu_alloc=488.9MiB gpu_reserved=4406.0MiB skipped_batches=0
2026-08-15 13:00:20,444 | INFO | epoch=11 batch=600 global_step=3710 loss_reg_months=4.8507 loss_ldl=3.4010 lr=0.00016254 grad_norm=1.9668 throughput=35.99 img/s eta_seconds=150.4 gpu_alloc=378.7MiB gpu_reserved=4406.0MiB skipped_batches=0
2026-08-15 13:00:28,474 | INFO | epoch=11 batch=625 global_step=3718 loss_reg_months=4.8547 loss_ldl=3.2032 lr=0.00016254 grad_norm=2.1318 throughput=36.04 img/s eta_seconds=141.8 gpu_alloc=488.9MiB gpu_reserved=4406.0MiB skipped_batches=0
2026-08-15 13:00:36,592 | INFO | epoch=11 batch=650 global_step=3726 loss_reg_months=4.8412 loss_ldl=3.3994 lr=0.00016254 grad_norm=2.7441 throughput=36.08 img/s eta_seconds=133.4 gpu_alloc=488.9MiB gpu_reserved=4406.0MiB skipped_batches=0
2026-08-15 13:00:44,908 | INFO | epoch=11 batch=675 global_step=3735 loss_reg_months=4.8369 loss_ldl=3.1800 lr=0.00016254 grad_norm=2.3743 throughput=36.08 img/s eta_seconds=125.0 gpu_alloc=378.7MiB gpu_reserved=4406.0MiB skipped_batches=0
2026-08-15 13:00:52,970 | INFO | epoch=11 batch=700 global_step=3743 loss_reg_months=4.8492 loss_ldl=3.6518 lr=0.00016254 grad_norm=2.3729 throughput=36.12 img/s eta_seconds=116.6 gpu_alloc=488.9MiB gpu_reserved=4406.0MiB skipped_batches=0
2026-08-15 13:01:01,011 | INFO | epoch=11 batch=725 global_step=3751 loss_reg_months=4.8651 loss_ldl=3.2737 lr=0.00016254 grad_norm=3.3073 throughput=36.16 img/s eta_seconds=108.2 gpu_alloc=488.9MiB gpu_reserved=4406.0MiB skipped_batches=0
2026-08-15 13:01:09,299 | INFO | epoch=11 batch=750 global_step=3760 loss_reg_months=4.8995 loss_ldl=3.2829 lr=0.00016254 grad_norm=3.0510 throughput=36.16 img/s eta_seconds=99.9 gpu_alloc=378.7MiB gpu_reserved=4406.0MiB skipped_batches=0
2026-08-15 13:01:17,209 | INFO | epoch=11 batch=775 global_step=3768 loss_reg_months=4.9146 loss_ldl=3.0361 lr=0.00016254 grad_norm=4.0374 throughput=36.21 img/s eta_seconds=91.4 gpu_alloc=488.9MiB gpu_reserved=4406.0MiB skipped_batches=0
2026-08-15 13:01:25,217 | INFO | epoch=11 batch=800 global_step=3776 loss_reg_months=4.9479 loss_ldl=3.2920 lr=0.00016254 grad_norm=2.1503 throughput=36.25 img/s eta_seconds=83.1 gpu_alloc=488.9MiB gpu_reserved=4406.0MiB skipped_batches=0
2026-08-15 13:01:33,247 | INFO | epoch=11 batch=825 global_step=3785 loss_reg_months=4.9490 loss_ldl=3.5395 lr=0.00016254 grad_norm=1.7452 throughput=36.28 img/s eta_seconds=74.7 gpu_alloc=378.7MiB gpu_reserved=4406.0MiB skipped_batches=0
2026-08-15 13:01:41,390 | INFO | epoch=11 batch=850 global_step=3793 loss_reg_months=4.9413 loss_ldl=3.3596 lr=0.00016254 grad_norm=2.6492 throughput=36.30 img/s eta_seconds=66.4 gpu_alloc=488.9MiB gpu_reserved=4406.0MiB skipped_batches=0
2026-08-15 13:01:49,332 | INFO | epoch=11 batch=875 global_step=3801 loss_reg_months=4.9246 loss_ldl=3.0638 lr=0.00016254 grad_norm=2.7866 throughput=36.34 img/s eta_seconds=58.1 gpu_alloc=488.9MiB gpu_reserved=4406.0MiB skipped_batches=0
2026-08-15 13:01:57,534 | INFO | epoch=11 batch=900 global_step=3810 loss_reg_months=4.9375 loss_ldl=3.6040 lr=0.00016254 grad_norm=3.6669 throughput=36.35 img/s eta_seconds=49.8 gpu_alloc=378.7MiB gpu_reserved=4406.0MiB skipped_batches=0
2026-08-15 13:02:05,555 | INFO | epoch=11 batch=925 global_step=3818 loss_reg_months=4.9511 loss_ldl=3.4214 lr=0.00016254 grad_norm=1.6463 throughput=36.37 img/s eta_seconds=41.5 gpu_alloc=488.9MiB gpu_reserved=4406.0MiB skipped_batches=0
2026-08-15 13:02:13,565 | INFO | epoch=11 batch=950 global_step=3826 loss_reg_months=4.9436 loss_ldl=3.1992 lr=0.00016254 grad_norm=3.1453 throughput=36.40 img/s eta_seconds=33.3 gpu_alloc=488.9MiB gpu_reserved=4406.0MiB skipped_batches=0
2026-08-15 13:02:21,771 | INFO | epoch=11 batch=975 global_step=3835 loss_reg_months=4.9275 loss_ldl=3.3436 lr=0.00016254 grad_norm=2.3699 throughput=36.40 img/s eta_seconds=25.0 gpu_alloc=378.7MiB gpu_reserved=4406.0MiB skipped_batches=0
2026-08-15 13:02:29,667 | INFO | epoch=11 batch=1000 global_step=3843 loss_reg_months=4.9163 loss_ldl=3.2659 lr=0.00016254 grad_norm=2.2564 throughput=36.44 img/s eta_seconds=16.8 gpu_alloc=488.9MiB gpu_reserved=4406.0MiB skipped_batches=0
2026-08-15 13:02:37,573 | INFO | epoch=11 batch=1025 global_step=3851 loss_reg_months=4.9324 loss_ldl=3.8345 lr=0.00016254 grad_norm=2.1953 throughput=36.48 img/s eta_seconds=8.5 gpu_alloc=488.9MiB gpu_reserved=4406.0MiB skipped_batches=0
2026-08-15 13:02:45,555 | INFO | epoch=11 batch=1050 global_step=3860 loss_reg_months=4.9336 loss_ldl=3.2267 lr=0.00016254 grad_norm=2.4516 throughput=36.50 img/s eta_seconds=0.3 gpu_alloc=378.7MiB gpu_reserved=4406.0MiB skipped_batches=0
2026-08-15 13:03:14,525 | INFO | 
TRAINING REVIEW SNAPSHOT
Run ID / config hash / split hash: P4_D3_CONVNEXT_TINY_LDL_SIGMA2_LAMBDA02_SEED42 / 60369b250430 / 7328667e6822+f650a20432b5
Epoch / global step: 11 / 3861
Train loss: 4.9322
Validation MAE / RMSE / median AE: 6.6677 / 8.8869 / 5.1550
MAE nam / nữ / age bins: {'F': 6.692045984092665, 'M': 6.647202959344427} / {'0-59': 7.936139127041431, '120-179': 6.583119575113832, '60-119': 6.570974146654158, '180-228': 6.568728446960449}
Learning rate / peak VRAM: 0.00016254 / 4406.0 MiB
Best epoch / best MAE / epochs không cải thiện: 9 / 6.5484 / 2
Cảnh báo hiện tại: KHÔNG
Checkpoint gần nhất: p1_baseline\runs\P4_D3_CONVNEXT_TINY_LDL_SIGMA2_LAMBDA02_SEED42\last.ckpt
Checkpoint tốt nhất: p1_baseline\runs\P4_D3_CONVNEXT_TINY_LDL_SIGMA2_LAMBDA02_SEED42\best_mae.ckpt
Đề xuất tự động: TIẾP TỤC
2026-08-15 13:03:31,556 | INFO | epoch=12 batch=25 global_step=3869 loss_reg_months=4.7322 loss_ldl=3.0514 lr=0.00015531 grad_norm=2.4487 throughput=20.14 img/s eta_seconds=611.4 gpu_alloc=488.9MiB gpu_reserved=4406.0MiB skipped_batches=0
2026-08-15 13:03:39,442 | INFO | epoch=12 batch=50 global_step=3877 loss_reg_months=4.7282 loss_ldl=3.1902 lr=0.00015531 grad_norm=2.8793 throughput=26.33 img/s eta_seconds=456.1 gpu_alloc=488.9MiB gpu_reserved=4406.0MiB skipped_batches=0
2026-08-15 13:03:47,416 | INFO | epoch=12 batch=75 global_step=3886 loss_reg_months=4.8176 loss_ldl=3.4742 lr=0.00015531 grad_norm=2.1684 throughput=29.26 img/s eta_seconds=400.3 gpu_alloc=378.7MiB gpu_reserved=4406.0MiB skipped_batches=0
2026-08-15 13:03:55,578 | INFO | epoch=12 batch=100 global_step=3894 loss_reg_months=4.7893 loss_ldl=3.4547 lr=0.00015531 grad_norm=2.5900 throughput=30.83 img/s eta_seconds=370.1 gpu_alloc=488.9MiB gpu_reserved=4406.0MiB skipped_batches=0
2026-08-15 13:04:03,459 | INFO | epoch=12 batch=125 global_step=3902 loss_reg_months=4.8275 loss_ldl=3.9407 lr=0.00015531 grad_norm=4.0082 throughput=32.05 img/s eta_seconds=346.7 gpu_alloc=488.9MiB gpu_reserved=4406.0MiB skipped_batches=0
2026-08-15 13:04:11,437 | INFO | epoch=12 batch=150 global_step=3911 loss_reg_months=4.9330 loss_ldl=3.4070 lr=0.00015531 grad_norm=2.4362 throughput=32.86 img/s eta_seconds=329.0 gpu_alloc=378.7MiB gpu_reserved=4406.0MiB skipped_batches=0
2026-08-15 13:04:19,807 | INFO | epoch=12 batch=175 global_step=3919 loss_reg_months=4.9949 loss_ldl=3.8249 lr=0.00015531 grad_norm=3.5615 throughput=33.25 img/s eta_seconds=316.1 gpu_alloc=488.9MiB gpu_reserved=4406.0MiB skipped_batches=0
2026-08-15 13:04:27,883 | INFO | epoch=12 batch=200 global_step=3927 loss_reg_months=5.0242 loss_ldl=3.4167 lr=0.00015531 grad_norm=2.1305 throughput=33.70 img/s eta_seconds=303.0 gpu_alloc=488.9MiB gpu_reserved=4406.0MiB skipped_batches=0
2026-08-15 13:04:36,128 | INFO | epoch=12 batch=225 global_step=3936 loss_reg_months=4.9307 loss_ldl=3.1587 lr=0.00015531 grad_norm=2.2804 throughput=33.97 img/s eta_seconds=291.7 gpu_alloc=378.7MiB gpu_reserved=4406.0MiB skipped_batches=0
2026-08-15 13:04:44,290 | INFO | epoch=12 batch=250 global_step=3944 loss_reg_months=4.8981 loss_ldl=3.4788 lr=0.00015531 grad_norm=2.3072 throughput=34.23 img/s eta_seconds=280.7 gpu_alloc=488.9MiB gpu_reserved=4406.0MiB skipped_batches=0
2026-08-15 13:04:52,196 | INFO | epoch=12 batch=275 global_step=3952 loss_reg_months=4.9029 loss_ldl=4.5521 lr=0.00015531 grad_norm=1.7858 throughput=34.54 img/s eta_seconds=269.6 gpu_alloc=488.9MiB gpu_reserved=4406.0MiB skipped_batches=0
2026-08-15 13:05:00,403 | INFO | epoch=12 batch=300 global_step=3961 loss_reg_months=4.8705 loss_ldl=3.1508 lr=0.00015531 grad_norm=2.4113 throughput=34.70 img/s eta_seconds=259.7 gpu_alloc=378.7MiB gpu_reserved=4406.0MiB skipped_batches=0
2026-08-15 13:05:08,602 | INFO | epoch=12 batch=325 global_step=3969 loss_reg_months=4.8674 loss_ldl=3.4615 lr=0.00015531 grad_norm=2.1078 throughput=34.84 img/s eta_seconds=250.0 gpu_alloc=488.9MiB gpu_reserved=4406.0MiB skipped_batches=0
2026-08-15 13:05:16,654 | INFO | epoch=12 batch=350 global_step=3977 loss_reg_months=4.8387 loss_ldl=3.0777 lr=0.00015531 grad_norm=2.5552 throughput=35.00 img/s eta_seconds=240.3 gpu_alloc=488.9MiB gpu_reserved=4406.0MiB skipped_batches=0
2026-08-15 13:05:24,816 | INFO | epoch=12 batch=375 global_step=3986 loss_reg_months=4.8479 loss_ldl=3.1298 lr=0.00015531 grad_norm=2.5261 throughput=35.11 img/s eta_seconds=231.0 gpu_alloc=378.7MiB gpu_reserved=4406.0MiB skipped_batches=0
2026-08-15 13:05:32,940 | INFO | epoch=12 batch=400 global_step=3994 loss_reg_months=4.8460 loss_ldl=3.6832 lr=0.00015531 grad_norm=2.7493 throughput=35.22 img/s eta_seconds=221.8 gpu_alloc=488.9MiB gpu_reserved=4406.0MiB skipped_batches=0
2026-08-15 13:05:42,254 | INFO | epoch=12 batch=425 global_step=4002 loss_reg_months=4.8376 loss_ldl=3.8251 lr=0.00015531 grad_norm=2.5404 throughput=35.03 img/s eta_seconds=214.4 gpu_alloc=488.9MiB gpu_reserved=4406.0MiB skipped_batches=0
2026-08-15 13:05:50,348 | INFO | epoch=12 batch=450 global_step=4011 loss_reg_months=4.8329 loss_ldl=3.5918 lr=0.00015531 grad_norm=2.4159 throughput=35.14 img/s eta_seconds=205.2 gpu_alloc=378.7MiB gpu_reserved=4406.0MiB skipped_batches=0
2026-08-15 13:05:58,431 | INFO | epoch=12 batch=475 global_step=4019 loss_reg_months=4.8230 loss_ldl=3.4628 lr=0.00015531 grad_norm=2.0877 throughput=35.23 img/s eta_seconds=196.1 gpu_alloc=488.9MiB gpu_reserved=4406.0MiB skipped_batches=0
2026-08-15 13:06:06,681 | INFO | epoch=12 batch=500 global_step=4027 loss_reg_months=4.7991 loss_ldl=3.8160 lr=0.00015531 grad_norm=2.0789 throughput=35.29 img/s eta_seconds=187.3 gpu_alloc=488.9MiB gpu_reserved=4406.0MiB skipped_batches=0
2026-08-15 13:06:15,016 | INFO | epoch=12 batch=525 global_step=4036 loss_reg_months=4.7947 loss_ldl=3.3993 lr=0.00015531 grad_norm=2.8211 throughput=35.32 img/s eta_seconds=178.7 gpu_alloc=378.7MiB gpu_reserved=4406.0MiB skipped_batches=0
2026-08-15 13:06:23,416 | INFO | epoch=12 batch=550 global_step=4044 loss_reg_months=4.7885 loss_ldl=3.2601 lr=0.00015531 grad_norm=2.0522 throughput=35.34 img/s eta_seconds=170.1 gpu_alloc=488.9MiB gpu_reserved=4406.0MiB skipped_batches=0
2026-08-15 13:06:31,481 | INFO | epoch=12 batch=575 global_step=4052 loss_reg_months=4.7749 loss_ldl=3.0381 lr=0.00015531 grad_norm=2.1035 throughput=35.42 img/s eta_seconds=161.3 gpu_alloc=488.9MiB gpu_reserved=4406.0MiB skipped_batches=0
2026-08-15 13:06:39,930 | INFO | epoch=12 batch=600 global_step=4061 loss_reg_months=4.7861 loss_ldl=3.6777 lr=0.00015531 grad_norm=2.5796 throughput=35.42 img/s eta_seconds=152.8 gpu_alloc=378.7MiB gpu_reserved=4406.0MiB skipped_batches=0
2026-08-15 13:06:48,006 | INFO | epoch=12 batch=625 global_step=4069 loss_reg_months=4.7764 loss_ldl=3.1027 lr=0.00015531 grad_norm=1.7148 throughput=35.49 img/s eta_seconds=144.0 gpu_alloc=488.9MiB gpu_reserved=4406.0MiB skipped_batches=0
2026-08-15 13:06:56,224 | INFO | epoch=12 batch=650 global_step=4077 loss_reg_months=4.7502 loss_ldl=3.2047 lr=0.00015531 grad_norm=2.0499 throughput=35.52 img/s eta_seconds=135.4 gpu_alloc=488.9MiB gpu_reserved=4406.0MiB skipped_batches=0
2026-08-15 13:07:04,764 | INFO | epoch=12 batch=675 global_step=4086 loss_reg_months=4.7375 loss_ldl=3.2515 lr=0.00015531 grad_norm=1.8974 throughput=35.51 img/s eta_seconds=127.0 gpu_alloc=378.7MiB gpu_reserved=4406.0MiB skipped_batches=0
2026-08-15 13:07:12,986 | INFO | epoch=12 batch=700 global_step=4094 loss_reg_months=4.7271 loss_ldl=2.9858 lr=0.00015531 grad_norm=2.1902 throughput=35.54 img/s eta_seconds=118.5 gpu_alloc=488.9MiB gpu_reserved=4406.0MiB skipped_batches=0
2026-08-15 13:07:21,028 | INFO | epoch=12 batch=725 global_step=4102 loss_reg_months=4.7367 loss_ldl=3.5461 lr=0.00015531 grad_norm=2.5748 throughput=35.60 img/s eta_seconds=109.9 gpu_alloc=488.9MiB gpu_reserved=4406.0MiB skipped_batches=0
2026-08-15 13:07:29,577 | INFO | epoch=12 batch=750 global_step=4111 loss_reg_months=4.7424 loss_ldl=3.0555 lr=0.00015531 grad_norm=2.3897 throughput=35.58 img/s eta_seconds=101.5 gpu_alloc=378.7MiB gpu_reserved=4406.0MiB skipped_batches=0
2026-08-15 13:07:37,628 | INFO | epoch=12 batch=775 global_step=4119 loss_reg_months=4.7291 loss_ldl=3.1662 lr=0.00015531 grad_norm=2.0607 throughput=35.64 img/s eta_seconds=92.9 gpu_alloc=488.9MiB gpu_reserved=4406.0MiB skipped_batches=0
2026-08-15 13:07:45,864 | INFO | epoch=12 batch=800 global_step=4127 loss_reg_months=4.7122 loss_ldl=3.5001 lr=0.00015531 grad_norm=2.1102 throughput=35.66 img/s eta_seconds=84.4 gpu_alloc=488.9MiB gpu_reserved=4406.0MiB skipped_batches=0
2026-08-15 13:07:54,065 | INFO | epoch=12 batch=825 global_step=4136 loss_reg_months=4.7317 loss_ldl=3.5736 lr=0.00015531 grad_norm=2.8279 throughput=35.69 img/s eta_seconds=76.0 gpu_alloc=378.7MiB gpu_reserved=4406.0MiB skipped_batches=0
2026-08-15 13:08:02,372 | INFO | epoch=12 batch=850 global_step=4144 loss_reg_months=4.7315 loss_ldl=3.2695 lr=0.00015531 grad_norm=3.4022 throughput=35.70 img/s eta_seconds=67.5 gpu_alloc=488.9MiB gpu_reserved=4406.0MiB skipped_batches=0
2026-08-15 13:08:10,795 | INFO | epoch=12 batch=875 global_step=4152 loss_reg_months=4.7448 loss_ldl=3.3138 lr=0.00015531 grad_norm=3.8576 throughput=35.70 img/s eta_seconds=59.1 gpu_alloc=488.9MiB gpu_reserved=4406.0MiB skipped_batches=0
2026-08-15 13:08:18,851 | INFO | epoch=12 batch=900 global_step=4161 loss_reg_months=4.7463 loss_ldl=3.2406 lr=0.00015531 grad_norm=2.2610 throughput=35.74 img/s eta_seconds=50.7 gpu_alloc=378.7MiB gpu_reserved=4406.0MiB skipped_batches=0
2026-08-15 13:08:26,767 | INFO | epoch=12 batch=925 global_step=4169 loss_reg_months=4.7496 loss_ldl=3.8402 lr=0.00015531 grad_norm=1.9391 throughput=35.79 img/s eta_seconds=42.2 gpu_alloc=488.9MiB gpu_reserved=4406.0MiB skipped_batches=0
2026-08-15 13:08:34,992 | INFO | epoch=12 batch=950 global_step=4177 loss_reg_months=4.7594 loss_ldl=3.0097 lr=0.00015531 grad_norm=3.2860 throughput=35.81 img/s eta_seconds=33.8 gpu_alloc=488.9MiB gpu_reserved=4406.0MiB skipped_batches=0
2026-08-15 13:08:43,190 | INFO | epoch=12 batch=975 global_step=4186 loss_reg_months=4.7547 loss_ldl=3.8632 lr=0.00015531 grad_norm=2.2545 throughput=35.83 img/s eta_seconds=25.4 gpu_alloc=378.7MiB gpu_reserved=4406.0MiB skipped_batches=0
2026-08-15 13:08:51,256 | INFO | epoch=12 batch=1000 global_step=4194 loss_reg_months=4.7564 loss_ldl=3.2538 lr=0.00015531 grad_norm=3.5398 throughput=35.86 img/s eta_seconds=17.0 gpu_alloc=488.9MiB gpu_reserved=4406.0MiB skipped_batches=0
2026-08-15 13:08:59,262 | INFO | epoch=12 batch=1025 global_step=4202 loss_reg_months=4.7630 loss_ldl=3.7324 lr=0.00015531 grad_norm=2.2519 throughput=35.90 img/s eta_seconds=8.7 gpu_alloc=488.9MiB gpu_reserved=4406.0MiB skipped_batches=0
2026-08-15 13:09:07,501 | INFO | epoch=12 batch=1050 global_step=4211 loss_reg_months=4.7629 loss_ldl=3.6143 lr=0.00015531 grad_norm=2.6616 throughput=35.91 img/s eta_seconds=0.3 gpu_alloc=378.7MiB gpu_reserved=4406.0MiB skipped_batches=0
2026-08-15 13:09:43,610 | INFO | 
TRAINING REVIEW SNAPSHOT
Run ID / config hash / split hash: P4_D3_CONVNEXT_TINY_LDL_SIGMA2_LAMBDA02_SEED42 / 60369b250430 / 7328667e6822+f650a20432b5
Epoch / global step: 12 / 4212
Train loss: 4.7649
Validation MAE / RMSE / median AE: 6.4717 / 8.8440 / 4.7140
MAE nam / nữ / age bins: {'F': 6.704354833240158, 'M': 6.275454105411741} / {'0-59': 7.233928436928607, '120-179': 6.3659636281771474, '60-119': 7.0203973605548065, '180-228': 4.891210675239563}
Learning rate / peak VRAM: 0.00015531 / 4406.0 MiB
Best epoch / best MAE / epochs không cải thiện: 12 / 6.4717 / 0
Cảnh báo hiện tại: KHÔNG
Checkpoint gần nhất: p1_baseline\runs\P4_D3_CONVNEXT_TINY_LDL_SIGMA2_LAMBDA02_SEED42\last.ckpt
Checkpoint tốt nhất: p1_baseline\runs\P4_D3_CONVNEXT_TINY_LDL_SIGMA2_LAMBDA02_SEED42\best_mae.ckpt
Đề xuất tự động: TIẾP TỤC
2026-08-15 13:10:06,349 | INFO | epoch=13 batch=25 global_step=4220 loss_reg_months=4.1711 loss_ldl=3.1171 lr=0.00014765 grad_norm=2.3632 throughput=19.90 img/s eta_seconds=618.6 gpu_alloc=488.9MiB gpu_reserved=4406.0MiB skipped_batches=0
2026-08-15 13:10:14,515 | INFO | epoch=13 batch=50 global_step=4228 loss_reg_months=4.4633 loss_ldl=3.0959 lr=0.00014765 grad_norm=2.3324 throughput=25.82 img/s eta_seconds=465.3 gpu_alloc=488.9MiB gpu_reserved=4406.0MiB skipped_batches=0
2026-08-15 13:10:22,606 | INFO | epoch=13 batch=75 global_step=4237 loss_reg_months=4.3883 loss_ldl=3.6144 lr=0.00014765 grad_norm=2.6845 throughput=28.72 img/s eta_seconds=407.7 gpu_alloc=378.7MiB gpu_reserved=4406.0MiB skipped_batches=0
2026-08-15 13:10:30,818 | INFO | epoch=13 batch=100 global_step=4245 loss_reg_months=4.4567 loss_ldl=3.6881 lr=0.00014765 grad_norm=3.4887 throughput=30.35 img/s eta_seconds=376.0 gpu_alloc=488.9MiB gpu_reserved=4406.0MiB skipped_batches=0
2026-08-15 13:10:39,290 | INFO | epoch=13 batch=125 global_step=4253 loss_reg_months=4.4286 loss_ldl=3.1071 lr=0.00014765 grad_norm=1.5200 throughput=31.24 img/s eta_seconds=355.7 gpu_alloc=488.9MiB gpu_reserved=4406.0MiB skipped_batches=0
2026-08-15 13:10:47,337 | INFO | epoch=13 batch=150 global_step=4262 loss_reg_months=4.4295 loss_ldl=3.1647 lr=0.00014765 grad_norm=2.5841 throughput=32.11 img/s eta_seconds=336.7 gpu_alloc=378.7MiB gpu_reserved=4406.0MiB skipped_batches=0
2026-08-15 13:10:55,547 | INFO | epoch=13 batch=175 global_step=4270 loss_reg_months=4.3417 loss_ldl=3.1116 lr=0.00014765 grad_norm=3.0315 throughput=32.67 img/s eta_seconds=321.7 gpu_alloc=488.9MiB gpu_reserved=4406.0MiB skipped_batches=0
2026-08-15 13:11:03,562 | INFO | epoch=13 batch=200 global_step=4278 loss_reg_months=4.3483 loss_ldl=4.2124 lr=0.00014765 grad_norm=2.1784 throughput=33.20 img/s eta_seconds=307.6 gpu_alloc=488.9MiB gpu_reserved=4406.0MiB skipped_batches=0
2026-08-15 13:11:11,813 | INFO | epoch=13 batch=225 global_step=4287 loss_reg_months=4.3605 loss_ldl=3.5416 lr=0.00014765 grad_norm=2.3154 throughput=33.52 img/s eta_seconds=295.6 gpu_alloc=378.7MiB gpu_reserved=4406.0MiB skipped_batches=0
2026-08-15 13:11:19,813 | INFO | epoch=13 batch=250 global_step=4295 loss_reg_months=4.3763 loss_ldl=3.3507 lr=0.00014765 grad_norm=2.4246 throughput=33.88 img/s eta_seconds=283.6 gpu_alloc=488.9MiB gpu_reserved=4406.0MiB skipped_batches=0
2026-08-15 13:11:28,044 | INFO | epoch=13 batch=275 global_step=4303 loss_reg_months=4.3819 loss_ldl=3.2394 lr=0.00014765 grad_norm=3.8767 throughput=34.10 img/s eta_seconds=273.0 gpu_alloc=488.9MiB gpu_reserved=4406.0MiB skipped_batches=0
2026-08-15 13:11:36,033 | INFO | epoch=13 batch=300 global_step=4312 loss_reg_months=4.4434 loss_ldl=3.7246 lr=0.00014765 grad_norm=2.8986 throughput=34.36 img/s eta_seconds=262.2 gpu_alloc=378.7MiB gpu_reserved=4406.0MiB skipped_batches=0
2026-08-15 13:11:44,374 | INFO | epoch=13 batch=325 global_step=4320 loss_reg_months=4.4340 loss_ldl=3.1532 lr=0.00014765 grad_norm=2.7043 throughput=34.48 img/s eta_seconds=252.6 gpu_alloc=488.9MiB gpu_reserved=4406.0MiB skipped_batches=0
2026-08-15 13:11:52,579 | INFO | epoch=13 batch=350 global_step=4328 loss_reg_months=4.4739 loss_ldl=3.2174 lr=0.00014765 grad_norm=3.0869 throughput=34.62 img/s eta_seconds=242.9 gpu_alloc=488.9MiB gpu_reserved=4406.0MiB skipped_batches=0
2026-08-15 13:12:00,696 | INFO | epoch=13 batch=375 global_step=4337 loss_reg_months=4.4730 loss_ldl=3.2848 lr=0.00014765 grad_norm=2.6513 throughput=34.77 img/s eta_seconds=233.3 gpu_alloc=378.7MiB gpu_reserved=4406.0MiB skipped_batches=0
2026-08-15 13:12:08,754 | INFO | epoch=13 batch=400 global_step=4345 loss_reg_months=4.5023 loss_ldl=3.2791 lr=0.00014765 grad_norm=2.6524 throughput=34.91 img/s eta_seconds=223.7 gpu_alloc=488.9MiB gpu_reserved=4406.0MiB skipped_batches=0
2026-08-15 13:12:16,939 | INFO | epoch=13 batch=425 global_step=4353 loss_reg_months=4.4943 loss_ldl=3.9951 lr=0.00014765 grad_norm=2.7847 throughput=35.01 img/s eta_seconds=214.5 gpu_alloc=488.9MiB gpu_reserved=4406.0MiB skipped_batches=0
2026-08-15 13:12:24,984 | INFO | epoch=13 batch=450 global_step=4362 loss_reg_months=4.5040 loss_ldl=3.1141 lr=0.00014765 grad_norm=2.6508 throughput=35.13 img/s eta_seconds=205.3 gpu_alloc=378.7MiB gpu_reserved=4406.0MiB skipped_batches=0
2026-08-15 13:12:33,079 | INFO | epoch=13 batch=475 global_step=4370 loss_reg_months=4.5314 loss_ldl=3.2424 lr=0.00014765 grad_norm=3.4018 throughput=35.23 img/s eta_seconds=196.2 gpu_alloc=488.9MiB gpu_reserved=4406.0MiB skipped_batches=0
2026-08-15 13:12:41,260 | INFO | epoch=13 batch=500 global_step=4378 loss_reg_months=4.5224 loss_ldl=3.3027 lr=0.00014765 grad_norm=2.9203 throughput=35.30 img/s eta_seconds=187.3 gpu_alloc=488.9MiB gpu_reserved=4406.0MiB skipped_batches=0
2026-08-15 13:12:49,726 | INFO | epoch=13 batch=525 global_step=4387 loss_reg_months=4.5568 loss_ldl=3.3611 lr=0.00014765 grad_norm=2.6442 throughput=35.30 img/s eta_seconds=178.8 gpu_alloc=378.7MiB gpu_reserved=4406.0MiB skipped_batches=0
2026-08-15 13:12:57,806 | INFO | epoch=13 batch=550 global_step=4395 loss_reg_months=4.5719 loss_ldl=3.2216 lr=0.00014765 grad_norm=2.2669 throughput=35.38 img/s eta_seconds=169.9 gpu_alloc=488.9MiB gpu_reserved=4406.0MiB skipped_batches=0
2026-08-15 13:13:06,003 | INFO | epoch=13 batch=575 global_step=4403 loss_reg_months=4.5795 loss_ldl=3.2986 lr=0.00014765 grad_norm=2.7929 throughput=35.43 img/s eta_seconds=161.2 gpu_alloc=488.9MiB gpu_reserved=4406.0MiB skipped_batches=0
2026-08-15 13:13:14,200 | INFO | epoch=13 batch=600 global_step=4412 loss_reg_months=4.5857 loss_ldl=3.1966 lr=0.00014765 grad_norm=2.7739 throughput=35.48 img/s eta_seconds=152.5 gpu_alloc=378.7MiB gpu_reserved=4406.0MiB skipped_batches=0
2026-08-15 13:13:22,161 | INFO | epoch=13 batch=625 global_step=4420 loss_reg_months=4.5810 loss_ldl=2.9538 lr=0.00014765 grad_norm=2.4070 throughput=35.56 img/s eta_seconds=143.7 gpu_alloc=488.9MiB gpu_reserved=4406.0MiB skipped_batches=0
2026-08-15 13:13:30,115 | INFO | epoch=13 batch=650 global_step=4428 loss_reg_months=4.5818 loss_ldl=3.3443 lr=0.00014765 grad_norm=2.1931 throughput=35.64 img/s eta_seconds=135.0 gpu_alloc=488.9MiB gpu_reserved=4406.0MiB skipped_batches=0
2026-08-15 13:13:38,394 | INFO | epoch=13 batch=675 global_step=4437 loss_reg_months=4.5741 loss_ldl=3.1545 lr=0.00014765 grad_norm=2.4549 throughput=35.66 img/s eta_seconds=126.5 gpu_alloc=378.7MiB gpu_reserved=4406.0MiB skipped_batches=0
2026-08-15 13:13:46,427 | INFO | epoch=13 batch=700 global_step=4445 loss_reg_months=4.5881 loss_ldl=3.3759 lr=0.00014765 grad_norm=3.2258 throughput=35.72 img/s eta_seconds=117.9 gpu_alloc=488.9MiB gpu_reserved=4406.0MiB skipped_batches=0
2026-08-15 13:13:54,451 | INFO | epoch=13 batch=725 global_step=4453 loss_reg_months=4.5828 loss_ldl=3.1571 lr=0.00014765 grad_norm=3.8099 throughput=35.78 img/s eta_seconds=109.3 gpu_alloc=488.9MiB gpu_reserved=4406.0MiB skipped_batches=0
2026-08-15 13:14:02,822 | INFO | epoch=13 batch=750 global_step=4462 loss_reg_months=4.5888 loss_ldl=3.0735 lr=0.00014765 grad_norm=2.7005 throughput=35.78 img/s eta_seconds=100.9 gpu_alloc=378.7MiB gpu_reserved=4406.0MiB skipped_batches=0
2026-08-15 13:14:10,941 | INFO | epoch=13 batch=775 global_step=4470 loss_reg_months=4.6006 loss_ldl=3.3854 lr=0.00014765 grad_norm=1.9071 throughput=35.82 img/s eta_seconds=92.4 gpu_alloc=488.9MiB gpu_reserved=4406.0MiB skipped_batches=0
2026-08-15 13:14:18,887 | INFO | epoch=13 batch=800 global_step=4478 loss_reg_months=4.6223 loss_ldl=3.2340 lr=0.00014765 grad_norm=3.3105 throughput=35.87 img/s eta_seconds=83.9 gpu_alloc=488.9MiB gpu_reserved=4406.0MiB skipped_batches=0
2026-08-15 13:14:27,231 | INFO | epoch=13 batch=825 global_step=4487 loss_reg_months=4.6270 loss_ldl=3.2492 lr=0.00014765 grad_norm=1.8631 throughput=35.88 img/s eta_seconds=75.6 gpu_alloc=378.7MiB gpu_reserved=4406.0MiB skipped_batches=0
2026-08-15 13:14:35,386 | INFO | epoch=13 batch=850 global_step=4495 loss_reg_months=4.6172 loss_ldl=3.4161 lr=0.00014765 grad_norm=2.1850 throughput=35.90 img/s eta_seconds=67.2 gpu_alloc=488.9MiB gpu_reserved=4406.0MiB skipped_batches=0
2026-08-15 13:14:44,882 | INFO | epoch=13 batch=875 global_step=4503 loss_reg_months=4.6167 loss_ldl=3.0347 lr=0.00014765 grad_norm=2.1240 throughput=35.76 img/s eta_seconds=59.0 gpu_alloc=488.9MiB gpu_reserved=4406.0MiB skipped_batches=0
2026-08-15 13:14:52,880 | INFO | epoch=13 batch=900 global_step=4512 loss_reg_months=4.6177 loss_ldl=3.4200 lr=0.00014765 grad_norm=2.4462 throughput=35.81 img/s eta_seconds=50.6 gpu_alloc=378.7MiB gpu_reserved=4406.0MiB skipped_batches=0
2026-08-15 13:15:00,864 | INFO | epoch=13 batch=925 global_step=4520 loss_reg_months=4.6157 loss_ldl=3.4272 lr=0.00014765 grad_norm=1.5294 throughput=35.85 img/s eta_seconds=42.1 gpu_alloc=488.9MiB gpu_reserved=4406.0MiB skipped_batches=0
2026-08-15 13:15:09,041 | INFO | epoch=13 batch=950 global_step=4528 loss_reg_months=4.6163 loss_ldl=3.1182 lr=0.00014765 grad_norm=1.8378 throughput=35.88 img/s eta_seconds=33.8 gpu_alloc=488.9MiB gpu_reserved=4406.0MiB skipped_batches=0
2026-08-15 13:15:17,076 | INFO | epoch=13 batch=975 global_step=4537 loss_reg_months=4.6147 loss_ldl=3.3470 lr=0.00014765 grad_norm=2.9647 throughput=35.91 img/s eta_seconds=25.4 gpu_alloc=378.7MiB gpu_reserved=4406.0MiB skipped_batches=0
2026-08-15 13:15:25,309 | INFO | epoch=13 batch=1000 global_step=4545 loss_reg_months=4.6080 loss_ldl=3.6619 lr=0.00014765 grad_norm=1.5931 throughput=35.92 img/s eta_seconds=17.0 gpu_alloc=488.9MiB gpu_reserved=4406.0MiB skipped_batches=0
2026-08-15 13:15:33,787 | INFO | epoch=13 batch=1025 global_step=4553 loss_reg_months=4.6074 loss_ldl=3.3678 lr=0.00014765 grad_norm=2.0494 throughput=35.91 img/s eta_seconds=8.7 gpu_alloc=488.9MiB gpu_reserved=4406.0MiB skipped_batches=0
2026-08-15 13:15:42,143 | INFO | epoch=13 batch=1050 global_step=4562 loss_reg_months=4.6198 loss_ldl=3.1533 lr=0.00014765 grad_norm=3.3955 throughput=35.91 img/s eta_seconds=0.3 gpu_alloc=378.7MiB gpu_reserved=4406.0MiB skipped_batches=0
2026-08-15 13:16:17,456 | INFO | 
TRAINING REVIEW SNAPSHOT
Run ID / config hash / split hash: P4_D3_CONVNEXT_TINY_LDL_SIGMA2_LAMBDA02_SEED42 / 60369b250430 / 7328667e6822+f650a20432b5
Epoch / global step: 13 / 4563
Train loss: 4.6223
Validation MAE / RMSE / median AE: 6.1454 / 8.4281 / 4.6275
MAE nam / nữ / age bins: {'F': 6.4545140719852565, 'M': 5.8846984581990505} / {'0-59': 6.992240408633617, '120-179': 5.831592177873194, '60-119': 6.846003953575483, '180-228': 5.350475430488586}
Learning rate / peak VRAM: 0.00014765 / 4406.0 MiB
Best epoch / best MAE / epochs không cải thiện: 13 / 6.1454 / 0
Cảnh báo hiện tại: KHÔNG
Checkpoint gần nhất: p1_baseline\runs\P4_D3_CONVNEXT_TINY_LDL_SIGMA2_LAMBDA02_SEED42\last.ckpt
Checkpoint tốt nhất: p1_baseline\runs\P4_D3_CONVNEXT_TINY_LDL_SIGMA2_LAMBDA02_SEED42\best_mae.ckpt
Đề xuất tự động: TIẾP TỤC
2026-08-15 13:16:37,107 | INFO | epoch=14 batch=25 global_step=4571 loss_reg_months=4.7335 loss_ldl=3.1545 lr=0.00013961 grad_norm=1.7197 throughput=18.88 img/s eta_seconds=652.0 gpu_alloc=488.9MiB gpu_reserved=4406.0MiB skipped_batches=0
2026-08-15 13:16:45,120 | INFO | epoch=14 batch=50 global_step=4579 loss_reg_months=4.5541 loss_ldl=3.6659 lr=0.00013961 grad_norm=1.9334 throughput=25.10 img/s eta_seconds=478.5 gpu_alloc=488.9MiB gpu_reserved=4406.0MiB skipped_batches=0
2026-08-15 13:16:53,251 | INFO | epoch=14 batch=75 global_step=4588 loss_reg_months=4.5773 loss_ldl=3.1923 lr=0.00013961 grad_norm=3.5451 throughput=28.10 img/s eta_seconds=416.8 gpu_alloc=378.7MiB gpu_reserved=4406.0MiB skipped_batches=0
2026-08-15 13:17:01,251 | INFO | epoch=14 batch=100 global_step=4596 loss_reg_months=4.5756 loss_ldl=3.4084 lr=0.00013961 grad_norm=1.8894 throughput=29.97 img/s eta_seconds=380.7 gpu_alloc=488.9MiB gpu_reserved=4406.0MiB skipped_batches=0
2026-08-15 13:17:09,301 | INFO | epoch=14 batch=125 global_step=4604 loss_reg_months=4.5846 loss_ldl=3.0359 lr=0.00013961 grad_norm=2.0411 throughput=31.20 img/s eta_seconds=356.2 gpu_alloc=488.9MiB gpu_reserved=4406.0MiB skipped_batches=0
2026-08-15 13:17:17,351 | INFO | epoch=14 batch=150 global_step=4613 loss_reg_months=4.5504 loss_ldl=3.2234 lr=0.00013961 grad_norm=1.8798 throughput=32.07 img/s eta_seconds=337.1 gpu_alloc=378.7MiB gpu_reserved=4406.0MiB skipped_batches=0
2026-08-15 13:17:25,505 | INFO | epoch=14 batch=175 global_step=4621 loss_reg_months=4.4866 loss_ldl=2.9576 lr=0.00013961 grad_norm=5.4157 throughput=32.67 img/s eta_seconds=321.8 gpu_alloc=488.9MiB gpu_reserved=4406.0MiB skipped_batches=0
2026-08-15 13:17:33,560 | INFO | epoch=14 batch=200 global_step=4629 loss_reg_months=4.4826 loss_ldl=3.4741 lr=0.00013961 grad_norm=2.1217 throughput=33.18 img/s eta_seconds=307.8 gpu_alloc=488.9MiB gpu_reserved=4406.0MiB skipped_batches=0
2026-08-15 13:17:41,769 | INFO | epoch=14 batch=225 global_step=4638 loss_reg_months=4.4934 loss_ldl=3.1100 lr=0.00013961 grad_norm=2.2044 throughput=33.52 img/s eta_seconds=295.7 gpu_alloc=378.7MiB gpu_reserved=4406.0MiB skipped_batches=0
2026-08-15 13:17:49,946 | INFO | epoch=14 batch=250 global_step=4646 loss_reg_months=4.5238 loss_ldl=3.0632 lr=0.00013961 grad_norm=2.9611 throughput=33.81 img/s eta_seconds=284.3 gpu_alloc=488.9MiB gpu_reserved=4406.0MiB skipped_batches=0
2026-08-15 13:17:57,968 | INFO | epoch=14 batch=275 global_step=4654 loss_reg_months=4.5254 loss_ldl=3.8394 lr=0.00013961 grad_norm=1.9193 throughput=34.11 img/s eta_seconds=273.0 gpu_alloc=488.9MiB gpu_reserved=4406.0MiB skipped_batches=0
2026-08-15 13:18:06,176 | INFO | epoch=14 batch=300 global_step=4663 loss_reg_months=4.5504 loss_ldl=3.1353 lr=0.00013961 grad_norm=3.4433 throughput=34.30 img/s eta_seconds=262.7 gpu_alloc=378.7MiB gpu_reserved=4406.0MiB skipped_batches=0
2026-08-15 13:18:14,341 | INFO | epoch=14 batch=325 global_step=4671 loss_reg_months=4.5350 loss_ldl=3.0125 lr=0.00013961 grad_norm=2.3326 throughput=34.48 img/s eta_seconds=252.7 gpu_alloc=488.9MiB gpu_reserved=4406.0MiB skipped_batches=0
2026-08-15 13:18:22,418 | INFO | epoch=14 batch=350 global_step=4679 loss_reg_months=4.5253 loss_ldl=3.2805 lr=0.00013961 grad_norm=3.0890 throughput=34.65 img/s eta_seconds=242.7 gpu_alloc=488.9MiB gpu_reserved=4406.0MiB skipped_batches=0
2026-08-15 13:18:30,498 | INFO | epoch=14 batch=375 global_step=4688 loss_reg_months=4.5365 loss_ldl=3.2717 lr=0.00013961 grad_norm=2.7626 throughput=34.81 img/s eta_seconds=233.0 gpu_alloc=378.7MiB gpu_reserved=4406.0MiB skipped_batches=0
2026-08-15 13:18:38,666 | INFO | epoch=14 batch=400 global_step=4696 loss_reg_months=4.5372 loss_ldl=3.5639 lr=0.00013961 grad_norm=1.7417 throughput=34.92 img/s eta_seconds=223.7 gpu_alloc=488.9MiB gpu_reserved=4406.0MiB skipped_batches=0
2026-08-15 13:18:46,877 | INFO | epoch=14 batch=425 global_step=4704 loss_reg_months=4.5446 loss_ldl=3.1412 lr=0.00013961 grad_norm=2.2076 throughput=35.01 img/s eta_seconds=214.5 gpu_alloc=488.9MiB gpu_reserved=4406.0MiB skipped_batches=0
2026-08-15 13:18:55,094 | INFO | epoch=14 batch=450 global_step=4713 loss_reg_months=4.5343 loss_ldl=3.0802 lr=0.00013961 grad_norm=2.2528 throughput=35.09 img/s eta_seconds=205.5 gpu_alloc=378.7MiB gpu_reserved=4406.0MiB skipped_batches=0
2026-08-15 13:19:03,239 | INFO | epoch=14 batch=475 global_step=4721 loss_reg_months=4.5061 loss_ldl=3.2589 lr=0.00013961 grad_norm=1.8957 throughput=35.18 img/s eta_seconds=196.4 gpu_alloc=488.9MiB gpu_reserved=4406.0MiB skipped_batches=0
2026-08-15 13:19:11,205 | INFO | epoch=14 batch=500 global_step=4729 loss_reg_months=4.5138 loss_ldl=3.3133 lr=0.00013961 grad_norm=2.6458 throughput=35.30 img/s eta_seconds=187.3 gpu_alloc=488.9MiB gpu_reserved=4406.0MiB skipped_batches=0
2026-08-15 13:19:19,231 | INFO | epoch=14 batch=525 global_step=4738 loss_reg_months=4.5262 loss_ldl=3.3728 lr=0.00013961 grad_norm=1.9677 throughput=35.39 img/s eta_seconds=178.3 gpu_alloc=378.7MiB gpu_reserved=4406.0MiB skipped_batches=0
2026-08-15 13:19:27,460 | INFO | epoch=14 batch=550 global_step=4746 loss_reg_months=4.5313 loss_ldl=3.3924 lr=0.00013961 grad_norm=2.3205 throughput=35.44 img/s eta_seconds=169.6 gpu_alloc=488.9MiB gpu_reserved=4406.0MiB skipped_batches=0
2026-08-15 13:19:35,622 | INFO | epoch=14 batch=575 global_step=4754 loss_reg_months=4.5391 loss_ldl=3.5497 lr=0.00013961 grad_norm=3.4096 throughput=35.49 img/s eta_seconds=160.9 gpu_alloc=488.9MiB gpu_reserved=4406.0MiB skipped_batches=0
2026-08-15 13:19:43,631 | INFO | epoch=14 batch=600 global_step=4763 loss_reg_months=4.5339 loss_ldl=2.9703 lr=0.00013961 grad_norm=2.6484 throughput=35.57 img/s eta_seconds=152.1 gpu_alloc=378.7MiB gpu_reserved=4406.0MiB skipped_batches=0
2026-08-15 13:19:51,740 | INFO | epoch=14 batch=625 global_step=4771 loss_reg_months=4.5126 loss_ldl=3.6176 lr=0.00013961 grad_norm=1.9948 throughput=35.63 img/s eta_seconds=143.5 gpu_alloc=488.9MiB gpu_reserved=4406.0MiB skipped_batches=0
2026-08-15 13:19:59,813 | INFO | epoch=14 batch=650 global_step=4779 loss_reg_months=4.5101 loss_ldl=3.4229 lr=0.00013961 grad_norm=2.5100 throughput=35.68 img/s eta_seconds=134.8 gpu_alloc=488.9MiB gpu_reserved=4406.0MiB skipped_batches=0
2026-08-15 13:20:07,888 | INFO | epoch=14 batch=675 global_step=4788 loss_reg_months=4.5115 loss_ldl=3.7105 lr=0.00013961 grad_norm=2.4778 throughput=35.73 img/s eta_seconds=126.2 gpu_alloc=378.7MiB gpu_reserved=4406.0MiB skipped_batches=0
2026-08-15 13:20:15,855 | INFO | epoch=14 batch=700 global_step=4796 loss_reg_months=4.5267 loss_ldl=3.3063 lr=0.00013961 grad_norm=3.1224 throughput=35.80 img/s eta_seconds=117.6 gpu_alloc=488.9MiB gpu_reserved=4406.0MiB skipped_batches=0
2026-08-15 13:20:23,788 | INFO | epoch=14 batch=725 global_step=4804 loss_reg_months=4.5465 loss_ldl=3.1985 lr=0.00013961 grad_norm=2.1167 throughput=35.87 img/s eta_seconds=109.0 gpu_alloc=488.9MiB gpu_reserved=4406.0MiB skipped_batches=0
2026-08-15 13:20:31,757 | INFO | epoch=14 batch=750 global_step=4813 loss_reg_months=4.5337 loss_ldl=3.3610 lr=0.00013961 grad_norm=1.8988 throughput=35.92 img/s eta_seconds=100.5 gpu_alloc=378.7MiB gpu_reserved=4406.0MiB skipped_batches=0
2026-08-15 13:20:39,671 | INFO | epoch=14 batch=775 global_step=4821 loss_reg_months=4.5088 loss_ldl=3.4293 lr=0.00013961 grad_norm=2.3592 throughput=35.98 img/s eta_seconds=92.0 gpu_alloc=488.9MiB gpu_reserved=4406.0MiB skipped_batches=0
2026-08-15 13:20:47,973 | INFO | epoch=14 batch=800 global_step=4829 loss_reg_months=4.5228 loss_ldl=3.2885 lr=0.00013961 grad_norm=2.5684 throughput=35.99 img/s eta_seconds=83.7 gpu_alloc=488.9MiB gpu_reserved=4406.0MiB skipped_batches=0
2026-08-15 13:20:56,261 | INFO | epoch=14 batch=825 global_step=4838 loss_reg_months=4.5274 loss_ldl=3.2841 lr=0.00013961 grad_norm=2.1756 throughput=35.99 img/s eta_seconds=75.3 gpu_alloc=378.7MiB gpu_reserved=4406.0MiB skipped_batches=0
2026-08-15 13:21:04,530 | INFO | epoch=14 batch=850 global_step=4846 loss_reg_months=4.5222 loss_ldl=3.2071 lr=0.00013961 grad_norm=2.8274 throughput=36.00 img/s eta_seconds=67.0 gpu_alloc=488.9MiB gpu_reserved=4406.0MiB skipped_batches=0
2026-08-15 13:21:12,471 | INFO | epoch=14 batch=875 global_step=4854 loss_reg_months=4.5277 loss_ldl=3.1321 lr=0.00013961 grad_norm=2.8618 throughput=36.05 img/s eta_seconds=58.6 gpu_alloc=488.9MiB gpu_reserved=4406.0MiB skipped_batches=0
2026-08-15 13:21:20,980 | INFO | epoch=14 batch=900 global_step=4863 loss_reg_months=4.5224 loss_ldl=3.1961 lr=0.00013961 grad_norm=2.3251 throughput=36.03 img/s eta_seconds=50.3 gpu_alloc=378.7MiB gpu_reserved=4406.0MiB skipped_batches=0
2026-08-15 13:21:29,221 | INFO | epoch=14 batch=925 global_step=4871 loss_reg_months=4.5151 loss_ldl=3.6388 lr=0.00013961 grad_norm=2.4188 throughput=36.04 img/s eta_seconds=41.9 gpu_alloc=488.9MiB gpu_reserved=4406.0MiB skipped_batches=0
2026-08-15 13:21:37,251 | INFO | epoch=14 batch=950 global_step=4879 loss_reg_months=4.5163 loss_ldl=3.1565 lr=0.00013961 grad_norm=3.3290 throughput=36.07 img/s eta_seconds=33.6 gpu_alloc=488.9MiB gpu_reserved=4406.0MiB skipped_batches=0
2026-08-15 13:21:45,420 | INFO | epoch=14 batch=975 global_step=4888 loss_reg_months=4.5154 loss_ldl=3.7003 lr=0.00013961 grad_norm=2.6169 throughput=36.09 img/s eta_seconds=25.2 gpu_alloc=378.7MiB gpu_reserved=4406.0MiB skipped_batches=0
2026-08-15 13:21:53,407 | INFO | epoch=14 batch=1000 global_step=4896 loss_reg_months=4.5106 loss_ldl=3.8804 lr=0.00013961 grad_norm=1.6014 throughput=36.12 img/s eta_seconds=16.9 gpu_alloc=488.9MiB gpu_reserved=4406.0MiB skipped_batches=0
2026-08-15 13:22:01,526 | INFO | epoch=14 batch=1025 global_step=4904 loss_reg_months=4.5120 loss_ldl=3.3991 lr=0.00013961 grad_norm=3.1637 throughput=36.14 img/s eta_seconds=8.6 gpu_alloc=488.9MiB gpu_reserved=4406.0MiB skipped_batches=0
2026-08-15 13:22:09,869 | INFO | epoch=14 batch=1050 global_step=4913 loss_reg_months=4.5161 loss_ldl=3.1819 lr=0.00013961 grad_norm=1.7204 throughput=36.14 img/s eta_seconds=0.3 gpu_alloc=378.7MiB gpu_reserved=4406.0MiB skipped_batches=0
2026-08-15 13:22:39,773 | INFO | 
TRAINING REVIEW SNAPSHOT
Run ID / config hash / split hash: P4_D3_CONVNEXT_TINY_LDL_SIGMA2_LAMBDA02_SEED42 / 60369b250430 / 7328667e6822+f650a20432b5
Epoch / global step: 14 / 4914
Train loss: 4.5148
Validation MAE / RMSE / median AE: 6.2734 / 8.5410 / 4.6183
MAE nam / nữ / age bins: {'F': 6.594837740155086, 'M': 6.002352144554701} / {'0-59': 6.783859516711945, '120-179': 5.852289197471439, '60-119': 7.3796061985383785, '180-228': 5.155490756034851}
Learning rate / peak VRAM: 0.00013961 / 4406.0 MiB
Best epoch / best MAE / epochs không cải thiện: 13 / 6.1454 / 1
Cảnh báo hiện tại: KHÔNG
Checkpoint gần nhất: p1_baseline\runs\P4_D3_CONVNEXT_TINY_LDL_SIGMA2_LAMBDA02_SEED42\last.ckpt
Checkpoint tốt nhất: p1_baseline\runs\P4_D3_CONVNEXT_TINY_LDL_SIGMA2_LAMBDA02_SEED42\best_mae.ckpt
Đề xuất tự động: TIẾP TỤC
2026-08-15 13:22:58,388 | INFO | epoch=15 batch=25 global_step=4922 loss_reg_months=4.6873 loss_ldl=3.1526 lr=0.00013125 grad_norm=2.4472 throughput=19.17 img/s eta_seconds=642.0 gpu_alloc=488.9MiB gpu_reserved=4406.0MiB skipped_batches=0
2026-08-15 13:23:06,895 | INFO | epoch=15 batch=50 global_step=4930 loss_reg_months=4.3152 loss_ldl=3.1136 lr=0.00013125 grad_norm=1.9461 throughput=24.84 img/s eta_seconds=483.5 gpu_alloc=488.9MiB gpu_reserved=4406.0MiB skipped_batches=0
2026-08-15 13:23:15,113 | INFO | epoch=15 batch=75 global_step=4939 loss_reg_months=4.3137 loss_ldl=3.2147 lr=0.00013125 grad_norm=2.1377 throughput=27.80 img/s eta_seconds=421.2 gpu_alloc=378.7MiB gpu_reserved=4406.0MiB skipped_batches=0
2026-08-15 13:23:23,104 | INFO | epoch=15 batch=100 global_step=4947 loss_reg_months=4.3448 loss_ldl=3.4426 lr=0.00013125 grad_norm=2.7701 throughput=29.73 img/s eta_seconds=383.8 gpu_alloc=488.9MiB gpu_reserved=4406.0MiB skipped_batches=0
2026-08-15 13:23:31,313 | INFO | epoch=15 batch=125 global_step=4955 loss_reg_months=4.3031 loss_ldl=3.1271 lr=0.00013125 grad_norm=1.8821 throughput=30.88 img/s eta_seconds=359.8 gpu_alloc=488.9MiB gpu_reserved=4406.0MiB skipped_batches=0
2026-08-15 13:23:39,669 | INFO | epoch=15 batch=150 global_step=4964 loss_reg_months=4.2645 loss_ldl=3.1368 lr=0.00013125 grad_norm=2.2062 throughput=31.62 img/s eta_seconds=341.9 gpu_alloc=378.7MiB gpu_reserved=4406.0MiB skipped_batches=0
2026-08-15 13:23:47,798 | INFO | epoch=15 batch=175 global_step=4972 loss_reg_months=4.2937 loss_ldl=3.0351 lr=0.00013125 grad_norm=2.2149 throughput=32.28 img/s eta_seconds=325.6 gpu_alloc=488.9MiB gpu_reserved=4406.0MiB skipped_batches=0
2026-08-15 13:23:55,877 | INFO | epoch=15 batch=200 global_step=4980 loss_reg_months=4.2377 loss_ldl=3.0394 lr=0.00013125 grad_norm=2.7747 throughput=32.82 img/s eta_seconds=311.2 gpu_alloc=488.9MiB gpu_reserved=4406.0MiB skipped_batches=0
2026-08-15 13:24:04,174 | INFO | epoch=15 batch=225 global_step=4989 loss_reg_months=4.2713 loss_ldl=3.3739 lr=0.00013125 grad_norm=3.4721 throughput=33.16 img/s eta_seconds=298.9 gpu_alloc=378.7MiB gpu_reserved=4406.0MiB skipped_batches=0
2026-08-15 13:24:12,373 | INFO | epoch=15 batch=250 global_step=4997 loss_reg_months=4.2974 loss_ldl=3.3418 lr=0.00013125 grad_norm=2.2521 throughput=33.47 img/s eta_seconds=287.1 gpu_alloc=488.9MiB gpu_reserved=4406.0MiB skipped_batches=0
2026-08-15 13:24:21,881 | INFO | epoch=15 batch=275 global_step=5005 loss_reg_months=4.3820 loss_ldl=3.0389 lr=0.00013125 grad_norm=3.7810 throughput=33.29 img/s eta_seconds=279.7 gpu_alloc=488.9MiB gpu_reserved=4406.0MiB skipped_batches=0
2026-08-15 13:24:29,988 | INFO | epoch=15 batch=300 global_step=5014 loss_reg_months=4.3478 loss_ldl=3.1039 lr=0.00013125 grad_norm=2.6759 throughput=33.57 img/s eta_seconds=268.4 gpu_alloc=378.7MiB gpu_reserved=4406.0MiB skipped_batches=0
2026-08-15 13:24:38,286 | INFO | epoch=15 batch=325 global_step=5022 loss_reg_months=4.3831 loss_ldl=3.7870 lr=0.00013125 grad_norm=2.8063 throughput=33.75 img/s eta_seconds=258.1 gpu_alloc=488.9MiB gpu_reserved=4406.0MiB skipped_batches=0
2026-08-15 13:24:46,300 | INFO | epoch=15 batch=350 global_step=5030 loss_reg_months=4.3773 loss_ldl=3.1448 lr=0.00013125 grad_norm=1.6689 throughput=33.99 img/s eta_seconds=247.4 gpu_alloc=488.9MiB gpu_reserved=4406.0MiB skipped_batches=0
2026-08-15 13:24:54,641 | INFO | epoch=15 batch=375 global_step=5039 loss_reg_months=4.3969 loss_ldl=2.9625 lr=0.00013125 grad_norm=2.9080 throughput=34.12 img/s eta_seconds=237.7 gpu_alloc=378.7MiB gpu_reserved=4406.0MiB skipped_batches=0
2026-08-15 13:25:02,826 | INFO | epoch=15 batch=400 global_step=5047 loss_reg_months=4.3964 loss_ldl=2.8992 lr=0.00013125 grad_norm=2.8160 throughput=34.27 img/s eta_seconds=228.0 gpu_alloc=488.9MiB gpu_reserved=4406.0MiB skipped_batches=0
2026-08-15 13:25:10,812 | INFO | epoch=15 batch=425 global_step=5055 loss_reg_months=4.3755 loss_ldl=3.0266 lr=0.00013125 grad_norm=2.4100 throughput=34.44 img/s eta_seconds=218.1 gpu_alloc=488.9MiB gpu_reserved=4406.0MiB skipped_batches=0
2026-08-15 13:25:19,063 | INFO | epoch=15 batch=450 global_step=5064 loss_reg_months=4.3479 loss_ldl=3.0905 lr=0.00013125 grad_norm=2.4581 throughput=34.54 img/s eta_seconds=208.7 gpu_alloc=378.7MiB gpu_reserved=4406.0MiB skipped_batches=0
2026-08-15 13:25:26,831 | INFO | epoch=15 batch=475 global_step=5072 loss_reg_months=4.3343 loss_ldl=3.1936 lr=0.00013125 grad_norm=2.6664 throughput=34.74 img/s eta_seconds=199.0 gpu_alloc=488.9MiB gpu_reserved=4406.0MiB skipped_batches=0
2026-08-15 13:25:34,900 | INFO | epoch=15 batch=500 global_step=5080 loss_reg_months=4.3360 loss_ldl=3.4435 lr=0.00013125 grad_norm=1.7540 throughput=34.85 img/s eta_seconds=189.7 gpu_alloc=488.9MiB gpu_reserved=4406.0MiB skipped_batches=0
2026-08-15 13:25:43,061 | INFO | epoch=15 batch=525 global_step=5089 loss_reg_months=4.3459 loss_ldl=3.4442 lr=0.00013125 grad_norm=2.4276 throughput=34.94 img/s eta_seconds=180.6 gpu_alloc=378.7MiB gpu_reserved=4406.0MiB skipped_batches=0
2026-08-15 13:25:51,411 | INFO | epoch=15 batch=550 global_step=5097 loss_reg_months=4.3454 loss_ldl=3.5968 lr=0.00013125 grad_norm=2.3302 throughput=34.98 img/s eta_seconds=171.8 gpu_alloc=488.9MiB gpu_reserved=4406.0MiB skipped_batches=0
2026-08-15 13:25:59,777 | INFO | epoch=15 batch=575 global_step=5105 loss_reg_months=4.3387 loss_ldl=2.8787 lr=0.00013125 grad_norm=2.2782 throughput=35.02 img/s eta_seconds=163.1 gpu_alloc=488.9MiB gpu_reserved=4406.0MiB skipped_batches=0
2026-08-15 13:26:08,133 | INFO | epoch=15 batch=600 global_step=5114 loss_reg_months=4.3593 loss_ldl=3.3948 lr=0.00013125 grad_norm=2.7438 throughput=35.06 img/s eta_seconds=154.4 gpu_alloc=378.7MiB gpu_reserved=4406.0MiB skipped_batches=0
2026-08-15 13:26:16,349 | INFO | epoch=15 batch=625 global_step=5122 loss_reg_months=4.3805 loss_ldl=3.2947 lr=0.00013125 grad_norm=1.7807 throughput=35.11 img/s eta_seconds=145.6 gpu_alloc=488.9MiB gpu_reserved=4406.0MiB skipped_batches=0
2026-08-15 13:26:24,284 | INFO | epoch=15 batch=650 global_step=5130 loss_reg_months=4.3839 loss_ldl=3.2118 lr=0.00013125 grad_norm=2.3566 throughput=35.21 img/s eta_seconds=136.6 gpu_alloc=488.9MiB gpu_reserved=4406.0MiB skipped_batches=0
2026-08-15 13:26:32,386 | INFO | epoch=15 batch=675 global_step=5139 loss_reg_months=4.4011 loss_ldl=3.1201 lr=0.00013125 grad_norm=2.6602 throughput=35.27 img/s eta_seconds=127.9 gpu_alloc=378.7MiB gpu_reserved=4406.0MiB skipped_batches=0
2026-08-15 13:26:40,499 | INFO | epoch=15 batch=700 global_step=5147 loss_reg_months=4.3968 loss_ldl=3.1699 lr=0.00013125 grad_norm=1.9940 throughput=35.33 img/s eta_seconds=119.2 gpu_alloc=488.9MiB gpu_reserved=4406.0MiB skipped_batches=0
2026-08-15 13:26:48,410 | INFO | epoch=15 batch=725 global_step=5155 loss_reg_months=4.3985 loss_ldl=3.2765 lr=0.00013125 grad_norm=3.2830 throughput=35.41 img/s eta_seconds=110.4 gpu_alloc=488.9MiB gpu_reserved=4406.0MiB skipped_batches=0
2026-08-15 13:26:56,347 | INFO | epoch=15 batch=750 global_step=5164 loss_reg_months=4.3940 loss_ldl=3.0295 lr=0.00013125 grad_norm=2.6509 throughput=35.49 img/s eta_seconds=101.8 gpu_alloc=378.7MiB gpu_reserved=4406.0MiB skipped_batches=0
2026-08-15 13:27:04,267 | INFO | epoch=15 batch=775 global_step=5172 loss_reg_months=4.3867 loss_ldl=3.0256 lr=0.00013125 grad_norm=2.4216 throughput=35.56 img/s eta_seconds=93.1 gpu_alloc=488.9MiB gpu_reserved=4406.0MiB skipped_batches=0
2026-08-15 13:27:12,156 | INFO | epoch=15 batch=800 global_step=5180 loss_reg_months=4.3858 loss_ldl=3.1553 lr=0.00013125 grad_norm=2.7442 throughput=35.63 img/s eta_seconds=84.5 gpu_alloc=488.9MiB gpu_reserved=4406.0MiB skipped_batches=0
2026-08-15 13:27:19,987 | INFO | epoch=15 batch=825 global_step=5189 loss_reg_months=4.3938 loss_ldl=3.2981 lr=0.00013125 grad_norm=2.6343 throughput=35.71 img/s eta_seconds=75.9 gpu_alloc=378.7MiB gpu_reserved=4406.0MiB skipped_batches=0
2026-08-15 13:27:27,927 | INFO | epoch=15 batch=850 global_step=5197 loss_reg_months=4.4025 loss_ldl=3.2304 lr=0.00013125 grad_norm=5.8803 throughput=35.77 img/s eta_seconds=67.4 gpu_alloc=488.9MiB gpu_reserved=4406.0MiB skipped_batches=0
2026-08-15 13:27:35,892 | INFO | epoch=15 batch=875 global_step=5205 loss_reg_months=4.4066 loss_ldl=3.1085 lr=0.00013125 grad_norm=2.2928 throughput=35.82 img/s eta_seconds=58.9 gpu_alloc=488.9MiB gpu_reserved=4406.0MiB skipped_batches=0
2026-08-15 13:27:43,932 | INFO | epoch=15 batch=900 global_step=5214 loss_reg_months=4.4169 loss_ldl=3.2839 lr=0.00013125 grad_norm=3.7255 throughput=35.86 img/s eta_seconds=50.5 gpu_alloc=378.7MiB gpu_reserved=4406.0MiB skipped_batches=0
2026-08-15 13:27:52,041 | INFO | epoch=15 batch=925 global_step=5222 loss_reg_months=4.4310 loss_ldl=3.2959 lr=0.00013125 grad_norm=2.6337 throughput=35.89 img/s eta_seconds=42.1 gpu_alloc=488.9MiB gpu_reserved=4406.0MiB skipped_batches=0
2026-08-15 13:28:00,105 | INFO | epoch=15 batch=950 global_step=5230 loss_reg_months=4.4223 loss_ldl=3.3682 lr=0.00013125 grad_norm=2.2948 throughput=35.92 img/s eta_seconds=33.7 gpu_alloc=488.9MiB gpu_reserved=4406.0MiB skipped_batches=0
2026-08-15 13:28:08,082 | INFO | epoch=15 batch=975 global_step=5239 loss_reg_months=4.4145 loss_ldl=3.3942 lr=0.00013125 grad_norm=2.7846 throughput=35.96 img/s eta_seconds=25.3 gpu_alloc=378.7MiB gpu_reserved=4406.0MiB skipped_batches=0
2026-08-15 13:28:16,011 | INFO | epoch=15 batch=1000 global_step=5247 loss_reg_months=4.4048 loss_ldl=3.4133 lr=0.00013125 grad_norm=1.8195 throughput=36.01 img/s eta_seconds=17.0 gpu_alloc=488.9MiB gpu_reserved=4406.0MiB skipped_batches=0
2026-08-15 13:28:24,244 | INFO | epoch=15 batch=1025 global_step=5255 loss_reg_months=4.4107 loss_ldl=3.2570 lr=0.00013125 grad_norm=2.2551 throughput=36.02 img/s eta_seconds=8.6 gpu_alloc=488.9MiB gpu_reserved=4406.0MiB skipped_batches=0
2026-08-15 13:28:32,195 | INFO | epoch=15 batch=1050 global_step=5264 loss_reg_months=4.4056 loss_ldl=2.9939 lr=0.00013125 grad_norm=2.2509 throughput=36.06 img/s eta_seconds=0.3 gpu_alloc=378.7MiB gpu_reserved=4406.0MiB skipped_batches=0
2026-08-15 13:29:00,095 | INFO | 
TRAINING REVIEW SNAPSHOT
Run ID / config hash / split hash: P4_D3_CONVNEXT_TINY_LDL_SIGMA2_LAMBDA02_SEED42 / 60369b250430 / 7328667e6822+f650a20432b5
Epoch / global step: 15 / 5265
Train loss: 4.4059
Validation MAE / RMSE / median AE: 6.4796 / 8.7863 / 4.8423
MAE nam / nữ / age bins: {'F': 6.839701463839759, 'M': 6.1757920155395665} / {'0-59': 7.662981043470666, '120-179': 6.411645641727707, '60-119': 6.663382099364615, '180-228': 5.473894476890564}
Learning rate / peak VRAM: 0.00013125 / 4406.0 MiB
Best epoch / best MAE / epochs không cải thiện: 13 / 6.1454 / 2
Cảnh báo hiện tại: KHÔNG
Checkpoint gần nhất: p1_baseline\runs\P4_D3_CONVNEXT_TINY_LDL_SIGMA2_LAMBDA02_SEED42\last.ckpt
Checkpoint tốt nhất: p1_baseline\runs\P4_D3_CONVNEXT_TINY_LDL_SIGMA2_LAMBDA02_SEED42\best_mae.ckpt
Đề xuất tự động: TIẾP TỤC
2026-08-15 13:29:17,934 | INFO | epoch=16 batch=25 global_step=5273 loss_reg_months=4.5017 loss_ldl=2.8335 lr=0.00012264 grad_norm=2.1894 throughput=19.54 img/s eta_seconds=630.1 gpu_alloc=488.9MiB gpu_reserved=4406.0MiB skipped_batches=0
2026-08-15 13:29:25,790 | INFO | epoch=16 batch=50 global_step=5281 loss_reg_months=4.2421 loss_ldl=3.0661 lr=0.00012264 grad_norm=2.2467 throughput=25.85 img/s eta_seconds=464.6 gpu_alloc=488.9MiB gpu_reserved=4406.0MiB skipped_batches=0
2026-08-15 13:29:33,768 | INFO | epoch=16 batch=75 global_step=5290 loss_reg_months=4.2058 loss_ldl=3.0486 lr=0.00012264 grad_norm=3.5134 throughput=28.86 img/s eta_seconds=405.8 gpu_alloc=378.7MiB gpu_reserved=4406.0MiB skipped_batches=0
2026-08-15 13:29:41,843 | INFO | epoch=16 batch=100 global_step=5298 loss_reg_months=4.1627 loss_ldl=2.8985 lr=0.00012264 grad_norm=2.6771 throughput=30.56 img/s eta_seconds=373.4 gpu_alloc=488.9MiB gpu_reserved=4406.0MiB skipped_batches=0
2026-08-15 13:29:49,878 | INFO | epoch=16 batch=125 global_step=5306 loss_reg_months=4.0368 loss_ldl=2.9495 lr=0.00012264 grad_norm=1.9632 throughput=31.71 img/s eta_seconds=350.3 gpu_alloc=488.9MiB gpu_reserved=4406.0MiB skipped_batches=0
2026-08-15 13:29:57,749 | INFO | epoch=16 batch=150 global_step=5315 loss_reg_months=4.0443 loss_ldl=2.9418 lr=0.00012264 grad_norm=1.9612 throughput=32.63 img/s eta_seconds=331.3 gpu_alloc=378.7MiB gpu_reserved=4406.0MiB skipped_batches=0
2026-08-15 13:30:05,796 | INFO | epoch=16 batch=175 global_step=5323 loss_reg_months=4.0456 loss_ldl=3.2601 lr=0.00012264 grad_norm=2.6937 throughput=33.22 img/s eta_seconds=316.4 gpu_alloc=488.9MiB gpu_reserved=4406.0MiB skipped_batches=0
2026-08-15 13:30:13,785 | INFO | epoch=16 batch=200 global_step=5331 loss_reg_months=4.0116 loss_ldl=3.2481 lr=0.00012264 grad_norm=2.6320 throughput=33.71 img/s eta_seconds=302.9 gpu_alloc=488.9MiB gpu_reserved=4406.0MiB skipped_batches=0
2026-08-15 13:30:21,954 | INFO | epoch=16 batch=225 global_step=5340 loss_reg_months=3.9989 loss_ldl=3.1322 lr=0.00012264 grad_norm=2.3767 throughput=34.02 img/s eta_seconds=291.4 gpu_alloc=378.7MiB gpu_reserved=4406.0MiB skipped_batches=0
2026-08-15 13:30:29,877 | INFO | epoch=16 batch=250 global_step=5348 loss_reg_months=4.0231 loss_ldl=2.9697 lr=0.00012264 grad_norm=2.8921 throughput=34.37 img/s eta_seconds=279.7 gpu_alloc=488.9MiB gpu_reserved=4406.0MiB skipped_batches=0
2026-08-15 13:30:37,908 | INFO | epoch=16 batch=275 global_step=5356 loss_reg_months=4.0589 loss_ldl=3.1043 lr=0.00012264 grad_norm=2.8821 throughput=34.62 img/s eta_seconds=269.0 gpu_alloc=488.9MiB gpu_reserved=4406.0MiB skipped_batches=0
2026-08-15 13:30:45,835 | INFO | epoch=16 batch=300 global_step=5365 loss_reg_months=4.0767 loss_ldl=3.4153 lr=0.00012264 grad_norm=2.2749 throughput=34.86 img/s eta_seconds=258.5 gpu_alloc=378.7MiB gpu_reserved=4406.0MiB skipped_batches=0
2026-08-15 13:30:53,734 | INFO | epoch=16 batch=325 global_step=5373 loss_reg_months=4.1084 loss_ldl=3.0167 lr=0.00012264 grad_norm=2.9567 throughput=35.09 img/s eta_seconds=248.3 gpu_alloc=488.9MiB gpu_reserved=4406.0MiB skipped_batches=0
2026-08-15 13:31:01,611 | INFO | epoch=16 batch=350 global_step=5381 loss_reg_months=4.1615 loss_ldl=3.6214 lr=0.00012264 grad_norm=2.0819 throughput=35.28 img/s eta_seconds=238.4 gpu_alloc=488.9MiB gpu_reserved=4406.0MiB skipped_batches=0
2026-08-15 13:31:09,758 | INFO | epoch=16 batch=375 global_step=5390 loss_reg_months=4.1981 loss_ldl=2.9363 lr=0.00012264 grad_norm=3.1290 throughput=35.38 img/s eta_seconds=229.2 gpu_alloc=378.7MiB gpu_reserved=4406.0MiB skipped_batches=0
2026-08-15 13:31:17,702 | INFO | epoch=16 batch=400 global_step=5398 loss_reg_months=4.2219 loss_ldl=3.2439 lr=0.00012264 grad_norm=4.2797 throughput=35.52 img/s eta_seconds=219.9 gpu_alloc=488.9MiB gpu_reserved=4406.0MiB skipped_batches=0
2026-08-15 13:31:25,683 | INFO | epoch=16 batch=425 global_step=5406 loss_reg_months=4.2198 loss_ldl=3.3505 lr=0.00012264 grad_norm=2.0722 throughput=35.64 img/s eta_seconds=210.8 gpu_alloc=488.9MiB gpu_reserved=4406.0MiB skipped_batches=0
2026-08-15 13:31:33,870 | INFO | epoch=16 batch=450 global_step=5415 loss_reg_months=4.2302 loss_ldl=2.8108 lr=0.00012264 grad_norm=2.2768 throughput=35.69 img/s eta_seconds=202.0 gpu_alloc=378.7MiB gpu_reserved=4406.0MiB skipped_batches=0
2026-08-15 13:31:41,911 | INFO | epoch=16 batch=475 global_step=5423 loss_reg_months=4.2313 loss_ldl=3.1115 lr=0.00012264 grad_norm=2.9935 throughput=35.77 img/s eta_seconds=193.2 gpu_alloc=488.9MiB gpu_reserved=4406.0MiB skipped_batches=0
2026-08-15 13:31:50,136 | INFO | epoch=16 batch=500 global_step=5431 loss_reg_months=4.2675 loss_ldl=3.5132 lr=0.00012264 grad_norm=3.1453 throughput=35.81 img/s eta_seconds=184.6 gpu_alloc=488.9MiB gpu_reserved=4406.0MiB skipped_batches=0
2026-08-15 13:31:58,069 | INFO | epoch=16 batch=525 global_step=5440 loss_reg_months=4.2889 loss_ldl=3.5597 lr=0.00012264 grad_norm=3.9744 throughput=35.90 img/s eta_seconds=175.8 gpu_alloc=378.7MiB gpu_reserved=4406.0MiB skipped_batches=0
2026-08-15 13:32:06,093 | INFO | epoch=16 batch=550 global_step=5448 loss_reg_months=4.2855 loss_ldl=3.1856 lr=0.00012264 grad_norm=2.0090 throughput=35.96 img/s eta_seconds=167.1 gpu_alloc=488.9MiB gpu_reserved=4406.0MiB skipped_batches=0
2026-08-15 13:32:13,985 | INFO | epoch=16 batch=575 global_step=5456 loss_reg_months=4.2884 loss_ldl=3.5907 lr=0.00012264 grad_norm=2.7094 throughput=36.05 img/s eta_seconds=158.4 gpu_alloc=488.9MiB gpu_reserved=4406.0MiB skipped_batches=0
2026-08-15 13:32:22,206 | INFO | epoch=16 batch=600 global_step=5465 loss_reg_months=4.2969 loss_ldl=3.0348 lr=0.00012264 grad_norm=3.1091 throughput=36.07 img/s eta_seconds=150.0 gpu_alloc=378.7MiB gpu_reserved=4406.0MiB skipped_batches=0
2026-08-15 13:32:30,096 | INFO | epoch=16 batch=625 global_step=5473 loss_reg_months=4.2868 loss_ldl=3.0917 lr=0.00012264 grad_norm=2.8894 throughput=36.14 img/s eta_seconds=141.4 gpu_alloc=488.9MiB gpu_reserved=4406.0MiB skipped_batches=0
2026-08-15 13:32:38,064 | INFO | epoch=16 batch=650 global_step=5481 loss_reg_months=4.2884 loss_ldl=2.8278 lr=0.00012264 grad_norm=3.4051 throughput=36.20 img/s eta_seconds=132.9 gpu_alloc=488.9MiB gpu_reserved=4406.0MiB skipped_batches=0
2026-08-15 13:32:46,271 | INFO | epoch=16 batch=675 global_step=5490 loss_reg_months=4.2827 loss_ldl=3.0414 lr=0.00012264 grad_norm=2.0094 throughput=36.21 img/s eta_seconds=124.6 gpu_alloc=378.7MiB gpu_reserved=4406.0MiB skipped_batches=0
2026-08-15 13:32:54,588 | INFO | epoch=16 batch=700 global_step=5498 loss_reg_months=4.2934 loss_ldl=3.1554 lr=0.00012264 grad_norm=2.7982 throughput=36.21 img/s eta_seconds=116.3 gpu_alloc=488.9MiB gpu_reserved=4406.0MiB skipped_batches=0
2026-08-15 13:33:03,568 | INFO | epoch=16 batch=725 global_step=5506 loss_reg_months=4.3010 loss_ldl=3.5891 lr=0.00012264 grad_norm=2.1900 throughput=36.10 img/s eta_seconds=108.3 gpu_alloc=488.9MiB gpu_reserved=4406.0MiB skipped_batches=0
2026-08-15 13:33:11,520 | INFO | epoch=16 batch=750 global_step=5515 loss_reg_months=4.2970 loss_ldl=3.2210 lr=0.00012264 grad_norm=1.8118 throughput=36.15 img/s eta_seconds=99.9 gpu_alloc=378.7MiB gpu_reserved=4406.0MiB skipped_batches=0
2026-08-15 13:33:19,542 | INFO | epoch=16 batch=775 global_step=5523 loss_reg_months=4.2876 loss_ldl=3.1081 lr=0.00012264 grad_norm=2.0508 throughput=36.19 img/s eta_seconds=91.5 gpu_alloc=488.9MiB gpu_reserved=4406.0MiB skipped_batches=0
2026-08-15 13:33:27,508 | INFO | epoch=16 batch=800 global_step=5531 loss_reg_months=4.2700 loss_ldl=3.1992 lr=0.00012264 grad_norm=2.2508 throughput=36.24 img/s eta_seconds=83.1 gpu_alloc=488.9MiB gpu_reserved=4406.0MiB skipped_batches=0
2026-08-15 13:33:35,450 | INFO | epoch=16 batch=825 global_step=5540 loss_reg_months=4.2838 loss_ldl=3.3844 lr=0.00012264 grad_norm=3.5239 throughput=36.28 img/s eta_seconds=74.7 gpu_alloc=378.7MiB gpu_reserved=4406.0MiB skipped_batches=0
2026-08-15 13:33:43,622 | INFO | epoch=16 batch=850 global_step=5548 loss_reg_months=4.2772 loss_ldl=3.3472 lr=0.00012264 grad_norm=4.5125 throughput=36.29 img/s eta_seconds=66.4 gpu_alloc=488.9MiB gpu_reserved=4406.0MiB skipped_batches=0
2026-08-15 13:33:51,598 | INFO | epoch=16 batch=875 global_step=5556 loss_reg_months=4.2826 loss_ldl=3.1401 lr=0.00012264 grad_norm=4.0449 throughput=36.33 img/s eta_seconds=58.1 gpu_alloc=488.9MiB gpu_reserved=4406.0MiB skipped_batches=0
2026-08-15 13:33:59,716 | INFO | epoch=16 batch=900 global_step=5565 loss_reg_months=4.2621 loss_ldl=3.0967 lr=0.00012264 grad_norm=2.5094 throughput=36.35 img/s eta_seconds=49.8 gpu_alloc=378.7MiB gpu_reserved=4406.0MiB skipped_batches=0
2026-08-15 13:34:07,657 | INFO | epoch=16 batch=925 global_step=5573 loss_reg_months=4.2524 loss_ldl=2.9579 lr=0.00012264 grad_norm=2.4371 throughput=36.38 img/s eta_seconds=41.5 gpu_alloc=488.9MiB gpu_reserved=4406.0MiB skipped_batches=0
2026-08-15 13:34:15,700 | INFO | epoch=16 batch=950 global_step=5581 loss_reg_months=4.2475 loss_ldl=2.9605 lr=0.00012264 grad_norm=2.3240 throughput=36.41 img/s eta_seconds=33.3 gpu_alloc=488.9MiB gpu_reserved=4406.0MiB skipped_batches=0
2026-08-15 13:34:23,765 | INFO | epoch=16 batch=975 global_step=5590 loss_reg_months=4.2391 loss_ldl=3.1167 lr=0.00012264 grad_norm=2.6361 throughput=36.43 img/s eta_seconds=25.0 gpu_alloc=378.7MiB gpu_reserved=4406.0MiB skipped_batches=0
2026-08-15 13:34:31,689 | INFO | epoch=16 batch=1000 global_step=5598 loss_reg_months=4.2386 loss_ldl=3.3427 lr=0.00012264 grad_norm=3.4953 throughput=36.46 img/s eta_seconds=16.8 gpu_alloc=488.9MiB gpu_reserved=4406.0MiB skipped_batches=0
2026-08-15 13:34:39,938 | INFO | epoch=16 batch=1025 global_step=5606 loss_reg_months=4.2291 loss_ldl=2.9758 lr=0.00012264 grad_norm=2.2889 throughput=36.46 img/s eta_seconds=8.5 gpu_alloc=488.9MiB gpu_reserved=4406.0MiB skipped_batches=0
2026-08-15 13:34:47,858 | INFO | epoch=16 batch=1050 global_step=5615 loss_reg_months=4.2406 loss_ldl=3.0646 lr=0.00012264 grad_norm=2.8234 throughput=36.49 img/s eta_seconds=0.3 gpu_alloc=378.7MiB gpu_reserved=4406.0MiB skipped_batches=0
2026-08-15 13:35:15,821 | WARNING | STABILITY WARNING [CAM] Validation MAE xấu đi trong khi train loss giảm
2026-08-15 13:35:15,822 | INFO | 
TRAINING REVIEW SNAPSHOT
Run ID / config hash / split hash: P4_D3_CONVNEXT_TINY_LDL_SIGMA2_LAMBDA02_SEED42 / 60369b250430 / 7328667e6822+f650a20432b5
Epoch / global step: 16 / 5616
Train loss: 4.2417
Validation MAE / RMSE / median AE: 6.5507 / 9.0098 / 4.7880
MAE nam / nữ / age bins: {'F': 6.747546939030746, 'M': 6.384685770506075} / {'0-59': 5.7331846318346384, '120-179': 6.576792788888675, '60-119': 7.186962369734866, '180-228': 5.027771949768066}
Learning rate / peak VRAM: 0.00012264 / 4406.0 MiB
Best epoch / best MAE / epochs không cải thiện: 13 / 6.1454 / 3
Cảnh báo hiện tại: CAM: Validation MAE xấu đi trong khi train loss giảm
Checkpoint gần nhất: p1_baseline\runs\P4_D3_CONVNEXT_TINY_LDL_SIGMA2_LAMBDA02_SEED42\last.ckpt
Checkpoint tốt nhất: p1_baseline\runs\P4_D3_CONVNEXT_TINY_LDL_SIGMA2_LAMBDA02_SEED42\best_mae.ckpt
Đề xuất tự động: THEO DÕI
2026-08-15 13:35:33,684 | INFO | epoch=17 batch=25 global_step=5624 loss_reg_months=3.8555 loss_ldl=3.0156 lr=0.00011386 grad_norm=2.5195 throughput=19.84 img/s eta_seconds=620.5 gpu_alloc=488.9MiB gpu_reserved=4406.0MiB skipped_batches=0
2026-08-15 13:35:41,534 | INFO | epoch=17 batch=50 global_step=5632 loss_reg_months=3.8136 loss_ldl=3.2668 lr=0.00011386 grad_norm=2.6609 throughput=26.12 img/s eta_seconds=459.8 gpu_alloc=488.9MiB gpu_reserved=4406.0MiB skipped_batches=0
2026-08-15 13:35:49,566 | INFO | epoch=17 batch=75 global_step=5641 loss_reg_months=4.0279 loss_ldl=3.0213 lr=0.00011386 grad_norm=3.2269 throughput=29.03 img/s eta_seconds=403.4 gpu_alloc=378.7MiB gpu_reserved=4406.0MiB skipped_batches=0
2026-08-15 13:35:57,420 | INFO | epoch=17 batch=100 global_step=5649 loss_reg_months=4.0838 loss_ldl=3.2778 lr=0.00011386 grad_norm=3.1707 throughput=30.88 img/s eta_seconds=369.5 gpu_alloc=488.9MiB gpu_reserved=4406.0MiB skipped_batches=0
2026-08-15 13:36:05,638 | INFO | epoch=17 batch=125 global_step=5657 loss_reg_months=4.0785 loss_ldl=2.9881 lr=0.00011386 grad_norm=2.6773 throughput=31.86 img/s eta_seconds=348.7 gpu_alloc=488.9MiB gpu_reserved=4406.0MiB skipped_batches=0
2026-08-15 13:36:13,638 | INFO | epoch=17 batch=150 global_step=5666 loss_reg_months=4.0554 loss_ldl=3.5093 lr=0.00011386 grad_norm=3.1356 throughput=32.68 img/s eta_seconds=330.8 gpu_alloc=378.7MiB gpu_reserved=4406.0MiB skipped_batches=0
2026-08-15 13:36:21,620 | INFO | epoch=17 batch=175 global_step=5674 loss_reg_months=4.0614 loss_ldl=2.9681 lr=0.00011386 grad_norm=3.1264 throughput=33.30 img/s eta_seconds=315.6 gpu_alloc=488.9MiB gpu_reserved=4406.0MiB skipped_batches=0
2026-08-15 13:36:29,516 | INFO | epoch=17 batch=200 global_step=5682 loss_reg_months=4.0235 loss_ldl=3.3707 lr=0.00011386 grad_norm=2.5384 throughput=33.83 img/s eta_seconds=301.9 gpu_alloc=488.9MiB gpu_reserved=4406.0MiB skipped_batches=0
2026-08-15 13:36:37,582 | INFO | epoch=17 batch=225 global_step=5691 loss_reg_months=4.0385 loss_ldl=3.0738 lr=0.00011386 grad_norm=2.3805 throughput=34.17 img/s eta_seconds=290.1 gpu_alloc=378.7MiB gpu_reserved=4406.0MiB skipped_batches=0
2026-08-15 13:36:45,572 | INFO | epoch=17 batch=250 global_step=5699 loss_reg_months=4.0537 loss_ldl=2.9415 lr=0.00011386 grad_norm=3.1784 throughput=34.48 img/s eta_seconds=278.7 gpu_alloc=488.9MiB gpu_reserved=4406.0MiB skipped_batches=0
2026-08-15 13:36:53,672 | INFO | epoch=17 batch=275 global_step=5707 loss_reg_months=4.0941 loss_ldl=3.0982 lr=0.00011386 grad_norm=2.5312 throughput=34.70 img/s eta_seconds=268.4 gpu_alloc=488.9MiB gpu_reserved=4406.0MiB skipped_batches=0
2026-08-15 13:37:01,781 | INFO | epoch=17 batch=300 global_step=5716 loss_reg_months=4.0964 loss_ldl=2.9813 lr=0.00011386 grad_norm=2.2429 throughput=34.88 img/s eta_seconds=258.4 gpu_alloc=378.7MiB gpu_reserved=4406.0MiB skipped_batches=0
2026-08-15 13:37:09,760 | INFO | epoch=17 batch=325 global_step=5724 loss_reg_months=4.0634 loss_ldl=3.2381 lr=0.00011386 grad_norm=2.8122 throughput=35.07 img/s eta_seconds=248.4 gpu_alloc=488.9MiB gpu_reserved=4406.0MiB skipped_batches=0
2026-08-15 13:37:17,718 | INFO | epoch=17 batch=350 global_step=5732 loss_reg_months=4.0374 loss_ldl=3.8354 lr=0.00011386 grad_norm=2.6894 throughput=35.25 img/s eta_seconds=238.6 gpu_alloc=488.9MiB gpu_reserved=4406.0MiB skipped_batches=0
2026-08-15 13:37:25,683 | INFO | epoch=17 batch=375 global_step=5741 loss_reg_months=4.0481 loss_ldl=3.1299 lr=0.00011386 grad_norm=2.7901 throughput=35.40 img/s eta_seconds=229.1 gpu_alloc=378.7MiB gpu_reserved=4406.0MiB skipped_batches=0
2026-08-15 13:37:33,971 | INFO | epoch=17 batch=400 global_step=5749 loss_reg_months=4.0283 loss_ldl=3.3575 lr=0.00011386 grad_norm=2.7386 throughput=35.45 img/s eta_seconds=220.3 gpu_alloc=488.9MiB gpu_reserved=4406.0MiB skipped_batches=0
2026-08-15 13:37:41,895 | INFO | epoch=17 batch=425 global_step=5757 loss_reg_months=4.0145 loss_ldl=3.0955 lr=0.00011386 grad_norm=2.9636 throughput=35.58 img/s eta_seconds=211.1 gpu_alloc=488.9MiB gpu_reserved=4406.0MiB skipped_batches=0
2026-08-15 13:37:50,090 | INFO | epoch=17 batch=450 global_step=5766 loss_reg_months=4.0262 loss_ldl=2.9730 lr=0.00011386 grad_norm=3.5105 throughput=35.64 img/s eta_seconds=202.3 gpu_alloc=378.7MiB gpu_reserved=4406.0MiB skipped_batches=0
2026-08-15 13:37:57,928 | INFO | epoch=17 batch=475 global_step=5774 loss_reg_months=4.0271 loss_ldl=3.5027 lr=0.00011386 grad_norm=2.6105 throughput=35.77 img/s eta_seconds=193.2 gpu_alloc=488.9MiB gpu_reserved=4406.0MiB skipped_batches=0
2026-08-15 13:38:05,927 | INFO | epoch=17 batch=500 global_step=5782 loss_reg_months=4.0030 loss_ldl=3.2984 lr=0.00011386 grad_norm=3.1833 throughput=35.85 img/s eta_seconds=184.4 gpu_alloc=488.9MiB gpu_reserved=4406.0MiB skipped_batches=0
2026-08-15 13:38:14,058 | INFO | epoch=17 batch=525 global_step=5791 loss_reg_months=4.0258 loss_ldl=2.8745 lr=0.00011386 grad_norm=2.6143 throughput=35.90 img/s eta_seconds=175.8 gpu_alloc=378.7MiB gpu_reserved=4406.0MiB skipped_batches=0
2026-08-15 13:38:22,147 | INFO | epoch=17 batch=550 global_step=5799 loss_reg_months=4.0354 loss_ldl=3.1381 lr=0.00011386 grad_norm=2.1883 throughput=35.95 img/s eta_seconds=167.2 gpu_alloc=488.9MiB gpu_reserved=4406.0MiB skipped_batches=0
2026-08-15 13:38:30,186 | INFO | epoch=17 batch=575 global_step=5807 loss_reg_months=4.0351 loss_ldl=3.1208 lr=0.00011386 grad_norm=2.3024 throughput=36.01 img/s eta_seconds=158.6 gpu_alloc=488.9MiB gpu_reserved=4406.0MiB skipped_batches=0
2026-08-15 13:38:38,203 | INFO | epoch=17 batch=600 global_step=5816 loss_reg_months=4.0378 loss_ldl=2.9134 lr=0.00011386 grad_norm=2.1029 throughput=36.07 img/s eta_seconds=150.0 gpu_alloc=378.7MiB gpu_reserved=4406.0MiB skipped_batches=0
2026-08-15 13:38:46,194 | INFO | epoch=17 batch=625 global_step=5824 loss_reg_months=4.0452 loss_ldl=3.2427 lr=0.00011386 grad_norm=2.8738 throughput=36.12 img/s eta_seconds=141.5 gpu_alloc=488.9MiB gpu_reserved=4406.0MiB skipped_batches=0
2026-08-15 13:38:54,189 | INFO | epoch=17 batch=650 global_step=5832 loss_reg_months=4.0459 loss_ldl=3.0235 lr=0.00011386 grad_norm=3.3179 throughput=36.17 img/s eta_seconds=133.0 gpu_alloc=488.9MiB gpu_reserved=4406.0MiB skipped_batches=0
2026-08-15 13:39:02,189 | INFO | epoch=17 batch=675 global_step=5841 loss_reg_months=4.0227 loss_ldl=3.6079 lr=0.00011386 grad_norm=1.9269 throughput=36.22 img/s eta_seconds=124.5 gpu_alloc=378.7MiB gpu_reserved=4406.0MiB skipped_batches=0
2026-08-15 13:39:10,104 | INFO | epoch=17 batch=700 global_step=5849 loss_reg_months=4.0094 loss_ldl=3.3247 lr=0.00011386 grad_norm=2.4612 throughput=36.28 img/s eta_seconds=116.1 gpu_alloc=488.9MiB gpu_reserved=4406.0MiB skipped_batches=0
2026-08-15 13:39:18,223 | INFO | epoch=17 batch=725 global_step=5857 loss_reg_months=4.0067 loss_ldl=2.9375 lr=0.00011386 grad_norm=2.1219 throughput=36.30 img/s eta_seconds=107.7 gpu_alloc=488.9MiB gpu_reserved=4406.0MiB skipped_batches=0
2026-08-15 13:39:26,411 | INFO | epoch=17 batch=750 global_step=5866 loss_reg_months=4.0135 loss_ldl=2.9748 lr=0.00011386 grad_norm=2.6487 throughput=36.31 img/s eta_seconds=99.4 gpu_alloc=378.7MiB gpu_reserved=4406.0MiB skipped_batches=0
2026-08-15 13:39:34,272 | INFO | epoch=17 batch=775 global_step=5874 loss_reg_months=4.0164 loss_ldl=2.9762 lr=0.00011386 grad_norm=2.3364 throughput=36.37 img/s eta_seconds=91.0 gpu_alloc=488.9MiB gpu_reserved=4406.0MiB skipped_batches=0
2026-08-15 13:39:42,084 | INFO | epoch=17 batch=800 global_step=5882 loss_reg_months=4.0165 loss_ldl=3.1826 lr=0.00011386 grad_norm=2.4158 throughput=36.43 img/s eta_seconds=82.7 gpu_alloc=488.9MiB gpu_reserved=4406.0MiB skipped_batches=0
2026-08-15 13:39:50,243 | INFO | epoch=17 batch=825 global_step=5891 loss_reg_months=4.0254 loss_ldl=3.3048 lr=0.00011386 grad_norm=2.7438 throughput=36.44 img/s eta_seconds=74.4 gpu_alloc=378.7MiB gpu_reserved=4406.0MiB skipped_batches=0
2026-08-15 13:39:58,077 | INFO | epoch=17 batch=850 global_step=5899 loss_reg_months=4.0390 loss_ldl=3.2827 lr=0.00011386 grad_norm=3.5455 throughput=36.49 img/s eta_seconds=66.1 gpu_alloc=488.9MiB gpu_reserved=4406.0MiB skipped_batches=0
2026-08-15 13:40:06,240 | INFO | epoch=17 batch=875 global_step=5907 loss_reg_months=4.0645 loss_ldl=2.9173 lr=0.00011386 grad_norm=5.4215 throughput=36.50 img/s eta_seconds=57.8 gpu_alloc=488.9MiB gpu_reserved=4406.0MiB skipped_batches=0
2026-08-15 13:40:14,471 | INFO | epoch=17 batch=900 global_step=5916 loss_reg_months=4.0671 loss_ldl=2.9050 lr=0.00011386 grad_norm=3.5747 throughput=36.50 img/s eta_seconds=49.6 gpu_alloc=378.7MiB gpu_reserved=4406.0MiB skipped_batches=0
2026-08-15 13:40:22,666 | INFO | epoch=17 batch=925 global_step=5924 loss_reg_months=4.0598 loss_ldl=3.4036 lr=0.00011386 grad_norm=2.9704 throughput=36.50 img/s eta_seconds=41.4 gpu_alloc=488.9MiB gpu_reserved=4406.0MiB skipped_batches=0
2026-08-15 13:40:30,609 | INFO | epoch=17 batch=950 global_step=5932 loss_reg_months=4.0644 loss_ldl=3.2942 lr=0.00011386 grad_norm=2.8495 throughput=36.53 img/s eta_seconds=33.1 gpu_alloc=488.9MiB gpu_reserved=4406.0MiB skipped_batches=0
2026-08-15 13:40:38,926 | INFO | epoch=17 batch=975 global_step=5941 loss_reg_months=4.0689 loss_ldl=3.2402 lr=0.00011386 grad_norm=3.2062 throughput=36.52 img/s eta_seconds=24.9 gpu_alloc=378.7MiB gpu_reserved=4406.0MiB skipped_batches=0
2026-08-15 13:40:47,387 | INFO | epoch=17 batch=1000 global_step=5949 loss_reg_months=4.0587 loss_ldl=3.3036 lr=0.00011386 grad_norm=1.9406 throughput=36.49 img/s eta_seconds=16.7 gpu_alloc=488.9MiB gpu_reserved=4406.0MiB skipped_batches=0
2026-08-15 13:40:55,733 | INFO | epoch=17 batch=1025 global_step=5957 loss_reg_months=4.0522 loss_ldl=3.3294 lr=0.00011386 grad_norm=2.9276 throughput=36.48 img/s eta_seconds=8.5 gpu_alloc=488.9MiB gpu_reserved=4406.0MiB skipped_batches=0
2026-08-15 13:41:04,417 | INFO | epoch=17 batch=1050 global_step=5966 loss_reg_months=4.0554 loss_ldl=2.9290 lr=0.00011386 grad_norm=2.6563 throughput=36.43 img/s eta_seconds=0.3 gpu_alloc=378.7MiB gpu_reserved=4406.0MiB skipped_batches=0
2026-08-15 13:41:32,684 | WARNING | STABILITY WARNING [CAM] Validation MAE xấu đi trong khi train loss giảm
2026-08-15 13:41:32,684 | INFO | 
TRAINING REVIEW SNAPSHOT
Run ID / config hash / split hash: P4_D3_CONVNEXT_TINY_LDL_SIGMA2_LAMBDA02_SEED42 / 60369b250430 / 7328667e6822+f650a20432b5
Epoch / global step: 17 / 5967
Train loss: 4.0551
Validation MAE / RMSE / median AE: 6.5761 / 8.8785 / 5.0217
MAE nam / nữ / age bins: {'F': 6.99547780364569, 'M': 6.222421715207118} / {'0-59': 7.903551558230785, '120-179': 6.281842065535311, '60-119': 7.155455284312292, '180-228': 5.678047299385071}
Learning rate / peak VRAM: 0.00011386 / 4406.0 MiB
Best epoch / best MAE / epochs không cải thiện: 13 / 6.1454 / 4
Cảnh báo hiện tại: CAM: Validation MAE xấu đi trong khi train loss giảm
Checkpoint gần nhất: p1_baseline\runs\P4_D3_CONVNEXT_TINY_LDL_SIGMA2_LAMBDA02_SEED42\last.ckpt
Checkpoint tốt nhất: p1_baseline\runs\P4_D3_CONVNEXT_TINY_LDL_SIGMA2_LAMBDA02_SEED42\best_mae.ckpt
Đề xuất tự động: THEO DÕI
2026-08-15 13:41:50,189 | INFO | epoch=18 batch=25 global_step=5975 loss_reg_months=3.5388 loss_ldl=3.0709 lr=0.00010496 grad_norm=3.1876 throughput=19.63 img/s eta_seconds=627.2 gpu_alloc=488.9MiB gpu_reserved=4406.0MiB skipped_batches=0
2026-08-15 13:41:58,540 | INFO | epoch=18 batch=50 global_step=5983 loss_reg_months=3.6721 loss_ldl=3.2590 lr=0.00010496 grad_norm=2.4956 throughput=25.39 img/s eta_seconds=473.1 gpu_alloc=488.9MiB gpu_reserved=4406.0MiB skipped_batches=0
2026-08-15 13:42:06,926 | INFO | epoch=18 batch=75 global_step=5992 loss_reg_months=3.5921 loss_ldl=3.1717 lr=0.00010496 grad_norm=1.9486 throughput=28.11 img/s eta_seconds=416.7 gpu_alloc=378.7MiB gpu_reserved=4406.0MiB skipped_batches=0
2026-08-15 13:42:15,669 | INFO | epoch=18 batch=100 global_step=6000 loss_reg_months=3.6925 loss_ldl=3.1880 lr=0.00010496 grad_norm=2.4180 throughput=29.44 img/s eta_seconds=387.6 gpu_alloc=488.9MiB gpu_reserved=4406.0MiB skipped_batches=0
2026-08-15 13:42:25,071 | INFO | epoch=18 batch=125 global_step=6008 loss_reg_months=3.6762 loss_ldl=3.2352 lr=0.00010496 grad_norm=3.1363 throughput=29.90 img/s eta_seconds=371.6 gpu_alloc=488.9MiB gpu_reserved=4406.0MiB skipped_batches=0
2026-08-15 13:42:33,594 | INFO | epoch=18 batch=150 global_step=6017 loss_reg_months=3.7103 loss_ldl=3.0534 lr=0.00010496 grad_norm=2.3318 throughput=30.67 img/s eta_seconds=352.5 gpu_alloc=378.7MiB gpu_reserved=4406.0MiB skipped_batches=0
2026-08-15 13:42:42,239 | INFO | epoch=18 batch=175 global_step=6025 loss_reg_months=3.7351 loss_ldl=2.7936 lr=0.00010496 grad_norm=3.0699 throughput=31.19 img/s eta_seconds=337.0 gpu_alloc=488.9MiB gpu_reserved=4406.0MiB skipped_batches=0
2026-08-15 13:42:51,131 | INFO | epoch=18 batch=200 global_step=6033 loss_reg_months=3.6969 loss_ldl=3.1743 lr=0.00010496 grad_norm=2.8028 throughput=31.49 img/s eta_seconds=324.3 gpu_alloc=488.9MiB gpu_reserved=4406.0MiB skipped_batches=0
2026-08-15 13:42:59,632 | INFO | epoch=18 batch=225 global_step=6042 loss_reg_months=3.7048 loss_ldl=3.8273 lr=0.00010496 grad_norm=3.1509 throughput=31.87 img/s eta_seconds=311.0 gpu_alloc=378.7MiB gpu_reserved=4406.0MiB skipped_batches=0
2026-08-15 13:43:07,779 | INFO | epoch=18 batch=250 global_step=6050 loss_reg_months=3.7088 loss_ldl=3.3018 lr=0.00010496 grad_norm=2.5429 throughput=32.30 img/s eta_seconds=297.5 gpu_alloc=488.9MiB gpu_reserved=4406.0MiB skipped_batches=0
2026-08-15 13:43:15,947 | INFO | epoch=18 batch=275 global_step=6058 loss_reg_months=3.7385 loss_ldl=3.3112 lr=0.00010496 grad_norm=3.2186 throughput=32.66 img/s eta_seconds=285.1 gpu_alloc=488.9MiB gpu_reserved=4406.0MiB skipped_batches=0
2026-08-15 13:43:24,781 | INFO | epoch=18 batch=300 global_step=6067 loss_reg_months=3.7570 loss_ldl=3.2013 lr=0.00010496 grad_norm=2.6274 throughput=32.76 img/s eta_seconds=275.0 gpu_alloc=378.7MiB gpu_reserved=4406.0MiB skipped_batches=0
2026-08-15 13:43:33,137 | INFO | epoch=18 batch=325 global_step=6075 loss_reg_months=3.7718 loss_ldl=3.2527 lr=0.00010496 grad_norm=3.4846 throughput=32.99 img/s eta_seconds=264.1 gpu_alloc=488.9MiB gpu_reserved=4406.0MiB skipped_batches=0
2026-08-15 13:43:41,396 | INFO | epoch=18 batch=350 global_step=6083 loss_reg_months=3.8055 loss_ldl=3.0261 lr=0.00010496 grad_norm=2.5621 throughput=33.20 img/s eta_seconds=253.3 gpu_alloc=488.9MiB gpu_reserved=4406.0MiB skipped_batches=0
2026-08-15 13:43:49,758 | INFO | epoch=18 batch=375 global_step=6092 loss_reg_months=3.7961 loss_ldl=2.9414 lr=0.00010496 grad_norm=2.9026 throughput=33.37 img/s eta_seconds=243.1 gpu_alloc=378.7MiB gpu_reserved=4406.0MiB skipped_batches=0
2026-08-15 13:43:57,745 | INFO | epoch=18 batch=400 global_step=6100 loss_reg_months=3.8170 loss_ldl=3.0654 lr=0.00010496 grad_norm=2.6726 throughput=33.60 img/s eta_seconds=232.4 gpu_alloc=488.9MiB gpu_reserved=4406.0MiB skipped_batches=0
2026-08-15 13:44:06,041 | INFO | epoch=18 batch=425 global_step=6108 loss_reg_months=3.8024 loss_ldl=3.4737 lr=0.00010496 grad_norm=2.6387 throughput=33.74 img/s eta_seconds=222.6 gpu_alloc=488.9MiB gpu_reserved=4406.0MiB skipped_batches=0
2026-08-15 13:44:14,149 | INFO | epoch=18 batch=450 global_step=6117 loss_reg_months=3.8144 loss_ldl=3.2399 lr=0.00010496 grad_norm=3.0338 throughput=33.91 img/s eta_seconds=212.7 gpu_alloc=378.7MiB gpu_reserved=4406.0MiB skipped_batches=0
2026-08-15 13:44:22,701 | INFO | epoch=18 batch=475 global_step=6125 loss_reg_months=3.7962 loss_ldl=3.2669 lr=0.00010496 grad_norm=3.1451 throughput=33.97 img/s eta_seconds=203.4 gpu_alloc=488.9MiB gpu_reserved=4406.0MiB skipped_batches=0
2026-08-15 13:44:31,033 | INFO | epoch=18 batch=500 global_step=6133 loss_reg_months=3.7801 loss_ldl=3.1670 lr=0.00010496 grad_norm=2.8998 throughput=34.07 img/s eta_seconds=194.1 gpu_alloc=488.9MiB gpu_reserved=4406.0MiB skipped_batches=0
2026-08-15 13:44:39,162 | INFO | epoch=18 batch=525 global_step=6142 loss_reg_months=3.7976 loss_ldl=3.5355 lr=0.00010496 grad_norm=2.1880 throughput=34.19 img/s eta_seconds=184.6 gpu_alloc=378.7MiB gpu_reserved=4406.0MiB skipped_batches=0
2026-08-15 13:44:47,316 | INFO | epoch=18 batch=550 global_step=6150 loss_reg_months=3.8338 loss_ldl=3.3185 lr=0.00010496 grad_norm=2.7485 throughput=34.30 img/s eta_seconds=175.2 gpu_alloc=488.9MiB gpu_reserved=4406.0MiB skipped_batches=0
2026-08-15 13:44:55,846 | INFO | epoch=18 batch=575 global_step=6158 loss_reg_months=3.8507 loss_ldl=3.1872 lr=0.00010496 grad_norm=2.4557 throughput=34.34 img/s eta_seconds=166.3 gpu_alloc=488.9MiB gpu_reserved=4406.0MiB skipped_batches=0
2026-08-15 13:45:03,904 | INFO | epoch=18 batch=600 global_step=6167 loss_reg_months=3.8492 loss_ldl=2.8092 lr=0.00010496 grad_norm=2.3211 throughput=34.45 img/s eta_seconds=157.1 gpu_alloc=378.7MiB gpu_reserved=4406.0MiB skipped_batches=0
2026-08-15 13:45:12,389 | INFO | epoch=18 batch=625 global_step=6175 loss_reg_months=3.8527 loss_ldl=3.0553 lr=0.00010496 grad_norm=3.2296 throughput=34.49 img/s eta_seconds=148.2 gpu_alloc=488.9MiB gpu_reserved=4406.0MiB skipped_batches=0
2026-08-15 13:45:20,406 | INFO | epoch=18 batch=650 global_step=6183 loss_reg_months=3.8649 loss_ldl=2.8375 lr=0.00010496 grad_norm=2.8071 throughput=34.59 img/s eta_seconds=139.1 gpu_alloc=488.9MiB gpu_reserved=4406.0MiB skipped_batches=0
2026-08-15 13:45:28,860 | INFO | epoch=18 batch=675 global_step=6192 loss_reg_months=3.8645 loss_ldl=2.8699 lr=0.00010496 grad_norm=1.9950 throughput=34.62 img/s eta_seconds=130.3 gpu_alloc=378.7MiB gpu_reserved=4406.0MiB skipped_batches=0
2026-08-15 13:45:37,265 | INFO | epoch=18 batch=700 global_step=6200 loss_reg_months=3.8663 loss_ldl=3.1911 lr=0.00010496 grad_norm=2.4728 throughput=34.66 img/s eta_seconds=121.5 gpu_alloc=488.9MiB gpu_reserved=4406.0MiB skipped_batches=0
2026-08-15 13:45:45,751 | INFO | epoch=18 batch=725 global_step=6208 loss_reg_months=3.8747 loss_ldl=3.1838 lr=0.00010496 grad_norm=2.6011 throughput=34.68 img/s eta_seconds=112.8 gpu_alloc=488.9MiB gpu_reserved=4406.0MiB skipped_batches=0
2026-08-15 13:45:54,022 | INFO | epoch=18 batch=750 global_step=6217 loss_reg_months=3.8669 loss_ldl=2.9899 lr=0.00010496 grad_norm=2.6357 throughput=34.73 img/s eta_seconds=104.0 gpu_alloc=378.7MiB gpu_reserved=4406.0MiB skipped_batches=0
2026-08-15 13:46:02,560 | INFO | epoch=18 batch=775 global_step=6225 loss_reg_months=3.8599 loss_ldl=3.2686 lr=0.00010496 grad_norm=2.8146 throughput=34.75 img/s eta_seconds=95.3 gpu_alloc=488.9MiB gpu_reserved=4406.0MiB skipped_batches=0
2026-08-15 13:46:10,749 | INFO | epoch=18 batch=800 global_step=6233 loss_reg_months=3.8502 loss_ldl=2.8133 lr=0.00010496 grad_norm=2.0065 throughput=34.80 img/s eta_seconds=86.5 gpu_alloc=488.9MiB gpu_reserved=4406.0MiB skipped_batches=0
2026-08-15 13:46:19,009 | INFO | epoch=18 batch=825 global_step=6242 loss_reg_months=3.8529 loss_ldl=3.4860 lr=0.00010496 grad_norm=2.2751 throughput=34.85 img/s eta_seconds=77.8 gpu_alloc=378.7MiB gpu_reserved=4406.0MiB skipped_batches=0
2026-08-15 13:46:27,166 | INFO | epoch=18 batch=850 global_step=6250 loss_reg_months=3.8500 loss_ldl=3.1288 lr=0.00010496 grad_norm=2.1920 throughput=34.90 img/s eta_seconds=69.1 gpu_alloc=488.9MiB gpu_reserved=4406.0MiB skipped_batches=0
2026-08-15 13:46:35,264 | INFO | epoch=18 batch=875 global_step=6258 loss_reg_months=3.8514 loss_ldl=3.1826 lr=0.00010496 grad_norm=2.4472 throughput=34.96 img/s eta_seconds=60.4 gpu_alloc=488.9MiB gpu_reserved=4406.0MiB skipped_batches=0
2026-08-15 13:46:43,321 | INFO | epoch=18 batch=900 global_step=6267 loss_reg_months=3.8625 loss_ldl=3.1459 lr=0.00010496 grad_norm=2.4991 throughput=35.02 img/s eta_seconds=51.7 gpu_alloc=378.7MiB gpu_reserved=4406.0MiB skipped_batches=0
2026-08-15 13:46:51,595 | INFO | epoch=18 batch=925 global_step=6275 loss_reg_months=3.8689 loss_ldl=3.8261 lr=0.00010496 grad_norm=2.9474 throughput=35.05 img/s eta_seconds=43.1 gpu_alloc=488.9MiB gpu_reserved=4406.0MiB skipped_batches=0
2026-08-15 13:47:00,141 | INFO | epoch=18 batch=950 global_step=6283 loss_reg_months=3.8641 loss_ldl=3.4482 lr=0.00010496 grad_norm=2.9326 throughput=35.05 img/s eta_seconds=34.5 gpu_alloc=488.9MiB gpu_reserved=4406.0MiB skipped_batches=0
2026-08-15 13:47:08,518 | INFO | epoch=18 batch=975 global_step=6292 loss_reg_months=3.8632 loss_ldl=3.0699 lr=0.00010496 grad_norm=2.2583 throughput=35.07 img/s eta_seconds=26.0 gpu_alloc=378.7MiB gpu_reserved=4406.0MiB skipped_batches=0
2026-08-15 13:47:16,898 | INFO | epoch=18 batch=1000 global_step=6300 loss_reg_months=3.8786 loss_ldl=3.1568 lr=0.00010496 grad_norm=2.4072 throughput=35.09 img/s eta_seconds=17.4 gpu_alloc=488.9MiB gpu_reserved=4406.0MiB skipped_batches=0
2026-08-15 13:47:25,184 | INFO | epoch=18 batch=1025 global_step=6308 loss_reg_months=3.8784 loss_ldl=3.5026 lr=0.00010496 grad_norm=2.6706 throughput=35.11 img/s eta_seconds=8.9 gpu_alloc=488.9MiB gpu_reserved=4406.0MiB skipped_batches=0
2026-08-15 13:47:33,377 | INFO | epoch=18 batch=1050 global_step=6317 loss_reg_months=3.8798 loss_ldl=3.4645 lr=0.00010496 grad_norm=3.9211 throughput=35.15 img/s eta_seconds=0.3 gpu_alloc=378.7MiB gpu_reserved=4406.0MiB skipped_batches=0
2026-08-15 13:48:03,923 | WARNING | STABILITY WARNING [CAM] Validation MAE xấu đi trong khi train loss giảm
2026-08-15 13:48:03,923 | INFO | 
TRAINING REVIEW SNAPSHOT
Run ID / config hash / split hash: P4_D3_CONVNEXT_TINY_LDL_SIGMA2_LAMBDA02_SEED42 / 60369b250430 / 7328667e6822+f650a20432b5
Epoch / global step: 18 / 6318
Train loss: 3.8787
Validation MAE / RMSE / median AE: 6.4932 / 8.8872 / 4.8073
MAE nam / nữ / age bins: {'F': 6.829991972519577, 'M': 6.209192991565146} / {'0-59': 6.459204349112003, '120-179': 6.294328951275688, '60-119': 7.27281994504977, '180-228': 5.375723123550415}
Learning rate / peak VRAM: 0.00010496 / 4406.0 MiB
Best epoch / best MAE / epochs không cải thiện: 13 / 6.1454 / 5
Cảnh báo hiện tại: CAM: Validation MAE xấu đi trong khi train loss giảm
Checkpoint gần nhất: p1_baseline\runs\P4_D3_CONVNEXT_TINY_LDL_SIGMA2_LAMBDA02_SEED42\last.ckpt
Checkpoint tốt nhất: p1_baseline\runs\P4_D3_CONVNEXT_TINY_LDL_SIGMA2_LAMBDA02_SEED42\best_mae.ckpt
Đề xuất tự động: THEO DÕI
2026-08-15 13:48:22,301 | INFO | epoch=19 batch=25 global_step=6326 loss_reg_months=3.7687 loss_ldl=3.3521 lr=0.00009604 grad_norm=3.2005 throughput=18.44 img/s eta_seconds=667.6 gpu_alloc=488.9MiB gpu_reserved=4406.0MiB skipped_batches=0
2026-08-15 13:48:30,384 | INFO | epoch=19 batch=50 global_step=6334 loss_reg_months=3.6761 loss_ldl=3.0253 lr=0.00009604 grad_norm=2.6178 throughput=24.64 img/s eta_seconds=487.5 gpu_alloc=488.9MiB gpu_reserved=4406.0MiB skipped_batches=0
2026-08-15 13:48:38,629 | INFO | epoch=19 batch=75 global_step=6343 loss_reg_months=3.6648 loss_ldl=2.9975 lr=0.00009604 grad_norm=2.1518 throughput=27.61 img/s eta_seconds=424.2 gpu_alloc=378.7MiB gpu_reserved=4406.0MiB skipped_batches=0
2026-08-15 13:48:46,620 | INFO | epoch=19 batch=100 global_step=6351 loss_reg_months=3.6521 loss_ldl=3.1385 lr=0.00009604 grad_norm=2.8864 throughput=29.57 img/s eta_seconds=386.0 gpu_alloc=488.9MiB gpu_reserved=4406.0MiB skipped_batches=0
2026-08-15 13:48:54,634 | INFO | epoch=19 batch=125 global_step=6359 loss_reg_months=3.7516 loss_ldl=2.8710 lr=0.00009604 grad_norm=2.4830 throughput=30.86 img/s eta_seconds=360.0 gpu_alloc=488.9MiB gpu_reserved=4406.0MiB skipped_batches=0
2026-08-15 13:49:02,651 | INFO | epoch=19 batch=150 global_step=6368 loss_reg_months=3.7048 loss_ldl=2.9631 lr=0.00009604 grad_norm=2.2368 throughput=31.79 img/s eta_seconds=340.1 gpu_alloc=378.7MiB gpu_reserved=4406.0MiB skipped_batches=0
2026-08-15 13:49:10,830 | INFO | epoch=19 batch=175 global_step=6376 loss_reg_months=3.7354 loss_ldl=2.9701 lr=0.00009604 grad_norm=2.2358 throughput=32.41 img/s eta_seconds=324.3 gpu_alloc=488.9MiB gpu_reserved=4406.0MiB skipped_batches=0
2026-08-15 13:49:18,807 | INFO | epoch=19 batch=200 global_step=6384 loss_reg_months=3.7357 loss_ldl=3.1800 lr=0.00009604 grad_norm=2.2901 throughput=32.98 img/s eta_seconds=309.6 gpu_alloc=488.9MiB gpu_reserved=4406.0MiB skipped_batches=0
2026-08-15 13:49:26,792 | INFO | epoch=19 batch=225 global_step=6393 loss_reg_months=3.7223 loss_ldl=3.1934 lr=0.00009604 grad_norm=2.8069 throughput=33.43 img/s eta_seconds=296.4 gpu_alloc=378.7MiB gpu_reserved=4406.0MiB skipped_batches=0
2026-08-15 13:49:34,987 | INFO | epoch=19 batch=250 global_step=6401 loss_reg_months=3.6533 loss_ldl=2.9812 lr=0.00009604 grad_norm=2.1842 throughput=33.73 img/s eta_seconds=285.0 gpu_alloc=488.9MiB gpu_reserved=4406.0MiB skipped_batches=0
2026-08-15 13:49:43,001 | INFO | epoch=19 batch=275 global_step=6409 loss_reg_months=3.6571 loss_ldl=3.0716 lr=0.00009604 grad_norm=2.4857 throughput=34.03 img/s eta_seconds=273.6 gpu_alloc=488.9MiB gpu_reserved=4406.0MiB skipped_batches=0
2026-08-15 13:49:51,272 | INFO | epoch=19 batch=300 global_step=6418 loss_reg_months=3.6768 loss_ldl=3.0803 lr=0.00009604 grad_norm=2.8747 throughput=34.21 img/s eta_seconds=263.4 gpu_alloc=378.7MiB gpu_reserved=4406.0MiB skipped_batches=0
2026-08-15 13:49:59,752 | INFO | epoch=19 batch=325 global_step=6426 loss_reg_months=3.6525 loss_ldl=2.6999 lr=0.00009604 grad_norm=2.2979 throughput=34.29 img/s eta_seconds=254.0 gpu_alloc=488.9MiB gpu_reserved=4406.0MiB skipped_batches=0
2026-08-15 13:50:07,877 | INFO | epoch=19 batch=350 global_step=6434 loss_reg_months=3.6430 loss_ldl=3.3657 lr=0.00009604 grad_norm=2.9922 throughput=34.47 img/s eta_seconds=244.0 gpu_alloc=488.9MiB gpu_reserved=4406.0MiB skipped_batches=0
2026-08-15 13:50:15,974 | INFO | epoch=19 batch=375 global_step=6443 loss_reg_months=3.6059 loss_ldl=2.8268 lr=0.00009604 grad_norm=2.0901 throughput=34.63 img/s eta_seconds=234.2 gpu_alloc=378.7MiB gpu_reserved=4406.0MiB skipped_batches=0
2026-08-15 13:50:24,306 | INFO | epoch=19 batch=400 global_step=6451 loss_reg_months=3.6085 loss_ldl=3.1968 lr=0.00009604 grad_norm=2.9183 throughput=34.71 img/s eta_seconds=225.0 gpu_alloc=488.9MiB gpu_reserved=4406.0MiB skipped_batches=0
2026-08-15 13:50:32,303 | INFO | epoch=19 batch=425 global_step=6459 loss_reg_months=3.6154 loss_ldl=3.1508 lr=0.00009604 grad_norm=3.0581 throughput=34.87 img/s eta_seconds=215.4 gpu_alloc=488.9MiB gpu_reserved=4406.0MiB skipped_batches=0
2026-08-15 13:50:40,710 | INFO | epoch=19 batch=450 global_step=6468 loss_reg_months=3.5947 loss_ldl=3.0832 lr=0.00009604 grad_norm=3.1448 throughput=34.91 img/s eta_seconds=206.6 gpu_alloc=378.7MiB gpu_reserved=4406.0MiB skipped_batches=0
2026-08-15 13:50:48,867 | INFO | epoch=19 batch=475 global_step=6476 loss_reg_months=3.6103 loss_ldl=3.1979 lr=0.00009604 grad_norm=3.3872 throughput=35.00 img/s eta_seconds=197.4 gpu_alloc=488.9MiB gpu_reserved=4406.0MiB skipped_batches=0
2026-08-15 13:50:56,972 | INFO | epoch=19 batch=500 global_step=6484 loss_reg_months=3.6005 loss_ldl=2.9380 lr=0.00009604 grad_norm=3.0795 throughput=35.10 img/s eta_seconds=188.3 gpu_alloc=488.9MiB gpu_reserved=4406.0MiB skipped_batches=0
2026-08-15 13:51:05,241 | INFO | epoch=19 batch=525 global_step=6493 loss_reg_months=3.6027 loss_ldl=2.8055 lr=0.00009604 grad_norm=3.2724 throughput=35.15 img/s eta_seconds=179.5 gpu_alloc=378.7MiB gpu_reserved=4406.0MiB skipped_batches=0
2026-08-15 13:51:14,246 | INFO | epoch=19 batch=550 global_step=6501 loss_reg_months=3.5932 loss_ldl=2.8644 lr=0.00009604 grad_norm=3.4217 throughput=35.07 img/s eta_seconds=171.4 gpu_alloc=488.9MiB gpu_reserved=4406.0MiB skipped_batches=0
2026-08-15 13:51:22,487 | INFO | epoch=19 batch=575 global_step=6509 loss_reg_months=3.6041 loss_ldl=3.0189 lr=0.00009604 grad_norm=2.8126 throughput=35.12 img/s eta_seconds=162.6 gpu_alloc=488.9MiB gpu_reserved=4406.0MiB skipped_batches=0
2026-08-15 13:51:30,718 | INFO | epoch=19 batch=600 global_step=6518 loss_reg_months=3.6154 loss_ldl=3.1820 lr=0.00009604 grad_norm=3.7041 throughput=35.18 img/s eta_seconds=153.8 gpu_alloc=378.7MiB gpu_reserved=4406.0MiB skipped_batches=0
2026-08-15 13:51:38,926 | INFO | epoch=19 batch=625 global_step=6526 loss_reg_months=3.6220 loss_ldl=3.3992 lr=0.00009604 grad_norm=2.7522 throughput=35.23 img/s eta_seconds=145.1 gpu_alloc=488.9MiB gpu_reserved=4406.0MiB skipped_batches=0
2026-08-15 13:51:46,919 | INFO | epoch=19 batch=650 global_step=6534 loss_reg_months=3.6340 loss_ldl=3.6007 lr=0.00009604 grad_norm=3.0003 throughput=35.31 img/s eta_seconds=136.2 gpu_alloc=488.9MiB gpu_reserved=4406.0MiB skipped_batches=0
2026-08-15 13:51:55,172 | INFO | epoch=19 batch=675 global_step=6543 loss_reg_months=3.6633 loss_ldl=3.2255 lr=0.00009604 grad_norm=3.0208 throughput=35.35 img/s eta_seconds=127.6 gpu_alloc=378.7MiB gpu_reserved=4406.0MiB skipped_batches=0
2026-08-15 13:52:03,315 | INFO | epoch=19 batch=700 global_step=6551 loss_reg_months=3.6537 loss_ldl=3.1528 lr=0.00009604 grad_norm=2.2973 throughput=35.40 img/s eta_seconds=119.0 gpu_alloc=488.9MiB gpu_reserved=4406.0MiB skipped_batches=0
2026-08-15 13:52:11,496 | INFO | epoch=19 batch=725 global_step=6559 loss_reg_months=3.6599 loss_ldl=2.9432 lr=0.00009604 grad_norm=3.0792 throughput=35.44 img/s eta_seconds=110.3 gpu_alloc=488.9MiB gpu_reserved=4406.0MiB skipped_batches=0
2026-08-15 13:52:20,103 | INFO | epoch=19 batch=750 global_step=6568 loss_reg_months=3.6653 loss_ldl=3.0165 lr=0.00009604 grad_norm=2.8857 throughput=35.42 img/s eta_seconds=101.9 gpu_alloc=378.7MiB gpu_reserved=4406.0MiB skipped_batches=0
2026-08-15 13:52:28,155 | INFO | epoch=19 batch=775 global_step=6576 loss_reg_months=3.6662 loss_ldl=3.2633 lr=0.00009604 grad_norm=2.9209 throughput=35.48 img/s eta_seconds=93.3 gpu_alloc=488.9MiB gpu_reserved=4406.0MiB skipped_batches=0
2026-08-15 13:52:36,457 | INFO | epoch=19 batch=800 global_step=6584 loss_reg_months=3.6713 loss_ldl=3.3460 lr=0.00009604 grad_norm=3.5277 throughput=35.50 img/s eta_seconds=84.8 gpu_alloc=488.9MiB gpu_reserved=4406.0MiB skipped_batches=0
2026-08-15 13:52:44,655 | INFO | epoch=19 batch=825 global_step=6593 loss_reg_months=3.6694 loss_ldl=3.3224 lr=0.00009604 grad_norm=2.8934 throughput=35.53 img/s eta_seconds=76.3 gpu_alloc=378.7MiB gpu_reserved=4406.0MiB skipped_batches=0
2026-08-15 13:52:52,839 | INFO | epoch=19 batch=850 global_step=6601 loss_reg_months=3.6609 loss_ldl=3.2221 lr=0.00009604 grad_norm=3.4007 throughput=35.56 img/s eta_seconds=67.8 gpu_alloc=488.9MiB gpu_reserved=4406.0MiB skipped_batches=0
2026-08-15 13:53:01,138 | INFO | epoch=19 batch=875 global_step=6609 loss_reg_months=3.6690 loss_ldl=3.1590 lr=0.00009604 grad_norm=2.4234 throughput=35.58 img/s eta_seconds=59.3 gpu_alloc=488.9MiB gpu_reserved=4406.0MiB skipped_batches=0
2026-08-15 13:53:09,274 | INFO | epoch=19 batch=900 global_step=6618 loss_reg_months=3.6744 loss_ldl=3.3454 lr=0.00009604 grad_norm=2.8652 throughput=35.62 img/s eta_seconds=50.8 gpu_alloc=378.7MiB gpu_reserved=4406.0MiB skipped_batches=0
2026-08-15 13:53:17,283 | INFO | epoch=19 batch=925 global_step=6626 loss_reg_months=3.6827 loss_ldl=3.5348 lr=0.00009604 grad_norm=2.1689 throughput=35.66 img/s eta_seconds=42.4 gpu_alloc=488.9MiB gpu_reserved=4406.0MiB skipped_batches=0
2026-08-15 13:53:25,458 | INFO | epoch=19 batch=950 global_step=6634 loss_reg_months=3.6945 loss_ldl=3.3510 lr=0.00009604 grad_norm=3.4736 throughput=35.69 img/s eta_seconds=33.9 gpu_alloc=488.9MiB gpu_reserved=4406.0MiB skipped_batches=0
2026-08-15 13:53:33,793 | INFO | epoch=19 batch=975 global_step=6643 loss_reg_months=3.7011 loss_ldl=3.2034 lr=0.00009604 grad_norm=2.8469 throughput=35.70 img/s eta_seconds=25.5 gpu_alloc=378.7MiB gpu_reserved=4406.0MiB skipped_batches=0
2026-08-15 13:53:42,011 | INFO | epoch=19 batch=1000 global_step=6651 loss_reg_months=3.6985 loss_ldl=3.0742 lr=0.00009604 grad_norm=2.4466 throughput=35.72 img/s eta_seconds=17.1 gpu_alloc=488.9MiB gpu_reserved=4406.0MiB skipped_batches=0
2026-08-15 13:53:50,699 | INFO | epoch=19 batch=1025 global_step=6659 loss_reg_months=3.7012 loss_ldl=3.1719 lr=0.00009604 grad_norm=2.7875 throughput=35.69 img/s eta_seconds=8.7 gpu_alloc=488.9MiB gpu_reserved=4406.0MiB skipped_batches=0
2026-08-15 13:53:58,843 | INFO | epoch=19 batch=1050 global_step=6668 loss_reg_months=3.7056 loss_ldl=3.0982 lr=0.00009604 grad_norm=1.9901 throughput=35.71 img/s eta_seconds=0.3 gpu_alloc=378.7MiB gpu_reserved=4406.0MiB skipped_batches=0
2026-08-15 13:54:28,652 | INFO | 
TRAINING REVIEW SNAPSHOT
Run ID / config hash / split hash: P4_D3_CONVNEXT_TINY_LDL_SIGMA2_LAMBDA02_SEED42 / 60369b250430 / 7328667e6822+f650a20432b5
Epoch / global step: 19 / 6669
Train loss: 3.7051
Validation MAE / RMSE / median AE: 6.4231 / 8.7332 / 4.8027
MAE nam / nữ / age bins: {'F': 6.738378160570297, 'M': 6.157199770790485} / {'0-59': 6.2945111355883006, '120-179': 6.121412826556948, '60-119': 7.562398571653414, '180-228': 4.917546272277832}
Learning rate / peak VRAM: 0.00009604 / 4406.0 MiB
Best epoch / best MAE / epochs không cải thiện: 13 / 6.1454 / 6
Cảnh báo hiện tại: KHÔNG
Checkpoint gần nhất: p1_baseline\runs\P4_D3_CONVNEXT_TINY_LDL_SIGMA2_LAMBDA02_SEED42\last.ckpt
Checkpoint tốt nhất: p1_baseline\runs\P4_D3_CONVNEXT_TINY_LDL_SIGMA2_LAMBDA02_SEED42\best_mae.ckpt
Đề xuất tự động: TIẾP TỤC
2026-08-15 13:54:46,357 | INFO | epoch=20 batch=25 global_step=6677 loss_reg_months=3.2151 loss_ldl=2.9038 lr=0.00008714 grad_norm=2.0808 throughput=19.16 img/s eta_seconds=642.5 gpu_alloc=488.9MiB gpu_reserved=4406.0MiB skipped_batches=0
2026-08-15 13:54:54,380 | INFO | epoch=20 batch=50 global_step=6685 loss_reg_months=3.2830 loss_ldl=3.1523 lr=0.00008714 grad_norm=2.5316 throughput=25.34 img/s eta_seconds=474.0 gpu_alloc=488.9MiB gpu_reserved=4406.0MiB skipped_batches=0
2026-08-15 13:55:02,851 | INFO | epoch=20 batch=75 global_step=6694 loss_reg_months=3.4443 loss_ldl=3.0790 lr=0.00008714 grad_norm=3.0153 throughput=27.99 img/s eta_seconds=418.3 gpu_alloc=378.7MiB gpu_reserved=4406.0MiB skipped_batches=0
2026-08-15 13:55:11,056 | INFO | epoch=20 batch=100 global_step=6702 loss_reg_months=3.3678 loss_ldl=3.7489 lr=0.00008714 grad_norm=2.2682 throughput=29.74 img/s eta_seconds=383.7 gpu_alloc=488.9MiB gpu_reserved=4406.0MiB skipped_batches=0
2026-08-15 13:55:19,776 | INFO | epoch=20 batch=125 global_step=6710 loss_reg_months=3.5269 loss_ldl=3.2355 lr=0.00008714 grad_norm=2.7995 throughput=30.57 img/s eta_seconds=363.5 gpu_alloc=488.9MiB gpu_reserved=4406.0MiB skipped_batches=0
2026-08-15 13:55:27,816 | INFO | epoch=20 batch=150 global_step=6719 loss_reg_months=3.5506 loss_ldl=3.2776 lr=0.00008714 grad_norm=3.0294 throughput=31.52 img/s eta_seconds=343.0 gpu_alloc=378.7MiB gpu_reserved=4406.0MiB skipped_batches=0
2026-08-15 13:55:35,881 | INFO | epoch=20 batch=175 global_step=6727 loss_reg_months=3.5722 loss_ldl=3.2426 lr=0.00008714 grad_norm=3.0233 throughput=32.22 img/s eta_seconds=326.2 gpu_alloc=488.9MiB gpu_reserved=4406.0MiB skipped_batches=0
2026-08-15 13:55:44,036 | INFO | epoch=20 batch=200 global_step=6735 loss_reg_months=3.5545 loss_ldl=2.8078 lr=0.00008714 grad_norm=2.9678 throughput=32.73 img/s eta_seconds=312.0 gpu_alloc=488.9MiB gpu_reserved=4406.0MiB skipped_batches=0
2026-08-15 13:55:52,106 | INFO | epoch=20 batch=225 global_step=6744 loss_reg_months=3.5317 loss_ldl=3.1386 lr=0.00008714 grad_norm=3.4653 throughput=33.17 img/s eta_seconds=298.8 gpu_alloc=378.7MiB gpu_reserved=4406.0MiB skipped_batches=0
2026-08-15 13:56:00,518 | INFO | epoch=20 batch=250 global_step=6752 loss_reg_months=3.5106 loss_ldl=2.9498 lr=0.00008714 grad_norm=2.2409 throughput=33.40 img/s eta_seconds=287.7 gpu_alloc=488.9MiB gpu_reserved=4406.0MiB skipped_batches=0
2026-08-15 13:56:08,720 | INFO | epoch=20 batch=275 global_step=6760 loss_reg_months=3.5150 loss_ldl=2.9028 lr=0.00008714 grad_norm=2.3138 throughput=33.67 img/s eta_seconds=276.6 gpu_alloc=488.9MiB gpu_reserved=4406.0MiB skipped_batches=0
2026-08-15 13:56:17,132 | INFO | epoch=20 batch=300 global_step=6769 loss_reg_months=3.5104 loss_ldl=3.0538 lr=0.00008714 grad_norm=2.2107 throughput=33.82 img/s eta_seconds=266.4 gpu_alloc=378.7MiB gpu_reserved=4406.0MiB skipped_batches=0
2026-08-15 13:56:25,294 | INFO | epoch=20 batch=325 global_step=6777 loss_reg_months=3.4952 loss_ldl=2.7452 lr=0.00008714 grad_norm=3.2042 throughput=34.03 img/s eta_seconds=256.0 gpu_alloc=488.9MiB gpu_reserved=4406.0MiB skipped_batches=0
2026-08-15 13:56:33,598 | INFO | epoch=20 batch=350 global_step=6785 loss_reg_months=3.4891 loss_ldl=2.9912 lr=0.00008714 grad_norm=2.5200 throughput=34.17 img/s eta_seconds=246.1 gpu_alloc=488.9MiB gpu_reserved=4406.0MiB skipped_batches=0
2026-08-15 13:56:41,928 | INFO | epoch=20 batch=375 global_step=6794 loss_reg_months=3.4904 loss_ldl=2.7739 lr=0.00008714 grad_norm=2.3084 throughput=34.29 img/s eta_seconds=236.5 gpu_alloc=378.7MiB gpu_reserved=4406.0MiB skipped_batches=0
2026-08-15 13:56:50,012 | INFO | epoch=20 batch=400 global_step=6802 loss_reg_months=3.4956 loss_ldl=2.8308 lr=0.00008714 grad_norm=2.6405 throughput=34.46 img/s eta_seconds=226.7 gpu_alloc=488.9MiB gpu_reserved=4406.0MiB skipped_batches=0
2026-08-15 13:56:58,607 | INFO | epoch=20 batch=425 global_step=6810 loss_reg_months=3.4963 loss_ldl=3.6483 lr=0.00008714 grad_norm=2.8082 throughput=34.48 img/s eta_seconds=217.8 gpu_alloc=488.9MiB gpu_reserved=4406.0MiB skipped_batches=0
2026-08-15 13:57:06,814 | INFO | epoch=20 batch=450 global_step=6819 loss_reg_months=3.4930 loss_ldl=2.7469 lr=0.00008714 grad_norm=2.6425 throughput=34.59 img/s eta_seconds=208.5 gpu_alloc=378.7MiB gpu_reserved=4406.0MiB skipped_batches=0
2026-08-15 13:57:15,202 | INFO | epoch=20 batch=475 global_step=6827 loss_reg_months=3.4923 loss_ldl=3.2356 lr=0.00008714 grad_norm=2.3239 throughput=34.65 img/s eta_seconds=199.5 gpu_alloc=488.9MiB gpu_reserved=4406.0MiB skipped_batches=0
2026-08-15 13:57:23,475 | INFO | epoch=20 batch=500 global_step=6835 loss_reg_months=3.4863 loss_ldl=3.2640 lr=0.00008714 grad_norm=3.1005 throughput=34.73 img/s eta_seconds=190.4 gpu_alloc=488.9MiB gpu_reserved=4406.0MiB skipped_batches=0
2026-08-15 13:57:31,576 | INFO | epoch=20 batch=525 global_step=6844 loss_reg_months=3.4958 loss_ldl=3.2848 lr=0.00008714 grad_norm=3.4190 throughput=34.83 img/s eta_seconds=181.2 gpu_alloc=378.7MiB gpu_reserved=4406.0MiB skipped_batches=0
2026-08-15 13:57:39,760 | INFO | epoch=20 batch=550 global_step=6852 loss_reg_months=3.4813 loss_ldl=2.9985 lr=0.00008714 grad_norm=2.5286 throughput=34.91 img/s eta_seconds=172.2 gpu_alloc=488.9MiB gpu_reserved=4406.0MiB skipped_batches=0
2026-08-15 13:57:48,029 | INFO | epoch=20 batch=575 global_step=6860 loss_reg_months=3.4832 loss_ldl=3.3713 lr=0.00008714 grad_norm=2.5361 throughput=34.97 img/s eta_seconds=163.3 gpu_alloc=488.9MiB gpu_reserved=4406.0MiB skipped_batches=0
2026-08-15 13:57:56,303 | INFO | epoch=20 batch=600 global_step=6869 loss_reg_months=3.5074 loss_ldl=2.8451 lr=0.00008714 grad_norm=3.3232 throughput=35.02 img/s eta_seconds=154.5 gpu_alloc=378.7MiB gpu_reserved=4406.0MiB skipped_batches=0
2026-08-15 13:58:04,366 | INFO | epoch=20 batch=625 global_step=6877 loss_reg_months=3.5240 loss_ldl=3.0825 lr=0.00008714 grad_norm=3.9620 throughput=35.10 img/s eta_seconds=145.6 gpu_alloc=488.9MiB gpu_reserved=4406.0MiB skipped_batches=0
2026-08-15 13:58:12,996 | INFO | epoch=20 batch=650 global_step=6885 loss_reg_months=3.5528 loss_ldl=3.1560 lr=0.00008714 grad_norm=3.5838 throughput=35.09 img/s eta_seconds=137.1 gpu_alloc=488.9MiB gpu_reserved=4406.0MiB skipped_batches=0
2026-08-15 13:58:21,055 | INFO | epoch=20 batch=675 global_step=6894 loss_reg_months=3.5599 loss_ldl=3.1332 lr=0.00008714 grad_norm=1.8814 throughput=35.16 img/s eta_seconds=128.3 gpu_alloc=378.7MiB gpu_reserved=4406.0MiB skipped_batches=0
2026-08-15 13:58:29,148 | INFO | epoch=20 batch=700 global_step=6902 loss_reg_months=3.5822 loss_ldl=3.1225 lr=0.00008714 grad_norm=4.4649 throughput=35.23 img/s eta_seconds=119.5 gpu_alloc=488.9MiB gpu_reserved=4406.0MiB skipped_batches=0
2026-08-15 13:58:37,376 | INFO | epoch=20 batch=725 global_step=6910 loss_reg_months=3.5872 loss_ldl=3.2613 lr=0.00008714 grad_norm=3.0884 throughput=35.27 img/s eta_seconds=110.9 gpu_alloc=488.9MiB gpu_reserved=4406.0MiB skipped_batches=0
2026-08-15 13:58:45,647 | INFO | epoch=20 batch=750 global_step=6919 loss_reg_months=3.5972 loss_ldl=3.1219 lr=0.00008714 grad_norm=2.8560 throughput=35.30 img/s eta_seconds=102.3 gpu_alloc=378.7MiB gpu_reserved=4406.0MiB skipped_batches=0
2026-08-15 13:58:53,772 | INFO | epoch=20 batch=775 global_step=6927 loss_reg_months=3.5929 loss_ldl=3.5422 lr=0.00008714 grad_norm=3.4555 throughput=35.35 img/s eta_seconds=93.7 gpu_alloc=488.9MiB gpu_reserved=4406.0MiB skipped_batches=0
2026-08-15 13:59:01,890 | INFO | epoch=20 batch=800 global_step=6935 loss_reg_months=3.5856 loss_ldl=2.7232 lr=0.00008714 grad_norm=3.0842 throughput=35.40 img/s eta_seconds=85.1 gpu_alloc=488.9MiB gpu_reserved=4406.0MiB skipped_batches=0
2026-08-15 13:59:10,308 | INFO | epoch=20 batch=825 global_step=6944 loss_reg_months=3.5796 loss_ldl=3.2118 lr=0.00008714 grad_norm=3.5261 throughput=35.41 img/s eta_seconds=76.6 gpu_alloc=378.7MiB gpu_reserved=4406.0MiB skipped_batches=0
2026-08-15 13:59:18,406 | INFO | epoch=20 batch=850 global_step=6952 loss_reg_months=3.5785 loss_ldl=2.9312 lr=0.00008714 grad_norm=2.2680 throughput=35.45 img/s eta_seconds=68.0 gpu_alloc=488.9MiB gpu_reserved=4406.0MiB skipped_batches=0
2026-08-15 13:59:26,483 | INFO | epoch=20 batch=875 global_step=6960 loss_reg_months=3.5795 loss_ldl=3.4860 lr=0.00008714 grad_norm=2.2861 throughput=35.50 img/s eta_seconds=59.5 gpu_alloc=488.9MiB gpu_reserved=4406.0MiB skipped_batches=0
2026-08-15 13:59:34,817 | INFO | epoch=20 batch=900 global_step=6969 loss_reg_months=3.5888 loss_ldl=3.3666 lr=0.00008714 grad_norm=3.0756 throughput=35.51 img/s eta_seconds=51.0 gpu_alloc=378.7MiB gpu_reserved=4406.0MiB skipped_batches=0
2026-08-15 13:59:43,026 | INFO | epoch=20 batch=925 global_step=6977 loss_reg_months=3.5883 loss_ldl=2.7912 lr=0.00008714 grad_norm=2.8799 throughput=35.54 img/s eta_seconds=42.5 gpu_alloc=488.9MiB gpu_reserved=4406.0MiB skipped_batches=0
2026-08-15 13:59:51,128 | INFO | epoch=20 batch=950 global_step=6985 loss_reg_months=3.5907 loss_ldl=2.8586 lr=0.00008714 grad_norm=3.1235 throughput=35.58 img/s eta_seconds=34.0 gpu_alloc=488.9MiB gpu_reserved=4406.0MiB skipped_batches=0
2026-08-15 13:59:59,216 | INFO | epoch=20 batch=975 global_step=6994 loss_reg_months=3.5840 loss_ldl=2.6921 lr=0.00008714 grad_norm=3.0185 throughput=35.61 img/s eta_seconds=25.6 gpu_alloc=378.7MiB gpu_reserved=4406.0MiB skipped_batches=0
2026-08-15 14:00:08,686 | INFO | epoch=20 batch=1000 global_step=7002 loss_reg_months=3.5902 loss_ldl=3.2778 lr=0.00008714 grad_norm=3.7101 throughput=35.50 img/s eta_seconds=17.2 gpu_alloc=488.9MiB gpu_reserved=4406.0MiB skipped_batches=0
2026-08-15 14:00:16,793 | INFO | epoch=20 batch=1025 global_step=7010 loss_reg_months=3.5856 loss_ldl=2.8796 lr=0.00008714 grad_norm=3.0514 throughput=35.54 img/s eta_seconds=8.8 gpu_alloc=488.9MiB gpu_reserved=4406.0MiB skipped_batches=0
2026-08-15 14:00:25,072 | INFO | epoch=20 batch=1050 global_step=7019 loss_reg_months=3.5797 loss_ldl=3.1738 lr=0.00008714 grad_norm=2.6267 throughput=35.56 img/s eta_seconds=0.3 gpu_alloc=378.7MiB gpu_reserved=4406.0MiB skipped_batches=0
2026-08-15 14:00:54,124 | WARNING | STABILITY WARNING [CAM] Validation MAE xấu đi trong khi train loss giảm
2026-08-15 14:00:54,125 | INFO | 
TRAINING REVIEW SNAPSHOT
Run ID / config hash / split hash: P4_D3_CONVNEXT_TINY_LDL_SIGMA2_LAMBDA02_SEED42 / 60369b250430 / 7328667e6822+f650a20432b5
Epoch / global step: 20 / 7020
Train loss: 3.5801
Validation MAE / RMSE / median AE: 6.6147 / 8.9301 / 4.8645
MAE nam / nữ / age bins: {'F': 6.8250796707129915, 'M': 6.43718032047326} / {'0-59': 7.894064426422119, '120-179': 5.867945592099863, '60-119': 8.057943925034577, '180-228': 5.951971769332886}
Learning rate / peak VRAM: 0.00008714 / 4406.0 MiB
Best epoch / best MAE / epochs không cải thiện: 13 / 6.1454 / 7
Cảnh báo hiện tại: CAM: Validation MAE xấu đi trong khi train loss giảm
Checkpoint gần nhất: p1_baseline\runs\P4_D3_CONVNEXT_TINY_LDL_SIGMA2_LAMBDA02_SEED42\last.ckpt
Checkpoint tốt nhất: p1_baseline\runs\P4_D3_CONVNEXT_TINY_LDL_SIGMA2_LAMBDA02_SEED42\best_mae.ckpt
Đề xuất tự động: THEO DÕI
2026-08-15 14:01:11,610 | INFO | epoch=21 batch=25 global_step=7028 loss_reg_months=3.8891 loss_ldl=2.9789 lr=0.00007836 grad_norm=2.8935 throughput=19.83 img/s eta_seconds=620.9 gpu_alloc=488.9MiB gpu_reserved=4406.0MiB skipped_batches=0
2026-08-15 14:01:19,434 | INFO | epoch=21 batch=50 global_step=7036 loss_reg_months=3.6915 loss_ldl=3.0771 lr=0.00007836 grad_norm=2.6575 throughput=26.14 img/s eta_seconds=459.5 gpu_alloc=488.9MiB gpu_reserved=4406.0MiB skipped_batches=0
2026-08-15 14:01:27,975 | INFO | epoch=21 batch=75 global_step=7045 loss_reg_months=3.6516 loss_ldl=2.7108 lr=0.00007836 grad_norm=2.7647 throughput=28.58 img/s eta_seconds=409.8 gpu_alloc=378.7MiB gpu_reserved=4406.0MiB skipped_batches=0
2026-08-15 14:01:36,249 | INFO | epoch=21 batch=100 global_step=7053 loss_reg_months=3.6245 loss_ldl=3.0418 lr=0.00007836 grad_norm=3.2209 throughput=30.17 img/s eta_seconds=378.2 gpu_alloc=488.9MiB gpu_reserved=4406.0MiB skipped_batches=0
2026-08-15 14:01:44,557 | INFO | epoch=21 batch=125 global_step=7061 loss_reg_months=3.5286 loss_ldl=3.0949 lr=0.00007836 grad_norm=2.5599 throughput=31.20 img/s eta_seconds=356.1 gpu_alloc=488.9MiB gpu_reserved=4406.0MiB skipped_batches=0
2026-08-15 14:01:52,638 | INFO | epoch=21 batch=150 global_step=7070 loss_reg_months=3.4700 loss_ldl=2.9971 lr=0.00007836 grad_norm=2.2928 throughput=32.05 img/s eta_seconds=337.3 gpu_alloc=378.7MiB gpu_reserved=4406.0MiB skipped_batches=0
2026-08-15 14:02:00,974 | INFO | epoch=21 batch=175 global_step=7078 loss_reg_months=3.4113 loss_ldl=3.5274 lr=0.00007836 grad_norm=2.7947 throughput=32.56 img/s eta_seconds=322.8 gpu_alloc=488.9MiB gpu_reserved=4406.0MiB skipped_batches=0
2026-08-15 14:02:09,067 | INFO | epoch=21 batch=200 global_step=7086 loss_reg_months=3.3764 loss_ldl=3.1711 lr=0.00007836 grad_norm=2.7469 throughput=33.06 img/s eta_seconds=308.8 gpu_alloc=488.9MiB gpu_reserved=4406.0MiB skipped_batches=0
2026-08-15 14:02:17,168 | INFO | epoch=21 batch=225 global_step=7095 loss_reg_months=3.3986 loss_ldl=2.6680 lr=0.00007836 grad_norm=3.2532 throughput=33.46 img/s eta_seconds=296.2 gpu_alloc=378.7MiB gpu_reserved=4406.0MiB skipped_batches=0
2026-08-15 14:02:25,518 | INFO | epoch=21 batch=250 global_step=7103 loss_reg_months=3.3585 loss_ldl=3.3059 lr=0.00007836 grad_norm=2.9748 throughput=33.69 img/s eta_seconds=285.2 gpu_alloc=488.9MiB gpu_reserved=4406.0MiB skipped_batches=0
2026-08-15 14:02:33,471 | INFO | epoch=21 batch=275 global_step=7111 loss_reg_months=3.3852 loss_ldl=2.9375 lr=0.00007836 grad_norm=3.6539 throughput=34.02 img/s eta_seconds=273.7 gpu_alloc=488.9MiB gpu_reserved=4406.0MiB skipped_batches=0
2026-08-15 14:02:41,519 | INFO | epoch=21 batch=300 global_step=7120 loss_reg_months=3.3500 loss_ldl=2.8612 lr=0.00007836 grad_norm=2.9455 throughput=34.27 img/s eta_seconds=262.9 gpu_alloc=378.7MiB gpu_reserved=4406.0MiB skipped_batches=0
2026-08-15 14:02:49,748 | INFO | epoch=21 batch=325 global_step=7128 loss_reg_months=3.3594 loss_ldl=2.9727 lr=0.00007836 grad_norm=3.2632 throughput=34.43 img/s eta_seconds=253.0 gpu_alloc=488.9MiB gpu_reserved=4406.0MiB skipped_batches=0
2026-08-15 14:02:57,870 | INFO | epoch=21 batch=350 global_step=7136 loss_reg_months=3.3926 loss_ldl=3.1047 lr=0.00007836 grad_norm=3.7397 throughput=34.60 img/s eta_seconds=243.1 gpu_alloc=488.9MiB gpu_reserved=4406.0MiB skipped_batches=0
2026-08-15 14:03:05,937 | INFO | epoch=21 batch=375 global_step=7145 loss_reg_months=3.3682 loss_ldl=3.0916 lr=0.00007836 grad_norm=2.4870 throughput=34.76 img/s eta_seconds=233.3 gpu_alloc=378.7MiB gpu_reserved=4406.0MiB skipped_batches=0
2026-08-15 14:03:14,256 | INFO | epoch=21 batch=400 global_step=7153 loss_reg_months=3.3348 loss_ldl=2.9243 lr=0.00007836 grad_norm=2.4975 throughput=34.84 img/s eta_seconds=224.2 gpu_alloc=488.9MiB gpu_reserved=4406.0MiB skipped_batches=0
2026-08-15 14:03:22,321 | INFO | epoch=21 batch=425 global_step=7161 loss_reg_months=3.3336 loss_ldl=2.9209 lr=0.00007836 grad_norm=2.8895 throughput=34.97 img/s eta_seconds=214.8 gpu_alloc=488.9MiB gpu_reserved=4406.0MiB skipped_batches=0
2026-08-15 14:03:30,422 | INFO | epoch=21 batch=450 global_step=7170 loss_reg_months=3.3316 loss_ldl=2.9797 lr=0.00007836 grad_norm=2.3302 throughput=35.08 img/s eta_seconds=205.6 gpu_alloc=378.7MiB gpu_reserved=4406.0MiB skipped_batches=0
2026-08-15 14:03:38,807 | INFO | epoch=21 batch=475 global_step=7178 loss_reg_months=3.3323 loss_ldl=2.9858 lr=0.00007836 grad_norm=2.9926 throughput=35.11 img/s eta_seconds=196.8 gpu_alloc=488.9MiB gpu_reserved=4406.0MiB skipped_batches=0
2026-08-15 14:03:46,823 | INFO | epoch=21 batch=500 global_step=7186 loss_reg_months=3.3329 loss_ldl=2.8562 lr=0.00007836 grad_norm=3.0101 throughput=35.22 img/s eta_seconds=187.7 gpu_alloc=488.9MiB gpu_reserved=4406.0MiB skipped_batches=0
2026-08-15 14:03:55,144 | INFO | epoch=21 batch=525 global_step=7195 loss_reg_months=3.3386 loss_ldl=3.0026 lr=0.00007836 grad_norm=3.1123 throughput=35.26 img/s eta_seconds=179.0 gpu_alloc=378.7MiB gpu_reserved=4406.0MiB skipped_batches=0
2026-08-15 14:04:03,079 | INFO | epoch=21 batch=550 global_step=7203 loss_reg_months=3.3458 loss_ldl=2.9127 lr=0.00007836 grad_norm=2.4075 throughput=35.37 img/s eta_seconds=169.9 gpu_alloc=488.9MiB gpu_reserved=4406.0MiB skipped_batches=0
2026-08-15 14:04:11,048 | INFO | epoch=21 batch=575 global_step=7211 loss_reg_months=3.3487 loss_ldl=2.8937 lr=0.00007836 grad_norm=3.0188 throughput=35.46 img/s eta_seconds=161.0 gpu_alloc=488.9MiB gpu_reserved=4406.0MiB skipped_batches=0
2026-08-15 14:04:18,989 | INFO | epoch=21 batch=600 global_step=7220 loss_reg_months=3.3392 loss_ldl=2.9524 lr=0.00007836 grad_norm=3.1884 throughput=35.55 img/s eta_seconds=152.2 gpu_alloc=378.7MiB gpu_reserved=4406.0MiB skipped_batches=0
2026-08-15 14:04:27,121 | INFO | epoch=21 batch=625 global_step=7228 loss_reg_months=3.3435 loss_ldl=3.0226 lr=0.00007836 grad_norm=2.7792 throughput=35.61 img/s eta_seconds=143.5 gpu_alloc=488.9MiB gpu_reserved=4406.0MiB skipped_batches=0
2026-08-15 14:04:35,031 | INFO | epoch=21 batch=650 global_step=7236 loss_reg_months=3.3295 loss_ldl=3.0907 lr=0.00007836 grad_norm=2.4495 throughput=35.69 img/s eta_seconds=134.8 gpu_alloc=488.9MiB gpu_reserved=4406.0MiB skipped_batches=0
2026-08-15 14:04:43,039 | INFO | epoch=21 batch=675 global_step=7245 loss_reg_months=3.3295 loss_ldl=3.0695 lr=0.00007836 grad_norm=2.7448 throughput=35.75 img/s eta_seconds=126.2 gpu_alloc=378.7MiB gpu_reserved=4406.0MiB skipped_batches=0
2026-08-15 14:04:51,307 | INFO | epoch=21 batch=700 global_step=7253 loss_reg_months=3.3267 loss_ldl=2.8737 lr=0.00007836 grad_norm=2.8255 throughput=35.77 img/s eta_seconds=117.7 gpu_alloc=488.9MiB gpu_reserved=4406.0MiB skipped_batches=0
2026-08-15 14:04:59,451 | INFO | epoch=21 batch=725 global_step=7261 loss_reg_months=3.3075 loss_ldl=2.8975 lr=0.00007836 grad_norm=2.5233 throughput=35.81 img/s eta_seconds=109.2 gpu_alloc=488.9MiB gpu_reserved=4406.0MiB skipped_batches=0
2026-08-15 14:05:07,731 | INFO | epoch=21 batch=750 global_step=7270 loss_reg_months=3.3105 loss_ldl=3.1241 lr=0.00007836 grad_norm=2.9371 throughput=35.82 img/s eta_seconds=100.8 gpu_alloc=378.7MiB gpu_reserved=4406.0MiB skipped_batches=0
2026-08-15 14:05:15,937 | INFO | epoch=21 batch=775 global_step=7278 loss_reg_months=3.3164 loss_ldl=3.3172 lr=0.00007836 grad_norm=3.7392 throughput=35.84 img/s eta_seconds=92.4 gpu_alloc=488.9MiB gpu_reserved=4406.0MiB skipped_batches=0
2026-08-15 14:05:24,159 | INFO | epoch=21 batch=800 global_step=7286 loss_reg_months=3.3303 loss_ldl=3.3388 lr=0.00007836 grad_norm=3.7911 throughput=35.86 img/s eta_seconds=84.0 gpu_alloc=488.9MiB gpu_reserved=4406.0MiB skipped_batches=0
2026-08-15 14:05:32,583 | INFO | epoch=21 batch=825 global_step=7295 loss_reg_months=3.3517 loss_ldl=3.2999 lr=0.00007836 grad_norm=4.1244 throughput=35.86 img/s eta_seconds=75.6 gpu_alloc=378.7MiB gpu_reserved=4406.0MiB skipped_batches=0
2026-08-15 14:05:40,946 | INFO | epoch=21 batch=850 global_step=7303 loss_reg_months=3.3539 loss_ldl=2.8721 lr=0.00007836 grad_norm=2.4129 throughput=35.86 img/s eta_seconds=67.2 gpu_alloc=488.9MiB gpu_reserved=4406.0MiB skipped_batches=0
2026-08-15 14:05:49,254 | INFO | epoch=21 batch=875 global_step=7311 loss_reg_months=3.3602 loss_ldl=3.3596 lr=0.00007836 grad_norm=2.8789 throughput=35.86 img/s eta_seconds=58.9 gpu_alloc=488.9MiB gpu_reserved=4406.0MiB skipped_batches=0
2026-08-15 14:05:57,464 | INFO | epoch=21 batch=900 global_step=7320 loss_reg_months=3.3679 loss_ldl=3.3219 lr=0.00007836 grad_norm=2.5818 throughput=35.88 img/s eta_seconds=50.5 gpu_alloc=378.7MiB gpu_reserved=4406.0MiB skipped_batches=0
2026-08-15 14:06:05,702 | INFO | epoch=21 batch=925 global_step=7328 loss_reg_months=3.3749 loss_ldl=3.0324 lr=0.00007836 grad_norm=3.1214 throughput=35.90 img/s eta_seconds=42.1 gpu_alloc=488.9MiB gpu_reserved=4406.0MiB skipped_batches=0
2026-08-15 14:06:13,919 | INFO | epoch=21 batch=950 global_step=7336 loss_reg_months=3.3822 loss_ldl=3.0814 lr=0.00007836 grad_norm=2.4467 throughput=35.91 img/s eta_seconds=33.7 gpu_alloc=488.9MiB gpu_reserved=4406.0MiB skipped_batches=0
2026-08-15 14:06:22,039 | INFO | epoch=21 batch=975 global_step=7345 loss_reg_months=3.3980 loss_ldl=2.9762 lr=0.00007836 grad_norm=2.9935 throughput=35.94 img/s eta_seconds=25.3 gpu_alloc=378.7MiB gpu_reserved=4406.0MiB skipped_batches=0
2026-08-15 14:06:30,255 | INFO | epoch=21 batch=1000 global_step=7353 loss_reg_months=3.4063 loss_ldl=3.0095 lr=0.00007836 grad_norm=3.1248 throughput=35.95 img/s eta_seconds=17.0 gpu_alloc=488.9MiB gpu_reserved=4406.0MiB skipped_batches=0
2026-08-15 14:06:38,358 | INFO | epoch=21 batch=1025 global_step=7361 loss_reg_months=3.4018 loss_ldl=3.2040 lr=0.00007836 grad_norm=3.3776 throughput=35.98 img/s eta_seconds=8.6 gpu_alloc=488.9MiB gpu_reserved=4406.0MiB skipped_batches=0
2026-08-15 14:06:46,864 | INFO | epoch=21 batch=1050 global_step=7370 loss_reg_months=3.4097 loss_ldl=3.3191 lr=0.00007836 grad_norm=2.6045 throughput=35.96 img/s eta_seconds=0.3 gpu_alloc=378.7MiB gpu_reserved=4406.0MiB skipped_batches=0
2026-08-15 14:07:16,213 | WARNING | STABILITY WARNING [CAM] Validation MAE xấu đi trong khi train loss giảm
2026-08-15 14:07:16,214 | INFO | 
TRAINING REVIEW SNAPSHOT
Run ID / config hash / split hash: P4_D3_CONVNEXT_TINY_LDL_SIGMA2_LAMBDA02_SEED42 / 60369b250430 / 7328667e6822+f650a20432b5
Epoch / global step: 21 / 7371
Train loss: 3.4118
Validation MAE / RMSE / median AE: 6.5486 / 9.0327 / 4.6726
MAE nam / nữ / age bins: {'F': 6.921043014233829, 'M': 6.23436582967504} / {'0-59': 5.609429521763579, '120-179': 6.5574366754595514, '60-119': 7.115374831378762, '180-228': 5.437300801277161}
Learning rate / peak VRAM: 0.00007836 / 4406.0 MiB
Best epoch / best MAE / epochs không cải thiện: 13 / 6.1454 / 8
Cảnh báo hiện tại: CAM: Validation MAE xấu đi trong khi train loss giảm
Checkpoint gần nhất: p1_baseline\runs\P4_D3_CONVNEXT_TINY_LDL_SIGMA2_LAMBDA02_SEED42\last.ckpt
Checkpoint tốt nhất: p1_baseline\runs\P4_D3_CONVNEXT_TINY_LDL_SIGMA2_LAMBDA02_SEED42\best_mae.ckpt
Đề xuất tự động: THEO DÕI
2026-08-15 14:07:18,744 | WARNING | STABILITY WARNING [CAM] Early stopping patience=8
RUN STATUS: early_stopped
