2026-08-15 20:05:06,559 | INFO | Run=P5_D0_CONVNEXT_TINY_SEED123 device=cuda config_hash=7209e3e6dada60d3ff91e258947185c5e1efe41f3fcf1d7f1c3946aba6de0a02
2026-08-15 20:05:06,561 | INFO | Split hash train=7328667e6822ab074d442155e33eba89606861bb13bbf804be8a1138c78f5285 validation=f650a20432b557405035d12c52716a6c40fdf20e1343ac3ad0cfb7cd8db21631
RESUME CHECK
Run ID: P5_D0_CONVNEXT_TINY_SEED123
Checkpoint path: p1_baseline\runs\P5_D0_CONVNEXT_TINY_SEED123\last.ckpt
Epoch/global step tiếp tục: 0/2
Best validation MAE trước đó: inf
Split hash khớp: CÓ
Config hash khớp: CÓ
Code version khớp: CÓ
Optimizer/scheduler/scaler đã phục hồi: CÓ
2026-08-15 20:05:20,632 | INFO | epoch=1 batch=25 global_step=8 loss_reg_months=31.9902 lr=0.00020000 grad_norm=4.1155 throughput=21.66 img/s eta_seconds=568.3 gpu_alloc=485.0MiB gpu_reserved=4402.0MiB skipped_batches=0
2026-08-15 20:05:28,790 | INFO | epoch=1 batch=50 global_step=16 loss_reg_months=30.7001 lr=0.00020000 grad_norm=2.4619 throughput=27.26 img/s eta_seconds=440.5 gpu_alloc=485.0MiB gpu_reserved=4402.0MiB skipped_batches=0
2026-08-15 20:05:37,153 | INFO | epoch=1 batch=75 global_step=25 loss_reg_months=28.6560 lr=0.00020000 grad_norm=10.3469 throughput=29.63 img/s eta_seconds=395.2 gpu_alloc=375.7MiB gpu_reserved=4402.0MiB skipped_batches=0
2026-08-15 20:05:45,385 | INFO | epoch=1 batch=100 global_step=33 loss_reg_months=27.3340 lr=0.00020000 grad_norm=5.5742 throughput=31.09 img/s eta_seconds=367.1 gpu_alloc=485.0MiB gpu_reserved=4402.0MiB skipped_batches=0
2026-08-15 20:05:53,562 | INFO | epoch=1 batch=125 global_step=41 loss_reg_months=25.2538 lr=0.00020000 grad_norm=3.9499 throughput=32.07 img/s eta_seconds=346.5 gpu_alloc=485.0MiB gpu_reserved=4402.0MiB skipped_batches=0
2026-08-15 20:06:02,148 | INFO | epoch=1 batch=150 global_step=50 loss_reg_months=23.7395 lr=0.00020000 grad_norm=9.6708 throughput=32.51 img/s eta_seconds=332.5 gpu_alloc=375.7MiB gpu_reserved=4402.0MiB skipped_batches=0
2026-08-15 20:06:10,740 | INFO | epoch=1 batch=175 global_step=58 loss_reg_months=22.8232 lr=0.00020000 grad_norm=9.4526 throughput=32.84 img/s eta_seconds=320.1 gpu_alloc=485.0MiB gpu_reserved=4402.0MiB skipped_batches=0
2026-08-15 20:06:19,179 | INFO | epoch=1 batch=200 global_step=66 loss_reg_months=21.7691 lr=0.00020000 grad_norm=3.6617 throughput=33.15 img/s eta_seconds=308.0 gpu_alloc=485.0MiB gpu_reserved=4402.0MiB skipped_batches=0
2026-08-15 20:06:27,226 | INFO | epoch=1 batch=225 global_step=75 loss_reg_months=20.8332 lr=0.00020000 grad_norm=4.3469 throughput=33.56 img/s eta_seconds=295.3 gpu_alloc=375.7MiB gpu_reserved=4402.0MiB skipped_batches=0
2026-08-15 20:06:35,837 | INFO | epoch=1 batch=250 global_step=83 loss_reg_months=20.0409 lr=0.00020000 grad_norm=4.6033 throughput=33.69 img/s eta_seconds=285.3 gpu_alloc=485.0MiB gpu_reserved=4402.0MiB skipped_batches=0
2026-08-15 20:06:44,386 | INFO | epoch=1 batch=275 global_step=91 loss_reg_months=19.2545 lr=0.00020000 grad_norm=2.3764 throughput=33.81 img/s eta_seconds=275.4 gpu_alloc=485.0MiB gpu_reserved=4402.0MiB skipped_batches=0
2026-08-15 20:06:52,714 | INFO | epoch=1 batch=300 global_step=100 loss_reg_months=18.4348 lr=0.00020000 grad_norm=5.6666 throughput=33.98 img/s eta_seconds=265.1 gpu_alloc=375.7MiB gpu_reserved=4402.0MiB skipped_batches=0
2026-08-15 20:07:01,236 | INFO | epoch=1 batch=325 global_step=108 loss_reg_months=17.8438 lr=0.00020000 grad_norm=5.6799 throughput=34.08 img/s eta_seconds=255.6 gpu_alloc=485.0MiB gpu_reserved=4402.0MiB skipped_batches=0
2026-08-15 20:07:09,639 | INFO | epoch=1 batch=350 global_step=116 loss_reg_months=17.3090 lr=0.00020000 grad_norm=6.5104 throughput=34.19 img/s eta_seconds=246.0 gpu_alloc=485.0MiB gpu_reserved=4402.0MiB skipped_batches=0
2026-08-15 20:07:18,312 | INFO | epoch=1 batch=375 global_step=125 loss_reg_months=16.8022 lr=0.00020000 grad_norm=6.3426 throughput=34.21 img/s eta_seconds=237.1 gpu_alloc=375.7MiB gpu_reserved=4402.0MiB skipped_batches=0
2026-08-15 20:07:26,727 | INFO | epoch=1 batch=400 global_step=133 loss_reg_months=16.3757 lr=0.00020000 grad_norm=5.4273 throughput=34.30 img/s eta_seconds=227.7 gpu_alloc=485.0MiB gpu_reserved=4402.0MiB skipped_batches=0
2026-08-15 20:07:35,106 | INFO | epoch=1 batch=425 global_step=141 loss_reg_months=15.9496 lr=0.00020000 grad_norm=3.0042 throughput=34.38 img/s eta_seconds=218.4 gpu_alloc=485.0MiB gpu_reserved=4402.0MiB skipped_batches=0
2026-08-15 20:07:43,665 | INFO | epoch=1 batch=450 global_step=150 loss_reg_months=15.5768 lr=0.00020000 grad_norm=2.6323 throughput=34.42 img/s eta_seconds=209.5 gpu_alloc=375.7MiB gpu_reserved=4402.0MiB skipped_batches=0
2026-08-15 20:07:52,301 | INFO | epoch=1 batch=475 global_step=158 loss_reg_months=15.1796 lr=0.00020000 grad_norm=3.0319 throughput=34.44 img/s eta_seconds=200.7 gpu_alloc=485.0MiB gpu_reserved=4402.0MiB skipped_batches=0
2026-08-15 20:08:01,186 | INFO | epoch=1 batch=500 global_step=166 loss_reg_months=14.8362 lr=0.00020000 grad_norm=2.4521 throughput=34.40 img/s eta_seconds=192.2 gpu_alloc=485.0MiB gpu_reserved=4402.0MiB skipped_batches=0
2026-08-15 20:08:09,772 | INFO | epoch=1 batch=525 global_step=175 loss_reg_months=14.4725 lr=0.00020000 grad_norm=1.5332 throughput=34.43 img/s eta_seconds=183.3 gpu_alloc=375.7MiB gpu_reserved=4402.0MiB skipped_batches=0
2026-08-15 20:08:18,331 | INFO | epoch=1 batch=550 global_step=183 loss_reg_months=14.2055 lr=0.00020000 grad_norm=3.9821 throughput=34.46 img/s eta_seconds=174.5 gpu_alloc=485.0MiB gpu_reserved=4402.0MiB skipped_batches=0
2026-08-15 20:08:26,754 | INFO | epoch=1 batch=575 global_step=191 loss_reg_months=13.9453 lr=0.00020000 grad_norm=4.2092 throughput=34.51 img/s eta_seconds=165.5 gpu_alloc=485.0MiB gpu_reserved=4402.0MiB skipped_batches=0
2026-08-15 20:08:35,344 | INFO | epoch=1 batch=600 global_step=200 loss_reg_months=13.6924 lr=0.00020000 grad_norm=1.8351 throughput=34.52 img/s eta_seconds=156.7 gpu_alloc=375.7MiB gpu_reserved=4402.0MiB skipped_batches=0
2026-08-15 20:08:44,185 | INFO | epoch=1 batch=625 global_step=208 loss_reg_months=13.5099 lr=0.00020000 grad_norm=2.5571 throughput=34.50 img/s eta_seconds=148.2 gpu_alloc=485.0MiB gpu_reserved=4402.0MiB skipped_batches=0
2026-08-15 20:08:52,797 | INFO | epoch=1 batch=650 global_step=216 loss_reg_months=13.2750 lr=0.00020000 grad_norm=2.2415 throughput=34.51 img/s eta_seconds=139.4 gpu_alloc=485.0MiB gpu_reserved=4402.0MiB skipped_batches=0
2026-08-15 20:09:01,244 | INFO | epoch=1 batch=675 global_step=225 loss_reg_months=13.0761 lr=0.00020000 grad_norm=3.2030 throughput=34.55 img/s eta_seconds=130.6 gpu_alloc=375.7MiB gpu_reserved=4402.0MiB skipped_batches=0
2026-08-15 20:09:09,888 | INFO | epoch=1 batch=700 global_step=233 loss_reg_months=12.8653 lr=0.00020000 grad_norm=2.2647 throughput=34.55 img/s eta_seconds=121.9 gpu_alloc=485.0MiB gpu_reserved=4402.0MiB skipped_batches=0
2026-08-15 20:09:18,311 | INFO | epoch=1 batch=725 global_step=241 loss_reg_months=12.6755 lr=0.00020000 grad_norm=4.3703 throughput=34.59 img/s eta_seconds=113.1 gpu_alloc=485.0MiB gpu_reserved=4402.0MiB skipped_batches=0
2026-08-15 20:09:26,876 | INFO | epoch=1 batch=750 global_step=250 loss_reg_months=12.5257 lr=0.00020000 grad_norm=3.8412 throughput=34.60 img/s eta_seconds=104.4 gpu_alloc=375.7MiB gpu_reserved=4402.0MiB skipped_batches=0
2026-08-15 20:09:35,240 | INFO | epoch=1 batch=775 global_step=258 loss_reg_months=12.3690 lr=0.00020000 grad_norm=2.3368 throughput=34.64 img/s eta_seconds=95.6 gpu_alloc=485.0MiB gpu_reserved=4402.0MiB skipped_batches=0
2026-08-15 20:09:43,924 | INFO | epoch=1 batch=800 global_step=266 loss_reg_months=12.2262 lr=0.00020000 grad_norm=3.1950 throughput=34.64 img/s eta_seconds=86.9 gpu_alloc=485.0MiB gpu_reserved=4402.0MiB skipped_batches=0
2026-08-15 20:09:52,755 | INFO | epoch=1 batch=825 global_step=275 loss_reg_months=12.0788 lr=0.00020000 grad_norm=1.8982 throughput=34.62 img/s eta_seconds=78.3 gpu_alloc=375.7MiB gpu_reserved=4402.0MiB skipped_batches=0
2026-08-15 20:10:01,251 | INFO | epoch=1 batch=850 global_step=283 loss_reg_months=11.9393 lr=0.00020000 grad_norm=2.2260 throughput=34.64 img/s eta_seconds=69.6 gpu_alloc=485.0MiB gpu_reserved=4402.0MiB skipped_batches=0
2026-08-15 20:10:10,719 | INFO | epoch=1 batch=875 global_step=291 loss_reg_months=11.8079 lr=0.00020000 grad_norm=2.6795 throughput=34.55 img/s eta_seconds=61.1 gpu_alloc=485.0MiB gpu_reserved=4402.0MiB skipped_batches=0
2026-08-15 20:10:19,664 | INFO | epoch=1 batch=900 global_step=300 loss_reg_months=11.6839 lr=0.00020000 grad_norm=2.1048 throughput=34.52 img/s eta_seconds=52.5 gpu_alloc=375.7MiB gpu_reserved=4402.0MiB skipped_batches=0
2026-08-15 20:10:28,638 | INFO | epoch=1 batch=925 global_step=308 loss_reg_months=11.5833 lr=0.00020000 grad_norm=1.8505 throughput=34.49 img/s eta_seconds=43.8 gpu_alloc=485.0MiB gpu_reserved=4402.0MiB skipped_batches=0
2026-08-15 20:10:37,374 | INFO | epoch=1 batch=950 global_step=316 loss_reg_months=11.4612 lr=0.00020000 grad_norm=2.1229 throughput=34.48 img/s eta_seconds=35.1 gpu_alloc=485.0MiB gpu_reserved=4402.0MiB skipped_batches=0
2026-08-15 20:10:46,117 | INFO | epoch=1 batch=975 global_step=325 loss_reg_months=11.3680 lr=0.00020000 grad_norm=4.2890 throughput=34.48 img/s eta_seconds=26.4 gpu_alloc=375.7MiB gpu_reserved=4402.0MiB skipped_batches=0
2026-08-15 20:10:54,794 | INFO | epoch=1 batch=1000 global_step=333 loss_reg_months=11.2801 lr=0.00020000 grad_norm=1.7580 throughput=34.48 img/s eta_seconds=17.7 gpu_alloc=485.0MiB gpu_reserved=4402.0MiB skipped_batches=0
2026-08-15 20:11:03,627 | INFO | epoch=1 batch=1025 global_step=341 loss_reg_months=11.1863 lr=0.00020000 grad_norm=2.4608 throughput=34.47 img/s eta_seconds=9.0 gpu_alloc=485.0MiB gpu_reserved=4402.0MiB skipped_batches=0
2026-08-15 20:11:12,408 | INFO | epoch=1 batch=1050 global_step=350 loss_reg_months=11.0951 lr=0.00020000 grad_norm=2.3513 throughput=34.46 img/s eta_seconds=0.3 gpu_alloc=375.7MiB gpu_reserved=4402.0MiB skipped_batches=0
2026-08-15 20:11:56,335 | INFO | 
TRAINING REVIEW SNAPSHOT
Run ID / config hash / split hash: P5_D0_CONVNEXT_TINY_SEED123 / 7209e3e6dada / 7328667e6822+f650a20432b5
Epoch / global step: 1 / 351
Train loss: 11.0912
Validation MAE / RMSE / median AE: 8.4168 / 10.9586 / 7.0000
MAE nam / nữ / age bins: {'F': 9.301188650306749, 'M': 7.670763260025873} / {'0-59': 15.195478723404255, '120-179': 6.574783683559951, '60-119': 11.285532994923859, '180-228': 6.25}
Learning rate / peak VRAM: 0.00020000 / 4402.0 MiB
Best epoch / best MAE / epochs không cải thiện: 1 / 8.4168 / 0
Cảnh báo hiện tại: KHÔNG
Checkpoint gần nhất: p1_baseline\runs\P5_D0_CONVNEXT_TINY_SEED123\last.ckpt
Checkpoint tốt nhất: p1_baseline\runs\P5_D0_CONVNEXT_TINY_SEED123\best_mae.ckpt
Đề xuất tự động: TIẾP TỤC
2026-08-15 20:12:20,916 | INFO | epoch=2 batch=25 global_step=359 loss_reg_months=7.2862 lr=0.00019960 grad_norm=3.5725 throughput=18.78 img/s eta_seconds=655.4 gpu_alloc=485.0MiB gpu_reserved=4402.0MiB skipped_batches=0
2026-08-15 20:12:29,446 | INFO | epoch=2 batch=50 global_step=367 loss_reg_months=7.3718 lr=0.00019960 grad_norm=3.7596 throughput=24.49 img/s eta_seconds=490.5 gpu_alloc=485.0MiB gpu_reserved=4402.0MiB skipped_batches=0
2026-08-15 20:12:37,551 | INFO | epoch=2 batch=75 global_step=376 loss_reg_months=7.6203 lr=0.00019960 grad_norm=3.8407 throughput=27.60 img/s eta_seconds=424.3 gpu_alloc=375.7MiB gpu_reserved=4402.0MiB skipped_batches=0
2026-08-15 20:12:45,711 | INFO | epoch=2 batch=100 global_step=384 loss_reg_months=7.3472 lr=0.00019960 grad_norm=3.8322 throughput=29.44 img/s eta_seconds=387.7 gpu_alloc=485.0MiB gpu_reserved=4402.0MiB skipped_batches=0
2026-08-15 20:12:54,138 | INFO | epoch=2 batch=125 global_step=392 loss_reg_months=7.0514 lr=0.00019960 grad_norm=2.1041 throughput=30.49 img/s eta_seconds=364.4 gpu_alloc=485.0MiB gpu_reserved=4402.0MiB skipped_batches=0
2026-08-15 20:13:02,407 | INFO | epoch=2 batch=150 global_step=401 loss_reg_months=7.0944 lr=0.00019960 grad_norm=1.6284 throughput=31.33 img/s eta_seconds=345.1 gpu_alloc=375.7MiB gpu_reserved=4402.0MiB skipped_batches=0
2026-08-15 20:13:10,435 | INFO | epoch=2 batch=175 global_step=409 loss_reg_months=6.9814 lr=0.00019960 grad_norm=2.0142 throughput=32.07 img/s eta_seconds=327.8 gpu_alloc=485.0MiB gpu_reserved=4402.0MiB skipped_batches=0
2026-08-15 20:13:18,998 | INFO | epoch=2 batch=200 global_step=417 loss_reg_months=6.8989 lr=0.00019960 grad_norm=2.4938 throughput=32.41 img/s eta_seconds=315.1 gpu_alloc=485.0MiB gpu_reserved=4402.0MiB skipped_batches=0
2026-08-15 20:13:27,202 | INFO | epoch=2 batch=225 global_step=426 loss_reg_months=6.8660 lr=0.00019960 grad_norm=1.8171 throughput=32.82 img/s eta_seconds=301.9 gpu_alloc=375.7MiB gpu_reserved=4402.0MiB skipped_batches=0
2026-08-15 20:13:35,337 | INFO | epoch=2 batch=250 global_step=434 loss_reg_months=6.7363 lr=0.00019960 grad_norm=2.6320 throughput=33.19 img/s eta_seconds=289.6 gpu_alloc=485.0MiB gpu_reserved=4402.0MiB skipped_batches=0
2026-08-15 20:13:43,641 | INFO | epoch=2 batch=275 global_step=442 loss_reg_months=6.7349 lr=0.00019960 grad_norm=1.7661 throughput=33.44 img/s eta_seconds=278.5 gpu_alloc=485.0MiB gpu_reserved=4402.0MiB skipped_batches=0
2026-08-15 20:13:52,031 | INFO | epoch=2 batch=300 global_step=451 loss_reg_months=6.7008 lr=0.00019960 grad_norm=1.0556 throughput=33.62 img/s eta_seconds=268.0 gpu_alloc=375.7MiB gpu_reserved=4402.0MiB skipped_batches=0
2026-08-15 20:14:00,377 | INFO | epoch=2 batch=325 global_step=459 loss_reg_months=6.6400 lr=0.00019960 grad_norm=2.5457 throughput=33.79 img/s eta_seconds=257.8 gpu_alloc=485.0MiB gpu_reserved=4402.0MiB skipped_batches=0
2026-08-15 20:14:08,803 | INFO | epoch=2 batch=350 global_step=467 loss_reg_months=6.6174 lr=0.00019960 grad_norm=2.8790 throughput=33.91 img/s eta_seconds=248.0 gpu_alloc=485.0MiB gpu_reserved=4402.0MiB skipped_batches=0
2026-08-15 20:14:17,203 | INFO | epoch=2 batch=375 global_step=476 loss_reg_months=6.6429 lr=0.00019960 grad_norm=1.8660 throughput=34.02 img/s eta_seconds=238.4 gpu_alloc=375.7MiB gpu_reserved=4402.0MiB skipped_batches=0
2026-08-15 20:14:25,541 | INFO | epoch=2 batch=400 global_step=484 loss_reg_months=6.6178 lr=0.00019960 grad_norm=3.0869 throughput=34.14 img/s eta_seconds=228.8 gpu_alloc=485.0MiB gpu_reserved=4402.0MiB skipped_batches=0
2026-08-15 20:14:33,772 | INFO | epoch=2 batch=425 global_step=492 loss_reg_months=6.6855 lr=0.00019960 grad_norm=4.7742 throughput=34.27 img/s eta_seconds=219.2 gpu_alloc=485.0MiB gpu_reserved=4402.0MiB skipped_batches=0
2026-08-15 20:14:46,224 | INFO | epoch=2 batch=450 global_step=501 loss_reg_months=6.7173 lr=0.00019960 grad_norm=2.4405 throughput=33.48 img/s eta_seconds=215.4 gpu_alloc=375.7MiB gpu_reserved=4402.0MiB skipped_batches=0
2026-08-15 20:14:54,550 | INFO | epoch=2 batch=475 global_step=509 loss_reg_months=6.7286 lr=0.00019960 grad_norm=1.4444 throughput=33.61 img/s eta_seconds=205.6 gpu_alloc=485.0MiB gpu_reserved=4402.0MiB skipped_batches=0
2026-08-15 20:15:02,897 | INFO | epoch=2 batch=500 global_step=517 loss_reg_months=6.7443 lr=0.00019960 grad_norm=1.5898 throughput=33.72 img/s eta_seconds=196.1 gpu_alloc=485.0MiB gpu_reserved=4402.0MiB skipped_batches=0
2026-08-15 20:15:11,226 | INFO | epoch=2 batch=525 global_step=526 loss_reg_months=6.7456 lr=0.00019960 grad_norm=2.3931 throughput=33.82 img/s eta_seconds=186.6 gpu_alloc=375.7MiB gpu_reserved=4402.0MiB skipped_batches=0
2026-08-15 20:15:19,593 | INFO | epoch=2 batch=550 global_step=534 loss_reg_months=6.7339 lr=0.00019960 grad_norm=1.5267 throughput=33.91 img/s eta_seconds=177.3 gpu_alloc=485.0MiB gpu_reserved=4402.0MiB skipped_batches=0
2026-08-15 20:15:27,871 | INFO | epoch=2 batch=575 global_step=542 loss_reg_months=6.7346 lr=0.00019960 grad_norm=3.0718 throughput=34.00 img/s eta_seconds=168.0 gpu_alloc=485.0MiB gpu_reserved=4402.0MiB skipped_batches=0
2026-08-15 20:15:36,688 | INFO | epoch=2 batch=600 global_step=551 loss_reg_months=6.7563 lr=0.00019960 grad_norm=4.4725 throughput=34.00 img/s eta_seconds=159.1 gpu_alloc=375.7MiB gpu_reserved=4402.0MiB skipped_batches=0
2026-08-15 20:15:45,851 | INFO | epoch=2 batch=625 global_step=559 loss_reg_months=6.7817 lr=0.00019960 grad_norm=1.3615 throughput=33.95 img/s eta_seconds=150.5 gpu_alloc=485.0MiB gpu_reserved=4402.0MiB skipped_batches=0
2026-08-15 20:15:54,244 | INFO | epoch=2 batch=650 global_step=567 loss_reg_months=6.7939 lr=0.00019960 grad_norm=1.9631 throughput=34.02 img/s eta_seconds=141.4 gpu_alloc=485.0MiB gpu_reserved=4402.0MiB skipped_batches=0
2026-08-15 20:16:03,176 | INFO | epoch=2 batch=675 global_step=576 loss_reg_months=6.8081 lr=0.00019960 grad_norm=4.1051 throughput=34.00 img/s eta_seconds=132.7 gpu_alloc=375.7MiB gpu_reserved=4402.0MiB skipped_batches=0
2026-08-15 20:16:12,645 | INFO | epoch=2 batch=700 global_step=584 loss_reg_months=6.8161 lr=0.00019960 grad_norm=2.2473 throughput=33.91 img/s eta_seconds=124.2 gpu_alloc=485.0MiB gpu_reserved=4402.0MiB skipped_batches=0
2026-08-15 20:16:21,126 | INFO | epoch=2 batch=725 global_step=592 loss_reg_months=6.8247 lr=0.00019960 grad_norm=1.9763 throughput=33.96 img/s eta_seconds=115.2 gpu_alloc=485.0MiB gpu_reserved=4402.0MiB skipped_batches=0
2026-08-15 20:16:29,710 | INFO | epoch=2 batch=750 global_step=601 loss_reg_months=6.7972 lr=0.00019960 grad_norm=2.9655 throughput=33.99 img/s eta_seconds=106.2 gpu_alloc=375.7MiB gpu_reserved=4402.0MiB skipped_batches=0
2026-08-15 20:16:38,278 | INFO | epoch=2 batch=775 global_step=609 loss_reg_months=6.8115 lr=0.00019960 grad_norm=2.6107 throughput=34.02 img/s eta_seconds=97.3 gpu_alloc=485.0MiB gpu_reserved=4402.0MiB skipped_batches=0
2026-08-15 20:16:47,166 | INFO | epoch=2 batch=800 global_step=617 loss_reg_months=6.7864 lr=0.00019960 grad_norm=2.5634 throughput=34.02 img/s eta_seconds=88.5 gpu_alloc=485.0MiB gpu_reserved=4402.0MiB skipped_batches=0
2026-08-15 20:16:55,449 | INFO | epoch=2 batch=825 global_step=626 loss_reg_months=6.7665 lr=0.00019960 grad_norm=2.3035 throughput=34.08 img/s eta_seconds=79.6 gpu_alloc=375.7MiB gpu_reserved=4402.0MiB skipped_batches=0
2026-08-15 20:17:04,249 | INFO | epoch=2 batch=850 global_step=634 loss_reg_months=6.7511 lr=0.00019960 grad_norm=3.2623 throughput=34.08 img/s eta_seconds=70.7 gpu_alloc=485.0MiB gpu_reserved=4402.0MiB skipped_batches=0
2026-08-15 20:17:12,588 | INFO | epoch=2 batch=875 global_step=642 loss_reg_months=6.7653 lr=0.00019960 grad_norm=1.6535 throughput=34.13 img/s eta_seconds=61.9 gpu_alloc=485.0MiB gpu_reserved=4402.0MiB skipped_batches=0
2026-08-15 20:17:20,632 | INFO | epoch=2 batch=900 global_step=651 loss_reg_months=6.7666 lr=0.00019960 grad_norm=1.9429 throughput=34.21 img/s eta_seconds=52.9 gpu_alloc=375.7MiB gpu_reserved=4402.0MiB skipped_batches=0
2026-08-15 20:17:28,688 | INFO | epoch=2 batch=925 global_step=659 loss_reg_months=6.7414 lr=0.00019960 grad_norm=2.1873 throughput=34.29 img/s eta_seconds=44.1 gpu_alloc=485.0MiB gpu_reserved=4402.0MiB skipped_batches=0
2026-08-15 20:17:37,189 | INFO | epoch=2 batch=950 global_step=667 loss_reg_months=6.7372 lr=0.00019960 grad_norm=1.9972 throughput=34.31 img/s eta_seconds=35.3 gpu_alloc=485.0MiB gpu_reserved=4402.0MiB skipped_batches=0
2026-08-15 20:17:45,557 | INFO | epoch=2 batch=975 global_step=676 loss_reg_months=6.7255 lr=0.00019960 grad_norm=1.4299 throughput=34.35 img/s eta_seconds=26.5 gpu_alloc=375.7MiB gpu_reserved=4402.0MiB skipped_batches=0
2026-08-15 20:17:53,590 | INFO | epoch=2 batch=1000 global_step=684 loss_reg_months=6.7122 lr=0.00019960 grad_norm=1.7178 throughput=34.42 img/s eta_seconds=17.8 gpu_alloc=485.0MiB gpu_reserved=4402.0MiB skipped_batches=0
2026-08-15 20:18:01,692 | INFO | epoch=2 batch=1025 global_step=692 loss_reg_months=6.6986 lr=0.00019960 grad_norm=2.2347 throughput=34.48 img/s eta_seconds=9.0 gpu_alloc=485.0MiB gpu_reserved=4402.0MiB skipped_batches=0
2026-08-15 20:18:09,673 | INFO | epoch=2 batch=1050 global_step=701 loss_reg_months=6.6960 lr=0.00019960 grad_norm=2.0712 throughput=34.55 img/s eta_seconds=0.3 gpu_alloc=375.7MiB gpu_reserved=4402.0MiB skipped_batches=0
2026-08-15 20:18:38,928 | WARNING | STABILITY WARNING [CAM] Prediction vượt nhẹ miền tuổi 0–228: [-5.69, 226.00]
2026-08-15 20:18:42,068 | INFO | 
TRAINING REVIEW SNAPSHOT
Run ID / config hash / split hash: P5_D0_CONVNEXT_TINY_SEED123 / 7209e3e6dada / 7328667e6822+f650a20432b5
Epoch / global step: 2 / 702
Train loss: 6.6929
Validation MAE / RMSE / median AE: 7.8687 / 10.3065 / 6.0000
MAE nam / nữ / age bins: {'F': 8.024024635736197, 'M': 7.737690006468306} / {'0-59': 7.996259973404255, '120-179': 7.411619283065513, '60-119': 9.234137055837563, '180-228': 6.4609375}
Learning rate / peak VRAM: 0.00019960 / 4402.0 MiB
Best epoch / best MAE / epochs không cải thiện: 2 / 7.8687 / 0
Cảnh báo hiện tại: CAM: Prediction vượt nhẹ miền tuổi 0–228: [-5.69, 226.00]
Checkpoint gần nhất: p1_baseline\runs\P5_D0_CONVNEXT_TINY_SEED123\last.ckpt
Checkpoint tốt nhất: p1_baseline\runs\P5_D0_CONVNEXT_TINY_SEED123\best_mae.ckpt
Đề xuất tự động: THEO DÕI
2026-08-15 20:19:14,206 | INFO | epoch=3 batch=25 global_step=710 loss_reg_months=6.7982 lr=0.00019840 grad_norm=1.9850 throughput=19.22 img/s eta_seconds=640.6 gpu_alloc=485.0MiB gpu_reserved=4402.0MiB skipped_batches=0
2026-08-15 20:19:22,247 | INFO | epoch=3 batch=50 global_step=718 loss_reg_months=6.9794 lr=0.00019840 grad_norm=2.7103 throughput=25.37 img/s eta_seconds=473.5 gpu_alloc=485.0MiB gpu_reserved=4402.0MiB skipped_batches=0
2026-08-15 20:19:30,423 | INFO | epoch=3 batch=75 global_step=727 loss_reg_months=6.8458 lr=0.00019840 grad_norm=2.4489 throughput=28.28 img/s eta_seconds=414.1 gpu_alloc=375.7MiB gpu_reserved=4402.0MiB skipped_batches=0
2026-08-15 20:19:38,381 | INFO | epoch=3 batch=100 global_step=735 loss_reg_months=6.8157 lr=0.00019840 grad_norm=2.5361 throughput=30.16 img/s eta_seconds=378.3 gpu_alloc=485.0MiB gpu_reserved=4402.0MiB skipped_batches=0
2026-08-15 20:19:46,781 | INFO | epoch=3 batch=125 global_step=743 loss_reg_months=6.6370 lr=0.00019840 grad_norm=3.3079 throughput=31.13 img/s eta_seconds=356.9 gpu_alloc=485.0MiB gpu_reserved=4402.0MiB skipped_batches=0
2026-08-15 20:19:55,111 | INFO | epoch=3 batch=150 global_step=752 loss_reg_months=6.6208 lr=0.00019840 grad_norm=1.8392 throughput=31.85 img/s eta_seconds=339.4 gpu_alloc=375.7MiB gpu_reserved=4402.0MiB skipped_batches=0
2026-08-15 20:20:03,519 | INFO | epoch=3 batch=175 global_step=760 loss_reg_months=6.7972 lr=0.00019840 grad_norm=1.5880 throughput=32.35 img/s eta_seconds=325.0 gpu_alloc=485.0MiB gpu_reserved=4402.0MiB skipped_batches=0
2026-08-15 20:20:11,850 | INFO | epoch=3 batch=200 global_step=768 loss_reg_months=6.8894 lr=0.00019840 grad_norm=3.3262 throughput=32.76 img/s eta_seconds=311.7 gpu_alloc=485.0MiB gpu_reserved=4402.0MiB skipped_batches=0
2026-08-15 20:20:20,183 | INFO | epoch=3 batch=225 global_step=777 loss_reg_months=7.0720 lr=0.00019840 grad_norm=1.4693 throughput=33.09 img/s eta_seconds=299.5 gpu_alloc=375.7MiB gpu_reserved=4402.0MiB skipped_batches=0
2026-08-15 20:20:28,451 | INFO | epoch=3 batch=250 global_step=785 loss_reg_months=7.1972 lr=0.00019840 grad_norm=1.8055 throughput=33.39 img/s eta_seconds=287.9 gpu_alloc=485.0MiB gpu_reserved=4402.0MiB skipped_batches=0
2026-08-15 20:20:36,621 | INFO | epoch=3 batch=275 global_step=793 loss_reg_months=7.1612 lr=0.00019840 grad_norm=1.5860 throughput=33.66 img/s eta_seconds=276.6 gpu_alloc=485.0MiB gpu_reserved=4402.0MiB skipped_batches=0
2026-08-15 20:20:45,643 | INFO | epoch=3 batch=300 global_step=802 loss_reg_months=7.0798 lr=0.00019840 grad_norm=2.0586 throughput=33.63 img/s eta_seconds=267.9 gpu_alloc=375.7MiB gpu_reserved=4402.0MiB skipped_batches=0
2026-08-15 20:20:53,952 | INFO | epoch=3 batch=325 global_step=810 loss_reg_months=7.0144 lr=0.00019840 grad_norm=2.7405 throughput=33.81 img/s eta_seconds=257.7 gpu_alloc=485.0MiB gpu_reserved=4402.0MiB skipped_batches=0
2026-08-15 20:21:01,896 | INFO | epoch=3 batch=350 global_step=818 loss_reg_months=6.9532 lr=0.00019840 grad_norm=2.3419 throughput=34.06 img/s eta_seconds=246.9 gpu_alloc=485.0MiB gpu_reserved=4402.0MiB skipped_batches=0
2026-08-15 20:21:09,858 | INFO | epoch=3 batch=375 global_step=827 loss_reg_months=6.9104 lr=0.00019840 grad_norm=1.5537 throughput=34.28 img/s eta_seconds=236.6 gpu_alloc=375.7MiB gpu_reserved=4402.0MiB skipped_batches=0
2026-08-15 20:21:17,841 | INFO | epoch=3 batch=400 global_step=835 loss_reg_months=6.8638 lr=0.00019840 grad_norm=1.7010 throughput=34.47 img/s eta_seconds=226.6 gpu_alloc=485.0MiB gpu_reserved=4402.0MiB skipped_batches=0
2026-08-15 20:21:25,802 | INFO | epoch=3 batch=425 global_step=843 loss_reg_months=6.7984 lr=0.00019840 grad_norm=3.2814 throughput=34.65 img/s eta_seconds=216.8 gpu_alloc=485.0MiB gpu_reserved=4402.0MiB skipped_batches=0
2026-08-15 20:21:33,810 | INFO | epoch=3 batch=450 global_step=852 loss_reg_months=6.7902 lr=0.00019840 grad_norm=1.1299 throughput=34.79 img/s eta_seconds=207.3 gpu_alloc=375.7MiB gpu_reserved=4402.0MiB skipped_batches=0
2026-08-15 20:21:41,660 | INFO | epoch=3 batch=475 global_step=860 loss_reg_months=6.7723 lr=0.00019840 grad_norm=1.4207 throughput=34.96 img/s eta_seconds=197.7 gpu_alloc=485.0MiB gpu_reserved=4402.0MiB skipped_batches=0
2026-08-15 20:21:50,125 | INFO | epoch=3 batch=500 global_step=868 loss_reg_months=6.7474 lr=0.00019840 grad_norm=1.5921 throughput=34.98 img/s eta_seconds=189.0 gpu_alloc=485.0MiB gpu_reserved=4402.0MiB skipped_batches=0
2026-08-15 20:21:58,099 | INFO | epoch=3 batch=525 global_step=877 loss_reg_months=6.7326 lr=0.00019840 grad_norm=1.6812 throughput=35.10 img/s eta_seconds=179.8 gpu_alloc=375.7MiB gpu_reserved=4402.0MiB skipped_batches=0
2026-08-15 20:22:06,076 | INFO | epoch=3 batch=550 global_step=885 loss_reg_months=6.7037 lr=0.00019840 grad_norm=2.2762 throughput=35.20 img/s eta_seconds=170.7 gpu_alloc=485.0MiB gpu_reserved=4402.0MiB skipped_batches=0
2026-08-15 20:22:14,108 | INFO | epoch=3 batch=575 global_step=893 loss_reg_months=6.6770 lr=0.00019840 grad_norm=2.2565 throughput=35.29 img/s eta_seconds=161.8 gpu_alloc=485.0MiB gpu_reserved=4402.0MiB skipped_batches=0
2026-08-15 20:22:22,026 | INFO | epoch=3 batch=600 global_step=902 loss_reg_months=6.6411 lr=0.00019840 grad_norm=2.1497 throughput=35.39 img/s eta_seconds=152.9 gpu_alloc=375.7MiB gpu_reserved=4402.0MiB skipped_batches=0
2026-08-15 20:22:30,213 | INFO | epoch=3 batch=625 global_step=910 loss_reg_months=6.6246 lr=0.00019840 grad_norm=1.2460 throughput=35.44 img/s eta_seconds=144.2 gpu_alloc=485.0MiB gpu_reserved=4402.0MiB skipped_batches=0
2026-08-15 20:22:38,176 | INFO | epoch=3 batch=650 global_step=918 loss_reg_months=6.6016 lr=0.00019840 grad_norm=2.4282 throughput=35.52 img/s eta_seconds=135.4 gpu_alloc=485.0MiB gpu_reserved=4402.0MiB skipped_batches=0
2026-08-15 20:22:46,221 | INFO | epoch=3 batch=675 global_step=927 loss_reg_months=6.5727 lr=0.00019840 grad_norm=1.9608 throughput=35.58 img/s eta_seconds=126.8 gpu_alloc=375.7MiB gpu_reserved=4402.0MiB skipped_batches=0
2026-08-15 20:22:54,134 | INFO | epoch=3 batch=700 global_step=935 loss_reg_months=6.5946 lr=0.00019840 grad_norm=1.8982 throughput=35.66 img/s eta_seconds=118.1 gpu_alloc=485.0MiB gpu_reserved=4402.0MiB skipped_batches=0
2026-08-15 20:23:02,288 | INFO | epoch=3 batch=725 global_step=943 loss_reg_months=6.5837 lr=0.00019840 grad_norm=1.8236 throughput=35.70 img/s eta_seconds=109.5 gpu_alloc=485.0MiB gpu_reserved=4402.0MiB skipped_batches=0
2026-08-15 20:23:10,269 | INFO | epoch=3 batch=750 global_step=952 loss_reg_months=6.5979 lr=0.00019840 grad_norm=1.9255 throughput=35.76 img/s eta_seconds=101.0 gpu_alloc=375.7MiB gpu_reserved=4402.0MiB skipped_batches=0
2026-08-15 20:23:18,452 | INFO | epoch=3 batch=775 global_step=960 loss_reg_months=6.6083 lr=0.00019840 grad_norm=1.2430 throughput=35.79 img/s eta_seconds=92.5 gpu_alloc=485.0MiB gpu_reserved=4402.0MiB skipped_batches=0
2026-08-15 20:23:26,350 | INFO | epoch=3 batch=800 global_step=968 loss_reg_months=6.5980 lr=0.00019840 grad_norm=1.0321 throughput=35.85 img/s eta_seconds=84.0 gpu_alloc=485.0MiB gpu_reserved=4402.0MiB skipped_batches=0
2026-08-15 20:23:34,374 | INFO | epoch=3 batch=825 global_step=977 loss_reg_months=6.5887 lr=0.00019840 grad_norm=2.1261 throughput=35.90 img/s eta_seconds=75.5 gpu_alloc=375.7MiB gpu_reserved=4402.0MiB skipped_batches=0
2026-08-15 20:23:42,379 | INFO | epoch=3 batch=850 global_step=985 loss_reg_months=6.5693 lr=0.00019840 grad_norm=1.5491 throughput=35.94 img/s eta_seconds=67.1 gpu_alloc=485.0MiB gpu_reserved=4402.0MiB skipped_batches=0
2026-08-15 20:23:50,326 | INFO | epoch=3 batch=875 global_step=993 loss_reg_months=6.5432 lr=0.00019840 grad_norm=1.2129 throughput=35.99 img/s eta_seconds=58.7 gpu_alloc=485.0MiB gpu_reserved=4402.0MiB skipped_batches=0
2026-08-15 20:23:59,537 | INFO | epoch=3 batch=900 global_step=1002 loss_reg_months=6.5181 lr=0.00019840 grad_norm=1.3237 throughput=35.89 img/s eta_seconds=50.5 gpu_alloc=375.7MiB gpu_reserved=4402.0MiB skipped_batches=0
2026-08-15 20:24:07,548 | INFO | epoch=3 batch=925 global_step=1010 loss_reg_months=6.4992 lr=0.00019840 grad_norm=1.5764 throughput=35.93 img/s eta_seconds=42.1 gpu_alloc=485.0MiB gpu_reserved=4402.0MiB skipped_batches=0
2026-08-15 20:24:15,782 | INFO | epoch=3 batch=950 global_step=1018 loss_reg_months=6.4971 lr=0.00019840 grad_norm=1.9268 throughput=35.94 img/s eta_seconds=33.7 gpu_alloc=485.0MiB gpu_reserved=4402.0MiB skipped_batches=0
2026-08-15 20:24:23,722 | INFO | epoch=3 batch=975 global_step=1027 loss_reg_months=6.4878 lr=0.00019840 grad_norm=1.4725 throughput=35.99 img/s eta_seconds=25.3 gpu_alloc=375.7MiB gpu_reserved=4402.0MiB skipped_batches=0
2026-08-15 20:24:31,598 | INFO | epoch=3 batch=1000 global_step=1035 loss_reg_months=6.4723 lr=0.00019840 grad_norm=2.0715 throughput=36.04 img/s eta_seconds=17.0 gpu_alloc=485.0MiB gpu_reserved=4402.0MiB skipped_batches=0
2026-08-15 20:24:39,686 | INFO | epoch=3 batch=1025 global_step=1043 loss_reg_months=6.4742 lr=0.00019840 grad_norm=3.7390 throughput=36.06 img/s eta_seconds=8.6 gpu_alloc=485.0MiB gpu_reserved=4402.0MiB skipped_batches=0
2026-08-15 20:24:47,828 | INFO | epoch=3 batch=1050 global_step=1052 loss_reg_months=6.4599 lr=0.00019840 grad_norm=2.2648 throughput=36.08 img/s eta_seconds=0.3 gpu_alloc=375.7MiB gpu_reserved=4402.0MiB skipped_batches=0
2026-08-15 20:25:16,020 | INFO | 
TRAINING REVIEW SNAPSHOT
Run ID / config hash / split hash: P5_D0_CONVNEXT_TINY_SEED123 / 7209e3e6dada / 7328667e6822+f650a20432b5
Epoch / global step: 3 / 1053
Train loss: 6.4639
Validation MAE / RMSE / median AE: 8.1133 / 10.2907 / 7.0000
MAE nam / nữ / age bins: {'F': 8.520322085889571, 'M': 7.770051746442432} / {'0-59': 10.941489361702128, '120-179': 7.906674907292954, '60-119': 7.2956852791878175, '180-228': 9.859375}
Learning rate / peak VRAM: 0.00019840 / 4402.0 MiB
Best epoch / best MAE / epochs không cải thiện: 2 / 7.8687 / 1
Cảnh báo hiện tại: KHÔNG
Checkpoint gần nhất: p1_baseline\runs\P5_D0_CONVNEXT_TINY_SEED123\last.ckpt
Checkpoint tốt nhất: p1_baseline\runs\P5_D0_CONVNEXT_TINY_SEED123\best_mae.ckpt
Đề xuất tự động: TIẾP TỤC
2026-08-15 20:25:36,562 | INFO | epoch=4 batch=25 global_step=1061 loss_reg_months=6.1701 lr=0.00019641 grad_norm=1.9283 throughput=19.46 img/s eta_seconds=632.5 gpu_alloc=485.0MiB gpu_reserved=4402.0MiB skipped_batches=0
2026-08-15 20:25:44,823 | INFO | epoch=4 batch=50 global_step=1069 loss_reg_months=6.1966 lr=0.00019641 grad_norm=1.9051 throughput=25.34 img/s eta_seconds=474.0 gpu_alloc=485.0MiB gpu_reserved=4402.0MiB skipped_batches=0
2026-08-15 20:25:52,764 | INFO | epoch=4 batch=75 global_step=1078 loss_reg_months=6.0126 lr=0.00019641 grad_norm=1.1917 throughput=28.47 img/s eta_seconds=411.4 gpu_alloc=375.7MiB gpu_reserved=4402.0MiB skipped_batches=0
2026-08-15 20:26:01,292 | INFO | epoch=4 batch=100 global_step=1086 loss_reg_months=5.8812 lr=0.00019641 grad_norm=1.4353 throughput=29.89 img/s eta_seconds=381.7 gpu_alloc=485.0MiB gpu_reserved=4402.0MiB skipped_batches=0
2026-08-15 20:26:09,204 | INFO | epoch=4 batch=125 global_step=1094 loss_reg_months=5.8599 lr=0.00019641 grad_norm=1.4965 throughput=31.21 img/s eta_seconds=356.0 gpu_alloc=485.0MiB gpu_reserved=4402.0MiB skipped_batches=0
2026-08-15 20:26:17,402 | INFO | epoch=4 batch=150 global_step=1103 loss_reg_months=5.8439 lr=0.00019641 grad_norm=3.0687 throughput=32.00 img/s eta_seconds=337.9 gpu_alloc=375.7MiB gpu_reserved=4402.0MiB skipped_batches=0
2026-08-15 20:26:25,476 | INFO | epoch=4 batch=175 global_step=1111 loss_reg_months=5.7965 lr=0.00019641 grad_norm=1.8333 throughput=32.64 img/s eta_seconds=322.0 gpu_alloc=485.0MiB gpu_reserved=4402.0MiB skipped_batches=0
2026-08-15 20:26:33,424 | INFO | epoch=4 batch=200 global_step=1119 loss_reg_months=5.8930 lr=0.00019641 grad_norm=1.6092 throughput=33.21 img/s eta_seconds=307.5 gpu_alloc=485.0MiB gpu_reserved=4402.0MiB skipped_batches=0
2026-08-15 20:26:41,681 | INFO | epoch=4 batch=225 global_step=1128 loss_reg_months=5.8668 lr=0.00019641 grad_norm=1.8732 throughput=33.53 img/s eta_seconds=295.6 gpu_alloc=375.7MiB gpu_reserved=4402.0MiB skipped_batches=0
2026-08-15 20:26:49,631 | INFO | epoch=4 batch=250 global_step=1136 loss_reg_months=5.8829 lr=0.00019641 grad_norm=1.9263 throughput=33.90 img/s eta_seconds=283.5 gpu_alloc=485.0MiB gpu_reserved=4402.0MiB skipped_batches=0
2026-08-15 20:26:57,481 | INFO | epoch=4 batch=275 global_step=1144 loss_reg_months=5.9702 lr=0.00019641 grad_norm=2.0034 throughput=34.26 img/s eta_seconds=271.8 gpu_alloc=485.0MiB gpu_reserved=4402.0MiB skipped_batches=0
2026-08-15 20:27:05,472 | INFO | epoch=4 batch=300 global_step=1153 loss_reg_months=5.9559 lr=0.00019641 grad_norm=2.2150 throughput=34.51 img/s eta_seconds=261.1 gpu_alloc=375.7MiB gpu_reserved=4402.0MiB skipped_batches=0
2026-08-15 20:27:13,378 | INFO | epoch=4 batch=325 global_step=1161 loss_reg_months=5.9700 lr=0.00019641 grad_norm=2.3883 throughput=34.75 img/s eta_seconds=250.7 gpu_alloc=485.0MiB gpu_reserved=4402.0MiB skipped_batches=0
2026-08-15 20:27:21,265 | INFO | epoch=4 batch=350 global_step=1169 loss_reg_months=5.9235 lr=0.00019641 grad_norm=2.5897 throughput=34.97 img/s eta_seconds=240.6 gpu_alloc=485.0MiB gpu_reserved=4402.0MiB skipped_batches=0
2026-08-15 20:27:29,198 | INFO | epoch=4 batch=375 global_step=1178 loss_reg_months=5.9565 lr=0.00019641 grad_norm=1.3716 throughput=35.14 img/s eta_seconds=230.8 gpu_alloc=375.7MiB gpu_reserved=4402.0MiB skipped_batches=0
2026-08-15 20:27:37,413 | INFO | epoch=4 batch=400 global_step=1186 loss_reg_months=5.9665 lr=0.00019641 grad_norm=3.4501 throughput=35.23 img/s eta_seconds=221.7 gpu_alloc=485.0MiB gpu_reserved=4402.0MiB skipped_batches=0
2026-08-15 20:27:45,732 | INFO | epoch=4 batch=425 global_step=1194 loss_reg_months=5.9519 lr=0.00019641 grad_norm=1.5696 throughput=35.27 img/s eta_seconds=212.9 gpu_alloc=485.0MiB gpu_reserved=4402.0MiB skipped_batches=0
2026-08-15 20:27:53,815 | INFO | epoch=4 batch=450 global_step=1203 loss_reg_months=5.9482 lr=0.00019641 grad_norm=1.3181 throughput=35.37 img/s eta_seconds=203.9 gpu_alloc=375.7MiB gpu_reserved=4402.0MiB skipped_batches=0
2026-08-15 20:28:02,039 | INFO | epoch=4 batch=475 global_step=1211 loss_reg_months=5.9376 lr=0.00019641 grad_norm=1.4607 throughput=35.43 img/s eta_seconds=195.1 gpu_alloc=485.0MiB gpu_reserved=4402.0MiB skipped_batches=0
2026-08-15 20:28:10,023 | INFO | epoch=4 batch=500 global_step=1219 loss_reg_months=5.9405 lr=0.00019641 grad_norm=1.7947 throughput=35.53 img/s eta_seconds=186.1 gpu_alloc=485.0MiB gpu_reserved=4402.0MiB skipped_batches=0
2026-08-15 20:28:18,060 | INFO | epoch=4 batch=525 global_step=1228 loss_reg_months=5.9206 lr=0.00019641 grad_norm=1.5617 throughput=35.61 img/s eta_seconds=177.2 gpu_alloc=375.7MiB gpu_reserved=4402.0MiB skipped_batches=0
2026-08-15 20:28:25,885 | INFO | epoch=4 batch=550 global_step=1236 loss_reg_months=5.9056 lr=0.00019641 grad_norm=2.9891 throughput=35.73 img/s eta_seconds=168.3 gpu_alloc=485.0MiB gpu_reserved=4402.0MiB skipped_batches=0
2026-08-15 20:28:34,194 | INFO | epoch=4 batch=575 global_step=1244 loss_reg_months=5.9076 lr=0.00019641 grad_norm=2.5697 throughput=35.74 img/s eta_seconds=159.8 gpu_alloc=485.0MiB gpu_reserved=4402.0MiB skipped_batches=0
2026-08-15 20:28:42,106 | INFO | epoch=4 batch=600 global_step=1253 loss_reg_months=5.8981 lr=0.00019641 grad_norm=1.3469 throughput=35.83 img/s eta_seconds=151.0 gpu_alloc=375.7MiB gpu_reserved=4402.0MiB skipped_batches=0
2026-08-15 20:28:50,188 | INFO | epoch=4 batch=625 global_step=1261 loss_reg_months=5.8935 lr=0.00019641 grad_norm=1.9838 throughput=35.88 img/s eta_seconds=142.5 gpu_alloc=485.0MiB gpu_reserved=4402.0MiB skipped_batches=0
2026-08-15 20:28:58,178 | INFO | epoch=4 batch=650 global_step=1269 loss_reg_months=5.8805 lr=0.00019641 grad_norm=2.3367 throughput=35.94 img/s eta_seconds=133.9 gpu_alloc=485.0MiB gpu_reserved=4402.0MiB skipped_batches=0
2026-08-15 20:29:06,471 | INFO | epoch=4 batch=675 global_step=1278 loss_reg_months=5.8741 lr=0.00019641 grad_norm=1.7354 throughput=35.95 img/s eta_seconds=125.5 gpu_alloc=375.7MiB gpu_reserved=4402.0MiB skipped_batches=0
2026-08-15 20:29:14,442 | INFO | epoch=4 batch=700 global_step=1286 loss_reg_months=5.8721 lr=0.00019641 grad_norm=1.4345 throughput=36.01 img/s eta_seconds=117.0 gpu_alloc=485.0MiB gpu_reserved=4402.0MiB skipped_batches=0
2026-08-15 20:29:22,557 | INFO | epoch=4 batch=725 global_step=1294 loss_reg_months=5.8770 lr=0.00019641 grad_norm=1.4035 throughput=36.04 img/s eta_seconds=108.5 gpu_alloc=485.0MiB gpu_reserved=4402.0MiB skipped_batches=0
2026-08-15 20:29:30,631 | INFO | epoch=4 batch=750 global_step=1303 loss_reg_months=5.8923 lr=0.00019641 grad_norm=1.6227 throughput=36.07 img/s eta_seconds=100.1 gpu_alloc=375.7MiB gpu_reserved=4402.0MiB skipped_batches=0
2026-08-15 20:29:38,700 | INFO | epoch=4 batch=775 global_step=1311 loss_reg_months=5.8924 lr=0.00019641 grad_norm=1.3646 throughput=36.11 img/s eta_seconds=91.7 gpu_alloc=485.0MiB gpu_reserved=4402.0MiB skipped_batches=0
2026-08-15 20:29:46,795 | INFO | epoch=4 batch=800 global_step=1319 loss_reg_months=5.8900 lr=0.00019641 grad_norm=1.8634 throughput=36.14 img/s eta_seconds=83.3 gpu_alloc=485.0MiB gpu_reserved=4402.0MiB skipped_batches=0
2026-08-15 20:29:54,900 | INFO | epoch=4 batch=825 global_step=1328 loss_reg_months=5.8814 lr=0.00019641 grad_norm=2.0874 throughput=36.16 img/s eta_seconds=75.0 gpu_alloc=375.7MiB gpu_reserved=4402.0MiB skipped_batches=0
2026-08-15 20:30:02,928 | INFO | epoch=4 batch=850 global_step=1336 loss_reg_months=5.8591 lr=0.00019641 grad_norm=1.1321 throughput=36.20 img/s eta_seconds=66.6 gpu_alloc=485.0MiB gpu_reserved=4402.0MiB skipped_batches=0
2026-08-15 20:30:10,995 | INFO | epoch=4 batch=875 global_step=1344 loss_reg_months=5.8443 lr=0.00019641 grad_norm=1.4860 throughput=36.23 img/s eta_seconds=58.3 gpu_alloc=485.0MiB gpu_reserved=4402.0MiB skipped_batches=0
2026-08-15 20:30:19,185 | INFO | epoch=4 batch=900 global_step=1353 loss_reg_months=5.8407 lr=0.00019641 grad_norm=1.5461 throughput=36.24 img/s eta_seconds=50.0 gpu_alloc=375.7MiB gpu_reserved=4402.0MiB skipped_batches=0
2026-08-15 20:30:27,191 | INFO | epoch=4 batch=925 global_step=1361 loss_reg_months=5.8345 lr=0.00019641 grad_norm=1.3662 throughput=36.27 img/s eta_seconds=41.7 gpu_alloc=485.0MiB gpu_reserved=4402.0MiB skipped_batches=0
2026-08-15 20:30:35,346 | INFO | epoch=4 batch=950 global_step=1369 loss_reg_months=5.8355 lr=0.00019641 grad_norm=1.0301 throughput=36.28 img/s eta_seconds=33.4 gpu_alloc=485.0MiB gpu_reserved=4402.0MiB skipped_batches=0
2026-08-15 20:30:43,457 | INFO | epoch=4 batch=975 global_step=1378 loss_reg_months=5.8378 lr=0.00019641 grad_norm=1.5687 throughput=36.30 img/s eta_seconds=25.1 gpu_alloc=375.7MiB gpu_reserved=4402.0MiB skipped_batches=0
2026-08-15 20:30:51,374 | INFO | epoch=4 batch=1000 global_step=1386 loss_reg_months=5.8421 lr=0.00019641 grad_norm=2.6360 throughput=36.34 img/s eta_seconds=16.8 gpu_alloc=485.0MiB gpu_reserved=4402.0MiB skipped_batches=0
2026-08-15 20:30:59,589 | INFO | epoch=4 batch=1025 global_step=1394 loss_reg_months=5.8480 lr=0.00019641 grad_norm=3.4160 throughput=36.34 img/s eta_seconds=8.6 gpu_alloc=485.0MiB gpu_reserved=4402.0MiB skipped_batches=0
2026-08-15 20:31:07,549 | INFO | epoch=4 batch=1050 global_step=1403 loss_reg_months=5.8439 lr=0.00019641 grad_norm=1.1403 throughput=36.37 img/s eta_seconds=0.3 gpu_alloc=375.7MiB gpu_reserved=4402.0MiB skipped_batches=0
2026-08-15 20:31:35,535 | WARNING | STABILITY WARNING [CAM] Prediction vượt nhẹ miền tuổi 0–228: [-2.67, 230.00]
2026-08-15 20:31:43,321 | INFO | 
TRAINING REVIEW SNAPSHOT
Run ID / config hash / split hash: P5_D0_CONVNEXT_TINY_SEED123 / 7209e3e6dada / 7328667e6822+f650a20432b5
Epoch / global step: 4 / 1404
Train loss: 5.8439
Validation MAE / RMSE / median AE: 7.7733 / 10.3951 / 6.0000
MAE nam / nữ / age bins: {'F': 8.24294238880368, 'M': 7.3771830530401035} / {'0-59': 9.36394614361702, '120-179': 6.440049443757726, '60-119': 10.70494923857868, '180-228': 6.0078125}
Learning rate / peak VRAM: 0.00019641 / 4402.0 MiB
Best epoch / best MAE / epochs không cải thiện: 4 / 7.7733 / 0
Cảnh báo hiện tại: CAM: Prediction vượt nhẹ miền tuổi 0–228: [-2.67, 230.00]
Checkpoint gần nhất: p1_baseline\runs\P5_D0_CONVNEXT_TINY_SEED123\last.ckpt
Checkpoint tốt nhất: p1_baseline\runs\P5_D0_CONVNEXT_TINY_SEED123\best_mae.ckpt
Đề xuất tự động: THEO DÕI
2026-08-15 20:32:03,393 | INFO | epoch=5 batch=25 global_step=1412 loss_reg_months=5.3789 lr=0.00019366 grad_norm=1.2355 throughput=19.50 img/s eta_seconds=631.3 gpu_alloc=485.0MiB gpu_reserved=4402.0MiB skipped_batches=0
2026-08-15 20:32:11,344 | INFO | epoch=5 batch=50 global_step=1420 loss_reg_months=5.3045 lr=0.00019366 grad_norm=1.3816 throughput=25.71 img/s eta_seconds=467.1 gpu_alloc=485.0MiB gpu_reserved=4402.0MiB skipped_batches=0
2026-08-15 20:32:19,246 | INFO | epoch=5 batch=75 global_step=1429 loss_reg_months=5.3673 lr=0.00019366 grad_norm=1.3378 throughput=28.81 img/s eta_seconds=406.5 gpu_alloc=375.7MiB gpu_reserved=4402.0MiB skipped_batches=0
2026-08-15 20:32:27,130 | INFO | epoch=5 batch=100 global_step=1437 loss_reg_months=5.3087 lr=0.00019366 grad_norm=1.8192 throughput=30.67 img/s eta_seconds=372.0 gpu_alloc=485.0MiB gpu_reserved=4402.0MiB skipped_batches=0
2026-08-15 20:32:35,159 | INFO | epoch=5 batch=125 global_step=1445 loss_reg_months=5.4861 lr=0.00019366 grad_norm=1.8475 throughput=31.81 img/s eta_seconds=349.3 gpu_alloc=485.0MiB gpu_reserved=4402.0MiB skipped_batches=0
2026-08-15 20:32:43,101 | INFO | epoch=5 batch=150 global_step=1454 loss_reg_months=5.5857 lr=0.00019366 grad_norm=1.8633 throughput=32.67 img/s eta_seconds=330.9 gpu_alloc=375.7MiB gpu_reserved=4402.0MiB skipped_batches=0
2026-08-15 20:32:51,118 | INFO | epoch=5 batch=175 global_step=1462 loss_reg_months=5.6312 lr=0.00019366 grad_norm=1.1083 throughput=33.28 img/s eta_seconds=315.9 gpu_alloc=485.0MiB gpu_reserved=4402.0MiB skipped_batches=0
2026-08-15 20:32:59,143 | INFO | epoch=5 batch=200 global_step=1470 loss_reg_months=5.6750 lr=0.00019366 grad_norm=1.3267 throughput=33.74 img/s eta_seconds=302.6 gpu_alloc=485.0MiB gpu_reserved=4402.0MiB skipped_batches=0
2026-08-15 20:33:07,275 | INFO | epoch=5 batch=225 global_step=1479 loss_reg_months=5.6555 lr=0.00019366 grad_norm=4.4967 throughput=34.06 img/s eta_seconds=291.0 gpu_alloc=375.7MiB gpu_reserved=4402.0MiB skipped_batches=0
2026-08-15 20:33:15,225 | INFO | epoch=5 batch=250 global_step=1487 loss_reg_months=5.7273 lr=0.00019366 grad_norm=2.0809 throughput=34.40 img/s eta_seconds=279.4 gpu_alloc=485.0MiB gpu_reserved=4402.0MiB skipped_batches=0
2026-08-15 20:33:23,249 | INFO | epoch=5 batch=275 global_step=1495 loss_reg_months=5.6940 lr=0.00019366 grad_norm=1.4688 throughput=34.65 img/s eta_seconds=268.7 gpu_alloc=485.0MiB gpu_reserved=4402.0MiB skipped_batches=0
2026-08-15 20:33:32,278 | INFO | epoch=5 batch=300 global_step=1504 loss_reg_months=5.7018 lr=0.00019366 grad_norm=1.6867 throughput=34.53 img/s eta_seconds=261.0 gpu_alloc=375.7MiB gpu_reserved=4402.0MiB skipped_batches=0
2026-08-15 20:33:40,349 | INFO | epoch=5 batch=325 global_step=1512 loss_reg_months=5.6611 lr=0.00019366 grad_norm=1.6483 throughput=34.72 img/s eta_seconds=250.9 gpu_alloc=485.0MiB gpu_reserved=4402.0MiB skipped_batches=0
2026-08-15 20:33:48,335 | INFO | epoch=5 batch=350 global_step=1520 loss_reg_months=5.6498 lr=0.00019366 grad_norm=2.0505 throughput=34.91 img/s eta_seconds=241.0 gpu_alloc=485.0MiB gpu_reserved=4402.0MiB skipped_batches=0
2026-08-15 20:33:56,450 | INFO | epoch=5 batch=375 global_step=1529 loss_reg_months=5.6328 lr=0.00019366 grad_norm=0.9559 throughput=35.04 img/s eta_seconds=231.5 gpu_alloc=375.7MiB gpu_reserved=4402.0MiB skipped_batches=0
2026-08-15 20:34:04,599 | INFO | epoch=5 batch=400 global_step=1537 loss_reg_months=5.6597 lr=0.00019366 grad_norm=1.7820 throughput=35.14 img/s eta_seconds=222.3 gpu_alloc=485.0MiB gpu_reserved=4402.0MiB skipped_batches=0
2026-08-15 20:34:12,594 | INFO | epoch=5 batch=425 global_step=1545 loss_reg_months=5.6063 lr=0.00019366 grad_norm=1.5977 throughput=35.27 img/s eta_seconds=212.9 gpu_alloc=485.0MiB gpu_reserved=4402.0MiB skipped_batches=0
2026-08-15 20:34:20,664 | INFO | epoch=5 batch=450 global_step=1554 loss_reg_months=5.6031 lr=0.00019366 grad_norm=1.2045 throughput=35.37 img/s eta_seconds=203.9 gpu_alloc=375.7MiB gpu_reserved=4402.0MiB skipped_batches=0
2026-08-15 20:34:28,585 | INFO | epoch=5 batch=475 global_step=1562 loss_reg_months=5.5868 lr=0.00019366 grad_norm=1.3221 throughput=35.50 img/s eta_seconds=194.7 gpu_alloc=485.0MiB gpu_reserved=4402.0MiB skipped_batches=0
2026-08-15 20:34:37,013 | INFO | epoch=5 batch=500 global_step=1570 loss_reg_months=5.6274 lr=0.00019366 grad_norm=2.9175 throughput=35.50 img/s eta_seconds=186.2 gpu_alloc=485.0MiB gpu_reserved=4402.0MiB skipped_batches=0
2026-08-15 20:34:45,508 | INFO | epoch=5 batch=525 global_step=1579 loss_reg_months=5.6506 lr=0.00019366 grad_norm=2.6191 throughput=35.49 img/s eta_seconds=177.8 gpu_alloc=375.7MiB gpu_reserved=4402.0MiB skipped_batches=0
2026-08-15 20:34:53,560 | INFO | epoch=5 batch=550 global_step=1587 loss_reg_months=5.6658 lr=0.00019366 grad_norm=1.1659 throughput=35.57 img/s eta_seconds=169.0 gpu_alloc=485.0MiB gpu_reserved=4402.0MiB skipped_batches=0
2026-08-15 20:35:01,661 | INFO | epoch=5 batch=575 global_step=1595 loss_reg_months=5.6420 lr=0.00019366 grad_norm=1.6555 throughput=35.63 img/s eta_seconds=160.3 gpu_alloc=485.0MiB gpu_reserved=4402.0MiB skipped_batches=0
2026-08-15 20:35:10,098 | INFO | epoch=5 batch=600 global_step=1604 loss_reg_months=5.6695 lr=0.00019366 grad_norm=0.9456 throughput=35.63 img/s eta_seconds=151.9 gpu_alloc=375.7MiB gpu_reserved=4402.0MiB skipped_batches=0
2026-08-15 20:35:18,401 | INFO | epoch=5 batch=625 global_step=1612 loss_reg_months=5.6760 lr=0.00019366 grad_norm=1.7446 throughput=35.65 img/s eta_seconds=143.4 gpu_alloc=485.0MiB gpu_reserved=4402.0MiB skipped_batches=0
2026-08-15 20:35:26,589 | INFO | epoch=5 batch=650 global_step=1620 loss_reg_months=5.6561 lr=0.00019366 grad_norm=1.8235 throughput=35.68 img/s eta_seconds=134.8 gpu_alloc=485.0MiB gpu_reserved=4402.0MiB skipped_batches=0
2026-08-15 20:35:34,812 | INFO | epoch=5 batch=675 global_step=1629 loss_reg_months=5.6532 lr=0.00019366 grad_norm=2.8945 throughput=35.71 img/s eta_seconds=126.3 gpu_alloc=375.7MiB gpu_reserved=4402.0MiB skipped_batches=0
2026-08-15 20:35:43,028 | INFO | epoch=5 batch=700 global_step=1637 loss_reg_months=5.6725 lr=0.00019366 grad_norm=1.2360 throughput=35.74 img/s eta_seconds=117.8 gpu_alloc=485.0MiB gpu_reserved=4402.0MiB skipped_batches=0
2026-08-15 20:35:51,387 | INFO | epoch=5 batch=725 global_step=1645 loss_reg_months=5.6915 lr=0.00019366 grad_norm=1.7679 throughput=35.75 img/s eta_seconds=109.4 gpu_alloc=485.0MiB gpu_reserved=4402.0MiB skipped_batches=0
2026-08-15 20:35:59,506 | INFO | epoch=5 batch=750 global_step=1654 loss_reg_months=5.6797 lr=0.00019366 grad_norm=1.8527 throughput=35.79 img/s eta_seconds=100.9 gpu_alloc=375.7MiB gpu_reserved=4402.0MiB skipped_batches=0
2026-08-15 20:36:08,006 | INFO | epoch=5 batch=775 global_step=1662 loss_reg_months=5.6884 lr=0.00019366 grad_norm=2.1149 throughput=35.77 img/s eta_seconds=92.6 gpu_alloc=485.0MiB gpu_reserved=4402.0MiB skipped_batches=0
2026-08-15 20:36:16,193 | INFO | epoch=5 batch=800 global_step=1670 loss_reg_months=5.7110 lr=0.00019366 grad_norm=1.3276 throughput=35.80 img/s eta_seconds=84.1 gpu_alloc=485.0MiB gpu_reserved=4402.0MiB skipped_batches=0
2026-08-15 20:36:24,360 | INFO | epoch=5 batch=825 global_step=1679 loss_reg_months=5.6957 lr=0.00019366 grad_norm=1.1437 throughput=35.82 img/s eta_seconds=75.7 gpu_alloc=375.7MiB gpu_reserved=4402.0MiB skipped_batches=0
2026-08-15 20:36:32,479 | INFO | epoch=5 batch=850 global_step=1687 loss_reg_months=5.7054 lr=0.00019366 grad_norm=2.7835 throughput=35.86 img/s eta_seconds=67.2 gpu_alloc=485.0MiB gpu_reserved=4402.0MiB skipped_batches=0
2026-08-15 20:36:40,688 | INFO | epoch=5 batch=875 global_step=1695 loss_reg_months=5.7037 lr=0.00019366 grad_norm=2.1244 throughput=35.88 img/s eta_seconds=58.8 gpu_alloc=485.0MiB gpu_reserved=4402.0MiB skipped_batches=0
2026-08-15 20:36:48,969 | INFO | epoch=5 batch=900 global_step=1704 loss_reg_months=5.7037 lr=0.00019366 grad_norm=1.2969 throughput=35.89 img/s eta_seconds=50.5 gpu_alloc=375.7MiB gpu_reserved=4402.0MiB skipped_batches=0
2026-08-15 20:36:57,111 | INFO | epoch=5 batch=925 global_step=1712 loss_reg_months=5.6979 lr=0.00019366 grad_norm=1.6443 throughput=35.91 img/s eta_seconds=42.1 gpu_alloc=485.0MiB gpu_reserved=4402.0MiB skipped_batches=0
2026-08-15 20:37:05,643 | INFO | epoch=5 batch=950 global_step=1720 loss_reg_months=5.7094 lr=0.00019366 grad_norm=1.7077 throughput=35.89 img/s eta_seconds=33.7 gpu_alloc=485.0MiB gpu_reserved=4402.0MiB skipped_batches=0
2026-08-15 20:37:13,850 | INFO | epoch=5 batch=975 global_step=1729 loss_reg_months=5.7157 lr=0.00019366 grad_norm=1.7188 throughput=35.91 img/s eta_seconds=25.4 gpu_alloc=375.7MiB gpu_reserved=4402.0MiB skipped_batches=0
2026-08-15 20:37:21,901 | INFO | epoch=5 batch=1000 global_step=1737 loss_reg_months=5.7485 lr=0.00019366 grad_norm=1.3899 throughput=35.94 img/s eta_seconds=17.0 gpu_alloc=485.0MiB gpu_reserved=4402.0MiB skipped_batches=0
2026-08-15 20:37:30,153 | INFO | epoch=5 batch=1025 global_step=1745 loss_reg_months=5.7664 lr=0.00019366 grad_norm=2.2026 throughput=35.95 img/s eta_seconds=8.7 gpu_alloc=485.0MiB gpu_reserved=4402.0MiB skipped_batches=0
2026-08-15 20:37:38,419 | INFO | epoch=5 batch=1050 global_step=1754 loss_reg_months=5.7559 lr=0.00019366 grad_norm=1.6837 throughput=35.96 img/s eta_seconds=0.3 gpu_alloc=375.7MiB gpu_reserved=4402.0MiB skipped_batches=0
2026-08-15 20:38:10,266 | INFO | 
TRAINING REVIEW SNAPSHOT
Run ID / config hash / split hash: P5_D0_CONVNEXT_TINY_SEED123 / 7209e3e6dada / 7328667e6822+f650a20432b5
Epoch / global step: 5 / 1755
Train loss: 5.7564
Validation MAE / RMSE / median AE: 6.9001 / 9.2023 / 5.0000
MAE nam / nữ / age bins: {'F': 7.389738305214724, 'M': 6.487144243208279} / {'0-59': 6.65874335106383, '120-179': 6.621755253399258, '60-119': 8.111040609137056, '180-228': 5.109375}
Learning rate / peak VRAM: 0.00019366 / 4402.0 MiB
Best epoch / best MAE / epochs không cải thiện: 5 / 6.9001 / 0
Cảnh báo hiện tại: KHÔNG
Checkpoint gần nhất: p1_baseline\runs\P5_D0_CONVNEXT_TINY_SEED123\last.ckpt
Checkpoint tốt nhất: p1_baseline\runs\P5_D0_CONVNEXT_TINY_SEED123\best_mae.ckpt
Đề xuất tự động: TIẾP TỤC
2026-08-15 20:38:43,726 | INFO | epoch=6 batch=25 global_step=1763 loss_reg_months=5.3054 lr=0.00019015 grad_norm=2.1268 throughput=19.55 img/s eta_seconds=629.8 gpu_alloc=485.0MiB gpu_reserved=4402.0MiB skipped_batches=0
2026-08-15 20:38:51,754 | INFO | epoch=6 batch=50 global_step=1771 loss_reg_months=5.5346 lr=0.00019015 grad_norm=1.5749 throughput=25.67 img/s eta_seconds=468.0 gpu_alloc=485.0MiB gpu_reserved=4402.0MiB skipped_batches=0
2026-08-15 20:39:00,104 | INFO | epoch=6 batch=75 global_step=1780 loss_reg_months=5.6120 lr=0.00019015 grad_norm=2.5259 throughput=28.37 img/s eta_seconds=412.8 gpu_alloc=375.7MiB gpu_reserved=4402.0MiB skipped_batches=0
2026-08-15 20:39:08,463 | INFO | epoch=6 batch=100 global_step=1788 loss_reg_months=5.3825 lr=0.00019015 grad_norm=1.5710 throughput=29.93 img/s eta_seconds=381.2 gpu_alloc=485.0MiB gpu_reserved=4402.0MiB skipped_batches=0
2026-08-15 20:39:16,396 | INFO | epoch=6 batch=125 global_step=1796 loss_reg_months=5.4646 lr=0.00019015 grad_norm=1.1744 throughput=31.24 img/s eta_seconds=355.7 gpu_alloc=485.0MiB gpu_reserved=4402.0MiB skipped_batches=0
2026-08-15 20:39:24,728 | INFO | epoch=6 batch=150 global_step=1805 loss_reg_months=5.4863 lr=0.00019015 grad_norm=1.8545 throughput=31.94 img/s eta_seconds=338.4 gpu_alloc=375.7MiB gpu_reserved=4402.0MiB skipped_batches=0
2026-08-15 20:39:32,709 | INFO | epoch=6 batch=175 global_step=1813 loss_reg_months=5.4504 lr=0.00019015 grad_norm=2.1226 throughput=32.64 img/s eta_seconds=322.0 gpu_alloc=485.0MiB gpu_reserved=4402.0MiB skipped_batches=0
2026-08-15 20:39:40,880 | INFO | epoch=6 batch=200 global_step=1821 loss_reg_months=5.4832 lr=0.00019015 grad_norm=2.0289 throughput=33.10 img/s eta_seconds=308.5 gpu_alloc=485.0MiB gpu_reserved=4402.0MiB skipped_batches=0
2026-08-15 20:39:48,928 | INFO | epoch=6 batch=225 global_step=1830 loss_reg_months=5.4374 lr=0.00019015 grad_norm=1.5636 throughput=33.52 img/s eta_seconds=295.7 gpu_alloc=375.7MiB gpu_reserved=4402.0MiB skipped_batches=0
2026-08-15 20:39:57,278 | INFO | epoch=6 batch=250 global_step=1838 loss_reg_months=5.4014 lr=0.00019015 grad_norm=1.2445 throughput=33.75 img/s eta_seconds=284.8 gpu_alloc=485.0MiB gpu_reserved=4402.0MiB skipped_batches=0
2026-08-15 20:40:05,272 | INFO | epoch=6 batch=275 global_step=1846 loss_reg_months=5.4392 lr=0.00019015 grad_norm=0.9613 throughput=34.06 img/s eta_seconds=273.4 gpu_alloc=485.0MiB gpu_reserved=4402.0MiB skipped_batches=0
2026-08-15 20:40:13,333 | INFO | epoch=6 batch=300 global_step=1855 loss_reg_months=5.4831 lr=0.00019015 grad_norm=1.6472 throughput=34.30 img/s eta_seconds=262.7 gpu_alloc=375.7MiB gpu_reserved=4402.0MiB skipped_batches=0
2026-08-15 20:40:21,460 | INFO | epoch=6 batch=325 global_step=1863 loss_reg_months=5.5205 lr=0.00019015 grad_norm=1.3140 throughput=34.49 img/s eta_seconds=252.6 gpu_alloc=485.0MiB gpu_reserved=4402.0MiB skipped_batches=0
2026-08-15 20:40:29,631 | INFO | epoch=6 batch=350 global_step=1871 loss_reg_months=5.5731 lr=0.00019015 grad_norm=1.9956 throughput=34.64 img/s eta_seconds=242.8 gpu_alloc=485.0MiB gpu_reserved=4402.0MiB skipped_batches=0
2026-08-15 20:40:37,744 | INFO | epoch=6 batch=375 global_step=1880 loss_reg_months=5.6566 lr=0.00019015 grad_norm=2.2257 throughput=34.78 img/s eta_seconds=233.2 gpu_alloc=375.7MiB gpu_reserved=4402.0MiB skipped_batches=0
2026-08-15 20:40:45,703 | INFO | epoch=6 batch=400 global_step=1888 loss_reg_months=5.6934 lr=0.00019015 grad_norm=2.6198 throughput=34.95 img/s eta_seconds=223.5 gpu_alloc=485.0MiB gpu_reserved=4402.0MiB skipped_batches=0
2026-08-15 20:40:54,051 | INFO | epoch=6 batch=425 global_step=1896 loss_reg_months=5.6875 lr=0.00019015 grad_norm=1.3053 throughput=35.01 img/s eta_seconds=214.5 gpu_alloc=485.0MiB gpu_reserved=4402.0MiB skipped_batches=0
2026-08-15 20:41:02,162 | INFO | epoch=6 batch=450 global_step=1905 loss_reg_months=5.6665 lr=0.00019015 grad_norm=0.8749 throughput=35.11 img/s eta_seconds=205.4 gpu_alloc=375.7MiB gpu_reserved=4402.0MiB skipped_batches=0
2026-08-15 20:41:10,264 | INFO | epoch=6 batch=475 global_step=1913 loss_reg_months=5.6457 lr=0.00019015 grad_norm=1.5263 throughput=35.21 img/s eta_seconds=196.3 gpu_alloc=485.0MiB gpu_reserved=4402.0MiB skipped_batches=0
2026-08-15 20:41:18,299 | INFO | epoch=6 batch=500 global_step=1921 loss_reg_months=5.6770 lr=0.00019015 grad_norm=1.9886 throughput=35.31 img/s eta_seconds=187.2 gpu_alloc=485.0MiB gpu_reserved=4402.0MiB skipped_batches=0
2026-08-15 20:41:26,586 | INFO | epoch=6 batch=525 global_step=1930 loss_reg_months=5.6836 lr=0.00019015 grad_norm=1.3727 throughput=35.35 img/s eta_seconds=178.5 gpu_alloc=375.7MiB gpu_reserved=4402.0MiB skipped_batches=0
2026-08-15 20:41:34,898 | INFO | epoch=6 batch=550 global_step=1938 loss_reg_months=5.6592 lr=0.00019015 grad_norm=1.4773 throughput=35.38 img/s eta_seconds=169.9 gpu_alloc=485.0MiB gpu_reserved=4402.0MiB skipped_batches=0
2026-08-15 20:41:42,893 | INFO | epoch=6 batch=575 global_step=1946 loss_reg_months=5.6315 lr=0.00019015 grad_norm=1.2465 throughput=35.47 img/s eta_seconds=161.0 gpu_alloc=485.0MiB gpu_reserved=4402.0MiB skipped_batches=0
2026-08-15 20:41:51,220 | INFO | epoch=6 batch=600 global_step=1955 loss_reg_months=5.6074 lr=0.00019015 grad_norm=2.1229 throughput=35.50 img/s eta_seconds=152.4 gpu_alloc=375.7MiB gpu_reserved=4402.0MiB skipped_batches=0
2026-08-15 20:41:59,468 | INFO | epoch=6 batch=625 global_step=1963 loss_reg_months=5.6176 lr=0.00019015 grad_norm=1.5461 throughput=35.53 img/s eta_seconds=143.9 gpu_alloc=485.0MiB gpu_reserved=4402.0MiB skipped_batches=0
2026-08-15 20:42:07,870 | INFO | epoch=6 batch=650 global_step=1971 loss_reg_months=5.6256 lr=0.00019015 grad_norm=1.3973 throughput=35.54 img/s eta_seconds=135.4 gpu_alloc=485.0MiB gpu_reserved=4402.0MiB skipped_batches=0
2026-08-15 20:42:16,211 | INFO | epoch=6 batch=675 global_step=1980 loss_reg_months=5.6484 lr=0.00019015 grad_norm=1.5921 throughput=35.55 img/s eta_seconds=126.9 gpu_alloc=375.7MiB gpu_reserved=4402.0MiB skipped_batches=0
2026-08-15 20:42:24,329 | INFO | epoch=6 batch=700 global_step=1988 loss_reg_months=5.6437 lr=0.00019015 grad_norm=1.1068 throughput=35.60 img/s eta_seconds=118.3 gpu_alloc=485.0MiB gpu_reserved=4402.0MiB skipped_batches=0
2026-08-15 20:42:32,543 | INFO | epoch=6 batch=725 global_step=1996 loss_reg_months=5.6689 lr=0.00019015 grad_norm=1.3083 throughput=35.63 img/s eta_seconds=109.8 gpu_alloc=485.0MiB gpu_reserved=4402.0MiB skipped_batches=0
2026-08-15 20:42:42,037 | INFO | epoch=6 batch=750 global_step=2005 loss_reg_months=5.6661 lr=0.00019015 grad_norm=1.5611 throughput=35.48 img/s eta_seconds=101.8 gpu_alloc=375.7MiB gpu_reserved=4402.0MiB skipped_batches=0
2026-08-15 20:42:50,232 | INFO | epoch=6 batch=775 global_step=2013 loss_reg_months=5.6558 lr=0.00019015 grad_norm=1.4004 throughput=35.52 img/s eta_seconds=93.2 gpu_alloc=485.0MiB gpu_reserved=4402.0MiB skipped_batches=0
2026-08-15 20:42:58,415 | INFO | epoch=6 batch=800 global_step=2021 loss_reg_months=5.6321 lr=0.00019015 grad_norm=1.0241 throughput=35.55 img/s eta_seconds=84.7 gpu_alloc=485.0MiB gpu_reserved=4402.0MiB skipped_batches=0
2026-08-15 20:43:06,434 | INFO | epoch=6 batch=825 global_step=2030 loss_reg_months=5.6363 lr=0.00019015 grad_norm=1.2196 throughput=35.60 img/s eta_seconds=76.1 gpu_alloc=375.7MiB gpu_reserved=4402.0MiB skipped_batches=0
2026-08-15 20:43:14,500 | INFO | epoch=6 batch=850 global_step=2038 loss_reg_months=5.6190 lr=0.00019015 grad_norm=1.5070 throughput=35.65 img/s eta_seconds=67.6 gpu_alloc=485.0MiB gpu_reserved=4402.0MiB skipped_batches=0
2026-08-15 20:43:22,860 | INFO | epoch=6 batch=875 global_step=2046 loss_reg_months=5.6154 lr=0.00019015 grad_norm=1.6923 throughput=35.66 img/s eta_seconds=59.2 gpu_alloc=485.0MiB gpu_reserved=4402.0MiB skipped_batches=0
2026-08-15 20:43:30,840 | INFO | epoch=6 batch=900 global_step=2055 loss_reg_months=5.6226 lr=0.00019015 grad_norm=1.6055 throughput=35.71 img/s eta_seconds=50.7 gpu_alloc=375.7MiB gpu_reserved=4402.0MiB skipped_batches=0
2026-08-15 20:43:38,940 | INFO | epoch=6 batch=925 global_step=2063 loss_reg_months=5.6238 lr=0.00019015 grad_norm=1.3645 throughput=35.74 img/s eta_seconds=42.3 gpu_alloc=485.0MiB gpu_reserved=4402.0MiB skipped_batches=0
2026-08-15 20:43:47,131 | INFO | epoch=6 batch=950 global_step=2071 loss_reg_months=5.6071 lr=0.00019015 grad_norm=1.5107 throughput=35.76 img/s eta_seconds=33.9 gpu_alloc=485.0MiB gpu_reserved=4402.0MiB skipped_batches=0
2026-08-15 20:43:55,361 | INFO | epoch=6 batch=975 global_step=2080 loss_reg_months=5.6011 lr=0.00019015 grad_norm=1.0461 throughput=35.78 img/s eta_seconds=25.5 gpu_alloc=375.7MiB gpu_reserved=4402.0MiB skipped_batches=0
2026-08-15 20:44:03,699 | INFO | epoch=6 batch=1000 global_step=2088 loss_reg_months=5.5920 lr=0.00019015 grad_norm=1.7213 throughput=35.79 img/s eta_seconds=17.1 gpu_alloc=485.0MiB gpu_reserved=4402.0MiB skipped_batches=0
2026-08-15 20:44:11,692 | INFO | epoch=6 batch=1025 global_step=2096 loss_reg_months=5.5808 lr=0.00019015 grad_norm=2.5279 throughput=35.83 img/s eta_seconds=8.7 gpu_alloc=485.0MiB gpu_reserved=4402.0MiB skipped_batches=0
2026-08-15 20:44:19,973 | INFO | epoch=6 batch=1050 global_step=2105 loss_reg_months=5.5755 lr=0.00019015 grad_norm=1.8650 throughput=35.84 img/s eta_seconds=0.3 gpu_alloc=375.7MiB gpu_reserved=4402.0MiB skipped_batches=0
2026-08-15 20:44:49,258 | INFO | 
TRAINING REVIEW SNAPSHOT
Run ID / config hash / split hash: P5_D0_CONVNEXT_TINY_SEED123 / 7209e3e6dada / 7328667e6822+f650a20432b5
Epoch / global step: 6 / 2106
Train loss: 5.5770
Validation MAE / RMSE / median AE: 7.2821 / 9.4494 / 6.0000
MAE nam / nữ / age bins: {'F': 7.594301188650307, 'M': 7.01883893919793} / {'0-59': 8.33028590425532, '120-179': 6.727441285537701, '60-119': 6.897208121827411, '180-228': 11.203125}
Learning rate / peak VRAM: 0.00019015 / 4402.0 MiB
Best epoch / best MAE / epochs không cải thiện: 5 / 6.9001 / 1
Cảnh báo hiện tại: KHÔNG
Checkpoint gần nhất: p1_baseline\runs\P5_D0_CONVNEXT_TINY_SEED123\last.ckpt
Checkpoint tốt nhất: p1_baseline\runs\P5_D0_CONVNEXT_TINY_SEED123\best_mae.ckpt
Đề xuất tự động: TIẾP TỤC
2026-08-15 20:45:06,144 | INFO | epoch=7 batch=25 global_step=2114 loss_reg_months=5.9280 lr=0.00018592 grad_norm=1.1107 throughput=19.61 img/s eta_seconds=627.9 gpu_alloc=485.0MiB gpu_reserved=4402.0MiB skipped_batches=0
2026-08-15 20:45:14,217 | INFO | epoch=7 batch=50 global_step=2122 loss_reg_months=5.7986 lr=0.00018592 grad_norm=1.4492 throughput=25.67 img/s eta_seconds=467.9 gpu_alloc=485.0MiB gpu_reserved=4402.0MiB skipped_batches=0
2026-08-15 20:45:22,339 | INFO | epoch=7 batch=75 global_step=2131 loss_reg_months=5.6218 lr=0.00018592 grad_norm=0.8289 throughput=28.58 img/s eta_seconds=409.8 gpu_alloc=375.7MiB gpu_reserved=4402.0MiB skipped_batches=0
2026-08-15 20:45:30,614 | INFO | epoch=7 batch=100 global_step=2139 loss_reg_months=5.6478 lr=0.00018592 grad_norm=0.9889 throughput=30.17 img/s eta_seconds=378.2 gpu_alloc=485.0MiB gpu_reserved=4402.0MiB skipped_batches=0
2026-08-15 20:45:38,783 | INFO | epoch=7 batch=125 global_step=2147 loss_reg_months=5.5027 lr=0.00018592 grad_norm=2.0705 throughput=31.29 img/s eta_seconds=355.1 gpu_alloc=485.0MiB gpu_reserved=4402.0MiB skipped_batches=0
2026-08-15 20:45:46,998 | INFO | epoch=7 batch=150 global_step=2156 loss_reg_months=5.4814 lr=0.00018592 grad_norm=2.3179 throughput=32.05 img/s eta_seconds=337.3 gpu_alloc=375.7MiB gpu_reserved=4402.0MiB skipped_batches=0
2026-08-15 20:45:55,094 | INFO | epoch=7 batch=175 global_step=2164 loss_reg_months=5.4697 lr=0.00018592 grad_norm=2.2841 throughput=32.68 img/s eta_seconds=321.6 gpu_alloc=485.0MiB gpu_reserved=4402.0MiB skipped_batches=0
2026-08-15 20:46:03,354 | INFO | epoch=7 batch=200 global_step=2172 loss_reg_months=5.4951 lr=0.00018592 grad_norm=1.7496 throughput=33.10 img/s eta_seconds=308.5 gpu_alloc=485.0MiB gpu_reserved=4402.0MiB skipped_batches=0
2026-08-15 20:46:11,682 | INFO | epoch=7 batch=225 global_step=2181 loss_reg_months=5.4924 lr=0.00018592 grad_norm=2.3124 throughput=33.40 img/s eta_seconds=296.7 gpu_alloc=375.7MiB gpu_reserved=4402.0MiB skipped_batches=0
2026-08-15 20:46:19,706 | INFO | epoch=7 batch=250 global_step=2189 loss_reg_months=5.5061 lr=0.00018592 grad_norm=2.6148 throughput=33.76 img/s eta_seconds=284.7 gpu_alloc=485.0MiB gpu_reserved=4402.0MiB skipped_batches=0
2026-08-15 20:46:27,726 | INFO | epoch=7 batch=275 global_step=2197 loss_reg_months=5.4460 lr=0.00018592 grad_norm=1.1173 throughput=34.06 img/s eta_seconds=273.4 gpu_alloc=485.0MiB gpu_reserved=4402.0MiB skipped_batches=0
2026-08-15 20:46:36,051 | INFO | epoch=7 batch=300 global_step=2206 loss_reg_months=5.4132 lr=0.00018592 grad_norm=1.1788 throughput=34.22 img/s eta_seconds=263.3 gpu_alloc=375.7MiB gpu_reserved=4402.0MiB skipped_batches=0
2026-08-15 20:46:44,241 | INFO | epoch=7 batch=325 global_step=2214 loss_reg_months=5.3916 lr=0.00018592 grad_norm=1.3502 throughput=34.39 img/s eta_seconds=253.3 gpu_alloc=485.0MiB gpu_reserved=4402.0MiB skipped_batches=0
2026-08-15 20:46:52,579 | INFO | epoch=7 batch=350 global_step=2222 loss_reg_months=5.3718 lr=0.00018592 grad_norm=1.6053 throughput=34.50 img/s eta_seconds=243.8 gpu_alloc=485.0MiB gpu_reserved=4402.0MiB skipped_batches=0
2026-08-15 20:47:00,708 | INFO | epoch=7 batch=375 global_step=2231 loss_reg_months=5.3561 lr=0.00018592 grad_norm=1.2821 throughput=34.65 img/s eta_seconds=234.1 gpu_alloc=375.7MiB gpu_reserved=4402.0MiB skipped_batches=0
2026-08-15 20:47:08,813 | INFO | epoch=7 batch=400 global_step=2239 loss_reg_months=5.3611 lr=0.00018592 grad_norm=1.1902 throughput=34.79 img/s eta_seconds=224.5 gpu_alloc=485.0MiB gpu_reserved=4402.0MiB skipped_batches=0
2026-08-15 20:47:16,901 | INFO | epoch=7 batch=425 global_step=2247 loss_reg_months=5.3443 lr=0.00018592 grad_norm=1.7267 throughput=34.92 img/s eta_seconds=215.1 gpu_alloc=485.0MiB gpu_reserved=4402.0MiB skipped_batches=0
2026-08-15 20:47:25,220 | INFO | epoch=7 batch=450 global_step=2256 loss_reg_months=5.3437 lr=0.00018592 grad_norm=1.1331 throughput=34.98 img/s eta_seconds=206.1 gpu_alloc=375.7MiB gpu_reserved=4402.0MiB skipped_batches=0
2026-08-15 20:47:33,805 | INFO | epoch=7 batch=475 global_step=2264 loss_reg_months=5.3777 lr=0.00018592 grad_norm=1.7176 throughput=34.98 img/s eta_seconds=197.6 gpu_alloc=485.0MiB gpu_reserved=4402.0MiB skipped_batches=0
2026-08-15 20:47:42,163 | INFO | epoch=7 batch=500 global_step=2272 loss_reg_months=5.4544 lr=0.00018592 grad_norm=0.9506 throughput=35.02 img/s eta_seconds=188.8 gpu_alloc=485.0MiB gpu_reserved=4402.0MiB skipped_batches=0
2026-08-15 20:47:50,455 | INFO | epoch=7 batch=525 global_step=2281 loss_reg_months=5.4793 lr=0.00018592 grad_norm=1.1403 throughput=35.08 img/s eta_seconds=179.9 gpu_alloc=375.7MiB gpu_reserved=4402.0MiB skipped_batches=0
2026-08-15 20:47:58,464 | INFO | epoch=7 batch=550 global_step=2289 loss_reg_months=5.4658 lr=0.00018592 grad_norm=1.5386 throughput=35.18 img/s eta_seconds=170.9 gpu_alloc=485.0MiB gpu_reserved=4402.0MiB skipped_batches=0
2026-08-15 20:48:06,576 | INFO | epoch=7 batch=575 global_step=2297 loss_reg_months=5.4525 lr=0.00018592 grad_norm=1.4734 throughput=35.25 img/s eta_seconds=162.0 gpu_alloc=485.0MiB gpu_reserved=4402.0MiB skipped_batches=0
2026-08-15 20:48:14,647 | INFO | epoch=7 batch=600 global_step=2306 loss_reg_months=5.4482 lr=0.00018592 grad_norm=1.1072 throughput=35.33 img/s eta_seconds=153.2 gpu_alloc=375.7MiB gpu_reserved=4402.0MiB skipped_batches=0
2026-08-15 20:48:22,759 | INFO | epoch=7 batch=625 global_step=2314 loss_reg_months=5.4576 lr=0.00018592 grad_norm=1.5221 throughput=35.39 img/s eta_seconds=144.4 gpu_alloc=485.0MiB gpu_reserved=4402.0MiB skipped_batches=0
2026-08-15 20:48:30,975 | INFO | epoch=7 batch=650 global_step=2322 loss_reg_months=5.4680 lr=0.00018592 grad_norm=1.9005 throughput=35.43 img/s eta_seconds=135.8 gpu_alloc=485.0MiB gpu_reserved=4402.0MiB skipped_batches=0
2026-08-15 20:48:39,090 | INFO | epoch=7 batch=675 global_step=2331 loss_reg_months=5.4483 lr=0.00018592 grad_norm=1.6555 throughput=35.49 img/s eta_seconds=127.1 gpu_alloc=375.7MiB gpu_reserved=4402.0MiB skipped_batches=0
2026-08-15 20:48:47,211 | INFO | epoch=7 batch=700 global_step=2339 loss_reg_months=5.4747 lr=0.00018592 grad_norm=2.0835 throughput=35.54 img/s eta_seconds=118.5 gpu_alloc=485.0MiB gpu_reserved=4402.0MiB skipped_batches=0
2026-08-15 20:48:55,468 | INFO | epoch=7 batch=725 global_step=2347 loss_reg_months=5.4844 lr=0.00018592 grad_norm=1.0645 throughput=35.56 img/s eta_seconds=110.0 gpu_alloc=485.0MiB gpu_reserved=4402.0MiB skipped_batches=0
2026-08-15 20:49:03,556 | INFO | epoch=7 batch=750 global_step=2356 loss_reg_months=5.4853 lr=0.00018592 grad_norm=1.0024 throughput=35.61 img/s eta_seconds=101.4 gpu_alloc=375.7MiB gpu_reserved=4402.0MiB skipped_batches=0
2026-08-15 20:49:11,828 | INFO | epoch=7 batch=775 global_step=2364 loss_reg_months=5.4865 lr=0.00018592 grad_norm=1.9151 throughput=35.63 img/s eta_seconds=92.9 gpu_alloc=485.0MiB gpu_reserved=4402.0MiB skipped_batches=0
2026-08-15 20:49:19,915 | INFO | epoch=7 batch=800 global_step=2372 loss_reg_months=5.4753 lr=0.00018592 grad_norm=0.9796 throughput=35.68 img/s eta_seconds=84.4 gpu_alloc=485.0MiB gpu_reserved=4402.0MiB skipped_batches=0
2026-08-15 20:49:28,058 | INFO | epoch=7 batch=825 global_step=2381 loss_reg_months=5.4657 lr=0.00018592 grad_norm=1.1488 throughput=35.71 img/s eta_seconds=75.9 gpu_alloc=375.7MiB gpu_reserved=4402.0MiB skipped_batches=0
2026-08-15 20:49:36,070 | INFO | epoch=7 batch=850 global_step=2389 loss_reg_months=5.4751 lr=0.00018592 grad_norm=2.6711 throughput=35.76 img/s eta_seconds=67.4 gpu_alloc=485.0MiB gpu_reserved=4402.0MiB skipped_batches=0
2026-08-15 20:49:44,303 | INFO | epoch=7 batch=875 global_step=2397 loss_reg_months=5.4849 lr=0.00018592 grad_norm=2.5796 throughput=35.78 img/s eta_seconds=59.0 gpu_alloc=485.0MiB gpu_reserved=4402.0MiB skipped_batches=0
2026-08-15 20:49:52,583 | INFO | epoch=7 batch=900 global_step=2406 loss_reg_months=5.5012 lr=0.00018592 grad_norm=2.3616 throughput=35.79 img/s eta_seconds=50.6 gpu_alloc=375.7MiB gpu_reserved=4402.0MiB skipped_batches=0
2026-08-15 20:50:00,628 | INFO | epoch=7 batch=925 global_step=2414 loss_reg_months=5.4938 lr=0.00018592 grad_norm=1.8478 throughput=35.83 img/s eta_seconds=42.2 gpu_alloc=485.0MiB gpu_reserved=4402.0MiB skipped_batches=0
2026-08-15 20:50:08,777 | INFO | epoch=7 batch=950 global_step=2422 loss_reg_months=5.4887 lr=0.00018592 grad_norm=1.0617 throughput=35.86 img/s eta_seconds=33.8 gpu_alloc=485.0MiB gpu_reserved=4402.0MiB skipped_batches=0
2026-08-15 20:50:17,153 | INFO | epoch=7 batch=975 global_step=2431 loss_reg_months=5.4814 lr=0.00018592 grad_norm=1.0977 throughput=35.86 img/s eta_seconds=25.4 gpu_alloc=375.7MiB gpu_reserved=4402.0MiB skipped_batches=0
2026-08-15 20:50:25,336 | INFO | epoch=7 batch=1000 global_step=2439 loss_reg_months=5.4834 lr=0.00018592 grad_norm=2.6641 throughput=35.88 img/s eta_seconds=17.0 gpu_alloc=485.0MiB gpu_reserved=4402.0MiB skipped_batches=0
2026-08-15 20:50:33,503 | INFO | epoch=7 batch=1025 global_step=2447 loss_reg_months=5.4988 lr=0.00018592 grad_norm=1.0707 throughput=35.90 img/s eta_seconds=8.7 gpu_alloc=485.0MiB gpu_reserved=4402.0MiB skipped_batches=0
2026-08-15 20:50:41,690 | INFO | epoch=7 batch=1050 global_step=2456 loss_reg_months=5.5158 lr=0.00018592 grad_norm=1.3852 throughput=35.91 img/s eta_seconds=0.3 gpu_alloc=375.7MiB gpu_reserved=4402.0MiB skipped_batches=0
2026-08-15 20:51:10,731 | INFO | 
TRAINING REVIEW SNAPSHOT
Run ID / config hash / split hash: P5_D0_CONVNEXT_TINY_SEED123 / 7209e3e6dada / 7328667e6822+f650a20432b5
Epoch / global step: 7 / 2457
Train loss: 5.5171
Validation MAE / RMSE / median AE: 7.0363 / 9.3579 / 5.5000
MAE nam / nữ / age bins: {'F': 7.347105061349693, 'M': 6.774094437257439} / {'0-59': 8.845079787234043, '120-179': 6.800370828182942, '60-119': 6.9536802030456855, '180-228': 7.453125}
Learning rate / peak VRAM: 0.00018592 / 4402.0 MiB
Best epoch / best MAE / epochs không cải thiện: 5 / 6.9001 / 2
Cảnh báo hiện tại: KHÔNG
Checkpoint gần nhất: p1_baseline\runs\P5_D0_CONVNEXT_TINY_SEED123\last.ckpt
Checkpoint tốt nhất: p1_baseline\runs\P5_D0_CONVNEXT_TINY_SEED123\best_mae.ckpt
Đề xuất tự động: TIẾP TỤC
2026-08-15 20:51:31,815 | INFO | epoch=8 batch=25 global_step=2465 loss_reg_months=5.3166 lr=0.00018100 grad_norm=1.9398 throughput=19.49 img/s eta_seconds=631.6 gpu_alloc=485.0MiB gpu_reserved=4402.0MiB skipped_batches=0
2026-08-15 20:51:40,622 | INFO | epoch=8 batch=50 global_step=2473 loss_reg_months=5.1102 lr=0.00018100 grad_norm=2.4824 throughput=24.79 img/s eta_seconds=484.4 gpu_alloc=485.0MiB gpu_reserved=4402.0MiB skipped_batches=0
2026-08-15 20:51:48,486 | INFO | epoch=8 batch=75 global_step=2482 loss_reg_months=5.0457 lr=0.00018100 grad_norm=0.9631 throughput=28.07 img/s eta_seconds=417.2 gpu_alloc=375.7MiB gpu_reserved=4402.0MiB skipped_batches=0
2026-08-15 20:51:56,398 | INFO | epoch=8 batch=100 global_step=2490 loss_reg_months=5.0662 lr=0.00018100 grad_norm=1.3103 throughput=30.02 img/s eta_seconds=380.1 gpu_alloc=485.0MiB gpu_reserved=4402.0MiB skipped_batches=0
2026-08-15 20:52:04,631 | INFO | epoch=8 batch=125 global_step=2498 loss_reg_months=4.9516 lr=0.00018100 grad_norm=1.8629 throughput=31.11 img/s eta_seconds=357.1 gpu_alloc=485.0MiB gpu_reserved=4402.0MiB skipped_batches=0
2026-08-15 20:52:14,224 | INFO | epoch=8 batch=150 global_step=2507 loss_reg_months=5.0505 lr=0.00018100 grad_norm=1.1080 throughput=31.14 img/s eta_seconds=347.2 gpu_alloc=375.7MiB gpu_reserved=4402.0MiB skipped_batches=0
2026-08-15 20:52:22,148 | INFO | epoch=8 batch=175 global_step=2515 loss_reg_months=5.0218 lr=0.00018100 grad_norm=1.4176 throughput=31.95 img/s eta_seconds=329.0 gpu_alloc=485.0MiB gpu_reserved=4402.0MiB skipped_batches=0
2026-08-15 20:52:30,171 | INFO | epoch=8 batch=200 global_step=2523 loss_reg_months=4.9921 lr=0.00018100 grad_norm=1.1889 throughput=32.54 img/s eta_seconds=313.8 gpu_alloc=485.0MiB gpu_reserved=4402.0MiB skipped_batches=0
2026-08-15 20:52:38,609 | INFO | epoch=8 batch=225 global_step=2532 loss_reg_months=5.0600 lr=0.00018100 grad_norm=0.8568 throughput=32.85 img/s eta_seconds=301.7 gpu_alloc=375.7MiB gpu_reserved=4402.0MiB skipped_batches=0
2026-08-15 20:52:46,727 | INFO | epoch=8 batch=250 global_step=2540 loss_reg_months=5.0558 lr=0.00018100 grad_norm=1.9337 throughput=33.22 img/s eta_seconds=289.3 gpu_alloc=485.0MiB gpu_reserved=4402.0MiB skipped_batches=0
2026-08-15 20:52:54,860 | INFO | epoch=8 batch=275 global_step=2548 loss_reg_months=5.0580 lr=0.00018100 grad_norm=1.8854 throughput=33.52 img/s eta_seconds=277.7 gpu_alloc=485.0MiB gpu_reserved=4402.0MiB skipped_batches=0
2026-08-15 20:53:02,904 | INFO | epoch=8 batch=300 global_step=2557 loss_reg_months=5.1207 lr=0.00018100 grad_norm=1.4728 throughput=33.81 img/s eta_seconds=266.5 gpu_alloc=375.7MiB gpu_reserved=4402.0MiB skipped_batches=0
2026-08-15 20:53:10,976 | INFO | epoch=8 batch=325 global_step=2565 loss_reg_months=5.1385 lr=0.00018100 grad_norm=1.2399 throughput=34.05 img/s eta_seconds=255.9 gpu_alloc=485.0MiB gpu_reserved=4402.0MiB skipped_batches=0
2026-08-15 20:53:19,087 | INFO | epoch=8 batch=350 global_step=2573 loss_reg_months=5.1526 lr=0.00018100 grad_norm=1.1067 throughput=34.24 img/s eta_seconds=245.7 gpu_alloc=485.0MiB gpu_reserved=4402.0MiB skipped_batches=0
2026-08-15 20:53:27,335 | INFO | epoch=8 batch=375 global_step=2582 loss_reg_months=5.1456 lr=0.00018100 grad_norm=1.2810 throughput=34.37 img/s eta_seconds=236.0 gpu_alloc=375.7MiB gpu_reserved=4402.0MiB skipped_batches=0
2026-08-15 20:53:35,308 | INFO | epoch=8 batch=400 global_step=2590 loss_reg_months=5.2040 lr=0.00018100 grad_norm=2.7953 throughput=34.56 img/s eta_seconds=226.0 gpu_alloc=485.0MiB gpu_reserved=4402.0MiB skipped_batches=0
2026-08-15 20:53:43,396 | INFO | epoch=8 batch=425 global_step=2598 loss_reg_months=5.1859 lr=0.00018100 grad_norm=1.7368 throughput=34.70 img/s eta_seconds=216.5 gpu_alloc=485.0MiB gpu_reserved=4402.0MiB skipped_batches=0
2026-08-15 20:53:51,570 | INFO | epoch=8 batch=450 global_step=2607 loss_reg_months=5.2110 lr=0.00018100 grad_norm=1.5007 throughput=34.81 img/s eta_seconds=207.2 gpu_alloc=375.7MiB gpu_reserved=4402.0MiB skipped_batches=0
2026-08-15 20:53:59,579 | INFO | epoch=8 batch=475 global_step=2615 loss_reg_months=5.2300 lr=0.00018100 grad_norm=1.9828 throughput=34.94 img/s eta_seconds=197.8 gpu_alloc=485.0MiB gpu_reserved=4402.0MiB skipped_batches=0
2026-08-15 20:54:07,568 | INFO | epoch=8 batch=500 global_step=2623 loss_reg_months=5.2161 lr=0.00018100 grad_norm=1.6650 throughput=35.06 img/s eta_seconds=188.6 gpu_alloc=485.0MiB gpu_reserved=4402.0MiB skipped_batches=0
2026-08-15 20:54:15,837 | INFO | epoch=8 batch=525 global_step=2632 loss_reg_months=5.2074 lr=0.00018100 grad_norm=1.8534 throughput=35.11 img/s eta_seconds=179.7 gpu_alloc=375.7MiB gpu_reserved=4402.0MiB skipped_batches=0
2026-08-15 20:54:24,122 | INFO | epoch=8 batch=550 global_step=2640 loss_reg_months=5.2018 lr=0.00018100 grad_norm=1.1318 throughput=35.16 img/s eta_seconds=170.9 gpu_alloc=485.0MiB gpu_reserved=4402.0MiB skipped_batches=0
2026-08-15 20:54:32,116 | INFO | epoch=8 batch=575 global_step=2648 loss_reg_months=5.2109 lr=0.00018100 grad_norm=1.3227 throughput=35.26 img/s eta_seconds=162.0 gpu_alloc=485.0MiB gpu_reserved=4402.0MiB skipped_batches=0
2026-08-15 20:54:40,329 | INFO | epoch=8 batch=600 global_step=2657 loss_reg_months=5.2083 lr=0.00018100 grad_norm=0.9625 throughput=35.31 img/s eta_seconds=153.2 gpu_alloc=375.7MiB gpu_reserved=4402.0MiB skipped_batches=0
2026-08-15 20:54:48,712 | INFO | epoch=8 batch=625 global_step=2665 loss_reg_months=5.2154 lr=0.00018100 grad_norm=1.4670 throughput=35.33 img/s eta_seconds=144.7 gpu_alloc=485.0MiB gpu_reserved=4402.0MiB skipped_batches=0
2026-08-15 20:54:56,758 | INFO | epoch=8 batch=650 global_step=2673 loss_reg_months=5.2177 lr=0.00018100 grad_norm=1.7138 throughput=35.40 img/s eta_seconds=135.9 gpu_alloc=485.0MiB gpu_reserved=4402.0MiB skipped_batches=0
2026-08-15 20:55:05,100 | INFO | epoch=8 batch=675 global_step=2682 loss_reg_months=5.2148 lr=0.00018100 grad_norm=1.2496 throughput=35.42 img/s eta_seconds=127.4 gpu_alloc=375.7MiB gpu_reserved=4402.0MiB skipped_batches=0
2026-08-15 20:55:13,084 | INFO | epoch=8 batch=700 global_step=2690 loss_reg_months=5.2347 lr=0.00018100 grad_norm=1.3481 throughput=35.49 img/s eta_seconds=118.6 gpu_alloc=485.0MiB gpu_reserved=4402.0MiB skipped_batches=0
2026-08-15 20:55:21,076 | INFO | epoch=8 batch=725 global_step=2698 loss_reg_months=5.2423 lr=0.00018100 grad_norm=1.3996 throughput=35.56 img/s eta_seconds=110.0 gpu_alloc=485.0MiB gpu_reserved=4402.0MiB skipped_batches=0
2026-08-15 20:55:29,398 | INFO | epoch=8 batch=750 global_step=2707 loss_reg_months=5.2334 lr=0.00018100 grad_norm=2.0588 throughput=35.58 img/s eta_seconds=101.5 gpu_alloc=375.7MiB gpu_reserved=4402.0MiB skipped_batches=0
2026-08-15 20:55:37,371 | INFO | epoch=8 batch=775 global_step=2715 loss_reg_months=5.2203 lr=0.00018100 grad_norm=1.8422 throughput=35.64 img/s eta_seconds=92.9 gpu_alloc=485.0MiB gpu_reserved=4402.0MiB skipped_batches=0
2026-08-15 20:55:45,485 | INFO | epoch=8 batch=800 global_step=2723 loss_reg_months=5.2203 lr=0.00018100 grad_norm=2.1402 throughput=35.68 img/s eta_seconds=84.4 gpu_alloc=485.0MiB gpu_reserved=4402.0MiB skipped_batches=0
2026-08-15 20:55:53,551 | INFO | epoch=8 batch=825 global_step=2732 loss_reg_months=5.2291 lr=0.00018100 grad_norm=1.2727 throughput=35.72 img/s eta_seconds=75.9 gpu_alloc=375.7MiB gpu_reserved=4402.0MiB skipped_batches=0
2026-08-15 20:56:01,618 | INFO | epoch=8 batch=850 global_step=2740 loss_reg_months=5.2262 lr=0.00018100 grad_norm=1.7900 throughput=35.76 img/s eta_seconds=67.4 gpu_alloc=485.0MiB gpu_reserved=4402.0MiB skipped_batches=0
2026-08-15 20:56:09,714 | INFO | epoch=8 batch=875 global_step=2748 loss_reg_months=5.2348 lr=0.00018100 grad_norm=1.7397 throughput=35.80 img/s eta_seconds=59.0 gpu_alloc=485.0MiB gpu_reserved=4402.0MiB skipped_batches=0
2026-08-15 20:56:17,650 | INFO | epoch=8 batch=900 global_step=2757 loss_reg_months=5.2578 lr=0.00018100 grad_norm=1.9675 throughput=35.85 img/s eta_seconds=50.5 gpu_alloc=375.7MiB gpu_reserved=4402.0MiB skipped_batches=0
2026-08-15 20:56:25,797 | INFO | epoch=8 batch=925 global_step=2765 loss_reg_months=5.2672 lr=0.00018100 grad_norm=1.3696 throughput=35.88 img/s eta_seconds=42.1 gpu_alloc=485.0MiB gpu_reserved=4402.0MiB skipped_batches=0
2026-08-15 20:56:33,835 | INFO | epoch=8 batch=950 global_step=2773 loss_reg_months=5.2644 lr=0.00018100 grad_norm=2.4790 throughput=35.92 img/s eta_seconds=33.7 gpu_alloc=485.0MiB gpu_reserved=4402.0MiB skipped_batches=0
2026-08-15 20:56:42,158 | INFO | epoch=8 batch=975 global_step=2782 loss_reg_months=5.2633 lr=0.00018100 grad_norm=1.5085 throughput=35.92 img/s eta_seconds=25.4 gpu_alloc=375.7MiB gpu_reserved=4402.0MiB skipped_batches=0
2026-08-15 20:56:50,267 | INFO | epoch=8 batch=1000 global_step=2790 loss_reg_months=5.2746 lr=0.00018100 grad_norm=1.8259 throughput=35.94 img/s eta_seconds=17.0 gpu_alloc=485.0MiB gpu_reserved=4402.0MiB skipped_batches=0
2026-08-15 20:56:58,306 | INFO | epoch=8 batch=1025 global_step=2798 loss_reg_months=5.2603 lr=0.00018100 grad_norm=1.0181 throughput=35.98 img/s eta_seconds=8.6 gpu_alloc=485.0MiB gpu_reserved=4402.0MiB skipped_batches=0
2026-08-15 20:57:06,678 | INFO | epoch=8 batch=1050 global_step=2807 loss_reg_months=5.2490 lr=0.00018100 grad_norm=1.2101 throughput=35.97 img/s eta_seconds=0.3 gpu_alloc=375.7MiB gpu_reserved=4402.0MiB skipped_batches=0
2026-08-15 20:57:35,959 | WARNING | STABILITY WARNING [CAM] Prediction vượt nhẹ miền tuổi 0–228: [-3.67, 230.00]
2026-08-15 20:57:35,961 | WARNING | STABILITY WARNING [CAM] Validation MAE xấu đi trong khi train loss giảm
2026-08-15 20:57:35,963 | INFO | 
TRAINING REVIEW SNAPSHOT
Run ID / config hash / split hash: P5_D0_CONVNEXT_TINY_SEED123 / 7209e3e6dada / 7328667e6822+f650a20432b5
Epoch / global step: 8 / 2808
Train loss: 5.2468
Validation MAE / RMSE / median AE: 7.7225 / 10.1833 / 6.0000
MAE nam / nữ / age bins: {'F': 7.897525342695552, 'M': 7.57495148771022} / {'0-59': 8.948127908909575, '120-179': 7.118665018541409, '60-119': 9.23223350253807, '180-228': 5.9921875}
Learning rate / peak VRAM: 0.00018100 / 4402.0 MiB
Best epoch / best MAE / epochs không cải thiện: 5 / 6.9001 / 3
Cảnh báo hiện tại: CAM: Prediction vượt nhẹ miền tuổi 0–228: [-3.67, 230.00] | CAM: Validation MAE xấu đi trong khi train loss giảm
Checkpoint gần nhất: p1_baseline\runs\P5_D0_CONVNEXT_TINY_SEED123\last.ckpt
Checkpoint tốt nhất: p1_baseline\runs\P5_D0_CONVNEXT_TINY_SEED123\best_mae.ckpt
Đề xuất tự động: THEO DÕI
2026-08-15 20:57:52,958 | INFO | epoch=9 batch=25 global_step=2816 loss_reg_months=5.7027 lr=0.00017543 grad_norm=1.5839 throughput=19.46 img/s eta_seconds=632.7 gpu_alloc=485.0MiB gpu_reserved=4402.0MiB skipped_batches=0
2026-08-15 20:58:01,156 | INFO | epoch=9 batch=50 global_step=2824 loss_reg_months=5.2142 lr=0.00017543 grad_norm=1.7972 throughput=25.41 img/s eta_seconds=472.7 gpu_alloc=485.0MiB gpu_reserved=4402.0MiB skipped_batches=0
2026-08-15 20:58:09,182 | INFO | epoch=9 batch=75 global_step=2833 loss_reg_months=5.1763 lr=0.00017543 grad_norm=1.2889 throughput=28.44 img/s eta_seconds=411.7 gpu_alloc=375.7MiB gpu_reserved=4402.0MiB skipped_batches=0
2026-08-15 20:58:17,367 | INFO | epoch=9 batch=100 global_step=2841 loss_reg_months=5.1865 lr=0.00017543 grad_norm=0.9616 throughput=30.13 img/s eta_seconds=378.7 gpu_alloc=485.0MiB gpu_reserved=4402.0MiB skipped_batches=0
2026-08-15 20:58:25,530 | INFO | epoch=9 batch=125 global_step=2849 loss_reg_months=5.1730 lr=0.00017543 grad_norm=1.8957 throughput=31.26 img/s eta_seconds=355.5 gpu_alloc=485.0MiB gpu_reserved=4402.0MiB skipped_batches=0
2026-08-15 20:58:33,715 | INFO | epoch=9 batch=150 global_step=2858 loss_reg_months=5.0715 lr=0.00017543 grad_norm=2.6153 throughput=32.04 img/s eta_seconds=337.4 gpu_alloc=375.7MiB gpu_reserved=4402.0MiB skipped_batches=0
2026-08-15 20:58:41,859 | INFO | epoch=9 batch=175 global_step=2866 loss_reg_months=5.0525 lr=0.00017543 grad_norm=1.1722 throughput=32.65 img/s eta_seconds=321.9 gpu_alloc=485.0MiB gpu_reserved=4402.0MiB skipped_batches=0
2026-08-15 20:58:50,244 | INFO | epoch=9 batch=200 global_step=2874 loss_reg_months=5.0372 lr=0.00017543 grad_norm=1.9353 throughput=33.01 img/s eta_seconds=309.3 gpu_alloc=485.0MiB gpu_reserved=4402.0MiB skipped_batches=0
2026-08-15 20:58:58,316 | INFO | epoch=9 batch=225 global_step=2883 loss_reg_months=5.1537 lr=0.00017543 grad_norm=1.5733 throughput=33.43 img/s eta_seconds=296.5 gpu_alloc=375.7MiB gpu_reserved=4402.0MiB skipped_batches=0
2026-08-15 20:59:06,527 | INFO | epoch=9 batch=250 global_step=2891 loss_reg_months=5.1719 lr=0.00017543 grad_norm=1.5465 throughput=33.71 img/s eta_seconds=285.1 gpu_alloc=485.0MiB gpu_reserved=4402.0MiB skipped_batches=0
2026-08-15 20:59:14,638 | INFO | epoch=9 batch=275 global_step=2899 loss_reg_months=5.1445 lr=0.00017543 grad_norm=1.1450 throughput=33.99 img/s eta_seconds=274.0 gpu_alloc=485.0MiB gpu_reserved=4402.0MiB skipped_batches=0
2026-08-15 20:59:22,771 | INFO | epoch=9 batch=300 global_step=2908 loss_reg_months=5.1591 lr=0.00017543 grad_norm=1.2661 throughput=34.21 img/s eta_seconds=263.4 gpu_alloc=375.7MiB gpu_reserved=4402.0MiB skipped_batches=0
2026-08-15 20:59:30,799 | INFO | epoch=9 batch=325 global_step=2916 loss_reg_months=5.2089 lr=0.00017543 grad_norm=1.7047 throughput=34.43 img/s eta_seconds=253.0 gpu_alloc=485.0MiB gpu_reserved=4402.0MiB skipped_batches=0
2026-08-15 20:59:38,946 | INFO | epoch=9 batch=350 global_step=2924 loss_reg_months=5.2022 lr=0.00017543 grad_norm=1.8827 throughput=34.59 img/s eta_seconds=243.1 gpu_alloc=485.0MiB gpu_reserved=4402.0MiB skipped_batches=0
2026-08-15 20:59:47,165 | INFO | epoch=9 batch=375 global_step=2933 loss_reg_months=5.2247 lr=0.00017543 grad_norm=1.8806 throughput=34.72 img/s eta_seconds=233.6 gpu_alloc=375.7MiB gpu_reserved=4402.0MiB skipped_batches=0
2026-08-15 20:59:55,272 | INFO | epoch=9 batch=400 global_step=2941 loss_reg_months=5.2513 lr=0.00017543 grad_norm=1.6503 throughput=34.85 img/s eta_seconds=224.1 gpu_alloc=485.0MiB gpu_reserved=4402.0MiB skipped_batches=0
2026-08-15 21:00:03,341 | INFO | epoch=9 batch=425 global_step=2949 loss_reg_months=5.2580 lr=0.00017543 grad_norm=1.4053 throughput=34.98 img/s eta_seconds=214.7 gpu_alloc=485.0MiB gpu_reserved=4402.0MiB skipped_batches=0
2026-08-15 21:00:11,619 | INFO | epoch=9 batch=450 global_step=2958 loss_reg_months=5.2588 lr=0.00017543 grad_norm=1.8751 throughput=35.05 img/s eta_seconds=205.8 gpu_alloc=375.7MiB gpu_reserved=4402.0MiB skipped_batches=0
2026-08-15 21:00:19,838 | INFO | epoch=9 batch=475 global_step=2966 loss_reg_months=5.2608 lr=0.00017543 grad_norm=2.0029 throughput=35.12 img/s eta_seconds=196.8 gpu_alloc=485.0MiB gpu_reserved=4402.0MiB skipped_batches=0
2026-08-15 21:00:27,624 | INFO | epoch=9 batch=500 global_step=2974 loss_reg_months=5.2573 lr=0.00017543 grad_norm=1.5029 throughput=35.28 img/s eta_seconds=187.4 gpu_alloc=485.0MiB gpu_reserved=4402.0MiB skipped_batches=0
2026-08-15 21:00:35,487 | INFO | epoch=9 batch=525 global_step=2983 loss_reg_months=5.2421 lr=0.00017543 grad_norm=0.9390 throughput=35.40 img/s eta_seconds=178.3 gpu_alloc=375.7MiB gpu_reserved=4402.0MiB skipped_batches=0
2026-08-15 21:00:43,113 | INFO | epoch=9 batch=550 global_step=2991 loss_reg_months=5.2378 lr=0.00017543 grad_norm=1.0928 throughput=35.57 img/s eta_seconds=169.0 gpu_alloc=485.0MiB gpu_reserved=4402.0MiB skipped_batches=0
2026-08-15 21:00:50,838 | INFO | epoch=9 batch=575 global_step=2999 loss_reg_months=5.2016 lr=0.00017543 grad_norm=1.5160 throughput=35.70 img/s eta_seconds=160.0 gpu_alloc=485.0MiB gpu_reserved=4402.0MiB skipped_batches=0
2026-08-15 21:00:59,895 | INFO | epoch=9 batch=600 global_step=3008 loss_reg_months=5.2114 lr=0.00017543 grad_norm=1.9124 throughput=35.58 img/s eta_seconds=152.1 gpu_alloc=375.7MiB gpu_reserved=4402.0MiB skipped_batches=0
2026-08-15 21:01:07,660 | INFO | epoch=9 batch=625 global_step=3016 loss_reg_months=5.2217 lr=0.00017543 grad_norm=1.4993 throughput=35.69 img/s eta_seconds=143.2 gpu_alloc=485.0MiB gpu_reserved=4402.0MiB skipped_batches=0
2026-08-15 21:01:15,422 | INFO | epoch=9 batch=650 global_step=3024 loss_reg_months=5.1956 lr=0.00017543 grad_norm=1.4039 throughput=35.80 img/s eta_seconds=134.4 gpu_alloc=485.0MiB gpu_reserved=4402.0MiB skipped_batches=0
2026-08-15 21:01:23,364 | INFO | epoch=9 batch=675 global_step=3033 loss_reg_months=5.2038 lr=0.00017543 grad_norm=1.4567 throughput=35.87 img/s eta_seconds=125.8 gpu_alloc=375.7MiB gpu_reserved=4402.0MiB skipped_batches=0
2026-08-15 21:01:31,186 | INFO | epoch=9 batch=700 global_step=3041 loss_reg_months=5.1958 lr=0.00017543 grad_norm=2.1417 throughput=35.95 img/s eta_seconds=117.1 gpu_alloc=485.0MiB gpu_reserved=4402.0MiB skipped_batches=0
2026-08-15 21:01:39,000 | INFO | epoch=9 batch=725 global_step=3049 loss_reg_months=5.2002 lr=0.00017543 grad_norm=1.2213 throughput=36.03 img/s eta_seconds=108.5 gpu_alloc=485.0MiB gpu_reserved=4402.0MiB skipped_batches=0
2026-08-15 21:01:46,677 | INFO | epoch=9 batch=750 global_step=3058 loss_reg_months=5.1927 lr=0.00017543 grad_norm=1.7635 throughput=36.12 img/s eta_seconds=100.0 gpu_alloc=375.7MiB gpu_reserved=4402.0MiB skipped_batches=0
2026-08-15 21:01:54,421 | INFO | epoch=9 batch=775 global_step=3066 loss_reg_months=5.1904 lr=0.00017543 grad_norm=1.0340 throughput=36.20 img/s eta_seconds=91.5 gpu_alloc=485.0MiB gpu_reserved=4402.0MiB skipped_batches=0
2026-08-15 21:02:02,139 | INFO | epoch=9 batch=800 global_step=3074 loss_reg_months=5.1930 lr=0.00017543 grad_norm=1.0457 throughput=36.28 img/s eta_seconds=83.0 gpu_alloc=485.0MiB gpu_reserved=4402.0MiB skipped_batches=0
2026-08-15 21:02:10,005 | INFO | epoch=9 batch=825 global_step=3083 loss_reg_months=5.1865 lr=0.00017543 grad_norm=0.8638 throughput=36.33 img/s eta_seconds=74.6 gpu_alloc=375.7MiB gpu_reserved=4402.0MiB skipped_batches=0
2026-08-15 21:02:17,745 | INFO | epoch=9 batch=850 global_step=3091 loss_reg_months=5.1727 lr=0.00017543 grad_norm=1.0776 throughput=36.40 img/s eta_seconds=66.2 gpu_alloc=485.0MiB gpu_reserved=4402.0MiB skipped_batches=0
2026-08-15 21:02:25,450 | INFO | epoch=9 batch=875 global_step=3099 loss_reg_months=5.1568 lr=0.00017543 grad_norm=1.2178 throughput=36.47 img/s eta_seconds=57.9 gpu_alloc=485.0MiB gpu_reserved=4402.0MiB skipped_batches=0
2026-08-15 21:02:33,463 | INFO | epoch=9 batch=900 global_step=3108 loss_reg_months=5.1585 lr=0.00017543 grad_norm=2.5358 throughput=36.50 img/s eta_seconds=49.6 gpu_alloc=375.7MiB gpu_reserved=4402.0MiB skipped_batches=0
2026-08-15 21:02:41,099 | INFO | epoch=9 batch=925 global_step=3116 loss_reg_months=5.1712 lr=0.00017543 grad_norm=1.2389 throughput=36.57 img/s eta_seconds=41.3 gpu_alloc=485.0MiB gpu_reserved=4402.0MiB skipped_batches=0
2026-08-15 21:02:48,837 | INFO | epoch=9 batch=950 global_step=3124 loss_reg_months=5.1648 lr=0.00017543 grad_norm=1.1782 throughput=36.62 img/s eta_seconds=33.1 gpu_alloc=485.0MiB gpu_reserved=4402.0MiB skipped_batches=0
2026-08-15 21:02:56,550 | INFO | epoch=9 batch=975 global_step=3133 loss_reg_months=5.1697 lr=0.00017543 grad_norm=2.8401 throughput=36.68 img/s eta_seconds=24.8 gpu_alloc=375.7MiB gpu_reserved=4402.0MiB skipped_batches=0
2026-08-15 21:03:04,290 | INFO | epoch=9 batch=1000 global_step=3141 loss_reg_months=5.1829 lr=0.00017543 grad_norm=2.3103 throughput=36.73 img/s eta_seconds=16.6 gpu_alloc=485.0MiB gpu_reserved=4402.0MiB skipped_batches=0
2026-08-15 21:03:11,999 | INFO | epoch=9 batch=1025 global_step=3149 loss_reg_months=5.1801 lr=0.00017543 grad_norm=2.3595 throughput=36.78 img/s eta_seconds=8.5 gpu_alloc=485.0MiB gpu_reserved=4402.0MiB skipped_batches=0
2026-08-15 21:03:19,860 | INFO | epoch=9 batch=1050 global_step=3158 loss_reg_months=5.1819 lr=0.00017543 grad_norm=1.4373 throughput=36.81 img/s eta_seconds=0.3 gpu_alloc=375.7MiB gpu_reserved=4402.0MiB skipped_batches=0
2026-08-15 21:03:48,553 | INFO | 
TRAINING REVIEW SNAPSHOT
Run ID / config hash / split hash: P5_D0_CONVNEXT_TINY_SEED123 / 7209e3e6dada / 7328667e6822+f650a20432b5
Epoch / global step: 9 / 3159
Train loss: 5.1827
Validation MAE / RMSE / median AE: 6.7451 / 8.9673 / 5.0000
MAE nam / nữ / age bins: {'F': 6.826878834355829, 'M': 6.676099611901682} / {'0-59': 8.715425531914894, '120-179': 6.760815822002472, '60-119': 6.604060913705584, '180-228': 5.6328125}
Learning rate / peak VRAM: 0.00017543 / 4402.0 MiB
Best epoch / best MAE / epochs không cải thiện: 9 / 6.7451 / 0
Cảnh báo hiện tại: KHÔNG
Checkpoint gần nhất: p1_baseline\runs\P5_D0_CONVNEXT_TINY_SEED123\last.ckpt
Checkpoint tốt nhất: p1_baseline\runs\P5_D0_CONVNEXT_TINY_SEED123\best_mae.ckpt
Đề xuất tự động: TIẾP TỤC
2026-08-15 21:04:12,935 | INFO | epoch=10 batch=25 global_step=3167 loss_reg_months=5.0060 lr=0.00016926 grad_norm=2.7818 throughput=20.54 img/s eta_seconds=599.2 gpu_alloc=485.0MiB gpu_reserved=4402.0MiB skipped_batches=0
2026-08-15 21:04:20,608 | INFO | epoch=10 batch=50 global_step=3175 loss_reg_months=5.1646 lr=0.00016926 grad_norm=1.6694 throughput=26.93 img/s eta_seconds=445.9 gpu_alloc=485.0MiB gpu_reserved=4402.0MiB skipped_batches=0
2026-08-15 21:04:28,555 | INFO | epoch=10 batch=75 global_step=3184 loss_reg_months=5.2072 lr=0.00016926 grad_norm=0.8906 throughput=29.78 img/s eta_seconds=393.3 gpu_alloc=375.7MiB gpu_reserved=4402.0MiB skipped_batches=0
2026-08-15 21:04:36,259 | INFO | epoch=10 batch=100 global_step=3192 loss_reg_months=5.2366 lr=0.00016926 grad_norm=1.6588 throughput=31.64 img/s eta_seconds=360.7 gpu_alloc=485.0MiB gpu_reserved=4402.0MiB skipped_batches=0
2026-08-15 21:04:43,951 | INFO | epoch=10 batch=125 global_step=3200 loss_reg_months=5.1917 lr=0.00016926 grad_norm=1.2370 throughput=32.88 img/s eta_seconds=337.9 gpu_alloc=485.0MiB gpu_reserved=4402.0MiB skipped_batches=0
2026-08-15 21:04:51,776 | INFO | epoch=10 batch=150 global_step=3209 loss_reg_months=5.1436 lr=0.00016926 grad_norm=0.9610 throughput=33.68 img/s eta_seconds=321.0 gpu_alloc=375.7MiB gpu_reserved=4402.0MiB skipped_batches=0
2026-08-15 21:04:59,669 | INFO | epoch=10 batch=175 global_step=3217 loss_reg_months=5.1902 lr=0.00016926 grad_norm=1.8537 throughput=34.24 img/s eta_seconds=307.0 gpu_alloc=485.0MiB gpu_reserved=4402.0MiB skipped_batches=0
2026-08-15 21:05:07,392 | INFO | epoch=10 batch=200 global_step=3225 loss_reg_months=5.1802 lr=0.00016926 grad_norm=0.7578 throughput=34.75 img/s eta_seconds=293.8 gpu_alloc=485.0MiB gpu_reserved=4402.0MiB skipped_batches=0
2026-08-15 21:05:15,038 | INFO | epoch=10 batch=225 global_step=3234 loss_reg_months=5.2095 lr=0.00016926 grad_norm=1.5353 throughput=35.20 img/s eta_seconds=281.6 gpu_alloc=375.7MiB gpu_reserved=4402.0MiB skipped_batches=0
2026-08-15 21:05:22,741 | INFO | epoch=10 batch=250 global_step=3242 loss_reg_months=5.1487 lr=0.00016926 grad_norm=1.2166 throughput=35.54 img/s eta_seconds=270.4 gpu_alloc=485.0MiB gpu_reserved=4402.0MiB skipped_batches=0
2026-08-15 21:05:31,381 | INFO | epoch=10 batch=275 global_step=3250 loss_reg_months=5.1706 lr=0.00016926 grad_norm=1.3255 throughput=35.47 img/s eta_seconds=262.5 gpu_alloc=485.0MiB gpu_reserved=4402.0MiB skipped_batches=0
2026-08-15 21:05:39,592 | INFO | epoch=10 batch=300 global_step=3259 loss_reg_months=5.1664 lr=0.00016926 grad_norm=2.3146 throughput=35.55 img/s eta_seconds=253.5 gpu_alloc=375.7MiB gpu_reserved=4402.0MiB skipped_batches=0
2026-08-15 21:05:47,849 | INFO | epoch=10 batch=325 global_step=3267 loss_reg_months=5.2161 lr=0.00016926 grad_norm=1.1568 throughput=35.61 img/s eta_seconds=244.6 gpu_alloc=485.0MiB gpu_reserved=4402.0MiB skipped_batches=0
2026-08-15 21:05:56,336 | INFO | epoch=10 batch=350 global_step=3275 loss_reg_months=5.2418 lr=0.00016926 grad_norm=2.5600 throughput=35.59 img/s eta_seconds=236.3 gpu_alloc=485.0MiB gpu_reserved=4402.0MiB skipped_batches=0
2026-08-15 21:06:04,176 | INFO | epoch=10 batch=375 global_step=3284 loss_reg_months=5.2850 lr=0.00016926 grad_norm=1.3888 throughput=35.76 img/s eta_seconds=226.8 gpu_alloc=375.7MiB gpu_reserved=4402.0MiB skipped_batches=0
2026-08-15 21:06:11,758 | INFO | epoch=10 batch=400 global_step=3292 loss_reg_months=5.2643 lr=0.00016926 grad_norm=1.2984 throughput=35.98 img/s eta_seconds=217.1 gpu_alloc=485.0MiB gpu_reserved=4402.0MiB skipped_batches=0
2026-08-15 21:06:19,670 | INFO | epoch=10 batch=425 global_step=3300 loss_reg_months=5.2622 lr=0.00016926 grad_norm=0.9732 throughput=36.08 img/s eta_seconds=208.2 gpu_alloc=485.0MiB gpu_reserved=4402.0MiB skipped_batches=0
2026-08-15 21:06:27,354 | INFO | epoch=10 batch=450 global_step=3309 loss_reg_months=5.2604 lr=0.00016926 grad_norm=1.2322 throughput=36.24 img/s eta_seconds=199.0 gpu_alloc=375.7MiB gpu_reserved=4402.0MiB skipped_batches=0
2026-08-15 21:06:35,474 | INFO | epoch=10 batch=475 global_step=3317 loss_reg_months=5.2688 lr=0.00016926 grad_norm=1.5317 throughput=36.27 img/s eta_seconds=190.5 gpu_alloc=485.0MiB gpu_reserved=4402.0MiB skipped_batches=0
2026-08-15 21:06:43,224 | INFO | epoch=10 batch=500 global_step=3325 loss_reg_months=5.2443 lr=0.00016926 grad_norm=2.0253 throughput=36.39 img/s eta_seconds=181.7 gpu_alloc=485.0MiB gpu_reserved=4402.0MiB skipped_batches=0
2026-08-15 21:06:50,968 | INFO | epoch=10 batch=525 global_step=3334 loss_reg_months=5.2368 lr=0.00016926 grad_norm=1.8177 throughput=36.49 img/s eta_seconds=172.9 gpu_alloc=375.7MiB gpu_reserved=4402.0MiB skipped_batches=0
2026-08-15 21:06:58,599 | INFO | epoch=10 batch=550 global_step=3342 loss_reg_months=5.2380 lr=0.00016926 grad_norm=1.3738 throughput=36.61 img/s eta_seconds=164.2 gpu_alloc=485.0MiB gpu_reserved=4402.0MiB skipped_batches=0
2026-08-15 21:07:06,389 | INFO | epoch=10 batch=575 global_step=3350 loss_reg_months=5.2527 lr=0.00016926 grad_norm=1.7760 throughput=36.69 img/s eta_seconds=155.7 gpu_alloc=485.0MiB gpu_reserved=4402.0MiB skipped_batches=0
2026-08-15 21:07:14,192 | INFO | epoch=10 batch=600 global_step=3359 loss_reg_months=5.2462 lr=0.00016926 grad_norm=1.5894 throughput=36.76 img/s eta_seconds=147.2 gpu_alloc=375.7MiB gpu_reserved=4402.0MiB skipped_batches=0
2026-08-15 21:07:21,889 | INFO | epoch=10 batch=625 global_step=3367 loss_reg_months=5.2269 lr=0.00016926 grad_norm=1.3990 throughput=36.84 img/s eta_seconds=138.7 gpu_alloc=485.0MiB gpu_reserved=4402.0MiB skipped_batches=0
2026-08-15 21:07:29,557 | INFO | epoch=10 batch=650 global_step=3375 loss_reg_months=5.1946 lr=0.00016926 grad_norm=0.9824 throughput=36.93 img/s eta_seconds=130.3 gpu_alloc=485.0MiB gpu_reserved=4402.0MiB skipped_batches=0
2026-08-15 21:07:37,586 | INFO | epoch=10 batch=675 global_step=3384 loss_reg_months=5.1837 lr=0.00016926 grad_norm=1.9234 throughput=36.94 img/s eta_seconds=122.1 gpu_alloc=375.7MiB gpu_reserved=4402.0MiB skipped_batches=0
2026-08-15 21:07:45,176 | INFO | epoch=10 batch=700 global_step=3392 loss_reg_months=5.1820 lr=0.00016926 grad_norm=1.0876 throughput=37.03 img/s eta_seconds=113.7 gpu_alloc=485.0MiB gpu_reserved=4402.0MiB skipped_batches=0
2026-08-15 21:07:53,533 | INFO | epoch=10 batch=725 global_step=3400 loss_reg_months=5.1927 lr=0.00016926 grad_norm=2.1440 throughput=36.99 img/s eta_seconds=105.7 gpu_alloc=485.0MiB gpu_reserved=4402.0MiB skipped_batches=0
2026-08-15 21:08:01,279 | INFO | epoch=10 batch=750 global_step=3409 loss_reg_months=5.2025 lr=0.00016926 grad_norm=1.2645 throughput=37.05 img/s eta_seconds=97.5 gpu_alloc=375.7MiB gpu_reserved=4402.0MiB skipped_batches=0
2026-08-15 21:08:09,374 | INFO | epoch=10 batch=775 global_step=3417 loss_reg_months=5.2014 lr=0.00016926 grad_norm=1.5233 throughput=37.05 img/s eta_seconds=89.4 gpu_alloc=485.0MiB gpu_reserved=4402.0MiB skipped_batches=0
2026-08-15 21:08:17,344 | INFO | epoch=10 batch=800 global_step=3425 loss_reg_months=5.2105 lr=0.00016926 grad_norm=2.3616 throughput=37.06 img/s eta_seconds=81.2 gpu_alloc=485.0MiB gpu_reserved=4402.0MiB skipped_batches=0
2026-08-15 21:08:25,048 | INFO | epoch=10 batch=825 global_step=3434 loss_reg_months=5.2128 lr=0.00016926 grad_norm=1.6404 throughput=37.12 img/s eta_seconds=73.0 gpu_alloc=375.7MiB gpu_reserved=4402.0MiB skipped_batches=0
2026-08-15 21:08:32,852 | INFO | epoch=10 batch=850 global_step=3442 loss_reg_months=5.2256 lr=0.00016926 grad_norm=1.0446 throughput=37.16 img/s eta_seconds=64.9 gpu_alloc=485.0MiB gpu_reserved=4402.0MiB skipped_batches=0
2026-08-15 21:08:40,542 | INFO | epoch=10 batch=875 global_step=3450 loss_reg_months=5.2423 lr=0.00016926 grad_norm=1.0800 throughput=37.21 img/s eta_seconds=56.7 gpu_alloc=485.0MiB gpu_reserved=4402.0MiB skipped_batches=0
2026-08-15 21:08:48,170 | INFO | epoch=10 batch=900 global_step=3459 loss_reg_months=5.2493 lr=0.00016926 grad_norm=1.6270 throughput=37.26 img/s eta_seconds=48.6 gpu_alloc=375.7MiB gpu_reserved=4402.0MiB skipped_batches=0
2026-08-15 21:08:55,947 | INFO | epoch=10 batch=925 global_step=3467 loss_reg_months=5.2445 lr=0.00016926 grad_norm=1.6813 throughput=37.30 img/s eta_seconds=40.5 gpu_alloc=485.0MiB gpu_reserved=4402.0MiB skipped_batches=0
2026-08-15 21:09:03,649 | INFO | epoch=10 batch=950 global_step=3475 loss_reg_months=5.2421 lr=0.00016926 grad_norm=1.6170 throughput=37.34 img/s eta_seconds=32.4 gpu_alloc=485.0MiB gpu_reserved=4402.0MiB skipped_batches=0
2026-08-15 21:09:11,334 | INFO | epoch=10 batch=975 global_step=3484 loss_reg_months=5.2509 lr=0.00016926 grad_norm=1.8902 throughput=37.38 img/s eta_seconds=24.4 gpu_alloc=375.7MiB gpu_reserved=4402.0MiB skipped_batches=0
2026-08-15 21:09:19,213 | INFO | epoch=10 batch=1000 global_step=3492 loss_reg_months=5.2455 lr=0.00016926 grad_norm=1.1350 throughput=37.40 img/s eta_seconds=16.3 gpu_alloc=485.0MiB gpu_reserved=4402.0MiB skipped_batches=0
2026-08-15 21:09:27,981 | INFO | epoch=10 batch=1025 global_step=3500 loss_reg_months=5.2392 lr=0.00016926 grad_norm=1.5546 throughput=37.31 img/s eta_seconds=8.3 gpu_alloc=485.0MiB gpu_reserved=4402.0MiB skipped_batches=0
2026-08-15 21:09:35,863 | INFO | epoch=10 batch=1050 global_step=3509 loss_reg_months=5.2340 lr=0.00016926 grad_norm=1.3904 throughput=37.33 img/s eta_seconds=0.3 gpu_alloc=375.7MiB gpu_reserved=4402.0MiB skipped_batches=0
2026-08-15 21:10:06,912 | INFO | 
TRAINING REVIEW SNAPSHOT
Run ID / config hash / split hash: P5_D0_CONVNEXT_TINY_SEED123 / 7209e3e6dada / 7328667e6822+f650a20432b5
Epoch / global step: 10 / 3510
Train loss: 5.2354
Validation MAE / RMSE / median AE: 6.7199 / 8.8776 / 5.0000
MAE nam / nữ / age bins: {'F': 7.345870878067485, 'M': 6.191866106080207} / {'0-59': 6.354471409574468, '120-179': 6.201483312731767, '60-119': 7.569796954314721, '180-228': 7.6484375}
Learning rate / peak VRAM: 0.00016926 / 4402.0 MiB
Best epoch / best MAE / epochs không cải thiện: 10 / 6.7199 / 0
Cảnh báo hiện tại: KHÔNG
Checkpoint gần nhất: p1_baseline\runs\P5_D0_CONVNEXT_TINY_SEED123\last.ckpt
Checkpoint tốt nhất: p1_baseline\runs\P5_D0_CONVNEXT_TINY_SEED123\best_mae.ckpt
Đề xuất tự động: TIẾP TỤC
2026-08-15 21:10:25,310 | INFO | epoch=11 batch=25 global_step=3518 loss_reg_months=5.3470 lr=0.00016254 grad_norm=2.0802 throughput=20.45 img/s eta_seconds=602.1 gpu_alloc=485.0MiB gpu_reserved=4402.0MiB skipped_batches=0
2026-08-15 21:10:32,843 | INFO | epoch=11 batch=50 global_step=3526 loss_reg_months=5.1827 lr=0.00016254 grad_norm=3.2519 throughput=27.02 img/s eta_seconds=444.5 gpu_alloc=485.0MiB gpu_reserved=4402.0MiB skipped_batches=0
2026-08-15 21:10:40,569 | INFO | epoch=11 batch=75 global_step=3535 loss_reg_months=5.2316 lr=0.00016254 grad_norm=2.3045 throughput=30.07 img/s eta_seconds=389.5 gpu_alloc=375.7MiB gpu_reserved=4402.0MiB skipped_batches=0
2026-08-15 21:10:49,112 | INFO | epoch=11 batch=100 global_step=3543 loss_reg_months=5.2504 lr=0.00016254 grad_norm=2.3550 throughput=31.19 img/s eta_seconds=365.8 gpu_alloc=485.0MiB gpu_reserved=4402.0MiB skipped_batches=0
2026-08-15 21:10:57,365 | INFO | epoch=11 batch=125 global_step=3551 loss_reg_months=5.2370 lr=0.00016254 grad_norm=1.2410 throughput=32.10 img/s eta_seconds=346.1 gpu_alloc=485.0MiB gpu_reserved=4402.0MiB skipped_batches=0
2026-08-15 21:11:04,960 | INFO | epoch=11 batch=150 global_step=3560 loss_reg_months=5.2264 lr=0.00016254 grad_norm=2.0142 throughput=33.14 img/s eta_seconds=326.3 gpu_alloc=375.7MiB gpu_reserved=4402.0MiB skipped_batches=0
2026-08-15 21:11:13,024 | INFO | epoch=11 batch=175 global_step=3568 loss_reg_months=5.1251 lr=0.00016254 grad_norm=1.0222 throughput=33.66 img/s eta_seconds=312.3 gpu_alloc=485.0MiB gpu_reserved=4402.0MiB skipped_batches=0
2026-08-15 21:11:20,614 | INFO | epoch=11 batch=200 global_step=3576 loss_reg_months=5.0676 lr=0.00016254 grad_norm=1.4881 throughput=34.30 img/s eta_seconds=297.7 gpu_alloc=485.0MiB gpu_reserved=4402.0MiB skipped_batches=0
2026-08-15 21:11:28,518 | INFO | epoch=11 batch=225 global_step=3585 loss_reg_months=5.0342 lr=0.00016254 grad_norm=1.3684 throughput=34.67 img/s eta_seconds=285.9 gpu_alloc=375.7MiB gpu_reserved=4402.0MiB skipped_batches=0
2026-08-15 21:11:36,224 | INFO | epoch=11 batch=250 global_step=3593 loss_reg_months=5.0511 lr=0.00016254 grad_norm=1.3910 throughput=35.05 img/s eta_seconds=274.2 gpu_alloc=485.0MiB gpu_reserved=4402.0MiB skipped_batches=0
2026-08-15 21:11:43,876 | INFO | epoch=11 batch=275 global_step=3601 loss_reg_months=5.0515 lr=0.00016254 grad_norm=0.9551 throughput=35.39 img/s eta_seconds=263.1 gpu_alloc=485.0MiB gpu_reserved=4402.0MiB skipped_batches=0
2026-08-15 21:11:51,472 | INFO | epoch=11 batch=300 global_step=3610 loss_reg_months=5.0204 lr=0.00016254 grad_norm=1.3378 throughput=35.70 img/s eta_seconds=252.4 gpu_alloc=375.7MiB gpu_reserved=4402.0MiB skipped_batches=0
2026-08-15 21:11:59,122 | INFO | epoch=11 batch=325 global_step=3618 loss_reg_months=4.9899 lr=0.00016254 grad_norm=1.7547 throughput=35.95 img/s eta_seconds=242.3 gpu_alloc=485.0MiB gpu_reserved=4402.0MiB skipped_batches=0
2026-08-15 21:12:06,884 | INFO | epoch=11 batch=350 global_step=3626 loss_reg_months=5.0079 lr=0.00016254 grad_norm=0.9296 throughput=36.13 img/s eta_seconds=232.8 gpu_alloc=485.0MiB gpu_reserved=4402.0MiB skipped_batches=0
2026-08-15 21:12:14,506 | INFO | epoch=11 batch=375 global_step=3635 loss_reg_months=5.0313 lr=0.00016254 grad_norm=1.1881 throughput=36.33 img/s eta_seconds=223.3 gpu_alloc=375.7MiB gpu_reserved=4402.0MiB skipped_batches=0
2026-08-15 21:12:22,188 | INFO | epoch=11 batch=400 global_step=3643 loss_reg_months=5.0356 lr=0.00016254 grad_norm=1.6014 throughput=36.49 img/s eta_seconds=214.1 gpu_alloc=485.0MiB gpu_reserved=4402.0MiB skipped_batches=0
2026-08-15 21:12:29,860 | INFO | epoch=11 batch=425 global_step=3651 loss_reg_months=5.0471 lr=0.00016254 grad_norm=1.3264 throughput=36.63 img/s eta_seconds=205.0 gpu_alloc=485.0MiB gpu_reserved=4402.0MiB skipped_batches=0
2026-08-15 21:12:37,825 | INFO | epoch=11 batch=450 global_step=3660 loss_reg_months=5.0608 lr=0.00016254 grad_norm=2.4009 throughput=36.69 img/s eta_seconds=196.5 gpu_alloc=375.7MiB gpu_reserved=4402.0MiB skipped_batches=0
2026-08-15 21:12:45,481 | INFO | epoch=11 batch=475 global_step=3668 loss_reg_months=5.0698 lr=0.00016254 grad_norm=1.7787 throughput=36.81 img/s eta_seconds=187.7 gpu_alloc=485.0MiB gpu_reserved=4402.0MiB skipped_batches=0
2026-08-15 21:12:53,418 | INFO | epoch=11 batch=500 global_step=3676 loss_reg_months=5.0610 lr=0.00016254 grad_norm=1.3170 throughput=36.86 img/s eta_seconds=179.4 gpu_alloc=485.0MiB gpu_reserved=4402.0MiB skipped_batches=0
2026-08-15 21:13:01,017 | INFO | epoch=11 batch=525 global_step=3685 loss_reg_months=5.0822 lr=0.00016254 grad_norm=1.9870 throughput=36.98 img/s eta_seconds=170.7 gpu_alloc=375.7MiB gpu_reserved=4402.0MiB skipped_batches=0
2026-08-15 21:13:08,758 | INFO | epoch=11 batch=550 global_step=3693 loss_reg_months=5.1280 lr=0.00016254 grad_norm=1.3869 throughput=37.05 img/s eta_seconds=162.2 gpu_alloc=485.0MiB gpu_reserved=4402.0MiB skipped_batches=0
2026-08-15 21:13:16,478 | INFO | epoch=11 batch=575 global_step=3701 loss_reg_months=5.1557 lr=0.00016254 grad_norm=1.1919 throughput=37.13 img/s eta_seconds=153.8 gpu_alloc=485.0MiB gpu_reserved=4402.0MiB skipped_batches=0
2026-08-15 21:13:24,229 | INFO | epoch=11 batch=600 global_step=3710 loss_reg_months=5.1351 lr=0.00016254 grad_norm=1.3680 throughput=37.19 img/s eta_seconds=145.5 gpu_alloc=375.7MiB gpu_reserved=4402.0MiB skipped_batches=0
2026-08-15 21:13:32,203 | INFO | epoch=11 batch=625 global_step=3718 loss_reg_months=5.1388 lr=0.00016254 grad_norm=0.9204 throughput=37.21 img/s eta_seconds=137.4 gpu_alloc=485.0MiB gpu_reserved=4402.0MiB skipped_batches=0
2026-08-15 21:13:39,885 | INFO | epoch=11 batch=650 global_step=3726 loss_reg_months=5.1515 lr=0.00016254 grad_norm=1.0330 throughput=37.28 img/s eta_seconds=129.1 gpu_alloc=485.0MiB gpu_reserved=4402.0MiB skipped_batches=0
2026-08-15 21:13:48,576 | INFO | epoch=11 batch=675 global_step=3735 loss_reg_months=5.1328 lr=0.00016254 grad_norm=1.5465 throughput=37.17 img/s eta_seconds=121.4 gpu_alloc=375.7MiB gpu_reserved=4402.0MiB skipped_batches=0
2026-08-15 21:13:56,721 | INFO | epoch=11 batch=700 global_step=3743 loss_reg_months=5.1118 lr=0.00016254 grad_norm=1.2600 throughput=37.15 img/s eta_seconds=113.3 gpu_alloc=485.0MiB gpu_reserved=4402.0MiB skipped_batches=0
2026-08-15 21:14:04,372 | INFO | epoch=11 batch=725 global_step=3751 loss_reg_months=5.1022 lr=0.00016254 grad_norm=1.5128 throughput=37.22 img/s eta_seconds=105.1 gpu_alloc=485.0MiB gpu_reserved=4402.0MiB skipped_batches=0
2026-08-15 21:14:12,357 | INFO | epoch=11 batch=750 global_step=3760 loss_reg_months=5.0875 lr=0.00016254 grad_norm=1.4583 throughput=37.23 img/s eta_seconds=97.0 gpu_alloc=375.7MiB gpu_reserved=4402.0MiB skipped_batches=0
2026-08-15 21:14:20,050 | INFO | epoch=11 batch=775 global_step=3768 loss_reg_months=5.0951 lr=0.00016254 grad_norm=1.4291 throughput=37.29 img/s eta_seconds=88.8 gpu_alloc=485.0MiB gpu_reserved=4402.0MiB skipped_batches=0
2026-08-15 21:14:27,805 | INFO | epoch=11 batch=800 global_step=3776 loss_reg_months=5.0991 lr=0.00016254 grad_norm=1.1812 throughput=37.33 img/s eta_seconds=80.7 gpu_alloc=485.0MiB gpu_reserved=4402.0MiB skipped_batches=0
2026-08-15 21:14:35,779 | INFO | epoch=11 batch=825 global_step=3785 loss_reg_months=5.0860 lr=0.00016254 grad_norm=1.2785 throughput=37.34 img/s eta_seconds=72.6 gpu_alloc=375.7MiB gpu_reserved=4402.0MiB skipped_batches=0
2026-08-15 21:14:43,468 | INFO | epoch=11 batch=850 global_step=3793 loss_reg_months=5.0826 lr=0.00016254 grad_norm=1.3227 throughput=37.39 img/s eta_seconds=64.5 gpu_alloc=485.0MiB gpu_reserved=4402.0MiB skipped_batches=0
2026-08-15 21:14:51,498 | INFO | epoch=11 batch=875 global_step=3801 loss_reg_months=5.0841 lr=0.00016254 grad_norm=2.2378 throughput=37.39 img/s eta_seconds=56.5 gpu_alloc=485.0MiB gpu_reserved=4402.0MiB skipped_batches=0
2026-08-15 21:14:59,407 | INFO | epoch=11 batch=900 global_step=3810 loss_reg_months=5.0902 lr=0.00016254 grad_norm=1.7815 throughput=37.40 img/s eta_seconds=48.4 gpu_alloc=375.7MiB gpu_reserved=4402.0MiB skipped_batches=0
2026-08-15 21:15:07,283 | INFO | epoch=11 batch=925 global_step=3818 loss_reg_months=5.0795 lr=0.00016254 grad_norm=1.1823 throughput=37.42 img/s eta_seconds=40.4 gpu_alloc=485.0MiB gpu_reserved=4402.0MiB skipped_batches=0
2026-08-15 21:15:14,936 | INFO | epoch=11 batch=950 global_step=3826 loss_reg_months=5.0828 lr=0.00016254 grad_norm=1.5720 throughput=37.46 img/s eta_seconds=32.3 gpu_alloc=485.0MiB gpu_reserved=4402.0MiB skipped_batches=0
2026-08-15 21:15:23,692 | INFO | epoch=11 batch=975 global_step=3835 loss_reg_months=5.0780 lr=0.00016254 grad_norm=1.8267 throughput=37.37 img/s eta_seconds=24.4 gpu_alloc=375.7MiB gpu_reserved=4402.0MiB skipped_batches=0
2026-08-15 21:15:32,299 | INFO | epoch=11 batch=1000 global_step=3843 loss_reg_months=5.0754 lr=0.00016254 grad_norm=0.9840 throughput=37.31 img/s eta_seconds=16.4 gpu_alloc=485.0MiB gpu_reserved=4402.0MiB skipped_batches=0
2026-08-15 21:15:40,620 | INFO | epoch=11 batch=1025 global_step=3851 loss_reg_months=5.0631 lr=0.00016254 grad_norm=1.1423 throughput=37.27 img/s eta_seconds=8.3 gpu_alloc=485.0MiB gpu_reserved=4402.0MiB skipped_batches=0
2026-08-15 21:15:48,798 | INFO | epoch=11 batch=1050 global_step=3860 loss_reg_months=5.0618 lr=0.00016254 grad_norm=1.7199 throughput=37.26 img/s eta_seconds=0.3 gpu_alloc=375.7MiB gpu_reserved=4402.0MiB skipped_batches=0
2026-08-15 21:16:17,648 | INFO | 
TRAINING REVIEW SNAPSHOT
Run ID / config hash / split hash: P5_D0_CONVNEXT_TINY_SEED123 / 7209e3e6dada / 7328667e6822+f650a20432b5
Epoch / global step: 11 / 3861
Train loss: 5.0621
Validation MAE / RMSE / median AE: 6.4324 / 8.5884 / 5.0000
MAE nam / nữ / age bins: {'F': 6.683378067484663, 'M': 6.220730918499354} / {'0-59': 9.049867021276595, '120-179': 5.906056860321384, '60-119': 7.148477157360406, '180-228': 5.6328125}
Learning rate / peak VRAM: 0.00016254 / 4402.0 MiB
Best epoch / best MAE / epochs không cải thiện: 11 / 6.4324 / 0
Cảnh báo hiện tại: KHÔNG
Checkpoint gần nhất: p1_baseline\runs\P5_D0_CONVNEXT_TINY_SEED123\last.ckpt
Checkpoint tốt nhất: p1_baseline\runs\P5_D0_CONVNEXT_TINY_SEED123\best_mae.ckpt
Đề xuất tự động: TIẾP TỤC
2026-08-15 21:16:37,057 | INFO | epoch=12 batch=25 global_step=3869 loss_reg_months=5.0173 lr=0.00015531 grad_norm=2.5103 throughput=18.49 img/s eta_seconds=665.8 gpu_alloc=485.0MiB gpu_reserved=4402.0MiB skipped_batches=0
2026-08-15 21:16:45,475 | INFO | epoch=12 batch=50 global_step=3877 loss_reg_months=5.3231 lr=0.00015531 grad_norm=1.2907 throughput=24.35 img/s eta_seconds=493.3 gpu_alloc=485.0MiB gpu_reserved=4402.0MiB skipped_batches=0
2026-08-15 21:16:54,650 | INFO | epoch=12 batch=75 global_step=3886 loss_reg_months=5.1112 lr=0.00015531 grad_norm=1.0498 throughput=26.61 img/s eta_seconds=440.0 gpu_alloc=375.7MiB gpu_reserved=4402.0MiB skipped_batches=0
2026-08-15 21:17:03,931 | INFO | epoch=12 batch=100 global_step=3894 loss_reg_months=4.9942 lr=0.00015531 grad_norm=1.5315 throughput=27.84 img/s eta_seconds=409.8 gpu_alloc=485.0MiB gpu_reserved=4402.0MiB skipped_batches=0
2026-08-15 21:17:12,261 | INFO | epoch=12 batch=125 global_step=3902 loss_reg_months=4.9610 lr=0.00015531 grad_norm=1.2069 throughput=29.17 img/s eta_seconds=380.9 gpu_alloc=485.0MiB gpu_reserved=4402.0MiB skipped_batches=0
2026-08-15 21:17:20,766 | INFO | epoch=12 batch=150 global_step=3911 loss_reg_months=4.9336 lr=0.00015531 grad_norm=1.4164 throughput=30.03 img/s eta_seconds=360.0 gpu_alloc=375.7MiB gpu_reserved=4402.0MiB skipped_batches=0
2026-08-15 21:17:29,785 | INFO | epoch=12 batch=175 global_step=3919 loss_reg_months=5.0787 lr=0.00015531 grad_norm=1.0440 throughput=30.46 img/s eta_seconds=345.1 gpu_alloc=485.0MiB gpu_reserved=4402.0MiB skipped_batches=0
2026-08-15 21:17:38,202 | INFO | epoch=12 batch=200 global_step=3927 loss_reg_months=5.0224 lr=0.00015531 grad_norm=1.2812 throughput=31.02 img/s eta_seconds=329.2 gpu_alloc=485.0MiB gpu_reserved=4402.0MiB skipped_batches=0
2026-08-15 21:17:46,838 | INFO | epoch=12 batch=225 global_step=3936 loss_reg_months=5.0410 lr=0.00015531 grad_norm=2.0821 throughput=31.39 img/s eta_seconds=315.7 gpu_alloc=375.7MiB gpu_reserved=4402.0MiB skipped_batches=0
2026-08-15 21:17:55,235 | INFO | epoch=12 batch=250 global_step=3944 loss_reg_months=4.9870 lr=0.00015531 grad_norm=1.3450 throughput=31.78 img/s eta_seconds=302.4 gpu_alloc=485.0MiB gpu_reserved=4402.0MiB skipped_batches=0
2026-08-15 21:18:04,189 | INFO | epoch=12 batch=275 global_step=3952 loss_reg_months=4.9224 lr=0.00015531 grad_norm=1.2790 throughput=31.93 img/s eta_seconds=291.6 gpu_alloc=485.0MiB gpu_reserved=4402.0MiB skipped_batches=0
2026-08-15 21:18:13,314 | INFO | epoch=12 batch=300 global_step=3961 loss_reg_months=4.8644 lr=0.00015531 grad_norm=0.9671 throughput=32.01 img/s eta_seconds=281.5 gpu_alloc=375.7MiB gpu_reserved=4402.0MiB skipped_batches=0
2026-08-15 21:18:22,501 | INFO | epoch=12 batch=325 global_step=3969 loss_reg_months=4.8355 lr=0.00015531 grad_norm=1.1996 throughput=32.05 img/s eta_seconds=271.8 gpu_alloc=485.0MiB gpu_reserved=4402.0MiB skipped_batches=0
2026-08-15 21:18:31,584 | INFO | epoch=12 batch=350 global_step=3977 loss_reg_months=4.7989 lr=0.00015531 grad_norm=1.0536 throughput=32.12 img/s eta_seconds=261.8 gpu_alloc=485.0MiB gpu_reserved=4402.0MiB skipped_batches=0
2026-08-15 21:18:40,002 | INFO | epoch=12 batch=375 global_step=3986 loss_reg_months=4.7811 lr=0.00015531 grad_norm=1.0061 throughput=32.33 img/s eta_seconds=250.8 gpu_alloc=375.7MiB gpu_reserved=4402.0MiB skipped_batches=0
2026-08-15 21:18:49,497 | INFO | epoch=12 batch=400 global_step=3994 loss_reg_months=4.7649 lr=0.00015531 grad_norm=1.2408 throughput=32.29 img/s eta_seconds=241.9 gpu_alloc=485.0MiB gpu_reserved=4402.0MiB skipped_batches=0
2026-08-15 21:18:59,775 | INFO | epoch=12 batch=425 global_step=4002 loss_reg_months=4.7611 lr=0.00015531 grad_norm=1.2806 throughput=32.09 img/s eta_seconds=234.1 gpu_alloc=485.0MiB gpu_reserved=4402.0MiB skipped_batches=0
2026-08-15 21:19:09,191 | INFO | epoch=12 batch=450 global_step=4011 loss_reg_months=4.7882 lr=0.00015531 grad_norm=1.4317 throughput=32.07 img/s eta_seconds=224.8 gpu_alloc=375.7MiB gpu_reserved=4402.0MiB skipped_batches=0
2026-08-15 21:19:18,522 | INFO | epoch=12 batch=475 global_step=4019 loss_reg_months=4.7709 lr=0.00015531 grad_norm=1.1191 throughput=32.08 img/s eta_seconds=215.4 gpu_alloc=485.0MiB gpu_reserved=4402.0MiB skipped_batches=0
2026-08-15 21:19:27,319 | INFO | epoch=12 batch=500 global_step=4027 loss_reg_months=4.7705 lr=0.00015531 grad_norm=1.2390 throughput=32.17 img/s eta_seconds=205.5 gpu_alloc=485.0MiB gpu_reserved=4402.0MiB skipped_batches=0
2026-08-15 21:19:35,730 | INFO | epoch=12 batch=525 global_step=4036 loss_reg_months=4.7908 lr=0.00015531 grad_norm=1.5165 throughput=32.32 img/s eta_seconds=195.2 gpu_alloc=375.7MiB gpu_reserved=4402.0MiB skipped_batches=0
2026-08-15 21:19:44,965 | INFO | epoch=12 batch=550 global_step=4044 loss_reg_months=4.8179 lr=0.00015531 grad_norm=1.1717 throughput=32.33 img/s eta_seconds=185.9 gpu_alloc=485.0MiB gpu_reserved=4402.0MiB skipped_batches=0
2026-08-15 21:19:53,575 | INFO | epoch=12 batch=575 global_step=4052 loss_reg_months=4.8280 lr=0.00015531 grad_norm=2.2298 throughput=32.43 img/s eta_seconds=176.1 gpu_alloc=485.0MiB gpu_reserved=4402.0MiB skipped_batches=0
2026-08-15 21:20:02,738 | INFO | epoch=12 batch=600 global_step=4061 loss_reg_months=4.8738 lr=0.00015531 grad_norm=1.3898 throughput=32.45 img/s eta_seconds=166.8 gpu_alloc=375.7MiB gpu_reserved=4402.0MiB skipped_batches=0
2026-08-15 21:20:10,898 | INFO | epoch=12 batch=625 global_step=4069 loss_reg_months=4.8857 lr=0.00015531 grad_norm=1.3897 throughput=32.60 img/s eta_seconds=156.8 gpu_alloc=485.0MiB gpu_reserved=4402.0MiB skipped_batches=0
2026-08-15 21:20:19,187 | INFO | epoch=12 batch=650 global_step=4077 loss_reg_months=4.8913 lr=0.00015531 grad_norm=1.5660 throughput=32.72 img/s eta_seconds=147.0 gpu_alloc=485.0MiB gpu_reserved=4402.0MiB skipped_batches=0
2026-08-15 21:20:28,091 | INFO | epoch=12 batch=675 global_step=4086 loss_reg_months=4.8723 lr=0.00015531 grad_norm=1.7612 throughput=32.76 img/s eta_seconds=137.7 gpu_alloc=375.7MiB gpu_reserved=4402.0MiB skipped_batches=0
2026-08-15 21:20:36,892 | INFO | epoch=12 batch=700 global_step=4094 loss_reg_months=4.8849 lr=0.00015531 grad_norm=1.2670 throughput=32.81 img/s eta_seconds=128.4 gpu_alloc=485.0MiB gpu_reserved=4402.0MiB skipped_batches=0
2026-08-15 21:20:45,386 | INFO | epoch=12 batch=725 global_step=4102 loss_reg_months=4.8951 lr=0.00015531 grad_norm=1.3584 throughput=32.89 img/s eta_seconds=118.9 gpu_alloc=485.0MiB gpu_reserved=4402.0MiB skipped_batches=0
2026-08-15 21:20:54,090 | INFO | epoch=12 batch=750 global_step=4111 loss_reg_months=4.8933 lr=0.00015531 grad_norm=1.3830 throughput=32.94 img/s eta_seconds=109.6 gpu_alloc=375.7MiB gpu_reserved=4402.0MiB skipped_batches=0
2026-08-15 21:21:02,898 | INFO | epoch=12 batch=775 global_step=4119 loss_reg_months=4.9117 lr=0.00015531 grad_norm=1.1110 throughput=32.97 img/s eta_seconds=100.4 gpu_alloc=485.0MiB gpu_reserved=4402.0MiB skipped_batches=0
2026-08-15 21:21:11,860 | INFO | epoch=12 batch=800 global_step=4127 loss_reg_months=4.9221 lr=0.00015531 grad_norm=1.0710 throughput=32.99 img/s eta_seconds=91.3 gpu_alloc=485.0MiB gpu_reserved=4402.0MiB skipped_batches=0
2026-08-15 21:21:20,990 | INFO | epoch=12 batch=825 global_step=4136 loss_reg_months=4.9339 lr=0.00015531 grad_norm=1.2418 throughput=32.98 img/s eta_seconds=82.2 gpu_alloc=375.7MiB gpu_reserved=4402.0MiB skipped_batches=0
2026-08-15 21:21:30,537 | INFO | epoch=12 batch=850 global_step=4144 loss_reg_months=4.9383 lr=0.00015531 grad_norm=1.5201 throughput=32.93 img/s eta_seconds=73.2 gpu_alloc=485.0MiB gpu_reserved=4402.0MiB skipped_batches=0
2026-08-15 21:21:39,187 | INFO | epoch=12 batch=875 global_step=4152 loss_reg_months=4.9288 lr=0.00015531 grad_norm=1.4072 throughput=32.98 img/s eta_seconds=64.0 gpu_alloc=485.0MiB gpu_reserved=4402.0MiB skipped_batches=0
2026-08-15 21:21:47,493 | INFO | epoch=12 batch=900 global_step=4161 loss_reg_months=4.9381 lr=0.00015531 grad_norm=1.2553 throughput=33.06 img/s eta_seconds=54.8 gpu_alloc=375.7MiB gpu_reserved=4402.0MiB skipped_batches=0
2026-08-15 21:21:55,803 | INFO | epoch=12 batch=925 global_step=4169 loss_reg_months=4.9526 lr=0.00015531 grad_norm=1.3329 throughput=33.14 img/s eta_seconds=45.6 gpu_alloc=485.0MiB gpu_reserved=4402.0MiB skipped_batches=0
2026-08-15 21:22:04,174 | INFO | epoch=12 batch=950 global_step=4177 loss_reg_months=4.9423 lr=0.00015531 grad_norm=1.0538 throughput=33.20 img/s eta_seconds=36.5 gpu_alloc=485.0MiB gpu_reserved=4402.0MiB skipped_batches=0
2026-08-15 21:22:12,269 | INFO | epoch=12 batch=975 global_step=4186 loss_reg_months=4.9385 lr=0.00015531 grad_norm=1.1682 throughput=33.29 img/s eta_seconds=27.4 gpu_alloc=375.7MiB gpu_reserved=4402.0MiB skipped_batches=0
2026-08-15 21:22:20,264 | INFO | epoch=12 batch=1000 global_step=4194 loss_reg_months=4.9299 lr=0.00015531 grad_norm=1.1399 throughput=33.39 img/s eta_seconds=18.3 gpu_alloc=485.0MiB gpu_reserved=4402.0MiB skipped_batches=0
2026-08-15 21:22:28,486 | INFO | epoch=12 batch=1025 global_step=4202 loss_reg_months=4.9504 lr=0.00015531 grad_norm=2.4329 throughput=33.46 img/s eta_seconds=9.3 gpu_alloc=485.0MiB gpu_reserved=4402.0MiB skipped_batches=0
2026-08-15 21:22:36,969 | INFO | epoch=12 batch=1050 global_step=4211 loss_reg_months=4.9509 lr=0.00015531 grad_norm=1.2071 throughput=33.50 img/s eta_seconds=0.3 gpu_alloc=375.7MiB gpu_reserved=4402.0MiB skipped_batches=0
2026-08-15 21:23:11,762 | WARNING | STABILITY WARNING [CAM] Prediction vượt nhẹ miền tuổi 0–228: [1.82, 233.00]
2026-08-15 21:23:11,764 | INFO | 
TRAINING REVIEW SNAPSHOT
Run ID / config hash / split hash: P5_D0_CONVNEXT_TINY_SEED123 / 7209e3e6dada / 7328667e6822+f650a20432b5
Epoch / global step: 12 / 4212
Train loss: 4.9541
Validation MAE / RMSE / median AE: 6.5703 / 8.9101 / 5.0000
MAE nam / nữ / age bins: {'F': 6.882417082055214, 'M': 6.307082794307892} / {'0-59': 6.954371675531915, '120-179': 6.26885043263288, '60-119': 7.194162436548224, '180-228': 6.2734375}
Learning rate / peak VRAM: 0.00015531 / 4402.0 MiB
Best epoch / best MAE / epochs không cải thiện: 11 / 6.4324 / 1
Cảnh báo hiện tại: CAM: Prediction vượt nhẹ miền tuổi 0–228: [1.82, 233.00]
Checkpoint gần nhất: p1_baseline\runs\P5_D0_CONVNEXT_TINY_SEED123\last.ckpt
Checkpoint tốt nhất: p1_baseline\runs\P5_D0_CONVNEXT_TINY_SEED123\best_mae.ckpt
Đề xuất tự động: THEO DÕI
2026-08-15 21:23:29,051 | INFO | epoch=13 batch=25 global_step=4220 loss_reg_months=4.5346 lr=0.00014765 grad_norm=1.1518 throughput=19.61 img/s eta_seconds=627.9 gpu_alloc=485.0MiB gpu_reserved=4402.0MiB skipped_batches=0
2026-08-15 21:23:37,633 | INFO | epoch=13 batch=50 global_step=4228 loss_reg_months=4.3869 lr=0.00014765 grad_norm=1.0140 throughput=25.12 img/s eta_seconds=478.1 gpu_alloc=485.0MiB gpu_reserved=4402.0MiB skipped_batches=0
2026-08-15 21:23:45,951 | INFO | epoch=13 batch=75 global_step=4237 loss_reg_months=4.4238 lr=0.00014765 grad_norm=1.0174 throughput=27.95 img/s eta_seconds=419.0 gpu_alloc=375.7MiB gpu_reserved=4402.0MiB skipped_batches=0
2026-08-15 21:23:54,215 | INFO | epoch=13 batch=100 global_step=4245 loss_reg_months=4.4083 lr=0.00014765 grad_norm=1.8344 throughput=29.65 img/s eta_seconds=384.8 gpu_alloc=485.0MiB gpu_reserved=4402.0MiB skipped_batches=0
2026-08-15 21:24:02,335 | INFO | epoch=13 batch=125 global_step=4253 loss_reg_months=4.5104 lr=0.00014765 grad_norm=0.9031 throughput=30.87 img/s eta_seconds=359.9 gpu_alloc=485.0MiB gpu_reserved=4402.0MiB skipped_batches=0
2026-08-15 21:24:10,526 | INFO | epoch=13 batch=150 global_step=4262 loss_reg_months=4.6047 lr=0.00014765 grad_norm=0.9012 throughput=31.70 img/s eta_seconds=341.0 gpu_alloc=375.7MiB gpu_reserved=4402.0MiB skipped_batches=0
2026-08-15 21:24:18,818 | INFO | epoch=13 batch=175 global_step=4270 loss_reg_months=4.6541 lr=0.00014765 grad_norm=1.1503 throughput=32.27 img/s eta_seconds=325.7 gpu_alloc=485.0MiB gpu_reserved=4402.0MiB skipped_batches=0
2026-08-15 21:24:26,875 | INFO | epoch=13 batch=200 global_step=4278 loss_reg_months=4.6801 lr=0.00014765 grad_norm=1.1472 throughput=32.82 img/s eta_seconds=311.1 gpu_alloc=485.0MiB gpu_reserved=4402.0MiB skipped_batches=0
2026-08-15 21:24:35,011 | INFO | epoch=13 batch=225 global_step=4287 loss_reg_months=4.6911 lr=0.00014765 grad_norm=1.8424 throughput=33.23 img/s eta_seconds=298.3 gpu_alloc=375.7MiB gpu_reserved=4402.0MiB skipped_batches=0
2026-08-15 21:24:43,320 | INFO | epoch=13 batch=250 global_step=4295 loss_reg_months=4.7013 lr=0.00014765 grad_norm=1.0146 throughput=33.49 img/s eta_seconds=287.0 gpu_alloc=485.0MiB gpu_reserved=4402.0MiB skipped_batches=0
2026-08-15 21:24:51,520 | INFO | epoch=13 batch=275 global_step=4303 loss_reg_months=4.7052 lr=0.00014765 grad_norm=0.9240 throughput=33.75 img/s eta_seconds=275.9 gpu_alloc=485.0MiB gpu_reserved=4402.0MiB skipped_batches=0
2026-08-15 21:25:00,261 | INFO | epoch=13 batch=300 global_step=4312 loss_reg_months=4.7382 lr=0.00014765 grad_norm=1.7050 throughput=33.80 img/s eta_seconds=266.6 gpu_alloc=375.7MiB gpu_reserved=4402.0MiB skipped_batches=0
2026-08-15 21:25:09,276 | INFO | epoch=13 batch=325 global_step=4320 loss_reg_months=4.8303 lr=0.00014765 grad_norm=2.1222 throughput=33.76 img/s eta_seconds=258.0 gpu_alloc=485.0MiB gpu_reserved=4402.0MiB skipped_batches=0
2026-08-15 21:25:18,655 | INFO | epoch=13 batch=350 global_step=4328 loss_reg_months=4.8561 lr=0.00014765 grad_norm=2.1308 throughput=33.63 img/s eta_seconds=250.1 gpu_alloc=485.0MiB gpu_reserved=4402.0MiB skipped_batches=0
2026-08-15 21:25:27,666 | INFO | epoch=13 batch=375 global_step=4337 loss_reg_months=4.8439 lr=0.00014765 grad_norm=1.2888 throughput=33.60 img/s eta_seconds=241.4 gpu_alloc=375.7MiB gpu_reserved=4402.0MiB skipped_batches=0
2026-08-15 21:25:36,140 | INFO | epoch=13 batch=400 global_step=4345 loss_reg_months=4.8717 lr=0.00014765 grad_norm=1.5500 throughput=33.71 img/s eta_seconds=231.7 gpu_alloc=485.0MiB gpu_reserved=4402.0MiB skipped_batches=0
2026-08-15 21:25:44,592 | INFO | epoch=13 batch=425 global_step=4353 loss_reg_months=4.8623 lr=0.00014765 grad_norm=1.8389 throughput=33.81 img/s eta_seconds=222.2 gpu_alloc=485.0MiB gpu_reserved=4402.0MiB skipped_batches=0
2026-08-15 21:25:52,824 | INFO | epoch=13 batch=450 global_step=4362 loss_reg_months=4.8471 lr=0.00014765 grad_norm=0.9086 throughput=33.95 img/s eta_seconds=212.4 gpu_alloc=375.7MiB gpu_reserved=4402.0MiB skipped_batches=0
2026-08-15 21:26:01,974 | INFO | epoch=13 batch=475 global_step=4370 loss_reg_months=4.8751 lr=0.00014765 grad_norm=1.2466 throughput=33.88 img/s eta_seconds=204.0 gpu_alloc=485.0MiB gpu_reserved=4402.0MiB skipped_batches=0
2026-08-15 21:26:10,743 | INFO | epoch=13 batch=500 global_step=4378 loss_reg_months=4.8765 lr=0.00014765 grad_norm=1.3043 throughput=33.90 img/s eta_seconds=195.0 gpu_alloc=485.0MiB gpu_reserved=4402.0MiB skipped_batches=0
2026-08-15 21:26:19,091 | INFO | epoch=13 batch=525 global_step=4387 loss_reg_months=4.8883 lr=0.00014765 grad_norm=1.0314 throughput=33.99 img/s eta_seconds=185.7 gpu_alloc=375.7MiB gpu_reserved=4402.0MiB skipped_batches=0
2026-08-15 21:26:27,453 | INFO | epoch=13 batch=550 global_step=4395 loss_reg_months=4.8802 lr=0.00014765 grad_norm=1.0254 throughput=34.07 img/s eta_seconds=176.4 gpu_alloc=485.0MiB gpu_reserved=4402.0MiB skipped_batches=0
2026-08-15 21:26:35,995 | INFO | epoch=13 batch=575 global_step=4403 loss_reg_months=4.8731 lr=0.00014765 grad_norm=1.2558 throughput=34.12 img/s eta_seconds=167.4 gpu_alloc=485.0MiB gpu_reserved=4402.0MiB skipped_batches=0
2026-08-15 21:26:44,224 | INFO | epoch=13 batch=600 global_step=4412 loss_reg_months=4.8701 lr=0.00014765 grad_norm=1.1365 throughput=34.21 img/s eta_seconds=158.2 gpu_alloc=375.7MiB gpu_reserved=4402.0MiB skipped_batches=0
2026-08-15 21:26:52,546 | INFO | epoch=13 batch=625 global_step=4420 loss_reg_months=4.8631 lr=0.00014765 grad_norm=1.2592 throughput=34.28 img/s eta_seconds=149.1 gpu_alloc=485.0MiB gpu_reserved=4402.0MiB skipped_batches=0
2026-08-15 21:27:01,398 | INFO | epoch=13 batch=650 global_step=4428 loss_reg_months=4.8567 lr=0.00014765 grad_norm=1.6827 throughput=34.26 img/s eta_seconds=140.4 gpu_alloc=485.0MiB gpu_reserved=4402.0MiB skipped_batches=0
2026-08-15 21:27:09,863 | INFO | epoch=13 batch=675 global_step=4437 loss_reg_months=4.8547 lr=0.00014765 grad_norm=1.4090 throughput=34.31 img/s eta_seconds=131.5 gpu_alloc=375.7MiB gpu_reserved=4402.0MiB skipped_batches=0
2026-08-15 21:27:18,618 | INFO | epoch=13 batch=700 global_step=4445 loss_reg_months=4.8506 lr=0.00014765 grad_norm=1.6873 throughput=34.30 img/s eta_seconds=122.8 gpu_alloc=485.0MiB gpu_reserved=4402.0MiB skipped_batches=0
2026-08-15 21:27:27,164 | INFO | epoch=13 batch=725 global_step=4453 loss_reg_months=4.8479 lr=0.00014765 grad_norm=1.6243 throughput=34.33 img/s eta_seconds=113.9 gpu_alloc=485.0MiB gpu_reserved=4402.0MiB skipped_batches=0
2026-08-15 21:27:36,005 | INFO | epoch=13 batch=750 global_step=4462 loss_reg_months=4.8604 lr=0.00014765 grad_norm=1.5410 throughput=34.32 img/s eta_seconds=105.2 gpu_alloc=375.7MiB gpu_reserved=4402.0MiB skipped_batches=0
2026-08-15 21:27:44,452 | INFO | epoch=13 batch=775 global_step=4470 loss_reg_months=4.8663 lr=0.00014765 grad_norm=1.3694 throughput=34.36 img/s eta_seconds=96.4 gpu_alloc=485.0MiB gpu_reserved=4402.0MiB skipped_batches=0
2026-08-15 21:27:52,880 | INFO | epoch=13 batch=800 global_step=4478 loss_reg_months=4.8778 lr=0.00014765 grad_norm=1.2903 throughput=34.39 img/s eta_seconds=87.5 gpu_alloc=485.0MiB gpu_reserved=4402.0MiB skipped_batches=0
2026-08-15 21:28:01,359 | INFO | epoch=13 batch=825 global_step=4487 loss_reg_months=4.8888 lr=0.00014765 grad_norm=1.5983 throughput=34.42 img/s eta_seconds=78.8 gpu_alloc=375.7MiB gpu_reserved=4402.0MiB skipped_batches=0
2026-08-15 21:28:09,677 | INFO | epoch=13 batch=850 global_step=4495 loss_reg_months=4.8876 lr=0.00014765 grad_norm=1.5152 throughput=34.47 img/s eta_seconds=69.9 gpu_alloc=485.0MiB gpu_reserved=4402.0MiB skipped_batches=0
2026-08-15 21:28:19,626 | INFO | epoch=13 batch=875 global_step=4503 loss_reg_months=4.8907 lr=0.00014765 grad_norm=1.4864 throughput=34.33 img/s eta_seconds=61.5 gpu_alloc=485.0MiB gpu_reserved=4402.0MiB skipped_batches=0
2026-08-15 21:28:28,017 | INFO | epoch=13 batch=900 global_step=4512 loss_reg_months=4.8911 lr=0.00014765 grad_norm=1.0129 throughput=34.37 img/s eta_seconds=52.7 gpu_alloc=375.7MiB gpu_reserved=4402.0MiB skipped_batches=0
2026-08-15 21:28:36,332 | INFO | epoch=13 batch=925 global_step=4520 loss_reg_months=4.8726 lr=0.00014765 grad_norm=1.2840 throughput=34.41 img/s eta_seconds=43.9 gpu_alloc=485.0MiB gpu_reserved=4402.0MiB skipped_batches=0
2026-08-15 21:28:45,280 | INFO | epoch=13 batch=950 global_step=4528 loss_reg_months=4.8657 lr=0.00014765 grad_norm=1.4195 throughput=34.39 img/s eta_seconds=35.2 gpu_alloc=485.0MiB gpu_reserved=4402.0MiB skipped_batches=0
2026-08-15 21:28:53,774 | INFO | epoch=13 batch=975 global_step=4537 loss_reg_months=4.8584 lr=0.00014765 grad_norm=1.8159 throughput=34.41 img/s eta_seconds=26.5 gpu_alloc=375.7MiB gpu_reserved=4402.0MiB skipped_batches=0
2026-08-15 21:29:02,127 | INFO | epoch=13 batch=1000 global_step=4545 loss_reg_months=4.8471 lr=0.00014765 grad_norm=1.1116 throughput=34.45 img/s eta_seconds=17.7 gpu_alloc=485.0MiB gpu_reserved=4402.0MiB skipped_batches=0
2026-08-15 21:29:10,235 | INFO | epoch=13 batch=1025 global_step=4553 loss_reg_months=4.8441 lr=0.00014765 grad_norm=1.5021 throughput=34.50 img/s eta_seconds=9.0 gpu_alloc=485.0MiB gpu_reserved=4402.0MiB skipped_batches=0
2026-08-15 21:29:18,524 | INFO | epoch=13 batch=1050 global_step=4562 loss_reg_months=4.8323 lr=0.00014765 grad_norm=1.1476 throughput=34.54 img/s eta_seconds=0.3 gpu_alloc=375.7MiB gpu_reserved=4402.0MiB skipped_batches=0
2026-08-15 21:29:54,264 | WARNING | STABILITY WARNING [CAM] Prediction vượt nhẹ miền tuổi 0–228: [0.32, 230.00]
2026-08-15 21:29:54,267 | INFO | 
TRAINING REVIEW SNAPSHOT
Run ID / config hash / split hash: P5_D0_CONVNEXT_TINY_SEED123 / 7209e3e6dada / 7328667e6822+f650a20432b5
Epoch / global step: 13 / 4563
Train loss: 4.8332
Validation MAE / RMSE / median AE: 7.0196 / 9.4155 / 5.1250
MAE nam / nữ / age bins: {'F': 7.432970667177914, 'M': 6.670924967658474} / {'0-59': 5.8954454787234045, '120-179': 6.908529048207664, '60-119': 8.006979695431472, '180-228': 5.5078125}
Learning rate / peak VRAM: 0.00014765 / 4402.0 MiB
Best epoch / best MAE / epochs không cải thiện: 11 / 6.4324 / 2
Cảnh báo hiện tại: CAM: Prediction vượt nhẹ miền tuổi 0–228: [0.32, 230.00]
Checkpoint gần nhất: p1_baseline\runs\P5_D0_CONVNEXT_TINY_SEED123\last.ckpt
Checkpoint tốt nhất: p1_baseline\runs\P5_D0_CONVNEXT_TINY_SEED123\best_mae.ckpt
Đề xuất tự động: THEO DÕI
2026-08-15 21:30:14,100 | INFO | epoch=14 batch=25 global_step=4571 loss_reg_months=4.4508 lr=0.00013961 grad_norm=1.5275 throughput=17.82 img/s eta_seconds=690.8 gpu_alloc=485.0MiB gpu_reserved=4402.0MiB skipped_batches=0
2026-08-15 21:30:22,556 | INFO | epoch=14 batch=50 global_step=4579 loss_reg_months=4.6156 lr=0.00013961 grad_norm=1.5438 throughput=23.72 img/s eta_seconds=506.3 gpu_alloc=485.0MiB gpu_reserved=4402.0MiB skipped_batches=0
2026-08-15 21:30:30,685 | INFO | epoch=14 batch=75 global_step=4588 loss_reg_months=4.5980 lr=0.00013961 grad_norm=1.5313 throughput=26.93 img/s eta_seconds=434.9 gpu_alloc=375.7MiB gpu_reserved=4402.0MiB skipped_batches=0
2026-08-15 21:30:38,840 | INFO | epoch=14 batch=100 global_step=4596 loss_reg_months=4.6012 lr=0.00013961 grad_norm=1.3520 throughput=28.86 img/s eta_seconds=395.3 gpu_alloc=485.0MiB gpu_reserved=4402.0MiB skipped_batches=0
2026-08-15 21:30:47,073 | INFO | epoch=14 batch=125 global_step=4604 loss_reg_months=4.7707 lr=0.00013961 grad_norm=1.3227 throughput=30.12 img/s eta_seconds=368.9 gpu_alloc=485.0MiB gpu_reserved=4402.0MiB skipped_batches=0
2026-08-15 21:30:55,381 | INFO | epoch=14 batch=150 global_step=4613 loss_reg_months=4.7105 lr=0.00013961 grad_norm=1.6654 throughput=30.97 img/s eta_seconds=349.0 gpu_alloc=375.7MiB gpu_reserved=4402.0MiB skipped_batches=0
2026-08-15 21:31:03,559 | INFO | epoch=14 batch=175 global_step=4621 loss_reg_months=4.7367 lr=0.00013961 grad_norm=2.0803 throughput=31.68 img/s eta_seconds=331.8 gpu_alloc=485.0MiB gpu_reserved=4402.0MiB skipped_batches=0
2026-08-15 21:31:12,216 | INFO | epoch=14 batch=200 global_step=4629 loss_reg_months=4.6820 lr=0.00013961 grad_norm=1.9072 throughput=32.02 img/s eta_seconds=318.9 gpu_alloc=485.0MiB gpu_reserved=4402.0MiB skipped_batches=0
2026-08-15 21:31:20,364 | INFO | epoch=14 batch=225 global_step=4638 loss_reg_months=4.6522 lr=0.00013961 grad_norm=1.1819 throughput=32.49 img/s eta_seconds=305.0 gpu_alloc=375.7MiB gpu_reserved=4402.0MiB skipped_batches=0
2026-08-15 21:31:28,592 | INFO | epoch=14 batch=250 global_step=4646 loss_reg_months=4.6081 lr=0.00013961 grad_norm=1.2207 throughput=32.85 img/s eta_seconds=292.6 gpu_alloc=485.0MiB gpu_reserved=4402.0MiB skipped_batches=0
2026-08-15 21:31:36,724 | INFO | epoch=14 batch=275 global_step=4654 loss_reg_months=4.5786 lr=0.00013961 grad_norm=1.1753 throughput=33.18 img/s eta_seconds=280.6 gpu_alloc=485.0MiB gpu_reserved=4402.0MiB skipped_batches=0
2026-08-15 21:31:45,150 | INFO | epoch=14 batch=300 global_step=4663 loss_reg_months=4.6193 lr=0.00013961 grad_norm=1.1659 throughput=33.37 img/s eta_seconds=270.0 gpu_alloc=375.7MiB gpu_reserved=4402.0MiB skipped_batches=0
2026-08-15 21:31:54,213 | INFO | epoch=14 batch=325 global_step=4671 loss_reg_months=4.7205 lr=0.00013961 grad_norm=2.7211 throughput=33.35 img/s eta_seconds=261.2 gpu_alloc=485.0MiB gpu_reserved=4402.0MiB skipped_batches=0
2026-08-15 21:32:03,067 | INFO | epoch=14 batch=350 global_step=4679 loss_reg_months=4.7228 lr=0.00013961 grad_norm=1.8099 throughput=33.39 img/s eta_seconds=251.9 gpu_alloc=485.0MiB gpu_reserved=4402.0MiB skipped_batches=0
2026-08-15 21:32:11,628 | INFO | epoch=14 batch=375 global_step=4688 loss_reg_months=4.7093 lr=0.00013961 grad_norm=1.4495 throughput=33.49 img/s eta_seconds=242.2 gpu_alloc=375.7MiB gpu_reserved=4402.0MiB skipped_batches=0
2026-08-15 21:32:19,981 | INFO | epoch=14 batch=400 global_step=4696 loss_reg_months=4.7083 lr=0.00013961 grad_norm=1.3671 throughput=33.63 img/s eta_seconds=232.2 gpu_alloc=485.0MiB gpu_reserved=4402.0MiB skipped_batches=0
2026-08-15 21:32:28,432 | INFO | epoch=14 batch=425 global_step=4704 loss_reg_months=4.7112 lr=0.00013961 grad_norm=1.0019 throughput=33.74 img/s eta_seconds=222.6 gpu_alloc=485.0MiB gpu_reserved=4402.0MiB skipped_batches=0
2026-08-15 21:32:37,113 | INFO | epoch=14 batch=450 global_step=4713 loss_reg_months=4.7034 lr=0.00013961 grad_norm=1.1457 throughput=33.78 img/s eta_seconds=213.5 gpu_alloc=375.7MiB gpu_reserved=4402.0MiB skipped_batches=0
2026-08-15 21:32:45,379 | INFO | epoch=14 batch=475 global_step=4721 loss_reg_months=4.7021 lr=0.00013961 grad_norm=1.6110 throughput=33.91 img/s eta_seconds=203.8 gpu_alloc=485.0MiB gpu_reserved=4402.0MiB skipped_batches=0
2026-08-15 21:32:53,794 | INFO | epoch=14 batch=500 global_step=4729 loss_reg_months=4.7031 lr=0.00013961 grad_norm=1.4308 throughput=33.99 img/s eta_seconds=194.5 gpu_alloc=485.0MiB gpu_reserved=4402.0MiB skipped_batches=0
2026-08-15 21:33:01,988 | INFO | epoch=14 batch=525 global_step=4738 loss_reg_months=4.7030 lr=0.00013961 grad_norm=1.4345 throughput=34.11 img/s eta_seconds=185.0 gpu_alloc=375.7MiB gpu_reserved=4402.0MiB skipped_batches=0
2026-08-15 21:33:10,309 | INFO | epoch=14 batch=550 global_step=4746 loss_reg_months=4.7149 lr=0.00013961 grad_norm=0.9760 throughput=34.19 img/s eta_seconds=175.8 gpu_alloc=485.0MiB gpu_reserved=4402.0MiB skipped_batches=0
2026-08-15 21:33:18,345 | INFO | epoch=14 batch=575 global_step=4754 loss_reg_months=4.7265 lr=0.00013961 grad_norm=1.1116 throughput=34.31 img/s eta_seconds=166.4 gpu_alloc=485.0MiB gpu_reserved=4402.0MiB skipped_batches=0
2026-08-15 21:33:26,791 | INFO | epoch=14 batch=600 global_step=4763 loss_reg_months=4.7309 lr=0.00013961 grad_norm=1.4323 throughput=34.36 img/s eta_seconds=157.5 gpu_alloc=375.7MiB gpu_reserved=4402.0MiB skipped_batches=0
2026-08-15 21:33:34,967 | INFO | epoch=14 batch=625 global_step=4771 loss_reg_months=4.7105 lr=0.00013961 grad_norm=1.2616 throughput=34.45 img/s eta_seconds=148.4 gpu_alloc=485.0MiB gpu_reserved=4402.0MiB skipped_batches=0
2026-08-15 21:33:43,137 | INFO | epoch=14 batch=650 global_step=4779 loss_reg_months=4.7015 lr=0.00013961 grad_norm=1.0333 throughput=34.53 img/s eta_seconds=139.3 gpu_alloc=485.0MiB gpu_reserved=4402.0MiB skipped_batches=0
2026-08-15 21:33:51,513 | INFO | epoch=14 batch=675 global_step=4788 loss_reg_months=4.6922 lr=0.00013961 grad_norm=1.5361 throughput=34.58 img/s eta_seconds=130.5 gpu_alloc=375.7MiB gpu_reserved=4402.0MiB skipped_batches=0
2026-08-15 21:33:59,792 | INFO | epoch=14 batch=700 global_step=4796 loss_reg_months=4.6707 lr=0.00013961 grad_norm=1.2714 throughput=34.64 img/s eta_seconds=121.6 gpu_alloc=485.0MiB gpu_reserved=4402.0MiB skipped_batches=0
2026-08-15 21:34:07,984 | INFO | epoch=14 batch=725 global_step=4804 loss_reg_months=4.6734 lr=0.00013961 grad_norm=1.1619 throughput=34.70 img/s eta_seconds=112.7 gpu_alloc=485.0MiB gpu_reserved=4402.0MiB skipped_batches=0
2026-08-15 21:34:16,150 | INFO | epoch=14 batch=750 global_step=4813 loss_reg_months=4.6854 lr=0.00013961 grad_norm=1.0219 throughput=34.76 img/s eta_seconds=103.9 gpu_alloc=375.7MiB gpu_reserved=4402.0MiB skipped_batches=0
2026-08-15 21:34:24,195 | INFO | epoch=14 batch=775 global_step=4821 loss_reg_months=4.6915 lr=0.00013961 grad_norm=1.1881 throughput=34.84 img/s eta_seconds=95.0 gpu_alloc=485.0MiB gpu_reserved=4402.0MiB skipped_batches=0
2026-08-15 21:34:32,494 | INFO | epoch=14 batch=800 global_step=4829 loss_reg_months=4.6987 lr=0.00013961 grad_norm=1.0782 throughput=34.88 img/s eta_seconds=86.3 gpu_alloc=485.0MiB gpu_reserved=4402.0MiB skipped_batches=0
2026-08-15 21:34:40,652 | INFO | epoch=14 batch=825 global_step=4838 loss_reg_months=4.7041 lr=0.00013961 grad_norm=1.3761 throughput=34.93 img/s eta_seconds=77.6 gpu_alloc=375.7MiB gpu_reserved=4402.0MiB skipped_batches=0
2026-08-15 21:34:49,120 | INFO | epoch=14 batch=850 global_step=4846 loss_reg_months=4.6865 lr=0.00013961 grad_norm=1.2797 throughput=34.95 img/s eta_seconds=69.0 gpu_alloc=485.0MiB gpu_reserved=4402.0MiB skipped_batches=0
2026-08-15 21:34:57,338 | INFO | epoch=14 batch=875 global_step=4854 loss_reg_months=4.6922 lr=0.00013961 grad_norm=1.4739 throughput=34.99 img/s eta_seconds=60.3 gpu_alloc=485.0MiB gpu_reserved=4402.0MiB skipped_batches=0
2026-08-15 21:35:06,148 | INFO | epoch=14 batch=900 global_step=4863 loss_reg_months=4.7092 lr=0.00013961 grad_norm=2.0952 throughput=34.96 img/s eta_seconds=51.8 gpu_alloc=375.7MiB gpu_reserved=4402.0MiB skipped_batches=0
2026-08-15 21:35:14,813 | INFO | epoch=14 batch=925 global_step=4871 loss_reg_months=4.7316 lr=0.00013961 grad_norm=1.8948 throughput=34.96 img/s eta_seconds=43.2 gpu_alloc=485.0MiB gpu_reserved=4402.0MiB skipped_batches=0
2026-08-15 21:35:23,229 | INFO | epoch=14 batch=950 global_step=4879 loss_reg_months=4.7466 lr=0.00013961 grad_norm=1.7615 throughput=34.97 img/s eta_seconds=34.6 gpu_alloc=485.0MiB gpu_reserved=4402.0MiB skipped_batches=0
2026-08-15 21:35:31,673 | INFO | epoch=14 batch=975 global_step=4888 loss_reg_months=4.7488 lr=0.00013961 grad_norm=1.3101 throughput=34.99 img/s eta_seconds=26.0 gpu_alloc=375.7MiB gpu_reserved=4402.0MiB skipped_batches=0
2026-08-15 21:35:39,807 | INFO | epoch=14 batch=1000 global_step=4896 loss_reg_months=4.7525 lr=0.00013961 grad_norm=1.0999 throughput=35.03 img/s eta_seconds=17.4 gpu_alloc=485.0MiB gpu_reserved=4402.0MiB skipped_batches=0
2026-08-15 21:35:48,108 | INFO | epoch=14 batch=1025 global_step=4904 loss_reg_months=4.7570 lr=0.00013961 grad_norm=1.2015 throughput=35.06 img/s eta_seconds=8.9 gpu_alloc=485.0MiB gpu_reserved=4402.0MiB skipped_batches=0
2026-08-15 21:35:56,409 | INFO | epoch=14 batch=1050 global_step=4913 loss_reg_months=4.7719 lr=0.00013961 grad_norm=1.3570 throughput=35.08 img/s eta_seconds=0.3 gpu_alloc=375.7MiB gpu_reserved=4402.0MiB skipped_batches=0
2026-08-15 21:36:31,684 | WARNING | STABILITY WARNING [CAM] Validation MAE xấu đi trong khi train loss giảm
2026-08-15 21:36:31,685 | INFO | 
TRAINING REVIEW SNAPSHOT
Run ID / config hash / split hash: P5_D0_CONVNEXT_TINY_SEED123 / 7209e3e6dada / 7328667e6822+f650a20432b5
Epoch / global step: 14 / 4914
Train loss: 4.7718
Validation MAE / RMSE / median AE: 6.7463 / 9.0562 / 5.0000
MAE nam / nữ / age bins: {'F': 7.139091257668712, 'M': 6.414941785252264} / {'0-59': 5.975398936170213, '120-179': 6.756489493201483, '60-119': 7.506979695431472, '180-228': 4.90625}
Learning rate / peak VRAM: 0.00013961 / 4402.0 MiB
Best epoch / best MAE / epochs không cải thiện: 11 / 6.4324 / 3
Cảnh báo hiện tại: CAM: Validation MAE xấu đi trong khi train loss giảm
Checkpoint gần nhất: p1_baseline\runs\P5_D0_CONVNEXT_TINY_SEED123\last.ckpt
Checkpoint tốt nhất: p1_baseline\runs\P5_D0_CONVNEXT_TINY_SEED123\best_mae.ckpt
Đề xuất tự động: THEO DÕI
2026-08-15 21:36:51,022 | INFO | epoch=15 batch=25 global_step=4922 loss_reg_months=5.1050 lr=0.00013125 grad_norm=0.9782 throughput=18.40 img/s eta_seconds=669.1 gpu_alloc=485.0MiB gpu_reserved=4402.0MiB skipped_batches=0
2026-08-15 21:36:59,881 | INFO | epoch=15 batch=50 global_step=4930 loss_reg_months=5.0297 lr=0.00013125 grad_norm=1.3502 throughput=23.84 img/s eta_seconds=503.7 gpu_alloc=485.0MiB gpu_reserved=4402.0MiB skipped_batches=0
2026-08-15 21:37:08,064 | INFO | epoch=15 batch=75 global_step=4939 loss_reg_months=4.9381 lr=0.00013125 grad_norm=1.1014 throughput=26.99 img/s eta_seconds=433.9 gpu_alloc=375.7MiB gpu_reserved=4402.0MiB skipped_batches=0
2026-08-15 21:37:16,363 | INFO | epoch=15 batch=100 global_step=4947 loss_reg_months=4.8588 lr=0.00013125 grad_norm=1.2380 throughput=28.81 img/s eta_seconds=396.0 gpu_alloc=485.0MiB gpu_reserved=4402.0MiB skipped_batches=0
2026-08-15 21:37:24,778 | INFO | epoch=15 batch=125 global_step=4955 loss_reg_months=4.5862 lr=0.00013125 grad_norm=1.7111 throughput=29.96 img/s eta_seconds=370.8 gpu_alloc=485.0MiB gpu_reserved=4402.0MiB skipped_batches=0
2026-08-15 21:37:33,128 | INFO | epoch=15 batch=150 global_step=4964 loss_reg_months=4.5201 lr=0.00013125 grad_norm=1.9030 throughput=30.82 img/s eta_seconds=350.8 gpu_alloc=375.7MiB gpu_reserved=4402.0MiB skipped_batches=0
2026-08-15 21:37:41,503 | INFO | epoch=15 batch=175 global_step=4972 loss_reg_months=4.5234 lr=0.00013125 grad_norm=1.9670 throughput=31.44 img/s eta_seconds=334.3 gpu_alloc=485.0MiB gpu_reserved=4402.0MiB skipped_batches=0
2026-08-15 21:37:49,608 | INFO | epoch=15 batch=200 global_step=4980 loss_reg_months=4.5280 lr=0.00013125 grad_norm=1.7562 throughput=32.05 img/s eta_seconds=318.6 gpu_alloc=485.0MiB gpu_reserved=4402.0MiB skipped_batches=0
2026-08-15 21:37:57,918 | INFO | epoch=15 batch=225 global_step=4989 loss_reg_months=4.5259 lr=0.00013125 grad_norm=1.3332 throughput=32.45 img/s eta_seconds=305.4 gpu_alloc=375.7MiB gpu_reserved=4402.0MiB skipped_batches=0
2026-08-15 21:38:06,371 | INFO | epoch=15 batch=250 global_step=4997 loss_reg_months=4.5198 lr=0.00013125 grad_norm=1.9186 throughput=32.73 img/s eta_seconds=293.6 gpu_alloc=485.0MiB gpu_reserved=4402.0MiB skipped_batches=0
2026-08-15 21:38:16,010 | INFO | epoch=15 batch=275 global_step=5005 loss_reg_months=4.4705 lr=0.00013125 grad_norm=0.9428 throughput=32.58 img/s eta_seconds=285.8 gpu_alloc=485.0MiB gpu_reserved=4402.0MiB skipped_batches=0
2026-08-15 21:38:24,230 | INFO | epoch=15 batch=300 global_step=5014 loss_reg_months=4.4671 lr=0.00013125 grad_norm=1.1155 throughput=32.87 img/s eta_seconds=274.1 gpu_alloc=375.7MiB gpu_reserved=4402.0MiB skipped_batches=0
2026-08-15 21:38:32,478 | INFO | epoch=15 batch=325 global_step=5022 loss_reg_months=4.4418 lr=0.00013125 grad_norm=1.0894 throughput=33.12 img/s eta_seconds=263.0 gpu_alloc=485.0MiB gpu_reserved=4402.0MiB skipped_batches=0
2026-08-15 21:38:40,746 | INFO | epoch=15 batch=350 global_step=5030 loss_reg_months=4.4647 lr=0.00013125 grad_norm=1.3628 throughput=33.33 img/s eta_seconds=252.4 gpu_alloc=485.0MiB gpu_reserved=4402.0MiB skipped_batches=0
2026-08-15 21:38:49,339 | INFO | epoch=15 batch=375 global_step=5039 loss_reg_months=4.4581 lr=0.00013125 grad_norm=2.0268 throughput=33.43 img/s eta_seconds=242.6 gpu_alloc=375.7MiB gpu_reserved=4402.0MiB skipped_batches=0
2026-08-15 21:38:57,606 | INFO | epoch=15 batch=400 global_step=5047 loss_reg_months=4.4236 lr=0.00013125 grad_norm=1.0499 throughput=33.59 img/s eta_seconds=232.5 gpu_alloc=485.0MiB gpu_reserved=4402.0MiB skipped_batches=0
2026-08-15 21:39:05,881 | INFO | epoch=15 batch=425 global_step=5055 loss_reg_months=4.4200 lr=0.00013125 grad_norm=1.1637 throughput=33.74 img/s eta_seconds=222.6 gpu_alloc=485.0MiB gpu_reserved=4402.0MiB skipped_batches=0
2026-08-15 21:39:14,317 | INFO | epoch=15 batch=450 global_step=5064 loss_reg_months=4.4570 lr=0.00013125 grad_norm=1.9877 throughput=33.83 img/s eta_seconds=213.1 gpu_alloc=375.7MiB gpu_reserved=4402.0MiB skipped_batches=0
2026-08-15 21:39:22,372 | INFO | epoch=15 batch=475 global_step=5072 loss_reg_months=4.4726 lr=0.00013125 grad_norm=1.5146 throughput=34.00 img/s eta_seconds=203.3 gpu_alloc=485.0MiB gpu_reserved=4402.0MiB skipped_batches=0
2026-08-15 21:39:30,510 | INFO | epoch=15 batch=500 global_step=5080 loss_reg_months=4.4835 lr=0.00013125 grad_norm=1.2481 throughput=34.13 img/s eta_seconds=193.7 gpu_alloc=485.0MiB gpu_reserved=4402.0MiB skipped_batches=0
2026-08-15 21:39:38,700 | INFO | epoch=15 batch=525 global_step=5089 loss_reg_months=4.5042 lr=0.00013125 grad_norm=1.0177 throughput=34.24 img/s eta_seconds=184.3 gpu_alloc=375.7MiB gpu_reserved=4402.0MiB skipped_batches=0
2026-08-15 21:39:47,140 | INFO | epoch=15 batch=550 global_step=5097 loss_reg_months=4.5102 lr=0.00013125 grad_norm=1.6830 throughput=34.30 img/s eta_seconds=175.2 gpu_alloc=485.0MiB gpu_reserved=4402.0MiB skipped_batches=0
2026-08-15 21:39:56,167 | INFO | epoch=15 batch=575 global_step=5105 loss_reg_months=4.5353 lr=0.00013125 grad_norm=1.3697 throughput=34.25 img/s eta_seconds=166.7 gpu_alloc=485.0MiB gpu_reserved=4402.0MiB skipped_batches=0
2026-08-15 21:40:04,887 | INFO | epoch=15 batch=600 global_step=5114 loss_reg_months=4.5251 lr=0.00013125 grad_norm=1.1511 throughput=34.26 img/s eta_seconds=157.9 gpu_alloc=375.7MiB gpu_reserved=4402.0MiB skipped_batches=0
2026-08-15 21:40:13,131 | INFO | epoch=15 batch=625 global_step=5122 loss_reg_months=4.5208 lr=0.00013125 grad_norm=1.0838 throughput=34.34 img/s eta_seconds=148.8 gpu_alloc=485.0MiB gpu_reserved=4402.0MiB skipped_batches=0
2026-08-15 21:40:21,382 | INFO | epoch=15 batch=650 global_step=5130 loss_reg_months=4.5472 lr=0.00013125 grad_norm=1.1566 throughput=34.41 img/s eta_seconds=139.8 gpu_alloc=485.0MiB gpu_reserved=4402.0MiB skipped_batches=0
2026-08-15 21:40:29,313 | INFO | epoch=15 batch=675 global_step=5139 loss_reg_months=4.5236 lr=0.00013125 grad_norm=1.5165 throughput=34.53 img/s eta_seconds=130.6 gpu_alloc=375.7MiB gpu_reserved=4402.0MiB skipped_batches=0
2026-08-15 21:40:37,683 | INFO | epoch=15 batch=700 global_step=5147 loss_reg_months=4.5296 lr=0.00013125 grad_norm=2.0398 throughput=34.57 img/s eta_seconds=121.8 gpu_alloc=485.0MiB gpu_reserved=4402.0MiB skipped_batches=0
2026-08-15 21:40:46,548 | INFO | epoch=15 batch=725 global_step=5155 loss_reg_months=4.5393 lr=0.00013125 grad_norm=1.0241 throughput=34.55 img/s eta_seconds=113.2 gpu_alloc=485.0MiB gpu_reserved=4402.0MiB skipped_batches=0
2026-08-15 21:40:54,602 | INFO | epoch=15 batch=750 global_step=5164 loss_reg_months=4.5364 lr=0.00013125 grad_norm=1.5383 throughput=34.63 img/s eta_seconds=104.3 gpu_alloc=375.7MiB gpu_reserved=4402.0MiB skipped_batches=0
2026-08-15 21:41:03,280 | INFO | epoch=15 batch=775 global_step=5172 loss_reg_months=4.5457 lr=0.00013125 grad_norm=2.2324 throughput=34.63 img/s eta_seconds=95.6 gpu_alloc=485.0MiB gpu_reserved=4402.0MiB skipped_batches=0
2026-08-15 21:41:11,678 | INFO | epoch=15 batch=800 global_step=5180 loss_reg_months=4.5586 lr=0.00013125 grad_norm=1.7404 throughput=34.66 img/s eta_seconds=86.9 gpu_alloc=485.0MiB gpu_reserved=4402.0MiB skipped_batches=0
2026-08-15 21:41:20,059 | INFO | epoch=15 batch=825 global_step=5189 loss_reg_months=4.5550 lr=0.00013125 grad_norm=1.7408 throughput=34.70 img/s eta_seconds=78.1 gpu_alloc=375.7MiB gpu_reserved=4402.0MiB skipped_batches=0
2026-08-15 21:41:28,191 | INFO | epoch=15 batch=850 global_step=5197 loss_reg_months=4.5411 lr=0.00013125 grad_norm=1.7975 throughput=34.76 img/s eta_seconds=69.4 gpu_alloc=485.0MiB gpu_reserved=4402.0MiB skipped_batches=0
2026-08-15 21:41:36,582 | INFO | epoch=15 batch=875 global_step=5205 loss_reg_months=4.5364 lr=0.00013125 grad_norm=0.8652 throughput=34.78 img/s eta_seconds=60.7 gpu_alloc=485.0MiB gpu_reserved=4402.0MiB skipped_batches=0
2026-08-15 21:41:45,506 | INFO | epoch=15 batch=900 global_step=5214 loss_reg_months=4.5381 lr=0.00013125 grad_norm=1.6715 throughput=34.75 img/s eta_seconds=52.1 gpu_alloc=375.7MiB gpu_reserved=4402.0MiB skipped_batches=0
2026-08-15 21:41:53,797 | INFO | epoch=15 batch=925 global_step=5222 loss_reg_months=4.5437 lr=0.00013125 grad_norm=1.1132 throughput=34.79 img/s eta_seconds=43.4 gpu_alloc=485.0MiB gpu_reserved=4402.0MiB skipped_batches=0
2026-08-15 21:42:02,074 | INFO | epoch=15 batch=950 global_step=5230 loss_reg_months=4.5606 lr=0.00013125 grad_norm=1.2321 throughput=34.82 img/s eta_seconds=34.8 gpu_alloc=485.0MiB gpu_reserved=4402.0MiB skipped_batches=0
2026-08-15 21:42:10,980 | INFO | epoch=15 batch=975 global_step=5239 loss_reg_months=4.5733 lr=0.00013125 grad_norm=1.2444 throughput=34.79 img/s eta_seconds=26.2 gpu_alloc=375.7MiB gpu_reserved=4402.0MiB skipped_batches=0
2026-08-15 21:42:19,368 | INFO | epoch=15 batch=1000 global_step=5247 loss_reg_months=4.5782 lr=0.00013125 grad_norm=0.9424 throughput=34.82 img/s eta_seconds=17.5 gpu_alloc=485.0MiB gpu_reserved=4402.0MiB skipped_batches=0
2026-08-15 21:42:27,732 | INFO | epoch=15 batch=1025 global_step=5255 loss_reg_months=4.5876 lr=0.00013125 grad_norm=1.0474 throughput=34.84 img/s eta_seconds=8.9 gpu_alloc=485.0MiB gpu_reserved=4402.0MiB skipped_batches=0
2026-08-15 21:42:36,191 | INFO | epoch=15 batch=1050 global_step=5264 loss_reg_months=4.5960 lr=0.00013125 grad_norm=0.9878 throughput=34.86 img/s eta_seconds=0.3 gpu_alloc=375.7MiB gpu_reserved=4402.0MiB skipped_batches=0
2026-08-15 21:43:07,292 | WARNING | STABILITY WARNING [CAM] Validation MAE xấu đi trong khi train loss giảm
2026-08-15 21:43:07,293 | INFO | 
TRAINING REVIEW SNAPSHOT
Run ID / config hash / split hash: P5_D0_CONVNEXT_TINY_SEED123 / 7209e3e6dada / 7328667e6822+f650a20432b5
Epoch / global step: 15 / 5265
Train loss: 4.5938
Validation MAE / RMSE / median AE: 7.4348 / 10.0391 / 5.5000
MAE nam / nữ / age bins: {'F': 7.816526073619632, 'M': 7.1128719275549805} / {'0-59': 5.605053191489362, '120-179': 7.379480840543882, '60-119': 8.512055837563452, '180-228': 5.8125}
Learning rate / peak VRAM: 0.00013125 / 4402.0 MiB
Best epoch / best MAE / epochs không cải thiện: 11 / 6.4324 / 4
Cảnh báo hiện tại: CAM: Validation MAE xấu đi trong khi train loss giảm
Checkpoint gần nhất: p1_baseline\runs\P5_D0_CONVNEXT_TINY_SEED123\last.ckpt
Checkpoint tốt nhất: p1_baseline\runs\P5_D0_CONVNEXT_TINY_SEED123\best_mae.ckpt
Đề xuất tự động: THEO DÕI
2026-08-15 21:43:26,546 | INFO | epoch=16 batch=25 global_step=5273 loss_reg_months=5.0818 lr=0.00012264 grad_norm=1.7398 throughput=17.90 img/s eta_seconds=687.8 gpu_alloc=485.0MiB gpu_reserved=4402.0MiB skipped_batches=0
2026-08-15 21:43:34,604 | INFO | epoch=16 batch=50 global_step=5281 loss_reg_months=4.6968 lr=0.00012264 grad_norm=0.8914 throughput=24.18 img/s eta_seconds=496.8 gpu_alloc=485.0MiB gpu_reserved=4402.0MiB skipped_batches=0
2026-08-15 21:43:43,141 | INFO | epoch=16 batch=75 global_step=5290 loss_reg_months=4.6472 lr=0.00012264 grad_norm=1.6233 throughput=26.98 img/s eta_seconds=434.0 gpu_alloc=375.7MiB gpu_reserved=4402.0MiB skipped_batches=0
2026-08-15 21:43:51,605 | INFO | epoch=16 batch=100 global_step=5298 loss_reg_months=4.6359 lr=0.00012264 grad_norm=1.4407 throughput=28.69 img/s eta_seconds=397.7 gpu_alloc=485.0MiB gpu_reserved=4402.0MiB skipped_batches=0
2026-08-15 21:43:59,923 | INFO | epoch=16 batch=125 global_step=5306 loss_reg_months=4.5844 lr=0.00012264 grad_norm=1.3747 throughput=29.92 img/s eta_seconds=371.4 gpu_alloc=485.0MiB gpu_reserved=4402.0MiB skipped_batches=0
2026-08-15 21:44:08,119 | INFO | epoch=16 batch=150 global_step=5315 loss_reg_months=4.5486 lr=0.00012264 grad_norm=1.1996 throughput=30.86 img/s eta_seconds=350.4 gpu_alloc=375.7MiB gpu_reserved=4402.0MiB skipped_batches=0
2026-08-15 21:44:16,627 | INFO | epoch=16 batch=175 global_step=5323 loss_reg_months=4.5634 lr=0.00012264 grad_norm=1.6812 throughput=31.42 img/s eta_seconds=334.6 gpu_alloc=485.0MiB gpu_reserved=4402.0MiB skipped_batches=0
2026-08-15 21:44:24,749 | INFO | epoch=16 batch=200 global_step=5331 loss_reg_months=4.5336 lr=0.00012264 grad_norm=1.4267 throughput=32.02 img/s eta_seconds=318.9 gpu_alloc=485.0MiB gpu_reserved=4402.0MiB skipped_batches=0
2026-08-15 21:44:33,004 | INFO | epoch=16 batch=225 global_step=5340 loss_reg_months=4.5266 lr=0.00012264 grad_norm=1.6660 throughput=32.44 img/s eta_seconds=305.5 gpu_alloc=375.7MiB gpu_reserved=4402.0MiB skipped_batches=0
2026-08-15 21:44:41,493 | INFO | epoch=16 batch=250 global_step=5348 loss_reg_months=4.5566 lr=0.00012264 grad_norm=1.0023 throughput=32.71 img/s eta_seconds=293.8 gpu_alloc=485.0MiB gpu_reserved=4402.0MiB skipped_batches=0
2026-08-15 21:44:49,773 | INFO | epoch=16 batch=275 global_step=5356 loss_reg_months=4.5950 lr=0.00012264 grad_norm=1.1238 throughput=33.00 img/s eta_seconds=282.1 gpu_alloc=485.0MiB gpu_reserved=4402.0MiB skipped_batches=0
2026-08-15 21:44:58,425 | INFO | epoch=16 batch=300 global_step=5365 loss_reg_months=4.5794 lr=0.00012264 grad_norm=1.0591 throughput=33.14 img/s eta_seconds=271.9 gpu_alloc=375.7MiB gpu_reserved=4402.0MiB skipped_batches=0
2026-08-15 21:45:06,867 | INFO | epoch=16 batch=325 global_step=5373 loss_reg_months=4.5727 lr=0.00012264 grad_norm=1.2298 throughput=33.31 img/s eta_seconds=261.5 gpu_alloc=485.0MiB gpu_reserved=4402.0MiB skipped_batches=0
2026-08-15 21:45:14,714 | INFO | epoch=16 batch=350 global_step=5381 loss_reg_months=4.5726 lr=0.00012264 grad_norm=2.1456 throughput=33.62 img/s eta_seconds=250.2 gpu_alloc=485.0MiB gpu_reserved=4402.0MiB skipped_batches=0
2026-08-15 21:45:22,852 | INFO | epoch=16 batch=375 global_step=5390 loss_reg_months=4.5774 lr=0.00012264 grad_norm=1.6008 throughput=33.82 img/s eta_seconds=239.8 gpu_alloc=375.7MiB gpu_reserved=4402.0MiB skipped_batches=0
2026-08-15 21:45:31,096 | INFO | epoch=16 batch=400 global_step=5398 loss_reg_months=4.5146 lr=0.00012264 grad_norm=1.4504 throughput=33.97 img/s eta_seconds=230.0 gpu_alloc=485.0MiB gpu_reserved=4402.0MiB skipped_batches=0
2026-08-15 21:45:39,095 | INFO | epoch=16 batch=425 global_step=5406 loss_reg_months=4.5104 lr=0.00012264 grad_norm=2.1034 throughput=34.16 img/s eta_seconds=219.9 gpu_alloc=485.0MiB gpu_reserved=4402.0MiB skipped_batches=0
2026-08-15 21:45:47,269 | INFO | epoch=16 batch=450 global_step=5415 loss_reg_months=4.5021 lr=0.00012264 grad_norm=1.4520 throughput=34.29 img/s eta_seconds=210.3 gpu_alloc=375.7MiB gpu_reserved=4402.0MiB skipped_batches=0
2026-08-15 21:45:55,412 | INFO | epoch=16 batch=475 global_step=5423 loss_reg_months=4.5098 lr=0.00012264 grad_norm=1.8997 throughput=34.41 img/s eta_seconds=200.8 gpu_alloc=485.0MiB gpu_reserved=4402.0MiB skipped_batches=0
2026-08-15 21:46:03,449 | INFO | epoch=16 batch=500 global_step=5431 loss_reg_months=4.5136 lr=0.00012264 grad_norm=1.2467 throughput=34.55 img/s eta_seconds=191.3 gpu_alloc=485.0MiB gpu_reserved=4402.0MiB skipped_batches=0
2026-08-15 21:46:11,840 | INFO | epoch=16 batch=525 global_step=5440 loss_reg_months=4.5000 lr=0.00012264 grad_norm=1.0072 throughput=34.60 img/s eta_seconds=182.4 gpu_alloc=375.7MiB gpu_reserved=4402.0MiB skipped_batches=0
2026-08-15 21:46:20,469 | INFO | epoch=16 batch=550 global_step=5448 loss_reg_months=4.4887 lr=0.00012264 grad_norm=1.4262 throughput=34.61 img/s eta_seconds=173.7 gpu_alloc=485.0MiB gpu_reserved=4402.0MiB skipped_batches=0
2026-08-15 21:46:28,414 | INFO | epoch=16 batch=575 global_step=5456 loss_reg_months=4.4725 lr=0.00012264 grad_norm=2.0329 throughput=34.74 img/s eta_seconds=164.4 gpu_alloc=485.0MiB gpu_reserved=4402.0MiB skipped_batches=0
2026-08-15 21:46:36,416 | INFO | epoch=16 batch=600 global_step=5465 loss_reg_months=4.4699 lr=0.00012264 grad_norm=1.4279 throughput=34.84 img/s eta_seconds=155.3 gpu_alloc=375.7MiB gpu_reserved=4402.0MiB skipped_batches=0
2026-08-15 21:46:44,519 | INFO | epoch=16 batch=625 global_step=5473 loss_reg_months=4.4928 lr=0.00012264 grad_norm=1.3617 throughput=34.93 img/s eta_seconds=146.3 gpu_alloc=485.0MiB gpu_reserved=4402.0MiB skipped_batches=0
2026-08-15 21:46:52,486 | INFO | epoch=16 batch=650 global_step=5481 loss_reg_months=4.5137 lr=0.00012264 grad_norm=1.9432 throughput=35.02 img/s eta_seconds=137.4 gpu_alloc=485.0MiB gpu_reserved=4402.0MiB skipped_batches=0
2026-08-15 21:47:00,419 | INFO | epoch=16 batch=675 global_step=5490 loss_reg_months=4.5011 lr=0.00012264 grad_norm=1.1314 throughput=35.12 img/s eta_seconds=128.4 gpu_alloc=375.7MiB gpu_reserved=4402.0MiB skipped_batches=0
2026-08-15 21:47:08,310 | INFO | epoch=16 batch=700 global_step=5498 loss_reg_months=4.5059 lr=0.00012264 grad_norm=0.9393 throughput=35.22 img/s eta_seconds=119.6 gpu_alloc=485.0MiB gpu_reserved=4402.0MiB skipped_batches=0
2026-08-15 21:47:17,571 | INFO | epoch=16 batch=725 global_step=5506 loss_reg_months=4.5118 lr=0.00012264 grad_norm=1.7283 throughput=35.11 img/s eta_seconds=111.4 gpu_alloc=485.0MiB gpu_reserved=4402.0MiB skipped_batches=0
2026-08-15 21:47:25,718 | INFO | epoch=16 batch=750 global_step=5515 loss_reg_months=4.5083 lr=0.00012264 grad_norm=1.2358 throughput=35.17 img/s eta_seconds=102.7 gpu_alloc=375.7MiB gpu_reserved=4402.0MiB skipped_batches=0
2026-08-15 21:47:34,305 | INFO | epoch=16 batch=775 global_step=5523 loss_reg_months=4.5133 lr=0.00012264 grad_norm=1.1036 throughput=35.16 img/s eta_seconds=94.2 gpu_alloc=485.0MiB gpu_reserved=4402.0MiB skipped_batches=0
2026-08-15 21:47:42,943 | INFO | epoch=16 batch=800 global_step=5531 loss_reg_months=4.5180 lr=0.00012264 grad_norm=1.6642 throughput=35.14 img/s eta_seconds=85.7 gpu_alloc=485.0MiB gpu_reserved=4402.0MiB skipped_batches=0
2026-08-15 21:47:51,054 | INFO | epoch=16 batch=825 global_step=5540 loss_reg_months=4.5194 lr=0.00012264 grad_norm=1.3585 throughput=35.20 img/s eta_seconds=77.0 gpu_alloc=375.7MiB gpu_reserved=4402.0MiB skipped_batches=0
2026-08-15 21:47:58,912 | INFO | epoch=16 batch=850 global_step=5548 loss_reg_months=4.5156 lr=0.00012264 grad_norm=1.9122 throughput=35.28 img/s eta_seconds=68.3 gpu_alloc=485.0MiB gpu_reserved=4402.0MiB skipped_batches=0
2026-08-15 21:48:07,202 | INFO | epoch=16 batch=875 global_step=5556 loss_reg_months=4.5168 lr=0.00012264 grad_norm=1.2567 throughput=35.30 img/s eta_seconds=59.8 gpu_alloc=485.0MiB gpu_reserved=4402.0MiB skipped_batches=0
2026-08-15 21:48:16,204 | INFO | epoch=16 batch=900 global_step=5565 loss_reg_months=4.5030 lr=0.00012264 grad_norm=1.2299 throughput=35.25 img/s eta_seconds=51.4 gpu_alloc=375.7MiB gpu_reserved=4402.0MiB skipped_batches=0
2026-08-15 21:48:24,473 | INFO | epoch=16 batch=925 global_step=5573 loss_reg_months=4.4989 lr=0.00012264 grad_norm=1.7478 throughput=35.27 img/s eta_seconds=42.8 gpu_alloc=485.0MiB gpu_reserved=4402.0MiB skipped_batches=0
2026-08-15 21:48:32,963 | INFO | epoch=16 batch=950 global_step=5581 loss_reg_months=4.4983 lr=0.00012264 grad_norm=1.3541 throughput=35.27 img/s eta_seconds=34.3 gpu_alloc=485.0MiB gpu_reserved=4402.0MiB skipped_batches=0
2026-08-15 21:48:41,294 | INFO | epoch=16 batch=975 global_step=5590 loss_reg_months=4.4901 lr=0.00012264 grad_norm=1.1352 throughput=35.29 img/s eta_seconds=25.8 gpu_alloc=375.7MiB gpu_reserved=4402.0MiB skipped_batches=0
2026-08-15 21:48:49,945 | INFO | epoch=16 batch=1000 global_step=5598 loss_reg_months=4.4903 lr=0.00012264 grad_norm=1.3000 throughput=35.28 img/s eta_seconds=17.3 gpu_alloc=485.0MiB gpu_reserved=4402.0MiB skipped_batches=0
2026-08-15 21:48:58,386 | INFO | epoch=16 batch=1025 global_step=5606 loss_reg_months=4.4968 lr=0.00012264 grad_norm=1.8395 throughput=35.28 img/s eta_seconds=8.8 gpu_alloc=485.0MiB gpu_reserved=4402.0MiB skipped_batches=0
2026-08-15 21:49:06,830 | INFO | epoch=16 batch=1050 global_step=5615 loss_reg_months=4.5018 lr=0.00012264 grad_norm=1.3541 throughput=35.29 img/s eta_seconds=0.3 gpu_alloc=375.7MiB gpu_reserved=4402.0MiB skipped_batches=0
2026-08-15 21:49:36,285 | WARNING | STABILITY WARNING [CAM] Prediction vượt nhẹ miền tuổi 0–228: [4.81, 233.00]
2026-08-15 21:49:36,288 | INFO | 
TRAINING REVIEW SNAPSHOT
Run ID / config hash / split hash: P5_D0_CONVNEXT_TINY_SEED123 / 7209e3e6dada / 7328667e6822+f650a20432b5
Epoch / global step: 16 / 5616
Train loss: 4.5028
Validation MAE / RMSE / median AE: 6.6057 / 8.9511 / 5.0000
MAE nam / nữ / age bins: {'F': 6.999712423312883, 'M': 6.2733667529107375} / {'0-59': 6.216755319148936, '120-179': 6.521013597033375, '60-119': 7.378807106598985, '180-228': 5.046875}
Learning rate / peak VRAM: 0.00012264 / 4402.0 MiB
Best epoch / best MAE / epochs không cải thiện: 11 / 6.4324 / 5
Cảnh báo hiện tại: CAM: Prediction vượt nhẹ miền tuổi 0–228: [4.81, 233.00]
Checkpoint gần nhất: p1_baseline\runs\P5_D0_CONVNEXT_TINY_SEED123\last.ckpt
Checkpoint tốt nhất: p1_baseline\runs\P5_D0_CONVNEXT_TINY_SEED123\best_mae.ckpt
Đề xuất tự động: THEO DÕI
2026-08-15 21:49:54,059 | INFO | epoch=17 batch=25 global_step=5624 loss_reg_months=4.4018 lr=0.00011386 grad_norm=1.1265 throughput=20.06 img/s eta_seconds=613.7 gpu_alloc=485.0MiB gpu_reserved=4402.0MiB skipped_batches=0
2026-08-15 21:50:01,970 | INFO | epoch=17 batch=50 global_step=5632 loss_reg_months=4.3306 lr=0.00011386 grad_norm=1.1299 throughput=26.24 img/s eta_seconds=457.7 gpu_alloc=485.0MiB gpu_reserved=4402.0MiB skipped_batches=0
2026-08-15 21:50:09,865 | INFO | epoch=17 batch=75 global_step=5641 loss_reg_months=4.2153 lr=0.00011386 grad_norm=2.0195 throughput=29.26 img/s eta_seconds=400.3 gpu_alloc=375.7MiB gpu_reserved=4402.0MiB skipped_batches=0
2026-08-15 21:50:17,760 | INFO | epoch=17 batch=100 global_step=5649 loss_reg_months=4.1906 lr=0.00011386 grad_norm=2.1597 throughput=31.05 img/s eta_seconds=367.6 gpu_alloc=485.0MiB gpu_reserved=4402.0MiB skipped_batches=0
2026-08-15 21:50:25,689 | INFO | epoch=17 batch=125 global_step=5657 loss_reg_months=4.1930 lr=0.00011386 grad_norm=1.1702 throughput=32.20 img/s eta_seconds=345.1 gpu_alloc=485.0MiB gpu_reserved=4402.0MiB skipped_batches=0
2026-08-15 21:50:33,557 | INFO | epoch=17 batch=150 global_step=5666 loss_reg_months=4.2053 lr=0.00011386 grad_norm=1.5757 throughput=33.06 img/s eta_seconds=327.0 gpu_alloc=375.7MiB gpu_reserved=4402.0MiB skipped_batches=0
2026-08-15 21:50:41,432 | INFO | epoch=17 batch=175 global_step=5674 loss_reg_months=4.1761 lr=0.00011386 grad_norm=2.2766 throughput=33.69 img/s eta_seconds=312.0 gpu_alloc=485.0MiB gpu_reserved=4402.0MiB skipped_batches=0
2026-08-15 21:50:49,103 | INFO | epoch=17 batch=200 global_step=5682 loss_reg_months=4.1814 lr=0.00011386 grad_norm=1.8510 throughput=34.29 img/s eta_seconds=297.8 gpu_alloc=485.0MiB gpu_reserved=4402.0MiB skipped_batches=0
2026-08-15 21:50:57,034 | INFO | epoch=17 batch=225 global_step=5691 loss_reg_months=4.2430 lr=0.00011386 grad_norm=2.0725 throughput=34.65 img/s eta_seconds=286.1 gpu_alloc=375.7MiB gpu_reserved=4402.0MiB skipped_batches=0
2026-08-15 21:51:04,804 | INFO | epoch=17 batch=250 global_step=5699 loss_reg_months=4.2578 lr=0.00011386 grad_norm=1.2020 throughput=35.01 img/s eta_seconds=274.5 gpu_alloc=485.0MiB gpu_reserved=4402.0MiB skipped_batches=0
2026-08-15 21:51:13,773 | INFO | epoch=17 batch=275 global_step=5707 loss_reg_months=4.2922 lr=0.00011386 grad_norm=2.2304 throughput=34.86 img/s eta_seconds=267.1 gpu_alloc=485.0MiB gpu_reserved=4402.0MiB skipped_batches=0
2026-08-15 21:51:22,467 | INFO | epoch=17 batch=300 global_step=5716 loss_reg_months=4.3405 lr=0.00011386 grad_norm=1.5626 throughput=34.83 img/s eta_seconds=258.7 gpu_alloc=375.7MiB gpu_reserved=4402.0MiB skipped_batches=0
2026-08-15 21:51:31,058 | INFO | epoch=17 batch=325 global_step=5724 loss_reg_months=4.3204 lr=0.00011386 grad_norm=1.3323 throughput=34.84 img/s eta_seconds=250.1 gpu_alloc=485.0MiB gpu_reserved=4402.0MiB skipped_batches=0
2026-08-15 21:51:39,594 | INFO | epoch=17 batch=350 global_step=5732 loss_reg_months=4.3061 lr=0.00011386 grad_norm=1.2204 throughput=34.86 img/s eta_seconds=241.3 gpu_alloc=485.0MiB gpu_reserved=4402.0MiB skipped_batches=0
2026-08-15 21:51:48,333 | INFO | epoch=17 batch=375 global_step=5741 loss_reg_months=4.3057 lr=0.00011386 grad_norm=1.2077 throughput=34.82 img/s eta_seconds=232.9 gpu_alloc=375.7MiB gpu_reserved=4402.0MiB skipped_batches=0
2026-08-15 21:51:56,869 | INFO | epoch=17 batch=400 global_step=5749 loss_reg_months=4.2925 lr=0.00011386 grad_norm=1.9025 throughput=34.84 img/s eta_seconds=224.2 gpu_alloc=485.0MiB gpu_reserved=4402.0MiB skipped_batches=0
2026-08-15 21:52:06,167 | INFO | epoch=17 batch=425 global_step=5757 loss_reg_months=4.3255 lr=0.00011386 grad_norm=1.4585 throughput=34.68 img/s eta_seconds=216.6 gpu_alloc=485.0MiB gpu_reserved=4402.0MiB skipped_batches=0
2026-08-15 21:52:14,700 | INFO | epoch=17 batch=450 global_step=5766 loss_reg_months=4.3111 lr=0.00011386 grad_norm=1.4673 throughput=34.71 img/s eta_seconds=207.8 gpu_alloc=375.7MiB gpu_reserved=4402.0MiB skipped_batches=0
2026-08-15 21:52:23,087 | INFO | epoch=17 batch=475 global_step=5774 loss_reg_months=4.3092 lr=0.00011386 grad_norm=1.7018 throughput=34.76 img/s eta_seconds=198.8 gpu_alloc=485.0MiB gpu_reserved=4402.0MiB skipped_batches=0
2026-08-15 21:52:31,164 | INFO | epoch=17 batch=500 global_step=5782 loss_reg_months=4.3201 lr=0.00011386 grad_norm=1.2928 throughput=34.87 img/s eta_seconds=189.6 gpu_alloc=485.0MiB gpu_reserved=4402.0MiB skipped_batches=0
2026-08-15 21:52:39,065 | INFO | epoch=17 batch=525 global_step=5791 loss_reg_months=4.3508 lr=0.00011386 grad_norm=1.6693 throughput=35.01 img/s eta_seconds=180.3 gpu_alloc=375.7MiB gpu_reserved=4402.0MiB skipped_batches=0
2026-08-15 21:52:47,408 | INFO | epoch=17 batch=550 global_step=5799 loss_reg_months=4.3471 lr=0.00011386 grad_norm=1.1629 throughput=35.05 img/s eta_seconds=171.5 gpu_alloc=485.0MiB gpu_reserved=4402.0MiB skipped_batches=0
2026-08-15 21:52:55,415 | INFO | epoch=17 batch=575 global_step=5807 loss_reg_months=4.3622 lr=0.00011386 grad_norm=0.9913 throughput=35.15 img/s eta_seconds=162.5 gpu_alloc=485.0MiB gpu_reserved=4402.0MiB skipped_batches=0
2026-08-15 21:53:03,289 | INFO | epoch=17 batch=600 global_step=5816 loss_reg_months=4.3683 lr=0.00011386 grad_norm=1.2152 throughput=35.26 img/s eta_seconds=153.4 gpu_alloc=375.7MiB gpu_reserved=4402.0MiB skipped_batches=0
2026-08-15 21:53:11,140 | INFO | epoch=17 batch=625 global_step=5824 loss_reg_months=4.3620 lr=0.00011386 grad_norm=1.5818 throughput=35.37 img/s eta_seconds=144.5 gpu_alloc=485.0MiB gpu_reserved=4402.0MiB skipped_batches=0
2026-08-15 21:53:19,077 | INFO | epoch=17 batch=650 global_step=5832 loss_reg_months=4.3649 lr=0.00011386 grad_norm=1.5403 throughput=35.46 img/s eta_seconds=135.7 gpu_alloc=485.0MiB gpu_reserved=4402.0MiB skipped_batches=0
2026-08-15 21:53:26,823 | INFO | epoch=17 batch=675 global_step=5841 loss_reg_months=4.3558 lr=0.00011386 grad_norm=1.1350 throughput=35.57 img/s eta_seconds=126.8 gpu_alloc=375.7MiB gpu_reserved=4402.0MiB skipped_batches=0
2026-08-15 21:53:34,949 | INFO | epoch=17 batch=700 global_step=5849 loss_reg_months=4.3616 lr=0.00011386 grad_norm=2.5980 throughput=35.62 img/s eta_seconds=118.2 gpu_alloc=485.0MiB gpu_reserved=4402.0MiB skipped_batches=0
2026-08-15 21:53:43,238 | INFO | epoch=17 batch=725 global_step=5857 loss_reg_months=4.3572 lr=0.00011386 grad_norm=1.2832 throughput=35.64 img/s eta_seconds=109.7 gpu_alloc=485.0MiB gpu_reserved=4402.0MiB skipped_batches=0
2026-08-15 21:53:51,516 | INFO | epoch=17 batch=750 global_step=5866 loss_reg_months=4.3652 lr=0.00011386 grad_norm=1.4118 throughput=35.66 img/s eta_seconds=101.3 gpu_alloc=375.7MiB gpu_reserved=4402.0MiB skipped_batches=0
2026-08-15 21:53:59,597 | INFO | epoch=17 batch=775 global_step=5874 loss_reg_months=4.3701 lr=0.00011386 grad_norm=1.3809 throughput=35.70 img/s eta_seconds=92.7 gpu_alloc=485.0MiB gpu_reserved=4402.0MiB skipped_batches=0
2026-08-15 21:54:07,724 | INFO | epoch=17 batch=800 global_step=5882 loss_reg_months=4.3793 lr=0.00011386 grad_norm=1.1274 throughput=35.74 img/s eta_seconds=84.3 gpu_alloc=485.0MiB gpu_reserved=4402.0MiB skipped_batches=0
2026-08-15 21:54:15,828 | INFO | epoch=17 batch=825 global_step=5891 loss_reg_months=4.3732 lr=0.00011386 grad_norm=1.8991 throughput=35.78 img/s eta_seconds=75.8 gpu_alloc=375.7MiB gpu_reserved=4402.0MiB skipped_batches=0
2026-08-15 21:54:24,198 | INFO | epoch=17 batch=850 global_step=5899 loss_reg_months=4.3727 lr=0.00011386 grad_norm=1.3771 throughput=35.78 img/s eta_seconds=67.4 gpu_alloc=485.0MiB gpu_reserved=4402.0MiB skipped_batches=0
2026-08-15 21:54:32,166 | INFO | epoch=17 batch=875 global_step=5907 loss_reg_months=4.3660 lr=0.00011386 grad_norm=1.0242 throughput=35.83 img/s eta_seconds=58.9 gpu_alloc=485.0MiB gpu_reserved=4402.0MiB skipped_batches=0
2026-08-15 21:54:40,200 | INFO | epoch=17 batch=900 global_step=5916 loss_reg_months=4.3791 lr=0.00011386 grad_norm=1.4241 throughput=35.87 img/s eta_seconds=50.5 gpu_alloc=375.7MiB gpu_reserved=4402.0MiB skipped_batches=0
2026-08-15 21:54:48,258 | INFO | epoch=17 batch=925 global_step=5924 loss_reg_months=4.3835 lr=0.00011386 grad_norm=1.4136 throughput=35.90 img/s eta_seconds=42.1 gpu_alloc=485.0MiB gpu_reserved=4402.0MiB skipped_batches=0
2026-08-15 21:54:57,014 | INFO | epoch=17 batch=950 global_step=5932 loss_reg_months=4.3708 lr=0.00011386 grad_norm=0.9271 throughput=35.86 img/s eta_seconds=33.8 gpu_alloc=485.0MiB gpu_reserved=4402.0MiB skipped_batches=0
2026-08-15 21:55:05,440 | INFO | epoch=17 batch=975 global_step=5941 loss_reg_months=4.3757 lr=0.00011386 grad_norm=1.5046 throughput=35.85 img/s eta_seconds=25.4 gpu_alloc=375.7MiB gpu_reserved=4402.0MiB skipped_batches=0
2026-08-15 21:55:13,702 | INFO | epoch=17 batch=1000 global_step=5949 loss_reg_months=4.3538 lr=0.00011386 grad_norm=1.0658 throughput=35.86 img/s eta_seconds=17.0 gpu_alloc=485.0MiB gpu_reserved=4402.0MiB skipped_batches=0
2026-08-15 21:55:22,155 | INFO | epoch=17 batch=1025 global_step=5957 loss_reg_months=4.3724 lr=0.00011386 grad_norm=0.8670 throughput=35.85 img/s eta_seconds=8.7 gpu_alloc=485.0MiB gpu_reserved=4402.0MiB skipped_batches=0
2026-08-15 21:55:30,705 | INFO | epoch=17 batch=1050 global_step=5966 loss_reg_months=4.3785 lr=0.00011386 grad_norm=1.8492 throughput=35.84 img/s eta_seconds=0.3 gpu_alloc=375.7MiB gpu_reserved=4402.0MiB skipped_batches=0
2026-08-15 21:56:05,936 | WARNING | STABILITY WARNING [CAM] Prediction vượt nhẹ miền tuổi 0–228: [4.81, 241.00]
2026-08-15 21:56:08,249 | INFO | 
TRAINING REVIEW SNAPSHOT
Run ID / config hash / split hash: P5_D0_CONVNEXT_TINY_SEED123 / 7209e3e6dada / 7328667e6822+f650a20432b5
Epoch / global step: 17 / 5967
Train loss: 4.3801
Validation MAE / RMSE / median AE: 6.4133 / 8.6773 / 5.0000
MAE nam / nữ / age bins: {'F': 6.738401073619632, 'M': 6.139068564036222} / {'0-59': 5.79720744680851, '120-179': 6.241038318912238, '60-119': 7.180203045685279, '180-228': 5.59375}
Learning rate / peak VRAM: 0.00011386 / 4402.0 MiB
Best epoch / best MAE / epochs không cải thiện: 17 / 6.4133 / 0
Cảnh báo hiện tại: CAM: Prediction vượt nhẹ miền tuổi 0–228: [4.81, 241.00]
Checkpoint gần nhất: p1_baseline\runs\P5_D0_CONVNEXT_TINY_SEED123\last.ckpt
Checkpoint tốt nhất: p1_baseline\runs\P5_D0_CONVNEXT_TINY_SEED123\best_mae.ckpt
Đề xuất tự động: THEO DÕI
2026-08-15 21:56:33,090 | INFO | epoch=18 batch=25 global_step=5975 loss_reg_months=3.7850 lr=0.00010496 grad_norm=1.1419 throughput=19.36 img/s eta_seconds=636.0 gpu_alloc=485.0MiB gpu_reserved=4402.0MiB skipped_batches=0
2026-08-15 21:56:41,535 | INFO | epoch=18 batch=50 global_step=5983 loss_reg_months=4.0396 lr=0.00010496 grad_norm=1.0623 throughput=25.06 img/s eta_seconds=479.3 gpu_alloc=485.0MiB gpu_reserved=4402.0MiB skipped_batches=0
2026-08-15 21:56:50,388 | INFO | epoch=18 batch=75 global_step=5992 loss_reg_months=4.0380 lr=0.00010496 grad_norm=1.0906 throughput=27.44 img/s eta_seconds=426.8 gpu_alloc=375.7MiB gpu_reserved=4402.0MiB skipped_batches=0
2026-08-15 21:57:00,463 | INFO | epoch=18 batch=100 global_step=6000 loss_reg_months=4.0994 lr=0.00010496 grad_norm=1.4474 throughput=27.99 img/s eta_seconds=407.7 gpu_alloc=485.0MiB gpu_reserved=4402.0MiB skipped_batches=0
2026-08-15 21:57:09,345 | INFO | epoch=18 batch=125 global_step=6008 loss_reg_months=4.0686 lr=0.00010496 grad_norm=1.2263 throughput=28.98 img/s eta_seconds=383.4 gpu_alloc=485.0MiB gpu_reserved=4402.0MiB skipped_batches=0
2026-08-15 21:57:18,203 | INFO | epoch=18 batch=150 global_step=6017 loss_reg_months=4.0707 lr=0.00010496 grad_norm=1.4537 throughput=29.70 img/s eta_seconds=364.0 gpu_alloc=375.7MiB gpu_reserved=4402.0MiB skipped_batches=0
2026-08-15 21:57:27,126 | INFO | epoch=18 batch=175 global_step=6025 loss_reg_months=4.1221 lr=0.00010496 grad_norm=1.3984 throughput=30.20 img/s eta_seconds=348.0 gpu_alloc=485.0MiB gpu_reserved=4402.0MiB skipped_batches=0
2026-08-15 21:57:35,799 | INFO | epoch=18 batch=200 global_step=6033 loss_reg_months=4.1434 lr=0.00010496 grad_norm=1.4968 throughput=30.69 img/s eta_seconds=332.7 gpu_alloc=485.0MiB gpu_reserved=4402.0MiB skipped_batches=0
2026-08-15 21:57:44,720 | INFO | epoch=18 batch=225 global_step=6042 loss_reg_months=4.1448 lr=0.00010496 grad_norm=1.0620 throughput=30.99 img/s eta_seconds=319.8 gpu_alloc=375.7MiB gpu_reserved=4402.0MiB skipped_batches=0
2026-08-15 21:57:53,862 | INFO | epoch=18 batch=250 global_step=6050 loss_reg_months=4.1428 lr=0.00010496 grad_norm=1.8592 throughput=31.16 img/s eta_seconds=308.4 gpu_alloc=485.0MiB gpu_reserved=4402.0MiB skipped_batches=0
2026-08-15 21:58:02,777 | INFO | epoch=18 batch=275 global_step=6058 loss_reg_months=4.2176 lr=0.00010496 grad_norm=1.7655 throughput=31.37 img/s eta_seconds=296.8 gpu_alloc=485.0MiB gpu_reserved=4402.0MiB skipped_batches=0
2026-08-15 21:58:12,120 | INFO | epoch=18 batch=300 global_step=6067 loss_reg_months=4.2066 lr=0.00010496 grad_norm=1.6775 throughput=31.43 img/s eta_seconds=286.7 gpu_alloc=375.7MiB gpu_reserved=4402.0MiB skipped_batches=0
2026-08-15 21:58:20,834 | INFO | epoch=18 batch=325 global_step=6075 loss_reg_months=4.2145 lr=0.00010496 grad_norm=1.1869 throughput=31.65 img/s eta_seconds=275.3 gpu_alloc=485.0MiB gpu_reserved=4402.0MiB skipped_batches=0
2026-08-15 21:58:30,731 | INFO | epoch=18 batch=350 global_step=6083 loss_reg_months=4.2461 lr=0.00010496 grad_norm=1.2577 throughput=31.55 img/s eta_seconds=266.6 gpu_alloc=485.0MiB gpu_reserved=4402.0MiB skipped_batches=0
2026-08-15 21:58:40,042 | INFO | epoch=18 batch=375 global_step=6092 loss_reg_months=4.2450 lr=0.00010496 grad_norm=1.6171 throughput=31.59 img/s eta_seconds=256.8 gpu_alloc=375.7MiB gpu_reserved=4402.0MiB skipped_batches=0
2026-08-15 21:58:48,665 | INFO | epoch=18 batch=400 global_step=6100 loss_reg_months=4.2618 lr=0.00010496 grad_norm=1.5403 throughput=31.77 img/s eta_seconds=245.8 gpu_alloc=485.0MiB gpu_reserved=4402.0MiB skipped_batches=0
2026-08-15 21:58:56,950 | INFO | epoch=18 batch=425 global_step=6108 loss_reg_months=4.2912 lr=0.00010496 grad_norm=1.2471 throughput=32.00 img/s eta_seconds=234.7 gpu_alloc=485.0MiB gpu_reserved=4402.0MiB skipped_batches=0
2026-08-15 21:59:05,337 | INFO | epoch=18 batch=450 global_step=6117 loss_reg_months=4.2862 lr=0.00010496 grad_norm=1.3173 throughput=32.19 img/s eta_seconds=224.0 gpu_alloc=375.7MiB gpu_reserved=4402.0MiB skipped_batches=0
2026-08-15 21:59:13,594 | INFO | epoch=18 batch=475 global_step=6125 loss_reg_months=4.2808 lr=0.00010496 grad_norm=1.5816 throughput=32.39 img/s eta_seconds=213.4 gpu_alloc=485.0MiB gpu_reserved=4402.0MiB skipped_batches=0
2026-08-15 21:59:21,963 | INFO | epoch=18 batch=500 global_step=6133 loss_reg_months=4.2893 lr=0.00010496 grad_norm=1.3242 throughput=32.54 img/s eta_seconds=203.1 gpu_alloc=485.0MiB gpu_reserved=4402.0MiB skipped_batches=0
2026-08-15 21:59:30,165 | INFO | epoch=18 batch=525 global_step=6142 loss_reg_months=4.2862 lr=0.00010496 grad_norm=1.5737 throughput=32.71 img/s eta_seconds=192.9 gpu_alloc=375.7MiB gpu_reserved=4402.0MiB skipped_batches=0
2026-08-15 21:59:38,294 | INFO | epoch=18 batch=550 global_step=6150 loss_reg_months=4.2750 lr=0.00010496 grad_norm=1.1604 throughput=32.88 img/s eta_seconds=182.8 gpu_alloc=485.0MiB gpu_reserved=4402.0MiB skipped_batches=0
2026-08-15 21:59:46,671 | INFO | epoch=18 batch=575 global_step=6158 loss_reg_months=4.2849 lr=0.00010496 grad_norm=2.7158 throughput=33.00 img/s eta_seconds=173.1 gpu_alloc=485.0MiB gpu_reserved=4402.0MiB skipped_batches=0
2026-08-15 21:59:55,217 | INFO | epoch=18 batch=600 global_step=6167 loss_reg_months=4.2856 lr=0.00010496 grad_norm=1.2595 throughput=33.08 img/s eta_seconds=163.6 gpu_alloc=375.7MiB gpu_reserved=4402.0MiB skipped_batches=0
2026-08-15 22:00:03,397 | INFO | epoch=18 batch=625 global_step=6175 loss_reg_months=4.2731 lr=0.00010496 grad_norm=1.2300 throughput=33.21 img/s eta_seconds=153.9 gpu_alloc=485.0MiB gpu_reserved=4402.0MiB skipped_batches=0
2026-08-15 22:00:11,491 | INFO | epoch=18 batch=650 global_step=6183 loss_reg_months=4.2852 lr=0.00010496 grad_norm=2.0997 throughput=33.35 img/s eta_seconds=144.3 gpu_alloc=485.0MiB gpu_reserved=4402.0MiB skipped_batches=0
2026-08-15 22:00:19,811 | INFO | epoch=18 batch=675 global_step=6192 loss_reg_months=4.2847 lr=0.00010496 grad_norm=1.7249 throughput=33.44 img/s eta_seconds=134.9 gpu_alloc=375.7MiB gpu_reserved=4402.0MiB skipped_batches=0
2026-08-15 22:00:27,941 | INFO | epoch=18 batch=700 global_step=6200 loss_reg_months=4.2866 lr=0.00010496 grad_norm=1.1053 throughput=33.55 img/s eta_seconds=125.5 gpu_alloc=485.0MiB gpu_reserved=4402.0MiB skipped_batches=0
2026-08-15 22:00:35,970 | INFO | epoch=18 batch=725 global_step=6208 loss_reg_months=4.2949 lr=0.00010496 grad_norm=1.9911 throughput=33.67 img/s eta_seconds=116.2 gpu_alloc=485.0MiB gpu_reserved=4402.0MiB skipped_batches=0
2026-08-15 22:00:44,055 | INFO | epoch=18 batch=750 global_step=6217 loss_reg_months=4.2995 lr=0.00010496 grad_norm=1.0894 throughput=33.78 img/s eta_seconds=106.9 gpu_alloc=375.7MiB gpu_reserved=4402.0MiB skipped_batches=0
2026-08-15 22:00:52,041 | INFO | epoch=18 batch=775 global_step=6225 loss_reg_months=4.3057 lr=0.00010496 grad_norm=1.7166 throughput=33.89 img/s eta_seconds=97.7 gpu_alloc=485.0MiB gpu_reserved=4402.0MiB skipped_batches=0
2026-08-15 22:01:01,027 | INFO | epoch=18 batch=800 global_step=6233 loss_reg_months=4.3134 lr=0.00010496 grad_norm=1.4216 throughput=33.87 img/s eta_seconds=88.9 gpu_alloc=485.0MiB gpu_reserved=4402.0MiB skipped_batches=0
2026-08-15 22:01:09,688 | INFO | epoch=18 batch=825 global_step=6242 loss_reg_months=4.3171 lr=0.00010496 grad_norm=1.1349 throughput=33.89 img/s eta_seconds=80.0 gpu_alloc=375.7MiB gpu_reserved=4402.0MiB skipped_batches=0
2026-08-15 22:01:17,910 | INFO | epoch=18 batch=850 global_step=6250 loss_reg_months=4.3150 lr=0.00010496 grad_norm=1.5198 throughput=33.96 img/s eta_seconds=71.0 gpu_alloc=485.0MiB gpu_reserved=4402.0MiB skipped_batches=0
2026-08-15 22:01:25,642 | INFO | epoch=18 batch=875 global_step=6258 loss_reg_months=4.3113 lr=0.00010496 grad_norm=1.7483 throughput=34.09 img/s eta_seconds=61.9 gpu_alloc=485.0MiB gpu_reserved=4402.0MiB skipped_batches=0
2026-08-15 22:01:33,517 | INFO | epoch=18 batch=900 global_step=6267 loss_reg_months=4.3137 lr=0.00010496 grad_norm=1.9150 throughput=34.19 img/s eta_seconds=53.0 gpu_alloc=375.7MiB gpu_reserved=4402.0MiB skipped_batches=0
2026-08-15 22:01:41,300 | INFO | epoch=18 batch=925 global_step=6275 loss_reg_months=4.3109 lr=0.00010496 grad_norm=1.4912 throughput=34.29 img/s eta_seconds=44.1 gpu_alloc=485.0MiB gpu_reserved=4402.0MiB skipped_batches=0
2026-08-15 22:01:49,241 | INFO | epoch=18 batch=950 global_step=6283 loss_reg_months=4.3131 lr=0.00010496 grad_norm=1.5341 throughput=34.37 img/s eta_seconds=35.2 gpu_alloc=485.0MiB gpu_reserved=4402.0MiB skipped_batches=0
2026-08-15 22:01:57,091 | INFO | epoch=18 batch=975 global_step=6292 loss_reg_months=4.3138 lr=0.00010496 grad_norm=1.7073 throughput=34.46 img/s eta_seconds=26.4 gpu_alloc=375.7MiB gpu_reserved=4402.0MiB skipped_batches=0
2026-08-15 22:02:04,797 | INFO | epoch=18 batch=1000 global_step=6300 loss_reg_months=4.3159 lr=0.00010496 grad_norm=1.2457 throughput=34.56 img/s eta_seconds=17.7 gpu_alloc=485.0MiB gpu_reserved=4402.0MiB skipped_batches=0
2026-08-15 22:02:12,620 | INFO | epoch=18 batch=1025 global_step=6308 loss_reg_months=4.3234 lr=0.00010496 grad_norm=1.3398 throughput=34.65 img/s eta_seconds=9.0 gpu_alloc=485.0MiB gpu_reserved=4402.0MiB skipped_batches=0
2026-08-15 22:02:20,585 | INFO | epoch=18 batch=1050 global_step=6317 loss_reg_months=4.3163 lr=0.00010496 grad_norm=1.3686 throughput=34.71 img/s eta_seconds=0.3 gpu_alloc=375.7MiB gpu_reserved=4402.0MiB skipped_batches=0
2026-08-15 22:02:48,405 | WARNING | STABILITY WARNING [CAM] Prediction vượt nhẹ miền tuổi 0–228: [6.31, 231.00]
2026-08-15 22:02:50,732 | INFO | 
TRAINING REVIEW SNAPSHOT
Run ID / config hash / split hash: P5_D0_CONVNEXT_TINY_SEED123 / 7209e3e6dada / 7328667e6822+f650a20432b5
Epoch / global step: 18 / 6318
Train loss: 4.3150
Validation MAE / RMSE / median AE: 6.3771 / 8.5835 / 5.0000
MAE nam / nữ / age bins: {'F': 6.817676380368098, 'M': 6.005417205692108} / {'0-59': 6.388962765957447, '120-179': 6.271322620519159, '60-119': 6.822969543147208, '180-228': 5.6640625}
Learning rate / peak VRAM: 0.00010496 / 4402.0 MiB
Best epoch / best MAE / epochs không cải thiện: 18 / 6.3771 / 0
Cảnh báo hiện tại: CAM: Prediction vượt nhẹ miền tuổi 0–228: [6.31, 231.00]
Checkpoint gần nhất: p1_baseline\runs\P5_D0_CONVNEXT_TINY_SEED123\last.ckpt
Checkpoint tốt nhất: p1_baseline\runs\P5_D0_CONVNEXT_TINY_SEED123\best_mae.ckpt
Đề xuất tự động: THEO DÕI
2026-08-15 22:03:11,044 | INFO | epoch=19 batch=25 global_step=6326 loss_reg_months=4.0035 lr=0.00009604 grad_norm=1.1596 throughput=20.00 img/s eta_seconds=615.6 gpu_alloc=485.0MiB gpu_reserved=4402.0MiB skipped_batches=0
2026-08-15 22:03:18,625 | INFO | epoch=19 batch=50 global_step=6334 loss_reg_months=4.2140 lr=0.00009604 grad_norm=1.4641 throughput=26.57 img/s eta_seconds=452.1 gpu_alloc=485.0MiB gpu_reserved=4402.0MiB skipped_batches=0
2026-08-15 22:03:26,685 | INFO | epoch=19 batch=75 global_step=6343 loss_reg_months=4.0585 lr=0.00009604 grad_norm=1.3581 throughput=29.37 img/s eta_seconds=398.7 gpu_alloc=375.7MiB gpu_reserved=4402.0MiB skipped_batches=0
2026-08-15 22:03:34,304 | INFO | epoch=19 batch=100 global_step=6351 loss_reg_months=4.1328 lr=0.00009604 grad_norm=1.4395 throughput=31.36 img/s eta_seconds=363.8 gpu_alloc=485.0MiB gpu_reserved=4402.0MiB skipped_batches=0
2026-08-15 22:03:42,122 | INFO | epoch=19 batch=125 global_step=6359 loss_reg_months=4.1253 lr=0.00009604 grad_norm=1.2561 throughput=32.55 img/s eta_seconds=341.3 gpu_alloc=485.0MiB gpu_reserved=4402.0MiB skipped_batches=0
2026-08-15 22:03:49,907 | INFO | epoch=19 batch=150 global_step=6368 loss_reg_months=4.1014 lr=0.00009604 grad_norm=1.4980 throughput=33.42 img/s eta_seconds=323.5 gpu_alloc=375.7MiB gpu_reserved=4402.0MiB skipped_batches=0
2026-08-15 22:03:57,592 | INFO | epoch=19 batch=175 global_step=6376 loss_reg_months=4.0780 lr=0.00009604 grad_norm=1.4687 throughput=34.12 img/s eta_seconds=308.1 gpu_alloc=485.0MiB gpu_reserved=4402.0MiB skipped_batches=0
2026-08-15 22:04:05,601 | INFO | epoch=19 batch=200 global_step=6384 loss_reg_months=4.0742 lr=0.00009604 grad_norm=1.2467 throughput=34.50 img/s eta_seconds=295.9 gpu_alloc=485.0MiB gpu_reserved=4402.0MiB skipped_batches=0
2026-08-15 22:04:13,244 | INFO | epoch=19 batch=225 global_step=6393 loss_reg_months=4.0651 lr=0.00009604 grad_norm=1.2801 throughput=34.97 img/s eta_seconds=283.4 gpu_alloc=375.7MiB gpu_reserved=4402.0MiB skipped_batches=0
2026-08-15 22:04:21,323 | INFO | epoch=19 batch=250 global_step=6401 loss_reg_months=4.0573 lr=0.00009604 grad_norm=1.5742 throughput=35.18 img/s eta_seconds=273.2 gpu_alloc=485.0MiB gpu_reserved=4402.0MiB skipped_batches=0
2026-08-15 22:04:28,999 | INFO | epoch=19 batch=275 global_step=6409 loss_reg_months=4.0898 lr=0.00009604 grad_norm=1.2758 throughput=35.50 img/s eta_seconds=262.3 gpu_alloc=485.0MiB gpu_reserved=4402.0MiB skipped_batches=0
2026-08-15 22:04:36,697 | INFO | epoch=19 batch=300 global_step=6418 loss_reg_months=4.1277 lr=0.00009604 grad_norm=1.3575 throughput=35.77 img/s eta_seconds=251.9 gpu_alloc=375.7MiB gpu_reserved=4402.0MiB skipped_batches=0
2026-08-15 22:04:44,589 | INFO | epoch=19 batch=325 global_step=6426 loss_reg_months=4.1331 lr=0.00009604 grad_norm=1.6368 throughput=35.93 img/s eta_seconds=242.4 gpu_alloc=485.0MiB gpu_reserved=4402.0MiB skipped_batches=0
2026-08-15 22:04:52,455 | INFO | epoch=19 batch=350 global_step=6434 loss_reg_months=4.1181 lr=0.00009604 grad_norm=1.3787 throughput=36.08 img/s eta_seconds=233.1 gpu_alloc=485.0MiB gpu_reserved=4402.0MiB skipped_batches=0
2026-08-15 22:05:00,399 | INFO | epoch=19 batch=375 global_step=6443 loss_reg_months=4.0941 lr=0.00009604 grad_norm=1.1240 throughput=36.19 img/s eta_seconds=224.1 gpu_alloc=375.7MiB gpu_reserved=4402.0MiB skipped_batches=0
2026-08-15 22:05:08,156 | INFO | epoch=19 batch=400 global_step=6451 loss_reg_months=4.1059 lr=0.00009604 grad_norm=1.4442 throughput=36.33 img/s eta_seconds=215.0 gpu_alloc=485.0MiB gpu_reserved=4402.0MiB skipped_batches=0
2026-08-15 22:05:16,006 | INFO | epoch=19 batch=425 global_step=6459 loss_reg_months=4.1263 lr=0.00009604 grad_norm=1.7872 throughput=36.44 img/s eta_seconds=206.1 gpu_alloc=485.0MiB gpu_reserved=4402.0MiB skipped_batches=0
2026-08-15 22:05:23,768 | INFO | epoch=19 batch=450 global_step=6468 loss_reg_months=4.1347 lr=0.00009604 grad_norm=1.6956 throughput=36.55 img/s eta_seconds=197.3 gpu_alloc=375.7MiB gpu_reserved=4402.0MiB skipped_batches=0
2026-08-15 22:05:31,441 | INFO | epoch=19 batch=475 global_step=6476 loss_reg_months=4.1453 lr=0.00009604 grad_norm=1.3725 throughput=36.68 img/s eta_seconds=188.4 gpu_alloc=485.0MiB gpu_reserved=4402.0MiB skipped_batches=0
2026-08-15 22:05:39,360 | INFO | epoch=19 batch=500 global_step=6484 loss_reg_months=4.1399 lr=0.00009604 grad_norm=1.6107 throughput=36.74 img/s eta_seconds=179.9 gpu_alloc=485.0MiB gpu_reserved=4402.0MiB skipped_batches=0
2026-08-15 22:05:47,046 | INFO | epoch=19 batch=525 global_step=6493 loss_reg_months=4.1287 lr=0.00009604 grad_norm=1.2227 throughput=36.84 img/s eta_seconds=171.3 gpu_alloc=375.7MiB gpu_reserved=4402.0MiB skipped_batches=0
2026-08-15 22:05:56,325 | INFO | epoch=19 batch=550 global_step=6501 loss_reg_months=4.1300 lr=0.00009604 grad_norm=1.4313 throughput=36.61 img/s eta_seconds=164.2 gpu_alloc=485.0MiB gpu_reserved=4402.0MiB skipped_batches=0
2026-08-15 22:06:05,017 | INFO | epoch=19 batch=575 global_step=6509 loss_reg_months=4.1353 lr=0.00009604 grad_norm=1.4811 throughput=36.51 img/s eta_seconds=156.4 gpu_alloc=485.0MiB gpu_reserved=4402.0MiB skipped_batches=0
2026-08-15 22:06:12,858 | INFO | epoch=19 batch=600 global_step=6518 loss_reg_months=4.1172 lr=0.00009604 grad_norm=0.9978 throughput=36.58 img/s eta_seconds=147.9 gpu_alloc=375.7MiB gpu_reserved=4402.0MiB skipped_batches=0
2026-08-15 22:06:20,768 | INFO | epoch=19 batch=625 global_step=6526 loss_reg_months=4.1152 lr=0.00009604 grad_norm=1.4887 throughput=36.63 img/s eta_seconds=139.5 gpu_alloc=485.0MiB gpu_reserved=4402.0MiB skipped_batches=0
2026-08-15 22:06:28,601 | INFO | epoch=19 batch=650 global_step=6534 loss_reg_months=4.1413 lr=0.00009604 grad_norm=1.9930 throughput=36.70 img/s eta_seconds=131.1 gpu_alloc=485.0MiB gpu_reserved=4402.0MiB skipped_batches=0
2026-08-15 22:06:36,534 | INFO | epoch=19 batch=675 global_step=6543 loss_reg_months=4.1335 lr=0.00009604 grad_norm=1.9078 throughput=36.74 img/s eta_seconds=122.8 gpu_alloc=375.7MiB gpu_reserved=4402.0MiB skipped_batches=0
2026-08-15 22:06:44,378 | INFO | epoch=19 batch=700 global_step=6551 loss_reg_months=4.1332 lr=0.00009604 grad_norm=1.4860 throughput=36.79 img/s eta_seconds=114.5 gpu_alloc=485.0MiB gpu_reserved=4402.0MiB skipped_batches=0
2026-08-15 22:06:52,313 | INFO | epoch=19 batch=725 global_step=6559 loss_reg_months=4.1405 lr=0.00009604 grad_norm=1.3573 throughput=36.82 img/s eta_seconds=106.2 gpu_alloc=485.0MiB gpu_reserved=4402.0MiB skipped_batches=0
2026-08-15 22:07:00,127 | INFO | epoch=19 batch=750 global_step=6568 loss_reg_months=4.1310 lr=0.00009604 grad_norm=1.9501 throughput=36.87 img/s eta_seconds=97.9 gpu_alloc=375.7MiB gpu_reserved=4402.0MiB skipped_batches=0
2026-08-15 22:07:07,912 | INFO | epoch=19 batch=775 global_step=6576 loss_reg_months=4.1225 lr=0.00009604 grad_norm=1.2734 throughput=36.92 img/s eta_seconds=89.7 gpu_alloc=485.0MiB gpu_reserved=4402.0MiB skipped_batches=0
2026-08-15 22:07:15,824 | INFO | epoch=19 batch=800 global_step=6584 loss_reg_months=4.1384 lr=0.00009604 grad_norm=1.3523 throughput=36.95 img/s eta_seconds=81.5 gpu_alloc=485.0MiB gpu_reserved=4402.0MiB skipped_batches=0
2026-08-15 22:07:24,577 | INFO | epoch=19 batch=825 global_step=6593 loss_reg_months=4.1353 lr=0.00009604 grad_norm=1.6497 throughput=36.87 img/s eta_seconds=73.5 gpu_alloc=375.7MiB gpu_reserved=4402.0MiB skipped_batches=0
2026-08-15 22:07:32,385 | INFO | epoch=19 batch=850 global_step=6601 loss_reg_months=4.1556 lr=0.00009604 grad_norm=1.8438 throughput=36.91 img/s eta_seconds=65.3 gpu_alloc=485.0MiB gpu_reserved=4402.0MiB skipped_batches=0
2026-08-15 22:07:40,287 | INFO | epoch=19 batch=875 global_step=6609 loss_reg_months=4.1505 lr=0.00009604 grad_norm=1.0544 throughput=36.94 img/s eta_seconds=57.1 gpu_alloc=485.0MiB gpu_reserved=4402.0MiB skipped_batches=0
2026-08-15 22:07:47,956 | INFO | epoch=19 batch=900 global_step=6618 loss_reg_months=4.1468 lr=0.00009604 grad_norm=1.4736 throughput=37.00 img/s eta_seconds=48.9 gpu_alloc=375.7MiB gpu_reserved=4402.0MiB skipped_batches=0
2026-08-15 22:07:55,849 | INFO | epoch=19 batch=925 global_step=6626 loss_reg_months=4.1578 lr=0.00009604 grad_norm=1.4192 throughput=37.02 img/s eta_seconds=40.8 gpu_alloc=485.0MiB gpu_reserved=4402.0MiB skipped_batches=0
2026-08-15 22:08:03,621 | INFO | epoch=19 batch=950 global_step=6634 loss_reg_months=4.1426 lr=0.00009604 grad_norm=1.3809 throughput=37.06 img/s eta_seconds=32.7 gpu_alloc=485.0MiB gpu_reserved=4402.0MiB skipped_batches=0
2026-08-15 22:08:11,432 | INFO | epoch=19 batch=975 global_step=6643 loss_reg_months=4.1384 lr=0.00009604 grad_norm=1.7634 throughput=37.10 img/s eta_seconds=24.6 gpu_alloc=375.7MiB gpu_reserved=4402.0MiB skipped_batches=0
2026-08-15 22:08:19,102 | INFO | epoch=19 batch=1000 global_step=6651 loss_reg_months=4.1362 lr=0.00009604 grad_norm=1.4327 throughput=37.14 img/s eta_seconds=16.4 gpu_alloc=485.0MiB gpu_reserved=4402.0MiB skipped_batches=0
2026-08-15 22:08:26,811 | INFO | epoch=19 batch=1025 global_step=6659 loss_reg_months=4.1448 lr=0.00009604 grad_norm=1.3250 throughput=37.19 img/s eta_seconds=8.4 gpu_alloc=485.0MiB gpu_reserved=4402.0MiB skipped_batches=0
2026-08-15 22:08:34,639 | INFO | epoch=19 batch=1050 global_step=6668 loss_reg_months=4.1453 lr=0.00009604 grad_norm=1.2179 throughput=37.21 img/s eta_seconds=0.3 gpu_alloc=375.7MiB gpu_reserved=4402.0MiB skipped_batches=0
2026-08-15 22:09:01,810 | WARNING | STABILITY WARNING [CAM] Prediction vượt nhẹ miền tuổi 0–228: [8.31, 232.00]
2026-08-15 22:09:05,249 | INFO | 
TRAINING REVIEW SNAPSHOT
Run ID / config hash / split hash: P5_D0_CONVNEXT_TINY_SEED123 / 7209e3e6dada / 7328667e6822+f650a20432b5
Epoch / global step: 19 / 6669
Train loss: 4.1455
Validation MAE / RMSE / median AE: 6.2826 / 8.5242 / 4.7500
MAE nam / nữ / age bins: {'F': 6.656058282208589, 'M': 5.967577619663648} / {'0-59': 6.91156914893617, '120-179': 6.139678615574784, '60-119': 6.903553299492386, '180-228': 4.8125}
Learning rate / peak VRAM: 0.00009604 / 4402.0 MiB
Best epoch / best MAE / epochs không cải thiện: 19 / 6.2826 / 0
Cảnh báo hiện tại: CAM: Prediction vượt nhẹ miền tuổi 0–228: [8.31, 232.00]
Checkpoint gần nhất: p1_baseline\runs\P5_D0_CONVNEXT_TINY_SEED123\last.ckpt
Checkpoint tốt nhất: p1_baseline\runs\P5_D0_CONVNEXT_TINY_SEED123\best_mae.ckpt
Đề xuất tự động: THEO DÕI
2026-08-15 22:09:28,667 | INFO | epoch=20 batch=25 global_step=6677 loss_reg_months=3.8812 lr=0.00008714 grad_norm=1.2765 throughput=20.27 img/s eta_seconds=607.4 gpu_alloc=485.0MiB gpu_reserved=4402.0MiB skipped_batches=0
2026-08-15 22:09:36,542 | INFO | epoch=20 batch=50 global_step=6685 loss_reg_months=4.0217 lr=0.00008714 grad_norm=1.0812 throughput=26.46 img/s eta_seconds=453.9 gpu_alloc=485.0MiB gpu_reserved=4402.0MiB skipped_batches=0
2026-08-15 22:09:45,257 | INFO | epoch=20 batch=75 global_step=6694 loss_reg_months=3.9690 lr=0.00008714 grad_norm=1.3749 throughput=28.67 img/s eta_seconds=408.4 gpu_alloc=375.7MiB gpu_reserved=4402.0MiB skipped_batches=0
2026-08-15 22:09:53,436 | INFO | epoch=20 batch=100 global_step=6702 loss_reg_months=3.8393 lr=0.00008714 grad_norm=0.9970 throughput=30.33 img/s eta_seconds=376.3 gpu_alloc=485.0MiB gpu_reserved=4402.0MiB skipped_batches=0
2026-08-15 22:10:01,282 | INFO | epoch=20 batch=125 global_step=6710 loss_reg_months=3.9173 lr=0.00008714 grad_norm=1.3174 throughput=31.64 img/s eta_seconds=351.2 gpu_alloc=485.0MiB gpu_reserved=4402.0MiB skipped_batches=0
2026-08-15 22:10:09,963 | INFO | epoch=20 batch=150 global_step=6719 loss_reg_months=3.9847 lr=0.00008714 grad_norm=1.2653 throughput=32.09 img/s eta_seconds=336.9 gpu_alloc=375.7MiB gpu_reserved=4402.0MiB skipped_batches=0
2026-08-15 22:10:18,873 | INFO | epoch=20 batch=175 global_step=6727 loss_reg_months=3.9381 lr=0.00008714 grad_norm=1.4942 throughput=32.31 img/s eta_seconds=325.4 gpu_alloc=485.0MiB gpu_reserved=4402.0MiB skipped_batches=0
2026-08-15 22:10:27,177 | INFO | epoch=20 batch=200 global_step=6735 loss_reg_months=3.9119 lr=0.00008714 grad_norm=0.9725 throughput=32.74 img/s eta_seconds=311.9 gpu_alloc=485.0MiB gpu_reserved=4402.0MiB skipped_batches=0
2026-08-15 22:10:36,219 | INFO | epoch=20 batch=225 global_step=6744 loss_reg_months=3.9615 lr=0.00008714 grad_norm=1.4295 throughput=32.79 img/s eta_seconds=302.3 gpu_alloc=375.7MiB gpu_reserved=4402.0MiB skipped_batches=0
2026-08-15 22:10:44,188 | INFO | epoch=20 batch=250 global_step=6752 loss_reg_months=4.0114 lr=0.00008714 grad_norm=1.7810 throughput=33.21 img/s eta_seconds=289.4 gpu_alloc=485.0MiB gpu_reserved=4402.0MiB skipped_batches=0
2026-08-15 22:10:52,510 | INFO | epoch=20 batch=275 global_step=6760 loss_reg_months=4.0181 lr=0.00008714 grad_norm=2.5691 throughput=33.45 img/s eta_seconds=278.3 gpu_alloc=485.0MiB gpu_reserved=4402.0MiB skipped_batches=0
2026-08-15 22:11:00,943 | INFO | epoch=20 batch=300 global_step=6769 loss_reg_months=4.0325 lr=0.00008714 grad_norm=1.4032 throughput=33.62 img/s eta_seconds=268.0 gpu_alloc=375.7MiB gpu_reserved=4402.0MiB skipped_batches=0
2026-08-15 22:11:09,029 | INFO | epoch=20 batch=325 global_step=6777 loss_reg_months=3.9911 lr=0.00008714 grad_norm=1.1192 throughput=33.87 img/s eta_seconds=257.2 gpu_alloc=485.0MiB gpu_reserved=4402.0MiB skipped_batches=0
2026-08-15 22:11:17,057 | INFO | epoch=20 batch=350 global_step=6785 loss_reg_months=3.9886 lr=0.00008714 grad_norm=1.1212 throughput=34.09 img/s eta_seconds=246.7 gpu_alloc=485.0MiB gpu_reserved=4402.0MiB skipped_batches=0
2026-08-15 22:11:25,002 | INFO | epoch=20 batch=375 global_step=6794 loss_reg_months=4.0004 lr=0.00008714 grad_norm=2.1316 throughput=34.32 img/s eta_seconds=236.4 gpu_alloc=375.7MiB gpu_reserved=4402.0MiB skipped_batches=0
2026-08-15 22:11:33,051 | INFO | epoch=20 batch=400 global_step=6802 loss_reg_months=4.0175 lr=0.00008714 grad_norm=1.1274 throughput=34.49 img/s eta_seconds=226.5 gpu_alloc=485.0MiB gpu_reserved=4402.0MiB skipped_batches=0
2026-08-15 22:11:41,026 | INFO | epoch=20 batch=425 global_step=6810 loss_reg_months=4.0055 lr=0.00008714 grad_norm=1.0437 throughput=34.66 img/s eta_seconds=216.7 gpu_alloc=485.0MiB gpu_reserved=4402.0MiB skipped_batches=0
2026-08-15 22:11:49,059 | INFO | epoch=20 batch=450 global_step=6819 loss_reg_months=4.0216 lr=0.00008714 grad_norm=1.2835 throughput=34.80 img/s eta_seconds=207.2 gpu_alloc=375.7MiB gpu_reserved=4402.0MiB skipped_batches=0
2026-08-15 22:11:56,965 | INFO | epoch=20 batch=475 global_step=6827 loss_reg_months=4.0182 lr=0.00008714 grad_norm=1.3432 throughput=34.95 img/s eta_seconds=197.7 gpu_alloc=485.0MiB gpu_reserved=4402.0MiB skipped_batches=0
2026-08-15 22:12:04,857 | INFO | epoch=20 batch=500 global_step=6835 loss_reg_months=4.0195 lr=0.00008714 grad_norm=1.7844 throughput=35.09 img/s eta_seconds=188.4 gpu_alloc=485.0MiB gpu_reserved=4402.0MiB skipped_batches=0
2026-08-15 22:12:12,916 | INFO | epoch=20 batch=525 global_step=6844 loss_reg_months=4.0421 lr=0.00008714 grad_norm=1.5688 throughput=35.19 img/s eta_seconds=179.4 gpu_alloc=375.7MiB gpu_reserved=4402.0MiB skipped_batches=0
2026-08-15 22:12:20,876 | INFO | epoch=20 batch=550 global_step=6852 loss_reg_months=4.0544 lr=0.00008714 grad_norm=1.5605 throughput=35.29 img/s eta_seconds=170.3 gpu_alloc=485.0MiB gpu_reserved=4402.0MiB skipped_batches=0
2026-08-15 22:12:28,784 | INFO | epoch=20 batch=575 global_step=6860 loss_reg_months=4.0488 lr=0.00008714 grad_norm=1.7930 throughput=35.40 img/s eta_seconds=161.3 gpu_alloc=485.0MiB gpu_reserved=4402.0MiB skipped_batches=0
2026-08-15 22:12:37,269 | INFO | epoch=20 batch=600 global_step=6869 loss_reg_months=4.0562 lr=0.00008714 grad_norm=1.4958 throughput=35.40 img/s eta_seconds=152.9 gpu_alloc=375.7MiB gpu_reserved=4402.0MiB skipped_batches=0
2026-08-15 22:12:45,453 | INFO | epoch=20 batch=625 global_step=6877 loss_reg_months=4.0616 lr=0.00008714 grad_norm=1.3392 throughput=35.45 img/s eta_seconds=144.2 gpu_alloc=485.0MiB gpu_reserved=4402.0MiB skipped_batches=0
2026-08-15 22:12:53,377 | INFO | epoch=20 batch=650 global_step=6885 loss_reg_months=4.0385 lr=0.00008714 grad_norm=1.8307 throughput=35.53 img/s eta_seconds=135.4 gpu_alloc=485.0MiB gpu_reserved=4402.0MiB skipped_batches=0
2026-08-15 22:13:01,587 | INFO | epoch=20 batch=675 global_step=6894 loss_reg_months=4.0405 lr=0.00008714 grad_norm=1.1081 throughput=35.57 img/s eta_seconds=126.8 gpu_alloc=375.7MiB gpu_reserved=4402.0MiB skipped_batches=0
2026-08-15 22:13:10,164 | INFO | epoch=20 batch=700 global_step=6902 loss_reg_months=4.0294 lr=0.00008714 grad_norm=0.9579 throughput=35.55 img/s eta_seconds=118.5 gpu_alloc=485.0MiB gpu_reserved=4402.0MiB skipped_batches=0
2026-08-15 22:13:18,773 | INFO | epoch=20 batch=725 global_step=6910 loss_reg_months=4.0088 lr=0.00008714 grad_norm=1.7303 throughput=35.52 img/s eta_seconds=110.1 gpu_alloc=485.0MiB gpu_reserved=4402.0MiB skipped_batches=0
2026-08-15 22:13:26,614 | INFO | epoch=20 batch=750 global_step=6919 loss_reg_months=4.0028 lr=0.00008714 grad_norm=1.1952 throughput=35.61 img/s eta_seconds=101.4 gpu_alloc=375.7MiB gpu_reserved=4402.0MiB skipped_batches=0
2026-08-15 22:13:35,144 | INFO | epoch=20 batch=775 global_step=6927 loss_reg_months=4.0050 lr=0.00008714 grad_norm=1.6251 throughput=35.59 img/s eta_seconds=93.0 gpu_alloc=485.0MiB gpu_reserved=4402.0MiB skipped_batches=0
2026-08-15 22:13:43,484 | INFO | epoch=20 batch=800 global_step=6935 loss_reg_months=4.0135 lr=0.00008714 grad_norm=1.3340 throughput=35.61 img/s eta_seconds=84.6 gpu_alloc=485.0MiB gpu_reserved=4402.0MiB skipped_batches=0
2026-08-15 22:13:51,529 | INFO | epoch=20 batch=825 global_step=6944 loss_reg_months=4.0097 lr=0.00008714 grad_norm=1.6786 throughput=35.65 img/s eta_seconds=76.0 gpu_alloc=375.7MiB gpu_reserved=4402.0MiB skipped_batches=0
2026-08-15 22:13:59,544 | INFO | epoch=20 batch=850 global_step=6952 loss_reg_months=4.0079 lr=0.00008714 grad_norm=1.2925 throughput=35.70 img/s eta_seconds=67.5 gpu_alloc=485.0MiB gpu_reserved=4402.0MiB skipped_batches=0
2026-08-15 22:14:07,598 | INFO | epoch=20 batch=875 global_step=6960 loss_reg_months=4.0082 lr=0.00008714 grad_norm=1.8218 throughput=35.75 img/s eta_seconds=59.1 gpu_alloc=485.0MiB gpu_reserved=4402.0MiB skipped_batches=0
2026-08-15 22:14:16,192 | INFO | epoch=20 batch=900 global_step=6969 loss_reg_months=4.0033 lr=0.00008714 grad_norm=1.4727 throughput=35.72 img/s eta_seconds=50.7 gpu_alloc=375.7MiB gpu_reserved=4402.0MiB skipped_batches=0
2026-08-15 22:14:24,794 | INFO | epoch=20 batch=925 global_step=6977 loss_reg_months=4.0146 lr=0.00008714 grad_norm=1.3725 throughput=35.70 img/s eta_seconds=42.3 gpu_alloc=485.0MiB gpu_reserved=4402.0MiB skipped_batches=0
2026-08-15 22:14:33,117 | INFO | epoch=20 batch=950 global_step=6985 loss_reg_months=4.0124 lr=0.00008714 grad_norm=1.4932 throughput=35.71 img/s eta_seconds=33.9 gpu_alloc=485.0MiB gpu_reserved=4402.0MiB skipped_batches=0
2026-08-15 22:14:41,928 | INFO | epoch=20 batch=975 global_step=6994 loss_reg_months=4.0250 lr=0.00008714 grad_norm=1.4945 throughput=35.66 img/s eta_seconds=25.5 gpu_alloc=375.7MiB gpu_reserved=4402.0MiB skipped_batches=0
2026-08-15 22:14:51,409 | INFO | epoch=20 batch=1000 global_step=7002 loss_reg_months=4.0321 lr=0.00008714 grad_norm=2.6168 throughput=35.55 img/s eta_seconds=17.2 gpu_alloc=485.0MiB gpu_reserved=4402.0MiB skipped_batches=0
2026-08-15 22:14:59,718 | INFO | epoch=20 batch=1025 global_step=7010 loss_reg_months=4.0329 lr=0.00008714 grad_norm=2.1525 throughput=35.56 img/s eta_seconds=8.7 gpu_alloc=485.0MiB gpu_reserved=4402.0MiB skipped_batches=0
2026-08-15 22:15:08,269 | INFO | epoch=20 batch=1050 global_step=7019 loss_reg_months=4.0335 lr=0.00008714 grad_norm=1.3285 throughput=35.55 img/s eta_seconds=0.3 gpu_alloc=375.7MiB gpu_reserved=4402.0MiB skipped_batches=0
2026-08-15 22:15:43,278 | INFO | 
TRAINING REVIEW SNAPSHOT
Run ID / config hash / split hash: P5_D0_CONVNEXT_TINY_SEED123 / 7209e3e6dada / 7328667e6822+f650a20432b5
Epoch / global step: 20 / 7020
Train loss: 4.0326
Validation MAE / RMSE / median AE: 6.5025 / 8.8790 / 5.0000
MAE nam / nữ / age bins: {'F': 6.883124041411043, 'M': 6.18151681759379} / {'0-59': 5.753823138297872, '120-179': 6.283065512978986, '60-119': 7.594543147208122, '180-228': 5.078125}
Learning rate / peak VRAM: 0.00008714 / 4402.0 MiB
Best epoch / best MAE / epochs không cải thiện: 19 / 6.2826 / 1
Cảnh báo hiện tại: KHÔNG
Checkpoint gần nhất: p1_baseline\runs\P5_D0_CONVNEXT_TINY_SEED123\last.ckpt
Checkpoint tốt nhất: p1_baseline\runs\P5_D0_CONVNEXT_TINY_SEED123\best_mae.ckpt
Đề xuất tự động: TIẾP TỤC
2026-08-15 22:16:01,854 | INFO | epoch=21 batch=25 global_step=7028 loss_reg_months=4.3606 lr=0.00007836 grad_norm=1.5229 throughput=18.69 img/s eta_seconds=658.8 gpu_alloc=485.0MiB gpu_reserved=4402.0MiB skipped_batches=0
2026-08-15 22:16:10,149 | INFO | epoch=21 batch=50 global_step=7036 loss_reg_months=4.1111 lr=0.00007836 grad_norm=1.4920 throughput=24.64 img/s eta_seconds=487.4 gpu_alloc=485.0MiB gpu_reserved=4402.0MiB skipped_batches=0
2026-08-15 22:16:18,263 | INFO | epoch=21 batch=75 global_step=7045 loss_reg_months=4.0459 lr=0.00007836 grad_norm=2.1207 throughput=27.72 img/s eta_seconds=422.4 gpu_alloc=375.7MiB gpu_reserved=4402.0MiB skipped_batches=0
2026-08-15 22:16:26,476 | INFO | epoch=21 batch=100 global_step=7053 loss_reg_months=4.0291 lr=0.00007836 grad_norm=2.1818 throughput=29.50 img/s eta_seconds=386.8 gpu_alloc=485.0MiB gpu_reserved=4402.0MiB skipped_batches=0
2026-08-15 22:16:34,656 | INFO | epoch=21 batch=125 global_step=7061 loss_reg_months=4.0005 lr=0.00007836 grad_norm=1.3989 throughput=30.70 img/s eta_seconds=361.9 gpu_alloc=485.0MiB gpu_reserved=4402.0MiB skipped_batches=0
2026-08-15 22:16:42,769 | INFO | epoch=21 batch=150 global_step=7070 loss_reg_months=3.9721 lr=0.00007836 grad_norm=1.6658 throughput=31.60 img/s eta_seconds=342.2 gpu_alloc=375.7MiB gpu_reserved=4402.0MiB skipped_batches=0
2026-08-15 22:16:50,791 | INFO | epoch=21 batch=175 global_step=7078 loss_reg_months=3.9078 lr=0.00007836 grad_norm=1.6451 throughput=32.31 img/s eta_seconds=325.3 gpu_alloc=485.0MiB gpu_reserved=4402.0MiB skipped_batches=0
2026-08-15 22:16:58,833 | INFO | epoch=21 batch=200 global_step=7086 loss_reg_months=3.9256 lr=0.00007836 grad_norm=1.5716 throughput=32.86 img/s eta_seconds=310.7 gpu_alloc=485.0MiB gpu_reserved=4402.0MiB skipped_batches=0
2026-08-15 22:17:07,189 | INFO | epoch=21 batch=225 global_step=7095 loss_reg_months=3.9390 lr=0.00007836 grad_norm=1.3115 throughput=33.17 img/s eta_seconds=298.8 gpu_alloc=375.7MiB gpu_reserved=4402.0MiB skipped_batches=0
2026-08-15 22:17:15,255 | INFO | epoch=21 batch=250 global_step=7103 loss_reg_months=3.9020 lr=0.00007836 grad_norm=1.5839 throughput=33.54 img/s eta_seconds=286.6 gpu_alloc=485.0MiB gpu_reserved=4402.0MiB skipped_batches=0
2026-08-15 22:17:23,984 | INFO | epoch=21 batch=275 global_step=7111 loss_reg_months=3.9005 lr=0.00007836 grad_norm=1.4519 throughput=33.61 img/s eta_seconds=277.0 gpu_alloc=485.0MiB gpu_reserved=4402.0MiB skipped_batches=0
2026-08-15 22:17:32,222 | INFO | epoch=21 batch=300 global_step=7120 loss_reg_months=3.8937 lr=0.00007836 grad_norm=1.2411 throughput=33.83 img/s eta_seconds=266.4 gpu_alloc=375.7MiB gpu_reserved=4402.0MiB skipped_batches=0
2026-08-15 22:17:40,875 | INFO | epoch=21 batch=325 global_step=7128 loss_reg_months=3.8824 lr=0.00007836 grad_norm=1.2248 throughput=33.89 img/s eta_seconds=257.0 gpu_alloc=485.0MiB gpu_reserved=4402.0MiB skipped_batches=0
2026-08-15 22:17:49,358 | INFO | epoch=21 batch=350 global_step=7136 loss_reg_months=3.8929 lr=0.00007836 grad_norm=1.3678 throughput=33.99 img/s eta_seconds=247.4 gpu_alloc=485.0MiB gpu_reserved=4402.0MiB skipped_batches=0
2026-08-15 22:17:58,270 | INFO | epoch=21 batch=375 global_step=7145 loss_reg_months=3.8927 lr=0.00007836 grad_norm=1.6308 throughput=33.97 img/s eta_seconds=238.8 gpu_alloc=375.7MiB gpu_reserved=4402.0MiB skipped_batches=0
2026-08-15 22:18:07,169 | INFO | epoch=21 batch=400 global_step=7153 loss_reg_months=3.8857 lr=0.00007836 grad_norm=1.7523 throughput=33.95 img/s eta_seconds=230.0 gpu_alloc=485.0MiB gpu_reserved=4402.0MiB skipped_batches=0
2026-08-15 22:18:15,825 | INFO | epoch=21 batch=425 global_step=7161 loss_reg_months=3.9168 lr=0.00007836 grad_norm=2.3138 throughput=33.99 img/s eta_seconds=220.9 gpu_alloc=485.0MiB gpu_reserved=4402.0MiB skipped_batches=0
2026-08-15 22:18:24,529 | INFO | epoch=21 batch=450 global_step=7170 loss_reg_months=3.9308 lr=0.00007836 grad_norm=1.7571 throughput=34.02 img/s eta_seconds=212.0 gpu_alloc=375.7MiB gpu_reserved=4402.0MiB skipped_batches=0
2026-08-15 22:18:34,091 | INFO | epoch=21 batch=475 global_step=7178 loss_reg_months=3.9122 lr=0.00007836 grad_norm=1.3932 throughput=33.87 img/s eta_seconds=204.0 gpu_alloc=485.0MiB gpu_reserved=4402.0MiB skipped_batches=0
2026-08-15 22:18:42,986 | INFO | epoch=21 batch=500 global_step=7186 loss_reg_months=3.9080 lr=0.00007836 grad_norm=1.6075 throughput=33.86 img/s eta_seconds=195.2 gpu_alloc=485.0MiB gpu_reserved=4402.0MiB skipped_batches=0
2026-08-15 22:18:52,037 | INFO | epoch=21 batch=525 global_step=7195 loss_reg_months=3.8895 lr=0.00007836 grad_norm=1.3564 throughput=33.83 img/s eta_seconds=186.6 gpu_alloc=375.7MiB gpu_reserved=4402.0MiB skipped_batches=0
2026-08-15 22:19:00,610 | INFO | epoch=21 batch=550 global_step=7203 loss_reg_months=3.8829 lr=0.00007836 grad_norm=1.5081 throughput=33.88 img/s eta_seconds=177.4 gpu_alloc=485.0MiB gpu_reserved=4402.0MiB skipped_batches=0
2026-08-15 22:19:09,030 | INFO | epoch=21 batch=575 global_step=7211 loss_reg_months=3.8693 lr=0.00007836 grad_norm=1.7218 throughput=33.95 img/s eta_seconds=168.2 gpu_alloc=485.0MiB gpu_reserved=4402.0MiB skipped_batches=0
2026-08-15 22:19:17,442 | INFO | epoch=21 batch=600 global_step=7220 loss_reg_months=3.8745 lr=0.00007836 grad_norm=1.4552 throughput=34.02 img/s eta_seconds=159.1 gpu_alloc=375.7MiB gpu_reserved=4402.0MiB skipped_batches=0
2026-08-15 22:19:26,602 | INFO | epoch=21 batch=625 global_step=7228 loss_reg_months=3.8831 lr=0.00007836 grad_norm=1.1173 throughput=33.97 img/s eta_seconds=150.5 gpu_alloc=485.0MiB gpu_reserved=4402.0MiB skipped_batches=0
2026-08-15 22:19:35,024 | INFO | epoch=21 batch=650 global_step=7236 loss_reg_months=3.8716 lr=0.00007836 grad_norm=1.5392 throughput=34.03 img/s eta_seconds=141.4 gpu_alloc=485.0MiB gpu_reserved=4402.0MiB skipped_batches=0
2026-08-15 22:19:43,596 | INFO | epoch=21 batch=675 global_step=7245 loss_reg_months=3.8587 lr=0.00007836 grad_norm=2.1004 throughput=34.06 img/s eta_seconds=132.4 gpu_alloc=375.7MiB gpu_reserved=4402.0MiB skipped_batches=0
2026-08-15 22:19:51,990 | INFO | epoch=21 batch=700 global_step=7253 loss_reg_months=3.8484 lr=0.00007836 grad_norm=1.4404 throughput=34.12 img/s eta_seconds=123.4 gpu_alloc=485.0MiB gpu_reserved=4402.0MiB skipped_batches=0
2026-08-15 22:20:00,934 | INFO | epoch=21 batch=725 global_step=7261 loss_reg_months=3.8608 lr=0.00007836 grad_norm=1.4906 throughput=34.10 img/s eta_seconds=114.7 gpu_alloc=485.0MiB gpu_reserved=4402.0MiB skipped_batches=0
2026-08-15 22:20:09,350 | INFO | epoch=21 batch=750 global_step=7270 loss_reg_months=3.8594 lr=0.00007836 grad_norm=1.2536 throughput=34.15 img/s eta_seconds=105.7 gpu_alloc=375.7MiB gpu_reserved=4402.0MiB skipped_batches=0
2026-08-15 22:20:17,557 | INFO | epoch=21 batch=775 global_step=7278 loss_reg_months=3.8718 lr=0.00007836 grad_norm=1.9194 throughput=34.22 img/s eta_seconds=96.8 gpu_alloc=485.0MiB gpu_reserved=4402.0MiB skipped_batches=0
2026-08-15 22:20:25,921 | INFO | epoch=21 batch=800 global_step=7286 loss_reg_months=3.8812 lr=0.00007836 grad_norm=1.3167 throughput=34.27 img/s eta_seconds=87.9 gpu_alloc=485.0MiB gpu_reserved=4402.0MiB skipped_batches=0
2026-08-15 22:20:34,371 | INFO | epoch=21 batch=825 global_step=7295 loss_reg_months=3.8862 lr=0.00007836 grad_norm=1.4447 throughput=34.31 img/s eta_seconds=79.0 gpu_alloc=375.7MiB gpu_reserved=4402.0MiB skipped_batches=0
2026-08-15 22:20:42,676 | INFO | epoch=21 batch=850 global_step=7303 loss_reg_months=3.8843 lr=0.00007836 grad_norm=1.6197 throughput=34.36 img/s eta_seconds=70.2 gpu_alloc=485.0MiB gpu_reserved=4402.0MiB skipped_batches=0
2026-08-15 22:20:50,817 | INFO | epoch=21 batch=875 global_step=7311 loss_reg_months=3.8719 lr=0.00007836 grad_norm=2.1242 throughput=34.42 img/s eta_seconds=61.3 gpu_alloc=485.0MiB gpu_reserved=4402.0MiB skipped_batches=0
2026-08-15 22:20:59,517 | INFO | epoch=21 batch=900 global_step=7320 loss_reg_months=3.8709 lr=0.00007836 grad_norm=1.7747 throughput=34.43 img/s eta_seconds=52.6 gpu_alloc=375.7MiB gpu_reserved=4402.0MiB skipped_batches=0
2026-08-15 22:21:07,872 | INFO | epoch=21 batch=925 global_step=7328 loss_reg_months=3.8706 lr=0.00007836 grad_norm=2.0498 throughput=34.46 img/s eta_seconds=43.8 gpu_alloc=485.0MiB gpu_reserved=4402.0MiB skipped_batches=0
2026-08-15 22:21:15,951 | INFO | epoch=21 batch=950 global_step=7336 loss_reg_months=3.8700 lr=0.00007836 grad_norm=1.5999 throughput=34.53 img/s eta_seconds=35.1 gpu_alloc=485.0MiB gpu_reserved=4402.0MiB skipped_batches=0
2026-08-15 22:21:24,391 | INFO | epoch=21 batch=975 global_step=7345 loss_reg_months=3.8728 lr=0.00007836 grad_norm=1.1665 throughput=34.56 img/s eta_seconds=26.4 gpu_alloc=375.7MiB gpu_reserved=4402.0MiB skipped_batches=0
2026-08-15 22:21:32,686 | INFO | epoch=21 batch=1000 global_step=7353 loss_reg_months=3.8729 lr=0.00007836 grad_norm=1.8654 throughput=34.59 img/s eta_seconds=17.7 gpu_alloc=485.0MiB gpu_reserved=4402.0MiB skipped_batches=0
2026-08-15 22:21:40,841 | INFO | epoch=21 batch=1025 global_step=7361 loss_reg_months=3.8755 lr=0.00007836 grad_norm=1.9334 throughput=34.64 img/s eta_seconds=9.0 gpu_alloc=485.0MiB gpu_reserved=4402.0MiB skipped_batches=0
2026-08-15 22:21:49,198 | INFO | epoch=21 batch=1050 global_step=7370 loss_reg_months=3.8807 lr=0.00007836 grad_norm=2.2783 throughput=34.67 img/s eta_seconds=0.3 gpu_alloc=375.7MiB gpu_reserved=4402.0MiB skipped_batches=0
2026-08-15 22:22:24,841 | WARNING | STABILITY WARNING [CAM] Prediction vượt nhẹ miền tuổi 0–228: [6.31, 233.00]
2026-08-15 22:22:24,851 | INFO | 
TRAINING REVIEW SNAPSHOT
Run ID / config hash / split hash: P5_D0_CONVNEXT_TINY_SEED123 / 7209e3e6dada / 7328667e6822+f650a20432b5
Epoch / global step: 21 / 7371
Train loss: 3.8821
Validation MAE / RMSE / median AE: 6.3705 / 8.6747 / 5.0000
MAE nam / nữ / age bins: {'F': 6.753163343558282, 'M': 6.047703751617076} / {'0-59': 6.850398936170213, '120-179': 6.2336217552534, '60-119': 7.030456852791878, '180-228': 4.8515625}
Learning rate / peak VRAM: 0.00007836 / 4402.0 MiB
Best epoch / best MAE / epochs không cải thiện: 19 / 6.2826 / 2
Cảnh báo hiện tại: CAM: Prediction vượt nhẹ miền tuổi 0–228: [6.31, 233.00]
Checkpoint gần nhất: p1_baseline\runs\P5_D0_CONVNEXT_TINY_SEED123\last.ckpt
Checkpoint tốt nhất: p1_baseline\runs\P5_D0_CONVNEXT_TINY_SEED123\best_mae.ckpt
Đề xuất tự động: THEO DÕI
2026-08-15 22:22:43,276 | INFO | epoch=22 batch=25 global_step=7379 loss_reg_months=3.8475 lr=0.00006975 grad_norm=1.4317 throughput=18.90 img/s eta_seconds=651.5 gpu_alloc=485.0MiB gpu_reserved=4402.0MiB skipped_batches=0
2026-08-15 22:22:51,561 | INFO | epoch=22 batch=50 global_step=7387 loss_reg_months=3.7672 lr=0.00006975 grad_norm=1.4531 throughput=24.83 img/s eta_seconds=483.7 gpu_alloc=485.0MiB gpu_reserved=4402.0MiB skipped_batches=0
2026-08-15 22:23:00,166 | INFO | epoch=22 batch=75 global_step=7396 loss_reg_months=3.6740 lr=0.00006975 grad_norm=2.1245 throughput=27.47 img/s eta_seconds=426.4 gpu_alloc=375.7MiB gpu_reserved=4402.0MiB skipped_batches=0
2026-08-15 22:23:08,396 | INFO | epoch=22 batch=100 global_step=7404 loss_reg_months=3.6440 lr=0.00006975 grad_norm=1.6587 throughput=29.27 img/s eta_seconds=389.8 gpu_alloc=485.0MiB gpu_reserved=4402.0MiB skipped_batches=0
2026-08-15 22:23:16,916 | INFO | epoch=22 batch=125 global_step=7412 loss_reg_months=3.6675 lr=0.00006975 grad_norm=1.4714 throughput=30.29 img/s eta_seconds=366.8 gpu_alloc=485.0MiB gpu_reserved=4402.0MiB skipped_batches=0
2026-08-15 22:23:25,174 | INFO | epoch=22 batch=150 global_step=7421 loss_reg_months=3.7109 lr=0.00006975 grad_norm=1.7590 throughput=31.16 img/s eta_seconds=347.0 gpu_alloc=375.7MiB gpu_reserved=4402.0MiB skipped_batches=0
2026-08-15 22:23:33,299 | INFO | epoch=22 batch=175 global_step=7429 loss_reg_months=3.7604 lr=0.00006975 grad_norm=1.3951 throughput=31.87 img/s eta_seconds=329.8 gpu_alloc=485.0MiB gpu_reserved=4402.0MiB skipped_batches=0
2026-08-15 22:23:41,442 | INFO | epoch=22 batch=200 global_step=7437 loss_reg_months=3.8242 lr=0.00006975 grad_norm=1.6240 throughput=32.41 img/s eta_seconds=315.0 gpu_alloc=485.0MiB gpu_reserved=4402.0MiB skipped_batches=0
2026-08-15 22:23:49,727 | INFO | epoch=22 batch=225 global_step=7446 loss_reg_months=3.8567 lr=0.00006975 grad_norm=2.1052 throughput=32.80 img/s eta_seconds=302.2 gpu_alloc=375.7MiB gpu_reserved=4402.0MiB skipped_batches=0
2026-08-15 22:23:57,915 | INFO | epoch=22 batch=250 global_step=7454 loss_reg_months=3.8890 lr=0.00006975 grad_norm=1.3890 throughput=33.14 img/s eta_seconds=290.0 gpu_alloc=485.0MiB gpu_reserved=4402.0MiB skipped_batches=0
2026-08-15 22:24:06,236 | INFO | epoch=22 batch=275 global_step=7462 loss_reg_months=3.8506 lr=0.00006975 grad_norm=1.8370 throughput=33.39 img/s eta_seconds=278.9 gpu_alloc=485.0MiB gpu_reserved=4402.0MiB skipped_batches=0
2026-08-15 22:24:14,481 | INFO | epoch=22 batch=300 global_step=7471 loss_reg_months=3.8093 lr=0.00006975 grad_norm=1.7041 throughput=33.62 img/s eta_seconds=268.0 gpu_alloc=375.7MiB gpu_reserved=4402.0MiB skipped_batches=0
2026-08-15 22:24:22,982 | INFO | epoch=22 batch=325 global_step=7479 loss_reg_months=3.7867 lr=0.00006975 grad_norm=1.8020 throughput=33.74 img/s eta_seconds=258.2 gpu_alloc=485.0MiB gpu_reserved=4402.0MiB skipped_batches=0
2026-08-15 22:24:31,139 | INFO | epoch=22 batch=350 global_step=7487 loss_reg_months=3.7668 lr=0.00006975 grad_norm=1.5217 throughput=33.94 img/s eta_seconds=247.8 gpu_alloc=485.0MiB gpu_reserved=4402.0MiB skipped_batches=0
2026-08-15 22:24:40,573 | INFO | epoch=22 batch=375 global_step=7496 loss_reg_months=3.7733 lr=0.00006975 grad_norm=1.1547 throughput=33.79 img/s eta_seconds=240.0 gpu_alloc=375.7MiB gpu_reserved=4402.0MiB skipped_batches=0
2026-08-15 22:24:51,899 | INFO | epoch=22 batch=400 global_step=7504 loss_reg_months=3.7847 lr=0.00006975 grad_norm=1.6936 throughput=33.22 img/s eta_seconds=235.1 gpu_alloc=485.0MiB gpu_reserved=4402.0MiB skipped_batches=0
2026-08-15 22:25:01,310 | INFO | epoch=22 batch=425 global_step=7512 loss_reg_months=3.7947 lr=0.00006975 grad_norm=1.4913 throughput=33.14 img/s eta_seconds=226.7 gpu_alloc=485.0MiB gpu_reserved=4402.0MiB skipped_batches=0
2026-08-15 22:25:12,231 | INFO | epoch=22 batch=450 global_step=7521 loss_reg_months=3.7872 lr=0.00006975 grad_norm=1.0977 throughput=32.76 img/s eta_seconds=220.1 gpu_alloc=375.7MiB gpu_reserved=4402.0MiB skipped_batches=0
2026-08-15 22:25:22,720 | INFO | epoch=22 batch=475 global_step=7529 loss_reg_months=3.7962 lr=0.00006975 grad_norm=1.2877 throughput=32.51 img/s eta_seconds=212.6 gpu_alloc=485.0MiB gpu_reserved=4402.0MiB skipped_batches=0
2026-08-15 22:25:32,227 | INFO | epoch=22 batch=500 global_step=7537 loss_reg_months=3.7885 lr=0.00006975 grad_norm=1.8604 throughput=32.46 img/s eta_seconds=203.6 gpu_alloc=485.0MiB gpu_reserved=4402.0MiB skipped_batches=0
2026-08-15 22:25:41,896 | INFO | epoch=22 batch=525 global_step=7546 loss_reg_months=3.7749 lr=0.00006975 grad_norm=1.3561 throughput=32.39 img/s eta_seconds=194.8 gpu_alloc=375.7MiB gpu_reserved=4402.0MiB skipped_batches=0
2026-08-15 22:25:51,434 | INFO | epoch=22 batch=550 global_step=7554 loss_reg_months=3.7995 lr=0.00006975 grad_norm=1.8232 throughput=32.35 img/s eta_seconds=185.8 gpu_alloc=485.0MiB gpu_reserved=4402.0MiB skipped_batches=0
2026-08-15 22:26:01,281 | INFO | epoch=22 batch=575 global_step=7562 loss_reg_months=3.8123 lr=0.00006975 grad_norm=1.7396 throughput=32.26 img/s eta_seconds=177.0 gpu_alloc=485.0MiB gpu_reserved=4402.0MiB skipped_batches=0
2026-08-15 22:26:09,973 | INFO | epoch=22 batch=600 global_step=7571 loss_reg_months=3.8061 lr=0.00006975 grad_norm=1.1796 throughput=32.35 img/s eta_seconds=167.3 gpu_alloc=375.7MiB gpu_reserved=4402.0MiB skipped_batches=0
2026-08-15 22:26:19,029 | INFO | epoch=22 batch=625 global_step=7579 loss_reg_months=3.8310 lr=0.00006975 grad_norm=1.9963 throughput=32.38 img/s eta_seconds=157.8 gpu_alloc=485.0MiB gpu_reserved=4402.0MiB skipped_batches=0
2026-08-15 22:26:28,198 | INFO | epoch=22 batch=650 global_step=7587 loss_reg_months=3.8378 lr=0.00006975 grad_norm=1.4416 throughput=32.39 img/s eta_seconds=148.5 gpu_alloc=485.0MiB gpu_reserved=4402.0MiB skipped_batches=0
2026-08-15 22:26:40,045 | INFO | epoch=22 batch=675 global_step=7596 loss_reg_months=3.8484 lr=0.00006975 grad_norm=1.8650 throughput=32.06 img/s eta_seconds=140.7 gpu_alloc=375.7MiB gpu_reserved=4402.0MiB skipped_batches=0
2026-08-15 22:26:49,026 | INFO | epoch=22 batch=700 global_step=7604 loss_reg_months=3.8424 lr=0.00006975 grad_norm=1.4026 throughput=32.11 img/s eta_seconds=131.2 gpu_alloc=485.0MiB gpu_reserved=4402.0MiB skipped_batches=0
2026-08-15 22:26:58,704 | INFO | epoch=22 batch=725 global_step=7612 loss_reg_months=3.8399 lr=0.00006975 grad_norm=1.6433 throughput=32.07 img/s eta_seconds=122.0 gpu_alloc=485.0MiB gpu_reserved=4402.0MiB skipped_batches=0
2026-08-15 22:27:07,100 | INFO | epoch=22 batch=750 global_step=7621 loss_reg_months=3.8105 lr=0.00006975 grad_norm=1.5983 throughput=32.18 img/s eta_seconds=112.2 gpu_alloc=375.7MiB gpu_reserved=4402.0MiB skipped_batches=0
2026-08-15 22:27:15,224 | INFO | epoch=22 batch=775 global_step=7629 loss_reg_months=3.8084 lr=0.00006975 grad_norm=1.5066 throughput=32.31 img/s eta_seconds=102.5 gpu_alloc=485.0MiB gpu_reserved=4402.0MiB skipped_batches=0
2026-08-15 22:27:23,663 | INFO | epoch=22 batch=800 global_step=7637 loss_reg_months=3.8062 lr=0.00006975 grad_norm=2.5583 throughput=32.40 img/s eta_seconds=92.9 gpu_alloc=485.0MiB gpu_reserved=4402.0MiB skipped_batches=0
2026-08-15 22:27:32,456 | INFO | epoch=22 batch=825 global_step=7646 loss_reg_months=3.8120 lr=0.00006975 grad_norm=1.8486 throughput=32.45 img/s eta_seconds=83.5 gpu_alloc=375.7MiB gpu_reserved=4402.0MiB skipped_batches=0
2026-08-15 22:27:41,472 | INFO | epoch=22 batch=850 global_step=7654 loss_reg_months=3.8014 lr=0.00006975 grad_norm=1.4573 throughput=32.48 img/s eta_seconds=74.2 gpu_alloc=485.0MiB gpu_reserved=4402.0MiB skipped_batches=0
2026-08-15 22:27:50,332 | INFO | epoch=22 batch=875 global_step=7662 loss_reg_months=3.7850 lr=0.00006975 grad_norm=1.4419 throughput=32.51 img/s eta_seconds=64.9 gpu_alloc=485.0MiB gpu_reserved=4402.0MiB skipped_batches=0
2026-08-15 22:27:58,862 | INFO | epoch=22 batch=900 global_step=7671 loss_reg_months=3.7804 lr=0.00006975 grad_norm=1.3638 throughput=32.58 img/s eta_seconds=55.6 gpu_alloc=375.7MiB gpu_reserved=4402.0MiB skipped_batches=0
2026-08-15 22:28:07,124 | INFO | epoch=22 batch=925 global_step=7679 loss_reg_months=3.7787 lr=0.00006975 grad_norm=1.0058 throughput=32.67 img/s eta_seconds=46.2 gpu_alloc=485.0MiB gpu_reserved=4402.0MiB skipped_batches=0
2026-08-15 22:28:15,356 | INFO | epoch=22 batch=950 global_step=7687 loss_reg_months=3.7684 lr=0.00006975 grad_norm=1.3560 throughput=32.76 img/s eta_seconds=37.0 gpu_alloc=485.0MiB gpu_reserved=4402.0MiB skipped_batches=0
2026-08-15 22:28:23,773 | INFO | epoch=22 batch=975 global_step=7696 loss_reg_months=3.7717 lr=0.00006975 grad_norm=1.6354 throughput=32.83 img/s eta_seconds=27.7 gpu_alloc=375.7MiB gpu_reserved=4402.0MiB skipped_batches=0
2026-08-15 22:28:32,122 | INFO | epoch=22 batch=1000 global_step=7704 loss_reg_months=3.7735 lr=0.00006975 grad_norm=1.3986 throughput=32.90 img/s eta_seconds=18.6 gpu_alloc=485.0MiB gpu_reserved=4402.0MiB skipped_batches=0
2026-08-15 22:28:40,462 | INFO | epoch=22 batch=1025 global_step=7712 loss_reg_months=3.7736 lr=0.00006975 grad_norm=1.2696 throughput=32.97 img/s eta_seconds=9.4 gpu_alloc=485.0MiB gpu_reserved=4402.0MiB skipped_batches=0
2026-08-15 22:28:48,902 | INFO | epoch=22 batch=1050 global_step=7721 loss_reg_months=3.7693 lr=0.00006975 grad_norm=1.6678 throughput=33.03 img/s eta_seconds=0.3 gpu_alloc=375.7MiB gpu_reserved=4402.0MiB skipped_batches=0
2026-08-15 22:29:24,290 | WARNING | STABILITY WARNING [CAM] Prediction vượt nhẹ miền tuổi 0–228: [3.83, 237.00]
2026-08-15 22:29:24,323 | WARNING | STABILITY WARNING [CAM] Validation MAE xấu đi trong khi train loss giảm
2026-08-15 22:29:24,323 | INFO | 
TRAINING REVIEW SNAPSHOT
Run ID / config hash / split hash: P5_D0_CONVNEXT_TINY_SEED123 / 7209e3e6dada / 7328667e6822+f650a20432b5
Epoch / global step: 22 / 7722
Train loss: 3.7691
Validation MAE / RMSE / median AE: 6.3077 / 8.5356 / 5.0000
MAE nam / nữ / age bins: {'F': 6.709140145705521, 'M': 5.969113842173351} / {'0-59': 6.728557180851064, '120-179': 6.020395550061805, '60-119': 7.072335025380711, '180-228': 5.4609375}
Learning rate / peak VRAM: 0.00006975 / 4402.0 MiB
Best epoch / best MAE / epochs không cải thiện: 19 / 6.2826 / 3
Cảnh báo hiện tại: CAM: Prediction vượt nhẹ miền tuổi 0–228: [3.83, 237.00] | CAM: Validation MAE xấu đi trong khi train loss giảm
Checkpoint gần nhất: p1_baseline\runs\P5_D0_CONVNEXT_TINY_SEED123\last.ckpt
Checkpoint tốt nhất: p1_baseline\runs\P5_D0_CONVNEXT_TINY_SEED123\best_mae.ckpt
Đề xuất tự động: THEO DÕI
2026-08-15 22:29:47,588 | INFO | epoch=23 batch=25 global_step=7730 loss_reg_months=4.0121 lr=0.00006139 grad_norm=1.2359 throughput=20.03 img/s eta_seconds=614.5 gpu_alloc=485.0MiB gpu_reserved=4402.0MiB skipped_batches=0
2026-08-15 22:29:56,039 | INFO | epoch=23 batch=50 global_step=7738 loss_reg_months=3.7233 lr=0.00006139 grad_norm=1.2769 throughput=25.61 img/s eta_seconds=468.9 gpu_alloc=485.0MiB gpu_reserved=4402.0MiB skipped_batches=0
2026-08-15 22:30:04,483 | INFO | epoch=23 batch=75 global_step=7747 loss_reg_months=3.8765 lr=0.00006139 grad_norm=1.4805 throughput=28.24 img/s eta_seconds=414.7 gpu_alloc=375.7MiB gpu_reserved=4402.0MiB skipped_batches=0
2026-08-15 22:30:12,650 | INFO | epoch=23 batch=100 global_step=7755 loss_reg_months=3.7924 lr=0.00006139 grad_norm=1.6793 throughput=29.97 img/s eta_seconds=380.7 gpu_alloc=485.0MiB gpu_reserved=4402.0MiB skipped_batches=0
2026-08-15 22:30:21,725 | INFO | epoch=23 batch=125 global_step=7763 loss_reg_months=3.7410 lr=0.00006139 grad_norm=1.1889 throughput=30.54 img/s eta_seconds=363.8 gpu_alloc=485.0MiB gpu_reserved=4402.0MiB skipped_batches=0
2026-08-15 22:30:29,927 | INFO | epoch=23 batch=150 global_step=7772 loss_reg_months=3.7434 lr=0.00006139 grad_norm=1.2366 throughput=31.41 img/s eta_seconds=344.2 gpu_alloc=375.7MiB gpu_reserved=4402.0MiB skipped_batches=0
2026-08-15 22:30:38,017 | INFO | epoch=23 batch=175 global_step=7780 loss_reg_months=3.7609 lr=0.00006139 grad_norm=1.2320 throughput=32.11 img/s eta_seconds=327.4 gpu_alloc=485.0MiB gpu_reserved=4402.0MiB skipped_batches=0
2026-08-15 22:30:46,228 | INFO | epoch=23 batch=200 global_step=7788 loss_reg_months=3.7308 lr=0.00006139 grad_norm=1.7362 throughput=32.60 img/s eta_seconds=313.2 gpu_alloc=485.0MiB gpu_reserved=4402.0MiB skipped_batches=0
2026-08-15 22:30:54,516 | INFO | epoch=23 batch=225 global_step=7797 loss_reg_months=3.7189 lr=0.00006139 grad_norm=1.2917 throughput=32.97 img/s eta_seconds=300.6 gpu_alloc=375.7MiB gpu_reserved=4402.0MiB skipped_batches=0
2026-08-15 22:31:02,854 | INFO | epoch=23 batch=250 global_step=7805 loss_reg_months=3.6928 lr=0.00006139 grad_norm=1.4339 throughput=33.24 img/s eta_seconds=289.1 gpu_alloc=485.0MiB gpu_reserved=4402.0MiB skipped_batches=0
2026-08-15 22:31:11,393 | INFO | epoch=23 batch=275 global_step=7813 loss_reg_months=3.6663 lr=0.00006139 grad_norm=1.3589 throughput=33.41 img/s eta_seconds=278.7 gpu_alloc=485.0MiB gpu_reserved=4402.0MiB skipped_batches=0
2026-08-15 22:31:20,246 | INFO | epoch=23 batch=300 global_step=7822 loss_reg_months=3.6356 lr=0.00006139 grad_norm=1.6003 throughput=33.45 img/s eta_seconds=269.4 gpu_alloc=375.7MiB gpu_reserved=4402.0MiB skipped_batches=0
2026-08-15 22:31:28,691 | INFO | epoch=23 batch=325 global_step=7830 loss_reg_months=3.6256 lr=0.00006139 grad_norm=1.4948 throughput=33.60 img/s eta_seconds=259.3 gpu_alloc=485.0MiB gpu_reserved=4402.0MiB skipped_batches=0
2026-08-15 22:31:37,041 | INFO | epoch=23 batch=350 global_step=7838 loss_reg_months=3.6175 lr=0.00006139 grad_norm=1.4046 throughput=33.75 img/s eta_seconds=249.2 gpu_alloc=485.0MiB gpu_reserved=4402.0MiB skipped_batches=0
2026-08-15 22:31:45,310 | INFO | epoch=23 batch=375 global_step=7847 loss_reg_months=3.6390 lr=0.00006139 grad_norm=1.3555 throughput=33.91 img/s eta_seconds=239.2 gpu_alloc=375.7MiB gpu_reserved=4402.0MiB skipped_batches=0
2026-08-15 22:31:53,579 | INFO | epoch=23 batch=400 global_step=7855 loss_reg_months=3.6449 lr=0.00006139 grad_norm=1.4380 throughput=34.05 img/s eta_seconds=229.4 gpu_alloc=485.0MiB gpu_reserved=4402.0MiB skipped_batches=0
2026-08-15 22:32:01,918 | INFO | epoch=23 batch=425 global_step=7863 loss_reg_months=3.6510 lr=0.00006139 grad_norm=1.2987 throughput=34.16 img/s eta_seconds=219.9 gpu_alloc=485.0MiB gpu_reserved=4402.0MiB skipped_batches=0
2026-08-15 22:32:10,592 | INFO | epoch=23 batch=450 global_step=7872 loss_reg_months=3.6349 lr=0.00006139 grad_norm=1.4982 throughput=34.18 img/s eta_seconds=211.0 gpu_alloc=375.7MiB gpu_reserved=4402.0MiB skipped_batches=0
2026-08-15 22:32:19,230 | INFO | epoch=23 batch=475 global_step=7880 loss_reg_months=3.6297 lr=0.00006139 grad_norm=1.3939 throughput=34.21 img/s eta_seconds=202.0 gpu_alloc=485.0MiB gpu_reserved=4402.0MiB skipped_batches=0
2026-08-15 22:32:27,446 | INFO | epoch=23 batch=500 global_step=7888 loss_reg_months=3.6293 lr=0.00006139 grad_norm=1.4081 throughput=34.32 img/s eta_seconds=192.6 gpu_alloc=485.0MiB gpu_reserved=4402.0MiB skipped_batches=0
2026-08-15 22:32:35,869 | INFO | epoch=23 batch=525 global_step=7897 loss_reg_months=3.6063 lr=0.00006139 grad_norm=2.0207 throughput=34.38 img/s eta_seconds=183.6 gpu_alloc=375.7MiB gpu_reserved=4402.0MiB skipped_batches=0
2026-08-15 22:32:44,334 | INFO | epoch=23 batch=550 global_step=7905 loss_reg_months=3.6216 lr=0.00006139 grad_norm=1.5408 throughput=34.43 img/s eta_seconds=174.6 gpu_alloc=485.0MiB gpu_reserved=4402.0MiB skipped_batches=0
2026-08-15 22:32:52,681 | INFO | epoch=23 batch=575 global_step=7913 loss_reg_months=3.6141 lr=0.00006139 grad_norm=1.3486 throughput=34.49 img/s eta_seconds=165.6 gpu_alloc=485.0MiB gpu_reserved=4402.0MiB skipped_batches=0
2026-08-15 22:33:01,738 | INFO | epoch=23 batch=600 global_step=7922 loss_reg_months=3.6007 lr=0.00006139 grad_norm=1.4042 throughput=34.43 img/s eta_seconds=157.2 gpu_alloc=375.7MiB gpu_reserved=4402.0MiB skipped_batches=0
2026-08-15 22:33:10,424 | INFO | epoch=23 batch=625 global_step=7930 loss_reg_months=3.5951 lr=0.00006139 grad_norm=2.0218 throughput=34.43 img/s eta_seconds=148.4 gpu_alloc=485.0MiB gpu_reserved=4402.0MiB skipped_batches=0
2026-08-15 22:33:19,387 | INFO | epoch=23 batch=650 global_step=7938 loss_reg_months=3.5896 lr=0.00006139 grad_norm=2.3925 throughput=34.40 img/s eta_seconds=139.9 gpu_alloc=485.0MiB gpu_reserved=4402.0MiB skipped_batches=0
2026-08-15 22:33:28,386 | INFO | epoch=23 batch=675 global_step=7947 loss_reg_months=3.6075 lr=0.00006139 grad_norm=1.2022 throughput=34.36 img/s eta_seconds=131.3 gpu_alloc=375.7MiB gpu_reserved=4402.0MiB skipped_batches=0
2026-08-15 22:33:36,763 | INFO | epoch=23 batch=700 global_step=7955 loss_reg_months=3.6167 lr=0.00006139 grad_norm=1.5367 throughput=34.41 img/s eta_seconds=122.4 gpu_alloc=485.0MiB gpu_reserved=4402.0MiB skipped_batches=0
2026-08-15 22:33:45,384 | INFO | epoch=23 batch=725 global_step=7963 loss_reg_months=3.6257 lr=0.00006139 grad_norm=1.3206 throughput=34.42 img/s eta_seconds=113.6 gpu_alloc=485.0MiB gpu_reserved=4402.0MiB skipped_batches=0
2026-08-15 22:33:53,591 | INFO | epoch=23 batch=750 global_step=7972 loss_reg_months=3.6251 lr=0.00006139 grad_norm=1.5496 throughput=34.49 img/s eta_seconds=104.7 gpu_alloc=375.7MiB gpu_reserved=4402.0MiB skipped_batches=0
2026-08-15 22:34:01,643 | INFO | epoch=23 batch=775 global_step=7980 loss_reg_months=3.6082 lr=0.00006139 grad_norm=1.1351 throughput=34.57 img/s eta_seconds=95.8 gpu_alloc=485.0MiB gpu_reserved=4402.0MiB skipped_batches=0
2026-08-15 22:34:09,606 | INFO | epoch=23 batch=800 global_step=7988 loss_reg_months=3.6186 lr=0.00006139 grad_norm=1.3183 throughput=34.66 img/s eta_seconds=86.9 gpu_alloc=485.0MiB gpu_reserved=4402.0MiB skipped_batches=0
2026-08-15 22:34:17,485 | INFO | epoch=23 batch=825 global_step=7997 loss_reg_months=3.6345 lr=0.00006139 grad_norm=1.4813 throughput=34.75 img/s eta_seconds=78.0 gpu_alloc=375.7MiB gpu_reserved=4402.0MiB skipped_batches=0
2026-08-15 22:34:27,039 | INFO | epoch=23 batch=850 global_step=8005 loss_reg_months=3.6437 lr=0.00006139 grad_norm=1.3300 throughput=34.64 img/s eta_seconds=69.6 gpu_alloc=485.0MiB gpu_reserved=4402.0MiB skipped_batches=0
2026-08-15 22:34:34,915 | INFO | epoch=23 batch=875 global_step=8013 loss_reg_months=3.6355 lr=0.00006139 grad_norm=1.2099 throughput=34.73 img/s eta_seconds=60.8 gpu_alloc=485.0MiB gpu_reserved=4402.0MiB skipped_batches=0
2026-08-15 22:34:43,151 | INFO | epoch=23 batch=900 global_step=8022 loss_reg_months=3.6257 lr=0.00006139 grad_norm=1.2461 throughput=34.78 img/s eta_seconds=52.1 gpu_alloc=375.7MiB gpu_reserved=4402.0MiB skipped_batches=0
2026-08-15 22:34:51,295 | INFO | epoch=23 batch=925 global_step=8030 loss_reg_months=3.6299 lr=0.00006139 grad_norm=1.5393 throughput=34.83 img/s eta_seconds=43.4 gpu_alloc=485.0MiB gpu_reserved=4402.0MiB skipped_batches=0
2026-08-15 22:34:59,125 | INFO | epoch=23 batch=950 global_step=8038 loss_reg_months=3.6200 lr=0.00006139 grad_norm=1.4596 throughput=34.91 img/s eta_seconds=34.7 gpu_alloc=485.0MiB gpu_reserved=4402.0MiB skipped_batches=0
2026-08-15 22:35:07,320 | INFO | epoch=23 batch=975 global_step=8047 loss_reg_months=3.6182 lr=0.00006139 grad_norm=1.2965 throughput=34.96 img/s eta_seconds=26.1 gpu_alloc=375.7MiB gpu_reserved=4402.0MiB skipped_batches=0
2026-08-15 22:35:15,494 | INFO | epoch=23 batch=1000 global_step=8055 loss_reg_months=3.6187 lr=0.00006139 grad_norm=1.3969 throughput=35.00 img/s eta_seconds=17.5 gpu_alloc=485.0MiB gpu_reserved=4402.0MiB skipped_batches=0
2026-08-15 22:35:23,663 | INFO | epoch=23 batch=1025 global_step=8063 loss_reg_months=3.6131 lr=0.00006139 grad_norm=1.6614 throughput=35.04 img/s eta_seconds=8.9 gpu_alloc=485.0MiB gpu_reserved=4402.0MiB skipped_batches=0
2026-08-15 22:35:31,848 | INFO | epoch=23 batch=1050 global_step=8072 loss_reg_months=3.6052 lr=0.00006139 grad_norm=1.2342 throughput=35.07 img/s eta_seconds=0.3 gpu_alloc=375.7MiB gpu_reserved=4402.0MiB skipped_batches=0
2026-08-15 22:36:01,364 | WARNING | STABILITY WARNING [CAM] Prediction vượt nhẹ miền tuổi 0–228: [6.31, 233.00]
2026-08-15 22:36:01,365 | WARNING | STABILITY WARNING [CAM] Validation MAE xấu đi trong khi train loss giảm
2026-08-15 22:36:01,366 | INFO | 
TRAINING REVIEW SNAPSHOT
Run ID / config hash / split hash: P5_D0_CONVNEXT_TINY_SEED123 / 7209e3e6dada / 7328667e6822+f650a20432b5
Epoch / global step: 23 / 8073
Train loss: 3.6060
Validation MAE / RMSE / median AE: 6.4037 / 8.7006 / 5.0000
MAE nam / nữ / age bins: {'F': 6.808953220858895, 'M': 6.061853169469599} / {'0-59': 5.89095744680851, '120-179': 6.141532756489493, '60-119': 7.446700507614213, '180-228': 5.2265625}
Learning rate / peak VRAM: 0.00006139 / 4402.0 MiB
Best epoch / best MAE / epochs không cải thiện: 19 / 6.2826 / 4
Cảnh báo hiện tại: CAM: Prediction vượt nhẹ miền tuổi 0–228: [6.31, 233.00] | CAM: Validation MAE xấu đi trong khi train loss giảm
Checkpoint gần nhất: p1_baseline\runs\P5_D0_CONVNEXT_TINY_SEED123\last.ckpt
Checkpoint tốt nhất: p1_baseline\runs\P5_D0_CONVNEXT_TINY_SEED123\best_mae.ckpt
Đề xuất tự động: THEO DÕI
2026-08-15 22:36:28,844 | INFO | epoch=24 batch=25 global_step=8081 loss_reg_months=3.3843 lr=0.00005335 grad_norm=1.6865 throughput=18.85 img/s eta_seconds=653.2 gpu_alloc=485.0MiB gpu_reserved=4402.0MiB skipped_batches=0
2026-08-15 22:36:36,625 | INFO | epoch=24 batch=50 global_step=8089 loss_reg_months=3.2778 lr=0.00005335 grad_norm=1.3355 throughput=25.32 img/s eta_seconds=474.4 gpu_alloc=485.0MiB gpu_reserved=4402.0MiB skipped_batches=0
2026-08-15 22:36:44,600 | INFO | epoch=24 batch=75 global_step=8098 loss_reg_months=3.4375 lr=0.00005335 grad_norm=1.6775 throughput=28.42 img/s eta_seconds=412.1 gpu_alloc=375.7MiB gpu_reserved=4402.0MiB skipped_batches=0
2026-08-15 22:36:52,789 | INFO | epoch=24 batch=100 global_step=8106 loss_reg_months=3.4873 lr=0.00005335 grad_norm=2.1788 throughput=30.10 img/s eta_seconds=379.1 gpu_alloc=485.0MiB gpu_reserved=4402.0MiB skipped_batches=0
2026-08-15 22:37:00,811 | INFO | epoch=24 batch=125 global_step=8114 loss_reg_months=3.4494 lr=0.00005335 grad_norm=2.2571 throughput=31.33 img/s eta_seconds=354.7 gpu_alloc=485.0MiB gpu_reserved=4402.0MiB skipped_batches=0
2026-08-15 22:37:09,358 | INFO | epoch=24 batch=150 global_step=8123 loss_reg_months=3.3983 lr=0.00005335 grad_norm=1.0867 throughput=31.90 img/s eta_seconds=338.9 gpu_alloc=375.7MiB gpu_reserved=4402.0MiB skipped_batches=0
2026-08-15 22:37:17,284 | INFO | epoch=24 batch=175 global_step=8131 loss_reg_months=3.4274 lr=0.00005335 grad_norm=1.3786 throughput=32.63 img/s eta_seconds=322.1 gpu_alloc=485.0MiB gpu_reserved=4402.0MiB skipped_batches=0
2026-08-15 22:37:25,434 | INFO | epoch=24 batch=200 global_step=8139 loss_reg_months=3.4449 lr=0.00005335 grad_norm=1.7877 throughput=33.10 img/s eta_seconds=308.5 gpu_alloc=485.0MiB gpu_reserved=4402.0MiB skipped_batches=0
2026-08-15 22:37:33,398 | INFO | epoch=24 batch=225 global_step=8148 loss_reg_months=3.4410 lr=0.00005335 grad_norm=1.7201 throughput=33.55 img/s eta_seconds=295.4 gpu_alloc=375.7MiB gpu_reserved=4402.0MiB skipped_batches=0
2026-08-15 22:37:41,306 | INFO | epoch=24 batch=250 global_step=8156 loss_reg_months=3.4305 lr=0.00005335 grad_norm=1.5531 throughput=33.95 img/s eta_seconds=283.1 gpu_alloc=485.0MiB gpu_reserved=4402.0MiB skipped_batches=0
2026-08-15 22:37:49,788 | INFO | epoch=24 batch=275 global_step=8164 loss_reg_months=3.4453 lr=0.00005335 grad_norm=1.5106 throughput=34.07 img/s eta_seconds=273.3 gpu_alloc=485.0MiB gpu_reserved=4402.0MiB skipped_batches=0
2026-08-15 22:37:58,682 | INFO | epoch=24 batch=300 global_step=8173 loss_reg_months=3.4202 lr=0.00005335 grad_norm=1.3944 throughput=34.04 img/s eta_seconds=264.7 gpu_alloc=375.7MiB gpu_reserved=4402.0MiB skipped_batches=0
2026-08-15 22:38:08,160 | INFO | epoch=24 batch=325 global_step=8181 loss_reg_months=3.4484 lr=0.00005335 grad_norm=1.0995 throughput=33.84 img/s eta_seconds=257.4 gpu_alloc=485.0MiB gpu_reserved=4402.0MiB skipped_batches=0
2026-08-15 22:38:16,948 | INFO | epoch=24 batch=350 global_step=8189 loss_reg_months=3.4629 lr=0.00005335 grad_norm=1.5445 throughput=33.87 img/s eta_seconds=248.4 gpu_alloc=485.0MiB gpu_reserved=4402.0MiB skipped_batches=0
2026-08-15 22:38:25,480 | INFO | epoch=24 batch=375 global_step=8198 loss_reg_months=3.4682 lr=0.00005335 grad_norm=1.2158 throughput=33.95 img/s eta_seconds=238.9 gpu_alloc=375.7MiB gpu_reserved=4402.0MiB skipped_batches=0
2026-08-15 22:38:33,981 | INFO | epoch=24 batch=400 global_step=8206 loss_reg_months=3.5060 lr=0.00005335 grad_norm=1.5929 throughput=34.03 img/s eta_seconds=229.5 gpu_alloc=485.0MiB gpu_reserved=4402.0MiB skipped_batches=0
2026-08-15 22:38:42,964 | INFO | epoch=24 batch=425 global_step=8214 loss_reg_months=3.4868 lr=0.00005335 grad_norm=1.4807 throughput=33.99 img/s eta_seconds=221.0 gpu_alloc=485.0MiB gpu_reserved=4402.0MiB skipped_batches=0
2026-08-15 22:38:51,753 | INFO | epoch=24 batch=450 global_step=8223 loss_reg_months=3.4906 lr=0.00005335 grad_norm=1.7364 throughput=34.00 img/s eta_seconds=212.1 gpu_alloc=375.7MiB gpu_reserved=4402.0MiB skipped_batches=0
2026-08-15 22:39:00,454 | INFO | epoch=24 batch=475 global_step=8231 loss_reg_months=3.4761 lr=0.00005335 grad_norm=2.0588 throughput=34.02 img/s eta_seconds=203.1 gpu_alloc=485.0MiB gpu_reserved=4402.0MiB skipped_batches=0
2026-08-15 22:39:09,365 | INFO | epoch=24 batch=500 global_step=8239 loss_reg_months=3.4842 lr=0.00005335 grad_norm=1.2266 throughput=34.01 img/s eta_seconds=194.4 gpu_alloc=485.0MiB gpu_reserved=4402.0MiB skipped_batches=0
2026-08-15 22:39:18,085 | INFO | epoch=24 batch=525 global_step=8248 loss_reg_months=3.4759 lr=0.00005335 grad_norm=1.7406 throughput=34.03 img/s eta_seconds=185.5 gpu_alloc=375.7MiB gpu_reserved=4402.0MiB skipped_batches=0
2026-08-15 22:39:26,742 | INFO | epoch=24 batch=550 global_step=8256 loss_reg_months=3.4859 lr=0.00005335 grad_norm=1.9555 throughput=34.05 img/s eta_seconds=176.5 gpu_alloc=485.0MiB gpu_reserved=4402.0MiB skipped_batches=0
2026-08-15 22:39:35,661 | INFO | epoch=24 batch=575 global_step=8264 loss_reg_months=3.4712 lr=0.00005335 grad_norm=1.9355 throughput=34.03 img/s eta_seconds=167.8 gpu_alloc=485.0MiB gpu_reserved=4402.0MiB skipped_batches=0
2026-08-15 22:39:44,779 | INFO | epoch=24 batch=600 global_step=8273 loss_reg_months=3.4592 lr=0.00005335 grad_norm=1.2242 throughput=33.99 img/s eta_seconds=159.2 gpu_alloc=375.7MiB gpu_reserved=4402.0MiB skipped_batches=0
2026-08-15 22:39:53,580 | INFO | epoch=24 batch=625 global_step=8281 loss_reg_months=3.4671 lr=0.00005335 grad_norm=1.1978 throughput=33.99 img/s eta_seconds=150.4 gpu_alloc=485.0MiB gpu_reserved=4402.0MiB skipped_batches=0
2026-08-15 22:40:02,566 | INFO | epoch=24 batch=650 global_step=8289 loss_reg_months=3.4750 lr=0.00005335 grad_norm=1.4041 throughput=33.97 img/s eta_seconds=141.6 gpu_alloc=485.0MiB gpu_reserved=4402.0MiB skipped_batches=0
2026-08-15 22:40:11,286 | INFO | epoch=24 batch=675 global_step=8298 loss_reg_months=3.4801 lr=0.00005335 grad_norm=2.0613 throughput=33.98 img/s eta_seconds=132.7 gpu_alloc=375.7MiB gpu_reserved=4402.0MiB skipped_batches=0
2026-08-15 22:40:19,774 | INFO | epoch=24 batch=700 global_step=8306 loss_reg_months=3.4664 lr=0.00005335 grad_norm=1.5292 throughput=34.03 img/s eta_seconds=123.7 gpu_alloc=485.0MiB gpu_reserved=4402.0MiB skipped_batches=0
2026-08-15 22:40:28,046 | INFO | epoch=24 batch=725 global_step=8314 loss_reg_months=3.4575 lr=0.00005335 grad_norm=1.5488 throughput=34.10 img/s eta_seconds=114.7 gpu_alloc=485.0MiB gpu_reserved=4402.0MiB skipped_batches=0
2026-08-15 22:40:36,834 | INFO | epoch=24 batch=750 global_step=8323 loss_reg_months=3.4511 lr=0.00005335 grad_norm=2.1872 throughput=34.10 img/s eta_seconds=105.9 gpu_alloc=375.7MiB gpu_reserved=4402.0MiB skipped_batches=0
2026-08-15 22:40:45,642 | INFO | epoch=24 batch=775 global_step=8331 loss_reg_months=3.4590 lr=0.00005335 grad_norm=1.7654 throughput=34.10 img/s eta_seconds=97.1 gpu_alloc=485.0MiB gpu_reserved=4402.0MiB skipped_batches=0
2026-08-15 22:40:53,761 | INFO | epoch=24 batch=800 global_step=8339 loss_reg_months=3.4578 lr=0.00005335 grad_norm=1.2507 throughput=34.18 img/s eta_seconds=88.1 gpu_alloc=485.0MiB gpu_reserved=4402.0MiB skipped_batches=0
2026-08-15 22:41:01,977 | INFO | epoch=24 batch=825 global_step=8348 loss_reg_months=3.4533 lr=0.00005335 grad_norm=1.1842 throughput=34.25 img/s eta_seconds=79.2 gpu_alloc=375.7MiB gpu_reserved=4402.0MiB skipped_batches=0
2026-08-15 22:41:10,323 | INFO | epoch=24 batch=850 global_step=8356 loss_reg_months=3.4455 lr=0.00005335 grad_norm=1.0368 throughput=34.30 img/s eta_seconds=70.3 gpu_alloc=485.0MiB gpu_reserved=4402.0MiB skipped_batches=0
2026-08-15 22:41:18,430 | INFO | epoch=24 batch=875 global_step=8364 loss_reg_months=3.4516 lr=0.00005335 grad_norm=1.4802 throughput=34.37 img/s eta_seconds=61.4 gpu_alloc=485.0MiB gpu_reserved=4402.0MiB skipped_batches=0
2026-08-15 22:41:26,581 | INFO | epoch=24 batch=900 global_step=8373 loss_reg_months=3.4463 lr=0.00005335 grad_norm=1.2909 throughput=34.43 img/s eta_seconds=52.6 gpu_alloc=375.7MiB gpu_reserved=4402.0MiB skipped_batches=0
2026-08-15 22:41:35,177 | INFO | epoch=24 batch=925 global_step=8381 loss_reg_months=3.4472 lr=0.00005335 grad_norm=1.2704 throughput=34.45 img/s eta_seconds=43.9 gpu_alloc=485.0MiB gpu_reserved=4402.0MiB skipped_batches=0
2026-08-15 22:41:43,533 | INFO | epoch=24 batch=950 global_step=8389 loss_reg_months=3.4397 lr=0.00005335 grad_norm=1.7899 throughput=34.48 img/s eta_seconds=35.1 gpu_alloc=485.0MiB gpu_reserved=4402.0MiB skipped_batches=0
2026-08-15 22:41:51,690 | INFO | epoch=24 batch=975 global_step=8398 loss_reg_months=3.4375 lr=0.00005335 grad_norm=1.4673 throughput=34.54 img/s eta_seconds=26.4 gpu_alloc=375.7MiB gpu_reserved=4402.0MiB skipped_batches=0
2026-08-15 22:42:00,107 | INFO | epoch=24 batch=1000 global_step=8406 loss_reg_months=3.4344 lr=0.00005335 grad_norm=1.5262 throughput=34.56 img/s eta_seconds=17.7 gpu_alloc=485.0MiB gpu_reserved=4402.0MiB skipped_batches=0
2026-08-15 22:42:08,367 | INFO | epoch=24 batch=1025 global_step=8414 loss_reg_months=3.4278 lr=0.00005335 grad_norm=1.7080 throughput=34.60 img/s eta_seconds=9.0 gpu_alloc=485.0MiB gpu_reserved=4402.0MiB skipped_batches=0
2026-08-15 22:42:17,345 | INFO | epoch=24 batch=1050 global_step=8423 loss_reg_months=3.4354 lr=0.00005335 grad_norm=1.4424 throughput=34.58 img/s eta_seconds=0.3 gpu_alloc=375.7MiB gpu_reserved=4402.0MiB skipped_batches=0
2026-08-15 22:42:52,878 | WARNING | STABILITY WARNING [CAM] Prediction vượt nhẹ miền tuổi 0–228: [10.31, 242.00]
2026-08-15 22:42:52,891 | WARNING | STABILITY WARNING [CAM] Validation MAE xấu đi trong khi train loss giảm
2026-08-15 22:42:52,893 | INFO | 
TRAINING REVIEW SNAPSHOT
Run ID / config hash / split hash: P5_D0_CONVNEXT_TINY_SEED123 / 7209e3e6dada / 7328667e6822+f650a20432b5
Epoch / global step: 24 / 8424
Train loss: 3.4354
Validation MAE / RMSE / median AE: 6.3503 / 8.6227 / 5.0000
MAE nam / nữ / age bins: {'F': 6.65625, 'M': 6.092254204398448} / {'0-59': 6.605718085106383, '120-179': 6.062422744128554, '60-119': 7.164340101522843, '180-228': 5.4765625}
Learning rate / peak VRAM: 0.00005335 / 4402.0 MiB
Best epoch / best MAE / epochs không cải thiện: 19 / 6.2826 / 5
Cảnh báo hiện tại: CAM: Prediction vượt nhẹ miền tuổi 0–228: [10.31, 242.00] | CAM: Validation MAE xấu đi trong khi train loss giảm
Checkpoint gần nhất: p1_baseline\runs\P5_D0_CONVNEXT_TINY_SEED123\last.ckpt
Checkpoint tốt nhất: p1_baseline\runs\P5_D0_CONVNEXT_TINY_SEED123\best_mae.ckpt
Đề xuất tự động: THEO DÕI
2026-08-15 22:43:10,559 | INFO | epoch=25 batch=25 global_step=8432 loss_reg_months=3.1728 lr=0.00004569 grad_norm=1.1821 throughput=19.48 img/s eta_seconds=631.9 gpu_alloc=485.0MiB gpu_reserved=4402.0MiB skipped_batches=0
2026-08-15 22:43:18,727 | INFO | epoch=25 batch=50 global_step=8440 loss_reg_months=3.3815 lr=0.00004569 grad_norm=1.3601 throughput=25.46 img/s eta_seconds=471.8 gpu_alloc=485.0MiB gpu_reserved=4402.0MiB skipped_batches=0
2026-08-15 22:43:26,978 | INFO | epoch=25 batch=75 global_step=8449 loss_reg_months=3.2908 lr=0.00004569 grad_norm=1.3642 throughput=28.28 img/s eta_seconds=414.0 gpu_alloc=375.7MiB gpu_reserved=4402.0MiB skipped_batches=0
2026-08-15 22:43:35,299 | INFO | epoch=25 batch=100 global_step=8457 loss_reg_months=3.3527 lr=0.00004569 grad_norm=1.6320 throughput=29.89 img/s eta_seconds=381.7 gpu_alloc=485.0MiB gpu_reserved=4402.0MiB skipped_batches=0
2026-08-15 22:43:43,483 | INFO | epoch=25 batch=125 global_step=8465 loss_reg_months=3.3279 lr=0.00004569 grad_norm=2.5142 throughput=31.04 img/s eta_seconds=357.9 gpu_alloc=485.0MiB gpu_reserved=4402.0MiB skipped_batches=0
2026-08-15 22:43:51,853 | INFO | epoch=25 batch=150 global_step=8474 loss_reg_months=3.3566 lr=0.00004569 grad_norm=1.2340 throughput=31.75 img/s eta_seconds=340.5 gpu_alloc=375.7MiB gpu_reserved=4402.0MiB skipped_batches=0
2026-08-15 22:44:00,063 | INFO | epoch=25 batch=175 global_step=8482 loss_reg_months=3.4052 lr=0.00004569 grad_norm=1.7145 throughput=32.36 img/s eta_seconds=324.9 gpu_alloc=485.0MiB gpu_reserved=4402.0MiB skipped_batches=0
2026-08-15 22:44:08,336 | INFO | epoch=25 batch=200 global_step=8490 loss_reg_months=3.4089 lr=0.00004569 grad_norm=1.8534 throughput=32.80 img/s eta_seconds=311.3 gpu_alloc=485.0MiB gpu_reserved=4402.0MiB skipped_batches=0
2026-08-15 22:44:16,686 | INFO | epoch=25 batch=225 global_step=8499 loss_reg_months=3.4220 lr=0.00004569 grad_norm=1.3405 throughput=33.12 img/s eta_seconds=299.3 gpu_alloc=375.7MiB gpu_reserved=4402.0MiB skipped_batches=0
2026-08-15 22:44:27,437 | INFO | epoch=25 batch=250 global_step=8507 loss_reg_months=3.4385 lr=0.00004569 grad_norm=1.6203 throughput=32.51 img/s eta_seconds=295.6 gpu_alloc=485.0MiB gpu_reserved=4402.0MiB skipped_batches=0
2026-08-15 22:44:35,752 | INFO | epoch=25 batch=275 global_step=8515 loss_reg_months=3.4308 lr=0.00004569 grad_norm=1.6043 throughput=32.81 img/s eta_seconds=283.8 gpu_alloc=485.0MiB gpu_reserved=4402.0MiB skipped_batches=0
2026-08-15 22:44:43,955 | INFO | epoch=25 batch=300 global_step=8524 loss_reg_months=3.4499 lr=0.00004569 grad_norm=1.7091 throughput=33.09 img/s eta_seconds=272.3 gpu_alloc=375.7MiB gpu_reserved=4402.0MiB skipped_batches=0
2026-08-15 22:44:52,533 | INFO | epoch=25 batch=325 global_step=8532 loss_reg_months=3.4336 lr=0.00004569 grad_norm=1.5189 throughput=33.23 img/s eta_seconds=262.2 gpu_alloc=485.0MiB gpu_reserved=4402.0MiB skipped_batches=0
2026-08-15 22:45:01,013 | INFO | epoch=25 batch=350 global_step=8540 loss_reg_months=3.4375 lr=0.00004569 grad_norm=1.3990 throughput=33.37 img/s eta_seconds=252.0 gpu_alloc=485.0MiB gpu_reserved=4402.0MiB skipped_batches=0
2026-08-15 22:45:09,494 | INFO | epoch=25 batch=375 global_step=8549 loss_reg_months=3.4314 lr=0.00004569 grad_norm=1.3584 throughput=33.50 img/s eta_seconds=242.1 gpu_alloc=375.7MiB gpu_reserved=4402.0MiB skipped_batches=0
2026-08-15 22:45:17,719 | INFO | epoch=25 batch=400 global_step=8557 loss_reg_months=3.4553 lr=0.00004569 grad_norm=1.8369 throughput=33.67 img/s eta_seconds=232.0 gpu_alloc=485.0MiB gpu_reserved=4402.0MiB skipped_batches=0
2026-08-15 22:45:26,495 | INFO | epoch=25 batch=425 global_step=8565 loss_reg_months=3.4477 lr=0.00004569 grad_norm=1.7800 throughput=33.70 img/s eta_seconds=222.9 gpu_alloc=485.0MiB gpu_reserved=4402.0MiB skipped_batches=0
2026-08-15 22:45:34,545 | INFO | epoch=25 batch=450 global_step=8574 loss_reg_months=3.4450 lr=0.00004569 grad_norm=1.9775 throughput=33.88 img/s eta_seconds=212.8 gpu_alloc=375.7MiB gpu_reserved=4402.0MiB skipped_batches=0
2026-08-15 22:45:42,816 | INFO | epoch=25 batch=475 global_step=8582 loss_reg_months=3.4379 lr=0.00004569 grad_norm=1.0207 throughput=34.00 img/s eta_seconds=203.3 gpu_alloc=485.0MiB gpu_reserved=4402.0MiB skipped_batches=0
2026-08-15 22:45:50,922 | INFO | epoch=25 batch=500 global_step=8590 loss_reg_months=3.4288 lr=0.00004569 grad_norm=1.2878 throughput=34.14 img/s eta_seconds=193.7 gpu_alloc=485.0MiB gpu_reserved=4402.0MiB skipped_batches=0
2026-08-15 22:45:59,025 | INFO | epoch=25 batch=525 global_step=8599 loss_reg_months=3.4388 lr=0.00004569 grad_norm=1.7765 throughput=34.26 img/s eta_seconds=184.2 gpu_alloc=375.7MiB gpu_reserved=4402.0MiB skipped_batches=0
2026-08-15 22:46:07,475 | INFO | epoch=25 batch=550 global_step=8607 loss_reg_months=3.4138 lr=0.00004569 grad_norm=1.5555 throughput=34.32 img/s eta_seconds=175.2 gpu_alloc=485.0MiB gpu_reserved=4402.0MiB skipped_batches=0
2026-08-15 22:46:15,767 | INFO | epoch=25 batch=575 global_step=8615 loss_reg_months=3.4217 lr=0.00004569 grad_norm=1.4532 throughput=34.40 img/s eta_seconds=166.0 gpu_alloc=485.0MiB gpu_reserved=4402.0MiB skipped_batches=0
2026-08-15 22:46:24,150 | INFO | epoch=25 batch=600 global_step=8624 loss_reg_months=3.4138 lr=0.00004569 grad_norm=2.1995 throughput=34.45 img/s eta_seconds=157.1 gpu_alloc=375.7MiB gpu_reserved=4402.0MiB skipped_batches=0
2026-08-15 22:46:32,341 | INFO | epoch=25 batch=625 global_step=8632 loss_reg_months=3.4150 lr=0.00004569 grad_norm=1.2999 throughput=34.53 img/s eta_seconds=148.0 gpu_alloc=485.0MiB gpu_reserved=4402.0MiB skipped_batches=0
2026-08-15 22:46:40,716 | INFO | epoch=25 batch=650 global_step=8640 loss_reg_months=3.4121 lr=0.00004569 grad_norm=1.4780 throughput=34.58 img/s eta_seconds=139.1 gpu_alloc=485.0MiB gpu_reserved=4402.0MiB skipped_batches=0
2026-08-15 22:46:49,272 | INFO | epoch=25 batch=675 global_step=8649 loss_reg_months=3.4244 lr=0.00004569 grad_norm=1.6016 throughput=34.60 img/s eta_seconds=130.4 gpu_alloc=375.7MiB gpu_reserved=4402.0MiB skipped_batches=0
2026-08-15 22:46:57,911 | INFO | epoch=25 batch=700 global_step=8657 loss_reg_months=3.4137 lr=0.00004569 grad_norm=1.4986 throughput=34.60 img/s eta_seconds=121.7 gpu_alloc=485.0MiB gpu_reserved=4402.0MiB skipped_batches=0
2026-08-15 22:47:06,284 | INFO | epoch=25 batch=725 global_step=8665 loss_reg_months=3.4028 lr=0.00004569 grad_norm=1.3437 throughput=34.64 img/s eta_seconds=112.9 gpu_alloc=485.0MiB gpu_reserved=4402.0MiB skipped_batches=0
2026-08-15 22:47:14,774 | INFO | epoch=25 batch=750 global_step=8674 loss_reg_months=3.4032 lr=0.00004569 grad_norm=1.7901 throughput=34.67 img/s eta_seconds=104.2 gpu_alloc=375.7MiB gpu_reserved=4402.0MiB skipped_batches=0
2026-08-15 22:47:23,755 | INFO | epoch=25 batch=775 global_step=8682 loss_reg_months=3.4069 lr=0.00004569 grad_norm=1.2673 throughput=34.62 img/s eta_seconds=95.6 gpu_alloc=485.0MiB gpu_reserved=4402.0MiB skipped_batches=0
2026-08-15 22:47:31,819 | INFO | epoch=25 batch=800 global_step=8690 loss_reg_months=3.4043 lr=0.00004569 grad_norm=1.2054 throughput=34.70 img/s eta_seconds=86.8 gpu_alloc=485.0MiB gpu_reserved=4402.0MiB skipped_batches=0
2026-08-15 22:47:39,986 | INFO | epoch=25 batch=825 global_step=8699 loss_reg_months=3.4118 lr=0.00004569 grad_norm=2.2363 throughput=34.76 img/s eta_seconds=78.0 gpu_alloc=375.7MiB gpu_reserved=4402.0MiB skipped_batches=0
2026-08-15 22:47:48,249 | INFO | epoch=25 batch=850 global_step=8707 loss_reg_months=3.4012 lr=0.00004569 grad_norm=1.6665 throughput=34.80 img/s eta_seconds=69.3 gpu_alloc=485.0MiB gpu_reserved=4402.0MiB skipped_batches=0
2026-08-15 22:47:56,557 | INFO | epoch=25 batch=875 global_step=8715 loss_reg_months=3.3964 lr=0.00004569 grad_norm=1.6635 throughput=34.84 img/s eta_seconds=60.6 gpu_alloc=485.0MiB gpu_reserved=4402.0MiB skipped_batches=0
2026-08-15 22:48:04,746 | INFO | epoch=25 batch=900 global_step=8724 loss_reg_months=3.3841 lr=0.00004569 grad_norm=1.3589 throughput=34.89 img/s eta_seconds=51.9 gpu_alloc=375.7MiB gpu_reserved=4402.0MiB skipped_batches=0
2026-08-15 22:48:13,016 | INFO | epoch=25 batch=925 global_step=8732 loss_reg_months=3.3778 lr=0.00004569 grad_norm=1.3889 throughput=34.92 img/s eta_seconds=43.3 gpu_alloc=485.0MiB gpu_reserved=4402.0MiB skipped_batches=0
2026-08-15 22:48:21,244 | INFO | epoch=25 batch=950 global_step=8740 loss_reg_months=3.3748 lr=0.00004569 grad_norm=1.3841 throughput=34.96 img/s eta_seconds=34.6 gpu_alloc=485.0MiB gpu_reserved=4402.0MiB skipped_batches=0
2026-08-15 22:48:29,342 | INFO | epoch=25 batch=975 global_step=8749 loss_reg_months=3.3807 lr=0.00004569 grad_norm=1.4142 throughput=35.01 img/s eta_seconds=26.0 gpu_alloc=375.7MiB gpu_reserved=4402.0MiB skipped_batches=0
2026-08-15 22:48:37,600 | INFO | epoch=25 batch=1000 global_step=8757 loss_reg_months=3.3753 lr=0.00004569 grad_norm=1.2427 throughput=35.04 img/s eta_seconds=17.4 gpu_alloc=485.0MiB gpu_reserved=4402.0MiB skipped_batches=0
2026-08-15 22:48:46,065 | INFO | epoch=25 batch=1025 global_step=8765 loss_reg_months=3.3740 lr=0.00004569 grad_norm=1.0842 throughput=35.05 img/s eta_seconds=8.9 gpu_alloc=485.0MiB gpu_reserved=4402.0MiB skipped_batches=0
2026-08-15 22:48:54,127 | INFO | epoch=25 batch=1050 global_step=8774 loss_reg_months=3.3665 lr=0.00004569 grad_norm=1.4412 throughput=35.10 img/s eta_seconds=0.3 gpu_alloc=375.7MiB gpu_reserved=4402.0MiB skipped_batches=0
2026-08-15 22:49:29,039 | WARNING | STABILITY WARNING [CAM] Prediction vượt nhẹ miền tuổi 0–228: [9.31, 231.00]
2026-08-15 22:49:29,045 | WARNING | STABILITY WARNING [CAM] Validation MAE xấu đi trong khi train loss giảm
2026-08-15 22:49:29,070 | INFO | 
TRAINING REVIEW SNAPSHOT
Run ID / config hash / split hash: P5_D0_CONVNEXT_TINY_SEED123 / 7209e3e6dada / 7328667e6822+f650a20432b5
Epoch / global step: 25 / 8775
Train loss: 3.3675
Validation MAE / RMSE / median AE: 6.3788 / 8.6989 / 5.0000
MAE nam / nữ / age bins: {'F': 6.725076687116564, 'M': 6.086675291073739} / {'0-59': 6.13563829787234, '120-179': 6.205809641532756, '60-119': 7.229695431472082, '180-228': 5.03125}
Learning rate / peak VRAM: 0.00004569 / 4402.0 MiB
Best epoch / best MAE / epochs không cải thiện: 19 / 6.2826 / 6
Cảnh báo hiện tại: CAM: Prediction vượt nhẹ miền tuổi 0–228: [9.31, 231.00] | CAM: Validation MAE xấu đi trong khi train loss giảm
Checkpoint gần nhất: p1_baseline\runs\P5_D0_CONVNEXT_TINY_SEED123\last.ckpt
Checkpoint tốt nhất: p1_baseline\runs\P5_D0_CONVNEXT_TINY_SEED123\best_mae.ckpt
Đề xuất tự động: THEO DÕI
2026-08-15 22:49:53,814 | INFO | epoch=26 batch=25 global_step=8783 loss_reg_months=3.4946 lr=0.00003846 grad_norm=1.6115 throughput=19.61 img/s eta_seconds=627.7 gpu_alloc=485.0MiB gpu_reserved=4402.0MiB skipped_batches=0
2026-08-15 22:50:02,170 | INFO | epoch=26 batch=50 global_step=8791 loss_reg_months=3.2769 lr=0.00003846 grad_norm=1.3504 throughput=25.37 img/s eta_seconds=473.5 gpu_alloc=485.0MiB gpu_reserved=4402.0MiB skipped_batches=0
2026-08-15 22:50:10,370 | INFO | epoch=26 batch=75 global_step=8800 loss_reg_months=3.2519 lr=0.00003846 grad_norm=1.5401 throughput=28.26 img/s eta_seconds=414.5 gpu_alloc=375.7MiB gpu_reserved=4402.0MiB skipped_batches=0
2026-08-15 22:50:18,495 | INFO | epoch=26 batch=100 global_step=8808 loss_reg_months=3.2182 lr=0.00003846 grad_norm=1.5003 throughput=30.02 img/s eta_seconds=380.2 gpu_alloc=485.0MiB gpu_reserved=4402.0MiB skipped_batches=0
2026-08-15 22:50:26,432 | INFO | epoch=26 batch=125 global_step=8816 loss_reg_months=3.1297 lr=0.00003846 grad_norm=1.0871 throughput=31.31 img/s eta_seconds=354.9 gpu_alloc=485.0MiB gpu_reserved=4402.0MiB skipped_batches=0
2026-08-15 22:50:34,646 | INFO | epoch=26 batch=150 global_step=8825 loss_reg_months=3.1058 lr=0.00003846 grad_norm=1.3230 throughput=32.07 img/s eta_seconds=337.1 gpu_alloc=375.7MiB gpu_reserved=4402.0MiB skipped_batches=0
2026-08-15 22:50:42,806 | INFO | epoch=26 batch=175 global_step=8833 loss_reg_months=3.1167 lr=0.00003846 grad_norm=1.4512 throughput=32.67 img/s eta_seconds=321.8 gpu_alloc=485.0MiB gpu_reserved=4402.0MiB skipped_batches=0
2026-08-15 22:50:50,797 | INFO | epoch=26 batch=200 global_step=8841 loss_reg_months=3.1462 lr=0.00003846 grad_norm=1.3440 throughput=33.21 img/s eta_seconds=307.5 gpu_alloc=485.0MiB gpu_reserved=4402.0MiB skipped_batches=0
2026-08-15 22:50:59,086 | INFO | epoch=26 batch=225 global_step=8850 loss_reg_months=3.1285 lr=0.00003846 grad_norm=1.4477 throughput=33.51 img/s eta_seconds=295.7 gpu_alloc=375.7MiB gpu_reserved=4402.0MiB skipped_batches=0
2026-08-15 22:51:07,156 | INFO | epoch=26 batch=250 global_step=8858 loss_reg_months=3.1426 lr=0.00003846 grad_norm=1.2796 throughput=33.85 img/s eta_seconds=284.0 gpu_alloc=485.0MiB gpu_reserved=4402.0MiB skipped_batches=0
2026-08-15 22:51:15,207 | INFO | epoch=26 batch=275 global_step=8866 loss_reg_months=3.1084 lr=0.00003846 grad_norm=1.0883 throughput=34.13 img/s eta_seconds=272.8 gpu_alloc=485.0MiB gpu_reserved=4402.0MiB skipped_batches=0
2026-08-15 22:51:23,582 | INFO | epoch=26 batch=300 global_step=8875 loss_reg_months=3.1052 lr=0.00003846 grad_norm=2.8828 throughput=34.26 img/s eta_seconds=263.0 gpu_alloc=375.7MiB gpu_reserved=4402.0MiB skipped_batches=0
2026-08-15 22:51:31,752 | INFO | epoch=26 batch=325 global_step=8883 loss_reg_months=3.1242 lr=0.00003846 grad_norm=1.3453 throughput=34.44 img/s eta_seconds=252.9 gpu_alloc=485.0MiB gpu_reserved=4402.0MiB skipped_batches=0
2026-08-15 22:51:40,263 | INFO | epoch=26 batch=350 global_step=8891 loss_reg_months=3.1434 lr=0.00003846 grad_norm=2.0720 throughput=34.50 img/s eta_seconds=243.8 gpu_alloc=485.0MiB gpu_reserved=4402.0MiB skipped_batches=0
2026-08-15 22:51:49,168 | INFO | epoch=26 batch=375 global_step=8900 loss_reg_months=3.1365 lr=0.00003846 grad_norm=1.6426 throughput=34.44 img/s eta_seconds=235.5 gpu_alloc=375.7MiB gpu_reserved=4402.0MiB skipped_batches=0
2026-08-15 22:51:56,901 | INFO | epoch=26 batch=400 global_step=8908 loss_reg_months=3.1529 lr=0.00003846 grad_norm=1.3481 throughput=34.69 img/s eta_seconds=225.2 gpu_alloc=485.0MiB gpu_reserved=4402.0MiB skipped_batches=0
2026-08-15 22:52:04,845 | INFO | epoch=26 batch=425 global_step=8916 loss_reg_months=3.1761 lr=0.00003846 grad_norm=1.4799 throughput=34.85 img/s eta_seconds=215.5 gpu_alloc=485.0MiB gpu_reserved=4402.0MiB skipped_batches=0
2026-08-15 22:52:13,104 | INFO | epoch=26 batch=450 global_step=8925 loss_reg_months=3.1580 lr=0.00003846 grad_norm=1.5715 throughput=34.93 img/s eta_seconds=206.4 gpu_alloc=375.7MiB gpu_reserved=4402.0MiB skipped_batches=0
2026-08-15 22:52:21,230 | INFO | epoch=26 batch=475 global_step=8933 loss_reg_months=3.1566 lr=0.00003846 grad_norm=1.4693 throughput=35.03 img/s eta_seconds=197.3 gpu_alloc=485.0MiB gpu_reserved=4402.0MiB skipped_batches=0
2026-08-15 22:52:29,110 | INFO | epoch=26 batch=500 global_step=8941 loss_reg_months=3.1682 lr=0.00003846 grad_norm=1.6460 throughput=35.17 img/s eta_seconds=188.0 gpu_alloc=485.0MiB gpu_reserved=4402.0MiB skipped_batches=0
2026-08-15 22:52:37,305 | INFO | epoch=26 batch=525 global_step=8950 loss_reg_months=3.2081 lr=0.00003846 grad_norm=1.2967 throughput=35.24 img/s eta_seconds=179.1 gpu_alloc=375.7MiB gpu_reserved=4402.0MiB skipped_batches=0
2026-08-15 22:52:45,971 | INFO | epoch=26 batch=550 global_step=8958 loss_reg_months=3.1974 lr=0.00003846 grad_norm=1.4176 throughput=35.21 img/s eta_seconds=170.7 gpu_alloc=485.0MiB gpu_reserved=4402.0MiB skipped_batches=0
2026-08-15 22:52:54,348 | INFO | epoch=26 batch=575 global_step=8966 loss_reg_months=3.1878 lr=0.00003846 grad_norm=1.3676 throughput=35.23 img/s eta_seconds=162.1 gpu_alloc=485.0MiB gpu_reserved=4402.0MiB skipped_batches=0
2026-08-15 22:53:02,489 | INFO | epoch=26 batch=600 global_step=8975 loss_reg_months=3.1826 lr=0.00003846 grad_norm=2.0175 throughput=35.30 img/s eta_seconds=153.3 gpu_alloc=375.7MiB gpu_reserved=4402.0MiB skipped_batches=0
2026-08-15 22:53:10,540 | INFO | epoch=26 batch=625 global_step=8983 loss_reg_months=3.1941 lr=0.00003846 grad_norm=1.3619 throughput=35.37 img/s eta_seconds=144.5 gpu_alloc=485.0MiB gpu_reserved=4402.0MiB skipped_batches=0
2026-08-15 22:53:18,730 | INFO | epoch=26 batch=650 global_step=8991 loss_reg_months=3.1990 lr=0.00003846 grad_norm=1.1440 throughput=35.42 img/s eta_seconds=135.8 gpu_alloc=485.0MiB gpu_reserved=4402.0MiB skipped_batches=0
2026-08-15 22:53:28,635 | INFO | epoch=26 batch=675 global_step=9000 loss_reg_months=3.1958 lr=0.00003846 grad_norm=1.3930 throughput=35.20 img/s eta_seconds=128.2 gpu_alloc=375.7MiB gpu_reserved=4402.0MiB skipped_batches=0
2026-08-15 22:53:36,970 | INFO | epoch=26 batch=700 global_step=9008 loss_reg_months=3.1991 lr=0.00003846 grad_norm=1.1391 throughput=35.23 img/s eta_seconds=119.5 gpu_alloc=485.0MiB gpu_reserved=4402.0MiB skipped_batches=0
2026-08-15 22:53:45,297 | INFO | epoch=26 batch=725 global_step=9016 loss_reg_months=3.1919 lr=0.00003846 grad_norm=1.5054 throughput=35.25 img/s eta_seconds=110.9 gpu_alloc=485.0MiB gpu_reserved=4402.0MiB skipped_batches=0
2026-08-15 22:53:53,633 | INFO | epoch=26 batch=750 global_step=9025 loss_reg_months=3.1951 lr=0.00003846 grad_norm=1.6712 throughput=35.28 img/s eta_seconds=102.4 gpu_alloc=375.7MiB gpu_reserved=4402.0MiB skipped_batches=0
2026-08-15 22:54:01,825 | INFO | epoch=26 batch=775 global_step=9033 loss_reg_months=3.1867 lr=0.00003846 grad_norm=1.6530 throughput=35.32 img/s eta_seconds=93.7 gpu_alloc=485.0MiB gpu_reserved=4402.0MiB skipped_batches=0
2026-08-15 22:54:09,997 | INFO | epoch=26 batch=800 global_step=9041 loss_reg_months=3.1904 lr=0.00003846 grad_norm=1.8228 throughput=35.36 img/s eta_seconds=85.1 gpu_alloc=485.0MiB gpu_reserved=4402.0MiB skipped_batches=0
2026-08-15 22:54:18,548 | INFO | epoch=26 batch=825 global_step=9050 loss_reg_months=3.1891 lr=0.00003846 grad_norm=1.4197 throughput=35.35 img/s eta_seconds=76.7 gpu_alloc=375.7MiB gpu_reserved=4402.0MiB skipped_batches=0
2026-08-15 22:54:26,862 | INFO | epoch=26 batch=850 global_step=9058 loss_reg_months=3.1911 lr=0.00003846 grad_norm=2.4252 throughput=35.37 img/s eta_seconds=68.2 gpu_alloc=485.0MiB gpu_reserved=4402.0MiB skipped_batches=0
2026-08-15 22:54:35,077 | INFO | epoch=26 batch=875 global_step=9066 loss_reg_months=3.1885 lr=0.00003846 grad_norm=1.4554 throughput=35.41 img/s eta_seconds=59.6 gpu_alloc=485.0MiB gpu_reserved=4402.0MiB skipped_batches=0
2026-08-15 22:54:43,351 | INFO | epoch=26 batch=900 global_step=9075 loss_reg_months=3.1811 lr=0.00003846 grad_norm=1.4639 throughput=35.43 img/s eta_seconds=51.1 gpu_alloc=375.7MiB gpu_reserved=4402.0MiB skipped_batches=0
2026-08-15 22:54:51,376 | INFO | epoch=26 batch=925 global_step=9083 loss_reg_months=3.1854 lr=0.00003846 grad_norm=1.4578 throughput=35.48 img/s eta_seconds=42.6 gpu_alloc=485.0MiB gpu_reserved=4402.0MiB skipped_batches=0
2026-08-15 22:54:59,510 | INFO | epoch=26 batch=950 global_step=9091 loss_reg_months=3.1928 lr=0.00003846 grad_norm=1.7795 throughput=35.51 img/s eta_seconds=34.1 gpu_alloc=485.0MiB gpu_reserved=4402.0MiB skipped_batches=0
2026-08-15 22:55:07,663 | INFO | epoch=26 batch=975 global_step=9100 loss_reg_months=3.1836 lr=0.00003846 grad_norm=1.5388 throughput=35.55 img/s eta_seconds=25.6 gpu_alloc=375.7MiB gpu_reserved=4402.0MiB skipped_batches=0
2026-08-15 22:55:15,724 | INFO | epoch=26 batch=1000 global_step=9108 loss_reg_months=3.1870 lr=0.00003846 grad_norm=1.9268 throughput=35.59 img/s eta_seconds=17.2 gpu_alloc=485.0MiB gpu_reserved=4402.0MiB skipped_batches=0
2026-08-15 22:55:23,730 | INFO | epoch=26 batch=1025 global_step=9116 loss_reg_months=3.1930 lr=0.00003846 grad_norm=1.8992 throughput=35.63 img/s eta_seconds=8.7 gpu_alloc=485.0MiB gpu_reserved=4402.0MiB skipped_batches=0
2026-08-15 22:55:31,818 | INFO | epoch=26 batch=1050 global_step=9125 loss_reg_months=3.1892 lr=0.00003846 grad_norm=1.4329 throughput=35.66 img/s eta_seconds=0.3 gpu_alloc=375.7MiB gpu_reserved=4402.0MiB skipped_batches=0
2026-08-15 22:56:07,027 | WARNING | STABILITY WARNING [CAM] Prediction vượt nhẹ miền tuổi 0–228: [5.81, 233.00]
2026-08-15 22:56:07,057 | WARNING | STABILITY WARNING [CAM] Validation MAE xấu đi trong khi train loss giảm
2026-08-15 22:56:07,057 | INFO | 
TRAINING REVIEW SNAPSHOT
Run ID / config hash / split hash: P5_D0_CONVNEXT_TINY_SEED123 / 7209e3e6dada / 7328667e6822+f650a20432b5
Epoch / global step: 26 / 9126
Train loss: 3.1867
Validation MAE / RMSE / median AE: 6.3968 / 8.6873 / 5.0000
MAE nam / nữ / age bins: {'F': 6.8656058282208585, 'M': 6.001455368693402} / {'0-59': 6.2313829787234045, '120-179': 6.1124845488257105, '60-119': 7.425761421319797, '180-228': 5.1484375}
Learning rate / peak VRAM: 0.00003846 / 4402.0 MiB
Best epoch / best MAE / epochs không cải thiện: 19 / 6.2826 / 7
Cảnh báo hiện tại: CAM: Prediction vượt nhẹ miền tuổi 0–228: [5.81, 233.00] | CAM: Validation MAE xấu đi trong khi train loss giảm
Checkpoint gần nhất: p1_baseline\runs\P5_D0_CONVNEXT_TINY_SEED123\last.ckpt
Checkpoint tốt nhất: p1_baseline\runs\P5_D0_CONVNEXT_TINY_SEED123\best_mae.ckpt
Đề xuất tự động: THEO DÕI
2026-08-15 22:56:25,331 | INFO | epoch=27 batch=25 global_step=9134 loss_reg_months=3.0309 lr=0.00003174 grad_norm=1.0851 throughput=19.83 img/s eta_seconds=620.8 gpu_alloc=485.0MiB gpu_reserved=4402.0MiB skipped_batches=0
2026-08-15 22:56:33,355 | INFO | epoch=27 batch=50 global_step=9142 loss_reg_months=3.0059 lr=0.00003174 grad_norm=1.3376 throughput=25.92 img/s eta_seconds=463.4 gpu_alloc=485.0MiB gpu_reserved=4402.0MiB skipped_batches=0
2026-08-15 22:56:41,437 | INFO | epoch=27 batch=75 global_step=9151 loss_reg_months=3.1406 lr=0.00003174 grad_norm=2.2367 throughput=28.82 img/s eta_seconds=406.4 gpu_alloc=375.7MiB gpu_reserved=4402.0MiB skipped_batches=0
2026-08-15 22:56:49,472 | INFO | epoch=27 batch=100 global_step=9159 loss_reg_months=3.0916 lr=0.00003174 grad_norm=1.3623 throughput=30.56 img/s eta_seconds=373.4 gpu_alloc=485.0MiB gpu_reserved=4402.0MiB skipped_batches=0
2026-08-15 22:56:57,530 | INFO | epoch=27 batch=125 global_step=9167 loss_reg_months=3.1132 lr=0.00003174 grad_norm=1.5074 throughput=31.69 img/s eta_seconds=350.6 gpu_alloc=485.0MiB gpu_reserved=4402.0MiB skipped_batches=0
2026-08-15 22:57:05,665 | INFO | epoch=27 batch=150 global_step=9176 loss_reg_months=3.1281 lr=0.00003174 grad_norm=1.7605 throughput=32.46 img/s eta_seconds=333.1 gpu_alloc=375.7MiB gpu_reserved=4402.0MiB skipped_batches=0
2026-08-15 22:57:13,865 | INFO | epoch=27 batch=175 global_step=9184 loss_reg_months=3.1610 lr=0.00003174 grad_norm=1.3773 throughput=32.99 img/s eta_seconds=318.6 gpu_alloc=485.0MiB gpu_reserved=4402.0MiB skipped_batches=0
2026-08-15 22:57:21,963 | INFO | epoch=27 batch=200 global_step=9192 loss_reg_months=3.1988 lr=0.00003174 grad_norm=1.8463 throughput=33.45 img/s eta_seconds=305.3 gpu_alloc=485.0MiB gpu_reserved=4402.0MiB skipped_batches=0
2026-08-15 22:57:30,036 | INFO | epoch=27 batch=225 global_step=9201 loss_reg_months=3.1866 lr=0.00003174 grad_norm=1.5169 throughput=33.82 img/s eta_seconds=293.0 gpu_alloc=375.7MiB gpu_reserved=4402.0MiB skipped_batches=0
2026-08-15 22:57:38,228 | INFO | epoch=27 batch=250 global_step=9209 loss_reg_months=3.1868 lr=0.00003174 grad_norm=1.3916 throughput=34.08 img/s eta_seconds=282.0 gpu_alloc=485.0MiB gpu_reserved=4402.0MiB skipped_batches=0
2026-08-15 22:57:46,329 | INFO | epoch=27 batch=275 global_step=9217 loss_reg_months=3.1628 lr=0.00003174 grad_norm=1.6480 throughput=34.33 img/s eta_seconds=271.2 gpu_alloc=485.0MiB gpu_reserved=4402.0MiB skipped_batches=0
2026-08-15 22:57:54,506 | INFO | epoch=27 batch=300 global_step=9226 loss_reg_months=3.1572 lr=0.00003174 grad_norm=1.5590 throughput=34.52 img/s eta_seconds=261.1 gpu_alloc=375.7MiB gpu_reserved=4402.0MiB skipped_batches=0
2026-08-15 22:58:02,507 | INFO | epoch=27 batch=325 global_step=9234 loss_reg_months=3.1589 lr=0.00003174 grad_norm=1.6005 throughput=34.73 img/s eta_seconds=250.8 gpu_alloc=485.0MiB gpu_reserved=4402.0MiB skipped_batches=0
2026-08-15 22:58:10,843 | INFO | epoch=27 batch=350 global_step=9242 loss_reg_months=3.1688 lr=0.00003174 grad_norm=1.5643 throughput=34.81 img/s eta_seconds=241.6 gpu_alloc=485.0MiB gpu_reserved=4402.0MiB skipped_batches=0
2026-08-15 22:58:19,131 | INFO | epoch=27 batch=375 global_step=9251 loss_reg_months=3.1698 lr=0.00003174 grad_norm=1.5715 throughput=34.90 img/s eta_seconds=232.4 gpu_alloc=375.7MiB gpu_reserved=4402.0MiB skipped_batches=0
2026-08-15 22:58:27,818 | INFO | epoch=27 batch=400 global_step=9259 loss_reg_months=3.1811 lr=0.00003174 grad_norm=1.1176 throughput=34.88 img/s eta_seconds=223.9 gpu_alloc=485.0MiB gpu_reserved=4402.0MiB skipped_batches=0
2026-08-15 22:58:35,820 | INFO | epoch=27 batch=425 global_step=9267 loss_reg_months=3.1852 lr=0.00003174 grad_norm=1.1569 throughput=35.02 img/s eta_seconds=214.5 gpu_alloc=485.0MiB gpu_reserved=4402.0MiB skipped_batches=0
2026-08-15 22:58:44,748 | INFO | epoch=27 batch=450 global_step=9276 loss_reg_months=3.1921 lr=0.00003174 grad_norm=1.5163 throughput=34.94 img/s eta_seconds=206.4 gpu_alloc=375.7MiB gpu_reserved=4402.0MiB skipped_batches=0
2026-08-15 22:58:52,995 | INFO | epoch=27 batch=475 global_step=9284 loss_reg_months=3.1663 lr=0.00003174 grad_norm=1.5930 throughput=35.01 img/s eta_seconds=197.4 gpu_alloc=485.0MiB gpu_reserved=4402.0MiB skipped_batches=0
2026-08-15 22:59:01,187 | INFO | epoch=27 batch=500 global_step=9292 loss_reg_months=3.1549 lr=0.00003174 grad_norm=1.5188 throughput=35.09 img/s eta_seconds=188.4 gpu_alloc=485.0MiB gpu_reserved=4402.0MiB skipped_batches=0
2026-08-15 22:59:09,342 | INFO | epoch=27 batch=525 global_step=9301 loss_reg_months=3.1638 lr=0.00003174 grad_norm=1.3428 throughput=35.17 img/s eta_seconds=179.5 gpu_alloc=375.7MiB gpu_reserved=4402.0MiB skipped_batches=0
2026-08-15 22:59:17,683 | INFO | epoch=27 batch=550 global_step=9309 loss_reg_months=3.1578 lr=0.00003174 grad_norm=1.5718 throughput=35.20 img/s eta_seconds=170.7 gpu_alloc=485.0MiB gpu_reserved=4402.0MiB skipped_batches=0
2026-08-15 22:59:25,816 | INFO | epoch=27 batch=575 global_step=9317 loss_reg_months=3.1577 lr=0.00003174 grad_norm=1.3675 throughput=35.27 img/s eta_seconds=161.9 gpu_alloc=485.0MiB gpu_reserved=4402.0MiB skipped_batches=0
2026-08-15 22:59:34,230 | INFO | epoch=27 batch=600 global_step=9326 loss_reg_months=3.1368 lr=0.00003174 grad_norm=1.4998 throughput=35.29 img/s eta_seconds=153.3 gpu_alloc=375.7MiB gpu_reserved=4402.0MiB skipped_batches=0
2026-08-15 22:59:42,538 | INFO | epoch=27 batch=625 global_step=9334 loss_reg_months=3.1428 lr=0.00003174 grad_norm=1.3788 throughput=35.32 img/s eta_seconds=144.7 gpu_alloc=485.0MiB gpu_reserved=4402.0MiB skipped_batches=0
2026-08-15 22:59:50,870 | INFO | epoch=27 batch=650 global_step=9342 loss_reg_months=3.1401 lr=0.00003174 grad_norm=1.3929 throughput=35.35 img/s eta_seconds=136.1 gpu_alloc=485.0MiB gpu_reserved=4402.0MiB skipped_batches=0
2026-08-15 22:59:59,090 | INFO | epoch=27 batch=675 global_step=9351 loss_reg_months=3.1309 lr=0.00003174 grad_norm=1.4675 throughput=35.39 img/s eta_seconds=127.5 gpu_alloc=375.7MiB gpu_reserved=4402.0MiB skipped_batches=0
2026-08-15 23:00:07,700 | INFO | epoch=27 batch=700 global_step=9359 loss_reg_months=3.1313 lr=0.00003174 grad_norm=1.2154 throughput=35.37 img/s eta_seconds=119.1 gpu_alloc=485.0MiB gpu_reserved=4402.0MiB skipped_batches=0
2026-08-15 23:00:16,147 | INFO | epoch=27 batch=725 global_step=9367 loss_reg_months=3.1262 lr=0.00003174 grad_norm=1.1174 throughput=35.37 img/s eta_seconds=110.6 gpu_alloc=485.0MiB gpu_reserved=4402.0MiB skipped_batches=0
2026-08-15 23:00:24,242 | INFO | epoch=27 batch=750 global_step=9376 loss_reg_months=3.1193 lr=0.00003174 grad_norm=1.5748 throughput=35.43 img/s eta_seconds=101.9 gpu_alloc=375.7MiB gpu_reserved=4402.0MiB skipped_batches=0
2026-08-15 23:00:33,082 | INFO | epoch=27 batch=775 global_step=9384 loss_reg_months=3.1102 lr=0.00003174 grad_norm=1.4014 throughput=35.38 img/s eta_seconds=93.6 gpu_alloc=485.0MiB gpu_reserved=4402.0MiB skipped_batches=0
2026-08-15 23:00:41,511 | INFO | epoch=27 batch=800 global_step=9392 loss_reg_months=3.1084 lr=0.00003174 grad_norm=1.1146 throughput=35.38 img/s eta_seconds=85.1 gpu_alloc=485.0MiB gpu_reserved=4402.0MiB skipped_batches=0
2026-08-15 23:00:49,629 | INFO | epoch=27 batch=825 global_step=9401 loss_reg_months=3.1083 lr=0.00003174 grad_norm=1.7054 throughput=35.43 img/s eta_seconds=76.5 gpu_alloc=375.7MiB gpu_reserved=4402.0MiB skipped_batches=0
2026-08-15 23:00:57,837 | INFO | epoch=27 batch=850 global_step=9409 loss_reg_months=3.0972 lr=0.00003174 grad_norm=1.4206 throughput=35.46 img/s eta_seconds=68.0 gpu_alloc=485.0MiB gpu_reserved=4402.0MiB skipped_batches=0
2026-08-15 23:01:06,213 | INFO | epoch=27 batch=875 global_step=9417 loss_reg_months=3.1077 lr=0.00003174 grad_norm=1.8201 throughput=35.47 img/s eta_seconds=59.5 gpu_alloc=485.0MiB gpu_reserved=4402.0MiB skipped_batches=0
2026-08-15 23:01:14,291 | INFO | epoch=27 batch=900 global_step=9426 loss_reg_months=3.1041 lr=0.00003174 grad_norm=1.3253 throughput=35.52 img/s eta_seconds=51.0 gpu_alloc=375.7MiB gpu_reserved=4402.0MiB skipped_batches=0
2026-08-15 23:01:22,815 | INFO | epoch=27 batch=925 global_step=9434 loss_reg_months=3.0988 lr=0.00003174 grad_norm=1.4680 throughput=35.51 img/s eta_seconds=42.6 gpu_alloc=485.0MiB gpu_reserved=4402.0MiB skipped_batches=0
2026-08-15 23:01:31,822 | INFO | epoch=27 batch=950 global_step=9442 loss_reg_months=3.1066 lr=0.00003174 grad_norm=1.6760 throughput=35.45 img/s eta_seconds=34.2 gpu_alloc=485.0MiB gpu_reserved=4402.0MiB skipped_batches=0
2026-08-15 23:01:41,217 | INFO | epoch=27 batch=975 global_step=9451 loss_reg_months=3.1082 lr=0.00003174 grad_norm=1.7737 throughput=35.35 img/s eta_seconds=25.8 gpu_alloc=375.7MiB gpu_reserved=4402.0MiB skipped_batches=0
2026-08-15 23:01:49,988 | INFO | epoch=27 batch=1000 global_step=9459 loss_reg_months=3.1048 lr=0.00003174 grad_norm=1.4088 throughput=35.32 img/s eta_seconds=17.3 gpu_alloc=485.0MiB gpu_reserved=4402.0MiB skipped_batches=0
2026-08-15 23:01:58,345 | INFO | epoch=27 batch=1025 global_step=9467 loss_reg_months=3.0989 lr=0.00003174 grad_norm=1.6980 throughput=35.33 img/s eta_seconds=8.8 gpu_alloc=485.0MiB gpu_reserved=4402.0MiB skipped_batches=0
2026-08-15 23:02:06,447 | INFO | epoch=27 batch=1050 global_step=9476 loss_reg_months=3.0933 lr=0.00003174 grad_norm=1.5239 throughput=35.37 img/s eta_seconds=0.3 gpu_alloc=375.7MiB gpu_reserved=4402.0MiB skipped_batches=0
2026-08-15 23:02:41,027 | WARNING | STABILITY WARNING [CAM] Prediction vượt nhẹ miền tuổi 0–228: [6.31, 231.00]
2026-08-15 23:02:41,033 | WARNING | STABILITY WARNING [CAM] Validation MAE xấu đi trong khi train loss giảm
2026-08-15 23:02:41,037 | INFO | 
TRAINING REVIEW SNAPSHOT
Run ID / config hash / split hash: P5_D0_CONVNEXT_TINY_SEED123 / 7209e3e6dada / 7328667e6822+f650a20432b5
Epoch / global step: 27 / 9477
Train loss: 3.0927
Validation MAE / RMSE / median AE: 6.4302 / 8.7349 / 5.0000
MAE nam / nữ / age bins: {'F': 6.939608895705521, 'M': 6.000485122897801} / {'0-59': 6.460106382978723, '120-179': 6.205191594561187, '60-119': 7.237944162436548, '180-228': 5.34375}
Learning rate / peak VRAM: 0.00003174 / 4402.0 MiB
Best epoch / best MAE / epochs không cải thiện: 19 / 6.2826 / 8
Cảnh báo hiện tại: CAM: Prediction vượt nhẹ miền tuổi 0–228: [6.31, 231.00] | CAM: Validation MAE xấu đi trong khi train loss giảm
Checkpoint gần nhất: p1_baseline\runs\P5_D0_CONVNEXT_TINY_SEED123\last.ckpt
Checkpoint tốt nhất: p1_baseline\runs\P5_D0_CONVNEXT_TINY_SEED123\best_mae.ckpt
Đề xuất tự động: THEO DÕI
2026-08-15 23:02:43,343 | WARNING | STABILITY WARNING [CAM] Early stopping patience=8
RUN STATUS: early_stopped
