2026-08-13 22:19:40,532 | INFO | Run=P2_A2_LIGHT_FLIP_CONVNEXT_TINY_SEED42 device=cuda config_hash=f1e9df38145b0b536f3ec872568fa69add351ab2a000dae7489ba91fd6d77ce5
2026-08-13 22:19:40,533 | INFO | Split hash train=7328667e6822ab074d442155e33eba89606861bb13bbf804be8a1138c78f5285 validation=f650a20432b557405035d12c52716a6c40fdf20e1343ac3ad0cfb7cd8db21631
2026-08-13 22:19:57,651 | INFO | epoch=1 batch=25 global_step=8 loss_reg_months=28.9234 lr=0.00020000 grad_norm=27.0730 throughput=17.53 img/s eta_seconds=702.4 gpu_alloc=484.0MiB gpu_reserved=4334.0MiB skipped_batches=0
2026-08-13 22:20:05,643 | INFO | epoch=1 batch=50 global_step=16 loss_reg_months=26.1576 lr=0.00020000 grad_norm=7.2543 throughput=23.90 img/s eta_seconds=502.6 gpu_alloc=484.0MiB gpu_reserved=4334.0MiB skipped_batches=0
2026-08-13 22:20:14,402 | INFO | epoch=1 batch=75 global_step=25 loss_reg_months=23.8218 lr=0.00020000 grad_norm=7.4366 throughput=26.57 img/s eta_seconds=440.7 gpu_alloc=374.7MiB gpu_reserved=4334.0MiB skipped_batches=0
2026-08-13 22:20:23,113 | INFO | epoch=1 batch=100 global_step=33 loss_reg_months=21.6992 lr=0.00020000 grad_norm=4.0119 throughput=28.18 img/s eta_seconds=404.9 gpu_alloc=484.0MiB gpu_reserved=4334.0MiB skipped_batches=0
2026-08-13 22:20:31,188 | INFO | epoch=1 batch=125 global_step=41 loss_reg_months=20.1829 lr=0.00020000 grad_norm=12.9549 throughput=29.61 img/s eta_seconds=375.2 gpu_alloc=484.0MiB gpu_reserved=4334.0MiB skipped_batches=0
2026-08-13 22:20:39,518 | INFO | epoch=1 batch=150 global_step=50 loss_reg_months=18.8306 lr=0.00020000 grad_norm=11.1655 throughput=30.52 img/s eta_seconds=354.3 gpu_alloc=374.7MiB gpu_reserved=4334.0MiB skipped_batches=0
2026-08-13 22:20:47,443 | INFO | epoch=1 batch=175 global_step=58 loss_reg_months=17.8686 lr=0.00020000 grad_norm=6.7017 throughput=31.39 img/s eta_seconds=334.9 gpu_alloc=484.0MiB gpu_reserved=4334.0MiB skipped_batches=0
2026-08-13 22:20:55,459 | INFO | epoch=1 batch=200 global_step=66 loss_reg_months=17.0193 lr=0.00020000 grad_norm=2.4263 throughput=32.03 img/s eta_seconds=318.8 gpu_alloc=484.0MiB gpu_reserved=4334.0MiB skipped_batches=0
2026-08-13 22:21:03,594 | INFO | epoch=1 batch=225 global_step=75 loss_reg_months=16.2620 lr=0.00020000 grad_norm=3.0675 throughput=32.51 img/s eta_seconds=304.9 gpu_alloc=374.7MiB gpu_reserved=4334.0MiB skipped_batches=0
2026-08-13 22:21:11,569 | INFO | epoch=1 batch=250 global_step=83 loss_reg_months=15.6897 lr=0.00020000 grad_norm=5.1791 throughput=32.95 img/s eta_seconds=291.6 gpu_alloc=484.0MiB gpu_reserved=4334.0MiB skipped_batches=0
2026-08-13 22:21:19,485 | INFO | epoch=1 batch=275 global_step=91 loss_reg_months=15.1797 lr=0.00020000 grad_norm=3.7172 throughput=33.35 img/s eta_seconds=279.2 gpu_alloc=484.0MiB gpu_reserved=4334.0MiB skipped_batches=0
2026-08-13 22:21:28,079 | INFO | epoch=1 batch=300 global_step=100 loss_reg_months=14.8060 lr=0.00020000 grad_norm=10.8291 throughput=33.47 img/s eta_seconds=269.2 gpu_alloc=374.7MiB gpu_reserved=4334.0MiB skipped_batches=0
2026-08-13 22:21:36,066 | INFO | epoch=1 batch=325 global_step=108 loss_reg_months=14.5293 lr=0.00020000 grad_norm=3.5702 throughput=33.76 img/s eta_seconds=258.0 gpu_alloc=484.0MiB gpu_reserved=4334.0MiB skipped_batches=0
2026-08-13 22:21:44,170 | INFO | epoch=1 batch=350 global_step=116 loss_reg_months=14.2131 lr=0.00020000 grad_norm=7.5501 throughput=33.97 img/s eta_seconds=247.6 gpu_alloc=484.0MiB gpu_reserved=4334.0MiB skipped_batches=0
2026-08-13 22:21:52,402 | INFO | epoch=1 batch=375 global_step=125 loss_reg_months=13.8574 lr=0.00020000 grad_norm=8.6027 throughput=34.13 img/s eta_seconds=237.7 gpu_alloc=374.7MiB gpu_reserved=4334.0MiB skipped_batches=0
2026-08-13 22:22:00,571 | INFO | epoch=1 batch=400 global_step=133 loss_reg_months=13.7453 lr=0.00020000 grad_norm=10.8041 throughput=34.28 img/s eta_seconds=227.9 gpu_alloc=484.0MiB gpu_reserved=4334.0MiB skipped_batches=0
2026-08-13 22:22:08,535 | INFO | epoch=1 batch=425 global_step=141 loss_reg_months=13.6281 lr=0.00020000 grad_norm=6.8754 throughput=34.46 img/s eta_seconds=218.0 gpu_alloc=484.0MiB gpu_reserved=4334.0MiB skipped_batches=0
2026-08-13 22:22:16,849 | INFO | epoch=1 batch=450 global_step=150 loss_reg_months=13.4266 lr=0.00020000 grad_norm=3.8217 throughput=34.55 img/s eta_seconds=208.7 gpu_alloc=374.7MiB gpu_reserved=4334.0MiB skipped_batches=0
2026-08-13 22:22:25,215 | INFO | epoch=1 batch=475 global_step=158 loss_reg_months=13.1809 lr=0.00020000 grad_norm=2.4228 throughput=34.61 img/s eta_seconds=199.7 gpu_alloc=484.0MiB gpu_reserved=4334.0MiB skipped_batches=0
2026-08-13 22:22:33,464 | INFO | epoch=1 batch=500 global_step=166 loss_reg_months=12.9620 lr=0.00020000 grad_norm=3.5504 throughput=34.70 img/s eta_seconds=190.5 gpu_alloc=484.0MiB gpu_reserved=4334.0MiB skipped_batches=0
2026-08-13 22:22:41,842 | INFO | epoch=1 batch=525 global_step=175 loss_reg_months=12.8169 lr=0.00020000 grad_norm=3.9028 throughput=34.75 img/s eta_seconds=181.6 gpu_alloc=374.7MiB gpu_reserved=4334.0MiB skipped_batches=0
2026-08-13 22:22:50,151 | INFO | epoch=1 batch=550 global_step=183 loss_reg_months=12.6964 lr=0.00020000 grad_norm=3.4670 throughput=34.81 img/s eta_seconds=172.7 gpu_alloc=484.0MiB gpu_reserved=4334.0MiB skipped_batches=0
2026-08-13 22:22:58,214 | INFO | epoch=1 batch=575 global_step=191 loss_reg_months=12.5462 lr=0.00020000 grad_norm=3.4913 throughput=34.91 img/s eta_seconds=163.6 gpu_alloc=484.0MiB gpu_reserved=4334.0MiB skipped_batches=0
2026-08-13 22:23:06,050 | INFO | epoch=1 batch=600 global_step=200 loss_reg_months=12.3832 lr=0.00020000 grad_norm=2.7745 throughput=35.03 img/s eta_seconds=154.4 gpu_alloc=374.7MiB gpu_reserved=4334.0MiB skipped_batches=0
2026-08-13 22:23:14,315 | INFO | epoch=1 batch=625 global_step=208 loss_reg_months=12.2288 lr=0.00020000 grad_norm=2.3839 throughput=35.08 img/s eta_seconds=145.7 gpu_alloc=484.0MiB gpu_reserved=4334.0MiB skipped_batches=0
2026-08-13 22:23:22,337 | INFO | epoch=1 batch=650 global_step=216 loss_reg_months=12.1227 lr=0.00020000 grad_norm=4.4789 throughput=35.17 img/s eta_seconds=136.8 gpu_alloc=484.0MiB gpu_reserved=4334.0MiB skipped_batches=0
2026-08-13 22:23:30,726 | INFO | epoch=1 batch=675 global_step=225 loss_reg_months=12.0275 lr=0.00020000 grad_norm=2.4634 throughput=35.19 img/s eta_seconds=128.2 gpu_alloc=374.7MiB gpu_reserved=4334.0MiB skipped_batches=0
2026-08-13 22:23:38,738 | INFO | epoch=1 batch=700 global_step=233 loss_reg_months=11.8793 lr=0.00020000 grad_norm=4.6503 throughput=35.26 img/s eta_seconds=119.4 gpu_alloc=484.0MiB gpu_reserved=4334.0MiB skipped_batches=0
2026-08-13 22:23:46,812 | INFO | epoch=1 batch=725 global_step=241 loss_reg_months=11.7584 lr=0.00020000 grad_norm=2.8336 throughput=35.33 img/s eta_seconds=110.7 gpu_alloc=484.0MiB gpu_reserved=4334.0MiB skipped_batches=0
2026-08-13 22:23:55,067 | INFO | epoch=1 batch=750 global_step=250 loss_reg_months=11.6091 lr=0.00020000 grad_norm=2.7171 throughput=35.36 img/s eta_seconds=102.1 gpu_alloc=374.7MiB gpu_reserved=4334.0MiB skipped_batches=0
2026-08-13 22:24:03,341 | INFO | epoch=1 batch=775 global_step=258 loss_reg_months=11.4916 lr=0.00020000 grad_norm=3.5543 throughput=35.39 img/s eta_seconds=93.6 gpu_alloc=484.0MiB gpu_reserved=4334.0MiB skipped_batches=0
2026-08-13 22:24:11,321 | INFO | epoch=1 batch=800 global_step=266 loss_reg_months=11.3995 lr=0.00020000 grad_norm=3.8233 throughput=35.45 img/s eta_seconds=84.9 gpu_alloc=484.0MiB gpu_reserved=4334.0MiB skipped_batches=0
2026-08-13 22:24:19,391 | INFO | epoch=1 batch=825 global_step=275 loss_reg_months=11.3219 lr=0.00020000 grad_norm=2.5293 throughput=35.50 img/s eta_seconds=76.4 gpu_alloc=374.7MiB gpu_reserved=4334.0MiB skipped_batches=0
2026-08-13 22:24:27,417 | INFO | epoch=1 batch=850 global_step=283 loss_reg_months=11.2093 lr=0.00020000 grad_norm=1.6453 throughput=35.55 img/s eta_seconds=67.8 gpu_alloc=484.0MiB gpu_reserved=4334.0MiB skipped_batches=0
2026-08-13 22:24:35,865 | INFO | epoch=1 batch=875 global_step=291 loss_reg_months=11.0875 lr=0.00020000 grad_norm=2.7748 throughput=35.55 img/s eta_seconds=59.4 gpu_alloc=484.0MiB gpu_reserved=4334.0MiB skipped_batches=0
2026-08-13 22:24:43,682 | INFO | epoch=1 batch=900 global_step=300 loss_reg_months=11.0145 lr=0.00020000 grad_norm=4.8024 throughput=35.63 img/s eta_seconds=50.8 gpu_alloc=374.7MiB gpu_reserved=4334.0MiB skipped_batches=0
2026-08-13 22:24:51,675 | INFO | epoch=1 batch=925 global_step=308 loss_reg_months=10.9205 lr=0.00020000 grad_norm=3.8379 throughput=35.68 img/s eta_seconds=42.4 gpu_alloc=484.0MiB gpu_reserved=4334.0MiB skipped_batches=0
2026-08-13 22:24:59,783 | INFO | epoch=1 batch=950 global_step=316 loss_reg_months=10.8373 lr=0.00020000 grad_norm=1.7491 throughput=35.71 img/s eta_seconds=33.9 gpu_alloc=484.0MiB gpu_reserved=4334.0MiB skipped_batches=0
2026-08-13 22:25:07,564 | INFO | epoch=1 batch=975 global_step=325 loss_reg_months=10.7527 lr=0.00020000 grad_norm=2.4401 throughput=35.78 img/s eta_seconds=25.5 gpu_alloc=374.7MiB gpu_reserved=4334.0MiB skipped_batches=0
2026-08-13 22:25:15,528 | INFO | epoch=1 batch=1000 global_step=333 loss_reg_months=10.6904 lr=0.00020000 grad_norm=1.3801 throughput=35.82 img/s eta_seconds=17.1 gpu_alloc=484.0MiB gpu_reserved=4334.0MiB skipped_batches=0
2026-08-13 22:25:23,406 | INFO | epoch=1 batch=1025 global_step=341 loss_reg_months=10.6223 lr=0.00020000 grad_norm=3.4478 throughput=35.87 img/s eta_seconds=8.7 gpu_alloc=484.0MiB gpu_reserved=4334.0MiB skipped_batches=0
2026-08-13 22:25:31,325 | INFO | epoch=1 batch=1050 global_step=350 loss_reg_months=10.5711 lr=0.00020000 grad_norm=2.7532 throughput=35.92 img/s eta_seconds=0.3 gpu_alloc=374.7MiB gpu_reserved=4334.0MiB skipped_batches=0
2026-08-13 22:25:59,463 | INFO | 
TRAINING REVIEW SNAPSHOT
Run ID / config hash / split hash: P2_A2_LIGHT_FLIP_CONVNEXT_TINY_SEED42 / f1e9df38145b / 7328667e6822+f650a20432b5
Epoch / global step: 1 / 351
Train loss: 10.5657
Validation MAE / RMSE / median AE: 7.8391 / 10.4143 / 6.0000
MAE nam / nữ / age bins: {'F': 8.245878067484663, 'M': 7.495957309184994} / {'0-59': 9.007313829787234, '120-179': 7.201483312731767, '60-119': 8.101522842639595, '180-228': 10.203125}
Learning rate / peak VRAM: 0.00020000 / 4334.0 MiB
Best epoch / best MAE / epochs không cải thiện: 1 / 7.8391 / 0
Cảnh báo hiện tại: KHÔNG
Checkpoint gần nhất: p1_baseline\runs\P2_A2_LIGHT_FLIP_CONVNEXT_TINY_SEED42\last.ckpt
Checkpoint tốt nhất: p1_baseline\runs\P2_A2_LIGHT_FLIP_CONVNEXT_TINY_SEED42\best_mae.ckpt
Đề xuất tự động: TIẾP TỤC
2026-08-13 22:26:14,966 | INFO | epoch=2 batch=25 global_step=359 loss_reg_months=7.4792 lr=0.00019960 grad_norm=3.2635 throughput=20.11 img/s eta_seconds=612.2 gpu_alloc=484.0MiB gpu_reserved=4334.0MiB skipped_batches=0
2026-08-13 22:26:22,899 | INFO | epoch=2 batch=50 global_step=367 loss_reg_months=6.7800 lr=0.00019960 grad_norm=2.3356 throughput=26.26 img/s eta_seconds=457.5 gpu_alloc=484.0MiB gpu_reserved=4334.0MiB skipped_batches=0
2026-08-13 22:26:31,031 | INFO | epoch=2 batch=75 global_step=376 loss_reg_months=6.6894 lr=0.00019960 grad_norm=2.2674 throughput=29.05 img/s eta_seconds=403.2 gpu_alloc=374.7MiB gpu_reserved=4334.0MiB skipped_batches=0
2026-08-13 22:26:39,379 | INFO | epoch=2 batch=100 global_step=384 loss_reg_months=6.6931 lr=0.00019960 grad_norm=1.8253 throughput=30.51 img/s eta_seconds=374.0 gpu_alloc=484.0MiB gpu_reserved=4334.0MiB skipped_batches=0
2026-08-13 22:26:47,552 | INFO | epoch=2 batch=125 global_step=392 loss_reg_months=6.8359 lr=0.00019960 grad_norm=1.5328 throughput=31.58 img/s eta_seconds=351.9 gpu_alloc=484.0MiB gpu_reserved=4334.0MiB skipped_batches=0
2026-08-13 22:26:55,703 | INFO | epoch=2 batch=150 global_step=401 loss_reg_months=6.9118 lr=0.00019960 grad_norm=3.6613 throughput=32.34 img/s eta_seconds=334.3 gpu_alloc=374.7MiB gpu_reserved=4334.0MiB skipped_batches=0
2026-08-13 22:27:03,631 | INFO | epoch=2 batch=175 global_step=409 loss_reg_months=6.9572 lr=0.00019960 grad_norm=1.9526 throughput=33.03 img/s eta_seconds=318.3 gpu_alloc=484.0MiB gpu_reserved=4334.0MiB skipped_batches=0
2026-08-13 22:27:11,825 | INFO | epoch=2 batch=200 global_step=417 loss_reg_months=6.8935 lr=0.00019960 grad_norm=1.6593 throughput=33.44 img/s eta_seconds=305.4 gpu_alloc=484.0MiB gpu_reserved=4334.0MiB skipped_batches=0
2026-08-13 22:27:19,961 | INFO | epoch=2 batch=225 global_step=426 loss_reg_months=6.7873 lr=0.00019960 grad_norm=2.9925 throughput=33.79 img/s eta_seconds=293.3 gpu_alloc=374.7MiB gpu_reserved=4334.0MiB skipped_batches=0
2026-08-13 22:27:28,216 | INFO | epoch=2 batch=250 global_step=434 loss_reg_months=6.8284 lr=0.00019960 grad_norm=2.3001 throughput=34.03 img/s eta_seconds=282.5 gpu_alloc=484.0MiB gpu_reserved=4334.0MiB skipped_batches=0
2026-08-13 22:27:36,330 | INFO | epoch=2 batch=275 global_step=442 loss_reg_months=6.8336 lr=0.00019960 grad_norm=2.0216 throughput=34.27 img/s eta_seconds=271.7 gpu_alloc=484.0MiB gpu_reserved=4334.0MiB skipped_batches=0
2026-08-13 22:27:44,228 | INFO | epoch=2 batch=300 global_step=451 loss_reg_months=6.7696 lr=0.00019960 grad_norm=2.7040 throughput=34.55 img/s eta_seconds=260.8 gpu_alloc=374.7MiB gpu_reserved=4334.0MiB skipped_batches=0
2026-08-13 22:27:52,324 | INFO | epoch=2 batch=325 global_step=459 loss_reg_months=6.7495 lr=0.00019960 grad_norm=2.3573 throughput=34.74 img/s eta_seconds=250.8 gpu_alloc=484.0MiB gpu_reserved=4334.0MiB skipped_batches=0
2026-08-13 22:28:00,428 | INFO | epoch=2 batch=350 global_step=467 loss_reg_months=6.7436 lr=0.00019960 grad_norm=2.0200 throughput=34.89 img/s eta_seconds=241.1 gpu_alloc=484.0MiB gpu_reserved=4334.0MiB skipped_batches=0
2026-08-13 22:28:08,488 | INFO | epoch=2 batch=375 global_step=476 loss_reg_months=6.7379 lr=0.00019960 grad_norm=2.5279 throughput=35.04 img/s eta_seconds=231.5 gpu_alloc=374.7MiB gpu_reserved=4334.0MiB skipped_batches=0
2026-08-13 22:28:16,594 | INFO | epoch=2 batch=400 global_step=484 loss_reg_months=6.8189 lr=0.00019960 grad_norm=4.2919 throughput=35.15 img/s eta_seconds=222.2 gpu_alloc=484.0MiB gpu_reserved=4334.0MiB skipped_batches=0
2026-08-13 22:28:24,761 | INFO | epoch=2 batch=425 global_step=492 loss_reg_months=6.8578 lr=0.00019960 grad_norm=4.6264 throughput=35.24 img/s eta_seconds=213.1 gpu_alloc=484.0MiB gpu_reserved=4334.0MiB skipped_batches=0
2026-08-13 22:28:33,892 | INFO | epoch=2 batch=450 global_step=501 loss_reg_months=6.8395 lr=0.00019960 grad_norm=2.7911 throughput=35.10 img/s eta_seconds=205.4 gpu_alloc=374.7MiB gpu_reserved=4334.0MiB skipped_batches=0
2026-08-13 22:28:41,713 | INFO | epoch=2 batch=475 global_step=509 loss_reg_months=6.8350 lr=0.00019960 grad_norm=4.3378 throughput=35.26 img/s eta_seconds=196.0 gpu_alloc=484.0MiB gpu_reserved=4334.0MiB skipped_batches=0
2026-08-13 22:28:49,747 | INFO | epoch=2 batch=500 global_step=517 loss_reg_months=6.8297 lr=0.00019960 grad_norm=1.7265 throughput=35.36 img/s eta_seconds=187.0 gpu_alloc=484.0MiB gpu_reserved=4334.0MiB skipped_batches=0
2026-08-13 22:28:57,735 | INFO | epoch=2 batch=525 global_step=526 loss_reg_months=6.7933 lr=0.00019960 grad_norm=1.9476 throughput=35.46 img/s eta_seconds=178.0 gpu_alloc=374.7MiB gpu_reserved=4334.0MiB skipped_batches=0
2026-08-13 22:29:05,950 | INFO | epoch=2 batch=550 global_step=534 loss_reg_months=6.7779 lr=0.00019960 grad_norm=2.0960 throughput=35.50 img/s eta_seconds=169.3 gpu_alloc=484.0MiB gpu_reserved=4334.0MiB skipped_batches=0
2026-08-13 22:29:13,809 | INFO | epoch=2 batch=575 global_step=542 loss_reg_months=6.8383 lr=0.00019960 grad_norm=4.9308 throughput=35.61 img/s eta_seconds=160.4 gpu_alloc=484.0MiB gpu_reserved=4334.0MiB skipped_batches=0
2026-08-13 22:29:21,842 | INFO | epoch=2 batch=600 global_step=551 loss_reg_months=6.8775 lr=0.00019960 grad_norm=1.6719 throughput=35.68 img/s eta_seconds=151.7 gpu_alloc=374.7MiB gpu_reserved=4334.0MiB skipped_batches=0
2026-08-13 22:29:29,715 | INFO | epoch=2 batch=625 global_step=559 loss_reg_months=6.8614 lr=0.00019960 grad_norm=4.1104 throughput=35.77 img/s eta_seconds=142.9 gpu_alloc=484.0MiB gpu_reserved=4334.0MiB skipped_batches=0
2026-08-13 22:29:37,603 | INFO | epoch=2 batch=650 global_step=567 loss_reg_months=6.8359 lr=0.00019960 grad_norm=2.3873 throughput=35.85 img/s eta_seconds=134.2 gpu_alloc=484.0MiB gpu_reserved=4334.0MiB skipped_batches=0
2026-08-13 22:29:45,820 | INFO | epoch=2 batch=675 global_step=576 loss_reg_months=6.8272 lr=0.00019960 grad_norm=2.1211 throughput=35.88 img/s eta_seconds=125.7 gpu_alloc=374.7MiB gpu_reserved=4334.0MiB skipped_batches=0
2026-08-13 22:29:53,802 | INFO | epoch=2 batch=700 global_step=584 loss_reg_months=6.7939 lr=0.00019960 grad_norm=2.1677 throughput=35.94 img/s eta_seconds=117.2 gpu_alloc=484.0MiB gpu_reserved=4334.0MiB skipped_batches=0
2026-08-13 22:30:01,997 | INFO | epoch=2 batch=725 global_step=592 loss_reg_months=6.7853 lr=0.00019960 grad_norm=3.0547 throughput=35.96 img/s eta_seconds=108.8 gpu_alloc=484.0MiB gpu_reserved=4334.0MiB skipped_batches=0
2026-08-13 22:30:10,075 | INFO | epoch=2 batch=750 global_step=601 loss_reg_months=6.7844 lr=0.00019960 grad_norm=2.5136 throughput=36.00 img/s eta_seconds=100.3 gpu_alloc=374.7MiB gpu_reserved=4334.0MiB skipped_batches=0
2026-08-13 22:30:18,072 | INFO | epoch=2 batch=775 global_step=609 loss_reg_months=6.7707 lr=0.00019960 grad_norm=1.8600 throughput=36.04 img/s eta_seconds=91.9 gpu_alloc=484.0MiB gpu_reserved=4334.0MiB skipped_batches=0
2026-08-13 22:30:25,966 | INFO | epoch=2 batch=800 global_step=617 loss_reg_months=6.7397 lr=0.00019960 grad_norm=2.3307 throughput=36.10 img/s eta_seconds=83.4 gpu_alloc=484.0MiB gpu_reserved=4334.0MiB skipped_batches=0
2026-08-13 22:30:34,060 | INFO | epoch=2 batch=825 global_step=626 loss_reg_months=6.7225 lr=0.00019960 grad_norm=1.4590 throughput=36.13 img/s eta_seconds=75.0 gpu_alloc=374.7MiB gpu_reserved=4334.0MiB skipped_batches=0
2026-08-13 22:30:42,260 | INFO | epoch=2 batch=850 global_step=634 loss_reg_months=6.7151 lr=0.00019960 grad_norm=2.5202 throughput=36.14 img/s eta_seconds=66.7 gpu_alloc=484.0MiB gpu_reserved=4334.0MiB skipped_batches=0
2026-08-13 22:30:50,212 | INFO | epoch=2 batch=875 global_step=642 loss_reg_months=6.7274 lr=0.00019960 grad_norm=2.7195 throughput=36.19 img/s eta_seconds=58.3 gpu_alloc=484.0MiB gpu_reserved=4334.0MiB skipped_batches=0
2026-08-13 22:30:58,416 | INFO | epoch=2 batch=900 global_step=651 loss_reg_months=6.7153 lr=0.00019960 grad_norm=1.3051 throughput=36.20 img/s eta_seconds=50.0 gpu_alloc=374.7MiB gpu_reserved=4334.0MiB skipped_batches=0
2026-08-13 22:31:06,560 | INFO | epoch=2 batch=925 global_step=659 loss_reg_months=6.6938 lr=0.00019960 grad_norm=1.9183 throughput=36.21 img/s eta_seconds=41.7 gpu_alloc=484.0MiB gpu_reserved=4334.0MiB skipped_batches=0
2026-08-13 22:31:14,418 | INFO | epoch=2 batch=950 global_step=667 loss_reg_months=6.6876 lr=0.00019960 grad_norm=1.3903 throughput=36.26 img/s eta_seconds=33.4 gpu_alloc=484.0MiB gpu_reserved=4334.0MiB skipped_batches=0
2026-08-13 22:31:22,548 | INFO | epoch=2 batch=975 global_step=676 loss_reg_months=6.6804 lr=0.00019960 grad_norm=1.6377 throughput=36.28 img/s eta_seconds=25.1 gpu_alloc=374.7MiB gpu_reserved=4334.0MiB skipped_batches=0
2026-08-13 22:31:30,812 | INFO | epoch=2 batch=1000 global_step=684 loss_reg_months=6.6878 lr=0.00019960 grad_norm=1.6895 throughput=36.28 img/s eta_seconds=16.8 gpu_alloc=484.0MiB gpu_reserved=4334.0MiB skipped_batches=0
2026-08-13 22:31:38,765 | INFO | epoch=2 batch=1025 global_step=692 loss_reg_months=6.6770 lr=0.00019960 grad_norm=1.9015 throughput=36.31 img/s eta_seconds=8.6 gpu_alloc=484.0MiB gpu_reserved=4334.0MiB skipped_batches=0
2026-08-13 22:31:46,725 | INFO | epoch=2 batch=1050 global_step=701 loss_reg_months=6.6832 lr=0.00019960 grad_norm=1.1915 throughput=36.34 img/s eta_seconds=0.3 gpu_alloc=374.7MiB gpu_reserved=4334.0MiB skipped_batches=0
2026-08-13 22:32:15,665 | WARNING | STABILITY WARNING [CAM] Prediction vượt nhẹ miền tuổi 0–228: [-4.69, 218.00]
2026-08-13 22:32:18,794 | INFO | 
TRAINING REVIEW SNAPSHOT
Run ID / config hash / split hash: P2_A2_LIGHT_FLIP_CONVNEXT_TINY_SEED42 / f1e9df38145b / 7328667e6822+f650a20432b5
Epoch / global step: 2 / 702
Train loss: 6.6804
Validation MAE / RMSE / median AE: 7.4051 / 9.8612 / 6.0000
MAE nam / nữ / age bins: {'F': 8.15185247315951, 'M': 6.77530724450194} / {'0-59': 6.780003324468085, '120-179': 6.761433868974042, '60-119': 9.073604060913706, '180-228': 6.796875}
Learning rate / peak VRAM: 0.00019960 / 4334.0 MiB
Best epoch / best MAE / epochs không cải thiện: 2 / 7.4051 / 0
Cảnh báo hiện tại: CAM: Prediction vượt nhẹ miền tuổi 0–228: [-4.69, 218.00]
Checkpoint gần nhất: p1_baseline\runs\P2_A2_LIGHT_FLIP_CONVNEXT_TINY_SEED42\last.ckpt
Checkpoint tốt nhất: p1_baseline\runs\P2_A2_LIGHT_FLIP_CONVNEXT_TINY_SEED42\best_mae.ckpt
Đề xuất tự động: THEO DÕI
2026-08-13 22:32:43,704 | INFO | epoch=3 batch=25 global_step=710 loss_reg_months=5.8450 lr=0.00019840 grad_norm=2.0196 throughput=19.37 img/s eta_seconds=635.4 gpu_alloc=484.0MiB gpu_reserved=4334.0MiB skipped_batches=0
2026-08-13 22:32:51,680 | INFO | epoch=3 batch=50 global_step=718 loss_reg_months=6.1646 lr=0.00019840 grad_norm=1.5287 throughput=25.57 img/s eta_seconds=469.6 gpu_alloc=484.0MiB gpu_reserved=4334.0MiB skipped_batches=0
2026-08-13 22:32:59,574 | INFO | epoch=3 batch=75 global_step=727 loss_reg_months=5.8601 lr=0.00019840 grad_norm=1.9489 throughput=28.70 img/s eta_seconds=408.0 gpu_alloc=374.7MiB gpu_reserved=4334.0MiB skipped_batches=0
2026-08-13 22:33:07,571 | INFO | epoch=3 batch=100 global_step=735 loss_reg_months=5.9683 lr=0.00019840 grad_norm=1.9801 throughput=30.49 img/s eta_seconds=374.2 gpu_alloc=484.0MiB gpu_reserved=4334.0MiB skipped_batches=0
2026-08-13 22:33:15,796 | INFO | epoch=3 batch=125 global_step=743 loss_reg_months=5.9251 lr=0.00019840 grad_norm=3.0854 throughput=31.53 img/s eta_seconds=352.4 gpu_alloc=484.0MiB gpu_reserved=4334.0MiB skipped_batches=0
2026-08-13 22:33:23,659 | INFO | epoch=3 batch=150 global_step=752 loss_reg_months=6.1256 lr=0.00019840 grad_norm=2.3752 throughput=32.47 img/s eta_seconds=333.0 gpu_alloc=374.7MiB gpu_reserved=4334.0MiB skipped_batches=0
2026-08-13 22:33:31,435 | INFO | epoch=3 batch=175 global_step=760 loss_reg_months=6.1870 lr=0.00019840 grad_norm=3.8223 throughput=33.22 img/s eta_seconds=316.4 gpu_alloc=484.0MiB gpu_reserved=4334.0MiB skipped_batches=0
2026-08-13 22:33:39,738 | INFO | epoch=3 batch=200 global_step=768 loss_reg_months=6.1126 lr=0.00019840 grad_norm=1.9229 throughput=33.56 img/s eta_seconds=304.3 gpu_alloc=484.0MiB gpu_reserved=4334.0MiB skipped_batches=0
2026-08-13 22:33:47,878 | INFO | epoch=3 batch=225 global_step=777 loss_reg_months=6.1177 lr=0.00019840 grad_norm=1.4836 throughput=33.89 img/s eta_seconds=292.4 gpu_alloc=374.7MiB gpu_reserved=4334.0MiB skipped_batches=0
2026-08-13 22:33:55,820 | INFO | epoch=3 batch=250 global_step=785 loss_reg_months=6.0774 lr=0.00019840 grad_norm=1.3691 throughput=34.25 img/s eta_seconds=280.6 gpu_alloc=484.0MiB gpu_reserved=4334.0MiB skipped_batches=0
2026-08-13 22:34:04,012 | INFO | epoch=3 batch=275 global_step=793 loss_reg_months=6.1076 lr=0.00019840 grad_norm=2.5619 throughput=34.45 img/s eta_seconds=270.3 gpu_alloc=484.0MiB gpu_reserved=4334.0MiB skipped_batches=0
2026-08-13 22:34:11,972 | INFO | epoch=3 batch=300 global_step=802 loss_reg_months=6.1143 lr=0.00019840 grad_norm=1.5117 throughput=34.70 img/s eta_seconds=259.7 gpu_alloc=374.7MiB gpu_reserved=4334.0MiB skipped_batches=0
2026-08-13 22:34:19,921 | INFO | epoch=3 batch=325 global_step=810 loss_reg_months=6.1813 lr=0.00019840 grad_norm=3.0893 throughput=34.91 img/s eta_seconds=249.5 gpu_alloc=484.0MiB gpu_reserved=4334.0MiB skipped_batches=0
2026-08-13 22:34:27,885 | INFO | epoch=3 batch=350 global_step=818 loss_reg_months=6.1982 lr=0.00019840 grad_norm=2.4029 throughput=35.10 img/s eta_seconds=239.6 gpu_alloc=484.0MiB gpu_reserved=4334.0MiB skipped_batches=0
2026-08-13 22:34:35,883 | INFO | epoch=3 batch=375 global_step=827 loss_reg_months=6.2369 lr=0.00019840 grad_norm=2.5465 throughput=35.25 img/s eta_seconds=230.1 gpu_alloc=374.7MiB gpu_reserved=4334.0MiB skipped_batches=0
2026-08-13 22:34:43,914 | INFO | epoch=3 batch=400 global_step=835 loss_reg_months=6.2485 lr=0.00019840 grad_norm=2.6245 throughput=35.37 img/s eta_seconds=220.8 gpu_alloc=484.0MiB gpu_reserved=4334.0MiB skipped_batches=0
2026-08-13 22:34:52,166 | INFO | epoch=3 batch=425 global_step=843 loss_reg_months=6.2745 lr=0.00019840 grad_norm=1.6932 throughput=35.43 img/s eta_seconds=212.0 gpu_alloc=484.0MiB gpu_reserved=4334.0MiB skipped_batches=0
2026-08-13 22:35:00,073 | INFO | epoch=3 batch=450 global_step=852 loss_reg_months=6.2649 lr=0.00019840 grad_norm=1.8050 throughput=35.56 img/s eta_seconds=202.8 gpu_alloc=374.7MiB gpu_reserved=4334.0MiB skipped_batches=0
2026-08-13 22:35:08,028 | INFO | epoch=3 batch=475 global_step=860 loss_reg_months=6.2448 lr=0.00019840 grad_norm=1.7441 throughput=35.67 img/s eta_seconds=193.8 gpu_alloc=484.0MiB gpu_reserved=4334.0MiB skipped_batches=0
2026-08-13 22:35:16,188 | INFO | epoch=3 batch=500 global_step=868 loss_reg_months=6.2570 lr=0.00019840 grad_norm=2.2848 throughput=35.72 img/s eta_seconds=185.1 gpu_alloc=484.0MiB gpu_reserved=4334.0MiB skipped_batches=0
2026-08-13 22:35:24,481 | INFO | epoch=3 batch=525 global_step=877 loss_reg_months=6.2512 lr=0.00019840 grad_norm=2.1273 throughput=35.74 img/s eta_seconds=176.6 gpu_alloc=374.7MiB gpu_reserved=4334.0MiB skipped_batches=0
2026-08-13 22:35:32,399 | INFO | epoch=3 batch=550 global_step=885 loss_reg_months=6.2232 lr=0.00019840 grad_norm=1.1350 throughput=35.83 img/s eta_seconds=167.7 gpu_alloc=484.0MiB gpu_reserved=4334.0MiB skipped_batches=0
2026-08-13 22:35:40,645 | INFO | epoch=3 batch=575 global_step=893 loss_reg_months=6.2242 lr=0.00019840 grad_norm=1.9520 throughput=35.86 img/s eta_seconds=159.3 gpu_alloc=484.0MiB gpu_reserved=4334.0MiB skipped_batches=0
2026-08-13 22:35:48,715 | INFO | epoch=3 batch=600 global_step=902 loss_reg_months=6.2168 lr=0.00019840 grad_norm=2.2571 throughput=35.91 img/s eta_seconds=150.7 gpu_alloc=374.7MiB gpu_reserved=4334.0MiB skipped_batches=0
2026-08-13 22:35:56,797 | INFO | epoch=3 batch=625 global_step=910 loss_reg_months=6.2228 lr=0.00019840 grad_norm=2.4281 throughput=35.96 img/s eta_seconds=142.1 gpu_alloc=484.0MiB gpu_reserved=4334.0MiB skipped_batches=0
2026-08-13 22:36:04,782 | INFO | epoch=3 batch=650 global_step=918 loss_reg_months=6.2126 lr=0.00019840 grad_norm=2.9199 throughput=36.02 img/s eta_seconds=133.6 gpu_alloc=484.0MiB gpu_reserved=4334.0MiB skipped_batches=0
2026-08-13 22:36:13,102 | INFO | epoch=3 batch=675 global_step=927 loss_reg_months=6.1873 lr=0.00019840 grad_norm=1.6019 throughput=36.02 img/s eta_seconds=125.2 gpu_alloc=374.7MiB gpu_reserved=4334.0MiB skipped_batches=0
2026-08-13 22:36:21,297 | INFO | epoch=3 batch=700 global_step=935 loss_reg_months=6.1958 lr=0.00019840 grad_norm=1.5758 throughput=36.04 img/s eta_seconds=116.8 gpu_alloc=484.0MiB gpu_reserved=4334.0MiB skipped_batches=0
2026-08-13 22:36:29,240 | INFO | epoch=3 batch=725 global_step=943 loss_reg_months=6.1818 lr=0.00019840 grad_norm=1.6635 throughput=36.10 img/s eta_seconds=108.3 gpu_alloc=484.0MiB gpu_reserved=4334.0MiB skipped_batches=0
2026-08-13 22:36:37,604 | INFO | epoch=3 batch=750 global_step=952 loss_reg_months=6.2025 lr=0.00019840 grad_norm=1.1330 throughput=36.09 img/s eta_seconds=100.1 gpu_alloc=374.7MiB gpu_reserved=4334.0MiB skipped_batches=0
2026-08-13 22:36:46,021 | INFO | epoch=3 batch=775 global_step=960 loss_reg_months=6.2111 lr=0.00019840 grad_norm=1.2592 throughput=36.07 img/s eta_seconds=91.8 gpu_alloc=484.0MiB gpu_reserved=4334.0MiB skipped_batches=0
2026-08-13 22:36:54,413 | INFO | epoch=3 batch=800 global_step=968 loss_reg_months=6.1956 lr=0.00019840 grad_norm=1.8701 throughput=36.06 img/s eta_seconds=83.5 gpu_alloc=484.0MiB gpu_reserved=4334.0MiB skipped_batches=0
2026-08-13 22:37:03,068 | INFO | epoch=3 batch=825 global_step=977 loss_reg_months=6.1964 lr=0.00019840 grad_norm=2.2387 throughput=36.02 img/s eta_seconds=75.3 gpu_alloc=374.7MiB gpu_reserved=4334.0MiB skipped_batches=0
2026-08-13 22:37:11,689 | INFO | epoch=3 batch=850 global_step=985 loss_reg_months=6.1777 lr=0.00019840 grad_norm=1.5995 throughput=35.98 img/s eta_seconds=67.0 gpu_alloc=484.0MiB gpu_reserved=4334.0MiB skipped_batches=0
2026-08-13 22:37:20,074 | INFO | epoch=3 batch=875 global_step=993 loss_reg_months=6.1730 lr=0.00019840 grad_norm=1.0509 throughput=35.98 img/s eta_seconds=58.7 gpu_alloc=484.0MiB gpu_reserved=4334.0MiB skipped_batches=0
2026-08-13 22:37:31,643 | INFO | epoch=3 batch=900 global_step=1002 loss_reg_months=6.1536 lr=0.00019840 grad_norm=1.6814 throughput=35.59 img/s eta_seconds=50.9 gpu_alloc=374.7MiB gpu_reserved=4334.0MiB skipped_batches=0
2026-08-13 22:37:39,754 | INFO | epoch=3 batch=925 global_step=1010 loss_reg_months=6.1408 lr=0.00019840 grad_norm=2.1408 throughput=35.63 img/s eta_seconds=42.4 gpu_alloc=484.0MiB gpu_reserved=4334.0MiB skipped_batches=0
2026-08-13 22:37:48,284 | INFO | epoch=3 batch=950 global_step=1018 loss_reg_months=6.1267 lr=0.00019840 grad_norm=2.0906 throughput=35.62 img/s eta_seconds=34.0 gpu_alloc=484.0MiB gpu_reserved=4334.0MiB skipped_batches=0
2026-08-13 22:37:56,706 | INFO | epoch=3 batch=975 global_step=1027 loss_reg_months=6.1314 lr=0.00019840 grad_norm=1.5570 throughput=35.62 img/s eta_seconds=25.6 gpu_alloc=374.7MiB gpu_reserved=4334.0MiB skipped_batches=0
2026-08-13 22:38:05,116 | INFO | epoch=3 batch=1000 global_step=1035 loss_reg_months=6.1092 lr=0.00019840 grad_norm=1.1907 throughput=35.62 img/s eta_seconds=17.2 gpu_alloc=484.0MiB gpu_reserved=4334.0MiB skipped_batches=0
2026-08-13 22:38:13,566 | INFO | epoch=3 batch=1025 global_step=1043 loss_reg_months=6.1086 lr=0.00019840 grad_norm=2.3469 throughput=35.62 img/s eta_seconds=8.7 gpu_alloc=484.0MiB gpu_reserved=4334.0MiB skipped_batches=0
2026-08-13 22:38:21,968 | INFO | epoch=3 batch=1050 global_step=1052 loss_reg_months=6.0926 lr=0.00019840 grad_norm=1.2199 throughput=35.62 img/s eta_seconds=0.3 gpu_alloc=374.7MiB gpu_reserved=4334.0MiB skipped_batches=0
2026-08-13 22:38:52,197 | WARNING | STABILITY WARNING [CAM] Prediction vượt nhẹ miền tuổi 0–228: [15.31, 243.00]
2026-08-13 22:38:52,200 | INFO | 
TRAINING REVIEW SNAPSHOT
Run ID / config hash / split hash: P2_A2_LIGHT_FLIP_CONVNEXT_TINY_SEED42 / f1e9df38145b / 7328667e6822+f650a20432b5
Epoch / global step: 3 / 1053
Train loss: 6.0924
Validation MAE / RMSE / median AE: 7.7592 / 10.1477 / 6.0000
MAE nam / nữ / age bins: {'F': 7.63698236196319, 'M': 7.86222509702458} / {'0-59': 13.74534574468085, '120-179': 7.122991347342398, '60-119': 6.660532994923858, '180-228': 10.765625}
Learning rate / peak VRAM: 0.00019840 / 4334.0 MiB
Best epoch / best MAE / epochs không cải thiện: 2 / 7.4051 / 1
Cảnh báo hiện tại: CAM: Prediction vượt nhẹ miền tuổi 0–228: [15.31, 243.00]
Checkpoint gần nhất: p1_baseline\runs\P2_A2_LIGHT_FLIP_CONVNEXT_TINY_SEED42\last.ckpt
Checkpoint tốt nhất: p1_baseline\runs\P2_A2_LIGHT_FLIP_CONVNEXT_TINY_SEED42\best_mae.ckpt
Đề xuất tự động: THEO DÕI
2026-08-13 22:39:11,793 | INFO | epoch=4 batch=25 global_step=1061 loss_reg_months=6.3500 lr=0.00019641 grad_norm=1.0362 throughput=18.76 img/s eta_seconds=656.2 gpu_alloc=484.0MiB gpu_reserved=4334.0MiB skipped_batches=0
2026-08-13 22:39:20,032 | INFO | epoch=4 batch=50 global_step=1069 loss_reg_months=6.3332 lr=0.00019641 grad_norm=1.7947 throughput=24.76 img/s eta_seconds=485.0 gpu_alloc=484.0MiB gpu_reserved=4334.0MiB skipped_batches=0
2026-08-13 22:39:28,551 | INFO | epoch=4 batch=75 global_step=1078 loss_reg_months=6.4165 lr=0.00019641 grad_norm=2.3495 throughput=27.48 img/s eta_seconds=426.1 gpu_alloc=374.7MiB gpu_reserved=4334.0MiB skipped_batches=0
2026-08-13 22:39:37,209 | INFO | epoch=4 batch=100 global_step=1086 loss_reg_months=6.4495 lr=0.00019641 grad_norm=2.1066 throughput=28.98 img/s eta_seconds=393.7 gpu_alloc=484.0MiB gpu_reserved=4334.0MiB skipped_batches=0
2026-08-13 22:39:45,463 | INFO | epoch=4 batch=125 global_step=1094 loss_reg_months=6.3629 lr=0.00019641 grad_norm=1.4948 throughput=30.21 img/s eta_seconds=367.8 gpu_alloc=484.0MiB gpu_reserved=4334.0MiB skipped_batches=0
2026-08-13 22:39:53,777 | INFO | epoch=4 batch=150 global_step=1103 loss_reg_months=6.3310 lr=0.00019641 grad_norm=1.3481 throughput=31.05 img/s eta_seconds=348.2 gpu_alloc=374.7MiB gpu_reserved=4334.0MiB skipped_batches=0
2026-08-13 22:40:01,787 | INFO | epoch=4 batch=175 global_step=1111 loss_reg_months=6.2998 lr=0.00019641 grad_norm=2.5221 throughput=31.83 img/s eta_seconds=330.3 gpu_alloc=484.0MiB gpu_reserved=4334.0MiB skipped_batches=0
2026-08-13 22:40:09,989 | INFO | epoch=4 batch=200 global_step=1119 loss_reg_months=6.2038 lr=0.00019641 grad_norm=0.9851 throughput=32.35 img/s eta_seconds=315.6 gpu_alloc=484.0MiB gpu_reserved=4334.0MiB skipped_batches=0
2026-08-13 22:40:18,300 | INFO | epoch=4 batch=225 global_step=1128 loss_reg_months=6.2190 lr=0.00019641 grad_norm=1.5583 throughput=32.73 img/s eta_seconds=302.8 gpu_alloc=374.7MiB gpu_reserved=4334.0MiB skipped_batches=0
2026-08-13 22:40:26,806 | INFO | epoch=4 batch=250 global_step=1136 loss_reg_months=6.2282 lr=0.00019641 grad_norm=2.2042 throughput=32.97 img/s eta_seconds=291.5 gpu_alloc=484.0MiB gpu_reserved=4334.0MiB skipped_batches=0
2026-08-13 22:40:34,676 | INFO | epoch=4 batch=275 global_step=1144 loss_reg_months=6.1676 lr=0.00019641 grad_norm=1.6710 throughput=33.38 img/s eta_seconds=279.0 gpu_alloc=484.0MiB gpu_reserved=4334.0MiB skipped_batches=0
2026-08-13 22:40:42,717 | INFO | epoch=4 batch=300 global_step=1153 loss_reg_months=6.1518 lr=0.00019641 grad_norm=1.7736 throughput=33.67 img/s eta_seconds=267.6 gpu_alloc=374.7MiB gpu_reserved=4334.0MiB skipped_batches=0
2026-08-13 22:40:51,153 | INFO | epoch=4 batch=325 global_step=1161 loss_reg_months=6.1711 lr=0.00019641 grad_norm=2.3541 throughput=33.81 img/s eta_seconds=257.6 gpu_alloc=484.0MiB gpu_reserved=4334.0MiB skipped_batches=0
2026-08-13 22:40:59,022 | INFO | epoch=4 batch=350 global_step=1169 loss_reg_months=6.1630 lr=0.00019641 grad_norm=1.2672 throughput=34.09 img/s eta_seconds=246.8 gpu_alloc=484.0MiB gpu_reserved=4334.0MiB skipped_batches=0
2026-08-13 22:41:07,478 | INFO | epoch=4 batch=375 global_step=1178 loss_reg_months=6.1670 lr=0.00019641 grad_norm=2.4147 throughput=34.18 img/s eta_seconds=237.3 gpu_alloc=374.7MiB gpu_reserved=4334.0MiB skipped_batches=0
2026-08-13 22:41:15,797 | INFO | epoch=4 batch=400 global_step=1186 loss_reg_months=6.1304 lr=0.00019641 grad_norm=1.2877 throughput=34.29 img/s eta_seconds=227.8 gpu_alloc=484.0MiB gpu_reserved=4334.0MiB skipped_batches=0
2026-08-13 22:41:23,856 | INFO | epoch=4 batch=425 global_step=1194 loss_reg_months=6.1146 lr=0.00019641 grad_norm=3.0980 throughput=34.45 img/s eta_seconds=218.0 gpu_alloc=484.0MiB gpu_reserved=4334.0MiB skipped_batches=0
2026-08-13 22:41:31,968 | INFO | epoch=4 batch=450 global_step=1203 loss_reg_months=6.1090 lr=0.00019641 grad_norm=1.8913 throughput=34.58 img/s eta_seconds=208.5 gpu_alloc=374.7MiB gpu_reserved=4334.0MiB skipped_batches=0
2026-08-13 22:41:40,105 | INFO | epoch=4 batch=475 global_step=1211 loss_reg_months=6.0729 lr=0.00019641 grad_norm=1.6220 throughput=34.69 img/s eta_seconds=199.2 gpu_alloc=484.0MiB gpu_reserved=4334.0MiB skipped_batches=0
2026-08-13 22:41:48,419 | INFO | epoch=4 batch=500 global_step=1219 loss_reg_months=6.0604 lr=0.00019641 grad_norm=1.8467 throughput=34.76 img/s eta_seconds=190.2 gpu_alloc=484.0MiB gpu_reserved=4334.0MiB skipped_batches=0
2026-08-13 22:41:56,329 | INFO | epoch=4 batch=525 global_step=1228 loss_reg_months=6.0666 lr=0.00019641 grad_norm=1.5929 throughput=34.90 img/s eta_seconds=180.8 gpu_alloc=374.7MiB gpu_reserved=4334.0MiB skipped_batches=0
2026-08-13 22:42:04,147 | INFO | epoch=4 batch=550 global_step=1236 loss_reg_months=6.0498 lr=0.00019641 grad_norm=1.7267 throughput=35.04 img/s eta_seconds=171.5 gpu_alloc=484.0MiB gpu_reserved=4334.0MiB skipped_batches=0
2026-08-13 22:42:12,002 | INFO | epoch=4 batch=575 global_step=1244 loss_reg_months=6.0382 lr=0.00019641 grad_norm=1.8723 throughput=35.17 img/s eta_seconds=162.4 gpu_alloc=484.0MiB gpu_reserved=4334.0MiB skipped_batches=0
2026-08-13 22:42:19,755 | INFO | epoch=4 batch=600 global_step=1253 loss_reg_months=6.0412 lr=0.00019641 grad_norm=2.2486 throughput=35.30 img/s eta_seconds=153.3 gpu_alloc=374.7MiB gpu_reserved=4334.0MiB skipped_batches=0
2026-08-13 22:42:27,755 | INFO | epoch=4 batch=625 global_step=1261 loss_reg_months=6.0296 lr=0.00019641 grad_norm=1.1829 throughput=35.39 img/s eta_seconds=144.4 gpu_alloc=484.0MiB gpu_reserved=4334.0MiB skipped_batches=0
2026-08-13 22:42:35,639 | INFO | epoch=4 batch=650 global_step=1269 loss_reg_months=6.0255 lr=0.00019641 grad_norm=2.1649 throughput=35.48 img/s eta_seconds=135.6 gpu_alloc=484.0MiB gpu_reserved=4334.0MiB skipped_batches=0
2026-08-13 22:42:44,001 | INFO | epoch=4 batch=675 global_step=1278 loss_reg_months=6.0405 lr=0.00019641 grad_norm=2.6993 throughput=35.50 img/s eta_seconds=127.1 gpu_alloc=374.7MiB gpu_reserved=4334.0MiB skipped_batches=0
2026-08-13 22:42:52,278 | INFO | epoch=4 batch=700 global_step=1286 loss_reg_months=6.0166 lr=0.00019641 grad_norm=1.8544 throughput=35.52 img/s eta_seconds=118.5 gpu_alloc=484.0MiB gpu_reserved=4334.0MiB skipped_batches=0
2026-08-13 22:43:00,403 | INFO | epoch=4 batch=725 global_step=1294 loss_reg_months=6.0123 lr=0.00019641 grad_norm=1.0704 throughput=35.57 img/s eta_seconds=110.0 gpu_alloc=484.0MiB gpu_reserved=4334.0MiB skipped_batches=0
2026-08-13 22:43:08,483 | INFO | epoch=4 batch=750 global_step=1303 loss_reg_months=6.0152 lr=0.00019641 grad_norm=1.5746 throughput=35.62 img/s eta_seconds=101.4 gpu_alloc=374.7MiB gpu_reserved=4334.0MiB skipped_batches=0
2026-08-13 22:43:17,085 | INFO | epoch=4 batch=775 global_step=1311 loss_reg_months=6.0111 lr=0.00019641 grad_norm=1.3635 throughput=35.59 img/s eta_seconds=93.0 gpu_alloc=484.0MiB gpu_reserved=4334.0MiB skipped_batches=0
2026-08-13 22:43:24,924 | INFO | epoch=4 batch=800 global_step=1319 loss_reg_months=6.0282 lr=0.00019641 grad_norm=1.3829 throughput=35.67 img/s eta_seconds=84.4 gpu_alloc=484.0MiB gpu_reserved=4334.0MiB skipped_batches=0
2026-08-13 22:43:32,739 | INFO | epoch=4 batch=825 global_step=1328 loss_reg_months=6.0207 lr=0.00019641 grad_norm=1.7588 throughput=35.75 img/s eta_seconds=75.8 gpu_alloc=374.7MiB gpu_reserved=4334.0MiB skipped_batches=0
2026-08-13 22:43:40,701 | INFO | epoch=4 batch=850 global_step=1336 loss_reg_months=5.9958 lr=0.00019641 grad_norm=0.9874 throughput=35.80 img/s eta_seconds=67.3 gpu_alloc=484.0MiB gpu_reserved=4334.0MiB skipped_batches=0
2026-08-13 22:43:48,872 | INFO | epoch=4 batch=875 global_step=1344 loss_reg_months=5.9710 lr=0.00019641 grad_norm=1.8045 throughput=35.83 img/s eta_seconds=58.9 gpu_alloc=484.0MiB gpu_reserved=4334.0MiB skipped_batches=0
2026-08-13 22:43:56,606 | INFO | epoch=4 batch=900 global_step=1353 loss_reg_months=5.9660 lr=0.00019641 grad_norm=1.6318 throughput=35.90 img/s eta_seconds=50.4 gpu_alloc=374.7MiB gpu_reserved=4334.0MiB skipped_batches=0
2026-08-13 22:44:04,323 | INFO | epoch=4 batch=925 global_step=1361 loss_reg_months=5.9723 lr=0.00019641 grad_norm=2.9937 throughput=35.98 img/s eta_seconds=42.0 gpu_alloc=484.0MiB gpu_reserved=4334.0MiB skipped_batches=0
2026-08-13 22:44:12,180 | INFO | epoch=4 batch=950 global_step=1369 loss_reg_months=5.9770 lr=0.00019641 grad_norm=1.3315 throughput=36.03 img/s eta_seconds=33.6 gpu_alloc=484.0MiB gpu_reserved=4334.0MiB skipped_batches=0
2026-08-13 22:44:19,964 | INFO | epoch=4 batch=975 global_step=1378 loss_reg_months=5.9841 lr=0.00019641 grad_norm=1.3548 throughput=36.09 img/s eta_seconds=25.2 gpu_alloc=374.7MiB gpu_reserved=4334.0MiB skipped_batches=0
2026-08-13 22:44:27,943 | INFO | epoch=4 batch=1000 global_step=1386 loss_reg_months=6.0061 lr=0.00019641 grad_norm=1.7111 throughput=36.13 img/s eta_seconds=16.9 gpu_alloc=484.0MiB gpu_reserved=4334.0MiB skipped_batches=0
2026-08-13 22:44:35,783 | INFO | epoch=4 batch=1025 global_step=1394 loss_reg_months=5.9988 lr=0.00019641 grad_norm=1.5543 throughput=36.18 img/s eta_seconds=8.6 gpu_alloc=484.0MiB gpu_reserved=4334.0MiB skipped_batches=0
2026-08-13 22:44:43,655 | INFO | epoch=4 batch=1050 global_step=1403 loss_reg_months=5.9774 lr=0.00019641 grad_norm=1.5464 throughput=36.22 img/s eta_seconds=0.3 gpu_alloc=374.7MiB gpu_reserved=4334.0MiB skipped_batches=0
2026-08-13 22:45:12,247 | WARNING | STABILITY WARNING [CAM] Prediction vượt nhẹ miền tuổi 0–228: [-7.69, 221.00]
2026-08-13 22:45:12,250 | INFO | 
TRAINING REVIEW SNAPSHOT
Run ID / config hash / split hash: P2_A2_LIGHT_FLIP_CONVNEXT_TINY_SEED42 / f1e9df38145b / 7328667e6822+f650a20432b5
Epoch / global step: 4 / 1404
Train loss: 5.9769
Validation MAE / RMSE / median AE: 7.4997 / 9.7472 / 6.0000
MAE nam / nữ / age bins: {'F': 7.822421395705521, 'M': 7.227421571798189} / {'0-59': 9.218251329787234, '120-179': 7.8207663782447465, '60-119': 6.681472081218274, '180-228': 6.7265625}
Learning rate / peak VRAM: 0.00019641 / 4334.0 MiB
Best epoch / best MAE / epochs không cải thiện: 2 / 7.4051 / 2
Cảnh báo hiện tại: CAM: Prediction vượt nhẹ miền tuổi 0–228: [-7.69, 221.00]
Checkpoint gần nhất: p1_baseline\runs\P2_A2_LIGHT_FLIP_CONVNEXT_TINY_SEED42\last.ckpt
Checkpoint tốt nhất: p1_baseline\runs\P2_A2_LIGHT_FLIP_CONVNEXT_TINY_SEED42\best_mae.ckpt
Đề xuất tự động: THEO DÕI
2026-08-13 22:45:30,332 | INFO | epoch=5 batch=25 global_step=1412 loss_reg_months=5.9041 lr=0.00019366 grad_norm=1.7110 throughput=20.49 img/s eta_seconds=600.7 gpu_alloc=484.0MiB gpu_reserved=4334.0MiB skipped_batches=0
2026-08-13 22:45:38,437 | INFO | epoch=5 batch=50 global_step=1420 loss_reg_months=5.8969 lr=0.00019366 grad_norm=2.0280 throughput=26.38 img/s eta_seconds=455.3 gpu_alloc=484.0MiB gpu_reserved=4334.0MiB skipped_batches=0
2026-08-13 22:45:46,130 | INFO | epoch=5 batch=75 global_step=1429 loss_reg_months=5.5598 lr=0.00019366 grad_norm=1.7192 throughput=29.57 img/s eta_seconds=396.0 gpu_alloc=374.7MiB gpu_reserved=4334.0MiB skipped_batches=0
2026-08-13 22:45:54,039 | INFO | epoch=5 batch=100 global_step=1437 loss_reg_months=5.5112 lr=0.00019366 grad_norm=1.1709 throughput=31.29 img/s eta_seconds=364.6 gpu_alloc=484.0MiB gpu_reserved=4334.0MiB skipped_batches=0
2026-08-13 22:46:01,861 | INFO | epoch=5 batch=125 global_step=1445 loss_reg_months=5.5359 lr=0.00019366 grad_norm=1.7338 throughput=32.49 img/s eta_seconds=342.0 gpu_alloc=484.0MiB gpu_reserved=4334.0MiB skipped_batches=0
2026-08-13 22:46:10,075 | INFO | epoch=5 batch=150 global_step=1454 loss_reg_months=5.5921 lr=0.00019366 grad_norm=1.6799 throughput=33.10 img/s eta_seconds=326.6 gpu_alloc=374.7MiB gpu_reserved=4334.0MiB skipped_batches=0
2026-08-13 22:46:18,078 | INFO | epoch=5 batch=175 global_step=1462 loss_reg_months=5.6322 lr=0.00019366 grad_norm=1.2402 throughput=33.66 img/s eta_seconds=312.3 gpu_alloc=484.0MiB gpu_reserved=4334.0MiB skipped_batches=0
2026-08-13 22:46:25,976 | INFO | epoch=5 batch=200 global_step=1470 loss_reg_months=5.6487 lr=0.00019366 grad_norm=1.9503 throughput=34.15 img/s eta_seconds=299.0 gpu_alloc=484.0MiB gpu_reserved=4334.0MiB skipped_batches=0
2026-08-13 22:46:34,278 | INFO | epoch=5 batch=225 global_step=1479 loss_reg_months=5.7312 lr=0.00019366 grad_norm=1.0835 throughput=34.36 img/s eta_seconds=288.5 gpu_alloc=374.7MiB gpu_reserved=4334.0MiB skipped_batches=0
2026-08-13 22:46:42,482 | INFO | epoch=5 batch=250 global_step=1487 loss_reg_months=5.6747 lr=0.00019366 grad_norm=2.3460 throughput=34.57 img/s eta_seconds=278.0 gpu_alloc=484.0MiB gpu_reserved=4334.0MiB skipped_batches=0
2026-08-13 22:46:51,363 | INFO | epoch=5 batch=275 global_step=1495 loss_reg_months=5.7007 lr=0.00019366 grad_norm=2.6032 throughput=34.49 img/s eta_seconds=269.9 gpu_alloc=484.0MiB gpu_reserved=4334.0MiB skipped_batches=0
2026-08-13 22:47:01,446 | INFO | epoch=5 batch=300 global_step=1504 loss_reg_months=5.7266 lr=0.00019366 grad_norm=1.7735 throughput=34.04 img/s eta_seconds=264.7 gpu_alloc=374.7MiB gpu_reserved=4334.0MiB skipped_batches=0
2026-08-13 22:47:09,827 | INFO | epoch=5 batch=325 global_step=1512 loss_reg_months=5.7722 lr=0.00019366 grad_norm=1.9335 throughput=34.17 img/s eta_seconds=254.9 gpu_alloc=484.0MiB gpu_reserved=4334.0MiB skipped_batches=0
2026-08-13 22:47:18,426 | INFO | epoch=5 batch=350 global_step=1520 loss_reg_months=5.7590 lr=0.00019366 grad_norm=1.7211 throughput=34.22 img/s eta_seconds=245.8 gpu_alloc=484.0MiB gpu_reserved=4334.0MiB skipped_batches=0
2026-08-13 22:47:26,810 | INFO | epoch=5 batch=375 global_step=1529 loss_reg_months=5.7249 lr=0.00019366 grad_norm=1.4726 throughput=34.32 img/s eta_seconds=236.3 gpu_alloc=374.7MiB gpu_reserved=4334.0MiB skipped_batches=0
2026-08-13 22:47:34,813 | INFO | epoch=5 batch=400 global_step=1537 loss_reg_months=5.7469 lr=0.00019366 grad_norm=1.8934 throughput=34.50 img/s eta_seconds=226.4 gpu_alloc=484.0MiB gpu_reserved=4334.0MiB skipped_batches=0
2026-08-13 22:47:43,021 | INFO | epoch=5 batch=425 global_step=1545 loss_reg_months=5.7053 lr=0.00019366 grad_norm=1.8268 throughput=34.62 img/s eta_seconds=217.0 gpu_alloc=484.0MiB gpu_reserved=4334.0MiB skipped_batches=0
2026-08-13 22:47:51,363 | INFO | epoch=5 batch=450 global_step=1554 loss_reg_months=5.6920 lr=0.00019366 grad_norm=1.6565 throughput=34.69 img/s eta_seconds=207.9 gpu_alloc=374.7MiB gpu_reserved=4334.0MiB skipped_batches=0
2026-08-13 22:47:59,619 | INFO | epoch=5 batch=475 global_step=1562 loss_reg_months=5.6637 lr=0.00019366 grad_norm=1.7060 throughput=34.77 img/s eta_seconds=198.8 gpu_alloc=484.0MiB gpu_reserved=4334.0MiB skipped_batches=0
2026-08-13 22:48:07,934 | INFO | epoch=5 batch=500 global_step=1570 loss_reg_months=5.6546 lr=0.00019366 grad_norm=1.8391 throughput=34.84 img/s eta_seconds=189.8 gpu_alloc=484.0MiB gpu_reserved=4334.0MiB skipped_batches=0
2026-08-13 22:48:16,141 | INFO | epoch=5 batch=525 global_step=1579 loss_reg_months=5.6370 lr=0.00019366 grad_norm=2.7803 throughput=34.91 img/s eta_seconds=180.8 gpu_alloc=374.7MiB gpu_reserved=4334.0MiB skipped_batches=0
2026-08-13 22:48:24,499 | INFO | epoch=5 batch=550 global_step=1587 loss_reg_months=5.6449 lr=0.00019366 grad_norm=1.9771 throughput=34.96 img/s eta_seconds=172.0 gpu_alloc=484.0MiB gpu_reserved=4334.0MiB skipped_batches=0
2026-08-13 22:48:33,136 | INFO | epoch=5 batch=575 global_step=1595 loss_reg_months=5.6512 lr=0.00019366 grad_norm=1.3852 throughput=34.95 img/s eta_seconds=163.4 gpu_alloc=484.0MiB gpu_reserved=4334.0MiB skipped_batches=0
2026-08-13 22:48:41,251 | INFO | epoch=5 batch=600 global_step=1604 loss_reg_months=5.6537 lr=0.00019366 grad_norm=1.6578 throughput=35.03 img/s eta_seconds=154.5 gpu_alloc=374.7MiB gpu_reserved=4334.0MiB skipped_batches=0
2026-08-13 22:48:48,968 | INFO | epoch=5 batch=625 global_step=1612 loss_reg_months=5.6496 lr=0.00019366 grad_norm=1.9648 throughput=35.17 img/s eta_seconds=145.3 gpu_alloc=484.0MiB gpu_reserved=4334.0MiB skipped_batches=0
2026-08-13 22:48:56,818 | INFO | epoch=5 batch=650 global_step=1620 loss_reg_months=5.6385 lr=0.00019366 grad_norm=2.5674 throughput=35.27 img/s eta_seconds=136.4 gpu_alloc=484.0MiB gpu_reserved=4334.0MiB skipped_batches=0
2026-08-13 22:49:04,782 | INFO | epoch=5 batch=675 global_step=1629 loss_reg_months=5.6662 lr=0.00019366 grad_norm=1.8434 throughput=35.36 img/s eta_seconds=127.6 gpu_alloc=374.7MiB gpu_reserved=4334.0MiB skipped_batches=0
2026-08-13 22:49:13,125 | INFO | epoch=5 batch=700 global_step=1637 loss_reg_months=5.6827 lr=0.00019366 grad_norm=1.8382 throughput=35.38 img/s eta_seconds=119.0 gpu_alloc=484.0MiB gpu_reserved=4334.0MiB skipped_batches=0
2026-08-13 22:49:21,656 | INFO | epoch=5 batch=725 global_step=1645 loss_reg_months=5.6912 lr=0.00019366 grad_norm=1.5818 throughput=35.37 img/s eta_seconds=110.6 gpu_alloc=484.0MiB gpu_reserved=4334.0MiB skipped_batches=0
2026-08-13 22:49:30,140 | INFO | epoch=5 batch=750 global_step=1654 loss_reg_months=5.7136 lr=0.00019366 grad_norm=2.0016 throughput=35.37 img/s eta_seconds=102.1 gpu_alloc=374.7MiB gpu_reserved=4334.0MiB skipped_batches=0
2026-08-13 22:49:38,521 | INFO | epoch=5 batch=775 global_step=1662 loss_reg_months=5.7196 lr=0.00019366 grad_norm=1.5010 throughput=35.38 img/s eta_seconds=93.6 gpu_alloc=484.0MiB gpu_reserved=4334.0MiB skipped_batches=0
2026-08-13 22:49:47,114 | INFO | epoch=5 batch=800 global_step=1670 loss_reg_months=5.7248 lr=0.00019366 grad_norm=2.1715 throughput=35.37 img/s eta_seconds=85.1 gpu_alloc=484.0MiB gpu_reserved=4334.0MiB skipped_batches=0
2026-08-13 22:49:55,337 | INFO | epoch=5 batch=825 global_step=1679 loss_reg_months=5.7378 lr=0.00019366 grad_norm=1.1535 throughput=35.40 img/s eta_seconds=76.6 gpu_alloc=374.7MiB gpu_reserved=4334.0MiB skipped_batches=0
2026-08-13 22:50:03,471 | INFO | epoch=5 batch=850 global_step=1687 loss_reg_months=5.7489 lr=0.00019366 grad_norm=1.6318 throughput=35.44 img/s eta_seconds=68.0 gpu_alloc=484.0MiB gpu_reserved=4334.0MiB skipped_batches=0
2026-08-13 22:50:11,751 | INFO | epoch=5 batch=875 global_step=1695 loss_reg_months=5.7613 lr=0.00019366 grad_norm=0.9674 throughput=35.47 img/s eta_seconds=59.5 gpu_alloc=484.0MiB gpu_reserved=4334.0MiB skipped_batches=0
2026-08-13 22:50:20,046 | INFO | epoch=5 batch=900 global_step=1704 loss_reg_months=5.7528 lr=0.00019366 grad_norm=1.4516 throughput=35.49 img/s eta_seconds=51.0 gpu_alloc=374.7MiB gpu_reserved=4334.0MiB skipped_batches=0
2026-08-13 22:50:28,185 | INFO | epoch=5 batch=925 global_step=1712 loss_reg_months=5.7344 lr=0.00019366 grad_norm=1.6643 throughput=35.52 img/s eta_seconds=42.5 gpu_alloc=484.0MiB gpu_reserved=4334.0MiB skipped_batches=0
2026-08-13 22:50:37,274 | INFO | epoch=5 batch=950 global_step=1720 loss_reg_months=5.7149 lr=0.00019366 grad_norm=1.3940 throughput=35.45 img/s eta_seconds=34.2 gpu_alloc=484.0MiB gpu_reserved=4334.0MiB skipped_batches=0
2026-08-13 22:50:45,900 | INFO | epoch=5 batch=975 global_step=1729 loss_reg_months=5.7078 lr=0.00019366 grad_norm=2.5290 throughput=35.43 img/s eta_seconds=25.7 gpu_alloc=374.7MiB gpu_reserved=4334.0MiB skipped_batches=0
2026-08-13 22:50:54,095 | INFO | epoch=5 batch=1000 global_step=1737 loss_reg_months=5.7183 lr=0.00019366 grad_norm=1.2921 throughput=35.46 img/s eta_seconds=17.2 gpu_alloc=484.0MiB gpu_reserved=4334.0MiB skipped_batches=0
2026-08-13 22:51:02,383 | INFO | epoch=5 batch=1025 global_step=1745 loss_reg_months=5.7216 lr=0.00019366 grad_norm=1.2783 throughput=35.48 img/s eta_seconds=8.8 gpu_alloc=484.0MiB gpu_reserved=4334.0MiB skipped_batches=0
2026-08-13 22:51:10,708 | INFO | epoch=5 batch=1050 global_step=1754 loss_reg_months=5.7260 lr=0.00019366 grad_norm=1.7805 throughput=35.49 img/s eta_seconds=0.3 gpu_alloc=374.7MiB gpu_reserved=4334.0MiB skipped_batches=0
2026-08-13 22:51:38,724 | WARNING | STABILITY WARNING [CAM] Prediction vượt nhẹ miền tuổi 0–228: [-2.67, 228.00]
2026-08-13 22:51:41,894 | INFO | 
TRAINING REVIEW SNAPSHOT
Run ID / config hash / split hash: P2_A2_LIGHT_FLIP_CONVNEXT_TINY_SEED42 / f1e9df38145b / 7328667e6822+f650a20432b5
Epoch / global step: 5 / 1755
Train loss: 5.7245
Validation MAE / RMSE / median AE: 6.6437 / 9.0095 / 5.0000
MAE nam / nữ / age bins: {'F': 6.897263228527607, 'M': 6.429818887451487} / {'0-59': 6.571974734042553, '120-179': 6.619901112484549, '60-119': 7.195431472081219, '180-228': 5.1484375}
Learning rate / peak VRAM: 0.00019366 / 4334.0 MiB
Best epoch / best MAE / epochs không cải thiện: 5 / 6.6437 / 0
Cảnh báo hiện tại: CAM: Prediction vượt nhẹ miền tuổi 0–228: [-2.67, 228.00]
Checkpoint gần nhất: p1_baseline\runs\P2_A2_LIGHT_FLIP_CONVNEXT_TINY_SEED42\last.ckpt
Checkpoint tốt nhất: p1_baseline\runs\P2_A2_LIGHT_FLIP_CONVNEXT_TINY_SEED42\best_mae.ckpt
Đề xuất tự động: THEO DÕI
2026-08-13 22:52:05,298 | INFO | epoch=6 batch=25 global_step=1763 loss_reg_months=5.4339 lr=0.00019015 grad_norm=1.4546 throughput=19.53 img/s eta_seconds=630.3 gpu_alloc=484.0MiB gpu_reserved=4334.0MiB skipped_batches=0
2026-08-13 22:52:13,418 | INFO | epoch=6 batch=50 global_step=1771 loss_reg_months=5.6683 lr=0.00019015 grad_norm=1.3997 throughput=25.55 img/s eta_seconds=470.0 gpu_alloc=484.0MiB gpu_reserved=4334.0MiB skipped_batches=0
2026-08-13 22:52:21,528 | INFO | epoch=6 batch=75 global_step=1780 loss_reg_months=5.5824 lr=0.00019015 grad_norm=1.2127 throughput=28.49 img/s eta_seconds=411.0 gpu_alloc=374.7MiB gpu_reserved=4334.0MiB skipped_batches=0
2026-08-13 22:52:29,518 | INFO | epoch=6 batch=100 global_step=1788 loss_reg_months=5.4835 lr=0.00019015 grad_norm=1.9985 throughput=30.32 img/s eta_seconds=376.4 gpu_alloc=484.0MiB gpu_reserved=4334.0MiB skipped_batches=0
2026-08-13 22:52:37,566 | INFO | epoch=6 batch=125 global_step=1796 loss_reg_months=5.4980 lr=0.00019015 grad_norm=1.9701 throughput=31.49 img/s eta_seconds=352.8 gpu_alloc=484.0MiB gpu_reserved=4334.0MiB skipped_batches=0
2026-08-13 22:52:45,637 | INFO | epoch=6 batch=150 global_step=1805 loss_reg_months=5.4482 lr=0.00019015 grad_norm=1.4078 throughput=32.32 img/s eta_seconds=334.5 gpu_alloc=374.7MiB gpu_reserved=4334.0MiB skipped_batches=0
2026-08-13 22:52:53,850 | INFO | epoch=6 batch=175 global_step=1813 loss_reg_months=5.5076 lr=0.00019015 grad_norm=1.2488 throughput=32.86 img/s eta_seconds=319.9 gpu_alloc=484.0MiB gpu_reserved=4334.0MiB skipped_batches=0
2026-08-13 22:53:01,946 | INFO | epoch=6 batch=200 global_step=1821 loss_reg_months=5.5053 lr=0.00019015 grad_norm=0.9636 throughput=33.33 img/s eta_seconds=306.4 gpu_alloc=484.0MiB gpu_reserved=4334.0MiB skipped_batches=0
2026-08-13 22:53:10,144 | INFO | epoch=6 batch=225 global_step=1830 loss_reg_months=5.5655 lr=0.00019015 grad_norm=2.3286 throughput=33.66 img/s eta_seconds=294.4 gpu_alloc=374.7MiB gpu_reserved=4334.0MiB skipped_batches=0
2026-08-13 22:53:18,202 | INFO | epoch=6 batch=250 global_step=1838 loss_reg_months=5.6244 lr=0.00019015 grad_norm=2.1720 throughput=33.99 img/s eta_seconds=282.8 gpu_alloc=484.0MiB gpu_reserved=4334.0MiB skipped_batches=0
2026-08-13 22:53:26,173 | INFO | epoch=6 batch=275 global_step=1846 loss_reg_months=5.6794 lr=0.00019015 grad_norm=1.3770 throughput=34.29 img/s eta_seconds=271.5 gpu_alloc=484.0MiB gpu_reserved=4334.0MiB skipped_batches=0
2026-08-13 22:53:34,457 | INFO | epoch=6 batch=300 global_step=1855 loss_reg_months=5.6614 lr=0.00019015 grad_norm=1.4632 throughput=34.44 img/s eta_seconds=261.6 gpu_alloc=374.7MiB gpu_reserved=4334.0MiB skipped_batches=0
2026-08-13 22:53:42,451 | INFO | epoch=6 batch=325 global_step=1863 loss_reg_months=5.6546 lr=0.00019015 grad_norm=1.8302 throughput=34.66 img/s eta_seconds=251.3 gpu_alloc=484.0MiB gpu_reserved=4334.0MiB skipped_batches=0
2026-08-13 22:53:50,895 | INFO | epoch=6 batch=350 global_step=1871 loss_reg_months=5.6437 lr=0.00019015 grad_norm=1.8874 throughput=34.72 img/s eta_seconds=242.2 gpu_alloc=484.0MiB gpu_reserved=4334.0MiB skipped_batches=0
2026-08-13 22:53:58,999 | INFO | epoch=6 batch=375 global_step=1880 loss_reg_months=5.5918 lr=0.00019015 grad_norm=1.7375 throughput=34.87 img/s eta_seconds=232.6 gpu_alloc=374.7MiB gpu_reserved=4334.0MiB skipped_batches=0
2026-08-13 22:54:07,114 | INFO | epoch=6 batch=400 global_step=1888 loss_reg_months=5.5936 lr=0.00019015 grad_norm=1.7315 throughput=34.99 img/s eta_seconds=223.2 gpu_alloc=484.0MiB gpu_reserved=4334.0MiB skipped_batches=0
2026-08-13 22:54:15,226 | INFO | epoch=6 batch=425 global_step=1896 loss_reg_months=5.6339 lr=0.00019015 grad_norm=1.2507 throughput=35.10 img/s eta_seconds=214.0 gpu_alloc=484.0MiB gpu_reserved=4334.0MiB skipped_batches=0
2026-08-13 22:54:23,455 | INFO | epoch=6 batch=450 global_step=1905 loss_reg_months=5.6272 lr=0.00019015 grad_norm=1.6931 throughput=35.18 img/s eta_seconds=205.0 gpu_alloc=374.7MiB gpu_reserved=4334.0MiB skipped_batches=0
2026-08-13 22:54:31,597 | INFO | epoch=6 batch=475 global_step=1913 loss_reg_months=5.5969 lr=0.00019015 grad_norm=1.4240 throughput=35.26 img/s eta_seconds=196.0 gpu_alloc=484.0MiB gpu_reserved=4334.0MiB skipped_batches=0
2026-08-13 22:54:39,751 | INFO | epoch=6 batch=500 global_step=1921 loss_reg_months=5.5614 lr=0.00019015 grad_norm=1.5749 throughput=35.33 img/s eta_seconds=187.1 gpu_alloc=484.0MiB gpu_reserved=4334.0MiB skipped_batches=0
2026-08-13 22:54:47,944 | INFO | epoch=6 batch=525 global_step=1930 loss_reg_months=5.5463 lr=0.00019015 grad_norm=1.7149 throughput=35.39 img/s eta_seconds=178.3 gpu_alloc=374.7MiB gpu_reserved=4334.0MiB skipped_batches=0
2026-08-13 22:54:56,288 | INFO | epoch=6 batch=550 global_step=1938 loss_reg_months=5.5654 lr=0.00019015 grad_norm=3.1662 throughput=35.42 img/s eta_seconds=169.7 gpu_alloc=484.0MiB gpu_reserved=4334.0MiB skipped_batches=0
2026-08-13 22:55:04,515 | INFO | epoch=6 batch=575 global_step=1946 loss_reg_months=5.5649 lr=0.00019015 grad_norm=1.4141 throughput=35.46 img/s eta_seconds=161.0 gpu_alloc=484.0MiB gpu_reserved=4334.0MiB skipped_batches=0
2026-08-13 22:55:12,727 | INFO | epoch=6 batch=600 global_step=1955 loss_reg_months=5.5856 lr=0.00019015 grad_norm=2.7607 throughput=35.50 img/s eta_seconds=152.4 gpu_alloc=374.7MiB gpu_reserved=4334.0MiB skipped_batches=0
2026-08-13 22:55:20,843 | INFO | epoch=6 batch=625 global_step=1963 loss_reg_months=5.5795 lr=0.00019015 grad_norm=1.8799 throughput=35.56 img/s eta_seconds=143.7 gpu_alloc=484.0MiB gpu_reserved=4334.0MiB skipped_batches=0
2026-08-13 22:55:29,091 | INFO | epoch=6 batch=650 global_step=1971 loss_reg_months=5.5815 lr=0.00019015 grad_norm=1.1195 throughput=35.59 img/s eta_seconds=135.2 gpu_alloc=484.0MiB gpu_reserved=4334.0MiB skipped_batches=0
2026-08-13 22:55:37,158 | INFO | epoch=6 batch=675 global_step=1980 loss_reg_months=5.5628 lr=0.00019015 grad_norm=1.5498 throughput=35.65 img/s eta_seconds=126.5 gpu_alloc=374.7MiB gpu_reserved=4334.0MiB skipped_batches=0
2026-08-13 22:55:45,486 | INFO | epoch=6 batch=700 global_step=1988 loss_reg_months=5.5680 lr=0.00019015 grad_norm=1.4262 throughput=35.66 img/s eta_seconds=118.1 gpu_alloc=484.0MiB gpu_reserved=4334.0MiB skipped_batches=0
2026-08-13 22:55:53,559 | INFO | epoch=6 batch=725 global_step=1996 loss_reg_months=5.5726 lr=0.00019015 grad_norm=1.9272 throughput=35.71 img/s eta_seconds=109.5 gpu_alloc=484.0MiB gpu_reserved=4334.0MiB skipped_batches=0
2026-08-13 22:56:03,038 | INFO | epoch=6 batch=750 global_step=2005 loss_reg_months=5.5833 lr=0.00019015 grad_norm=4.5708 throughput=35.56 img/s eta_seconds=101.5 gpu_alloc=374.7MiB gpu_reserved=4334.0MiB skipped_batches=0
2026-08-13 22:56:11,103 | INFO | epoch=6 batch=775 global_step=2013 loss_reg_months=5.5689 lr=0.00019015 grad_norm=1.6333 throughput=35.61 img/s eta_seconds=93.0 gpu_alloc=484.0MiB gpu_reserved=4334.0MiB skipped_batches=0
2026-08-13 22:56:19,637 | INFO | epoch=6 batch=800 global_step=2021 loss_reg_months=5.5713 lr=0.00019015 grad_norm=1.6087 throughput=35.60 img/s eta_seconds=84.6 gpu_alloc=484.0MiB gpu_reserved=4334.0MiB skipped_batches=0
2026-08-13 22:56:27,947 | INFO | epoch=6 batch=825 global_step=2030 loss_reg_months=5.5777 lr=0.00019015 grad_norm=1.4192 throughput=35.61 img/s eta_seconds=76.1 gpu_alloc=374.7MiB gpu_reserved=4334.0MiB skipped_batches=0
2026-08-13 22:56:36,134 | INFO | epoch=6 batch=850 global_step=2038 loss_reg_months=5.5778 lr=0.00019015 grad_norm=1.0902 throughput=35.64 img/s eta_seconds=67.6 gpu_alloc=484.0MiB gpu_reserved=4334.0MiB skipped_batches=0
2026-08-13 22:56:44,486 | INFO | epoch=6 batch=875 global_step=2046 loss_reg_months=5.5853 lr=0.00019015 grad_norm=1.9471 throughput=35.65 img/s eta_seconds=59.2 gpu_alloc=484.0MiB gpu_reserved=4334.0MiB skipped_batches=0
2026-08-13 22:56:52,617 | INFO | epoch=6 batch=900 global_step=2055 loss_reg_months=5.5901 lr=0.00019015 grad_norm=1.4478 throughput=35.68 img/s eta_seconds=50.8 gpu_alloc=374.7MiB gpu_reserved=4334.0MiB skipped_batches=0
2026-08-13 22:57:00,860 | INFO | epoch=6 batch=925 global_step=2063 loss_reg_months=5.6110 lr=0.00019015 grad_norm=1.5096 throughput=35.70 img/s eta_seconds=42.3 gpu_alloc=484.0MiB gpu_reserved=4334.0MiB skipped_batches=0
2026-08-13 22:57:09,212 | INFO | epoch=6 batch=950 global_step=2071 loss_reg_months=5.6016 lr=0.00019015 grad_norm=1.1808 throughput=35.71 img/s eta_seconds=33.9 gpu_alloc=484.0MiB gpu_reserved=4334.0MiB skipped_batches=0
2026-08-13 22:57:17,324 | INFO | epoch=6 batch=975 global_step=2080 loss_reg_months=5.6096 lr=0.00019015 grad_norm=2.3125 throughput=35.74 img/s eta_seconds=25.5 gpu_alloc=374.7MiB gpu_reserved=4334.0MiB skipped_batches=0
2026-08-13 22:57:25,679 | INFO | epoch=6 batch=1000 global_step=2088 loss_reg_months=5.6051 lr=0.00019015 grad_norm=1.0262 throughput=35.74 img/s eta_seconds=17.1 gpu_alloc=484.0MiB gpu_reserved=4334.0MiB skipped_batches=0
2026-08-13 22:57:33,778 | INFO | epoch=6 batch=1025 global_step=2096 loss_reg_months=5.6062 lr=0.00019015 grad_norm=1.4150 throughput=35.77 img/s eta_seconds=8.7 gpu_alloc=484.0MiB gpu_reserved=4334.0MiB skipped_batches=0
2026-08-13 22:57:41,964 | INFO | epoch=6 batch=1050 global_step=2105 loss_reg_months=5.6193 lr=0.00019015 grad_norm=1.3953 throughput=35.79 img/s eta_seconds=0.3 gpu_alloc=374.7MiB gpu_reserved=4334.0MiB skipped_batches=0
2026-08-13 22:58:09,576 | INFO | 
TRAINING REVIEW SNAPSHOT
Run ID / config hash / split hash: P2_A2_LIGHT_FLIP_CONVNEXT_TINY_SEED42 / f1e9df38145b / 7328667e6822+f650a20432b5
Epoch / global step: 6 / 2106
Train loss: 5.6192
Validation MAE / RMSE / median AE: 7.5283 / 10.1000 / 6.0000
MAE nam / nữ / age bins: {'F': 8.0119464148773, 'M': 7.120391332470892} / {'0-59': 6.660654920212766, '120-179': 7.468479604449938, '60-119': 8.590736040609137, '180-228': 5.2734375}
Learning rate / peak VRAM: 0.00019015 / 4334.0 MiB
Best epoch / best MAE / epochs không cải thiện: 5 / 6.6437 / 1
Cảnh báo hiện tại: KHÔNG
Checkpoint gần nhất: p1_baseline\runs\P2_A2_LIGHT_FLIP_CONVNEXT_TINY_SEED42\last.ckpt
Checkpoint tốt nhất: p1_baseline\runs\P2_A2_LIGHT_FLIP_CONVNEXT_TINY_SEED42\best_mae.ckpt
Đề xuất tự động: TIẾP TỤC
2026-08-13 22:58:27,726 | INFO | epoch=7 batch=25 global_step=2114 loss_reg_months=5.0529 lr=0.00018592 grad_norm=1.7499 throughput=19.60 img/s eta_seconds=628.1 gpu_alloc=484.0MiB gpu_reserved=4334.0MiB skipped_batches=0
2026-08-13 22:58:35,816 | INFO | epoch=7 batch=50 global_step=2122 loss_reg_months=5.1969 lr=0.00018592 grad_norm=1.9139 throughput=25.64 img/s eta_seconds=468.4 gpu_alloc=484.0MiB gpu_reserved=4334.0MiB skipped_batches=0
2026-08-13 22:58:43,763 | INFO | epoch=7 batch=75 global_step=2131 loss_reg_months=5.3376 lr=0.00018592 grad_norm=2.5381 throughput=28.71 img/s eta_seconds=407.9 gpu_alloc=374.7MiB gpu_reserved=4334.0MiB skipped_batches=0
2026-08-13 22:58:52,317 | INFO | epoch=7 batch=100 global_step=2139 loss_reg_months=5.2802 lr=0.00018592 grad_norm=1.1073 throughput=30.08 img/s eta_seconds=379.4 gpu_alloc=484.0MiB gpu_reserved=4334.0MiB skipped_batches=0
2026-08-13 22:59:00,553 | INFO | epoch=7 batch=125 global_step=2147 loss_reg_months=5.4194 lr=0.00018592 grad_norm=1.4277 throughput=31.16 img/s eta_seconds=356.5 gpu_alloc=484.0MiB gpu_reserved=4334.0MiB skipped_batches=0
2026-08-13 22:59:08,665 | INFO | epoch=7 batch=150 global_step=2156 loss_reg_months=5.3890 lr=0.00018592 grad_norm=1.4172 throughput=32.00 img/s eta_seconds=337.8 gpu_alloc=374.7MiB gpu_reserved=4334.0MiB skipped_batches=0
2026-08-13 22:59:16,649 | INFO | epoch=7 batch=175 global_step=2164 loss_reg_months=5.3709 lr=0.00018592 grad_norm=1.0877 throughput=32.70 img/s eta_seconds=321.5 gpu_alloc=484.0MiB gpu_reserved=4334.0MiB skipped_batches=0
2026-08-13 22:59:24,681 | INFO | epoch=7 batch=200 global_step=2172 loss_reg_months=5.3895 lr=0.00018592 grad_norm=1.4464 throughput=33.21 img/s eta_seconds=307.4 gpu_alloc=484.0MiB gpu_reserved=4334.0MiB skipped_batches=0
2026-08-13 22:59:32,699 | INFO | epoch=7 batch=225 global_step=2181 loss_reg_months=5.3916 lr=0.00018592 grad_norm=1.3758 throughput=33.63 img/s eta_seconds=294.7 gpu_alloc=374.7MiB gpu_reserved=4334.0MiB skipped_batches=0
2026-08-13 22:59:41,164 | INFO | epoch=7 batch=250 global_step=2189 loss_reg_months=5.3813 lr=0.00018592 grad_norm=1.8012 throughput=33.80 img/s eta_seconds=284.3 gpu_alloc=484.0MiB gpu_reserved=4334.0MiB skipped_batches=0
2026-08-13 22:59:49,202 | INFO | epoch=7 batch=275 global_step=2197 loss_reg_months=5.3540 lr=0.00018592 grad_norm=1.7359 throughput=34.10 img/s eta_seconds=273.1 gpu_alloc=484.0MiB gpu_reserved=4334.0MiB skipped_batches=0
2026-08-13 22:59:57,257 | INFO | epoch=7 batch=300 global_step=2206 loss_reg_months=5.3364 lr=0.00018592 grad_norm=1.2963 throughput=34.34 img/s eta_seconds=262.4 gpu_alloc=374.7MiB gpu_reserved=4334.0MiB skipped_batches=0
2026-08-13 23:00:05,355 | INFO | epoch=7 batch=325 global_step=2214 loss_reg_months=5.3124 lr=0.00018592 grad_norm=0.8786 throughput=34.53 img/s eta_seconds=252.3 gpu_alloc=484.0MiB gpu_reserved=4334.0MiB skipped_batches=0
2026-08-13 23:00:13,407 | INFO | epoch=7 batch=350 global_step=2222 loss_reg_months=5.3355 lr=0.00018592 grad_norm=2.0605 throughput=34.71 img/s eta_seconds=242.3 gpu_alloc=484.0MiB gpu_reserved=4334.0MiB skipped_batches=0
2026-08-13 23:00:21,485 | INFO | epoch=7 batch=375 global_step=2231 loss_reg_months=5.3292 lr=0.00018592 grad_norm=1.2586 throughput=34.87 img/s eta_seconds=232.6 gpu_alloc=374.7MiB gpu_reserved=4334.0MiB skipped_batches=0
2026-08-13 23:00:29,611 | INFO | epoch=7 batch=400 global_step=2239 loss_reg_months=5.3386 lr=0.00018592 grad_norm=1.9012 throughput=34.99 img/s eta_seconds=223.2 gpu_alloc=484.0MiB gpu_reserved=4334.0MiB skipped_batches=0
2026-08-13 23:00:37,936 | INFO | epoch=7 batch=425 global_step=2247 loss_reg_months=5.3569 lr=0.00018592 grad_norm=1.1583 throughput=35.05 img/s eta_seconds=214.3 gpu_alloc=484.0MiB gpu_reserved=4334.0MiB skipped_batches=0
2026-08-13 23:00:45,977 | INFO | epoch=7 batch=450 global_step=2256 loss_reg_months=5.3345 lr=0.00018592 grad_norm=1.3257 throughput=35.17 img/s eta_seconds=205.1 gpu_alloc=374.7MiB gpu_reserved=4334.0MiB skipped_batches=0
2026-08-13 23:00:54,203 | INFO | epoch=7 batch=475 global_step=2264 loss_reg_months=5.3364 lr=0.00018592 grad_norm=2.7525 throughput=35.23 img/s eta_seconds=196.2 gpu_alloc=484.0MiB gpu_reserved=4334.0MiB skipped_batches=0
2026-08-13 23:01:02,313 | INFO | epoch=7 batch=500 global_step=2272 loss_reg_months=5.3671 lr=0.00018592 grad_norm=1.2874 throughput=35.32 img/s eta_seconds=187.2 gpu_alloc=484.0MiB gpu_reserved=4334.0MiB skipped_batches=0
2026-08-13 23:01:10,463 | INFO | epoch=7 batch=525 global_step=2281 loss_reg_months=5.3748 lr=0.00018592 grad_norm=1.3714 throughput=35.38 img/s eta_seconds=178.4 gpu_alloc=374.7MiB gpu_reserved=4334.0MiB skipped_batches=0
2026-08-13 23:01:18,661 | INFO | epoch=7 batch=550 global_step=2289 loss_reg_months=5.3734 lr=0.00018592 grad_norm=1.7042 throughput=35.44 img/s eta_seconds=169.6 gpu_alloc=484.0MiB gpu_reserved=4334.0MiB skipped_batches=0
2026-08-13 23:01:27,084 | INFO | epoch=7 batch=575 global_step=2297 loss_reg_months=5.3630 lr=0.00018592 grad_norm=1.5980 throughput=35.45 img/s eta_seconds=161.1 gpu_alloc=484.0MiB gpu_reserved=4334.0MiB skipped_batches=0
2026-08-13 23:01:35,637 | INFO | epoch=7 batch=600 global_step=2306 loss_reg_months=5.3580 lr=0.00018592 grad_norm=2.5641 throughput=35.43 img/s eta_seconds=152.7 gpu_alloc=374.7MiB gpu_reserved=4334.0MiB skipped_batches=0
2026-08-13 23:01:43,871 | INFO | epoch=7 batch=625 global_step=2314 loss_reg_months=5.3809 lr=0.00018592 grad_norm=1.0794 throughput=35.47 img/s eta_seconds=144.1 gpu_alloc=484.0MiB gpu_reserved=4334.0MiB skipped_batches=0
2026-08-13 23:01:52,024 | INFO | epoch=7 batch=650 global_step=2322 loss_reg_months=5.3907 lr=0.00018592 grad_norm=1.7688 throughput=35.52 img/s eta_seconds=135.5 gpu_alloc=484.0MiB gpu_reserved=4334.0MiB skipped_batches=0
2026-08-13 23:02:00,109 | INFO | epoch=7 batch=675 global_step=2331 loss_reg_months=5.4114 lr=0.00018592 grad_norm=1.1224 throughput=35.57 img/s eta_seconds=126.8 gpu_alloc=374.7MiB gpu_reserved=4334.0MiB skipped_batches=0
2026-08-13 23:02:08,168 | INFO | epoch=7 batch=700 global_step=2339 loss_reg_months=5.4161 lr=0.00018592 grad_norm=1.6799 throughput=35.63 img/s eta_seconds=118.2 gpu_alloc=484.0MiB gpu_reserved=4334.0MiB skipped_batches=0
2026-08-13 23:02:16,276 | INFO | epoch=7 batch=725 global_step=2347 loss_reg_months=5.4362 lr=0.00018592 grad_norm=2.1014 throughput=35.68 img/s eta_seconds=109.6 gpu_alloc=484.0MiB gpu_reserved=4334.0MiB skipped_batches=0
2026-08-13 23:02:24,364 | INFO | epoch=7 batch=750 global_step=2356 loss_reg_months=5.4426 lr=0.00018592 grad_norm=1.6722 throughput=35.72 img/s eta_seconds=101.1 gpu_alloc=374.7MiB gpu_reserved=4334.0MiB skipped_batches=0
2026-08-13 23:02:32,685 | INFO | epoch=7 batch=775 global_step=2364 loss_reg_months=5.4552 lr=0.00018592 grad_norm=1.5491 throughput=35.73 img/s eta_seconds=92.7 gpu_alloc=484.0MiB gpu_reserved=4334.0MiB skipped_batches=0
2026-08-13 23:02:40,858 | INFO | epoch=7 batch=800 global_step=2372 loss_reg_months=5.4644 lr=0.00018592 grad_norm=2.4115 throughput=35.76 img/s eta_seconds=84.2 gpu_alloc=484.0MiB gpu_reserved=4334.0MiB skipped_batches=0
2026-08-13 23:02:48,924 | INFO | epoch=7 batch=825 global_step=2381 loss_reg_months=5.4522 lr=0.00018592 grad_norm=1.3650 throughput=35.80 img/s eta_seconds=75.7 gpu_alloc=374.7MiB gpu_reserved=4334.0MiB skipped_batches=0
2026-08-13 23:02:56,967 | INFO | epoch=7 batch=850 global_step=2389 loss_reg_months=5.4468 lr=0.00018592 grad_norm=1.4486 throughput=35.85 img/s eta_seconds=67.3 gpu_alloc=484.0MiB gpu_reserved=4334.0MiB skipped_batches=0
2026-08-13 23:03:05,526 | INFO | epoch=7 batch=875 global_step=2397 loss_reg_months=5.4347 lr=0.00018592 grad_norm=2.4473 throughput=35.82 img/s eta_seconds=58.9 gpu_alloc=484.0MiB gpu_reserved=4334.0MiB skipped_batches=0
2026-08-13 23:03:13,558 | INFO | epoch=7 batch=900 global_step=2406 loss_reg_months=5.4344 lr=0.00018592 grad_norm=2.2401 throughput=35.86 img/s eta_seconds=50.5 gpu_alloc=374.7MiB gpu_reserved=4334.0MiB skipped_batches=0
2026-08-13 23:03:21,581 | INFO | epoch=7 batch=925 global_step=2414 loss_reg_months=5.4213 lr=0.00018592 grad_norm=1.2907 throughput=35.90 img/s eta_seconds=42.1 gpu_alloc=484.0MiB gpu_reserved=4334.0MiB skipped_batches=0
2026-08-13 23:03:29,668 | INFO | epoch=7 batch=950 global_step=2422 loss_reg_months=5.3984 lr=0.00018592 grad_norm=1.2088 throughput=35.93 img/s eta_seconds=33.7 gpu_alloc=484.0MiB gpu_reserved=4334.0MiB skipped_batches=0
2026-08-13 23:03:37,823 | INFO | epoch=7 batch=975 global_step=2431 loss_reg_months=5.4128 lr=0.00018592 grad_norm=1.6745 throughput=35.96 img/s eta_seconds=25.3 gpu_alloc=374.7MiB gpu_reserved=4334.0MiB skipped_batches=0
2026-08-13 23:03:46,018 | INFO | epoch=7 batch=1000 global_step=2439 loss_reg_months=5.4013 lr=0.00018592 grad_norm=1.2819 throughput=35.97 img/s eta_seconds=17.0 gpu_alloc=484.0MiB gpu_reserved=4334.0MiB skipped_batches=0
2026-08-13 23:03:54,122 | INFO | epoch=7 batch=1025 global_step=2447 loss_reg_months=5.3957 lr=0.00018592 grad_norm=2.1786 throughput=36.00 img/s eta_seconds=8.6 gpu_alloc=484.0MiB gpu_reserved=4334.0MiB skipped_batches=0
2026-08-13 23:04:02,341 | INFO | epoch=7 batch=1050 global_step=2456 loss_reg_months=5.3965 lr=0.00018592 grad_norm=1.2970 throughput=36.01 img/s eta_seconds=0.3 gpu_alloc=374.7MiB gpu_reserved=4334.0MiB skipped_batches=0
2026-08-13 23:04:29,758 | INFO | 
TRAINING REVIEW SNAPSHOT
Run ID / config hash / split hash: P2_A2_LIGHT_FLIP_CONVNEXT_TINY_SEED42 / f1e9df38145b / 7328667e6822+f650a20432b5
Epoch / global step: 7 / 2457
Train loss: 5.3963
Validation MAE / RMSE / median AE: 6.7135 / 9.1705 / 5.0000
MAE nam / nữ / age bins: {'F': 7.011023773006135, 'M': 6.46248382923674} / {'0-59': 5.54188829787234, '120-179': 6.19097651421508, '60-119': 8.231598984771574, '180-228': 6.203125}
Learning rate / peak VRAM: 0.00018592 / 4334.0 MiB
Best epoch / best MAE / epochs không cải thiện: 5 / 6.6437 / 2
Cảnh báo hiện tại: KHÔNG
Checkpoint gần nhất: p1_baseline\runs\P2_A2_LIGHT_FLIP_CONVNEXT_TINY_SEED42\last.ckpt
Checkpoint tốt nhất: p1_baseline\runs\P2_A2_LIGHT_FLIP_CONVNEXT_TINY_SEED42\best_mae.ckpt
Đề xuất tự động: TIẾP TỤC
2026-08-13 23:04:47,374 | INFO | epoch=8 batch=25 global_step=2465 loss_reg_months=5.1928 lr=0.00018100 grad_norm=1.7045 throughput=20.96 img/s eta_seconds=587.3 gpu_alloc=484.0MiB gpu_reserved=4334.0MiB skipped_batches=0
2026-08-13 23:04:55,596 | INFO | epoch=8 batch=50 global_step=2473 loss_reg_months=5.1757 lr=0.00018100 grad_norm=1.6453 throughput=26.63 img/s eta_seconds=451.1 gpu_alloc=484.0MiB gpu_reserved=4334.0MiB skipped_batches=0
2026-08-13 23:05:03,916 | INFO | epoch=8 batch=75 global_step=2482 loss_reg_months=5.3581 lr=0.00018100 grad_norm=1.0684 throughput=29.17 img/s eta_seconds=401.5 gpu_alloc=374.7MiB gpu_reserved=4334.0MiB skipped_batches=0
2026-08-13 23:05:12,066 | INFO | epoch=8 batch=100 global_step=2490 loss_reg_months=5.3335 lr=0.00018100 grad_norm=1.3745 throughput=30.77 img/s eta_seconds=370.9 gpu_alloc=484.0MiB gpu_reserved=4334.0MiB skipped_batches=0
2026-08-13 23:05:20,598 | INFO | epoch=8 batch=125 global_step=2498 loss_reg_months=5.4603 lr=0.00018100 grad_norm=1.7488 throughput=31.56 img/s eta_seconds=352.1 gpu_alloc=484.0MiB gpu_reserved=4334.0MiB skipped_batches=0
2026-08-13 23:05:31,023 | INFO | epoch=8 batch=150 global_step=2507 loss_reg_months=5.5234 lr=0.00018100 grad_norm=1.1005 throughput=31.06 img/s eta_seconds=348.1 gpu_alloc=374.7MiB gpu_reserved=4334.0MiB skipped_batches=0
2026-08-13 23:05:39,419 | INFO | epoch=8 batch=175 global_step=2515 loss_reg_months=5.4857 lr=0.00018100 grad_norm=1.6479 throughput=31.65 img/s eta_seconds=332.1 gpu_alloc=484.0MiB gpu_reserved=4334.0MiB skipped_batches=0
2026-08-13 23:05:47,701 | INFO | epoch=8 batch=200 global_step=2523 loss_reg_months=5.4645 lr=0.00018100 grad_norm=1.2006 throughput=32.15 img/s eta_seconds=317.6 gpu_alloc=484.0MiB gpu_reserved=4334.0MiB skipped_batches=0
2026-08-13 23:05:56,114 | INFO | epoch=8 batch=225 global_step=2532 loss_reg_months=5.4041 lr=0.00018100 grad_norm=1.1238 throughput=32.51 img/s eta_seconds=304.9 gpu_alloc=374.7MiB gpu_reserved=4334.0MiB skipped_batches=0
2026-08-13 23:06:04,677 | INFO | epoch=8 batch=250 global_step=2540 loss_reg_months=5.4164 lr=0.00018100 grad_norm=0.9644 throughput=32.75 img/s eta_seconds=293.5 gpu_alloc=484.0MiB gpu_reserved=4334.0MiB skipped_batches=0
2026-08-13 23:06:12,802 | INFO | epoch=8 batch=275 global_step=2548 loss_reg_months=5.4118 lr=0.00018100 grad_norm=0.9062 throughput=33.09 img/s eta_seconds=281.4 gpu_alloc=484.0MiB gpu_reserved=4334.0MiB skipped_batches=0
2026-08-13 23:06:21,188 | INFO | epoch=8 batch=300 global_step=2557 loss_reg_months=5.4267 lr=0.00018100 grad_norm=2.3875 throughput=33.29 img/s eta_seconds=270.6 gpu_alloc=374.7MiB gpu_reserved=4334.0MiB skipped_batches=0
2026-08-13 23:06:29,838 | INFO | epoch=8 batch=325 global_step=2565 loss_reg_months=5.4615 lr=0.00018100 grad_norm=1.2046 throughput=33.40 img/s eta_seconds=260.8 gpu_alloc=484.0MiB gpu_reserved=4334.0MiB skipped_batches=0
2026-08-13 23:06:38,126 | INFO | epoch=8 batch=350 global_step=2573 loss_reg_months=5.5402 lr=0.00018100 grad_norm=1.5853 throughput=33.58 img/s eta_seconds=250.5 gpu_alloc=484.0MiB gpu_reserved=4334.0MiB skipped_batches=0
2026-08-13 23:06:46,353 | INFO | epoch=8 batch=375 global_step=2582 loss_reg_months=5.5185 lr=0.00018100 grad_norm=2.1207 throughput=33.76 img/s eta_seconds=240.2 gpu_alloc=374.7MiB gpu_reserved=4334.0MiB skipped_batches=0
2026-08-13 23:06:54,711 | INFO | epoch=8 batch=400 global_step=2590 loss_reg_months=5.5001 lr=0.00018100 grad_norm=1.6439 throughput=33.89 img/s eta_seconds=230.5 gpu_alloc=484.0MiB gpu_reserved=4334.0MiB skipped_batches=0
2026-08-13 23:07:02,957 | INFO | epoch=8 batch=425 global_step=2598 loss_reg_months=5.4865 lr=0.00018100 grad_norm=1.3292 throughput=34.02 img/s eta_seconds=220.8 gpu_alloc=484.0MiB gpu_reserved=4334.0MiB skipped_batches=0
2026-08-13 23:07:11,216 | INFO | epoch=8 batch=450 global_step=2607 loss_reg_months=5.5038 lr=0.00018100 grad_norm=2.0498 throughput=34.14 img/s eta_seconds=211.2 gpu_alloc=374.7MiB gpu_reserved=4334.0MiB skipped_batches=0
2026-08-13 23:07:19,661 | INFO | epoch=8 batch=475 global_step=2615 loss_reg_months=5.5089 lr=0.00018100 grad_norm=1.7691 throughput=34.21 img/s eta_seconds=202.0 gpu_alloc=484.0MiB gpu_reserved=4334.0MiB skipped_batches=0
2026-08-13 23:07:28,158 | INFO | epoch=8 batch=500 global_step=2623 loss_reg_months=5.4859 lr=0.00018100 grad_norm=1.2496 throughput=34.27 img/s eta_seconds=192.9 gpu_alloc=484.0MiB gpu_reserved=4334.0MiB skipped_batches=0
2026-08-13 23:07:36,670 | INFO | epoch=8 batch=525 global_step=2632 loss_reg_months=5.4925 lr=0.00018100 grad_norm=1.2665 throughput=34.31 img/s eta_seconds=183.9 gpu_alloc=374.7MiB gpu_reserved=4334.0MiB skipped_batches=0
2026-08-13 23:07:45,322 | INFO | epoch=8 batch=550 global_step=2640 loss_reg_months=5.4589 lr=0.00018100 grad_norm=1.5682 throughput=34.33 img/s eta_seconds=175.1 gpu_alloc=484.0MiB gpu_reserved=4334.0MiB skipped_batches=0
2026-08-13 23:07:53,468 | INFO | epoch=8 batch=575 global_step=2648 loss_reg_months=5.4352 lr=0.00018100 grad_norm=1.1025 throughput=34.43 img/s eta_seconds=165.9 gpu_alloc=484.0MiB gpu_reserved=4334.0MiB skipped_batches=0
2026-08-13 23:08:01,625 | INFO | epoch=8 batch=600 global_step=2657 loss_reg_months=5.4274 lr=0.00018100 grad_norm=1.4229 throughput=34.52 img/s eta_seconds=156.7 gpu_alloc=374.7MiB gpu_reserved=4334.0MiB skipped_batches=0
2026-08-13 23:08:09,639 | INFO | epoch=8 batch=625 global_step=2665 loss_reg_months=5.4188 lr=0.00018100 grad_norm=1.2213 throughput=34.63 img/s eta_seconds=147.6 gpu_alloc=484.0MiB gpu_reserved=4334.0MiB skipped_batches=0
2026-08-13 23:08:17,801 | INFO | epoch=8 batch=650 global_step=2673 loss_reg_months=5.4110 lr=0.00018100 grad_norm=1.7982 throughput=34.71 img/s eta_seconds=138.6 gpu_alloc=484.0MiB gpu_reserved=4334.0MiB skipped_batches=0
2026-08-13 23:08:25,936 | INFO | epoch=8 batch=675 global_step=2682 loss_reg_months=5.4082 lr=0.00018100 grad_norm=1.4163 throughput=34.78 img/s eta_seconds=129.7 gpu_alloc=374.7MiB gpu_reserved=4334.0MiB skipped_batches=0
2026-08-13 23:08:34,105 | INFO | epoch=8 batch=700 global_step=2690 loss_reg_months=5.3935 lr=0.00018100 grad_norm=1.7314 throughput=34.85 img/s eta_seconds=120.8 gpu_alloc=484.0MiB gpu_reserved=4334.0MiB skipped_batches=0
2026-08-13 23:08:42,629 | INFO | epoch=8 batch=725 global_step=2698 loss_reg_months=5.3832 lr=0.00018100 grad_norm=1.4737 throughput=34.86 img/s eta_seconds=112.2 gpu_alloc=484.0MiB gpu_reserved=4334.0MiB skipped_batches=0
2026-08-13 23:08:50,674 | INFO | epoch=8 batch=750 global_step=2707 loss_reg_months=5.3565 lr=0.00018100 grad_norm=2.2350 throughput=34.94 img/s eta_seconds=103.4 gpu_alloc=374.7MiB gpu_reserved=4334.0MiB skipped_batches=0
2026-08-13 23:08:58,810 | INFO | epoch=8 batch=775 global_step=2715 loss_reg_months=5.3587 lr=0.00018100 grad_norm=2.0167 throughput=35.00 img/s eta_seconds=94.6 gpu_alloc=484.0MiB gpu_reserved=4334.0MiB skipped_batches=0
2026-08-13 23:09:07,298 | INFO | epoch=8 batch=800 global_step=2723 loss_reg_months=5.3407 lr=0.00018100 grad_norm=1.0091 throughput=35.01 img/s eta_seconds=86.0 gpu_alloc=484.0MiB gpu_reserved=4334.0MiB skipped_batches=0
2026-08-13 23:09:15,398 | INFO | epoch=8 batch=825 global_step=2732 loss_reg_months=5.3403 lr=0.00018100 grad_norm=1.3034 throughput=35.06 img/s eta_seconds=77.3 gpu_alloc=374.7MiB gpu_reserved=4334.0MiB skipped_batches=0
2026-08-13 23:09:23,849 | INFO | epoch=8 batch=850 global_step=2740 loss_reg_months=5.3439 lr=0.00018100 grad_norm=1.1725 throughput=35.08 img/s eta_seconds=68.7 gpu_alloc=484.0MiB gpu_reserved=4334.0MiB skipped_batches=0
2026-08-13 23:09:31,906 | INFO | epoch=8 batch=875 global_step=2748 loss_reg_months=5.3456 lr=0.00018100 grad_norm=1.6049 throughput=35.14 img/s eta_seconds=60.1 gpu_alloc=484.0MiB gpu_reserved=4334.0MiB skipped_batches=0
2026-08-13 23:09:39,957 | INFO | epoch=8 batch=900 global_step=2757 loss_reg_months=5.3343 lr=0.00018100 grad_norm=1.5931 throughput=35.19 img/s eta_seconds=51.5 gpu_alloc=374.7MiB gpu_reserved=4334.0MiB skipped_batches=0
2026-08-13 23:09:48,070 | INFO | epoch=8 batch=925 global_step=2765 loss_reg_months=5.3221 lr=0.00018100 grad_norm=1.6782 throughput=35.24 img/s eta_seconds=42.9 gpu_alloc=484.0MiB gpu_reserved=4334.0MiB skipped_batches=0
2026-08-13 23:09:56,399 | INFO | epoch=8 batch=950 global_step=2773 loss_reg_months=5.3154 lr=0.00018100 grad_norm=2.1649 throughput=35.26 img/s eta_seconds=34.3 gpu_alloc=484.0MiB gpu_reserved=4334.0MiB skipped_batches=0
2026-08-13 23:10:04,847 | INFO | epoch=8 batch=975 global_step=2782 loss_reg_months=5.3048 lr=0.00018100 grad_norm=1.7447 throughput=35.26 img/s eta_seconds=25.8 gpu_alloc=374.7MiB gpu_reserved=4334.0MiB skipped_batches=0
2026-08-13 23:10:13,361 | INFO | epoch=8 batch=1000 global_step=2790 loss_reg_months=5.3090 lr=0.00018100 grad_norm=1.9247 throughput=35.26 img/s eta_seconds=17.3 gpu_alloc=484.0MiB gpu_reserved=4334.0MiB skipped_batches=0
2026-08-13 23:10:21,417 | INFO | epoch=8 batch=1025 global_step=2798 loss_reg_months=5.3091 lr=0.00018100 grad_norm=1.6169 throughput=35.31 img/s eta_seconds=8.8 gpu_alloc=484.0MiB gpu_reserved=4334.0MiB skipped_batches=0
2026-08-13 23:10:29,534 | INFO | epoch=8 batch=1050 global_step=2807 loss_reg_months=5.3219 lr=0.00018100 grad_norm=1.8333 throughput=35.35 img/s eta_seconds=0.3 gpu_alloc=374.7MiB gpu_reserved=4334.0MiB skipped_batches=0
2026-08-13 23:10:57,709 | WARNING | STABILITY WARNING [CAM] Prediction vượt nhẹ miền tuổi 0–228: [-5.69, 231.00]
2026-08-13 23:10:57,711 | WARNING | STABILITY WARNING [CAM] Validation MAE xấu đi trong khi train loss giảm
2026-08-13 23:10:57,712 | INFO | 
TRAINING REVIEW SNAPSHOT
Run ID / config hash / split hash: P2_A2_LIGHT_FLIP_CONVNEXT_TINY_SEED42 / f1e9df38145b / 7328667e6822+f650a20432b5
Epoch / global step: 8 / 2808
Train loss: 5.3220
Validation MAE / RMSE / median AE: 7.0737 / 9.4568 / 5.0000
MAE nam / nữ / age bins: {'F': 7.3978114215874236, 'M': 6.800361820827943} / {'0-59': 10.93673121675532, '120-179': 5.930778739184178, '60-119': 8.51269035532995, '180-228': 7.03125}
Learning rate / peak VRAM: 0.00018100 / 4334.0 MiB
Best epoch / best MAE / epochs không cải thiện: 5 / 6.6437 / 3
Cảnh báo hiện tại: CAM: Prediction vượt nhẹ miền tuổi 0–228: [-5.69, 231.00] | CAM: Validation MAE xấu đi trong khi train loss giảm
Checkpoint gần nhất: p1_baseline\runs\P2_A2_LIGHT_FLIP_CONVNEXT_TINY_SEED42\last.ckpt
Checkpoint tốt nhất: p1_baseline\runs\P2_A2_LIGHT_FLIP_CONVNEXT_TINY_SEED42\best_mae.ckpt
Đề xuất tự động: THEO DÕI
2026-08-13 23:11:19,231 | INFO | epoch=9 batch=25 global_step=2816 loss_reg_months=4.8105 lr=0.00017543 grad_norm=1.4165 throughput=19.36 img/s eta_seconds=636.0 gpu_alloc=484.0MiB gpu_reserved=4334.0MiB skipped_batches=0
2026-08-13 23:11:27,263 | INFO | epoch=9 batch=50 global_step=2824 loss_reg_months=5.1472 lr=0.00017543 grad_norm=1.3367 throughput=25.50 img/s eta_seconds=471.1 gpu_alloc=484.0MiB gpu_reserved=4334.0MiB skipped_batches=0
2026-08-13 23:11:35,388 | INFO | epoch=9 batch=75 global_step=2833 loss_reg_months=5.2323 lr=0.00017543 grad_norm=1.2856 throughput=28.43 img/s eta_seconds=411.9 gpu_alloc=374.7MiB gpu_reserved=4334.0MiB skipped_batches=0
2026-08-13 23:11:43,443 | INFO | epoch=9 batch=100 global_step=2841 loss_reg_months=5.2714 lr=0.00017543 grad_norm=1.6606 throughput=30.22 img/s eta_seconds=377.6 gpu_alloc=484.0MiB gpu_reserved=4334.0MiB skipped_batches=0
2026-08-13 23:11:51,636 | INFO | epoch=9 batch=125 global_step=2849 loss_reg_months=5.2389 lr=0.00017543 grad_norm=0.8794 throughput=31.31 img/s eta_seconds=354.8 gpu_alloc=484.0MiB gpu_reserved=4334.0MiB skipped_batches=0
2026-08-13 23:11:59,796 | INFO | epoch=9 batch=150 global_step=2858 loss_reg_months=5.1889 lr=0.00017543 grad_norm=1.4708 throughput=32.11 img/s eta_seconds=336.7 gpu_alloc=374.7MiB gpu_reserved=4334.0MiB skipped_batches=0
2026-08-13 23:12:08,076 | INFO | epoch=9 batch=175 global_step=2866 loss_reg_months=5.1236 lr=0.00017543 grad_norm=1.5371 throughput=32.64 img/s eta_seconds=322.1 gpu_alloc=484.0MiB gpu_reserved=4334.0MiB skipped_batches=0
2026-08-13 23:12:16,052 | INFO | epoch=9 batch=200 global_step=2874 loss_reg_months=5.1443 lr=0.00017543 grad_norm=1.8449 throughput=33.19 img/s eta_seconds=307.7 gpu_alloc=484.0MiB gpu_reserved=4334.0MiB skipped_batches=0
2026-08-13 23:12:24,211 | INFO | epoch=9 batch=225 global_step=2883 loss_reg_months=5.1850 lr=0.00017543 grad_norm=1.7942 throughput=33.55 img/s eta_seconds=295.4 gpu_alloc=374.7MiB gpu_reserved=4334.0MiB skipped_batches=0
2026-08-13 23:12:32,286 | INFO | epoch=9 batch=250 global_step=2891 loss_reg_months=5.1810 lr=0.00017543 grad_norm=1.5883 throughput=33.88 img/s eta_seconds=283.7 gpu_alloc=484.0MiB gpu_reserved=4334.0MiB skipped_batches=0
2026-08-13 23:12:40,344 | INFO | epoch=9 batch=275 global_step=2899 loss_reg_months=5.1193 lr=0.00017543 grad_norm=0.9684 throughput=34.16 img/s eta_seconds=272.6 gpu_alloc=484.0MiB gpu_reserved=4334.0MiB skipped_batches=0
2026-08-13 23:12:48,623 | INFO | epoch=9 batch=300 global_step=2908 loss_reg_months=5.1470 lr=0.00017543 grad_norm=1.3913 throughput=34.32 img/s eta_seconds=262.6 gpu_alloc=374.7MiB gpu_reserved=4334.0MiB skipped_batches=0
2026-08-13 23:12:56,984 | INFO | epoch=9 batch=325 global_step=2916 loss_reg_months=5.1464 lr=0.00017543 grad_norm=1.5055 throughput=34.44 img/s eta_seconds=253.0 gpu_alloc=484.0MiB gpu_reserved=4334.0MiB skipped_batches=0
2026-08-13 23:13:05,111 | INFO | epoch=9 batch=350 global_step=2924 loss_reg_months=5.1691 lr=0.00017543 grad_norm=1.5227 throughput=34.60 img/s eta_seconds=243.1 gpu_alloc=484.0MiB gpu_reserved=4334.0MiB skipped_batches=0
2026-08-13 23:13:13,398 | INFO | epoch=9 batch=375 global_step=2933 loss_reg_months=5.1629 lr=0.00017543 grad_norm=1.5500 throughput=34.70 img/s eta_seconds=233.7 gpu_alloc=374.7MiB gpu_reserved=4334.0MiB skipped_batches=0
2026-08-13 23:13:21,952 | INFO | epoch=9 batch=400 global_step=2941 loss_reg_months=5.1511 lr=0.00017543 grad_norm=1.0820 throughput=34.73 img/s eta_seconds=224.9 gpu_alloc=484.0MiB gpu_reserved=4334.0MiB skipped_batches=0
2026-08-13 23:13:30,186 | INFO | epoch=9 batch=425 global_step=2949 loss_reg_months=5.1477 lr=0.00017543 grad_norm=1.0213 throughput=34.82 img/s eta_seconds=215.7 gpu_alloc=484.0MiB gpu_reserved=4334.0MiB skipped_batches=0
2026-08-13 23:13:38,363 | INFO | epoch=9 batch=450 global_step=2958 loss_reg_months=5.1256 lr=0.00017543 grad_norm=1.1337 throughput=34.92 img/s eta_seconds=206.5 gpu_alloc=374.7MiB gpu_reserved=4334.0MiB skipped_batches=0
2026-08-13 23:13:46,484 | INFO | epoch=9 batch=475 global_step=2966 loss_reg_months=5.1158 lr=0.00017543 grad_norm=1.0746 throughput=35.02 img/s eta_seconds=197.3 gpu_alloc=484.0MiB gpu_reserved=4334.0MiB skipped_batches=0
2026-08-13 23:13:54,556 | INFO | epoch=9 batch=500 global_step=2974 loss_reg_months=5.1179 lr=0.00017543 grad_norm=1.5963 throughput=35.12 img/s eta_seconds=188.2 gpu_alloc=484.0MiB gpu_reserved=4334.0MiB skipped_batches=0
2026-08-13 23:14:02,594 | INFO | epoch=9 batch=525 global_step=2983 loss_reg_months=5.1316 lr=0.00017543 grad_norm=1.9180 throughput=35.22 img/s eta_seconds=179.2 gpu_alloc=374.7MiB gpu_reserved=4334.0MiB skipped_batches=0
2026-08-13 23:14:10,949 | INFO | epoch=9 batch=550 global_step=2991 loss_reg_months=5.1712 lr=0.00017543 grad_norm=1.6335 throughput=35.25 img/s eta_seconds=170.5 gpu_alloc=484.0MiB gpu_reserved=4334.0MiB skipped_batches=0
2026-08-13 23:14:19,011 | INFO | epoch=9 batch=575 global_step=2999 loss_reg_months=5.1873 lr=0.00017543 grad_norm=1.4865 throughput=35.33 img/s eta_seconds=161.6 gpu_alloc=484.0MiB gpu_reserved=4334.0MiB skipped_batches=0
2026-08-13 23:14:28,460 | INFO | epoch=9 batch=600 global_step=3008 loss_reg_months=5.1821 lr=0.00017543 grad_norm=0.8569 throughput=35.17 img/s eta_seconds=153.9 gpu_alloc=374.7MiB gpu_reserved=4334.0MiB skipped_batches=0
2026-08-13 23:14:36,630 | INFO | epoch=9 batch=625 global_step=3016 loss_reg_months=5.1686 lr=0.00017543 grad_norm=1.7163 throughput=35.23 img/s eta_seconds=145.1 gpu_alloc=484.0MiB gpu_reserved=4334.0MiB skipped_batches=0
2026-08-13 23:14:44,673 | INFO | epoch=9 batch=650 global_step=3024 loss_reg_months=5.1726 lr=0.00017543 grad_norm=1.7762 throughput=35.30 img/s eta_seconds=136.3 gpu_alloc=484.0MiB gpu_reserved=4334.0MiB skipped_batches=0
2026-08-13 23:14:52,747 | INFO | epoch=9 batch=675 global_step=3033 loss_reg_months=5.1644 lr=0.00017543 grad_norm=1.3458 throughput=35.37 img/s eta_seconds=127.5 gpu_alloc=374.7MiB gpu_reserved=4334.0MiB skipped_batches=0
2026-08-13 23:15:00,833 | INFO | epoch=9 batch=700 global_step=3041 loss_reg_months=5.1643 lr=0.00017543 grad_norm=1.1721 throughput=35.43 img/s eta_seconds=118.9 gpu_alloc=484.0MiB gpu_reserved=4334.0MiB skipped_batches=0
2026-08-13 23:15:08,904 | INFO | epoch=9 batch=725 global_step=3049 loss_reg_months=5.1849 lr=0.00017543 grad_norm=1.3663 throughput=35.49 img/s eta_seconds=110.2 gpu_alloc=484.0MiB gpu_reserved=4334.0MiB skipped_batches=0
2026-08-13 23:15:16,790 | INFO | epoch=9 batch=750 global_step=3058 loss_reg_months=5.1805 lr=0.00017543 grad_norm=1.1455 throughput=35.56 img/s eta_seconds=101.5 gpu_alloc=374.7MiB gpu_reserved=4334.0MiB skipped_batches=0
2026-08-13 23:15:24,739 | INFO | epoch=9 batch=775 global_step=3066 loss_reg_months=5.1708 lr=0.00017543 grad_norm=1.3905 throughput=35.63 img/s eta_seconds=92.9 gpu_alloc=484.0MiB gpu_reserved=4334.0MiB skipped_batches=0
2026-08-13 23:15:32,777 | INFO | epoch=9 batch=800 global_step=3074 loss_reg_months=5.1512 lr=0.00017543 grad_norm=1.5150 throughput=35.68 img/s eta_seconds=84.4 gpu_alloc=484.0MiB gpu_reserved=4334.0MiB skipped_batches=0
2026-08-13 23:15:40,715 | INFO | epoch=9 batch=825 global_step=3083 loss_reg_months=5.1584 lr=0.00017543 grad_norm=1.2480 throughput=35.74 img/s eta_seconds=75.8 gpu_alloc=374.7MiB gpu_reserved=4334.0MiB skipped_batches=0
2026-08-13 23:15:48,542 | INFO | epoch=9 batch=850 global_step=3091 loss_reg_months=5.1560 lr=0.00017543 grad_norm=1.5109 throughput=35.81 img/s eta_seconds=67.3 gpu_alloc=484.0MiB gpu_reserved=4334.0MiB skipped_batches=0
2026-08-13 23:15:56,682 | INFO | epoch=9 batch=875 global_step=3099 loss_reg_months=5.1619 lr=0.00017543 grad_norm=1.3884 throughput=35.84 img/s eta_seconds=58.9 gpu_alloc=484.0MiB gpu_reserved=4334.0MiB skipped_batches=0
2026-08-13 23:16:04,622 | INFO | epoch=9 batch=900 global_step=3108 loss_reg_months=5.1492 lr=0.00017543 grad_norm=1.3437 throughput=35.89 img/s eta_seconds=50.5 gpu_alloc=374.7MiB gpu_reserved=4334.0MiB skipped_batches=0
2026-08-13 23:16:12,467 | INFO | epoch=9 batch=925 global_step=3116 loss_reg_months=5.1428 lr=0.00017543 grad_norm=1.1788 throughput=35.95 img/s eta_seconds=42.0 gpu_alloc=484.0MiB gpu_reserved=4334.0MiB skipped_batches=0
2026-08-13 23:16:20,379 | INFO | epoch=9 batch=950 global_step=3124 loss_reg_months=5.1523 lr=0.00017543 grad_norm=1.5390 throughput=36.00 img/s eta_seconds=33.6 gpu_alloc=484.0MiB gpu_reserved=4334.0MiB skipped_batches=0
2026-08-13 23:16:28,226 | INFO | epoch=9 batch=975 global_step=3133 loss_reg_months=5.1541 lr=0.00017543 grad_norm=1.5802 throughput=36.06 img/s eta_seconds=25.3 gpu_alloc=374.7MiB gpu_reserved=4334.0MiB skipped_batches=0
2026-08-13 23:16:36,237 | INFO | epoch=9 batch=1000 global_step=3141 loss_reg_months=5.1564 lr=0.00017543 grad_norm=1.6132 throughput=36.09 img/s eta_seconds=16.9 gpu_alloc=484.0MiB gpu_reserved=4334.0MiB skipped_batches=0
2026-08-13 23:16:44,160 | INFO | epoch=9 batch=1025 global_step=3149 loss_reg_months=5.1555 lr=0.00017543 grad_norm=1.1144 throughput=36.13 img/s eta_seconds=8.6 gpu_alloc=484.0MiB gpu_reserved=4334.0MiB skipped_batches=0
2026-08-13 23:16:52,214 | INFO | epoch=9 batch=1050 global_step=3158 loss_reg_months=5.1629 lr=0.00017543 grad_norm=1.3080 throughput=36.16 img/s eta_seconds=0.3 gpu_alloc=374.7MiB gpu_reserved=4334.0MiB skipped_batches=0
2026-08-13 23:17:18,725 | WARNING | STABILITY WARNING [CAM] Validation MAE xấu đi trong khi train loss giảm
2026-08-13 23:17:18,750 | INFO | 
TRAINING REVIEW SNAPSHOT
Run ID / config hash / split hash: P2_A2_LIGHT_FLIP_CONVNEXT_TINY_SEED42 / f1e9df38145b / 7328667e6822+f650a20432b5
Epoch / global step: 9 / 3159
Train loss: 5.1599
Validation MAE / RMSE / median AE: 7.0351 / 9.1835 / 5.5000
MAE nam / nữ / age bins: {'F': 7.2750191717791415, 'M': 6.832794307891333} / {'0-59': 6.705452127659575, '120-179': 6.981458590852905, '60-119': 6.915609137055838, '180-228': 7.984375}
Learning rate / peak VRAM: 0.00017543 / 4334.0 MiB
Best epoch / best MAE / epochs không cải thiện: 5 / 6.6437 / 4
Cảnh báo hiện tại: CAM: Validation MAE xấu đi trong khi train loss giảm
Checkpoint gần nhất: p1_baseline\runs\P2_A2_LIGHT_FLIP_CONVNEXT_TINY_SEED42\last.ckpt
Checkpoint tốt nhất: p1_baseline\runs\P2_A2_LIGHT_FLIP_CONVNEXT_TINY_SEED42\best_mae.ckpt
Đề xuất tự động: THEO DÕI
2026-08-13 23:17:36,278 | INFO | epoch=10 batch=25 global_step=3167 loss_reg_months=5.2692 lr=0.00016926 grad_norm=1.0457 throughput=20.13 img/s eta_seconds=611.6 gpu_alloc=484.0MiB gpu_reserved=4334.0MiB skipped_batches=0
2026-08-13 23:17:44,343 | INFO | epoch=10 batch=50 global_step=3175 loss_reg_months=5.3244 lr=0.00016926 grad_norm=1.0835 throughput=26.12 img/s eta_seconds=459.8 gpu_alloc=484.0MiB gpu_reserved=4334.0MiB skipped_batches=0
2026-08-13 23:17:52,558 | INFO | epoch=10 batch=75 global_step=3184 loss_reg_months=5.3854 lr=0.00016926 grad_norm=2.3353 throughput=28.86 img/s eta_seconds=405.8 gpu_alloc=374.7MiB gpu_reserved=4334.0MiB skipped_batches=0
2026-08-13 23:18:00,606 | INFO | epoch=10 batch=100 global_step=3192 loss_reg_months=5.2037 lr=0.00016926 grad_norm=1.5210 throughput=30.59 img/s eta_seconds=373.1 gpu_alloc=484.0MiB gpu_reserved=4334.0MiB skipped_batches=0
2026-08-13 23:18:08,645 | INFO | epoch=10 batch=125 global_step=3200 loss_reg_months=5.1484 lr=0.00016926 grad_norm=1.4534 throughput=31.73 img/s eta_seconds=350.2 gpu_alloc=484.0MiB gpu_reserved=4334.0MiB skipped_batches=0
2026-08-13 23:18:16,635 | INFO | epoch=10 batch=150 global_step=3209 loss_reg_months=5.1336 lr=0.00016926 grad_norm=1.3733 throughput=32.57 img/s eta_seconds=331.9 gpu_alloc=374.7MiB gpu_reserved=4334.0MiB skipped_batches=0
2026-08-13 23:18:24,936 | INFO | epoch=10 batch=175 global_step=3217 loss_reg_months=5.0739 lr=0.00016926 grad_norm=1.3035 throughput=33.04 img/s eta_seconds=318.1 gpu_alloc=484.0MiB gpu_reserved=4334.0MiB skipped_batches=0
2026-08-13 23:18:32,878 | INFO | epoch=10 batch=200 global_step=3225 loss_reg_months=5.0432 lr=0.00016926 grad_norm=1.8476 throughput=33.56 img/s eta_seconds=304.2 gpu_alloc=484.0MiB gpu_reserved=4334.0MiB skipped_batches=0
2026-08-13 23:18:41,250 | INFO | epoch=10 batch=225 global_step=3234 loss_reg_months=5.0110 lr=0.00016926 grad_norm=1.8993 throughput=33.80 img/s eta_seconds=293.2 gpu_alloc=374.7MiB gpu_reserved=4334.0MiB skipped_batches=0
2026-08-13 23:18:49,453 | INFO | epoch=10 batch=250 global_step=3242 loss_reg_months=5.0304 lr=0.00016926 grad_norm=1.3738 throughput=34.06 img/s eta_seconds=282.2 gpu_alloc=484.0MiB gpu_reserved=4334.0MiB skipped_batches=0
2026-08-13 23:18:57,490 | INFO | epoch=10 batch=275 global_step=3250 loss_reg_months=5.0196 lr=0.00016926 grad_norm=1.8292 throughput=34.33 img/s eta_seconds=271.2 gpu_alloc=484.0MiB gpu_reserved=4334.0MiB skipped_batches=0
2026-08-13 23:19:05,887 | INFO | epoch=10 batch=300 global_step=3259 loss_reg_months=5.0792 lr=0.00016926 grad_norm=1.5080 throughput=34.45 img/s eta_seconds=261.6 gpu_alloc=374.7MiB gpu_reserved=4334.0MiB skipped_batches=0
2026-08-13 23:19:13,893 | INFO | epoch=10 batch=325 global_step=3267 loss_reg_months=5.1132 lr=0.00016926 grad_norm=1.4436 throughput=34.66 img/s eta_seconds=251.3 gpu_alloc=484.0MiB gpu_reserved=4334.0MiB skipped_batches=0
2026-08-13 23:19:21,846 | INFO | epoch=10 batch=350 global_step=3275 loss_reg_months=5.1507 lr=0.00016926 grad_norm=1.9407 throughput=34.86 img/s eta_seconds=241.3 gpu_alloc=484.0MiB gpu_reserved=4334.0MiB skipped_batches=0
2026-08-13 23:19:29,840 | INFO | epoch=10 batch=375 global_step=3284 loss_reg_months=5.1717 lr=0.00016926 grad_norm=2.8839 throughput=35.03 img/s eta_seconds=231.6 gpu_alloc=374.7MiB gpu_reserved=4334.0MiB skipped_batches=0
2026-08-13 23:19:37,951 | INFO | epoch=10 batch=400 global_step=3292 loss_reg_months=5.1704 lr=0.00016926 grad_norm=1.2305 throughput=35.14 img/s eta_seconds=222.3 gpu_alloc=484.0MiB gpu_reserved=4334.0MiB skipped_batches=0
2026-08-13 23:19:46,493 | INFO | epoch=10 batch=425 global_step=3300 loss_reg_months=5.1481 lr=0.00016926 grad_norm=1.2052 throughput=35.14 img/s eta_seconds=213.7 gpu_alloc=484.0MiB gpu_reserved=4334.0MiB skipped_batches=0
2026-08-13 23:19:54,591 | INFO | epoch=10 batch=450 global_step=3309 loss_reg_months=5.1888 lr=0.00016926 grad_norm=2.2837 throughput=35.24 img/s eta_seconds=204.6 gpu_alloc=374.7MiB gpu_reserved=4334.0MiB skipped_batches=0
2026-08-13 23:20:02,638 | INFO | epoch=10 batch=475 global_step=3317 loss_reg_months=5.1639 lr=0.00016926 grad_norm=1.1639 throughput=35.35 img/s eta_seconds=195.5 gpu_alloc=484.0MiB gpu_reserved=4334.0MiB skipped_batches=0
2026-08-13 23:20:10,739 | INFO | epoch=10 batch=500 global_step=3325 loss_reg_months=5.1706 lr=0.00016926 grad_norm=1.7499 throughput=35.43 img/s eta_seconds=186.6 gpu_alloc=484.0MiB gpu_reserved=4334.0MiB skipped_batches=0
2026-08-13 23:20:18,719 | INFO | epoch=10 batch=525 global_step=3334 loss_reg_months=5.1478 lr=0.00016926 grad_norm=1.2167 throughput=35.52 img/s eta_seconds=177.7 gpu_alloc=374.7MiB gpu_reserved=4334.0MiB skipped_batches=0
2026-08-13 23:20:26,769 | INFO | epoch=10 batch=550 global_step=3342 loss_reg_months=5.1311 lr=0.00016926 grad_norm=1.7324 throughput=35.60 img/s eta_seconds=168.9 gpu_alloc=484.0MiB gpu_reserved=4334.0MiB skipped_batches=0
2026-08-13 23:20:34,754 | INFO | epoch=10 batch=575 global_step=3350 loss_reg_months=5.1264 lr=0.00016926 grad_norm=2.0496 throughput=35.68 img/s eta_seconds=160.1 gpu_alloc=484.0MiB gpu_reserved=4334.0MiB skipped_batches=0
2026-08-13 23:20:42,923 | INFO | epoch=10 batch=600 global_step=3359 loss_reg_months=5.1378 lr=0.00016926 grad_norm=1.8525 throughput=35.72 img/s eta_seconds=151.5 gpu_alloc=374.7MiB gpu_reserved=4334.0MiB skipped_batches=0
2026-08-13 23:20:51,021 | INFO | epoch=10 batch=625 global_step=3367 loss_reg_months=5.1165 lr=0.00016926 grad_norm=1.3309 throughput=35.77 img/s eta_seconds=142.9 gpu_alloc=484.0MiB gpu_reserved=4334.0MiB skipped_batches=0
2026-08-13 23:20:59,036 | INFO | epoch=10 batch=650 global_step=3375 loss_reg_months=5.1055 lr=0.00016926 grad_norm=1.1854 throughput=35.84 img/s eta_seconds=134.3 gpu_alloc=484.0MiB gpu_reserved=4334.0MiB skipped_batches=0
2026-08-13 23:21:07,170 | INFO | epoch=10 batch=675 global_step=3384 loss_reg_months=5.0928 lr=0.00016926 grad_norm=1.1415 throughput=35.87 img/s eta_seconds=125.7 gpu_alloc=374.7MiB gpu_reserved=4334.0MiB skipped_batches=0
2026-08-13 23:21:15,168 | INFO | epoch=10 batch=700 global_step=3392 loss_reg_months=5.1008 lr=0.00016926 grad_norm=1.5666 throughput=35.93 img/s eta_seconds=117.2 gpu_alloc=484.0MiB gpu_reserved=4334.0MiB skipped_batches=0
2026-08-13 23:21:23,620 | INFO | epoch=10 batch=725 global_step=3400 loss_reg_months=5.0948 lr=0.00016926 grad_norm=1.4418 throughput=35.91 img/s eta_seconds=108.9 gpu_alloc=484.0MiB gpu_reserved=4334.0MiB skipped_batches=0
2026-08-13 23:21:31,589 | INFO | epoch=10 batch=750 global_step=3409 loss_reg_months=5.0876 lr=0.00016926 grad_norm=1.0630 throughput=35.97 img/s eta_seconds=100.4 gpu_alloc=374.7MiB gpu_reserved=4334.0MiB skipped_batches=0
2026-08-13 23:21:39,645 | INFO | epoch=10 batch=775 global_step=3417 loss_reg_months=5.0728 lr=0.00016926 grad_norm=1.5082 throughput=36.01 img/s eta_seconds=92.0 gpu_alloc=484.0MiB gpu_reserved=4334.0MiB skipped_batches=0
2026-08-13 23:21:47,678 | INFO | epoch=10 batch=800 global_step=3425 loss_reg_months=5.0734 lr=0.00016926 grad_norm=1.8539 throughput=36.05 img/s eta_seconds=83.5 gpu_alloc=484.0MiB gpu_reserved=4334.0MiB skipped_batches=0
2026-08-13 23:21:55,824 | INFO | epoch=10 batch=825 global_step=3434 loss_reg_months=5.0786 lr=0.00016926 grad_norm=1.3780 throughput=36.07 img/s eta_seconds=75.2 gpu_alloc=374.7MiB gpu_reserved=4334.0MiB skipped_batches=0
2026-08-13 23:22:04,079 | INFO | epoch=10 batch=850 global_step=3442 loss_reg_months=5.0823 lr=0.00016926 grad_norm=1.2936 throughput=36.08 img/s eta_seconds=66.8 gpu_alloc=484.0MiB gpu_reserved=4334.0MiB skipped_batches=0
2026-08-13 23:22:12,416 | INFO | epoch=10 batch=875 global_step=3450 loss_reg_months=5.0928 lr=0.00016926 grad_norm=1.3838 throughput=36.08 img/s eta_seconds=58.5 gpu_alloc=484.0MiB gpu_reserved=4334.0MiB skipped_batches=0
2026-08-13 23:22:20,596 | INFO | epoch=10 batch=900 global_step=3459 loss_reg_months=5.0763 lr=0.00016926 grad_norm=1.5819 throughput=36.09 img/s eta_seconds=50.2 gpu_alloc=374.7MiB gpu_reserved=4334.0MiB skipped_batches=0
2026-08-13 23:22:28,988 | INFO | epoch=10 batch=925 global_step=3467 loss_reg_months=5.0667 lr=0.00016926 grad_norm=0.9699 throughput=36.08 img/s eta_seconds=41.9 gpu_alloc=484.0MiB gpu_reserved=4334.0MiB skipped_batches=0
2026-08-13 23:22:36,950 | INFO | epoch=10 batch=950 global_step=3475 loss_reg_months=5.0589 lr=0.00016926 grad_norm=1.1049 throughput=36.12 img/s eta_seconds=33.5 gpu_alloc=484.0MiB gpu_reserved=4334.0MiB skipped_batches=0
2026-08-13 23:22:45,035 | INFO | epoch=10 batch=975 global_step=3484 loss_reg_months=5.0559 lr=0.00016926 grad_norm=1.3370 throughput=36.15 img/s eta_seconds=25.2 gpu_alloc=374.7MiB gpu_reserved=4334.0MiB skipped_batches=0
2026-08-13 23:22:53,450 | INFO | epoch=10 batch=1000 global_step=3492 loss_reg_months=5.0586 lr=0.00016926 grad_norm=1.5022 throughput=36.14 img/s eta_seconds=16.9 gpu_alloc=484.0MiB gpu_reserved=4334.0MiB skipped_batches=0
2026-08-13 23:23:02,121 | INFO | epoch=10 batch=1025 global_step=3500 loss_reg_months=5.0590 lr=0.00016926 grad_norm=2.8247 throughput=36.10 img/s eta_seconds=8.6 gpu_alloc=484.0MiB gpu_reserved=4334.0MiB skipped_batches=0
2026-08-13 23:23:10,702 | INFO | epoch=10 batch=1050 global_step=3509 loss_reg_months=5.0592 lr=0.00016926 grad_norm=1.3849 throughput=36.07 img/s eta_seconds=0.3 gpu_alloc=374.7MiB gpu_reserved=4334.0MiB skipped_batches=0
2026-08-13 23:23:41,468 | INFO | 
TRAINING REVIEW SNAPSHOT
Run ID / config hash / split hash: P2_A2_LIGHT_FLIP_CONVNEXT_TINY_SEED42 / f1e9df38145b / 7328667e6822+f650a20432b5
Epoch / global step: 10 / 3510
Train loss: 5.0574
Validation MAE / RMSE / median AE: 6.3517 / 8.6122 / 5.0000
MAE nam / nữ / age bins: {'F': 6.532328412576687, 'M': 6.199385510996119} / {'0-59': 9.14311835106383, '120-179': 6.061186650185414, '60-119': 6.746827411167513, '180-228': 4.921875}
Learning rate / peak VRAM: 0.00016926 / 4334.0 MiB
Best epoch / best MAE / epochs không cải thiện: 10 / 6.3517 / 0
Cảnh báo hiện tại: KHÔNG
Checkpoint gần nhất: p1_baseline\runs\P2_A2_LIGHT_FLIP_CONVNEXT_TINY_SEED42\last.ckpt
Checkpoint tốt nhất: p1_baseline\runs\P2_A2_LIGHT_FLIP_CONVNEXT_TINY_SEED42\best_mae.ckpt
Đề xuất tự động: TIẾP TỤC
2026-08-13 23:23:59,430 | INFO | epoch=11 batch=25 global_step=3518 loss_reg_months=5.0672 lr=0.00016254 grad_norm=1.0895 throughput=20.12 img/s eta_seconds=611.9 gpu_alloc=484.0MiB gpu_reserved=4334.0MiB skipped_batches=0
2026-08-13 23:24:07,689 | INFO | epoch=11 batch=50 global_step=3526 loss_reg_months=4.8436 lr=0.00016254 grad_norm=1.0052 throughput=25.89 img/s eta_seconds=463.8 gpu_alloc=484.0MiB gpu_reserved=4334.0MiB skipped_batches=0
2026-08-13 23:24:15,695 | INFO | epoch=11 batch=75 global_step=3535 loss_reg_months=4.7878 lr=0.00016254 grad_norm=1.1966 throughput=28.87 img/s eta_seconds=405.7 gpu_alloc=374.7MiB gpu_reserved=4334.0MiB skipped_batches=0
2026-08-13 23:24:24,325 | INFO | epoch=11 batch=100 global_step=3543 loss_reg_months=4.6683 lr=0.00016254 grad_norm=1.1897 throughput=30.15 img/s eta_seconds=378.5 gpu_alloc=484.0MiB gpu_reserved=4334.0MiB skipped_batches=0
2026-08-13 23:24:32,458 | INFO | epoch=11 batch=125 global_step=3551 loss_reg_months=4.7663 lr=0.00016254 grad_norm=1.3627 throughput=31.29 img/s eta_seconds=355.1 gpu_alloc=484.0MiB gpu_reserved=4334.0MiB skipped_batches=0
2026-08-13 23:24:40,990 | INFO | epoch=11 batch=150 global_step=3560 loss_reg_months=4.7275 lr=0.00016254 grad_norm=2.3202 throughput=31.87 img/s eta_seconds=339.2 gpu_alloc=374.7MiB gpu_reserved=4334.0MiB skipped_batches=0
2026-08-13 23:24:49,017 | INFO | epoch=11 batch=175 global_step=3568 loss_reg_months=4.7919 lr=0.00016254 grad_norm=1.6472 throughput=32.56 img/s eta_seconds=322.8 gpu_alloc=484.0MiB gpu_reserved=4334.0MiB skipped_batches=0
2026-08-13 23:24:56,979 | INFO | epoch=11 batch=200 global_step=3576 loss_reg_months=4.7729 lr=0.00016254 grad_norm=1.5340 throughput=33.12 img/s eta_seconds=308.3 gpu_alloc=484.0MiB gpu_reserved=4334.0MiB skipped_batches=0
2026-08-13 23:25:05,188 | INFO | epoch=11 batch=225 global_step=3585 loss_reg_months=4.8260 lr=0.00016254 grad_norm=1.1930 throughput=33.47 img/s eta_seconds=296.1 gpu_alloc=374.7MiB gpu_reserved=4334.0MiB skipped_batches=0
2026-08-13 23:25:13,404 | INFO | epoch=11 batch=250 global_step=3593 loss_reg_months=4.8098 lr=0.00016254 grad_norm=2.1538 throughput=33.75 img/s eta_seconds=284.8 gpu_alloc=484.0MiB gpu_reserved=4334.0MiB skipped_batches=0
2026-08-13 23:25:21,407 | INFO | epoch=11 batch=275 global_step=3601 loss_reg_months=4.8239 lr=0.00016254 grad_norm=0.8475 throughput=34.06 img/s eta_seconds=273.4 gpu_alloc=484.0MiB gpu_reserved=4334.0MiB skipped_batches=0
2026-08-13 23:25:29,453 | INFO | epoch=11 batch=300 global_step=3610 loss_reg_months=4.8285 lr=0.00016254 grad_norm=1.2415 throughput=34.31 img/s eta_seconds=262.7 gpu_alloc=374.7MiB gpu_reserved=4334.0MiB skipped_batches=0
2026-08-13 23:25:37,697 | INFO | epoch=11 batch=325 global_step=3618 loss_reg_months=4.8265 lr=0.00016254 grad_norm=1.5363 throughput=34.46 img/s eta_seconds=252.8 gpu_alloc=484.0MiB gpu_reserved=4334.0MiB skipped_batches=0
2026-08-13 23:25:45,869 | INFO | epoch=11 batch=350 global_step=3626 loss_reg_months=4.8137 lr=0.00016254 grad_norm=1.0283 throughput=34.61 img/s eta_seconds=243.0 gpu_alloc=484.0MiB gpu_reserved=4334.0MiB skipped_batches=0
2026-08-13 23:25:54,028 | INFO | epoch=11 batch=375 global_step=3635 loss_reg_months=4.8177 lr=0.00016254 grad_norm=1.0100 throughput=34.75 img/s eta_seconds=233.4 gpu_alloc=374.7MiB gpu_reserved=4334.0MiB skipped_batches=0
2026-08-13 23:26:02,333 | INFO | epoch=11 batch=400 global_step=3643 loss_reg_months=4.7878 lr=0.00016254 grad_norm=1.7575 throughput=34.83 img/s eta_seconds=224.3 gpu_alloc=484.0MiB gpu_reserved=4334.0MiB skipped_batches=0
2026-08-13 23:26:10,599 | INFO | epoch=11 batch=425 global_step=3651 loss_reg_months=4.8250 lr=0.00016254 grad_norm=2.3259 throughput=34.91 img/s eta_seconds=215.1 gpu_alloc=484.0MiB gpu_reserved=4334.0MiB skipped_batches=0
2026-08-13 23:26:18,675 | INFO | epoch=11 batch=450 global_step=3660 loss_reg_months=4.8192 lr=0.00016254 grad_norm=1.2966 throughput=35.03 img/s eta_seconds=205.9 gpu_alloc=374.7MiB gpu_reserved=4334.0MiB skipped_batches=0
2026-08-13 23:26:26,700 | INFO | epoch=11 batch=475 global_step=3668 loss_reg_months=4.8479 lr=0.00016254 grad_norm=1.1608 throughput=35.15 img/s eta_seconds=196.6 gpu_alloc=484.0MiB gpu_reserved=4334.0MiB skipped_batches=0
2026-08-13 23:26:35,005 | INFO | epoch=11 batch=500 global_step=3676 loss_reg_months=4.8526 lr=0.00016254 grad_norm=0.9282 throughput=35.19 img/s eta_seconds=187.8 gpu_alloc=484.0MiB gpu_reserved=4334.0MiB skipped_batches=0
2026-08-13 23:26:43,174 | INFO | epoch=11 batch=525 global_step=3685 loss_reg_months=4.8695 lr=0.00016254 grad_norm=1.2608 throughput=35.26 img/s eta_seconds=179.0 gpu_alloc=374.7MiB gpu_reserved=4334.0MiB skipped_batches=0
2026-08-13 23:26:51,331 | INFO | epoch=11 batch=550 global_step=3693 loss_reg_months=4.8955 lr=0.00016254 grad_norm=2.6382 throughput=35.33 img/s eta_seconds=170.1 gpu_alloc=484.0MiB gpu_reserved=4334.0MiB skipped_batches=0
2026-08-13 23:26:59,346 | INFO | epoch=11 batch=575 global_step=3701 loss_reg_months=4.9003 lr=0.00016254 grad_norm=0.8374 throughput=35.42 img/s eta_seconds=161.3 gpu_alloc=484.0MiB gpu_reserved=4334.0MiB skipped_batches=0
2026-08-13 23:27:07,433 | INFO | epoch=11 batch=600 global_step=3710 loss_reg_months=4.9127 lr=0.00016254 grad_norm=1.5083 throughput=35.48 img/s eta_seconds=152.5 gpu_alloc=374.7MiB gpu_reserved=4334.0MiB skipped_batches=0
2026-08-13 23:27:15,732 | INFO | epoch=11 batch=625 global_step=3718 loss_reg_months=4.9079 lr=0.00016254 grad_norm=1.6932 throughput=35.51 img/s eta_seconds=143.9 gpu_alloc=484.0MiB gpu_reserved=4334.0MiB skipped_batches=0
2026-08-13 23:27:23,897 | INFO | epoch=11 batch=650 global_step=3726 loss_reg_months=4.8967 lr=0.00016254 grad_norm=1.4336 throughput=35.55 img/s eta_seconds=135.3 gpu_alloc=484.0MiB gpu_reserved=4334.0MiB skipped_batches=0
2026-08-13 23:27:32,116 | INFO | epoch=11 batch=675 global_step=3735 loss_reg_months=4.8973 lr=0.00016254 grad_norm=1.0896 throughput=35.59 img/s eta_seconds=126.8 gpu_alloc=374.7MiB gpu_reserved=4334.0MiB skipped_batches=0
2026-08-13 23:27:40,201 | INFO | epoch=11 batch=700 global_step=3743 loss_reg_months=4.9204 lr=0.00016254 grad_norm=1.0309 throughput=35.64 img/s eta_seconds=118.2 gpu_alloc=484.0MiB gpu_reserved=4334.0MiB skipped_batches=0
2026-08-13 23:27:48,183 | INFO | epoch=11 batch=725 global_step=3751 loss_reg_months=4.9364 lr=0.00016254 grad_norm=1.5287 throughput=35.70 img/s eta_seconds=109.5 gpu_alloc=484.0MiB gpu_reserved=4334.0MiB skipped_batches=0
2026-08-13 23:27:56,626 | INFO | epoch=11 batch=750 global_step=3760 loss_reg_months=4.9650 lr=0.00016254 grad_norm=1.3875 throughput=35.70 img/s eta_seconds=101.2 gpu_alloc=374.7MiB gpu_reserved=4334.0MiB skipped_batches=0
2026-08-13 23:28:04,658 | INFO | epoch=11 batch=775 global_step=3768 loss_reg_months=4.9749 lr=0.00016254 grad_norm=2.6877 throughput=35.75 img/s eta_seconds=92.6 gpu_alloc=484.0MiB gpu_reserved=4334.0MiB skipped_batches=0
2026-08-13 23:28:12,685 | INFO | epoch=11 batch=800 global_step=3776 loss_reg_months=4.9920 lr=0.00016254 grad_norm=1.5565 throughput=35.80 img/s eta_seconds=84.1 gpu_alloc=484.0MiB gpu_reserved=4334.0MiB skipped_batches=0
2026-08-13 23:28:21,109 | INFO | epoch=11 batch=825 global_step=3785 loss_reg_months=4.9983 lr=0.00016254 grad_norm=1.1445 throughput=35.79 img/s eta_seconds=75.7 gpu_alloc=374.7MiB gpu_reserved=4334.0MiB skipped_batches=0
2026-08-13 23:28:29,080 | INFO | epoch=11 batch=850 global_step=3793 loss_reg_months=4.9907 lr=0.00016254 grad_norm=1.3779 throughput=35.84 img/s eta_seconds=67.3 gpu_alloc=484.0MiB gpu_reserved=4334.0MiB skipped_batches=0
2026-08-13 23:28:37,264 | INFO | epoch=11 batch=875 global_step=3801 loss_reg_months=4.9881 lr=0.00016254 grad_norm=1.7777 throughput=35.87 img/s eta_seconds=58.9 gpu_alloc=484.0MiB gpu_reserved=4334.0MiB skipped_batches=0
2026-08-13 23:28:45,487 | INFO | epoch=11 batch=900 global_step=3810 loss_reg_months=5.0001 lr=0.00016254 grad_norm=2.3005 throughput=35.88 img/s eta_seconds=50.5 gpu_alloc=374.7MiB gpu_reserved=4334.0MiB skipped_batches=0
2026-08-13 23:28:53,561 | INFO | epoch=11 batch=925 global_step=3818 loss_reg_months=5.0153 lr=0.00016254 grad_norm=1.2834 throughput=35.92 img/s eta_seconds=42.1 gpu_alloc=484.0MiB gpu_reserved=4334.0MiB skipped_batches=0
2026-08-13 23:29:01,996 | INFO | epoch=11 batch=950 global_step=3826 loss_reg_months=5.0160 lr=0.00016254 grad_norm=1.3452 throughput=35.91 img/s eta_seconds=33.7 gpu_alloc=484.0MiB gpu_reserved=4334.0MiB skipped_batches=0
2026-08-13 23:29:09,988 | INFO | epoch=11 batch=975 global_step=3835 loss_reg_months=4.9981 lr=0.00016254 grad_norm=1.3162 throughput=35.95 img/s eta_seconds=25.3 gpu_alloc=374.7MiB gpu_reserved=4334.0MiB skipped_batches=0
2026-08-13 23:29:18,082 | INFO | epoch=11 batch=1000 global_step=3843 loss_reg_months=4.9987 lr=0.00016254 grad_norm=1.8965 throughput=35.98 img/s eta_seconds=17.0 gpu_alloc=484.0MiB gpu_reserved=4334.0MiB skipped_batches=0
2026-08-13 23:29:26,290 | INFO | epoch=11 batch=1025 global_step=3851 loss_reg_months=5.0156 lr=0.00016254 grad_norm=1.9376 throughput=35.99 img/s eta_seconds=8.6 gpu_alloc=484.0MiB gpu_reserved=4334.0MiB skipped_batches=0
2026-08-13 23:29:34,266 | INFO | epoch=11 batch=1050 global_step=3860 loss_reg_months=5.0189 lr=0.00016254 grad_norm=1.2916 throughput=36.03 img/s eta_seconds=0.3 gpu_alloc=374.7MiB gpu_reserved=4334.0MiB skipped_batches=0
2026-08-13 23:30:01,455 | INFO | 
TRAINING REVIEW SNAPSHOT
Run ID / config hash / split hash: P2_A2_LIGHT_FLIP_CONVNEXT_TINY_SEED42 / f1e9df38145b / 7328667e6822+f650a20432b5
Epoch / global step: 11 / 3861
Train loss: 5.0171
Validation MAE / RMSE / median AE: 6.8361 / 9.1246 / 5.0000
MAE nam / nữ / age bins: {'F': 7.077933282208589, 'M': 6.632195989650712} / {'0-59': 6.601063829787234, '120-179': 6.8899876390605685, '60-119': 6.918781725888325, '180-228': 6.4140625}
Learning rate / peak VRAM: 0.00016254 / 4334.0 MiB
Best epoch / best MAE / epochs không cải thiện: 10 / 6.3517 / 1
Cảnh báo hiện tại: KHÔNG
Checkpoint gần nhất: p1_baseline\runs\P2_A2_LIGHT_FLIP_CONVNEXT_TINY_SEED42\last.ckpt
Checkpoint tốt nhất: p1_baseline\runs\P2_A2_LIGHT_FLIP_CONVNEXT_TINY_SEED42\best_mae.ckpt
Đề xuất tự động: TIẾP TỤC
2026-08-13 23:30:18,956 | INFO | epoch=12 batch=25 global_step=3869 loss_reg_months=4.7247 lr=0.00015531 grad_norm=1.0965 throughput=20.14 img/s eta_seconds=611.2 gpu_alloc=484.0MiB gpu_reserved=4334.0MiB skipped_batches=0
2026-08-13 23:30:26,857 | INFO | epoch=12 batch=50 global_step=3877 loss_reg_months=4.7330 lr=0.00015531 grad_norm=1.2862 throughput=26.32 img/s eta_seconds=456.3 gpu_alloc=484.0MiB gpu_reserved=4334.0MiB skipped_batches=0
2026-08-13 23:30:35,331 | INFO | epoch=12 batch=75 global_step=3886 loss_reg_months=4.9219 lr=0.00015531 grad_norm=1.4546 throughput=28.78 img/s eta_seconds=406.9 gpu_alloc=374.7MiB gpu_reserved=4334.0MiB skipped_batches=0
2026-08-13 23:30:43,402 | INFO | epoch=12 batch=100 global_step=3894 loss_reg_months=4.9656 lr=0.00015531 grad_norm=1.3418 throughput=30.50 img/s eta_seconds=374.1 gpu_alloc=484.0MiB gpu_reserved=4334.0MiB skipped_batches=0
2026-08-13 23:30:51,332 | INFO | epoch=12 batch=125 global_step=3902 loss_reg_months=4.9478 lr=0.00015531 grad_norm=2.7119 throughput=31.73 img/s eta_seconds=350.2 gpu_alloc=484.0MiB gpu_reserved=4334.0MiB skipped_batches=0
2026-08-13 23:30:59,457 | INFO | epoch=12 batch=150 global_step=3911 loss_reg_months=5.0273 lr=0.00015531 grad_norm=1.4422 throughput=32.49 img/s eta_seconds=332.7 gpu_alloc=374.7MiB gpu_reserved=4334.0MiB skipped_batches=0
2026-08-13 23:31:07,483 | INFO | epoch=12 batch=175 global_step=3919 loss_reg_months=5.0785 lr=0.00015531 grad_norm=1.6546 throughput=33.11 img/s eta_seconds=317.4 gpu_alloc=484.0MiB gpu_reserved=4334.0MiB skipped_batches=0
2026-08-13 23:31:15,729 | INFO | epoch=12 batch=200 global_step=3927 loss_reg_months=5.1373 lr=0.00015531 grad_norm=1.2714 throughput=33.49 img/s eta_seconds=304.9 gpu_alloc=484.0MiB gpu_reserved=4334.0MiB skipped_batches=0
2026-08-13 23:31:24,006 | INFO | epoch=12 batch=225 global_step=3936 loss_reg_months=5.0828 lr=0.00015531 grad_norm=1.9027 throughput=33.77 img/s eta_seconds=293.5 gpu_alloc=374.7MiB gpu_reserved=4334.0MiB skipped_batches=0
2026-08-13 23:31:31,983 | INFO | epoch=12 batch=250 global_step=3944 loss_reg_months=5.0440 lr=0.00015531 grad_norm=1.6763 throughput=34.12 img/s eta_seconds=281.7 gpu_alloc=484.0MiB gpu_reserved=4334.0MiB skipped_batches=0
2026-08-13 23:31:40,025 | INFO | epoch=12 batch=275 global_step=3952 loss_reg_months=5.0689 lr=0.00015531 grad_norm=0.9616 throughput=34.39 img/s eta_seconds=270.8 gpu_alloc=484.0MiB gpu_reserved=4334.0MiB skipped_batches=0
2026-08-13 23:31:48,136 | INFO | epoch=12 batch=300 global_step=3961 loss_reg_months=5.0590 lr=0.00015531 grad_norm=2.0634 throughput=34.59 img/s eta_seconds=260.5 gpu_alloc=374.7MiB gpu_reserved=4334.0MiB skipped_batches=0
2026-08-13 23:31:56,514 | INFO | epoch=12 batch=325 global_step=3969 loss_reg_months=5.0571 lr=0.00015531 grad_norm=1.1906 throughput=34.68 img/s eta_seconds=251.2 gpu_alloc=484.0MiB gpu_reserved=4334.0MiB skipped_batches=0
2026-08-13 23:32:04,618 | INFO | epoch=12 batch=350 global_step=3977 loss_reg_months=5.0082 lr=0.00015531 grad_norm=1.6866 throughput=34.84 img/s eta_seconds=241.4 gpu_alloc=484.0MiB gpu_reserved=4334.0MiB skipped_batches=0
2026-08-13 23:32:12,751 | INFO | epoch=12 batch=375 global_step=3986 loss_reg_months=5.0459 lr=0.00015531 grad_norm=1.4252 throughput=34.97 img/s eta_seconds=232.0 gpu_alloc=374.7MiB gpu_reserved=4334.0MiB skipped_batches=0
2026-08-13 23:32:21,177 | INFO | epoch=12 batch=400 global_step=3994 loss_reg_months=5.0686 lr=0.00015531 grad_norm=1.7213 throughput=35.01 img/s eta_seconds=223.1 gpu_alloc=484.0MiB gpu_reserved=4334.0MiB skipped_batches=0
2026-08-13 23:32:30,877 | INFO | epoch=12 batch=425 global_step=4002 loss_reg_months=5.0473 lr=0.00015531 grad_norm=1.3169 throughput=34.74 img/s eta_seconds=216.2 gpu_alloc=484.0MiB gpu_reserved=4334.0MiB skipped_batches=0
2026-08-13 23:32:39,036 | INFO | epoch=12 batch=450 global_step=4011 loss_reg_months=5.0415 lr=0.00015531 grad_norm=1.1359 throughput=34.84 img/s eta_seconds=206.9 gpu_alloc=374.7MiB gpu_reserved=4334.0MiB skipped_batches=0
2026-08-13 23:32:47,444 | INFO | epoch=12 batch=475 global_step=4019 loss_reg_months=5.0413 lr=0.00015531 grad_norm=1.6189 throughput=34.89 img/s eta_seconds=198.1 gpu_alloc=484.0MiB gpu_reserved=4334.0MiB skipped_batches=0
2026-08-13 23:32:55,653 | INFO | epoch=12 batch=500 global_step=4027 loss_reg_months=5.0204 lr=0.00015531 grad_norm=1.4205 throughput=34.97 img/s eta_seconds=189.1 gpu_alloc=484.0MiB gpu_reserved=4334.0MiB skipped_batches=0
2026-08-13 23:33:03,747 | INFO | epoch=12 batch=525 global_step=4036 loss_reg_months=4.9998 lr=0.00015531 grad_norm=1.7413 throughput=35.06 img/s eta_seconds=180.0 gpu_alloc=374.7MiB gpu_reserved=4334.0MiB skipped_batches=0
2026-08-13 23:33:11,801 | INFO | epoch=12 batch=550 global_step=4044 loss_reg_months=4.9945 lr=0.00015531 grad_norm=1.1432 throughput=35.16 img/s eta_seconds=171.0 gpu_alloc=484.0MiB gpu_reserved=4334.0MiB skipped_batches=0
2026-08-13 23:33:19,865 | INFO | epoch=12 batch=575 global_step=4052 loss_reg_months=4.9750 lr=0.00015531 grad_norm=1.0715 throughput=35.24 img/s eta_seconds=162.1 gpu_alloc=484.0MiB gpu_reserved=4334.0MiB skipped_batches=0
2026-08-13 23:33:27,936 | INFO | epoch=12 batch=600 global_step=4061 loss_reg_months=4.9723 lr=0.00015531 grad_norm=1.5488 throughput=35.32 img/s eta_seconds=153.2 gpu_alloc=374.7MiB gpu_reserved=4334.0MiB skipped_batches=0
2026-08-13 23:33:36,524 | INFO | epoch=12 batch=625 global_step=4069 loss_reg_months=4.9525 lr=0.00015531 grad_norm=1.0804 throughput=35.30 img/s eta_seconds=144.8 gpu_alloc=484.0MiB gpu_reserved=4334.0MiB skipped_batches=0
2026-08-13 23:33:44,527 | INFO | epoch=12 batch=650 global_step=4077 loss_reg_months=4.9393 lr=0.00015531 grad_norm=1.2772 throughput=35.38 img/s eta_seconds=136.0 gpu_alloc=484.0MiB gpu_reserved=4334.0MiB skipped_batches=0
2026-08-13 23:33:52,679 | INFO | epoch=12 batch=675 global_step=4086 loss_reg_months=4.9216 lr=0.00015531 grad_norm=1.0861 throughput=35.43 img/s eta_seconds=127.3 gpu_alloc=374.7MiB gpu_reserved=4334.0MiB skipped_batches=0
2026-08-13 23:34:00,667 | INFO | epoch=12 batch=700 global_step=4094 loss_reg_months=4.9110 lr=0.00015531 grad_norm=1.1883 throughput=35.50 img/s eta_seconds=118.6 gpu_alloc=484.0MiB gpu_reserved=4334.0MiB skipped_batches=0
2026-08-13 23:34:08,726 | INFO | epoch=12 batch=725 global_step=4102 loss_reg_months=4.9245 lr=0.00015531 grad_norm=1.3655 throughput=35.56 img/s eta_seconds=110.0 gpu_alloc=484.0MiB gpu_reserved=4334.0MiB skipped_batches=0
2026-08-13 23:34:16,810 | INFO | epoch=12 batch=750 global_step=4111 loss_reg_months=4.9463 lr=0.00015531 grad_norm=1.4369 throughput=35.61 img/s eta_seconds=101.4 gpu_alloc=374.7MiB gpu_reserved=4334.0MiB skipped_batches=0
2026-08-13 23:34:24,994 | INFO | epoch=12 batch=775 global_step=4119 loss_reg_months=4.9483 lr=0.00015531 grad_norm=1.3047 throughput=35.64 img/s eta_seconds=92.9 gpu_alloc=484.0MiB gpu_reserved=4334.0MiB skipped_batches=0
2026-08-13 23:34:33,017 | INFO | epoch=12 batch=800 global_step=4127 loss_reg_months=4.9277 lr=0.00015531 grad_norm=1.3318 throughput=35.69 img/s eta_seconds=84.4 gpu_alloc=484.0MiB gpu_reserved=4334.0MiB skipped_batches=0
2026-08-13 23:34:41,012 | INFO | epoch=12 batch=825 global_step=4136 loss_reg_months=4.9485 lr=0.00015531 grad_norm=1.4146 throughput=35.75 img/s eta_seconds=75.8 gpu_alloc=374.7MiB gpu_reserved=4334.0MiB skipped_batches=0
2026-08-13 23:34:49,229 | INFO | epoch=12 batch=850 global_step=4144 loss_reg_months=4.9709 lr=0.00015531 grad_norm=2.6976 throughput=35.77 img/s eta_seconds=67.4 gpu_alloc=484.0MiB gpu_reserved=4334.0MiB skipped_batches=0
2026-08-13 23:34:57,359 | INFO | epoch=12 batch=875 global_step=4152 loss_reg_months=4.9711 lr=0.00015531 grad_norm=1.3281 throughput=35.80 img/s eta_seconds=59.0 gpu_alloc=484.0MiB gpu_reserved=4334.0MiB skipped_batches=0
2026-08-13 23:35:05,418 | INFO | epoch=12 batch=900 global_step=4161 loss_reg_months=4.9758 lr=0.00015531 grad_norm=1.3073 throughput=35.84 img/s eta_seconds=50.5 gpu_alloc=374.7MiB gpu_reserved=4334.0MiB skipped_batches=0
2026-08-13 23:35:13,784 | INFO | epoch=12 batch=925 global_step=4169 loss_reg_months=4.9890 lr=0.00015531 grad_norm=1.5221 throughput=35.84 img/s eta_seconds=42.2 gpu_alloc=484.0MiB gpu_reserved=4334.0MiB skipped_batches=0
2026-08-13 23:35:21,778 | INFO | epoch=12 batch=950 global_step=4177 loss_reg_months=5.0028 lr=0.00015531 grad_norm=1.7246 throughput=35.88 img/s eta_seconds=33.8 gpu_alloc=484.0MiB gpu_reserved=4334.0MiB skipped_batches=0
2026-08-13 23:35:29,803 | INFO | epoch=12 batch=975 global_step=4186 loss_reg_months=4.9956 lr=0.00015531 grad_norm=1.3968 throughput=35.92 img/s eta_seconds=25.4 gpu_alloc=374.7MiB gpu_reserved=4334.0MiB skipped_batches=0
2026-08-13 23:35:37,930 | INFO | epoch=12 batch=1000 global_step=4194 loss_reg_months=4.9987 lr=0.00015531 grad_norm=2.4300 throughput=35.94 img/s eta_seconds=17.0 gpu_alloc=484.0MiB gpu_reserved=4334.0MiB skipped_batches=0
2026-08-13 23:35:45,948 | INFO | epoch=12 batch=1025 global_step=4202 loss_reg_months=5.0004 lr=0.00015531 grad_norm=1.2786 throughput=35.98 img/s eta_seconds=8.6 gpu_alloc=484.0MiB gpu_reserved=4334.0MiB skipped_batches=0
2026-08-13 23:35:54,361 | INFO | epoch=12 batch=1050 global_step=4211 loss_reg_months=5.0026 lr=0.00015531 grad_norm=1.8776 throughput=35.97 img/s eta_seconds=0.3 gpu_alloc=374.7MiB gpu_reserved=4334.0MiB skipped_batches=0
2026-08-13 23:36:22,696 | INFO | 
TRAINING REVIEW SNAPSHOT
Run ID / config hash / split hash: P2_A2_LIGHT_FLIP_CONVNEXT_TINY_SEED42 / f1e9df38145b / 7328667e6822+f650a20432b5
Epoch / global step: 12 / 4212
Train loss: 5.0046
Validation MAE / RMSE / median AE: 6.1848 / 8.4865 / 5.0000
MAE nam / nữ / age bins: {'F': 6.389115222392638, 'M': 6.01245148771022} / {'0-59': 7.282746010638298, '120-179': 5.930160692212608, '60-119': 6.838197969543147, '180-228': 4.9765625}
Learning rate / peak VRAM: 0.00015531 / 4334.0 MiB
Best epoch / best MAE / epochs không cải thiện: 12 / 6.1848 / 0
Cảnh báo hiện tại: KHÔNG
Checkpoint gần nhất: p1_baseline\runs\P2_A2_LIGHT_FLIP_CONVNEXT_TINY_SEED42\last.ckpt
Checkpoint tốt nhất: p1_baseline\runs\P2_A2_LIGHT_FLIP_CONVNEXT_TINY_SEED42\best_mae.ckpt
Đề xuất tự động: TIẾP TỤC
2026-08-13 23:36:42,528 | INFO | epoch=13 batch=25 global_step=4220 loss_reg_months=4.1582 lr=0.00014765 grad_norm=1.2651 throughput=19.99 img/s eta_seconds=615.7 gpu_alloc=484.0MiB gpu_reserved=4334.0MiB skipped_batches=0
2026-08-13 23:36:50,673 | INFO | epoch=13 batch=50 global_step=4228 loss_reg_months=4.4099 lr=0.00014765 grad_norm=1.1735 throughput=25.92 img/s eta_seconds=463.4 gpu_alloc=484.0MiB gpu_reserved=4334.0MiB skipped_batches=0
2026-08-13 23:36:58,866 | INFO | epoch=13 batch=75 global_step=4237 loss_reg_months=4.2606 lr=0.00014765 grad_norm=1.0975 throughput=28.71 img/s eta_seconds=407.8 gpu_alloc=374.7MiB gpu_reserved=4334.0MiB skipped_batches=0
2026-08-13 23:37:07,152 | INFO | epoch=13 batch=100 global_step=4245 loss_reg_months=4.3689 lr=0.00014765 grad_norm=1.4384 throughput=30.28 img/s eta_seconds=376.8 gpu_alloc=484.0MiB gpu_reserved=4334.0MiB skipped_batches=0
2026-08-13 23:37:15,147 | INFO | epoch=13 batch=125 global_step=4253 loss_reg_months=4.3369 lr=0.00014765 grad_norm=0.9218 throughput=31.50 img/s eta_seconds=352.8 gpu_alloc=484.0MiB gpu_reserved=4334.0MiB skipped_batches=0
2026-08-13 23:37:23,226 | INFO | epoch=13 batch=150 global_step=4262 loss_reg_months=4.3870 lr=0.00014765 grad_norm=1.3934 throughput=32.31 img/s eta_seconds=334.6 gpu_alloc=374.7MiB gpu_reserved=4334.0MiB skipped_batches=0
2026-08-13 23:37:31,351 | INFO | epoch=13 batch=175 global_step=4270 loss_reg_months=4.3800 lr=0.00014765 grad_norm=2.3448 throughput=32.90 img/s eta_seconds=319.5 gpu_alloc=484.0MiB gpu_reserved=4334.0MiB skipped_batches=0
2026-08-13 23:37:39,300 | INFO | epoch=13 batch=200 global_step=4278 loss_reg_months=4.4398 lr=0.00014765 grad_norm=1.0098 throughput=33.44 img/s eta_seconds=305.4 gpu_alloc=484.0MiB gpu_reserved=4334.0MiB skipped_batches=0
2026-08-13 23:37:47,402 | INFO | epoch=13 batch=225 global_step=4287 loss_reg_months=4.4095 lr=0.00014765 grad_norm=1.3471 throughput=33.80 img/s eta_seconds=293.2 gpu_alloc=374.7MiB gpu_reserved=4334.0MiB skipped_batches=0
2026-08-13 23:37:55,686 | INFO | epoch=13 batch=250 global_step=4295 loss_reg_months=4.4797 lr=0.00014765 grad_norm=1.8901 throughput=34.03 img/s eta_seconds=282.4 gpu_alloc=484.0MiB gpu_reserved=4334.0MiB skipped_batches=0
2026-08-13 23:38:03,734 | INFO | epoch=13 batch=275 global_step=4303 loss_reg_months=4.4963 lr=0.00014765 grad_norm=2.1069 throughput=34.30 img/s eta_seconds=271.5 gpu_alloc=484.0MiB gpu_reserved=4334.0MiB skipped_batches=0
2026-08-13 23:38:11,763 | INFO | epoch=13 batch=300 global_step=4312 loss_reg_months=4.5807 lr=0.00014765 grad_norm=1.6687 throughput=34.54 img/s eta_seconds=260.9 gpu_alloc=374.7MiB gpu_reserved=4334.0MiB skipped_batches=0
2026-08-13 23:38:19,898 | INFO | epoch=13 batch=325 global_step=4320 loss_reg_months=4.5676 lr=0.00014765 grad_norm=1.2242 throughput=34.71 img/s eta_seconds=251.0 gpu_alloc=484.0MiB gpu_reserved=4334.0MiB skipped_batches=0
2026-08-13 23:38:28,164 | INFO | epoch=13 batch=350 global_step=4328 loss_reg_months=4.5803 lr=0.00014765 grad_norm=1.1517 throughput=34.81 img/s eta_seconds=241.6 gpu_alloc=484.0MiB gpu_reserved=4334.0MiB skipped_batches=0
2026-08-13 23:38:36,270 | INFO | epoch=13 batch=375 global_step=4337 loss_reg_months=4.5948 lr=0.00014765 grad_norm=1.0226 throughput=34.95 img/s eta_seconds=232.1 gpu_alloc=374.7MiB gpu_reserved=4334.0MiB skipped_batches=0
2026-08-13 23:38:44,257 | INFO | epoch=13 batch=400 global_step=4345 loss_reg_months=4.6236 lr=0.00014765 grad_norm=1.2300 throughput=35.10 img/s eta_seconds=222.5 gpu_alloc=484.0MiB gpu_reserved=4334.0MiB skipped_batches=0
2026-08-13 23:38:52,577 | INFO | epoch=13 batch=425 global_step=4353 loss_reg_months=4.6226 lr=0.00014765 grad_norm=1.1178 throughput=35.16 img/s eta_seconds=213.6 gpu_alloc=484.0MiB gpu_reserved=4334.0MiB skipped_batches=0
2026-08-13 23:39:00,870 | INFO | epoch=13 batch=450 global_step=4362 loss_reg_months=4.6581 lr=0.00014765 grad_norm=1.9289 throughput=35.21 img/s eta_seconds=204.8 gpu_alloc=374.7MiB gpu_reserved=4334.0MiB skipped_batches=0
2026-08-13 23:39:09,010 | INFO | epoch=13 batch=475 global_step=4370 loss_reg_months=4.6855 lr=0.00014765 grad_norm=1.7748 throughput=35.30 img/s eta_seconds=195.8 gpu_alloc=484.0MiB gpu_reserved=4334.0MiB skipped_batches=0
2026-08-13 23:39:17,103 | INFO | epoch=13 batch=500 global_step=4378 loss_reg_months=4.6883 lr=0.00014765 grad_norm=1.8723 throughput=35.38 img/s eta_seconds=186.8 gpu_alloc=484.0MiB gpu_reserved=4334.0MiB skipped_batches=0
2026-08-13 23:39:25,428 | INFO | epoch=13 batch=525 global_step=4387 loss_reg_months=4.7223 lr=0.00014765 grad_norm=1.2768 throughput=35.41 img/s eta_seconds=178.2 gpu_alloc=374.7MiB gpu_reserved=4334.0MiB skipped_batches=0
2026-08-13 23:39:33,386 | INFO | epoch=13 batch=550 global_step=4395 loss_reg_months=4.7500 lr=0.00014765 grad_norm=1.2010 throughput=35.51 img/s eta_seconds=169.3 gpu_alloc=484.0MiB gpu_reserved=4334.0MiB skipped_batches=0
2026-08-13 23:39:41,514 | INFO | epoch=13 batch=575 global_step=4403 loss_reg_months=4.7632 lr=0.00014765 grad_norm=1.3779 throughput=35.57 img/s eta_seconds=160.6 gpu_alloc=484.0MiB gpu_reserved=4334.0MiB skipped_batches=0
2026-08-13 23:39:49,935 | INFO | epoch=13 batch=600 global_step=4412 loss_reg_months=4.7738 lr=0.00014765 grad_norm=1.5314 throughput=35.57 img/s eta_seconds=152.1 gpu_alloc=374.7MiB gpu_reserved=4334.0MiB skipped_batches=0
2026-08-13 23:39:58,007 | INFO | epoch=13 batch=625 global_step=4420 loss_reg_months=4.7857 lr=0.00014765 grad_norm=1.1255 throughput=35.63 img/s eta_seconds=143.4 gpu_alloc=484.0MiB gpu_reserved=4334.0MiB skipped_batches=0
2026-08-13 23:40:06,100 | INFO | epoch=13 batch=650 global_step=4428 loss_reg_months=4.7900 lr=0.00014765 grad_norm=0.9670 throughput=35.69 img/s eta_seconds=134.8 gpu_alloc=484.0MiB gpu_reserved=4334.0MiB skipped_batches=0
2026-08-13 23:40:14,413 | INFO | epoch=13 batch=675 global_step=4437 loss_reg_months=4.7790 lr=0.00014765 grad_norm=1.2146 throughput=35.70 img/s eta_seconds=126.4 gpu_alloc=374.7MiB gpu_reserved=4334.0MiB skipped_batches=0
2026-08-13 23:40:22,494 | INFO | epoch=13 batch=700 global_step=4445 loss_reg_months=4.7899 lr=0.00014765 grad_norm=1.1600 throughput=35.75 img/s eta_seconds=117.8 gpu_alloc=484.0MiB gpu_reserved=4334.0MiB skipped_batches=0
2026-08-13 23:40:30,478 | INFO | epoch=13 batch=725 global_step=4453 loss_reg_months=4.7925 lr=0.00014765 grad_norm=1.7419 throughput=35.81 img/s eta_seconds=109.2 gpu_alloc=484.0MiB gpu_reserved=4334.0MiB skipped_batches=0
2026-08-13 23:40:38,593 | INFO | epoch=13 batch=750 global_step=4462 loss_reg_months=4.7982 lr=0.00014765 grad_norm=1.3401 throughput=35.85 img/s eta_seconds=100.7 gpu_alloc=374.7MiB gpu_reserved=4334.0MiB skipped_batches=0
2026-08-13 23:40:46,728 | INFO | epoch=13 batch=775 global_step=4470 loss_reg_months=4.8079 lr=0.00014765 grad_norm=1.3157 throughput=35.88 img/s eta_seconds=92.3 gpu_alloc=484.0MiB gpu_reserved=4334.0MiB skipped_batches=0
2026-08-13 23:40:55,105 | INFO | epoch=13 batch=800 global_step=4478 loss_reg_months=4.8274 lr=0.00014765 grad_norm=1.2166 throughput=35.88 img/s eta_seconds=83.9 gpu_alloc=484.0MiB gpu_reserved=4334.0MiB skipped_batches=0
2026-08-13 23:41:03,129 | INFO | epoch=13 batch=825 global_step=4487 loss_reg_months=4.8280 lr=0.00014765 grad_norm=1.5172 throughput=35.92 img/s eta_seconds=75.5 gpu_alloc=374.7MiB gpu_reserved=4334.0MiB skipped_batches=0
2026-08-13 23:41:11,230 | INFO | epoch=13 batch=850 global_step=4495 loss_reg_months=4.8159 lr=0.00014765 grad_norm=1.1454 throughput=35.95 img/s eta_seconds=67.1 gpu_alloc=484.0MiB gpu_reserved=4334.0MiB skipped_batches=0
2026-08-13 23:41:20,411 | INFO | epoch=13 batch=875 global_step=4503 loss_reg_months=4.8208 lr=0.00014765 grad_norm=1.1853 throughput=35.85 img/s eta_seconds=58.9 gpu_alloc=484.0MiB gpu_reserved=4334.0MiB skipped_batches=0
2026-08-13 23:41:28,606 | INFO | epoch=13 batch=900 global_step=4512 loss_reg_months=4.8159 lr=0.00014765 grad_norm=1.0755 throughput=35.87 img/s eta_seconds=50.5 gpu_alloc=374.7MiB gpu_reserved=4334.0MiB skipped_batches=0
2026-08-13 23:41:36,772 | INFO | epoch=13 batch=925 global_step=4520 loss_reg_months=4.8115 lr=0.00014765 grad_norm=0.8171 throughput=35.89 img/s eta_seconds=42.1 gpu_alloc=484.0MiB gpu_reserved=4334.0MiB skipped_batches=0
2026-08-13 23:41:44,936 | INFO | epoch=13 batch=950 global_step=4528 loss_reg_months=4.8109 lr=0.00014765 grad_norm=1.6974 throughput=35.92 img/s eta_seconds=33.7 gpu_alloc=484.0MiB gpu_reserved=4334.0MiB skipped_batches=0
2026-08-13 23:41:53,261 | INFO | epoch=13 batch=975 global_step=4537 loss_reg_months=4.8118 lr=0.00014765 grad_norm=2.8244 throughput=35.92 img/s eta_seconds=25.4 gpu_alloc=374.7MiB gpu_reserved=4334.0MiB skipped_batches=0
2026-08-13 23:42:01,319 | INFO | epoch=13 batch=1000 global_step=4545 loss_reg_months=4.7990 lr=0.00014765 grad_norm=1.3115 throughput=35.95 img/s eta_seconds=17.0 gpu_alloc=484.0MiB gpu_reserved=4334.0MiB skipped_batches=0
2026-08-13 23:42:09,594 | INFO | epoch=13 batch=1025 global_step=4553 loss_reg_months=4.7925 lr=0.00014765 grad_norm=1.5552 throughput=35.96 img/s eta_seconds=8.6 gpu_alloc=484.0MiB gpu_reserved=4334.0MiB skipped_batches=0
2026-08-13 23:42:17,649 | INFO | epoch=13 batch=1050 global_step=4562 loss_reg_months=4.7922 lr=0.00014765 grad_norm=1.1007 throughput=35.99 img/s eta_seconds=0.3 gpu_alloc=374.7MiB gpu_reserved=4334.0MiB skipped_batches=0
2026-08-13 23:42:45,203 | INFO | 
TRAINING REVIEW SNAPSHOT
Run ID / config hash / split hash: P2_A2_LIGHT_FLIP_CONVNEXT_TINY_SEED42 / f1e9df38145b / 7328667e6822+f650a20432b5
Epoch / global step: 13 / 4563
Train loss: 4.7940
Validation MAE / RMSE / median AE: 6.6978 / 9.1256 / 5.0000
MAE nam / nữ / age bins: {'F': 7.4623634010736195, 'M': 6.052878395860285} / {'0-59': 6.487616356382978, '120-179': 6.518541409147095, '60-119': 7.725888324873097, '180-228': 4.8203125}
Learning rate / peak VRAM: 0.00014765 / 4334.0 MiB
Best epoch / best MAE / epochs không cải thiện: 12 / 6.1848 / 1
Cảnh báo hiện tại: KHÔNG
Checkpoint gần nhất: p1_baseline\runs\P2_A2_LIGHT_FLIP_CONVNEXT_TINY_SEED42\last.ckpt
Checkpoint tốt nhất: p1_baseline\runs\P2_A2_LIGHT_FLIP_CONVNEXT_TINY_SEED42\best_mae.ckpt
Đề xuất tự động: TIẾP TỤC
2026-08-13 23:43:03,256 | INFO | epoch=14 batch=25 global_step=4571 loss_reg_months=5.1307 lr=0.00013961 grad_norm=1.2076 throughput=20.60 img/s eta_seconds=597.7 gpu_alloc=484.0MiB gpu_reserved=4334.0MiB skipped_batches=0
2026-08-13 23:43:11,543 | INFO | epoch=14 batch=50 global_step=4579 loss_reg_months=4.7052 lr=0.00013961 grad_norm=0.9888 throughput=26.26 img/s eta_seconds=457.5 gpu_alloc=484.0MiB gpu_reserved=4334.0MiB skipped_batches=0
2026-08-13 23:43:19,731 | INFO | epoch=14 batch=75 global_step=4588 loss_reg_months=4.7697 lr=0.00013961 grad_norm=1.7189 throughput=28.99 img/s eta_seconds=403.9 gpu_alloc=374.7MiB gpu_reserved=4334.0MiB skipped_batches=0
2026-08-13 23:43:27,778 | INFO | epoch=14 batch=100 global_step=4596 loss_reg_months=4.7751 lr=0.00013961 grad_norm=1.1016 throughput=30.70 img/s eta_seconds=371.7 gpu_alloc=484.0MiB gpu_reserved=4334.0MiB skipped_batches=0
2026-08-13 23:43:35,816 | INFO | epoch=14 batch=125 global_step=4604 loss_reg_months=4.8229 lr=0.00013961 grad_norm=1.2301 throughput=31.83 img/s eta_seconds=349.1 gpu_alloc=484.0MiB gpu_reserved=4334.0MiB skipped_batches=0
2026-08-13 23:43:43,865 | INFO | epoch=14 batch=150 global_step=4613 loss_reg_months=4.7936 lr=0.00013961 grad_norm=1.1977 throughput=32.62 img/s eta_seconds=331.4 gpu_alloc=374.7MiB gpu_reserved=4334.0MiB skipped_batches=0
2026-08-13 23:43:52,189 | INFO | epoch=14 batch=175 global_step=4621 loss_reg_months=4.7628 lr=0.00013961 grad_norm=1.3400 throughput=33.07 img/s eta_seconds=317.8 gpu_alloc=484.0MiB gpu_reserved=4334.0MiB skipped_batches=0
2026-08-13 23:44:00,186 | INFO | epoch=14 batch=200 global_step=4629 loss_reg_months=4.7181 lr=0.00013961 grad_norm=1.3439 throughput=33.57 img/s eta_seconds=304.2 gpu_alloc=484.0MiB gpu_reserved=4334.0MiB skipped_batches=0
2026-08-13 23:44:08,197 | INFO | epoch=14 batch=225 global_step=4638 loss_reg_months=4.7189 lr=0.00013961 grad_norm=0.9469 throughput=33.96 img/s eta_seconds=291.8 gpu_alloc=374.7MiB gpu_reserved=4334.0MiB skipped_batches=0
2026-08-13 23:44:16,435 | INFO | epoch=14 batch=250 global_step=4646 loss_reg_months=4.7108 lr=0.00013961 grad_norm=1.2470 throughput=34.19 img/s eta_seconds=281.1 gpu_alloc=484.0MiB gpu_reserved=4334.0MiB skipped_batches=0
2026-08-13 23:44:24,486 | INFO | epoch=14 batch=275 global_step=4654 loss_reg_months=4.6839 lr=0.00013961 grad_norm=1.5880 throughput=34.45 img/s eta_seconds=270.3 gpu_alloc=484.0MiB gpu_reserved=4334.0MiB skipped_batches=0
2026-08-13 23:44:32,675 | INFO | epoch=14 batch=300 global_step=4663 loss_reg_months=4.6797 lr=0.00013961 grad_norm=1.3787 throughput=34.62 img/s eta_seconds=260.3 gpu_alloc=374.7MiB gpu_reserved=4334.0MiB skipped_batches=0
2026-08-13 23:44:40,899 | INFO | epoch=14 batch=325 global_step=4671 loss_reg_months=4.6522 lr=0.00013961 grad_norm=1.4202 throughput=34.76 img/s eta_seconds=250.6 gpu_alloc=484.0MiB gpu_reserved=4334.0MiB skipped_batches=0
2026-08-13 23:44:48,936 | INFO | epoch=14 batch=350 global_step=4679 loss_reg_months=4.6249 lr=0.00013961 grad_norm=1.1980 throughput=34.93 img/s eta_seconds=240.8 gpu_alloc=484.0MiB gpu_reserved=4334.0MiB skipped_batches=0
2026-08-13 23:44:56,936 | INFO | epoch=14 batch=375 global_step=4688 loss_reg_months=4.6412 lr=0.00013961 grad_norm=1.5289 throughput=35.09 img/s eta_seconds=231.2 gpu_alloc=374.7MiB gpu_reserved=4334.0MiB skipped_batches=0
2026-08-13 23:45:05,049 | INFO | epoch=14 batch=400 global_step=4696 loss_reg_months=4.6395 lr=0.00013961 grad_norm=1.1651 throughput=35.20 img/s eta_seconds=221.9 gpu_alloc=484.0MiB gpu_reserved=4334.0MiB skipped_batches=0
2026-08-13 23:45:13,109 | INFO | epoch=14 batch=425 global_step=4704 loss_reg_months=4.6543 lr=0.00013961 grad_norm=1.2014 throughput=35.31 img/s eta_seconds=212.7 gpu_alloc=484.0MiB gpu_reserved=4334.0MiB skipped_batches=0
2026-08-13 23:45:21,201 | INFO | epoch=14 batch=450 global_step=4713 loss_reg_months=4.6409 lr=0.00013961 grad_norm=1.6028 throughput=35.41 img/s eta_seconds=203.7 gpu_alloc=374.7MiB gpu_reserved=4334.0MiB skipped_batches=0
2026-08-13 23:45:29,198 | INFO | epoch=14 batch=475 global_step=4721 loss_reg_months=4.6265 lr=0.00013961 grad_norm=1.0475 throughput=35.51 img/s eta_seconds=194.6 gpu_alloc=484.0MiB gpu_reserved=4334.0MiB skipped_batches=0
2026-08-13 23:45:37,258 | INFO | epoch=14 batch=500 global_step=4729 loss_reg_months=4.6380 lr=0.00013961 grad_norm=1.1609 throughput=35.59 img/s eta_seconds=185.7 gpu_alloc=484.0MiB gpu_reserved=4334.0MiB skipped_batches=0
2026-08-13 23:45:45,241 | INFO | epoch=14 batch=525 global_step=4738 loss_reg_months=4.6417 lr=0.00013961 grad_norm=1.0880 throughput=35.68 img/s eta_seconds=176.9 gpu_alloc=374.7MiB gpu_reserved=4334.0MiB skipped_batches=0
2026-08-13 23:45:53,646 | INFO | epoch=14 batch=550 global_step=4746 loss_reg_months=4.6455 lr=0.00013961 grad_norm=2.3661 throughput=35.68 img/s eta_seconds=168.4 gpu_alloc=484.0MiB gpu_reserved=4334.0MiB skipped_batches=0
2026-08-13 23:46:01,714 | INFO | epoch=14 batch=575 global_step=4754 loss_reg_months=4.6485 lr=0.00013961 grad_norm=1.5050 throughput=35.75 img/s eta_seconds=159.8 gpu_alloc=484.0MiB gpu_reserved=4334.0MiB skipped_batches=0
2026-08-13 23:46:09,686 | INFO | epoch=14 batch=600 global_step=4763 loss_reg_months=4.6332 lr=0.00013961 grad_norm=1.3737 throughput=35.82 img/s eta_seconds=151.1 gpu_alloc=374.7MiB gpu_reserved=4334.0MiB skipped_batches=0
2026-08-13 23:46:17,718 | INFO | epoch=14 batch=625 global_step=4771 loss_reg_months=4.6244 lr=0.00013961 grad_norm=1.4674 throughput=35.88 img/s eta_seconds=142.4 gpu_alloc=484.0MiB gpu_reserved=4334.0MiB skipped_batches=0
2026-08-13 23:46:26,018 | INFO | epoch=14 batch=650 global_step=4779 loss_reg_months=4.6189 lr=0.00013961 grad_norm=1.2869 throughput=35.89 img/s eta_seconds=134.0 gpu_alloc=484.0MiB gpu_reserved=4334.0MiB skipped_batches=0
2026-08-13 23:46:34,413 | INFO | epoch=14 batch=675 global_step=4788 loss_reg_months=4.6151 lr=0.00013961 grad_norm=1.1884 throughput=35.88 img/s eta_seconds=125.7 gpu_alloc=374.7MiB gpu_reserved=4334.0MiB skipped_batches=0
2026-08-13 23:46:42,693 | INFO | epoch=14 batch=700 global_step=4796 loss_reg_months=4.6199 lr=0.00013961 grad_norm=1.8903 throughput=35.90 img/s eta_seconds=117.3 gpu_alloc=484.0MiB gpu_reserved=4334.0MiB skipped_batches=0
2026-08-13 23:46:50,811 | INFO | epoch=14 batch=725 global_step=4804 loss_reg_months=4.6394 lr=0.00013961 grad_norm=1.4641 throughput=35.93 img/s eta_seconds=108.8 gpu_alloc=484.0MiB gpu_reserved=4334.0MiB skipped_batches=0
2026-08-13 23:46:58,874 | INFO | epoch=14 batch=750 global_step=4813 loss_reg_months=4.6383 lr=0.00013961 grad_norm=1.2810 throughput=35.97 img/s eta_seconds=100.4 gpu_alloc=374.7MiB gpu_reserved=4334.0MiB skipped_batches=0
2026-08-13 23:47:07,039 | INFO | epoch=14 batch=775 global_step=4821 loss_reg_months=4.6264 lr=0.00013961 grad_norm=1.2072 throughput=36.00 img/s eta_seconds=92.0 gpu_alloc=484.0MiB gpu_reserved=4334.0MiB skipped_batches=0
2026-08-13 23:47:15,204 | INFO | epoch=14 batch=800 global_step=4829 loss_reg_months=4.6356 lr=0.00013961 grad_norm=1.0563 throughput=36.02 img/s eta_seconds=83.6 gpu_alloc=484.0MiB gpu_reserved=4334.0MiB skipped_batches=0
2026-08-13 23:47:23,278 | INFO | epoch=14 batch=825 global_step=4838 loss_reg_months=4.6297 lr=0.00013961 grad_norm=1.4004 throughput=36.05 img/s eta_seconds=75.2 gpu_alloc=374.7MiB gpu_reserved=4334.0MiB skipped_batches=0
2026-08-13 23:47:31,559 | INFO | epoch=14 batch=850 global_step=4846 loss_reg_months=4.6271 lr=0.00013961 grad_norm=1.2880 throughput=36.06 img/s eta_seconds=66.9 gpu_alloc=484.0MiB gpu_reserved=4334.0MiB skipped_batches=0
2026-08-13 23:47:39,538 | INFO | epoch=14 batch=875 global_step=4854 loss_reg_months=4.6298 lr=0.00013961 grad_norm=1.2326 throughput=36.10 img/s eta_seconds=58.5 gpu_alloc=484.0MiB gpu_reserved=4334.0MiB skipped_batches=0
2026-08-13 23:47:47,711 | INFO | epoch=14 batch=900 global_step=4863 loss_reg_months=4.6109 lr=0.00013961 grad_norm=1.2880 throughput=36.12 img/s eta_seconds=50.1 gpu_alloc=374.7MiB gpu_reserved=4334.0MiB skipped_batches=0
2026-08-13 23:47:55,834 | INFO | epoch=14 batch=925 global_step=4871 loss_reg_months=4.5985 lr=0.00013961 grad_norm=1.7886 throughput=36.14 img/s eta_seconds=41.8 gpu_alloc=484.0MiB gpu_reserved=4334.0MiB skipped_batches=0
2026-08-13 23:48:03,760 | INFO | epoch=14 batch=950 global_step=4879 loss_reg_months=4.5981 lr=0.00013961 grad_norm=2.0951 throughput=36.18 img/s eta_seconds=33.5 gpu_alloc=484.0MiB gpu_reserved=4334.0MiB skipped_batches=0
2026-08-13 23:48:11,914 | INFO | epoch=14 batch=975 global_step=4888 loss_reg_months=4.6023 lr=0.00013961 grad_norm=2.0638 throughput=36.20 img/s eta_seconds=25.2 gpu_alloc=374.7MiB gpu_reserved=4334.0MiB skipped_batches=0
2026-08-13 23:48:20,183 | INFO | epoch=14 batch=1000 global_step=4896 loss_reg_months=4.6087 lr=0.00013961 grad_norm=2.2815 throughput=36.20 img/s eta_seconds=16.9 gpu_alloc=484.0MiB gpu_reserved=4334.0MiB skipped_batches=0
2026-08-13 23:48:28,124 | INFO | epoch=14 batch=1025 global_step=4904 loss_reg_months=4.6167 lr=0.00013961 grad_norm=1.9866 throughput=36.24 img/s eta_seconds=8.6 gpu_alloc=484.0MiB gpu_reserved=4334.0MiB skipped_batches=0
2026-08-13 23:48:36,230 | INFO | epoch=14 batch=1050 global_step=4913 loss_reg_months=4.6210 lr=0.00013961 grad_norm=1.1297 throughput=36.25 img/s eta_seconds=0.3 gpu_alloc=374.7MiB gpu_reserved=4334.0MiB skipped_batches=0
2026-08-13 23:49:03,340 | INFO | 
TRAINING REVIEW SNAPSHOT
Run ID / config hash / split hash: P2_A2_LIGHT_FLIP_CONVNEXT_TINY_SEED42 / f1e9df38145b / 7328667e6822+f650a20432b5
Epoch / global step: 14 / 4914
Train loss: 4.6194
Validation MAE / RMSE / median AE: 6.2127 / 8.5274 / 4.3750
MAE nam / nữ / age bins: {'F': 6.574290644171779, 'M': 5.907745795601552} / {'0-59': 6.272606382978723, '120-179': 5.8918417799752785, '60-119': 7.33248730964467, '180-228': 4.75}
Learning rate / peak VRAM: 0.00013961 / 4334.0 MiB
Best epoch / best MAE / epochs không cải thiện: 12 / 6.1848 / 2
Cảnh báo hiện tại: KHÔNG
Checkpoint gần nhất: p1_baseline\runs\P2_A2_LIGHT_FLIP_CONVNEXT_TINY_SEED42\last.ckpt
Checkpoint tốt nhất: p1_baseline\runs\P2_A2_LIGHT_FLIP_CONVNEXT_TINY_SEED42\best_mae.ckpt
Đề xuất tự động: TIẾP TỤC
2026-08-13 23:49:21,020 | INFO | epoch=15 batch=25 global_step=4922 loss_reg_months=5.2337 lr=0.00013125 grad_norm=1.8140 throughput=19.98 img/s eta_seconds=616.1 gpu_alloc=484.0MiB gpu_reserved=4334.0MiB skipped_batches=0
2026-08-13 23:49:28,970 | INFO | epoch=15 batch=50 global_step=4930 loss_reg_months=4.7940 lr=0.00013125 grad_norm=1.1460 throughput=26.13 img/s eta_seconds=459.7 gpu_alloc=484.0MiB gpu_reserved=4334.0MiB skipped_batches=0
2026-08-13 23:49:37,190 | INFO | epoch=15 batch=75 global_step=4939 loss_reg_months=4.7457 lr=0.00013125 grad_norm=1.0557 throughput=28.86 img/s eta_seconds=405.7 gpu_alloc=374.7MiB gpu_reserved=4334.0MiB skipped_batches=0
2026-08-13 23:49:45,542 | INFO | epoch=15 batch=100 global_step=4947 loss_reg_months=4.6972 lr=0.00013125 grad_norm=1.6822 throughput=30.35 img/s eta_seconds=375.9 gpu_alloc=484.0MiB gpu_reserved=4334.0MiB skipped_batches=0
2026-08-13 23:49:53,754 | INFO | epoch=15 batch=125 global_step=4955 loss_reg_months=4.6344 lr=0.00013125 grad_norm=1.1964 throughput=31.42 img/s eta_seconds=353.7 gpu_alloc=484.0MiB gpu_reserved=4334.0MiB skipped_batches=0
2026-08-13 23:50:01,770 | INFO | epoch=15 batch=150 global_step=4964 loss_reg_months=4.5912 lr=0.00013125 grad_norm=1.1108 throughput=32.28 img/s eta_seconds=334.9 gpu_alloc=374.7MiB gpu_reserved=4334.0MiB skipped_batches=0
2026-08-13 23:50:09,994 | INFO | epoch=15 batch=175 global_step=4972 loss_reg_months=4.6191 lr=0.00013125 grad_norm=1.4580 throughput=32.82 img/s eta_seconds=320.3 gpu_alloc=484.0MiB gpu_reserved=4334.0MiB skipped_batches=0
2026-08-13 23:50:18,011 | INFO | epoch=15 batch=200 global_step=4980 loss_reg_months=4.5860 lr=0.00013125 grad_norm=1.1963 throughput=33.33 img/s eta_seconds=306.3 gpu_alloc=484.0MiB gpu_reserved=4334.0MiB skipped_batches=0
2026-08-13 23:50:26,057 | INFO | epoch=15 batch=225 global_step=4989 loss_reg_months=4.5846 lr=0.00013125 grad_norm=1.6774 throughput=33.73 img/s eta_seconds=293.8 gpu_alloc=374.7MiB gpu_reserved=4334.0MiB skipped_batches=0
2026-08-13 23:50:34,142 | INFO | epoch=15 batch=250 global_step=4997 loss_reg_months=4.6010 lr=0.00013125 grad_norm=1.1307 throughput=34.04 img/s eta_seconds=282.4 gpu_alloc=484.0MiB gpu_reserved=4334.0MiB skipped_batches=0
2026-08-13 23:50:43,236 | INFO | epoch=15 batch=275 global_step=5005 loss_reg_months=4.6482 lr=0.00013125 grad_norm=1.8645 throughput=33.94 img/s eta_seconds=274.3 gpu_alloc=484.0MiB gpu_reserved=4334.0MiB skipped_batches=0
2026-08-13 23:50:51,301 | INFO | epoch=15 batch=300 global_step=5014 loss_reg_months=4.5837 lr=0.00013125 grad_norm=1.0798 throughput=34.19 img/s eta_seconds=263.6 gpu_alloc=374.7MiB gpu_reserved=4334.0MiB skipped_batches=0
2026-08-13 23:50:59,499 | INFO | epoch=15 batch=325 global_step=5022 loss_reg_months=4.6010 lr=0.00013125 grad_norm=1.7238 throughput=34.36 img/s eta_seconds=253.5 gpu_alloc=484.0MiB gpu_reserved=4334.0MiB skipped_batches=0
2026-08-13 23:51:07,494 | INFO | epoch=15 batch=350 global_step=5030 loss_reg_months=4.6250 lr=0.00013125 grad_norm=1.4665 throughput=34.57 img/s eta_seconds=243.3 gpu_alloc=484.0MiB gpu_reserved=4334.0MiB skipped_batches=0
2026-08-13 23:51:15,878 | INFO | epoch=15 batch=375 global_step=5039 loss_reg_months=4.6152 lr=0.00013125 grad_norm=2.0528 throughput=34.65 img/s eta_seconds=234.1 gpu_alloc=374.7MiB gpu_reserved=4334.0MiB skipped_batches=0
2026-08-13 23:51:23,868 | INFO | epoch=15 batch=400 global_step=5047 loss_reg_months=4.6213 lr=0.00013125 grad_norm=1.0428 throughput=34.82 img/s eta_seconds=224.3 gpu_alloc=484.0MiB gpu_reserved=4334.0MiB skipped_batches=0
2026-08-13 23:51:32,158 | INFO | epoch=15 batch=425 global_step=5055 loss_reg_months=4.5797 lr=0.00013125 grad_norm=1.1019 throughput=34.90 img/s eta_seconds=215.2 gpu_alloc=484.0MiB gpu_reserved=4334.0MiB skipped_batches=0
2026-08-13 23:51:40,216 | INFO | epoch=15 batch=450 global_step=5064 loss_reg_months=4.5331 lr=0.00013125 grad_norm=1.1915 throughput=35.02 img/s eta_seconds=205.9 gpu_alloc=374.7MiB gpu_reserved=4334.0MiB skipped_batches=0
2026-08-13 23:51:48,730 | INFO | epoch=15 batch=475 global_step=5072 loss_reg_months=4.5151 lr=0.00013125 grad_norm=1.0833 throughput=35.03 img/s eta_seconds=197.3 gpu_alloc=484.0MiB gpu_reserved=4334.0MiB skipped_batches=0
2026-08-13 23:51:56,612 | INFO | epoch=15 batch=500 global_step=5080 loss_reg_months=4.5075 lr=0.00013125 grad_norm=1.0963 throughput=35.17 img/s eta_seconds=188.0 gpu_alloc=484.0MiB gpu_reserved=4334.0MiB skipped_batches=0
2026-08-13 23:52:04,556 | INFO | epoch=15 batch=525 global_step=5089 loss_reg_months=4.5356 lr=0.00013125 grad_norm=1.5188 throughput=35.28 img/s eta_seconds=178.9 gpu_alloc=374.7MiB gpu_reserved=4334.0MiB skipped_batches=0
2026-08-13 23:52:12,485 | INFO | epoch=15 batch=550 global_step=5097 loss_reg_months=4.5288 lr=0.00013125 grad_norm=2.0901 throughput=35.39 img/s eta_seconds=169.8 gpu_alloc=484.0MiB gpu_reserved=4334.0MiB skipped_batches=0
2026-08-13 23:52:20,265 | INFO | epoch=15 batch=575 global_step=5105 loss_reg_months=4.5268 lr=0.00013125 grad_norm=1.6725 throughput=35.52 img/s eta_seconds=160.8 gpu_alloc=484.0MiB gpu_reserved=4334.0MiB skipped_batches=0
2026-08-13 23:52:28,370 | INFO | epoch=15 batch=600 global_step=5114 loss_reg_months=4.5480 lr=0.00013125 grad_norm=1.1939 throughput=35.58 img/s eta_seconds=152.1 gpu_alloc=374.7MiB gpu_reserved=4334.0MiB skipped_batches=0
2026-08-13 23:52:36,239 | INFO | epoch=15 batch=625 global_step=5122 loss_reg_months=4.5420 lr=0.00013125 grad_norm=1.5125 throughput=35.67 img/s eta_seconds=143.3 gpu_alloc=484.0MiB gpu_reserved=4334.0MiB skipped_batches=0
2026-08-13 23:52:44,061 | INFO | epoch=15 batch=650 global_step=5130 loss_reg_months=4.5390 lr=0.00013125 grad_norm=1.6623 throughput=35.77 img/s eta_seconds=134.5 gpu_alloc=484.0MiB gpu_reserved=4334.0MiB skipped_batches=0
2026-08-13 23:52:52,133 | INFO | epoch=15 batch=675 global_step=5139 loss_reg_months=4.5541 lr=0.00013125 grad_norm=3.2888 throughput=35.82 img/s eta_seconds=125.9 gpu_alloc=374.7MiB gpu_reserved=4334.0MiB skipped_batches=0
2026-08-13 23:52:59,830 | INFO | epoch=15 batch=700 global_step=5147 loss_reg_months=4.5555 lr=0.00013125 grad_norm=1.0853 throughput=35.92 img/s eta_seconds=117.2 gpu_alloc=484.0MiB gpu_reserved=4334.0MiB skipped_batches=0
2026-08-13 23:53:07,649 | INFO | epoch=15 batch=725 global_step=5155 loss_reg_months=4.5563 lr=0.00013125 grad_norm=1.3733 throughput=36.00 img/s eta_seconds=108.6 gpu_alloc=484.0MiB gpu_reserved=4334.0MiB skipped_batches=0
2026-08-13 23:53:15,378 | INFO | epoch=15 batch=750 global_step=5164 loss_reg_months=4.5571 lr=0.00013125 grad_norm=1.6665 throughput=36.09 img/s eta_seconds=100.1 gpu_alloc=374.7MiB gpu_reserved=4334.0MiB skipped_batches=0
2026-08-13 23:53:23,111 | INFO | epoch=15 batch=775 global_step=5172 loss_reg_months=4.5580 lr=0.00013125 grad_norm=1.6024 throughput=36.17 img/s eta_seconds=91.5 gpu_alloc=484.0MiB gpu_reserved=4334.0MiB skipped_batches=0
2026-08-13 23:53:31,051 | INFO | epoch=15 batch=800 global_step=5180 loss_reg_months=4.5694 lr=0.00013125 grad_norm=2.1916 throughput=36.22 img/s eta_seconds=83.1 gpu_alloc=484.0MiB gpu_reserved=4334.0MiB skipped_batches=0
2026-08-13 23:53:38,773 | INFO | epoch=15 batch=825 global_step=5189 loss_reg_months=4.5934 lr=0.00013125 grad_norm=1.1274 throughput=36.30 img/s eta_seconds=74.7 gpu_alloc=374.7MiB gpu_reserved=4334.0MiB skipped_batches=0
2026-08-13 23:53:46,694 | INFO | epoch=15 batch=850 global_step=5197 loss_reg_months=4.5971 lr=0.00013125 grad_norm=1.9824 throughput=36.34 img/s eta_seconds=66.3 gpu_alloc=484.0MiB gpu_reserved=4334.0MiB skipped_batches=0
2026-08-13 23:53:54,424 | INFO | epoch=15 batch=875 global_step=5205 loss_reg_months=4.5960 lr=0.00013125 grad_norm=1.2374 throughput=36.41 img/s eta_seconds=58.0 gpu_alloc=484.0MiB gpu_reserved=4334.0MiB skipped_batches=0
2026-08-13 23:54:02,220 | INFO | epoch=15 batch=900 global_step=5214 loss_reg_months=4.5980 lr=0.00013125 grad_norm=1.9620 throughput=36.46 img/s eta_seconds=49.7 gpu_alloc=374.7MiB gpu_reserved=4334.0MiB skipped_batches=0
2026-08-13 23:54:09,896 | INFO | epoch=15 batch=925 global_step=5222 loss_reg_months=4.6059 lr=0.00013125 grad_norm=0.9210 throughput=36.53 img/s eta_seconds=41.4 gpu_alloc=484.0MiB gpu_reserved=4334.0MiB skipped_batches=0
2026-08-13 23:54:17,790 | INFO | epoch=15 batch=950 global_step=5230 loss_reg_months=4.5936 lr=0.00013125 grad_norm=1.1284 throughput=36.56 img/s eta_seconds=33.1 gpu_alloc=484.0MiB gpu_reserved=4334.0MiB skipped_batches=0
2026-08-13 23:54:25,580 | INFO | epoch=15 batch=975 global_step=5239 loss_reg_months=4.5925 lr=0.00013125 grad_norm=1.4819 throughput=36.61 img/s eta_seconds=24.9 gpu_alloc=374.7MiB gpu_reserved=4334.0MiB skipped_batches=0
2026-08-13 23:54:33,265 | INFO | epoch=15 batch=1000 global_step=5247 loss_reg_months=4.5858 lr=0.00013125 grad_norm=1.5249 throughput=36.67 img/s eta_seconds=16.7 gpu_alloc=484.0MiB gpu_reserved=4334.0MiB skipped_batches=0
2026-08-13 23:54:41,316 | INFO | epoch=15 batch=1025 global_step=5255 loss_reg_months=4.5932 lr=0.00013125 grad_norm=1.4837 throughput=36.68 img/s eta_seconds=8.5 gpu_alloc=484.0MiB gpu_reserved=4334.0MiB skipped_batches=0
2026-08-13 23:54:48,962 | INFO | epoch=15 batch=1050 global_step=5264 loss_reg_months=4.5872 lr=0.00013125 grad_norm=1.8249 throughput=36.74 img/s eta_seconds=0.3 gpu_alloc=374.7MiB gpu_reserved=4334.0MiB skipped_batches=0
2026-08-13 23:55:15,711 | WARNING | STABILITY WARNING [CAM] Validation MAE xấu đi trong khi train loss giảm
2026-08-13 23:55:15,712 | INFO | 
TRAINING REVIEW SNAPSHOT
Run ID / config hash / split hash: P2_A2_LIGHT_FLIP_CONVNEXT_TINY_SEED42 / f1e9df38145b / 7328667e6822+f650a20432b5
Epoch / global step: 15 / 5265
Train loss: 4.5882
Validation MAE / RMSE / median AE: 6.4402 / 8.6982 / 5.0000
MAE nam / nữ / age bins: {'F': 6.648197852760736, 'M': 6.264715394566624} / {'0-59': 9.787234042553191, '120-179': 6.064894932014833, '60-119': 6.9536802030456855, '180-228': 4.7734375}
Learning rate / peak VRAM: 0.00013125 / 4334.0 MiB
Best epoch / best MAE / epochs không cải thiện: 12 / 6.1848 / 3
Cảnh báo hiện tại: CAM: Validation MAE xấu đi trong khi train loss giảm
Checkpoint gần nhất: p1_baseline\runs\P2_A2_LIGHT_FLIP_CONVNEXT_TINY_SEED42\last.ckpt
Checkpoint tốt nhất: p1_baseline\runs\P2_A2_LIGHT_FLIP_CONVNEXT_TINY_SEED42\best_mae.ckpt
Đề xuất tự động: THEO DÕI
2026-08-13 23:55:31,715 | INFO | epoch=16 batch=25 global_step=5273 loss_reg_months=5.0252 lr=0.00012264 grad_norm=1.1810 throughput=21.25 img/s eta_seconds=579.3 gpu_alloc=484.0MiB gpu_reserved=4334.0MiB skipped_batches=0
2026-08-13 23:55:39,370 | INFO | epoch=16 batch=50 global_step=5281 loss_reg_months=4.6857 lr=0.00012264 grad_norm=1.7883 throughput=27.56 img/s eta_seconds=435.9 gpu_alloc=484.0MiB gpu_reserved=4334.0MiB skipped_batches=0
2026-08-13 23:55:47,176 | INFO | epoch=16 batch=75 global_step=5290 loss_reg_months=4.5701 lr=0.00012264 grad_norm=1.3916 throughput=30.43 img/s eta_seconds=384.9 gpu_alloc=374.7MiB gpu_reserved=4334.0MiB skipped_batches=0
2026-08-13 23:55:55,216 | INFO | epoch=16 batch=100 global_step=5298 loss_reg_months=4.4948 lr=0.00012264 grad_norm=1.7775 throughput=31.90 img/s eta_seconds=357.7 gpu_alloc=484.0MiB gpu_reserved=4334.0MiB skipped_batches=0
2026-08-13 23:56:03,055 | INFO | epoch=16 batch=125 global_step=5306 loss_reg_months=4.4545 lr=0.00012264 grad_norm=1.0943 throughput=33.00 img/s eta_seconds=336.7 gpu_alloc=484.0MiB gpu_reserved=4334.0MiB skipped_batches=0
2026-08-13 23:56:10,803 | INFO | epoch=16 batch=150 global_step=5315 loss_reg_months=4.3860 lr=0.00012264 grad_norm=1.3185 throughput=33.83 img/s eta_seconds=319.6 gpu_alloc=374.7MiB gpu_reserved=4334.0MiB skipped_batches=0
2026-08-13 23:56:18,617 | INFO | epoch=16 batch=175 global_step=5323 loss_reg_months=4.3807 lr=0.00012264 grad_norm=1.2966 throughput=34.42 img/s eta_seconds=305.4 gpu_alloc=484.0MiB gpu_reserved=4334.0MiB skipped_batches=0
2026-08-13 23:56:26,837 | INFO | epoch=16 batch=200 global_step=5331 loss_reg_months=4.4002 lr=0.00012264 grad_norm=1.3924 throughput=34.66 img/s eta_seconds=294.6 gpu_alloc=484.0MiB gpu_reserved=4334.0MiB skipped_batches=0
2026-08-13 23:56:34,926 | INFO | epoch=16 batch=225 global_step=5340 loss_reg_months=4.3738 lr=0.00012264 grad_norm=1.9304 throughput=34.92 img/s eta_seconds=283.9 gpu_alloc=374.7MiB gpu_reserved=4334.0MiB skipped_batches=0
2026-08-13 23:56:42,740 | INFO | epoch=16 batch=250 global_step=5348 loss_reg_months=4.4168 lr=0.00012264 grad_norm=1.1552 throughput=35.24 img/s eta_seconds=272.8 gpu_alloc=484.0MiB gpu_reserved=4334.0MiB skipped_batches=0
2026-08-13 23:56:50,674 | INFO | epoch=16 batch=275 global_step=5356 loss_reg_months=4.4367 lr=0.00012264 grad_norm=1.6967 throughput=35.45 img/s eta_seconds=262.6 gpu_alloc=484.0MiB gpu_reserved=4334.0MiB skipped_batches=0
2026-08-13 23:56:58,436 | INFO | epoch=16 batch=300 global_step=5365 loss_reg_months=4.4200 lr=0.00012264 grad_norm=1.2417 throughput=35.70 img/s eta_seconds=252.4 gpu_alloc=374.7MiB gpu_reserved=4334.0MiB skipped_batches=0
2026-08-13 23:57:06,300 | INFO | epoch=16 batch=325 global_step=5373 loss_reg_months=4.4217 lr=0.00012264 grad_norm=1.4302 throughput=35.88 img/s eta_seconds=242.8 gpu_alloc=484.0MiB gpu_reserved=4334.0MiB skipped_batches=0
2026-08-13 23:57:14,173 | INFO | epoch=16 batch=350 global_step=5381 loss_reg_months=4.4343 lr=0.00012264 grad_norm=1.1804 throughput=36.03 img/s eta_seconds=233.5 gpu_alloc=484.0MiB gpu_reserved=4334.0MiB skipped_batches=0
2026-08-13 23:57:21,951 | INFO | epoch=16 batch=375 global_step=5390 loss_reg_months=4.4227 lr=0.00012264 grad_norm=2.6095 throughput=36.19 img/s eta_seconds=224.1 gpu_alloc=374.7MiB gpu_reserved=4334.0MiB skipped_batches=0
2026-08-13 23:57:30,003 | INFO | epoch=16 batch=400 global_step=5398 loss_reg_months=4.4473 lr=0.00012264 grad_norm=1.3604 throughput=36.25 img/s eta_seconds=215.5 gpu_alloc=484.0MiB gpu_reserved=4334.0MiB skipped_batches=0
2026-08-13 23:57:38,293 | INFO | epoch=16 batch=425 global_step=5406 loss_reg_months=4.4544 lr=0.00012264 grad_norm=1.2254 throughput=36.25 img/s eta_seconds=207.2 gpu_alloc=484.0MiB gpu_reserved=4334.0MiB skipped_batches=0
2026-08-13 23:57:46,282 | INFO | epoch=16 batch=450 global_step=5415 loss_reg_months=4.4633 lr=0.00012264 grad_norm=1.1058 throughput=36.32 img/s eta_seconds=198.5 gpu_alloc=374.7MiB gpu_reserved=4334.0MiB skipped_batches=0
2026-08-13 23:57:54,322 | INFO | epoch=16 batch=475 global_step=5423 loss_reg_months=4.4529 lr=0.00012264 grad_norm=3.4022 throughput=36.37 img/s eta_seconds=190.0 gpu_alloc=484.0MiB gpu_reserved=4334.0MiB skipped_batches=0
2026-08-13 23:58:02,401 | INFO | epoch=16 batch=500 global_step=5431 loss_reg_months=4.5005 lr=0.00012264 grad_norm=1.7976 throughput=36.41 img/s eta_seconds=181.6 gpu_alloc=484.0MiB gpu_reserved=4334.0MiB skipped_batches=0
2026-08-13 23:58:10,173 | INFO | epoch=16 batch=525 global_step=5440 loss_reg_months=4.5035 lr=0.00012264 grad_norm=1.4152 throughput=36.51 img/s eta_seconds=172.9 gpu_alloc=374.7MiB gpu_reserved=4334.0MiB skipped_batches=0
2026-08-13 23:58:17,858 | INFO | epoch=16 batch=550 global_step=5448 loss_reg_months=4.5052 lr=0.00012264 grad_norm=1.2702 throughput=36.61 img/s eta_seconds=164.2 gpu_alloc=484.0MiB gpu_reserved=4334.0MiB skipped_batches=0
2026-08-13 23:58:25,943 | INFO | epoch=16 batch=575 global_step=5456 loss_reg_months=4.4929 lr=0.00012264 grad_norm=1.5465 throughput=36.63 img/s eta_seconds=155.9 gpu_alloc=484.0MiB gpu_reserved=4334.0MiB skipped_batches=0
2026-08-13 23:58:33,748 | INFO | epoch=16 batch=600 global_step=5465 loss_reg_months=4.4949 lr=0.00012264 grad_norm=2.1521 throughput=36.71 img/s eta_seconds=147.4 gpu_alloc=374.7MiB gpu_reserved=4334.0MiB skipped_batches=0
2026-08-13 23:58:41,736 | INFO | epoch=16 batch=625 global_step=5473 loss_reg_months=4.4998 lr=0.00012264 grad_norm=1.2766 throughput=36.74 img/s eta_seconds=139.1 gpu_alloc=484.0MiB gpu_reserved=4334.0MiB skipped_batches=0
2026-08-13 23:58:49,613 | INFO | epoch=16 batch=650 global_step=5481 loss_reg_months=4.5047 lr=0.00012264 grad_norm=1.7393 throughput=36.79 img/s eta_seconds=130.8 gpu_alloc=484.0MiB gpu_reserved=4334.0MiB skipped_batches=0
2026-08-13 23:58:57,338 | INFO | epoch=16 batch=675 global_step=5490 loss_reg_months=4.5048 lr=0.00012264 grad_norm=1.0469 throughput=36.86 img/s eta_seconds=122.4 gpu_alloc=374.7MiB gpu_reserved=4334.0MiB skipped_batches=0
2026-08-13 23:59:05,155 | INFO | epoch=16 batch=700 global_step=5498 loss_reg_months=4.4920 lr=0.00012264 grad_norm=1.3356 throughput=36.91 img/s eta_seconds=114.1 gpu_alloc=484.0MiB gpu_reserved=4334.0MiB skipped_batches=0
2026-08-13 23:59:14,140 | INFO | epoch=16 batch=725 global_step=5506 loss_reg_months=4.4979 lr=0.00012264 grad_norm=1.1253 throughput=36.78 img/s eta_seconds=106.3 gpu_alloc=484.0MiB gpu_reserved=4334.0MiB skipped_batches=0
2026-08-13 23:59:21,949 | INFO | epoch=16 batch=750 global_step=5515 loss_reg_months=4.4913 lr=0.00012264 grad_norm=1.4393 throughput=36.83 img/s eta_seconds=98.0 gpu_alloc=374.7MiB gpu_reserved=4334.0MiB skipped_batches=0
2026-08-13 23:59:29,703 | INFO | epoch=16 batch=775 global_step=5523 loss_reg_months=4.4764 lr=0.00012264 grad_norm=0.8090 throughput=36.89 img/s eta_seconds=89.8 gpu_alloc=484.0MiB gpu_reserved=4334.0MiB skipped_batches=0
2026-08-13 23:59:37,561 | INFO | epoch=16 batch=800 global_step=5531 loss_reg_months=4.4660 lr=0.00012264 grad_norm=1.4824 throughput=36.93 img/s eta_seconds=81.5 gpu_alloc=484.0MiB gpu_reserved=4334.0MiB skipped_batches=0
2026-08-13 23:59:45,354 | INFO | epoch=16 batch=825 global_step=5540 loss_reg_months=4.4891 lr=0.00012264 grad_norm=1.8581 throughput=36.97 img/s eta_seconds=73.3 gpu_alloc=374.7MiB gpu_reserved=4334.0MiB skipped_batches=0
2026-08-13 23:59:53,124 | INFO | epoch=16 batch=850 global_step=5548 loss_reg_months=4.4868 lr=0.00012264 grad_norm=2.1971 throughput=37.02 img/s eta_seconds=65.1 gpu_alloc=484.0MiB gpu_reserved=4334.0MiB skipped_batches=0
2026-08-14 00:00:01,210 | INFO | epoch=16 batch=875 global_step=5556 loss_reg_months=4.4951 lr=0.00012264 grad_norm=1.5820 throughput=37.02 img/s eta_seconds=57.0 gpu_alloc=484.0MiB gpu_reserved=4334.0MiB skipped_batches=0
2026-08-14 00:00:09,052 | INFO | epoch=16 batch=900 global_step=5565 loss_reg_months=4.4787 lr=0.00012264 grad_norm=1.5475 throughput=37.06 img/s eta_seconds=48.9 gpu_alloc=374.7MiB gpu_reserved=4334.0MiB skipped_batches=0
2026-08-14 00:00:16,886 | INFO | epoch=16 batch=925 global_step=5573 loss_reg_months=4.4687 lr=0.00012264 grad_norm=1.3734 throughput=37.09 img/s eta_seconds=40.7 gpu_alloc=484.0MiB gpu_reserved=4334.0MiB skipped_batches=0
2026-08-14 00:00:24,872 | INFO | epoch=16 batch=950 global_step=5581 loss_reg_months=4.4687 lr=0.00012264 grad_norm=1.2253 throughput=37.10 img/s eta_seconds=32.6 gpu_alloc=484.0MiB gpu_reserved=4334.0MiB skipped_batches=0
2026-08-14 00:00:33,064 | INFO | epoch=16 batch=975 global_step=5590 loss_reg_months=4.4613 lr=0.00012264 grad_norm=1.3860 throughput=37.09 img/s eta_seconds=24.6 gpu_alloc=374.7MiB gpu_reserved=4334.0MiB skipped_batches=0
2026-08-14 00:00:40,927 | INFO | epoch=16 batch=1000 global_step=5598 loss_reg_months=4.4580 lr=0.00012264 grad_norm=1.4024 throughput=37.11 img/s eta_seconds=16.5 gpu_alloc=484.0MiB gpu_reserved=4334.0MiB skipped_batches=0
2026-08-14 00:00:48,659 | INFO | epoch=16 batch=1025 global_step=5606 loss_reg_months=4.4484 lr=0.00012264 grad_norm=1.1955 throughput=37.15 img/s eta_seconds=8.4 gpu_alloc=484.0MiB gpu_reserved=4334.0MiB skipped_batches=0
2026-08-14 00:00:56,309 | INFO | epoch=16 batch=1050 global_step=5615 loss_reg_months=4.4571 lr=0.00012264 grad_norm=1.7325 throughput=37.20 img/s eta_seconds=0.3 gpu_alloc=374.7MiB gpu_reserved=4334.0MiB skipped_batches=0
2026-08-14 00:01:22,730 | WARNING | STABILITY WARNING [CAM] Prediction vượt nhẹ miền tuổi 0–228: [12.81, 242.00]
2026-08-14 00:01:22,760 | WARNING | STABILITY WARNING [CAM] Validation MAE xấu đi trong khi train loss giảm
2026-08-14 00:01:22,760 | INFO | 
TRAINING REVIEW SNAPSHOT
Run ID / config hash / split hash: P2_A2_LIGHT_FLIP_CONVNEXT_TINY_SEED42 / f1e9df38145b / 7328667e6822+f650a20432b5
Epoch / global step: 16 / 5616
Train loss: 4.4580
Validation MAE / RMSE / median AE: 6.6284 / 8.9563 / 5.0000
MAE nam / nữ / age bins: {'F': 6.740989263803681, 'M': 6.5334734799482534} / {'0-59': 6.577127659574468, '120-179': 6.3238566131025955, '60-119': 7.480329949238579, '180-228': 5.96875}
Learning rate / peak VRAM: 0.00012264 / 4334.0 MiB
Best epoch / best MAE / epochs không cải thiện: 12 / 6.1848 / 4
Cảnh báo hiện tại: CAM: Prediction vượt nhẹ miền tuổi 0–228: [12.81, 242.00] | CAM: Validation MAE xấu đi trong khi train loss giảm
Checkpoint gần nhất: p1_baseline\runs\P2_A2_LIGHT_FLIP_CONVNEXT_TINY_SEED42\last.ckpt
Checkpoint tốt nhất: p1_baseline\runs\P2_A2_LIGHT_FLIP_CONVNEXT_TINY_SEED42\best_mae.ckpt
Đề xuất tự động: THEO DÕI
2026-08-14 00:01:39,185 | INFO | epoch=17 batch=25 global_step=5624 loss_reg_months=4.1997 lr=0.00011386 grad_norm=1.5694 throughput=21.00 img/s eta_seconds=586.4 gpu_alloc=484.0MiB gpu_reserved=4334.0MiB skipped_batches=0
2026-08-14 00:01:47,060 | INFO | epoch=17 batch=50 global_step=5632 loss_reg_months=4.2252 lr=0.00011386 grad_norm=1.3867 throughput=27.07 img/s eta_seconds=443.7 gpu_alloc=484.0MiB gpu_reserved=4334.0MiB skipped_batches=0
2026-08-14 00:01:54,842 | INFO | epoch=17 batch=75 global_step=5641 loss_reg_months=4.2599 lr=0.00011386 grad_norm=1.5869 throughput=30.05 img/s eta_seconds=389.7 gpu_alloc=374.7MiB gpu_reserved=4334.0MiB skipped_batches=0
2026-08-14 00:02:02,693 | INFO | epoch=17 batch=100 global_step=5649 loss_reg_months=4.3709 lr=0.00011386 grad_norm=1.5866 throughput=31.75 img/s eta_seconds=359.4 gpu_alloc=484.0MiB gpu_reserved=4334.0MiB skipped_batches=0
2026-08-14 00:02:10,564 | INFO | epoch=17 batch=125 global_step=5657 loss_reg_months=4.3701 lr=0.00011386 grad_norm=1.3893 throughput=32.85 img/s eta_seconds=338.3 gpu_alloc=484.0MiB gpu_reserved=4334.0MiB skipped_batches=0
2026-08-14 00:02:18,461 | INFO | epoch=17 batch=150 global_step=5666 loss_reg_months=4.3459 lr=0.00011386 grad_norm=1.1112 throughput=33.60 img/s eta_seconds=321.7 gpu_alloc=374.7MiB gpu_reserved=4334.0MiB skipped_batches=0
2026-08-14 00:02:26,331 | INFO | epoch=17 batch=175 global_step=5674 loss_reg_months=4.3910 lr=0.00011386 grad_norm=1.4580 throughput=34.18 img/s eta_seconds=307.5 gpu_alloc=484.0MiB gpu_reserved=4334.0MiB skipped_batches=0
2026-08-14 00:02:34,085 | INFO | epoch=17 batch=200 global_step=5682 loss_reg_months=4.3609 lr=0.00011386 grad_norm=1.3725 throughput=34.69 img/s eta_seconds=294.4 gpu_alloc=484.0MiB gpu_reserved=4334.0MiB skipped_batches=0
2026-08-14 00:02:41,728 | INFO | epoch=17 batch=225 global_step=5691 loss_reg_months=4.4508 lr=0.00011386 grad_norm=1.3188 throughput=35.14 img/s eta_seconds=282.0 gpu_alloc=374.7MiB gpu_reserved=4334.0MiB skipped_batches=0
2026-08-14 00:02:49,512 | INFO | epoch=17 batch=250 global_step=5699 loss_reg_months=4.4787 lr=0.00011386 grad_norm=1.1820 throughput=35.45 img/s eta_seconds=271.1 gpu_alloc=484.0MiB gpu_reserved=4334.0MiB skipped_batches=0
2026-08-14 00:02:57,273 | INFO | epoch=17 batch=275 global_step=5707 loss_reg_months=4.4886 lr=0.00011386 grad_norm=1.3721 throughput=35.72 img/s eta_seconds=260.6 gpu_alloc=484.0MiB gpu_reserved=4334.0MiB skipped_batches=0
2026-08-14 00:03:05,080 | INFO | epoch=17 batch=300 global_step=5716 loss_reg_months=4.4752 lr=0.00011386 grad_norm=1.1616 throughput=35.93 img/s eta_seconds=250.8 gpu_alloc=374.7MiB gpu_reserved=4334.0MiB skipped_batches=0
2026-08-14 00:03:12,762 | INFO | epoch=17 batch=325 global_step=5724 loss_reg_months=4.4077 lr=0.00011386 grad_norm=1.2517 throughput=36.16 img/s eta_seconds=240.9 gpu_alloc=484.0MiB gpu_reserved=4334.0MiB skipped_batches=0
2026-08-14 00:03:20,653 | INFO | epoch=17 batch=350 global_step=5732 loss_reg_months=4.3931 lr=0.00011386 grad_norm=2.7947 throughput=36.28 img/s eta_seconds=231.8 gpu_alloc=484.0MiB gpu_reserved=4334.0MiB skipped_batches=0
2026-08-14 00:03:28,417 | INFO | epoch=17 batch=375 global_step=5741 loss_reg_months=4.4079 lr=0.00011386 grad_norm=1.3297 throughput=36.43 img/s eta_seconds=222.6 gpu_alloc=374.7MiB gpu_reserved=4334.0MiB skipped_batches=0
2026-08-14 00:03:36,098 | INFO | epoch=17 batch=400 global_step=5749 loss_reg_months=4.4097 lr=0.00011386 grad_norm=1.2911 throughput=36.58 img/s eta_seconds=213.5 gpu_alloc=484.0MiB gpu_reserved=4334.0MiB skipped_batches=0
2026-08-14 00:03:43,855 | INFO | epoch=17 batch=425 global_step=5757 loss_reg_months=4.3805 lr=0.00011386 grad_norm=1.2639 throughput=36.70 img/s eta_seconds=204.7 gpu_alloc=484.0MiB gpu_reserved=4334.0MiB skipped_batches=0
2026-08-14 00:03:51,650 | INFO | epoch=17 batch=450 global_step=5766 loss_reg_months=4.3803 lr=0.00011386 grad_norm=1.9613 throughput=36.80 img/s eta_seconds=196.0 gpu_alloc=374.7MiB gpu_reserved=4334.0MiB skipped_batches=0
2026-08-14 00:03:59,741 | INFO | epoch=17 batch=475 global_step=5774 loss_reg_months=4.3656 lr=0.00011386 grad_norm=2.2180 throughput=36.81 img/s eta_seconds=187.7 gpu_alloc=484.0MiB gpu_reserved=4334.0MiB skipped_batches=0
2026-08-14 00:04:07,513 | INFO | epoch=17 batch=500 global_step=5782 loss_reg_months=4.3472 lr=0.00011386 grad_norm=1.1787 throughput=36.90 img/s eta_seconds=179.2 gpu_alloc=484.0MiB gpu_reserved=4334.0MiB skipped_batches=0
2026-08-14 00:04:15,203 | INFO | epoch=17 batch=525 global_step=5791 loss_reg_months=4.3510 lr=0.00011386 grad_norm=1.0021 throughput=36.99 img/s eta_seconds=170.6 gpu_alloc=374.7MiB gpu_reserved=4334.0MiB skipped_batches=0
2026-08-14 00:04:23,153 | INFO | epoch=17 batch=550 global_step=5799 loss_reg_months=4.3606 lr=0.00011386 grad_norm=1.2788 throughput=37.03 img/s eta_seconds=162.3 gpu_alloc=484.0MiB gpu_reserved=4334.0MiB skipped_batches=0
2026-08-14 00:04:30,945 | INFO | epoch=17 batch=575 global_step=5807 loss_reg_months=4.3600 lr=0.00011386 grad_norm=1.1831 throughput=37.09 img/s eta_seconds=154.0 gpu_alloc=484.0MiB gpu_reserved=4334.0MiB skipped_batches=0
2026-08-14 00:04:38,745 | INFO | epoch=17 batch=600 global_step=5816 loss_reg_months=4.3692 lr=0.00011386 grad_norm=1.5198 throughput=37.14 img/s eta_seconds=145.7 gpu_alloc=374.7MiB gpu_reserved=4334.0MiB skipped_batches=0
2026-08-14 00:04:46,646 | INFO | epoch=17 batch=625 global_step=5824 loss_reg_months=4.3744 lr=0.00011386 grad_norm=1.0687 throughput=37.17 img/s eta_seconds=137.5 gpu_alloc=484.0MiB gpu_reserved=4334.0MiB skipped_batches=0
2026-08-14 00:04:54,397 | INFO | epoch=17 batch=650 global_step=5832 loss_reg_months=4.3683 lr=0.00011386 grad_norm=1.7281 throughput=37.23 img/s eta_seconds=129.2 gpu_alloc=484.0MiB gpu_reserved=4334.0MiB skipped_batches=0
2026-08-14 00:05:02,148 | INFO | epoch=17 batch=675 global_step=5841 loss_reg_months=4.3509 lr=0.00011386 grad_norm=1.2358 throughput=37.28 img/s eta_seconds=121.0 gpu_alloc=374.7MiB gpu_reserved=4334.0MiB skipped_batches=0
2026-08-14 00:05:09,911 | INFO | epoch=17 batch=700 global_step=5849 loss_reg_months=4.3369 lr=0.00011386 grad_norm=1.7437 throughput=37.33 img/s eta_seconds=112.8 gpu_alloc=484.0MiB gpu_reserved=4334.0MiB skipped_batches=0
2026-08-14 00:05:17,654 | INFO | epoch=17 batch=725 global_step=5857 loss_reg_months=4.3437 lr=0.00011386 grad_norm=1.1079 throughput=37.38 img/s eta_seconds=104.6 gpu_alloc=484.0MiB gpu_reserved=4334.0MiB skipped_batches=0
2026-08-14 00:05:25,323 | INFO | epoch=17 batch=750 global_step=5866 loss_reg_months=4.3450 lr=0.00011386 grad_norm=1.4320 throughput=37.43 img/s eta_seconds=96.5 gpu_alloc=374.7MiB gpu_reserved=4334.0MiB skipped_batches=0
2026-08-14 00:05:33,053 | INFO | epoch=17 batch=775 global_step=5874 loss_reg_months=4.3478 lr=0.00011386 grad_norm=1.7178 throughput=37.48 img/s eta_seconds=88.3 gpu_alloc=484.0MiB gpu_reserved=4334.0MiB skipped_batches=0
2026-08-14 00:05:40,826 | INFO | epoch=17 batch=800 global_step=5882 loss_reg_months=4.3513 lr=0.00011386 grad_norm=1.2557 throughput=37.51 img/s eta_seconds=80.3 gpu_alloc=484.0MiB gpu_reserved=4334.0MiB skipped_batches=0
2026-08-14 00:05:48,572 | INFO | epoch=17 batch=825 global_step=5891 loss_reg_months=4.3578 lr=0.00011386 grad_norm=1.0976 throughput=37.55 img/s eta_seconds=72.2 gpu_alloc=374.7MiB gpu_reserved=4334.0MiB skipped_batches=0
2026-08-14 00:05:56,519 | INFO | epoch=17 batch=850 global_step=5899 loss_reg_months=4.3582 lr=0.00011386 grad_norm=1.1319 throughput=37.55 img/s eta_seconds=64.2 gpu_alloc=484.0MiB gpu_reserved=4334.0MiB skipped_batches=0
2026-08-14 00:06:04,273 | INFO | epoch=17 batch=875 global_step=5907 loss_reg_months=4.3736 lr=0.00011386 grad_norm=2.3972 throughput=37.58 img/s eta_seconds=56.2 gpu_alloc=484.0MiB gpu_reserved=4334.0MiB skipped_batches=0
2026-08-14 00:06:12,155 | INFO | epoch=17 batch=900 global_step=5916 loss_reg_months=4.3840 lr=0.00011386 grad_norm=1.5167 throughput=37.60 img/s eta_seconds=48.2 gpu_alloc=374.7MiB gpu_reserved=4334.0MiB skipped_batches=0
2026-08-14 00:06:19,851 | INFO | epoch=17 batch=925 global_step=5924 loss_reg_months=4.3760 lr=0.00011386 grad_norm=1.2305 throughput=37.63 img/s eta_seconds=40.2 gpu_alloc=484.0MiB gpu_reserved=4334.0MiB skipped_batches=0
2026-08-14 00:06:27,733 | INFO | epoch=17 batch=950 global_step=5932 loss_reg_months=4.3741 lr=0.00011386 grad_norm=1.1906 throughput=37.64 img/s eta_seconds=32.2 gpu_alloc=484.0MiB gpu_reserved=4334.0MiB skipped_batches=0
2026-08-14 00:06:35,769 | INFO | epoch=17 batch=975 global_step=5941 loss_reg_months=4.3706 lr=0.00011386 grad_norm=1.0761 throughput=37.64 img/s eta_seconds=24.2 gpu_alloc=374.7MiB gpu_reserved=4334.0MiB skipped_batches=0
2026-08-14 00:06:43,588 | INFO | epoch=17 batch=1000 global_step=5949 loss_reg_months=4.3663 lr=0.00011386 grad_norm=1.6162 throughput=37.65 img/s eta_seconds=16.2 gpu_alloc=484.0MiB gpu_reserved=4334.0MiB skipped_batches=0
2026-08-14 00:06:51,547 | INFO | epoch=17 batch=1025 global_step=5957 loss_reg_months=4.3561 lr=0.00011386 grad_norm=1.2048 throughput=37.65 img/s eta_seconds=8.3 gpu_alloc=484.0MiB gpu_reserved=4334.0MiB skipped_batches=0
2026-08-14 00:06:59,292 | INFO | epoch=17 batch=1050 global_step=5966 loss_reg_months=4.3507 lr=0.00011386 grad_norm=1.2906 throughput=37.68 img/s eta_seconds=0.3 gpu_alloc=374.7MiB gpu_reserved=4334.0MiB skipped_batches=0
2026-08-14 00:07:25,943 | WARNING | STABILITY WARNING [CAM] Validation MAE xấu đi trong khi train loss giảm
2026-08-14 00:07:25,960 | INFO | 
TRAINING REVIEW SNAPSHOT
Run ID / config hash / split hash: P2_A2_LIGHT_FLIP_CONVNEXT_TINY_SEED42 / f1e9df38145b / 7328667e6822+f650a20432b5
Epoch / global step: 17 / 5967
Train loss: 4.3500
Validation MAE / RMSE / median AE: 6.6751 / 9.0020 / 5.0000
MAE nam / nữ / age bins: {'F': 7.334140145705521, 'M': 6.119178525226391} / {'0-59': 6.630152925531915, '120-179': 6.665636588380717, '60-119': 7.0158629441624365, '180-228': 5.71875}
Learning rate / peak VRAM: 0.00011386 / 4334.0 MiB
Best epoch / best MAE / epochs không cải thiện: 12 / 6.1848 / 5
Cảnh báo hiện tại: CAM: Validation MAE xấu đi trong khi train loss giảm
Checkpoint gần nhất: p1_baseline\runs\P2_A2_LIGHT_FLIP_CONVNEXT_TINY_SEED42\last.ckpt
Checkpoint tốt nhất: p1_baseline\runs\P2_A2_LIGHT_FLIP_CONVNEXT_TINY_SEED42\best_mae.ckpt
Đề xuất tự động: THEO DÕI
2026-08-14 00:07:42,997 | INFO | epoch=18 batch=25 global_step=5975 loss_reg_months=3.9751 lr=0.00010496 grad_norm=1.0064 throughput=20.95 img/s eta_seconds=587.7 gpu_alloc=484.0MiB gpu_reserved=4334.0MiB skipped_batches=0
2026-08-14 00:07:50,644 | INFO | epoch=18 batch=50 global_step=5983 loss_reg_months=4.1076 lr=0.00010496 grad_norm=0.9403 throughput=27.31 img/s eta_seconds=439.8 gpu_alloc=484.0MiB gpu_reserved=4334.0MiB skipped_batches=0
2026-08-14 00:07:58,332 | INFO | epoch=18 batch=75 global_step=5992 loss_reg_months=4.1217 lr=0.00010496 grad_norm=1.4386 throughput=30.35 img/s eta_seconds=385.9 gpu_alloc=374.7MiB gpu_reserved=4334.0MiB skipped_batches=0
2026-08-14 00:08:07,142 | INFO | epoch=18 batch=100 global_step=6000 loss_reg_months=4.1848 lr=0.00010496 grad_norm=1.3181 throughput=31.20 img/s eta_seconds=365.8 gpu_alloc=484.0MiB gpu_reserved=4334.0MiB skipped_batches=0
2026-08-14 00:08:14,972 | INFO | epoch=18 batch=125 global_step=6008 loss_reg_months=4.1253 lr=0.00010496 grad_norm=1.3453 throughput=32.40 img/s eta_seconds=342.9 gpu_alloc=484.0MiB gpu_reserved=4334.0MiB skipped_batches=0
2026-08-14 00:08:22,687 | INFO | epoch=18 batch=150 global_step=6017 loss_reg_months=4.1060 lr=0.00010496 grad_norm=1.3547 throughput=33.33 img/s eta_seconds=324.4 gpu_alloc=374.7MiB gpu_reserved=4334.0MiB skipped_batches=0
2026-08-14 00:08:30,501 | INFO | epoch=18 batch=175 global_step=6025 loss_reg_months=4.0870 lr=0.00010496 grad_norm=0.9223 throughput=33.97 img/s eta_seconds=309.4 gpu_alloc=484.0MiB gpu_reserved=4334.0MiB skipped_batches=0
2026-08-14 00:08:38,429 | INFO | epoch=18 batch=200 global_step=6033 loss_reg_months=4.0357 lr=0.00010496 grad_norm=1.1931 throughput=34.41 img/s eta_seconds=296.8 gpu_alloc=484.0MiB gpu_reserved=4334.0MiB skipped_batches=0
2026-08-14 00:08:46,412 | INFO | epoch=18 batch=225 global_step=6042 loss_reg_months=4.0075 lr=0.00010496 grad_norm=1.2202 throughput=34.73 img/s eta_seconds=285.4 gpu_alloc=374.7MiB gpu_reserved=4334.0MiB skipped_batches=0
2026-08-14 00:08:54,174 | INFO | epoch=18 batch=250 global_step=6050 loss_reg_months=3.9847 lr=0.00010496 grad_norm=1.3477 throughput=35.09 img/s eta_seconds=273.9 gpu_alloc=484.0MiB gpu_reserved=4334.0MiB skipped_batches=0
2026-08-14 00:09:01,889 | INFO | epoch=18 batch=275 global_step=6058 loss_reg_months=3.9861 lr=0.00010496 grad_norm=1.7531 throughput=35.40 img/s eta_seconds=263.0 gpu_alloc=484.0MiB gpu_reserved=4334.0MiB skipped_batches=0
2026-08-14 00:09:09,649 | INFO | epoch=18 batch=300 global_step=6067 loss_reg_months=3.9996 lr=0.00010496 grad_norm=1.5774 throughput=35.65 img/s eta_seconds=252.7 gpu_alloc=374.7MiB gpu_reserved=4334.0MiB skipped_batches=0
2026-08-14 00:09:17,437 | INFO | epoch=18 batch=325 global_step=6075 loss_reg_months=3.9930 lr=0.00010496 grad_norm=1.8897 throughput=35.86 img/s eta_seconds=242.9 gpu_alloc=484.0MiB gpu_reserved=4334.0MiB skipped_batches=0
2026-08-14 00:09:25,160 | INFO | epoch=18 batch=350 global_step=6083 loss_reg_months=4.0379 lr=0.00010496 grad_norm=1.5731 throughput=36.06 img/s eta_seconds=233.3 gpu_alloc=484.0MiB gpu_reserved=4334.0MiB skipped_batches=0
2026-08-14 00:09:32,908 | INFO | epoch=18 batch=375 global_step=6092 loss_reg_months=4.0271 lr=0.00010496 grad_norm=2.3163 throughput=36.22 img/s eta_seconds=223.9 gpu_alloc=374.7MiB gpu_reserved=4334.0MiB skipped_batches=0
2026-08-14 00:09:41,048 | INFO | epoch=18 batch=400 global_step=6100 loss_reg_months=4.0694 lr=0.00010496 grad_norm=1.4877 throughput=36.26 img/s eta_seconds=215.4 gpu_alloc=484.0MiB gpu_reserved=4334.0MiB skipped_batches=0
2026-08-14 00:09:48,730 | INFO | epoch=18 batch=425 global_step=6108 loss_reg_months=4.0723 lr=0.00010496 grad_norm=1.4388 throughput=36.41 img/s eta_seconds=206.3 gpu_alloc=484.0MiB gpu_reserved=4334.0MiB skipped_batches=0
2026-08-14 00:09:56,537 | INFO | epoch=18 batch=450 global_step=6117 loss_reg_months=4.0846 lr=0.00010496 grad_norm=1.5390 throughput=36.52 img/s eta_seconds=197.5 gpu_alloc=374.7MiB gpu_reserved=4334.0MiB skipped_batches=0
2026-08-14 00:10:04,312 | INFO | epoch=18 batch=475 global_step=6125 loss_reg_months=4.0782 lr=0.00010496 grad_norm=1.1086 throughput=36.62 img/s eta_seconds=188.7 gpu_alloc=484.0MiB gpu_reserved=4334.0MiB skipped_batches=0
2026-08-14 00:10:12,236 | INFO | epoch=18 batch=500 global_step=6133 loss_reg_months=4.0694 lr=0.00010496 grad_norm=1.6481 throughput=36.68 img/s eta_seconds=180.2 gpu_alloc=484.0MiB gpu_reserved=4334.0MiB skipped_batches=0
2026-08-14 00:10:19,972 | INFO | epoch=18 batch=525 global_step=6142 loss_reg_months=4.0962 lr=0.00010496 grad_norm=1.1790 throughput=36.78 img/s eta_seconds=171.6 gpu_alloc=374.7MiB gpu_reserved=4334.0MiB skipped_batches=0
2026-08-14 00:10:27,967 | INFO | epoch=18 batch=550 global_step=6150 loss_reg_months=4.1388 lr=0.00010496 grad_norm=1.3193 throughput=36.81 img/s eta_seconds=163.3 gpu_alloc=484.0MiB gpu_reserved=4334.0MiB skipped_batches=0
2026-08-14 00:10:35,696 | INFO | epoch=18 batch=575 global_step=6158 loss_reg_months=4.1673 lr=0.00010496 grad_norm=1.3444 throughput=36.89 img/s eta_seconds=154.8 gpu_alloc=484.0MiB gpu_reserved=4334.0MiB skipped_batches=0
2026-08-14 00:10:43,559 | INFO | epoch=18 batch=600 global_step=6167 loss_reg_months=4.1620 lr=0.00010496 grad_norm=1.1243 throughput=36.95 img/s eta_seconds=146.5 gpu_alloc=374.7MiB gpu_reserved=4334.0MiB skipped_batches=0
2026-08-14 00:10:51,396 | INFO | epoch=18 batch=625 global_step=6175 loss_reg_months=4.1657 lr=0.00010496 grad_norm=1.2227 throughput=37.00 img/s eta_seconds=138.1 gpu_alloc=484.0MiB gpu_reserved=4334.0MiB skipped_batches=0
2026-08-14 00:10:59,373 | INFO | epoch=18 batch=650 global_step=6183 loss_reg_months=4.1829 lr=0.00010496 grad_norm=1.2083 throughput=37.02 img/s eta_seconds=130.0 gpu_alloc=484.0MiB gpu_reserved=4334.0MiB skipped_batches=0
2026-08-14 00:11:07,161 | INFO | epoch=18 batch=675 global_step=6192 loss_reg_months=4.1846 lr=0.00010496 grad_norm=1.1467 throughput=37.07 img/s eta_seconds=121.7 gpu_alloc=374.7MiB gpu_reserved=4334.0MiB skipped_batches=0
2026-08-14 00:11:14,900 | INFO | epoch=18 batch=700 global_step=6200 loss_reg_months=4.2033 lr=0.00010496 grad_norm=1.4135 throughput=37.13 img/s eta_seconds=113.4 gpu_alloc=484.0MiB gpu_reserved=4334.0MiB skipped_batches=0
2026-08-14 00:11:22,618 | INFO | epoch=18 batch=725 global_step=6208 loss_reg_months=4.2015 lr=0.00010496 grad_norm=1.2534 throughput=37.19 img/s eta_seconds=105.2 gpu_alloc=484.0MiB gpu_reserved=4334.0MiB skipped_batches=0
2026-08-14 00:11:30,364 | INFO | epoch=18 batch=750 global_step=6217 loss_reg_months=4.1879 lr=0.00010496 grad_norm=1.2758 throughput=37.24 img/s eta_seconds=97.0 gpu_alloc=374.7MiB gpu_reserved=4334.0MiB skipped_batches=0
2026-08-14 00:11:38,316 | INFO | epoch=18 batch=775 global_step=6225 loss_reg_months=4.1904 lr=0.00010496 grad_norm=1.6565 throughput=37.25 img/s eta_seconds=88.9 gpu_alloc=484.0MiB gpu_reserved=4334.0MiB skipped_batches=0
2026-08-14 00:11:46,170 | INFO | epoch=18 batch=800 global_step=6233 loss_reg_months=4.1889 lr=0.00010496 grad_norm=1.1007 throughput=37.28 img/s eta_seconds=80.8 gpu_alloc=484.0MiB gpu_reserved=4334.0MiB skipped_batches=0
2026-08-14 00:11:54,107 | INFO | epoch=18 batch=825 global_step=6242 loss_reg_months=4.1946 lr=0.00010496 grad_norm=1.4263 throughput=37.30 img/s eta_seconds=72.7 gpu_alloc=374.7MiB gpu_reserved=4334.0MiB skipped_batches=0
2026-08-14 00:12:01,980 | INFO | epoch=18 batch=850 global_step=6250 loss_reg_months=4.1934 lr=0.00010496 grad_norm=1.2508 throughput=37.32 img/s eta_seconds=64.6 gpu_alloc=484.0MiB gpu_reserved=4334.0MiB skipped_batches=0
2026-08-14 00:12:09,897 | INFO | epoch=18 batch=875 global_step=6258 loss_reg_months=4.1943 lr=0.00010496 grad_norm=1.3048 throughput=37.34 img/s eta_seconds=56.5 gpu_alloc=484.0MiB gpu_reserved=4334.0MiB skipped_batches=0
2026-08-14 00:12:17,670 | INFO | epoch=18 batch=900 global_step=6267 loss_reg_months=4.1979 lr=0.00010496 grad_norm=1.7967 throughput=37.37 img/s eta_seconds=48.5 gpu_alloc=374.7MiB gpu_reserved=4334.0MiB skipped_batches=0
2026-08-14 00:12:25,333 | INFO | epoch=18 batch=925 global_step=6275 loss_reg_months=4.2132 lr=0.00010496 grad_norm=1.2622 throughput=37.42 img/s eta_seconds=40.4 gpu_alloc=484.0MiB gpu_reserved=4334.0MiB skipped_batches=0
2026-08-14 00:12:33,235 | INFO | epoch=18 batch=950 global_step=6283 loss_reg_months=4.1999 lr=0.00010496 grad_norm=2.2196 throughput=37.43 img/s eta_seconds=32.4 gpu_alloc=484.0MiB gpu_reserved=4334.0MiB skipped_batches=0
2026-08-14 00:12:41,050 | INFO | epoch=18 batch=975 global_step=6292 loss_reg_months=4.2064 lr=0.00010496 grad_norm=1.5156 throughput=37.45 img/s eta_seconds=24.3 gpu_alloc=374.7MiB gpu_reserved=4334.0MiB skipped_batches=0
2026-08-14 00:12:48,788 | INFO | epoch=18 batch=1000 global_step=6300 loss_reg_months=4.2285 lr=0.00010496 grad_norm=1.5275 throughput=37.49 img/s eta_seconds=16.3 gpu_alloc=484.0MiB gpu_reserved=4334.0MiB skipped_batches=0
2026-08-14 00:12:56,595 | INFO | epoch=18 batch=1025 global_step=6308 loss_reg_months=4.2266 lr=0.00010496 grad_norm=1.2577 throughput=37.51 img/s eta_seconds=8.3 gpu_alloc=484.0MiB gpu_reserved=4334.0MiB skipped_batches=0
2026-08-14 00:13:04,410 | INFO | epoch=18 batch=1050 global_step=6317 loss_reg_months=4.2302 lr=0.00010496 grad_norm=1.2467 throughput=37.53 img/s eta_seconds=0.3 gpu_alloc=374.7MiB gpu_reserved=4334.0MiB skipped_batches=0
2026-08-14 00:13:30,637 | WARNING | STABILITY WARNING [CAM] Validation MAE xấu đi trong khi train loss giảm
2026-08-14 00:13:30,637 | INFO | 
TRAINING REVIEW SNAPSHOT
Run ID / config hash / split hash: P2_A2_LIGHT_FLIP_CONVNEXT_TINY_SEED42 / f1e9df38145b / 7328667e6822+f650a20432b5
Epoch / global step: 18 / 6318
Train loss: 4.2289
Validation MAE / RMSE / median AE: 6.6782 / 9.1882 / 5.0000
MAE nam / nữ / age bins: {'F': 7.089220667177914, 'M': 6.331581500646831} / {'0-59': 5.920046542553192, '120-179': 6.598887515451175, '60-119': 7.612944162436548, '180-228': 4.859375}
Learning rate / peak VRAM: 0.00010496 / 4334.0 MiB
Best epoch / best MAE / epochs không cải thiện: 12 / 6.1848 / 6
Cảnh báo hiện tại: CAM: Validation MAE xấu đi trong khi train loss giảm
Checkpoint gần nhất: p1_baseline\runs\P2_A2_LIGHT_FLIP_CONVNEXT_TINY_SEED42\last.ckpt
Checkpoint tốt nhất: p1_baseline\runs\P2_A2_LIGHT_FLIP_CONVNEXT_TINY_SEED42\best_mae.ckpt
Đề xuất tự động: THEO DÕI
2026-08-14 00:13:45,851 | INFO | epoch=19 batch=25 global_step=6326 loss_reg_months=4.0311 lr=0.00009604 grad_norm=2.1901 throughput=21.37 img/s eta_seconds=576.0 gpu_alloc=484.0MiB gpu_reserved=4334.0MiB skipped_batches=0
2026-08-14 00:13:53,437 | INFO | epoch=19 batch=50 global_step=6334 loss_reg_months=4.1289 lr=0.00009604 grad_norm=1.3996 throughput=27.75 img/s eta_seconds=432.8 gpu_alloc=484.0MiB gpu_reserved=4334.0MiB skipped_batches=0
2026-08-14 00:14:01,230 | INFO | epoch=19 batch=75 global_step=6343 loss_reg_months=3.9589 lr=0.00009604 grad_norm=0.9571 throughput=30.60 img/s eta_seconds=382.7 gpu_alloc=374.7MiB gpu_reserved=4334.0MiB skipped_batches=0
2026-08-14 00:14:08,939 | INFO | epoch=19 batch=100 global_step=6351 loss_reg_months=3.9601 lr=0.00009604 grad_norm=1.1884 throughput=32.33 img/s eta_seconds=353.0 gpu_alloc=484.0MiB gpu_reserved=4334.0MiB skipped_batches=0
2026-08-14 00:14:16,711 | INFO | epoch=19 batch=125 global_step=6359 loss_reg_months=4.0847 lr=0.00009604 grad_norm=1.4155 throughput=33.41 img/s eta_seconds=332.6 gpu_alloc=484.0MiB gpu_reserved=4334.0MiB skipped_batches=0
2026-08-14 00:14:24,388 | INFO | epoch=19 batch=150 global_step=6368 loss_reg_months=4.0885 lr=0.00009604 grad_norm=1.4917 throughput=34.24 img/s eta_seconds=315.8 gpu_alloc=374.7MiB gpu_reserved=4334.0MiB skipped_batches=0
2026-08-14 00:14:32,253 | INFO | epoch=19 batch=175 global_step=6376 loss_reg_months=4.0928 lr=0.00009604 grad_norm=1.0884 throughput=34.75 img/s eta_seconds=302.5 gpu_alloc=484.0MiB gpu_reserved=4334.0MiB skipped_batches=0
2026-08-14 00:14:40,056 | INFO | epoch=19 batch=200 global_step=6384 loss_reg_months=4.1032 lr=0.00009604 grad_norm=1.0032 throughput=35.17 img/s eta_seconds=290.3 gpu_alloc=484.0MiB gpu_reserved=4334.0MiB skipped_batches=0
2026-08-14 00:14:47,868 | INFO | epoch=19 batch=225 global_step=6393 loss_reg_months=4.0913 lr=0.00009604 grad_norm=1.3640 throughput=35.50 img/s eta_seconds=279.2 gpu_alloc=374.7MiB gpu_reserved=4334.0MiB skipped_batches=0
2026-08-14 00:14:55,635 | INFO | epoch=19 batch=250 global_step=6401 loss_reg_months=4.0227 lr=0.00009604 grad_norm=1.5359 throughput=35.79 img/s eta_seconds=268.5 gpu_alloc=484.0MiB gpu_reserved=4334.0MiB skipped_batches=0
2026-08-14 00:15:03,301 | INFO | epoch=19 batch=275 global_step=6409 loss_reg_months=4.0080 lr=0.00009604 grad_norm=1.3665 throughput=36.07 img/s eta_seconds=258.1 gpu_alloc=484.0MiB gpu_reserved=4334.0MiB skipped_batches=0
2026-08-14 00:15:11,204 | INFO | epoch=19 batch=300 global_step=6418 loss_reg_months=4.0426 lr=0.00009604 grad_norm=2.3293 throughput=36.22 img/s eta_seconds=248.8 gpu_alloc=374.7MiB gpu_reserved=4334.0MiB skipped_batches=0
2026-08-14 00:15:18,945 | INFO | epoch=19 batch=325 global_step=6426 loss_reg_months=4.0415 lr=0.00009604 grad_norm=1.2447 throughput=36.40 img/s eta_seconds=239.3 gpu_alloc=484.0MiB gpu_reserved=4334.0MiB skipped_batches=0
2026-08-14 00:15:26,917 | INFO | epoch=19 batch=350 global_step=6434 loss_reg_months=4.0240 lr=0.00009604 grad_norm=1.1644 throughput=36.49 img/s eta_seconds=230.5 gpu_alloc=484.0MiB gpu_reserved=4334.0MiB skipped_batches=0
2026-08-14 00:15:34,698 | INFO | epoch=19 batch=375 global_step=6443 loss_reg_months=3.9989 lr=0.00009604 grad_norm=1.0769 throughput=36.62 img/s eta_seconds=221.5 gpu_alloc=374.7MiB gpu_reserved=4334.0MiB skipped_batches=0
2026-08-14 00:15:42,364 | INFO | epoch=19 batch=400 global_step=6451 loss_reg_months=3.9782 lr=0.00009604 grad_norm=1.2856 throughput=36.77 img/s eta_seconds=212.4 gpu_alloc=484.0MiB gpu_reserved=4334.0MiB skipped_batches=0
2026-08-14 00:15:50,207 | INFO | epoch=19 batch=425 global_step=6459 loss_reg_months=3.9806 lr=0.00009604 grad_norm=1.8655 throughput=36.85 img/s eta_seconds=203.8 gpu_alloc=484.0MiB gpu_reserved=4334.0MiB skipped_batches=0
2026-08-14 00:15:58,004 | INFO | epoch=19 batch=450 global_step=6468 loss_reg_months=3.9703 lr=0.00009604 grad_norm=1.4702 throughput=36.94 img/s eta_seconds=195.2 gpu_alloc=374.7MiB gpu_reserved=4334.0MiB skipped_batches=0
2026-08-14 00:16:05,711 | INFO | epoch=19 batch=475 global_step=6476 loss_reg_months=4.0085 lr=0.00009604 grad_norm=2.0299 throughput=37.04 img/s eta_seconds=186.6 gpu_alloc=484.0MiB gpu_reserved=4334.0MiB skipped_batches=0
2026-08-14 00:16:13,637 | INFO | epoch=19 batch=500 global_step=6484 loss_reg_months=4.0070 lr=0.00009604 grad_norm=1.3579 throughput=37.08 img/s eta_seconds=178.3 gpu_alloc=484.0MiB gpu_reserved=4334.0MiB skipped_batches=0
2026-08-14 00:16:21,395 | INFO | epoch=19 batch=525 global_step=6493 loss_reg_months=3.9830 lr=0.00009604 grad_norm=1.3615 throughput=37.15 img/s eta_seconds=169.9 gpu_alloc=374.7MiB gpu_reserved=4334.0MiB skipped_batches=0
2026-08-14 00:16:29,774 | INFO | epoch=19 batch=550 global_step=6501 loss_reg_months=3.9699 lr=0.00009604 grad_norm=1.7658 throughput=37.09 img/s eta_seconds=162.1 gpu_alloc=484.0MiB gpu_reserved=4334.0MiB skipped_batches=0
2026-08-14 00:16:37,981 | INFO | epoch=19 batch=575 global_step=6509 loss_reg_months=3.9764 lr=0.00009604 grad_norm=1.1781 throughput=37.06 img/s eta_seconds=154.1 gpu_alloc=484.0MiB gpu_reserved=4334.0MiB skipped_batches=0
2026-08-14 00:16:45,742 | INFO | epoch=19 batch=600 global_step=6518 loss_reg_months=3.9835 lr=0.00009604 grad_norm=1.6854 throughput=37.13 img/s eta_seconds=145.7 gpu_alloc=374.7MiB gpu_reserved=4334.0MiB skipped_batches=0
2026-08-14 00:16:53,397 | INFO | epoch=19 batch=625 global_step=6526 loss_reg_months=3.9754 lr=0.00009604 grad_norm=1.1570 throughput=37.21 img/s eta_seconds=137.4 gpu_alloc=484.0MiB gpu_reserved=4334.0MiB skipped_batches=0
2026-08-14 00:17:01,116 | INFO | epoch=19 batch=650 global_step=6534 loss_reg_months=3.9896 lr=0.00009604 grad_norm=1.3220 throughput=37.27 img/s eta_seconds=129.1 gpu_alloc=484.0MiB gpu_reserved=4334.0MiB skipped_batches=0
2026-08-14 00:17:09,113 | INFO | epoch=19 batch=675 global_step=6543 loss_reg_months=4.0100 lr=0.00009604 grad_norm=1.2876 throughput=37.28 img/s eta_seconds=121.0 gpu_alloc=374.7MiB gpu_reserved=4334.0MiB skipped_batches=0
2026-08-14 00:17:16,791 | INFO | epoch=19 batch=700 global_step=6551 loss_reg_months=3.9972 lr=0.00009604 grad_norm=1.3458 throughput=37.34 img/s eta_seconds=112.8 gpu_alloc=484.0MiB gpu_reserved=4334.0MiB skipped_batches=0
2026-08-14 00:17:24,689 | INFO | epoch=19 batch=725 global_step=6559 loss_reg_months=4.0055 lr=0.00009604 grad_norm=1.4610 throughput=37.36 img/s eta_seconds=104.7 gpu_alloc=484.0MiB gpu_reserved=4334.0MiB skipped_batches=0
2026-08-14 00:17:32,724 | INFO | epoch=19 batch=750 global_step=6568 loss_reg_months=4.0128 lr=0.00009604 grad_norm=1.5624 throughput=37.36 img/s eta_seconds=96.7 gpu_alloc=374.7MiB gpu_reserved=4334.0MiB skipped_batches=0
2026-08-14 00:17:40,446 | INFO | epoch=19 batch=775 global_step=6576 loss_reg_months=4.0266 lr=0.00009604 grad_norm=1.1418 throughput=37.40 img/s eta_seconds=88.5 gpu_alloc=484.0MiB gpu_reserved=4334.0MiB skipped_batches=0
2026-08-14 00:17:48,391 | INFO | epoch=19 batch=800 global_step=6584 loss_reg_months=4.0286 lr=0.00009604 grad_norm=1.5006 throughput=37.42 img/s eta_seconds=80.5 gpu_alloc=484.0MiB gpu_reserved=4334.0MiB skipped_batches=0
2026-08-14 00:17:56,103 | INFO | epoch=19 batch=825 global_step=6593 loss_reg_months=4.0297 lr=0.00009604 grad_norm=1.5200 throughput=37.46 img/s eta_seconds=72.4 gpu_alloc=374.7MiB gpu_reserved=4334.0MiB skipped_batches=0
2026-08-14 00:18:03,869 | INFO | epoch=19 batch=850 global_step=6601 loss_reg_months=4.0232 lr=0.00009604 grad_norm=1.3004 throughput=37.49 img/s eta_seconds=64.3 gpu_alloc=484.0MiB gpu_reserved=4334.0MiB skipped_batches=0
2026-08-14 00:18:11,624 | INFO | epoch=19 batch=875 global_step=6609 loss_reg_months=4.0353 lr=0.00009604 grad_norm=1.3294 throughput=37.53 img/s eta_seconds=56.3 gpu_alloc=484.0MiB gpu_reserved=4334.0MiB skipped_batches=0
2026-08-14 00:18:19,404 | INFO | epoch=19 batch=900 global_step=6618 loss_reg_months=4.0417 lr=0.00009604 grad_norm=1.0963 throughput=37.55 img/s eta_seconds=48.2 gpu_alloc=374.7MiB gpu_reserved=4334.0MiB skipped_batches=0
2026-08-14 00:18:27,079 | INFO | epoch=19 batch=925 global_step=6626 loss_reg_months=4.0460 lr=0.00009604 grad_norm=1.0036 throughput=37.59 img/s eta_seconds=40.2 gpu_alloc=484.0MiB gpu_reserved=4334.0MiB skipped_batches=0
2026-08-14 00:18:34,951 | INFO | epoch=19 batch=950 global_step=6634 loss_reg_months=4.0547 lr=0.00009604 grad_norm=1.1337 throughput=37.61 img/s eta_seconds=32.2 gpu_alloc=484.0MiB gpu_reserved=4334.0MiB skipped_batches=0
2026-08-14 00:18:42,830 | INFO | epoch=19 batch=975 global_step=6643 loss_reg_months=4.0585 lr=0.00009604 grad_norm=1.2203 throughput=37.62 img/s eta_seconds=24.2 gpu_alloc=374.7MiB gpu_reserved=4334.0MiB skipped_batches=0
2026-08-14 00:18:50,613 | INFO | epoch=19 batch=1000 global_step=6651 loss_reg_months=4.0528 lr=0.00009604 grad_norm=1.4089 throughput=37.64 img/s eta_seconds=16.2 gpu_alloc=484.0MiB gpu_reserved=4334.0MiB skipped_batches=0
2026-08-14 00:18:58,415 | INFO | epoch=19 batch=1025 global_step=6659 loss_reg_months=4.0551 lr=0.00009604 grad_norm=1.3886 throughput=37.66 img/s eta_seconds=8.3 gpu_alloc=484.0MiB gpu_reserved=4334.0MiB skipped_batches=0
2026-08-14 00:19:06,118 | INFO | epoch=19 batch=1050 global_step=6668 loss_reg_months=4.0582 lr=0.00009604 grad_norm=1.5227 throughput=37.69 img/s eta_seconds=0.3 gpu_alloc=374.7MiB gpu_reserved=4334.0MiB skipped_batches=0
2026-08-14 00:19:33,526 | INFO | 
TRAINING REVIEW SNAPSHOT
Run ID / config hash / split hash: P2_A2_LIGHT_FLIP_CONVNEXT_TINY_SEED42 / f1e9df38145b / 7328667e6822+f650a20432b5
Epoch / global step: 19 / 6669
Train loss: 4.0591
Validation MAE / RMSE / median AE: 6.4962 / 8.7819 / 5.0000
MAE nam / nữ / age bins: {'F': 6.822277607361963, 'M': 6.221216041397154} / {'0-59': 7.57313829787234, '120-179': 6.1124845488257105, '60-119': 7.475253807106599, '180-228': 5.1171875}
Learning rate / peak VRAM: 0.00009604 / 4334.0 MiB
Best epoch / best MAE / epochs không cải thiện: 12 / 6.1848 / 7
Cảnh báo hiện tại: KHÔNG
Checkpoint gần nhất: p1_baseline\runs\P2_A2_LIGHT_FLIP_CONVNEXT_TINY_SEED42\last.ckpt
Checkpoint tốt nhất: p1_baseline\runs\P2_A2_LIGHT_FLIP_CONVNEXT_TINY_SEED42\best_mae.ckpt
Đề xuất tự động: TIẾP TỤC
2026-08-14 00:19:49,868 | INFO | epoch=20 batch=25 global_step=6677 loss_reg_months=3.4749 lr=0.00008714 grad_norm=0.9268 throughput=21.17 img/s eta_seconds=581.5 gpu_alloc=484.0MiB gpu_reserved=4334.0MiB skipped_batches=0
2026-08-14 00:19:57,463 | INFO | epoch=20 batch=50 global_step=6685 loss_reg_months=3.8201 lr=0.00008714 grad_norm=1.1417 throughput=27.57 img/s eta_seconds=435.7 gpu_alloc=484.0MiB gpu_reserved=4334.0MiB skipped_batches=0
2026-08-14 00:20:05,298 | INFO | epoch=20 batch=75 global_step=6694 loss_reg_months=3.8785 lr=0.00008714 grad_norm=1.2202 throughput=30.40 img/s eta_seconds=385.2 gpu_alloc=374.7MiB gpu_reserved=4334.0MiB skipped_batches=0
2026-08-14 00:20:13,177 | INFO | epoch=20 batch=100 global_step=6702 loss_reg_months=3.8176 lr=0.00008714 grad_norm=1.2735 throughput=32.02 img/s eta_seconds=356.4 gpu_alloc=484.0MiB gpu_reserved=4334.0MiB skipped_batches=0
2026-08-14 00:20:20,827 | INFO | epoch=20 batch=125 global_step=6710 loss_reg_months=3.9908 lr=0.00008714 grad_norm=1.3704 throughput=33.24 img/s eta_seconds=334.3 gpu_alloc=484.0MiB gpu_reserved=4334.0MiB skipped_batches=0
2026-08-14 00:20:28,695 | INFO | epoch=20 batch=150 global_step=6719 loss_reg_months=3.9684 lr=0.00008714 grad_norm=1.3184 throughput=33.96 img/s eta_seconds=318.3 gpu_alloc=374.7MiB gpu_reserved=4334.0MiB skipped_batches=0
2026-08-14 00:20:36,463 | INFO | epoch=20 batch=175 global_step=6727 loss_reg_months=3.9273 lr=0.00008714 grad_norm=1.1217 throughput=34.56 img/s eta_seconds=304.1 gpu_alloc=484.0MiB gpu_reserved=4334.0MiB skipped_batches=0
2026-08-14 00:20:44,663 | INFO | epoch=20 batch=200 global_step=6735 loss_reg_months=3.8579 lr=0.00008714 grad_norm=1.1079 throughput=34.80 img/s eta_seconds=293.4 gpu_alloc=484.0MiB gpu_reserved=4334.0MiB skipped_batches=0
2026-08-14 00:20:52,434 | INFO | epoch=20 batch=225 global_step=6744 loss_reg_months=3.8436 lr=0.00008714 grad_norm=1.5470 throughput=35.18 img/s eta_seconds=281.7 gpu_alloc=374.7MiB gpu_reserved=4334.0MiB skipped_batches=0
2026-08-14 00:21:00,361 | INFO | epoch=20 batch=250 global_step=6752 loss_reg_months=3.8247 lr=0.00008714 grad_norm=1.1111 throughput=35.43 img/s eta_seconds=271.2 gpu_alloc=484.0MiB gpu_reserved=4334.0MiB skipped_batches=0
2026-08-14 00:21:08,346 | INFO | epoch=20 batch=275 global_step=6760 loss_reg_months=3.8749 lr=0.00008714 grad_norm=1.7462 throughput=35.62 img/s eta_seconds=261.4 gpu_alloc=484.0MiB gpu_reserved=4334.0MiB skipped_batches=0
2026-08-14 00:21:16,097 | INFO | epoch=20 batch=300 global_step=6769 loss_reg_months=3.8951 lr=0.00008714 grad_norm=1.3110 throughput=35.86 img/s eta_seconds=251.3 gpu_alloc=374.7MiB gpu_reserved=4334.0MiB skipped_batches=0
2026-08-14 00:21:24,024 | INFO | epoch=20 batch=325 global_step=6777 loss_reg_months=3.8904 lr=0.00008714 grad_norm=2.6421 throughput=36.00 img/s eta_seconds=242.0 gpu_alloc=484.0MiB gpu_reserved=4334.0MiB skipped_batches=0
2026-08-14 00:21:31,826 | INFO | epoch=20 batch=350 global_step=6785 loss_reg_months=3.8983 lr=0.00008714 grad_norm=1.9672 throughput=36.17 img/s eta_seconds=232.6 gpu_alloc=484.0MiB gpu_reserved=4334.0MiB skipped_batches=0
2026-08-14 00:21:39,673 | INFO | epoch=20 batch=375 global_step=6794 loss_reg_months=3.8860 lr=0.00008714 grad_norm=1.3343 throughput=36.30 img/s eta_seconds=223.5 gpu_alloc=374.7MiB gpu_reserved=4334.0MiB skipped_batches=0
2026-08-14 00:21:47,569 | INFO | epoch=20 batch=400 global_step=6802 loss_reg_months=3.9078 lr=0.00008714 grad_norm=1.4188 throughput=36.40 img/s eta_seconds=214.6 gpu_alloc=484.0MiB gpu_reserved=4334.0MiB skipped_batches=0
2026-08-14 00:21:55,408 | INFO | epoch=20 batch=425 global_step=6810 loss_reg_months=3.9001 lr=0.00008714 grad_norm=1.1692 throughput=36.50 img/s eta_seconds=205.8 gpu_alloc=484.0MiB gpu_reserved=4334.0MiB skipped_batches=0
2026-08-14 00:22:03,158 | INFO | epoch=20 batch=450 global_step=6819 loss_reg_months=3.9100 lr=0.00008714 grad_norm=1.3700 throughput=36.62 img/s eta_seconds=196.9 gpu_alloc=374.7MiB gpu_reserved=4334.0MiB skipped_batches=0
2026-08-14 00:22:11,144 | INFO | epoch=20 batch=475 global_step=6827 loss_reg_months=3.9291 lr=0.00008714 grad_norm=1.3149 throughput=36.67 img/s eta_seconds=188.5 gpu_alloc=484.0MiB gpu_reserved=4334.0MiB skipped_batches=0
2026-08-14 00:22:18,779 | INFO | epoch=20 batch=500 global_step=6835 loss_reg_months=3.9451 lr=0.00008714 grad_norm=1.3689 throughput=36.79 img/s eta_seconds=179.7 gpu_alloc=484.0MiB gpu_reserved=4334.0MiB skipped_batches=0
2026-08-14 00:22:26,571 | INFO | epoch=20 batch=525 global_step=6844 loss_reg_months=3.9589 lr=0.00008714 grad_norm=1.2316 throughput=36.87 img/s eta_seconds=171.2 gpu_alloc=374.7MiB gpu_reserved=4334.0MiB skipped_batches=0
2026-08-14 00:22:34,646 | INFO | epoch=20 batch=550 global_step=6852 loss_reg_months=3.9288 lr=0.00008714 grad_norm=0.9917 throughput=36.88 img/s eta_seconds=163.0 gpu_alloc=484.0MiB gpu_reserved=4334.0MiB skipped_batches=0
2026-08-14 00:22:42,369 | INFO | epoch=20 batch=575 global_step=6860 loss_reg_months=3.9333 lr=0.00008714 grad_norm=1.2994 throughput=36.96 img/s eta_seconds=154.5 gpu_alloc=484.0MiB gpu_reserved=4334.0MiB skipped_batches=0
2026-08-14 00:22:50,054 | INFO | epoch=20 batch=600 global_step=6869 loss_reg_months=3.9275 lr=0.00008714 grad_norm=1.2246 throughput=37.05 img/s eta_seconds=146.1 gpu_alloc=374.7MiB gpu_reserved=4334.0MiB skipped_batches=0
2026-08-14 00:22:57,794 | INFO | epoch=20 batch=625 global_step=6877 loss_reg_months=3.9206 lr=0.00008714 grad_norm=1.8004 throughput=37.11 img/s eta_seconds=137.7 gpu_alloc=484.0MiB gpu_reserved=4334.0MiB skipped_batches=0
2026-08-14 00:23:05,741 | INFO | epoch=20 batch=650 global_step=6885 loss_reg_months=3.9426 lr=0.00008714 grad_norm=1.5095 throughput=37.14 img/s eta_seconds=129.6 gpu_alloc=484.0MiB gpu_reserved=4334.0MiB skipped_batches=0
2026-08-14 00:23:13,553 | INFO | epoch=20 batch=675 global_step=6894 loss_reg_months=3.9498 lr=0.00008714 grad_norm=1.4746 throughput=37.18 img/s eta_seconds=121.3 gpu_alloc=374.7MiB gpu_reserved=4334.0MiB skipped_batches=0
2026-08-14 00:23:21,360 | INFO | epoch=20 batch=700 global_step=6902 loss_reg_months=3.9655 lr=0.00008714 grad_norm=1.4986 throughput=37.22 img/s eta_seconds=113.1 gpu_alloc=484.0MiB gpu_reserved=4334.0MiB skipped_batches=0
2026-08-14 00:23:29,119 | INFO | epoch=20 batch=725 global_step=6910 loss_reg_months=3.9649 lr=0.00008714 grad_norm=1.2043 throughput=37.27 img/s eta_seconds=104.9 gpu_alloc=484.0MiB gpu_reserved=4334.0MiB skipped_batches=0
2026-08-14 00:23:36,859 | INFO | epoch=20 batch=750 global_step=6919 loss_reg_months=3.9760 lr=0.00008714 grad_norm=1.3863 throughput=37.32 img/s eta_seconds=96.8 gpu_alloc=374.7MiB gpu_reserved=4334.0MiB skipped_batches=0
2026-08-14 00:23:44,571 | INFO | epoch=20 batch=775 global_step=6927 loss_reg_months=3.9658 lr=0.00008714 grad_norm=1.6808 throughput=37.37 img/s eta_seconds=88.6 gpu_alloc=484.0MiB gpu_reserved=4334.0MiB skipped_batches=0
2026-08-14 00:23:52,324 | INFO | epoch=20 batch=800 global_step=6935 loss_reg_months=3.9669 lr=0.00008714 grad_norm=1.3790 throughput=37.41 img/s eta_seconds=80.5 gpu_alloc=484.0MiB gpu_reserved=4334.0MiB skipped_batches=0
2026-08-14 00:24:00,130 | INFO | epoch=20 batch=825 global_step=6944 loss_reg_months=3.9708 lr=0.00008714 grad_norm=1.2358 throughput=37.44 img/s eta_seconds=72.4 gpu_alloc=374.7MiB gpu_reserved=4334.0MiB skipped_batches=0
2026-08-14 00:24:08,129 | INFO | epoch=20 batch=850 global_step=6952 loss_reg_months=3.9581 lr=0.00008714 grad_norm=1.7643 throughput=37.44 img/s eta_seconds=64.4 gpu_alloc=484.0MiB gpu_reserved=4334.0MiB skipped_batches=0
2026-08-14 00:24:15,760 | INFO | epoch=20 batch=875 global_step=6960 loss_reg_months=3.9512 lr=0.00008714 grad_norm=1.2161 throughput=37.49 img/s eta_seconds=56.3 gpu_alloc=484.0MiB gpu_reserved=4334.0MiB skipped_batches=0
2026-08-14 00:24:23,642 | INFO | epoch=20 batch=900 global_step=6969 loss_reg_months=3.9631 lr=0.00008714 grad_norm=1.5824 throughput=37.51 img/s eta_seconds=48.3 gpu_alloc=374.7MiB gpu_reserved=4334.0MiB skipped_batches=0
2026-08-14 00:24:31,678 | INFO | epoch=20 batch=925 global_step=6977 loss_reg_months=3.9561 lr=0.00008714 grad_norm=1.6145 throughput=37.50 img/s eta_seconds=40.3 gpu_alloc=484.0MiB gpu_reserved=4334.0MiB skipped_batches=0
2026-08-14 00:24:39,346 | INFO | epoch=20 batch=950 global_step=6985 loss_reg_months=3.9565 lr=0.00008714 grad_norm=1.5614 throughput=37.54 img/s eta_seconds=32.3 gpu_alloc=484.0MiB gpu_reserved=4334.0MiB skipped_batches=0
2026-08-14 00:24:47,199 | INFO | epoch=20 batch=975 global_step=6994 loss_reg_months=3.9501 lr=0.00008714 grad_norm=1.7233 throughput=37.56 img/s eta_seconds=24.3 gpu_alloc=374.7MiB gpu_reserved=4334.0MiB skipped_batches=0
2026-08-14 00:24:55,712 | INFO | epoch=20 batch=1000 global_step=7002 loss_reg_months=3.9490 lr=0.00008714 grad_norm=1.1496 throughput=37.50 img/s eta_seconds=16.3 gpu_alloc=484.0MiB gpu_reserved=4334.0MiB skipped_batches=0
2026-08-14 00:25:03,629 | INFO | epoch=20 batch=1025 global_step=7010 loss_reg_months=3.9415 lr=0.00008714 grad_norm=1.5960 throughput=37.51 img/s eta_seconds=8.3 gpu_alloc=484.0MiB gpu_reserved=4334.0MiB skipped_batches=0
2026-08-14 00:25:11,398 | INFO | epoch=20 batch=1050 global_step=7019 loss_reg_months=3.9430 lr=0.00008714 grad_norm=1.5421 throughput=37.53 img/s eta_seconds=0.3 gpu_alloc=374.7MiB gpu_reserved=4334.0MiB skipped_batches=0
2026-08-14 00:25:37,890 | WARNING | STABILITY WARNING [CAM] Prediction vượt nhẹ miền tuổi 0–228: [8.31, 236.00]
2026-08-14 00:25:37,899 | WARNING | STABILITY WARNING [CAM] Validation MAE xấu đi trong khi train loss giảm
2026-08-14 00:25:37,920 | INFO | 
TRAINING REVIEW SNAPSHOT
Run ID / config hash / split hash: P2_A2_LIGHT_FLIP_CONVNEXT_TINY_SEED42 / f1e9df38145b / 7328667e6822+f650a20432b5
Epoch / global step: 20 / 7020
Train loss: 3.9435
Validation MAE / RMSE / median AE: 6.5232 / 8.8041 / 5.0000
MAE nam / nữ / age bins: {'F': 6.707055214723926, 'M': 6.368127425614489} / {'0-59': 7.375664893617022, '120-179': 6.235475896168109, '60-119': 7.36992385786802, '180-228': 5.109375}
Learning rate / peak VRAM: 0.00008714 / 4334.0 MiB
Best epoch / best MAE / epochs không cải thiện: 12 / 6.1848 / 8
Cảnh báo hiện tại: CAM: Prediction vượt nhẹ miền tuổi 0–228: [8.31, 236.00] | CAM: Validation MAE xấu đi trong khi train loss giảm
Checkpoint gần nhất: p1_baseline\runs\P2_A2_LIGHT_FLIP_CONVNEXT_TINY_SEED42\last.ckpt
Checkpoint tốt nhất: p1_baseline\runs\P2_A2_LIGHT_FLIP_CONVNEXT_TINY_SEED42\best_mae.ckpt
Đề xuất tự động: THEO DÕI
2026-08-14 00:25:40,883 | WARNING | STABILITY WARNING [CAM] Early stopping patience=8
RUN STATUS: early_stopped
