2026-08-15 09:22:08,696 | INFO | Run=P4_D2_CONVNEXT_TINY_MULTISCALE_SEED42 device=cuda config_hash=e3308f702cfc7003712ae9369b84473eaa8f7ab1e64e222e28aadd82f44a9b9a
2026-08-15 09:22:08,699 | INFO | Split hash train=7328667e6822ab074d442155e33eba89606861bb13bbf804be8a1138c78f5285 validation=f650a20432b557405035d12c52716a6c40fdf20e1343ac3ad0cfb7cd8db21631
RESUME CHECK
Run ID: P4_D2_CONVNEXT_TINY_MULTISCALE_SEED42
Checkpoint path: p1_baseline\runs\P4_D2_CONVNEXT_TINY_MULTISCALE_SEED42\last.ckpt
Epoch/global step tiếp tục: 0/2
Best validation MAE trước đó: inf
Split hash khớp: CÓ
Config hash khớp: CÓ
Code version khớp: CÓ
Optimizer/scheduler/scaler đã phục hồi: CÓ
2026-08-15 09:22:23,301 | INFO | epoch=1 batch=25 global_step=8 loss_reg_months=28.3343 lr=0.00020000 grad_norm=4.2019 throughput=21.03 img/s eta_seconds=585.4 gpu_alloc=502.5MiB gpu_reserved=4420.0MiB skipped_batches=0
2026-08-15 09:22:31,647 | INFO | epoch=1 batch=50 global_step=16 loss_reg_months=26.4836 lr=0.00020000 grad_norm=6.1551 throughput=26.54 img/s eta_seconds=452.6 gpu_alloc=502.5MiB gpu_reserved=4420.0MiB skipped_batches=0
2026-08-15 09:22:40,163 | INFO | epoch=1 batch=75 global_step=25 loss_reg_months=23.7142 lr=0.00020000 grad_norm=7.7278 throughput=28.91 img/s eta_seconds=405.0 gpu_alloc=389.2MiB gpu_reserved=4420.0MiB skipped_batches=0
2026-08-15 09:22:48,583 | INFO | epoch=1 batch=100 global_step=33 loss_reg_months=21.9054 lr=0.00020000 grad_norm=6.7027 throughput=30.34 img/s eta_seconds=376.1 gpu_alloc=502.5MiB gpu_reserved=4420.0MiB skipped_batches=0
2026-08-15 09:22:56,910 | INFO | epoch=1 batch=125 global_step=41 loss_reg_months=20.9030 lr=0.00020000 grad_norm=11.2775 throughput=31.33 img/s eta_seconds=354.6 gpu_alloc=502.5MiB gpu_reserved=4420.0MiB skipped_batches=0
2026-08-15 09:23:05,679 | INFO | epoch=1 batch=150 global_step=50 loss_reg_months=20.0160 lr=0.00020000 grad_norm=3.9216 throughput=31.78 img/s eta_seconds=340.2 gpu_alloc=389.2MiB gpu_reserved=4420.0MiB skipped_batches=0
2026-08-15 09:23:14,396 | INFO | epoch=1 batch=175 global_step=58 loss_reg_months=18.9832 lr=0.00020000 grad_norm=8.0356 throughput=32.13 img/s eta_seconds=327.1 gpu_alloc=502.5MiB gpu_reserved=4420.0MiB skipped_batches=0
2026-08-15 09:23:22,981 | INFO | epoch=1 batch=200 global_step=66 loss_reg_months=18.0322 lr=0.00020000 grad_norm=3.5057 throughput=32.46 img/s eta_seconds=314.6 gpu_alloc=502.5MiB gpu_reserved=4420.0MiB skipped_batches=0
2026-08-15 09:23:31,899 | INFO | epoch=1 batch=225 global_step=75 loss_reg_months=17.2129 lr=0.00020000 grad_norm=8.1988 throughput=32.58 img/s eta_seconds=304.2 gpu_alloc=389.2MiB gpu_reserved=4420.0MiB skipped_batches=0
2026-08-15 09:23:40,887 | INFO | epoch=1 batch=250 global_step=83 loss_reg_months=16.6691 lr=0.00020000 grad_norm=5.3130 throughput=32.66 img/s eta_seconds=294.3 gpu_alloc=502.5MiB gpu_reserved=4420.0MiB skipped_batches=0
2026-08-15 09:23:49,868 | INFO | epoch=1 batch=275 global_step=91 loss_reg_months=16.2601 lr=0.00020000 grad_norm=6.8372 throughput=32.73 img/s eta_seconds=284.5 gpu_alloc=502.5MiB gpu_reserved=4420.0MiB skipped_batches=0
2026-08-15 09:23:58,654 | INFO | epoch=1 batch=300 global_step=100 loss_reg_months=15.9084 lr=0.00020000 grad_norm=4.8714 throughput=32.84 img/s eta_seconds=274.4 gpu_alloc=389.2MiB gpu_reserved=4420.0MiB skipped_batches=0
2026-08-15 09:24:07,663 | INFO | epoch=1 batch=325 global_step=108 loss_reg_months=15.6181 lr=0.00020000 grad_norm=4.4000 throughput=32.88 img/s eta_seconds=265.0 gpu_alloc=502.5MiB gpu_reserved=4420.0MiB skipped_batches=0
2026-08-15 09:24:15,878 | INFO | epoch=1 batch=350 global_step=116 loss_reg_months=15.3042 lr=0.00020000 grad_norm=2.6566 throughput=33.11 img/s eta_seconds=254.0 gpu_alloc=502.5MiB gpu_reserved=4420.0MiB skipped_batches=0
2026-08-15 09:24:24,360 | INFO | epoch=1 batch=375 global_step=125 loss_reg_months=14.9420 lr=0.00020000 grad_norm=5.0915 throughput=33.25 img/s eta_seconds=243.9 gpu_alloc=389.2MiB gpu_reserved=4420.0MiB skipped_batches=0
2026-08-15 09:24:32,649 | INFO | epoch=1 batch=400 global_step=133 loss_reg_months=14.5920 lr=0.00020000 grad_norm=2.8981 throughput=33.42 img/s eta_seconds=233.7 gpu_alloc=502.5MiB gpu_reserved=4420.0MiB skipped_batches=0
2026-08-15 09:24:40,525 | INFO | epoch=1 batch=425 global_step=141 loss_reg_months=14.3079 lr=0.00020000 grad_norm=8.6609 throughput=33.67 img/s eta_seconds=223.1 gpu_alloc=502.5MiB gpu_reserved=4420.0MiB skipped_batches=0
2026-08-15 09:24:48,195 | INFO | epoch=1 batch=450 global_step=150 loss_reg_months=14.0796 lr=0.00020000 grad_norm=5.6295 throughput=33.93 img/s eta_seconds=212.5 gpu_alloc=389.2MiB gpu_reserved=4420.0MiB skipped_batches=0
2026-08-15 09:24:55,842 | INFO | epoch=1 batch=475 global_step=158 loss_reg_months=13.8462 lr=0.00020000 grad_norm=7.3416 throughput=34.17 img/s eta_seconds=202.2 gpu_alloc=502.5MiB gpu_reserved=4420.0MiB skipped_batches=0
2026-08-15 09:25:03,496 | INFO | epoch=1 batch=500 global_step=166 loss_reg_months=13.6328 lr=0.00020000 grad_norm=3.5851 throughput=34.39 img/s eta_seconds=192.2 gpu_alloc=502.5MiB gpu_reserved=4420.0MiB skipped_batches=0
2026-08-15 09:25:11,177 | INFO | epoch=1 batch=525 global_step=175 loss_reg_months=13.4855 lr=0.00020000 grad_norm=5.2610 throughput=34.59 img/s eta_seconds=182.5 gpu_alloc=389.2MiB gpu_reserved=4420.0MiB skipped_batches=0
2026-08-15 09:25:18,911 | INFO | epoch=1 batch=550 global_step=183 loss_reg_months=13.3212 lr=0.00020000 grad_norm=2.9096 throughput=34.76 img/s eta_seconds=172.9 gpu_alloc=502.5MiB gpu_reserved=4420.0MiB skipped_batches=0
2026-08-15 09:25:26,550 | INFO | epoch=1 batch=575 global_step=191 loss_reg_months=13.1456 lr=0.00020000 grad_norm=5.9761 throughput=34.93 img/s eta_seconds=163.5 gpu_alloc=502.5MiB gpu_reserved=4420.0MiB skipped_batches=0
2026-08-15 09:25:34,218 | INFO | epoch=1 batch=600 global_step=200 loss_reg_months=12.9762 lr=0.00020000 grad_norm=2.5654 throughput=35.09 img/s eta_seconds=154.2 gpu_alloc=389.2MiB gpu_reserved=4420.0MiB skipped_batches=0
2026-08-15 09:25:41,881 | INFO | epoch=1 batch=625 global_step=208 loss_reg_months=12.7863 lr=0.00020000 grad_norm=4.5620 throughput=35.24 img/s eta_seconds=145.0 gpu_alloc=502.5MiB gpu_reserved=4420.0MiB skipped_batches=0
2026-08-15 09:25:49,527 | INFO | epoch=1 batch=650 global_step=216 loss_reg_months=12.6977 lr=0.00020000 grad_norm=5.9382 throughput=35.38 img/s eta_seconds=136.0 gpu_alloc=502.5MiB gpu_reserved=4420.0MiB skipped_batches=0
2026-08-15 09:25:57,620 | INFO | epoch=1 batch=675 global_step=225 loss_reg_months=12.6192 lr=0.00020000 grad_norm=4.9589 throughput=35.44 img/s eta_seconds=127.3 gpu_alloc=389.2MiB gpu_reserved=4420.0MiB skipped_batches=0
2026-08-15 09:26:05,312 | INFO | epoch=1 batch=700 global_step=233 loss_reg_months=12.4627 lr=0.00020000 grad_norm=3.3175 throughput=35.55 img/s eta_seconds=118.4 gpu_alloc=502.5MiB gpu_reserved=4420.0MiB skipped_batches=0
2026-08-15 09:26:12,963 | INFO | epoch=1 batch=725 global_step=241 loss_reg_months=12.3760 lr=0.00020000 grad_norm=5.2573 throughput=35.67 img/s eta_seconds=109.7 gpu_alloc=502.5MiB gpu_reserved=4420.0MiB skipped_batches=0
2026-08-15 09:26:20,745 | INFO | epoch=1 batch=750 global_step=250 loss_reg_months=12.2829 lr=0.00020000 grad_norm=2.5066 throughput=35.76 img/s eta_seconds=101.0 gpu_alloc=389.2MiB gpu_reserved=4420.0MiB skipped_batches=0
2026-08-15 09:26:28,399 | INFO | epoch=1 batch=775 global_step=258 loss_reg_months=12.1469 lr=0.00020000 grad_norm=3.2322 throughput=35.86 img/s eta_seconds=92.3 gpu_alloc=502.5MiB gpu_reserved=4420.0MiB skipped_batches=0
2026-08-15 09:26:36,051 | INFO | epoch=1 batch=800 global_step=266 loss_reg_months=12.0320 lr=0.00020000 grad_norm=2.2551 throughput=35.95 img/s eta_seconds=83.7 gpu_alloc=502.5MiB gpu_reserved=4420.0MiB skipped_batches=0
2026-08-15 09:26:43,725 | INFO | epoch=1 batch=825 global_step=275 loss_reg_months=11.9154 lr=0.00020000 grad_norm=3.5098 throughput=36.04 img/s eta_seconds=75.2 gpu_alloc=389.2MiB gpu_reserved=4420.0MiB skipped_batches=0
2026-08-15 09:26:51,386 | INFO | epoch=1 batch=850 global_step=283 loss_reg_months=11.8086 lr=0.00020000 grad_norm=3.8035 throughput=36.13 img/s eta_seconds=66.7 gpu_alloc=502.5MiB gpu_reserved=4420.0MiB skipped_batches=0
2026-08-15 09:26:59,211 | INFO | epoch=1 batch=875 global_step=291 loss_reg_months=11.6956 lr=0.00020000 grad_norm=3.8521 throughput=36.19 img/s eta_seconds=58.3 gpu_alloc=502.5MiB gpu_reserved=4420.0MiB skipped_batches=0
2026-08-15 09:27:06,886 | INFO | epoch=1 batch=900 global_step=300 loss_reg_months=11.5704 lr=0.00020000 grad_norm=2.3605 throughput=36.26 img/s eta_seconds=49.9 gpu_alloc=389.2MiB gpu_reserved=4420.0MiB skipped_batches=0
2026-08-15 09:27:14,553 | INFO | epoch=1 batch=925 global_step=308 loss_reg_months=11.4473 lr=0.00020000 grad_norm=1.7846 throughput=36.33 img/s eta_seconds=41.6 gpu_alloc=502.5MiB gpu_reserved=4420.0MiB skipped_batches=0
2026-08-15 09:27:22,221 | INFO | epoch=1 batch=950 global_step=316 loss_reg_months=11.3226 lr=0.00020000 grad_norm=3.2192 throughput=36.40 img/s eta_seconds=33.3 gpu_alloc=502.5MiB gpu_reserved=4420.0MiB skipped_batches=0
2026-08-15 09:27:30,104 | INFO | epoch=1 batch=975 global_step=325 loss_reg_months=11.2207 lr=0.00020000 grad_norm=2.4943 throughput=36.44 img/s eta_seconds=25.0 gpu_alloc=389.2MiB gpu_reserved=4420.0MiB skipped_batches=0
2026-08-15 09:27:37,787 | INFO | epoch=1 batch=1000 global_step=333 loss_reg_months=11.1265 lr=0.00020000 grad_norm=2.5373 throughput=36.50 img/s eta_seconds=16.7 gpu_alloc=502.5MiB gpu_reserved=4420.0MiB skipped_batches=0
2026-08-15 09:27:45,437 | INFO | epoch=1 batch=1025 global_step=341 loss_reg_months=11.0467 lr=0.00020000 grad_norm=2.5603 throughput=36.56 img/s eta_seconds=8.5 gpu_alloc=502.5MiB gpu_reserved=4420.0MiB skipped_batches=0
2026-08-15 09:27:53,111 | INFO | epoch=1 batch=1050 global_step=350 loss_reg_months=10.9584 lr=0.00020000 grad_norm=3.0998 throughput=36.62 img/s eta_seconds=0.3 gpu_alloc=389.2MiB gpu_reserved=4420.0MiB skipped_batches=0
2026-08-15 09:28:20,030 | INFO | 
TRAINING REVIEW SNAPSHOT
Run ID / config hash / split hash: P4_D2_CONVNEXT_TINY_MULTISCALE_SEED42 / e3308f702cfc / 7328667e6822+f650a20432b5
Epoch / global step: 1 / 351
Train loss: 10.9530
Validation MAE / RMSE / median AE: 8.4634 / 11.1512 / 6.5000
MAE nam / nữ / age bins: {'F': 8.379409509202453, 'M': 8.534282018111254} / {'0-59': 18.99867021276596, '120-179': 6.984548825710754, '60-119': 8.964467005076141, '180-228': 8.53125}
Learning rate / peak VRAM: 0.00020000 / 4420.0 MiB
Best epoch / best MAE / epochs không cải thiện: 1 / 8.4634 / 0
Cảnh báo hiện tại: KHÔNG
Checkpoint gần nhất: p1_baseline\runs\P4_D2_CONVNEXT_TINY_MULTISCALE_SEED42\last.ckpt
Checkpoint tốt nhất: p1_baseline\runs\P4_D2_CONVNEXT_TINY_MULTISCALE_SEED42\best_mae.ckpt
Đề xuất tự động: TIẾP TỤC
2026-08-15 09:28:35,233 | INFO | epoch=2 batch=25 global_step=359 loss_reg_months=8.1339 lr=0.00019960 grad_norm=4.5639 throughput=20.56 img/s eta_seconds=598.8 gpu_alloc=502.5MiB gpu_reserved=4420.0MiB skipped_batches=0
2026-08-15 09:28:42,854 | INFO | epoch=2 batch=50 global_step=367 loss_reg_months=7.5041 lr=0.00019960 grad_norm=3.4330 throughput=27.01 img/s eta_seconds=444.7 gpu_alloc=502.5MiB gpu_reserved=4420.0MiB skipped_batches=0
2026-08-15 09:28:50,503 | INFO | epoch=2 batch=75 global_step=376 loss_reg_months=7.1959 lr=0.00019960 grad_norm=2.1291 throughput=30.14 img/s eta_seconds=388.5 gpu_alloc=389.2MiB gpu_reserved=4420.0MiB skipped_batches=0
2026-08-15 09:28:58,143 | INFO | epoch=2 batch=100 global_step=384 loss_reg_months=7.1470 lr=0.00019960 grad_norm=2.2545 throughput=32.00 img/s eta_seconds=356.6 gpu_alloc=502.5MiB gpu_reserved=4420.0MiB skipped_batches=0
2026-08-15 09:29:05,800 | INFO | epoch=2 batch=125 global_step=392 loss_reg_months=7.3578 lr=0.00019960 grad_norm=3.0186 throughput=33.22 img/s eta_seconds=334.5 gpu_alloc=502.5MiB gpu_reserved=4420.0MiB skipped_batches=0
2026-08-15 09:29:13,571 | INFO | epoch=2 batch=150 global_step=401 loss_reg_months=7.4134 lr=0.00019960 grad_norm=3.6593 throughput=34.01 img/s eta_seconds=317.9 gpu_alloc=389.2MiB gpu_reserved=4420.0MiB skipped_batches=0
2026-08-15 09:29:21,331 | INFO | epoch=2 batch=175 global_step=409 loss_reg_months=7.3640 lr=0.00019960 grad_norm=1.7189 throughput=34.60 img/s eta_seconds=303.8 gpu_alloc=502.5MiB gpu_reserved=4420.0MiB skipped_batches=0
2026-08-15 09:29:28,972 | INFO | epoch=2 batch=200 global_step=417 loss_reg_months=7.3017 lr=0.00019960 grad_norm=2.3518 throughput=35.12 img/s eta_seconds=290.7 gpu_alloc=502.5MiB gpu_reserved=4420.0MiB skipped_batches=0
2026-08-15 09:29:36,646 | INFO | epoch=2 batch=225 global_step=426 loss_reg_months=7.2218 lr=0.00019960 grad_norm=2.7121 throughput=35.52 img/s eta_seconds=279.0 gpu_alloc=389.2MiB gpu_reserved=4420.0MiB skipped_batches=0
2026-08-15 09:29:44,299 | INFO | epoch=2 batch=250 global_step=434 loss_reg_months=7.2491 lr=0.00019960 grad_norm=3.7016 throughput=35.86 img/s eta_seconds=268.0 gpu_alloc=502.5MiB gpu_reserved=4420.0MiB skipped_batches=0
2026-08-15 09:29:51,956 | INFO | epoch=2 batch=275 global_step=442 loss_reg_months=7.1803 lr=0.00019960 grad_norm=3.4221 throughput=36.14 img/s eta_seconds=257.6 gpu_alloc=502.5MiB gpu_reserved=4420.0MiB skipped_batches=0
2026-08-15 09:29:59,631 | INFO | epoch=2 batch=300 global_step=451 loss_reg_months=7.1422 lr=0.00019960 grad_norm=3.3353 throughput=36.37 img/s eta_seconds=247.8 gpu_alloc=389.2MiB gpu_reserved=4420.0MiB skipped_batches=0
2026-08-15 09:30:07,379 | INFO | epoch=2 batch=325 global_step=459 loss_reg_months=7.1341 lr=0.00019960 grad_norm=3.7051 throughput=36.54 img/s eta_seconds=238.4 gpu_alloc=502.5MiB gpu_reserved=4420.0MiB skipped_batches=0
2026-08-15 09:30:15,030 | INFO | epoch=2 batch=350 global_step=467 loss_reg_months=7.1035 lr=0.00019960 grad_norm=1.4229 throughput=36.72 img/s eta_seconds=229.1 gpu_alloc=502.5MiB gpu_reserved=4420.0MiB skipped_batches=0
2026-08-15 09:30:22,809 | INFO | epoch=2 batch=375 global_step=476 loss_reg_months=7.0628 lr=0.00019960 grad_norm=2.5259 throughput=36.83 img/s eta_seconds=220.2 gpu_alloc=389.2MiB gpu_reserved=4420.0MiB skipped_batches=0
2026-08-15 09:30:30,519 | INFO | epoch=2 batch=400 global_step=484 loss_reg_months=7.0226 lr=0.00019960 grad_norm=4.9006 throughput=36.96 img/s eta_seconds=211.3 gpu_alloc=502.5MiB gpu_reserved=4420.0MiB skipped_batches=0
2026-08-15 09:30:38,179 | INFO | epoch=2 batch=425 global_step=492 loss_reg_months=7.1108 lr=0.00019960 grad_norm=4.1434 throughput=37.08 img/s eta_seconds=202.6 gpu_alloc=502.5MiB gpu_reserved=4420.0MiB skipped_batches=0
2026-08-15 09:30:46,715 | INFO | epoch=2 batch=450 global_step=501 loss_reg_months=7.0664 lr=0.00019960 grad_norm=4.3849 throughput=36.97 img/s eta_seconds=195.1 gpu_alloc=389.2MiB gpu_reserved=4420.0MiB skipped_batches=0
2026-08-15 09:30:54,752 | INFO | epoch=2 batch=475 global_step=509 loss_reg_months=7.0262 lr=0.00019960 grad_norm=1.9638 throughput=36.99 img/s eta_seconds=186.9 gpu_alloc=502.5MiB gpu_reserved=4420.0MiB skipped_batches=0
2026-08-15 09:31:02,419 | INFO | epoch=2 batch=500 global_step=517 loss_reg_months=7.0065 lr=0.00019960 grad_norm=2.4624 throughput=37.09 img/s eta_seconds=178.3 gpu_alloc=502.5MiB gpu_reserved=4420.0MiB skipped_batches=0
2026-08-15 09:31:10,396 | INFO | epoch=2 batch=525 global_step=526 loss_reg_months=6.9939 lr=0.00019960 grad_norm=3.0774 throughput=37.11 img/s eta_seconds=170.1 gpu_alloc=389.2MiB gpu_reserved=4420.0MiB skipped_batches=0
2026-08-15 09:31:18,201 | INFO | epoch=2 batch=550 global_step=534 loss_reg_months=6.9907 lr=0.00019960 grad_norm=2.2494 throughput=37.17 img/s eta_seconds=161.7 gpu_alloc=502.5MiB gpu_reserved=4420.0MiB skipped_batches=0
2026-08-15 09:31:26,489 | INFO | epoch=2 batch=575 global_step=542 loss_reg_months=7.0177 lr=0.00019960 grad_norm=1.7613 throughput=37.13 img/s eta_seconds=153.8 gpu_alloc=502.5MiB gpu_reserved=4420.0MiB skipped_batches=0
2026-08-15 09:31:34,309 | INFO | epoch=2 batch=600 global_step=551 loss_reg_months=7.0875 lr=0.00019960 grad_norm=4.1683 throughput=37.18 img/s eta_seconds=145.5 gpu_alloc=389.2MiB gpu_reserved=4420.0MiB skipped_batches=0
2026-08-15 09:31:42,109 | INFO | epoch=2 batch=625 global_step=559 loss_reg_months=7.0531 lr=0.00019960 grad_norm=1.3793 throughput=37.23 img/s eta_seconds=137.3 gpu_alloc=502.5MiB gpu_reserved=4420.0MiB skipped_batches=0
2026-08-15 09:31:50,248 | INFO | epoch=2 batch=650 global_step=567 loss_reg_months=7.0699 lr=0.00019960 grad_norm=3.1075 throughput=37.21 img/s eta_seconds=129.3 gpu_alloc=502.5MiB gpu_reserved=4420.0MiB skipped_batches=0
2026-08-15 09:31:57,964 | INFO | epoch=2 batch=675 global_step=576 loss_reg_months=7.0464 lr=0.00019960 grad_norm=1.7733 throughput=37.27 img/s eta_seconds=121.0 gpu_alloc=389.2MiB gpu_reserved=4420.0MiB skipped_batches=0
2026-08-15 09:32:05,627 | INFO | epoch=2 batch=700 global_step=584 loss_reg_months=7.0245 lr=0.00019960 grad_norm=2.4399 throughput=37.34 img/s eta_seconds=112.8 gpu_alloc=502.5MiB gpu_reserved=4420.0MiB skipped_batches=0
2026-08-15 09:32:13,319 | INFO | epoch=2 batch=725 global_step=592 loss_reg_months=6.9917 lr=0.00019960 grad_norm=2.5536 throughput=37.39 img/s eta_seconds=104.6 gpu_alloc=502.5MiB gpu_reserved=4420.0MiB skipped_batches=0
2026-08-15 09:32:21,011 | INFO | epoch=2 batch=750 global_step=601 loss_reg_months=6.9825 lr=0.00019960 grad_norm=3.1303 throughput=37.44 img/s eta_seconds=96.4 gpu_alloc=389.2MiB gpu_reserved=4420.0MiB skipped_batches=0
2026-08-15 09:32:28,944 | INFO | epoch=2 batch=775 global_step=609 loss_reg_months=6.9791 lr=0.00019960 grad_norm=2.2151 throughput=37.45 img/s eta_seconds=88.4 gpu_alloc=502.5MiB gpu_reserved=4420.0MiB skipped_batches=0
2026-08-15 09:32:36,607 | INFO | epoch=2 batch=800 global_step=617 loss_reg_months=6.9622 lr=0.00019960 grad_norm=3.9336 throughput=37.51 img/s eta_seconds=80.3 gpu_alloc=502.5MiB gpu_reserved=4420.0MiB skipped_batches=0
2026-08-15 09:32:44,294 | INFO | epoch=2 batch=825 global_step=626 loss_reg_months=6.9460 lr=0.00019960 grad_norm=2.6319 throughput=37.55 img/s eta_seconds=72.2 gpu_alloc=389.2MiB gpu_reserved=4420.0MiB skipped_batches=0
2026-08-15 09:32:52,037 | INFO | epoch=2 batch=850 global_step=634 loss_reg_months=6.9252 lr=0.00019960 grad_norm=3.8840 throughput=37.58 img/s eta_seconds=64.2 gpu_alloc=502.5MiB gpu_reserved=4420.0MiB skipped_batches=0
2026-08-15 09:32:59,768 | INFO | epoch=2 batch=875 global_step=642 loss_reg_months=6.9107 lr=0.00019960 grad_norm=3.7608 throughput=37.62 img/s eta_seconds=56.1 gpu_alloc=502.5MiB gpu_reserved=4420.0MiB skipped_batches=0
2026-08-15 09:33:07,511 | INFO | epoch=2 batch=900 global_step=651 loss_reg_months=6.8959 lr=0.00019960 grad_norm=1.7698 throughput=37.65 img/s eta_seconds=48.1 gpu_alloc=389.2MiB gpu_reserved=4420.0MiB skipped_batches=0
2026-08-15 09:33:15,180 | INFO | epoch=2 batch=925 global_step=659 loss_reg_months=6.8901 lr=0.00019960 grad_norm=2.3864 throughput=37.69 img/s eta_seconds=40.1 gpu_alloc=502.5MiB gpu_reserved=4420.0MiB skipped_batches=0
2026-08-15 09:33:22,838 | INFO | epoch=2 batch=950 global_step=667 loss_reg_months=6.8880 lr=0.00019960 grad_norm=1.4786 throughput=37.72 img/s eta_seconds=32.1 gpu_alloc=502.5MiB gpu_reserved=4420.0MiB skipped_batches=0
2026-08-15 09:33:30,525 | INFO | epoch=2 batch=975 global_step=676 loss_reg_months=6.8817 lr=0.00019960 grad_norm=1.9612 throughput=37.76 img/s eta_seconds=24.1 gpu_alloc=389.2MiB gpu_reserved=4420.0MiB skipped_batches=0
2026-08-15 09:33:38,208 | INFO | epoch=2 batch=1000 global_step=684 loss_reg_months=6.9124 lr=0.00019960 grad_norm=2.1458 throughput=37.79 img/s eta_seconds=16.2 gpu_alloc=502.5MiB gpu_reserved=4420.0MiB skipped_batches=0
2026-08-15 09:33:45,871 | INFO | epoch=2 batch=1025 global_step=692 loss_reg_months=6.9074 lr=0.00019960 grad_norm=2.0888 throughput=37.82 img/s eta_seconds=8.2 gpu_alloc=502.5MiB gpu_reserved=4420.0MiB skipped_batches=0
2026-08-15 09:33:53,568 | INFO | epoch=2 batch=1050 global_step=701 loss_reg_months=6.9084 lr=0.00019960 grad_norm=2.1103 throughput=37.85 img/s eta_seconds=0.3 gpu_alloc=389.2MiB gpu_reserved=4420.0MiB skipped_batches=0
2026-08-15 09:34:21,272 | INFO | 
TRAINING REVIEW SNAPSHOT
Run ID / config hash / split hash: P4_D2_CONVNEXT_TINY_MULTISCALE_SEED42 / e3308f702cfc / 7328667e6822+f650a20432b5
Epoch / global step: 2 / 702
Train loss: 6.9064
Validation MAE / RMSE / median AE: 7.5397 / 9.7683 / 6.0000
MAE nam / nữ / age bins: {'F': 7.6489647239263805, 'M': 7.447606727037516} / {'0-59': 15.615691489361701, '120-179': 6.7490729295426455, '60-119': 7.475253807106599, '180-228': 6.8046875}
Learning rate / peak VRAM: 0.00019960 / 4420.0 MiB
Best epoch / best MAE / epochs không cải thiện: 2 / 7.5397 / 0
Cảnh báo hiện tại: KHÔNG
Checkpoint gần nhất: p1_baseline\runs\P4_D2_CONVNEXT_TINY_MULTISCALE_SEED42\last.ckpt
Checkpoint tốt nhất: p1_baseline\runs\P4_D2_CONVNEXT_TINY_MULTISCALE_SEED42\best_mae.ckpt
Đề xuất tự động: TIẾP TỤC
2026-08-15 09:34:41,157 | INFO | epoch=3 batch=25 global_step=710 loss_reg_months=6.4158 lr=0.00019840 grad_norm=3.0271 throughput=20.08 img/s eta_seconds=613.2 gpu_alloc=502.5MiB gpu_reserved=4420.0MiB skipped_batches=0
2026-08-15 09:34:48,761 | INFO | epoch=3 batch=50 global_step=718 loss_reg_months=6.7635 lr=0.00019840 grad_norm=2.4179 throughput=26.61 img/s eta_seconds=451.3 gpu_alloc=502.5MiB gpu_reserved=4420.0MiB skipped_batches=0
2026-08-15 09:34:56,404 | INFO | epoch=3 batch=75 global_step=727 loss_reg_months=6.2734 lr=0.00019840 grad_norm=1.9765 throughput=29.81 img/s eta_seconds=392.8 gpu_alloc=389.2MiB gpu_reserved=4420.0MiB skipped_batches=0
2026-08-15 09:35:04,063 | INFO | epoch=3 batch=100 global_step=735 loss_reg_months=6.5069 lr=0.00019840 grad_norm=3.1961 throughput=31.71 img/s eta_seconds=359.9 gpu_alloc=502.5MiB gpu_reserved=4420.0MiB skipped_batches=0
2026-08-15 09:35:11,702 | INFO | epoch=3 batch=125 global_step=743 loss_reg_months=6.4835 lr=0.00019840 grad_norm=2.8344 throughput=32.98 img/s eta_seconds=336.9 gpu_alloc=502.5MiB gpu_reserved=4420.0MiB skipped_batches=0
2026-08-15 09:35:19,425 | INFO | epoch=3 batch=150 global_step=752 loss_reg_months=6.6149 lr=0.00019840 grad_norm=1.8739 throughput=33.83 img/s eta_seconds=319.6 gpu_alloc=389.2MiB gpu_reserved=4420.0MiB skipped_batches=0
2026-08-15 09:35:27,112 | INFO | epoch=3 batch=175 global_step=760 loss_reg_months=6.5972 lr=0.00019840 grad_norm=3.6827 throughput=34.48 img/s eta_seconds=304.8 gpu_alloc=502.5MiB gpu_reserved=4420.0MiB skipped_batches=0
2026-08-15 09:35:34,748 | INFO | epoch=3 batch=200 global_step=768 loss_reg_months=6.5274 lr=0.00019840 grad_norm=3.5851 throughput=35.02 img/s eta_seconds=291.6 gpu_alloc=502.5MiB gpu_reserved=4420.0MiB skipped_batches=0
2026-08-15 09:35:42,413 | INFO | epoch=3 batch=225 global_step=777 loss_reg_months=6.5482 lr=0.00019840 grad_norm=3.0608 throughput=35.43 img/s eta_seconds=279.7 gpu_alloc=389.2MiB gpu_reserved=4420.0MiB skipped_batches=0
2026-08-15 09:35:50,150 | INFO | epoch=3 batch=250 global_step=785 loss_reg_months=6.5540 lr=0.00019840 grad_norm=2.5366 throughput=35.74 img/s eta_seconds=268.9 gpu_alloc=502.5MiB gpu_reserved=4420.0MiB skipped_batches=0
2026-08-15 09:35:57,921 | INFO | epoch=3 batch=275 global_step=793 loss_reg_months=6.5776 lr=0.00019840 grad_norm=2.9042 throughput=35.98 img/s eta_seconds=258.8 gpu_alloc=502.5MiB gpu_reserved=4420.0MiB skipped_batches=0
2026-08-15 09:36:05,608 | INFO | epoch=3 batch=300 global_step=802 loss_reg_months=6.5411 lr=0.00019840 grad_norm=1.5635 throughput=36.22 img/s eta_seconds=248.8 gpu_alloc=389.2MiB gpu_reserved=4420.0MiB skipped_batches=0
2026-08-15 09:36:13,512 | INFO | epoch=3 batch=325 global_step=810 loss_reg_months=6.5645 lr=0.00019840 grad_norm=2.0714 throughput=36.35 img/s eta_seconds=239.7 gpu_alloc=502.5MiB gpu_reserved=4420.0MiB skipped_batches=0
2026-08-15 09:36:21,207 | INFO | epoch=3 batch=350 global_step=818 loss_reg_months=6.5379 lr=0.00019840 grad_norm=3.3414 throughput=36.52 img/s eta_seconds=230.3 gpu_alloc=502.5MiB gpu_reserved=4420.0MiB skipped_batches=0
2026-08-15 09:36:28,890 | INFO | epoch=3 batch=375 global_step=827 loss_reg_months=6.6105 lr=0.00019840 grad_norm=2.6110 throughput=36.68 img/s eta_seconds=221.1 gpu_alloc=389.2MiB gpu_reserved=4420.0MiB skipped_batches=0
2026-08-15 09:36:36,548 | INFO | epoch=3 batch=400 global_step=835 loss_reg_months=6.6526 lr=0.00019840 grad_norm=4.0707 throughput=36.83 img/s eta_seconds=212.1 gpu_alloc=502.5MiB gpu_reserved=4420.0MiB skipped_batches=0
2026-08-15 09:36:44,199 | INFO | epoch=3 batch=425 global_step=843 loss_reg_months=6.6964 lr=0.00019840 grad_norm=4.9039 throughput=36.96 img/s eta_seconds=203.2 gpu_alloc=502.5MiB gpu_reserved=4420.0MiB skipped_batches=0
2026-08-15 09:36:51,885 | INFO | epoch=3 batch=450 global_step=852 loss_reg_months=6.6822 lr=0.00019840 grad_norm=2.2401 throughput=37.07 img/s eta_seconds=194.5 gpu_alloc=389.2MiB gpu_reserved=4420.0MiB skipped_batches=0
2026-08-15 09:36:59,541 | INFO | epoch=3 batch=475 global_step=860 loss_reg_months=6.6840 lr=0.00019840 grad_norm=2.2798 throughput=37.18 img/s eta_seconds=185.9 gpu_alloc=502.5MiB gpu_reserved=4420.0MiB skipped_batches=0
2026-08-15 09:37:07,311 | INFO | epoch=3 batch=500 global_step=868 loss_reg_months=6.6940 lr=0.00019840 grad_norm=2.5631 throughput=37.24 img/s eta_seconds=177.5 gpu_alloc=502.5MiB gpu_reserved=4420.0MiB skipped_batches=0
2026-08-15 09:37:15,027 | INFO | epoch=3 batch=525 global_step=877 loss_reg_months=6.6758 lr=0.00019840 grad_norm=2.6141 throughput=37.32 img/s eta_seconds=169.1 gpu_alloc=389.2MiB gpu_reserved=4420.0MiB skipped_batches=0
2026-08-15 09:37:22,939 | INFO | epoch=3 batch=550 global_step=885 loss_reg_months=6.6477 lr=0.00019840 grad_norm=1.6462 throughput=37.35 img/s eta_seconds=161.0 gpu_alloc=502.5MiB gpu_reserved=4420.0MiB skipped_batches=0
2026-08-15 09:37:30,597 | INFO | epoch=3 batch=575 global_step=893 loss_reg_months=6.6694 lr=0.00019840 grad_norm=1.5626 throughput=37.42 img/s eta_seconds=152.6 gpu_alloc=502.5MiB gpu_reserved=4420.0MiB skipped_batches=0
2026-08-15 09:37:38,281 | INFO | epoch=3 batch=600 global_step=902 loss_reg_months=6.6274 lr=0.00019840 grad_norm=2.2200 throughput=37.49 img/s eta_seconds=144.3 gpu_alloc=389.2MiB gpu_reserved=4420.0MiB skipped_batches=0
2026-08-15 09:37:45,943 | INFO | epoch=3 batch=625 global_step=910 loss_reg_months=6.6103 lr=0.00019840 grad_norm=2.8179 throughput=37.55 img/s eta_seconds=136.1 gpu_alloc=502.5MiB gpu_reserved=4420.0MiB skipped_batches=0
2026-08-15 09:37:53,810 | INFO | epoch=3 batch=650 global_step=918 loss_reg_months=6.5712 lr=0.00019840 grad_norm=1.9009 throughput=37.57 img/s eta_seconds=128.0 gpu_alloc=502.5MiB gpu_reserved=4420.0MiB skipped_batches=0
2026-08-15 09:38:01,618 | INFO | epoch=3 batch=675 global_step=927 loss_reg_months=6.5454 lr=0.00019840 grad_norm=2.0843 throughput=37.60 img/s eta_seconds=120.0 gpu_alloc=389.2MiB gpu_reserved=4420.0MiB skipped_batches=0
2026-08-15 09:38:09,641 | INFO | epoch=3 batch=700 global_step=935 loss_reg_months=6.5512 lr=0.00019840 grad_norm=2.2839 throughput=37.60 img/s eta_seconds=112.0 gpu_alloc=502.5MiB gpu_reserved=4420.0MiB skipped_batches=0
2026-08-15 09:38:17,309 | INFO | epoch=3 batch=725 global_step=943 loss_reg_months=6.5304 lr=0.00019840 grad_norm=2.0569 throughput=37.65 img/s eta_seconds=103.9 gpu_alloc=502.5MiB gpu_reserved=4420.0MiB skipped_batches=0
2026-08-15 09:38:25,231 | INFO | epoch=3 batch=750 global_step=952 loss_reg_months=6.5401 lr=0.00019840 grad_norm=1.4686 throughput=37.65 img/s eta_seconds=95.9 gpu_alloc=389.2MiB gpu_reserved=4420.0MiB skipped_batches=0
2026-08-15 09:38:33,071 | INFO | epoch=3 batch=775 global_step=960 loss_reg_months=6.5345 lr=0.00019840 grad_norm=1.8619 throughput=37.67 img/s eta_seconds=87.9 gpu_alloc=502.5MiB gpu_reserved=4420.0MiB skipped_batches=0
2026-08-15 09:38:40,736 | INFO | epoch=3 batch=800 global_step=968 loss_reg_months=6.5371 lr=0.00019840 grad_norm=2.4430 throughput=37.72 img/s eta_seconds=79.8 gpu_alloc=502.5MiB gpu_reserved=4420.0MiB skipped_batches=0
2026-08-15 09:38:48,416 | INFO | epoch=3 batch=825 global_step=977 loss_reg_months=6.5594 lr=0.00019840 grad_norm=3.2921 throughput=37.76 img/s eta_seconds=71.8 gpu_alloc=389.2MiB gpu_reserved=4420.0MiB skipped_batches=0
2026-08-15 09:38:56,081 | INFO | epoch=3 batch=850 global_step=985 loss_reg_months=6.5630 lr=0.00019840 grad_norm=2.3437 throughput=37.80 img/s eta_seconds=63.8 gpu_alloc=502.5MiB gpu_reserved=4420.0MiB skipped_batches=0
2026-08-15 09:39:03,801 | INFO | epoch=3 batch=875 global_step=993 loss_reg_months=6.5609 lr=0.00019840 grad_norm=1.3756 throughput=37.83 img/s eta_seconds=55.8 gpu_alloc=502.5MiB gpu_reserved=4420.0MiB skipped_batches=0
2026-08-15 09:39:12,784 | INFO | epoch=3 batch=900 global_step=1002 loss_reg_months=6.5301 lr=0.00019840 grad_norm=2.1295 throughput=37.69 img/s eta_seconds=48.1 gpu_alloc=389.2MiB gpu_reserved=4420.0MiB skipped_batches=0
2026-08-15 09:39:20,560 | INFO | epoch=3 batch=925 global_step=1010 loss_reg_months=6.5178 lr=0.00019840 grad_norm=2.2801 throughput=37.71 img/s eta_seconds=40.1 gpu_alloc=502.5MiB gpu_reserved=4420.0MiB skipped_batches=0
2026-08-15 09:39:28,335 | INFO | epoch=3 batch=950 global_step=1018 loss_reg_months=6.5057 lr=0.00019840 grad_norm=3.3351 throughput=37.73 img/s eta_seconds=32.1 gpu_alloc=502.5MiB gpu_reserved=4420.0MiB skipped_batches=0
2026-08-15 09:39:36,022 | INFO | epoch=3 batch=975 global_step=1027 loss_reg_months=6.4982 lr=0.00019840 grad_norm=2.2070 throughput=37.77 img/s eta_seconds=24.1 gpu_alloc=389.2MiB gpu_reserved=4420.0MiB skipped_batches=0
2026-08-15 09:39:43,755 | INFO | epoch=3 batch=1000 global_step=1035 loss_reg_months=6.4685 lr=0.00019840 grad_norm=1.2776 throughput=37.79 img/s eta_seconds=16.2 gpu_alloc=502.5MiB gpu_reserved=4420.0MiB skipped_batches=0
2026-08-15 09:39:51,434 | INFO | epoch=3 batch=1025 global_step=1043 loss_reg_months=6.4622 lr=0.00019840 grad_norm=2.5048 throughput=37.82 img/s eta_seconds=8.2 gpu_alloc=502.5MiB gpu_reserved=4420.0MiB skipped_batches=0
2026-08-15 09:39:59,123 | INFO | epoch=3 batch=1050 global_step=1052 loss_reg_months=6.4388 lr=0.00019840 grad_norm=2.0678 throughput=37.85 img/s eta_seconds=0.3 gpu_alloc=389.2MiB gpu_reserved=4420.0MiB skipped_batches=0
2026-08-15 09:40:25,621 | WARNING | STABILITY WARNING [CAM] Prediction vượt nhẹ miền tuổi 0–228: [16.88, 232.00]
2026-08-15 09:40:26,955 | INFO | 
TRAINING REVIEW SNAPSHOT
Run ID / config hash / split hash: P4_D2_CONVNEXT_TINY_MULTISCALE_SEED42 / e3308f702cfc / 7328667e6822+f650a20432b5
Epoch / global step: 3 / 1053
Train loss: 6.4385
Validation MAE / RMSE / median AE: 7.3592 / 9.5282 / 6.0000
MAE nam / nữ / age bins: {'F': 7.614455521472393, 'M': 7.143919793014231} / {'0-59': 11.756648936170214, '120-179': 7.442521631644005, '60-119': 6.628807106598985, '180-228': 5.8515625}
Learning rate / peak VRAM: 0.00019840 / 4420.0 MiB
Best epoch / best MAE / epochs không cải thiện: 3 / 7.3592 / 0
Cảnh báo hiện tại: CAM: Prediction vượt nhẹ miền tuổi 0–228: [16.88, 232.00]
Checkpoint gần nhất: p1_baseline\runs\P4_D2_CONVNEXT_TINY_MULTISCALE_SEED42\last.ckpt
Checkpoint tốt nhất: p1_baseline\runs\P4_D2_CONVNEXT_TINY_MULTISCALE_SEED42\best_mae.ckpt
Đề xuất tự động: THEO DÕI
2026-08-15 09:40:54,735 | INFO | epoch=4 batch=25 global_step=1061 loss_reg_months=6.1131 lr=0.00019641 grad_norm=1.3852 throughput=20.70 img/s eta_seconds=594.7 gpu_alloc=502.5MiB gpu_reserved=4420.0MiB skipped_batches=0
2026-08-15 09:41:02,333 | INFO | epoch=4 batch=50 global_step=1069 loss_reg_months=6.2504 lr=0.00019641 grad_norm=2.4105 throughput=27.16 img/s eta_seconds=442.2 gpu_alloc=502.5MiB gpu_reserved=4420.0MiB skipped_batches=0
2026-08-15 09:41:09,959 | INFO | epoch=4 batch=75 global_step=1078 loss_reg_months=6.2702 lr=0.00019641 grad_norm=1.7171 throughput=30.29 img/s eta_seconds=386.7 gpu_alloc=389.2MiB gpu_reserved=4420.0MiB skipped_batches=0
2026-08-15 09:41:17,587 | INFO | epoch=4 batch=100 global_step=1086 loss_reg_months=6.4148 lr=0.00019641 grad_norm=2.4858 throughput=32.13 img/s eta_seconds=355.1 gpu_alloc=502.5MiB gpu_reserved=4420.0MiB skipped_batches=0
2026-08-15 09:41:25,222 | INFO | epoch=4 batch=125 global_step=1094 loss_reg_months=6.4912 lr=0.00019641 grad_norm=3.0576 throughput=33.35 img/s eta_seconds=333.2 gpu_alloc=502.5MiB gpu_reserved=4420.0MiB skipped_batches=0
2026-08-15 09:41:33,010 | INFO | epoch=4 batch=150 global_step=1103 loss_reg_months=6.4595 lr=0.00019641 grad_norm=1.6952 throughput=34.11 img/s eta_seconds=316.9 gpu_alloc=389.2MiB gpu_reserved=4420.0MiB skipped_batches=0
2026-08-15 09:41:40,662 | INFO | epoch=4 batch=175 global_step=1111 loss_reg_months=6.4705 lr=0.00019641 grad_norm=2.8623 throughput=34.76 img/s eta_seconds=302.4 gpu_alloc=502.5MiB gpu_reserved=4420.0MiB skipped_batches=0
2026-08-15 09:41:48,337 | INFO | epoch=4 batch=200 global_step=1119 loss_reg_months=6.4053 lr=0.00019641 grad_norm=1.7261 throughput=35.25 img/s eta_seconds=289.7 gpu_alloc=502.5MiB gpu_reserved=4420.0MiB skipped_batches=0
2026-08-15 09:41:56,004 | INFO | epoch=4 batch=225 global_step=1128 loss_reg_months=6.4057 lr=0.00019641 grad_norm=1.3428 throughput=35.64 img/s eta_seconds=278.1 gpu_alloc=389.2MiB gpu_reserved=4420.0MiB skipped_batches=0
2026-08-15 09:42:03,647 | INFO | epoch=4 batch=250 global_step=1136 loss_reg_months=6.3978 lr=0.00019641 grad_norm=3.5270 throughput=35.97 img/s eta_seconds=267.2 gpu_alloc=502.5MiB gpu_reserved=4420.0MiB skipped_batches=0
2026-08-15 09:42:11,350 | INFO | epoch=4 batch=275 global_step=1144 loss_reg_months=6.3176 lr=0.00019641 grad_norm=1.6142 throughput=36.22 img/s eta_seconds=257.1 gpu_alloc=502.5MiB gpu_reserved=4420.0MiB skipped_batches=0
2026-08-15 09:42:19,039 | INFO | epoch=4 batch=300 global_step=1153 loss_reg_months=6.2947 lr=0.00019641 grad_norm=1.7812 throughput=36.44 img/s eta_seconds=247.3 gpu_alloc=389.2MiB gpu_reserved=4420.0MiB skipped_batches=0
2026-08-15 09:42:26,705 | INFO | epoch=4 batch=325 global_step=1161 loss_reg_months=6.3365 lr=0.00019641 grad_norm=3.6882 throughput=36.63 img/s eta_seconds=237.8 gpu_alloc=502.5MiB gpu_reserved=4420.0MiB skipped_batches=0
2026-08-15 09:42:34,354 | INFO | epoch=4 batch=350 global_step=1169 loss_reg_months=6.2980 lr=0.00019641 grad_norm=1.5639 throughput=36.81 img/s eta_seconds=228.5 gpu_alloc=502.5MiB gpu_reserved=4420.0MiB skipped_batches=0
2026-08-15 09:42:42,098 | INFO | epoch=4 batch=375 global_step=1178 loss_reg_months=6.2807 lr=0.00019641 grad_norm=2.8811 throughput=36.93 img/s eta_seconds=219.6 gpu_alloc=389.2MiB gpu_reserved=4420.0MiB skipped_batches=0
2026-08-15 09:42:49,810 | INFO | epoch=4 batch=400 global_step=1186 loss_reg_months=6.2623 lr=0.00019641 grad_norm=2.1496 throughput=37.05 img/s eta_seconds=210.8 gpu_alloc=502.5MiB gpu_reserved=4420.0MiB skipped_batches=0
2026-08-15 09:42:57,644 | INFO | epoch=4 batch=425 global_step=1194 loss_reg_months=6.2858 lr=0.00019641 grad_norm=4.0018 throughput=37.12 img/s eta_seconds=202.4 gpu_alloc=502.5MiB gpu_reserved=4420.0MiB skipped_batches=0
2026-08-15 09:43:05,360 | INFO | epoch=4 batch=450 global_step=1203 loss_reg_months=6.2792 lr=0.00019641 grad_norm=1.4331 throughput=37.21 img/s eta_seconds=193.8 gpu_alloc=389.2MiB gpu_reserved=4420.0MiB skipped_batches=0
2026-08-15 09:43:13,273 | INFO | epoch=4 batch=475 global_step=1211 loss_reg_months=6.2528 lr=0.00019641 grad_norm=1.6359 throughput=37.25 img/s eta_seconds=185.5 gpu_alloc=502.5MiB gpu_reserved=4420.0MiB skipped_batches=0
2026-08-15 09:43:20,944 | INFO | epoch=4 batch=500 global_step=1219 loss_reg_months=6.2547 lr=0.00019641 grad_norm=2.2688 throughput=37.34 img/s eta_seconds=177.1 gpu_alloc=502.5MiB gpu_reserved=4420.0MiB skipped_batches=0
2026-08-15 09:43:28,701 | INFO | epoch=4 batch=525 global_step=1228 loss_reg_months=6.2777 lr=0.00019641 grad_norm=2.4954 throughput=37.40 img/s eta_seconds=168.8 gpu_alloc=389.2MiB gpu_reserved=4420.0MiB skipped_batches=0
2026-08-15 09:43:36,383 | INFO | epoch=4 batch=550 global_step=1236 loss_reg_months=6.2567 lr=0.00019641 grad_norm=2.9476 throughput=37.47 img/s eta_seconds=160.4 gpu_alloc=502.5MiB gpu_reserved=4420.0MiB skipped_batches=0
2026-08-15 09:43:44,039 | INFO | epoch=4 batch=575 global_step=1244 loss_reg_months=6.2614 lr=0.00019641 grad_norm=2.5442 throughput=37.54 img/s eta_seconds=152.1 gpu_alloc=502.5MiB gpu_reserved=4420.0MiB skipped_batches=0
2026-08-15 09:43:51,801 | INFO | epoch=4 batch=600 global_step=1253 loss_reg_months=6.2579 lr=0.00019641 grad_norm=3.8943 throughput=37.59 img/s eta_seconds=144.0 gpu_alloc=389.2MiB gpu_reserved=4420.0MiB skipped_batches=0
2026-08-15 09:43:59,639 | INFO | epoch=4 batch=625 global_step=1261 loss_reg_months=6.2594 lr=0.00019641 grad_norm=2.2994 throughput=37.61 img/s eta_seconds=135.9 gpu_alloc=502.5MiB gpu_reserved=4420.0MiB skipped_batches=0
2026-08-15 09:44:07,361 | INFO | epoch=4 batch=650 global_step=1269 loss_reg_months=6.2404 lr=0.00019641 grad_norm=2.3662 throughput=37.66 img/s eta_seconds=127.7 gpu_alloc=502.5MiB gpu_reserved=4420.0MiB skipped_batches=0
2026-08-15 09:44:15,051 | INFO | epoch=4 batch=675 global_step=1278 loss_reg_months=6.2332 lr=0.00019641 grad_norm=3.0391 throughput=37.71 img/s eta_seconds=119.6 gpu_alloc=389.2MiB gpu_reserved=4420.0MiB skipped_batches=0
2026-08-15 09:44:22,722 | INFO | epoch=4 batch=700 global_step=1286 loss_reg_months=6.1950 lr=0.00019641 grad_norm=2.6523 throughput=37.76 img/s eta_seconds=111.5 gpu_alloc=502.5MiB gpu_reserved=4420.0MiB skipped_batches=0
2026-08-15 09:44:30,569 | INFO | epoch=4 batch=725 global_step=1294 loss_reg_months=6.1692 lr=0.00019641 grad_norm=1.5601 throughput=37.77 img/s eta_seconds=103.5 gpu_alloc=502.5MiB gpu_reserved=4420.0MiB skipped_batches=0
2026-08-15 09:44:38,359 | INFO | epoch=4 batch=750 global_step=1303 loss_reg_months=6.1755 lr=0.00019641 grad_norm=1.7501 throughput=37.80 img/s eta_seconds=95.5 gpu_alloc=389.2MiB gpu_reserved=4420.0MiB skipped_batches=0
2026-08-15 09:44:46,031 | INFO | epoch=4 batch=775 global_step=1311 loss_reg_months=6.1738 lr=0.00019641 grad_norm=1.3484 throughput=37.84 img/s eta_seconds=87.5 gpu_alloc=502.5MiB gpu_reserved=4420.0MiB skipped_batches=0
2026-08-15 09:44:53,705 | INFO | epoch=4 batch=800 global_step=1319 loss_reg_months=6.2078 lr=0.00019641 grad_norm=1.4790 throughput=37.88 img/s eta_seconds=79.5 gpu_alloc=502.5MiB gpu_reserved=4420.0MiB skipped_batches=0
2026-08-15 09:45:01,450 | INFO | epoch=4 batch=825 global_step=1328 loss_reg_months=6.2186 lr=0.00019641 grad_norm=1.7332 throughput=37.90 img/s eta_seconds=71.5 gpu_alloc=389.2MiB gpu_reserved=4420.0MiB skipped_batches=0
2026-08-15 09:45:09,158 | INFO | epoch=4 batch=850 global_step=1336 loss_reg_months=6.1815 lr=0.00019641 grad_norm=1.5610 throughput=37.93 img/s eta_seconds=63.6 gpu_alloc=502.5MiB gpu_reserved=4420.0MiB skipped_batches=0
2026-08-15 09:45:16,860 | INFO | epoch=4 batch=875 global_step=1344 loss_reg_months=6.1568 lr=0.00019641 grad_norm=1.8450 throughput=37.96 img/s eta_seconds=55.6 gpu_alloc=502.5MiB gpu_reserved=4420.0MiB skipped_batches=0
2026-08-15 09:45:24,536 | INFO | epoch=4 batch=900 global_step=1353 loss_reg_months=6.1450 lr=0.00019641 grad_norm=2.3817 throughput=37.99 img/s eta_seconds=47.7 gpu_alloc=389.2MiB gpu_reserved=4420.0MiB skipped_batches=0
2026-08-15 09:45:32,204 | INFO | epoch=4 batch=925 global_step=1361 loss_reg_months=6.1294 lr=0.00019641 grad_norm=1.6314 throughput=38.02 img/s eta_seconds=39.7 gpu_alloc=502.5MiB gpu_reserved=4420.0MiB skipped_batches=0
2026-08-15 09:45:39,870 | INFO | epoch=4 batch=950 global_step=1369 loss_reg_months=6.1386 lr=0.00019641 grad_norm=1.1433 throughput=38.05 img/s eta_seconds=31.8 gpu_alloc=502.5MiB gpu_reserved=4420.0MiB skipped_batches=0
2026-08-15 09:45:47,560 | INFO | epoch=4 batch=975 global_step=1378 loss_reg_months=6.1403 lr=0.00019641 grad_norm=1.4138 throughput=38.07 img/s eta_seconds=23.9 gpu_alloc=389.2MiB gpu_reserved=4420.0MiB skipped_batches=0
2026-08-15 09:45:55,227 | INFO | epoch=4 batch=1000 global_step=1386 loss_reg_months=6.1327 lr=0.00019641 grad_norm=2.2618 throughput=38.10 img/s eta_seconds=16.0 gpu_alloc=502.5MiB gpu_reserved=4420.0MiB skipped_batches=0
2026-08-15 09:46:03,038 | INFO | epoch=4 batch=1025 global_step=1394 loss_reg_months=6.1171 lr=0.00019641 grad_norm=3.0537 throughput=38.10 img/s eta_seconds=8.2 gpu_alloc=502.5MiB gpu_reserved=4420.0MiB skipped_batches=0
2026-08-15 09:46:10,769 | INFO | epoch=4 batch=1050 global_step=1403 loss_reg_months=6.1064 lr=0.00019641 grad_norm=2.2486 throughput=38.12 img/s eta_seconds=0.3 gpu_alloc=389.2MiB gpu_reserved=4420.0MiB skipped_batches=0
2026-08-15 09:46:36,925 | WARNING | STABILITY WARNING [CAM] Prediction vượt nhẹ miền tuổi 0–228: [-5.69, 226.00]
2026-08-15 09:46:36,928 | INFO | 
TRAINING REVIEW SNAPSHOT
Run ID / config hash / split hash: P4_D2_CONVNEXT_TINY_MULTISCALE_SEED42 / e3308f702cfc / 7328667e6822+f650a20432b5
Epoch / global step: 4 / 1404
Train loss: 6.1052
Validation MAE / RMSE / median AE: 7.3791 / 9.5917 / 6.0000
MAE nam / nữ / age bins: {'F': 7.807107937116564, 'M': 7.018010187580853} / {'0-59': 6.9830452127659575, '120-179': 7.9641532756489495, '60-119': 6.778553299492386, '180-228': 5.8203125}
Learning rate / peak VRAM: 0.00019641 / 4420.0 MiB
Best epoch / best MAE / epochs không cải thiện: 3 / 7.3592 / 1
Cảnh báo hiện tại: CAM: Prediction vượt nhẹ miền tuổi 0–228: [-5.69, 226.00]
Checkpoint gần nhất: p1_baseline\runs\P4_D2_CONVNEXT_TINY_MULTISCALE_SEED42\last.ckpt
Checkpoint tốt nhất: p1_baseline\runs\P4_D2_CONVNEXT_TINY_MULTISCALE_SEED42\best_mae.ckpt
Đề xuất tự động: THEO DÕI
2026-08-15 09:46:55,144 | INFO | epoch=5 batch=25 global_step=1412 loss_reg_months=5.9697 lr=0.00019366 grad_norm=2.9983 throughput=20.48 img/s eta_seconds=601.2 gpu_alloc=502.5MiB gpu_reserved=4420.0MiB skipped_batches=0
2026-08-15 09:47:02,770 | INFO | epoch=5 batch=50 global_step=1420 loss_reg_months=5.7957 lr=0.00019366 grad_norm=2.4732 throughput=26.94 img/s eta_seconds=445.9 gpu_alloc=502.5MiB gpu_reserved=4420.0MiB skipped_batches=0
2026-08-15 09:47:10,418 | INFO | epoch=5 batch=75 global_step=1429 loss_reg_months=5.6860 lr=0.00019366 grad_norm=3.1213 throughput=30.08 img/s eta_seconds=389.4 gpu_alloc=389.2MiB gpu_reserved=4420.0MiB skipped_batches=0
2026-08-15 09:47:18,184 | INFO | epoch=5 batch=100 global_step=1437 loss_reg_months=5.7905 lr=0.00019366 grad_norm=2.1453 throughput=31.84 img/s eta_seconds=358.4 gpu_alloc=502.5MiB gpu_reserved=4420.0MiB skipped_batches=0
2026-08-15 09:47:25,881 | INFO | epoch=5 batch=125 global_step=1445 loss_reg_months=5.7710 lr=0.00019366 grad_norm=2.0097 throughput=33.05 img/s eta_seconds=336.2 gpu_alloc=502.5MiB gpu_reserved=4420.0MiB skipped_batches=0
2026-08-15 09:47:33,567 | INFO | epoch=5 batch=150 global_step=1454 loss_reg_months=5.8088 lr=0.00019366 grad_norm=2.4309 throughput=33.92 img/s eta_seconds=318.8 gpu_alloc=389.2MiB gpu_reserved=4420.0MiB skipped_batches=0
2026-08-15 09:47:41,224 | INFO | epoch=5 batch=175 global_step=1462 loss_reg_months=5.8304 lr=0.00019366 grad_norm=2.4212 throughput=34.58 img/s eta_seconds=304.0 gpu_alloc=502.5MiB gpu_reserved=4420.0MiB skipped_batches=0
2026-08-15 09:47:48,882 | INFO | epoch=5 batch=200 global_step=1470 loss_reg_months=5.8548 lr=0.00019366 grad_norm=2.5903 throughput=35.09 img/s eta_seconds=291.0 gpu_alloc=502.5MiB gpu_reserved=4420.0MiB skipped_batches=0
2026-08-15 09:47:56,567 | INFO | epoch=5 batch=225 global_step=1479 loss_reg_months=5.8775 lr=0.00019366 grad_norm=1.8315 throughput=35.49 img/s eta_seconds=279.2 gpu_alloc=389.2MiB gpu_reserved=4420.0MiB skipped_batches=0
2026-08-15 09:48:04,286 | INFO | epoch=5 batch=250 global_step=1487 loss_reg_months=5.8274 lr=0.00019366 grad_norm=1.7396 throughput=35.80 img/s eta_seconds=268.4 gpu_alloc=502.5MiB gpu_reserved=4420.0MiB skipped_batches=0
2026-08-15 09:48:11,961 | INFO | epoch=5 batch=275 global_step=1495 loss_reg_months=5.8884 lr=0.00019366 grad_norm=2.7796 throughput=36.08 img/s eta_seconds=258.1 gpu_alloc=502.5MiB gpu_reserved=4420.0MiB skipped_batches=0
2026-08-15 09:48:20,626 | INFO | epoch=5 batch=300 global_step=1504 loss_reg_months=5.8360 lr=0.00019366 grad_norm=1.3683 throughput=35.95 img/s eta_seconds=250.6 gpu_alloc=389.2MiB gpu_reserved=4420.0MiB skipped_batches=0
2026-08-15 09:48:28,453 | INFO | epoch=5 batch=325 global_step=1512 loss_reg_months=5.8233 lr=0.00019366 grad_norm=3.0831 throughput=36.12 img/s eta_seconds=241.1 gpu_alloc=502.5MiB gpu_reserved=4420.0MiB skipped_batches=0
2026-08-15 09:48:36,122 | INFO | epoch=5 batch=350 global_step=1520 loss_reg_months=5.8434 lr=0.00019366 grad_norm=2.3433 throughput=36.32 img/s eta_seconds=231.6 gpu_alloc=502.5MiB gpu_reserved=4420.0MiB skipped_batches=0
2026-08-15 09:48:43,804 | INFO | epoch=5 batch=375 global_step=1529 loss_reg_months=5.8297 lr=0.00019366 grad_norm=5.2409 throughput=36.49 img/s eta_seconds=222.3 gpu_alloc=389.2MiB gpu_reserved=4420.0MiB skipped_batches=0
2026-08-15 09:48:51,480 | INFO | epoch=5 batch=400 global_step=1537 loss_reg_months=5.8579 lr=0.00019366 grad_norm=3.8531 throughput=36.65 img/s eta_seconds=213.2 gpu_alloc=502.5MiB gpu_reserved=4420.0MiB skipped_batches=0
2026-08-15 09:48:59,218 | INFO | epoch=5 batch=425 global_step=1545 loss_reg_months=5.8515 lr=0.00019366 grad_norm=3.8260 throughput=36.76 img/s eta_seconds=204.3 gpu_alloc=502.5MiB gpu_reserved=4420.0MiB skipped_batches=0
2026-08-15 09:49:06,910 | INFO | epoch=5 batch=450 global_step=1554 loss_reg_months=5.8445 lr=0.00019366 grad_norm=1.3791 throughput=36.88 img/s eta_seconds=195.5 gpu_alloc=389.2MiB gpu_reserved=4420.0MiB skipped_batches=0
2026-08-15 09:49:14,573 | INFO | epoch=5 batch=475 global_step=1562 loss_reg_months=5.8074 lr=0.00019366 grad_norm=1.9516 throughput=36.99 img/s eta_seconds=186.8 gpu_alloc=502.5MiB gpu_reserved=4420.0MiB skipped_batches=0
2026-08-15 09:49:22,352 | INFO | epoch=5 batch=500 global_step=1570 loss_reg_months=5.7895 lr=0.00019366 grad_norm=2.5722 throughput=37.07 img/s eta_seconds=178.3 gpu_alloc=502.5MiB gpu_reserved=4420.0MiB skipped_batches=0
2026-08-15 09:49:30,033 | INFO | epoch=5 batch=525 global_step=1579 loss_reg_months=5.7759 lr=0.00019366 grad_norm=3.5051 throughput=37.16 img/s eta_seconds=169.8 gpu_alloc=389.2MiB gpu_reserved=4420.0MiB skipped_batches=0
2026-08-15 09:49:37,688 | INFO | epoch=5 batch=550 global_step=1587 loss_reg_months=5.7991 lr=0.00019366 grad_norm=1.3708 throughput=37.25 img/s eta_seconds=161.4 gpu_alloc=502.5MiB gpu_reserved=4420.0MiB skipped_batches=0
2026-08-15 09:49:45,376 | INFO | epoch=5 batch=575 global_step=1595 loss_reg_months=5.8131 lr=0.00019366 grad_norm=1.6612 throughput=37.32 img/s eta_seconds=153.0 gpu_alloc=502.5MiB gpu_reserved=4420.0MiB skipped_batches=0
2026-08-15 09:49:53,047 | INFO | epoch=5 batch=600 global_step=1604 loss_reg_months=5.8284 lr=0.00019366 grad_norm=3.0060 throughput=37.39 img/s eta_seconds=144.7 gpu_alloc=389.2MiB gpu_reserved=4420.0MiB skipped_batches=0
2026-08-15 09:50:00,707 | INFO | epoch=5 batch=625 global_step=1612 loss_reg_months=5.8371 lr=0.00019366 grad_norm=1.6883 throughput=37.46 img/s eta_seconds=136.4 gpu_alloc=502.5MiB gpu_reserved=4420.0MiB skipped_batches=0
2026-08-15 09:50:08,372 | INFO | epoch=5 batch=650 global_step=1620 loss_reg_months=5.8179 lr=0.00019366 grad_norm=3.0203 throughput=37.52 img/s eta_seconds=128.2 gpu_alloc=502.5MiB gpu_reserved=4420.0MiB skipped_batches=0
2026-08-15 09:50:16,063 | INFO | epoch=5 batch=675 global_step=1629 loss_reg_months=5.8244 lr=0.00019366 grad_norm=2.8498 throughput=37.58 img/s eta_seconds=120.1 gpu_alloc=389.2MiB gpu_reserved=4420.0MiB skipped_batches=0
2026-08-15 09:50:23,734 | INFO | epoch=5 batch=700 global_step=1637 loss_reg_months=5.8356 lr=0.00019366 grad_norm=1.3293 throughput=37.63 img/s eta_seconds=111.9 gpu_alloc=502.5MiB gpu_reserved=4420.0MiB skipped_batches=0
2026-08-15 09:50:31,401 | INFO | epoch=5 batch=725 global_step=1645 loss_reg_months=5.8306 lr=0.00019366 grad_norm=2.4590 throughput=37.68 img/s eta_seconds=103.8 gpu_alloc=502.5MiB gpu_reserved=4420.0MiB skipped_batches=0
2026-08-15 09:50:39,119 | INFO | epoch=5 batch=750 global_step=1654 loss_reg_months=5.8387 lr=0.00019366 grad_norm=2.7231 throughput=37.72 img/s eta_seconds=95.7 gpu_alloc=389.2MiB gpu_reserved=4420.0MiB skipped_batches=0
2026-08-15 09:50:46,956 | INFO | epoch=5 batch=775 global_step=1662 loss_reg_months=5.8469 lr=0.00019366 grad_norm=1.1187 throughput=37.73 img/s eta_seconds=87.7 gpu_alloc=502.5MiB gpu_reserved=4420.0MiB skipped_batches=0
2026-08-15 09:50:54,649 | INFO | epoch=5 batch=800 global_step=1670 loss_reg_months=5.8382 lr=0.00019366 grad_norm=1.5767 throughput=37.77 img/s eta_seconds=79.7 gpu_alloc=502.5MiB gpu_reserved=4420.0MiB skipped_batches=0
2026-08-15 09:51:02,363 | INFO | epoch=5 batch=825 global_step=1679 loss_reg_months=5.8517 lr=0.00019366 grad_norm=0.9910 throughput=37.81 img/s eta_seconds=71.7 gpu_alloc=389.2MiB gpu_reserved=4420.0MiB skipped_batches=0
2026-08-15 09:51:10,230 | INFO | epoch=5 batch=850 global_step=1687 loss_reg_months=5.8590 lr=0.00019366 grad_norm=3.3078 throughput=37.81 img/s eta_seconds=63.8 gpu_alloc=502.5MiB gpu_reserved=4420.0MiB skipped_batches=0
2026-08-15 09:51:17,944 | INFO | epoch=5 batch=875 global_step=1695 loss_reg_months=5.8764 lr=0.00019366 grad_norm=3.8826 throughput=37.84 img/s eta_seconds=55.8 gpu_alloc=502.5MiB gpu_reserved=4420.0MiB skipped_batches=0
2026-08-15 09:51:25,640 | INFO | epoch=5 batch=900 global_step=1704 loss_reg_months=5.8664 lr=0.00019366 grad_norm=2.1792 throughput=37.88 img/s eta_seconds=47.8 gpu_alloc=389.2MiB gpu_reserved=4420.0MiB skipped_batches=0
2026-08-15 09:51:33,309 | INFO | epoch=5 batch=925 global_step=1712 loss_reg_months=5.8653 lr=0.00019366 grad_norm=2.0279 throughput=37.91 img/s eta_seconds=39.9 gpu_alloc=502.5MiB gpu_reserved=4420.0MiB skipped_batches=0
2026-08-15 09:51:41,326 | INFO | epoch=5 batch=950 global_step=1720 loss_reg_months=5.8483 lr=0.00019366 grad_norm=1.5768 throughput=37.90 img/s eta_seconds=32.0 gpu_alloc=502.5MiB gpu_reserved=4420.0MiB skipped_batches=0
2026-08-15 09:51:49,172 | INFO | epoch=5 batch=975 global_step=1729 loss_reg_months=5.8389 lr=0.00019366 grad_norm=1.7433 throughput=37.90 img/s eta_seconds=24.0 gpu_alloc=389.2MiB gpu_reserved=4420.0MiB skipped_batches=0
2026-08-15 09:51:56,842 | INFO | epoch=5 batch=1000 global_step=1737 loss_reg_months=5.8465 lr=0.00019366 grad_norm=1.2815 throughput=37.93 img/s eta_seconds=16.1 gpu_alloc=502.5MiB gpu_reserved=4420.0MiB skipped_batches=0
2026-08-15 09:52:04,513 | INFO | epoch=5 batch=1025 global_step=1745 loss_reg_months=5.8446 lr=0.00019366 grad_norm=0.9768 throughput=37.96 img/s eta_seconds=8.2 gpu_alloc=502.5MiB gpu_reserved=4420.0MiB skipped_batches=0
2026-08-15 09:52:12,224 | INFO | epoch=5 batch=1050 global_step=1754 loss_reg_months=5.8422 lr=0.00019366 grad_norm=1.0492 throughput=37.98 img/s eta_seconds=0.3 gpu_alloc=389.2MiB gpu_reserved=4420.0MiB skipped_batches=0
2026-08-15 09:52:39,889 | INFO | 
TRAINING REVIEW SNAPSHOT
Run ID / config hash / split hash: P4_D2_CONVNEXT_TINY_MULTISCALE_SEED42 / e3308f702cfc / 7328667e6822+f650a20432b5
Epoch / global step: 5 / 1755
Train loss: 5.8408
Validation MAE / RMSE / median AE: 6.5852 / 8.7773 / 5.0000
MAE nam / nữ / age bins: {'F': 6.819018404907975, 'M': 6.387936610608021} / {'0-59': 9.615691489361701, '120-179': 6.067985166872682, '60-119': 7.345177664974619, '180-228': 5.2890625}
Learning rate / peak VRAM: 0.00019366 / 4420.0 MiB
Best epoch / best MAE / epochs không cải thiện: 5 / 6.5852 / 0
Cảnh báo hiện tại: KHÔNG
Checkpoint gần nhất: p1_baseline\runs\P4_D2_CONVNEXT_TINY_MULTISCALE_SEED42\last.ckpt
Checkpoint tốt nhất: p1_baseline\runs\P4_D2_CONVNEXT_TINY_MULTISCALE_SEED42\best_mae.ckpt
Đề xuất tự động: TIẾP TỤC
2026-08-15 09:53:00,214 | INFO | epoch=6 batch=25 global_step=1763 loss_reg_months=5.7550 lr=0.00019015 grad_norm=1.7975 throughput=20.51 img/s eta_seconds=600.1 gpu_alloc=502.5MiB gpu_reserved=4420.0MiB skipped_batches=0
2026-08-15 09:53:07,843 | INFO | epoch=6 batch=50 global_step=1771 loss_reg_months=5.6510 lr=0.00019015 grad_norm=1.7548 throughput=26.96 img/s eta_seconds=445.5 gpu_alloc=502.5MiB gpu_reserved=4420.0MiB skipped_batches=0
2026-08-15 09:53:15,552 | INFO | epoch=6 batch=75 global_step=1780 loss_reg_months=5.7397 lr=0.00019015 grad_norm=1.6802 throughput=30.04 img/s eta_seconds=389.9 gpu_alloc=389.2MiB gpu_reserved=4420.0MiB skipped_batches=0
2026-08-15 09:53:23,193 | INFO | epoch=6 batch=100 global_step=1788 loss_reg_months=5.5722 lr=0.00019015 grad_norm=1.3569 throughput=31.91 img/s eta_seconds=357.6 gpu_alloc=502.5MiB gpu_reserved=4420.0MiB skipped_batches=0
2026-08-15 09:53:30,852 | INFO | epoch=6 batch=125 global_step=1796 loss_reg_months=5.5739 lr=0.00019015 grad_norm=1.5788 throughput=33.14 img/s eta_seconds=335.3 gpu_alloc=502.5MiB gpu_reserved=4420.0MiB skipped_batches=0
2026-08-15 09:53:38,522 | INFO | epoch=6 batch=150 global_step=1805 loss_reg_months=5.5387 lr=0.00019015 grad_norm=2.0000 throughput=34.01 img/s eta_seconds=317.9 gpu_alloc=389.2MiB gpu_reserved=4420.0MiB skipped_batches=0
2026-08-15 09:53:46,241 | INFO | epoch=6 batch=175 global_step=1813 loss_reg_months=5.5449 lr=0.00019015 grad_norm=1.3553 throughput=34.62 img/s eta_seconds=303.6 gpu_alloc=502.5MiB gpu_reserved=4420.0MiB skipped_batches=0
2026-08-15 09:53:53,954 | INFO | epoch=6 batch=200 global_step=1821 loss_reg_months=5.5154 lr=0.00019015 grad_norm=1.0212 throughput=35.11 img/s eta_seconds=290.9 gpu_alloc=502.5MiB gpu_reserved=4420.0MiB skipped_batches=0
2026-08-15 09:54:01,634 | INFO | epoch=6 batch=225 global_step=1830 loss_reg_months=5.6463 lr=0.00019015 grad_norm=3.9579 throughput=35.51 img/s eta_seconds=279.1 gpu_alloc=389.2MiB gpu_reserved=4420.0MiB skipped_batches=0
2026-08-15 09:54:09,299 | INFO | epoch=6 batch=250 global_step=1838 loss_reg_months=5.6552 lr=0.00019015 grad_norm=2.2666 throughput=35.84 img/s eta_seconds=268.2 gpu_alloc=502.5MiB gpu_reserved=4420.0MiB skipped_batches=0
2026-08-15 09:54:16,945 | INFO | epoch=6 batch=275 global_step=1846 loss_reg_months=5.6867 lr=0.00019015 grad_norm=1.8559 throughput=36.12 img/s eta_seconds=257.8 gpu_alloc=502.5MiB gpu_reserved=4420.0MiB skipped_batches=0
2026-08-15 09:54:24,612 | INFO | epoch=6 batch=300 global_step=1855 loss_reg_months=5.6688 lr=0.00019015 grad_norm=1.5661 throughput=36.36 img/s eta_seconds=247.9 gpu_alloc=389.2MiB gpu_reserved=4420.0MiB skipped_batches=0
2026-08-15 09:54:32,264 | INFO | epoch=6 batch=325 global_step=1863 loss_reg_months=5.6445 lr=0.00019015 grad_norm=1.7088 throughput=36.56 img/s eta_seconds=238.3 gpu_alloc=502.5MiB gpu_reserved=4420.0MiB skipped_batches=0
2026-08-15 09:54:39,931 | INFO | epoch=6 batch=350 global_step=1871 loss_reg_months=5.6345 lr=0.00019015 grad_norm=1.6866 throughput=36.73 img/s eta_seconds=229.0 gpu_alloc=502.5MiB gpu_reserved=4420.0MiB skipped_batches=0
2026-08-15 09:54:47,860 | INFO | epoch=6 batch=375 global_step=1880 loss_reg_months=5.6031 lr=0.00019015 grad_norm=2.2406 throughput=36.80 img/s eta_seconds=220.4 gpu_alloc=389.2MiB gpu_reserved=4420.0MiB skipped_batches=0
2026-08-15 09:54:55,929 | INFO | epoch=6 batch=400 global_step=1888 loss_reg_months=5.6092 lr=0.00019015 grad_norm=1.9373 throughput=36.83 img/s eta_seconds=212.1 gpu_alloc=502.5MiB gpu_reserved=4420.0MiB skipped_batches=0
2026-08-15 09:55:03,597 | INFO | epoch=6 batch=425 global_step=1896 loss_reg_months=5.6559 lr=0.00019015 grad_norm=1.7632 throughput=36.95 img/s eta_seconds=203.2 gpu_alloc=502.5MiB gpu_reserved=4420.0MiB skipped_batches=0
2026-08-15 09:55:11,289 | INFO | epoch=6 batch=450 global_step=1905 loss_reg_months=5.6520 lr=0.00019015 grad_norm=2.1751 throughput=37.06 img/s eta_seconds=194.6 gpu_alloc=389.2MiB gpu_reserved=4420.0MiB skipped_batches=0
2026-08-15 09:55:18,964 | INFO | epoch=6 batch=475 global_step=1913 loss_reg_months=5.6041 lr=0.00019015 grad_norm=1.2585 throughput=37.16 img/s eta_seconds=186.0 gpu_alloc=502.5MiB gpu_reserved=4420.0MiB skipped_batches=0
2026-08-15 09:55:26,640 | INFO | epoch=6 batch=500 global_step=1921 loss_reg_months=5.5831 lr=0.00019015 grad_norm=1.9495 throughput=37.26 img/s eta_seconds=177.5 gpu_alloc=502.5MiB gpu_reserved=4420.0MiB skipped_batches=0
2026-08-15 09:55:34,323 | INFO | epoch=6 batch=525 global_step=1930 loss_reg_months=5.5438 lr=0.00019015 grad_norm=1.5786 throughput=37.34 img/s eta_seconds=169.0 gpu_alloc=389.2MiB gpu_reserved=4420.0MiB skipped_batches=0
2026-08-15 09:55:41,989 | INFO | epoch=6 batch=550 global_step=1938 loss_reg_months=5.5570 lr=0.00019015 grad_norm=2.4002 throughput=37.42 img/s eta_seconds=160.7 gpu_alloc=502.5MiB gpu_reserved=4420.0MiB skipped_batches=0
2026-08-15 09:55:49,708 | INFO | epoch=6 batch=575 global_step=1946 loss_reg_months=5.5679 lr=0.00019015 grad_norm=2.5920 throughput=37.48 img/s eta_seconds=152.4 gpu_alloc=502.5MiB gpu_reserved=4420.0MiB skipped_batches=0
2026-08-15 09:55:57,507 | INFO | epoch=6 batch=600 global_step=1955 loss_reg_months=5.6064 lr=0.00019015 grad_norm=2.8671 throughput=37.52 img/s eta_seconds=144.2 gpu_alloc=389.2MiB gpu_reserved=4420.0MiB skipped_batches=0
2026-08-15 09:56:05,212 | INFO | epoch=6 batch=625 global_step=1963 loss_reg_months=5.5930 lr=0.00019015 grad_norm=2.5983 throughput=37.57 img/s eta_seconds=136.0 gpu_alloc=502.5MiB gpu_reserved=4420.0MiB skipped_batches=0
2026-08-15 09:56:12,886 | INFO | epoch=6 batch=650 global_step=1971 loss_reg_months=5.6046 lr=0.00019015 grad_norm=1.7878 throughput=37.63 img/s eta_seconds=127.9 gpu_alloc=502.5MiB gpu_reserved=4420.0MiB skipped_batches=0
2026-08-15 09:56:20,626 | INFO | epoch=6 batch=675 global_step=1980 loss_reg_months=5.5895 lr=0.00019015 grad_norm=2.3212 throughput=37.67 img/s eta_seconds=119.8 gpu_alloc=389.2MiB gpu_reserved=4420.0MiB skipped_batches=0
2026-08-15 09:56:28,327 | INFO | epoch=6 batch=700 global_step=1988 loss_reg_months=5.6069 lr=0.00019015 grad_norm=1.7902 throughput=37.71 img/s eta_seconds=111.7 gpu_alloc=502.5MiB gpu_reserved=4420.0MiB skipped_batches=0
2026-08-15 09:56:35,997 | INFO | epoch=6 batch=725 global_step=1996 loss_reg_months=5.6307 lr=0.00019015 grad_norm=2.3618 throughput=37.76 img/s eta_seconds=103.6 gpu_alloc=502.5MiB gpu_reserved=4420.0MiB skipped_batches=0
2026-08-15 09:56:45,005 | INFO | epoch=6 batch=750 global_step=2005 loss_reg_months=5.6386 lr=0.00019015 grad_norm=5.3011 throughput=37.59 img/s eta_seconds=96.1 gpu_alloc=389.2MiB gpu_reserved=4420.0MiB skipped_batches=0
2026-08-15 09:56:52,714 | INFO | epoch=6 batch=775 global_step=2013 loss_reg_months=5.6330 lr=0.00019015 grad_norm=1.1085 throughput=37.63 img/s eta_seconds=88.0 gpu_alloc=502.5MiB gpu_reserved=4420.0MiB skipped_batches=0
2026-08-15 09:57:00,509 | INFO | epoch=6 batch=800 global_step=2021 loss_reg_months=5.6391 lr=0.00019015 grad_norm=1.4663 throughput=37.66 img/s eta_seconds=80.0 gpu_alloc=502.5MiB gpu_reserved=4420.0MiB skipped_batches=0
2026-08-15 09:57:08,203 | INFO | epoch=6 batch=825 global_step=2030 loss_reg_months=5.6402 lr=0.00019015 grad_norm=1.4521 throughput=37.70 img/s eta_seconds=71.9 gpu_alloc=389.2MiB gpu_reserved=4420.0MiB skipped_batches=0
2026-08-15 09:57:15,880 | INFO | epoch=6 batch=850 global_step=2038 loss_reg_months=5.6523 lr=0.00019015 grad_norm=1.5142 throughput=37.74 img/s eta_seconds=63.9 gpu_alloc=502.5MiB gpu_reserved=4420.0MiB skipped_batches=0
2026-08-15 09:57:23,547 | INFO | epoch=6 batch=875 global_step=2046 loss_reg_months=5.6651 lr=0.00019015 grad_norm=2.4876 throughput=37.78 img/s eta_seconds=55.9 gpu_alloc=502.5MiB gpu_reserved=4420.0MiB skipped_batches=0
2026-08-15 09:57:31,243 | INFO | epoch=6 batch=900 global_step=2055 loss_reg_months=5.6798 lr=0.00019015 grad_norm=2.2097 throughput=37.81 img/s eta_seconds=47.9 gpu_alloc=389.2MiB gpu_reserved=4420.0MiB skipped_batches=0
2026-08-15 09:57:38,914 | INFO | epoch=6 batch=925 global_step=2063 loss_reg_months=5.6928 lr=0.00019015 grad_norm=1.9256 throughput=37.84 img/s eta_seconds=39.9 gpu_alloc=502.5MiB gpu_reserved=4420.0MiB skipped_batches=0
2026-08-15 09:57:46,587 | INFO | epoch=6 batch=950 global_step=2071 loss_reg_months=5.6868 lr=0.00019015 grad_norm=2.1601 throughput=37.87 img/s eta_seconds=32.0 gpu_alloc=502.5MiB gpu_reserved=4420.0MiB skipped_batches=0
2026-08-15 09:57:54,462 | INFO | epoch=6 batch=975 global_step=2080 loss_reg_months=5.6925 lr=0.00019015 grad_norm=3.9887 throughput=37.88 img/s eta_seconds=24.0 gpu_alloc=389.2MiB gpu_reserved=4420.0MiB skipped_batches=0
2026-08-15 09:58:02,192 | INFO | epoch=6 batch=1000 global_step=2088 loss_reg_months=5.6882 lr=0.00019015 grad_norm=1.5605 throughput=37.90 img/s eta_seconds=16.1 gpu_alloc=502.5MiB gpu_reserved=4420.0MiB skipped_batches=0
2026-08-15 09:58:09,915 | INFO | epoch=6 batch=1025 global_step=2096 loss_reg_months=5.6862 lr=0.00019015 grad_norm=1.8448 throughput=37.92 img/s eta_seconds=8.2 gpu_alloc=502.5MiB gpu_reserved=4420.0MiB skipped_batches=0
2026-08-15 09:58:17,610 | INFO | epoch=6 batch=1050 global_step=2105 loss_reg_months=5.7002 lr=0.00019015 grad_norm=1.8324 throughput=37.95 img/s eta_seconds=0.3 gpu_alloc=389.2MiB gpu_reserved=4420.0MiB skipped_batches=0
2026-08-15 09:58:44,068 | WARNING | STABILITY WARNING [CAM] Prediction vượt nhẹ miền tuổi 0–228: [-8.69, 215.00]
2026-08-15 09:58:44,071 | INFO | 
TRAINING REVIEW SNAPSHOT
Run ID / config hash / split hash: P4_D2_CONVNEXT_TINY_MULTISCALE_SEED42 / e3308f702cfc / 7328667e6822+f650a20432b5
Epoch / global step: 6 / 2106
Train loss: 5.7045
Validation MAE / RMSE / median AE: 8.1499 / 10.7808 / 6.5000
MAE nam / nữ / age bins: {'F': 8.304016487730062, 'M': 8.01993930910414} / {'0-59': 10.583849318484043, '120-179': 7.734239802224969, '60-119': 9.014593908629442, '180-228': 6.328125}
Learning rate / peak VRAM: 0.00019015 / 4420.0 MiB
Best epoch / best MAE / epochs không cải thiện: 5 / 6.5852 / 1
Cảnh báo hiện tại: CAM: Prediction vượt nhẹ miền tuổi 0–228: [-8.69, 215.00]
Checkpoint gần nhất: p1_baseline\runs\P4_D2_CONVNEXT_TINY_MULTISCALE_SEED42\last.ckpt
Checkpoint tốt nhất: p1_baseline\runs\P4_D2_CONVNEXT_TINY_MULTISCALE_SEED42\best_mae.ckpt
Đề xuất tự động: THEO DÕI
2026-08-15 09:58:59,652 | INFO | epoch=7 batch=25 global_step=2114 loss_reg_months=5.5156 lr=0.00018592 grad_norm=1.5816 throughput=20.33 img/s eta_seconds=605.6 gpu_alloc=502.5MiB gpu_reserved=4420.0MiB skipped_batches=0
2026-08-15 09:59:07,287 | INFO | epoch=7 batch=50 global_step=2122 loss_reg_months=5.5133 lr=0.00018592 grad_norm=1.9196 throughput=26.80 img/s eta_seconds=448.2 gpu_alloc=502.5MiB gpu_reserved=4420.0MiB skipped_batches=0
2026-08-15 09:59:15,147 | INFO | epoch=7 batch=75 global_step=2131 loss_reg_months=5.5450 lr=0.00018592 grad_norm=1.4190 throughput=29.75 img/s eta_seconds=393.6 gpu_alloc=389.2MiB gpu_reserved=4420.0MiB skipped_batches=0
2026-08-15 09:59:23,075 | INFO | epoch=7 batch=100 global_step=2139 loss_reg_months=5.4619 lr=0.00018592 grad_norm=1.9679 throughput=31.43 img/s eta_seconds=363.1 gpu_alloc=502.5MiB gpu_reserved=4420.0MiB skipped_batches=0
2026-08-15 09:59:30,735 | INFO | epoch=7 batch=125 global_step=2147 loss_reg_months=5.6205 lr=0.00018592 grad_norm=1.8524 throughput=32.72 img/s eta_seconds=339.5 gpu_alloc=502.5MiB gpu_reserved=4420.0MiB skipped_batches=0
2026-08-15 09:59:38,468 | INFO | epoch=7 batch=150 global_step=2156 loss_reg_months=5.6971 lr=0.00018592 grad_norm=2.6288 throughput=33.60 img/s eta_seconds=321.8 gpu_alloc=389.2MiB gpu_reserved=4420.0MiB skipped_batches=0
2026-08-15 09:59:46,196 | INFO | epoch=7 batch=175 global_step=2164 loss_reg_months=5.7272 lr=0.00018592 grad_norm=1.5895 throughput=34.26 img/s eta_seconds=306.8 gpu_alloc=502.5MiB gpu_reserved=4420.0MiB skipped_batches=0
2026-08-15 09:59:53,847 | INFO | epoch=7 batch=200 global_step=2172 loss_reg_months=5.7771 lr=0.00018592 grad_norm=1.2982 throughput=34.81 img/s eta_seconds=293.4 gpu_alloc=502.5MiB gpu_reserved=4420.0MiB skipped_batches=0
2026-08-15 10:00:01,523 | INFO | epoch=7 batch=225 global_step=2181 loss_reg_months=5.7571 lr=0.00018592 grad_norm=1.9291 throughput=35.24 img/s eta_seconds=281.3 gpu_alloc=389.2MiB gpu_reserved=4420.0MiB skipped_batches=0
2026-08-15 10:00:09,186 | INFO | epoch=7 batch=250 global_step=2189 loss_reg_months=5.7062 lr=0.00018592 grad_norm=2.6724 throughput=35.59 img/s eta_seconds=270.0 gpu_alloc=502.5MiB gpu_reserved=4420.0MiB skipped_batches=0
2026-08-15 10:00:16,868 | INFO | epoch=7 batch=275 global_step=2197 loss_reg_months=5.6654 lr=0.00018592 grad_norm=2.4169 throughput=35.88 img/s eta_seconds=259.5 gpu_alloc=502.5MiB gpu_reserved=4420.0MiB skipped_batches=0
2026-08-15 10:00:24,659 | INFO | epoch=7 batch=300 global_step=2206 loss_reg_months=5.6608 lr=0.00018592 grad_norm=2.2137 throughput=36.09 img/s eta_seconds=249.7 gpu_alloc=389.2MiB gpu_reserved=4420.0MiB skipped_batches=0
2026-08-15 10:00:32,321 | INFO | epoch=7 batch=325 global_step=2214 loss_reg_months=5.6327 lr=0.00018592 grad_norm=1.6289 throughput=36.30 img/s eta_seconds=239.9 gpu_alloc=502.5MiB gpu_reserved=4420.0MiB skipped_batches=0
2026-08-15 10:00:39,983 | INFO | epoch=7 batch=350 global_step=2222 loss_reg_months=5.6126 lr=0.00018592 grad_norm=1.6654 throughput=36.49 img/s eta_seconds=230.5 gpu_alloc=502.5MiB gpu_reserved=4420.0MiB skipped_batches=0
2026-08-15 10:00:47,661 | INFO | epoch=7 batch=375 global_step=2231 loss_reg_months=5.5849 lr=0.00018592 grad_norm=1.0714 throughput=36.66 img/s eta_seconds=221.3 gpu_alloc=389.2MiB gpu_reserved=4420.0MiB skipped_batches=0
2026-08-15 10:00:55,440 | INFO | epoch=7 batch=400 global_step=2239 loss_reg_months=5.5608 lr=0.00018592 grad_norm=1.6109 throughput=36.77 img/s eta_seconds=212.4 gpu_alloc=502.5MiB gpu_reserved=4420.0MiB skipped_batches=0
2026-08-15 10:01:03,123 | INFO | epoch=7 batch=425 global_step=2247 loss_reg_months=5.5708 lr=0.00018592 grad_norm=2.0488 throughput=36.90 img/s eta_seconds=203.6 gpu_alloc=502.5MiB gpu_reserved=4420.0MiB skipped_batches=0
2026-08-15 10:01:10,812 | INFO | epoch=7 batch=450 global_step=2256 loss_reg_months=5.5480 lr=0.00018592 grad_norm=1.4347 throughput=37.01 img/s eta_seconds=194.9 gpu_alloc=389.2MiB gpu_reserved=4420.0MiB skipped_batches=0
2026-08-15 10:01:18,493 | INFO | epoch=7 batch=475 global_step=2264 loss_reg_months=5.5412 lr=0.00018592 grad_norm=2.4481 throughput=37.11 img/s eta_seconds=186.2 gpu_alloc=502.5MiB gpu_reserved=4420.0MiB skipped_batches=0
2026-08-15 10:01:26,560 | INFO | epoch=7 batch=500 global_step=2272 loss_reg_months=5.5683 lr=0.00018592 grad_norm=2.5594 throughput=37.11 img/s eta_seconds=178.1 gpu_alloc=502.5MiB gpu_reserved=4420.0MiB skipped_batches=0
2026-08-15 10:01:34,276 | INFO | epoch=7 batch=525 global_step=2281 loss_reg_months=5.5824 lr=0.00018592 grad_norm=1.9354 throughput=37.19 img/s eta_seconds=169.7 gpu_alloc=389.2MiB gpu_reserved=4420.0MiB skipped_batches=0
2026-08-15 10:01:41,943 | INFO | epoch=7 batch=550 global_step=2289 loss_reg_months=5.5939 lr=0.00018592 grad_norm=2.8469 throughput=37.28 img/s eta_seconds=161.2 gpu_alloc=502.5MiB gpu_reserved=4420.0MiB skipped_batches=0
2026-08-15 10:01:49,610 | INFO | epoch=7 batch=575 global_step=2297 loss_reg_months=5.5896 lr=0.00018592 grad_norm=2.0082 throughput=37.36 img/s eta_seconds=152.9 gpu_alloc=502.5MiB gpu_reserved=4420.0MiB skipped_batches=0
2026-08-15 10:01:57,293 | INFO | epoch=7 batch=600 global_step=2306 loss_reg_months=5.5900 lr=0.00018592 grad_norm=2.8831 throughput=37.42 img/s eta_seconds=144.6 gpu_alloc=389.2MiB gpu_reserved=4420.0MiB skipped_batches=0
2026-08-15 10:02:04,976 | INFO | epoch=7 batch=625 global_step=2314 loss_reg_months=5.6139 lr=0.00018592 grad_norm=1.5144 throughput=37.48 img/s eta_seconds=136.3 gpu_alloc=502.5MiB gpu_reserved=4420.0MiB skipped_batches=0
2026-08-15 10:02:12,656 | INFO | epoch=7 batch=650 global_step=2322 loss_reg_months=5.6186 lr=0.00018592 grad_norm=1.9876 throughput=37.54 img/s eta_seconds=128.1 gpu_alloc=502.5MiB gpu_reserved=4420.0MiB skipped_batches=0
2026-08-15 10:02:20,372 | INFO | epoch=7 batch=675 global_step=2331 loss_reg_months=5.6357 lr=0.00018592 grad_norm=2.0018 throughput=37.59 img/s eta_seconds=120.0 gpu_alloc=389.2MiB gpu_reserved=4420.0MiB skipped_batches=0
2026-08-15 10:02:28,050 | INFO | epoch=7 batch=700 global_step=2339 loss_reg_months=5.6178 lr=0.00018592 grad_norm=2.4961 throughput=37.64 img/s eta_seconds=111.9 gpu_alloc=502.5MiB gpu_reserved=4420.0MiB skipped_batches=0
2026-08-15 10:02:35,761 | INFO | epoch=7 batch=725 global_step=2347 loss_reg_months=5.6314 lr=0.00018592 grad_norm=2.3616 throughput=37.68 img/s eta_seconds=103.8 gpu_alloc=502.5MiB gpu_reserved=4420.0MiB skipped_batches=0
2026-08-15 10:02:43,465 | INFO | epoch=7 batch=750 global_step=2356 loss_reg_months=5.6297 lr=0.00018592 grad_norm=1.3981 throughput=37.72 img/s eta_seconds=95.7 gpu_alloc=389.2MiB gpu_reserved=4420.0MiB skipped_batches=0
2026-08-15 10:02:51,175 | INFO | epoch=7 batch=775 global_step=2364 loss_reg_months=5.6231 lr=0.00018592 grad_norm=2.0575 throughput=37.76 img/s eta_seconds=87.7 gpu_alloc=502.5MiB gpu_reserved=4420.0MiB skipped_batches=0
2026-08-15 10:02:59,182 | INFO | epoch=7 batch=800 global_step=2372 loss_reg_months=5.6350 lr=0.00018592 grad_norm=1.7751 throughput=37.75 img/s eta_seconds=79.8 gpu_alloc=502.5MiB gpu_reserved=4420.0MiB skipped_batches=0
2026-08-15 10:03:06,876 | INFO | epoch=7 batch=825 global_step=2381 loss_reg_months=5.6264 lr=0.00018592 grad_norm=1.7516 throughput=37.79 img/s eta_seconds=71.7 gpu_alloc=389.2MiB gpu_reserved=4420.0MiB skipped_batches=0
2026-08-15 10:03:14,544 | INFO | epoch=7 batch=850 global_step=2389 loss_reg_months=5.6279 lr=0.00018592 grad_norm=1.9726 throughput=37.83 img/s eta_seconds=63.7 gpu_alloc=502.5MiB gpu_reserved=4420.0MiB skipped_batches=0
2026-08-15 10:03:22,208 | INFO | epoch=7 batch=875 global_step=2397 loss_reg_months=5.6306 lr=0.00018592 grad_norm=1.8737 throughput=37.86 img/s eta_seconds=55.8 gpu_alloc=502.5MiB gpu_reserved=4420.0MiB skipped_batches=0
2026-08-15 10:03:29,894 | INFO | epoch=7 batch=900 global_step=2406 loss_reg_months=5.6367 lr=0.00018592 grad_norm=2.1723 throughput=37.89 img/s eta_seconds=47.8 gpu_alloc=389.2MiB gpu_reserved=4420.0MiB skipped_batches=0
2026-08-15 10:03:37,658 | INFO | epoch=7 batch=925 global_step=2414 loss_reg_months=5.6315 lr=0.00018592 grad_norm=1.6617 throughput=37.91 img/s eta_seconds=39.9 gpu_alloc=502.5MiB gpu_reserved=4420.0MiB skipped_batches=0
2026-08-15 10:03:45,316 | INFO | epoch=7 batch=950 global_step=2422 loss_reg_months=5.6105 lr=0.00018592 grad_norm=1.5892 throughput=37.95 img/s eta_seconds=31.9 gpu_alloc=502.5MiB gpu_reserved=4420.0MiB skipped_batches=0
2026-08-15 10:03:52,993 | INFO | epoch=7 batch=975 global_step=2431 loss_reg_months=5.6073 lr=0.00018592 grad_norm=2.8792 throughput=37.97 img/s eta_seconds=24.0 gpu_alloc=389.2MiB gpu_reserved=4420.0MiB skipped_batches=0
2026-08-15 10:04:00,744 | INFO | epoch=7 batch=1000 global_step=2439 loss_reg_months=5.5994 lr=0.00018592 grad_norm=1.2330 throughput=37.99 img/s eta_seconds=16.1 gpu_alloc=502.5MiB gpu_reserved=4420.0MiB skipped_batches=0
2026-08-15 10:04:08,506 | INFO | epoch=7 batch=1025 global_step=2447 loss_reg_months=5.5771 lr=0.00018592 grad_norm=1.5655 throughput=38.01 img/s eta_seconds=8.2 gpu_alloc=502.5MiB gpu_reserved=4420.0MiB skipped_batches=0
2026-08-15 10:04:16,187 | INFO | epoch=7 batch=1050 global_step=2456 loss_reg_months=5.5817 lr=0.00018592 grad_norm=1.7351 throughput=38.03 img/s eta_seconds=0.3 gpu_alloc=389.2MiB gpu_reserved=4420.0MiB skipped_batches=0
2026-08-15 10:04:42,383 | INFO | 
TRAINING REVIEW SNAPSHOT
Run ID / config hash / split hash: P4_D2_CONVNEXT_TINY_MULTISCALE_SEED42 / e3308f702cfc / 7328667e6822+f650a20432b5
Epoch / global step: 7 / 2457
Train loss: 5.5826
Validation MAE / RMSE / median AE: 7.0335 / 9.5356 / 5.0000
MAE nam / nữ / age bins: {'F': 7.11407208588957, 'M': 6.965556274256145} / {'0-59': 7.545212765957447, '120-179': 7.326946847960445, '60-119': 7.025380710659898, '180-228': 4.828125}
Learning rate / peak VRAM: 0.00018592 / 4420.0 MiB
Best epoch / best MAE / epochs không cải thiện: 5 / 6.5852 / 2
Cảnh báo hiện tại: KHÔNG
Checkpoint gần nhất: p1_baseline\runs\P4_D2_CONVNEXT_TINY_MULTISCALE_SEED42\last.ckpt
Checkpoint tốt nhất: p1_baseline\runs\P4_D2_CONVNEXT_TINY_MULTISCALE_SEED42\best_mae.ckpt
Đề xuất tự động: TIẾP TỤC
2026-08-15 10:05:00,672 | INFO | epoch=8 batch=25 global_step=2465 loss_reg_months=5.2587 lr=0.00018100 grad_norm=2.5374 throughput=20.35 img/s eta_seconds=604.8 gpu_alloc=502.5MiB gpu_reserved=4420.0MiB skipped_batches=0
2026-08-15 10:05:08,307 | INFO | epoch=8 batch=50 global_step=2473 loss_reg_months=5.1137 lr=0.00018100 grad_norm=1.4032 throughput=26.82 img/s eta_seconds=447.9 gpu_alloc=502.5MiB gpu_reserved=4420.0MiB skipped_batches=0
2026-08-15 10:05:15,964 | INFO | epoch=8 batch=75 global_step=2482 loss_reg_months=5.2247 lr=0.00018100 grad_norm=1.4754 throughput=29.97 img/s eta_seconds=390.7 gpu_alloc=389.2MiB gpu_reserved=4420.0MiB skipped_batches=0
2026-08-15 10:05:23,667 | INFO | epoch=8 batch=100 global_step=2490 loss_reg_months=5.1500 lr=0.00018100 grad_norm=1.6403 throughput=31.80 img/s eta_seconds=358.8 gpu_alloc=502.5MiB gpu_reserved=4420.0MiB skipped_batches=0
2026-08-15 10:05:31,614 | INFO | epoch=8 batch=125 global_step=2498 loss_reg_months=5.2157 lr=0.00018100 grad_norm=1.3669 throughput=32.84 img/s eta_seconds=338.4 gpu_alloc=502.5MiB gpu_reserved=4420.0MiB skipped_batches=0
2026-08-15 10:05:40,435 | INFO | epoch=8 batch=150 global_step=2507 loss_reg_months=5.2512 lr=0.00018100 grad_norm=2.0972 throughput=33.03 img/s eta_seconds=327.3 gpu_alloc=389.2MiB gpu_reserved=4420.0MiB skipped_batches=0
2026-08-15 10:05:48,132 | INFO | epoch=8 batch=175 global_step=2515 loss_reg_months=5.2258 lr=0.00018100 grad_norm=1.7016 throughput=33.76 img/s eta_seconds=311.3 gpu_alloc=502.5MiB gpu_reserved=4420.0MiB skipped_batches=0
2026-08-15 10:05:55,786 | INFO | epoch=8 batch=200 global_step=2523 loss_reg_months=5.2769 lr=0.00018100 grad_norm=1.2394 throughput=34.36 img/s eta_seconds=297.2 gpu_alloc=502.5MiB gpu_reserved=4420.0MiB skipped_batches=0
2026-08-15 10:06:03,462 | INFO | epoch=8 batch=225 global_step=2532 loss_reg_months=5.2431 lr=0.00018100 grad_norm=1.5418 throughput=34.83 img/s eta_seconds=284.6 gpu_alloc=389.2MiB gpu_reserved=4420.0MiB skipped_batches=0
2026-08-15 10:06:11,116 | INFO | epoch=8 batch=250 global_step=2540 loss_reg_months=5.2628 lr=0.00018100 grad_norm=2.2784 throughput=35.22 img/s eta_seconds=272.9 gpu_alloc=502.5MiB gpu_reserved=4420.0MiB skipped_batches=0
2026-08-15 10:06:18,781 | INFO | epoch=8 batch=275 global_step=2548 loss_reg_months=5.2538 lr=0.00018100 grad_norm=1.0374 throughput=35.54 img/s eta_seconds=262.0 gpu_alloc=502.5MiB gpu_reserved=4420.0MiB skipped_batches=0
2026-08-15 10:06:26,468 | INFO | epoch=8 batch=300 global_step=2557 loss_reg_months=5.2520 lr=0.00018100 grad_norm=1.4462 throughput=35.81 img/s eta_seconds=251.6 gpu_alloc=389.2MiB gpu_reserved=4420.0MiB skipped_batches=0
2026-08-15 10:06:34,128 | INFO | epoch=8 batch=325 global_step=2565 loss_reg_months=5.2472 lr=0.00018100 grad_norm=2.1630 throughput=36.05 img/s eta_seconds=241.7 gpu_alloc=502.5MiB gpu_reserved=4420.0MiB skipped_batches=0
2026-08-15 10:06:41,781 | INFO | epoch=8 batch=350 global_step=2573 loss_reg_months=5.2953 lr=0.00018100 grad_norm=1.5711 throughput=36.25 img/s eta_seconds=232.0 gpu_alloc=502.5MiB gpu_reserved=4420.0MiB skipped_batches=0
2026-08-15 10:06:49,477 | INFO | epoch=8 batch=375 global_step=2582 loss_reg_months=5.2856 lr=0.00018100 grad_norm=1.4077 throughput=36.42 img/s eta_seconds=222.7 gpu_alloc=389.2MiB gpu_reserved=4420.0MiB skipped_batches=0
2026-08-15 10:06:57,259 | INFO | epoch=8 batch=400 global_step=2590 loss_reg_months=5.3090 lr=0.00018100 grad_norm=2.4573 throughput=36.55 img/s eta_seconds=213.7 gpu_alloc=502.5MiB gpu_reserved=4420.0MiB skipped_batches=0
2026-08-15 10:07:05,056 | INFO | epoch=8 batch=425 global_step=2598 loss_reg_months=5.3143 lr=0.00018100 grad_norm=1.6169 throughput=36.66 img/s eta_seconds=204.9 gpu_alloc=502.5MiB gpu_reserved=4420.0MiB skipped_batches=0
2026-08-15 10:07:12,807 | INFO | epoch=8 batch=450 global_step=2607 loss_reg_months=5.3333 lr=0.00018100 grad_norm=2.5759 throughput=36.77 img/s eta_seconds=196.1 gpu_alloc=389.2MiB gpu_reserved=4420.0MiB skipped_batches=0
2026-08-15 10:07:20,529 | INFO | epoch=8 batch=475 global_step=2615 loss_reg_months=5.3559 lr=0.00018100 grad_norm=3.2863 throughput=36.87 img/s eta_seconds=187.4 gpu_alloc=502.5MiB gpu_reserved=4420.0MiB skipped_batches=0
2026-08-15 10:07:28,246 | INFO | epoch=8 batch=500 global_step=2623 loss_reg_months=5.3531 lr=0.00018100 grad_norm=1.6352 throughput=36.97 img/s eta_seconds=178.8 gpu_alloc=502.5MiB gpu_reserved=4420.0MiB skipped_batches=0
2026-08-15 10:07:36,174 | INFO | epoch=8 batch=525 global_step=2632 loss_reg_months=5.3809 lr=0.00018100 grad_norm=1.7156 throughput=37.01 img/s eta_seconds=170.5 gpu_alloc=389.2MiB gpu_reserved=4420.0MiB skipped_batches=0
2026-08-15 10:07:43,888 | INFO | epoch=8 batch=550 global_step=2640 loss_reg_months=5.3666 lr=0.00018100 grad_norm=1.4677 throughput=37.09 img/s eta_seconds=162.1 gpu_alloc=502.5MiB gpu_reserved=4420.0MiB skipped_batches=0
2026-08-15 10:07:51,556 | INFO | epoch=8 batch=575 global_step=2648 loss_reg_months=5.3466 lr=0.00018100 grad_norm=1.5417 throughput=37.17 img/s eta_seconds=153.6 gpu_alloc=502.5MiB gpu_reserved=4420.0MiB skipped_batches=0
2026-08-15 10:07:59,331 | INFO | epoch=8 batch=600 global_step=2657 loss_reg_months=5.3556 lr=0.00018100 grad_norm=1.4386 throughput=37.23 img/s eta_seconds=145.3 gpu_alloc=389.2MiB gpu_reserved=4420.0MiB skipped_batches=0
2026-08-15 10:08:07,044 | INFO | epoch=8 batch=625 global_step=2665 loss_reg_months=5.3462 lr=0.00018100 grad_norm=1.6483 throughput=37.29 img/s eta_seconds=137.0 gpu_alloc=502.5MiB gpu_reserved=4420.0MiB skipped_batches=0
2026-08-15 10:08:14,714 | INFO | epoch=8 batch=650 global_step=2673 loss_reg_months=5.3511 lr=0.00018100 grad_norm=2.2213 throughput=37.36 img/s eta_seconds=128.8 gpu_alloc=502.5MiB gpu_reserved=4420.0MiB skipped_batches=0
2026-08-15 10:08:22,405 | INFO | epoch=8 batch=675 global_step=2682 loss_reg_months=5.3614 lr=0.00018100 grad_norm=2.0174 throughput=37.42 img/s eta_seconds=120.6 gpu_alloc=389.2MiB gpu_reserved=4420.0MiB skipped_batches=0
2026-08-15 10:08:30,129 | INFO | epoch=8 batch=700 global_step=2690 loss_reg_months=5.3660 lr=0.00018100 grad_norm=3.1157 throughput=37.47 img/s eta_seconds=112.4 gpu_alloc=502.5MiB gpu_reserved=4420.0MiB skipped_batches=0
2026-08-15 10:08:37,806 | INFO | epoch=8 batch=725 global_step=2698 loss_reg_months=5.3572 lr=0.00018100 grad_norm=2.5768 throughput=37.52 img/s eta_seconds=104.2 gpu_alloc=502.5MiB gpu_reserved=4420.0MiB skipped_batches=0
2026-08-15 10:08:45,507 | INFO | epoch=8 batch=750 global_step=2707 loss_reg_months=5.3545 lr=0.00018100 grad_norm=1.9720 throughput=37.57 img/s eta_seconds=96.1 gpu_alloc=389.2MiB gpu_reserved=4420.0MiB skipped_batches=0
2026-08-15 10:08:53,187 | INFO | epoch=8 batch=775 global_step=2715 loss_reg_months=5.3690 lr=0.00018100 grad_norm=2.3013 throughput=37.61 img/s eta_seconds=88.0 gpu_alloc=502.5MiB gpu_reserved=4420.0MiB skipped_batches=0
2026-08-15 10:09:00,857 | INFO | epoch=8 batch=800 global_step=2723 loss_reg_months=5.3582 lr=0.00018100 grad_norm=1.2670 throughput=37.66 img/s eta_seconds=80.0 gpu_alloc=502.5MiB gpu_reserved=4420.0MiB skipped_batches=0
2026-08-15 10:09:08,671 | INFO | epoch=8 batch=825 global_step=2732 loss_reg_months=5.3712 lr=0.00018100 grad_norm=1.5066 throughput=37.68 img/s eta_seconds=71.9 gpu_alloc=389.2MiB gpu_reserved=4420.0MiB skipped_batches=0
2026-08-15 10:09:16,348 | INFO | epoch=8 batch=850 global_step=2740 loss_reg_months=5.3669 lr=0.00018100 grad_norm=1.1407 throughput=37.72 img/s eta_seconds=63.9 gpu_alloc=502.5MiB gpu_reserved=4420.0MiB skipped_batches=0
2026-08-15 10:09:24,010 | INFO | epoch=8 batch=875 global_step=2748 loss_reg_months=5.3651 lr=0.00018100 grad_norm=1.3249 throughput=37.76 img/s eta_seconds=55.9 gpu_alloc=502.5MiB gpu_reserved=4420.0MiB skipped_batches=0
2026-08-15 10:09:31,730 | INFO | epoch=8 batch=900 global_step=2757 loss_reg_months=5.3552 lr=0.00018100 grad_norm=1.8235 throughput=37.79 img/s eta_seconds=47.9 gpu_alloc=389.2MiB gpu_reserved=4420.0MiB skipped_batches=0
2026-08-15 10:09:39,400 | INFO | epoch=8 batch=925 global_step=2765 loss_reg_months=5.3517 lr=0.00018100 grad_norm=1.2250 throughput=37.82 img/s eta_seconds=39.9 gpu_alloc=502.5MiB gpu_reserved=4420.0MiB skipped_batches=0
2026-08-15 10:09:47,128 | INFO | epoch=8 batch=950 global_step=2773 loss_reg_months=5.3508 lr=0.00018100 grad_norm=2.7609 throughput=37.85 img/s eta_seconds=32.0 gpu_alloc=502.5MiB gpu_reserved=4420.0MiB skipped_batches=0
2026-08-15 10:09:54,854 | INFO | epoch=8 batch=975 global_step=2782 loss_reg_months=5.3465 lr=0.00018100 grad_norm=1.9444 throughput=37.87 img/s eta_seconds=24.1 gpu_alloc=389.2MiB gpu_reserved=4420.0MiB skipped_batches=0
2026-08-15 10:10:02,687 | INFO | epoch=8 batch=1000 global_step=2790 loss_reg_months=5.3475 lr=0.00018100 grad_norm=2.3240 throughput=37.88 img/s eta_seconds=16.1 gpu_alloc=502.5MiB gpu_reserved=4420.0MiB skipped_batches=0
2026-08-15 10:10:10,404 | INFO | epoch=8 batch=1025 global_step=2798 loss_reg_months=5.3471 lr=0.00018100 grad_norm=2.0258 throughput=37.91 img/s eta_seconds=8.2 gpu_alloc=502.5MiB gpu_reserved=4420.0MiB skipped_batches=0
2026-08-15 10:10:18,104 | INFO | epoch=8 batch=1050 global_step=2807 loss_reg_months=5.3696 lr=0.00018100 grad_norm=2.1307 throughput=37.93 img/s eta_seconds=0.3 gpu_alloc=389.2MiB gpu_reserved=4420.0MiB skipped_batches=0
2026-08-15 10:10:44,512 | WARNING | STABILITY WARNING [CAM] Prediction vượt nhẹ miền tuổi 0–228: [2.33, 234.00]
2026-08-15 10:10:44,514 | WARNING | STABILITY WARNING [CAM] Validation MAE xấu đi trong khi train loss giảm
2026-08-15 10:10:44,514 | INFO | 
TRAINING REVIEW SNAPSHOT
Run ID / config hash / split hash: P4_D2_CONVNEXT_TINY_MULTISCALE_SEED42 / e3308f702cfc / 7328667e6822+f650a20432b5
Epoch / global step: 8 / 2808
Train loss: 5.3701
Validation MAE / RMSE / median AE: 6.9681 / 9.3865 / 5.0000
MAE nam / nữ / age bins: {'F': 7.263204562883436, 'M': 6.719113842173351} / {'0-59': 7.64345079787234, '120-179': 5.938813349814586, '60-119': 9.186548223350254, '180-228': 6.1484375}
Learning rate / peak VRAM: 0.00018100 / 4420.0 MiB
Best epoch / best MAE / epochs không cải thiện: 5 / 6.5852 / 3
Cảnh báo hiện tại: CAM: Prediction vượt nhẹ miền tuổi 0–228: [2.33, 234.00] | CAM: Validation MAE xấu đi trong khi train loss giảm
Checkpoint gần nhất: p1_baseline\runs\P4_D2_CONVNEXT_TINY_MULTISCALE_SEED42\last.ckpt
Checkpoint tốt nhất: p1_baseline\runs\P4_D2_CONVNEXT_TINY_MULTISCALE_SEED42\best_mae.ckpt
Đề xuất tự động: THEO DÕI
2026-08-15 10:11:00,922 | INFO | epoch=9 batch=25 global_step=2816 loss_reg_months=4.6607 lr=0.00017543 grad_norm=1.4518 throughput=19.97 img/s eta_seconds=616.5 gpu_alloc=502.5MiB gpu_reserved=4420.0MiB skipped_batches=0
2026-08-15 10:11:08,574 | INFO | epoch=9 batch=50 global_step=2824 loss_reg_months=4.8555 lr=0.00017543 grad_norm=1.2024 throughput=26.46 img/s eta_seconds=453.9 gpu_alloc=502.5MiB gpu_reserved=4420.0MiB skipped_batches=0
2026-08-15 10:11:16,321 | INFO | epoch=9 batch=75 global_step=2833 loss_reg_months=4.9865 lr=0.00017543 grad_norm=1.4466 throughput=29.58 img/s eta_seconds=395.9 gpu_alloc=389.2MiB gpu_reserved=4420.0MiB skipped_batches=0
2026-08-15 10:11:24,016 | INFO | epoch=9 batch=100 global_step=2841 loss_reg_months=5.0069 lr=0.00017543 grad_norm=1.1762 throughput=31.48 img/s eta_seconds=362.5 gpu_alloc=502.5MiB gpu_reserved=4420.0MiB skipped_batches=0
2026-08-15 10:11:31,673 | INFO | epoch=9 batch=125 global_step=2849 loss_reg_months=4.9726 lr=0.00017543 grad_norm=1.9043 throughput=32.77 img/s eta_seconds=339.1 gpu_alloc=502.5MiB gpu_reserved=4420.0MiB skipped_batches=0
2026-08-15 10:11:39,359 | INFO | epoch=9 batch=150 global_step=2858 loss_reg_months=4.9833 lr=0.00017543 grad_norm=2.3525 throughput=33.67 img/s eta_seconds=321.1 gpu_alloc=389.2MiB gpu_reserved=4420.0MiB skipped_batches=0
2026-08-15 10:11:47,019 | INFO | epoch=9 batch=175 global_step=2866 loss_reg_months=5.0222 lr=0.00017543 grad_norm=3.2314 throughput=34.36 img/s eta_seconds=305.9 gpu_alloc=502.5MiB gpu_reserved=4420.0MiB skipped_batches=0
2026-08-15 10:11:54,680 | INFO | epoch=9 batch=200 global_step=2874 loss_reg_months=5.1564 lr=0.00017543 grad_norm=3.0470 throughput=34.89 img/s eta_seconds=292.6 gpu_alloc=502.5MiB gpu_reserved=4420.0MiB skipped_batches=0
2026-08-15 10:12:02,405 | INFO | epoch=9 batch=225 global_step=2883 loss_reg_months=5.2614 lr=0.00017543 grad_norm=2.0492 throughput=35.29 img/s eta_seconds=280.8 gpu_alloc=389.2MiB gpu_reserved=4420.0MiB skipped_batches=0
2026-08-15 10:12:10,081 | INFO | epoch=9 batch=250 global_step=2891 loss_reg_months=5.2739 lr=0.00017543 grad_norm=2.2198 throughput=35.64 img/s eta_seconds=269.7 gpu_alloc=502.5MiB gpu_reserved=4420.0MiB skipped_batches=0
2026-08-15 10:12:17,846 | INFO | epoch=9 batch=275 global_step=2899 loss_reg_months=5.2196 lr=0.00017543 grad_norm=1.3084 throughput=35.89 img/s eta_seconds=259.4 gpu_alloc=502.5MiB gpu_reserved=4420.0MiB skipped_batches=0
2026-08-15 10:12:25,548 | INFO | epoch=9 batch=300 global_step=2908 loss_reg_months=5.2278 lr=0.00017543 grad_norm=1.0761 throughput=36.13 img/s eta_seconds=249.4 gpu_alloc=389.2MiB gpu_reserved=4420.0MiB skipped_batches=0
2026-08-15 10:12:33,215 | INFO | epoch=9 batch=325 global_step=2916 loss_reg_months=5.2325 lr=0.00017543 grad_norm=1.3012 throughput=36.34 img/s eta_seconds=239.7 gpu_alloc=502.5MiB gpu_reserved=4420.0MiB skipped_batches=0
2026-08-15 10:12:41,045 | INFO | epoch=9 batch=350 global_step=2924 loss_reg_months=5.2635 lr=0.00017543 grad_norm=2.9415 throughput=36.47 img/s eta_seconds=230.6 gpu_alloc=502.5MiB gpu_reserved=4420.0MiB skipped_batches=0
2026-08-15 10:12:48,743 | INFO | epoch=9 batch=375 global_step=2933 loss_reg_months=5.2693 lr=0.00017543 grad_norm=2.4978 throughput=36.63 img/s eta_seconds=221.4 gpu_alloc=389.2MiB gpu_reserved=4420.0MiB skipped_batches=0
2026-08-15 10:12:56,488 | INFO | epoch=9 batch=400 global_step=2941 loss_reg_months=5.2729 lr=0.00017543 grad_norm=2.4603 throughput=36.76 img/s eta_seconds=212.5 gpu_alloc=502.5MiB gpu_reserved=4420.0MiB skipped_batches=0
2026-08-15 10:13:04,186 | INFO | epoch=9 batch=425 global_step=2949 loss_reg_months=5.2674 lr=0.00017543 grad_norm=1.2522 throughput=36.88 img/s eta_seconds=203.7 gpu_alloc=502.5MiB gpu_reserved=4420.0MiB skipped_batches=0
2026-08-15 10:13:11,990 | INFO | epoch=9 batch=450 global_step=2958 loss_reg_months=5.2469 lr=0.00017543 grad_norm=1.6429 throughput=36.96 img/s eta_seconds=195.1 gpu_alloc=389.2MiB gpu_reserved=4420.0MiB skipped_batches=0
2026-08-15 10:13:19,700 | INFO | epoch=9 batch=475 global_step=2966 loss_reg_months=5.2694 lr=0.00017543 grad_norm=1.6510 throughput=37.06 img/s eta_seconds=186.5 gpu_alloc=502.5MiB gpu_reserved=4420.0MiB skipped_batches=0
2026-08-15 10:13:27,376 | INFO | epoch=9 batch=500 global_step=2974 loss_reg_months=5.2683 lr=0.00017543 grad_norm=2.2633 throughput=37.16 img/s eta_seconds=177.9 gpu_alloc=502.5MiB gpu_reserved=4420.0MiB skipped_batches=0
2026-08-15 10:13:35,135 | INFO | epoch=9 batch=525 global_step=2983 loss_reg_months=5.2903 lr=0.00017543 grad_norm=2.2076 throughput=37.23 img/s eta_seconds=169.5 gpu_alloc=389.2MiB gpu_reserved=4420.0MiB skipped_batches=0
2026-08-15 10:13:42,808 | INFO | epoch=9 batch=550 global_step=2991 loss_reg_months=5.3306 lr=0.00017543 grad_norm=1.9151 throughput=37.31 img/s eta_seconds=161.1 gpu_alloc=502.5MiB gpu_reserved=4420.0MiB skipped_batches=0
2026-08-15 10:13:50,494 | INFO | epoch=9 batch=575 global_step=2999 loss_reg_months=5.3386 lr=0.00017543 grad_norm=1.5504 throughput=37.38 img/s eta_seconds=152.8 gpu_alloc=502.5MiB gpu_reserved=4420.0MiB skipped_batches=0
2026-08-15 10:13:59,281 | INFO | epoch=9 batch=600 global_step=3008 loss_reg_months=5.3039 lr=0.00017543 grad_norm=1.2698 throughput=37.23 img/s eta_seconds=145.3 gpu_alloc=389.2MiB gpu_reserved=4420.0MiB skipped_batches=0
2026-08-15 10:14:06,954 | INFO | epoch=9 batch=625 global_step=3016 loss_reg_months=5.2872 lr=0.00017543 grad_norm=2.2512 throughput=37.30 img/s eta_seconds=137.0 gpu_alloc=502.5MiB gpu_reserved=4420.0MiB skipped_batches=0
2026-08-15 10:14:14,622 | INFO | epoch=9 batch=650 global_step=3024 loss_reg_months=5.2936 lr=0.00017543 grad_norm=2.2894 throughput=37.37 img/s eta_seconds=128.7 gpu_alloc=502.5MiB gpu_reserved=4420.0MiB skipped_batches=0
2026-08-15 10:14:22,508 | INFO | epoch=9 batch=675 global_step=3033 loss_reg_months=5.2842 lr=0.00017543 grad_norm=2.6119 throughput=37.39 img/s eta_seconds=120.6 gpu_alloc=389.2MiB gpu_reserved=4420.0MiB skipped_batches=0
2026-08-15 10:14:30,406 | INFO | epoch=9 batch=700 global_step=3041 loss_reg_months=5.2902 lr=0.00017543 grad_norm=1.1713 throughput=37.42 img/s eta_seconds=112.5 gpu_alloc=502.5MiB gpu_reserved=4420.0MiB skipped_batches=0
2026-08-15 10:14:38,097 | INFO | epoch=9 batch=725 global_step=3049 loss_reg_months=5.3147 lr=0.00017543 grad_norm=1.9109 throughput=37.47 img/s eta_seconds=104.4 gpu_alloc=502.5MiB gpu_reserved=4420.0MiB skipped_batches=0
2026-08-15 10:14:45,791 | INFO | epoch=9 batch=750 global_step=3058 loss_reg_months=5.3079 lr=0.00017543 grad_norm=1.3747 throughput=37.52 img/s eta_seconds=96.3 gpu_alloc=389.2MiB gpu_reserved=4420.0MiB skipped_batches=0
2026-08-15 10:14:53,459 | INFO | epoch=9 batch=775 global_step=3066 loss_reg_months=5.3073 lr=0.00017543 grad_norm=1.5104 throughput=37.57 img/s eta_seconds=88.1 gpu_alloc=502.5MiB gpu_reserved=4420.0MiB skipped_batches=0
2026-08-15 10:15:01,179 | INFO | epoch=9 batch=800 global_step=3074 loss_reg_months=5.2847 lr=0.00017543 grad_norm=2.3009 throughput=37.61 img/s eta_seconds=80.1 gpu_alloc=502.5MiB gpu_reserved=4420.0MiB skipped_batches=0
2026-08-15 10:15:08,951 | INFO | epoch=9 batch=825 global_step=3083 loss_reg_months=5.2901 lr=0.00017543 grad_norm=1.5546 throughput=37.63 img/s eta_seconds=72.0 gpu_alloc=389.2MiB gpu_reserved=4420.0MiB skipped_batches=0
2026-08-15 10:15:16,614 | INFO | epoch=9 batch=850 global_step=3091 loss_reg_months=5.2883 lr=0.00017543 grad_norm=1.6753 throughput=37.68 img/s eta_seconds=64.0 gpu_alloc=502.5MiB gpu_reserved=4420.0MiB skipped_batches=0
2026-08-15 10:15:24,282 | INFO | epoch=9 batch=875 global_step=3099 loss_reg_months=5.2856 lr=0.00017543 grad_norm=1.4885 throughput=37.72 img/s eta_seconds=56.0 gpu_alloc=502.5MiB gpu_reserved=4420.0MiB skipped_batches=0
2026-08-15 10:15:31,972 | INFO | epoch=9 batch=900 global_step=3108 loss_reg_months=5.2753 lr=0.00017543 grad_norm=1.2205 throughput=37.75 img/s eta_seconds=48.0 gpu_alloc=389.2MiB gpu_reserved=4420.0MiB skipped_batches=0
2026-08-15 10:15:39,656 | INFO | epoch=9 batch=925 global_step=3116 loss_reg_months=5.2745 lr=0.00017543 grad_norm=2.3952 throughput=37.79 img/s eta_seconds=40.0 gpu_alloc=502.5MiB gpu_reserved=4420.0MiB skipped_batches=0
2026-08-15 10:15:47,377 | INFO | epoch=9 batch=950 global_step=3124 loss_reg_months=5.2710 lr=0.00017543 grad_norm=2.3567 throughput=37.81 img/s eta_seconds=32.0 gpu_alloc=502.5MiB gpu_reserved=4420.0MiB skipped_batches=0
2026-08-15 10:15:55,121 | INFO | epoch=9 batch=975 global_step=3133 loss_reg_months=5.2684 lr=0.00017543 grad_norm=1.5536 throughput=37.84 img/s eta_seconds=24.1 gpu_alloc=389.2MiB gpu_reserved=4420.0MiB skipped_batches=0
2026-08-15 10:16:02,884 | INFO | epoch=9 batch=1000 global_step=3141 loss_reg_months=5.2693 lr=0.00017543 grad_norm=1.9661 throughput=37.86 img/s eta_seconds=16.1 gpu_alloc=502.5MiB gpu_reserved=4420.0MiB skipped_batches=0
2026-08-15 10:16:10,551 | INFO | epoch=9 batch=1025 global_step=3149 loss_reg_months=5.2738 lr=0.00017543 grad_norm=1.4601 throughput=37.89 img/s eta_seconds=8.2 gpu_alloc=502.5MiB gpu_reserved=4420.0MiB skipped_batches=0
2026-08-15 10:16:18,230 | INFO | epoch=9 batch=1050 global_step=3158 loss_reg_months=5.2801 lr=0.00017543 grad_norm=1.6332 throughput=37.91 img/s eta_seconds=0.3 gpu_alloc=389.2MiB gpu_reserved=4420.0MiB skipped_batches=0
2026-08-15 10:16:44,458 | WARNING | STABILITY WARNING [CAM] Prediction vượt nhẹ miền tuổi 0–228: [0.32, 232.00]
2026-08-15 10:16:44,461 | INFO | 
TRAINING REVIEW SNAPSHOT
Run ID / config hash / split hash: P4_D2_CONVNEXT_TINY_MULTISCALE_SEED42 / e3308f702cfc / 7328667e6822+f650a20432b5
Epoch / global step: 9 / 3159
Train loss: 5.2775
Validation MAE / RMSE / median AE: 6.6660 / 8.7806 / 5.0000
MAE nam / nữ / age bins: {'F': 6.974741180981595, 'M': 6.405643596377749} / {'0-59': 6.495678191489362, '120-179': 6.483930778739184, '60-119': 7.144670050761421, '180-228': 6.46875}
Learning rate / peak VRAM: 0.00017543 / 4420.0 MiB
Best epoch / best MAE / epochs không cải thiện: 5 / 6.5852 / 4
Cảnh báo hiện tại: CAM: Prediction vượt nhẹ miền tuổi 0–228: [0.32, 232.00]
Checkpoint gần nhất: p1_baseline\runs\P4_D2_CONVNEXT_TINY_MULTISCALE_SEED42\last.ckpt
Checkpoint tốt nhất: p1_baseline\runs\P4_D2_CONVNEXT_TINY_MULTISCALE_SEED42\best_mae.ckpt
Đề xuất tự động: THEO DÕI
2026-08-15 10:17:00,583 | INFO | epoch=10 batch=25 global_step=3167 loss_reg_months=5.1145 lr=0.00016926 grad_norm=1.0686 throughput=20.35 img/s eta_seconds=605.0 gpu_alloc=502.5MiB gpu_reserved=4420.0MiB skipped_batches=0
2026-08-15 10:17:08,234 | INFO | epoch=10 batch=50 global_step=3175 loss_reg_months=5.3530 lr=0.00016926 grad_norm=1.3745 throughput=26.79 img/s eta_seconds=448.3 gpu_alloc=502.5MiB gpu_reserved=4420.0MiB skipped_batches=0
2026-08-15 10:17:15,909 | INFO | epoch=10 batch=75 global_step=3184 loss_reg_months=5.3770 lr=0.00016926 grad_norm=1.4773 throughput=29.93 img/s eta_seconds=391.3 gpu_alloc=389.2MiB gpu_reserved=4420.0MiB skipped_batches=0
2026-08-15 10:17:23,568 | INFO | epoch=10 batch=100 global_step=3192 loss_reg_months=5.2083 lr=0.00016926 grad_norm=2.1401 throughput=31.81 img/s eta_seconds=358.8 gpu_alloc=502.5MiB gpu_reserved=4420.0MiB skipped_batches=0
2026-08-15 10:17:31,227 | INFO | epoch=10 batch=125 global_step=3200 loss_reg_months=5.2749 lr=0.00016926 grad_norm=1.7216 throughput=33.05 img/s eta_seconds=336.2 gpu_alloc=502.5MiB gpu_reserved=4420.0MiB skipped_batches=0
2026-08-15 10:17:39,201 | INFO | epoch=10 batch=150 global_step=3209 loss_reg_months=5.3399 lr=0.00016926 grad_norm=1.9316 throughput=33.73 img/s eta_seconds=320.5 gpu_alloc=389.2MiB gpu_reserved=4420.0MiB skipped_batches=0
2026-08-15 10:17:46,888 | INFO | epoch=10 batch=175 global_step=3217 loss_reg_months=5.3471 lr=0.00016926 grad_norm=2.5022 throughput=34.40 img/s eta_seconds=305.6 gpu_alloc=502.5MiB gpu_reserved=4420.0MiB skipped_batches=0
2026-08-15 10:17:54,546 | INFO | epoch=10 batch=200 global_step=3225 loss_reg_months=5.3520 lr=0.00016926 grad_norm=1.9755 throughput=34.93 img/s eta_seconds=292.3 gpu_alloc=502.5MiB gpu_reserved=4420.0MiB skipped_batches=0
2026-08-15 10:18:02,245 | INFO | epoch=10 batch=225 global_step=3234 loss_reg_months=5.2550 lr=0.00016926 grad_norm=1.3844 throughput=35.34 img/s eta_seconds=280.5 gpu_alloc=389.2MiB gpu_reserved=4420.0MiB skipped_batches=0
2026-08-15 10:18:09,923 | INFO | epoch=10 batch=250 global_step=3242 loss_reg_months=5.2994 lr=0.00016926 grad_norm=2.8096 throughput=35.68 img/s eta_seconds=269.4 gpu_alloc=502.5MiB gpu_reserved=4420.0MiB skipped_batches=0
2026-08-15 10:18:17,602 | INFO | epoch=10 batch=275 global_step=3250 loss_reg_months=5.2130 lr=0.00016926 grad_norm=1.6671 throughput=35.96 img/s eta_seconds=258.9 gpu_alloc=502.5MiB gpu_reserved=4420.0MiB skipped_batches=0
2026-08-15 10:18:25,286 | INFO | epoch=10 batch=300 global_step=3259 loss_reg_months=5.2592 lr=0.00016926 grad_norm=2.1645 throughput=36.20 img/s eta_seconds=248.9 gpu_alloc=389.2MiB gpu_reserved=4420.0MiB skipped_batches=0
2026-08-15 10:18:33,028 | INFO | epoch=10 batch=325 global_step=3267 loss_reg_months=5.3006 lr=0.00016926 grad_norm=2.0378 throughput=36.38 img/s eta_seconds=239.4 gpu_alloc=502.5MiB gpu_reserved=4420.0MiB skipped_batches=0
2026-08-15 10:18:40,687 | INFO | epoch=10 batch=350 global_step=3275 loss_reg_months=5.3065 lr=0.00016926 grad_norm=1.0408 throughput=36.57 img/s eta_seconds=230.0 gpu_alloc=502.5MiB gpu_reserved=4420.0MiB skipped_batches=0
2026-08-15 10:18:48,367 | INFO | epoch=10 batch=375 global_step=3284 loss_reg_months=5.3103 lr=0.00016926 grad_norm=2.3998 throughput=36.73 img/s eta_seconds=220.8 gpu_alloc=389.2MiB gpu_reserved=4420.0MiB skipped_batches=0
2026-08-15 10:18:56,208 | INFO | epoch=10 batch=400 global_step=3292 loss_reg_months=5.3118 lr=0.00016926 grad_norm=1.5285 throughput=36.82 img/s eta_seconds=212.1 gpu_alloc=502.5MiB gpu_reserved=4420.0MiB skipped_batches=0
2026-08-15 10:19:04,131 | INFO | epoch=10 batch=425 global_step=3300 loss_reg_months=5.3104 lr=0.00016926 grad_norm=1.0434 throughput=36.88 img/s eta_seconds=203.7 gpu_alloc=502.5MiB gpu_reserved=4420.0MiB skipped_batches=0
2026-08-15 10:19:11,831 | INFO | epoch=10 batch=450 global_step=3309 loss_reg_months=5.3401 lr=0.00016926 grad_norm=2.7027 throughput=36.99 img/s eta_seconds=195.0 gpu_alloc=389.2MiB gpu_reserved=4420.0MiB skipped_batches=0
2026-08-15 10:19:19,507 | INFO | epoch=10 batch=475 global_step=3317 loss_reg_months=5.3602 lr=0.00016926 grad_norm=2.4554 throughput=37.09 img/s eta_seconds=186.3 gpu_alloc=502.5MiB gpu_reserved=4420.0MiB skipped_batches=0
2026-08-15 10:19:27,172 | INFO | epoch=10 batch=500 global_step=3325 loss_reg_months=5.3851 lr=0.00016926 grad_norm=2.4327 throughput=37.19 img/s eta_seconds=177.8 gpu_alloc=502.5MiB gpu_reserved=4420.0MiB skipped_batches=0
2026-08-15 10:19:34,860 | INFO | epoch=10 batch=525 global_step=3334 loss_reg_months=5.3617 lr=0.00016926 grad_norm=2.4659 throughput=37.27 img/s eta_seconds=169.3 gpu_alloc=389.2MiB gpu_reserved=4420.0MiB skipped_batches=0
2026-08-15 10:19:42,532 | INFO | epoch=10 batch=550 global_step=3342 loss_reg_months=5.3601 lr=0.00016926 grad_norm=1.7995 throughput=37.35 img/s eta_seconds=160.9 gpu_alloc=502.5MiB gpu_reserved=4420.0MiB skipped_batches=0
2026-08-15 10:19:50,313 | INFO | epoch=10 batch=575 global_step=3350 loss_reg_months=5.3584 lr=0.00016926 grad_norm=1.3199 throughput=37.40 img/s eta_seconds=152.7 gpu_alloc=502.5MiB gpu_reserved=4420.0MiB skipped_batches=0
2026-08-15 10:19:58,011 | INFO | epoch=10 batch=600 global_step=3359 loss_reg_months=5.3598 lr=0.00016926 grad_norm=2.2265 throughput=37.47 img/s eta_seconds=144.4 gpu_alloc=389.2MiB gpu_reserved=4420.0MiB skipped_batches=0
2026-08-15 10:20:05,693 | INFO | epoch=10 batch=625 global_step=3367 loss_reg_months=5.3435 lr=0.00016926 grad_norm=1.2416 throughput=37.53 img/s eta_seconds=136.2 gpu_alloc=502.5MiB gpu_reserved=4420.0MiB skipped_batches=0
2026-08-15 10:20:13,464 | INFO | epoch=10 batch=650 global_step=3375 loss_reg_months=5.3387 lr=0.00016926 grad_norm=1.4380 throughput=37.57 img/s eta_seconds=128.1 gpu_alloc=502.5MiB gpu_reserved=4420.0MiB skipped_batches=0
2026-08-15 10:20:21,175 | INFO | epoch=10 batch=675 global_step=3384 loss_reg_months=5.3357 lr=0.00016926 grad_norm=1.1042 throughput=37.62 img/s eta_seconds=119.9 gpu_alloc=389.2MiB gpu_reserved=4420.0MiB skipped_batches=0
2026-08-15 10:20:28,906 | INFO | epoch=10 batch=700 global_step=3392 loss_reg_months=5.3363 lr=0.00016926 grad_norm=2.6565 throughput=37.66 img/s eta_seconds=111.8 gpu_alloc=502.5MiB gpu_reserved=4420.0MiB skipped_batches=0
2026-08-15 10:20:36,577 | INFO | epoch=10 batch=725 global_step=3400 loss_reg_months=5.3331 lr=0.00016926 grad_norm=1.4750 throughput=37.71 img/s eta_seconds=103.7 gpu_alloc=502.5MiB gpu_reserved=4420.0MiB skipped_batches=0
2026-08-15 10:20:44,269 | INFO | epoch=10 batch=750 global_step=3409 loss_reg_months=5.3186 lr=0.00016926 grad_norm=1.5420 throughput=37.75 img/s eta_seconds=95.7 gpu_alloc=389.2MiB gpu_reserved=4420.0MiB skipped_batches=0
2026-08-15 10:20:51,931 | INFO | epoch=10 batch=775 global_step=3417 loss_reg_months=5.2923 lr=0.00016926 grad_norm=1.1335 throughput=37.79 img/s eta_seconds=87.6 gpu_alloc=502.5MiB gpu_reserved=4420.0MiB skipped_batches=0
2026-08-15 10:20:59,665 | INFO | epoch=10 batch=800 global_step=3425 loss_reg_months=5.2826 lr=0.00016926 grad_norm=2.3851 throughput=37.82 img/s eta_seconds=79.6 gpu_alloc=502.5MiB gpu_reserved=4420.0MiB skipped_batches=0
2026-08-15 10:21:07,423 | INFO | epoch=10 batch=825 global_step=3434 loss_reg_months=5.2914 lr=0.00016926 grad_norm=3.4560 throughput=37.85 img/s eta_seconds=71.6 gpu_alloc=389.2MiB gpu_reserved=4420.0MiB skipped_batches=0
2026-08-15 10:21:15,497 | INFO | epoch=10 batch=850 global_step=3442 loss_reg_months=5.2990 lr=0.00016926 grad_norm=2.6751 throughput=37.83 img/s eta_seconds=63.7 gpu_alloc=502.5MiB gpu_reserved=4420.0MiB skipped_batches=0
2026-08-15 10:21:23,161 | INFO | epoch=10 batch=875 global_step=3450 loss_reg_months=5.3031 lr=0.00016926 grad_norm=2.2409 throughput=37.86 img/s eta_seconds=55.8 gpu_alloc=502.5MiB gpu_reserved=4420.0MiB skipped_batches=0
2026-08-15 10:21:30,857 | INFO | epoch=10 batch=900 global_step=3459 loss_reg_months=5.2944 lr=0.00016926 grad_norm=1.6583 throughput=37.89 img/s eta_seconds=47.8 gpu_alloc=389.2MiB gpu_reserved=4420.0MiB skipped_batches=0
2026-08-15 10:21:38,587 | INFO | epoch=10 batch=925 global_step=3467 loss_reg_months=5.2794 lr=0.00016926 grad_norm=1.4288 throughput=37.92 img/s eta_seconds=39.9 gpu_alloc=502.5MiB gpu_reserved=4420.0MiB skipped_batches=0
2026-08-15 10:21:46,259 | INFO | epoch=10 batch=950 global_step=3475 loss_reg_months=5.2710 lr=0.00016926 grad_norm=1.2329 throughput=37.95 img/s eta_seconds=31.9 gpu_alloc=502.5MiB gpu_reserved=4420.0MiB skipped_batches=0
2026-08-15 10:21:53,957 | INFO | epoch=10 batch=975 global_step=3484 loss_reg_months=5.2616 lr=0.00016926 grad_norm=1.3542 throughput=37.97 img/s eta_seconds=24.0 gpu_alloc=389.2MiB gpu_reserved=4420.0MiB skipped_batches=0
2026-08-15 10:22:01,795 | INFO | epoch=10 batch=1000 global_step=3492 loss_reg_months=5.2665 lr=0.00016926 grad_norm=1.3434 throughput=37.98 img/s eta_seconds=16.1 gpu_alloc=502.5MiB gpu_reserved=4420.0MiB skipped_batches=0
2026-08-15 10:22:10,335 | INFO | epoch=10 batch=1025 global_step=3500 loss_reg_months=5.2588 lr=0.00016926 grad_norm=2.4900 throughput=37.91 img/s eta_seconds=8.2 gpu_alloc=502.5MiB gpu_reserved=4420.0MiB skipped_batches=0
2026-08-15 10:22:18,449 | INFO | epoch=10 batch=1050 global_step=3509 loss_reg_months=5.2610 lr=0.00016926 grad_norm=2.0030 throughput=37.88 img/s eta_seconds=0.3 gpu_alloc=389.2MiB gpu_reserved=4420.0MiB skipped_batches=0
2026-08-15 10:22:48,610 | INFO | 
TRAINING REVIEW SNAPSHOT
Run ID / config hash / split hash: P4_D2_CONVNEXT_TINY_MULTISCALE_SEED42 / e3308f702cfc / 7328667e6822+f650a20432b5
Epoch / global step: 10 / 3510
Train loss: 5.2582
Validation MAE / RMSE / median AE: 6.5688 / 8.7841 / 5.0000
MAE nam / nữ / age bins: {'F': 6.729965490797546, 'M': 6.432810478654592} / {'0-59': 7.611702127659575, '120-179': 6.57540173053152, '60-119': 6.965736040609137, '180-228': 4.5390625}
Learning rate / peak VRAM: 0.00016926 / 4420.0 MiB
Best epoch / best MAE / epochs không cải thiện: 10 / 6.5688 / 0
Cảnh báo hiện tại: KHÔNG
Checkpoint gần nhất: p1_baseline\runs\P4_D2_CONVNEXT_TINY_MULTISCALE_SEED42\last.ckpt
Checkpoint tốt nhất: p1_baseline\runs\P4_D2_CONVNEXT_TINY_MULTISCALE_SEED42\best_mae.ckpt
Đề xuất tự động: TIẾP TỤC
2026-08-15 10:23:06,342 | INFO | epoch=11 batch=25 global_step=3518 loss_reg_months=5.2060 lr=0.00016254 grad_norm=1.2517 throughput=20.34 img/s eta_seconds=605.2 gpu_alloc=502.5MiB gpu_reserved=4420.0MiB skipped_batches=0
2026-08-15 10:23:13,980 | INFO | epoch=11 batch=50 global_step=3526 loss_reg_months=4.8902 lr=0.00016254 grad_norm=1.3377 throughput=26.80 img/s eta_seconds=448.1 gpu_alloc=502.5MiB gpu_reserved=4420.0MiB skipped_batches=0
2026-08-15 10:23:21,708 | INFO | epoch=11 batch=75 global_step=3535 loss_reg_months=4.8630 lr=0.00016254 grad_norm=1.2895 throughput=29.89 img/s eta_seconds=391.8 gpu_alloc=389.2MiB gpu_reserved=4420.0MiB skipped_batches=0
2026-08-15 10:23:29,359 | INFO | epoch=11 batch=100 global_step=3543 loss_reg_months=4.7486 lr=0.00016254 grad_norm=1.2990 throughput=31.78 img/s eta_seconds=359.1 gpu_alloc=502.5MiB gpu_reserved=4420.0MiB skipped_batches=0
2026-08-15 10:23:37,014 | INFO | epoch=11 batch=125 global_step=3551 loss_reg_months=4.8298 lr=0.00016254 grad_norm=0.9284 throughput=33.03 img/s eta_seconds=336.4 gpu_alloc=502.5MiB gpu_reserved=4420.0MiB skipped_batches=0
2026-08-15 10:23:44,745 | INFO | epoch=11 batch=150 global_step=3560 loss_reg_months=4.7956 lr=0.00016254 grad_norm=2.8638 throughput=33.87 img/s eta_seconds=319.2 gpu_alloc=389.2MiB gpu_reserved=4420.0MiB skipped_batches=0
2026-08-15 10:23:52,405 | INFO | epoch=11 batch=175 global_step=3568 loss_reg_months=4.8114 lr=0.00016254 grad_norm=1.8312 throughput=34.53 img/s eta_seconds=304.4 gpu_alloc=502.5MiB gpu_reserved=4420.0MiB skipped_batches=0
2026-08-15 10:24:00,061 | INFO | epoch=11 batch=200 global_step=3576 loss_reg_months=4.8201 lr=0.00016254 grad_norm=1.3358 throughput=35.05 img/s eta_seconds=291.3 gpu_alloc=502.5MiB gpu_reserved=4420.0MiB skipped_batches=0
2026-08-15 10:24:07,808 | INFO | epoch=11 batch=225 global_step=3585 loss_reg_months=4.9004 lr=0.00016254 grad_norm=1.6164 throughput=35.43 img/s eta_seconds=279.8 gpu_alloc=389.2MiB gpu_reserved=4420.0MiB skipped_batches=0
2026-08-15 10:24:15,467 | INFO | epoch=11 batch=250 global_step=3593 loss_reg_months=4.9043 lr=0.00016254 grad_norm=2.7471 throughput=35.77 img/s eta_seconds=268.7 gpu_alloc=502.5MiB gpu_reserved=4420.0MiB skipped_batches=0
2026-08-15 10:24:23,135 | INFO | epoch=11 batch=275 global_step=3601 loss_reg_months=4.9771 lr=0.00016254 grad_norm=1.5571 throughput=36.05 img/s eta_seconds=258.3 gpu_alloc=502.5MiB gpu_reserved=4420.0MiB skipped_batches=0
2026-08-15 10:24:30,827 | INFO | epoch=11 batch=300 global_step=3610 loss_reg_months=5.0132 lr=0.00016254 grad_norm=1.4420 throughput=36.28 img/s eta_seconds=248.4 gpu_alloc=389.2MiB gpu_reserved=4420.0MiB skipped_batches=0
2026-08-15 10:24:38,556 | INFO | epoch=11 batch=325 global_step=3618 loss_reg_months=5.0054 lr=0.00016254 grad_norm=1.2481 throughput=36.46 img/s eta_seconds=238.9 gpu_alloc=502.5MiB gpu_reserved=4420.0MiB skipped_batches=0
2026-08-15 10:24:46,240 | INFO | epoch=11 batch=350 global_step=3626 loss_reg_months=4.9855 lr=0.00016254 grad_norm=1.8238 throughput=36.63 img/s eta_seconds=229.6 gpu_alloc=502.5MiB gpu_reserved=4420.0MiB skipped_batches=0
2026-08-15 10:24:54,019 | INFO | epoch=11 batch=375 global_step=3635 loss_reg_months=4.9786 lr=0.00016254 grad_norm=1.1447 throughput=36.76 img/s eta_seconds=220.7 gpu_alloc=389.2MiB gpu_reserved=4420.0MiB skipped_batches=0
2026-08-15 10:25:01,699 | INFO | epoch=11 batch=400 global_step=3643 loss_reg_months=4.9905 lr=0.00016254 grad_norm=4.0973 throughput=36.89 img/s eta_seconds=211.7 gpu_alloc=502.5MiB gpu_reserved=4420.0MiB skipped_batches=0
2026-08-15 10:25:09,363 | INFO | epoch=11 batch=425 global_step=3651 loss_reg_months=5.0283 lr=0.00016254 grad_norm=2.9175 throughput=37.02 img/s eta_seconds=202.9 gpu_alloc=502.5MiB gpu_reserved=4420.0MiB skipped_batches=0
2026-08-15 10:25:17,050 | INFO | epoch=11 batch=450 global_step=3660 loss_reg_months=5.0317 lr=0.00016254 grad_norm=1.8828 throughput=37.12 img/s eta_seconds=194.2 gpu_alloc=389.2MiB gpu_reserved=4420.0MiB skipped_batches=0
2026-08-15 10:25:24,764 | INFO | epoch=11 batch=475 global_step=3668 loss_reg_months=5.0618 lr=0.00016254 grad_norm=1.1254 throughput=37.21 img/s eta_seconds=185.7 gpu_alloc=502.5MiB gpu_reserved=4420.0MiB skipped_batches=0
2026-08-15 10:25:32,627 | INFO | epoch=11 batch=500 global_step=3676 loss_reg_months=5.0641 lr=0.00016254 grad_norm=1.1617 throughput=37.26 img/s eta_seconds=177.4 gpu_alloc=502.5MiB gpu_reserved=4420.0MiB skipped_batches=0
2026-08-15 10:25:40,321 | INFO | epoch=11 batch=525 global_step=3685 loss_reg_months=5.0760 lr=0.00016254 grad_norm=1.8181 throughput=37.34 img/s eta_seconds=169.0 gpu_alloc=389.2MiB gpu_reserved=4420.0MiB skipped_batches=0
2026-08-15 10:25:48,005 | INFO | epoch=11 batch=550 global_step=3693 loss_reg_months=5.1063 lr=0.00016254 grad_norm=4.4244 throughput=37.41 img/s eta_seconds=160.7 gpu_alloc=502.5MiB gpu_reserved=4420.0MiB skipped_batches=0
2026-08-15 10:25:55,683 | INFO | epoch=11 batch=575 global_step=3701 loss_reg_months=5.1006 lr=0.00016254 grad_norm=1.0854 throughput=37.48 img/s eta_seconds=152.4 gpu_alloc=502.5MiB gpu_reserved=4420.0MiB skipped_batches=0
2026-08-15 10:26:03,379 | INFO | epoch=11 batch=600 global_step=3710 loss_reg_months=5.1046 lr=0.00016254 grad_norm=2.1898 throughput=37.54 img/s eta_seconds=144.1 gpu_alloc=389.2MiB gpu_reserved=4420.0MiB skipped_batches=0
2026-08-15 10:26:11,053 | INFO | epoch=11 batch=625 global_step=3718 loss_reg_months=5.0893 lr=0.00016254 grad_norm=2.0370 throughput=37.60 img/s eta_seconds=135.9 gpu_alloc=502.5MiB gpu_reserved=4420.0MiB skipped_batches=0
2026-08-15 10:26:18,765 | INFO | epoch=11 batch=650 global_step=3726 loss_reg_months=5.0754 lr=0.00016254 grad_norm=3.3410 throughput=37.65 img/s eta_seconds=127.8 gpu_alloc=502.5MiB gpu_reserved=4420.0MiB skipped_batches=0
2026-08-15 10:26:26,467 | INFO | epoch=11 batch=675 global_step=3735 loss_reg_months=5.0836 lr=0.00016254 grad_norm=1.8976 throughput=37.70 img/s eta_seconds=119.7 gpu_alloc=389.2MiB gpu_reserved=4420.0MiB skipped_batches=0
2026-08-15 10:26:34,186 | INFO | epoch=11 batch=700 global_step=3743 loss_reg_months=5.1053 lr=0.00016254 grad_norm=1.4506 throughput=37.74 img/s eta_seconds=111.6 gpu_alloc=502.5MiB gpu_reserved=4420.0MiB skipped_batches=0
2026-08-15 10:26:42,026 | INFO | epoch=11 batch=725 global_step=3751 loss_reg_months=5.1117 lr=0.00016254 grad_norm=2.0586 throughput=37.76 img/s eta_seconds=103.6 gpu_alloc=502.5MiB gpu_reserved=4420.0MiB skipped_batches=0
2026-08-15 10:26:49,734 | INFO | epoch=11 batch=750 global_step=3760 loss_reg_months=5.1390 lr=0.00016254 grad_norm=1.7749 throughput=37.79 img/s eta_seconds=95.5 gpu_alloc=389.2MiB gpu_reserved=4420.0MiB skipped_batches=0
2026-08-15 10:26:57,411 | INFO | epoch=11 batch=775 global_step=3768 loss_reg_months=5.1524 lr=0.00016254 grad_norm=3.5421 throughput=37.83 img/s eta_seconds=87.5 gpu_alloc=502.5MiB gpu_reserved=4420.0MiB skipped_batches=0
2026-08-15 10:27:05,153 | INFO | epoch=11 batch=800 global_step=3776 loss_reg_months=5.1817 lr=0.00016254 grad_norm=1.4912 throughput=37.86 img/s eta_seconds=79.5 gpu_alloc=502.5MiB gpu_reserved=4420.0MiB skipped_batches=0
2026-08-15 10:27:12,989 | INFO | epoch=11 batch=825 global_step=3785 loss_reg_months=5.2004 lr=0.00016254 grad_norm=1.2468 throughput=37.87 img/s eta_seconds=71.6 gpu_alloc=389.2MiB gpu_reserved=4420.0MiB skipped_batches=0
2026-08-15 10:27:20,667 | INFO | epoch=11 batch=850 global_step=3793 loss_reg_months=5.1886 lr=0.00016254 grad_norm=2.3203 throughput=37.91 img/s eta_seconds=63.6 gpu_alloc=502.5MiB gpu_reserved=4420.0MiB skipped_batches=0
2026-08-15 10:27:28,335 | INFO | epoch=11 batch=875 global_step=3801 loss_reg_months=5.1840 lr=0.00016254 grad_norm=1.9784 throughput=37.94 img/s eta_seconds=55.6 gpu_alloc=502.5MiB gpu_reserved=4420.0MiB skipped_batches=0
2026-08-15 10:27:36,067 | INFO | epoch=11 batch=900 global_step=3810 loss_reg_months=5.1976 lr=0.00016254 grad_norm=3.7345 throughput=37.97 img/s eta_seconds=47.7 gpu_alloc=389.2MiB gpu_reserved=4420.0MiB skipped_batches=0
2026-08-15 10:27:43,790 | INFO | epoch=11 batch=925 global_step=3818 loss_reg_months=5.2093 lr=0.00016254 grad_norm=1.1388 throughput=37.99 img/s eta_seconds=39.8 gpu_alloc=502.5MiB gpu_reserved=4420.0MiB skipped_batches=0
2026-08-15 10:27:51,572 | INFO | epoch=11 batch=950 global_step=3826 loss_reg_months=5.2029 lr=0.00016254 grad_norm=2.0283 throughput=38.00 img/s eta_seconds=31.9 gpu_alloc=502.5MiB gpu_reserved=4420.0MiB skipped_batches=0
2026-08-15 10:27:59,282 | INFO | epoch=11 batch=975 global_step=3835 loss_reg_months=5.1844 lr=0.00016254 grad_norm=1.7848 throughput=38.03 img/s eta_seconds=24.0 gpu_alloc=389.2MiB gpu_reserved=4420.0MiB skipped_batches=0
2026-08-15 10:28:06,992 | INFO | epoch=11 batch=1000 global_step=3843 loss_reg_months=5.1778 lr=0.00016254 grad_norm=1.7387 throughput=38.05 img/s eta_seconds=16.1 gpu_alloc=502.5MiB gpu_reserved=4420.0MiB skipped_batches=0
2026-08-15 10:28:14,663 | INFO | epoch=11 batch=1025 global_step=3851 loss_reg_months=5.1916 lr=0.00016254 grad_norm=1.2464 throughput=38.07 img/s eta_seconds=8.2 gpu_alloc=502.5MiB gpu_reserved=4420.0MiB skipped_batches=0
2026-08-15 10:28:22,459 | INFO | epoch=11 batch=1050 global_step=3860 loss_reg_months=5.1931 lr=0.00016254 grad_norm=1.1395 throughput=38.08 img/s eta_seconds=0.3 gpu_alloc=389.2MiB gpu_reserved=4420.0MiB skipped_batches=0
2026-08-15 10:28:48,810 | WARNING | STABILITY WARNING [CAM] Prediction vượt nhẹ miền tuổi 0–228: [3.83, 229.00]
2026-08-15 10:28:48,812 | INFO | 
TRAINING REVIEW SNAPSHOT
Run ID / config hash / split hash: P4_D2_CONVNEXT_TINY_MULTISCALE_SEED42 / e3308f702cfc / 7328667e6822+f650a20432b5
Epoch / global step: 11 / 3861
Train loss: 5.1917
Validation MAE / RMSE / median AE: 6.6591 / 9.1976 / 5.0000
MAE nam / nữ / age bins: {'F': 6.864623274539877, 'M': 6.485688874514877} / {'0-59': 5.820977393617022, '120-179': 6.712608158220025, '60-119': 7.282994923857868, '180-228': 5.015625}
Learning rate / peak VRAM: 0.00016254 / 4420.0 MiB
Best epoch / best MAE / epochs không cải thiện: 10 / 6.5688 / 1
Cảnh báo hiện tại: CAM: Prediction vượt nhẹ miền tuổi 0–228: [3.83, 229.00]
Checkpoint gần nhất: p1_baseline\runs\P4_D2_CONVNEXT_TINY_MULTISCALE_SEED42\last.ckpt
Checkpoint tốt nhất: p1_baseline\runs\P4_D2_CONVNEXT_TINY_MULTISCALE_SEED42\best_mae.ckpt
Đề xuất tự động: THEO DÕI
2026-08-15 10:29:06,866 | INFO | epoch=12 batch=25 global_step=3869 loss_reg_months=4.9885 lr=0.00015531 grad_norm=0.9795 throughput=20.32 img/s eta_seconds=605.9 gpu_alloc=502.5MiB gpu_reserved=4420.0MiB skipped_batches=0
2026-08-15 10:29:14,506 | INFO | epoch=12 batch=50 global_step=3877 loss_reg_months=4.9348 lr=0.00015531 grad_norm=1.1866 throughput=26.78 img/s eta_seconds=448.5 gpu_alloc=502.5MiB gpu_reserved=4420.0MiB skipped_batches=0
2026-08-15 10:29:22,162 | INFO | epoch=12 batch=75 global_step=3886 loss_reg_months=5.1702 lr=0.00015531 grad_norm=1.8532 throughput=29.94 img/s eta_seconds=391.2 gpu_alloc=389.2MiB gpu_reserved=4420.0MiB skipped_batches=0
2026-08-15 10:29:29,910 | INFO | epoch=12 batch=100 global_step=3894 loss_reg_months=5.2269 lr=0.00015531 grad_norm=2.2651 throughput=31.74 img/s eta_seconds=359.5 gpu_alloc=502.5MiB gpu_reserved=4420.0MiB skipped_batches=0
2026-08-15 10:29:37,584 | INFO | epoch=12 batch=125 global_step=3902 loss_reg_months=5.2131 lr=0.00015531 grad_norm=3.4830 throughput=32.98 img/s eta_seconds=336.9 gpu_alloc=502.5MiB gpu_reserved=4420.0MiB skipped_batches=0
2026-08-15 10:29:45,266 | INFO | epoch=12 batch=150 global_step=3911 loss_reg_months=5.2125 lr=0.00015531 grad_norm=2.7493 throughput=33.86 img/s eta_seconds=319.3 gpu_alloc=389.2MiB gpu_reserved=4420.0MiB skipped_batches=0
2026-08-15 10:29:52,932 | INFO | epoch=12 batch=175 global_step=3919 loss_reg_months=5.2710 lr=0.00015531 grad_norm=1.8839 throughput=34.52 img/s eta_seconds=304.5 gpu_alloc=502.5MiB gpu_reserved=4420.0MiB skipped_batches=0
2026-08-15 10:30:00,646 | INFO | epoch=12 batch=200 global_step=3927 loss_reg_months=5.3721 lr=0.00015531 grad_norm=1.7735 throughput=35.01 img/s eta_seconds=291.6 gpu_alloc=502.5MiB gpu_reserved=4420.0MiB skipped_batches=0
2026-08-15 10:30:08,367 | INFO | epoch=12 batch=225 global_step=3936 loss_reg_months=5.3349 lr=0.00015531 grad_norm=2.4759 throughput=35.40 img/s eta_seconds=280.0 gpu_alloc=389.2MiB gpu_reserved=4420.0MiB skipped_batches=0
2026-08-15 10:30:16,035 | INFO | epoch=12 batch=250 global_step=3944 loss_reg_months=5.3112 lr=0.00015531 grad_norm=1.2829 throughput=35.74 img/s eta_seconds=268.9 gpu_alloc=502.5MiB gpu_reserved=4420.0MiB skipped_batches=0
2026-08-15 10:30:23,704 | INFO | epoch=12 batch=275 global_step=3952 loss_reg_months=5.3256 lr=0.00015531 grad_norm=1.1667 throughput=36.02 img/s eta_seconds=258.5 gpu_alloc=502.5MiB gpu_reserved=4420.0MiB skipped_batches=0
2026-08-15 10:30:31,397 | INFO | epoch=12 batch=300 global_step=3961 loss_reg_months=5.3001 lr=0.00015531 grad_norm=2.0252 throughput=36.26 img/s eta_seconds=248.5 gpu_alloc=389.2MiB gpu_reserved=4420.0MiB skipped_batches=0
2026-08-15 10:30:39,058 | INFO | epoch=12 batch=325 global_step=3969 loss_reg_months=5.2978 lr=0.00015531 grad_norm=1.5876 throughput=36.46 img/s eta_seconds=238.9 gpu_alloc=502.5MiB gpu_reserved=4420.0MiB skipped_batches=0
2026-08-15 10:30:46,720 | INFO | epoch=12 batch=350 global_step=3977 loss_reg_months=5.2865 lr=0.00015531 grad_norm=2.2521 throughput=36.64 img/s eta_seconds=229.5 gpu_alloc=502.5MiB gpu_reserved=4420.0MiB skipped_batches=0
2026-08-15 10:30:54,411 | INFO | epoch=12 batch=375 global_step=3986 loss_reg_months=5.3216 lr=0.00015531 grad_norm=1.4370 throughput=36.79 img/s eta_seconds=220.5 gpu_alloc=389.2MiB gpu_reserved=4420.0MiB skipped_batches=0
2026-08-15 10:31:02,162 | INFO | epoch=12 batch=400 global_step=3994 loss_reg_months=5.3055 lr=0.00015531 grad_norm=2.0664 throughput=36.91 img/s eta_seconds=211.6 gpu_alloc=502.5MiB gpu_reserved=4420.0MiB skipped_batches=0
2026-08-15 10:31:11,272 | INFO | epoch=12 batch=425 global_step=4002 loss_reg_months=5.2673 lr=0.00015531 grad_norm=2.3333 throughput=36.65 img/s eta_seconds=205.0 gpu_alloc=502.5MiB gpu_reserved=4420.0MiB skipped_batches=0
2026-08-15 10:31:19,070 | INFO | epoch=12 batch=450 global_step=4011 loss_reg_months=5.2520 lr=0.00015531 grad_norm=1.4379 throughput=36.74 img/s eta_seconds=196.3 gpu_alloc=389.2MiB gpu_reserved=4420.0MiB skipped_batches=0
2026-08-15 10:31:26,734 | INFO | epoch=12 batch=475 global_step=4019 loss_reg_months=5.2554 lr=0.00015531 grad_norm=2.6408 throughput=36.86 img/s eta_seconds=187.5 gpu_alloc=502.5MiB gpu_reserved=4420.0MiB skipped_batches=0
2026-08-15 10:31:34,476 | INFO | epoch=12 batch=500 global_step=4027 loss_reg_months=5.2072 lr=0.00015531 grad_norm=1.1447 throughput=36.95 img/s eta_seconds=178.9 gpu_alloc=502.5MiB gpu_reserved=4420.0MiB skipped_batches=0
2026-08-15 10:31:42,317 | INFO | epoch=12 batch=525 global_step=4036 loss_reg_months=5.1749 lr=0.00015531 grad_norm=1.9667 throughput=37.01 img/s eta_seconds=170.5 gpu_alloc=389.2MiB gpu_reserved=4420.0MiB skipped_batches=0
2026-08-15 10:31:49,996 | INFO | epoch=12 batch=550 global_step=4044 loss_reg_months=5.1520 lr=0.00015531 grad_norm=1.3382 throughput=37.10 img/s eta_seconds=162.0 gpu_alloc=502.5MiB gpu_reserved=4420.0MiB skipped_batches=0
2026-08-15 10:31:57,672 | INFO | epoch=12 batch=575 global_step=4052 loss_reg_months=5.1056 lr=0.00015531 grad_norm=1.2196 throughput=37.18 img/s eta_seconds=153.6 gpu_alloc=502.5MiB gpu_reserved=4420.0MiB skipped_batches=0
2026-08-15 10:32:05,389 | INFO | epoch=12 batch=600 global_step=4061 loss_reg_months=5.1073 lr=0.00015531 grad_norm=2.3169 throughput=37.25 img/s eta_seconds=145.3 gpu_alloc=389.2MiB gpu_reserved=4420.0MiB skipped_batches=0
2026-08-15 10:32:13,177 | INFO | epoch=12 batch=625 global_step=4069 loss_reg_months=5.1001 lr=0.00015531 grad_norm=2.0766 throughput=37.30 img/s eta_seconds=137.0 gpu_alloc=502.5MiB gpu_reserved=4420.0MiB skipped_batches=0
2026-08-15 10:32:20,878 | INFO | epoch=12 batch=650 global_step=4077 loss_reg_months=5.1003 lr=0.00015531 grad_norm=2.1066 throughput=37.36 img/s eta_seconds=128.8 gpu_alloc=502.5MiB gpu_reserved=4420.0MiB skipped_batches=0
2026-08-15 10:32:28,550 | INFO | epoch=12 batch=675 global_step=4086 loss_reg_months=5.0982 lr=0.00015531 grad_norm=1.4653 throughput=37.42 img/s eta_seconds=120.5 gpu_alloc=389.2MiB gpu_reserved=4420.0MiB skipped_batches=0
2026-08-15 10:32:36,233 | INFO | epoch=12 batch=700 global_step=4094 loss_reg_months=5.0861 lr=0.00015531 grad_norm=1.9543 throughput=37.48 img/s eta_seconds=112.4 gpu_alloc=502.5MiB gpu_reserved=4420.0MiB skipped_batches=0
2026-08-15 10:32:44,186 | INFO | epoch=12 batch=725 global_step=4102 loss_reg_months=5.0933 lr=0.00015531 grad_norm=2.7330 throughput=37.49 img/s eta_seconds=104.3 gpu_alloc=502.5MiB gpu_reserved=4420.0MiB skipped_batches=0
2026-08-15 10:32:51,877 | INFO | epoch=12 batch=750 global_step=4111 loss_reg_months=5.1002 lr=0.00015531 grad_norm=1.6909 throughput=37.53 img/s eta_seconds=96.2 gpu_alloc=389.2MiB gpu_reserved=4420.0MiB skipped_batches=0
2026-08-15 10:32:59,547 | INFO | epoch=12 batch=775 global_step=4119 loss_reg_months=5.0811 lr=0.00015531 grad_norm=1.3294 throughput=37.58 img/s eta_seconds=88.1 gpu_alloc=502.5MiB gpu_reserved=4420.0MiB skipped_batches=0
2026-08-15 10:33:07,319 | INFO | epoch=12 batch=800 global_step=4127 loss_reg_months=5.0638 lr=0.00015531 grad_norm=2.2760 throughput=37.61 img/s eta_seconds=80.0 gpu_alloc=502.5MiB gpu_reserved=4420.0MiB skipped_batches=0
2026-08-15 10:33:15,004 | INFO | epoch=12 batch=825 global_step=4136 loss_reg_months=5.0650 lr=0.00015531 grad_norm=2.0500 throughput=37.66 img/s eta_seconds=72.0 gpu_alloc=389.2MiB gpu_reserved=4420.0MiB skipped_batches=0
2026-08-15 10:33:22,758 | INFO | epoch=12 batch=850 global_step=4144 loss_reg_months=5.0796 lr=0.00015531 grad_norm=2.5240 throughput=37.69 img/s eta_seconds=64.0 gpu_alloc=502.5MiB gpu_reserved=4420.0MiB skipped_batches=0
2026-08-15 10:33:30,438 | INFO | epoch=12 batch=875 global_step=4152 loss_reg_months=5.0882 lr=0.00015531 grad_norm=2.5872 throughput=37.72 img/s eta_seconds=56.0 gpu_alloc=502.5MiB gpu_reserved=4420.0MiB skipped_batches=0
2026-08-15 10:33:38,135 | INFO | epoch=12 batch=900 global_step=4161 loss_reg_months=5.0894 lr=0.00015531 grad_norm=1.4777 throughput=37.76 img/s eta_seconds=48.0 gpu_alloc=389.2MiB gpu_reserved=4420.0MiB skipped_batches=0
2026-08-15 10:33:45,935 | INFO | epoch=12 batch=925 global_step=4169 loss_reg_months=5.0840 lr=0.00015531 grad_norm=1.3468 throughput=37.78 img/s eta_seconds=40.0 gpu_alloc=502.5MiB gpu_reserved=4420.0MiB skipped_batches=0
2026-08-15 10:33:53,620 | INFO | epoch=12 batch=950 global_step=4177 loss_reg_months=5.0827 lr=0.00015531 grad_norm=1.6847 throughput=37.81 img/s eta_seconds=32.0 gpu_alloc=502.5MiB gpu_reserved=4420.0MiB skipped_batches=0
2026-08-15 10:34:01,320 | INFO | epoch=12 batch=975 global_step=4186 loss_reg_months=5.0704 lr=0.00015531 grad_norm=2.1645 throughput=37.84 img/s eta_seconds=24.1 gpu_alloc=389.2MiB gpu_reserved=4420.0MiB skipped_batches=0
2026-08-15 10:34:09,079 | INFO | epoch=12 batch=1000 global_step=4194 loss_reg_months=5.0739 lr=0.00015531 grad_norm=1.7053 throughput=37.86 img/s eta_seconds=16.1 gpu_alloc=502.5MiB gpu_reserved=4420.0MiB skipped_batches=0
2026-08-15 10:34:16,821 | INFO | epoch=12 batch=1025 global_step=4202 loss_reg_months=5.0789 lr=0.00015531 grad_norm=2.4073 throughput=37.88 img/s eta_seconds=8.2 gpu_alloc=502.5MiB gpu_reserved=4420.0MiB skipped_batches=0
2026-08-15 10:34:24,514 | INFO | epoch=12 batch=1050 global_step=4211 loss_reg_months=5.0729 lr=0.00015531 grad_norm=1.5376 throughput=37.90 img/s eta_seconds=0.3 gpu_alloc=389.2MiB gpu_reserved=4420.0MiB skipped_batches=0
2026-08-15 10:34:50,670 | INFO | 
TRAINING REVIEW SNAPSHOT
Run ID / config hash / split hash: P4_D2_CONVNEXT_TINY_MULTISCALE_SEED42 / e3308f702cfc / 7328667e6822+f650a20432b5
Epoch / global step: 12 / 4212
Train loss: 5.0762
Validation MAE / RMSE / median AE: 7.1466 / 9.6017 / 5.5000
MAE nam / nữ / age bins: {'F': 7.6570887653374236, 'M': 6.715960543337646} / {'0-59': 6.062333776595745, '120-179': 7.194066749072929, '60-119': 7.98984771573604, '180-228': 5.046875}
Learning rate / peak VRAM: 0.00015531 / 4420.0 MiB
Best epoch / best MAE / epochs không cải thiện: 10 / 6.5688 / 2
Cảnh báo hiện tại: KHÔNG
Checkpoint gần nhất: p1_baseline\runs\P4_D2_CONVNEXT_TINY_MULTISCALE_SEED42\last.ckpt
Checkpoint tốt nhất: p1_baseline\runs\P4_D2_CONVNEXT_TINY_MULTISCALE_SEED42\best_mae.ckpt
Đề xuất tự động: TIẾP TỤC
2026-08-15 10:35:06,262 | INFO | epoch=13 batch=25 global_step=4220 loss_reg_months=4.7586 lr=0.00014765 grad_norm=1.4872 throughput=20.38 img/s eta_seconds=604.2 gpu_alloc=502.5MiB gpu_reserved=4420.0MiB skipped_batches=0
2026-08-15 10:35:13,901 | INFO | epoch=13 batch=50 global_step=4228 loss_reg_months=4.8664 lr=0.00014765 grad_norm=1.6765 throughput=26.83 img/s eta_seconds=447.7 gpu_alloc=502.5MiB gpu_reserved=4420.0MiB skipped_batches=0
2026-08-15 10:35:21,665 | INFO | epoch=13 batch=75 global_step=4237 loss_reg_months=4.8197 lr=0.00014765 grad_norm=1.6047 throughput=29.87 img/s eta_seconds=392.0 gpu_alloc=389.2MiB gpu_reserved=4420.0MiB skipped_batches=0
2026-08-15 10:35:29,350 | INFO | epoch=13 batch=100 global_step=4245 loss_reg_months=4.8373 lr=0.00014765 grad_norm=1.4635 throughput=31.74 img/s eta_seconds=359.6 gpu_alloc=502.5MiB gpu_reserved=4420.0MiB skipped_batches=0
2026-08-15 10:35:37,012 | INFO | epoch=13 batch=125 global_step=4253 loss_reg_months=4.7640 lr=0.00014765 grad_norm=1.9323 throughput=32.99 img/s eta_seconds=336.8 gpu_alloc=502.5MiB gpu_reserved=4420.0MiB skipped_batches=0
2026-08-15 10:35:44,700 | INFO | epoch=13 batch=150 global_step=4262 loss_reg_months=4.8014 lr=0.00014765 grad_norm=1.9996 throughput=33.86 img/s eta_seconds=319.3 gpu_alloc=389.2MiB gpu_reserved=4420.0MiB skipped_batches=0
2026-08-15 10:35:52,484 | INFO | epoch=13 batch=175 global_step=4270 loss_reg_months=4.7337 lr=0.00014765 grad_norm=1.5715 throughput=34.46 img/s eta_seconds=305.0 gpu_alloc=502.5MiB gpu_reserved=4420.0MiB skipped_batches=0
2026-08-15 10:36:00,144 | INFO | epoch=13 batch=200 global_step=4278 loss_reg_months=4.7335 lr=0.00014765 grad_norm=1.2201 throughput=34.98 img/s eta_seconds=291.9 gpu_alloc=502.5MiB gpu_reserved=4420.0MiB skipped_batches=0
2026-08-15 10:36:07,832 | INFO | epoch=13 batch=225 global_step=4287 loss_reg_months=4.7408 lr=0.00014765 grad_norm=2.0468 throughput=35.39 img/s eta_seconds=280.1 gpu_alloc=389.2MiB gpu_reserved=4420.0MiB skipped_batches=0
2026-08-15 10:36:15,567 | INFO | epoch=13 batch=250 global_step=4295 loss_reg_months=4.7758 lr=0.00014765 grad_norm=1.8733 throughput=35.70 img/s eta_seconds=269.2 gpu_alloc=502.5MiB gpu_reserved=4420.0MiB skipped_batches=0
2026-08-15 10:36:23,231 | INFO | epoch=13 batch=275 global_step=4303 loss_reg_months=4.7501 lr=0.00014765 grad_norm=2.5051 throughput=35.99 img/s eta_seconds=258.7 gpu_alloc=502.5MiB gpu_reserved=4420.0MiB skipped_batches=0
2026-08-15 10:36:30,932 | INFO | epoch=13 batch=300 global_step=4312 loss_reg_months=4.8054 lr=0.00014765 grad_norm=1.4341 throughput=36.22 img/s eta_seconds=248.8 gpu_alloc=389.2MiB gpu_reserved=4420.0MiB skipped_batches=0
2026-08-15 10:36:38,616 | INFO | epoch=13 batch=325 global_step=4320 loss_reg_months=4.7819 lr=0.00014765 grad_norm=2.6789 throughput=36.42 img/s eta_seconds=239.2 gpu_alloc=502.5MiB gpu_reserved=4420.0MiB skipped_batches=0
2026-08-15 10:36:46,369 | INFO | epoch=13 batch=350 global_step=4328 loss_reg_months=4.7800 lr=0.00014765 grad_norm=1.7414 throughput=36.58 img/s eta_seconds=230.0 gpu_alloc=502.5MiB gpu_reserved=4420.0MiB skipped_batches=0
2026-08-15 10:36:54,116 | INFO | epoch=13 batch=375 global_step=4337 loss_reg_months=4.8046 lr=0.00014765 grad_norm=1.2742 throughput=36.71 img/s eta_seconds=220.9 gpu_alloc=389.2MiB gpu_reserved=4420.0MiB skipped_batches=0
2026-08-15 10:37:01,797 | INFO | epoch=13 batch=400 global_step=4345 loss_reg_months=4.8200 lr=0.00014765 grad_norm=1.5287 throughput=36.85 img/s eta_seconds=212.0 gpu_alloc=502.5MiB gpu_reserved=4420.0MiB skipped_batches=0
2026-08-15 10:37:09,740 | INFO | epoch=13 batch=425 global_step=4353 loss_reg_months=4.8034 lr=0.00014765 grad_norm=0.9305 throughput=36.90 img/s eta_seconds=203.5 gpu_alloc=502.5MiB gpu_reserved=4420.0MiB skipped_batches=0
2026-08-15 10:37:17,453 | INFO | epoch=13 batch=450 global_step=4362 loss_reg_months=4.8246 lr=0.00014765 grad_norm=1.4154 throughput=37.01 img/s eta_seconds=194.9 gpu_alloc=389.2MiB gpu_reserved=4420.0MiB skipped_batches=0
2026-08-15 10:37:25,130 | INFO | epoch=13 batch=475 global_step=4370 loss_reg_months=4.8599 lr=0.00014765 grad_norm=2.2984 throughput=37.11 img/s eta_seconds=186.2 gpu_alloc=502.5MiB gpu_reserved=4420.0MiB skipped_batches=0
2026-08-15 10:37:32,979 | INFO | epoch=13 batch=500 global_step=4378 loss_reg_months=4.8643 lr=0.00014765 grad_norm=2.4363 throughput=37.17 img/s eta_seconds=177.9 gpu_alloc=502.5MiB gpu_reserved=4420.0MiB skipped_batches=0
2026-08-15 10:37:40,742 | INFO | epoch=13 batch=525 global_step=4387 loss_reg_months=4.9094 lr=0.00014765 grad_norm=1.8455 throughput=37.23 img/s eta_seconds=169.5 gpu_alloc=389.2MiB gpu_reserved=4420.0MiB skipped_batches=0
2026-08-15 10:37:48,416 | INFO | epoch=13 batch=550 global_step=4395 loss_reg_months=4.9262 lr=0.00014765 grad_norm=1.5747 throughput=37.31 img/s eta_seconds=161.1 gpu_alloc=502.5MiB gpu_reserved=4420.0MiB skipped_batches=0
2026-08-15 10:37:56,095 | INFO | epoch=13 batch=575 global_step=4403 loss_reg_months=4.9375 lr=0.00014765 grad_norm=1.9766 throughput=37.39 img/s eta_seconds=152.8 gpu_alloc=502.5MiB gpu_reserved=4420.0MiB skipped_batches=0
2026-08-15 10:38:04,008 | INFO | epoch=13 batch=600 global_step=4412 loss_reg_months=4.9266 lr=0.00014765 grad_norm=2.0906 throughput=37.41 img/s eta_seconds=144.6 gpu_alloc=389.2MiB gpu_reserved=4420.0MiB skipped_batches=0
2026-08-15 10:38:11,855 | INFO | epoch=13 batch=625 global_step=4420 loss_reg_months=4.9261 lr=0.00014765 grad_norm=1.6173 throughput=37.44 img/s eta_seconds=136.5 gpu_alloc=502.5MiB gpu_reserved=4420.0MiB skipped_batches=0
2026-08-15 10:38:19,530 | INFO | epoch=13 batch=650 global_step=4428 loss_reg_months=4.9230 lr=0.00014765 grad_norm=1.8485 throughput=37.50 img/s eta_seconds=128.3 gpu_alloc=502.5MiB gpu_reserved=4420.0MiB skipped_batches=0
2026-08-15 10:38:27,227 | INFO | epoch=13 batch=675 global_step=4437 loss_reg_months=4.9109 lr=0.00014765 grad_norm=1.5539 throughput=37.55 img/s eta_seconds=120.1 gpu_alloc=389.2MiB gpu_reserved=4420.0MiB skipped_batches=0
2026-08-15 10:38:34,907 | INFO | epoch=13 batch=700 global_step=4445 loss_reg_months=4.9291 lr=0.00014765 grad_norm=1.5990 throughput=37.61 img/s eta_seconds=112.0 gpu_alloc=502.5MiB gpu_reserved=4420.0MiB skipped_batches=0
2026-08-15 10:38:42,639 | INFO | epoch=13 batch=725 global_step=4453 loss_reg_months=4.9213 lr=0.00014765 grad_norm=2.7683 throughput=37.65 img/s eta_seconds=103.9 gpu_alloc=502.5MiB gpu_reserved=4420.0MiB skipped_batches=0
2026-08-15 10:38:50,352 | INFO | epoch=13 batch=750 global_step=4462 loss_reg_months=4.9180 lr=0.00014765 grad_norm=2.6310 throughput=37.69 img/s eta_seconds=95.8 gpu_alloc=389.2MiB gpu_reserved=4420.0MiB skipped_batches=0
2026-08-15 10:38:58,026 | INFO | epoch=13 batch=775 global_step=4470 loss_reg_months=4.9245 lr=0.00014765 grad_norm=1.8508 throughput=37.73 img/s eta_seconds=87.8 gpu_alloc=502.5MiB gpu_reserved=4420.0MiB skipped_batches=0
2026-08-15 10:39:05,720 | INFO | epoch=13 batch=800 global_step=4478 loss_reg_months=4.9350 lr=0.00014765 grad_norm=1.8376 throughput=37.77 img/s eta_seconds=79.7 gpu_alloc=502.5MiB gpu_reserved=4420.0MiB skipped_batches=0
2026-08-15 10:39:13,552 | INFO | epoch=13 batch=825 global_step=4487 loss_reg_months=4.9321 lr=0.00014765 grad_norm=1.6437 throughput=37.78 img/s eta_seconds=71.7 gpu_alloc=389.2MiB gpu_reserved=4420.0MiB skipped_batches=0
2026-08-15 10:39:21,236 | INFO | epoch=13 batch=850 global_step=4495 loss_reg_months=4.9225 lr=0.00014765 grad_norm=1.1490 throughput=37.82 img/s eta_seconds=63.7 gpu_alloc=502.5MiB gpu_reserved=4420.0MiB skipped_batches=0
2026-08-15 10:39:30,177 | INFO | epoch=13 batch=875 global_step=4503 loss_reg_months=4.9313 lr=0.00014765 grad_norm=1.2360 throughput=37.68 img/s eta_seconds=56.0 gpu_alloc=502.5MiB gpu_reserved=4420.0MiB skipped_batches=0
2026-08-15 10:39:37,915 | INFO | epoch=13 batch=900 global_step=4512 loss_reg_months=4.9294 lr=0.00014765 grad_norm=1.2895 throughput=37.71 img/s eta_seconds=48.0 gpu_alloc=389.2MiB gpu_reserved=4420.0MiB skipped_batches=0
2026-08-15 10:39:45,881 | INFO | epoch=13 batch=925 global_step=4520 loss_reg_months=4.9219 lr=0.00014765 grad_norm=1.1371 throughput=37.71 img/s eta_seconds=40.1 gpu_alloc=502.5MiB gpu_reserved=4420.0MiB skipped_batches=0
2026-08-15 10:39:53,625 | INFO | epoch=13 batch=950 global_step=4528 loss_reg_months=4.9122 lr=0.00014765 grad_norm=1.7555 throughput=37.74 img/s eta_seconds=32.1 gpu_alloc=502.5MiB gpu_reserved=4420.0MiB skipped_batches=0
2026-08-15 10:40:01,331 | INFO | epoch=13 batch=975 global_step=4537 loss_reg_months=4.9029 lr=0.00014765 grad_norm=2.2354 throughput=37.77 img/s eta_seconds=24.1 gpu_alloc=389.2MiB gpu_reserved=4420.0MiB skipped_batches=0
2026-08-15 10:40:09,011 | INFO | epoch=13 batch=1000 global_step=4545 loss_reg_months=4.8940 lr=0.00014765 grad_norm=1.7705 throughput=37.80 img/s eta_seconds=16.2 gpu_alloc=502.5MiB gpu_reserved=4420.0MiB skipped_batches=0
2026-08-15 10:40:16,790 | INFO | epoch=13 batch=1025 global_step=4553 loss_reg_months=4.8888 lr=0.00014765 grad_norm=1.2997 throughput=37.82 img/s eta_seconds=8.2 gpu_alloc=502.5MiB gpu_reserved=4420.0MiB skipped_batches=0
2026-08-15 10:40:24,486 | INFO | epoch=13 batch=1050 global_step=4562 loss_reg_months=4.8943 lr=0.00014765 grad_norm=1.6906 throughput=37.84 img/s eta_seconds=0.3 gpu_alloc=389.2MiB gpu_reserved=4420.0MiB skipped_batches=0
2026-08-15 10:40:53,929 | INFO | 
TRAINING REVIEW SNAPSHOT
Run ID / config hash / split hash: P4_D2_CONVNEXT_TINY_MULTISCALE_SEED42 / e3308f702cfc / 7328667e6822+f650a20432b5
Epoch / global step: 13 / 4563
Train loss: 4.8969
Validation MAE / RMSE / median AE: 6.4455 / 8.7205 / 5.0000
MAE nam / nữ / age bins: {'F': 6.863592791411043, 'M': 6.092820181112549} / {'0-59': 6.221409574468085, '120-179': 6.218788627935723, '60-119': 7.477157360406092, '180-228': 4.8671875}
Learning rate / peak VRAM: 0.00014765 / 4420.0 MiB
Best epoch / best MAE / epochs không cải thiện: 13 / 6.4455 / 0
Cảnh báo hiện tại: KHÔNG
Checkpoint gần nhất: p1_baseline\runs\P4_D2_CONVNEXT_TINY_MULTISCALE_SEED42\last.ckpt
Checkpoint tốt nhất: p1_baseline\runs\P4_D2_CONVNEXT_TINY_MULTISCALE_SEED42\best_mae.ckpt
Đề xuất tự động: TIẾP TỤC
2026-08-15 10:41:11,695 | INFO | epoch=14 batch=25 global_step=4571 loss_reg_months=5.1398 lr=0.00013961 grad_norm=1.4557 throughput=20.27 img/s eta_seconds=607.3 gpu_alloc=502.5MiB gpu_reserved=4420.0MiB skipped_batches=0
2026-08-15 10:41:19,326 | INFO | epoch=14 batch=50 global_step=4579 loss_reg_months=4.7498 lr=0.00013961 grad_norm=1.3637 throughput=26.75 img/s eta_seconds=449.0 gpu_alloc=502.5MiB gpu_reserved=4420.0MiB skipped_batches=0
2026-08-15 10:41:26,984 | INFO | epoch=14 batch=75 global_step=4588 loss_reg_months=4.7065 lr=0.00013961 grad_norm=1.6152 throughput=29.91 img/s eta_seconds=391.5 gpu_alloc=389.2MiB gpu_reserved=4420.0MiB skipped_batches=0
2026-08-15 10:41:34,645 | INFO | epoch=14 batch=100 global_step=4596 loss_reg_months=4.7254 lr=0.00013961 grad_norm=0.9611 throughput=31.79 img/s eta_seconds=358.9 gpu_alloc=502.5MiB gpu_reserved=4420.0MiB skipped_batches=0
2026-08-15 10:41:42,335 | INFO | epoch=14 batch=125 global_step=4604 loss_reg_months=4.7771 lr=0.00013961 grad_norm=1.2518 throughput=33.01 img/s eta_seconds=336.6 gpu_alloc=502.5MiB gpu_reserved=4420.0MiB skipped_batches=0
2026-08-15 10:41:50,431 | INFO | epoch=14 batch=150 global_step=4613 loss_reg_months=4.7400 lr=0.00013961 grad_norm=2.1996 throughput=33.62 img/s eta_seconds=321.5 gpu_alloc=389.2MiB gpu_reserved=4420.0MiB skipped_batches=0
2026-08-15 10:41:58,103 | INFO | epoch=14 batch=175 global_step=4621 loss_reg_months=4.6964 lr=0.00013961 grad_norm=1.7341 throughput=34.31 img/s eta_seconds=306.3 gpu_alloc=502.5MiB gpu_reserved=4420.0MiB skipped_batches=0
2026-08-15 10:42:05,773 | INFO | epoch=14 batch=200 global_step=4629 loss_reg_months=4.6961 lr=0.00013961 grad_norm=1.2081 throughput=34.85 img/s eta_seconds=293.0 gpu_alloc=502.5MiB gpu_reserved=4420.0MiB skipped_batches=0
2026-08-15 10:42:13,450 | INFO | epoch=14 batch=225 global_step=4638 loss_reg_months=4.7214 lr=0.00013961 grad_norm=1.5324 throughput=35.27 img/s eta_seconds=281.0 gpu_alloc=389.2MiB gpu_reserved=4420.0MiB skipped_batches=0
2026-08-15 10:42:21,116 | INFO | epoch=14 batch=250 global_step=4646 loss_reg_months=4.7201 lr=0.00013961 grad_norm=1.9511 throughput=35.62 img/s eta_seconds=269.8 gpu_alloc=502.5MiB gpu_reserved=4420.0MiB skipped_batches=0
2026-08-15 10:42:28,780 | INFO | epoch=14 batch=275 global_step=4654 loss_reg_months=4.7006 lr=0.00013961 grad_norm=1.3791 throughput=35.92 img/s eta_seconds=259.2 gpu_alloc=502.5MiB gpu_reserved=4420.0MiB skipped_batches=0
2026-08-15 10:42:36,473 | INFO | epoch=14 batch=300 global_step=4663 loss_reg_months=4.7200 lr=0.00013961 grad_norm=1.4831 throughput=36.15 img/s eta_seconds=249.2 gpu_alloc=389.2MiB gpu_reserved=4420.0MiB skipped_batches=0
2026-08-15 10:42:44,142 | INFO | epoch=14 batch=325 global_step=4671 loss_reg_months=4.7057 lr=0.00013961 grad_norm=2.3539 throughput=36.37 img/s eta_seconds=239.5 gpu_alloc=502.5MiB gpu_reserved=4420.0MiB skipped_batches=0
2026-08-15 10:42:51,808 | INFO | epoch=14 batch=350 global_step=4679 loss_reg_months=4.6842 lr=0.00013961 grad_norm=1.9836 throughput=36.55 img/s eta_seconds=230.1 gpu_alloc=502.5MiB gpu_reserved=4420.0MiB skipped_batches=0
2026-08-15 10:42:59,557 | INFO | epoch=14 batch=375 global_step=4688 loss_reg_months=4.6956 lr=0.00013961 grad_norm=2.0240 throughput=36.69 img/s eta_seconds=221.1 gpu_alloc=389.2MiB gpu_reserved=4420.0MiB skipped_batches=0
2026-08-15 10:43:07,249 | INFO | epoch=14 batch=400 global_step=4696 loss_reg_months=4.6928 lr=0.00013961 grad_norm=1.0630 throughput=36.82 img/s eta_seconds=212.1 gpu_alloc=502.5MiB gpu_reserved=4420.0MiB skipped_batches=0
2026-08-15 10:43:15,029 | INFO | epoch=14 batch=425 global_step=4704 loss_reg_months=4.7091 lr=0.00013961 grad_norm=1.4466 throughput=36.92 img/s eta_seconds=203.4 gpu_alloc=502.5MiB gpu_reserved=4420.0MiB skipped_batches=0
2026-08-15 10:43:22,732 | INFO | epoch=14 batch=450 global_step=4713 loss_reg_months=4.6952 lr=0.00013961 grad_norm=1.2695 throughput=37.03 img/s eta_seconds=194.7 gpu_alloc=389.2MiB gpu_reserved=4420.0MiB skipped_batches=0
2026-08-15 10:43:30,401 | INFO | epoch=14 batch=475 global_step=4721 loss_reg_months=4.6813 lr=0.00013961 grad_norm=1.8450 throughput=37.13 img/s eta_seconds=186.1 gpu_alloc=502.5MiB gpu_reserved=4420.0MiB skipped_batches=0
2026-08-15 10:43:38,066 | INFO | epoch=14 batch=500 global_step=4729 loss_reg_months=4.6991 lr=0.00013961 grad_norm=1.4438 throughput=37.23 img/s eta_seconds=177.6 gpu_alloc=502.5MiB gpu_reserved=4420.0MiB skipped_batches=0
2026-08-15 10:43:45,762 | INFO | epoch=14 batch=525 global_step=4738 loss_reg_months=4.7202 lr=0.00013961 grad_norm=1.9614 throughput=37.31 img/s eta_seconds=169.2 gpu_alloc=389.2MiB gpu_reserved=4420.0MiB skipped_batches=0
2026-08-15 10:43:53,487 | INFO | epoch=14 batch=550 global_step=4746 loss_reg_months=4.7291 lr=0.00013961 grad_norm=1.4180 throughput=37.37 img/s eta_seconds=160.8 gpu_alloc=502.5MiB gpu_reserved=4420.0MiB skipped_batches=0
2026-08-15 10:44:01,183 | INFO | epoch=14 batch=575 global_step=4754 loss_reg_months=4.7414 lr=0.00013961 grad_norm=2.1532 throughput=37.44 img/s eta_seconds=152.5 gpu_alloc=502.5MiB gpu_reserved=4420.0MiB skipped_batches=0
2026-08-15 10:44:08,899 | INFO | epoch=14 batch=600 global_step=4763 loss_reg_months=4.7323 lr=0.00013961 grad_norm=1.8112 throughput=37.50 img/s eta_seconds=144.3 gpu_alloc=389.2MiB gpu_reserved=4420.0MiB skipped_batches=0
2026-08-15 10:44:16,638 | INFO | epoch=14 batch=625 global_step=4771 loss_reg_months=4.7352 lr=0.00013961 grad_norm=1.6230 throughput=37.55 img/s eta_seconds=136.1 gpu_alloc=502.5MiB gpu_reserved=4420.0MiB skipped_batches=0
2026-08-15 10:44:24,310 | INFO | epoch=14 batch=650 global_step=4779 loss_reg_months=4.7241 lr=0.00013961 grad_norm=1.8604 throughput=37.61 img/s eta_seconds=127.9 gpu_alloc=502.5MiB gpu_reserved=4420.0MiB skipped_batches=0
2026-08-15 10:44:32,165 | INFO | epoch=14 batch=675 global_step=4788 loss_reg_months=4.7138 lr=0.00013961 grad_norm=1.3910 throughput=37.63 img/s eta_seconds=119.9 gpu_alloc=389.2MiB gpu_reserved=4420.0MiB skipped_batches=0
2026-08-15 10:44:39,858 | INFO | epoch=14 batch=700 global_step=4796 loss_reg_months=4.7198 lr=0.00013961 grad_norm=1.8785 throughput=37.67 img/s eta_seconds=111.8 gpu_alloc=502.5MiB gpu_reserved=4420.0MiB skipped_batches=0
2026-08-15 10:44:47,522 | INFO | epoch=14 batch=725 global_step=4804 loss_reg_months=4.7365 lr=0.00013961 grad_norm=1.9517 throughput=37.72 img/s eta_seconds=103.7 gpu_alloc=502.5MiB gpu_reserved=4420.0MiB skipped_batches=0
2026-08-15 10:44:55,221 | INFO | epoch=14 batch=750 global_step=4813 loss_reg_months=4.7342 lr=0.00013961 grad_norm=1.3464 throughput=37.76 img/s eta_seconds=95.6 gpu_alloc=389.2MiB gpu_reserved=4420.0MiB skipped_batches=0
2026-08-15 10:45:02,955 | INFO | epoch=14 batch=775 global_step=4821 loss_reg_months=4.7164 lr=0.00013961 grad_norm=1.7055 throughput=37.80 img/s eta_seconds=87.6 gpu_alloc=502.5MiB gpu_reserved=4420.0MiB skipped_batches=0
2026-08-15 10:45:10,697 | INFO | epoch=14 batch=800 global_step=4829 loss_reg_months=4.7288 lr=0.00013961 grad_norm=1.3061 throughput=37.83 img/s eta_seconds=79.6 gpu_alloc=502.5MiB gpu_reserved=4420.0MiB skipped_batches=0
2026-08-15 10:45:18,404 | INFO | epoch=14 batch=825 global_step=4838 loss_reg_months=4.7297 lr=0.00013961 grad_norm=1.7364 throughput=37.86 img/s eta_seconds=71.6 gpu_alloc=389.2MiB gpu_reserved=4420.0MiB skipped_batches=0
2026-08-15 10:45:26,259 | INFO | epoch=14 batch=850 global_step=4846 loss_reg_months=4.7314 lr=0.00013961 grad_norm=1.8314 throughput=37.87 img/s eta_seconds=63.7 gpu_alloc=502.5MiB gpu_reserved=4420.0MiB skipped_batches=0
2026-08-15 10:45:34,097 | INFO | epoch=14 batch=875 global_step=4854 loss_reg_months=4.7458 lr=0.00013961 grad_norm=1.8718 throughput=37.88 img/s eta_seconds=55.7 gpu_alloc=502.5MiB gpu_reserved=4420.0MiB skipped_batches=0
2026-08-15 10:45:41,799 | INFO | epoch=14 batch=900 global_step=4863 loss_reg_months=4.7334 lr=0.00013961 grad_norm=1.4129 throughput=37.91 img/s eta_seconds=47.8 gpu_alloc=389.2MiB gpu_reserved=4420.0MiB skipped_batches=0
2026-08-15 10:45:49,478 | INFO | epoch=14 batch=925 global_step=4871 loss_reg_months=4.7234 lr=0.00013961 grad_norm=1.3025 throughput=37.94 img/s eta_seconds=39.8 gpu_alloc=502.5MiB gpu_reserved=4420.0MiB skipped_batches=0
2026-08-15 10:45:57,155 | INFO | epoch=14 batch=950 global_step=4879 loss_reg_months=4.7265 lr=0.00013961 grad_norm=2.3768 throughput=37.97 img/s eta_seconds=31.9 gpu_alloc=502.5MiB gpu_reserved=4420.0MiB skipped_batches=0
2026-08-15 10:46:04,851 | INFO | epoch=14 batch=975 global_step=4888 loss_reg_months=4.7292 lr=0.00013961 grad_norm=2.2387 throughput=37.99 img/s eta_seconds=24.0 gpu_alloc=389.2MiB gpu_reserved=4420.0MiB skipped_batches=0
2026-08-15 10:46:12,559 | INFO | epoch=14 batch=1000 global_step=4896 loss_reg_months=4.7341 lr=0.00013961 grad_norm=1.6382 throughput=38.02 img/s eta_seconds=16.1 gpu_alloc=502.5MiB gpu_reserved=4420.0MiB skipped_batches=0
2026-08-15 10:46:20,350 | INFO | epoch=14 batch=1025 global_step=4904 loss_reg_months=4.7374 lr=0.00013961 grad_norm=2.1194 throughput=38.03 img/s eta_seconds=8.2 gpu_alloc=502.5MiB gpu_reserved=4420.0MiB skipped_batches=0
2026-08-15 10:46:28,069 | INFO | epoch=14 batch=1050 global_step=4913 loss_reg_months=4.7506 lr=0.00013961 grad_norm=1.0503 throughput=38.05 img/s eta_seconds=0.3 gpu_alloc=389.2MiB gpu_reserved=4420.0MiB skipped_batches=0
2026-08-15 10:46:54,543 | WARNING | STABILITY WARNING [CAM] Prediction vượt nhẹ miền tuổi 0–228: [1.32, 235.00]
2026-08-15 10:46:57,516 | INFO | 
TRAINING REVIEW SNAPSHOT
Run ID / config hash / split hash: P4_D2_CONVNEXT_TINY_MULTISCALE_SEED42 / e3308f702cfc / 7328667e6822+f650a20432b5
Epoch / global step: 14 / 4914
Train loss: 4.7498
Validation MAE / RMSE / median AE: 6.2970 / 8.4926 / 5.0000
MAE nam / nữ / age bins: {'F': 6.712986483895706, 'M': 5.946070504527814} / {'0-59': 6.855634973404255, '120-179': 5.988257107540173, '60-119': 7.147842639593908, '180-228': 5.21875}
Learning rate / peak VRAM: 0.00013961 / 4420.0 MiB
Best epoch / best MAE / epochs không cải thiện: 14 / 6.2970 / 0
Cảnh báo hiện tại: CAM: Prediction vượt nhẹ miền tuổi 0–228: [1.32, 235.00]
Checkpoint gần nhất: p1_baseline\runs\P4_D2_CONVNEXT_TINY_MULTISCALE_SEED42\last.ckpt
Checkpoint tốt nhất: p1_baseline\runs\P4_D2_CONVNEXT_TINY_MULTISCALE_SEED42\best_mae.ckpt
Đề xuất tự động: THEO DÕI
2026-08-15 10:47:15,673 | INFO | epoch=15 batch=25 global_step=4922 loss_reg_months=5.2779 lr=0.00013125 grad_norm=1.6287 throughput=20.29 img/s eta_seconds=606.7 gpu_alloc=502.5MiB gpu_reserved=4420.0MiB skipped_batches=0
2026-08-15 10:47:23,305 | INFO | epoch=15 batch=50 global_step=4930 loss_reg_months=4.9330 lr=0.00013125 grad_norm=1.0221 throughput=26.76 img/s eta_seconds=448.8 gpu_alloc=502.5MiB gpu_reserved=4420.0MiB skipped_batches=0
2026-08-15 10:47:30,953 | INFO | epoch=15 batch=75 global_step=4939 loss_reg_months=4.8110 lr=0.00013125 grad_norm=1.2548 throughput=29.93 img/s eta_seconds=391.2 gpu_alloc=389.2MiB gpu_reserved=4420.0MiB skipped_batches=0
2026-08-15 10:47:38,599 | INFO | epoch=15 batch=100 global_step=4947 loss_reg_months=4.7665 lr=0.00013125 grad_norm=1.7637 throughput=31.82 img/s eta_seconds=358.6 gpu_alloc=502.5MiB gpu_reserved=4420.0MiB skipped_batches=0
2026-08-15 10:47:46,353 | INFO | epoch=15 batch=125 global_step=4955 loss_reg_months=4.7309 lr=0.00013125 grad_norm=1.3305 throughput=32.99 img/s eta_seconds=336.8 gpu_alloc=502.5MiB gpu_reserved=4420.0MiB skipped_batches=0
2026-08-15 10:47:54,022 | INFO | epoch=15 batch=150 global_step=4964 loss_reg_months=4.7243 lr=0.00013125 grad_norm=1.0651 throughput=33.88 img/s eta_seconds=319.1 gpu_alloc=389.2MiB gpu_reserved=4420.0MiB skipped_batches=0
2026-08-15 10:48:01,727 | INFO | epoch=15 batch=175 global_step=4972 loss_reg_months=4.7641 lr=0.00013125 grad_norm=1.3406 throughput=34.52 img/s eta_seconds=304.5 gpu_alloc=502.5MiB gpu_reserved=4420.0MiB skipped_batches=0
2026-08-15 10:48:09,427 | INFO | epoch=15 batch=200 global_step=4980 loss_reg_months=4.7574 lr=0.00013125 grad_norm=1.5769 throughput=35.02 img/s eta_seconds=291.6 gpu_alloc=502.5MiB gpu_reserved=4420.0MiB skipped_batches=0
2026-08-15 10:48:17,106 | INFO | epoch=15 batch=225 global_step=4989 loss_reg_months=4.7451 lr=0.00013125 grad_norm=1.7880 throughput=35.42 img/s eta_seconds=279.8 gpu_alloc=389.2MiB gpu_reserved=4420.0MiB skipped_batches=0
2026-08-15 10:48:24,763 | INFO | epoch=15 batch=250 global_step=4997 loss_reg_months=4.7437 lr=0.00013125 grad_norm=1.4489 throughput=35.77 img/s eta_seconds=268.7 gpu_alloc=502.5MiB gpu_reserved=4420.0MiB skipped_batches=0
2026-08-15 10:48:33,869 | INFO | epoch=15 batch=275 global_step=5005 loss_reg_months=4.8116 lr=0.00013125 grad_norm=2.3112 throughput=35.49 img/s eta_seconds=262.4 gpu_alloc=502.5MiB gpu_reserved=4420.0MiB skipped_batches=0
2026-08-15 10:48:41,628 | INFO | epoch=15 batch=300 global_step=5014 loss_reg_months=4.7589 lr=0.00013125 grad_norm=1.0382 throughput=35.74 img/s eta_seconds=252.2 gpu_alloc=389.2MiB gpu_reserved=4420.0MiB skipped_batches=0
2026-08-15 10:48:49,292 | INFO | epoch=15 batch=325 global_step=5022 loss_reg_months=4.7791 lr=0.00013125 grad_norm=2.0496 throughput=35.98 img/s eta_seconds=242.1 gpu_alloc=502.5MiB gpu_reserved=4420.0MiB skipped_batches=0
2026-08-15 10:48:56,965 | INFO | epoch=15 batch=350 global_step=5030 loss_reg_months=4.7956 lr=0.00013125 grad_norm=1.6445 throughput=36.18 img/s eta_seconds=232.5 gpu_alloc=502.5MiB gpu_reserved=4420.0MiB skipped_batches=0
2026-08-15 10:49:04,735 | INFO | epoch=15 batch=375 global_step=5039 loss_reg_months=4.7909 lr=0.00013125 grad_norm=1.4354 throughput=36.33 img/s eta_seconds=223.2 gpu_alloc=389.2MiB gpu_reserved=4420.0MiB skipped_batches=0
2026-08-15 10:49:12,428 | INFO | epoch=15 batch=400 global_step=5047 loss_reg_months=4.7995 lr=0.00013125 grad_norm=1.2148 throughput=36.49 img/s eta_seconds=214.1 gpu_alloc=502.5MiB gpu_reserved=4420.0MiB skipped_batches=0
2026-08-15 10:49:20,102 | INFO | epoch=15 batch=425 global_step=5055 loss_reg_months=4.7806 lr=0.00013125 grad_norm=1.3228 throughput=36.63 img/s eta_seconds=205.0 gpu_alloc=502.5MiB gpu_reserved=4420.0MiB skipped_batches=0
2026-08-15 10:49:27,815 | INFO | epoch=15 batch=450 global_step=5064 loss_reg_months=4.7498 lr=0.00013125 grad_norm=1.8038 throughput=36.75 img/s eta_seconds=196.2 gpu_alloc=389.2MiB gpu_reserved=4420.0MiB skipped_batches=0
2026-08-15 10:49:35,587 | INFO | epoch=15 batch=475 global_step=5072 loss_reg_months=4.7349 lr=0.00013125 grad_norm=1.1883 throughput=36.85 img/s eta_seconds=187.6 gpu_alloc=502.5MiB gpu_reserved=4420.0MiB skipped_batches=0
2026-08-15 10:49:43,253 | INFO | epoch=15 batch=500 global_step=5080 loss_reg_months=4.7238 lr=0.00013125 grad_norm=1.4419 throughput=36.95 img/s eta_seconds=178.9 gpu_alloc=502.5MiB gpu_reserved=4420.0MiB skipped_batches=0
2026-08-15 10:49:51,035 | INFO | epoch=15 batch=525 global_step=5089 loss_reg_months=4.7185 lr=0.00013125 grad_norm=1.7161 throughput=37.03 img/s eta_seconds=170.4 gpu_alloc=389.2MiB gpu_reserved=4420.0MiB skipped_batches=0
2026-08-15 10:49:58,702 | INFO | epoch=15 batch=550 global_step=5097 loss_reg_months=4.7177 lr=0.00013125 grad_norm=1.2524 throughput=37.12 img/s eta_seconds=161.9 gpu_alloc=502.5MiB gpu_reserved=4420.0MiB skipped_batches=0
2026-08-15 10:50:06,419 | INFO | epoch=15 batch=575 global_step=5105 loss_reg_months=4.7057 lr=0.00013125 grad_norm=3.0046 throughput=37.19 img/s eta_seconds=153.6 gpu_alloc=502.5MiB gpu_reserved=4420.0MiB skipped_batches=0
2026-08-15 10:50:14,129 | INFO | epoch=15 batch=600 global_step=5114 loss_reg_months=4.7219 lr=0.00013125 grad_norm=1.1668 throughput=37.26 img/s eta_seconds=145.2 gpu_alloc=389.2MiB gpu_reserved=4420.0MiB skipped_batches=0
2026-08-15 10:50:21,808 | INFO | epoch=15 batch=625 global_step=5122 loss_reg_months=4.7275 lr=0.00013125 grad_norm=2.5663 throughput=37.33 img/s eta_seconds=136.9 gpu_alloc=502.5MiB gpu_reserved=4420.0MiB skipped_batches=0
2026-08-15 10:50:29,486 | INFO | epoch=15 batch=650 global_step=5130 loss_reg_months=4.7261 lr=0.00013125 grad_norm=1.9286 throughput=37.39 img/s eta_seconds=128.7 gpu_alloc=502.5MiB gpu_reserved=4420.0MiB skipped_batches=0
2026-08-15 10:50:37,350 | INFO | epoch=15 batch=675 global_step=5139 loss_reg_months=4.7339 lr=0.00013125 grad_norm=3.8127 throughput=37.42 img/s eta_seconds=120.6 gpu_alloc=389.2MiB gpu_reserved=4420.0MiB skipped_batches=0
2026-08-15 10:50:45,020 | INFO | epoch=15 batch=700 global_step=5147 loss_reg_months=4.7310 lr=0.00013125 grad_norm=1.2869 throughput=37.48 img/s eta_seconds=112.4 gpu_alloc=502.5MiB gpu_reserved=4420.0MiB skipped_batches=0
2026-08-15 10:50:52,686 | INFO | epoch=15 batch=725 global_step=5155 loss_reg_months=4.7269 lr=0.00013125 grad_norm=1.5724 throughput=37.53 img/s eta_seconds=104.2 gpu_alloc=502.5MiB gpu_reserved=4420.0MiB skipped_batches=0
2026-08-15 10:51:00,373 | INFO | epoch=15 batch=750 global_step=5164 loss_reg_months=4.7185 lr=0.00013125 grad_norm=1.9211 throughput=37.58 img/s eta_seconds=96.1 gpu_alloc=389.2MiB gpu_reserved=4420.0MiB skipped_batches=0
2026-08-15 10:51:08,054 | INFO | epoch=15 batch=775 global_step=5172 loss_reg_months=4.7144 lr=0.00013125 grad_norm=1.1207 throughput=37.63 img/s eta_seconds=88.0 gpu_alloc=502.5MiB gpu_reserved=4420.0MiB skipped_batches=0
2026-08-15 10:51:15,787 | INFO | epoch=15 batch=800 global_step=5180 loss_reg_months=4.7265 lr=0.00013125 grad_norm=2.6122 throughput=37.66 img/s eta_seconds=79.9 gpu_alloc=502.5MiB gpu_reserved=4420.0MiB skipped_batches=0
2026-08-15 10:51:23,478 | INFO | epoch=15 batch=825 global_step=5189 loss_reg_months=4.7398 lr=0.00013125 grad_norm=2.2890 throughput=37.70 img/s eta_seconds=71.9 gpu_alloc=389.2MiB gpu_reserved=4420.0MiB skipped_batches=0
2026-08-15 10:51:31,363 | INFO | epoch=15 batch=850 global_step=5197 loss_reg_months=4.7365 lr=0.00013125 grad_norm=3.3550 throughput=37.71 img/s eta_seconds=63.9 gpu_alloc=502.5MiB gpu_reserved=4420.0MiB skipped_batches=0
2026-08-15 10:51:39,183 | INFO | epoch=15 batch=875 global_step=5205 loss_reg_months=4.7413 lr=0.00013125 grad_norm=1.1163 throughput=37.73 img/s eta_seconds=56.0 gpu_alloc=502.5MiB gpu_reserved=4420.0MiB skipped_batches=0
2026-08-15 10:51:46,864 | INFO | epoch=15 batch=900 global_step=5214 loss_reg_months=4.7493 lr=0.00013125 grad_norm=2.7948 throughput=37.77 img/s eta_seconds=48.0 gpu_alloc=389.2MiB gpu_reserved=4420.0MiB skipped_batches=0
2026-08-15 10:51:54,736 | INFO | epoch=15 batch=925 global_step=5222 loss_reg_months=4.7545 lr=0.00013125 grad_norm=1.2232 throughput=37.77 img/s eta_seconds=40.0 gpu_alloc=502.5MiB gpu_reserved=4420.0MiB skipped_batches=0
2026-08-15 10:52:02,412 | INFO | epoch=15 batch=950 global_step=5230 loss_reg_months=4.7472 lr=0.00013125 grad_norm=2.1258 throughput=37.81 img/s eta_seconds=32.0 gpu_alloc=502.5MiB gpu_reserved=4420.0MiB skipped_batches=0
2026-08-15 10:52:10,364 | INFO | epoch=15 batch=975 global_step=5239 loss_reg_months=4.7409 lr=0.00013125 grad_norm=2.2530 throughput=37.81 img/s eta_seconds=24.1 gpu_alloc=389.2MiB gpu_reserved=4420.0MiB skipped_batches=0
2026-08-15 10:52:18,061 | INFO | epoch=15 batch=1000 global_step=5247 loss_reg_months=4.7395 lr=0.00013125 grad_norm=1.7228 throughput=37.83 img/s eta_seconds=16.1 gpu_alloc=502.5MiB gpu_reserved=4420.0MiB skipped_batches=0
2026-08-15 10:52:25,734 | INFO | epoch=15 batch=1025 global_step=5255 loss_reg_months=4.7447 lr=0.00013125 grad_norm=1.4388 throughput=37.86 img/s eta_seconds=8.2 gpu_alloc=502.5MiB gpu_reserved=4420.0MiB skipped_batches=0
2026-08-15 10:52:33,430 | INFO | epoch=15 batch=1050 global_step=5264 loss_reg_months=4.7368 lr=0.00013125 grad_norm=1.8640 throughput=37.89 img/s eta_seconds=0.3 gpu_alloc=389.2MiB gpu_reserved=4420.0MiB skipped_batches=0
2026-08-15 10:53:00,000 | INFO | 
TRAINING REVIEW SNAPSHOT
Run ID / config hash / split hash: P4_D2_CONVNEXT_TINY_MULTISCALE_SEED42 / e3308f702cfc / 7328667e6822+f650a20432b5
Epoch / global step: 15 / 5265
Train loss: 4.7370
Validation MAE / RMSE / median AE: 6.3157 / 8.6314 / 5.0000
MAE nam / nữ / age bins: {'F': 6.700105444785276, 'M': 5.991429495472186} / {'0-59': 7.46908244680851, '120-179': 6.162546353522868, '60-119': 6.736675126903553, '180-228': 5.140625}
Learning rate / peak VRAM: 0.00013125 / 4420.0 MiB
Best epoch / best MAE / epochs không cải thiện: 14 / 6.2970 / 1
Cảnh báo hiện tại: KHÔNG
Checkpoint gần nhất: p1_baseline\runs\P4_D2_CONVNEXT_TINY_MULTISCALE_SEED42\last.ckpt
Checkpoint tốt nhất: p1_baseline\runs\P4_D2_CONVNEXT_TINY_MULTISCALE_SEED42\best_mae.ckpt
Đề xuất tự động: TIẾP TỤC
2026-08-15 10:53:16,210 | INFO | epoch=16 batch=25 global_step=5273 loss_reg_months=4.8100 lr=0.00012264 grad_norm=1.9207 throughput=20.17 img/s eta_seconds=610.4 gpu_alloc=502.5MiB gpu_reserved=4420.0MiB skipped_batches=0
2026-08-15 10:53:23,858 | INFO | epoch=16 batch=50 global_step=5281 loss_reg_months=4.7561 lr=0.00012264 grad_norm=1.8511 throughput=26.64 img/s eta_seconds=450.9 gpu_alloc=502.5MiB gpu_reserved=4420.0MiB skipped_batches=0
2026-08-15 10:53:31,512 | INFO | epoch=16 batch=75 global_step=5290 loss_reg_months=4.6585 lr=0.00012264 grad_norm=1.8227 throughput=29.83 img/s eta_seconds=392.7 gpu_alloc=389.2MiB gpu_reserved=4420.0MiB skipped_batches=0
2026-08-15 10:53:39,167 | INFO | epoch=16 batch=100 global_step=5298 loss_reg_months=4.6476 lr=0.00012264 grad_norm=1.4969 throughput=31.72 img/s eta_seconds=359.7 gpu_alloc=502.5MiB gpu_reserved=4420.0MiB skipped_batches=0
2026-08-15 10:53:46,821 | INFO | epoch=16 batch=125 global_step=5306 loss_reg_months=4.5552 lr=0.00012264 grad_norm=1.6813 throughput=32.98 img/s eta_seconds=336.9 gpu_alloc=502.5MiB gpu_reserved=4420.0MiB skipped_batches=0
2026-08-15 10:53:54,746 | INFO | epoch=16 batch=150 global_step=5315 loss_reg_months=4.5174 lr=0.00012264 grad_norm=1.5986 throughput=33.70 img/s eta_seconds=320.8 gpu_alloc=389.2MiB gpu_reserved=4420.0MiB skipped_batches=0
2026-08-15 10:54:02,434 | INFO | epoch=16 batch=175 global_step=5323 loss_reg_months=4.4963 lr=0.00012264 grad_norm=2.7050 throughput=34.37 img/s eta_seconds=305.8 gpu_alloc=502.5MiB gpu_reserved=4420.0MiB skipped_batches=0
2026-08-15 10:54:10,084 | INFO | epoch=16 batch=200 global_step=5331 loss_reg_months=4.4422 lr=0.00012264 grad_norm=1.6410 throughput=34.91 img/s eta_seconds=292.5 gpu_alloc=502.5MiB gpu_reserved=4420.0MiB skipped_batches=0
2026-08-15 10:54:17,775 | INFO | epoch=16 batch=225 global_step=5340 loss_reg_months=4.4187 lr=0.00012264 grad_norm=2.0641 throughput=35.32 img/s eta_seconds=280.6 gpu_alloc=389.2MiB gpu_reserved=4420.0MiB skipped_batches=0
2026-08-15 10:54:25,447 | INFO | epoch=16 batch=250 global_step=5348 loss_reg_months=4.4572 lr=0.00012264 grad_norm=1.4854 throughput=35.67 img/s eta_seconds=269.5 gpu_alloc=502.5MiB gpu_reserved=4420.0MiB skipped_batches=0
2026-08-15 10:54:33,149 | INFO | epoch=16 batch=275 global_step=5356 loss_reg_months=4.4670 lr=0.00012264 grad_norm=1.9683 throughput=35.94 img/s eta_seconds=259.1 gpu_alloc=502.5MiB gpu_reserved=4420.0MiB skipped_batches=0
2026-08-15 10:54:40,846 | INFO | epoch=16 batch=300 global_step=5365 loss_reg_months=4.4441 lr=0.00012264 grad_norm=1.0957 throughput=36.18 img/s eta_seconds=249.1 gpu_alloc=389.2MiB gpu_reserved=4420.0MiB skipped_batches=0
2026-08-15 10:54:48,523 | INFO | epoch=16 batch=325 global_step=5373 loss_reg_months=4.4476 lr=0.00012264 grad_norm=1.6831 throughput=36.38 img/s eta_seconds=239.4 gpu_alloc=502.5MiB gpu_reserved=4420.0MiB skipped_batches=0
2026-08-15 10:54:56,194 | INFO | epoch=16 batch=350 global_step=5381 loss_reg_months=4.4795 lr=0.00012264 grad_norm=1.7968 throughput=36.57 img/s eta_seconds=230.0 gpu_alloc=502.5MiB gpu_reserved=4420.0MiB skipped_batches=0
2026-08-15 10:55:03,925 | INFO | epoch=16 batch=375 global_step=5390 loss_reg_months=4.5223 lr=0.00012264 grad_norm=1.8435 throughput=36.71 img/s eta_seconds=221.0 gpu_alloc=389.2MiB gpu_reserved=4420.0MiB skipped_batches=0
2026-08-15 10:55:11,905 | INFO | epoch=16 batch=400 global_step=5398 loss_reg_months=4.5564 lr=0.00012264 grad_norm=1.6364 throughput=36.76 img/s eta_seconds=212.5 gpu_alloc=502.5MiB gpu_reserved=4420.0MiB skipped_batches=0
2026-08-15 10:55:19,580 | INFO | epoch=16 batch=425 global_step=5406 loss_reg_months=4.5788 lr=0.00012264 grad_norm=1.0337 throughput=36.89 img/s eta_seconds=203.6 gpu_alloc=502.5MiB gpu_reserved=4420.0MiB skipped_batches=0
2026-08-15 10:55:27,270 | INFO | epoch=16 batch=450 global_step=5415 loss_reg_months=4.5822 lr=0.00012264 grad_norm=1.1313 throughput=37.00 img/s eta_seconds=194.9 gpu_alloc=389.2MiB gpu_reserved=4420.0MiB skipped_batches=0
2026-08-15 10:55:34,935 | INFO | epoch=16 batch=475 global_step=5423 loss_reg_months=4.5613 lr=0.00012264 grad_norm=2.5476 throughput=37.11 img/s eta_seconds=186.2 gpu_alloc=502.5MiB gpu_reserved=4420.0MiB skipped_batches=0
2026-08-15 10:55:42,607 | INFO | epoch=16 batch=500 global_step=5431 loss_reg_months=4.5987 lr=0.00012264 grad_norm=2.6267 throughput=37.20 img/s eta_seconds=177.7 gpu_alloc=502.5MiB gpu_reserved=4420.0MiB skipped_batches=0
2026-08-15 10:55:50,349 | INFO | epoch=16 batch=525 global_step=5440 loss_reg_months=4.6037 lr=0.00012264 grad_norm=2.1052 throughput=37.28 img/s eta_seconds=169.3 gpu_alloc=389.2MiB gpu_reserved=4420.0MiB skipped_batches=0
2026-08-15 10:55:58,054 | INFO | epoch=16 batch=550 global_step=5448 loss_reg_months=4.5996 lr=0.00012264 grad_norm=1.6572 throughput=37.35 img/s eta_seconds=160.9 gpu_alloc=502.5MiB gpu_reserved=4420.0MiB skipped_batches=0
2026-08-15 10:56:05,735 | INFO | epoch=16 batch=575 global_step=5456 loss_reg_months=4.6012 lr=0.00012264 grad_norm=2.5265 throughput=37.42 img/s eta_seconds=152.6 gpu_alloc=502.5MiB gpu_reserved=4420.0MiB skipped_batches=0
2026-08-15 10:56:13,637 | INFO | epoch=16 batch=600 global_step=5465 loss_reg_months=4.6005 lr=0.00012264 grad_norm=3.4463 throughput=37.44 img/s eta_seconds=144.5 gpu_alloc=389.2MiB gpu_reserved=4420.0MiB skipped_batches=0
2026-08-15 10:56:21,307 | INFO | epoch=16 batch=625 global_step=5473 loss_reg_months=4.6028 lr=0.00012264 grad_norm=1.3736 throughput=37.51 img/s eta_seconds=136.3 gpu_alloc=502.5MiB gpu_reserved=4420.0MiB skipped_batches=0
2026-08-15 10:56:29,085 | INFO | epoch=16 batch=650 global_step=5481 loss_reg_months=4.6144 lr=0.00012264 grad_norm=1.5444 throughput=37.55 img/s eta_seconds=128.1 gpu_alloc=502.5MiB gpu_reserved=4420.0MiB skipped_batches=0
2026-08-15 10:56:36,792 | INFO | epoch=16 batch=675 global_step=5490 loss_reg_months=4.6138 lr=0.00012264 grad_norm=1.4938 throughput=37.59 img/s eta_seconds=120.0 gpu_alloc=389.2MiB gpu_reserved=4420.0MiB skipped_batches=0
2026-08-15 10:56:44,553 | INFO | epoch=16 batch=700 global_step=5498 loss_reg_months=4.6045 lr=0.00012264 grad_norm=1.2190 throughput=37.63 img/s eta_seconds=111.9 gpu_alloc=502.5MiB gpu_reserved=4420.0MiB skipped_batches=0
2026-08-15 10:56:53,342 | INFO | epoch=16 batch=725 global_step=5506 loss_reg_months=4.6054 lr=0.00012264 grad_norm=1.5390 throughput=37.50 img/s eta_seconds=104.3 gpu_alloc=502.5MiB gpu_reserved=4420.0MiB skipped_batches=0
2026-08-15 10:57:01,087 | INFO | epoch=16 batch=750 global_step=5515 loss_reg_months=4.6154 lr=0.00012264 grad_norm=2.0690 throughput=37.54 img/s eta_seconds=96.2 gpu_alloc=389.2MiB gpu_reserved=4420.0MiB skipped_batches=0
2026-08-15 10:57:08,765 | INFO | epoch=16 batch=775 global_step=5523 loss_reg_months=4.6074 lr=0.00012264 grad_norm=1.1833 throughput=37.59 img/s eta_seconds=88.1 gpu_alloc=502.5MiB gpu_reserved=4420.0MiB skipped_batches=0
2026-08-15 10:57:16,451 | INFO | epoch=16 batch=800 global_step=5531 loss_reg_months=4.6052 lr=0.00012264 grad_norm=1.9738 throughput=37.63 img/s eta_seconds=80.0 gpu_alloc=502.5MiB gpu_reserved=4420.0MiB skipped_batches=0
2026-08-15 10:57:24,499 | INFO | epoch=16 batch=825 global_step=5540 loss_reg_months=4.6243 lr=0.00012264 grad_norm=2.1729 throughput=37.62 img/s eta_seconds=72.1 gpu_alloc=389.2MiB gpu_reserved=4420.0MiB skipped_batches=0
2026-08-15 10:57:32,187 | INFO | epoch=16 batch=850 global_step=5548 loss_reg_months=4.6199 lr=0.00012264 grad_norm=3.0415 throughput=37.66 img/s eta_seconds=64.0 gpu_alloc=502.5MiB gpu_reserved=4420.0MiB skipped_batches=0
2026-08-15 10:57:39,931 | INFO | epoch=16 batch=875 global_step=5556 loss_reg_months=4.6255 lr=0.00012264 grad_norm=1.5517 throughput=37.69 img/s eta_seconds=56.0 gpu_alloc=502.5MiB gpu_reserved=4420.0MiB skipped_batches=0
2026-08-15 10:57:47,630 | INFO | epoch=16 batch=900 global_step=5565 loss_reg_months=4.6109 lr=0.00012264 grad_norm=1.4909 throughput=37.72 img/s eta_seconds=48.0 gpu_alloc=389.2MiB gpu_reserved=4420.0MiB skipped_batches=0
2026-08-15 10:57:55,325 | INFO | epoch=16 batch=925 global_step=5573 loss_reg_months=4.6020 lr=0.00012264 grad_norm=1.2183 throughput=37.76 img/s eta_seconds=40.0 gpu_alloc=502.5MiB gpu_reserved=4420.0MiB skipped_batches=0
2026-08-15 10:58:03,089 | INFO | epoch=16 batch=950 global_step=5581 loss_reg_months=4.6009 lr=0.00012264 grad_norm=2.0976 throughput=37.78 img/s eta_seconds=32.1 gpu_alloc=502.5MiB gpu_reserved=4420.0MiB skipped_batches=0
2026-08-15 10:58:10,811 | INFO | epoch=16 batch=975 global_step=5590 loss_reg_months=4.5984 lr=0.00012264 grad_norm=1.6037 throughput=37.81 img/s eta_seconds=24.1 gpu_alloc=389.2MiB gpu_reserved=4420.0MiB skipped_batches=0
2026-08-15 10:58:18,477 | INFO | epoch=16 batch=1000 global_step=5598 loss_reg_months=4.5880 lr=0.00012264 grad_norm=3.4473 throughput=37.84 img/s eta_seconds=16.1 gpu_alloc=502.5MiB gpu_reserved=4420.0MiB skipped_batches=0
2026-08-15 10:58:26,521 | INFO | epoch=16 batch=1025 global_step=5606 loss_reg_months=4.5828 lr=0.00012264 grad_norm=1.3120 throughput=37.82 img/s eta_seconds=8.2 gpu_alloc=502.5MiB gpu_reserved=4420.0MiB skipped_batches=0
2026-08-15 10:58:34,223 | INFO | epoch=16 batch=1050 global_step=5615 loss_reg_months=4.5970 lr=0.00012264 grad_norm=2.8189 throughput=37.85 img/s eta_seconds=0.3 gpu_alloc=389.2MiB gpu_reserved=4420.0MiB skipped_batches=0
2026-08-15 10:59:00,672 | WARNING | STABILITY WARNING [CAM] Prediction vượt nhẹ miền tuổi 0–228: [10.31, 230.00]
2026-08-15 10:59:00,677 | INFO | 
TRAINING REVIEW SNAPSHOT
Run ID / config hash / split hash: P4_D2_CONVNEXT_TINY_MULTISCALE_SEED42 / e3308f702cfc / 7328667e6822+f650a20432b5
Epoch / global step: 16 / 5616
Train loss: 4.5963
Validation MAE / RMSE / median AE: 6.5654 / 8.9665 / 5.0000
MAE nam / nữ / age bins: {'F': 6.824290644171779, 'M': 6.346943725743855} / {'0-59': 5.5013297872340425, '120-179': 6.163164400494438, '60-119': 8.133248730964468, '180-228': 5.0625}
Learning rate / peak VRAM: 0.00012264 / 4420.0 MiB
Best epoch / best MAE / epochs không cải thiện: 14 / 6.2970 / 2
Cảnh báo hiện tại: CAM: Prediction vượt nhẹ miền tuổi 0–228: [10.31, 230.00]
Checkpoint gần nhất: p1_baseline\runs\P4_D2_CONVNEXT_TINY_MULTISCALE_SEED42\last.ckpt
Checkpoint tốt nhất: p1_baseline\runs\P4_D2_CONVNEXT_TINY_MULTISCALE_SEED42\best_mae.ckpt
Đề xuất tự động: THEO DÕI
2026-08-15 10:59:18,598 | INFO | epoch=17 batch=25 global_step=5624 loss_reg_months=4.5885 lr=0.00011386 grad_norm=2.0448 throughput=20.34 img/s eta_seconds=605.4 gpu_alloc=502.5MiB gpu_reserved=4420.0MiB skipped_batches=0
2026-08-15 10:59:26,249 | INFO | epoch=17 batch=50 global_step=5632 loss_reg_months=4.5011 lr=0.00011386 grad_norm=1.5678 throughput=26.78 img/s eta_seconds=448.5 gpu_alloc=502.5MiB gpu_reserved=4420.0MiB skipped_batches=0
2026-08-15 10:59:34,094 | INFO | epoch=17 batch=75 global_step=5641 loss_reg_months=4.6482 lr=0.00011386 grad_norm=1.9900 throughput=29.75 img/s eta_seconds=393.6 gpu_alloc=389.2MiB gpu_reserved=4420.0MiB skipped_batches=0
2026-08-15 10:59:41,909 | INFO | epoch=17 batch=100 global_step=5649 loss_reg_months=4.6819 lr=0.00011386 grad_norm=2.2344 throughput=31.53 img/s eta_seconds=361.9 gpu_alloc=502.5MiB gpu_reserved=4420.0MiB skipped_batches=0
2026-08-15 10:59:49,561 | INFO | epoch=17 batch=125 global_step=5657 loss_reg_months=4.6422 lr=0.00011386 grad_norm=1.5550 throughput=32.81 img/s eta_seconds=338.6 gpu_alloc=502.5MiB gpu_reserved=4420.0MiB skipped_batches=0
2026-08-15 10:59:57,237 | INFO | epoch=17 batch=150 global_step=5666 loss_reg_months=4.5628 lr=0.00011386 grad_norm=2.6531 throughput=33.71 img/s eta_seconds=320.7 gpu_alloc=389.2MiB gpu_reserved=4420.0MiB skipped_batches=0
2026-08-15 11:00:04,959 | INFO | epoch=17 batch=175 global_step=5674 loss_reg_months=4.5654 lr=0.00011386 grad_norm=2.7709 throughput=34.36 img/s eta_seconds=305.9 gpu_alloc=502.5MiB gpu_reserved=4420.0MiB skipped_batches=0
2026-08-15 11:00:12,632 | INFO | epoch=17 batch=200 global_step=5682 loss_reg_months=4.5183 lr=0.00011386 grad_norm=1.9121 throughput=34.89 img/s eta_seconds=292.7 gpu_alloc=502.5MiB gpu_reserved=4420.0MiB skipped_batches=0
2026-08-15 11:00:20,415 | INFO | epoch=17 batch=225 global_step=5691 loss_reg_months=4.5682 lr=0.00011386 grad_norm=1.1451 throughput=35.26 img/s eta_seconds=281.1 gpu_alloc=389.2MiB gpu_reserved=4420.0MiB skipped_batches=0
2026-08-15 11:00:28,082 | INFO | epoch=17 batch=250 global_step=5699 loss_reg_months=4.5921 lr=0.00011386 grad_norm=1.4078 throughput=35.61 img/s eta_seconds=269.9 gpu_alloc=502.5MiB gpu_reserved=4420.0MiB skipped_batches=0
2026-08-15 11:00:35,823 | INFO | epoch=17 batch=275 global_step=5707 loss_reg_months=4.6269 lr=0.00011386 grad_norm=1.4276 throughput=35.88 img/s eta_seconds=259.5 gpu_alloc=502.5MiB gpu_reserved=4420.0MiB skipped_batches=0
2026-08-15 11:00:43,629 | INFO | epoch=17 batch=300 global_step=5716 loss_reg_months=4.6038 lr=0.00011386 grad_norm=1.1058 throughput=36.08 img/s eta_seconds=249.8 gpu_alloc=389.2MiB gpu_reserved=4420.0MiB skipped_batches=0
2026-08-15 11:00:51,484 | INFO | epoch=17 batch=325 global_step=5724 loss_reg_months=4.5423 lr=0.00011386 grad_norm=1.5305 throughput=36.23 img/s eta_seconds=240.4 gpu_alloc=502.5MiB gpu_reserved=4420.0MiB skipped_batches=0
2026-08-15 11:00:59,166 | INFO | epoch=17 batch=350 global_step=5732 loss_reg_months=4.5044 lr=0.00011386 grad_norm=1.4621 throughput=36.42 img/s eta_seconds=230.9 gpu_alloc=502.5MiB gpu_reserved=4420.0MiB skipped_batches=0
2026-08-15 11:01:06,856 | INFO | epoch=17 batch=375 global_step=5741 loss_reg_months=4.5046 lr=0.00011386 grad_norm=1.6175 throughput=36.58 img/s eta_seconds=221.7 gpu_alloc=389.2MiB gpu_reserved=4420.0MiB skipped_batches=0
2026-08-15 11:01:14,521 | INFO | epoch=17 batch=400 global_step=5749 loss_reg_months=4.5143 lr=0.00011386 grad_norm=1.4368 throughput=36.73 img/s eta_seconds=212.6 gpu_alloc=502.5MiB gpu_reserved=4420.0MiB skipped_batches=0
2026-08-15 11:01:22,183 | INFO | epoch=17 batch=425 global_step=5757 loss_reg_months=4.4782 lr=0.00011386 grad_norm=1.6866 throughput=36.87 img/s eta_seconds=203.7 gpu_alloc=502.5MiB gpu_reserved=4420.0MiB skipped_batches=0
2026-08-15 11:01:30,054 | INFO | epoch=17 batch=450 global_step=5766 loss_reg_months=4.4839 lr=0.00011386 grad_norm=2.2691 throughput=36.93 img/s eta_seconds=195.2 gpu_alloc=389.2MiB gpu_reserved=4420.0MiB skipped_batches=0
2026-08-15 11:01:37,739 | INFO | epoch=17 batch=475 global_step=5774 loss_reg_months=4.4579 lr=0.00011386 grad_norm=2.1461 throughput=37.04 img/s eta_seconds=186.6 gpu_alloc=502.5MiB gpu_reserved=4420.0MiB skipped_batches=0
2026-08-15 11:01:45,453 | INFO | epoch=17 batch=500 global_step=5782 loss_reg_months=4.4289 lr=0.00011386 grad_norm=1.5863 throughput=37.13 img/s eta_seconds=178.1 gpu_alloc=502.5MiB gpu_reserved=4420.0MiB skipped_batches=0
2026-08-15 11:01:53,171 | INFO | epoch=17 batch=525 global_step=5791 loss_reg_months=4.4319 lr=0.00011386 grad_norm=1.0599 throughput=37.21 img/s eta_seconds=169.6 gpu_alloc=389.2MiB gpu_reserved=4420.0MiB skipped_batches=0
2026-08-15 11:02:01,259 | INFO | epoch=17 batch=550 global_step=5799 loss_reg_months=4.4445 lr=0.00011386 grad_norm=2.0589 throughput=37.20 img/s eta_seconds=161.6 gpu_alloc=502.5MiB gpu_reserved=4420.0MiB skipped_batches=0
2026-08-15 11:02:09,007 | INFO | epoch=17 batch=575 global_step=5807 loss_reg_months=4.4478 lr=0.00011386 grad_norm=1.0532 throughput=37.26 img/s eta_seconds=153.3 gpu_alloc=502.5MiB gpu_reserved=4420.0MiB skipped_batches=0
2026-08-15 11:02:16,707 | INFO | epoch=17 batch=600 global_step=5816 loss_reg_months=4.4588 lr=0.00011386 grad_norm=1.1880 throughput=37.33 img/s eta_seconds=144.9 gpu_alloc=389.2MiB gpu_reserved=4420.0MiB skipped_batches=0
2026-08-15 11:02:24,674 | INFO | epoch=17 batch=625 global_step=5824 loss_reg_months=4.4593 lr=0.00011386 grad_norm=1.2248 throughput=37.35 img/s eta_seconds=136.9 gpu_alloc=502.5MiB gpu_reserved=4420.0MiB skipped_batches=0
2026-08-15 11:02:32,387 | INFO | epoch=17 batch=650 global_step=5832 loss_reg_months=4.4475 lr=0.00011386 grad_norm=2.1464 throughput=37.40 img/s eta_seconds=128.6 gpu_alloc=502.5MiB gpu_reserved=4420.0MiB skipped_batches=0
2026-08-15 11:02:40,098 | INFO | epoch=17 batch=675 global_step=5841 loss_reg_months=4.4361 lr=0.00011386 grad_norm=2.3738 throughput=37.46 img/s eta_seconds=120.4 gpu_alloc=389.2MiB gpu_reserved=4420.0MiB skipped_batches=0
2026-08-15 11:02:47,851 | INFO | epoch=17 batch=700 global_step=5849 loss_reg_months=4.4201 lr=0.00011386 grad_norm=1.4497 throughput=37.50 img/s eta_seconds=112.3 gpu_alloc=502.5MiB gpu_reserved=4420.0MiB skipped_batches=0
2026-08-15 11:02:55,532 | INFO | epoch=17 batch=725 global_step=5857 loss_reg_months=4.4148 lr=0.00011386 grad_norm=1.4839 throughput=37.55 img/s eta_seconds=104.2 gpu_alloc=502.5MiB gpu_reserved=4420.0MiB skipped_batches=0
2026-08-15 11:03:03,349 | INFO | epoch=17 batch=750 global_step=5866 loss_reg_months=4.4222 lr=0.00011386 grad_norm=1.4735 throughput=37.58 img/s eta_seconds=96.1 gpu_alloc=389.2MiB gpu_reserved=4420.0MiB skipped_batches=0
2026-08-15 11:03:11,040 | INFO | epoch=17 batch=775 global_step=5874 loss_reg_months=4.4218 lr=0.00011386 grad_norm=3.1886 throughput=37.62 img/s eta_seconds=88.0 gpu_alloc=502.5MiB gpu_reserved=4420.0MiB skipped_batches=0
2026-08-15 11:03:18,706 | INFO | epoch=17 batch=800 global_step=5882 loss_reg_months=4.4140 lr=0.00011386 grad_norm=1.2522 throughput=37.67 img/s eta_seconds=79.9 gpu_alloc=502.5MiB gpu_reserved=4420.0MiB skipped_batches=0
2026-08-15 11:03:26,409 | INFO | epoch=17 batch=825 global_step=5891 loss_reg_months=4.4180 lr=0.00011386 grad_norm=1.5216 throughput=37.71 img/s eta_seconds=71.9 gpu_alloc=389.2MiB gpu_reserved=4420.0MiB skipped_batches=0
2026-08-15 11:03:34,201 | INFO | epoch=17 batch=850 global_step=5899 loss_reg_months=4.4104 lr=0.00011386 grad_norm=1.7774 throughput=37.73 img/s eta_seconds=63.9 gpu_alloc=502.5MiB gpu_reserved=4420.0MiB skipped_batches=0
2026-08-15 11:03:41,914 | INFO | epoch=17 batch=875 global_step=5907 loss_reg_months=4.4195 lr=0.00011386 grad_norm=1.3849 throughput=37.76 img/s eta_seconds=55.9 gpu_alloc=502.5MiB gpu_reserved=4420.0MiB skipped_batches=0
2026-08-15 11:03:49,726 | INFO | epoch=17 batch=900 global_step=5916 loss_reg_months=4.4269 lr=0.00011386 grad_norm=1.1185 throughput=37.78 img/s eta_seconds=47.9 gpu_alloc=389.2MiB gpu_reserved=4420.0MiB skipped_batches=0
2026-08-15 11:03:57,449 | INFO | epoch=17 batch=925 global_step=5924 loss_reg_months=4.4220 lr=0.00011386 grad_norm=1.4435 throughput=37.81 img/s eta_seconds=40.0 gpu_alloc=502.5MiB gpu_reserved=4420.0MiB skipped_batches=0
2026-08-15 11:04:05,192 | INFO | epoch=17 batch=950 global_step=5932 loss_reg_months=4.4232 lr=0.00011386 grad_norm=1.6883 throughput=37.83 img/s eta_seconds=32.0 gpu_alloc=502.5MiB gpu_reserved=4420.0MiB skipped_batches=0
2026-08-15 11:04:12,981 | INFO | epoch=17 batch=975 global_step=5941 loss_reg_months=4.4205 lr=0.00011386 grad_norm=1.2026 throughput=37.85 img/s eta_seconds=24.1 gpu_alloc=389.2MiB gpu_reserved=4420.0MiB skipped_batches=0
2026-08-15 11:04:20,773 | INFO | epoch=17 batch=1000 global_step=5949 loss_reg_months=4.4242 lr=0.00011386 grad_norm=2.4131 throughput=37.86 img/s eta_seconds=16.1 gpu_alloc=502.5MiB gpu_reserved=4420.0MiB skipped_batches=0
2026-08-15 11:04:28,624 | INFO | epoch=17 batch=1025 global_step=5957 loss_reg_months=4.4143 lr=0.00011386 grad_norm=1.7715 throughput=37.87 img/s eta_seconds=8.2 gpu_alloc=502.5MiB gpu_reserved=4420.0MiB skipped_batches=0
2026-08-15 11:04:36,564 | INFO | epoch=17 batch=1050 global_step=5966 loss_reg_months=4.4103 lr=0.00011386 grad_norm=2.0322 throughput=37.87 img/s eta_seconds=0.3 gpu_alloc=389.2MiB gpu_reserved=4420.0MiB skipped_batches=0
2026-08-15 11:05:12,172 | WARNING | STABILITY WARNING [CAM] Validation MAE xấu đi trong khi train loss giảm
2026-08-15 11:05:12,173 | INFO | 
TRAINING REVIEW SNAPSHOT
Run ID / config hash / split hash: P4_D2_CONVNEXT_TINY_MULTISCALE_SEED42 / e3308f702cfc / 7328667e6822+f650a20432b5
Epoch / global step: 17 / 5967
Train loss: 4.4104
Validation MAE / RMSE / median AE: 6.4333 / 8.6660 / 5.0000
MAE nam / nữ / age bins: {'F': 6.906801188650307, 'M': 6.033958602846054} / {'0-59': 5.928025265957447, '120-179': 6.242274412855377, '60-119': 7.244289340101523, '180-228': 5.515625}
Learning rate / peak VRAM: 0.00011386 / 4420.0 MiB
Best epoch / best MAE / epochs không cải thiện: 14 / 6.2970 / 3
Cảnh báo hiện tại: CAM: Validation MAE xấu đi trong khi train loss giảm
Checkpoint gần nhất: p1_baseline\runs\P4_D2_CONVNEXT_TINY_MULTISCALE_SEED42\last.ckpt
Checkpoint tốt nhất: p1_baseline\runs\P4_D2_CONVNEXT_TINY_MULTISCALE_SEED42\best_mae.ckpt
Đề xuất tự động: THEO DÕI
2026-08-15 11:05:30,476 | INFO | epoch=18 batch=25 global_step=5975 loss_reg_months=3.9281 lr=0.00010496 grad_norm=1.4496 throughput=19.78 img/s eta_seconds=622.5 gpu_alloc=502.5MiB gpu_reserved=4420.0MiB skipped_batches=0
2026-08-15 11:05:38,124 | INFO | epoch=18 batch=50 global_step=5983 loss_reg_months=4.0765 lr=0.00010496 grad_norm=1.4447 throughput=26.30 img/s eta_seconds=456.8 gpu_alloc=502.5MiB gpu_reserved=4420.0MiB skipped_batches=0
2026-08-15 11:05:45,783 | INFO | epoch=18 batch=75 global_step=5992 loss_reg_months=4.0532 lr=0.00010496 grad_norm=1.5419 throughput=29.53 img/s eta_seconds=396.6 gpu_alloc=389.2MiB gpu_reserved=4420.0MiB skipped_batches=0
2026-08-15 11:05:54,137 | INFO | epoch=18 batch=100 global_step=6000 loss_reg_months=4.1574 lr=0.00010496 grad_norm=1.5896 throughput=30.90 img/s eta_seconds=369.2 gpu_alloc=502.5MiB gpu_reserved=4420.0MiB skipped_batches=0
2026-08-15 11:06:02,203 | INFO | epoch=18 batch=125 global_step=6008 loss_reg_months=4.1148 lr=0.00010496 grad_norm=1.8120 throughput=31.99 img/s eta_seconds=347.4 gpu_alloc=502.5MiB gpu_reserved=4420.0MiB skipped_batches=0
2026-08-15 11:06:09,891 | INFO | epoch=18 batch=150 global_step=6017 loss_reg_months=4.1419 lr=0.00010496 grad_norm=1.6902 throughput=32.98 img/s eta_seconds=327.8 gpu_alloc=389.2MiB gpu_reserved=4420.0MiB skipped_batches=0
2026-08-15 11:06:17,543 | INFO | epoch=18 batch=175 global_step=6025 loss_reg_months=4.1332 lr=0.00010496 grad_norm=1.7397 throughput=33.74 img/s eta_seconds=311.5 gpu_alloc=502.5MiB gpu_reserved=4420.0MiB skipped_batches=0
2026-08-15 11:06:25,275 | INFO | epoch=18 batch=200 global_step=6033 loss_reg_months=4.0723 lr=0.00010496 grad_norm=1.2631 throughput=34.30 img/s eta_seconds=297.7 gpu_alloc=502.5MiB gpu_reserved=4420.0MiB skipped_batches=0
2026-08-15 11:06:32,962 | INFO | epoch=18 batch=225 global_step=6042 loss_reg_months=4.0368 lr=0.00010496 grad_norm=2.0182 throughput=34.77 img/s eta_seconds=285.1 gpu_alloc=389.2MiB gpu_reserved=4420.0MiB skipped_batches=0
2026-08-15 11:06:41,093 | INFO | epoch=18 batch=250 global_step=6050 loss_reg_months=4.0426 lr=0.00010496 grad_norm=1.4421 throughput=34.97 img/s eta_seconds=274.8 gpu_alloc=502.5MiB gpu_reserved=4420.0MiB skipped_batches=0
2026-08-15 11:06:48,774 | INFO | epoch=18 batch=275 global_step=6058 loss_reg_months=4.0595 lr=0.00010496 grad_norm=1.8439 throughput=35.31 img/s eta_seconds=263.7 gpu_alloc=502.5MiB gpu_reserved=4420.0MiB skipped_batches=0
2026-08-15 11:06:56,562 | INFO | epoch=18 batch=300 global_step=6067 loss_reg_months=4.0599 lr=0.00010496 grad_norm=2.0283 throughput=35.55 img/s eta_seconds=253.4 gpu_alloc=389.2MiB gpu_reserved=4420.0MiB skipped_batches=0
2026-08-15 11:07:04,309 | INFO | epoch=18 batch=325 global_step=6075 loss_reg_months=4.0718 lr=0.00010496 grad_norm=1.2561 throughput=35.78 img/s eta_seconds=243.5 gpu_alloc=502.5MiB gpu_reserved=4420.0MiB skipped_batches=0
2026-08-15 11:07:11,984 | INFO | epoch=18 batch=350 global_step=6083 loss_reg_months=4.1043 lr=0.00010496 grad_norm=1.3852 throughput=36.00 img/s eta_seconds=233.7 gpu_alloc=502.5MiB gpu_reserved=4420.0MiB skipped_batches=0
2026-08-15 11:07:19,664 | INFO | epoch=18 batch=375 global_step=6092 loss_reg_months=4.0862 lr=0.00010496 grad_norm=2.6159 throughput=36.19 img/s eta_seconds=224.1 gpu_alloc=389.2MiB gpu_reserved=4420.0MiB skipped_batches=0
2026-08-15 11:07:27,455 | INFO | epoch=18 batch=400 global_step=6100 loss_reg_months=4.1281 lr=0.00010496 grad_norm=1.4562 throughput=36.32 img/s eta_seconds=215.0 gpu_alloc=502.5MiB gpu_reserved=4420.0MiB skipped_batches=0
2026-08-15 11:07:35,145 | INFO | epoch=18 batch=425 global_step=6108 loss_reg_months=4.1421 lr=0.00010496 grad_norm=1.8599 throughput=36.47 img/s eta_seconds=205.9 gpu_alloc=502.5MiB gpu_reserved=4420.0MiB skipped_batches=0
2026-08-15 11:07:42,870 | INFO | epoch=18 batch=450 global_step=6117 loss_reg_months=4.1517 lr=0.00010496 grad_norm=2.1230 throughput=36.59 img/s eta_seconds=197.1 gpu_alloc=389.2MiB gpu_reserved=4420.0MiB skipped_batches=0
2026-08-15 11:07:50,550 | INFO | epoch=18 batch=475 global_step=6125 loss_reg_months=4.1397 lr=0.00010496 grad_norm=1.4421 throughput=36.72 img/s eta_seconds=188.2 gpu_alloc=502.5MiB gpu_reserved=4420.0MiB skipped_batches=0
2026-08-15 11:07:58,363 | INFO | epoch=18 batch=500 global_step=6133 loss_reg_months=4.1292 lr=0.00010496 grad_norm=1.6572 throughput=36.80 img/s eta_seconds=179.7 gpu_alloc=502.5MiB gpu_reserved=4420.0MiB skipped_batches=0
2026-08-15 11:08:06,058 | INFO | epoch=18 batch=525 global_step=6142 loss_reg_months=4.1667 lr=0.00010496 grad_norm=1.5414 throughput=36.90 img/s eta_seconds=171.0 gpu_alloc=389.2MiB gpu_reserved=4420.0MiB skipped_batches=0
2026-08-15 11:08:13,838 | INFO | epoch=18 batch=550 global_step=6150 loss_reg_months=4.2074 lr=0.00010496 grad_norm=2.0355 throughput=36.97 img/s eta_seconds=162.6 gpu_alloc=502.5MiB gpu_reserved=4420.0MiB skipped_batches=0
2026-08-15 11:08:21,645 | INFO | epoch=18 batch=575 global_step=6158 loss_reg_months=4.2395 lr=0.00010496 grad_norm=1.4821 throughput=37.03 img/s eta_seconds=154.2 gpu_alloc=502.5MiB gpu_reserved=4420.0MiB skipped_batches=0
2026-08-15 11:08:29,343 | INFO | epoch=18 batch=600 global_step=6167 loss_reg_months=4.2346 lr=0.00010496 grad_norm=1.0294 throughput=37.11 img/s eta_seconds=145.8 gpu_alloc=389.2MiB gpu_reserved=4420.0MiB skipped_batches=0
2026-08-15 11:08:37,173 | INFO | epoch=18 batch=625 global_step=6175 loss_reg_months=4.2445 lr=0.00010496 grad_norm=1.8591 throughput=37.15 img/s eta_seconds=137.6 gpu_alloc=502.5MiB gpu_reserved=4420.0MiB skipped_batches=0
2026-08-15 11:08:44,840 | INFO | epoch=18 batch=650 global_step=6183 loss_reg_months=4.2610 lr=0.00010496 grad_norm=1.2630 throughput=37.23 img/s eta_seconds=129.2 gpu_alloc=502.5MiB gpu_reserved=4420.0MiB skipped_batches=0
2026-08-15 11:08:52,546 | INFO | epoch=18 batch=675 global_step=6192 loss_reg_months=4.2539 lr=0.00010496 grad_norm=1.5581 throughput=37.29 img/s eta_seconds=121.0 gpu_alloc=389.2MiB gpu_reserved=4420.0MiB skipped_batches=0
2026-08-15 11:09:00,296 | INFO | epoch=18 batch=700 global_step=6200 loss_reg_months=4.2636 lr=0.00010496 grad_norm=1.6675 throughput=37.34 img/s eta_seconds=112.8 gpu_alloc=502.5MiB gpu_reserved=4420.0MiB skipped_batches=0
2026-08-15 11:09:07,957 | INFO | epoch=18 batch=725 global_step=6208 loss_reg_months=4.2716 lr=0.00010496 grad_norm=1.3595 throughput=37.40 img/s eta_seconds=104.6 gpu_alloc=502.5MiB gpu_reserved=4420.0MiB skipped_batches=0
2026-08-15 11:09:15,647 | INFO | epoch=18 batch=750 global_step=6217 loss_reg_months=4.2724 lr=0.00010496 grad_norm=1.6194 throughput=37.45 img/s eta_seconds=96.4 gpu_alloc=389.2MiB gpu_reserved=4420.0MiB skipped_batches=0
2026-08-15 11:09:23,501 | INFO | epoch=18 batch=775 global_step=6225 loss_reg_months=4.2688 lr=0.00010496 grad_norm=2.5089 throughput=37.47 img/s eta_seconds=88.4 gpu_alloc=502.5MiB gpu_reserved=4420.0MiB skipped_batches=0
2026-08-15 11:09:31,168 | INFO | epoch=18 batch=800 global_step=6233 loss_reg_months=4.2601 lr=0.00010496 grad_norm=1.1421 throughput=37.52 img/s eta_seconds=80.2 gpu_alloc=502.5MiB gpu_reserved=4420.0MiB skipped_batches=0
2026-08-15 11:09:38,866 | INFO | epoch=18 batch=825 global_step=6242 loss_reg_months=4.2627 lr=0.00010496 grad_norm=1.2468 throughput=37.56 img/s eta_seconds=72.2 gpu_alloc=389.2MiB gpu_reserved=4420.0MiB skipped_batches=0
2026-08-15 11:09:46,555 | INFO | epoch=18 batch=850 global_step=6250 loss_reg_months=4.2620 lr=0.00010496 grad_norm=1.1663 throughput=37.60 img/s eta_seconds=64.1 gpu_alloc=502.5MiB gpu_reserved=4420.0MiB skipped_batches=0
2026-08-15 11:09:54,239 | INFO | epoch=18 batch=875 global_step=6258 loss_reg_months=4.2633 lr=0.00010496 grad_norm=1.8294 throughput=37.64 img/s eta_seconds=56.1 gpu_alloc=502.5MiB gpu_reserved=4420.0MiB skipped_batches=0
2026-08-15 11:10:01,949 | INFO | epoch=18 batch=900 global_step=6267 loss_reg_months=4.2769 lr=0.00010496 grad_norm=1.7263 throughput=37.68 img/s eta_seconds=48.1 gpu_alloc=389.2MiB gpu_reserved=4420.0MiB skipped_batches=0
2026-08-15 11:10:09,624 | INFO | epoch=18 batch=925 global_step=6275 loss_reg_months=4.2847 lr=0.00010496 grad_norm=2.0163 throughput=37.71 img/s eta_seconds=40.1 gpu_alloc=502.5MiB gpu_reserved=4420.0MiB skipped_batches=0
2026-08-15 11:10:17,320 | INFO | epoch=18 batch=950 global_step=6283 loss_reg_months=4.2702 lr=0.00010496 grad_norm=1.3185 throughput=37.75 img/s eta_seconds=32.1 gpu_alloc=502.5MiB gpu_reserved=4420.0MiB skipped_batches=0
2026-08-15 11:10:25,295 | INFO | epoch=18 batch=975 global_step=6292 loss_reg_months=4.2721 lr=0.00010496 grad_norm=1.8254 throughput=37.74 img/s eta_seconds=24.1 gpu_alloc=389.2MiB gpu_reserved=4420.0MiB skipped_batches=0
2026-08-15 11:10:32,966 | INFO | epoch=18 batch=1000 global_step=6300 loss_reg_months=4.2939 lr=0.00010496 grad_norm=1.2589 throughput=37.78 img/s eta_seconds=16.2 gpu_alloc=502.5MiB gpu_reserved=4420.0MiB skipped_batches=0
2026-08-15 11:10:40,631 | INFO | epoch=18 batch=1025 global_step=6308 loss_reg_months=4.3019 lr=0.00010496 grad_norm=1.8163 throughput=37.81 img/s eta_seconds=8.2 gpu_alloc=502.5MiB gpu_reserved=4420.0MiB skipped_batches=0
2026-08-15 11:10:48,318 | INFO | epoch=18 batch=1050 global_step=6317 loss_reg_months=4.3114 lr=0.00010496 grad_norm=1.9397 throughput=37.84 img/s eta_seconds=0.3 gpu_alloc=389.2MiB gpu_reserved=4420.0MiB skipped_batches=0
2026-08-15 11:11:14,721 | WARNING | STABILITY WARNING [CAM] Prediction vượt nhẹ miền tuổi 0–228: [-0.18, 226.00]
2026-08-15 11:11:14,724 | WARNING | STABILITY WARNING [CAM] Validation MAE xấu đi trong khi train loss giảm
2026-08-15 11:11:14,725 | INFO | 
TRAINING REVIEW SNAPSHOT
Run ID / config hash / split hash: P4_D2_CONVNEXT_TINY_MULTISCALE_SEED42 / e3308f702cfc / 7328667e6822+f650a20432b5
Epoch / global step: 18 / 6318
Train loss: 4.3109
Validation MAE / RMSE / median AE: 6.5176 / 8.9300 / 5.0000
MAE nam / nữ / age bins: {'F': 7.079753103431749, 'M': 6.043499353169469} / {'0-59': 5.96674493018617, '120-179': 6.436341161928307, '60-119': 7.281091370558376, '180-228': 5.0859375}
Learning rate / peak VRAM: 0.00010496 / 4420.0 MiB
Best epoch / best MAE / epochs không cải thiện: 14 / 6.2970 / 4
Cảnh báo hiện tại: CAM: Prediction vượt nhẹ miền tuổi 0–228: [-0.18, 226.00] | CAM: Validation MAE xấu đi trong khi train loss giảm
Checkpoint gần nhất: p1_baseline\runs\P4_D2_CONVNEXT_TINY_MULTISCALE_SEED42\last.ckpt
Checkpoint tốt nhất: p1_baseline\runs\P4_D2_CONVNEXT_TINY_MULTISCALE_SEED42\best_mae.ckpt
Đề xuất tự động: THEO DÕI
2026-08-15 11:11:32,225 | INFO | epoch=19 batch=25 global_step=6326 loss_reg_months=4.4060 lr=0.00009604 grad_norm=1.6624 throughput=20.19 img/s eta_seconds=609.7 gpu_alloc=502.5MiB gpu_reserved=4420.0MiB skipped_batches=0
2026-08-15 11:11:39,866 | INFO | epoch=19 batch=50 global_step=6334 loss_reg_months=4.3510 lr=0.00009604 grad_norm=1.3447 throughput=26.67 img/s eta_seconds=450.4 gpu_alloc=502.5MiB gpu_reserved=4420.0MiB skipped_batches=0
2026-08-15 11:11:47,525 | INFO | epoch=19 batch=75 global_step=6343 loss_reg_months=4.1659 lr=0.00009604 grad_norm=1.1471 throughput=29.84 img/s eta_seconds=392.4 gpu_alloc=389.2MiB gpu_reserved=4420.0MiB skipped_batches=0
2026-08-15 11:11:55,180 | INFO | epoch=19 batch=100 global_step=6351 loss_reg_months=4.1457 lr=0.00009604 grad_norm=2.0036 throughput=31.73 img/s eta_seconds=359.6 gpu_alloc=502.5MiB gpu_reserved=4420.0MiB skipped_batches=0
2026-08-15 11:12:02,825 | INFO | epoch=19 batch=125 global_step=6359 loss_reg_months=4.2689 lr=0.00009604 grad_norm=1.7941 throughput=33.00 img/s eta_seconds=336.7 gpu_alloc=502.5MiB gpu_reserved=4420.0MiB skipped_batches=0
2026-08-15 11:12:10,506 | INFO | epoch=19 batch=150 global_step=6368 loss_reg_months=4.2920 lr=0.00009604 grad_norm=1.8504 throughput=33.87 img/s eta_seconds=319.2 gpu_alloc=389.2MiB gpu_reserved=4420.0MiB skipped_batches=0
2026-08-15 11:12:18,166 | INFO | epoch=19 batch=175 global_step=6376 loss_reg_months=4.2774 lr=0.00009604 grad_norm=1.3673 throughput=34.54 img/s eta_seconds=304.3 gpu_alloc=502.5MiB gpu_reserved=4420.0MiB skipped_batches=0
2026-08-15 11:12:25,837 | INFO | epoch=19 batch=200 global_step=6384 loss_reg_months=4.2706 lr=0.00009604 grad_norm=1.3447 throughput=35.05 img/s eta_seconds=291.3 gpu_alloc=502.5MiB gpu_reserved=4420.0MiB skipped_batches=0
2026-08-15 11:12:33,518 | INFO | epoch=19 batch=225 global_step=6393 loss_reg_months=4.2459 lr=0.00009604 grad_norm=1.4706 throughput=35.46 img/s eta_seconds=279.5 gpu_alloc=389.2MiB gpu_reserved=4420.0MiB skipped_batches=0
2026-08-15 11:12:41,256 | INFO | epoch=19 batch=250 global_step=6401 loss_reg_months=4.1823 lr=0.00009604 grad_norm=1.9125 throughput=35.76 img/s eta_seconds=268.8 gpu_alloc=502.5MiB gpu_reserved=4420.0MiB skipped_batches=0
2026-08-15 11:12:48,941 | INFO | epoch=19 batch=275 global_step=6409 loss_reg_months=4.1930 lr=0.00009604 grad_norm=1.4381 throughput=36.04 img/s eta_seconds=258.4 gpu_alloc=502.5MiB gpu_reserved=4420.0MiB skipped_batches=0
2026-08-15 11:12:56,703 | INFO | epoch=19 batch=300 global_step=6418 loss_reg_months=4.1807 lr=0.00009604 grad_norm=2.3180 throughput=36.24 img/s eta_seconds=248.6 gpu_alloc=389.2MiB gpu_reserved=4420.0MiB skipped_batches=0
2026-08-15 11:13:04,433 | INFO | epoch=19 batch=325 global_step=6426 loss_reg_months=4.1680 lr=0.00009604 grad_norm=1.7563 throughput=36.43 img/s eta_seconds=239.1 gpu_alloc=502.5MiB gpu_reserved=4420.0MiB skipped_batches=0
2026-08-15 11:13:12,103 | INFO | epoch=19 batch=350 global_step=6434 loss_reg_months=4.1449 lr=0.00009604 grad_norm=1.2909 throughput=36.61 img/s eta_seconds=229.8 gpu_alloc=502.5MiB gpu_reserved=4420.0MiB skipped_batches=0
2026-08-15 11:13:19,790 | INFO | epoch=19 batch=375 global_step=6443 loss_reg_months=4.1147 lr=0.00009604 grad_norm=2.3196 throughput=36.76 img/s eta_seconds=220.7 gpu_alloc=389.2MiB gpu_reserved=4420.0MiB skipped_batches=0
2026-08-15 11:13:27,466 | INFO | epoch=19 batch=400 global_step=6451 loss_reg_months=4.0884 lr=0.00009604 grad_norm=1.6501 throughput=36.90 img/s eta_seconds=211.7 gpu_alloc=502.5MiB gpu_reserved=4420.0MiB skipped_batches=0
2026-08-15 11:13:35,319 | INFO | epoch=19 batch=425 global_step=6459 loss_reg_months=4.0908 lr=0.00009604 grad_norm=2.3710 throughput=36.97 img/s eta_seconds=203.2 gpu_alloc=502.5MiB gpu_reserved=4420.0MiB skipped_batches=0
2026-08-15 11:13:43,013 | INFO | epoch=19 batch=450 global_step=6468 loss_reg_months=4.0608 lr=0.00009604 grad_norm=1.9752 throughput=37.08 img/s eta_seconds=194.5 gpu_alloc=389.2MiB gpu_reserved=4420.0MiB skipped_batches=0
2026-08-15 11:13:50,683 | INFO | epoch=19 batch=475 global_step=6476 loss_reg_months=4.0843 lr=0.00009604 grad_norm=2.3237 throughput=37.18 img/s eta_seconds=185.9 gpu_alloc=502.5MiB gpu_reserved=4420.0MiB skipped_batches=0
2026-08-15 11:13:58,435 | INFO | epoch=19 batch=500 global_step=6484 loss_reg_months=4.0753 lr=0.00009604 grad_norm=1.6636 throughput=37.25 img/s eta_seconds=177.5 gpu_alloc=502.5MiB gpu_reserved=4420.0MiB skipped_batches=0
2026-08-15 11:14:06,136 | INFO | epoch=19 batch=525 global_step=6493 loss_reg_months=4.0557 lr=0.00009604 grad_norm=1.5998 throughput=37.33 img/s eta_seconds=169.1 gpu_alloc=389.2MiB gpu_reserved=4420.0MiB skipped_batches=0
2026-08-15 11:14:15,179 | INFO | epoch=19 batch=550 global_step=6501 loss_reg_months=4.0491 lr=0.00009604 grad_norm=2.5132 throughput=37.12 img/s eta_seconds=161.9 gpu_alloc=502.5MiB gpu_reserved=4420.0MiB skipped_batches=0
2026-08-15 11:14:22,926 | INFO | epoch=19 batch=575 global_step=6509 loss_reg_months=4.0610 lr=0.00009604 grad_norm=2.3012 throughput=37.18 img/s eta_seconds=153.6 gpu_alloc=502.5MiB gpu_reserved=4420.0MiB skipped_batches=0
2026-08-15 11:14:30,609 | INFO | epoch=19 batch=600 global_step=6518 loss_reg_months=4.0731 lr=0.00009604 grad_norm=1.8580 throughput=37.26 img/s eta_seconds=145.2 gpu_alloc=389.2MiB gpu_reserved=4420.0MiB skipped_batches=0
2026-08-15 11:14:38,463 | INFO | epoch=19 batch=625 global_step=6526 loss_reg_months=4.0773 lr=0.00009604 grad_norm=1.8405 throughput=37.30 img/s eta_seconds=137.0 gpu_alloc=502.5MiB gpu_reserved=4420.0MiB skipped_batches=0
2026-08-15 11:14:46,313 | INFO | epoch=19 batch=650 global_step=6534 loss_reg_months=4.0841 lr=0.00009604 grad_norm=1.4283 throughput=37.33 img/s eta_seconds=128.9 gpu_alloc=502.5MiB gpu_reserved=4420.0MiB skipped_batches=0
2026-08-15 11:14:54,045 | INFO | epoch=19 batch=675 global_step=6543 loss_reg_months=4.0974 lr=0.00009604 grad_norm=1.7487 throughput=37.38 img/s eta_seconds=120.7 gpu_alloc=389.2MiB gpu_reserved=4420.0MiB skipped_batches=0
2026-08-15 11:15:01,881 | INFO | epoch=19 batch=700 global_step=6551 loss_reg_months=4.0919 lr=0.00009604 grad_norm=1.5976 throughput=37.41 img/s eta_seconds=112.6 gpu_alloc=502.5MiB gpu_reserved=4420.0MiB skipped_batches=0
2026-08-15 11:15:09,589 | INFO | epoch=19 batch=725 global_step=6559 loss_reg_months=4.1163 lr=0.00009604 grad_norm=1.7715 throughput=37.46 img/s eta_seconds=104.4 gpu_alloc=502.5MiB gpu_reserved=4420.0MiB skipped_batches=0
2026-08-15 11:15:17,279 | INFO | epoch=19 batch=750 global_step=6568 loss_reg_months=4.1283 lr=0.00009604 grad_norm=1.9853 throughput=37.51 img/s eta_seconds=96.3 gpu_alloc=389.2MiB gpu_reserved=4420.0MiB skipped_batches=0
2026-08-15 11:15:24,990 | INFO | epoch=19 batch=775 global_step=6576 loss_reg_months=4.1424 lr=0.00009604 grad_norm=1.2972 throughput=37.56 img/s eta_seconds=88.2 gpu_alloc=502.5MiB gpu_reserved=4420.0MiB skipped_batches=0
2026-08-15 11:15:32,970 | INFO | epoch=19 batch=800 global_step=6584 loss_reg_months=4.1442 lr=0.00009604 grad_norm=1.7584 throughput=37.56 img/s eta_seconds=80.2 gpu_alloc=502.5MiB gpu_reserved=4420.0MiB skipped_batches=0
2026-08-15 11:15:40,660 | INFO | epoch=19 batch=825 global_step=6593 loss_reg_months=4.1388 lr=0.00009604 grad_norm=1.6218 throughput=37.60 img/s eta_seconds=72.1 gpu_alloc=389.2MiB gpu_reserved=4420.0MiB skipped_batches=0
2026-08-15 11:15:48,340 | INFO | epoch=19 batch=850 global_step=6601 loss_reg_months=4.1343 lr=0.00009604 grad_norm=1.6919 throughput=37.64 img/s eta_seconds=64.1 gpu_alloc=502.5MiB gpu_reserved=4420.0MiB skipped_batches=0
2026-08-15 11:15:56,180 | INFO | epoch=19 batch=875 global_step=6609 loss_reg_months=4.1443 lr=0.00009604 grad_norm=1.3448 throughput=37.66 img/s eta_seconds=56.1 gpu_alloc=502.5MiB gpu_reserved=4420.0MiB skipped_batches=0
2026-08-15 11:16:03,948 | INFO | epoch=19 batch=900 global_step=6618 loss_reg_months=4.1450 lr=0.00009604 grad_norm=1.3489 throughput=37.69 img/s eta_seconds=48.1 gpu_alloc=389.2MiB gpu_reserved=4420.0MiB skipped_batches=0
2026-08-15 11:16:11,630 | INFO | epoch=19 batch=925 global_step=6626 loss_reg_months=4.1506 lr=0.00009604 grad_norm=1.0848 throughput=37.72 img/s eta_seconds=40.1 gpu_alloc=502.5MiB gpu_reserved=4420.0MiB skipped_batches=0
2026-08-15 11:16:19,312 | INFO | epoch=19 batch=950 global_step=6634 loss_reg_months=4.1586 lr=0.00009604 grad_norm=1.8127 throughput=37.76 img/s eta_seconds=32.1 gpu_alloc=502.5MiB gpu_reserved=4420.0MiB skipped_batches=0
2026-08-15 11:16:27,052 | INFO | epoch=19 batch=975 global_step=6643 loss_reg_months=4.1653 lr=0.00009604 grad_norm=1.4947 throughput=37.78 img/s eta_seconds=24.1 gpu_alloc=389.2MiB gpu_reserved=4420.0MiB skipped_batches=0
2026-08-15 11:16:34,739 | INFO | epoch=19 batch=1000 global_step=6651 loss_reg_months=4.1572 lr=0.00009604 grad_norm=1.2057 throughput=37.81 img/s eta_seconds=16.2 gpu_alloc=502.5MiB gpu_reserved=4420.0MiB skipped_batches=0
2026-08-15 11:16:42,412 | INFO | epoch=19 batch=1025 global_step=6659 loss_reg_months=4.1624 lr=0.00009604 grad_norm=1.9622 throughput=37.84 img/s eta_seconds=8.2 gpu_alloc=502.5MiB gpu_reserved=4420.0MiB skipped_batches=0
2026-08-15 11:16:50,106 | INFO | epoch=19 batch=1050 global_step=6668 loss_reg_months=4.1662 lr=0.00009604 grad_norm=1.9310 throughput=37.87 img/s eta_seconds=0.3 gpu_alloc=389.2MiB gpu_reserved=4420.0MiB skipped_batches=0
2026-08-15 11:17:16,395 | WARNING | STABILITY WARNING [CAM] Prediction vượt nhẹ miền tuổi 0–228: [2.33, 235.00]
2026-08-15 11:17:16,430 | INFO | 
TRAINING REVIEW SNAPSHOT
Run ID / config hash / split hash: P4_D2_CONVNEXT_TINY_MULTISCALE_SEED42 / e3308f702cfc / 7328667e6822+f650a20432b5
Epoch / global step: 19 / 6669
Train loss: 4.1672
Validation MAE / RMSE / median AE: 6.3246 / 8.4853 / 5.0000
MAE nam / nữ / age bins: {'F': 6.745063266871166, 'M': 5.969922380336352} / {'0-59': 5.787566489361702, '120-179': 5.870828182941904, '60-119': 7.652284263959391, '180-228': 5.5}
Learning rate / peak VRAM: 0.00009604 / 4420.0 MiB
Best epoch / best MAE / epochs không cải thiện: 14 / 6.2970 / 5
Cảnh báo hiện tại: CAM: Prediction vượt nhẹ miền tuổi 0–228: [2.33, 235.00]
Checkpoint gần nhất: p1_baseline\runs\P4_D2_CONVNEXT_TINY_MULTISCALE_SEED42\last.ckpt
Checkpoint tốt nhất: p1_baseline\runs\P4_D2_CONVNEXT_TINY_MULTISCALE_SEED42\best_mae.ckpt
Đề xuất tự động: THEO DÕI
2026-08-15 11:17:34,593 | INFO | epoch=20 batch=25 global_step=6677 loss_reg_months=3.8648 lr=0.00008714 grad_norm=1.3308 throughput=20.45 img/s eta_seconds=602.1 gpu_alloc=502.5MiB gpu_reserved=4420.0MiB skipped_batches=0
2026-08-15 11:17:42,226 | INFO | epoch=20 batch=50 global_step=6685 loss_reg_months=3.9351 lr=0.00008714 grad_norm=2.1337 throughput=26.90 img/s eta_seconds=446.5 gpu_alloc=502.5MiB gpu_reserved=4420.0MiB skipped_batches=0
2026-08-15 11:17:49,938 | INFO | epoch=20 batch=75 global_step=6694 loss_reg_months=4.0586 lr=0.00008714 grad_norm=1.3792 throughput=29.98 img/s eta_seconds=390.6 gpu_alloc=389.2MiB gpu_reserved=4420.0MiB skipped_batches=0
2026-08-15 11:17:57,593 | INFO | epoch=20 batch=100 global_step=6702 loss_reg_months=4.0007 lr=0.00008714 grad_norm=1.4628 throughput=31.85 img/s eta_seconds=358.2 gpu_alloc=502.5MiB gpu_reserved=4420.0MiB skipped_batches=0
2026-08-15 11:18:05,355 | INFO | epoch=20 batch=125 global_step=6710 loss_reg_months=4.1221 lr=0.00008714 grad_norm=1.6493 throughput=33.01 img/s eta_seconds=336.5 gpu_alloc=502.5MiB gpu_reserved=4420.0MiB skipped_batches=0
2026-08-15 11:18:13,058 | INFO | epoch=20 batch=150 global_step=6719 loss_reg_months=4.1306 lr=0.00008714 grad_norm=1.4247 throughput=33.88 img/s eta_seconds=319.1 gpu_alloc=389.2MiB gpu_reserved=4420.0MiB skipped_batches=0
2026-08-15 11:18:20,741 | INFO | epoch=20 batch=175 global_step=6727 loss_reg_months=4.0836 lr=0.00008714 grad_norm=1.3520 throughput=34.53 img/s eta_seconds=304.4 gpu_alloc=502.5MiB gpu_reserved=4420.0MiB skipped_batches=0
2026-08-15 11:18:28,405 | INFO | epoch=20 batch=200 global_step=6735 loss_reg_months=4.0309 lr=0.00008714 grad_norm=1.2495 throughput=35.05 img/s eta_seconds=291.4 gpu_alloc=502.5MiB gpu_reserved=4420.0MiB skipped_batches=0
2026-08-15 11:18:36,093 | INFO | epoch=20 batch=225 global_step=6744 loss_reg_months=3.9965 lr=0.00008714 grad_norm=1.6067 throughput=35.45 img/s eta_seconds=279.6 gpu_alloc=389.2MiB gpu_reserved=4420.0MiB skipped_batches=0
2026-08-15 11:18:43,753 | INFO | epoch=20 batch=250 global_step=6752 loss_reg_months=3.9993 lr=0.00008714 grad_norm=2.0923 throughput=35.79 img/s eta_seconds=268.6 gpu_alloc=502.5MiB gpu_reserved=4420.0MiB skipped_batches=0
2026-08-15 11:18:51,406 | INFO | epoch=20 batch=275 global_step=6760 loss_reg_months=4.0192 lr=0.00008714 grad_norm=1.4836 throughput=36.07 img/s eta_seconds=258.1 gpu_alloc=502.5MiB gpu_reserved=4420.0MiB skipped_batches=0
2026-08-15 11:18:59,173 | INFO | epoch=20 batch=300 global_step=6769 loss_reg_months=4.0329 lr=0.00008714 grad_norm=1.1462 throughput=36.27 img/s eta_seconds=248.4 gpu_alloc=389.2MiB gpu_reserved=4420.0MiB skipped_batches=0
2026-08-15 11:19:06,893 | INFO | epoch=20 batch=325 global_step=6777 loss_reg_months=4.0326 lr=0.00008714 grad_norm=3.1210 throughput=36.46 img/s eta_seconds=238.9 gpu_alloc=502.5MiB gpu_reserved=4420.0MiB skipped_batches=0
2026-08-15 11:19:14,558 | INFO | epoch=20 batch=350 global_step=6785 loss_reg_months=4.0441 lr=0.00008714 grad_norm=1.8492 throughput=36.64 img/s eta_seconds=229.6 gpu_alloc=502.5MiB gpu_reserved=4420.0MiB skipped_batches=0
2026-08-15 11:19:22,243 | INFO | epoch=20 batch=375 global_step=6794 loss_reg_months=4.0335 lr=0.00008714 grad_norm=1.2072 throughput=36.79 img/s eta_seconds=220.5 gpu_alloc=389.2MiB gpu_reserved=4420.0MiB skipped_batches=0
2026-08-15 11:19:29,920 | INFO | epoch=20 batch=400 global_step=6802 loss_reg_months=4.0515 lr=0.00008714 grad_norm=1.7019 throughput=36.92 img/s eta_seconds=211.5 gpu_alloc=502.5MiB gpu_reserved=4420.0MiB skipped_batches=0
2026-08-15 11:19:37,635 | INFO | epoch=20 batch=425 global_step=6810 loss_reg_months=4.0448 lr=0.00008714 grad_norm=1.2195 throughput=37.03 img/s eta_seconds=202.8 gpu_alloc=502.5MiB gpu_reserved=4420.0MiB skipped_batches=0
2026-08-15 11:19:45,338 | INFO | epoch=20 batch=450 global_step=6819 loss_reg_months=4.0461 lr=0.00008714 grad_norm=1.5790 throughput=37.13 img/s eta_seconds=194.2 gpu_alloc=389.2MiB gpu_reserved=4420.0MiB skipped_batches=0
2026-08-15 11:19:53,205 | INFO | epoch=20 batch=475 global_step=6827 loss_reg_months=4.0549 lr=0.00008714 grad_norm=1.2831 throughput=37.19 img/s eta_seconds=185.8 gpu_alloc=502.5MiB gpu_reserved=4420.0MiB skipped_batches=0
2026-08-15 11:20:00,864 | INFO | epoch=20 batch=500 global_step=6835 loss_reg_months=4.0519 lr=0.00008714 grad_norm=1.4399 throughput=37.28 img/s eta_seconds=177.3 gpu_alloc=502.5MiB gpu_reserved=4420.0MiB skipped_batches=0
2026-08-15 11:20:08,570 | INFO | epoch=20 batch=525 global_step=6844 loss_reg_months=4.0752 lr=0.00008714 grad_norm=1.9230 throughput=37.36 img/s eta_seconds=168.9 gpu_alloc=389.2MiB gpu_reserved=4420.0MiB skipped_batches=0
2026-08-15 11:20:16,286 | INFO | epoch=20 batch=550 global_step=6852 loss_reg_months=4.0688 lr=0.00008714 grad_norm=2.6734 throughput=37.42 img/s eta_seconds=160.6 gpu_alloc=502.5MiB gpu_reserved=4420.0MiB skipped_batches=0
2026-08-15 11:20:24,012 | INFO | epoch=20 batch=575 global_step=6860 loss_reg_months=4.0763 lr=0.00008714 grad_norm=1.6128 throughput=37.48 img/s eta_seconds=152.4 gpu_alloc=502.5MiB gpu_reserved=4420.0MiB skipped_batches=0
2026-08-15 11:20:31,842 | INFO | epoch=20 batch=600 global_step=6869 loss_reg_months=4.0733 lr=0.00008714 grad_norm=1.1349 throughput=37.52 img/s eta_seconds=144.2 gpu_alloc=389.2MiB gpu_reserved=4420.0MiB skipped_batches=0
2026-08-15 11:20:39,540 | INFO | epoch=20 batch=625 global_step=6877 loss_reg_months=4.0722 lr=0.00008714 grad_norm=1.8659 throughput=37.57 img/s eta_seconds=136.0 gpu_alloc=502.5MiB gpu_reserved=4420.0MiB skipped_batches=0
2026-08-15 11:20:47,212 | INFO | epoch=20 batch=650 global_step=6885 loss_reg_months=4.0916 lr=0.00008714 grad_norm=1.8399 throughput=37.63 img/s eta_seconds=127.9 gpu_alloc=502.5MiB gpu_reserved=4420.0MiB skipped_batches=0
2026-08-15 11:20:54,903 | INFO | epoch=20 batch=675 global_step=6894 loss_reg_months=4.0959 lr=0.00008714 grad_norm=1.7679 throughput=37.68 img/s eta_seconds=119.7 gpu_alloc=389.2MiB gpu_reserved=4420.0MiB skipped_batches=0
2026-08-15 11:21:02,571 | INFO | epoch=20 batch=700 global_step=6902 loss_reg_months=4.1016 lr=0.00008714 grad_norm=1.4908 throughput=37.73 img/s eta_seconds=111.6 gpu_alloc=502.5MiB gpu_reserved=4420.0MiB skipped_batches=0
2026-08-15 11:21:10,239 | INFO | epoch=20 batch=725 global_step=6910 loss_reg_months=4.0877 lr=0.00008714 grad_norm=1.1342 throughput=37.77 img/s eta_seconds=103.5 gpu_alloc=502.5MiB gpu_reserved=4420.0MiB skipped_batches=0
2026-08-15 11:21:17,929 | INFO | epoch=20 batch=750 global_step=6919 loss_reg_months=4.0996 lr=0.00008714 grad_norm=1.5589 throughput=37.81 img/s eta_seconds=95.5 gpu_alloc=389.2MiB gpu_reserved=4420.0MiB skipped_batches=0
2026-08-15 11:21:25,615 | INFO | epoch=20 batch=775 global_step=6927 loss_reg_months=4.0847 lr=0.00008714 grad_norm=1.2293 throughput=37.85 img/s eta_seconds=87.5 gpu_alloc=502.5MiB gpu_reserved=4420.0MiB skipped_batches=0
2026-08-15 11:21:33,580 | INFO | epoch=20 batch=800 global_step=6935 loss_reg_months=4.0844 lr=0.00008714 grad_norm=1.6223 throughput=37.85 img/s eta_seconds=79.6 gpu_alloc=502.5MiB gpu_reserved=4420.0MiB skipped_batches=0
2026-08-15 11:21:41,346 | INFO | epoch=20 batch=825 global_step=6944 loss_reg_months=4.0821 lr=0.00008714 grad_norm=1.2042 throughput=37.87 img/s eta_seconds=71.6 gpu_alloc=389.2MiB gpu_reserved=4420.0MiB skipped_batches=0
2026-08-15 11:21:49,025 | INFO | epoch=20 batch=850 global_step=6952 loss_reg_months=4.0627 lr=0.00008714 grad_norm=1.4838 throughput=37.90 img/s eta_seconds=63.6 gpu_alloc=502.5MiB gpu_reserved=4420.0MiB skipped_batches=0
2026-08-15 11:21:56,697 | INFO | epoch=20 batch=875 global_step=6960 loss_reg_months=4.0633 lr=0.00008714 grad_norm=1.7114 throughput=37.94 img/s eta_seconds=55.6 gpu_alloc=502.5MiB gpu_reserved=4420.0MiB skipped_batches=0
2026-08-15 11:22:04,437 | INFO | epoch=20 batch=900 global_step=6969 loss_reg_months=4.0729 lr=0.00008714 grad_norm=1.9704 throughput=37.96 img/s eta_seconds=47.7 gpu_alloc=389.2MiB gpu_reserved=4420.0MiB skipped_batches=0
2026-08-15 11:22:12,118 | INFO | epoch=20 batch=925 global_step=6977 loss_reg_months=4.0657 lr=0.00008714 grad_norm=1.3738 throughput=37.99 img/s eta_seconds=39.8 gpu_alloc=502.5MiB gpu_reserved=4420.0MiB skipped_batches=0
2026-08-15 11:22:19,801 | INFO | epoch=20 batch=950 global_step=6985 loss_reg_months=4.0584 lr=0.00008714 grad_norm=1.4190 throughput=38.02 img/s eta_seconds=31.9 gpu_alloc=502.5MiB gpu_reserved=4420.0MiB skipped_batches=0
2026-08-15 11:22:27,528 | INFO | epoch=20 batch=975 global_step=6994 loss_reg_months=4.0541 lr=0.00008714 grad_norm=1.8291 throughput=38.04 img/s eta_seconds=24.0 gpu_alloc=389.2MiB gpu_reserved=4420.0MiB skipped_batches=0
2026-08-15 11:22:36,519 | INFO | epoch=20 batch=1000 global_step=7002 loss_reg_months=4.0552 lr=0.00008714 grad_norm=1.3584 throughput=37.90 img/s eta_seconds=16.1 gpu_alloc=502.5MiB gpu_reserved=4420.0MiB skipped_batches=0
2026-08-15 11:22:44,534 | INFO | epoch=20 batch=1025 global_step=7010 loss_reg_months=4.0447 lr=0.00008714 grad_norm=1.6631 throughput=37.89 img/s eta_seconds=8.2 gpu_alloc=502.5MiB gpu_reserved=4420.0MiB skipped_batches=0
2026-08-15 11:22:52,331 | INFO | epoch=20 batch=1050 global_step=7019 loss_reg_months=4.0451 lr=0.00008714 grad_norm=1.5449 throughput=37.91 img/s eta_seconds=0.3 gpu_alloc=389.2MiB gpu_reserved=4420.0MiB skipped_batches=0
2026-08-15 11:23:19,506 | WARNING | STABILITY WARNING [CAM] Prediction vượt nhẹ miền tuổi 0–228: [6.81, 238.00]
2026-08-15 11:23:19,507 | WARNING | STABILITY WARNING [CAM] Validation MAE xấu đi trong khi train loss giảm
2026-08-15 11:23:19,508 | INFO | 
TRAINING REVIEW SNAPSHOT
Run ID / config hash / split hash: P4_D2_CONVNEXT_TINY_MULTISCALE_SEED42 / e3308f702cfc / 7328667e6822+f650a20432b5
Epoch / global step: 20 / 7020
Train loss: 4.0459
Validation MAE / RMSE / median AE: 6.8179 / 9.0091 / 5.2500
MAE nam / nữ / age bins: {'F': 6.951687116564417, 'M': 6.704964424320828} / {'0-59': 6.121675531914893, '120-179': 6.454882571075402, '60-119': 8.106598984771574, '180-228': 5.65625}
Learning rate / peak VRAM: 0.00008714 / 4420.0 MiB
Best epoch / best MAE / epochs không cải thiện: 14 / 6.2970 / 6
Cảnh báo hiện tại: CAM: Prediction vượt nhẹ miền tuổi 0–228: [6.81, 238.00] | CAM: Validation MAE xấu đi trong khi train loss giảm
Checkpoint gần nhất: p1_baseline\runs\P4_D2_CONVNEXT_TINY_MULTISCALE_SEED42\last.ckpt
Checkpoint tốt nhất: p1_baseline\runs\P4_D2_CONVNEXT_TINY_MULTISCALE_SEED42\best_mae.ckpt
Đề xuất tự động: THEO DÕI
2026-08-15 11:23:35,930 | INFO | epoch=21 batch=25 global_step=7028 loss_reg_months=4.3714 lr=0.00007836 grad_norm=1.4904 throughput=20.32 img/s eta_seconds=606.0 gpu_alloc=502.5MiB gpu_reserved=4420.0MiB skipped_batches=0
2026-08-15 11:23:43,654 | INFO | epoch=21 batch=50 global_step=7036 loss_reg_months=4.1481 lr=0.00007836 grad_norm=1.4943 throughput=26.68 img/s eta_seconds=450.2 gpu_alloc=502.5MiB gpu_reserved=4420.0MiB skipped_batches=0
2026-08-15 11:23:51,377 | INFO | epoch=21 batch=75 global_step=7045 loss_reg_months=4.0595 lr=0.00007836 grad_norm=1.4899 throughput=29.79 img/s eta_seconds=393.1 gpu_alloc=389.2MiB gpu_reserved=4420.0MiB skipped_batches=0
2026-08-15 11:23:59,265 | INFO | epoch=21 batch=100 global_step=7053 loss_reg_months=4.0558 lr=0.00007836 grad_norm=1.3174 throughput=31.49 img/s eta_seconds=362.3 gpu_alloc=502.5MiB gpu_reserved=4420.0MiB skipped_batches=0
2026-08-15 11:24:06,990 | INFO | epoch=21 batch=125 global_step=7061 loss_reg_months=3.9362 lr=0.00007836 grad_norm=1.4653 throughput=32.73 img/s eta_seconds=339.5 gpu_alloc=502.5MiB gpu_reserved=4420.0MiB skipped_batches=0
2026-08-15 11:24:14,855 | INFO | epoch=21 batch=150 global_step=7070 loss_reg_months=3.8929 lr=0.00007836 grad_norm=1.3491 throughput=33.52 img/s eta_seconds=322.5 gpu_alloc=389.2MiB gpu_reserved=4420.0MiB skipped_batches=0
2026-08-15 11:24:22,608 | INFO | epoch=21 batch=175 global_step=7078 loss_reg_months=3.9054 lr=0.00007836 grad_norm=1.4663 throughput=34.18 img/s eta_seconds=307.5 gpu_alloc=502.5MiB gpu_reserved=4420.0MiB skipped_batches=0
2026-08-15 11:24:30,362 | INFO | epoch=21 batch=200 global_step=7086 loss_reg_months=3.8617 lr=0.00007836 grad_norm=2.0141 throughput=34.68 img/s eta_seconds=294.4 gpu_alloc=502.5MiB gpu_reserved=4420.0MiB skipped_batches=0
2026-08-15 11:24:38,080 | INFO | epoch=21 batch=225 global_step=7095 loss_reg_months=3.9056 lr=0.00007836 grad_norm=1.2360 throughput=35.10 img/s eta_seconds=282.3 gpu_alloc=389.2MiB gpu_reserved=4420.0MiB skipped_batches=0
2026-08-15 11:24:46,164 | INFO | epoch=21 batch=250 global_step=7103 loss_reg_months=3.8958 lr=0.00007836 grad_norm=1.7180 throughput=35.29 img/s eta_seconds=272.3 gpu_alloc=502.5MiB gpu_reserved=4420.0MiB skipped_batches=0
2026-08-15 11:24:53,851 | INFO | epoch=21 batch=275 global_step=7111 loss_reg_months=3.8960 lr=0.00007836 grad_norm=1.3040 throughput=35.60 img/s eta_seconds=261.5 gpu_alloc=502.5MiB gpu_reserved=4420.0MiB skipped_batches=0
2026-08-15 11:25:01,654 | INFO | epoch=21 batch=300 global_step=7120 loss_reg_months=3.8642 lr=0.00007836 grad_norm=2.8054 throughput=35.82 img/s eta_seconds=251.5 gpu_alloc=389.2MiB gpu_reserved=4420.0MiB skipped_batches=0
2026-08-15 11:25:09,362 | INFO | epoch=21 batch=325 global_step=7128 loss_reg_months=3.8537 lr=0.00007836 grad_norm=2.1126 throughput=36.05 img/s eta_seconds=241.7 gpu_alloc=502.5MiB gpu_reserved=4420.0MiB skipped_batches=0
2026-08-15 11:25:17,107 | INFO | epoch=21 batch=350 global_step=7136 loss_reg_months=3.8792 lr=0.00007836 grad_norm=2.3042 throughput=36.22 img/s eta_seconds=232.2 gpu_alloc=502.5MiB gpu_reserved=4420.0MiB skipped_batches=0
2026-08-15 11:25:24,881 | INFO | epoch=21 batch=375 global_step=7145 loss_reg_months=3.8548 lr=0.00007836 grad_norm=1.4833 throughput=36.37 img/s eta_seconds=223.0 gpu_alloc=389.2MiB gpu_reserved=4420.0MiB skipped_batches=0
2026-08-15 11:25:32,593 | INFO | epoch=21 batch=400 global_step=7153 loss_reg_months=3.8449 lr=0.00007836 grad_norm=2.0365 throughput=36.52 img/s eta_seconds=213.9 gpu_alloc=502.5MiB gpu_reserved=4420.0MiB skipped_batches=0
2026-08-15 11:25:40,275 | INFO | epoch=21 batch=425 global_step=7161 loss_reg_months=3.8517 lr=0.00007836 grad_norm=1.7836 throughput=36.66 img/s eta_seconds=204.9 gpu_alloc=502.5MiB gpu_reserved=4420.0MiB skipped_batches=0
2026-08-15 11:25:48,097 | INFO | epoch=21 batch=450 global_step=7170 loss_reg_months=3.8596 lr=0.00007836 grad_norm=1.5503 throughput=36.75 img/s eta_seconds=196.2 gpu_alloc=389.2MiB gpu_reserved=4420.0MiB skipped_batches=0
2026-08-15 11:25:55,836 | INFO | epoch=21 batch=475 global_step=7178 loss_reg_months=3.8421 lr=0.00007836 grad_norm=2.1041 throughput=36.85 img/s eta_seconds=187.5 gpu_alloc=502.5MiB gpu_reserved=4420.0MiB skipped_batches=0
2026-08-15 11:26:03,775 | INFO | epoch=21 batch=500 global_step=7186 loss_reg_months=3.8595 lr=0.00007836 grad_norm=2.4795 throughput=36.90 img/s eta_seconds=179.2 gpu_alloc=502.5MiB gpu_reserved=4420.0MiB skipped_batches=0
2026-08-15 11:26:11,532 | INFO | epoch=21 batch=525 global_step=7195 loss_reg_months=3.8705 lr=0.00007836 grad_norm=2.3805 throughput=36.98 img/s eta_seconds=170.7 gpu_alloc=389.2MiB gpu_reserved=4420.0MiB skipped_batches=0
2026-08-15 11:26:19,258 | INFO | epoch=21 batch=550 global_step=7203 loss_reg_months=3.8913 lr=0.00007836 grad_norm=1.5923 throughput=37.06 img/s eta_seconds=162.2 gpu_alloc=502.5MiB gpu_reserved=4420.0MiB skipped_batches=0
2026-08-15 11:26:26,953 | INFO | epoch=21 batch=575 global_step=7211 loss_reg_months=3.8922 lr=0.00007836 grad_norm=1.4760 throughput=37.14 img/s eta_seconds=153.8 gpu_alloc=502.5MiB gpu_reserved=4420.0MiB skipped_batches=0
2026-08-15 11:26:34,731 | INFO | epoch=21 batch=600 global_step=7220 loss_reg_months=3.8874 lr=0.00007836 grad_norm=1.5322 throughput=37.20 img/s eta_seconds=145.5 gpu_alloc=389.2MiB gpu_reserved=4420.0MiB skipped_batches=0
2026-08-15 11:26:42,494 | INFO | epoch=21 batch=625 global_step=7228 loss_reg_months=3.8907 lr=0.00007836 grad_norm=1.3880 throughput=37.25 img/s eta_seconds=137.2 gpu_alloc=502.5MiB gpu_reserved=4420.0MiB skipped_batches=0
2026-08-15 11:26:50,347 | INFO | epoch=21 batch=650 global_step=7236 loss_reg_months=3.8859 lr=0.00007836 grad_norm=1.2864 throughput=37.29 img/s eta_seconds=129.0 gpu_alloc=502.5MiB gpu_reserved=4420.0MiB skipped_batches=0
2026-08-15 11:26:58,094 | INFO | epoch=21 batch=675 global_step=7245 loss_reg_months=3.8923 lr=0.00007836 grad_norm=1.9284 throughput=37.34 img/s eta_seconds=120.8 gpu_alloc=389.2MiB gpu_reserved=4420.0MiB skipped_batches=0
2026-08-15 11:27:05,893 | INFO | epoch=21 batch=700 global_step=7253 loss_reg_months=3.8918 lr=0.00007836 grad_norm=2.1222 throughput=37.38 img/s eta_seconds=112.7 gpu_alloc=502.5MiB gpu_reserved=4420.0MiB skipped_batches=0
2026-08-15 11:27:13,624 | INFO | epoch=21 batch=725 global_step=7261 loss_reg_months=3.8795 lr=0.00007836 grad_norm=1.2143 throughput=37.43 img/s eta_seconds=104.5 gpu_alloc=502.5MiB gpu_reserved=4420.0MiB skipped_batches=0
2026-08-15 11:27:21,387 | INFO | epoch=21 batch=750 global_step=7270 loss_reg_months=3.8876 lr=0.00007836 grad_norm=1.6268 throughput=37.47 img/s eta_seconds=96.4 gpu_alloc=389.2MiB gpu_reserved=4420.0MiB skipped_batches=0
2026-08-15 11:27:29,117 | INFO | epoch=21 batch=775 global_step=7278 loss_reg_months=3.8848 lr=0.00007836 grad_norm=1.6494 throughput=37.51 img/s eta_seconds=88.3 gpu_alloc=502.5MiB gpu_reserved=4420.0MiB skipped_batches=0
2026-08-15 11:27:36,869 | INFO | epoch=21 batch=800 global_step=7286 loss_reg_months=3.8916 lr=0.00007836 grad_norm=1.4938 throughput=37.54 img/s eta_seconds=80.2 gpu_alloc=502.5MiB gpu_reserved=4420.0MiB skipped_batches=0
2026-08-15 11:27:44,594 | INFO | epoch=21 batch=825 global_step=7295 loss_reg_months=3.9056 lr=0.00007836 grad_norm=2.5683 throughput=37.58 img/s eta_seconds=72.1 gpu_alloc=389.2MiB gpu_reserved=4420.0MiB skipped_batches=0
2026-08-15 11:27:52,276 | INFO | epoch=21 batch=850 global_step=7303 loss_reg_months=3.9087 lr=0.00007836 grad_norm=1.2270 throughput=37.62 img/s eta_seconds=64.1 gpu_alloc=502.5MiB gpu_reserved=4420.0MiB skipped_batches=0
2026-08-15 11:28:00,455 | INFO | epoch=21 batch=875 global_step=7311 loss_reg_months=3.9095 lr=0.00007836 grad_norm=1.4711 throughput=37.60 img/s eta_seconds=56.2 gpu_alloc=502.5MiB gpu_reserved=4420.0MiB skipped_batches=0
2026-08-15 11:28:08,193 | INFO | epoch=21 batch=900 global_step=7320 loss_reg_months=3.9192 lr=0.00007836 grad_norm=1.5994 throughput=37.63 img/s eta_seconds=48.1 gpu_alloc=389.2MiB gpu_reserved=4420.0MiB skipped_batches=0
2026-08-15 11:28:16,034 | INFO | epoch=21 batch=925 global_step=7328 loss_reg_months=3.9157 lr=0.00007836 grad_norm=1.1214 throughput=37.64 img/s eta_seconds=40.1 gpu_alloc=502.5MiB gpu_reserved=4420.0MiB skipped_batches=0
2026-08-15 11:28:23,748 | INFO | epoch=21 batch=950 global_step=7336 loss_reg_months=3.9309 lr=0.00007836 grad_norm=1.5795 throughput=37.68 img/s eta_seconds=32.1 gpu_alloc=502.5MiB gpu_reserved=4420.0MiB skipped_batches=0
2026-08-15 11:28:31,575 | INFO | epoch=21 batch=975 global_step=7345 loss_reg_months=3.9429 lr=0.00007836 grad_norm=2.4359 throughput=37.69 img/s eta_seconds=24.2 gpu_alloc=389.2MiB gpu_reserved=4420.0MiB skipped_batches=0
2026-08-15 11:28:39,370 | INFO | epoch=21 batch=1000 global_step=7353 loss_reg_months=3.9428 lr=0.00007836 grad_norm=2.0337 throughput=37.71 img/s eta_seconds=16.2 gpu_alloc=502.5MiB gpu_reserved=4420.0MiB skipped_batches=0
2026-08-15 11:28:47,258 | INFO | epoch=21 batch=1025 global_step=7361 loss_reg_months=3.9404 lr=0.00007836 grad_norm=2.4793 throughput=37.72 img/s eta_seconds=8.2 gpu_alloc=502.5MiB gpu_reserved=4420.0MiB skipped_batches=0
2026-08-15 11:28:54,964 | INFO | epoch=21 batch=1050 global_step=7370 loss_reg_months=3.9571 lr=0.00007836 grad_norm=1.1953 throughput=37.75 img/s eta_seconds=0.3 gpu_alloc=389.2MiB gpu_reserved=4420.0MiB skipped_batches=0
2026-08-15 11:29:21,931 | WARNING | STABILITY WARNING [CAM] Validation MAE xấu đi trong khi train loss giảm
2026-08-15 11:29:21,932 | INFO | 
TRAINING REVIEW SNAPSHOT
Run ID / config hash / split hash: P4_D2_CONVNEXT_TINY_MULTISCALE_SEED42 / e3308f702cfc / 7328667e6822+f650a20432b5
Epoch / global step: 21 / 7371
Train loss: 3.9578
Validation MAE / RMSE / median AE: 6.4405 / 8.6275 / 5.0000
MAE nam / nữ / age bins: {'F': 6.8287960122699385, 'M': 6.1130336351875805} / {'0-59': 6.220744680851064, '120-179': 6.092088998763906, '60-119': 7.597715736040609, '180-228': 5.2421875}
Learning rate / peak VRAM: 0.00007836 / 4420.0 MiB
Best epoch / best MAE / epochs không cải thiện: 14 / 6.2970 / 7
Cảnh báo hiện tại: CAM: Validation MAE xấu đi trong khi train loss giảm
Checkpoint gần nhất: p1_baseline\runs\P4_D2_CONVNEXT_TINY_MULTISCALE_SEED42\last.ckpt
Checkpoint tốt nhất: p1_baseline\runs\P4_D2_CONVNEXT_TINY_MULTISCALE_SEED42\best_mae.ckpt
Đề xuất tự động: THEO DÕI
2026-08-15 11:29:38,815 | INFO | epoch=22 batch=25 global_step=7379 loss_reg_months=3.4047 lr=0.00006975 grad_norm=1.2175 throughput=20.01 img/s eta_seconds=615.2 gpu_alloc=502.5MiB gpu_reserved=4420.0MiB skipped_batches=0
2026-08-15 11:29:46,533 | INFO | epoch=22 batch=50 global_step=7387 loss_reg_months=3.7774 lr=0.00006975 grad_norm=1.6788 throughput=26.42 img/s eta_seconds=454.6 gpu_alloc=502.5MiB gpu_reserved=4420.0MiB skipped_batches=0
2026-08-15 11:29:54,340 | INFO | epoch=22 batch=75 global_step=7396 loss_reg_months=3.6980 lr=0.00006975 grad_norm=1.0050 throughput=29.49 img/s eta_seconds=397.1 gpu_alloc=389.2MiB gpu_reserved=4420.0MiB skipped_batches=0
2026-08-15 11:30:02,182 | INFO | epoch=22 batch=100 global_step=7404 loss_reg_months=3.8252 lr=0.00006975 grad_norm=1.8420 throughput=31.28 img/s eta_seconds=364.8 gpu_alloc=502.5MiB gpu_reserved=4420.0MiB skipped_batches=0
2026-08-15 11:30:09,981 | INFO | epoch=22 batch=125 global_step=7412 loss_reg_months=3.8716 lr=0.00006975 grad_norm=1.4708 throughput=32.50 img/s eta_seconds=341.9 gpu_alloc=502.5MiB gpu_reserved=4420.0MiB skipped_batches=0
2026-08-15 11:30:17,791 | INFO | epoch=22 batch=150 global_step=7421 loss_reg_months=3.9152 lr=0.00006975 grad_norm=2.0465 throughput=33.35 img/s eta_seconds=324.1 gpu_alloc=389.2MiB gpu_reserved=4420.0MiB skipped_batches=0
2026-08-15 11:30:25,548 | INFO | epoch=22 batch=175 global_step=7429 loss_reg_months=3.9437 lr=0.00006975 grad_norm=1.5581 throughput=34.02 img/s eta_seconds=308.9 gpu_alloc=502.5MiB gpu_reserved=4420.0MiB skipped_batches=0
2026-08-15 11:30:33,366 | INFO | epoch=22 batch=200 global_step=7437 loss_reg_months=3.9192 lr=0.00006975 grad_norm=1.9791 throughput=34.51 img/s eta_seconds=295.9 gpu_alloc=502.5MiB gpu_reserved=4420.0MiB skipped_batches=0
2026-08-15 11:30:41,208 | INFO | epoch=22 batch=225 global_step=7446 loss_reg_months=3.9032 lr=0.00006975 grad_norm=1.1970 throughput=34.89 img/s eta_seconds=284.1 gpu_alloc=389.2MiB gpu_reserved=4420.0MiB skipped_batches=0
2026-08-15 11:30:48,875 | INFO | epoch=22 batch=250 global_step=7454 loss_reg_months=3.8834 lr=0.00006975 grad_norm=1.3665 throughput=35.27 img/s eta_seconds=272.5 gpu_alloc=502.5MiB gpu_reserved=4420.0MiB skipped_batches=0
2026-08-15 11:30:56,863 | INFO | epoch=22 batch=275 global_step=7462 loss_reg_months=3.9094 lr=0.00006975 grad_norm=1.5510 throughput=35.47 img/s eta_seconds=262.5 gpu_alloc=502.5MiB gpu_reserved=4420.0MiB skipped_batches=0
2026-08-15 11:31:04,687 | INFO | epoch=22 batch=300 global_step=7471 loss_reg_months=3.8776 lr=0.00006975 grad_norm=1.4664 throughput=35.69 img/s eta_seconds=252.5 gpu_alloc=389.2MiB gpu_reserved=4420.0MiB skipped_batches=0
2026-08-15 11:31:12,455 | INFO | epoch=22 batch=325 global_step=7479 loss_reg_months=3.8632 lr=0.00006975 grad_norm=1.4585 throughput=35.90 img/s eta_seconds=242.6 gpu_alloc=502.5MiB gpu_reserved=4420.0MiB skipped_batches=0
2026-08-15 11:31:20,277 | INFO | epoch=22 batch=350 global_step=7487 loss_reg_months=3.8511 lr=0.00006975 grad_norm=1.5326 throughput=36.07 img/s eta_seconds=233.2 gpu_alloc=502.5MiB gpu_reserved=4420.0MiB skipped_batches=0
2026-08-15 11:31:28,015 | INFO | epoch=22 batch=375 global_step=7496 loss_reg_months=3.8149 lr=0.00006975 grad_norm=1.4953 throughput=36.23 img/s eta_seconds=223.8 gpu_alloc=389.2MiB gpu_reserved=4420.0MiB skipped_batches=0
2026-08-15 11:31:36,759 | INFO | epoch=22 batch=400 global_step=7504 loss_reg_months=3.8237 lr=0.00006975 grad_norm=1.8684 throughput=36.11 img/s eta_seconds=216.3 gpu_alloc=502.5MiB gpu_reserved=4420.0MiB skipped_batches=0
2026-08-15 11:31:44,601 | INFO | epoch=22 batch=425 global_step=7512 loss_reg_months=3.8172 lr=0.00006975 grad_norm=1.7445 throughput=36.23 img/s eta_seconds=207.3 gpu_alloc=502.5MiB gpu_reserved=4420.0MiB skipped_batches=0
2026-08-15 11:31:52,320 | INFO | epoch=22 batch=450 global_step=7521 loss_reg_months=3.8080 lr=0.00006975 grad_norm=1.5458 throughput=36.36 img/s eta_seconds=198.3 gpu_alloc=389.2MiB gpu_reserved=4420.0MiB skipped_batches=0
2026-08-15 11:32:00,101 | INFO | epoch=22 batch=475 global_step=7529 loss_reg_months=3.8080 lr=0.00006975 grad_norm=1.5525 throughput=36.47 img/s eta_seconds=189.5 gpu_alloc=502.5MiB gpu_reserved=4420.0MiB skipped_batches=0
2026-08-15 11:32:07,938 | INFO | epoch=22 batch=500 global_step=7537 loss_reg_months=3.8197 lr=0.00006975 grad_norm=1.8423 throughput=36.56 img/s eta_seconds=180.8 gpu_alloc=502.5MiB gpu_reserved=4420.0MiB skipped_batches=0
2026-08-15 11:32:15,652 | INFO | epoch=22 batch=525 global_step=7546 loss_reg_months=3.8019 lr=0.00006975 grad_norm=1.3887 throughput=36.66 img/s eta_seconds=172.1 gpu_alloc=389.2MiB gpu_reserved=4420.0MiB skipped_batches=0
2026-08-15 11:32:23,629 | INFO | epoch=22 batch=550 global_step=7554 loss_reg_months=3.7868 lr=0.00006975 grad_norm=1.1473 throughput=36.71 img/s eta_seconds=163.8 gpu_alloc=502.5MiB gpu_reserved=4420.0MiB skipped_batches=0
2026-08-15 11:32:31,365 | INFO | epoch=22 batch=575 global_step=7562 loss_reg_months=3.7747 lr=0.00006975 grad_norm=2.3405 throughput=36.79 img/s eta_seconds=155.2 gpu_alloc=502.5MiB gpu_reserved=4420.0MiB skipped_batches=0
2026-08-15 11:32:39,125 | INFO | epoch=22 batch=600 global_step=7571 loss_reg_months=3.7777 lr=0.00006975 grad_norm=1.4029 throughput=36.87 img/s eta_seconds=146.8 gpu_alloc=389.2MiB gpu_reserved=4420.0MiB skipped_batches=0
2026-08-15 11:32:46,962 | INFO | epoch=22 batch=625 global_step=7579 loss_reg_months=3.7790 lr=0.00006975 grad_norm=1.2638 throughput=36.92 img/s eta_seconds=138.4 gpu_alloc=502.5MiB gpu_reserved=4420.0MiB skipped_batches=0
2026-08-15 11:32:54,631 | INFO | epoch=22 batch=650 global_step=7587 loss_reg_months=3.7936 lr=0.00006975 grad_norm=1.0661 throughput=37.00 img/s eta_seconds=130.0 gpu_alloc=502.5MiB gpu_reserved=4420.0MiB skipped_batches=0
2026-08-15 11:33:02,456 | INFO | epoch=22 batch=675 global_step=7596 loss_reg_months=3.8059 lr=0.00006975 grad_norm=2.1772 throughput=37.05 img/s eta_seconds=121.8 gpu_alloc=389.2MiB gpu_reserved=4420.0MiB skipped_batches=0
2026-08-15 11:33:10,152 | INFO | epoch=22 batch=700 global_step=7604 loss_reg_months=3.8311 lr=0.00006975 grad_norm=1.5214 throughput=37.11 img/s eta_seconds=113.5 gpu_alloc=502.5MiB gpu_reserved=4420.0MiB skipped_batches=0
2026-08-15 11:33:18,013 | INFO | epoch=22 batch=725 global_step=7612 loss_reg_months=3.8483 lr=0.00006975 grad_norm=2.0211 throughput=37.15 img/s eta_seconds=105.3 gpu_alloc=502.5MiB gpu_reserved=4420.0MiB skipped_batches=0
2026-08-15 11:33:25,721 | INFO | epoch=22 batch=750 global_step=7621 loss_reg_months=3.8434 lr=0.00006975 grad_norm=1.4872 throughput=37.21 img/s eta_seconds=97.1 gpu_alloc=389.2MiB gpu_reserved=4420.0MiB skipped_batches=0
2026-08-15 11:33:33,526 | INFO | epoch=22 batch=775 global_step=7629 loss_reg_months=3.8291 lr=0.00006975 grad_norm=2.3873 throughput=37.24 img/s eta_seconds=88.9 gpu_alloc=502.5MiB gpu_reserved=4420.0MiB skipped_batches=0
2026-08-15 11:33:41,207 | INFO | epoch=22 batch=800 global_step=7637 loss_reg_months=3.8390 lr=0.00006975 grad_norm=1.2178 throughput=37.30 img/s eta_seconds=80.7 gpu_alloc=502.5MiB gpu_reserved=4420.0MiB skipped_batches=0
2026-08-15 11:33:49,000 | INFO | epoch=22 batch=825 global_step=7646 loss_reg_months=3.8279 lr=0.00006975 grad_norm=1.3644 throughput=37.33 img/s eta_seconds=72.6 gpu_alloc=389.2MiB gpu_reserved=4420.0MiB skipped_batches=0
2026-08-15 11:33:56,674 | INFO | epoch=22 batch=850 global_step=7654 loss_reg_months=3.8278 lr=0.00006975 grad_norm=1.1180 throughput=37.38 img/s eta_seconds=64.5 gpu_alloc=502.5MiB gpu_reserved=4420.0MiB skipped_batches=0
2026-08-15 11:34:04,442 | INFO | epoch=22 batch=875 global_step=7662 loss_reg_months=3.8216 lr=0.00006975 grad_norm=1.7489 throughput=37.42 img/s eta_seconds=56.4 gpu_alloc=502.5MiB gpu_reserved=4420.0MiB skipped_batches=0
2026-08-15 11:34:12,234 | INFO | epoch=22 batch=900 global_step=7671 loss_reg_months=3.8215 lr=0.00006975 grad_norm=1.2503 throughput=37.45 img/s eta_seconds=48.4 gpu_alloc=389.2MiB gpu_reserved=4420.0MiB skipped_batches=0
2026-08-15 11:34:20,000 | INFO | epoch=22 batch=925 global_step=7679 loss_reg_months=3.8227 lr=0.00006975 grad_norm=1.1933 throughput=37.48 img/s eta_seconds=40.3 gpu_alloc=502.5MiB gpu_reserved=4420.0MiB skipped_batches=0
2026-08-15 11:34:27,701 | INFO | epoch=22 batch=950 global_step=7687 loss_reg_months=3.8254 lr=0.00006975 grad_norm=2.0676 throughput=37.52 img/s eta_seconds=32.3 gpu_alloc=502.5MiB gpu_reserved=4420.0MiB skipped_batches=0
2026-08-15 11:34:35,507 | INFO | epoch=22 batch=975 global_step=7696 loss_reg_months=3.8368 lr=0.00006975 grad_norm=1.2991 throughput=37.54 img/s eta_seconds=24.3 gpu_alloc=389.2MiB gpu_reserved=4420.0MiB skipped_batches=0
2026-08-15 11:34:43,343 | INFO | epoch=22 batch=1000 global_step=7704 loss_reg_months=3.8304 lr=0.00006975 grad_norm=1.8455 throughput=37.56 img/s eta_seconds=16.3 gpu_alloc=502.5MiB gpu_reserved=4420.0MiB skipped_batches=0
2026-08-15 11:34:51,096 | INFO | epoch=22 batch=1025 global_step=7712 loss_reg_months=3.8420 lr=0.00006975 grad_norm=2.0939 throughput=37.58 img/s eta_seconds=8.3 gpu_alloc=502.5MiB gpu_reserved=4420.0MiB skipped_batches=0
2026-08-15 11:34:58,787 | INFO | epoch=22 batch=1050 global_step=7721 loss_reg_months=3.8436 lr=0.00006975 grad_norm=1.7803 throughput=37.62 img/s eta_seconds=0.3 gpu_alloc=389.2MiB gpu_reserved=4420.0MiB skipped_batches=0
2026-08-15 11:35:25,444 | WARNING | STABILITY WARNING [CAM] Prediction vượt nhẹ miền tuổi 0–228: [8.31, 239.00]
2026-08-15 11:35:25,445 | WARNING | STABILITY WARNING [CAM] Validation MAE xấu đi trong khi train loss giảm
2026-08-15 11:35:25,446 | INFO | 
TRAINING REVIEW SNAPSHOT
Run ID / config hash / split hash: P4_D2_CONVNEXT_TINY_MULTISCALE_SEED42 / e3308f702cfc / 7328667e6822+f650a20432b5
Epoch / global step: 22 / 7722
Train loss: 3.8428
Validation MAE / RMSE / median AE: 6.6774 / 8.9576 / 5.0000
MAE nam / nữ / age bins: {'F': 6.875479294478527, 'M': 6.510268434670117} / {'0-59': 6.066489361702128, '120-179': 6.585290482076638, '60-119': 7.442893401015229, '180-228': 5.3515625}
Learning rate / peak VRAM: 0.00006975 / 4420.0 MiB
Best epoch / best MAE / epochs không cải thiện: 14 / 6.2970 / 8
Cảnh báo hiện tại: CAM: Prediction vượt nhẹ miền tuổi 0–228: [8.31, 239.00] | CAM: Validation MAE xấu đi trong khi train loss giảm
Checkpoint gần nhất: p1_baseline\runs\P4_D2_CONVNEXT_TINY_MULTISCALE_SEED42\last.ckpt
Checkpoint tốt nhất: p1_baseline\runs\P4_D2_CONVNEXT_TINY_MULTISCALE_SEED42\best_mae.ckpt
Đề xuất tự động: THEO DÕI
2026-08-15 11:35:28,421 | WARNING | STABILITY WARNING [CAM] Early stopping patience=8
RUN STATUS: early_stopped
