2026-08-15 06:16:42,038 | INFO | Run=P4_D1_CONVNEXTV2_TINY_FCMAE_IN1K_B6A6_SEED42 device=cuda config_hash=4a32683c6d2662db93ca86ca16a237f67cde7975fd608e6afa6d48ff6460191a
2026-08-15 06:16:42,040 | INFO | Split hash train=7328667e6822ab074d442155e33eba89606861bb13bbf804be8a1138c78f5285 validation=f650a20432b557405035d12c52716a6c40fdf20e1343ac3ad0cfb7cd8db21631
RESUME CHECK
Run ID: P4_D1_CONVNEXTV2_TINY_FCMAE_IN1K_B6A6_SEED42
Checkpoint path: p1_baseline\runs\P4_D1_CONVNEXTV2_TINY_FCMAE_IN1K_B6A6_SEED42\last.ckpt
Epoch/global step tiếp tục: 0/2
Best validation MAE trước đó: inf
Split hash khớp: CÓ
Config hash khớp: CÓ
Code version khớp: CÓ
Optimizer/scheduler/scaler đã phục hồi: CÓ
2026-08-15 06:16:55,039 | INFO | epoch=1 batch=25 global_step=4 loss_reg_months=32.9405 lr=0.00020000 grad_norm=18.5564 throughput=11.75 img/s eta_seconds=1060.2 gpu_alloc=467.0MiB gpu_reserved=4078.0MiB skipped_batches=0
2026-08-15 06:17:04,411 | INFO | epoch=1 batch=50 global_step=8 loss_reg_months=30.9455 lr=0.00020000 grad_norm=38.7281 throughput=13.55 img/s eta_seconds=908.3 gpu_alloc=467.0MiB gpu_reserved=4078.0MiB skipped_batches=0
2026-08-15 06:17:13,736 | INFO | epoch=1 batch=75 global_step=12 loss_reg_months=27.9585 lr=0.00020000 grad_norm=36.3827 throughput=14.30 img/s eta_seconds=850.2 gpu_alloc=467.0MiB gpu_reserved=4078.0MiB skipped_batches=0
2026-08-15 06:17:23,050 | INFO | epoch=1 batch=100 global_step=16 loss_reg_months=27.5000 lr=0.00020000 grad_norm=29.8296 throughput=14.72 img/s eta_seconds=816.2 gpu_alloc=467.0MiB gpu_reserved=4078.0MiB skipped_batches=0
2026-08-15 06:17:32,480 | INFO | epoch=1 batch=125 global_step=20 loss_reg_months=26.1462 lr=0.00020000 grad_norm=9.9666 throughput=14.94 img/s eta_seconds=794.0 gpu_alloc=467.0MiB gpu_reserved=4078.0MiB skipped_batches=0
2026-08-15 06:17:41,863 | INFO | epoch=1 batch=150 global_step=25 loss_reg_months=25.0594 lr=0.00020000 grad_norm=10.2844 throughput=15.10 img/s eta_seconds=775.4 gpu_alloc=358.2MiB gpu_reserved=4078.0MiB skipped_batches=0
2026-08-15 06:17:51,199 | INFO | epoch=1 batch=175 global_step=29 loss_reg_months=24.1563 lr=0.00020000 grad_norm=7.7091 throughput=15.23 img/s eta_seconds=758.9 gpu_alloc=467.0MiB gpu_reserved=4078.0MiB skipped_batches=0
2026-08-15 06:18:00,577 | INFO | epoch=1 batch=200 global_step=33 loss_reg_months=24.1041 lr=0.00020000 grad_norm=24.1300 throughput=15.33 img/s eta_seconds=744.6 gpu_alloc=467.0MiB gpu_reserved=4078.0MiB skipped_batches=0
2026-08-15 06:18:09,943 | INFO | epoch=1 batch=225 global_step=37 loss_reg_months=24.8531 lr=0.00020000 grad_norm=0.6550 throughput=15.40 img/s eta_seconds=731.3 gpu_alloc=467.0MiB gpu_reserved=4078.0MiB skipped_batches=0
2026-08-15 06:18:19,204 | INFO | epoch=1 batch=250 global_step=41 loss_reg_months=25.6244 lr=0.00020000 grad_norm=2.0207 throughput=15.48 img/s eta_seconds=718.0 gpu_alloc=467.0MiB gpu_reserved=4078.0MiB skipped_batches=0
2026-08-15 06:18:28,331 | INFO | epoch=1 batch=275 global_step=45 loss_reg_months=26.0611 lr=0.00020000 grad_norm=2.4411 throughput=15.56 img/s eta_seconds=704.5 gpu_alloc=467.0MiB gpu_reserved=4078.0MiB skipped_batches=0
2026-08-15 06:18:37,445 | INFO | epoch=1 batch=300 global_step=50 loss_reg_months=26.5651 lr=0.00020000 grad_norm=2.0810 throughput=15.63 img/s eta_seconds=691.7 gpu_alloc=358.2MiB gpu_reserved=4078.0MiB skipped_batches=0
2026-08-15 06:18:46,441 | INFO | epoch=1 batch=325 global_step=54 loss_reg_months=26.9702 lr=0.00020000 grad_norm=1.8834 throughput=15.70 img/s eta_seconds=678.8 gpu_alloc=467.0MiB gpu_reserved=4078.0MiB skipped_batches=0
2026-08-15 06:18:55,429 | INFO | epoch=1 batch=350 global_step=58 loss_reg_months=27.2523 lr=0.00020000 grad_norm=0.9970 throughput=15.77 img/s eta_seconds=666.5 gpu_alloc=467.0MiB gpu_reserved=4078.0MiB skipped_batches=0
2026-08-15 06:19:04,436 | INFO | epoch=1 batch=375 global_step=62 loss_reg_months=27.8287 lr=0.00020000 grad_norm=1.0887 throughput=15.83 img/s eta_seconds=654.6 gpu_alloc=467.0MiB gpu_reserved=4078.0MiB skipped_batches=0
2026-08-15 06:19:13,450 | INFO | epoch=1 batch=400 global_step=66 loss_reg_months=28.0474 lr=0.00020000 grad_norm=0.8122 throughput=15.88 img/s eta_seconds=643.2 gpu_alloc=467.0MiB gpu_reserved=4078.0MiB skipped_batches=0
2026-08-15 06:19:22,460 | INFO | epoch=1 batch=425 global_step=70 loss_reg_months=28.0695 lr=0.00020000 grad_norm=0.6836 throughput=15.92 img/s eta_seconds=632.0 gpu_alloc=467.0MiB gpu_reserved=4078.0MiB skipped_batches=0
2026-08-15 06:19:31,479 | INFO | epoch=1 batch=450 global_step=75 loss_reg_months=27.8864 lr=0.00020000 grad_norm=0.6954 throughput=15.96 img/s eta_seconds=621.1 gpu_alloc=358.2MiB gpu_reserved=4078.0MiB skipped_batches=0
2026-08-15 06:19:40,481 | INFO | epoch=1 batch=475 global_step=79 loss_reg_months=28.0610 lr=0.00020000 grad_norm=0.2640 throughput=15.99 img/s eta_seconds=610.3 gpu_alloc=467.0MiB gpu_reserved=4078.0MiB skipped_batches=0
2026-08-15 06:19:49,495 | INFO | epoch=1 batch=500 global_step=83 loss_reg_months=28.0771 lr=0.00020000 grad_norm=0.9285 throughput=16.02 img/s eta_seconds=599.8 gpu_alloc=467.0MiB gpu_reserved=4078.0MiB skipped_batches=0
2026-08-15 06:19:58,494 | INFO | epoch=1 batch=525 global_step=87 loss_reg_months=28.2241 lr=0.00020000 grad_norm=0.2355 throughput=16.05 img/s eta_seconds=589.3 gpu_alloc=467.0MiB gpu_reserved=4078.0MiB skipped_batches=0
2026-08-15 06:20:07,496 | INFO | epoch=1 batch=550 global_step=91 loss_reg_months=28.3987 lr=0.00020000 grad_norm=0.2215 throughput=16.08 img/s eta_seconds=579.0 gpu_alloc=467.0MiB gpu_reserved=4078.0MiB skipped_batches=0
2026-08-15 06:20:16,493 | INFO | epoch=1 batch=575 global_step=95 loss_reg_months=28.6263 lr=0.00020000 grad_norm=0.3275 throughput=16.11 img/s eta_seconds=568.8 gpu_alloc=467.0MiB gpu_reserved=4078.0MiB skipped_batches=0
2026-08-15 06:20:25,503 | INFO | epoch=1 batch=600 global_step=100 loss_reg_months=28.7032 lr=0.00020000 grad_norm=1.1515 throughput=16.13 img/s eta_seconds=558.7 gpu_alloc=358.2MiB gpu_reserved=4078.0MiB skipped_batches=0
2026-08-15 06:20:34,504 | INFO | epoch=1 batch=625 global_step=104 loss_reg_months=28.6259 lr=0.00020000 grad_norm=0.3583 throughput=16.15 img/s eta_seconds=548.7 gpu_alloc=467.0MiB gpu_reserved=4078.0MiB skipped_batches=0
2026-08-15 06:20:43,501 | INFO | epoch=1 batch=650 global_step=108 loss_reg_months=28.8245 lr=0.00020000 grad_norm=1.0512 throughput=16.17 img/s eta_seconds=538.8 gpu_alloc=467.0MiB gpu_reserved=4078.0MiB skipped_batches=0
2026-08-15 06:20:52,509 | INFO | epoch=1 batch=675 global_step=112 loss_reg_months=28.8812 lr=0.00020000 grad_norm=0.3128 throughput=16.18 img/s eta_seconds=528.9 gpu_alloc=467.0MiB gpu_reserved=4078.0MiB skipped_batches=0
2026-08-15 06:21:01,506 | INFO | epoch=1 batch=700 global_step=116 loss_reg_months=28.9431 lr=0.00020000 grad_norm=0.3538 throughput=16.20 img/s eta_seconds=519.1 gpu_alloc=467.0MiB gpu_reserved=4078.0MiB skipped_batches=0
2026-08-15 06:21:10,504 | INFO | epoch=1 batch=725 global_step=120 loss_reg_months=29.0982 lr=0.00020000 grad_norm=0.9302 throughput=16.22 img/s eta_seconds=509.4 gpu_alloc=467.0MiB gpu_reserved=4078.0MiB skipped_batches=0
2026-08-15 06:21:19,530 | INFO | epoch=1 batch=750 global_step=125 loss_reg_months=29.1851 lr=0.00020000 grad_norm=0.3300 throughput=16.23 img/s eta_seconds=499.7 gpu_alloc=358.2MiB gpu_reserved=4078.0MiB skipped_batches=0
2026-08-15 06:21:28,530 | INFO | epoch=1 batch=775 global_step=129 loss_reg_months=29.2307 lr=0.00020000 grad_norm=0.2533 throughput=16.24 img/s eta_seconds=490.1 gpu_alloc=467.0MiB gpu_reserved=4078.0MiB skipped_batches=0
2026-08-15 06:21:37,528 | INFO | epoch=1 batch=800 global_step=133 loss_reg_months=29.3823 lr=0.00020000 grad_norm=0.2654 throughput=16.26 img/s eta_seconds=480.5 gpu_alloc=467.0MiB gpu_reserved=4078.0MiB skipped_batches=0
2026-08-15 06:21:46,532 | INFO | epoch=1 batch=825 global_step=137 loss_reg_months=29.4312 lr=0.00020000 grad_norm=0.6126 throughput=16.27 img/s eta_seconds=470.9 gpu_alloc=467.0MiB gpu_reserved=4078.0MiB skipped_batches=0
2026-08-15 06:21:55,526 | INFO | epoch=1 batch=850 global_step=141 loss_reg_months=29.3912 lr=0.00020000 grad_norm=0.1942 throughput=16.28 img/s eta_seconds=461.3 gpu_alloc=467.0MiB gpu_reserved=4078.0MiB skipped_batches=0
2026-08-15 06:22:04,524 | INFO | epoch=1 batch=875 global_step=145 loss_reg_months=29.4327 lr=0.00020000 grad_norm=0.6621 throughput=16.29 img/s eta_seconds=451.8 gpu_alloc=467.0MiB gpu_reserved=4078.0MiB skipped_batches=0
2026-08-15 06:22:13,535 | INFO | epoch=1 batch=900 global_step=150 loss_reg_months=29.4864 lr=0.00020000 grad_norm=0.2931 throughput=16.30 img/s eta_seconds=442.4 gpu_alloc=358.2MiB gpu_reserved=4078.0MiB skipped_batches=0
2026-08-15 06:22:22,539 | INFO | epoch=1 batch=925 global_step=154 loss_reg_months=29.4809 lr=0.00020000 grad_norm=0.4479 throughput=16.31 img/s eta_seconds=432.9 gpu_alloc=467.0MiB gpu_reserved=4078.0MiB skipped_batches=0
2026-08-15 06:22:31,526 | INFO | epoch=1 batch=950 global_step=158 loss_reg_months=29.4370 lr=0.00020000 grad_norm=0.3841 throughput=16.32 img/s eta_seconds=423.4 gpu_alloc=467.0MiB gpu_reserved=4078.0MiB skipped_batches=0
2026-08-15 06:22:40,528 | INFO | epoch=1 batch=975 global_step=162 loss_reg_months=29.5196 lr=0.00020000 grad_norm=0.3243 throughput=16.33 img/s eta_seconds=414.0 gpu_alloc=467.0MiB gpu_reserved=4078.0MiB skipped_batches=0
2026-08-15 06:22:49,518 | INFO | epoch=1 batch=1000 global_step=166 loss_reg_months=29.4957 lr=0.00020000 grad_norm=0.1951 throughput=16.34 img/s eta_seconds=404.6 gpu_alloc=467.0MiB gpu_reserved=4078.0MiB skipped_batches=0
2026-08-15 06:22:58,510 | INFO | epoch=1 batch=1025 global_step=170 loss_reg_months=29.5252 lr=0.00020000 grad_norm=0.7974 throughput=16.35 img/s eta_seconds=395.3 gpu_alloc=467.0MiB gpu_reserved=4078.0MiB skipped_batches=0
2026-08-15 06:23:07,538 | INFO | epoch=1 batch=1050 global_step=175 loss_reg_months=29.5464 lr=0.00020000 grad_norm=0.4062 throughput=16.35 img/s eta_seconds=385.9 gpu_alloc=358.2MiB gpu_reserved=4078.0MiB skipped_batches=0
2026-08-15 06:23:16,539 | INFO | epoch=1 batch=1075 global_step=179 loss_reg_months=29.5862 lr=0.00020000 grad_norm=0.6815 throughput=16.36 img/s eta_seconds=376.6 gpu_alloc=467.0MiB gpu_reserved=4078.0MiB skipped_batches=0
2026-08-15 06:23:25,548 | INFO | epoch=1 batch=1100 global_step=183 loss_reg_months=29.7023 lr=0.00020000 grad_norm=0.7176 throughput=16.37 img/s eta_seconds=367.3 gpu_alloc=467.0MiB gpu_reserved=4078.0MiB skipped_batches=0
2026-08-15 06:23:34,552 | INFO | epoch=1 batch=1125 global_step=187 loss_reg_months=29.7130 lr=0.00020000 grad_norm=0.1877 throughput=16.37 img/s eta_seconds=358.0 gpu_alloc=467.0MiB gpu_reserved=4078.0MiB skipped_batches=0
2026-08-15 06:23:43,566 | INFO | epoch=1 batch=1150 global_step=191 loss_reg_months=29.8020 lr=0.00020000 grad_norm=0.2845 throughput=16.38 img/s eta_seconds=348.7 gpu_alloc=467.0MiB gpu_reserved=4078.0MiB skipped_batches=0
2026-08-15 06:23:52,574 | INFO | epoch=1 batch=1175 global_step=195 loss_reg_months=29.8234 lr=0.00020000 grad_norm=0.5099 throughput=16.38 img/s eta_seconds=339.4 gpu_alloc=467.0MiB gpu_reserved=4078.0MiB skipped_batches=0
2026-08-15 06:24:01,595 | INFO | epoch=1 batch=1200 global_step=200 loss_reg_months=29.8452 lr=0.00020000 grad_norm=0.2668 throughput=16.39 img/s eta_seconds=330.2 gpu_alloc=358.2MiB gpu_reserved=4078.0MiB skipped_batches=0
2026-08-15 06:24:10,605 | INFO | epoch=1 batch=1225 global_step=204 loss_reg_months=29.9278 lr=0.00020000 grad_norm=0.4243 throughput=16.39 img/s eta_seconds=320.9 gpu_alloc=467.0MiB gpu_reserved=4078.0MiB skipped_batches=0
2026-08-15 06:24:19,610 | INFO | epoch=1 batch=1250 global_step=208 loss_reg_months=29.9242 lr=0.00020000 grad_norm=0.2242 throughput=16.40 img/s eta_seconds=311.7 gpu_alloc=467.0MiB gpu_reserved=4078.0MiB skipped_batches=0
2026-08-15 06:24:28,608 | INFO | epoch=1 batch=1275 global_step=212 loss_reg_months=29.9474 lr=0.00020000 grad_norm=0.5792 throughput=16.40 img/s eta_seconds=302.4 gpu_alloc=467.0MiB gpu_reserved=4078.0MiB skipped_batches=0
2026-08-15 06:24:37,614 | INFO | epoch=1 batch=1300 global_step=216 loss_reg_months=30.0043 lr=0.00020000 grad_norm=0.1769 throughput=16.41 img/s eta_seconds=293.2 gpu_alloc=467.0MiB gpu_reserved=4078.0MiB skipped_batches=0
2026-08-15 06:24:46,615 | INFO | epoch=1 batch=1325 global_step=220 loss_reg_months=29.9739 lr=0.00020000 grad_norm=0.2118 throughput=16.41 img/s eta_seconds=284.0 gpu_alloc=467.0MiB gpu_reserved=4078.0MiB skipped_batches=0
2026-08-15 06:24:55,639 | INFO | epoch=1 batch=1350 global_step=225 loss_reg_months=29.9951 lr=0.00020000 grad_norm=0.3627 throughput=16.42 img/s eta_seconds=274.8 gpu_alloc=358.2MiB gpu_reserved=4078.0MiB skipped_batches=0
2026-08-15 06:25:04,644 | INFO | epoch=1 batch=1375 global_step=229 loss_reg_months=30.0007 lr=0.00020000 grad_norm=0.4637 throughput=16.42 img/s eta_seconds=265.6 gpu_alloc=467.0MiB gpu_reserved=4078.0MiB skipped_batches=0
2026-08-15 06:25:13,643 | INFO | epoch=1 batch=1400 global_step=233 loss_reg_months=29.9836 lr=0.00020000 grad_norm=0.2703 throughput=16.43 img/s eta_seconds=256.4 gpu_alloc=467.0MiB gpu_reserved=4078.0MiB skipped_batches=0
2026-08-15 06:25:22,644 | INFO | epoch=1 batch=1425 global_step=237 loss_reg_months=30.0594 lr=0.00020000 grad_norm=0.2808 throughput=16.43 img/s eta_seconds=247.2 gpu_alloc=467.0MiB gpu_reserved=4078.0MiB skipped_batches=0
2026-08-15 06:25:31,642 | INFO | epoch=1 batch=1450 global_step=241 loss_reg_months=30.0341 lr=0.00020000 grad_norm=0.2173 throughput=16.43 img/s eta_seconds=238.0 gpu_alloc=467.0MiB gpu_reserved=4078.0MiB skipped_batches=0
2026-08-15 06:25:40,633 | INFO | epoch=1 batch=1475 global_step=245 loss_reg_months=30.0078 lr=0.00020000 grad_norm=0.5559 throughput=16.44 img/s eta_seconds=228.8 gpu_alloc=467.0MiB gpu_reserved=4078.0MiB skipped_batches=0
2026-08-15 06:25:49,655 | INFO | epoch=1 batch=1500 global_step=250 loss_reg_months=30.0305 lr=0.00020000 grad_norm=0.2566 throughput=16.44 img/s eta_seconds=219.6 gpu_alloc=358.2MiB gpu_reserved=4078.0MiB skipped_batches=0
2026-08-15 06:25:58,648 | INFO | epoch=1 batch=1525 global_step=254 loss_reg_months=30.0601 lr=0.00020000 grad_norm=0.6175 throughput=16.45 img/s eta_seconds=210.4 gpu_alloc=467.0MiB gpu_reserved=4078.0MiB skipped_batches=0
2026-08-15 06:26:07,643 | INFO | epoch=1 batch=1550 global_step=258 loss_reg_months=30.0681 lr=0.00020000 grad_norm=0.2028 throughput=16.45 img/s eta_seconds=201.3 gpu_alloc=467.0MiB gpu_reserved=4078.0MiB skipped_batches=0
2026-08-15 06:26:16,638 | INFO | epoch=1 batch=1575 global_step=262 loss_reg_months=30.0517 lr=0.00020000 grad_norm=0.3084 throughput=16.45 img/s eta_seconds=192.1 gpu_alloc=467.0MiB gpu_reserved=4078.0MiB skipped_batches=0
2026-08-15 06:26:25,632 | INFO | epoch=1 batch=1600 global_step=266 loss_reg_months=30.0291 lr=0.00020000 grad_norm=0.3967 throughput=16.46 img/s eta_seconds=183.0 gpu_alloc=467.0MiB gpu_reserved=4078.0MiB skipped_batches=0
2026-08-15 06:26:34,628 | INFO | epoch=1 batch=1625 global_step=270 loss_reg_months=30.0114 lr=0.00020000 grad_norm=0.6421 throughput=16.46 img/s eta_seconds=173.8 gpu_alloc=467.0MiB gpu_reserved=4078.0MiB skipped_batches=0
2026-08-15 06:26:43,651 | INFO | epoch=1 batch=1650 global_step=275 loss_reg_months=30.0215 lr=0.00020000 grad_norm=0.4076 throughput=16.46 img/s eta_seconds=164.7 gpu_alloc=358.2MiB gpu_reserved=4078.0MiB skipped_batches=0
2026-08-15 06:26:52,650 | INFO | epoch=1 batch=1675 global_step=279 loss_reg_months=30.0010 lr=0.00020000 grad_norm=0.4171 throughput=16.47 img/s eta_seconds=155.5 gpu_alloc=467.0MiB gpu_reserved=4078.0MiB skipped_batches=0
2026-08-15 06:27:01,653 | INFO | epoch=1 batch=1700 global_step=283 loss_reg_months=30.0210 lr=0.00020000 grad_norm=0.3177 throughput=16.47 img/s eta_seconds=146.4 gpu_alloc=467.0MiB gpu_reserved=4078.0MiB skipped_batches=0
2026-08-15 06:27:10,661 | INFO | epoch=1 batch=1725 global_step=287 loss_reg_months=30.0190 lr=0.00020000 grad_norm=0.3888 throughput=16.47 img/s eta_seconds=137.3 gpu_alloc=467.0MiB gpu_reserved=4078.0MiB skipped_batches=0
2026-08-15 06:27:19,662 | INFO | epoch=1 batch=1750 global_step=291 loss_reg_months=30.0230 lr=0.00020000 grad_norm=0.5037 throughput=16.47 img/s eta_seconds=128.1 gpu_alloc=467.0MiB gpu_reserved=4078.0MiB skipped_batches=0
2026-08-15 06:27:28,671 | INFO | epoch=1 batch=1775 global_step=295 loss_reg_months=30.0430 lr=0.00020000 grad_norm=0.3712 throughput=16.48 img/s eta_seconds=119.0 gpu_alloc=467.0MiB gpu_reserved=4078.0MiB skipped_batches=0
2026-08-15 06:27:37,689 | INFO | epoch=1 batch=1800 global_step=300 loss_reg_months=30.0488 lr=0.00020000 grad_norm=0.1925 throughput=16.48 img/s eta_seconds=109.9 gpu_alloc=358.2MiB gpu_reserved=4078.0MiB skipped_batches=0
2026-08-15 06:27:46,700 | INFO | epoch=1 batch=1825 global_step=304 loss_reg_months=30.0960 lr=0.00020000 grad_norm=0.1936 throughput=16.48 img/s eta_seconds=100.8 gpu_alloc=467.0MiB gpu_reserved=4078.0MiB skipped_batches=0
2026-08-15 06:27:55,703 | INFO | epoch=1 batch=1850 global_step=308 loss_reg_months=30.0873 lr=0.00020000 grad_norm=0.3332 throughput=16.48 img/s eta_seconds=91.7 gpu_alloc=467.0MiB gpu_reserved=4078.0MiB skipped_batches=0
2026-08-15 06:28:04,711 | INFO | epoch=1 batch=1875 global_step=312 loss_reg_months=30.1025 lr=0.00020000 grad_norm=0.3194 throughput=16.49 img/s eta_seconds=82.6 gpu_alloc=467.0MiB gpu_reserved=4078.0MiB skipped_batches=0
2026-08-15 06:28:13,721 | INFO | epoch=1 batch=1900 global_step=316 loss_reg_months=30.1236 lr=0.00020000 grad_norm=0.2436 throughput=16.49 img/s eta_seconds=73.5 gpu_alloc=467.0MiB gpu_reserved=4078.0MiB skipped_batches=0
2026-08-15 06:28:22,723 | INFO | epoch=1 batch=1925 global_step=320 loss_reg_months=30.1104 lr=0.00020000 grad_norm=0.2832 throughput=16.49 img/s eta_seconds=64.3 gpu_alloc=467.0MiB gpu_reserved=4078.0MiB skipped_batches=0
2026-08-15 06:28:31,744 | INFO | epoch=1 batch=1950 global_step=325 loss_reg_months=30.0975 lr=0.00020000 grad_norm=0.6005 throughput=16.49 img/s eta_seconds=55.2 gpu_alloc=358.2MiB gpu_reserved=4078.0MiB skipped_batches=0
2026-08-15 06:28:40,751 | INFO | epoch=1 batch=1975 global_step=329 loss_reg_months=30.1009 lr=0.00020000 grad_norm=0.2114 throughput=16.49 img/s eta_seconds=46.1 gpu_alloc=467.0MiB gpu_reserved=4078.0MiB skipped_batches=0
2026-08-15 06:28:49,761 | INFO | epoch=1 batch=2000 global_step=333 loss_reg_months=30.1022 lr=0.00020000 grad_norm=0.2804 throughput=16.50 img/s eta_seconds=37.0 gpu_alloc=467.0MiB gpu_reserved=4078.0MiB skipped_batches=0
2026-08-15 06:28:58,771 | INFO | epoch=1 batch=2025 global_step=337 loss_reg_months=30.0850 lr=0.00020000 grad_norm=0.6723 throughput=16.50 img/s eta_seconds=27.9 gpu_alloc=467.0MiB gpu_reserved=4078.0MiB skipped_batches=0
2026-08-15 06:29:07,773 | INFO | epoch=1 batch=2050 global_step=341 loss_reg_months=30.1132 lr=0.00020000 grad_norm=0.4525 throughput=16.50 img/s eta_seconds=18.8 gpu_alloc=467.0MiB gpu_reserved=4078.0MiB skipped_batches=0
2026-08-15 06:29:16,772 | INFO | epoch=1 batch=2075 global_step=345 loss_reg_months=30.1084 lr=0.00020000 grad_norm=0.5994 throughput=16.50 img/s eta_seconds=9.8 gpu_alloc=467.0MiB gpu_reserved=4078.0MiB skipped_batches=0
2026-08-15 06:29:25,790 | INFO | epoch=1 batch=2100 global_step=350 loss_reg_months=30.1409 lr=0.00020000 grad_norm=0.1647 throughput=16.50 img/s eta_seconds=0.7 gpu_alloc=358.2MiB gpu_reserved=4078.0MiB skipped_batches=0
2026-08-15 06:30:02,428 | INFO | 
TRAINING REVIEW SNAPSHOT
Run ID / config hash / split hash: P4_D1_CONVNEXTV2_TINY_FCMAE_IN1K_B6A6_SEED42 / 4a32683c6d26 / 7328667e6822+f650a20432b5
Epoch / global step: 1 / 351
Train loss: 30.1434
Validation MAE / RMSE / median AE: 32.1088 / 41.8850 / 22.0000
MAE nam / nữ / age bins: {'F': 31.191717791411044, 'M': 32.88227684346701} / {'0-59': 98.04255319148936, '120-179': 15.273176761433868, '60-119': 44.31345177664975, '180-228': 52.52734375}
Learning rate / peak VRAM: 0.00020000 / 4078.0 MiB
Best epoch / best MAE / epochs không cải thiện: 1 / 32.1088 / 0
Cảnh báo hiện tại: KHÔNG
Checkpoint gần nhất: p1_baseline\runs\P4_D1_CONVNEXTV2_TINY_FCMAE_IN1K_B6A6_SEED42\last.ckpt
Checkpoint tốt nhất: p1_baseline\runs\P4_D1_CONVNEXTV2_TINY_FCMAE_IN1K_B6A6_SEED42\best_mae.ckpt
Đề xuất tự động: TIẾP TỤC
2026-08-15 06:30:19,853 | INFO | epoch=2 batch=25 global_step=355 loss_reg_months=32.1318 lr=0.00019960 grad_norm=0.7163 throughput=9.61 img/s eta_seconds=1296.6 gpu_alloc=467.0MiB gpu_reserved=4078.0MiB skipped_batches=0
2026-08-15 06:30:28,825 | INFO | epoch=2 batch=50 global_step=359 loss_reg_months=32.5133 lr=0.00019960 grad_norm=0.3377 throughput=12.21 img/s eta_seconds=1008.7 gpu_alloc=467.0MiB gpu_reserved=4078.0MiB skipped_batches=0
2026-08-15 06:30:37,797 | INFO | epoch=2 batch=75 global_step=363 loss_reg_months=30.9998 lr=0.00019960 grad_norm=0.1844 throughput=13.41 img/s eta_seconds=906.7 gpu_alloc=467.0MiB gpu_reserved=4078.0MiB skipped_batches=0
2026-08-15 06:30:46,780 | INFO | epoch=2 batch=100 global_step=367 loss_reg_months=31.0560 lr=0.00019960 grad_norm=0.5314 throughput=14.11 img/s eta_seconds=851.5 gpu_alloc=467.0MiB gpu_reserved=4078.0MiB skipped_batches=0
2026-08-15 06:30:55,781 | INFO | epoch=2 batch=125 global_step=371 loss_reg_months=30.7781 lr=0.00019960 grad_norm=0.8524 throughput=14.55 img/s eta_seconds=815.0 gpu_alloc=467.0MiB gpu_reserved=4078.0MiB skipped_batches=0
2026-08-15 06:31:04,796 | INFO | epoch=2 batch=150 global_step=376 loss_reg_months=30.4063 lr=0.00019960 grad_norm=0.4137 throughput=14.86 img/s eta_seconds=787.9 gpu_alloc=358.2MiB gpu_reserved=4078.0MiB skipped_batches=0
2026-08-15 06:31:13,797 | INFO | epoch=2 batch=175 global_step=380 loss_reg_months=29.9432 lr=0.00019960 grad_norm=0.6905 throughput=15.10 img/s eta_seconds=765.8 gpu_alloc=467.0MiB gpu_reserved=4078.0MiB skipped_batches=0
2026-08-15 06:31:22,790 | INFO | epoch=2 batch=200 global_step=384 loss_reg_months=29.9183 lr=0.00019960 grad_norm=0.2357 throughput=15.28 img/s eta_seconds=746.9 gpu_alloc=467.0MiB gpu_reserved=4078.0MiB skipped_batches=0
2026-08-15 06:31:31,791 | INFO | epoch=2 batch=225 global_step=388 loss_reg_months=30.1614 lr=0.00019960 grad_norm=0.2873 throughput=15.42 img/s eta_seconds=730.3 gpu_alloc=467.0MiB gpu_reserved=4078.0MiB skipped_batches=0
2026-08-15 06:31:40,794 | INFO | epoch=2 batch=250 global_step=392 loss_reg_months=30.4281 lr=0.00019960 grad_norm=0.4237 throughput=15.54 img/s eta_seconds=715.2 gpu_alloc=467.0MiB gpu_reserved=4078.0MiB skipped_batches=0
2026-08-15 06:31:49,798 | INFO | epoch=2 batch=275 global_step=396 loss_reg_months=30.5756 lr=0.00019960 grad_norm=0.1973 throughput=15.63 img/s eta_seconds=701.2 gpu_alloc=467.0MiB gpu_reserved=4078.0MiB skipped_batches=0
2026-08-15 06:31:58,818 | INFO | epoch=2 batch=300 global_step=401 loss_reg_months=30.5890 lr=0.00019960 grad_norm=0.6260 throughput=15.71 img/s eta_seconds=688.1 gpu_alloc=358.2MiB gpu_reserved=4078.0MiB skipped_batches=0
2026-08-15 06:32:07,826 | INFO | epoch=2 batch=325 global_step=405 loss_reg_months=30.7711 lr=0.00019960 grad_norm=0.1816 throughput=15.78 img/s eta_seconds=675.6 gpu_alloc=467.0MiB gpu_reserved=4078.0MiB skipped_batches=0
2026-08-15 06:32:16,831 | INFO | epoch=2 batch=350 global_step=409 loss_reg_months=30.8349 lr=0.00019960 grad_norm=0.3461 throughput=15.84 img/s eta_seconds=663.6 gpu_alloc=467.0MiB gpu_reserved=4078.0MiB skipped_batches=0
2026-08-15 06:32:25,829 | INFO | epoch=2 batch=375 global_step=413 loss_reg_months=30.5238 lr=0.00019960 grad_norm=0.2867 throughput=15.89 img/s eta_seconds=652.0 gpu_alloc=467.0MiB gpu_reserved=4078.0MiB skipped_batches=0
2026-08-15 06:32:34,831 | INFO | epoch=2 batch=400 global_step=417 loss_reg_months=30.5804 lr=0.00019960 grad_norm=0.1936 throughput=15.94 img/s eta_seconds=640.7 gpu_alloc=467.0MiB gpu_reserved=4078.0MiB skipped_batches=0
2026-08-15 06:32:43,832 | INFO | epoch=2 batch=425 global_step=421 loss_reg_months=30.2856 lr=0.00019960 grad_norm=0.3438 throughput=15.98 img/s eta_seconds=629.7 gpu_alloc=467.0MiB gpu_reserved=4078.0MiB skipped_batches=0
2026-08-15 06:32:52,856 | INFO | epoch=2 batch=450 global_step=426 loss_reg_months=30.3391 lr=0.00019960 grad_norm=0.7972 throughput=16.01 img/s eta_seconds=618.9 gpu_alloc=358.2MiB gpu_reserved=4078.0MiB skipped_batches=0
2026-08-15 06:33:01,864 | INFO | epoch=2 batch=475 global_step=430 loss_reg_months=30.2368 lr=0.00019960 grad_norm=0.1515 throughput=16.05 img/s eta_seconds=608.3 gpu_alloc=467.0MiB gpu_reserved=4078.0MiB skipped_batches=0
2026-08-15 06:33:10,869 | INFO | epoch=2 batch=500 global_step=434 loss_reg_months=30.2016 lr=0.00019960 grad_norm=0.1642 throughput=16.08 img/s eta_seconds=597.9 gpu_alloc=467.0MiB gpu_reserved=4078.0MiB skipped_batches=0
2026-08-15 06:33:19,885 | INFO | epoch=2 batch=525 global_step=438 loss_reg_months=30.2705 lr=0.00019960 grad_norm=0.2353 throughput=16.10 img/s eta_seconds=587.6 gpu_alloc=467.0MiB gpu_reserved=4078.0MiB skipped_batches=0
2026-08-15 06:33:28,880 | INFO | epoch=2 batch=550 global_step=442 loss_reg_months=30.3406 lr=0.00019960 grad_norm=0.7510 throughput=16.13 img/s eta_seconds=577.4 gpu_alloc=467.0MiB gpu_reserved=4078.0MiB skipped_batches=0
2026-08-15 06:33:37,877 | INFO | epoch=2 batch=575 global_step=446 loss_reg_months=30.5014 lr=0.00019960 grad_norm=0.3225 throughput=16.15 img/s eta_seconds=567.3 gpu_alloc=467.0MiB gpu_reserved=4078.0MiB skipped_batches=0
2026-08-15 06:33:46,886 | INFO | epoch=2 batch=600 global_step=451 loss_reg_months=30.4570 lr=0.00019960 grad_norm=0.3245 throughput=16.17 img/s eta_seconds=557.3 gpu_alloc=358.2MiB gpu_reserved=4078.0MiB skipped_batches=0
2026-08-15 06:33:55,886 | INFO | epoch=2 batch=625 global_step=455 loss_reg_months=30.6095 lr=0.00019960 grad_norm=0.4042 throughput=16.19 img/s eta_seconds=547.4 gpu_alloc=467.0MiB gpu_reserved=4078.0MiB skipped_batches=0
2026-08-15 06:34:04,882 | INFO | epoch=2 batch=650 global_step=459 loss_reg_months=30.7328 lr=0.00019960 grad_norm=0.4212 throughput=16.21 img/s eta_seconds=537.5 gpu_alloc=467.0MiB gpu_reserved=4078.0MiB skipped_batches=0
2026-08-15 06:34:13,878 | INFO | epoch=2 batch=675 global_step=463 loss_reg_months=30.7724 lr=0.00019960 grad_norm=0.9596 throughput=16.22 img/s eta_seconds=527.7 gpu_alloc=467.0MiB gpu_reserved=4078.0MiB skipped_batches=0
2026-08-15 06:34:22,881 | INFO | epoch=2 batch=700 global_step=467 loss_reg_months=30.6484 lr=0.00019960 grad_norm=0.2041 throughput=16.24 img/s eta_seconds=518.0 gpu_alloc=467.0MiB gpu_reserved=4078.0MiB skipped_batches=0
2026-08-15 06:34:31,886 | INFO | epoch=2 batch=725 global_step=471 loss_reg_months=30.6264 lr=0.00019960 grad_norm=0.2761 throughput=16.25 img/s eta_seconds=508.3 gpu_alloc=467.0MiB gpu_reserved=4078.0MiB skipped_batches=0
2026-08-15 06:34:40,910 | INFO | epoch=2 batch=750 global_step=476 loss_reg_months=30.5543 lr=0.00019960 grad_norm=0.6500 throughput=16.27 img/s eta_seconds=498.7 gpu_alloc=358.2MiB gpu_reserved=4078.0MiB skipped_batches=0
2026-08-15 06:34:49,910 | INFO | epoch=2 batch=775 global_step=480 loss_reg_months=30.7009 lr=0.00019960 grad_norm=0.7443 throughput=16.28 img/s eta_seconds=489.1 gpu_alloc=467.0MiB gpu_reserved=4078.0MiB skipped_batches=0
2026-08-15 06:34:58,914 | INFO | epoch=2 batch=800 global_step=484 loss_reg_months=30.6720 lr=0.00019960 grad_norm=0.2127 throughput=16.29 img/s eta_seconds=479.5 gpu_alloc=467.0MiB gpu_reserved=4078.0MiB skipped_batches=0
2026-08-15 06:35:07,922 | INFO | epoch=2 batch=825 global_step=488 loss_reg_months=30.5963 lr=0.00019960 grad_norm=0.6096 throughput=16.30 img/s eta_seconds=470.0 gpu_alloc=467.0MiB gpu_reserved=4078.0MiB skipped_batches=0
2026-08-15 06:35:16,923 | INFO | epoch=2 batch=850 global_step=492 loss_reg_months=30.5425 lr=0.00019960 grad_norm=0.1839 throughput=16.31 img/s eta_seconds=460.5 gpu_alloc=467.0MiB gpu_reserved=4078.0MiB skipped_batches=0
2026-08-15 06:35:25,928 | INFO | epoch=2 batch=875 global_step=496 loss_reg_months=30.4317 lr=0.00019960 grad_norm=0.4736 throughput=16.32 img/s eta_seconds=451.0 gpu_alloc=467.0MiB gpu_reserved=4078.0MiB skipped_batches=0
2026-08-15 06:35:35,545 | INFO | epoch=2 batch=900 global_step=501 loss_reg_months=30.4660 lr=0.00019960 grad_norm=0.1719 throughput=16.30 img/s eta_seconds=442.4 gpu_alloc=358.2MiB gpu_reserved=4078.0MiB skipped_batches=0
2026-08-15 06:35:44,631 | INFO | epoch=2 batch=925 global_step=505 loss_reg_months=30.4422 lr=0.00019960 grad_norm=0.1429 throughput=16.30 img/s eta_seconds=433.1 gpu_alloc=467.0MiB gpu_reserved=4078.0MiB skipped_batches=0
2026-08-15 06:35:53,632 | INFO | epoch=2 batch=950 global_step=509 loss_reg_months=30.4350 lr=0.00019960 grad_norm=0.2156 throughput=16.31 img/s eta_seconds=423.6 gpu_alloc=467.0MiB gpu_reserved=4078.0MiB skipped_batches=0
2026-08-15 06:36:02,640 | INFO | epoch=2 batch=975 global_step=513 loss_reg_months=30.4097 lr=0.00019960 grad_norm=0.1779 throughput=16.32 img/s eta_seconds=414.2 gpu_alloc=467.0MiB gpu_reserved=4078.0MiB skipped_batches=0
2026-08-15 06:36:11,644 | INFO | epoch=2 batch=1000 global_step=517 loss_reg_months=30.4249 lr=0.00019960 grad_norm=0.4461 throughput=16.33 img/s eta_seconds=404.8 gpu_alloc=467.0MiB gpu_reserved=4078.0MiB skipped_batches=0
2026-08-15 06:36:20,648 | INFO | epoch=2 batch=1025 global_step=521 loss_reg_months=30.4172 lr=0.00019960 grad_norm=0.1827 throughput=16.34 img/s eta_seconds=395.4 gpu_alloc=467.0MiB gpu_reserved=4078.0MiB skipped_batches=0
2026-08-15 06:36:29,679 | INFO | epoch=2 batch=1050 global_step=526 loss_reg_months=30.4110 lr=0.00019960 grad_norm=0.2286 throughput=16.35 img/s eta_seconds=386.1 gpu_alloc=358.2MiB gpu_reserved=4078.0MiB skipped_batches=0
2026-08-15 06:36:38,692 | INFO | epoch=2 batch=1075 global_step=530 loss_reg_months=30.4436 lr=0.00019960 grad_norm=0.2562 throughput=16.35 img/s eta_seconds=376.8 gpu_alloc=467.0MiB gpu_reserved=4078.0MiB skipped_batches=0
2026-08-15 06:36:47,694 | INFO | epoch=2 batch=1100 global_step=534 loss_reg_months=30.3779 lr=0.00019960 grad_norm=0.1235 throughput=16.36 img/s eta_seconds=367.4 gpu_alloc=467.0MiB gpu_reserved=4078.0MiB skipped_batches=0
2026-08-15 06:36:56,695 | INFO | epoch=2 batch=1125 global_step=538 loss_reg_months=30.3900 lr=0.00019960 grad_norm=0.2020 throughput=16.37 img/s eta_seconds=358.1 gpu_alloc=467.0MiB gpu_reserved=4078.0MiB skipped_batches=0
2026-08-15 06:37:05,704 | INFO | epoch=2 batch=1150 global_step=542 loss_reg_months=30.3002 lr=0.00019960 grad_norm=0.1534 throughput=16.37 img/s eta_seconds=348.8 gpu_alloc=467.0MiB gpu_reserved=4078.0MiB skipped_batches=0
2026-08-15 06:37:14,709 | INFO | epoch=2 batch=1175 global_step=546 loss_reg_months=30.2549 lr=0.00019960 grad_norm=0.5662 throughput=16.38 img/s eta_seconds=339.5 gpu_alloc=467.0MiB gpu_reserved=4078.0MiB skipped_batches=0
2026-08-15 06:37:23,727 | INFO | epoch=2 batch=1200 global_step=551 loss_reg_months=30.2414 lr=0.00019960 grad_norm=0.3699 throughput=16.38 img/s eta_seconds=330.3 gpu_alloc=358.2MiB gpu_reserved=4078.0MiB skipped_batches=0
2026-08-15 06:37:32,725 | INFO | epoch=2 batch=1225 global_step=555 loss_reg_months=30.2325 lr=0.00019960 grad_norm=0.2343 throughput=16.39 img/s eta_seconds=321.0 gpu_alloc=467.0MiB gpu_reserved=4078.0MiB skipped_batches=0
2026-08-15 06:37:41,722 | INFO | epoch=2 batch=1250 global_step=559 loss_reg_months=30.2002 lr=0.00019960 grad_norm=0.1503 throughput=16.39 img/s eta_seconds=311.8 gpu_alloc=467.0MiB gpu_reserved=4078.0MiB skipped_batches=0
2026-08-15 06:37:50,721 | INFO | epoch=2 batch=1275 global_step=563 loss_reg_months=30.2092 lr=0.00019960 grad_norm=0.3026 throughput=16.40 img/s eta_seconds=302.5 gpu_alloc=467.0MiB gpu_reserved=4078.0MiB skipped_batches=0
2026-08-15 06:37:59,720 | INFO | epoch=2 batch=1300 global_step=567 loss_reg_months=30.2290 lr=0.00019960 grad_norm=0.2179 throughput=16.40 img/s eta_seconds=293.3 gpu_alloc=467.0MiB gpu_reserved=4078.0MiB skipped_batches=0
2026-08-15 06:38:08,725 | INFO | epoch=2 batch=1325 global_step=571 loss_reg_months=30.2851 lr=0.00019960 grad_norm=0.3077 throughput=16.41 img/s eta_seconds=284.0 gpu_alloc=467.0MiB gpu_reserved=4078.0MiB skipped_batches=0
2026-08-15 06:38:17,745 | INFO | epoch=2 batch=1350 global_step=576 loss_reg_months=30.3201 lr=0.00019960 grad_norm=0.4326 throughput=16.41 img/s eta_seconds=274.8 gpu_alloc=358.2MiB gpu_reserved=4078.0MiB skipped_batches=0
2026-08-15 06:38:26,752 | INFO | epoch=2 batch=1375 global_step=580 loss_reg_months=30.3534 lr=0.00019960 grad_norm=0.1733 throughput=16.42 img/s eta_seconds=265.6 gpu_alloc=467.0MiB gpu_reserved=4078.0MiB skipped_batches=0
2026-08-15 06:38:35,764 | INFO | epoch=2 batch=1400 global_step=584 loss_reg_months=30.3074 lr=0.00019960 grad_norm=0.2830 throughput=16.42 img/s eta_seconds=256.4 gpu_alloc=467.0MiB gpu_reserved=4078.0MiB skipped_batches=0
2026-08-15 06:38:44,766 | INFO | epoch=2 batch=1425 global_step=588 loss_reg_months=30.3011 lr=0.00019960 grad_norm=0.3361 throughput=16.43 img/s eta_seconds=247.2 gpu_alloc=467.0MiB gpu_reserved=4078.0MiB skipped_batches=0
2026-08-15 06:38:53,773 | INFO | epoch=2 batch=1450 global_step=592 loss_reg_months=30.2931 lr=0.00019960 grad_norm=0.1914 throughput=16.43 img/s eta_seconds=238.0 gpu_alloc=467.0MiB gpu_reserved=4078.0MiB skipped_batches=0
2026-08-15 06:39:02,772 | INFO | epoch=2 batch=1475 global_step=596 loss_reg_months=30.3206 lr=0.00019960 grad_norm=0.3055 throughput=16.43 img/s eta_seconds=228.9 gpu_alloc=467.0MiB gpu_reserved=4078.0MiB skipped_batches=0
2026-08-15 06:39:11,788 | INFO | epoch=2 batch=1500 global_step=601 loss_reg_months=30.3240 lr=0.00019960 grad_norm=0.2012 throughput=16.44 img/s eta_seconds=219.7 gpu_alloc=358.2MiB gpu_reserved=4078.0MiB skipped_batches=0
2026-08-15 06:39:20,793 | INFO | epoch=2 batch=1525 global_step=605 loss_reg_months=30.3383 lr=0.00019960 grad_norm=0.2636 throughput=16.44 img/s eta_seconds=210.5 gpu_alloc=467.0MiB gpu_reserved=4078.0MiB skipped_batches=0
2026-08-15 06:39:29,798 | INFO | epoch=2 batch=1550 global_step=609 loss_reg_months=30.3595 lr=0.00019960 grad_norm=0.3368 throughput=16.44 img/s eta_seconds=201.3 gpu_alloc=467.0MiB gpu_reserved=4078.0MiB skipped_batches=0
2026-08-15 06:39:38,806 | INFO | epoch=2 batch=1575 global_step=613 loss_reg_months=30.3359 lr=0.00019960 grad_norm=0.2839 throughput=16.45 img/s eta_seconds=192.2 gpu_alloc=467.0MiB gpu_reserved=4078.0MiB skipped_batches=0
2026-08-15 06:39:47,816 | INFO | epoch=2 batch=1600 global_step=617 loss_reg_months=30.3341 lr=0.00019960 grad_norm=0.1237 throughput=16.45 img/s eta_seconds=183.0 gpu_alloc=467.0MiB gpu_reserved=4078.0MiB skipped_batches=0
2026-08-15 06:39:56,831 | INFO | epoch=2 batch=1625 global_step=621 loss_reg_months=30.2812 lr=0.00019960 grad_norm=0.1879 throughput=16.45 img/s eta_seconds=173.9 gpu_alloc=467.0MiB gpu_reserved=4078.0MiB skipped_batches=0
2026-08-15 06:40:05,855 | INFO | epoch=2 batch=1650 global_step=626 loss_reg_months=30.2697 lr=0.00019960 grad_norm=0.1970 throughput=16.46 img/s eta_seconds=164.7 gpu_alloc=358.2MiB gpu_reserved=4078.0MiB skipped_batches=0
2026-08-15 06:40:14,870 | INFO | epoch=2 batch=1675 global_step=630 loss_reg_months=30.2612 lr=0.00019960 grad_norm=0.1700 throughput=16.46 img/s eta_seconds=155.6 gpu_alloc=467.0MiB gpu_reserved=4078.0MiB skipped_batches=0
2026-08-15 06:40:23,873 | INFO | epoch=2 batch=1700 global_step=634 loss_reg_months=30.2098 lr=0.00019960 grad_norm=0.3284 throughput=16.46 img/s eta_seconds=146.5 gpu_alloc=467.0MiB gpu_reserved=4078.0MiB skipped_batches=0
2026-08-15 06:40:32,877 | INFO | epoch=2 batch=1725 global_step=638 loss_reg_months=30.2091 lr=0.00019960 grad_norm=0.3466 throughput=16.46 img/s eta_seconds=137.3 gpu_alloc=467.0MiB gpu_reserved=4078.0MiB skipped_batches=0
2026-08-15 06:40:41,887 | INFO | epoch=2 batch=1750 global_step=642 loss_reg_months=30.2344 lr=0.00019960 grad_norm=0.2169 throughput=16.47 img/s eta_seconds=128.2 gpu_alloc=467.0MiB gpu_reserved=4078.0MiB skipped_batches=0
2026-08-15 06:40:50,896 | INFO | epoch=2 batch=1775 global_step=646 loss_reg_months=30.1899 lr=0.00019960 grad_norm=0.2088 throughput=16.47 img/s eta_seconds=119.1 gpu_alloc=467.0MiB gpu_reserved=4078.0MiB skipped_batches=0
2026-08-15 06:40:59,916 | INFO | epoch=2 batch=1800 global_step=651 loss_reg_months=30.1624 lr=0.00019960 grad_norm=0.1803 throughput=16.47 img/s eta_seconds=109.9 gpu_alloc=358.2MiB gpu_reserved=4078.0MiB skipped_batches=0
2026-08-15 06:41:08,919 | INFO | epoch=2 batch=1825 global_step=655 loss_reg_months=30.1453 lr=0.00019960 grad_norm=0.1888 throughput=16.47 img/s eta_seconds=100.8 gpu_alloc=467.0MiB gpu_reserved=4078.0MiB skipped_batches=0
2026-08-15 06:41:17,914 | INFO | epoch=2 batch=1850 global_step=659 loss_reg_months=30.1664 lr=0.00019960 grad_norm=0.1388 throughput=16.48 img/s eta_seconds=91.7 gpu_alloc=467.0MiB gpu_reserved=4078.0MiB skipped_batches=0
2026-08-15 06:41:26,912 | INFO | epoch=2 batch=1875 global_step=663 loss_reg_months=30.1398 lr=0.00019960 grad_norm=0.3824 throughput=16.48 img/s eta_seconds=82.6 gpu_alloc=467.0MiB gpu_reserved=4078.0MiB skipped_batches=0
2026-08-15 06:41:35,915 | INFO | epoch=2 batch=1900 global_step=667 loss_reg_months=30.1167 lr=0.00019960 grad_norm=0.1509 throughput=16.48 img/s eta_seconds=73.5 gpu_alloc=467.0MiB gpu_reserved=4078.0MiB skipped_batches=0
2026-08-15 06:41:44,921 | INFO | epoch=2 batch=1925 global_step=671 loss_reg_months=30.1043 lr=0.00019960 grad_norm=0.3373 throughput=16.48 img/s eta_seconds=64.4 gpu_alloc=467.0MiB gpu_reserved=4078.0MiB skipped_batches=0
2026-08-15 06:41:53,939 | INFO | epoch=2 batch=1950 global_step=676 loss_reg_months=30.1358 lr=0.00019960 grad_norm=0.1362 throughput=16.49 img/s eta_seconds=55.3 gpu_alloc=358.2MiB gpu_reserved=4078.0MiB skipped_batches=0
2026-08-15 06:42:02,944 | INFO | epoch=2 batch=1975 global_step=680 loss_reg_months=30.1003 lr=0.00019960 grad_norm=0.3052 throughput=16.49 img/s eta_seconds=46.2 gpu_alloc=467.0MiB gpu_reserved=4078.0MiB skipped_batches=0
2026-08-15 06:42:11,953 | INFO | epoch=2 batch=2000 global_step=684 loss_reg_months=30.1646 lr=0.00019960 grad_norm=0.1283 throughput=16.49 img/s eta_seconds=37.1 gpu_alloc=467.0MiB gpu_reserved=4078.0MiB skipped_batches=0
2026-08-15 06:42:20,950 | INFO | epoch=2 batch=2025 global_step=688 loss_reg_months=30.1601 lr=0.00019960 grad_norm=0.6878 throughput=16.49 img/s eta_seconds=28.0 gpu_alloc=467.0MiB gpu_reserved=4078.0MiB skipped_batches=0
2026-08-15 06:42:29,944 | INFO | epoch=2 batch=2050 global_step=692 loss_reg_months=30.1684 lr=0.00019960 grad_norm=0.3096 throughput=16.49 img/s eta_seconds=18.9 gpu_alloc=467.0MiB gpu_reserved=4078.0MiB skipped_batches=0
2026-08-15 06:42:38,944 | INFO | epoch=2 batch=2075 global_step=696 loss_reg_months=30.2064 lr=0.00019960 grad_norm=0.2059 throughput=16.50 img/s eta_seconds=9.8 gpu_alloc=467.0MiB gpu_reserved=4078.0MiB skipped_batches=0
2026-08-15 06:42:47,965 | INFO | epoch=2 batch=2100 global_step=701 loss_reg_months=30.2111 lr=0.00019960 grad_norm=0.1518 throughput=16.50 img/s eta_seconds=0.7 gpu_alloc=358.2MiB gpu_reserved=4078.0MiB skipped_batches=0
2026-08-15 06:43:22,723 | INFO | 
TRAINING REVIEW SNAPSHOT
Run ID / config hash / split hash: P4_D1_CONVNEXTV2_TINY_FCMAE_IN1K_B6A6_SEED42 / 4a32683c6d26 / 7328667e6822+f650a20432b5
Epoch / global step: 2 / 702
Train loss: 30.2269
Validation MAE / RMSE / median AE: 32.0158 / 41.5482 / 23.5000
MAE nam / nữ / age bins: {'F': 30.934815950920246, 'M': 32.92755498059508} / {'0-59': 95.63297872340425, '120-179': 16.43016069221261, '60-119': 41.55456852791878, '180-228': 54.44140625}
Learning rate / peak VRAM: 0.00019960 / 4078.0 MiB
Best epoch / best MAE / epochs không cải thiện: 2 / 32.0158 / 0
Cảnh báo hiện tại: KHÔNG
Checkpoint gần nhất: p1_baseline\runs\P4_D1_CONVNEXTV2_TINY_FCMAE_IN1K_B6A6_SEED42\last.ckpt
Checkpoint tốt nhất: p1_baseline\runs\P4_D1_CONVNEXTV2_TINY_FCMAE_IN1K_B6A6_SEED42\best_mae.ckpt
Đề xuất tự động: TIẾP TỤC
2026-08-15 06:43:52,122 | INFO | epoch=3 batch=25 global_step=706 loss_reg_months=28.9971 lr=0.00019840 grad_norm=0.2052 throughput=9.67 img/s eta_seconds=1288.2 gpu_alloc=467.0MiB gpu_reserved=4078.0MiB skipped_batches=0
2026-08-15 06:44:01,079 | INFO | epoch=3 batch=50 global_step=710 loss_reg_months=30.2663 lr=0.00019840 grad_norm=0.1159 throughput=12.26 img/s eta_seconds=1003.9 gpu_alloc=467.0MiB gpu_reserved=4078.0MiB skipped_batches=0
2026-08-15 06:44:10,050 | INFO | epoch=3 batch=75 global_step=714 loss_reg_months=30.6102 lr=0.00019840 grad_norm=0.3210 throughput=13.46 img/s eta_seconds=903.5 gpu_alloc=467.0MiB gpu_reserved=4078.0MiB skipped_batches=0
2026-08-15 06:44:19,034 | INFO | epoch=3 batch=100 global_step=718 loss_reg_months=30.7647 lr=0.00019840 grad_norm=0.2922 throughput=14.15 img/s eta_seconds=849.1 gpu_alloc=467.0MiB gpu_reserved=4078.0MiB skipped_batches=0
2026-08-15 06:44:28,012 | INFO | epoch=3 batch=125 global_step=722 loss_reg_months=30.5341 lr=0.00019840 grad_norm=0.2606 throughput=14.59 img/s eta_seconds=812.8 gpu_alloc=467.0MiB gpu_reserved=4078.0MiB skipped_batches=0
2026-08-15 06:44:37,021 | INFO | epoch=3 batch=150 global_step=727 loss_reg_months=30.2315 lr=0.00019840 grad_norm=0.6227 throughput=14.90 img/s eta_seconds=786.0 gpu_alloc=358.2MiB gpu_reserved=4078.0MiB skipped_batches=0
2026-08-15 06:44:46,014 | INFO | epoch=3 batch=175 global_step=731 loss_reg_months=30.3730 lr=0.00019840 grad_norm=0.2140 throughput=15.13 img/s eta_seconds=764.1 gpu_alloc=467.0MiB gpu_reserved=4078.0MiB skipped_batches=0
2026-08-15 06:44:55,002 | INFO | epoch=3 batch=200 global_step=735 loss_reg_months=30.1694 lr=0.00019840 grad_norm=0.4029 throughput=15.31 img/s eta_seconds=745.4 gpu_alloc=467.0MiB gpu_reserved=4078.0MiB skipped_batches=0
2026-08-15 06:45:03,996 | INFO | epoch=3 batch=225 global_step=739 loss_reg_months=30.1994 lr=0.00019840 grad_norm=0.4888 throughput=15.45 img/s eta_seconds=728.9 gpu_alloc=467.0MiB gpu_reserved=4078.0MiB skipped_batches=0
2026-08-15 06:45:12,983 | INFO | epoch=3 batch=250 global_step=743 loss_reg_months=30.2375 lr=0.00019840 grad_norm=0.1755 throughput=15.57 img/s eta_seconds=713.8 gpu_alloc=467.0MiB gpu_reserved=4078.0MiB skipped_batches=0
2026-08-15 06:45:21,981 | INFO | epoch=3 batch=275 global_step=747 loss_reg_months=30.4140 lr=0.00019840 grad_norm=0.2579 throughput=15.66 img/s eta_seconds=699.9 gpu_alloc=467.0MiB gpu_reserved=4078.0MiB skipped_batches=0
2026-08-15 06:45:30,993 | INFO | epoch=3 batch=300 global_step=752 loss_reg_months=30.2989 lr=0.00019840 grad_norm=0.3685 throughput=15.74 img/s eta_seconds=687.0 gpu_alloc=358.2MiB gpu_reserved=4078.0MiB skipped_batches=0
2026-08-15 06:45:39,984 | INFO | epoch=3 batch=325 global_step=756 loss_reg_months=30.4037 lr=0.00019840 grad_norm=0.2905 throughput=15.81 img/s eta_seconds=674.5 gpu_alloc=467.0MiB gpu_reserved=4078.0MiB skipped_batches=0
2026-08-15 06:45:48,981 | INFO | epoch=3 batch=350 global_step=760 loss_reg_months=30.2381 lr=0.00019840 grad_norm=0.4647 throughput=15.87 img/s eta_seconds=662.5 gpu_alloc=467.0MiB gpu_reserved=4078.0MiB skipped_batches=0
2026-08-15 06:45:57,976 | INFO | epoch=3 batch=375 global_step=764 loss_reg_months=30.1931 lr=0.00019840 grad_norm=0.2601 throughput=15.92 img/s eta_seconds=650.9 gpu_alloc=467.0MiB gpu_reserved=4078.0MiB skipped_batches=0
2026-08-15 06:46:06,975 | INFO | epoch=3 batch=400 global_step=768 loss_reg_months=30.1649 lr=0.00019840 grad_norm=0.1359 throughput=15.96 img/s eta_seconds=639.7 gpu_alloc=467.0MiB gpu_reserved=4078.0MiB skipped_batches=0
2026-08-15 06:46:15,966 | INFO | epoch=3 batch=425 global_step=772 loss_reg_months=30.2461 lr=0.00019840 grad_norm=0.1954 throughput=16.00 img/s eta_seconds=628.7 gpu_alloc=467.0MiB gpu_reserved=4078.0MiB skipped_batches=0
2026-08-15 06:46:24,976 | INFO | epoch=3 batch=450 global_step=777 loss_reg_months=30.1442 lr=0.00019840 grad_norm=0.1346 throughput=16.04 img/s eta_seconds=618.0 gpu_alloc=358.2MiB gpu_reserved=4078.0MiB skipped_batches=0
2026-08-15 06:46:33,975 | INFO | epoch=3 batch=475 global_step=781 loss_reg_months=30.1918 lr=0.00019840 grad_norm=0.1539 throughput=16.07 img/s eta_seconds=607.4 gpu_alloc=467.0MiB gpu_reserved=4078.0MiB skipped_batches=0
2026-08-15 06:46:42,969 | INFO | epoch=3 batch=500 global_step=785 loss_reg_months=30.1231 lr=0.00019840 grad_norm=0.2008 throughput=16.10 img/s eta_seconds=597.0 gpu_alloc=467.0MiB gpu_reserved=4078.0MiB skipped_batches=0
2026-08-15 06:46:51,965 | INFO | epoch=3 batch=525 global_step=789 loss_reg_months=30.0708 lr=0.00019840 grad_norm=0.1378 throughput=16.12 img/s eta_seconds=586.7 gpu_alloc=467.0MiB gpu_reserved=4078.0MiB skipped_batches=0
2026-08-15 06:47:00,965 | INFO | epoch=3 batch=550 global_step=793 loss_reg_months=30.1335 lr=0.00019840 grad_norm=0.3998 throughput=16.15 img/s eta_seconds=576.6 gpu_alloc=467.0MiB gpu_reserved=4078.0MiB skipped_batches=0
2026-08-15 06:47:09,966 | INFO | epoch=3 batch=575 global_step=797 loss_reg_months=30.1686 lr=0.00019840 grad_norm=0.2078 throughput=16.17 img/s eta_seconds=566.5 gpu_alloc=467.0MiB gpu_reserved=4078.0MiB skipped_batches=0
2026-08-15 06:47:18,977 | INFO | epoch=3 batch=600 global_step=802 loss_reg_months=30.1145 lr=0.00019840 grad_norm=0.5243 throughput=16.19 img/s eta_seconds=556.6 gpu_alloc=358.2MiB gpu_reserved=4078.0MiB skipped_batches=0
2026-08-15 06:47:27,987 | INFO | epoch=3 batch=625 global_step=806 loss_reg_months=30.2482 lr=0.00019840 grad_norm=0.3851 throughput=16.21 img/s eta_seconds=546.7 gpu_alloc=467.0MiB gpu_reserved=4078.0MiB skipped_batches=0
2026-08-15 06:47:37,007 | INFO | epoch=3 batch=650 global_step=810 loss_reg_months=30.2932 lr=0.00019840 grad_norm=0.2518 throughput=16.22 img/s eta_seconds=536.9 gpu_alloc=467.0MiB gpu_reserved=4078.0MiB skipped_batches=0
2026-08-15 06:47:46,013 | INFO | epoch=3 batch=675 global_step=814 loss_reg_months=30.2690 lr=0.00019840 grad_norm=0.2727 throughput=16.24 img/s eta_seconds=527.2 gpu_alloc=467.0MiB gpu_reserved=4078.0MiB skipped_batches=0
2026-08-15 06:47:55,015 | INFO | epoch=3 batch=700 global_step=818 loss_reg_months=30.3121 lr=0.00019840 grad_norm=0.3330 throughput=16.25 img/s eta_seconds=517.5 gpu_alloc=467.0MiB gpu_reserved=4078.0MiB skipped_batches=0
2026-08-15 06:48:04,026 | INFO | epoch=3 batch=725 global_step=822 loss_reg_months=30.3185 lr=0.00019840 grad_norm=0.1981 throughput=16.27 img/s eta_seconds=507.8 gpu_alloc=467.0MiB gpu_reserved=4078.0MiB skipped_batches=0
2026-08-15 06:48:13,058 | INFO | epoch=3 batch=750 global_step=827 loss_reg_months=30.2686 lr=0.00019840 grad_norm=0.3299 throughput=16.28 img/s eta_seconds=498.3 gpu_alloc=358.2MiB gpu_reserved=4078.0MiB skipped_batches=0
2026-08-15 06:48:22,064 | INFO | epoch=3 batch=775 global_step=831 loss_reg_months=30.3364 lr=0.00019840 grad_norm=0.2074 throughput=16.29 img/s eta_seconds=488.7 gpu_alloc=467.0MiB gpu_reserved=4078.0MiB skipped_batches=0
2026-08-15 06:48:31,068 | INFO | epoch=3 batch=800 global_step=835 loss_reg_months=30.2521 lr=0.00019840 grad_norm=0.3147 throughput=16.30 img/s eta_seconds=479.2 gpu_alloc=467.0MiB gpu_reserved=4078.0MiB skipped_batches=0
2026-08-15 06:48:40,064 | INFO | epoch=3 batch=825 global_step=839 loss_reg_months=30.2912 lr=0.00019840 grad_norm=0.1180 throughput=16.31 img/s eta_seconds=469.6 gpu_alloc=467.0MiB gpu_reserved=4078.0MiB skipped_batches=0
2026-08-15 06:48:49,069 | INFO | epoch=3 batch=850 global_step=843 loss_reg_months=30.3477 lr=0.00019840 grad_norm=0.4198 throughput=16.32 img/s eta_seconds=460.2 gpu_alloc=467.0MiB gpu_reserved=4078.0MiB skipped_batches=0
2026-08-15 06:48:58,072 | INFO | epoch=3 batch=875 global_step=847 loss_reg_months=30.3361 lr=0.00019840 grad_norm=0.3187 throughput=16.33 img/s eta_seconds=450.7 gpu_alloc=467.0MiB gpu_reserved=4078.0MiB skipped_batches=0
2026-08-15 06:49:07,086 | INFO | epoch=3 batch=900 global_step=852 loss_reg_months=30.3549 lr=0.00019840 grad_norm=0.1401 throughput=16.34 img/s eta_seconds=441.3 gpu_alloc=358.2MiB gpu_reserved=4078.0MiB skipped_batches=0
2026-08-15 06:49:16,095 | INFO | epoch=3 batch=925 global_step=856 loss_reg_months=30.4583 lr=0.00019840 grad_norm=0.3706 throughput=16.35 img/s eta_seconds=431.9 gpu_alloc=467.0MiB gpu_reserved=4078.0MiB skipped_batches=0
2026-08-15 06:49:25,091 | INFO | epoch=3 batch=950 global_step=860 loss_reg_months=30.4635 lr=0.00019840 grad_norm=0.1943 throughput=16.36 img/s eta_seconds=422.5 gpu_alloc=467.0MiB gpu_reserved=4078.0MiB skipped_batches=0
2026-08-15 06:49:34,095 | INFO | epoch=3 batch=975 global_step=864 loss_reg_months=30.3217 lr=0.00019840 grad_norm=0.1348 throughput=16.36 img/s eta_seconds=413.1 gpu_alloc=467.0MiB gpu_reserved=4078.0MiB skipped_batches=0
2026-08-15 06:49:43,096 | INFO | epoch=3 batch=1000 global_step=868 loss_reg_months=30.3062 lr=0.00019840 grad_norm=0.1242 throughput=16.37 img/s eta_seconds=403.8 gpu_alloc=467.0MiB gpu_reserved=4078.0MiB skipped_batches=0
2026-08-15 06:49:52,112 | INFO | epoch=3 batch=1025 global_step=872 loss_reg_months=30.3922 lr=0.00019840 grad_norm=0.3121 throughput=16.38 img/s eta_seconds=394.5 gpu_alloc=467.0MiB gpu_reserved=4078.0MiB skipped_batches=0
2026-08-15 06:50:01,136 | INFO | epoch=3 batch=1050 global_step=877 loss_reg_months=30.3557 lr=0.00019840 grad_norm=0.1419 throughput=16.38 img/s eta_seconds=385.2 gpu_alloc=358.2MiB gpu_reserved=4078.0MiB skipped_batches=0
2026-08-15 06:50:10,139 | INFO | epoch=3 batch=1075 global_step=881 loss_reg_months=30.2553 lr=0.00019840 grad_norm=0.1303 throughput=16.39 img/s eta_seconds=375.9 gpu_alloc=467.0MiB gpu_reserved=4078.0MiB skipped_batches=0
2026-08-15 06:50:19,150 | INFO | epoch=3 batch=1100 global_step=885 loss_reg_months=30.2282 lr=0.00019840 grad_norm=0.2633 throughput=16.40 img/s eta_seconds=366.6 gpu_alloc=467.0MiB gpu_reserved=4078.0MiB skipped_batches=0
2026-08-15 06:50:28,149 | INFO | epoch=3 batch=1125 global_step=889 loss_reg_months=30.2006 lr=0.00019840 grad_norm=0.1719 throughput=16.40 img/s eta_seconds=357.3 gpu_alloc=467.0MiB gpu_reserved=4078.0MiB skipped_batches=0
2026-08-15 06:50:37,147 | INFO | epoch=3 batch=1150 global_step=893 loss_reg_months=30.1925 lr=0.00019840 grad_norm=0.3105 throughput=16.41 img/s eta_seconds=348.1 gpu_alloc=467.0MiB gpu_reserved=4078.0MiB skipped_batches=0
2026-08-15 06:50:46,141 | INFO | epoch=3 batch=1175 global_step=897 loss_reg_months=30.2846 lr=0.00019840 grad_norm=0.2435 throughput=16.41 img/s eta_seconds=338.8 gpu_alloc=467.0MiB gpu_reserved=4078.0MiB skipped_batches=0
2026-08-15 06:50:55,164 | INFO | epoch=3 batch=1200 global_step=902 loss_reg_months=30.3100 lr=0.00019840 grad_norm=0.3126 throughput=16.42 img/s eta_seconds=329.6 gpu_alloc=358.2MiB gpu_reserved=4078.0MiB skipped_batches=0
2026-08-15 06:51:04,175 | INFO | epoch=3 batch=1225 global_step=906 loss_reg_months=30.2761 lr=0.00019840 grad_norm=0.2005 throughput=16.42 img/s eta_seconds=320.4 gpu_alloc=467.0MiB gpu_reserved=4078.0MiB skipped_batches=0
2026-08-15 06:51:13,175 | INFO | epoch=3 batch=1250 global_step=910 loss_reg_months=30.2097 lr=0.00019840 grad_norm=0.2346 throughput=16.43 img/s eta_seconds=311.1 gpu_alloc=467.0MiB gpu_reserved=4078.0MiB skipped_batches=0
2026-08-15 06:51:22,177 | INFO | epoch=3 batch=1275 global_step=914 loss_reg_months=30.2092 lr=0.00019840 grad_norm=0.5651 throughput=16.43 img/s eta_seconds=301.9 gpu_alloc=467.0MiB gpu_reserved=4078.0MiB skipped_batches=0
2026-08-15 06:51:31,185 | INFO | epoch=3 batch=1300 global_step=918 loss_reg_months=30.2045 lr=0.00019840 grad_norm=3.1128 throughput=16.44 img/s eta_seconds=292.7 gpu_alloc=467.0MiB gpu_reserved=4078.0MiB skipped_batches=0
2026-08-15 06:51:40,187 | INFO | epoch=3 batch=1325 global_step=922 loss_reg_months=30.1306 lr=0.00019840 grad_norm=0.2830 throughput=16.44 img/s eta_seconds=283.5 gpu_alloc=467.0MiB gpu_reserved=4078.0MiB skipped_batches=0
2026-08-15 06:51:49,216 | INFO | epoch=3 batch=1350 global_step=927 loss_reg_months=30.0600 lr=0.00019840 grad_norm=0.1910 throughput=16.44 img/s eta_seconds=274.3 gpu_alloc=358.2MiB gpu_reserved=4078.0MiB skipped_batches=0
2026-08-15 06:51:58,231 | INFO | epoch=3 batch=1375 global_step=931 loss_reg_months=30.1211 lr=0.00019840 grad_norm=0.3710 throughput=16.45 img/s eta_seconds=265.2 gpu_alloc=467.0MiB gpu_reserved=4078.0MiB skipped_batches=0
2026-08-15 06:52:07,240 | INFO | epoch=3 batch=1400 global_step=935 loss_reg_months=30.0962 lr=0.00019840 grad_norm=0.4800 throughput=16.45 img/s eta_seconds=256.0 gpu_alloc=467.0MiB gpu_reserved=4078.0MiB skipped_batches=0
2026-08-15 06:52:16,253 | INFO | epoch=3 batch=1425 global_step=939 loss_reg_months=30.0631 lr=0.00019840 grad_norm=1.1670 throughput=16.45 img/s eta_seconds=246.8 gpu_alloc=467.0MiB gpu_reserved=4078.0MiB skipped_batches=0
2026-08-15 06:52:25,261 | INFO | epoch=3 batch=1450 global_step=943 loss_reg_months=30.1029 lr=0.00019840 grad_norm=1.5865 throughput=16.46 img/s eta_seconds=237.6 gpu_alloc=467.0MiB gpu_reserved=4078.0MiB skipped_batches=0
2026-08-15 06:52:34,266 | INFO | epoch=3 batch=1475 global_step=947 loss_reg_months=30.0990 lr=0.00019840 grad_norm=0.6026 throughput=16.46 img/s eta_seconds=228.5 gpu_alloc=467.0MiB gpu_reserved=4078.0MiB skipped_batches=0
2026-08-15 06:52:43,289 | INFO | epoch=3 batch=1500 global_step=952 loss_reg_months=30.1819 lr=0.00019840 grad_norm=0.2188 throughput=16.46 img/s eta_seconds=219.3 gpu_alloc=358.2MiB gpu_reserved=4078.0MiB skipped_batches=0
2026-08-15 06:52:52,301 | INFO | epoch=3 batch=1525 global_step=956 loss_reg_months=30.1744 lr=0.00019840 grad_norm=0.1514 throughput=16.47 img/s eta_seconds=210.2 gpu_alloc=467.0MiB gpu_reserved=4078.0MiB skipped_batches=0
2026-08-15 06:53:01,302 | INFO | epoch=3 batch=1550 global_step=960 loss_reg_months=30.1497 lr=0.00019840 grad_norm=0.5180 throughput=16.47 img/s eta_seconds=201.0 gpu_alloc=467.0MiB gpu_reserved=4078.0MiB skipped_batches=0
2026-08-15 06:53:10,318 | INFO | epoch=3 batch=1575 global_step=964 loss_reg_months=30.1413 lr=0.00019840 grad_norm=0.1621 throughput=16.47 img/s eta_seconds=191.9 gpu_alloc=467.0MiB gpu_reserved=4078.0MiB skipped_batches=0
2026-08-15 06:53:19,339 | INFO | epoch=3 batch=1600 global_step=968 loss_reg_months=30.1489 lr=0.00019840 grad_norm=0.1466 throughput=16.47 img/s eta_seconds=182.8 gpu_alloc=467.0MiB gpu_reserved=4078.0MiB skipped_batches=0
2026-08-15 06:53:28,345 | INFO | epoch=3 batch=1625 global_step=972 loss_reg_months=30.2299 lr=0.00019840 grad_norm=0.1395 throughput=16.48 img/s eta_seconds=173.6 gpu_alloc=467.0MiB gpu_reserved=4078.0MiB skipped_batches=0
2026-08-15 06:53:37,384 | INFO | epoch=3 batch=1650 global_step=977 loss_reg_months=30.3038 lr=0.00019840 grad_norm=0.6826 throughput=16.48 img/s eta_seconds=164.5 gpu_alloc=358.2MiB gpu_reserved=4078.0MiB skipped_batches=0
2026-08-15 06:53:46,390 | INFO | epoch=3 batch=1675 global_step=981 loss_reg_months=30.3240 lr=0.00019840 grad_norm=0.1854 throughput=16.48 img/s eta_seconds=155.4 gpu_alloc=467.0MiB gpu_reserved=4078.0MiB skipped_batches=0
2026-08-15 06:53:55,391 | INFO | epoch=3 batch=1700 global_step=985 loss_reg_months=30.3564 lr=0.00019840 grad_norm=0.1379 throughput=16.48 img/s eta_seconds=146.3 gpu_alloc=467.0MiB gpu_reserved=4078.0MiB skipped_batches=0
2026-08-15 06:54:04,390 | INFO | epoch=3 batch=1725 global_step=989 loss_reg_months=30.3369 lr=0.00019840 grad_norm=0.1788 throughput=16.49 img/s eta_seconds=137.1 gpu_alloc=467.0MiB gpu_reserved=4078.0MiB skipped_batches=0
2026-08-15 06:54:13,384 | INFO | epoch=3 batch=1750 global_step=993 loss_reg_months=30.3021 lr=0.00019840 grad_norm=0.2661 throughput=16.49 img/s eta_seconds=128.0 gpu_alloc=467.0MiB gpu_reserved=4078.0MiB skipped_batches=0
2026-08-15 06:54:22,382 | INFO | epoch=3 batch=1775 global_step=997 loss_reg_months=30.2964 lr=0.00019840 grad_norm=0.2843 throughput=16.49 img/s eta_seconds=118.9 gpu_alloc=467.0MiB gpu_reserved=4078.0MiB skipped_batches=0
2026-08-15 06:54:32,001 | INFO | epoch=3 batch=1800 global_step=1002 loss_reg_months=30.2980 lr=0.00019840 grad_norm=0.2122 throughput=16.48 img/s eta_seconds=109.9 gpu_alloc=358.2MiB gpu_reserved=4078.0MiB skipped_batches=0
2026-08-15 06:54:41,021 | INFO | epoch=3 batch=1825 global_step=1006 loss_reg_months=30.2488 lr=0.00019840 grad_norm=0.1536 throughput=16.48 img/s eta_seconds=100.8 gpu_alloc=467.0MiB gpu_reserved=4078.0MiB skipped_batches=0
2026-08-15 06:54:50,022 | INFO | epoch=3 batch=1850 global_step=1010 loss_reg_months=30.2151 lr=0.00019840 grad_norm=0.4122 throughput=16.48 img/s eta_seconds=91.7 gpu_alloc=467.0MiB gpu_reserved=4078.0MiB skipped_batches=0
2026-08-15 06:54:59,032 | INFO | epoch=3 batch=1875 global_step=1014 loss_reg_months=30.2356 lr=0.00019840 grad_norm=0.3373 throughput=16.49 img/s eta_seconds=82.6 gpu_alloc=467.0MiB gpu_reserved=4078.0MiB skipped_batches=0
2026-08-15 06:55:08,043 | INFO | epoch=3 batch=1900 global_step=1018 loss_reg_months=30.2146 lr=0.00019840 grad_norm=0.4357 throughput=16.49 img/s eta_seconds=73.4 gpu_alloc=467.0MiB gpu_reserved=4078.0MiB skipped_batches=0
2026-08-15 06:55:17,051 | INFO | epoch=3 batch=1925 global_step=1022 loss_reg_months=30.2139 lr=0.00019840 grad_norm=0.3106 throughput=16.49 img/s eta_seconds=64.3 gpu_alloc=467.0MiB gpu_reserved=4078.0MiB skipped_batches=0
2026-08-15 06:55:26,081 | INFO | epoch=3 batch=1950 global_step=1027 loss_reg_months=30.2642 lr=0.00019840 grad_norm=0.5528 throughput=16.49 img/s eta_seconds=55.2 gpu_alloc=358.2MiB gpu_reserved=4078.0MiB skipped_batches=0
2026-08-15 06:55:35,091 | INFO | epoch=3 batch=1975 global_step=1031 loss_reg_months=30.2441 lr=0.00019840 grad_norm=0.1182 throughput=16.49 img/s eta_seconds=46.1 gpu_alloc=467.0MiB gpu_reserved=4078.0MiB skipped_batches=0
2026-08-15 06:55:44,100 | INFO | epoch=3 batch=2000 global_step=1035 loss_reg_months=30.1952 lr=0.00019840 grad_norm=0.1984 throughput=16.50 img/s eta_seconds=37.0 gpu_alloc=467.0MiB gpu_reserved=4078.0MiB skipped_batches=0
2026-08-15 06:55:53,121 | INFO | epoch=3 batch=2025 global_step=1039 loss_reg_months=30.1920 lr=0.00019840 grad_norm=0.1667 throughput=16.50 img/s eta_seconds=27.9 gpu_alloc=467.0MiB gpu_reserved=4078.0MiB skipped_batches=0
2026-08-15 06:56:02,134 | INFO | epoch=3 batch=2050 global_step=1043 loss_reg_months=30.1749 lr=0.00019840 grad_norm=0.2814 throughput=16.50 img/s eta_seconds=18.9 gpu_alloc=467.0MiB gpu_reserved=4078.0MiB skipped_batches=0
2026-08-15 06:56:11,144 | INFO | epoch=3 batch=2075 global_step=1047 loss_reg_months=30.1406 lr=0.00019840 grad_norm=0.3282 throughput=16.50 img/s eta_seconds=9.8 gpu_alloc=467.0MiB gpu_reserved=4078.0MiB skipped_batches=0
2026-08-15 06:56:20,178 | INFO | epoch=3 batch=2100 global_step=1052 loss_reg_months=30.1403 lr=0.00019840 grad_norm=0.1368 throughput=16.50 img/s eta_seconds=0.7 gpu_alloc=358.2MiB gpu_reserved=4078.0MiB skipped_batches=0
2026-08-15 06:56:53,471 | INFO | 
TRAINING REVIEW SNAPSHOT
Run ID / config hash / split hash: P4_D1_CONVNEXTV2_TINY_FCMAE_IN1K_B6A6_SEED42 / 4a32683c6d26 / 7328667e6822+f650a20432b5
Epoch / global step: 3 / 1053
Train loss: 30.1376
Validation MAE / RMSE / median AE: 32.0821 / 42.7180 / 20.0000
MAE nam / nữ / age bins: {'F': 31.15950920245399, 'M': 32.86028460543338} / {'0-59': 100.46808510638297, '120-179': 14.611866501854141, '60-119': 46.076142131979694, '180-228': 49.203125}
Learning rate / peak VRAM: 0.00019840 / 4078.0 MiB
Best epoch / best MAE / epochs không cải thiện: 2 / 32.0158 / 1
Cảnh báo hiện tại: KHÔNG
Checkpoint gần nhất: p1_baseline\runs\P4_D1_CONVNEXTV2_TINY_FCMAE_IN1K_B6A6_SEED42\last.ckpt
Checkpoint tốt nhất: p1_baseline\runs\P4_D1_CONVNEXTV2_TINY_FCMAE_IN1K_B6A6_SEED42\best_mae.ckpt
Đề xuất tự động: TIẾP TỤC
2026-08-15 06:57:12,537 | INFO | epoch=4 batch=25 global_step=1057 loss_reg_months=30.5463 lr=0.00019641 grad_norm=0.2899 throughput=9.59 img/s eta_seconds=1298.9 gpu_alloc=467.0MiB gpu_reserved=4078.0MiB skipped_batches=0
2026-08-15 06:57:21,519 | INFO | epoch=4 batch=50 global_step=1061 loss_reg_months=31.1833 lr=0.00019641 grad_norm=0.3755 throughput=12.19 img/s eta_seconds=1010.3 gpu_alloc=467.0MiB gpu_reserved=4078.0MiB skipped_batches=0
2026-08-15 06:57:30,510 | INFO | epoch=4 batch=75 global_step=1065 loss_reg_months=31.4075 lr=0.00019641 grad_norm=0.3128 throughput=13.39 img/s eta_seconds=908.3 gpu_alloc=467.0MiB gpu_reserved=4078.0MiB skipped_batches=0
2026-08-15 06:57:39,506 | INFO | epoch=4 batch=100 global_step=1069 loss_reg_months=30.6055 lr=0.00019641 grad_norm=0.1060 throughput=14.08 img/s eta_seconds=852.9 gpu_alloc=467.0MiB gpu_reserved=4078.0MiB skipped_batches=0
2026-08-15 06:57:48,494 | INFO | epoch=4 batch=125 global_step=1073 loss_reg_months=29.8662 lr=0.00019641 grad_norm=0.4296 throughput=14.54 img/s eta_seconds=815.9 gpu_alloc=467.0MiB gpu_reserved=4078.0MiB skipped_batches=0
2026-08-15 06:57:57,508 | INFO | epoch=4 batch=150 global_step=1078 loss_reg_months=29.8007 lr=0.00019641 grad_norm=0.2175 throughput=14.85 img/s eta_seconds=788.6 gpu_alloc=358.2MiB gpu_reserved=4078.0MiB skipped_batches=0
2026-08-15 06:58:06,510 | INFO | epoch=4 batch=175 global_step=1082 loss_reg_months=30.1880 lr=0.00019641 grad_norm=0.1213 throughput=15.08 img/s eta_seconds=766.4 gpu_alloc=467.0MiB gpu_reserved=4078.0MiB skipped_batches=0
2026-08-15 06:58:15,504 | INFO | epoch=4 batch=200 global_step=1086 loss_reg_months=29.8052 lr=0.00019641 grad_norm=0.1412 throughput=15.27 img/s eta_seconds=747.4 gpu_alloc=467.0MiB gpu_reserved=4078.0MiB skipped_batches=0
2026-08-15 06:58:24,496 | INFO | epoch=4 batch=225 global_step=1090 loss_reg_months=29.8281 lr=0.00019641 grad_norm=0.1436 throughput=15.41 img/s eta_seconds=730.7 gpu_alloc=467.0MiB gpu_reserved=4078.0MiB skipped_batches=0
2026-08-15 06:58:33,501 | INFO | epoch=4 batch=250 global_step=1094 loss_reg_months=30.1294 lr=0.00019641 grad_norm=0.1392 throughput=15.53 img/s eta_seconds=715.5 gpu_alloc=467.0MiB gpu_reserved=4078.0MiB skipped_batches=0
2026-08-15 06:58:42,497 | INFO | epoch=4 batch=275 global_step=1098 loss_reg_months=30.0123 lr=0.00019641 grad_norm=0.2947 throughput=15.63 img/s eta_seconds=701.5 gpu_alloc=467.0MiB gpu_reserved=4078.0MiB skipped_batches=0
2026-08-15 06:58:51,509 | INFO | epoch=4 batch=300 global_step=1103 loss_reg_months=29.9484 lr=0.00019641 grad_norm=0.7180 throughput=15.71 img/s eta_seconds=688.3 gpu_alloc=358.2MiB gpu_reserved=4078.0MiB skipped_batches=0
2026-08-15 06:59:00,516 | INFO | epoch=4 batch=325 global_step=1107 loss_reg_months=29.8996 lr=0.00019641 grad_norm=0.1972 throughput=15.77 img/s eta_seconds=675.8 gpu_alloc=467.0MiB gpu_reserved=4078.0MiB skipped_batches=0
2026-08-15 06:59:09,511 | INFO | epoch=4 batch=350 global_step=1111 loss_reg_months=29.7497 lr=0.00019641 grad_norm=0.1391 throughput=15.84 img/s eta_seconds=663.7 gpu_alloc=467.0MiB gpu_reserved=4078.0MiB skipped_batches=0
2026-08-15 06:59:18,515 | INFO | epoch=4 batch=375 global_step=1115 loss_reg_months=29.6602 lr=0.00019641 grad_norm=0.1641 throughput=15.89 img/s eta_seconds=652.1 gpu_alloc=467.0MiB gpu_reserved=4078.0MiB skipped_batches=0
2026-08-15 06:59:27,517 | INFO | epoch=4 batch=400 global_step=1119 loss_reg_months=29.6472 lr=0.00019641 grad_norm=0.3752 throughput=15.93 img/s eta_seconds=640.8 gpu_alloc=467.0MiB gpu_reserved=4078.0MiB skipped_batches=0
2026-08-15 06:59:36,529 | INFO | epoch=4 batch=425 global_step=1123 loss_reg_months=29.7928 lr=0.00019641 grad_norm=0.2023 throughput=15.97 img/s eta_seconds=629.8 gpu_alloc=467.0MiB gpu_reserved=4078.0MiB skipped_batches=0
2026-08-15 06:59:45,554 | INFO | epoch=4 batch=450 global_step=1128 loss_reg_months=29.8758 lr=0.00019641 grad_norm=0.1287 throughput=16.01 img/s eta_seconds=619.1 gpu_alloc=358.2MiB gpu_reserved=4078.0MiB skipped_batches=0
2026-08-15 06:59:54,580 | INFO | epoch=4 batch=475 global_step=1132 loss_reg_months=29.8926 lr=0.00019641 grad_norm=0.3149 throughput=16.04 img/s eta_seconds=608.5 gpu_alloc=467.0MiB gpu_reserved=4078.0MiB skipped_batches=0
2026-08-15 07:00:03,608 | INFO | epoch=4 batch=500 global_step=1136 loss_reg_months=29.7308 lr=0.00019641 grad_norm=0.1675 throughput=16.07 img/s eta_seconds=598.1 gpu_alloc=467.0MiB gpu_reserved=4078.0MiB skipped_batches=0
2026-08-15 07:00:12,623 | INFO | epoch=4 batch=525 global_step=1140 loss_reg_months=29.9110 lr=0.00019641 grad_norm=0.1331 throughput=16.09 img/s eta_seconds=587.9 gpu_alloc=467.0MiB gpu_reserved=4078.0MiB skipped_batches=0
2026-08-15 07:00:21,640 | INFO | epoch=4 batch=550 global_step=1144 loss_reg_months=29.7635 lr=0.00019641 grad_norm=0.2360 throughput=16.12 img/s eta_seconds=577.7 gpu_alloc=467.0MiB gpu_reserved=4078.0MiB skipped_batches=0
2026-08-15 07:00:30,650 | INFO | epoch=4 batch=575 global_step=1148 loss_reg_months=29.7928 lr=0.00019641 grad_norm=0.3292 throughput=16.14 img/s eta_seconds=567.6 gpu_alloc=467.0MiB gpu_reserved=4078.0MiB skipped_batches=0
2026-08-15 07:00:39,674 | INFO | epoch=4 batch=600 global_step=1153 loss_reg_months=29.8800 lr=0.00019641 grad_norm=0.1595 throughput=16.16 img/s eta_seconds=557.6 gpu_alloc=358.2MiB gpu_reserved=4078.0MiB skipped_batches=0
2026-08-15 07:00:48,680 | INFO | epoch=4 batch=625 global_step=1157 loss_reg_months=29.9229 lr=0.00019641 grad_norm=0.2100 throughput=16.18 img/s eta_seconds=547.7 gpu_alloc=467.0MiB gpu_reserved=4078.0MiB skipped_batches=0
2026-08-15 07:00:57,685 | INFO | epoch=4 batch=650 global_step=1161 loss_reg_months=30.0878 lr=0.00019641 grad_norm=0.2168 throughput=16.20 img/s eta_seconds=537.8 gpu_alloc=467.0MiB gpu_reserved=4078.0MiB skipped_batches=0
2026-08-15 07:01:06,692 | INFO | epoch=4 batch=675 global_step=1165 loss_reg_months=30.0454 lr=0.00019641 grad_norm=0.2134 throughput=16.21 img/s eta_seconds=528.0 gpu_alloc=467.0MiB gpu_reserved=4078.0MiB skipped_batches=0
2026-08-15 07:01:15,695 | INFO | epoch=4 batch=700 global_step=1169 loss_reg_months=29.9908 lr=0.00019641 grad_norm=0.2292 throughput=16.23 img/s eta_seconds=518.3 gpu_alloc=467.0MiB gpu_reserved=4078.0MiB skipped_batches=0
2026-08-15 07:01:24,702 | INFO | epoch=4 batch=725 global_step=1173 loss_reg_months=29.9451 lr=0.00019641 grad_norm=0.2299 throughput=16.24 img/s eta_seconds=508.6 gpu_alloc=467.0MiB gpu_reserved=4078.0MiB skipped_batches=0
2026-08-15 07:01:33,726 | INFO | epoch=4 batch=750 global_step=1178 loss_reg_months=29.9391 lr=0.00019641 grad_norm=0.2220 throughput=16.26 img/s eta_seconds=499.0 gpu_alloc=358.2MiB gpu_reserved=4078.0MiB skipped_batches=0
2026-08-15 07:01:42,727 | INFO | epoch=4 batch=775 global_step=1182 loss_reg_months=29.9774 lr=0.00019641 grad_norm=0.2827 throughput=16.27 img/s eta_seconds=489.3 gpu_alloc=467.0MiB gpu_reserved=4078.0MiB skipped_batches=0
2026-08-15 07:01:51,731 | INFO | epoch=4 batch=800 global_step=1186 loss_reg_months=29.9590 lr=0.00019641 grad_norm=0.2743 throughput=16.28 img/s eta_seconds=479.8 gpu_alloc=467.0MiB gpu_reserved=4078.0MiB skipped_batches=0
2026-08-15 07:02:00,734 | INFO | epoch=4 batch=825 global_step=1190 loss_reg_months=30.0021 lr=0.00019641 grad_norm=0.1423 throughput=16.29 img/s eta_seconds=470.2 gpu_alloc=467.0MiB gpu_reserved=4078.0MiB skipped_batches=0
2026-08-15 07:02:09,732 | INFO | epoch=4 batch=850 global_step=1194 loss_reg_months=30.0436 lr=0.00019641 grad_norm=0.1296 throughput=16.30 img/s eta_seconds=460.7 gpu_alloc=467.0MiB gpu_reserved=4078.0MiB skipped_batches=0
2026-08-15 07:02:18,729 | INFO | epoch=4 batch=875 global_step=1198 loss_reg_months=30.1909 lr=0.00019641 grad_norm=0.3927 throughput=16.31 img/s eta_seconds=451.2 gpu_alloc=467.0MiB gpu_reserved=4078.0MiB skipped_batches=0
2026-08-15 07:02:27,759 | INFO | epoch=4 batch=900 global_step=1203 loss_reg_months=30.1750 lr=0.00019641 grad_norm=0.1909 throughput=16.32 img/s eta_seconds=441.8 gpu_alloc=358.2MiB gpu_reserved=4078.0MiB skipped_batches=0
2026-08-15 07:02:36,759 | INFO | epoch=4 batch=925 global_step=1207 loss_reg_months=30.1060 lr=0.00019641 grad_norm=0.1078 throughput=16.33 img/s eta_seconds=432.4 gpu_alloc=467.0MiB gpu_reserved=4078.0MiB skipped_batches=0
2026-08-15 07:02:45,761 | INFO | epoch=4 batch=950 global_step=1211 loss_reg_months=30.0773 lr=0.00019641 grad_norm=0.2210 throughput=16.34 img/s eta_seconds=423.0 gpu_alloc=467.0MiB gpu_reserved=4078.0MiB skipped_batches=0
2026-08-15 07:02:54,772 | INFO | epoch=4 batch=975 global_step=1215 loss_reg_months=30.1660 lr=0.00019641 grad_norm=0.3464 throughput=16.35 img/s eta_seconds=413.6 gpu_alloc=467.0MiB gpu_reserved=4078.0MiB skipped_batches=0
2026-08-15 07:03:03,782 | INFO | epoch=4 batch=1000 global_step=1219 loss_reg_months=30.1980 lr=0.00019641 grad_norm=0.2057 throughput=16.35 img/s eta_seconds=404.2 gpu_alloc=467.0MiB gpu_reserved=4078.0MiB skipped_batches=0
2026-08-15 07:03:12,793 | INFO | epoch=4 batch=1025 global_step=1223 loss_reg_months=30.2410 lr=0.00019641 grad_norm=0.1797 throughput=16.36 img/s eta_seconds=394.9 gpu_alloc=467.0MiB gpu_reserved=4078.0MiB skipped_batches=0
2026-08-15 07:03:21,811 | INFO | epoch=4 batch=1050 global_step=1228 loss_reg_months=30.2572 lr=0.00019641 grad_norm=0.2108 throughput=16.37 img/s eta_seconds=385.6 gpu_alloc=358.2MiB gpu_reserved=4078.0MiB skipped_batches=0
2026-08-15 07:03:30,829 | INFO | epoch=4 batch=1075 global_step=1232 loss_reg_months=30.2376 lr=0.00019641 grad_norm=0.1118 throughput=16.37 img/s eta_seconds=376.3 gpu_alloc=467.0MiB gpu_reserved=4078.0MiB skipped_batches=0
2026-08-15 07:03:39,838 | INFO | epoch=4 batch=1100 global_step=1236 loss_reg_months=30.2820 lr=0.00019641 grad_norm=0.2222 throughput=16.38 img/s eta_seconds=367.0 gpu_alloc=467.0MiB gpu_reserved=4078.0MiB skipped_batches=0
2026-08-15 07:03:48,861 | INFO | epoch=4 batch=1125 global_step=1240 loss_reg_months=30.2284 lr=0.00019641 grad_norm=0.2388 throughput=16.39 img/s eta_seconds=357.7 gpu_alloc=467.0MiB gpu_reserved=4078.0MiB skipped_batches=0
2026-08-15 07:03:57,874 | INFO | epoch=4 batch=1150 global_step=1244 loss_reg_months=30.2637 lr=0.00019641 grad_norm=0.3202 throughput=16.39 img/s eta_seconds=348.4 gpu_alloc=467.0MiB gpu_reserved=4078.0MiB skipped_batches=0
2026-08-15 07:04:06,896 | INFO | epoch=4 batch=1175 global_step=1248 loss_reg_months=30.2744 lr=0.00019641 grad_norm=0.4168 throughput=16.40 img/s eta_seconds=339.2 gpu_alloc=467.0MiB gpu_reserved=4078.0MiB skipped_batches=0
2026-08-15 07:04:15,922 | INFO | epoch=4 batch=1200 global_step=1253 loss_reg_months=30.2802 lr=0.00019641 grad_norm=0.1356 throughput=16.40 img/s eta_seconds=329.9 gpu_alloc=358.2MiB gpu_reserved=4078.0MiB skipped_batches=0
2026-08-15 07:04:24,929 | INFO | epoch=4 batch=1225 global_step=1257 loss_reg_months=30.2648 lr=0.00019641 grad_norm=0.2924 throughput=16.41 img/s eta_seconds=320.7 gpu_alloc=467.0MiB gpu_reserved=4078.0MiB skipped_batches=0
2026-08-15 07:04:33,931 | INFO | epoch=4 batch=1250 global_step=1261 loss_reg_months=30.2626 lr=0.00019641 grad_norm=0.1550 throughput=16.41 img/s eta_seconds=311.5 gpu_alloc=467.0MiB gpu_reserved=4078.0MiB skipped_batches=0
2026-08-15 07:04:42,940 | INFO | epoch=4 batch=1275 global_step=1265 loss_reg_months=30.2346 lr=0.00019641 grad_norm=0.1573 throughput=16.41 img/s eta_seconds=302.2 gpu_alloc=467.0MiB gpu_reserved=4078.0MiB skipped_batches=0
2026-08-15 07:04:51,946 | INFO | epoch=4 batch=1300 global_step=1269 loss_reg_months=30.2416 lr=0.00019641 grad_norm=0.4246 throughput=16.42 img/s eta_seconds=293.0 gpu_alloc=467.0MiB gpu_reserved=4078.0MiB skipped_batches=0
2026-08-15 07:05:00,951 | INFO | epoch=4 batch=1325 global_step=1273 loss_reg_months=30.2764 lr=0.00019641 grad_norm=0.2895 throughput=16.42 img/s eta_seconds=283.8 gpu_alloc=467.0MiB gpu_reserved=4078.0MiB skipped_batches=0
2026-08-15 07:05:09,985 | INFO | epoch=4 batch=1350 global_step=1278 loss_reg_months=30.2380 lr=0.00019641 grad_norm=0.2693 throughput=16.43 img/s eta_seconds=274.6 gpu_alloc=358.2MiB gpu_reserved=4078.0MiB skipped_batches=0
2026-08-15 07:05:18,990 | INFO | epoch=4 batch=1375 global_step=1282 loss_reg_months=30.2266 lr=0.00019641 grad_norm=0.1182 throughput=16.43 img/s eta_seconds=265.4 gpu_alloc=467.0MiB gpu_reserved=4078.0MiB skipped_batches=0
2026-08-15 07:05:27,997 | INFO | epoch=4 batch=1400 global_step=1286 loss_reg_months=30.2116 lr=0.00019641 grad_norm=0.4811 throughput=16.44 img/s eta_seconds=256.2 gpu_alloc=467.0MiB gpu_reserved=4078.0MiB skipped_batches=0
2026-08-15 07:05:36,997 | INFO | epoch=4 batch=1425 global_step=1290 loss_reg_months=30.1698 lr=0.00019641 grad_norm=0.3373 throughput=16.44 img/s eta_seconds=247.0 gpu_alloc=467.0MiB gpu_reserved=4078.0MiB skipped_batches=0
2026-08-15 07:05:46,001 | INFO | epoch=4 batch=1450 global_step=1294 loss_reg_months=30.1673 lr=0.00019641 grad_norm=0.2411 throughput=16.44 img/s eta_seconds=237.9 gpu_alloc=467.0MiB gpu_reserved=4078.0MiB skipped_batches=0
2026-08-15 07:05:55,003 | INFO | epoch=4 batch=1475 global_step=1298 loss_reg_months=30.1357 lr=0.00019641 grad_norm=0.3104 throughput=16.45 img/s eta_seconds=228.7 gpu_alloc=467.0MiB gpu_reserved=4078.0MiB skipped_batches=0
2026-08-15 07:06:04,018 | INFO | epoch=4 batch=1500 global_step=1303 loss_reg_months=30.1275 lr=0.00019641 grad_norm=0.3798 throughput=16.45 img/s eta_seconds=219.5 gpu_alloc=358.2MiB gpu_reserved=4078.0MiB skipped_batches=0
2026-08-15 07:06:13,027 | INFO | epoch=4 batch=1525 global_step=1307 loss_reg_months=30.1501 lr=0.00019641 grad_norm=0.1371 throughput=16.45 img/s eta_seconds=210.4 gpu_alloc=467.0MiB gpu_reserved=4078.0MiB skipped_batches=0
2026-08-15 07:06:22,033 | INFO | epoch=4 batch=1550 global_step=1311 loss_reg_months=30.1404 lr=0.00019641 grad_norm=0.5729 throughput=16.46 img/s eta_seconds=201.2 gpu_alloc=467.0MiB gpu_reserved=4078.0MiB skipped_batches=0
2026-08-15 07:06:31,036 | INFO | epoch=4 batch=1575 global_step=1315 loss_reg_months=30.1408 lr=0.00019641 grad_norm=0.3309 throughput=16.46 img/s eta_seconds=192.0 gpu_alloc=467.0MiB gpu_reserved=4078.0MiB skipped_batches=0
2026-08-15 07:06:40,046 | INFO | epoch=4 batch=1600 global_step=1319 loss_reg_months=30.1019 lr=0.00019641 grad_norm=0.1060 throughput=16.46 img/s eta_seconds=182.9 gpu_alloc=467.0MiB gpu_reserved=4078.0MiB skipped_batches=0
2026-08-15 07:06:49,045 | INFO | epoch=4 batch=1625 global_step=1323 loss_reg_months=30.1079 lr=0.00019641 grad_norm=0.4470 throughput=16.47 img/s eta_seconds=173.8 gpu_alloc=467.0MiB gpu_reserved=4078.0MiB skipped_batches=0
2026-08-15 07:06:58,065 | INFO | epoch=4 batch=1650 global_step=1328 loss_reg_months=30.1242 lr=0.00019641 grad_norm=0.2646 throughput=16.47 img/s eta_seconds=164.6 gpu_alloc=358.2MiB gpu_reserved=4078.0MiB skipped_batches=0
2026-08-15 07:07:07,074 | INFO | epoch=4 batch=1675 global_step=1332 loss_reg_months=30.1200 lr=0.00019641 grad_norm=0.2686 throughput=16.47 img/s eta_seconds=155.5 gpu_alloc=467.0MiB gpu_reserved=4078.0MiB skipped_batches=0
2026-08-15 07:07:16,074 | INFO | epoch=4 batch=1700 global_step=1336 loss_reg_months=30.1000 lr=0.00019641 grad_norm=0.1136 throughput=16.47 img/s eta_seconds=146.4 gpu_alloc=467.0MiB gpu_reserved=4078.0MiB skipped_batches=0
2026-08-15 07:07:25,099 | INFO | epoch=4 batch=1725 global_step=1340 loss_reg_months=30.1156 lr=0.00019641 grad_norm=0.2548 throughput=16.48 img/s eta_seconds=137.2 gpu_alloc=467.0MiB gpu_reserved=4078.0MiB skipped_batches=0
2026-08-15 07:07:34,108 | INFO | epoch=4 batch=1750 global_step=1344 loss_reg_months=30.1768 lr=0.00019641 grad_norm=0.2939 throughput=16.48 img/s eta_seconds=128.1 gpu_alloc=467.0MiB gpu_reserved=4078.0MiB skipped_batches=0
2026-08-15 07:07:43,118 | INFO | epoch=4 batch=1775 global_step=1348 loss_reg_months=30.1523 lr=0.00019641 grad_norm=0.1575 throughput=16.48 img/s eta_seconds=119.0 gpu_alloc=467.0MiB gpu_reserved=4078.0MiB skipped_batches=0
2026-08-15 07:07:52,154 | INFO | epoch=4 batch=1800 global_step=1353 loss_reg_months=30.2224 lr=0.00019641 grad_norm=0.5766 throughput=16.48 img/s eta_seconds=109.9 gpu_alloc=358.2MiB gpu_reserved=4078.0MiB skipped_batches=0
2026-08-15 07:08:01,166 | INFO | epoch=4 batch=1825 global_step=1357 loss_reg_months=30.2461 lr=0.00019641 grad_norm=0.1030 throughput=16.48 img/s eta_seconds=100.8 gpu_alloc=467.0MiB gpu_reserved=4078.0MiB skipped_batches=0
2026-08-15 07:08:10,174 | INFO | epoch=4 batch=1850 global_step=1361 loss_reg_months=30.2652 lr=0.00019641 grad_norm=0.2993 throughput=16.49 img/s eta_seconds=91.6 gpu_alloc=467.0MiB gpu_reserved=4078.0MiB skipped_batches=0
2026-08-15 07:08:19,180 | INFO | epoch=4 batch=1875 global_step=1365 loss_reg_months=30.2433 lr=0.00019641 grad_norm=0.1422 throughput=16.49 img/s eta_seconds=82.5 gpu_alloc=467.0MiB gpu_reserved=4078.0MiB skipped_batches=0
2026-08-15 07:08:28,183 | INFO | epoch=4 batch=1900 global_step=1369 loss_reg_months=30.2247 lr=0.00019641 grad_norm=0.2299 throughput=16.49 img/s eta_seconds=73.4 gpu_alloc=467.0MiB gpu_reserved=4078.0MiB skipped_batches=0
2026-08-15 07:08:37,190 | INFO | epoch=4 batch=1925 global_step=1373 loss_reg_months=30.2492 lr=0.00019641 grad_norm=0.1289 throughput=16.49 img/s eta_seconds=64.3 gpu_alloc=467.0MiB gpu_reserved=4078.0MiB skipped_batches=0
2026-08-15 07:08:46,216 | INFO | epoch=4 batch=1950 global_step=1378 loss_reg_months=30.2520 lr=0.00019641 grad_norm=0.1796 throughput=16.49 img/s eta_seconds=55.2 gpu_alloc=358.2MiB gpu_reserved=4078.0MiB skipped_batches=0
2026-08-15 07:08:55,229 | INFO | epoch=4 batch=1975 global_step=1382 loss_reg_months=30.2192 lr=0.00019641 grad_norm=0.1892 throughput=16.50 img/s eta_seconds=46.1 gpu_alloc=467.0MiB gpu_reserved=4078.0MiB skipped_batches=0
2026-08-15 07:09:04,233 | INFO | epoch=4 batch=2000 global_step=1386 loss_reg_months=30.2316 lr=0.00019641 grad_norm=0.2283 throughput=16.50 img/s eta_seconds=37.0 gpu_alloc=467.0MiB gpu_reserved=4078.0MiB skipped_batches=0
2026-08-15 07:09:13,235 | INFO | epoch=4 batch=2025 global_step=1390 loss_reg_months=30.1895 lr=0.00019641 grad_norm=0.1392 throughput=16.50 img/s eta_seconds=27.9 gpu_alloc=467.0MiB gpu_reserved=4078.0MiB skipped_batches=0
2026-08-15 07:09:22,240 | INFO | epoch=4 batch=2050 global_step=1394 loss_reg_months=30.1325 lr=0.00019641 grad_norm=0.1845 throughput=16.50 img/s eta_seconds=18.8 gpu_alloc=467.0MiB gpu_reserved=4078.0MiB skipped_batches=0
2026-08-15 07:09:31,236 | INFO | epoch=4 batch=2075 global_step=1398 loss_reg_months=30.1130 lr=0.00019641 grad_norm=0.1036 throughput=16.50 img/s eta_seconds=9.8 gpu_alloc=467.0MiB gpu_reserved=4078.0MiB skipped_batches=0
2026-08-15 07:09:40,253 | INFO | epoch=4 batch=2100 global_step=1403 loss_reg_months=30.1021 lr=0.00019641 grad_norm=0.5705 throughput=16.51 img/s eta_seconds=0.7 gpu_alloc=358.2MiB gpu_reserved=4078.0MiB skipped_batches=0
2026-08-15 07:10:14,715 | INFO | 
TRAINING REVIEW SNAPSHOT
Run ID / config hash / split hash: P4_D1_CONVNEXTV2_TINY_FCMAE_IN1K_B6A6_SEED42 / 4a32683c6d26 / 7328667e6822+f650a20432b5
Epoch / global step: 4 / 1404
Train loss: 30.1042
Validation MAE / RMSE / median AE: 31.9979 / 42.2772 / 21.0000
MAE nam / nữ / age bins: {'F': 31.095092024539877, 'M': 32.75937904269082} / {'0-59': 98.93617021276596, '120-179': 15.055624227441285, '60-119': 44.6751269035533, '180-228': 50.8984375}
Learning rate / peak VRAM: 0.00019641 / 4078.0 MiB
Best epoch / best MAE / epochs không cải thiện: 4 / 31.9979 / 0
Cảnh báo hiện tại: KHÔNG
Checkpoint gần nhất: p1_baseline\runs\P4_D1_CONVNEXTV2_TINY_FCMAE_IN1K_B6A6_SEED42\last.ckpt
Checkpoint tốt nhất: p1_baseline\runs\P4_D1_CONVNEXTV2_TINY_FCMAE_IN1K_B6A6_SEED42\best_mae.ckpt
Đề xuất tự động: TIẾP TỤC
2026-08-15 07:10:34,395 | INFO | epoch=5 batch=25 global_step=1408 loss_reg_months=29.1737 lr=0.00019366 grad_norm=0.2345 throughput=9.68 img/s eta_seconds=1287.1 gpu_alloc=467.0MiB gpu_reserved=4078.0MiB skipped_batches=0
2026-08-15 07:10:43,364 | INFO | epoch=5 batch=50 global_step=1412 loss_reg_months=31.1094 lr=0.00019366 grad_norm=0.4040 throughput=12.26 img/s eta_seconds=1003.9 gpu_alloc=467.0MiB gpu_reserved=4078.0MiB skipped_batches=0
2026-08-15 07:10:52,352 | INFO | epoch=5 batch=75 global_step=1416 loss_reg_months=31.3627 lr=0.00019366 grad_norm=0.3438 throughput=13.45 img/s eta_seconds=904.0 gpu_alloc=467.0MiB gpu_reserved=4078.0MiB skipped_batches=0
2026-08-15 07:11:01,352 | INFO | epoch=5 batch=100 global_step=1420 loss_reg_months=30.2167 lr=0.00019366 grad_norm=0.1419 throughput=14.13 img/s eta_seconds=849.8 gpu_alloc=467.0MiB gpu_reserved=4078.0MiB skipped_batches=0
2026-08-15 07:11:10,343 | INFO | epoch=5 batch=125 global_step=1424 loss_reg_months=30.1934 lr=0.00019366 grad_norm=0.1157 throughput=14.58 img/s eta_seconds=813.5 gpu_alloc=467.0MiB gpu_reserved=4078.0MiB skipped_batches=0
2026-08-15 07:11:19,355 | INFO | epoch=5 batch=150 global_step=1429 loss_reg_months=29.7918 lr=0.00019366 grad_norm=0.3721 throughput=14.89 img/s eta_seconds=786.6 gpu_alloc=358.2MiB gpu_reserved=4078.0MiB skipped_batches=0
2026-08-15 07:11:28,360 | INFO | epoch=5 batch=175 global_step=1433 loss_reg_months=30.4535 lr=0.00019366 grad_norm=0.1409 throughput=15.12 img/s eta_seconds=764.8 gpu_alloc=467.0MiB gpu_reserved=4078.0MiB skipped_batches=0
2026-08-15 07:11:37,362 | INFO | epoch=5 batch=200 global_step=1437 loss_reg_months=29.9330 lr=0.00019366 grad_norm=0.7120 throughput=15.29 img/s eta_seconds=746.1 gpu_alloc=467.0MiB gpu_reserved=4078.0MiB skipped_batches=0
2026-08-15 07:11:46,373 | INFO | epoch=5 batch=225 global_step=1441 loss_reg_months=29.8761 lr=0.00019366 grad_norm=0.1483 throughput=15.43 img/s eta_seconds=729.6 gpu_alloc=467.0MiB gpu_reserved=4078.0MiB skipped_batches=0
2026-08-15 07:11:55,383 | INFO | epoch=5 batch=250 global_step=1445 loss_reg_months=29.6756 lr=0.00019366 grad_norm=0.1617 throughput=15.55 img/s eta_seconds=714.7 gpu_alloc=467.0MiB gpu_reserved=4078.0MiB skipped_batches=0
2026-08-15 07:12:04,381 | INFO | epoch=5 batch=275 global_step=1449 loss_reg_months=29.6435 lr=0.00019366 grad_norm=0.1019 throughput=15.64 img/s eta_seconds=700.7 gpu_alloc=467.0MiB gpu_reserved=4078.0MiB skipped_batches=0
2026-08-15 07:12:13,407 | INFO | epoch=5 batch=300 global_step=1454 loss_reg_months=29.5632 lr=0.00019366 grad_norm=0.1725 throughput=15.72 img/s eta_seconds=687.7 gpu_alloc=358.2MiB gpu_reserved=4078.0MiB skipped_batches=0
2026-08-15 07:12:22,410 | INFO | epoch=5 batch=325 global_step=1458 loss_reg_months=29.6073 lr=0.00019366 grad_norm=0.1739 throughput=15.79 img/s eta_seconds=675.2 gpu_alloc=467.0MiB gpu_reserved=4078.0MiB skipped_batches=0
2026-08-15 07:12:31,409 | INFO | epoch=5 batch=350 global_step=1462 loss_reg_months=29.8092 lr=0.00019366 grad_norm=0.6293 throughput=15.85 img/s eta_seconds=663.2 gpu_alloc=467.0MiB gpu_reserved=4078.0MiB skipped_batches=0
2026-08-15 07:12:40,415 | INFO | epoch=5 batch=375 global_step=1466 loss_reg_months=29.8857 lr=0.00019366 grad_norm=0.1745 throughput=15.90 img/s eta_seconds=651.7 gpu_alloc=467.0MiB gpu_reserved=4078.0MiB skipped_batches=0
2026-08-15 07:12:49,422 | INFO | epoch=5 batch=400 global_step=1470 loss_reg_months=29.7853 lr=0.00019366 grad_norm=0.0988 throughput=15.94 img/s eta_seconds=640.4 gpu_alloc=467.0MiB gpu_reserved=4078.0MiB skipped_batches=0
2026-08-15 07:12:58,430 | INFO | epoch=5 batch=425 global_step=1474 loss_reg_months=29.8948 lr=0.00019366 grad_norm=0.3077 throughput=15.98 img/s eta_seconds=629.4 gpu_alloc=467.0MiB gpu_reserved=4078.0MiB skipped_batches=0
2026-08-15 07:13:07,456 | INFO | epoch=5 batch=450 global_step=1479 loss_reg_months=29.8911 lr=0.00019366 grad_norm=0.3752 throughput=16.02 img/s eta_seconds=618.7 gpu_alloc=358.2MiB gpu_reserved=4078.0MiB skipped_batches=0
2026-08-15 07:13:16,460 | INFO | epoch=5 batch=475 global_step=1483 loss_reg_months=29.9547 lr=0.00019366 grad_norm=0.2532 throughput=16.05 img/s eta_seconds=608.1 gpu_alloc=467.0MiB gpu_reserved=4078.0MiB skipped_batches=0
2026-08-15 07:13:25,470 | INFO | epoch=5 batch=500 global_step=1487 loss_reg_months=30.0307 lr=0.00019366 grad_norm=0.3637 throughput=16.08 img/s eta_seconds=597.7 gpu_alloc=467.0MiB gpu_reserved=4078.0MiB skipped_batches=0
2026-08-15 07:13:34,467 | INFO | epoch=5 batch=525 global_step=1491 loss_reg_months=29.9689 lr=0.00019366 grad_norm=0.1985 throughput=16.11 img/s eta_seconds=587.4 gpu_alloc=467.0MiB gpu_reserved=4078.0MiB skipped_batches=0
2026-08-15 07:13:43,465 | INFO | epoch=5 batch=550 global_step=1495 loss_reg_months=29.9425 lr=0.00019366 grad_norm=0.0996 throughput=16.13 img/s eta_seconds=577.2 gpu_alloc=467.0MiB gpu_reserved=4078.0MiB skipped_batches=0
2026-08-15 07:13:52,462 | INFO | epoch=5 batch=575 global_step=1499 loss_reg_months=30.0500 lr=0.00019366 grad_norm=0.6466 throughput=16.15 img/s eta_seconds=567.1 gpu_alloc=467.0MiB gpu_reserved=4078.0MiB skipped_batches=0
2026-08-15 07:14:02,174 | INFO | epoch=5 batch=600 global_step=1504 loss_reg_months=29.9626 lr=0.00019366 grad_norm=0.4228 throughput=16.12 img/s eta_seconds=558.9 gpu_alloc=358.2MiB gpu_reserved=4078.0MiB skipped_batches=0
2026-08-15 07:14:11,174 | INFO | epoch=5 batch=625 global_step=1508 loss_reg_months=29.9770 lr=0.00019366 grad_norm=0.2785 throughput=16.14 img/s eta_seconds=548.8 gpu_alloc=467.0MiB gpu_reserved=4078.0MiB skipped_batches=0
2026-08-15 07:14:20,176 | INFO | epoch=5 batch=650 global_step=1512 loss_reg_months=29.9994 lr=0.00019366 grad_norm=0.2172 throughput=16.16 img/s eta_seconds=538.9 gpu_alloc=467.0MiB gpu_reserved=4078.0MiB skipped_batches=0
2026-08-15 07:14:29,179 | INFO | epoch=5 batch=675 global_step=1516 loss_reg_months=30.0668 lr=0.00019366 grad_norm=0.2236 throughput=16.18 img/s eta_seconds=529.0 gpu_alloc=467.0MiB gpu_reserved=4078.0MiB skipped_batches=0
2026-08-15 07:14:38,186 | INFO | epoch=5 batch=700 global_step=1520 loss_reg_months=30.0659 lr=0.00019366 grad_norm=0.3537 throughput=16.20 img/s eta_seconds=519.3 gpu_alloc=467.0MiB gpu_reserved=4078.0MiB skipped_batches=0
2026-08-15 07:14:47,187 | INFO | epoch=5 batch=725 global_step=1524 loss_reg_months=30.0484 lr=0.00019366 grad_norm=0.1861 throughput=16.21 img/s eta_seconds=509.5 gpu_alloc=467.0MiB gpu_reserved=4078.0MiB skipped_batches=0
2026-08-15 07:14:56,202 | INFO | epoch=5 batch=750 global_step=1529 loss_reg_months=30.0328 lr=0.00019366 grad_norm=0.1216 throughput=16.23 img/s eta_seconds=499.8 gpu_alloc=358.2MiB gpu_reserved=4078.0MiB skipped_batches=0
2026-08-15 07:15:05,219 | INFO | epoch=5 batch=775 global_step=1533 loss_reg_months=29.9440 lr=0.00019366 grad_norm=0.5462 throughput=16.24 img/s eta_seconds=490.2 gpu_alloc=467.0MiB gpu_reserved=4078.0MiB skipped_batches=0
2026-08-15 07:15:14,213 | INFO | epoch=5 batch=800 global_step=1537 loss_reg_months=29.9919 lr=0.00019366 grad_norm=0.2641 throughput=16.25 img/s eta_seconds=480.6 gpu_alloc=467.0MiB gpu_reserved=4078.0MiB skipped_batches=0
2026-08-15 07:15:23,213 | INFO | epoch=5 batch=825 global_step=1541 loss_reg_months=30.0325 lr=0.00019366 grad_norm=0.4239 throughput=16.27 img/s eta_seconds=471.0 gpu_alloc=467.0MiB gpu_reserved=4078.0MiB skipped_batches=0
2026-08-15 07:15:32,223 | INFO | epoch=5 batch=850 global_step=1545 loss_reg_months=30.0878 lr=0.00019366 grad_norm=0.1446 throughput=16.28 img/s eta_seconds=461.4 gpu_alloc=467.0MiB gpu_reserved=4078.0MiB skipped_batches=0
2026-08-15 07:15:41,229 | INFO | epoch=5 batch=875 global_step=1549 loss_reg_months=30.0491 lr=0.00019366 grad_norm=0.2488 throughput=16.29 img/s eta_seconds=451.9 gpu_alloc=467.0MiB gpu_reserved=4078.0MiB skipped_batches=0
2026-08-15 07:15:50,256 | INFO | epoch=5 batch=900 global_step=1554 loss_reg_months=30.0355 lr=0.00019366 grad_norm=0.3319 throughput=16.30 img/s eta_seconds=442.5 gpu_alloc=358.2MiB gpu_reserved=4078.0MiB skipped_batches=0
2026-08-15 07:15:59,265 | INFO | epoch=5 batch=925 global_step=1558 loss_reg_months=30.0522 lr=0.00019366 grad_norm=0.2230 throughput=16.31 img/s eta_seconds=433.0 gpu_alloc=467.0MiB gpu_reserved=4078.0MiB skipped_batches=0
2026-08-15 07:16:08,281 | INFO | epoch=5 batch=950 global_step=1562 loss_reg_months=29.9887 lr=0.00019366 grad_norm=0.0988 throughput=16.31 img/s eta_seconds=423.6 gpu_alloc=467.0MiB gpu_reserved=4078.0MiB skipped_batches=0
2026-08-15 07:16:17,291 | INFO | epoch=5 batch=975 global_step=1566 loss_reg_months=29.9987 lr=0.00019366 grad_norm=0.2623 throughput=16.32 img/s eta_seconds=414.2 gpu_alloc=467.0MiB gpu_reserved=4078.0MiB skipped_batches=0
2026-08-15 07:16:26,297 | INFO | epoch=5 batch=1000 global_step=1570 loss_reg_months=29.9558 lr=0.00019366 grad_norm=0.1099 throughput=16.33 img/s eta_seconds=404.8 gpu_alloc=467.0MiB gpu_reserved=4078.0MiB skipped_batches=0
2026-08-15 07:16:35,299 | INFO | epoch=5 batch=1025 global_step=1574 loss_reg_months=29.9231 lr=0.00019366 grad_norm=0.0878 throughput=16.34 img/s eta_seconds=395.4 gpu_alloc=467.0MiB gpu_reserved=4078.0MiB skipped_batches=0
2026-08-15 07:16:44,324 | INFO | epoch=5 batch=1050 global_step=1579 loss_reg_months=29.8818 lr=0.00019366 grad_norm=0.1323 throughput=16.35 img/s eta_seconds=386.1 gpu_alloc=358.2MiB gpu_reserved=4078.0MiB skipped_batches=0
2026-08-15 07:16:53,328 | INFO | epoch=5 batch=1075 global_step=1583 loss_reg_months=29.9563 lr=0.00019366 grad_norm=0.1915 throughput=16.35 img/s eta_seconds=376.8 gpu_alloc=467.0MiB gpu_reserved=4078.0MiB skipped_batches=0
2026-08-15 07:17:02,330 | INFO | epoch=5 batch=1100 global_step=1587 loss_reg_months=29.9507 lr=0.00019366 grad_norm=0.4548 throughput=16.36 img/s eta_seconds=367.4 gpu_alloc=467.0MiB gpu_reserved=4078.0MiB skipped_batches=0
2026-08-15 07:17:11,332 | INFO | epoch=5 batch=1125 global_step=1591 loss_reg_months=29.9280 lr=0.00019366 grad_norm=0.1681 throughput=16.37 img/s eta_seconds=358.1 gpu_alloc=467.0MiB gpu_reserved=4078.0MiB skipped_batches=0
2026-08-15 07:17:20,334 | INFO | epoch=5 batch=1150 global_step=1595 loss_reg_months=29.9495 lr=0.00019366 grad_norm=0.2199 throughput=16.37 img/s eta_seconds=348.8 gpu_alloc=467.0MiB gpu_reserved=4078.0MiB skipped_batches=0
2026-08-15 07:17:29,337 | INFO | epoch=5 batch=1175 global_step=1599 loss_reg_months=29.9214 lr=0.00019366 grad_norm=0.1921 throughput=16.38 img/s eta_seconds=339.5 gpu_alloc=467.0MiB gpu_reserved=4078.0MiB skipped_batches=0
2026-08-15 07:17:38,347 | INFO | epoch=5 batch=1200 global_step=1604 loss_reg_months=29.9002 lr=0.00019366 grad_norm=0.1940 throughput=16.38 img/s eta_seconds=330.3 gpu_alloc=358.2MiB gpu_reserved=4078.0MiB skipped_batches=0
2026-08-15 07:17:47,343 | INFO | epoch=5 batch=1225 global_step=1608 loss_reg_months=29.8913 lr=0.00019366 grad_norm=0.1428 throughput=16.39 img/s eta_seconds=321.0 gpu_alloc=467.0MiB gpu_reserved=4078.0MiB skipped_batches=0
2026-08-15 07:17:56,349 | INFO | epoch=5 batch=1250 global_step=1612 loss_reg_months=29.8710 lr=0.00019366 grad_norm=0.2056 throughput=16.40 img/s eta_seconds=311.7 gpu_alloc=467.0MiB gpu_reserved=4078.0MiB skipped_batches=0
2026-08-15 07:18:05,352 | INFO | epoch=5 batch=1275 global_step=1616 loss_reg_months=29.8207 lr=0.00019366 grad_norm=0.1492 throughput=16.40 img/s eta_seconds=302.5 gpu_alloc=467.0MiB gpu_reserved=4078.0MiB skipped_batches=0
2026-08-15 07:18:14,354 | INFO | epoch=5 batch=1300 global_step=1620 loss_reg_months=29.8536 lr=0.00019366 grad_norm=0.1738 throughput=16.41 img/s eta_seconds=293.3 gpu_alloc=467.0MiB gpu_reserved=4078.0MiB skipped_batches=0
2026-08-15 07:18:23,361 | INFO | epoch=5 batch=1325 global_step=1624 loss_reg_months=29.8088 lr=0.00019366 grad_norm=0.2088 throughput=16.41 img/s eta_seconds=284.0 gpu_alloc=467.0MiB gpu_reserved=4078.0MiB skipped_batches=0
2026-08-15 07:18:32,379 | INFO | epoch=5 batch=1350 global_step=1629 loss_reg_months=29.8433 lr=0.00019366 grad_norm=0.1704 throughput=16.41 img/s eta_seconds=274.8 gpu_alloc=358.2MiB gpu_reserved=4078.0MiB skipped_batches=0
2026-08-15 07:18:41,391 | INFO | epoch=5 batch=1375 global_step=1633 loss_reg_months=29.8486 lr=0.00019366 grad_norm=0.1343 throughput=16.42 img/s eta_seconds=265.6 gpu_alloc=467.0MiB gpu_reserved=4078.0MiB skipped_batches=0
2026-08-15 07:18:50,398 | INFO | epoch=5 batch=1400 global_step=1637 loss_reg_months=29.8378 lr=0.00019366 grad_norm=0.4260 throughput=16.42 img/s eta_seconds=256.4 gpu_alloc=467.0MiB gpu_reserved=4078.0MiB skipped_batches=0
2026-08-15 07:18:59,396 | INFO | epoch=5 batch=1425 global_step=1641 loss_reg_months=29.8324 lr=0.00019366 grad_norm=0.2007 throughput=16.43 img/s eta_seconds=247.2 gpu_alloc=467.0MiB gpu_reserved=4078.0MiB skipped_batches=0
2026-08-15 07:19:08,394 | INFO | epoch=5 batch=1450 global_step=1645 loss_reg_months=29.8927 lr=0.00019366 grad_norm=0.1749 throughput=16.43 img/s eta_seconds=238.0 gpu_alloc=467.0MiB gpu_reserved=4078.0MiB skipped_batches=0
2026-08-15 07:19:17,399 | INFO | epoch=5 batch=1475 global_step=1649 loss_reg_months=29.8900 lr=0.00019366 grad_norm=0.1701 throughput=16.43 img/s eta_seconds=228.8 gpu_alloc=467.0MiB gpu_reserved=4078.0MiB skipped_batches=0
2026-08-15 07:19:26,433 | INFO | epoch=5 batch=1500 global_step=1654 loss_reg_months=29.9589 lr=0.00019366 grad_norm=0.1774 throughput=16.44 img/s eta_seconds=219.7 gpu_alloc=358.2MiB gpu_reserved=4078.0MiB skipped_batches=0
2026-08-15 07:19:35,459 | INFO | epoch=5 batch=1525 global_step=1658 loss_reg_months=29.9934 lr=0.00019366 grad_norm=0.1271 throughput=16.44 img/s eta_seconds=210.5 gpu_alloc=467.0MiB gpu_reserved=4078.0MiB skipped_batches=0
2026-08-15 07:19:44,463 | INFO | epoch=5 batch=1550 global_step=1662 loss_reg_months=29.9872 lr=0.00019366 grad_norm=0.2625 throughput=16.44 img/s eta_seconds=201.4 gpu_alloc=467.0MiB gpu_reserved=4078.0MiB skipped_batches=0
2026-08-15 07:19:53,474 | INFO | epoch=5 batch=1575 global_step=1666 loss_reg_months=29.9437 lr=0.00019366 grad_norm=0.1600 throughput=16.45 img/s eta_seconds=192.2 gpu_alloc=467.0MiB gpu_reserved=4078.0MiB skipped_batches=0
2026-08-15 07:20:02,486 | INFO | epoch=5 batch=1600 global_step=1670 loss_reg_months=29.9461 lr=0.00019366 grad_norm=0.2550 throughput=16.45 img/s eta_seconds=183.0 gpu_alloc=467.0MiB gpu_reserved=4078.0MiB skipped_batches=0
2026-08-15 07:20:11,488 | INFO | epoch=5 batch=1625 global_step=1674 loss_reg_months=29.9558 lr=0.00019366 grad_norm=0.0929 throughput=16.45 img/s eta_seconds=173.9 gpu_alloc=467.0MiB gpu_reserved=4078.0MiB skipped_batches=0
2026-08-15 07:20:20,512 | INFO | epoch=5 batch=1650 global_step=1679 loss_reg_months=29.9434 lr=0.00019366 grad_norm=0.2273 throughput=16.46 img/s eta_seconds=164.7 gpu_alloc=358.2MiB gpu_reserved=4078.0MiB skipped_batches=0
2026-08-15 07:20:29,520 | INFO | epoch=5 batch=1675 global_step=1683 loss_reg_months=29.9510 lr=0.00019366 grad_norm=0.2434 throughput=16.46 img/s eta_seconds=155.6 gpu_alloc=467.0MiB gpu_reserved=4078.0MiB skipped_batches=0
2026-08-15 07:20:38,529 | INFO | epoch=5 batch=1700 global_step=1687 loss_reg_months=29.9515 lr=0.00019366 grad_norm=0.3177 throughput=16.46 img/s eta_seconds=146.5 gpu_alloc=467.0MiB gpu_reserved=4078.0MiB skipped_batches=0
2026-08-15 07:20:47,535 | INFO | epoch=5 batch=1725 global_step=1691 loss_reg_months=29.9624 lr=0.00019366 grad_norm=0.3825 throughput=16.46 img/s eta_seconds=137.3 gpu_alloc=467.0MiB gpu_reserved=4078.0MiB skipped_batches=0
2026-08-15 07:20:56,543 | INFO | epoch=5 batch=1750 global_step=1695 loss_reg_months=29.9800 lr=0.00019366 grad_norm=0.3006 throughput=16.47 img/s eta_seconds=128.2 gpu_alloc=467.0MiB gpu_reserved=4078.0MiB skipped_batches=0
2026-08-15 07:21:05,548 | INFO | epoch=5 batch=1775 global_step=1699 loss_reg_months=29.9900 lr=0.00019366 grad_norm=0.1704 throughput=16.47 img/s eta_seconds=119.1 gpu_alloc=467.0MiB gpu_reserved=4078.0MiB skipped_batches=0
2026-08-15 07:21:14,563 | INFO | epoch=5 batch=1800 global_step=1704 loss_reg_months=30.0073 lr=0.00019366 grad_norm=0.1986 throughput=16.47 img/s eta_seconds=109.9 gpu_alloc=358.2MiB gpu_reserved=4078.0MiB skipped_batches=0
2026-08-15 07:21:23,562 | INFO | epoch=5 batch=1825 global_step=1708 loss_reg_months=30.0484 lr=0.00019366 grad_norm=0.2728 throughput=16.47 img/s eta_seconds=100.8 gpu_alloc=467.0MiB gpu_reserved=4078.0MiB skipped_batches=0
2026-08-15 07:21:32,566 | INFO | epoch=5 batch=1850 global_step=1712 loss_reg_months=30.0677 lr=0.00019366 grad_norm=0.1737 throughput=16.48 img/s eta_seconds=91.7 gpu_alloc=467.0MiB gpu_reserved=4078.0MiB skipped_batches=0
2026-08-15 07:21:41,577 | INFO | epoch=5 batch=1875 global_step=1716 loss_reg_months=30.0622 lr=0.00019366 grad_norm=0.2312 throughput=16.48 img/s eta_seconds=82.6 gpu_alloc=467.0MiB gpu_reserved=4078.0MiB skipped_batches=0
2026-08-15 07:21:50,590 | INFO | epoch=5 batch=1900 global_step=1720 loss_reg_months=30.0502 lr=0.00019366 grad_norm=0.3762 throughput=16.48 img/s eta_seconds=73.5 gpu_alloc=467.0MiB gpu_reserved=4078.0MiB skipped_batches=0
2026-08-15 07:21:59,589 | INFO | epoch=5 batch=1925 global_step=1724 loss_reg_months=30.0558 lr=0.00019366 grad_norm=0.5218 throughput=16.48 img/s eta_seconds=64.4 gpu_alloc=467.0MiB gpu_reserved=4078.0MiB skipped_batches=0
2026-08-15 07:22:08,607 | INFO | epoch=5 batch=1950 global_step=1729 loss_reg_months=30.0399 lr=0.00019366 grad_norm=0.1304 throughput=16.49 img/s eta_seconds=55.3 gpu_alloc=358.2MiB gpu_reserved=4078.0MiB skipped_batches=0
2026-08-15 07:22:17,607 | INFO | epoch=5 batch=1975 global_step=1733 loss_reg_months=30.0870 lr=0.00019366 grad_norm=0.1245 throughput=16.49 img/s eta_seconds=46.2 gpu_alloc=467.0MiB gpu_reserved=4078.0MiB skipped_batches=0
2026-08-15 07:22:26,603 | INFO | epoch=5 batch=2000 global_step=1737 loss_reg_months=30.0214 lr=0.00019366 grad_norm=0.1320 throughput=16.49 img/s eta_seconds=37.1 gpu_alloc=467.0MiB gpu_reserved=4078.0MiB skipped_batches=0
2026-08-15 07:22:35,606 | INFO | epoch=5 batch=2025 global_step=1741 loss_reg_months=30.0003 lr=0.00019366 grad_norm=0.1037 throughput=16.49 img/s eta_seconds=28.0 gpu_alloc=467.0MiB gpu_reserved=4078.0MiB skipped_batches=0
2026-08-15 07:22:44,625 | INFO | epoch=5 batch=2050 global_step=1745 loss_reg_months=30.0304 lr=0.00019366 grad_norm=0.1625 throughput=16.49 img/s eta_seconds=18.9 gpu_alloc=467.0MiB gpu_reserved=4078.0MiB skipped_batches=0
2026-08-15 07:22:53,625 | INFO | epoch=5 batch=2075 global_step=1749 loss_reg_months=30.0628 lr=0.00019366 grad_norm=0.1224 throughput=16.50 img/s eta_seconds=9.8 gpu_alloc=467.0MiB gpu_reserved=4078.0MiB skipped_batches=0
2026-08-15 07:23:02,651 | INFO | epoch=5 batch=2100 global_step=1754 loss_reg_months=30.0828 lr=0.00019366 grad_norm=0.4706 throughput=16.50 img/s eta_seconds=0.7 gpu_alloc=358.2MiB gpu_reserved=4078.0MiB skipped_batches=0
2026-08-15 07:23:37,013 | INFO | 
TRAINING REVIEW SNAPSHOT
Run ID / config hash / split hash: P4_D1_CONVNEXTV2_TINY_FCMAE_IN1K_B6A6_SEED42 / 4a32683c6d26 / 7328667e6822+f650a20432b5
Epoch / global step: 5 / 1755
Train loss: 30.0946
Validation MAE / RMSE / median AE: 31.9628 / 42.4381 / 21.5000
MAE nam / nữ / age bins: {'F': 31.062883435582823, 'M': 32.721862871927556} / {'0-59': 99.23404255319149, '120-179': 14.986402966625464, '60-119': 44.795685279187815, '180-228': 50.35546875}
Learning rate / peak VRAM: 0.00019366 / 4078.0 MiB
Best epoch / best MAE / epochs không cải thiện: 5 / 31.9628 / 0
Cảnh báo hiện tại: KHÔNG
Checkpoint gần nhất: p1_baseline\runs\P4_D1_CONVNEXTV2_TINY_FCMAE_IN1K_B6A6_SEED42\last.ckpt
Checkpoint tốt nhất: p1_baseline\runs\P4_D1_CONVNEXTV2_TINY_FCMAE_IN1K_B6A6_SEED42\best_mae.ckpt
Đề xuất tự động: TIẾP TỤC
2026-08-15 07:23:56,367 | INFO | epoch=6 batch=25 global_step=1759 loss_reg_months=32.6014 lr=0.00019015 grad_norm=0.2247 throughput=9.56 img/s eta_seconds=1304.1 gpu_alloc=467.0MiB gpu_reserved=4078.0MiB skipped_batches=0
2026-08-15 07:24:05,346 | INFO | epoch=6 batch=50 global_step=1763 loss_reg_months=32.6459 lr=0.00019015 grad_norm=0.1176 throughput=12.16 img/s eta_seconds=1012.6 gpu_alloc=467.0MiB gpu_reserved=4078.0MiB skipped_batches=0
2026-08-15 07:24:14,336 | INFO | epoch=6 batch=75 global_step=1767 loss_reg_months=32.2614 lr=0.00019015 grad_norm=0.1577 throughput=13.37 img/s eta_seconds=909.8 gpu_alloc=467.0MiB gpu_reserved=4078.0MiB skipped_batches=0
2026-08-15 07:24:23,329 | INFO | epoch=6 batch=100 global_step=1771 loss_reg_months=31.2072 lr=0.00019015 grad_norm=0.2066 throughput=14.06 img/s eta_seconds=854.0 gpu_alloc=467.0MiB gpu_reserved=4078.0MiB skipped_batches=0
2026-08-15 07:24:32,324 | INFO | epoch=6 batch=125 global_step=1775 loss_reg_months=30.5090 lr=0.00019015 grad_norm=0.1466 throughput=14.52 img/s eta_seconds=816.9 gpu_alloc=467.0MiB gpu_reserved=4078.0MiB skipped_batches=0
2026-08-15 07:24:41,338 | INFO | epoch=6 batch=150 global_step=1780 loss_reg_months=30.5230 lr=0.00019015 grad_norm=0.1194 throughput=14.83 img/s eta_seconds=789.4 gpu_alloc=358.2MiB gpu_reserved=4078.0MiB skipped_batches=0
2026-08-15 07:24:50,339 | INFO | epoch=6 batch=175 global_step=1784 loss_reg_months=30.9451 lr=0.00019015 grad_norm=0.1262 throughput=15.07 img/s eta_seconds=767.1 gpu_alloc=467.0MiB gpu_reserved=4078.0MiB skipped_batches=0
2026-08-15 07:24:59,331 | INFO | epoch=6 batch=200 global_step=1788 loss_reg_months=30.8114 lr=0.00019015 grad_norm=0.4399 throughput=15.26 img/s eta_seconds=748.0 gpu_alloc=467.0MiB gpu_reserved=4078.0MiB skipped_batches=0
2026-08-15 07:25:08,329 | INFO | epoch=6 batch=225 global_step=1792 loss_reg_months=30.4854 lr=0.00019015 grad_norm=0.1608 throughput=15.40 img/s eta_seconds=731.2 gpu_alloc=467.0MiB gpu_reserved=4078.0MiB skipped_batches=0
2026-08-15 07:25:17,326 | INFO | epoch=6 batch=250 global_step=1796 loss_reg_months=30.4301 lr=0.00019015 grad_norm=0.3326 throughput=15.52 img/s eta_seconds=716.0 gpu_alloc=467.0MiB gpu_reserved=4078.0MiB skipped_batches=0
2026-08-15 07:25:26,324 | INFO | epoch=6 batch=275 global_step=1800 loss_reg_months=30.5396 lr=0.00019015 grad_norm=0.4379 throughput=15.62 img/s eta_seconds=701.9 gpu_alloc=467.0MiB gpu_reserved=4078.0MiB skipped_batches=0
2026-08-15 07:25:35,344 | INFO | epoch=6 batch=300 global_step=1805 loss_reg_months=30.3732 lr=0.00019015 grad_norm=0.3073 throughput=15.70 img/s eta_seconds=688.8 gpu_alloc=358.2MiB gpu_reserved=4078.0MiB skipped_batches=0
2026-08-15 07:25:44,350 | INFO | epoch=6 batch=325 global_step=1809 loss_reg_months=30.2717 lr=0.00019015 grad_norm=0.1777 throughput=15.77 img/s eta_seconds=676.2 gpu_alloc=467.0MiB gpu_reserved=4078.0MiB skipped_batches=0
2026-08-15 07:25:53,348 | INFO | epoch=6 batch=350 global_step=1813 loss_reg_months=30.4608 lr=0.00019015 grad_norm=0.2100 throughput=15.83 img/s eta_seconds=664.1 gpu_alloc=467.0MiB gpu_reserved=4078.0MiB skipped_batches=0
2026-08-15 07:26:02,355 | INFO | epoch=6 batch=375 global_step=1817 loss_reg_months=30.5585 lr=0.00019015 grad_norm=0.2820 throughput=15.88 img/s eta_seconds=652.5 gpu_alloc=467.0MiB gpu_reserved=4078.0MiB skipped_batches=0
2026-08-15 07:26:11,359 | INFO | epoch=6 batch=400 global_step=1821 loss_reg_months=30.5672 lr=0.00019015 grad_norm=0.2233 throughput=15.93 img/s eta_seconds=641.1 gpu_alloc=467.0MiB gpu_reserved=4078.0MiB skipped_batches=0
2026-08-15 07:26:20,358 | INFO | epoch=6 batch=425 global_step=1825 loss_reg_months=30.3233 lr=0.00019015 grad_norm=0.3761 throughput=15.97 img/s eta_seconds=630.0 gpu_alloc=467.0MiB gpu_reserved=4078.0MiB skipped_batches=0
2026-08-15 07:26:29,380 | INFO | epoch=6 batch=450 global_step=1830 loss_reg_months=30.4284 lr=0.00019015 grad_norm=0.1870 throughput=16.00 img/s eta_seconds=619.3 gpu_alloc=358.2MiB gpu_reserved=4078.0MiB skipped_batches=0
2026-08-15 07:26:38,378 | INFO | epoch=6 batch=475 global_step=1834 loss_reg_months=30.4325 lr=0.00019015 grad_norm=0.1650 throughput=16.04 img/s eta_seconds=608.6 gpu_alloc=467.0MiB gpu_reserved=4078.0MiB skipped_batches=0
2026-08-15 07:26:47,374 | INFO | epoch=6 batch=500 global_step=1838 loss_reg_months=30.4801 lr=0.00019015 grad_norm=0.2366 throughput=16.07 img/s eta_seconds=598.1 gpu_alloc=467.0MiB gpu_reserved=4078.0MiB skipped_batches=0
2026-08-15 07:26:56,376 | INFO | epoch=6 batch=525 global_step=1842 loss_reg_months=30.4162 lr=0.00019015 grad_norm=0.1743 throughput=16.10 img/s eta_seconds=587.8 gpu_alloc=467.0MiB gpu_reserved=4078.0MiB skipped_batches=0
2026-08-15 07:27:05,377 | INFO | epoch=6 batch=550 global_step=1846 loss_reg_months=30.3522 lr=0.00019015 grad_norm=0.3207 throughput=16.12 img/s eta_seconds=577.6 gpu_alloc=467.0MiB gpu_reserved=4078.0MiB skipped_batches=0
2026-08-15 07:27:14,376 | INFO | epoch=6 batch=575 global_step=1850 loss_reg_months=30.2515 lr=0.00019015 grad_norm=0.1740 throughput=16.14 img/s eta_seconds=567.5 gpu_alloc=467.0MiB gpu_reserved=4078.0MiB skipped_batches=0
2026-08-15 07:27:23,405 | INFO | epoch=6 batch=600 global_step=1855 loss_reg_months=30.2614 lr=0.00019015 grad_norm=0.2161 throughput=16.16 img/s eta_seconds=557.5 gpu_alloc=358.2MiB gpu_reserved=4078.0MiB skipped_batches=0
2026-08-15 07:27:32,413 | INFO | epoch=6 batch=625 global_step=1859 loss_reg_months=30.2805 lr=0.00019015 grad_norm=0.1616 throughput=16.18 img/s eta_seconds=547.6 gpu_alloc=467.0MiB gpu_reserved=4078.0MiB skipped_batches=0
2026-08-15 07:27:41,426 | INFO | epoch=6 batch=650 global_step=1863 loss_reg_months=30.2425 lr=0.00019015 grad_norm=0.1406 throughput=16.20 img/s eta_seconds=537.8 gpu_alloc=467.0MiB gpu_reserved=4078.0MiB skipped_batches=0
2026-08-15 07:27:50,427 | INFO | epoch=6 batch=675 global_step=1867 loss_reg_months=30.0955 lr=0.00019015 grad_norm=0.2769 throughput=16.22 img/s eta_seconds=527.9 gpu_alloc=467.0MiB gpu_reserved=4078.0MiB skipped_batches=0
2026-08-15 07:27:59,440 | INFO | epoch=6 batch=700 global_step=1871 loss_reg_months=30.1336 lr=0.00019015 grad_norm=0.2121 throughput=16.23 img/s eta_seconds=518.2 gpu_alloc=467.0MiB gpu_reserved=4078.0MiB skipped_batches=0
2026-08-15 07:28:08,445 | INFO | epoch=6 batch=725 global_step=1875 loss_reg_months=30.0152 lr=0.00019015 grad_norm=0.2880 throughput=16.24 img/s eta_seconds=508.5 gpu_alloc=467.0MiB gpu_reserved=4078.0MiB skipped_batches=0
2026-08-15 07:28:17,471 | INFO | epoch=6 batch=750 global_step=1880 loss_reg_months=29.9595 lr=0.00019015 grad_norm=0.3369 throughput=16.26 img/s eta_seconds=498.9 gpu_alloc=358.2MiB gpu_reserved=4078.0MiB skipped_batches=0
2026-08-15 07:28:26,480 | INFO | epoch=6 batch=775 global_step=1884 loss_reg_months=30.0470 lr=0.00019015 grad_norm=0.2866 throughput=16.27 img/s eta_seconds=489.3 gpu_alloc=467.0MiB gpu_reserved=4078.0MiB skipped_batches=0
2026-08-15 07:28:35,483 | INFO | epoch=6 batch=800 global_step=1888 loss_reg_months=29.9879 lr=0.00019015 grad_norm=0.1257 throughput=16.28 img/s eta_seconds=479.7 gpu_alloc=467.0MiB gpu_reserved=4078.0MiB skipped_batches=0
2026-08-15 07:28:44,485 | INFO | epoch=6 batch=825 global_step=1892 loss_reg_months=30.0626 lr=0.00019015 grad_norm=0.3414 throughput=16.29 img/s eta_seconds=470.2 gpu_alloc=467.0MiB gpu_reserved=4078.0MiB skipped_batches=0
2026-08-15 07:28:53,489 | INFO | epoch=6 batch=850 global_step=1896 loss_reg_months=30.0561 lr=0.00019015 grad_norm=0.2199 throughput=16.30 img/s eta_seconds=460.7 gpu_alloc=467.0MiB gpu_reserved=4078.0MiB skipped_batches=0
2026-08-15 07:29:02,490 | INFO | epoch=6 batch=875 global_step=1900 loss_reg_months=30.0156 lr=0.00019015 grad_norm=0.2591 throughput=16.31 img/s eta_seconds=451.2 gpu_alloc=467.0MiB gpu_reserved=4078.0MiB skipped_batches=0
2026-08-15 07:29:11,515 | INFO | epoch=6 batch=900 global_step=1905 loss_reg_months=30.0559 lr=0.00019015 grad_norm=0.2468 throughput=16.32 img/s eta_seconds=441.8 gpu_alloc=358.2MiB gpu_reserved=4078.0MiB skipped_batches=0
2026-08-15 07:29:20,523 | INFO | epoch=6 batch=925 global_step=1909 loss_reg_months=30.0487 lr=0.00019015 grad_norm=0.2690 throughput=16.33 img/s eta_seconds=432.4 gpu_alloc=467.0MiB gpu_reserved=4078.0MiB skipped_batches=0
2026-08-15 07:29:29,527 | INFO | epoch=6 batch=950 global_step=1913 loss_reg_months=30.1713 lr=0.00019015 grad_norm=0.1236 throughput=16.34 img/s eta_seconds=423.0 gpu_alloc=467.0MiB gpu_reserved=4078.0MiB skipped_batches=0
2026-08-15 07:29:38,532 | INFO | epoch=6 batch=975 global_step=1917 loss_reg_months=30.0909 lr=0.00019015 grad_norm=0.1100 throughput=16.35 img/s eta_seconds=413.6 gpu_alloc=467.0MiB gpu_reserved=4078.0MiB skipped_batches=0
2026-08-15 07:29:47,535 | INFO | epoch=6 batch=1000 global_step=1921 loss_reg_months=30.1280 lr=0.00019015 grad_norm=0.1404 throughput=16.35 img/s eta_seconds=404.2 gpu_alloc=467.0MiB gpu_reserved=4078.0MiB skipped_batches=0
2026-08-15 07:29:56,540 | INFO | epoch=6 batch=1025 global_step=1925 loss_reg_months=30.1171 lr=0.00019015 grad_norm=0.3887 throughput=16.36 img/s eta_seconds=394.9 gpu_alloc=467.0MiB gpu_reserved=4078.0MiB skipped_batches=0
2026-08-15 07:30:05,558 | INFO | epoch=6 batch=1050 global_step=1930 loss_reg_months=30.1193 lr=0.00019015 grad_norm=0.2749 throughput=16.37 img/s eta_seconds=385.6 gpu_alloc=358.2MiB gpu_reserved=4078.0MiB skipped_batches=0
2026-08-15 07:30:14,558 | INFO | epoch=6 batch=1075 global_step=1934 loss_reg_months=30.1750 lr=0.00019015 grad_norm=0.2253 throughput=16.38 img/s eta_seconds=376.2 gpu_alloc=467.0MiB gpu_reserved=4078.0MiB skipped_batches=0
2026-08-15 07:30:23,562 | INFO | epoch=6 batch=1100 global_step=1938 loss_reg_months=30.1871 lr=0.00019015 grad_norm=0.1547 throughput=16.38 img/s eta_seconds=366.9 gpu_alloc=467.0MiB gpu_reserved=4078.0MiB skipped_batches=0
2026-08-15 07:30:32,561 | INFO | epoch=6 batch=1125 global_step=1942 loss_reg_months=30.2361 lr=0.00019015 grad_norm=0.1171 throughput=16.39 img/s eta_seconds=357.6 gpu_alloc=467.0MiB gpu_reserved=4078.0MiB skipped_batches=0
2026-08-15 07:30:41,561 | INFO | epoch=6 batch=1150 global_step=1946 loss_reg_months=30.2178 lr=0.00019015 grad_norm=0.2086 throughput=16.39 img/s eta_seconds=348.4 gpu_alloc=467.0MiB gpu_reserved=4078.0MiB skipped_batches=0
2026-08-15 07:30:50,562 | INFO | epoch=6 batch=1175 global_step=1950 loss_reg_months=30.2267 lr=0.00019015 grad_norm=0.0944 throughput=16.40 img/s eta_seconds=339.1 gpu_alloc=467.0MiB gpu_reserved=4078.0MiB skipped_batches=0
2026-08-15 07:30:59,587 | INFO | epoch=6 batch=1200 global_step=1955 loss_reg_months=30.2352 lr=0.00019015 grad_norm=0.2527 throughput=16.40 img/s eta_seconds=329.9 gpu_alloc=358.2MiB gpu_reserved=4078.0MiB skipped_batches=0
2026-08-15 07:31:08,596 | INFO | epoch=6 batch=1225 global_step=1959 loss_reg_months=30.1530 lr=0.00019015 grad_norm=0.2641 throughput=16.41 img/s eta_seconds=320.6 gpu_alloc=467.0MiB gpu_reserved=4078.0MiB skipped_batches=0
2026-08-15 07:31:17,609 | INFO | epoch=6 batch=1250 global_step=1963 loss_reg_months=30.1478 lr=0.00019015 grad_norm=0.2802 throughput=16.41 img/s eta_seconds=311.4 gpu_alloc=467.0MiB gpu_reserved=4078.0MiB skipped_batches=0
2026-08-15 07:31:26,619 | INFO | epoch=6 batch=1275 global_step=1967 loss_reg_months=30.1325 lr=0.00019015 grad_norm=0.1439 throughput=16.42 img/s eta_seconds=302.2 gpu_alloc=467.0MiB gpu_reserved=4078.0MiB skipped_batches=0
2026-08-15 07:31:35,625 | INFO | epoch=6 batch=1300 global_step=1971 loss_reg_months=30.0738 lr=0.00019015 grad_norm=0.1941 throughput=16.42 img/s eta_seconds=293.0 gpu_alloc=467.0MiB gpu_reserved=4078.0MiB skipped_batches=0
2026-08-15 07:31:44,641 | INFO | epoch=6 batch=1325 global_step=1975 loss_reg_months=30.1376 lr=0.00019015 grad_norm=0.1192 throughput=16.43 img/s eta_seconds=283.7 gpu_alloc=467.0MiB gpu_reserved=4078.0MiB skipped_batches=0
2026-08-15 07:31:53,674 | INFO | epoch=6 batch=1350 global_step=1980 loss_reg_months=30.1517 lr=0.00019015 grad_norm=0.2485 throughput=16.43 img/s eta_seconds=274.6 gpu_alloc=358.2MiB gpu_reserved=4078.0MiB skipped_batches=0
2026-08-15 07:32:02,686 | INFO | epoch=6 batch=1375 global_step=1984 loss_reg_months=30.1881 lr=0.00019015 grad_norm=0.0922 throughput=16.43 img/s eta_seconds=265.4 gpu_alloc=467.0MiB gpu_reserved=4078.0MiB skipped_batches=0
2026-08-15 07:32:11,694 | INFO | epoch=6 batch=1400 global_step=1988 loss_reg_months=30.1795 lr=0.00019015 grad_norm=0.3690 throughput=16.44 img/s eta_seconds=256.2 gpu_alloc=467.0MiB gpu_reserved=4078.0MiB skipped_batches=0
2026-08-15 07:32:20,708 | INFO | epoch=6 batch=1425 global_step=1992 loss_reg_months=30.1139 lr=0.00019015 grad_norm=0.1399 throughput=16.44 img/s eta_seconds=247.0 gpu_alloc=467.0MiB gpu_reserved=4078.0MiB skipped_batches=0
2026-08-15 07:32:29,712 | INFO | epoch=6 batch=1450 global_step=1996 loss_reg_months=30.2007 lr=0.00019015 grad_norm=0.2420 throughput=16.44 img/s eta_seconds=237.8 gpu_alloc=467.0MiB gpu_reserved=4078.0MiB skipped_batches=0
2026-08-15 07:32:39,279 | INFO | epoch=6 batch=1475 global_step=2000 loss_reg_months=30.2408 lr=0.00019015 grad_norm=0.1611 throughput=16.43 img/s eta_seconds=228.9 gpu_alloc=467.0MiB gpu_reserved=4078.0MiB skipped_batches=0
2026-08-15 07:32:48,366 | INFO | epoch=6 batch=1500 global_step=2005 loss_reg_months=30.2480 lr=0.00019015 grad_norm=0.4536 throughput=16.43 img/s eta_seconds=219.7 gpu_alloc=358.2MiB gpu_reserved=4078.0MiB skipped_batches=0
2026-08-15 07:32:57,375 | INFO | epoch=6 batch=1525 global_step=2009 loss_reg_months=30.2166 lr=0.00019015 grad_norm=0.1336 throughput=16.44 img/s eta_seconds=210.6 gpu_alloc=467.0MiB gpu_reserved=4078.0MiB skipped_batches=0
2026-08-15 07:33:06,389 | INFO | epoch=6 batch=1550 global_step=2013 loss_reg_months=30.2702 lr=0.00019015 grad_norm=0.2055 throughput=16.44 img/s eta_seconds=201.4 gpu_alloc=467.0MiB gpu_reserved=4078.0MiB skipped_batches=0
2026-08-15 07:33:15,403 | INFO | epoch=6 batch=1575 global_step=2017 loss_reg_months=30.2199 lr=0.00019015 grad_norm=0.1171 throughput=16.44 img/s eta_seconds=192.2 gpu_alloc=467.0MiB gpu_reserved=4078.0MiB skipped_batches=0
2026-08-15 07:33:24,413 | INFO | epoch=6 batch=1600 global_step=2021 loss_reg_months=30.1638 lr=0.00019015 grad_norm=0.3887 throughput=16.45 img/s eta_seconds=183.1 gpu_alloc=467.0MiB gpu_reserved=4078.0MiB skipped_batches=0
2026-08-15 07:33:33,416 | INFO | epoch=6 batch=1625 global_step=2025 loss_reg_months=30.2232 lr=0.00019015 grad_norm=0.1687 throughput=16.45 img/s eta_seconds=173.9 gpu_alloc=467.0MiB gpu_reserved=4078.0MiB skipped_batches=0
2026-08-15 07:33:42,438 | INFO | epoch=6 batch=1650 global_step=2030 loss_reg_months=30.2378 lr=0.00019015 grad_norm=0.1349 throughput=16.45 img/s eta_seconds=164.8 gpu_alloc=358.2MiB gpu_reserved=4078.0MiB skipped_batches=0
2026-08-15 07:33:51,443 | INFO | epoch=6 batch=1675 global_step=2034 loss_reg_months=30.2402 lr=0.00019015 grad_norm=0.3421 throughput=16.45 img/s eta_seconds=155.6 gpu_alloc=467.0MiB gpu_reserved=4078.0MiB skipped_batches=0
2026-08-15 07:34:00,451 | INFO | epoch=6 batch=1700 global_step=2038 loss_reg_months=30.2302 lr=0.00019015 grad_norm=0.2348 throughput=16.46 img/s eta_seconds=146.5 gpu_alloc=467.0MiB gpu_reserved=4078.0MiB skipped_batches=0
2026-08-15 07:34:09,457 | INFO | epoch=6 batch=1725 global_step=2042 loss_reg_months=30.1987 lr=0.00019015 grad_norm=0.2066 throughput=16.46 img/s eta_seconds=137.4 gpu_alloc=467.0MiB gpu_reserved=4078.0MiB skipped_batches=0
2026-08-15 07:34:18,456 | INFO | epoch=6 batch=1750 global_step=2046 loss_reg_months=30.1646 lr=0.00019015 grad_norm=0.1441 throughput=16.46 img/s eta_seconds=128.2 gpu_alloc=467.0MiB gpu_reserved=4078.0MiB skipped_batches=0
2026-08-15 07:34:27,453 | INFO | epoch=6 batch=1775 global_step=2050 loss_reg_months=30.1818 lr=0.00019015 grad_norm=0.1002 throughput=16.47 img/s eta_seconds=119.1 gpu_alloc=467.0MiB gpu_reserved=4078.0MiB skipped_batches=0
2026-08-15 07:34:36,476 | INFO | epoch=6 batch=1800 global_step=2055 loss_reg_months=30.2075 lr=0.00019015 grad_norm=0.2036 throughput=16.47 img/s eta_seconds=110.0 gpu_alloc=358.2MiB gpu_reserved=4078.0MiB skipped_batches=0
2026-08-15 07:34:45,487 | INFO | epoch=6 batch=1825 global_step=2059 loss_reg_months=30.2111 lr=0.00019015 grad_norm=0.3486 throughput=16.47 img/s eta_seconds=100.8 gpu_alloc=467.0MiB gpu_reserved=4078.0MiB skipped_batches=0
2026-08-15 07:34:54,495 | INFO | epoch=6 batch=1850 global_step=2063 loss_reg_months=30.1918 lr=0.00019015 grad_norm=0.1638 throughput=16.47 img/s eta_seconds=91.7 gpu_alloc=467.0MiB gpu_reserved=4078.0MiB skipped_batches=0
2026-08-15 07:35:03,510 | INFO | epoch=6 batch=1875 global_step=2067 loss_reg_months=30.1892 lr=0.00019015 grad_norm=0.2200 throughput=16.48 img/s eta_seconds=82.6 gpu_alloc=467.0MiB gpu_reserved=4078.0MiB skipped_batches=0
2026-08-15 07:35:12,512 | INFO | epoch=6 batch=1900 global_step=2071 loss_reg_months=30.1582 lr=0.00019015 grad_norm=0.1602 throughput=16.48 img/s eta_seconds=73.5 gpu_alloc=467.0MiB gpu_reserved=4078.0MiB skipped_batches=0
2026-08-15 07:35:21,512 | INFO | epoch=6 batch=1925 global_step=2075 loss_reg_months=30.1481 lr=0.00019015 grad_norm=0.1405 throughput=16.48 img/s eta_seconds=64.4 gpu_alloc=467.0MiB gpu_reserved=4078.0MiB skipped_batches=0
2026-08-15 07:35:30,537 | INFO | epoch=6 batch=1950 global_step=2080 loss_reg_months=30.1302 lr=0.00019015 grad_norm=0.2386 throughput=16.48 img/s eta_seconds=55.3 gpu_alloc=358.2MiB gpu_reserved=4078.0MiB skipped_batches=0
2026-08-15 07:35:39,549 | INFO | epoch=6 batch=1975 global_step=2084 loss_reg_months=30.1233 lr=0.00019015 grad_norm=0.3123 throughput=16.48 img/s eta_seconds=46.2 gpu_alloc=467.0MiB gpu_reserved=4078.0MiB skipped_batches=0
2026-08-15 07:35:48,558 | INFO | epoch=6 batch=2000 global_step=2088 loss_reg_months=30.1210 lr=0.00019015 grad_norm=0.2467 throughput=16.49 img/s eta_seconds=37.1 gpu_alloc=467.0MiB gpu_reserved=4078.0MiB skipped_batches=0
2026-08-15 07:35:57,573 | INFO | epoch=6 batch=2025 global_step=2092 loss_reg_months=30.1358 lr=0.00019015 grad_norm=0.2488 throughput=16.49 img/s eta_seconds=28.0 gpu_alloc=467.0MiB gpu_reserved=4078.0MiB skipped_batches=0
2026-08-15 07:36:06,581 | INFO | epoch=6 batch=2050 global_step=2096 loss_reg_months=30.1736 lr=0.00019015 grad_norm=0.1038 throughput=16.49 img/s eta_seconds=18.9 gpu_alloc=467.0MiB gpu_reserved=4078.0MiB skipped_batches=0
2026-08-15 07:36:15,588 | INFO | epoch=6 batch=2075 global_step=2100 loss_reg_months=30.0961 lr=0.00019015 grad_norm=0.2819 throughput=16.49 img/s eta_seconds=9.8 gpu_alloc=467.0MiB gpu_reserved=4078.0MiB skipped_batches=0
2026-08-15 07:36:24,611 | INFO | epoch=6 batch=2100 global_step=2105 loss_reg_months=30.0786 lr=0.00019015 grad_norm=0.2029 throughput=16.49 img/s eta_seconds=0.7 gpu_alloc=358.2MiB gpu_reserved=4078.0MiB skipped_batches=0
2026-08-15 07:36:57,986 | INFO | 
TRAINING REVIEW SNAPSHOT
Run ID / config hash / split hash: P4_D1_CONVNEXTV2_TINY_FCMAE_IN1K_B6A6_SEED42 / 4a32683c6d26 / 7328667e6822+f650a20432b5
Epoch / global step: 6 / 2106
Train loss: 30.0946
Validation MAE / RMSE / median AE: 31.9537 / 42.2074 / 22.5000
MAE nam / nữ / age bins: {'F': 30.99846625766871, 'M': 32.75937904269082} / {'0-59': 98.23404255319149, '120-179': 15.415327564894932, '60-119': 43.795685279187815, '180-228': 51.35546875}
Learning rate / peak VRAM: 0.00019015 / 4078.0 MiB
Best epoch / best MAE / epochs không cải thiện: 5 / 31.9628 / 1
Cảnh báo hiện tại: KHÔNG
Checkpoint gần nhất: p1_baseline\runs\P4_D1_CONVNEXTV2_TINY_FCMAE_IN1K_B6A6_SEED42\last.ckpt
Checkpoint tốt nhất: p1_baseline\runs\P4_D1_CONVNEXTV2_TINY_FCMAE_IN1K_B6A6_SEED42\best_mae.ckpt
Đề xuất tự động: TIẾP TỤC
2026-08-15 07:37:16,306 | INFO | epoch=7 batch=25 global_step=2110 loss_reg_months=30.1846 lr=0.00018592 grad_norm=0.2671 throughput=9.63 img/s eta_seconds=1293.5 gpu_alloc=467.0MiB gpu_reserved=4078.0MiB skipped_batches=0
2026-08-15 07:37:25,282 | INFO | epoch=7 batch=50 global_step=2114 loss_reg_months=29.9047 lr=0.00018592 grad_norm=0.1218 throughput=12.22 img/s eta_seconds=1007.3 gpu_alloc=467.0MiB gpu_reserved=4078.0MiB skipped_batches=0
2026-08-15 07:37:34,264 | INFO | epoch=7 batch=75 global_step=2118 loss_reg_months=30.5233 lr=0.00018592 grad_norm=0.2323 throughput=13.42 img/s eta_seconds=906.1 gpu_alloc=467.0MiB gpu_reserved=4078.0MiB skipped_batches=0
2026-08-15 07:37:43,249 | INFO | epoch=7 batch=100 global_step=2122 loss_reg_months=29.9701 lr=0.00018592 grad_norm=0.2692 throughput=14.11 img/s eta_seconds=851.1 gpu_alloc=467.0MiB gpu_reserved=4078.0MiB skipped_batches=0
2026-08-15 07:37:52,236 | INFO | epoch=7 batch=125 global_step=2126 loss_reg_months=29.9058 lr=0.00018592 grad_norm=0.4039 throughput=14.56 img/s eta_seconds=814.5 gpu_alloc=467.0MiB gpu_reserved=4078.0MiB skipped_batches=0
2026-08-15 07:38:01,258 | INFO | epoch=7 batch=150 global_step=2131 loss_reg_months=29.8358 lr=0.00018592 grad_norm=0.1741 throughput=14.87 img/s eta_seconds=787.5 gpu_alloc=358.2MiB gpu_reserved=4078.0MiB skipped_batches=0
2026-08-15 07:38:10,261 | INFO | epoch=7 batch=175 global_step=2135 loss_reg_months=30.1221 lr=0.00018592 grad_norm=0.2594 throughput=15.10 img/s eta_seconds=765.5 gpu_alloc=467.0MiB gpu_reserved=4078.0MiB skipped_batches=0
2026-08-15 07:38:19,248 | INFO | epoch=7 batch=200 global_step=2139 loss_reg_months=30.4387 lr=0.00018592 grad_norm=0.4109 throughput=15.28 img/s eta_seconds=746.6 gpu_alloc=467.0MiB gpu_reserved=4078.0MiB skipped_batches=0
2026-08-15 07:38:28,240 | INFO | epoch=7 batch=225 global_step=2143 loss_reg_months=30.5621 lr=0.00018592 grad_norm=0.2128 throughput=15.43 img/s eta_seconds=729.9 gpu_alloc=467.0MiB gpu_reserved=4078.0MiB skipped_batches=0
2026-08-15 07:38:37,236 | INFO | epoch=7 batch=250 global_step=2147 loss_reg_months=30.5675 lr=0.00018592 grad_norm=0.2475 throughput=15.54 img/s eta_seconds=714.8 gpu_alloc=467.0MiB gpu_reserved=4078.0MiB skipped_batches=0
2026-08-15 07:38:46,239 | INFO | epoch=7 batch=275 global_step=2151 loss_reg_months=30.0119 lr=0.00018592 grad_norm=0.1723 throughput=15.64 img/s eta_seconds=700.9 gpu_alloc=467.0MiB gpu_reserved=4078.0MiB skipped_batches=0
2026-08-15 07:38:55,262 | INFO | epoch=7 batch=300 global_step=2156 loss_reg_months=30.0005 lr=0.00018592 grad_norm=0.1100 throughput=15.72 img/s eta_seconds=687.9 gpu_alloc=358.2MiB gpu_reserved=4078.0MiB skipped_batches=0
2026-08-15 07:39:04,265 | INFO | epoch=7 batch=325 global_step=2160 loss_reg_months=29.9923 lr=0.00018592 grad_norm=0.2556 throughput=15.79 img/s eta_seconds=675.4 gpu_alloc=467.0MiB gpu_reserved=4078.0MiB skipped_batches=0
2026-08-15 07:39:13,267 | INFO | epoch=7 batch=350 global_step=2164 loss_reg_months=30.0399 lr=0.00018592 grad_norm=0.1096 throughput=15.85 img/s eta_seconds=663.4 gpu_alloc=467.0MiB gpu_reserved=4078.0MiB skipped_batches=0
2026-08-15 07:39:22,273 | INFO | epoch=7 batch=375 global_step=2168 loss_reg_months=30.0394 lr=0.00018592 grad_norm=0.2145 throughput=15.90 img/s eta_seconds=651.8 gpu_alloc=467.0MiB gpu_reserved=4078.0MiB skipped_batches=0
2026-08-15 07:39:31,277 | INFO | epoch=7 batch=400 global_step=2172 loss_reg_months=30.2887 lr=0.00018592 grad_norm=0.1435 throughput=15.94 img/s eta_seconds=640.5 gpu_alloc=467.0MiB gpu_reserved=4078.0MiB skipped_batches=0
2026-08-15 07:39:40,277 | INFO | epoch=7 batch=425 global_step=2176 loss_reg_months=30.1945 lr=0.00018592 grad_norm=0.2318 throughput=15.98 img/s eta_seconds=629.5 gpu_alloc=467.0MiB gpu_reserved=4078.0MiB skipped_batches=0
2026-08-15 07:39:49,298 | INFO | epoch=7 batch=450 global_step=2181 loss_reg_months=30.2945 lr=0.00018592 grad_norm=0.1566 throughput=16.02 img/s eta_seconds=618.7 gpu_alloc=358.2MiB gpu_reserved=4078.0MiB skipped_batches=0
2026-08-15 07:39:58,307 | INFO | epoch=7 batch=475 global_step=2185 loss_reg_months=30.3325 lr=0.00018592 grad_norm=0.2126 throughput=16.05 img/s eta_seconds=608.2 gpu_alloc=467.0MiB gpu_reserved=4078.0MiB skipped_batches=0
2026-08-15 07:40:07,314 | INFO | epoch=7 batch=500 global_step=2189 loss_reg_months=30.2498 lr=0.00018592 grad_norm=0.1556 throughput=16.08 img/s eta_seconds=597.7 gpu_alloc=467.0MiB gpu_reserved=4078.0MiB skipped_batches=0
2026-08-15 07:40:16,321 | INFO | epoch=7 batch=525 global_step=2193 loss_reg_months=30.0561 lr=0.00018592 grad_norm=0.1044 throughput=16.11 img/s eta_seconds=587.4 gpu_alloc=467.0MiB gpu_reserved=4078.0MiB skipped_batches=0
2026-08-15 07:40:25,322 | INFO | epoch=7 batch=550 global_step=2197 loss_reg_months=30.0369 lr=0.00018592 grad_norm=0.3335 throughput=16.13 img/s eta_seconds=577.2 gpu_alloc=467.0MiB gpu_reserved=4078.0MiB skipped_batches=0
2026-08-15 07:40:34,335 | INFO | epoch=7 batch=575 global_step=2201 loss_reg_months=29.9875 lr=0.00018592 grad_norm=0.1445 throughput=16.15 img/s eta_seconds=567.2 gpu_alloc=467.0MiB gpu_reserved=4078.0MiB skipped_batches=0
2026-08-15 07:40:43,364 | INFO | epoch=7 batch=600 global_step=2206 loss_reg_months=30.0574 lr=0.00018592 grad_norm=0.1331 throughput=16.17 img/s eta_seconds=557.3 gpu_alloc=358.2MiB gpu_reserved=4078.0MiB skipped_batches=0
2026-08-15 07:40:52,366 | INFO | epoch=7 batch=625 global_step=2210 loss_reg_months=30.1116 lr=0.00018592 grad_norm=0.3270 throughput=16.19 img/s eta_seconds=547.3 gpu_alloc=467.0MiB gpu_reserved=4078.0MiB skipped_batches=0
2026-08-15 07:41:01,371 | INFO | epoch=7 batch=650 global_step=2214 loss_reg_months=30.1584 lr=0.00018592 grad_norm=0.0942 throughput=16.21 img/s eta_seconds=537.5 gpu_alloc=467.0MiB gpu_reserved=4078.0MiB skipped_batches=0
2026-08-15 07:41:10,376 | INFO | epoch=7 batch=675 global_step=2218 loss_reg_months=30.1620 lr=0.00018592 grad_norm=0.1666 throughput=16.22 img/s eta_seconds=527.7 gpu_alloc=467.0MiB gpu_reserved=4078.0MiB skipped_batches=0
2026-08-15 07:41:19,376 | INFO | epoch=7 batch=700 global_step=2222 loss_reg_months=29.9417 lr=0.00018592 grad_norm=0.1728 throughput=16.24 img/s eta_seconds=518.0 gpu_alloc=467.0MiB gpu_reserved=4078.0MiB skipped_batches=0
2026-08-15 07:41:28,371 | INFO | epoch=7 batch=725 global_step=2226 loss_reg_months=29.8646 lr=0.00018592 grad_norm=0.0962 throughput=16.25 img/s eta_seconds=508.3 gpu_alloc=467.0MiB gpu_reserved=4078.0MiB skipped_batches=0
2026-08-15 07:41:37,383 | INFO | epoch=7 batch=750 global_step=2231 loss_reg_months=29.8038 lr=0.00018592 grad_norm=0.1329 throughput=16.27 img/s eta_seconds=498.6 gpu_alloc=358.2MiB gpu_reserved=4078.0MiB skipped_batches=0
2026-08-15 07:41:46,385 | INFO | epoch=7 batch=775 global_step=2235 loss_reg_months=30.0158 lr=0.00018592 grad_norm=0.1868 throughput=16.28 img/s eta_seconds=489.0 gpu_alloc=467.0MiB gpu_reserved=4078.0MiB skipped_batches=0
2026-08-15 07:41:55,384 | INFO | epoch=7 batch=800 global_step=2239 loss_reg_months=30.0925 lr=0.00018592 grad_norm=0.3498 throughput=16.29 img/s eta_seconds=479.5 gpu_alloc=467.0MiB gpu_reserved=4078.0MiB skipped_batches=0
2026-08-15 07:42:04,384 | INFO | epoch=7 batch=825 global_step=2243 loss_reg_months=30.2127 lr=0.00018592 grad_norm=0.4776 throughput=16.30 img/s eta_seconds=469.9 gpu_alloc=467.0MiB gpu_reserved=4078.0MiB skipped_batches=0
2026-08-15 07:42:13,379 | INFO | epoch=7 batch=850 global_step=2247 loss_reg_months=30.1073 lr=0.00018592 grad_norm=0.4027 throughput=16.31 img/s eta_seconds=460.4 gpu_alloc=467.0MiB gpu_reserved=4078.0MiB skipped_batches=0
2026-08-15 07:42:22,382 | INFO | epoch=7 batch=875 global_step=2251 loss_reg_months=30.0887 lr=0.00018592 grad_norm=0.2569 throughput=16.32 img/s eta_seconds=451.0 gpu_alloc=467.0MiB gpu_reserved=4078.0MiB skipped_batches=0
2026-08-15 07:42:31,415 | INFO | epoch=7 batch=900 global_step=2256 loss_reg_months=30.0799 lr=0.00018592 grad_norm=0.1457 throughput=16.33 img/s eta_seconds=441.6 gpu_alloc=358.2MiB gpu_reserved=4078.0MiB skipped_batches=0
2026-08-15 07:42:40,436 | INFO | epoch=7 batch=925 global_step=2260 loss_reg_months=30.1309 lr=0.00018592 grad_norm=0.2210 throughput=16.34 img/s eta_seconds=432.2 gpu_alloc=467.0MiB gpu_reserved=4078.0MiB skipped_batches=0
2026-08-15 07:42:49,447 | INFO | epoch=7 batch=950 global_step=2264 loss_reg_months=30.2132 lr=0.00018592 grad_norm=0.2881 throughput=16.35 img/s eta_seconds=422.8 gpu_alloc=467.0MiB gpu_reserved=4078.0MiB skipped_batches=0
2026-08-15 07:42:58,449 | INFO | epoch=7 batch=975 global_step=2268 loss_reg_months=30.1689 lr=0.00018592 grad_norm=0.1153 throughput=16.35 img/s eta_seconds=413.4 gpu_alloc=467.0MiB gpu_reserved=4078.0MiB skipped_batches=0
2026-08-15 07:43:07,449 | INFO | epoch=7 batch=1000 global_step=2272 loss_reg_months=30.2512 lr=0.00018592 grad_norm=0.2612 throughput=16.36 img/s eta_seconds=404.1 gpu_alloc=467.0MiB gpu_reserved=4078.0MiB skipped_batches=0
2026-08-15 07:43:16,443 | INFO | epoch=7 batch=1025 global_step=2276 loss_reg_months=30.2086 lr=0.00018592 grad_norm=0.1059 throughput=16.37 img/s eta_seconds=394.7 gpu_alloc=467.0MiB gpu_reserved=4078.0MiB skipped_batches=0
2026-08-15 07:43:25,465 | INFO | epoch=7 batch=1050 global_step=2281 loss_reg_months=30.2141 lr=0.00018592 grad_norm=0.0979 throughput=16.38 img/s eta_seconds=385.4 gpu_alloc=358.2MiB gpu_reserved=4078.0MiB skipped_batches=0
2026-08-15 07:43:34,476 | INFO | epoch=7 batch=1075 global_step=2285 loss_reg_months=30.1625 lr=0.00018592 grad_norm=0.4443 throughput=16.38 img/s eta_seconds=376.1 gpu_alloc=467.0MiB gpu_reserved=4078.0MiB skipped_batches=0
2026-08-15 07:43:43,502 | INFO | epoch=7 batch=1100 global_step=2289 loss_reg_months=30.1255 lr=0.00018592 grad_norm=0.1518 throughput=16.39 img/s eta_seconds=366.8 gpu_alloc=467.0MiB gpu_reserved=4078.0MiB skipped_batches=0
2026-08-15 07:43:52,613 | INFO | epoch=7 batch=1125 global_step=2293 loss_reg_months=30.1169 lr=0.00018592 grad_norm=0.3353 throughput=16.39 img/s eta_seconds=357.6 gpu_alloc=467.0MiB gpu_reserved=4078.0MiB skipped_batches=0
2026-08-15 07:44:01,889 | INFO | epoch=7 batch=1150 global_step=2297 loss_reg_months=30.1755 lr=0.00018592 grad_norm=0.1878 throughput=16.38 img/s eta_seconds=348.6 gpu_alloc=467.0MiB gpu_reserved=4078.0MiB skipped_batches=0
2026-08-15 07:44:10,934 | INFO | epoch=7 batch=1175 global_step=2301 loss_reg_months=30.1870 lr=0.00018592 grad_norm=0.2077 throughput=16.39 img/s eta_seconds=339.3 gpu_alloc=467.0MiB gpu_reserved=4078.0MiB skipped_batches=0
2026-08-15 07:44:19,954 | INFO | epoch=7 batch=1200 global_step=2306 loss_reg_months=30.1921 lr=0.00018592 grad_norm=0.2215 throughput=16.39 img/s eta_seconds=330.1 gpu_alloc=358.2MiB gpu_reserved=4078.0MiB skipped_batches=0
2026-08-15 07:44:28,970 | INFO | epoch=7 batch=1225 global_step=2310 loss_reg_months=30.1619 lr=0.00018592 grad_norm=0.1836 throughput=16.40 img/s eta_seconds=320.8 gpu_alloc=467.0MiB gpu_reserved=4078.0MiB skipped_batches=0
2026-08-15 07:44:37,979 | INFO | epoch=7 batch=1250 global_step=2314 loss_reg_months=30.2517 lr=0.00018592 grad_norm=0.2530 throughput=16.40 img/s eta_seconds=311.6 gpu_alloc=467.0MiB gpu_reserved=4078.0MiB skipped_batches=0
2026-08-15 07:44:46,987 | INFO | epoch=7 batch=1275 global_step=2318 loss_reg_months=30.3105 lr=0.00018592 grad_norm=0.3328 throughput=16.41 img/s eta_seconds=302.4 gpu_alloc=467.0MiB gpu_reserved=4078.0MiB skipped_batches=0
2026-08-15 07:44:55,985 | INFO | epoch=7 batch=1300 global_step=2322 loss_reg_months=30.3032 lr=0.00018592 grad_norm=0.4276 throughput=16.41 img/s eta_seconds=293.1 gpu_alloc=467.0MiB gpu_reserved=4078.0MiB skipped_batches=0
2026-08-15 07:45:04,995 | INFO | epoch=7 batch=1325 global_step=2326 loss_reg_months=30.2574 lr=0.00018592 grad_norm=0.2980 throughput=16.42 img/s eta_seconds=283.9 gpu_alloc=467.0MiB gpu_reserved=4078.0MiB skipped_batches=0
2026-08-15 07:45:14,016 | INFO | epoch=7 batch=1350 global_step=2331 loss_reg_months=30.2966 lr=0.00018592 grad_norm=0.1377 throughput=16.42 img/s eta_seconds=274.7 gpu_alloc=358.2MiB gpu_reserved=4078.0MiB skipped_batches=0
2026-08-15 07:45:23,016 | INFO | epoch=7 batch=1375 global_step=2335 loss_reg_months=30.2839 lr=0.00018592 grad_norm=0.2392 throughput=16.43 img/s eta_seconds=265.5 gpu_alloc=467.0MiB gpu_reserved=4078.0MiB skipped_batches=0
2026-08-15 07:45:32,013 | INFO | epoch=7 batch=1400 global_step=2339 loss_reg_months=30.2206 lr=0.00018592 grad_norm=0.1020 throughput=16.43 img/s eta_seconds=256.3 gpu_alloc=467.0MiB gpu_reserved=4078.0MiB skipped_batches=0
2026-08-15 07:45:41,017 | INFO | epoch=7 batch=1425 global_step=2343 loss_reg_months=30.2222 lr=0.00018592 grad_norm=0.1413 throughput=16.43 img/s eta_seconds=247.1 gpu_alloc=467.0MiB gpu_reserved=4078.0MiB skipped_batches=0
2026-08-15 07:45:50,020 | INFO | epoch=7 batch=1450 global_step=2347 loss_reg_months=30.1946 lr=0.00018592 grad_norm=0.1726 throughput=16.44 img/s eta_seconds=237.9 gpu_alloc=467.0MiB gpu_reserved=4078.0MiB skipped_batches=0
2026-08-15 07:45:59,038 | INFO | epoch=7 batch=1475 global_step=2351 loss_reg_months=30.1747 lr=0.00018592 grad_norm=0.1497 throughput=16.44 img/s eta_seconds=228.8 gpu_alloc=467.0MiB gpu_reserved=4078.0MiB skipped_batches=0
2026-08-15 07:46:08,062 | INFO | epoch=7 batch=1500 global_step=2356 loss_reg_months=30.1560 lr=0.00018592 grad_norm=0.1740 throughput=16.44 img/s eta_seconds=219.6 gpu_alloc=358.2MiB gpu_reserved=4078.0MiB skipped_batches=0
2026-08-15 07:46:17,070 | INFO | epoch=7 batch=1525 global_step=2360 loss_reg_months=30.1870 lr=0.00018592 grad_norm=0.1778 throughput=16.45 img/s eta_seconds=210.4 gpu_alloc=467.0MiB gpu_reserved=4078.0MiB skipped_batches=0
2026-08-15 07:46:26,078 | INFO | epoch=7 batch=1550 global_step=2364 loss_reg_months=30.1354 lr=0.00018592 grad_norm=0.4827 throughput=16.45 img/s eta_seconds=201.3 gpu_alloc=467.0MiB gpu_reserved=4078.0MiB skipped_batches=0
2026-08-15 07:46:35,081 | INFO | epoch=7 batch=1575 global_step=2368 loss_reg_months=30.0839 lr=0.00018592 grad_norm=0.2191 throughput=16.45 img/s eta_seconds=192.1 gpu_alloc=467.0MiB gpu_reserved=4078.0MiB skipped_batches=0
2026-08-15 07:46:44,082 | INFO | epoch=7 batch=1600 global_step=2372 loss_reg_months=30.1079 lr=0.00018592 grad_norm=0.1917 throughput=16.46 img/s eta_seconds=183.0 gpu_alloc=467.0MiB gpu_reserved=4078.0MiB skipped_batches=0
2026-08-15 07:46:53,086 | INFO | epoch=7 batch=1625 global_step=2376 loss_reg_months=30.1050 lr=0.00018592 grad_norm=0.1849 throughput=16.46 img/s eta_seconds=173.8 gpu_alloc=467.0MiB gpu_reserved=4078.0MiB skipped_batches=0
2026-08-15 07:47:02,109 | INFO | epoch=7 batch=1650 global_step=2381 loss_reg_months=30.1176 lr=0.00018592 grad_norm=0.2835 throughput=16.46 img/s eta_seconds=164.7 gpu_alloc=358.2MiB gpu_reserved=4078.0MiB skipped_batches=0
2026-08-15 07:47:11,109 | INFO | epoch=7 batch=1675 global_step=2385 loss_reg_months=30.1051 lr=0.00018592 grad_norm=0.2017 throughput=16.47 img/s eta_seconds=155.5 gpu_alloc=467.0MiB gpu_reserved=4078.0MiB skipped_batches=0
2026-08-15 07:47:20,111 | INFO | epoch=7 batch=1700 global_step=2389 loss_reg_months=30.1328 lr=0.00018592 grad_norm=0.1923 throughput=16.47 img/s eta_seconds=146.4 gpu_alloc=467.0MiB gpu_reserved=4078.0MiB skipped_batches=0
2026-08-15 07:47:29,122 | INFO | epoch=7 batch=1725 global_step=2393 loss_reg_months=30.1136 lr=0.00018592 grad_norm=0.2669 throughput=16.47 img/s eta_seconds=137.3 gpu_alloc=467.0MiB gpu_reserved=4078.0MiB skipped_batches=0
2026-08-15 07:47:38,130 | INFO | epoch=7 batch=1750 global_step=2397 loss_reg_months=30.1639 lr=0.00018592 grad_norm=0.2695 throughput=16.47 img/s eta_seconds=128.1 gpu_alloc=467.0MiB gpu_reserved=4078.0MiB skipped_batches=0
2026-08-15 07:47:47,137 | INFO | epoch=7 batch=1775 global_step=2401 loss_reg_months=30.1277 lr=0.00018592 grad_norm=0.1335 throughput=16.48 img/s eta_seconds=119.0 gpu_alloc=467.0MiB gpu_reserved=4078.0MiB skipped_batches=0
2026-08-15 07:47:56,166 | INFO | epoch=7 batch=1800 global_step=2406 loss_reg_months=30.1138 lr=0.00018592 grad_norm=0.2067 throughput=16.48 img/s eta_seconds=109.9 gpu_alloc=358.2MiB gpu_reserved=4078.0MiB skipped_batches=0
2026-08-15 07:48:05,182 | INFO | epoch=7 batch=1825 global_step=2410 loss_reg_months=30.0708 lr=0.00018592 grad_norm=0.1577 throughput=16.48 img/s eta_seconds=100.8 gpu_alloc=467.0MiB gpu_reserved=4078.0MiB skipped_batches=0
2026-08-15 07:48:14,187 | INFO | epoch=7 batch=1850 global_step=2414 loss_reg_months=30.0674 lr=0.00018592 grad_norm=0.1310 throughput=16.48 img/s eta_seconds=91.7 gpu_alloc=467.0MiB gpu_reserved=4078.0MiB skipped_batches=0
2026-08-15 07:48:23,195 | INFO | epoch=7 batch=1875 global_step=2418 loss_reg_months=30.0864 lr=0.00018592 grad_norm=0.3143 throughput=16.48 img/s eta_seconds=82.6 gpu_alloc=467.0MiB gpu_reserved=4078.0MiB skipped_batches=0
2026-08-15 07:48:32,195 | INFO | epoch=7 batch=1900 global_step=2422 loss_reg_months=30.1328 lr=0.00018592 grad_norm=0.1170 throughput=16.49 img/s eta_seconds=73.5 gpu_alloc=467.0MiB gpu_reserved=4078.0MiB skipped_batches=0
2026-08-15 07:48:41,209 | INFO | epoch=7 batch=1925 global_step=2426 loss_reg_months=30.1039 lr=0.00018592 grad_norm=0.3650 throughput=16.49 img/s eta_seconds=64.3 gpu_alloc=467.0MiB gpu_reserved=4078.0MiB skipped_batches=0
2026-08-15 07:48:50,228 | INFO | epoch=7 batch=1950 global_step=2431 loss_reg_months=30.1120 lr=0.00018592 grad_norm=0.2723 throughput=16.49 img/s eta_seconds=55.2 gpu_alloc=358.2MiB gpu_reserved=4078.0MiB skipped_batches=0
2026-08-15 07:48:59,227 | INFO | epoch=7 batch=1975 global_step=2435 loss_reg_months=30.1318 lr=0.00018592 grad_norm=0.2077 throughput=16.49 img/s eta_seconds=46.1 gpu_alloc=467.0MiB gpu_reserved=4078.0MiB skipped_batches=0
2026-08-15 07:49:08,230 | INFO | epoch=7 batch=2000 global_step=2439 loss_reg_months=30.0823 lr=0.00018592 grad_norm=0.2179 throughput=16.49 img/s eta_seconds=37.0 gpu_alloc=467.0MiB gpu_reserved=4078.0MiB skipped_batches=0
2026-08-15 07:49:17,227 | INFO | epoch=7 batch=2025 global_step=2443 loss_reg_months=30.0988 lr=0.00018592 grad_norm=0.3625 throughput=16.50 img/s eta_seconds=27.9 gpu_alloc=467.0MiB gpu_reserved=4078.0MiB skipped_batches=0
2026-08-15 07:49:26,222 | INFO | epoch=7 batch=2050 global_step=2447 loss_reg_months=30.0875 lr=0.00018592 grad_norm=0.1063 throughput=16.50 img/s eta_seconds=18.8 gpu_alloc=467.0MiB gpu_reserved=4078.0MiB skipped_batches=0
2026-08-15 07:49:35,222 | INFO | epoch=7 batch=2075 global_step=2451 loss_reg_months=30.0870 lr=0.00018592 grad_norm=0.3231 throughput=16.50 img/s eta_seconds=9.8 gpu_alloc=467.0MiB gpu_reserved=4078.0MiB skipped_batches=0
2026-08-15 07:49:44,246 | INFO | epoch=7 batch=2100 global_step=2456 loss_reg_months=30.0909 lr=0.00018592 grad_norm=0.1547 throughput=16.50 img/s eta_seconds=0.7 gpu_alloc=358.2MiB gpu_reserved=4078.0MiB skipped_batches=0
2026-08-15 07:50:17,659 | INFO | 
TRAINING REVIEW SNAPSHOT
Run ID / config hash / split hash: P4_D1_CONVNEXTV2_TINY_FCMAE_IN1K_B6A6_SEED42 / 4a32683c6d26 / 7328667e6822+f650a20432b5
Epoch / global step: 7 / 2457
Train loss: 30.0995
Validation MAE / RMSE / median AE: 31.9628 / 42.4381 / 21.5000
MAE nam / nữ / age bins: {'F': 31.062883435582823, 'M': 32.721862871927556} / {'0-59': 99.23404255319149, '120-179': 14.986402966625464, '60-119': 44.795685279187815, '180-228': 50.35546875}
Learning rate / peak VRAM: 0.00018592 / 4078.0 MiB
Best epoch / best MAE / epochs không cải thiện: 5 / 31.9628 / 2
Cảnh báo hiện tại: KHÔNG
Checkpoint gần nhất: p1_baseline\runs\P4_D1_CONVNEXTV2_TINY_FCMAE_IN1K_B6A6_SEED42\last.ckpt
Checkpoint tốt nhất: p1_baseline\runs\P4_D1_CONVNEXTV2_TINY_FCMAE_IN1K_B6A6_SEED42\best_mae.ckpt
Đề xuất tự động: TIẾP TỤC
2026-08-15 07:50:36,472 | INFO | epoch=8 batch=25 global_step=2461 loss_reg_months=34.0994 lr=0.00018100 grad_norm=0.2029 throughput=9.65 img/s eta_seconds=1290.7 gpu_alloc=467.0MiB gpu_reserved=4078.0MiB skipped_batches=0
2026-08-15 07:50:45,440 | INFO | epoch=8 batch=50 global_step=2465 loss_reg_months=32.5562 lr=0.00018100 grad_norm=0.1061 throughput=12.24 img/s eta_seconds=1005.6 gpu_alloc=467.0MiB gpu_reserved=4078.0MiB skipped_batches=0
2026-08-15 07:50:54,414 | INFO | epoch=8 batch=75 global_step=2469 loss_reg_months=31.5570 lr=0.00018100 grad_norm=0.1701 throughput=13.44 img/s eta_seconds=904.7 gpu_alloc=467.0MiB gpu_reserved=4078.0MiB skipped_batches=0
2026-08-15 07:51:03,386 | INFO | epoch=8 batch=100 global_step=2473 loss_reg_months=31.7870 lr=0.00018100 grad_norm=0.3876 throughput=14.13 img/s eta_seconds=849.8 gpu_alloc=467.0MiB gpu_reserved=4078.0MiB skipped_batches=0
2026-08-15 07:51:12,362 | INFO | epoch=8 batch=125 global_step=2477 loss_reg_months=31.7084 lr=0.00018100 grad_norm=0.2002 throughput=14.58 img/s eta_seconds=813.3 gpu_alloc=467.0MiB gpu_reserved=4078.0MiB skipped_batches=0
2026-08-15 07:51:21,363 | INFO | epoch=8 batch=150 global_step=2482 loss_reg_months=30.8886 lr=0.00018100 grad_norm=0.4127 throughput=14.89 img/s eta_seconds=786.3 gpu_alloc=358.2MiB gpu_reserved=4078.0MiB skipped_batches=0
2026-08-15 07:51:30,360 | INFO | epoch=8 batch=175 global_step=2486 loss_reg_months=30.5751 lr=0.00018100 grad_norm=0.2225 throughput=15.12 img/s eta_seconds=764.4 gpu_alloc=467.0MiB gpu_reserved=4078.0MiB skipped_batches=0
2026-08-15 07:51:39,353 | INFO | epoch=8 batch=200 global_step=2490 loss_reg_months=30.3701 lr=0.00018100 grad_norm=0.2127 throughput=15.30 img/s eta_seconds=745.7 gpu_alloc=467.0MiB gpu_reserved=4078.0MiB skipped_batches=0
2026-08-15 07:51:48,347 | INFO | epoch=8 batch=225 global_step=2494 loss_reg_months=30.0284 lr=0.00018100 grad_norm=0.3507 throughput=15.44 img/s eta_seconds=729.1 gpu_alloc=467.0MiB gpu_reserved=4078.0MiB skipped_batches=0
2026-08-15 07:51:57,338 | INFO | epoch=8 batch=250 global_step=2498 loss_reg_months=30.2747 lr=0.00018100 grad_norm=0.2882 throughput=15.56 img/s eta_seconds=714.1 gpu_alloc=467.0MiB gpu_reserved=4078.0MiB skipped_batches=0
2026-08-15 07:52:06,933 | INFO | epoch=8 batch=275 global_step=2502 loss_reg_months=29.9715 lr=0.00018100 grad_norm=0.2034 throughput=15.57 img/s eta_seconds=704.1 gpu_alloc=467.0MiB gpu_reserved=4078.0MiB skipped_batches=0
2026-08-15 07:52:15,949 | INFO | epoch=8 batch=300 global_step=2507 loss_reg_months=29.8154 lr=0.00018100 grad_norm=0.2345 throughput=15.65 img/s eta_seconds=690.8 gpu_alloc=358.2MiB gpu_reserved=4078.0MiB skipped_batches=0
2026-08-15 07:52:24,944 | INFO | epoch=8 batch=325 global_step=2511 loss_reg_months=30.0363 lr=0.00018100 grad_norm=0.2559 throughput=15.72 img/s eta_seconds=678.0 gpu_alloc=467.0MiB gpu_reserved=4078.0MiB skipped_batches=0
2026-08-15 07:52:33,935 | INFO | epoch=8 batch=350 global_step=2515 loss_reg_months=30.1274 lr=0.00018100 grad_norm=0.5317 throughput=15.79 img/s eta_seconds=665.7 gpu_alloc=467.0MiB gpu_reserved=4078.0MiB skipped_batches=0
2026-08-15 07:52:42,928 | INFO | epoch=8 batch=375 global_step=2519 loss_reg_months=30.1351 lr=0.00018100 grad_norm=0.1664 throughput=15.85 img/s eta_seconds=653.9 gpu_alloc=467.0MiB gpu_reserved=4078.0MiB skipped_batches=0
2026-08-15 07:52:51,916 | INFO | epoch=8 batch=400 global_step=2523 loss_reg_months=30.1842 lr=0.00018100 grad_norm=0.1875 throughput=15.90 img/s eta_seconds=642.4 gpu_alloc=467.0MiB gpu_reserved=4078.0MiB skipped_batches=0
2026-08-15 07:53:00,904 | INFO | epoch=8 batch=425 global_step=2527 loss_reg_months=30.1855 lr=0.00018100 grad_norm=0.5668 throughput=15.94 img/s eta_seconds=631.2 gpu_alloc=467.0MiB gpu_reserved=4078.0MiB skipped_batches=0
2026-08-15 07:53:09,906 | INFO | epoch=8 batch=450 global_step=2532 loss_reg_months=30.4538 lr=0.00018100 grad_norm=0.1967 throughput=15.98 img/s eta_seconds=620.2 gpu_alloc=358.2MiB gpu_reserved=4078.0MiB skipped_batches=0
2026-08-15 07:53:18,894 | INFO | epoch=8 batch=475 global_step=2536 loss_reg_months=30.3786 lr=0.00018100 grad_norm=0.3088 throughput=16.01 img/s eta_seconds=609.5 gpu_alloc=467.0MiB gpu_reserved=4078.0MiB skipped_batches=0
2026-08-15 07:53:27,883 | INFO | epoch=8 batch=500 global_step=2540 loss_reg_months=30.4168 lr=0.00018100 grad_norm=0.1290 throughput=16.05 img/s eta_seconds=598.9 gpu_alloc=467.0MiB gpu_reserved=4078.0MiB skipped_batches=0
2026-08-15 07:53:36,871 | INFO | epoch=8 batch=525 global_step=2544 loss_reg_months=30.2530 lr=0.00018100 grad_norm=0.0929 throughput=16.08 img/s eta_seconds=588.5 gpu_alloc=467.0MiB gpu_reserved=4078.0MiB skipped_batches=0
2026-08-15 07:53:45,868 | INFO | epoch=8 batch=550 global_step=2548 loss_reg_months=30.0778 lr=0.00018100 grad_norm=0.1241 throughput=16.10 img/s eta_seconds=578.2 gpu_alloc=467.0MiB gpu_reserved=4078.0MiB skipped_batches=0
2026-08-15 07:53:54,856 | INFO | epoch=8 batch=575 global_step=2552 loss_reg_months=30.0944 lr=0.00018100 grad_norm=0.1691 throughput=16.13 img/s eta_seconds=568.0 gpu_alloc=467.0MiB gpu_reserved=4078.0MiB skipped_batches=0
2026-08-15 07:54:03,866 | INFO | epoch=8 batch=600 global_step=2557 loss_reg_months=30.2158 lr=0.00018100 grad_norm=0.1259 throughput=16.15 img/s eta_seconds=558.0 gpu_alloc=358.2MiB gpu_reserved=4078.0MiB skipped_batches=0
2026-08-15 07:54:12,854 | INFO | epoch=8 batch=625 global_step=2561 loss_reg_months=30.1063 lr=0.00018100 grad_norm=0.1803 throughput=16.17 img/s eta_seconds=548.0 gpu_alloc=467.0MiB gpu_reserved=4078.0MiB skipped_batches=0
2026-08-15 07:54:21,842 | INFO | epoch=8 batch=650 global_step=2565 loss_reg_months=30.0966 lr=0.00018100 grad_norm=0.1649 throughput=16.19 img/s eta_seconds=538.1 gpu_alloc=467.0MiB gpu_reserved=4078.0MiB skipped_batches=0
2026-08-15 07:54:30,823 | INFO | epoch=8 batch=675 global_step=2569 loss_reg_months=30.1407 lr=0.00018100 grad_norm=0.3075 throughput=16.21 img/s eta_seconds=528.2 gpu_alloc=467.0MiB gpu_reserved=4078.0MiB skipped_batches=0
2026-08-15 07:54:39,807 | INFO | epoch=8 batch=700 global_step=2573 loss_reg_months=30.1409 lr=0.00018100 grad_norm=0.1464 throughput=16.22 img/s eta_seconds=518.4 gpu_alloc=467.0MiB gpu_reserved=4078.0MiB skipped_batches=0
2026-08-15 07:54:48,796 | INFO | epoch=8 batch=725 global_step=2577 loss_reg_months=29.9742 lr=0.00018100 grad_norm=0.1375 throughput=16.24 img/s eta_seconds=508.7 gpu_alloc=467.0MiB gpu_reserved=4078.0MiB skipped_batches=0
2026-08-15 07:54:57,800 | INFO | epoch=8 batch=750 global_step=2582 loss_reg_months=30.1128 lr=0.00018100 grad_norm=0.1764 throughput=16.25 img/s eta_seconds=499.0 gpu_alloc=358.2MiB gpu_reserved=4078.0MiB skipped_batches=0
2026-08-15 07:55:06,795 | INFO | epoch=8 batch=775 global_step=2586 loss_reg_months=30.2514 lr=0.00018100 grad_norm=0.0881 throughput=16.27 img/s eta_seconds=489.4 gpu_alloc=467.0MiB gpu_reserved=4078.0MiB skipped_batches=0
2026-08-15 07:55:15,776 | INFO | epoch=8 batch=800 global_step=2590 loss_reg_months=30.2316 lr=0.00018100 grad_norm=0.1542 throughput=16.28 img/s eta_seconds=479.8 gpu_alloc=467.0MiB gpu_reserved=4078.0MiB skipped_batches=0
2026-08-15 07:55:24,762 | INFO | epoch=8 batch=825 global_step=2594 loss_reg_months=30.2678 lr=0.00018100 grad_norm=0.1415 throughput=16.29 img/s eta_seconds=470.2 gpu_alloc=467.0MiB gpu_reserved=4078.0MiB skipped_batches=0
2026-08-15 07:55:33,760 | INFO | epoch=8 batch=850 global_step=2598 loss_reg_months=30.1670 lr=0.00018100 grad_norm=0.1161 throughput=16.30 img/s eta_seconds=460.7 gpu_alloc=467.0MiB gpu_reserved=4078.0MiB skipped_batches=0
2026-08-15 07:55:42,749 | INFO | epoch=8 batch=875 global_step=2602 loss_reg_months=30.1896 lr=0.00018100 grad_norm=0.2697 throughput=16.31 img/s eta_seconds=451.2 gpu_alloc=467.0MiB gpu_reserved=4078.0MiB skipped_batches=0
2026-08-15 07:55:51,755 | INFO | epoch=8 batch=900 global_step=2607 loss_reg_months=30.2114 lr=0.00018100 grad_norm=0.3505 throughput=16.32 img/s eta_seconds=441.8 gpu_alloc=358.2MiB gpu_reserved=4078.0MiB skipped_batches=0
2026-08-15 07:56:00,767 | INFO | epoch=8 batch=925 global_step=2611 loss_reg_months=30.3017 lr=0.00018100 grad_norm=0.2225 throughput=16.33 img/s eta_seconds=432.4 gpu_alloc=467.0MiB gpu_reserved=4078.0MiB skipped_batches=0
2026-08-15 07:56:09,753 | INFO | epoch=8 batch=950 global_step=2615 loss_reg_months=30.3739 lr=0.00018100 grad_norm=0.2066 throughput=16.34 img/s eta_seconds=422.9 gpu_alloc=467.0MiB gpu_reserved=4078.0MiB skipped_batches=0
2026-08-15 07:56:18,748 | INFO | epoch=8 batch=975 global_step=2619 loss_reg_months=30.3950 lr=0.00018100 grad_norm=0.0938 throughput=16.35 img/s eta_seconds=413.5 gpu_alloc=467.0MiB gpu_reserved=4078.0MiB skipped_batches=0
2026-08-15 07:56:27,734 | INFO | epoch=8 batch=1000 global_step=2623 loss_reg_months=30.3778 lr=0.00018100 grad_norm=0.1727 throughput=16.36 img/s eta_seconds=404.2 gpu_alloc=467.0MiB gpu_reserved=4078.0MiB skipped_batches=0
2026-08-15 07:56:36,715 | INFO | epoch=8 batch=1025 global_step=2627 loss_reg_months=30.3159 lr=0.00018100 grad_norm=0.2066 throughput=16.37 img/s eta_seconds=394.8 gpu_alloc=467.0MiB gpu_reserved=4078.0MiB skipped_batches=0
2026-08-15 07:56:45,725 | INFO | epoch=8 batch=1050 global_step=2632 loss_reg_months=30.4112 lr=0.00018100 grad_norm=0.2241 throughput=16.37 img/s eta_seconds=385.5 gpu_alloc=358.2MiB gpu_reserved=4078.0MiB skipped_batches=0
2026-08-15 07:56:54,719 | INFO | epoch=8 batch=1075 global_step=2636 loss_reg_months=30.3417 lr=0.00018100 grad_norm=0.2620 throughput=16.38 img/s eta_seconds=376.1 gpu_alloc=467.0MiB gpu_reserved=4078.0MiB skipped_batches=0
2026-08-15 07:57:03,708 | INFO | epoch=8 batch=1100 global_step=2640 loss_reg_months=30.1973 lr=0.00018100 grad_norm=0.3152 throughput=16.39 img/s eta_seconds=366.8 gpu_alloc=467.0MiB gpu_reserved=4078.0MiB skipped_batches=0
2026-08-15 07:57:12,699 | INFO | epoch=8 batch=1125 global_step=2644 loss_reg_months=30.2523 lr=0.00018100 grad_norm=0.2354 throughput=16.39 img/s eta_seconds=357.5 gpu_alloc=467.0MiB gpu_reserved=4078.0MiB skipped_batches=0
2026-08-15 07:57:21,680 | INFO | epoch=8 batch=1150 global_step=2648 loss_reg_months=30.2603 lr=0.00018100 grad_norm=0.0979 throughput=16.40 img/s eta_seconds=348.2 gpu_alloc=467.0MiB gpu_reserved=4078.0MiB skipped_batches=0
2026-08-15 07:57:30,666 | INFO | epoch=8 batch=1175 global_step=2652 loss_reg_months=30.2371 lr=0.00018100 grad_norm=0.1831 throughput=16.41 img/s eta_seconds=339.0 gpu_alloc=467.0MiB gpu_reserved=4078.0MiB skipped_batches=0
2026-08-15 07:57:39,679 | INFO | epoch=8 batch=1200 global_step=2657 loss_reg_months=30.3021 lr=0.00018100 grad_norm=0.1265 throughput=16.41 img/s eta_seconds=329.7 gpu_alloc=358.2MiB gpu_reserved=4078.0MiB skipped_batches=0
2026-08-15 07:57:48,671 | INFO | epoch=8 batch=1225 global_step=2661 loss_reg_months=30.2551 lr=0.00018100 grad_norm=0.1450 throughput=16.42 img/s eta_seconds=320.5 gpu_alloc=467.0MiB gpu_reserved=4078.0MiB skipped_batches=0
2026-08-15 07:57:57,666 | INFO | epoch=8 batch=1250 global_step=2665 loss_reg_months=30.2400 lr=0.00018100 grad_norm=0.1095 throughput=16.42 img/s eta_seconds=311.2 gpu_alloc=467.0MiB gpu_reserved=4078.0MiB skipped_batches=0
2026-08-15 07:58:06,654 | INFO | epoch=8 batch=1275 global_step=2669 loss_reg_months=30.2839 lr=0.00018100 grad_norm=0.2806 throughput=16.43 img/s eta_seconds=302.0 gpu_alloc=467.0MiB gpu_reserved=4078.0MiB skipped_batches=0
2026-08-15 07:58:15,639 | INFO | epoch=8 batch=1300 global_step=2673 loss_reg_months=30.2213 lr=0.00018100 grad_norm=0.3928 throughput=16.43 img/s eta_seconds=292.8 gpu_alloc=467.0MiB gpu_reserved=4078.0MiB skipped_batches=0
2026-08-15 07:58:24,624 | INFO | epoch=8 batch=1325 global_step=2677 loss_reg_months=30.2689 lr=0.00018100 grad_norm=0.1713 throughput=16.44 img/s eta_seconds=283.6 gpu_alloc=467.0MiB gpu_reserved=4078.0MiB skipped_batches=0
2026-08-15 07:58:33,616 | INFO | epoch=8 batch=1350 global_step=2682 loss_reg_months=30.2576 lr=0.00018100 grad_norm=0.0939 throughput=16.44 img/s eta_seconds=274.4 gpu_alloc=358.2MiB gpu_reserved=4078.0MiB skipped_batches=0
2026-08-15 07:58:42,602 | INFO | epoch=8 batch=1375 global_step=2686 loss_reg_months=30.2477 lr=0.00018100 grad_norm=0.2618 throughput=16.45 img/s eta_seconds=265.2 gpu_alloc=467.0MiB gpu_reserved=4078.0MiB skipped_batches=0
2026-08-15 07:58:51,582 | INFO | epoch=8 batch=1400 global_step=2690 loss_reg_months=30.3014 lr=0.00018100 grad_norm=0.3925 throughput=16.45 img/s eta_seconds=256.0 gpu_alloc=467.0MiB gpu_reserved=4078.0MiB skipped_batches=0
2026-08-15 07:59:00,585 | INFO | epoch=8 batch=1425 global_step=2694 loss_reg_months=30.2928 lr=0.00018100 grad_norm=0.2358 throughput=16.45 img/s eta_seconds=246.8 gpu_alloc=467.0MiB gpu_reserved=4078.0MiB skipped_batches=0
2026-08-15 07:59:09,575 | INFO | epoch=8 batch=1450 global_step=2698 loss_reg_months=30.2713 lr=0.00018100 grad_norm=0.3196 throughput=16.46 img/s eta_seconds=237.6 gpu_alloc=467.0MiB gpu_reserved=4078.0MiB skipped_batches=0
2026-08-15 07:59:18,566 | INFO | epoch=8 batch=1475 global_step=2702 loss_reg_months=30.2585 lr=0.00018100 grad_norm=0.2000 throughput=16.46 img/s eta_seconds=228.5 gpu_alloc=467.0MiB gpu_reserved=4078.0MiB skipped_batches=0
2026-08-15 07:59:27,574 | INFO | epoch=8 batch=1500 global_step=2707 loss_reg_months=30.3059 lr=0.00018100 grad_norm=0.1532 throughput=16.46 img/s eta_seconds=219.3 gpu_alloc=358.2MiB gpu_reserved=4078.0MiB skipped_batches=0
2026-08-15 07:59:36,568 | INFO | epoch=8 batch=1525 global_step=2711 loss_reg_months=30.2616 lr=0.00018100 grad_norm=0.1629 throughput=16.47 img/s eta_seconds=210.2 gpu_alloc=467.0MiB gpu_reserved=4078.0MiB skipped_batches=0
2026-08-15 07:59:45,558 | INFO | epoch=8 batch=1550 global_step=2715 loss_reg_months=30.2626 lr=0.00018100 grad_norm=0.1501 throughput=16.47 img/s eta_seconds=201.0 gpu_alloc=467.0MiB gpu_reserved=4078.0MiB skipped_batches=0
2026-08-15 07:59:54,556 | INFO | epoch=8 batch=1575 global_step=2719 loss_reg_months=30.2683 lr=0.00018100 grad_norm=0.3739 throughput=16.47 img/s eta_seconds=191.9 gpu_alloc=467.0MiB gpu_reserved=4078.0MiB skipped_batches=0
2026-08-15 08:00:03,560 | INFO | epoch=8 batch=1600 global_step=2723 loss_reg_months=30.3118 lr=0.00018100 grad_norm=0.4100 throughput=16.48 img/s eta_seconds=182.7 gpu_alloc=467.0MiB gpu_reserved=4078.0MiB skipped_batches=0
2026-08-15 08:00:12,552 | INFO | epoch=8 batch=1625 global_step=2727 loss_reg_months=30.3356 lr=0.00018100 grad_norm=0.1867 throughput=16.48 img/s eta_seconds=173.6 gpu_alloc=467.0MiB gpu_reserved=4078.0MiB skipped_batches=0
2026-08-15 08:00:21,569 | INFO | epoch=8 batch=1650 global_step=2732 loss_reg_months=30.2984 lr=0.00018100 grad_norm=0.1033 throughput=16.48 img/s eta_seconds=164.5 gpu_alloc=358.2MiB gpu_reserved=4078.0MiB skipped_batches=0
2026-08-15 08:00:30,550 | INFO | epoch=8 batch=1675 global_step=2736 loss_reg_months=30.2917 lr=0.00018100 grad_norm=0.3685 throughput=16.49 img/s eta_seconds=155.3 gpu_alloc=467.0MiB gpu_reserved=4078.0MiB skipped_batches=0
2026-08-15 08:00:39,541 | INFO | epoch=8 batch=1700 global_step=2740 loss_reg_months=30.2942 lr=0.00018100 grad_norm=0.1080 throughput=16.49 img/s eta_seconds=146.2 gpu_alloc=467.0MiB gpu_reserved=4078.0MiB skipped_batches=0
2026-08-15 08:00:48,533 | INFO | epoch=8 batch=1725 global_step=2744 loss_reg_months=30.2720 lr=0.00018100 grad_norm=0.1682 throughput=16.49 img/s eta_seconds=137.1 gpu_alloc=467.0MiB gpu_reserved=4078.0MiB skipped_batches=0
2026-08-15 08:00:57,518 | INFO | epoch=8 batch=1750 global_step=2748 loss_reg_months=30.2562 lr=0.00018100 grad_norm=0.1745 throughput=16.49 img/s eta_seconds=128.0 gpu_alloc=467.0MiB gpu_reserved=4078.0MiB skipped_batches=0
2026-08-15 08:01:06,506 | INFO | epoch=8 batch=1775 global_step=2752 loss_reg_months=30.2804 lr=0.00018100 grad_norm=0.1444 throughput=16.50 img/s eta_seconds=118.9 gpu_alloc=467.0MiB gpu_reserved=4078.0MiB skipped_batches=0
2026-08-15 08:01:15,514 | INFO | epoch=8 batch=1800 global_step=2757 loss_reg_months=30.2578 lr=0.00018100 grad_norm=0.2364 throughput=16.50 img/s eta_seconds=109.8 gpu_alloc=358.2MiB gpu_reserved=4078.0MiB skipped_batches=0
2026-08-15 08:01:24,509 | INFO | epoch=8 batch=1825 global_step=2761 loss_reg_months=30.2737 lr=0.00018100 grad_norm=0.1371 throughput=16.50 img/s eta_seconds=100.7 gpu_alloc=467.0MiB gpu_reserved=4078.0MiB skipped_batches=0
2026-08-15 08:01:33,494 | INFO | epoch=8 batch=1850 global_step=2765 loss_reg_months=30.2663 lr=0.00018100 grad_norm=0.1704 throughput=16.50 img/s eta_seconds=91.6 gpu_alloc=467.0MiB gpu_reserved=4078.0MiB skipped_batches=0
2026-08-15 08:01:42,473 | INFO | epoch=8 batch=1875 global_step=2769 loss_reg_months=30.2446 lr=0.00018100 grad_norm=0.3347 throughput=16.51 img/s eta_seconds=82.5 gpu_alloc=467.0MiB gpu_reserved=4078.0MiB skipped_batches=0
2026-08-15 08:01:51,468 | INFO | epoch=8 batch=1900 global_step=2773 loss_reg_months=30.2217 lr=0.00018100 grad_norm=0.3754 throughput=16.51 img/s eta_seconds=73.4 gpu_alloc=467.0MiB gpu_reserved=4078.0MiB skipped_batches=0
2026-08-15 08:02:00,450 | INFO | epoch=8 batch=1925 global_step=2777 loss_reg_months=30.2338 lr=0.00018100 grad_norm=0.3973 throughput=16.51 img/s eta_seconds=64.3 gpu_alloc=467.0MiB gpu_reserved=4078.0MiB skipped_batches=0
2026-08-15 08:02:09,448 | INFO | epoch=8 batch=1950 global_step=2782 loss_reg_months=30.1880 lr=0.00018100 grad_norm=0.2394 throughput=16.51 img/s eta_seconds=55.2 gpu_alloc=358.2MiB gpu_reserved=4078.0MiB skipped_batches=0
2026-08-15 08:02:18,436 | INFO | epoch=8 batch=1975 global_step=2786 loss_reg_months=30.1586 lr=0.00018100 grad_norm=0.6613 throughput=16.52 img/s eta_seconds=46.1 gpu_alloc=467.0MiB gpu_reserved=4078.0MiB skipped_batches=0
2026-08-15 08:02:27,423 | INFO | epoch=8 batch=2000 global_step=2790 loss_reg_months=30.1194 lr=0.00018100 grad_norm=0.4571 throughput=16.52 img/s eta_seconds=37.0 gpu_alloc=467.0MiB gpu_reserved=4078.0MiB skipped_batches=0
2026-08-15 08:02:36,411 | INFO | epoch=8 batch=2025 global_step=2794 loss_reg_months=30.1251 lr=0.00018100 grad_norm=0.1566 throughput=16.52 img/s eta_seconds=27.9 gpu_alloc=467.0MiB gpu_reserved=4078.0MiB skipped_batches=0
2026-08-15 08:02:45,400 | INFO | epoch=8 batch=2050 global_step=2798 loss_reg_months=30.1225 lr=0.00018100 grad_norm=0.1773 throughput=16.52 img/s eta_seconds=18.8 gpu_alloc=467.0MiB gpu_reserved=4078.0MiB skipped_batches=0
2026-08-15 08:02:54,380 | INFO | epoch=8 batch=2075 global_step=2802 loss_reg_months=30.1004 lr=0.00018100 grad_norm=0.1127 throughput=16.52 img/s eta_seconds=9.7 gpu_alloc=467.0MiB gpu_reserved=4078.0MiB skipped_batches=0
2026-08-15 08:03:03,394 | INFO | epoch=8 batch=2100 global_step=2807 loss_reg_months=30.1046 lr=0.00018100 grad_norm=0.0952 throughput=16.53 img/s eta_seconds=0.7 gpu_alloc=358.2MiB gpu_reserved=4078.0MiB skipped_batches=0
2026-08-15 08:03:36,761 | INFO | 
TRAINING REVIEW SNAPSHOT
Run ID / config hash / split hash: P4_D1_CONVNEXTV2_TINY_FCMAE_IN1K_B6A6_SEED42 / 4a32683c6d26 / 7328667e6822+f650a20432b5
Epoch / global step: 8 / 2808
Train loss: 30.0947
Validation MAE / RMSE / median AE: 31.9684 / 42.2280 / 22.0000
MAE nam / nữ / age bins: {'F': 31.030674846625768, 'M': 32.75937904269082} / {'0-59': 98.46808510638297, '120-179': 15.295426452410384, '60-119': 44.088832487309645, '180-228': 51.203125}
Learning rate / peak VRAM: 0.00018100 / 4078.0 MiB
Best epoch / best MAE / epochs không cải thiện: 5 / 31.9628 / 3
Cảnh báo hiện tại: KHÔNG
Checkpoint gần nhất: p1_baseline\runs\P4_D1_CONVNEXTV2_TINY_FCMAE_IN1K_B6A6_SEED42\last.ckpt
Checkpoint tốt nhất: p1_baseline\runs\P4_D1_CONVNEXTV2_TINY_FCMAE_IN1K_B6A6_SEED42\best_mae.ckpt
Đề xuất tự động: TIẾP TỤC
2026-08-15 08:03:55,564 | INFO | epoch=9 batch=25 global_step=2812 loss_reg_months=29.8854 lr=0.00017543 grad_norm=0.3019 throughput=9.40 img/s eta_seconds=1326.1 gpu_alloc=467.0MiB gpu_reserved=4078.0MiB skipped_batches=0
2026-08-15 08:04:04,525 | INFO | epoch=9 batch=50 global_step=2816 loss_reg_months=30.9518 lr=0.00017543 grad_norm=0.2208 throughput=12.04 img/s eta_seconds=1022.8 gpu_alloc=467.0MiB gpu_reserved=4078.0MiB skipped_batches=0
2026-08-15 08:04:13,494 | INFO | epoch=9 batch=75 global_step=2820 loss_reg_months=31.1039 lr=0.00017543 grad_norm=0.1552 throughput=13.28 img/s eta_seconds=916.0 gpu_alloc=467.0MiB gpu_reserved=4078.0MiB skipped_batches=0
2026-08-15 08:04:22,480 | INFO | epoch=9 batch=100 global_step=2824 loss_reg_months=29.9039 lr=0.00017543 grad_norm=0.1356 throughput=13.99 img/s eta_seconds=858.4 gpu_alloc=467.0MiB gpu_reserved=4078.0MiB skipped_batches=0
2026-08-15 08:04:31,459 | INFO | epoch=9 batch=125 global_step=2828 loss_reg_months=30.0965 lr=0.00017543 grad_norm=0.1266 throughput=14.46 img/s eta_seconds=820.1 gpu_alloc=467.0MiB gpu_reserved=4078.0MiB skipped_batches=0
2026-08-15 08:04:40,450 | INFO | epoch=9 batch=150 global_step=2833 loss_reg_months=30.2844 lr=0.00017543 grad_norm=0.2579 throughput=14.79 img/s eta_seconds=791.8 gpu_alloc=358.2MiB gpu_reserved=4078.0MiB skipped_batches=0
2026-08-15 08:04:49,422 | INFO | epoch=9 batch=175 global_step=2837 loss_reg_months=29.9722 lr=0.00017543 grad_norm=0.0923 throughput=15.04 img/s eta_seconds=768.8 gpu_alloc=467.0MiB gpu_reserved=4078.0MiB skipped_batches=0
2026-08-15 08:04:58,406 | INFO | epoch=9 batch=200 global_step=2841 loss_reg_months=29.9301 lr=0.00017543 grad_norm=0.2252 throughput=15.23 img/s eta_seconds=749.4 gpu_alloc=467.0MiB gpu_reserved=4078.0MiB skipped_batches=0
2026-08-15 08:05:07,394 | INFO | epoch=9 batch=225 global_step=2845 loss_reg_months=29.9299 lr=0.00017543 grad_norm=0.1460 throughput=15.38 img/s eta_seconds=732.3 gpu_alloc=467.0MiB gpu_reserved=4078.0MiB skipped_batches=0
2026-08-15 08:05:16,386 | INFO | epoch=9 batch=250 global_step=2849 loss_reg_months=30.0492 lr=0.00017543 grad_norm=0.1777 throughput=15.50 img/s eta_seconds=716.9 gpu_alloc=467.0MiB gpu_reserved=4078.0MiB skipped_batches=0
2026-08-15 08:05:25,364 | INFO | epoch=9 batch=275 global_step=2853 loss_reg_months=29.8243 lr=0.00017543 grad_norm=0.1773 throughput=15.60 img/s eta_seconds=702.6 gpu_alloc=467.0MiB gpu_reserved=4078.0MiB skipped_batches=0
2026-08-15 08:05:34,368 | INFO | epoch=9 batch=300 global_step=2858 loss_reg_months=29.9989 lr=0.00017543 grad_norm=0.1702 throughput=15.68 img/s eta_seconds=689.3 gpu_alloc=358.2MiB gpu_reserved=4078.0MiB skipped_batches=0
2026-08-15 08:05:43,347 | INFO | epoch=9 batch=325 global_step=2862 loss_reg_months=29.9671 lr=0.00017543 grad_norm=0.1792 throughput=15.76 img/s eta_seconds=676.5 gpu_alloc=467.0MiB gpu_reserved=4078.0MiB skipped_batches=0
2026-08-15 08:05:52,333 | INFO | epoch=9 batch=350 global_step=2866 loss_reg_months=29.8940 lr=0.00017543 grad_norm=0.1349 throughput=15.82 img/s eta_seconds=664.4 gpu_alloc=467.0MiB gpu_reserved=4078.0MiB skipped_batches=0
2026-08-15 08:06:01,307 | INFO | epoch=9 batch=375 global_step=2870 loss_reg_months=30.1452 lr=0.00017543 grad_norm=0.1167 throughput=15.88 img/s eta_seconds=652.5 gpu_alloc=467.0MiB gpu_reserved=4078.0MiB skipped_batches=0
2026-08-15 08:06:10,283 | INFO | epoch=9 batch=400 global_step=2874 loss_reg_months=30.1546 lr=0.00017543 grad_norm=0.2487 throughput=15.93 img/s eta_seconds=641.1 gpu_alloc=467.0MiB gpu_reserved=4078.0MiB skipped_batches=0
2026-08-15 08:06:19,259 | INFO | epoch=9 batch=425 global_step=2878 loss_reg_months=29.8816 lr=0.00017543 grad_norm=0.1820 throughput=15.97 img/s eta_seconds=629.9 gpu_alloc=467.0MiB gpu_reserved=4078.0MiB skipped_batches=0
2026-08-15 08:06:28,250 | INFO | epoch=9 batch=450 global_step=2883 loss_reg_months=30.1595 lr=0.00017543 grad_norm=0.1668 throughput=16.01 img/s eta_seconds=619.1 gpu_alloc=358.2MiB gpu_reserved=4078.0MiB skipped_batches=0
2026-08-15 08:06:37,232 | INFO | epoch=9 batch=475 global_step=2887 loss_reg_months=30.1553 lr=0.00017543 grad_norm=0.1188 throughput=16.04 img/s eta_seconds=608.4 gpu_alloc=467.0MiB gpu_reserved=4078.0MiB skipped_batches=0
2026-08-15 08:06:46,207 | INFO | epoch=9 batch=500 global_step=2891 loss_reg_months=30.1031 lr=0.00017543 grad_norm=0.1576 throughput=16.08 img/s eta_seconds=597.8 gpu_alloc=467.0MiB gpu_reserved=4078.0MiB skipped_batches=0
2026-08-15 08:06:55,190 | INFO | epoch=9 batch=525 global_step=2895 loss_reg_months=29.9621 lr=0.00017543 grad_norm=0.1982 throughput=16.11 img/s eta_seconds=587.5 gpu_alloc=467.0MiB gpu_reserved=4078.0MiB skipped_batches=0
2026-08-15 08:07:04,181 | INFO | epoch=9 batch=550 global_step=2899 loss_reg_months=29.9531 lr=0.00017543 grad_norm=0.1912 throughput=16.13 img/s eta_seconds=577.2 gpu_alloc=467.0MiB gpu_reserved=4078.0MiB skipped_batches=0
2026-08-15 08:07:13,166 | INFO | epoch=9 batch=575 global_step=2903 loss_reg_months=30.1118 lr=0.00017543 grad_norm=0.1653 throughput=16.15 img/s eta_seconds=567.1 gpu_alloc=467.0MiB gpu_reserved=4078.0MiB skipped_batches=0
2026-08-15 08:07:22,161 | INFO | epoch=9 batch=600 global_step=2908 loss_reg_months=30.2728 lr=0.00017543 grad_norm=0.1841 throughput=16.18 img/s eta_seconds=557.1 gpu_alloc=358.2MiB gpu_reserved=4078.0MiB skipped_batches=0
2026-08-15 08:07:31,149 | INFO | epoch=9 batch=625 global_step=2912 loss_reg_months=30.2103 lr=0.00017543 grad_norm=0.2172 throughput=16.20 img/s eta_seconds=547.1 gpu_alloc=467.0MiB gpu_reserved=4078.0MiB skipped_batches=0
2026-08-15 08:07:40,146 | INFO | epoch=9 batch=650 global_step=2916 loss_reg_months=30.2173 lr=0.00017543 grad_norm=0.2148 throughput=16.21 img/s eta_seconds=537.3 gpu_alloc=467.0MiB gpu_reserved=4078.0MiB skipped_batches=0
2026-08-15 08:07:49,134 | INFO | epoch=9 batch=675 global_step=2920 loss_reg_months=30.3078 lr=0.00017543 grad_norm=0.4152 throughput=16.23 img/s eta_seconds=527.5 gpu_alloc=467.0MiB gpu_reserved=4078.0MiB skipped_batches=0
2026-08-15 08:07:58,135 | INFO | epoch=9 batch=700 global_step=2924 loss_reg_months=30.3516 lr=0.00017543 grad_norm=0.1593 throughput=16.25 img/s eta_seconds=517.7 gpu_alloc=467.0MiB gpu_reserved=4078.0MiB skipped_batches=0
2026-08-15 08:08:07,131 | INFO | epoch=9 batch=725 global_step=2928 loss_reg_months=30.5700 lr=0.00017543 grad_norm=0.2446 throughput=16.26 img/s eta_seconds=508.1 gpu_alloc=467.0MiB gpu_reserved=4078.0MiB skipped_batches=0
2026-08-15 08:08:16,140 | INFO | epoch=9 batch=750 global_step=2933 loss_reg_months=30.5062 lr=0.00017543 grad_norm=0.2407 throughput=16.27 img/s eta_seconds=498.4 gpu_alloc=358.2MiB gpu_reserved=4078.0MiB skipped_batches=0
2026-08-15 08:08:25,123 | INFO | epoch=9 batch=775 global_step=2937 loss_reg_months=30.5556 lr=0.00017543 grad_norm=0.2557 throughput=16.29 img/s eta_seconds=488.8 gpu_alloc=467.0MiB gpu_reserved=4078.0MiB skipped_batches=0
2026-08-15 08:08:34,107 | INFO | epoch=9 batch=800 global_step=2941 loss_reg_months=30.4754 lr=0.00017543 grad_norm=0.1127 throughput=16.30 img/s eta_seconds=479.2 gpu_alloc=467.0MiB gpu_reserved=4078.0MiB skipped_batches=0
2026-08-15 08:08:43,091 | INFO | epoch=9 batch=825 global_step=2945 loss_reg_months=30.4841 lr=0.00017543 grad_norm=0.0814 throughput=16.31 img/s eta_seconds=469.7 gpu_alloc=467.0MiB gpu_reserved=4078.0MiB skipped_batches=0
2026-08-15 08:08:52,088 | INFO | epoch=9 batch=850 global_step=2949 loss_reg_months=30.4020 lr=0.00017543 grad_norm=0.5918 throughput=16.32 img/s eta_seconds=460.2 gpu_alloc=467.0MiB gpu_reserved=4078.0MiB skipped_batches=0
2026-08-15 08:09:01,072 | INFO | epoch=9 batch=875 global_step=2953 loss_reg_months=30.4188 lr=0.00017543 grad_norm=0.2073 throughput=16.33 img/s eta_seconds=450.7 gpu_alloc=467.0MiB gpu_reserved=4078.0MiB skipped_batches=0
2026-08-15 08:09:10,079 | INFO | epoch=9 batch=900 global_step=2958 loss_reg_months=30.3828 lr=0.00017543 grad_norm=0.4032 throughput=16.34 img/s eta_seconds=441.3 gpu_alloc=358.2MiB gpu_reserved=4078.0MiB skipped_batches=0
2026-08-15 08:09:19,065 | INFO | epoch=9 batch=925 global_step=2962 loss_reg_months=30.2882 lr=0.00017543 grad_norm=0.1526 throughput=16.35 img/s eta_seconds=431.9 gpu_alloc=467.0MiB gpu_reserved=4078.0MiB skipped_batches=0
2026-08-15 08:09:28,052 | INFO | epoch=9 batch=950 global_step=2966 loss_reg_months=30.3846 lr=0.00017543 grad_norm=0.1222 throughput=16.36 img/s eta_seconds=422.5 gpu_alloc=467.0MiB gpu_reserved=4078.0MiB skipped_batches=0
2026-08-15 08:09:37,034 | INFO | epoch=9 batch=975 global_step=2970 loss_reg_months=30.4010 lr=0.00017543 grad_norm=0.1906 throughput=16.37 img/s eta_seconds=413.1 gpu_alloc=467.0MiB gpu_reserved=4078.0MiB skipped_batches=0
2026-08-15 08:09:46,012 | INFO | epoch=9 batch=1000 global_step=2974 loss_reg_months=30.4672 lr=0.00017543 grad_norm=0.1526 throughput=16.37 img/s eta_seconds=403.7 gpu_alloc=467.0MiB gpu_reserved=4078.0MiB skipped_batches=0
2026-08-15 08:09:55,000 | INFO | epoch=9 batch=1025 global_step=2978 loss_reg_months=30.4977 lr=0.00017543 grad_norm=0.1411 throughput=16.38 img/s eta_seconds=394.4 gpu_alloc=467.0MiB gpu_reserved=4078.0MiB skipped_batches=0
2026-08-15 08:10:04,006 | INFO | epoch=9 batch=1050 global_step=2983 loss_reg_months=30.4626 lr=0.00017543 grad_norm=0.1460 throughput=16.39 img/s eta_seconds=385.1 gpu_alloc=358.2MiB gpu_reserved=4078.0MiB skipped_batches=0
2026-08-15 08:10:12,984 | INFO | epoch=9 batch=1075 global_step=2987 loss_reg_months=30.4490 lr=0.00017543 grad_norm=0.2464 throughput=16.40 img/s eta_seconds=375.8 gpu_alloc=467.0MiB gpu_reserved=4078.0MiB skipped_batches=0
2026-08-15 08:10:21,966 | INFO | epoch=9 batch=1100 global_step=2991 loss_reg_months=30.4189 lr=0.00017543 grad_norm=0.1822 throughput=16.40 img/s eta_seconds=366.5 gpu_alloc=467.0MiB gpu_reserved=4078.0MiB skipped_batches=0
2026-08-15 08:10:30,960 | INFO | epoch=9 batch=1125 global_step=2995 loss_reg_months=30.3885 lr=0.00017543 grad_norm=0.8965 throughput=16.41 img/s eta_seconds=357.2 gpu_alloc=467.0MiB gpu_reserved=4078.0MiB skipped_batches=0
2026-08-15 08:10:39,951 | INFO | epoch=9 batch=1150 global_step=2999 loss_reg_months=30.3647 lr=0.00017543 grad_norm=0.1484 throughput=16.41 img/s eta_seconds=347.9 gpu_alloc=467.0MiB gpu_reserved=4078.0MiB skipped_batches=0
2026-08-15 08:10:49,548 | INFO | epoch=9 batch=1175 global_step=3003 loss_reg_months=30.3695 lr=0.00017543 grad_norm=0.0962 throughput=16.40 img/s eta_seconds=339.1 gpu_alloc=467.0MiB gpu_reserved=4078.0MiB skipped_batches=0
2026-08-15 08:10:58,555 | INFO | epoch=9 batch=1200 global_step=3008 loss_reg_months=30.2738 lr=0.00017543 grad_norm=0.2666 throughput=16.40 img/s eta_seconds=329.9 gpu_alloc=358.2MiB gpu_reserved=4078.0MiB skipped_batches=0
2026-08-15 08:11:07,546 | INFO | epoch=9 batch=1225 global_step=3012 loss_reg_months=30.2693 lr=0.00017543 grad_norm=0.2286 throughput=16.41 img/s eta_seconds=320.6 gpu_alloc=467.0MiB gpu_reserved=4078.0MiB skipped_batches=0
2026-08-15 08:11:16,533 | INFO | epoch=9 batch=1250 global_step=3016 loss_reg_months=30.2115 lr=0.00017543 grad_norm=0.0966 throughput=16.41 img/s eta_seconds=311.4 gpu_alloc=467.0MiB gpu_reserved=4078.0MiB skipped_batches=0
2026-08-15 08:11:25,519 | INFO | epoch=9 batch=1275 global_step=3020 loss_reg_months=30.1886 lr=0.00017543 grad_norm=0.1567 throughput=16.42 img/s eta_seconds=302.1 gpu_alloc=467.0MiB gpu_reserved=4078.0MiB skipped_batches=0
2026-08-15 08:11:34,512 | INFO | epoch=9 batch=1300 global_step=3024 loss_reg_months=30.2058 lr=0.00017543 grad_norm=0.3563 throughput=16.42 img/s eta_seconds=292.9 gpu_alloc=467.0MiB gpu_reserved=4078.0MiB skipped_batches=0
2026-08-15 08:11:43,506 | INFO | epoch=9 batch=1325 global_step=3028 loss_reg_months=30.2125 lr=0.00017543 grad_norm=0.2634 throughput=16.43 img/s eta_seconds=283.7 gpu_alloc=467.0MiB gpu_reserved=4078.0MiB skipped_batches=0
2026-08-15 08:11:52,511 | INFO | epoch=9 batch=1350 global_step=3033 loss_reg_months=30.2349 lr=0.00017543 grad_norm=0.0832 throughput=16.43 img/s eta_seconds=274.5 gpu_alloc=358.2MiB gpu_reserved=4078.0MiB skipped_batches=0
2026-08-15 08:12:01,510 | INFO | epoch=9 batch=1375 global_step=3037 loss_reg_months=30.2646 lr=0.00017543 grad_norm=0.2079 throughput=16.44 img/s eta_seconds=265.3 gpu_alloc=467.0MiB gpu_reserved=4078.0MiB skipped_batches=0
2026-08-15 08:12:10,513 | INFO | epoch=9 batch=1400 global_step=3041 loss_reg_months=30.2658 lr=0.00017543 grad_norm=0.1916 throughput=16.44 img/s eta_seconds=256.1 gpu_alloc=467.0MiB gpu_reserved=4078.0MiB skipped_batches=0
2026-08-15 08:12:19,502 | INFO | epoch=9 batch=1425 global_step=3045 loss_reg_months=30.2246 lr=0.00017543 grad_norm=0.0943 throughput=16.45 img/s eta_seconds=246.9 gpu_alloc=467.0MiB gpu_reserved=4078.0MiB skipped_batches=0
2026-08-15 08:12:28,503 | INFO | epoch=9 batch=1450 global_step=3049 loss_reg_months=30.2202 lr=0.00017543 grad_norm=0.2072 throughput=16.45 img/s eta_seconds=237.8 gpu_alloc=467.0MiB gpu_reserved=4078.0MiB skipped_batches=0
2026-08-15 08:12:37,795 | INFO | epoch=9 batch=1475 global_step=3053 loss_reg_months=30.2057 lr=0.00017543 grad_norm=0.2805 throughput=16.44 img/s eta_seconds=228.7 gpu_alloc=467.0MiB gpu_reserved=4078.0MiB skipped_batches=0
2026-08-15 08:12:47,134 | INFO | epoch=9 batch=1500 global_step=3058 loss_reg_months=30.2501 lr=0.00017543 grad_norm=0.1178 throughput=16.44 img/s eta_seconds=219.7 gpu_alloc=358.2MiB gpu_reserved=4078.0MiB skipped_batches=0
2026-08-15 08:12:56,245 | INFO | epoch=9 batch=1525 global_step=3062 loss_reg_months=30.2291 lr=0.00017543 grad_norm=0.1328 throughput=16.44 img/s eta_seconds=210.6 gpu_alloc=467.0MiB gpu_reserved=4078.0MiB skipped_batches=0
2026-08-15 08:13:05,293 | INFO | epoch=9 batch=1550 global_step=3066 loss_reg_months=30.2157 lr=0.00017543 grad_norm=0.1414 throughput=16.44 img/s eta_seconds=201.4 gpu_alloc=467.0MiB gpu_reserved=4078.0MiB skipped_batches=0
2026-08-15 08:13:14,343 | INFO | epoch=9 batch=1575 global_step=3070 loss_reg_months=30.1814 lr=0.00017543 grad_norm=0.2418 throughput=16.44 img/s eta_seconds=192.2 gpu_alloc=467.0MiB gpu_reserved=4078.0MiB skipped_batches=0
2026-08-15 08:13:23,419 | INFO | epoch=9 batch=1600 global_step=3074 loss_reg_months=30.1586 lr=0.00017543 grad_norm=0.3408 throughput=16.44 img/s eta_seconds=183.1 gpu_alloc=467.0MiB gpu_reserved=4078.0MiB skipped_batches=0
2026-08-15 08:13:32,463 | INFO | epoch=9 batch=1625 global_step=3078 loss_reg_months=30.1328 lr=0.00017543 grad_norm=0.3230 throughput=16.45 img/s eta_seconds=174.0 gpu_alloc=467.0MiB gpu_reserved=4078.0MiB skipped_batches=0
2026-08-15 08:13:41,662 | INFO | epoch=9 batch=1650 global_step=3083 loss_reg_months=30.0278 lr=0.00017543 grad_norm=0.1580 throughput=16.44 img/s eta_seconds=164.9 gpu_alloc=358.2MiB gpu_reserved=4078.0MiB skipped_batches=0
2026-08-15 08:13:50,742 | INFO | epoch=9 batch=1675 global_step=3087 loss_reg_months=30.0265 lr=0.00017543 grad_norm=0.2760 throughput=16.44 img/s eta_seconds=155.7 gpu_alloc=467.0MiB gpu_reserved=4078.0MiB skipped_batches=0
2026-08-15 08:13:59,785 | INFO | epoch=9 batch=1700 global_step=3091 loss_reg_months=30.0467 lr=0.00017543 grad_norm=0.1484 throughput=16.45 img/s eta_seconds=146.6 gpu_alloc=467.0MiB gpu_reserved=4078.0MiB skipped_batches=0
2026-08-15 08:14:08,810 | INFO | epoch=9 batch=1725 global_step=3095 loss_reg_months=30.0432 lr=0.00017543 grad_norm=0.2566 throughput=16.45 img/s eta_seconds=137.5 gpu_alloc=467.0MiB gpu_reserved=4078.0MiB skipped_batches=0
2026-08-15 08:14:17,788 | INFO | epoch=9 batch=1750 global_step=3099 loss_reg_months=30.0805 lr=0.00017543 grad_norm=0.2212 throughput=16.45 img/s eta_seconds=128.3 gpu_alloc=467.0MiB gpu_reserved=4078.0MiB skipped_batches=0
2026-08-15 08:14:26,765 | INFO | epoch=9 batch=1775 global_step=3103 loss_reg_months=30.0875 lr=0.00017543 grad_norm=0.2267 throughput=16.46 img/s eta_seconds=119.2 gpu_alloc=467.0MiB gpu_reserved=4078.0MiB skipped_batches=0
2026-08-15 08:14:35,761 | INFO | epoch=9 batch=1800 global_step=3108 loss_reg_months=30.1029 lr=0.00017543 grad_norm=0.0992 throughput=16.46 img/s eta_seconds=110.0 gpu_alloc=358.2MiB gpu_reserved=4078.0MiB skipped_batches=0
2026-08-15 08:14:44,757 | INFO | epoch=9 batch=1825 global_step=3112 loss_reg_months=30.0689 lr=0.00017543 grad_norm=0.5967 throughput=16.46 img/s eta_seconds=100.9 gpu_alloc=467.0MiB gpu_reserved=4078.0MiB skipped_batches=0
2026-08-15 08:14:53,962 | INFO | epoch=9 batch=1850 global_step=3116 loss_reg_months=30.0977 lr=0.00017543 grad_norm=0.2903 throughput=16.46 img/s eta_seconds=91.8 gpu_alloc=467.0MiB gpu_reserved=4078.0MiB skipped_batches=0
2026-08-15 08:15:03,033 | INFO | epoch=9 batch=1875 global_step=3120 loss_reg_months=30.1079 lr=0.00017543 grad_norm=0.0929 throughput=16.46 img/s eta_seconds=82.7 gpu_alloc=467.0MiB gpu_reserved=4078.0MiB skipped_batches=0
2026-08-15 08:15:12,277 | INFO | epoch=9 batch=1900 global_step=3124 loss_reg_months=30.1293 lr=0.00017543 grad_norm=0.1592 throughput=16.46 img/s eta_seconds=73.6 gpu_alloc=467.0MiB gpu_reserved=4078.0MiB skipped_batches=0
2026-08-15 08:15:21,738 | INFO | epoch=9 batch=1925 global_step=3128 loss_reg_months=30.1402 lr=0.00017543 grad_norm=0.3488 throughput=16.45 img/s eta_seconds=64.5 gpu_alloc=467.0MiB gpu_reserved=4078.0MiB skipped_batches=0
2026-08-15 08:15:31,198 | INFO | epoch=9 batch=1950 global_step=3133 loss_reg_months=30.1490 lr=0.00017543 grad_norm=0.0833 throughput=16.44 img/s eta_seconds=55.4 gpu_alloc=358.2MiB gpu_reserved=4078.0MiB skipped_batches=0
2026-08-15 08:15:40,600 | INFO | epoch=9 batch=1975 global_step=3137 loss_reg_months=30.1592 lr=0.00017543 grad_norm=0.1066 throughput=16.44 img/s eta_seconds=46.3 gpu_alloc=467.0MiB gpu_reserved=4078.0MiB skipped_batches=0
2026-08-15 08:15:49,970 | INFO | epoch=9 batch=2000 global_step=3141 loss_reg_months=30.1202 lr=0.00017543 grad_norm=0.1183 throughput=16.43 img/s eta_seconds=37.2 gpu_alloc=467.0MiB gpu_reserved=4078.0MiB skipped_batches=0
2026-08-15 08:15:59,281 | INFO | epoch=9 batch=2025 global_step=3145 loss_reg_months=30.1253 lr=0.00017543 grad_norm=0.1780 throughput=16.43 img/s eta_seconds=28.1 gpu_alloc=467.0MiB gpu_reserved=4078.0MiB skipped_batches=0
2026-08-15 08:16:08,616 | INFO | epoch=9 batch=2050 global_step=3149 loss_reg_months=30.1260 lr=0.00017543 grad_norm=0.1152 throughput=16.42 img/s eta_seconds=18.9 gpu_alloc=467.0MiB gpu_reserved=4078.0MiB skipped_batches=0
2026-08-15 08:16:18,060 | INFO | epoch=9 batch=2075 global_step=3153 loss_reg_months=30.1300 lr=0.00017543 grad_norm=0.1498 throughput=16.41 img/s eta_seconds=9.8 gpu_alloc=467.0MiB gpu_reserved=4078.0MiB skipped_batches=0
2026-08-15 08:16:27,443 | INFO | epoch=9 batch=2100 global_step=3158 loss_reg_months=30.0999 lr=0.00017543 grad_norm=0.2544 throughput=16.41 img/s eta_seconds=0.7 gpu_alloc=358.2MiB gpu_reserved=4078.0MiB skipped_batches=0
2026-08-15 08:17:05,362 | INFO | 
TRAINING REVIEW SNAPSHOT
Run ID / config hash / split hash: P4_D1_CONVNEXTV2_TINY_FCMAE_IN1K_B6A6_SEED42 / 4a32683c6d26 / 7328667e6822+f650a20432b5
Epoch / global step: 9 / 3159
Train loss: 30.0959
Validation MAE / RMSE / median AE: 31.9888 / 42.0531 / 22.0000
MAE nam / nữ / age bins: {'F': 31.030674846625768, 'M': 32.79689521345408} / {'0-59': 97.93617021276596, '120-179': 15.484548825710753, '60-119': 43.6751269035533, '180-228': 51.8984375}
Learning rate / peak VRAM: 0.00017543 / 4078.0 MiB
Best epoch / best MAE / epochs không cải thiện: 5 / 31.9628 / 4
Cảnh báo hiện tại: KHÔNG
Checkpoint gần nhất: p1_baseline\runs\P4_D1_CONVNEXTV2_TINY_FCMAE_IN1K_B6A6_SEED42\last.ckpt
Checkpoint tốt nhất: p1_baseline\runs\P4_D1_CONVNEXTV2_TINY_FCMAE_IN1K_B6A6_SEED42\best_mae.ckpt
Đề xuất tự động: TIẾP TỤC
2026-08-15 08:17:24,957 | INFO | epoch=10 batch=25 global_step=3163 loss_reg_months=28.1800 lr=0.00016926 grad_norm=0.2316 throughput=8.85 img/s eta_seconds=1408.7 gpu_alloc=467.0MiB gpu_reserved=4078.0MiB skipped_batches=0
2026-08-15 08:17:34,201 | INFO | epoch=10 batch=50 global_step=3167 loss_reg_months=30.2803 lr=0.00016926 grad_norm=0.1037 throughput=11.45 img/s eta_seconds=1075.2 gpu_alloc=467.0MiB gpu_reserved=4078.0MiB skipped_batches=0
2026-08-15 08:17:43,434 | INFO | epoch=10 batch=75 global_step=3171 loss_reg_months=30.6841 lr=0.00016926 grad_norm=0.2523 throughput=12.70 img/s eta_seconds=957.6 gpu_alloc=467.0MiB gpu_reserved=4078.0MiB skipped_batches=0
2026-08-15 08:17:52,671 | INFO | epoch=10 batch=100 global_step=3175 loss_reg_months=30.9866 lr=0.00016926 grad_norm=0.1186 throughput=13.43 img/s eta_seconds=894.3 gpu_alloc=467.0MiB gpu_reserved=4078.0MiB skipped_batches=0
2026-08-15 08:18:01,910 | INFO | epoch=10 batch=125 global_step=3179 loss_reg_months=30.3298 lr=0.00016926 grad_norm=0.4198 throughput=13.91 img/s eta_seconds=852.6 gpu_alloc=467.0MiB gpu_reserved=4078.0MiB skipped_batches=0
2026-08-15 08:18:11,179 | INFO | epoch=10 batch=150 global_step=3184 loss_reg_months=29.7254 lr=0.00016926 grad_norm=0.0942 throughput=14.25 img/s eta_seconds=822.1 gpu_alloc=358.2MiB gpu_reserved=4078.0MiB skipped_batches=0
2026-08-15 08:18:20,442 | INFO | epoch=10 batch=175 global_step=3188 loss_reg_months=30.0376 lr=0.00016926 grad_norm=0.1706 throughput=14.49 img/s eta_seconds=797.6 gpu_alloc=467.0MiB gpu_reserved=4078.0MiB skipped_batches=0
2026-08-15 08:18:29,682 | INFO | epoch=10 batch=200 global_step=3192 loss_reg_months=29.8374 lr=0.00016926 grad_norm=0.2110 throughput=14.69 img/s eta_seconds=776.7 gpu_alloc=467.0MiB gpu_reserved=4078.0MiB skipped_batches=0
2026-08-15 08:18:38,949 | INFO | epoch=10 batch=225 global_step=3196 loss_reg_months=29.5827 lr=0.00016926 grad_norm=0.1952 throughput=14.84 img/s eta_seconds=758.6 gpu_alloc=467.0MiB gpu_reserved=4078.0MiB skipped_batches=0
2026-08-15 08:18:48,190 | INFO | epoch=10 batch=250 global_step=3200 loss_reg_months=29.6366 lr=0.00016926 grad_norm=0.1132 throughput=14.97 img/s eta_seconds=742.1 gpu_alloc=467.0MiB gpu_reserved=4078.0MiB skipped_batches=0
2026-08-15 08:18:57,647 | INFO | epoch=10 batch=275 global_step=3204 loss_reg_months=29.7996 lr=0.00016926 grad_norm=0.1106 throughput=15.05 img/s eta_seconds=728.4 gpu_alloc=467.0MiB gpu_reserved=4078.0MiB skipped_batches=0
2026-08-15 08:19:06,917 | INFO | epoch=10 batch=300 global_step=3209 loss_reg_months=30.0030 lr=0.00016926 grad_norm=0.2307 throughput=15.14 img/s eta_seconds=714.2 gpu_alloc=358.2MiB gpu_reserved=4078.0MiB skipped_batches=0
2026-08-15 08:19:16,152 | INFO | epoch=10 batch=325 global_step=3213 loss_reg_months=29.7980 lr=0.00016926 grad_norm=0.1748 throughput=15.22 img/s eta_seconds=700.6 gpu_alloc=467.0MiB gpu_reserved=4078.0MiB skipped_batches=0
2026-08-15 08:19:25,471 | INFO | epoch=10 batch=350 global_step=3217 loss_reg_months=29.8913 lr=0.00016926 grad_norm=0.3755 throughput=15.28 img/s eta_seconds=688.1 gpu_alloc=467.0MiB gpu_reserved=4078.0MiB skipped_batches=0
2026-08-15 08:19:34,724 | INFO | epoch=10 batch=375 global_step=3221 loss_reg_months=29.7870 lr=0.00016926 grad_norm=0.1357 throughput=15.33 img/s eta_seconds=675.6 gpu_alloc=467.0MiB gpu_reserved=4078.0MiB skipped_batches=0
2026-08-15 08:19:43,976 | INFO | epoch=10 batch=400 global_step=3225 loss_reg_months=29.6707 lr=0.00016926 grad_norm=0.1858 throughput=15.39 img/s eta_seconds=663.6 gpu_alloc=467.0MiB gpu_reserved=4078.0MiB skipped_batches=0
2026-08-15 08:19:53,209 | INFO | epoch=10 batch=425 global_step=3229 loss_reg_months=29.3984 lr=0.00016926 grad_norm=0.2185 throughput=15.43 img/s eta_seconds=651.8 gpu_alloc=467.0MiB gpu_reserved=4078.0MiB skipped_batches=0
2026-08-15 08:20:02,477 | INFO | epoch=10 batch=450 global_step=3234 loss_reg_months=29.4503 lr=0.00016926 grad_norm=0.2457 throughput=15.47 img/s eta_seconds=640.5 gpu_alloc=358.2MiB gpu_reserved=4078.0MiB skipped_batches=0
2026-08-15 08:20:11,700 | INFO | epoch=10 batch=475 global_step=3238 loss_reg_months=29.6504 lr=0.00016926 grad_norm=0.3778 throughput=15.51 img/s eta_seconds=629.2 gpu_alloc=467.0MiB gpu_reserved=4078.0MiB skipped_batches=0
2026-08-15 08:20:20,962 | INFO | epoch=10 batch=500 global_step=3242 loss_reg_months=29.7665 lr=0.00016926 grad_norm=0.3080 throughput=15.55 img/s eta_seconds=618.2 gpu_alloc=467.0MiB gpu_reserved=4078.0MiB skipped_batches=0
2026-08-15 08:20:30,217 | INFO | epoch=10 batch=525 global_step=3246 loss_reg_months=29.8405 lr=0.00016926 grad_norm=0.2255 throughput=15.58 img/s eta_seconds=607.4 gpu_alloc=467.0MiB gpu_reserved=4078.0MiB skipped_batches=0
2026-08-15 08:20:39,474 | INFO | epoch=10 batch=550 global_step=3250 loss_reg_months=29.7303 lr=0.00016926 grad_norm=0.2811 throughput=15.60 img/s eta_seconds=596.7 gpu_alloc=467.0MiB gpu_reserved=4078.0MiB skipped_batches=0
2026-08-15 08:20:48,735 | INFO | epoch=10 batch=575 global_step=3254 loss_reg_months=29.7205 lr=0.00016926 grad_norm=0.2041 throughput=15.63 img/s eta_seconds=586.1 gpu_alloc=467.0MiB gpu_reserved=4078.0MiB skipped_batches=0
2026-08-15 08:20:57,993 | INFO | epoch=10 batch=600 global_step=3259 loss_reg_months=29.6523 lr=0.00016926 grad_norm=0.3076 throughput=15.65 img/s eta_seconds=575.7 gpu_alloc=358.2MiB gpu_reserved=4078.0MiB skipped_batches=0
2026-08-15 08:21:07,237 | INFO | epoch=10 batch=625 global_step=3263 loss_reg_months=29.7821 lr=0.00016926 grad_norm=0.3959 throughput=15.67 img/s eta_seconds=565.3 gpu_alloc=467.0MiB gpu_reserved=4078.0MiB skipped_batches=0
2026-08-15 08:21:16,473 | INFO | epoch=10 batch=650 global_step=3267 loss_reg_months=29.9142 lr=0.00016926 grad_norm=0.2811 throughput=15.70 img/s eta_seconds=555.0 gpu_alloc=467.0MiB gpu_reserved=4078.0MiB skipped_batches=0
2026-08-15 08:21:25,699 | INFO | epoch=10 batch=675 global_step=3271 loss_reg_months=29.8254 lr=0.00016926 grad_norm=0.2066 throughput=15.72 img/s eta_seconds=544.7 gpu_alloc=467.0MiB gpu_reserved=4078.0MiB skipped_batches=0
2026-08-15 08:21:34,940 | INFO | epoch=10 batch=700 global_step=3275 loss_reg_months=29.6496 lr=0.00016926 grad_norm=0.0910 throughput=15.73 img/s eta_seconds=534.6 gpu_alloc=467.0MiB gpu_reserved=4078.0MiB skipped_batches=0
2026-08-15 08:21:44,184 | INFO | epoch=10 batch=725 global_step=3279 loss_reg_months=29.6195 lr=0.00016926 grad_norm=0.1425 throughput=15.75 img/s eta_seconds=524.5 gpu_alloc=467.0MiB gpu_reserved=4078.0MiB skipped_batches=0
2026-08-15 08:21:53,448 | INFO | epoch=10 batch=750 global_step=3284 loss_reg_months=29.7578 lr=0.00016926 grad_norm=0.0987 throughput=15.76 img/s eta_seconds=514.5 gpu_alloc=358.2MiB gpu_reserved=4078.0MiB skipped_batches=0
2026-08-15 08:22:02,710 | INFO | epoch=10 batch=775 global_step=3288 loss_reg_months=29.7383 lr=0.00016926 grad_norm=0.2593 throughput=15.78 img/s eta_seconds=504.6 gpu_alloc=467.0MiB gpu_reserved=4078.0MiB skipped_batches=0
2026-08-15 08:22:11,965 | INFO | epoch=10 batch=800 global_step=3292 loss_reg_months=29.7520 lr=0.00016926 grad_norm=0.2612 throughput=15.79 img/s eta_seconds=494.6 gpu_alloc=467.0MiB gpu_reserved=4078.0MiB skipped_batches=0
2026-08-15 08:22:21,217 | INFO | epoch=10 batch=825 global_step=3296 loss_reg_months=29.7060 lr=0.00016926 grad_norm=0.1284 throughput=15.80 img/s eta_seconds=484.8 gpu_alloc=467.0MiB gpu_reserved=4078.0MiB skipped_batches=0
2026-08-15 08:22:30,460 | INFO | epoch=10 batch=850 global_step=3300 loss_reg_months=29.7421 lr=0.00016926 grad_norm=0.1252 throughput=15.82 img/s eta_seconds=474.9 gpu_alloc=467.0MiB gpu_reserved=4078.0MiB skipped_batches=0
2026-08-15 08:22:39,734 | INFO | epoch=10 batch=875 global_step=3304 loss_reg_months=29.8192 lr=0.00016926 grad_norm=0.0886 throughput=15.83 img/s eta_seconds=465.1 gpu_alloc=467.0MiB gpu_reserved=4078.0MiB skipped_batches=0
2026-08-15 08:22:49,040 | INFO | epoch=10 batch=900 global_step=3309 loss_reg_months=29.8882 lr=0.00016926 grad_norm=0.4547 throughput=15.83 img/s eta_seconds=455.4 gpu_alloc=358.2MiB gpu_reserved=4078.0MiB skipped_batches=0
2026-08-15 08:22:58,282 | INFO | epoch=10 batch=925 global_step=3313 loss_reg_months=29.8860 lr=0.00016926 grad_norm=0.1245 throughput=15.84 img/s eta_seconds=445.6 gpu_alloc=467.0MiB gpu_reserved=4078.0MiB skipped_batches=0
2026-08-15 08:23:07,616 | INFO | epoch=10 batch=950 global_step=3317 loss_reg_months=29.8669 lr=0.00016926 grad_norm=0.3544 throughput=15.85 img/s eta_seconds=436.0 gpu_alloc=467.0MiB gpu_reserved=4078.0MiB skipped_batches=0
2026-08-15 08:23:16,708 | INFO | epoch=10 batch=975 global_step=3321 loss_reg_months=29.9435 lr=0.00016926 grad_norm=0.1821 throughput=15.87 img/s eta_seconds=426.1 gpu_alloc=467.0MiB gpu_reserved=4078.0MiB skipped_batches=0
2026-08-15 08:23:26,018 | INFO | epoch=10 batch=1000 global_step=3325 loss_reg_months=29.9853 lr=0.00016926 grad_norm=0.1654 throughput=15.87 img/s eta_seconds=416.5 gpu_alloc=467.0MiB gpu_reserved=4078.0MiB skipped_batches=0
2026-08-15 08:23:35,373 | INFO | epoch=10 batch=1025 global_step=3329 loss_reg_months=30.0189 lr=0.00016926 grad_norm=0.2723 throughput=15.88 img/s eta_seconds=407.0 gpu_alloc=467.0MiB gpu_reserved=4078.0MiB skipped_batches=0
2026-08-15 08:23:44,690 | INFO | epoch=10 batch=1050 global_step=3334 loss_reg_months=30.0255 lr=0.00016926 grad_norm=0.2468 throughput=15.88 img/s eta_seconds=397.4 gpu_alloc=358.2MiB gpu_reserved=4078.0MiB skipped_batches=0
2026-08-15 08:23:53,940 | INFO | epoch=10 batch=1075 global_step=3338 loss_reg_months=29.9963 lr=0.00016926 grad_norm=0.3410 throughput=15.89 img/s eta_seconds=387.8 gpu_alloc=467.0MiB gpu_reserved=4078.0MiB skipped_batches=0
2026-08-15 08:24:03,215 | INFO | epoch=10 batch=1100 global_step=3342 loss_reg_months=29.9383 lr=0.00016926 grad_norm=0.1579 throughput=15.90 img/s eta_seconds=378.2 gpu_alloc=467.0MiB gpu_reserved=4078.0MiB skipped_batches=0
2026-08-15 08:24:12,474 | INFO | epoch=10 batch=1125 global_step=3346 loss_reg_months=29.9784 lr=0.00016926 grad_norm=0.2686 throughput=15.90 img/s eta_seconds=368.6 gpu_alloc=467.0MiB gpu_reserved=4078.0MiB skipped_batches=0
2026-08-15 08:24:21,742 | INFO | epoch=10 batch=1150 global_step=3350 loss_reg_months=29.9942 lr=0.00016926 grad_norm=0.1083 throughput=15.91 img/s eta_seconds=359.0 gpu_alloc=467.0MiB gpu_reserved=4078.0MiB skipped_batches=0
2026-08-15 08:24:31,016 | INFO | epoch=10 batch=1175 global_step=3354 loss_reg_months=30.0268 lr=0.00016926 grad_norm=0.3324 throughput=15.91 img/s eta_seconds=349.4 gpu_alloc=467.0MiB gpu_reserved=4078.0MiB skipped_batches=0
2026-08-15 08:24:40,318 | INFO | epoch=10 batch=1200 global_step=3359 loss_reg_months=30.0302 lr=0.00016926 grad_norm=0.1595 throughput=15.92 img/s eta_seconds=339.9 gpu_alloc=358.2MiB gpu_reserved=4078.0MiB skipped_batches=0
2026-08-15 08:24:49,605 | INFO | epoch=10 batch=1225 global_step=3363 loss_reg_months=30.0203 lr=0.00016926 grad_norm=0.2961 throughput=15.92 img/s eta_seconds=330.4 gpu_alloc=467.0MiB gpu_reserved=4078.0MiB skipped_batches=0
2026-08-15 08:24:58,876 | INFO | epoch=10 batch=1250 global_step=3367 loss_reg_months=29.9913 lr=0.00016926 grad_norm=0.2319 throughput=15.93 img/s eta_seconds=320.9 gpu_alloc=467.0MiB gpu_reserved=4078.0MiB skipped_batches=0
2026-08-15 08:25:08,138 | INFO | epoch=10 batch=1275 global_step=3371 loss_reg_months=30.0162 lr=0.00016926 grad_norm=0.1588 throughput=15.93 img/s eta_seconds=311.4 gpu_alloc=467.0MiB gpu_reserved=4078.0MiB skipped_batches=0
2026-08-15 08:25:17,375 | INFO | epoch=10 batch=1300 global_step=3375 loss_reg_months=29.9716 lr=0.00016926 grad_norm=0.1215 throughput=15.94 img/s eta_seconds=301.8 gpu_alloc=467.0MiB gpu_reserved=4078.0MiB skipped_batches=0
2026-08-15 08:25:26,652 | INFO | epoch=10 batch=1325 global_step=3379 loss_reg_months=29.9586 lr=0.00016926 grad_norm=0.2368 throughput=15.94 img/s eta_seconds=292.4 gpu_alloc=467.0MiB gpu_reserved=4078.0MiB skipped_batches=0
2026-08-15 08:25:35,938 | INFO | epoch=10 batch=1350 global_step=3384 loss_reg_months=29.9475 lr=0.00016926 grad_norm=0.2668 throughput=15.95 img/s eta_seconds=282.9 gpu_alloc=358.2MiB gpu_reserved=4078.0MiB skipped_batches=0
2026-08-15 08:25:45,189 | INFO | epoch=10 batch=1375 global_step=3388 loss_reg_months=29.9120 lr=0.00016926 grad_norm=0.1224 throughput=15.95 img/s eta_seconds=273.4 gpu_alloc=467.0MiB gpu_reserved=4078.0MiB skipped_batches=0
2026-08-15 08:25:54,440 | INFO | epoch=10 batch=1400 global_step=3392 loss_reg_months=29.8979 lr=0.00016926 grad_norm=0.3050 throughput=15.96 img/s eta_seconds=263.9 gpu_alloc=467.0MiB gpu_reserved=4078.0MiB skipped_batches=0
2026-08-15 08:26:03,680 | INFO | epoch=10 batch=1425 global_step=3396 loss_reg_months=29.9354 lr=0.00016926 grad_norm=0.2712 throughput=15.96 img/s eta_seconds=254.4 gpu_alloc=467.0MiB gpu_reserved=4078.0MiB skipped_batches=0
2026-08-15 08:26:12,922 | INFO | epoch=10 batch=1450 global_step=3400 loss_reg_months=30.0202 lr=0.00016926 grad_norm=0.2218 throughput=15.97 img/s eta_seconds=245.0 gpu_alloc=467.0MiB gpu_reserved=4078.0MiB skipped_batches=0
2026-08-15 08:26:22,163 | INFO | epoch=10 batch=1475 global_step=3404 loss_reg_months=30.0102 lr=0.00016926 grad_norm=0.2042 throughput=15.97 img/s eta_seconds=235.5 gpu_alloc=467.0MiB gpu_reserved=4078.0MiB skipped_batches=0
2026-08-15 08:26:31,460 | INFO | epoch=10 batch=1500 global_step=3409 loss_reg_months=30.0027 lr=0.00016926 grad_norm=0.1354 throughput=15.97 img/s eta_seconds=226.1 gpu_alloc=358.2MiB gpu_reserved=4078.0MiB skipped_batches=0
2026-08-15 08:26:40,740 | INFO | epoch=10 batch=1525 global_step=3413 loss_reg_months=30.0123 lr=0.00016926 grad_norm=0.1462 throughput=15.98 img/s eta_seconds=216.6 gpu_alloc=467.0MiB gpu_reserved=4078.0MiB skipped_batches=0
2026-08-15 08:26:50,002 | INFO | epoch=10 batch=1550 global_step=3417 loss_reg_months=30.0350 lr=0.00016926 grad_norm=0.1651 throughput=15.98 img/s eta_seconds=207.2 gpu_alloc=467.0MiB gpu_reserved=4078.0MiB skipped_batches=0
2026-08-15 08:26:59,316 | INFO | epoch=10 batch=1575 global_step=3421 loss_reg_months=30.0254 lr=0.00016926 grad_norm=0.3842 throughput=15.98 img/s eta_seconds=197.8 gpu_alloc=467.0MiB gpu_reserved=4078.0MiB skipped_batches=0
2026-08-15 08:27:08,581 | INFO | epoch=10 batch=1600 global_step=3425 loss_reg_months=30.0549 lr=0.00016926 grad_norm=0.1366 throughput=15.98 img/s eta_seconds=188.4 gpu_alloc=467.0MiB gpu_reserved=4078.0MiB skipped_batches=0
2026-08-15 08:27:17,926 | INFO | epoch=10 batch=1625 global_step=3429 loss_reg_months=30.0241 lr=0.00016926 grad_norm=0.1655 throughput=15.99 img/s eta_seconds=179.0 gpu_alloc=467.0MiB gpu_reserved=4078.0MiB skipped_batches=0
2026-08-15 08:27:27,355 | INFO | epoch=10 batch=1650 global_step=3434 loss_reg_months=30.0726 lr=0.00016926 grad_norm=0.1809 throughput=15.98 img/s eta_seconds=169.6 gpu_alloc=358.2MiB gpu_reserved=4078.0MiB skipped_batches=0
2026-08-15 08:27:36,659 | INFO | epoch=10 batch=1675 global_step=3438 loss_reg_months=30.0399 lr=0.00016926 grad_norm=0.3032 throughput=15.99 img/s eta_seconds=160.2 gpu_alloc=467.0MiB gpu_reserved=4078.0MiB skipped_batches=0
2026-08-15 08:27:45,967 | INFO | epoch=10 batch=1700 global_step=3442 loss_reg_months=30.0756 lr=0.00016926 grad_norm=0.1036 throughput=15.99 img/s eta_seconds=150.8 gpu_alloc=467.0MiB gpu_reserved=4078.0MiB skipped_batches=0
2026-08-15 08:27:55,267 | INFO | epoch=10 batch=1725 global_step=3446 loss_reg_months=30.0622 lr=0.00016926 grad_norm=0.3786 throughput=15.99 img/s eta_seconds=141.4 gpu_alloc=467.0MiB gpu_reserved=4078.0MiB skipped_batches=0
2026-08-15 08:28:04,576 | INFO | epoch=10 batch=1750 global_step=3450 loss_reg_months=29.9944 lr=0.00016926 grad_norm=0.2617 throughput=15.99 img/s eta_seconds=132.0 gpu_alloc=467.0MiB gpu_reserved=4078.0MiB skipped_batches=0
2026-08-15 08:28:13,874 | INFO | epoch=10 batch=1775 global_step=3454 loss_reg_months=29.9695 lr=0.00016926 grad_norm=0.1965 throughput=15.99 img/s eta_seconds=122.6 gpu_alloc=467.0MiB gpu_reserved=4078.0MiB skipped_batches=0
2026-08-15 08:28:23,305 | INFO | epoch=10 batch=1800 global_step=3459 loss_reg_months=29.9837 lr=0.00016926 grad_norm=0.3306 throughput=15.99 img/s eta_seconds=113.2 gpu_alloc=358.2MiB gpu_reserved=4078.0MiB skipped_batches=0
2026-08-15 08:28:32,698 | INFO | epoch=10 batch=1825 global_step=3463 loss_reg_months=29.9810 lr=0.00016926 grad_norm=0.2169 throughput=15.99 img/s eta_seconds=103.9 gpu_alloc=467.0MiB gpu_reserved=4078.0MiB skipped_batches=0
2026-08-15 08:28:42,173 | INFO | epoch=10 batch=1850 global_step=3467 loss_reg_months=29.9993 lr=0.00016926 grad_norm=0.3591 throughput=15.99 img/s eta_seconds=94.5 gpu_alloc=467.0MiB gpu_reserved=4078.0MiB skipped_batches=0
2026-08-15 08:28:51,726 | INFO | epoch=10 batch=1875 global_step=3471 loss_reg_months=30.0438 lr=0.00016926 grad_norm=0.1682 throughput=15.99 img/s eta_seconds=85.1 gpu_alloc=467.0MiB gpu_reserved=4078.0MiB skipped_batches=0
2026-08-15 08:29:01,234 | INFO | epoch=10 batch=1900 global_step=3475 loss_reg_months=30.0219 lr=0.00016926 grad_norm=0.1963 throughput=15.98 img/s eta_seconds=75.8 gpu_alloc=467.0MiB gpu_reserved=4078.0MiB skipped_batches=0
2026-08-15 08:29:10,693 | INFO | epoch=10 batch=1925 global_step=3479 loss_reg_months=30.0543 lr=0.00016926 grad_norm=0.1447 throughput=15.98 img/s eta_seconds=66.4 gpu_alloc=467.0MiB gpu_reserved=4078.0MiB skipped_batches=0
2026-08-15 08:29:20,163 | INFO | epoch=10 batch=1950 global_step=3484 loss_reg_months=30.0396 lr=0.00016926 grad_norm=0.1407 throughput=15.98 img/s eta_seconds=57.0 gpu_alloc=358.2MiB gpu_reserved=4078.0MiB skipped_batches=0
2026-08-15 08:29:29,719 | INFO | epoch=10 batch=1975 global_step=3488 loss_reg_months=30.0319 lr=0.00016926 grad_norm=0.1143 throughput=15.98 img/s eta_seconds=47.6 gpu_alloc=467.0MiB gpu_reserved=4078.0MiB skipped_batches=0
2026-08-15 08:29:38,992 | INFO | epoch=10 batch=2000 global_step=3492 loss_reg_months=30.0243 lr=0.00016926 grad_norm=0.1329 throughput=15.98 img/s eta_seconds=38.2 gpu_alloc=467.0MiB gpu_reserved=4078.0MiB skipped_batches=0
2026-08-15 08:29:48,068 | INFO | epoch=10 batch=2025 global_step=3496 loss_reg_months=30.0523 lr=0.00016926 grad_norm=0.2727 throughput=15.99 img/s eta_seconds=28.8 gpu_alloc=467.0MiB gpu_reserved=4078.0MiB skipped_batches=0
2026-08-15 08:29:58,679 | INFO | epoch=10 batch=2050 global_step=3500 loss_reg_months=30.0757 lr=0.00016926 grad_norm=0.2973 throughput=15.96 img/s eta_seconds=19.5 gpu_alloc=467.0MiB gpu_reserved=4078.0MiB skipped_batches=0
2026-08-15 08:30:08,179 | INFO | epoch=10 batch=2075 global_step=3504 loss_reg_months=30.1146 lr=0.00016926 grad_norm=0.4941 throughput=15.96 img/s eta_seconds=10.1 gpu_alloc=467.0MiB gpu_reserved=4078.0MiB skipped_batches=0
2026-08-15 08:30:17,542 | INFO | epoch=10 batch=2100 global_step=3509 loss_reg_months=30.0838 lr=0.00016926 grad_norm=0.1236 throughput=15.96 img/s eta_seconds=0.7 gpu_alloc=358.2MiB gpu_reserved=4078.0MiB skipped_batches=0
2026-08-15 08:30:54,610 | WARNING | STABILITY WARNING [CAM] Validation MAE xấu đi trong khi train loss giảm
2026-08-15 08:30:54,611 | INFO | 
TRAINING REVIEW SNAPSHOT
Run ID / config hash / split hash: P4_D1_CONVNEXTV2_TINY_FCMAE_IN1K_B6A6_SEED42 / 4a32683c6d26 / 7328667e6822+f650a20432b5
Epoch / global step: 10 / 3510
Train loss: 30.0874
Validation MAE / RMSE / median AE: 31.9740 / 42.0325 / 22.5000
MAE nam / nữ / age bins: {'F': 30.99846625766871, 'M': 32.79689521345408} / {'0-59': 97.70212765957447, '120-179': 15.604449938195303, '60-119': 43.381979695431475, '180-228': 52.05078125}
Learning rate / peak VRAM: 0.00016926 / 4078.0 MiB
Best epoch / best MAE / epochs không cải thiện: 5 / 31.9628 / 5
Cảnh báo hiện tại: CAM: Validation MAE xấu đi trong khi train loss giảm
Checkpoint gần nhất: p1_baseline\runs\P4_D1_CONVNEXTV2_TINY_FCMAE_IN1K_B6A6_SEED42\last.ckpt
Checkpoint tốt nhất: p1_baseline\runs\P4_D1_CONVNEXTV2_TINY_FCMAE_IN1K_B6A6_SEED42\best_mae.ckpt
Đề xuất tự động: THEO DÕI
2026-08-15 08:31:14,435 | INFO | epoch=11 batch=25 global_step=3514 loss_reg_months=31.0132 lr=0.00016254 grad_norm=0.2760 throughput=8.59 img/s eta_seconds=1450.5 gpu_alloc=467.0MiB gpu_reserved=4078.0MiB skipped_batches=0
2026-08-15 08:31:23,792 | INFO | epoch=11 batch=50 global_step=3518 loss_reg_months=31.6698 lr=0.00016254 grad_norm=0.1206 throughput=11.19 img/s eta_seconds=1100.5 gpu_alloc=467.0MiB gpu_reserved=4078.0MiB skipped_batches=0
2026-08-15 08:31:33,197 | INFO | epoch=11 batch=75 global_step=3522 loss_reg_months=31.6775 lr=0.00016254 grad_norm=0.1965 throughput=12.42 img/s eta_seconds=978.9 gpu_alloc=467.0MiB gpu_reserved=4078.0MiB skipped_batches=0
2026-08-15 08:31:42,440 | INFO | epoch=11 batch=100 global_step=3526 loss_reg_months=31.4262 lr=0.00016254 grad_norm=0.2865 throughput=13.20 img/s eta_seconds=910.1 gpu_alloc=467.0MiB gpu_reserved=4078.0MiB skipped_batches=0
2026-08-15 08:31:51,502 | INFO | epoch=11 batch=125 global_step=3530 loss_reg_months=31.6650 lr=0.00016254 grad_norm=0.2171 throughput=13.75 img/s eta_seconds=862.3 gpu_alloc=467.0MiB gpu_reserved=4078.0MiB skipped_batches=0
2026-08-15 08:32:00,586 | INFO | epoch=11 batch=150 global_step=3535 loss_reg_months=31.9194 lr=0.00016254 grad_norm=0.2580 throughput=14.15 img/s eta_seconds=827.7 gpu_alloc=358.2MiB gpu_reserved=4078.0MiB skipped_batches=0
2026-08-15 08:32:09,736 | INFO | epoch=11 batch=175 global_step=3539 loss_reg_months=31.4332 lr=0.00016254 grad_norm=0.1744 throughput=14.43 img/s eta_seconds=801.1 gpu_alloc=467.0MiB gpu_reserved=4078.0MiB skipped_batches=0
2026-08-15 08:32:19,030 | INFO | epoch=11 batch=200 global_step=3543 loss_reg_months=30.9152 lr=0.00016254 grad_norm=0.1568 throughput=14.62 img/s eta_seconds=780.3 gpu_alloc=467.0MiB gpu_reserved=4078.0MiB skipped_batches=0
2026-08-15 08:32:28,405 | INFO | epoch=11 batch=225 global_step=3547 loss_reg_months=30.6725 lr=0.00016254 grad_norm=0.1193 throughput=14.77 img/s eta_seconds=762.7 gpu_alloc=467.0MiB gpu_reserved=4078.0MiB skipped_batches=0
2026-08-15 08:32:37,745 | INFO | epoch=11 batch=250 global_step=3551 loss_reg_months=30.4059 lr=0.00016254 grad_norm=0.1530 throughput=14.89 img/s eta_seconds=746.4 gpu_alloc=467.0MiB gpu_reserved=4078.0MiB skipped_batches=0
2026-08-15 08:32:47,142 | INFO | epoch=11 batch=275 global_step=3555 loss_reg_months=30.6473 lr=0.00016254 grad_norm=0.3574 throughput=14.98 img/s eta_seconds=731.8 gpu_alloc=467.0MiB gpu_reserved=4078.0MiB skipped_batches=0
2026-08-15 08:32:56,615 | INFO | epoch=11 batch=300 global_step=3560 loss_reg_months=30.5708 lr=0.00016254 grad_norm=0.1875 throughput=15.05 img/s eta_seconds=718.6 gpu_alloc=358.2MiB gpu_reserved=4078.0MiB skipped_batches=0
2026-08-15 08:33:06,021 | INFO | epoch=11 batch=325 global_step=3564 loss_reg_months=30.4112 lr=0.00016254 grad_norm=0.4449 throughput=15.11 img/s eta_seconds=705.5 gpu_alloc=467.0MiB gpu_reserved=4078.0MiB skipped_batches=0
2026-08-15 08:33:15,664 | INFO | epoch=11 batch=350 global_step=3568 loss_reg_months=30.6399 lr=0.00016254 grad_norm=0.1966 throughput=15.14 img/s eta_seconds=694.2 gpu_alloc=467.0MiB gpu_reserved=4078.0MiB skipped_batches=0
2026-08-15 08:33:25,117 | INFO | epoch=11 batch=375 global_step=3572 loss_reg_months=30.7096 lr=0.00016254 grad_norm=0.1932 throughput=15.19 img/s eta_seconds=682.2 gpu_alloc=467.0MiB gpu_reserved=4078.0MiB skipped_batches=0
2026-08-15 08:33:34,292 | INFO | epoch=11 batch=400 global_step=3576 loss_reg_months=30.7683 lr=0.00016254 grad_norm=0.2796 throughput=15.26 img/s eta_seconds=669.3 gpu_alloc=467.0MiB gpu_reserved=4078.0MiB skipped_batches=0
2026-08-15 08:33:43,354 | INFO | epoch=11 batch=425 global_step=3580 loss_reg_months=30.7982 lr=0.00016254 grad_norm=0.1698 throughput=15.33 img/s eta_seconds=656.5 gpu_alloc=467.0MiB gpu_reserved=4078.0MiB skipped_batches=0
2026-08-15 08:33:52,455 | INFO | epoch=11 batch=450 global_step=3585 loss_reg_months=30.6983 lr=0.00016254 grad_norm=0.3322 throughput=15.39 img/s eta_seconds=644.1 gpu_alloc=358.2MiB gpu_reserved=4078.0MiB skipped_batches=0
2026-08-15 08:34:01,516 | INFO | epoch=11 batch=475 global_step=3589 loss_reg_months=30.7239 lr=0.00016254 grad_norm=0.1922 throughput=15.44 img/s eta_seconds=632.0 gpu_alloc=467.0MiB gpu_reserved=4078.0MiB skipped_batches=0
2026-08-15 08:34:10,575 | INFO | epoch=11 batch=500 global_step=3593 loss_reg_months=30.5407 lr=0.00016254 grad_norm=0.1401 throughput=15.50 img/s eta_seconds=620.2 gpu_alloc=467.0MiB gpu_reserved=4078.0MiB skipped_batches=0
2026-08-15 08:34:19,623 | INFO | epoch=11 batch=525 global_step=3597 loss_reg_months=30.6119 lr=0.00016254 grad_norm=0.2258 throughput=15.54 img/s eta_seconds=608.7 gpu_alloc=467.0MiB gpu_reserved=4078.0MiB skipped_batches=0
2026-08-15 08:34:28,698 | INFO | epoch=11 batch=550 global_step=3601 loss_reg_months=30.5223 lr=0.00016254 grad_norm=0.3146 throughput=15.59 img/s eta_seconds=597.4 gpu_alloc=467.0MiB gpu_reserved=4078.0MiB skipped_batches=0
2026-08-15 08:34:37,918 | INFO | epoch=11 batch=575 global_step=3605 loss_reg_months=30.4362 lr=0.00016254 grad_norm=0.4286 throughput=15.61 img/s eta_seconds=586.7 gpu_alloc=467.0MiB gpu_reserved=4078.0MiB skipped_batches=0
2026-08-15 08:34:47,327 | INFO | epoch=11 batch=600 global_step=3610 loss_reg_months=30.4710 lr=0.00016254 grad_norm=0.1785 throughput=15.63 img/s eta_seconds=576.6 gpu_alloc=358.2MiB gpu_reserved=4078.0MiB skipped_batches=0
2026-08-15 08:34:56,686 | INFO | epoch=11 batch=625 global_step=3614 loss_reg_months=30.2837 lr=0.00016254 grad_norm=0.1990 throughput=15.64 img/s eta_seconds=566.4 gpu_alloc=467.0MiB gpu_reserved=4078.0MiB skipped_batches=0
2026-08-15 08:35:05,938 | INFO | epoch=11 batch=650 global_step=3618 loss_reg_months=30.3151 lr=0.00016254 grad_norm=0.1878 throughput=15.66 img/s eta_seconds=556.1 gpu_alloc=467.0MiB gpu_reserved=4078.0MiB skipped_batches=0
2026-08-15 08:35:15,204 | INFO | epoch=11 batch=675 global_step=3622 loss_reg_months=30.2693 lr=0.00016254 grad_norm=0.2100 throughput=15.68 img/s eta_seconds=545.9 gpu_alloc=467.0MiB gpu_reserved=4078.0MiB skipped_batches=0
2026-08-15 08:35:24,462 | INFO | epoch=11 batch=700 global_step=3626 loss_reg_months=30.4284 lr=0.00016254 grad_norm=0.2596 throughput=15.70 img/s eta_seconds=535.7 gpu_alloc=467.0MiB gpu_reserved=4078.0MiB skipped_batches=0
2026-08-15 08:35:33,898 | INFO | epoch=11 batch=725 global_step=3630 loss_reg_months=30.4603 lr=0.00016254 grad_norm=0.1842 throughput=15.71 img/s eta_seconds=525.9 gpu_alloc=467.0MiB gpu_reserved=4078.0MiB skipped_batches=0
2026-08-15 08:35:43,415 | INFO | epoch=11 batch=750 global_step=3635 loss_reg_months=30.4018 lr=0.00016254 grad_norm=0.1313 throughput=15.71 img/s eta_seconds=516.3 gpu_alloc=358.2MiB gpu_reserved=4078.0MiB skipped_batches=0
2026-08-15 08:35:52,882 | INFO | epoch=11 batch=775 global_step=3639 loss_reg_months=30.4360 lr=0.00016254 grad_norm=0.3233 throughput=15.71 img/s eta_seconds=506.6 gpu_alloc=467.0MiB gpu_reserved=4078.0MiB skipped_batches=0
2026-08-15 08:36:02,263 | INFO | epoch=11 batch=800 global_step=3643 loss_reg_months=30.4480 lr=0.00016254 grad_norm=0.3901 throughput=15.72 img/s eta_seconds=496.8 gpu_alloc=467.0MiB gpu_reserved=4078.0MiB skipped_batches=0
2026-08-15 08:36:11,465 | INFO | epoch=11 batch=825 global_step=3647 loss_reg_months=30.4060 lr=0.00016254 grad_norm=0.1109 throughput=15.74 img/s eta_seconds=486.7 gpu_alloc=467.0MiB gpu_reserved=4078.0MiB skipped_batches=0
2026-08-15 08:36:20,901 | INFO | epoch=11 batch=850 global_step=3651 loss_reg_months=30.3538 lr=0.00016254 grad_norm=0.1451 throughput=15.74 img/s eta_seconds=477.1 gpu_alloc=467.0MiB gpu_reserved=4078.0MiB skipped_batches=0
2026-08-15 08:36:30,302 | INFO | epoch=11 batch=875 global_step=3655 loss_reg_months=30.3823 lr=0.00016254 grad_norm=0.1658 throughput=15.75 img/s eta_seconds=467.4 gpu_alloc=467.0MiB gpu_reserved=4078.0MiB skipped_batches=0
2026-08-15 08:36:39,680 | INFO | epoch=11 batch=900 global_step=3660 loss_reg_months=30.3365 lr=0.00016254 grad_norm=0.3219 throughput=15.76 img/s eta_seconds=457.6 gpu_alloc=358.2MiB gpu_reserved=4078.0MiB skipped_batches=0
2026-08-15 08:36:48,798 | INFO | epoch=11 batch=925 global_step=3664 loss_reg_months=30.2540 lr=0.00016254 grad_norm=0.2051 throughput=15.77 img/s eta_seconds=447.6 gpu_alloc=467.0MiB gpu_reserved=4078.0MiB skipped_batches=0
2026-08-15 08:36:57,862 | INFO | epoch=11 batch=950 global_step=3668 loss_reg_months=30.3256 lr=0.00016254 grad_norm=0.1547 throughput=15.79 img/s eta_seconds=437.6 gpu_alloc=467.0MiB gpu_reserved=4078.0MiB skipped_batches=0
2026-08-15 08:37:06,912 | INFO | epoch=11 batch=975 global_step=3672 loss_reg_months=30.2913 lr=0.00016254 grad_norm=0.2833 throughput=15.81 img/s eta_seconds=427.5 gpu_alloc=467.0MiB gpu_reserved=4078.0MiB skipped_batches=0
2026-08-15 08:37:15,972 | INFO | epoch=11 batch=1000 global_step=3676 loss_reg_months=30.3268 lr=0.00016254 grad_norm=0.2215 throughput=15.83 img/s eta_seconds=417.6 gpu_alloc=467.0MiB gpu_reserved=4078.0MiB skipped_batches=0
2026-08-15 08:37:25,028 | INFO | epoch=11 batch=1025 global_step=3680 loss_reg_months=30.2469 lr=0.00016254 grad_norm=0.4550 throughput=15.85 img/s eta_seconds=407.7 gpu_alloc=467.0MiB gpu_reserved=4078.0MiB skipped_batches=0
2026-08-15 08:37:34,396 | INFO | epoch=11 batch=1050 global_step=3685 loss_reg_months=30.3215 lr=0.00016254 grad_norm=0.9464 throughput=15.85 img/s eta_seconds=398.1 gpu_alloc=358.2MiB gpu_reserved=4078.0MiB skipped_batches=0
2026-08-15 08:37:43,803 | INFO | epoch=11 batch=1075 global_step=3689 loss_reg_months=30.2894 lr=0.00016254 grad_norm=0.1376 throughput=15.85 img/s eta_seconds=388.6 gpu_alloc=467.0MiB gpu_reserved=4078.0MiB skipped_batches=0
2026-08-15 08:37:53,120 | INFO | epoch=11 batch=1100 global_step=3693 loss_reg_months=30.2612 lr=0.00016254 grad_norm=0.2045 throughput=15.86 img/s eta_seconds=379.0 gpu_alloc=467.0MiB gpu_reserved=4078.0MiB skipped_batches=0
2026-08-15 08:38:02,424 | INFO | epoch=11 batch=1125 global_step=3697 loss_reg_months=30.3245 lr=0.00016254 grad_norm=0.1185 throughput=15.87 img/s eta_seconds=369.4 gpu_alloc=467.0MiB gpu_reserved=4078.0MiB skipped_batches=0
2026-08-15 08:38:11,748 | INFO | epoch=11 batch=1150 global_step=3701 loss_reg_months=30.2739 lr=0.00016254 grad_norm=0.3648 throughput=15.87 img/s eta_seconds=359.9 gpu_alloc=467.0MiB gpu_reserved=4078.0MiB skipped_batches=0
2026-08-15 08:38:21,245 | INFO | epoch=11 batch=1175 global_step=3705 loss_reg_months=30.3121 lr=0.00016254 grad_norm=0.3306 throughput=15.87 img/s eta_seconds=350.4 gpu_alloc=467.0MiB gpu_reserved=4078.0MiB skipped_batches=0
2026-08-15 08:38:30,573 | INFO | epoch=11 batch=1200 global_step=3710 loss_reg_months=30.2895 lr=0.00016254 grad_norm=0.2416 throughput=15.87 img/s eta_seconds=340.9 gpu_alloc=358.2MiB gpu_reserved=4078.0MiB skipped_batches=0
2026-08-15 08:38:39,978 | INFO | epoch=11 batch=1225 global_step=3714 loss_reg_months=30.3265 lr=0.00016254 grad_norm=0.1414 throughput=15.87 img/s eta_seconds=331.4 gpu_alloc=467.0MiB gpu_reserved=4078.0MiB skipped_batches=0
2026-08-15 08:38:49,275 | INFO | epoch=11 batch=1250 global_step=3718 loss_reg_months=30.2842 lr=0.00016254 grad_norm=0.2774 throughput=15.88 img/s eta_seconds=321.9 gpu_alloc=467.0MiB gpu_reserved=4078.0MiB skipped_batches=0
2026-08-15 08:38:58,624 | INFO | epoch=11 batch=1275 global_step=3722 loss_reg_months=30.3079 lr=0.00016254 grad_norm=0.1044 throughput=15.88 img/s eta_seconds=312.3 gpu_alloc=467.0MiB gpu_reserved=4078.0MiB skipped_batches=0
2026-08-15 08:39:07,992 | INFO | epoch=11 batch=1300 global_step=3726 loss_reg_months=30.2342 lr=0.00016254 grad_norm=0.1699 throughput=15.89 img/s eta_seconds=302.9 gpu_alloc=467.0MiB gpu_reserved=4078.0MiB skipped_batches=0
2026-08-15 08:39:17,340 | INFO | epoch=11 batch=1325 global_step=3730 loss_reg_months=30.3662 lr=0.00016254 grad_norm=0.2012 throughput=15.89 img/s eta_seconds=293.4 gpu_alloc=467.0MiB gpu_reserved=4078.0MiB skipped_batches=0
2026-08-15 08:39:26,629 | INFO | epoch=11 batch=1350 global_step=3735 loss_reg_months=30.3719 lr=0.00016254 grad_norm=0.4508 throughput=15.89 img/s eta_seconds=283.8 gpu_alloc=358.2MiB gpu_reserved=4078.0MiB skipped_batches=0
2026-08-15 08:39:35,891 | INFO | epoch=11 batch=1375 global_step=3739 loss_reg_months=30.2954 lr=0.00016254 grad_norm=0.1517 throughput=15.90 img/s eta_seconds=274.3 gpu_alloc=467.0MiB gpu_reserved=4078.0MiB skipped_batches=0
2026-08-15 08:39:45,155 | INFO | epoch=11 batch=1400 global_step=3743 loss_reg_months=30.3234 lr=0.00016254 grad_norm=0.3580 throughput=15.90 img/s eta_seconds=264.8 gpu_alloc=467.0MiB gpu_reserved=4078.0MiB skipped_batches=0
2026-08-15 08:39:54,551 | INFO | epoch=11 batch=1425 global_step=3747 loss_reg_months=30.3491 lr=0.00016254 grad_norm=0.3839 throughput=15.90 img/s eta_seconds=255.3 gpu_alloc=467.0MiB gpu_reserved=4078.0MiB skipped_batches=0
2026-08-15 08:40:03,832 | INFO | epoch=11 batch=1450 global_step=3751 loss_reg_months=30.3563 lr=0.00016254 grad_norm=0.1446 throughput=15.91 img/s eta_seconds=245.8 gpu_alloc=467.0MiB gpu_reserved=4078.0MiB skipped_batches=0
2026-08-15 08:40:13,097 | INFO | epoch=11 batch=1475 global_step=3755 loss_reg_months=30.3616 lr=0.00016254 grad_norm=0.1064 throughput=15.91 img/s eta_seconds=236.3 gpu_alloc=467.0MiB gpu_reserved=4078.0MiB skipped_batches=0
2026-08-15 08:40:22,391 | INFO | epoch=11 batch=1500 global_step=3760 loss_reg_months=30.3171 lr=0.00016254 grad_norm=0.3270 throughput=15.92 img/s eta_seconds=226.9 gpu_alloc=358.2MiB gpu_reserved=4078.0MiB skipped_batches=0
2026-08-15 08:40:31,743 | INFO | epoch=11 batch=1525 global_step=3764 loss_reg_months=30.2789 lr=0.00016254 grad_norm=0.1834 throughput=15.92 img/s eta_seconds=217.4 gpu_alloc=467.0MiB gpu_reserved=4078.0MiB skipped_batches=0
2026-08-15 08:40:40,854 | INFO | epoch=11 batch=1550 global_step=3768 loss_reg_months=30.2790 lr=0.00016254 grad_norm=0.2919 throughput=15.93 img/s eta_seconds=207.9 gpu_alloc=467.0MiB gpu_reserved=4078.0MiB skipped_batches=0
2026-08-15 08:40:49,906 | INFO | epoch=11 batch=1575 global_step=3772 loss_reg_months=30.3028 lr=0.00016254 grad_norm=0.3997 throughput=15.94 img/s eta_seconds=198.3 gpu_alloc=467.0MiB gpu_reserved=4078.0MiB skipped_batches=0
2026-08-15 08:40:58,969 | INFO | epoch=11 batch=1600 global_step=3776 loss_reg_months=30.3132 lr=0.00016254 grad_norm=0.3411 throughput=15.95 img/s eta_seconds=188.8 gpu_alloc=467.0MiB gpu_reserved=4078.0MiB skipped_batches=0
2026-08-15 08:41:08,021 | INFO | epoch=11 batch=1625 global_step=3780 loss_reg_months=30.3137 lr=0.00016254 grad_norm=0.1623 throughput=15.96 img/s eta_seconds=179.3 gpu_alloc=467.0MiB gpu_reserved=4078.0MiB skipped_batches=0
2026-08-15 08:41:17,112 | INFO | epoch=11 batch=1650 global_step=3785 loss_reg_months=30.3138 lr=0.00016254 grad_norm=0.2472 throughput=15.96 img/s eta_seconds=169.8 gpu_alloc=358.2MiB gpu_reserved=4078.0MiB skipped_batches=0
2026-08-15 08:41:26,197 | INFO | epoch=11 batch=1675 global_step=3789 loss_reg_months=30.2847 lr=0.00016254 grad_norm=0.1283 throughput=15.97 img/s eta_seconds=160.3 gpu_alloc=467.0MiB gpu_reserved=4078.0MiB skipped_batches=0
2026-08-15 08:41:35,257 | INFO | epoch=11 batch=1700 global_step=3793 loss_reg_months=30.2570 lr=0.00016254 grad_norm=0.1722 throughput=15.98 img/s eta_seconds=150.9 gpu_alloc=467.0MiB gpu_reserved=4078.0MiB skipped_batches=0
2026-08-15 08:41:44,317 | INFO | epoch=11 batch=1725 global_step=3797 loss_reg_months=30.2338 lr=0.00016254 grad_norm=0.2921 throughput=15.99 img/s eta_seconds=141.4 gpu_alloc=467.0MiB gpu_reserved=4078.0MiB skipped_batches=0
2026-08-15 08:41:53,377 | INFO | epoch=11 batch=1750 global_step=3801 loss_reg_months=30.2220 lr=0.00016254 grad_norm=0.1754 throughput=16.00 img/s eta_seconds=132.0 gpu_alloc=467.0MiB gpu_reserved=4078.0MiB skipped_batches=0
2026-08-15 08:42:02,442 | INFO | epoch=11 batch=1775 global_step=3805 loss_reg_months=30.1753 lr=0.00016254 grad_norm=0.1236 throughput=16.00 img/s eta_seconds=122.5 gpu_alloc=467.0MiB gpu_reserved=4078.0MiB skipped_batches=0
2026-08-15 08:42:11,517 | INFO | epoch=11 batch=1800 global_step=3810 loss_reg_months=30.1612 lr=0.00016254 grad_norm=0.3306 throughput=16.01 img/s eta_seconds=113.1 gpu_alloc=358.2MiB gpu_reserved=4078.0MiB skipped_batches=0
2026-08-15 08:42:20,586 | INFO | epoch=11 batch=1825 global_step=3814 loss_reg_months=30.1559 lr=0.00016254 grad_norm=0.0948 throughput=16.02 img/s eta_seconds=103.7 gpu_alloc=467.0MiB gpu_reserved=4078.0MiB skipped_batches=0
2026-08-15 08:42:29,656 | INFO | epoch=11 batch=1850 global_step=3818 loss_reg_months=30.0703 lr=0.00016254 grad_norm=0.2773 throughput=16.02 img/s eta_seconds=94.3 gpu_alloc=467.0MiB gpu_reserved=4078.0MiB skipped_batches=0
2026-08-15 08:42:38,739 | INFO | epoch=11 batch=1875 global_step=3822 loss_reg_months=30.0497 lr=0.00016254 grad_norm=0.5261 throughput=16.03 img/s eta_seconds=84.9 gpu_alloc=467.0MiB gpu_reserved=4078.0MiB skipped_batches=0
2026-08-15 08:42:47,794 | INFO | epoch=11 batch=1900 global_step=3826 loss_reg_months=30.0234 lr=0.00016254 grad_norm=0.1359 throughput=16.04 img/s eta_seconds=75.5 gpu_alloc=467.0MiB gpu_reserved=4078.0MiB skipped_batches=0
2026-08-15 08:42:56,852 | INFO | epoch=11 batch=1925 global_step=3830 loss_reg_months=30.0003 lr=0.00016254 grad_norm=0.3859 throughput=16.04 img/s eta_seconds=66.1 gpu_alloc=467.0MiB gpu_reserved=4078.0MiB skipped_batches=0
2026-08-15 08:43:05,933 | INFO | epoch=11 batch=1950 global_step=3835 loss_reg_months=30.0080 lr=0.00016254 grad_norm=0.1300 throughput=16.05 img/s eta_seconds=56.8 gpu_alloc=358.2MiB gpu_reserved=4078.0MiB skipped_batches=0
2026-08-15 08:43:15,231 | INFO | epoch=11 batch=1975 global_step=3839 loss_reg_months=30.0460 lr=0.00016254 grad_norm=0.1442 throughput=16.05 img/s eta_seconds=47.4 gpu_alloc=467.0MiB gpu_reserved=4078.0MiB skipped_batches=0
2026-08-15 08:43:24,545 | INFO | epoch=11 batch=2000 global_step=3843 loss_reg_months=30.0245 lr=0.00016254 grad_norm=0.1664 throughput=16.05 img/s eta_seconds=38.1 gpu_alloc=467.0MiB gpu_reserved=4078.0MiB skipped_batches=0
2026-08-15 08:43:33,787 | INFO | epoch=11 batch=2025 global_step=3847 loss_reg_months=30.0544 lr=0.00016254 grad_norm=0.1096 throughput=16.05 img/s eta_seconds=28.7 gpu_alloc=467.0MiB gpu_reserved=4078.0MiB skipped_batches=0
2026-08-15 08:43:43,096 | INFO | epoch=11 batch=2050 global_step=3851 loss_reg_months=30.0760 lr=0.00016254 grad_norm=0.0966 throughput=16.05 img/s eta_seconds=19.4 gpu_alloc=467.0MiB gpu_reserved=4078.0MiB skipped_batches=0
2026-08-15 08:43:52,171 | INFO | epoch=11 batch=2075 global_step=3855 loss_reg_months=30.0603 lr=0.00016254 grad_norm=0.4362 throughput=16.06 img/s eta_seconds=10.0 gpu_alloc=467.0MiB gpu_reserved=4078.0MiB skipped_batches=0
2026-08-15 08:44:01,256 | INFO | epoch=11 batch=2100 global_step=3860 loss_reg_months=30.0874 lr=0.00016254 grad_norm=0.2140 throughput=16.07 img/s eta_seconds=0.7 gpu_alloc=358.2MiB gpu_reserved=4078.0MiB skipped_batches=0
2026-08-15 08:44:37,699 | INFO | 
TRAINING REVIEW SNAPSHOT
Run ID / config hash / split hash: P4_D1_CONVNEXTV2_TINY_FCMAE_IN1K_B6A6_SEED42 / 4a32683c6d26 / 7328667e6822+f650a20432b5
Epoch / global step: 11 / 3861
Train loss: 30.0919
Validation MAE / RMSE / median AE: 31.9593 / 42.0146 / 23.0000
MAE nam / nữ / age bins: {'F': 30.966257668711656, 'M': 32.79689521345408} / {'0-59': 97.46808510638297, '120-179': 15.724351050679852, '60-119': 43.088832487309645, '180-228': 52.203125}
Learning rate / peak VRAM: 0.00016254 / 4078.0 MiB
Best epoch / best MAE / epochs không cải thiện: 5 / 31.9628 / 6
Cảnh báo hiện tại: KHÔNG
Checkpoint gần nhất: p1_baseline\runs\P4_D1_CONVNEXTV2_TINY_FCMAE_IN1K_B6A6_SEED42\last.ckpt
Checkpoint tốt nhất: p1_baseline\runs\P4_D1_CONVNEXTV2_TINY_FCMAE_IN1K_B6A6_SEED42\best_mae.ckpt
Đề xuất tự động: TIẾP TỤC
2026-08-15 08:44:54,449 | INFO | epoch=12 batch=25 global_step=3865 loss_reg_months=33.9437 lr=0.00015531 grad_norm=0.1084 throughput=9.45 img/s eta_seconds=1318.6 gpu_alloc=467.0MiB gpu_reserved=4078.0MiB skipped_batches=0
2026-08-15 08:45:03,509 | INFO | epoch=12 batch=50 global_step=3869 loss_reg_months=30.8791 lr=0.00015531 grad_norm=0.2601 throughput=12.03 img/s eta_seconds=1023.1 gpu_alloc=467.0MiB gpu_reserved=4078.0MiB skipped_batches=0
2026-08-15 08:45:12,576 | INFO | epoch=12 batch=75 global_step=3873 loss_reg_months=31.1722 lr=0.00015531 grad_norm=0.1354 throughput=13.24 img/s eta_seconds=918.8 gpu_alloc=467.0MiB gpu_reserved=4078.0MiB skipped_batches=0
2026-08-15 08:45:21,662 | INFO | epoch=12 batch=100 global_step=3877 loss_reg_months=30.6456 lr=0.00015531 grad_norm=0.1689 throughput=13.93 img/s eta_seconds=862.5 gpu_alloc=467.0MiB gpu_reserved=4078.0MiB skipped_batches=0
2026-08-15 08:45:30,741 | INFO | epoch=12 batch=125 global_step=3881 loss_reg_months=30.7537 lr=0.00015531 grad_norm=0.0995 throughput=14.38 img/s eta_seconds=824.9 gpu_alloc=467.0MiB gpu_reserved=4078.0MiB skipped_batches=0
2026-08-15 08:45:39,837 | INFO | epoch=12 batch=150 global_step=3886 loss_reg_months=30.5353 lr=0.00015531 grad_norm=0.1894 throughput=14.69 img/s eta_seconds=797.1 gpu_alloc=358.2MiB gpu_reserved=4078.0MiB skipped_batches=0
2026-08-15 08:45:48,894 | INFO | epoch=12 batch=175 global_step=3890 loss_reg_months=30.5105 lr=0.00015531 grad_norm=0.1149 throughput=14.93 img/s eta_seconds=774.2 gpu_alloc=467.0MiB gpu_reserved=4078.0MiB skipped_batches=0
2026-08-15 08:45:57,956 | INFO | epoch=12 batch=200 global_step=3894 loss_reg_months=30.4447 lr=0.00015531 grad_norm=0.1884 throughput=15.12 img/s eta_seconds=754.8 gpu_alloc=467.0MiB gpu_reserved=4078.0MiB skipped_batches=0
2026-08-15 08:46:07,036 | INFO | epoch=12 batch=225 global_step=3898 loss_reg_months=30.6208 lr=0.00015531 grad_norm=0.1245 throughput=15.26 img/s eta_seconds=737.9 gpu_alloc=467.0MiB gpu_reserved=4078.0MiB skipped_batches=0
2026-08-15 08:46:16,097 | INFO | epoch=12 batch=250 global_step=3902 loss_reg_months=30.5917 lr=0.00015531 grad_norm=0.2180 throughput=15.38 img/s eta_seconds=722.4 gpu_alloc=467.0MiB gpu_reserved=4078.0MiB skipped_batches=0
2026-08-15 08:46:25,167 | INFO | epoch=12 batch=275 global_step=3906 loss_reg_months=30.7506 lr=0.00015531 grad_norm=0.3495 throughput=15.48 img/s eta_seconds=708.1 gpu_alloc=467.0MiB gpu_reserved=4078.0MiB skipped_batches=0
2026-08-15 08:46:34,281 | INFO | epoch=12 batch=300 global_step=3911 loss_reg_months=30.4818 lr=0.00015531 grad_norm=0.5183 throughput=15.56 img/s eta_seconds=694.9 gpu_alloc=358.2MiB gpu_reserved=4078.0MiB skipped_batches=0
2026-08-15 08:46:43,373 | INFO | epoch=12 batch=325 global_step=3915 loss_reg_months=30.3117 lr=0.00015531 grad_norm=0.3284 throughput=15.63 img/s eta_seconds=682.3 gpu_alloc=467.0MiB gpu_reserved=4078.0MiB skipped_batches=0
2026-08-15 08:46:52,440 | INFO | epoch=12 batch=350 global_step=3919 loss_reg_months=30.1872 lr=0.00015531 grad_norm=0.2237 throughput=15.69 img/s eta_seconds=670.0 gpu_alloc=467.0MiB gpu_reserved=4078.0MiB skipped_batches=0
2026-08-15 08:47:01,512 | INFO | epoch=12 batch=375 global_step=3923 loss_reg_months=30.1797 lr=0.00015531 grad_norm=0.3125 throughput=15.74 img/s eta_seconds=658.2 gpu_alloc=467.0MiB gpu_reserved=4078.0MiB skipped_batches=0
2026-08-15 08:47:10,579 | INFO | epoch=12 batch=400 global_step=3927 loss_reg_months=30.1369 lr=0.00015531 grad_norm=0.3294 throughput=15.79 img/s eta_seconds=646.7 gpu_alloc=467.0MiB gpu_reserved=4078.0MiB skipped_batches=0
2026-08-15 08:47:19,636 | INFO | epoch=12 batch=425 global_step=3931 loss_reg_months=30.1447 lr=0.00015531 grad_norm=0.2016 throughput=15.83 img/s eta_seconds=635.5 gpu_alloc=467.0MiB gpu_reserved=4078.0MiB skipped_batches=0
2026-08-15 08:47:28,731 | INFO | epoch=12 batch=450 global_step=3936 loss_reg_months=30.0683 lr=0.00015531 grad_norm=0.3707 throughput=15.87 img/s eta_seconds=624.6 gpu_alloc=358.2MiB gpu_reserved=4078.0MiB skipped_batches=0
2026-08-15 08:47:37,782 | INFO | epoch=12 batch=475 global_step=3940 loss_reg_months=30.0849 lr=0.00015531 grad_norm=0.3803 throughput=15.90 img/s eta_seconds=613.8 gpu_alloc=467.0MiB gpu_reserved=4078.0MiB skipped_batches=0
2026-08-15 08:47:46,850 | INFO | epoch=12 batch=500 global_step=3944 loss_reg_months=29.8792 lr=0.00015531 grad_norm=0.4059 throughput=15.93 img/s eta_seconds=603.2 gpu_alloc=467.0MiB gpu_reserved=4078.0MiB skipped_batches=0
2026-08-15 08:47:55,920 | INFO | epoch=12 batch=525 global_step=3948 loss_reg_months=29.8787 lr=0.00015531 grad_norm=0.1185 throughput=15.96 img/s eta_seconds=592.7 gpu_alloc=467.0MiB gpu_reserved=4078.0MiB skipped_batches=0
2026-08-15 08:48:05,004 | INFO | epoch=12 batch=550 global_step=3952 loss_reg_months=29.9216 lr=0.00015531 grad_norm=0.1408 throughput=15.99 img/s eta_seconds=582.4 gpu_alloc=467.0MiB gpu_reserved=4078.0MiB skipped_batches=0
2026-08-15 08:48:14,087 | INFO | epoch=12 batch=575 global_step=3956 loss_reg_months=30.2199 lr=0.00015531 grad_norm=0.1906 throughput=16.01 img/s eta_seconds=572.3 gpu_alloc=467.0MiB gpu_reserved=4078.0MiB skipped_batches=0
2026-08-15 08:48:23,182 | INFO | epoch=12 batch=600 global_step=3961 loss_reg_months=30.1526 lr=0.00015531 grad_norm=0.1791 throughput=16.03 img/s eta_seconds=562.2 gpu_alloc=358.2MiB gpu_reserved=4078.0MiB skipped_batches=0
2026-08-15 08:48:32,245 | INFO | epoch=12 batch=625 global_step=3965 loss_reg_months=30.0630 lr=0.00015531 grad_norm=0.2196 throughput=16.05 img/s eta_seconds=552.1 gpu_alloc=467.0MiB gpu_reserved=4078.0MiB skipped_batches=0
2026-08-15 08:48:41,391 | INFO | epoch=12 batch=650 global_step=3969 loss_reg_months=30.0636 lr=0.00015531 grad_norm=0.0884 throughput=16.06 img/s eta_seconds=542.3 gpu_alloc=467.0MiB gpu_reserved=4078.0MiB skipped_batches=0
2026-08-15 08:48:50,806 | INFO | epoch=12 batch=675 global_step=3973 loss_reg_months=30.1413 lr=0.00015531 grad_norm=0.0904 throughput=16.06 img/s eta_seconds=533.2 gpu_alloc=467.0MiB gpu_reserved=4078.0MiB skipped_batches=0
2026-08-15 08:49:00,128 | INFO | epoch=12 batch=700 global_step=3977 loss_reg_months=30.1238 lr=0.00015531 grad_norm=0.4494 throughput=16.06 img/s eta_seconds=523.8 gpu_alloc=467.0MiB gpu_reserved=4078.0MiB skipped_batches=0
2026-08-15 08:49:09,428 | INFO | epoch=12 batch=725 global_step=3981 loss_reg_months=30.1401 lr=0.00015531 grad_norm=0.3481 throughput=16.06 img/s eta_seconds=514.4 gpu_alloc=467.0MiB gpu_reserved=4078.0MiB skipped_batches=0
2026-08-15 08:49:18,751 | INFO | epoch=12 batch=750 global_step=3986 loss_reg_months=30.0222 lr=0.00015531 grad_norm=0.1881 throughput=16.06 img/s eta_seconds=505.0 gpu_alloc=358.2MiB gpu_reserved=4078.0MiB skipped_batches=0
2026-08-15 08:49:28,033 | INFO | epoch=12 batch=775 global_step=3990 loss_reg_months=30.0079 lr=0.00015531 grad_norm=0.3155 throughput=16.06 img/s eta_seconds=495.6 gpu_alloc=467.0MiB gpu_reserved=4078.0MiB skipped_batches=0
2026-08-15 08:49:37,339 | INFO | epoch=12 batch=800 global_step=3994 loss_reg_months=30.0848 lr=0.00015531 grad_norm=0.1432 throughput=16.07 img/s eta_seconds=486.2 gpu_alloc=467.0MiB gpu_reserved=4078.0MiB skipped_batches=0
2026-08-15 08:49:46,472 | INFO | epoch=12 batch=825 global_step=3998 loss_reg_months=30.0518 lr=0.00015531 grad_norm=0.1981 throughput=16.08 img/s eta_seconds=476.5 gpu_alloc=467.0MiB gpu_reserved=4078.0MiB skipped_batches=0
2026-08-15 08:49:56,376 | INFO | epoch=12 batch=850 global_step=4002 loss_reg_months=30.0215 lr=0.00015531 grad_norm=0.3631 throughput=16.05 img/s eta_seconds=468.0 gpu_alloc=467.0MiB gpu_reserved=4078.0MiB skipped_batches=0
2026-08-15 08:50:05,438 | INFO | epoch=12 batch=875 global_step=4006 loss_reg_months=29.9465 lr=0.00015531 grad_norm=0.2034 throughput=16.06 img/s eta_seconds=458.3 gpu_alloc=467.0MiB gpu_reserved=4078.0MiB skipped_batches=0
2026-08-15 08:50:14,511 | INFO | epoch=12 batch=900 global_step=4011 loss_reg_months=29.9919 lr=0.00015531 grad_norm=0.1941 throughput=16.07 img/s eta_seconds=448.6 gpu_alloc=358.2MiB gpu_reserved=4078.0MiB skipped_batches=0
2026-08-15 08:50:23,569 | INFO | epoch=12 batch=925 global_step=4015 loss_reg_months=30.0552 lr=0.00015531 grad_norm=0.4274 throughput=16.09 img/s eta_seconds=438.9 gpu_alloc=467.0MiB gpu_reserved=4078.0MiB skipped_batches=0
2026-08-15 08:50:32,612 | INFO | epoch=12 batch=950 global_step=4019 loss_reg_months=30.0202 lr=0.00015531 grad_norm=0.1238 throughput=16.10 img/s eta_seconds=429.3 gpu_alloc=467.0MiB gpu_reserved=4078.0MiB skipped_batches=0
2026-08-15 08:50:41,689 | INFO | epoch=12 batch=975 global_step=4023 loss_reg_months=29.9797 lr=0.00015531 grad_norm=0.2460 throughput=16.11 img/s eta_seconds=419.7 gpu_alloc=467.0MiB gpu_reserved=4078.0MiB skipped_batches=0
2026-08-15 08:50:50,761 | INFO | epoch=12 batch=1000 global_step=4027 loss_reg_months=29.9576 lr=0.00015531 grad_norm=0.1368 throughput=16.12 img/s eta_seconds=410.1 gpu_alloc=467.0MiB gpu_reserved=4078.0MiB skipped_batches=0
2026-08-15 08:50:59,819 | INFO | epoch=12 batch=1025 global_step=4031 loss_reg_months=30.0129 lr=0.00015531 grad_norm=0.4483 throughput=16.13 img/s eta_seconds=400.5 gpu_alloc=467.0MiB gpu_reserved=4078.0MiB skipped_batches=0
2026-08-15 08:51:08,917 | INFO | epoch=12 batch=1050 global_step=4036 loss_reg_months=30.0045 lr=0.00015531 grad_norm=0.1833 throughput=16.14 img/s eta_seconds=391.0 gpu_alloc=358.2MiB gpu_reserved=4078.0MiB skipped_batches=0
2026-08-15 08:51:18,224 | INFO | epoch=12 batch=1075 global_step=4040 loss_reg_months=30.0799 lr=0.00015531 grad_norm=0.1761 throughput=16.14 img/s eta_seconds=381.7 gpu_alloc=467.0MiB gpu_reserved=4078.0MiB skipped_batches=0
2026-08-15 08:51:27,479 | INFO | epoch=12 batch=1100 global_step=4044 loss_reg_months=30.0279 lr=0.00015531 grad_norm=0.2036 throughput=16.14 img/s eta_seconds=372.4 gpu_alloc=467.0MiB gpu_reserved=4078.0MiB skipped_batches=0
2026-08-15 08:51:36,737 | INFO | epoch=12 batch=1125 global_step=4048 loss_reg_months=29.9595 lr=0.00015531 grad_norm=0.3105 throughput=16.14 img/s eta_seconds=363.1 gpu_alloc=467.0MiB gpu_reserved=4078.0MiB skipped_batches=0
2026-08-15 08:51:45,988 | INFO | epoch=12 batch=1150 global_step=4052 loss_reg_months=30.0103 lr=0.00015531 grad_norm=0.2029 throughput=16.14 img/s eta_seconds=353.8 gpu_alloc=467.0MiB gpu_reserved=4078.0MiB skipped_batches=0
2026-08-15 08:51:55,227 | INFO | epoch=12 batch=1175 global_step=4056 loss_reg_months=30.0781 lr=0.00015531 grad_norm=0.2656 throughput=16.15 img/s eta_seconds=344.4 gpu_alloc=467.0MiB gpu_reserved=4078.0MiB skipped_batches=0
2026-08-15 08:52:04,537 | INFO | epoch=12 batch=1200 global_step=4061 loss_reg_months=30.0161 lr=0.00015531 grad_norm=0.1864 throughput=16.14 img/s eta_seconds=335.2 gpu_alloc=358.2MiB gpu_reserved=4078.0MiB skipped_batches=0
2026-08-15 08:52:13,803 | INFO | epoch=12 batch=1225 global_step=4065 loss_reg_months=30.0218 lr=0.00015531 grad_norm=0.1812 throughput=16.15 img/s eta_seconds=325.8 gpu_alloc=467.0MiB gpu_reserved=4078.0MiB skipped_batches=0
2026-08-15 08:52:23,065 | INFO | epoch=12 batch=1250 global_step=4069 loss_reg_months=30.0349 lr=0.00015531 grad_norm=0.2270 throughput=16.15 img/s eta_seconds=316.5 gpu_alloc=467.0MiB gpu_reserved=4078.0MiB skipped_batches=0
2026-08-15 08:52:32,336 | INFO | epoch=12 batch=1275 global_step=4073 loss_reg_months=30.0082 lr=0.00015531 grad_norm=0.3209 throughput=16.15 img/s eta_seconds=307.2 gpu_alloc=467.0MiB gpu_reserved=4078.0MiB skipped_batches=0
2026-08-15 08:52:41,580 | INFO | epoch=12 batch=1300 global_step=4077 loss_reg_months=30.0932 lr=0.00015531 grad_norm=0.1263 throughput=16.15 img/s eta_seconds=297.9 gpu_alloc=467.0MiB gpu_reserved=4078.0MiB skipped_batches=0
2026-08-15 08:52:50,817 | INFO | epoch=12 batch=1325 global_step=4081 loss_reg_months=30.0579 lr=0.00015531 grad_norm=0.1518 throughput=16.15 img/s eta_seconds=288.6 gpu_alloc=467.0MiB gpu_reserved=4078.0MiB skipped_batches=0
2026-08-15 08:53:00,070 | INFO | epoch=12 batch=1350 global_step=4086 loss_reg_months=30.0415 lr=0.00015531 grad_norm=0.2597 throughput=16.15 img/s eta_seconds=279.3 gpu_alloc=358.2MiB gpu_reserved=4078.0MiB skipped_batches=0
2026-08-15 08:53:09,324 | INFO | epoch=12 batch=1375 global_step=4090 loss_reg_months=30.0004 lr=0.00015531 grad_norm=0.2375 throughput=16.15 img/s eta_seconds=270.0 gpu_alloc=467.0MiB gpu_reserved=4078.0MiB skipped_batches=0
2026-08-15 08:53:18,551 | INFO | epoch=12 batch=1400 global_step=4094 loss_reg_months=30.0059 lr=0.00015531 grad_norm=0.2583 throughput=16.15 img/s eta_seconds=260.7 gpu_alloc=467.0MiB gpu_reserved=4078.0MiB skipped_batches=0
2026-08-15 08:53:27,804 | INFO | epoch=12 batch=1425 global_step=4098 loss_reg_months=29.9810 lr=0.00015531 grad_norm=0.1242 throughput=16.16 img/s eta_seconds=251.4 gpu_alloc=467.0MiB gpu_reserved=4078.0MiB skipped_batches=0
2026-08-15 08:53:37,039 | INFO | epoch=12 batch=1450 global_step=4102 loss_reg_months=29.9903 lr=0.00015531 grad_norm=0.1554 throughput=16.16 img/s eta_seconds=242.1 gpu_alloc=467.0MiB gpu_reserved=4078.0MiB skipped_batches=0
2026-08-15 08:53:46,268 | INFO | epoch=12 batch=1475 global_step=4106 loss_reg_months=30.0819 lr=0.00015531 grad_norm=0.3403 throughput=16.16 img/s eta_seconds=232.8 gpu_alloc=467.0MiB gpu_reserved=4078.0MiB skipped_batches=0
2026-08-15 08:53:55,533 | INFO | epoch=12 batch=1500 global_step=4111 loss_reg_months=30.0968 lr=0.00015531 grad_norm=0.2444 throughput=16.16 img/s eta_seconds=223.5 gpu_alloc=358.2MiB gpu_reserved=4078.0MiB skipped_batches=0
2026-08-15 08:54:04,778 | INFO | epoch=12 batch=1525 global_step=4115 loss_reg_months=30.1197 lr=0.00015531 grad_norm=0.1621 throughput=16.16 img/s eta_seconds=214.2 gpu_alloc=467.0MiB gpu_reserved=4078.0MiB skipped_batches=0
2026-08-15 08:54:14,323 | INFO | epoch=12 batch=1550 global_step=4119 loss_reg_months=30.1090 lr=0.00015531 grad_norm=0.0877 throughput=16.15 img/s eta_seconds=205.0 gpu_alloc=467.0MiB gpu_reserved=4078.0MiB skipped_batches=0
2026-08-15 08:54:23,712 | INFO | epoch=12 batch=1575 global_step=4123 loss_reg_months=30.1119 lr=0.00015531 grad_norm=0.1647 throughput=16.15 img/s eta_seconds=195.7 gpu_alloc=467.0MiB gpu_reserved=4078.0MiB skipped_batches=0
2026-08-15 08:54:33,102 | INFO | epoch=12 batch=1600 global_step=4127 loss_reg_months=30.1254 lr=0.00015531 grad_norm=0.2795 throughput=16.15 img/s eta_seconds=186.5 gpu_alloc=467.0MiB gpu_reserved=4078.0MiB skipped_batches=0
2026-08-15 08:54:42,409 | INFO | epoch=12 batch=1625 global_step=4131 loss_reg_months=30.1246 lr=0.00015531 grad_norm=0.1554 throughput=16.15 img/s eta_seconds=177.2 gpu_alloc=467.0MiB gpu_reserved=4078.0MiB skipped_batches=0
2026-08-15 08:54:51,704 | INFO | epoch=12 batch=1650 global_step=4136 loss_reg_months=30.1828 lr=0.00015531 grad_norm=0.1613 throughput=16.15 img/s eta_seconds=167.9 gpu_alloc=358.2MiB gpu_reserved=4078.0MiB skipped_batches=0
2026-08-15 08:55:01,043 | INFO | epoch=12 batch=1675 global_step=4140 loss_reg_months=30.1786 lr=0.00015531 grad_norm=0.1326 throughput=16.15 img/s eta_seconds=158.6 gpu_alloc=467.0MiB gpu_reserved=4078.0MiB skipped_batches=0
2026-08-15 08:55:10,374 | INFO | epoch=12 batch=1700 global_step=4144 loss_reg_months=30.1543 lr=0.00015531 grad_norm=0.2388 throughput=16.14 img/s eta_seconds=149.3 gpu_alloc=467.0MiB gpu_reserved=4078.0MiB skipped_batches=0
2026-08-15 08:55:19,615 | INFO | epoch=12 batch=1725 global_step=4148 loss_reg_months=30.1664 lr=0.00015531 grad_norm=0.1399 throughput=16.15 img/s eta_seconds=140.0 gpu_alloc=467.0MiB gpu_reserved=4078.0MiB skipped_batches=0
2026-08-15 08:55:28,773 | INFO | epoch=12 batch=1750 global_step=4152 loss_reg_months=30.1259 lr=0.00015531 grad_norm=0.1845 throughput=16.15 img/s eta_seconds=130.7 gpu_alloc=467.0MiB gpu_reserved=4078.0MiB skipped_batches=0
2026-08-15 08:55:37,825 | INFO | epoch=12 batch=1775 global_step=4156 loss_reg_months=30.0588 lr=0.00015531 grad_norm=0.1351 throughput=16.15 img/s eta_seconds=121.4 gpu_alloc=467.0MiB gpu_reserved=4078.0MiB skipped_batches=0
2026-08-15 08:55:46,898 | INFO | epoch=12 batch=1800 global_step=4161 loss_reg_months=30.0798 lr=0.00015531 grad_norm=0.1360 throughput=16.16 img/s eta_seconds=112.1 gpu_alloc=358.2MiB gpu_reserved=4078.0MiB skipped_batches=0
2026-08-15 08:55:55,941 | INFO | epoch=12 batch=1825 global_step=4165 loss_reg_months=30.0408 lr=0.00015531 grad_norm=0.2695 throughput=16.17 img/s eta_seconds=102.7 gpu_alloc=467.0MiB gpu_reserved=4078.0MiB skipped_batches=0
2026-08-15 08:56:04,989 | INFO | epoch=12 batch=1850 global_step=4169 loss_reg_months=30.0605 lr=0.00015531 grad_norm=0.3373 throughput=16.17 img/s eta_seconds=93.4 gpu_alloc=467.0MiB gpu_reserved=4078.0MiB skipped_batches=0
2026-08-15 08:56:14,035 | INFO | epoch=12 batch=1875 global_step=4173 loss_reg_months=30.0399 lr=0.00015531 grad_norm=0.1757 throughput=16.18 img/s eta_seconds=84.1 gpu_alloc=467.0MiB gpu_reserved=4078.0MiB skipped_batches=0
2026-08-15 08:56:23,083 | INFO | epoch=12 batch=1900 global_step=4177 loss_reg_months=30.0308 lr=0.00015531 grad_norm=0.1107 throughput=16.18 img/s eta_seconds=74.8 gpu_alloc=467.0MiB gpu_reserved=4078.0MiB skipped_batches=0
2026-08-15 08:56:32,122 | INFO | epoch=12 batch=1925 global_step=4181 loss_reg_months=30.0670 lr=0.00015531 grad_norm=0.3059 throughput=16.19 img/s eta_seconds=65.5 gpu_alloc=467.0MiB gpu_reserved=4078.0MiB skipped_batches=0
2026-08-15 08:56:41,216 | INFO | epoch=12 batch=1950 global_step=4186 loss_reg_months=30.0896 lr=0.00015531 grad_norm=0.3934 throughput=16.19 img/s eta_seconds=56.3 gpu_alloc=358.2MiB gpu_reserved=4078.0MiB skipped_batches=0
2026-08-15 08:56:50,511 | INFO | epoch=12 batch=1975 global_step=4190 loss_reg_months=30.0819 lr=0.00015531 grad_norm=0.2883 throughput=16.19 img/s eta_seconds=47.0 gpu_alloc=467.0MiB gpu_reserved=4078.0MiB skipped_batches=0
2026-08-15 08:56:59,749 | INFO | epoch=12 batch=2000 global_step=4194 loss_reg_months=30.0425 lr=0.00015531 grad_norm=0.2459 throughput=16.19 img/s eta_seconds=37.7 gpu_alloc=467.0MiB gpu_reserved=4078.0MiB skipped_batches=0
2026-08-15 08:57:08,949 | INFO | epoch=12 batch=2025 global_step=4198 loss_reg_months=30.0535 lr=0.00015531 grad_norm=0.2276 throughput=16.19 img/s eta_seconds=28.5 gpu_alloc=467.0MiB gpu_reserved=4078.0MiB skipped_batches=0
2026-08-15 08:57:18,050 | INFO | epoch=12 batch=2050 global_step=4202 loss_reg_months=30.0521 lr=0.00015531 grad_norm=0.2142 throughput=16.20 img/s eta_seconds=19.2 gpu_alloc=467.0MiB gpu_reserved=4078.0MiB skipped_batches=0
2026-08-15 08:57:27,447 | INFO | epoch=12 batch=2075 global_step=4206 loss_reg_months=30.1021 lr=0.00015531 grad_norm=0.3723 throughput=16.19 img/s eta_seconds=9.9 gpu_alloc=467.0MiB gpu_reserved=4078.0MiB skipped_batches=0
2026-08-15 08:57:36,799 | INFO | epoch=12 batch=2100 global_step=4211 loss_reg_months=30.1126 lr=0.00015531 grad_norm=0.2061 throughput=16.19 img/s eta_seconds=0.7 gpu_alloc=358.2MiB gpu_reserved=4078.0MiB skipped_batches=0
2026-08-15 08:58:14,619 | INFO | 
TRAINING REVIEW SNAPSHOT
Run ID / config hash / split hash: P4_D1_CONVNEXTV2_TINY_FCMAE_IN1K_B6A6_SEED42 / 4a32683c6d26 / 7328667e6822+f650a20432b5
Epoch / global step: 12 / 4212
Train loss: 30.1076
Validation MAE / RMSE / median AE: 31.9593 / 42.0146 / 23.0000
MAE nam / nữ / age bins: {'F': 30.966257668711656, 'M': 32.79689521345408} / {'0-59': 97.46808510638297, '120-179': 15.724351050679852, '60-119': 43.088832487309645, '180-228': 52.203125}
Learning rate / peak VRAM: 0.00015531 / 4078.0 MiB
Best epoch / best MAE / epochs không cải thiện: 5 / 31.9628 / 7
Cảnh báo hiện tại: KHÔNG
Checkpoint gần nhất: p1_baseline\runs\P4_D1_CONVNEXTV2_TINY_FCMAE_IN1K_B6A6_SEED42\last.ckpt
Checkpoint tốt nhất: p1_baseline\runs\P4_D1_CONVNEXTV2_TINY_FCMAE_IN1K_B6A6_SEED42\best_mae.ckpt
Đề xuất tự động: TIẾP TỤC
2026-08-15 08:58:32,752 | INFO | epoch=13 batch=25 global_step=4216 loss_reg_months=31.0543 lr=0.00014765 grad_norm=0.2979 throughput=9.02 img/s eta_seconds=1382.1 gpu_alloc=467.0MiB gpu_reserved=4078.0MiB skipped_batches=0
2026-08-15 08:58:42,059 | INFO | epoch=13 batch=50 global_step=4220 loss_reg_months=29.9051 lr=0.00014765 grad_norm=0.3269 throughput=11.56 img/s eta_seconds=1064.7 gpu_alloc=467.0MiB gpu_reserved=4078.0MiB skipped_batches=0
2026-08-15 08:58:51,452 | INFO | epoch=13 batch=75 global_step=4224 loss_reg_months=29.0487 lr=0.00014765 grad_norm=0.2865 throughput=12.73 img/s eta_seconds=955.0 gpu_alloc=467.0MiB gpu_reserved=4078.0MiB skipped_batches=0
2026-08-15 08:59:00,655 | INFO | epoch=13 batch=100 global_step=4228 loss_reg_months=29.9189 lr=0.00014765 grad_norm=0.1727 throughput=13.47 img/s eta_seconds=891.6 gpu_alloc=467.0MiB gpu_reserved=4078.0MiB skipped_batches=0
2026-08-15 08:59:09,838 | INFO | epoch=13 batch=125 global_step=4232 loss_reg_months=29.2732 lr=0.00014765 grad_norm=0.3229 throughput=13.96 img/s eta_seconds=849.6 gpu_alloc=467.0MiB gpu_reserved=4078.0MiB skipped_batches=0
2026-08-15 08:59:19,108 | INFO | epoch=13 batch=150 global_step=4237 loss_reg_months=29.1163 lr=0.00014765 grad_norm=0.1227 throughput=14.29 img/s eta_seconds=819.7 gpu_alloc=358.2MiB gpu_reserved=4078.0MiB skipped_batches=0
2026-08-15 08:59:28,470 | INFO | epoch=13 batch=175 global_step=4241 loss_reg_months=29.2897 lr=0.00014765 grad_norm=0.1130 throughput=14.51 img/s eta_seconds=796.7 gpu_alloc=467.0MiB gpu_reserved=4078.0MiB skipped_batches=0
2026-08-15 08:59:37,881 | INFO | epoch=13 batch=200 global_step=4245 loss_reg_months=29.3803 lr=0.00014765 grad_norm=0.2735 throughput=14.68 img/s eta_seconds=777.5 gpu_alloc=467.0MiB gpu_reserved=4078.0MiB skipped_batches=0
2026-08-15 08:59:47,196 | INFO | epoch=13 batch=225 global_step=4249 loss_reg_months=29.3304 lr=0.00014765 grad_norm=0.1682 throughput=14.82 img/s eta_seconds=759.8 gpu_alloc=467.0MiB gpu_reserved=4078.0MiB skipped_batches=0
2026-08-15 08:59:56,515 | INFO | epoch=13 batch=250 global_step=4253 loss_reg_months=29.1002 lr=0.00014765 grad_norm=0.3606 throughput=14.94 img/s eta_seconds=743.7 gpu_alloc=467.0MiB gpu_reserved=4078.0MiB skipped_batches=0
2026-08-15 09:00:06,143 | INFO | epoch=13 batch=275 global_step=4257 loss_reg_months=29.1278 lr=0.00014765 grad_norm=0.1622 throughput=15.00 img/s eta_seconds=730.9 gpu_alloc=467.0MiB gpu_reserved=4078.0MiB skipped_batches=0
2026-08-15 09:00:15,498 | INFO | epoch=13 batch=300 global_step=4262 loss_reg_months=28.9775 lr=0.00014765 grad_norm=0.1334 throughput=15.08 img/s eta_seconds=717.0 gpu_alloc=358.2MiB gpu_reserved=4078.0MiB skipped_batches=0
2026-08-15 09:00:24,826 | INFO | epoch=13 batch=325 global_step=4266 loss_reg_months=28.9889 lr=0.00014765 grad_norm=0.4610 throughput=15.15 img/s eta_seconds=703.7 gpu_alloc=467.0MiB gpu_reserved=4078.0MiB skipped_batches=0
2026-08-15 09:00:34,158 | INFO | epoch=13 batch=350 global_step=4270 loss_reg_months=29.0741 lr=0.00014765 grad_norm=0.1292 throughput=15.21 img/s eta_seconds=690.9 gpu_alloc=467.0MiB gpu_reserved=4078.0MiB skipped_batches=0
2026-08-15 09:00:43,591 | INFO | epoch=13 batch=375 global_step=4274 loss_reg_months=29.0861 lr=0.00014765 grad_norm=0.2750 throughput=15.26 img/s eta_seconds=679.1 gpu_alloc=467.0MiB gpu_reserved=4078.0MiB skipped_batches=0
2026-08-15 09:00:53,025 | INFO | epoch=13 batch=400 global_step=4278 loss_reg_months=29.0828 lr=0.00014765 grad_norm=0.1141 throughput=15.30 img/s eta_seconds=667.6 gpu_alloc=467.0MiB gpu_reserved=4078.0MiB skipped_batches=0
2026-08-15 09:01:02,351 | INFO | epoch=13 batch=425 global_step=4282 loss_reg_months=29.1490 lr=0.00014765 grad_norm=0.2568 throughput=15.34 img/s eta_seconds=655.9 gpu_alloc=467.0MiB gpu_reserved=4078.0MiB skipped_batches=0
2026-08-15 09:01:11,703 | INFO | epoch=13 batch=450 global_step=4287 loss_reg_months=29.2908 lr=0.00014765 grad_norm=0.1043 throughput=15.38 img/s eta_seconds=644.5 gpu_alloc=358.2MiB gpu_reserved=4078.0MiB skipped_batches=0
2026-08-15 09:01:21,022 | INFO | epoch=13 batch=475 global_step=4291 loss_reg_months=29.4163 lr=0.00014765 grad_norm=0.1176 throughput=15.41 img/s eta_seconds=633.3 gpu_alloc=467.0MiB gpu_reserved=4078.0MiB skipped_batches=0
2026-08-15 09:01:30,347 | INFO | epoch=13 batch=500 global_step=4295 loss_reg_months=29.5336 lr=0.00014765 grad_norm=0.1131 throughput=15.45 img/s eta_seconds=622.3 gpu_alloc=467.0MiB gpu_reserved=4078.0MiB skipped_batches=0
2026-08-15 09:01:39,677 | INFO | epoch=13 batch=525 global_step=4299 loss_reg_months=29.5502 lr=0.00014765 grad_norm=0.1833 throughput=15.47 img/s eta_seconds=611.4 gpu_alloc=467.0MiB gpu_reserved=4078.0MiB skipped_batches=0
2026-08-15 09:01:49,007 | INFO | epoch=13 batch=550 global_step=4303 loss_reg_months=29.5994 lr=0.00014765 grad_norm=0.1751 throughput=15.50 img/s eta_seconds=600.7 gpu_alloc=467.0MiB gpu_reserved=4078.0MiB skipped_batches=0
2026-08-15 09:01:58,411 | INFO | epoch=13 batch=575 global_step=4307 loss_reg_months=29.5857 lr=0.00014765 grad_norm=0.2331 throughput=15.52 img/s eta_seconds=590.3 gpu_alloc=467.0MiB gpu_reserved=4078.0MiB skipped_batches=0
2026-08-15 09:02:07,799 | INFO | epoch=13 batch=600 global_step=4312 loss_reg_months=29.6951 lr=0.00014765 grad_norm=0.3390 throughput=15.54 img/s eta_seconds=579.9 gpu_alloc=358.2MiB gpu_reserved=4078.0MiB skipped_batches=0
2026-08-15 09:02:17,130 | INFO | epoch=13 batch=625 global_step=4316 loss_reg_months=29.7191 lr=0.00014765 grad_norm=0.1905 throughput=15.56 img/s eta_seconds=569.5 gpu_alloc=467.0MiB gpu_reserved=4078.0MiB skipped_batches=0
2026-08-15 09:02:26,451 | INFO | epoch=13 batch=650 global_step=4320 loss_reg_months=29.8284 lr=0.00014765 grad_norm=0.2612 throughput=15.58 img/s eta_seconds=559.1 gpu_alloc=467.0MiB gpu_reserved=4078.0MiB skipped_batches=0
2026-08-15 09:02:35,782 | INFO | epoch=13 batch=675 global_step=4324 loss_reg_months=29.7568 lr=0.00014765 grad_norm=0.1513 throughput=15.60 img/s eta_seconds=548.9 gpu_alloc=467.0MiB gpu_reserved=4078.0MiB skipped_batches=0
2026-08-15 09:02:45,113 | INFO | epoch=13 batch=700 global_step=4328 loss_reg_months=29.8201 lr=0.00014765 grad_norm=0.1201 throughput=15.61 img/s eta_seconds=538.7 gpu_alloc=467.0MiB gpu_reserved=4078.0MiB skipped_batches=0
2026-08-15 09:02:54,414 | INFO | epoch=13 batch=725 global_step=4332 loss_reg_months=29.7190 lr=0.00014765 grad_norm=0.1291 throughput=15.63 img/s eta_seconds=528.5 gpu_alloc=467.0MiB gpu_reserved=4078.0MiB skipped_batches=0
2026-08-15 09:03:03,744 | INFO | epoch=13 batch=750 global_step=4337 loss_reg_months=29.8071 lr=0.00014765 grad_norm=0.1333 throughput=15.65 img/s eta_seconds=518.4 gpu_alloc=358.2MiB gpu_reserved=4078.0MiB skipped_batches=0
2026-08-15 09:03:13,070 | INFO | epoch=13 batch=775 global_step=4341 loss_reg_months=29.7463 lr=0.00014765 grad_norm=0.2721 throughput=15.66 img/s eta_seconds=508.4 gpu_alloc=467.0MiB gpu_reserved=4078.0MiB skipped_batches=0
2026-08-15 09:03:22,382 | INFO | epoch=13 batch=800 global_step=4345 loss_reg_months=29.7434 lr=0.00014765 grad_norm=0.2784 throughput=15.67 img/s eta_seconds=498.4 gpu_alloc=467.0MiB gpu_reserved=4078.0MiB skipped_batches=0
2026-08-15 09:03:31,702 | INFO | epoch=13 batch=825 global_step=4349 loss_reg_months=29.7743 lr=0.00014765 grad_norm=0.1365 throughput=15.69 img/s eta_seconds=488.4 gpu_alloc=467.0MiB gpu_reserved=4078.0MiB skipped_batches=0
2026-08-15 09:03:41,006 | INFO | epoch=13 batch=850 global_step=4353 loss_reg_months=29.9368 lr=0.00014765 grad_norm=0.2564 throughput=15.70 img/s eta_seconds=478.5 gpu_alloc=467.0MiB gpu_reserved=4078.0MiB skipped_batches=0
2026-08-15 09:03:50,337 | INFO | epoch=13 batch=875 global_step=4357 loss_reg_months=29.8918 lr=0.00014765 grad_norm=0.1656 throughput=15.71 img/s eta_seconds=468.6 gpu_alloc=467.0MiB gpu_reserved=4078.0MiB skipped_batches=0
2026-08-15 09:03:59,668 | INFO | epoch=13 batch=900 global_step=4362 loss_reg_months=29.9752 lr=0.00014765 grad_norm=0.4201 throughput=15.72 img/s eta_seconds=458.8 gpu_alloc=358.2MiB gpu_reserved=4078.0MiB skipped_batches=0
2026-08-15 09:04:09,004 | INFO | epoch=13 batch=925 global_step=4366 loss_reg_months=30.0158 lr=0.00014765 grad_norm=0.4340 throughput=15.73 img/s eta_seconds=449.0 gpu_alloc=467.0MiB gpu_reserved=4078.0MiB skipped_batches=0
2026-08-15 09:04:18,322 | INFO | epoch=13 batch=950 global_step=4370 loss_reg_months=30.0644 lr=0.00014765 grad_norm=0.2216 throughput=15.74 img/s eta_seconds=439.2 gpu_alloc=467.0MiB gpu_reserved=4078.0MiB skipped_batches=0
2026-08-15 09:04:27,660 | INFO | epoch=13 batch=975 global_step=4374 loss_reg_months=30.0244 lr=0.00014765 grad_norm=0.1181 throughput=15.75 img/s eta_seconds=429.4 gpu_alloc=467.0MiB gpu_reserved=4078.0MiB skipped_batches=0
2026-08-15 09:04:36,985 | INFO | epoch=13 batch=1000 global_step=4378 loss_reg_months=29.9877 lr=0.00014765 grad_norm=0.2885 throughput=15.75 img/s eta_seconds=419.7 gpu_alloc=467.0MiB gpu_reserved=4078.0MiB skipped_batches=0
2026-08-15 09:04:46,301 | INFO | epoch=13 batch=1025 global_step=4382 loss_reg_months=29.9534 lr=0.00014765 grad_norm=0.2172 throughput=15.76 img/s eta_seconds=409.9 gpu_alloc=467.0MiB gpu_reserved=4078.0MiB skipped_batches=0
2026-08-15 09:04:55,648 | INFO | epoch=13 batch=1050 global_step=4387 loss_reg_months=29.9895 lr=0.00014765 grad_norm=0.1377 throughput=15.77 img/s eta_seconds=400.2 gpu_alloc=358.2MiB gpu_reserved=4078.0MiB skipped_batches=0
2026-08-15 09:05:04,991 | INFO | epoch=13 batch=1075 global_step=4391 loss_reg_months=29.9966 lr=0.00014765 grad_norm=0.1591 throughput=15.77 img/s eta_seconds=390.6 gpu_alloc=467.0MiB gpu_reserved=4078.0MiB skipped_batches=0
2026-08-15 09:05:14,304 | INFO | epoch=13 batch=1100 global_step=4395 loss_reg_months=29.9952 lr=0.00014765 grad_norm=0.1372 throughput=15.78 img/s eta_seconds=380.9 gpu_alloc=467.0MiB gpu_reserved=4078.0MiB skipped_batches=0
2026-08-15 09:05:23,629 | INFO | epoch=13 batch=1125 global_step=4399 loss_reg_months=30.0021 lr=0.00014765 grad_norm=0.1289 throughput=15.79 img/s eta_seconds=371.2 gpu_alloc=467.0MiB gpu_reserved=4078.0MiB skipped_batches=0
2026-08-15 09:05:32,961 | INFO | epoch=13 batch=1150 global_step=4403 loss_reg_months=30.0957 lr=0.00014765 grad_norm=0.1372 throughput=15.80 img/s eta_seconds=361.6 gpu_alloc=467.0MiB gpu_reserved=4078.0MiB skipped_batches=0
2026-08-15 09:05:42,276 | INFO | epoch=13 batch=1175 global_step=4407 loss_reg_months=30.0123 lr=0.00014765 grad_norm=0.4468 throughput=15.80 img/s eta_seconds=351.9 gpu_alloc=467.0MiB gpu_reserved=4078.0MiB skipped_batches=0
2026-08-15 09:05:51,637 | INFO | epoch=13 batch=1200 global_step=4412 loss_reg_months=30.0321 lr=0.00014765 grad_norm=0.2876 throughput=15.81 img/s eta_seconds=342.3 gpu_alloc=358.2MiB gpu_reserved=4078.0MiB skipped_batches=0
2026-08-15 09:06:00,962 | INFO | epoch=13 batch=1225 global_step=4416 loss_reg_months=30.0198 lr=0.00014765 grad_norm=0.2854 throughput=15.81 img/s eta_seconds=332.7 gpu_alloc=467.0MiB gpu_reserved=4078.0MiB skipped_batches=0
2026-08-15 09:06:10,280 | INFO | epoch=13 batch=1250 global_step=4420 loss_reg_months=30.0331 lr=0.00014765 grad_norm=0.2413 throughput=15.82 img/s eta_seconds=323.1 gpu_alloc=467.0MiB gpu_reserved=4078.0MiB skipped_batches=0
2026-08-15 09:06:19,600 | INFO | epoch=13 batch=1275 global_step=4424 loss_reg_months=30.0095 lr=0.00014765 grad_norm=0.1223 throughput=15.82 img/s eta_seconds=313.5 gpu_alloc=467.0MiB gpu_reserved=4078.0MiB skipped_batches=0
2026-08-15 09:06:28,917 | INFO | epoch=13 batch=1300 global_step=4428 loss_reg_months=30.0121 lr=0.00014765 grad_norm=0.2157 throughput=15.83 img/s eta_seconds=304.0 gpu_alloc=467.0MiB gpu_reserved=4078.0MiB skipped_batches=0
2026-08-15 09:06:38,239 | INFO | epoch=13 batch=1325 global_step=4432 loss_reg_months=30.0206 lr=0.00014765 grad_norm=0.1425 throughput=15.83 img/s eta_seconds=294.4 gpu_alloc=467.0MiB gpu_reserved=4078.0MiB skipped_batches=0
2026-08-15 09:06:47,591 | INFO | epoch=13 batch=1350 global_step=4437 loss_reg_months=29.9980 lr=0.00014765 grad_norm=0.0879 throughput=15.84 img/s eta_seconds=284.8 gpu_alloc=358.2MiB gpu_reserved=4078.0MiB skipped_batches=0
2026-08-15 09:06:56,921 | INFO | epoch=13 batch=1375 global_step=4441 loss_reg_months=30.0180 lr=0.00014765 grad_norm=0.4258 throughput=15.84 img/s eta_seconds=275.3 gpu_alloc=467.0MiB gpu_reserved=4078.0MiB skipped_batches=0
2026-08-15 09:07:06,245 | INFO | epoch=13 batch=1400 global_step=4445 loss_reg_months=29.9730 lr=0.00014765 grad_norm=0.3911 throughput=15.85 img/s eta_seconds=265.8 gpu_alloc=467.0MiB gpu_reserved=4078.0MiB skipped_batches=0
2026-08-15 09:07:15,763 | INFO | epoch=13 batch=1425 global_step=4449 loss_reg_months=29.9556 lr=0.00014765 grad_norm=0.3286 throughput=15.84 img/s eta_seconds=256.3 gpu_alloc=467.0MiB gpu_reserved=4078.0MiB skipped_batches=0
2026-08-15 09:07:25,111 | INFO | epoch=13 batch=1450 global_step=4453 loss_reg_months=30.0182 lr=0.00014765 grad_norm=0.0844 throughput=15.85 img/s eta_seconds=246.8 gpu_alloc=467.0MiB gpu_reserved=4078.0MiB skipped_batches=0
2026-08-15 09:07:34,430 | INFO | epoch=13 batch=1475 global_step=4457 loss_reg_months=29.9750 lr=0.00014765 grad_norm=0.2992 throughput=15.85 img/s eta_seconds=237.3 gpu_alloc=467.0MiB gpu_reserved=4078.0MiB skipped_batches=0
2026-08-15 09:07:43,759 | INFO | epoch=13 batch=1500 global_step=4462 loss_reg_months=30.0208 lr=0.00014765 grad_norm=0.2025 throughput=15.85 img/s eta_seconds=227.8 gpu_alloc=358.2MiB gpu_reserved=4078.0MiB skipped_batches=0
2026-08-15 09:07:53,079 | INFO | epoch=13 batch=1525 global_step=4466 loss_reg_months=30.0573 lr=0.00014765 grad_norm=0.1747 throughput=15.86 img/s eta_seconds=218.2 gpu_alloc=467.0MiB gpu_reserved=4078.0MiB skipped_batches=0
2026-08-15 09:08:02,401 | INFO | epoch=13 batch=1550 global_step=4470 loss_reg_months=30.0689 lr=0.00014765 grad_norm=0.0989 throughput=15.86 img/s eta_seconds=208.7 gpu_alloc=467.0MiB gpu_reserved=4078.0MiB skipped_batches=0
2026-08-15 09:08:11,732 | INFO | epoch=13 batch=1575 global_step=4474 loss_reg_months=30.0692 lr=0.00014765 grad_norm=0.1203 throughput=15.87 img/s eta_seconds=199.2 gpu_alloc=467.0MiB gpu_reserved=4078.0MiB skipped_batches=0
2026-08-15 09:08:21,032 | INFO | epoch=13 batch=1600 global_step=4478 loss_reg_months=30.0827 lr=0.00014765 grad_norm=0.1193 throughput=15.87 img/s eta_seconds=189.7 gpu_alloc=467.0MiB gpu_reserved=4078.0MiB skipped_batches=0
2026-08-15 09:08:30,349 | INFO | epoch=13 batch=1625 global_step=4482 loss_reg_months=30.0405 lr=0.00014765 grad_norm=0.0981 throughput=15.87 img/s eta_seconds=180.2 gpu_alloc=467.0MiB gpu_reserved=4078.0MiB skipped_batches=0
2026-08-15 09:08:39,689 | INFO | epoch=13 batch=1650 global_step=4487 loss_reg_months=30.0003 lr=0.00014765 grad_norm=0.1693 throughput=15.88 img/s eta_seconds=170.8 gpu_alloc=358.2MiB gpu_reserved=4078.0MiB skipped_batches=0
2026-08-15 09:08:48,981 | INFO | epoch=13 batch=1675 global_step=4491 loss_reg_months=30.0473 lr=0.00014765 grad_norm=0.2234 throughput=15.88 img/s eta_seconds=161.3 gpu_alloc=467.0MiB gpu_reserved=4078.0MiB skipped_batches=0
2026-08-15 09:08:58,409 | INFO | epoch=13 batch=1700 global_step=4495 loss_reg_months=30.0523 lr=0.00014765 grad_norm=0.2210 throughput=15.88 img/s eta_seconds=151.8 gpu_alloc=467.0MiB gpu_reserved=4078.0MiB skipped_batches=0
2026-08-15 09:09:07,553 | INFO | epoch=13 batch=1725 global_step=4499 loss_reg_months=30.0804 lr=0.00014765 grad_norm=0.1062 throughput=15.89 img/s eta_seconds=142.3 gpu_alloc=467.0MiB gpu_reserved=4078.0MiB skipped_batches=0
2026-08-15 09:09:18,001 | INFO | epoch=13 batch=1750 global_step=4503 loss_reg_months=30.0587 lr=0.00014765 grad_norm=0.1527 throughput=15.86 img/s eta_seconds=133.1 gpu_alloc=467.0MiB gpu_reserved=4078.0MiB skipped_batches=0
2026-08-15 09:09:27,352 | INFO | epoch=13 batch=1775 global_step=4507 loss_reg_months=30.0548 lr=0.00014765 grad_norm=0.1554 throughput=15.87 img/s eta_seconds=123.6 gpu_alloc=467.0MiB gpu_reserved=4078.0MiB skipped_batches=0
2026-08-15 09:09:36,740 | INFO | epoch=13 batch=1800 global_step=4512 loss_reg_months=30.0749 lr=0.00014765 grad_norm=0.1647 throughput=15.87 img/s eta_seconds=114.1 gpu_alloc=358.2MiB gpu_reserved=4078.0MiB skipped_batches=0
2026-08-15 09:09:46,115 | INFO | epoch=13 batch=1825 global_step=4516 loss_reg_months=30.0692 lr=0.00014765 grad_norm=0.2726 throughput=15.87 img/s eta_seconds=104.7 gpu_alloc=467.0MiB gpu_reserved=4078.0MiB skipped_batches=0
2026-08-15 09:09:55,475 | INFO | epoch=13 batch=1850 global_step=4520 loss_reg_months=30.0716 lr=0.00014765 grad_norm=0.0976 throughput=15.87 img/s eta_seconds=95.2 gpu_alloc=467.0MiB gpu_reserved=4078.0MiB skipped_batches=0
2026-08-15 09:10:04,916 | INFO | epoch=13 batch=1875 global_step=4524 loss_reg_months=30.0742 lr=0.00014765 grad_norm=0.3199 throughput=15.87 img/s eta_seconds=85.7 gpu_alloc=467.0MiB gpu_reserved=4078.0MiB skipped_batches=0
2026-08-15 09:10:14,273 | INFO | epoch=13 batch=1900 global_step=4528 loss_reg_months=30.0334 lr=0.00014765 grad_norm=0.2178 throughput=15.87 img/s eta_seconds=76.3 gpu_alloc=467.0MiB gpu_reserved=4078.0MiB skipped_batches=0
2026-08-15 09:10:23,658 | INFO | epoch=13 batch=1925 global_step=4532 loss_reg_months=30.0509 lr=0.00014765 grad_norm=0.1932 throughput=15.88 img/s eta_seconds=66.8 gpu_alloc=467.0MiB gpu_reserved=4078.0MiB skipped_batches=0
2026-08-15 09:10:33,033 | INFO | epoch=13 batch=1950 global_step=4537 loss_reg_months=30.0664 lr=0.00014765 grad_norm=0.3333 throughput=15.88 img/s eta_seconds=57.4 gpu_alloc=358.2MiB gpu_reserved=4078.0MiB skipped_batches=0
2026-08-15 09:10:42,338 | INFO | epoch=13 batch=1975 global_step=4541 loss_reg_months=30.0032 lr=0.00014765 grad_norm=0.1388 throughput=15.88 img/s eta_seconds=47.9 gpu_alloc=467.0MiB gpu_reserved=4078.0MiB skipped_batches=0
2026-08-15 09:10:51,648 | INFO | epoch=13 batch=2000 global_step=4545 loss_reg_months=29.9715 lr=0.00014765 grad_norm=0.1164 throughput=15.88 img/s eta_seconds=38.5 gpu_alloc=467.0MiB gpu_reserved=4078.0MiB skipped_batches=0
2026-08-15 09:11:00,983 | INFO | epoch=13 batch=2025 global_step=4549 loss_reg_months=29.9982 lr=0.00014765 grad_norm=0.1878 throughput=15.89 img/s eta_seconds=29.0 gpu_alloc=467.0MiB gpu_reserved=4078.0MiB skipped_batches=0
2026-08-15 09:11:10,294 | INFO | epoch=13 batch=2050 global_step=4553 loss_reg_months=29.9905 lr=0.00014765 grad_norm=0.6827 throughput=15.89 img/s eta_seconds=19.6 gpu_alloc=467.0MiB gpu_reserved=4078.0MiB skipped_batches=0
2026-08-15 09:11:19,600 | INFO | epoch=13 batch=2075 global_step=4557 loss_reg_months=30.0609 lr=0.00014765 grad_norm=0.2148 throughput=15.89 img/s eta_seconds=10.1 gpu_alloc=467.0MiB gpu_reserved=4078.0MiB skipped_batches=0
2026-08-15 09:11:28,935 | INFO | epoch=13 batch=2100 global_step=4562 loss_reg_months=30.0879 lr=0.00014765 grad_norm=0.0937 throughput=15.89 img/s eta_seconds=0.7 gpu_alloc=358.2MiB gpu_reserved=4078.0MiB skipped_batches=0
2026-08-15 09:12:04,259 | INFO | 
TRAINING REVIEW SNAPSHOT
Run ID / config hash / split hash: P4_D1_CONVNEXTV2_TINY_FCMAE_IN1K_B6A6_SEED42 / 4a32683c6d26 / 7328667e6822+f650a20432b5
Epoch / global step: 13 / 4563
Train loss: 30.0859
Validation MAE / RMSE / median AE: 31.9593 / 42.0146 / 23.0000
MAE nam / nữ / age bins: {'F': 30.966257668711656, 'M': 32.79689521345408} / {'0-59': 97.46808510638297, '120-179': 15.724351050679852, '60-119': 43.088832487309645, '180-228': 52.203125}
Learning rate / peak VRAM: 0.00014765 / 4078.0 MiB
Best epoch / best MAE / epochs không cải thiện: 5 / 31.9628 / 8
Cảnh báo hiện tại: KHÔNG
Checkpoint gần nhất: p1_baseline\runs\P4_D1_CONVNEXTV2_TINY_FCMAE_IN1K_B6A6_SEED42\last.ckpt
Checkpoint tốt nhất: p1_baseline\runs\P4_D1_CONVNEXTV2_TINY_FCMAE_IN1K_B6A6_SEED42\best_mae.ckpt
Đề xuất tự động: TIẾP TỤC
2026-08-15 09:12:07,068 | WARNING | STABILITY WARNING [CAM] Early stopping patience=8
RUN STATUS: early_stopped
