2026-08-15 16:25:04,863 | INFO | Run=P5_D3_CONVNEXT_TINY_LDL_SEED17 device=cuda config_hash=9ef0879ebe153f88f248c7af4c1cb3e52169d31ddb872d34635a7267cacf744e
2026-08-15 16:25:04,866 | INFO | Split hash train=7328667e6822ab074d442155e33eba89606861bb13bbf804be8a1138c78f5285 validation=f650a20432b557405035d12c52716a6c40fdf20e1343ac3ad0cfb7cd8db21631
RESUME CHECK
Run ID: P5_D3_CONVNEXT_TINY_LDL_SEED17
Checkpoint path: p1_baseline\runs\P5_D3_CONVNEXT_TINY_LDL_SEED17\last.ckpt
Epoch/global step tiếp tục: 0/2
Best validation MAE trước đó: inf
Split hash khớp: CÓ
Config hash khớp: CÓ
Code version khớp: CÓ
Optimizer/scheduler/scaler đã phục hồi: CÓ
2026-08-15 16:25:19,417 | INFO | epoch=1 batch=25 global_step=8 loss_reg_months=33.3924 loss_ldl=5.3792 lr=0.00020000 grad_norm=6.0560 throughput=20.98 img/s eta_seconds=586.8 gpu_alloc=488.9MiB gpu_reserved=4406.0MiB skipped_batches=0
2026-08-15 16:25:27,430 | INFO | epoch=1 batch=50 global_step=16 loss_reg_months=29.7117 loss_ldl=5.2609 lr=0.00020000 grad_norm=3.8069 throughput=26.89 img/s eta_seconds=446.7 gpu_alloc=488.9MiB gpu_reserved=4406.0MiB skipped_batches=0
2026-08-15 16:25:35,923 | INFO | epoch=1 batch=75 global_step=25 loss_reg_months=25.6009 loss_ldl=5.1143 lr=0.00020000 grad_norm=3.5687 throughput=29.21 img/s eta_seconds=400.9 gpu_alloc=378.7MiB gpu_reserved=4406.0MiB skipped_batches=0
2026-08-15 16:25:43,982 | INFO | epoch=1 batch=100 global_step=33 loss_reg_months=23.1047 loss_ldl=4.9166 lr=0.00020000 grad_norm=9.7973 throughput=30.88 img/s eta_seconds=369.6 gpu_alloc=488.9MiB gpu_reserved=4406.0MiB skipped_batches=0
2026-08-15 16:25:52,014 | INFO | epoch=1 batch=125 global_step=41 loss_reg_months=21.0660 loss_ldl=4.7025 lr=0.00020000 grad_norm=5.4882 throughput=31.98 img/s eta_seconds=347.4 gpu_alloc=488.9MiB gpu_reserved=4406.0MiB skipped_batches=0
2026-08-15 16:26:00,657 | INFO | epoch=1 batch=150 global_step=50 loss_reg_months=19.8332 loss_ldl=5.1229 lr=0.00020000 grad_norm=4.3702 throughput=32.41 img/s eta_seconds=333.6 gpu_alloc=378.7MiB gpu_reserved=4406.0MiB skipped_batches=0
2026-08-15 16:26:09,160 | INFO | epoch=1 batch=175 global_step=58 loss_reg_months=19.1531 loss_ldl=5.0994 lr=0.00020000 grad_norm=9.1205 throughput=32.79 img/s eta_seconds=320.6 gpu_alloc=488.9MiB gpu_reserved=4406.0MiB skipped_batches=0
2026-08-15 16:26:17,682 | INFO | epoch=1 batch=200 global_step=66 loss_reg_months=18.3779 loss_ldl=4.6390 lr=0.00020000 grad_norm=3.6044 throughput=33.07 img/s eta_seconds=308.7 gpu_alloc=488.9MiB gpu_reserved=4406.0MiB skipped_batches=0
2026-08-15 16:26:25,772 | INFO | epoch=1 batch=225 global_step=75 loss_reg_months=17.8147 loss_ldl=4.5200 lr=0.00020000 grad_norm=4.8440 throughput=33.48 img/s eta_seconds=296.1 gpu_alloc=378.7MiB gpu_reserved=4406.0MiB skipped_batches=0
2026-08-15 16:26:33,874 | INFO | epoch=1 batch=250 global_step=83 loss_reg_months=17.2035 loss_ldl=4.6530 lr=0.00020000 grad_norm=6.9433 throughput=33.80 img/s eta_seconds=284.3 gpu_alloc=488.9MiB gpu_reserved=4406.0MiB skipped_batches=0
2026-08-15 16:26:41,924 | INFO | epoch=1 batch=275 global_step=91 loss_reg_months=16.6877 loss_ldl=4.5511 lr=0.00020000 grad_norm=4.3256 throughput=34.09 img/s eta_seconds=273.1 gpu_alloc=488.9MiB gpu_reserved=4406.0MiB skipped_batches=0
2026-08-15 16:26:49,921 | INFO | epoch=1 batch=300 global_step=100 loss_reg_months=16.3579 loss_ldl=4.4498 lr=0.00020000 grad_norm=6.9579 throughput=34.35 img/s eta_seconds=262.3 gpu_alloc=378.7MiB gpu_reserved=4406.0MiB skipped_batches=0
2026-08-15 16:26:58,154 | INFO | epoch=1 batch=325 global_step=108 loss_reg_months=15.9937 loss_ldl=4.5342 lr=0.00020000 grad_norm=2.9352 throughput=34.50 img/s eta_seconds=252.5 gpu_alloc=488.9MiB gpu_reserved=4406.0MiB skipped_batches=0
2026-08-15 16:27:06,173 | INFO | epoch=1 batch=350 global_step=116 loss_reg_months=15.5949 loss_ldl=4.1334 lr=0.00020000 grad_norm=3.8459 throughput=34.69 img/s eta_seconds=242.4 gpu_alloc=488.9MiB gpu_reserved=4406.0MiB skipped_batches=0
2026-08-15 16:27:14,530 | INFO | epoch=1 batch=375 global_step=125 loss_reg_months=15.2394 loss_ldl=3.9671 lr=0.00020000 grad_norm=9.2820 throughput=34.77 img/s eta_seconds=233.3 gpu_alloc=378.7MiB gpu_reserved=4406.0MiB skipped_batches=0
2026-08-15 16:27:22,555 | INFO | epoch=1 batch=400 global_step=133 loss_reg_months=14.8787 loss_ldl=4.0828 lr=0.00020000 grad_norm=2.5128 throughput=34.93 img/s eta_seconds=223.7 gpu_alloc=488.9MiB gpu_reserved=4406.0MiB skipped_batches=0
2026-08-15 16:27:30,933 | INFO | epoch=1 batch=425 global_step=141 loss_reg_months=14.5839 loss_ldl=4.1498 lr=0.00020000 grad_norm=5.1295 throughput=34.98 img/s eta_seconds=214.7 gpu_alloc=488.9MiB gpu_reserved=4406.0MiB skipped_batches=0
2026-08-15 16:27:38,953 | INFO | epoch=1 batch=450 global_step=150 loss_reg_months=14.3061 loss_ldl=4.2931 lr=0.00020000 grad_norm=4.4479 throughput=35.10 img/s eta_seconds=205.4 gpu_alloc=378.7MiB gpu_reserved=4406.0MiB skipped_batches=0
2026-08-15 16:27:46,982 | INFO | epoch=1 batch=475 global_step=158 loss_reg_months=13.9954 loss_ldl=4.3996 lr=0.00020000 grad_norm=4.1273 throughput=35.21 img/s eta_seconds=196.3 gpu_alloc=488.9MiB gpu_reserved=4406.0MiB skipped_batches=0
2026-08-15 16:27:55,052 | INFO | epoch=1 batch=500 global_step=166 loss_reg_months=13.7685 loss_ldl=4.0307 lr=0.00020000 grad_norm=7.6739 throughput=35.31 img/s eta_seconds=187.2 gpu_alloc=488.9MiB gpu_reserved=4406.0MiB skipped_batches=0
2026-08-15 16:28:03,089 | INFO | epoch=1 batch=525 global_step=175 loss_reg_months=13.6230 loss_ldl=4.2598 lr=0.00020000 grad_norm=7.3064 throughput=35.40 img/s eta_seconds=178.3 gpu_alloc=378.7MiB gpu_reserved=4406.0MiB skipped_batches=0
2026-08-15 16:28:11,336 | INFO | epoch=1 batch=550 global_step=183 loss_reg_months=13.4719 loss_ldl=3.9028 lr=0.00020000 grad_norm=6.3552 throughput=35.44 img/s eta_seconds=169.6 gpu_alloc=488.9MiB gpu_reserved=4406.0MiB skipped_batches=0
2026-08-15 16:28:19,440 | INFO | epoch=1 batch=575 global_step=191 loss_reg_months=13.3395 loss_ldl=4.2878 lr=0.00020000 grad_norm=6.6401 throughput=35.51 img/s eta_seconds=160.8 gpu_alloc=488.9MiB gpu_reserved=4406.0MiB skipped_batches=0
2026-08-15 16:28:27,485 | INFO | epoch=1 batch=600 global_step=200 loss_reg_months=13.1649 loss_ldl=4.0006 lr=0.00020000 grad_norm=3.2594 throughput=35.58 img/s eta_seconds=152.1 gpu_alloc=378.7MiB gpu_reserved=4406.0MiB skipped_batches=0
2026-08-15 16:28:35,577 | INFO | epoch=1 batch=625 global_step=208 loss_reg_months=12.9971 loss_ldl=4.1604 lr=0.00020000 grad_norm=2.6879 throughput=35.64 img/s eta_seconds=143.4 gpu_alloc=488.9MiB gpu_reserved=4406.0MiB skipped_batches=0
2026-08-15 16:28:43,829 | INFO | epoch=1 batch=650 global_step=216 loss_reg_months=12.8291 loss_ldl=3.9817 lr=0.00020000 grad_norm=4.7360 throughput=35.66 img/s eta_seconds=134.9 gpu_alloc=488.9MiB gpu_reserved=4406.0MiB skipped_batches=0
2026-08-15 16:28:52,047 | INFO | epoch=1 batch=675 global_step=225 loss_reg_months=12.6909 loss_ldl=4.2676 lr=0.00020000 grad_norm=8.1757 throughput=35.69 img/s eta_seconds=126.4 gpu_alloc=378.7MiB gpu_reserved=4406.0MiB skipped_batches=0
2026-08-15 16:29:00,133 | INFO | epoch=1 batch=700 global_step=233 loss_reg_months=12.5352 loss_ldl=4.0675 lr=0.00020000 grad_norm=1.7458 throughput=35.74 img/s eta_seconds=117.8 gpu_alloc=488.9MiB gpu_reserved=4406.0MiB skipped_batches=0
2026-08-15 16:29:08,124 | INFO | epoch=1 batch=725 global_step=241 loss_reg_months=12.3757 loss_ldl=4.2763 lr=0.00020000 grad_norm=3.5660 throughput=35.80 img/s eta_seconds=109.2 gpu_alloc=488.9MiB gpu_reserved=4406.0MiB skipped_batches=0
2026-08-15 16:29:16,197 | INFO | epoch=1 batch=750 global_step=250 loss_reg_months=12.2278 loss_ldl=4.3183 lr=0.00020000 grad_norm=1.9980 throughput=35.84 img/s eta_seconds=100.7 gpu_alloc=378.7MiB gpu_reserved=4406.0MiB skipped_batches=0
2026-08-15 16:29:24,432 | INFO | epoch=1 batch=775 global_step=258 loss_reg_months=12.1359 loss_ldl=4.2009 lr=0.00020000 grad_norm=4.5747 throughput=35.86 img/s eta_seconds=92.3 gpu_alloc=488.9MiB gpu_reserved=4406.0MiB skipped_batches=0
2026-08-15 16:29:32,507 | INFO | epoch=1 batch=800 global_step=266 loss_reg_months=11.9980 loss_ldl=3.8674 lr=0.00020000 grad_norm=2.0384 throughput=35.90 img/s eta_seconds=83.9 gpu_alloc=488.9MiB gpu_reserved=4406.0MiB skipped_batches=0
2026-08-15 16:29:40,485 | INFO | epoch=1 batch=825 global_step=275 loss_reg_months=11.8689 loss_ldl=4.3506 lr=0.00020000 grad_norm=4.7025 throughput=35.95 img/s eta_seconds=75.4 gpu_alloc=378.7MiB gpu_reserved=4406.0MiB skipped_batches=0
2026-08-15 16:29:48,612 | INFO | epoch=1 batch=850 global_step=283 loss_reg_months=11.7588 loss_ldl=3.8361 lr=0.00020000 grad_norm=4.4051 throughput=35.98 img/s eta_seconds=67.0 gpu_alloc=488.9MiB gpu_reserved=4406.0MiB skipped_batches=0
2026-08-15 16:29:56,870 | INFO | epoch=1 batch=875 global_step=291 loss_reg_months=11.6705 loss_ldl=4.1564 lr=0.00020000 grad_norm=2.1728 throughput=35.99 img/s eta_seconds=58.7 gpu_alloc=488.9MiB gpu_reserved=4406.0MiB skipped_batches=0
2026-08-15 16:30:04,911 | INFO | epoch=1 batch=900 global_step=300 loss_reg_months=11.5324 loss_ldl=3.9833 lr=0.00020000 grad_norm=3.3987 throughput=36.02 img/s eta_seconds=50.3 gpu_alloc=378.7MiB gpu_reserved=4406.0MiB skipped_batches=0
2026-08-15 16:30:13,010 | INFO | epoch=1 batch=925 global_step=308 loss_reg_months=11.4300 loss_ldl=3.8379 lr=0.00020000 grad_norm=5.4783 throughput=36.05 img/s eta_seconds=41.9 gpu_alloc=488.9MiB gpu_reserved=4406.0MiB skipped_batches=0
2026-08-15 16:30:21,275 | INFO | epoch=1 batch=950 global_step=316 loss_reg_months=11.3408 loss_ldl=3.9518 lr=0.00020000 grad_norm=2.8626 throughput=36.06 img/s eta_seconds=33.6 gpu_alloc=488.9MiB gpu_reserved=4406.0MiB skipped_batches=0
2026-08-15 16:30:29,324 | INFO | epoch=1 batch=975 global_step=325 loss_reg_months=11.2531 loss_ldl=4.3128 lr=0.00020000 grad_norm=4.1595 throughput=36.09 img/s eta_seconds=25.2 gpu_alloc=378.7MiB gpu_reserved=4406.0MiB skipped_batches=0
2026-08-15 16:30:37,348 | INFO | epoch=1 batch=1000 global_step=333 loss_reg_months=11.1504 loss_ldl=4.3105 lr=0.00020000 grad_norm=3.1087 throughput=36.12 img/s eta_seconds=16.9 gpu_alloc=488.9MiB gpu_reserved=4406.0MiB skipped_batches=0
2026-08-15 16:30:45,357 | INFO | epoch=1 batch=1025 global_step=341 loss_reg_months=11.0631 loss_ldl=4.2569 lr=0.00020000 grad_norm=4.7401 throughput=36.15 img/s eta_seconds=8.6 gpu_alloc=488.9MiB gpu_reserved=4406.0MiB skipped_batches=0
2026-08-15 16:30:53,586 | INFO | epoch=1 batch=1050 global_step=350 loss_reg_months=10.9810 loss_ldl=4.0766 lr=0.00020000 grad_norm=3.8191 throughput=36.16 img/s eta_seconds=0.3 gpu_alloc=378.7MiB gpu_reserved=4406.0MiB skipped_batches=0
2026-08-15 16:31:22,354 | INFO | 
TRAINING REVIEW SNAPSHOT
Run ID / config hash / split hash: P5_D3_CONVNEXT_TINY_LDL_SEED17 / 9ef0879ebe15 / 7328667e6822+f650a20432b5
Epoch / global step: 1 / 351
Train loss: 10.9778
Validation MAE / RMSE / median AE: 8.0994 / 10.7554 / 6.2609
MAE nam / nữ / age bins: {'F': 8.322822246083453, 'M': 7.91104232324203} / {'0-59': 7.998536170797145, '120-179': 8.104127909845415, '60-119': 8.383196884000363, '180-228': 7.270581007003784}
Learning rate / peak VRAM: 0.00020000 / 4406.0 MiB
Best epoch / best MAE / epochs không cải thiện: 1 / 8.0994 / 0
Cảnh báo hiện tại: KHÔNG
Checkpoint gần nhất: p1_baseline\runs\P5_D3_CONVNEXT_TINY_LDL_SEED17\last.ckpt
Checkpoint tốt nhất: p1_baseline\runs\P5_D3_CONVNEXT_TINY_LDL_SEED17\best_mae.ckpt
Đề xuất tự động: TIẾP TỤC
2026-08-15 16:31:38,785 | INFO | epoch=2 batch=25 global_step=359 loss_reg_months=6.5984 loss_ldl=3.7133 lr=0.00019960 grad_norm=3.9769 throughput=18.93 img/s eta_seconds=650.3 gpu_alloc=488.9MiB gpu_reserved=4406.0MiB skipped_batches=0
2026-08-15 16:31:46,731 | INFO | epoch=2 batch=50 global_step=367 loss_reg_months=6.8776 loss_ldl=3.7535 lr=0.00019960 grad_norm=3.5557 throughput=25.22 img/s eta_seconds=476.3 gpu_alloc=488.9MiB gpu_reserved=4406.0MiB skipped_batches=0
2026-08-15 16:31:54,754 | INFO | epoch=2 batch=75 global_step=376 loss_reg_months=6.5939 loss_ldl=3.7849 lr=0.00019960 grad_norm=1.8793 throughput=28.29 img/s eta_seconds=414.0 gpu_alloc=378.7MiB gpu_reserved=4406.0MiB skipped_batches=0
2026-08-15 16:32:02,681 | INFO | epoch=2 batch=100 global_step=384 loss_reg_months=6.4644 loss_ldl=3.7509 lr=0.00019960 grad_norm=3.2570 throughput=30.19 img/s eta_seconds=377.9 gpu_alloc=488.9MiB gpu_reserved=4406.0MiB skipped_batches=0
2026-08-15 16:32:10,759 | INFO | epoch=2 batch=125 global_step=392 loss_reg_months=6.4232 loss_ldl=4.0459 lr=0.00019960 grad_norm=3.4726 throughput=31.37 img/s eta_seconds=354.2 gpu_alloc=488.9MiB gpu_reserved=4406.0MiB skipped_batches=0
2026-08-15 16:32:19,012 | INFO | epoch=2 batch=150 global_step=401 loss_reg_months=6.4940 loss_ldl=3.9337 lr=0.00019960 grad_norm=2.0276 throughput=32.10 img/s eta_seconds=336.8 gpu_alloc=378.7MiB gpu_reserved=4406.0MiB skipped_batches=0
2026-08-15 16:32:27,059 | INFO | epoch=2 batch=175 global_step=409 loss_reg_months=6.7548 loss_ldl=3.9111 lr=0.00019960 grad_norm=3.9018 throughput=32.75 img/s eta_seconds=320.9 gpu_alloc=488.9MiB gpu_reserved=4406.0MiB skipped_batches=0
2026-08-15 16:32:35,376 | INFO | epoch=2 batch=200 global_step=417 loss_reg_months=6.8082 loss_ldl=3.9231 lr=0.00019960 grad_norm=2.1905 throughput=33.13 img/s eta_seconds=308.2 gpu_alloc=488.9MiB gpu_reserved=4406.0MiB skipped_batches=0
2026-08-15 16:32:43,675 | INFO | epoch=2 batch=225 global_step=426 loss_reg_months=6.8665 loss_ldl=4.0277 lr=0.00019960 grad_norm=5.6123 throughput=33.44 img/s eta_seconds=296.4 gpu_alloc=378.7MiB gpu_reserved=4406.0MiB skipped_batches=0
2026-08-15 16:32:51,827 | INFO | epoch=2 batch=250 global_step=434 loss_reg_months=6.9436 loss_ldl=3.7593 lr=0.00019960 grad_norm=4.7053 throughput=33.75 img/s eta_seconds=284.8 gpu_alloc=488.9MiB gpu_reserved=4406.0MiB skipped_batches=0
2026-08-15 16:32:59,875 | INFO | epoch=2 batch=275 global_step=442 loss_reg_months=6.9120 loss_ldl=4.2419 lr=0.00019960 grad_norm=5.4837 throughput=34.04 img/s eta_seconds=273.5 gpu_alloc=488.9MiB gpu_reserved=4406.0MiB skipped_batches=0
2026-08-15 16:33:08,622 | INFO | epoch=2 batch=300 global_step=451 loss_reg_months=6.9400 loss_ldl=3.8501 lr=0.00019960 grad_norm=2.5943 throughput=34.06 img/s eta_seconds=264.5 gpu_alloc=378.7MiB gpu_reserved=4406.0MiB skipped_batches=0
2026-08-15 16:33:16,895 | INFO | epoch=2 batch=325 global_step=459 loss_reg_months=6.9578 loss_ldl=4.0424 lr=0.00019960 grad_norm=2.0951 throughput=34.22 img/s eta_seconds=254.5 gpu_alloc=488.9MiB gpu_reserved=4406.0MiB skipped_batches=0
2026-08-15 16:33:25,199 | INFO | epoch=2 batch=350 global_step=467 loss_reg_months=6.9705 loss_ldl=3.9848 lr=0.00019960 grad_norm=2.0803 throughput=34.35 img/s eta_seconds=244.8 gpu_alloc=488.9MiB gpu_reserved=4406.0MiB skipped_batches=0
2026-08-15 16:33:33,464 | INFO | epoch=2 batch=375 global_step=476 loss_reg_months=6.9852 loss_ldl=4.0887 lr=0.00019960 grad_norm=1.9043 throughput=34.48 img/s eta_seconds=235.3 gpu_alloc=378.7MiB gpu_reserved=4406.0MiB skipped_batches=0
2026-08-15 16:33:41,584 | INFO | epoch=2 batch=400 global_step=484 loss_reg_months=6.9954 loss_ldl=3.8970 lr=0.00019960 grad_norm=3.6261 throughput=34.62 img/s eta_seconds=225.6 gpu_alloc=488.9MiB gpu_reserved=4406.0MiB skipped_batches=0
2026-08-15 16:33:50,122 | INFO | epoch=2 batch=425 global_step=492 loss_reg_months=6.9838 loss_ldl=3.9702 lr=0.00019960 grad_norm=3.2399 throughput=34.65 img/s eta_seconds=216.8 gpu_alloc=488.9MiB gpu_reserved=4406.0MiB skipped_batches=0
2026-08-15 16:33:59,733 | INFO | epoch=2 batch=450 global_step=501 loss_reg_months=6.9447 loss_ldl=4.2349 lr=0.00019960 grad_norm=3.9582 throughput=34.44 img/s eta_seconds=209.4 gpu_alloc=378.7MiB gpu_reserved=4406.0MiB skipped_batches=0
2026-08-15 16:34:07,848 | INFO | epoch=2 batch=475 global_step=509 loss_reg_months=7.0010 loss_ldl=4.0809 lr=0.00019960 grad_norm=2.7481 throughput=34.56 img/s eta_seconds=199.9 gpu_alloc=488.9MiB gpu_reserved=4406.0MiB skipped_batches=0
2026-08-15 16:34:16,118 | INFO | epoch=2 batch=500 global_step=517 loss_reg_months=7.1089 loss_ldl=3.6089 lr=0.00019960 grad_norm=2.5017 throughput=34.65 img/s eta_seconds=190.8 gpu_alloc=488.9MiB gpu_reserved=4406.0MiB skipped_batches=0
2026-08-15 16:34:24,118 | INFO | epoch=2 batch=525 global_step=526 loss_reg_months=7.1136 loss_ldl=3.7961 lr=0.00019960 grad_norm=2.8461 throughput=34.77 img/s eta_seconds=181.5 gpu_alloc=378.7MiB gpu_reserved=4406.0MiB skipped_batches=0
2026-08-15 16:34:32,620 | INFO | epoch=2 batch=550 global_step=534 loss_reg_months=7.1420 loss_ldl=4.0742 lr=0.00019960 grad_norm=2.3185 throughput=34.80 img/s eta_seconds=172.8 gpu_alloc=488.9MiB gpu_reserved=4406.0MiB skipped_batches=0
2026-08-15 16:34:40,840 | INFO | epoch=2 batch=575 global_step=542 loss_reg_months=7.1339 loss_ldl=3.6885 lr=0.00019960 grad_norm=2.0424 throughput=34.87 img/s eta_seconds=163.8 gpu_alloc=488.9MiB gpu_reserved=4406.0MiB skipped_batches=0
2026-08-15 16:34:49,078 | INFO | epoch=2 batch=600 global_step=551 loss_reg_months=7.0975 loss_ldl=4.3418 lr=0.00019960 grad_norm=4.9810 throughput=34.93 img/s eta_seconds=154.9 gpu_alloc=378.7MiB gpu_reserved=4406.0MiB skipped_batches=0
2026-08-15 16:34:57,160 | INFO | epoch=2 batch=625 global_step=559 loss_reg_months=7.0840 loss_ldl=3.7684 lr=0.00019960 grad_norm=3.1380 throughput=35.01 img/s eta_seconds=146.0 gpu_alloc=488.9MiB gpu_reserved=4406.0MiB skipped_batches=0
2026-08-15 16:35:05,358 | INFO | epoch=2 batch=650 global_step=567 loss_reg_months=7.0748 loss_ldl=3.8928 lr=0.00019960 grad_norm=1.5116 throughput=35.07 img/s eta_seconds=137.2 gpu_alloc=488.9MiB gpu_reserved=4406.0MiB skipped_batches=0
2026-08-15 16:35:13,849 | INFO | epoch=2 batch=675 global_step=576 loss_reg_months=7.0500 loss_ldl=3.5167 lr=0.00019960 grad_norm=3.4670 throughput=35.08 img/s eta_seconds=128.6 gpu_alloc=378.7MiB gpu_reserved=4406.0MiB skipped_batches=0
2026-08-15 16:35:22,206 | INFO | epoch=2 batch=700 global_step=584 loss_reg_months=7.0099 loss_ldl=3.6594 lr=0.00019960 grad_norm=1.9373 throughput=35.11 img/s eta_seconds=119.9 gpu_alloc=488.9MiB gpu_reserved=4406.0MiB skipped_batches=0
2026-08-15 16:35:30,362 | INFO | epoch=2 batch=725 global_step=592 loss_reg_months=6.9909 loss_ldl=3.6572 lr=0.00019960 grad_norm=3.3199 throughput=35.16 img/s eta_seconds=111.2 gpu_alloc=488.9MiB gpu_reserved=4406.0MiB skipped_batches=0
2026-08-15 16:35:38,678 | INFO | epoch=2 batch=750 global_step=601 loss_reg_months=6.9755 loss_ldl=3.8281 lr=0.00019960 grad_norm=5.4389 throughput=35.19 img/s eta_seconds=102.6 gpu_alloc=378.7MiB gpu_reserved=4406.0MiB skipped_batches=0
2026-08-15 16:35:47,025 | INFO | epoch=2 batch=775 global_step=609 loss_reg_months=6.9911 loss_ldl=3.9591 lr=0.00019960 grad_norm=3.3067 throughput=35.22 img/s eta_seconds=94.0 gpu_alloc=488.9MiB gpu_reserved=4406.0MiB skipped_batches=0
2026-08-15 16:35:55,054 | INFO | epoch=2 batch=800 global_step=617 loss_reg_months=7.0193 loss_ldl=3.7943 lr=0.00019960 grad_norm=4.7974 throughput=35.28 img/s eta_seconds=85.3 gpu_alloc=488.9MiB gpu_reserved=4406.0MiB skipped_batches=0
2026-08-15 16:36:03,269 | INFO | epoch=2 batch=825 global_step=626 loss_reg_months=7.0236 loss_ldl=3.8710 lr=0.00019960 grad_norm=3.6384 throughput=35.32 img/s eta_seconds=76.8 gpu_alloc=378.7MiB gpu_reserved=4406.0MiB skipped_batches=0
2026-08-15 16:36:11,504 | INFO | epoch=2 batch=850 global_step=634 loss_reg_months=7.0614 loss_ldl=3.8567 lr=0.00019960 grad_norm=5.5808 throughput=35.35 img/s eta_seconds=68.2 gpu_alloc=488.9MiB gpu_reserved=4406.0MiB skipped_batches=0
2026-08-15 16:36:19,592 | INFO | epoch=2 batch=875 global_step=642 loss_reg_months=7.0587 loss_ldl=3.7826 lr=0.00019960 grad_norm=2.3934 throughput=35.39 img/s eta_seconds=59.6 gpu_alloc=488.9MiB gpu_reserved=4406.0MiB skipped_batches=0
2026-08-15 16:36:27,828 | INFO | epoch=2 batch=900 global_step=651 loss_reg_months=7.0450 loss_ldl=4.0021 lr=0.00019960 grad_norm=2.6406 throughput=35.42 img/s eta_seconds=51.1 gpu_alloc=378.7MiB gpu_reserved=4406.0MiB skipped_batches=0
2026-08-15 16:36:36,132 | INFO | epoch=2 batch=925 global_step=659 loss_reg_months=7.0312 loss_ldl=3.7102 lr=0.00019960 grad_norm=3.7365 throughput=35.44 img/s eta_seconds=42.6 gpu_alloc=488.9MiB gpu_reserved=4406.0MiB skipped_batches=0
2026-08-15 16:36:44,287 | INFO | epoch=2 batch=950 global_step=667 loss_reg_months=7.0252 loss_ldl=3.5894 lr=0.00019960 grad_norm=2.2131 throughput=35.48 img/s eta_seconds=34.1 gpu_alloc=488.9MiB gpu_reserved=4406.0MiB skipped_batches=0
2026-08-15 16:36:52,529 | INFO | epoch=2 batch=975 global_step=676 loss_reg_months=7.0239 loss_ldl=3.7667 lr=0.00019960 grad_norm=2.2387 throughput=35.50 img/s eta_seconds=25.7 gpu_alloc=378.7MiB gpu_reserved=4406.0MiB skipped_batches=0
2026-08-15 16:37:00,938 | INFO | epoch=2 batch=1000 global_step=684 loss_reg_months=7.0142 loss_ldl=3.8084 lr=0.00019960 grad_norm=3.4153 throughput=35.50 img/s eta_seconds=17.2 gpu_alloc=488.9MiB gpu_reserved=4406.0MiB skipped_batches=0
2026-08-15 16:37:09,192 | INFO | epoch=2 batch=1025 global_step=692 loss_reg_months=6.9832 loss_ldl=3.6501 lr=0.00019960 grad_norm=2.8407 throughput=35.52 img/s eta_seconds=8.8 gpu_alloc=488.9MiB gpu_reserved=4406.0MiB skipped_batches=0
2026-08-15 16:37:17,506 | INFO | epoch=2 batch=1050 global_step=701 loss_reg_months=6.9761 loss_ldl=3.7079 lr=0.00019960 grad_norm=1.8476 throughput=35.54 img/s eta_seconds=0.3 gpu_alloc=378.7MiB gpu_reserved=4406.0MiB skipped_batches=0
2026-08-15 16:37:49,957 | INFO | 
TRAINING REVIEW SNAPSHOT
Run ID / config hash / split hash: P5_D3_CONVNEXT_TINY_LDL_SEED17 / 9ef0879ebe15 / 7328667e6822+f650a20432b5
Epoch / global step: 2 / 702
Train loss: 6.9716
Validation MAE / RMSE / median AE: 7.3076 / 9.5606 / 5.8266
MAE nam / nữ / age bins: {'F': 7.330006678411566, 'M': 7.288622267650293} / {'0-59': 7.48835592066988, '120-179': 7.613153115780598, '60-119': 7.172206578520954, '180-228': 5.659950375556946}
Learning rate / peak VRAM: 0.00019960 / 4406.0 MiB
Best epoch / best MAE / epochs không cải thiện: 2 / 7.3076 / 0
Cảnh báo hiện tại: KHÔNG
Checkpoint gần nhất: p1_baseline\runs\P5_D3_CONVNEXT_TINY_LDL_SEED17\last.ckpt
Checkpoint tốt nhất: p1_baseline\runs\P5_D3_CONVNEXT_TINY_LDL_SEED17\best_mae.ckpt
Đề xuất tự động: TIẾP TỤC
2026-08-15 16:38:13,314 | INFO | epoch=3 batch=25 global_step=710 loss_reg_months=6.2216 loss_ldl=3.6548 lr=0.00019840 grad_norm=3.8918 throughput=19.41 img/s eta_seconds=634.3 gpu_alloc=488.9MiB gpu_reserved=4406.0MiB skipped_batches=0
2026-08-15 16:38:21,344 | INFO | epoch=3 batch=50 global_step=718 loss_reg_months=6.4421 loss_ldl=3.8538 lr=0.00019840 grad_norm=3.0814 throughput=25.55 img/s eta_seconds=470.2 gpu_alloc=488.9MiB gpu_reserved=4406.0MiB skipped_batches=0
2026-08-15 16:38:29,382 | INFO | epoch=3 batch=75 global_step=727 loss_reg_months=6.5447 loss_ldl=3.9076 lr=0.00019840 grad_norm=3.2969 throughput=28.55 img/s eta_seconds=410.2 gpu_alloc=378.7MiB gpu_reserved=4406.0MiB skipped_batches=0
2026-08-15 16:38:37,398 | INFO | epoch=3 batch=100 global_step=735 loss_reg_months=6.4214 loss_ldl=3.6746 lr=0.00019840 grad_norm=1.6894 throughput=30.35 img/s eta_seconds=376.0 gpu_alloc=488.9MiB gpu_reserved=4406.0MiB skipped_batches=0
2026-08-15 16:38:45,934 | INFO | epoch=3 batch=125 global_step=743 loss_reg_months=6.4249 loss_ldl=3.8842 lr=0.00019840 grad_norm=1.8541 throughput=31.20 img/s eta_seconds=356.1 gpu_alloc=488.9MiB gpu_reserved=4406.0MiB skipped_batches=0
2026-08-15 16:38:54,375 | INFO | epoch=3 batch=150 global_step=752 loss_reg_months=6.4200 loss_ldl=3.6974 lr=0.00019840 grad_norm=1.6642 throughput=31.85 img/s eta_seconds=339.5 gpu_alloc=378.7MiB gpu_reserved=4406.0MiB skipped_batches=0
2026-08-15 16:39:02,618 | INFO | epoch=3 batch=175 global_step=760 loss_reg_months=6.3341 loss_ldl=3.6057 lr=0.00019840 grad_norm=1.7745 throughput=32.43 img/s eta_seconds=324.1 gpu_alloc=488.9MiB gpu_reserved=4406.0MiB skipped_batches=0
2026-08-15 16:39:10,699 | INFO | epoch=3 batch=200 global_step=768 loss_reg_months=6.2845 loss_ldl=3.7441 lr=0.00019840 grad_norm=2.5674 throughput=32.95 img/s eta_seconds=309.9 gpu_alloc=488.9MiB gpu_reserved=4406.0MiB skipped_batches=0
2026-08-15 16:39:18,858 | INFO | epoch=3 batch=225 global_step=777 loss_reg_months=6.2495 loss_ldl=3.5345 lr=0.00019840 grad_norm=2.7385 throughput=33.33 img/s eta_seconds=297.3 gpu_alloc=378.7MiB gpu_reserved=4406.0MiB skipped_batches=0
2026-08-15 16:39:26,858 | INFO | epoch=3 batch=250 global_step=785 loss_reg_months=6.2779 loss_ldl=3.8678 lr=0.00019840 grad_norm=2.2738 throughput=33.71 img/s eta_seconds=285.1 gpu_alloc=488.9MiB gpu_reserved=4406.0MiB skipped_batches=0
2026-08-15 16:39:35,114 | INFO | epoch=3 batch=275 global_step=793 loss_reg_months=6.2384 loss_ldl=3.5705 lr=0.00019840 grad_norm=1.6498 throughput=33.93 img/s eta_seconds=274.4 gpu_alloc=488.9MiB gpu_reserved=4406.0MiB skipped_batches=0
2026-08-15 16:39:43,282 | INFO | epoch=3 batch=300 global_step=802 loss_reg_months=6.2172 loss_ldl=3.8660 lr=0.00019840 grad_norm=2.1058 throughput=34.15 img/s eta_seconds=263.9 gpu_alloc=378.7MiB gpu_reserved=4406.0MiB skipped_batches=0
2026-08-15 16:39:51,383 | INFO | epoch=3 batch=325 global_step=810 loss_reg_months=6.2058 loss_ldl=3.6696 lr=0.00019840 grad_norm=2.5054 throughput=34.35 img/s eta_seconds=253.6 gpu_alloc=488.9MiB gpu_reserved=4406.0MiB skipped_batches=0
2026-08-15 16:39:59,523 | INFO | epoch=3 batch=350 global_step=818 loss_reg_months=6.2602 loss_ldl=3.6320 lr=0.00019840 grad_norm=3.3280 throughput=34.52 img/s eta_seconds=243.7 gpu_alloc=488.9MiB gpu_reserved=4406.0MiB skipped_batches=0
2026-08-15 16:40:07,617 | INFO | epoch=3 batch=375 global_step=827 loss_reg_months=6.2790 loss_ldl=3.4974 lr=0.00019840 grad_norm=3.4207 throughput=34.68 img/s eta_seconds=233.9 gpu_alloc=378.7MiB gpu_reserved=4406.0MiB skipped_batches=0
2026-08-15 16:40:15,653 | INFO | epoch=3 batch=400 global_step=835 loss_reg_months=6.3626 loss_ldl=3.8649 lr=0.00019840 grad_norm=2.6854 throughput=34.83 img/s eta_seconds=224.2 gpu_alloc=488.9MiB gpu_reserved=4406.0MiB skipped_batches=0
2026-08-15 16:40:24,418 | INFO | epoch=3 batch=425 global_step=843 loss_reg_months=6.4522 loss_ldl=3.9268 lr=0.00019840 grad_norm=2.8805 throughput=34.80 img/s eta_seconds=215.8 gpu_alloc=488.9MiB gpu_reserved=4406.0MiB skipped_batches=0
2026-08-15 16:40:32,719 | INFO | epoch=3 batch=450 global_step=852 loss_reg_months=6.5300 loss_ldl=3.8781 lr=0.00019840 grad_norm=2.7532 throughput=34.87 img/s eta_seconds=206.8 gpu_alloc=378.7MiB gpu_reserved=4406.0MiB skipped_batches=0
2026-08-15 16:40:41,014 | INFO | epoch=3 batch=475 global_step=860 loss_reg_months=6.5680 loss_ldl=3.6026 lr=0.00019840 grad_norm=3.0832 throughput=34.94 img/s eta_seconds=197.8 gpu_alloc=488.9MiB gpu_reserved=4406.0MiB skipped_batches=0
2026-08-15 16:40:49,030 | INFO | epoch=3 batch=500 global_step=868 loss_reg_months=6.5448 loss_ldl=3.7777 lr=0.00019840 grad_norm=2.4786 throughput=35.05 img/s eta_seconds=188.6 gpu_alloc=488.9MiB gpu_reserved=4406.0MiB skipped_batches=0
2026-08-15 16:40:57,019 | INFO | epoch=3 batch=525 global_step=877 loss_reg_months=6.5311 loss_ldl=3.6980 lr=0.00019840 grad_norm=4.0022 throughput=35.16 img/s eta_seconds=179.5 gpu_alloc=378.7MiB gpu_reserved=4406.0MiB skipped_batches=0
2026-08-15 16:41:05,010 | INFO | epoch=3 batch=550 global_step=885 loss_reg_months=6.5048 loss_ldl=3.8105 lr=0.00019840 grad_norm=9.9657 throughput=35.27 img/s eta_seconds=170.5 gpu_alloc=488.9MiB gpu_reserved=4406.0MiB skipped_batches=0
2026-08-15 16:41:13,372 | INFO | epoch=3 batch=575 global_step=893 loss_reg_months=6.4879 loss_ldl=3.8778 lr=0.00019840 grad_norm=1.7616 throughput=35.29 img/s eta_seconds=161.8 gpu_alloc=488.9MiB gpu_reserved=4406.0MiB skipped_batches=0
2026-08-15 16:41:21,439 | INFO | epoch=3 batch=600 global_step=902 loss_reg_months=6.4645 loss_ldl=3.9020 lr=0.00019840 grad_norm=3.5654 throughput=35.37 img/s eta_seconds=153.0 gpu_alloc=378.7MiB gpu_reserved=4406.0MiB skipped_batches=0
2026-08-15 16:41:29,461 | INFO | epoch=3 batch=625 global_step=910 loss_reg_months=6.4568 loss_ldl=3.8552 lr=0.00019840 grad_norm=2.5946 throughput=35.44 img/s eta_seconds=144.2 gpu_alloc=488.9MiB gpu_reserved=4406.0MiB skipped_batches=0
2026-08-15 16:41:37,833 | INFO | epoch=3 batch=650 global_step=918 loss_reg_months=6.4455 loss_ldl=3.6499 lr=0.00019840 grad_norm=2.4625 throughput=35.46 img/s eta_seconds=135.7 gpu_alloc=488.9MiB gpu_reserved=4406.0MiB skipped_batches=0
2026-08-15 16:41:45,897 | INFO | epoch=3 batch=675 global_step=927 loss_reg_months=6.4319 loss_ldl=3.7309 lr=0.00019840 grad_norm=2.5967 throughput=35.52 img/s eta_seconds=127.0 gpu_alloc=378.7MiB gpu_reserved=4406.0MiB skipped_batches=0
2026-08-15 16:41:54,173 | INFO | epoch=3 batch=700 global_step=935 loss_reg_months=6.4456 loss_ldl=3.5116 lr=0.00019840 grad_norm=3.2275 throughput=35.55 img/s eta_seconds=118.5 gpu_alloc=488.9MiB gpu_reserved=4406.0MiB skipped_batches=0
2026-08-15 16:42:02,346 | INFO | epoch=3 batch=725 global_step=943 loss_reg_months=6.3997 loss_ldl=3.5908 lr=0.00019840 grad_norm=3.1821 throughput=35.58 img/s eta_seconds=109.9 gpu_alloc=488.9MiB gpu_reserved=4406.0MiB skipped_batches=0
2026-08-15 16:42:10,405 | INFO | epoch=3 batch=750 global_step=952 loss_reg_months=6.3941 loss_ldl=3.7314 lr=0.00019840 grad_norm=2.3150 throughput=35.64 img/s eta_seconds=101.3 gpu_alloc=378.7MiB gpu_reserved=4406.0MiB skipped_batches=0
2026-08-15 16:42:18,702 | INFO | epoch=3 batch=775 global_step=960 loss_reg_months=6.3801 loss_ldl=3.8753 lr=0.00019840 grad_norm=2.4671 throughput=35.65 img/s eta_seconds=92.9 gpu_alloc=488.9MiB gpu_reserved=4406.0MiB skipped_batches=0
2026-08-15 16:42:26,700 | INFO | epoch=3 batch=800 global_step=968 loss_reg_months=6.3418 loss_ldl=3.6006 lr=0.00019840 grad_norm=2.4253 throughput=35.71 img/s eta_seconds=84.3 gpu_alloc=488.9MiB gpu_reserved=4406.0MiB skipped_batches=0
2026-08-15 16:42:34,952 | INFO | epoch=3 batch=825 global_step=977 loss_reg_months=6.3317 loss_ldl=3.5234 lr=0.00019840 grad_norm=3.8148 throughput=35.73 img/s eta_seconds=75.9 gpu_alloc=378.7MiB gpu_reserved=4406.0MiB skipped_batches=0
2026-08-15 16:42:42,949 | INFO | epoch=3 batch=850 global_step=985 loss_reg_months=6.3528 loss_ldl=3.8264 lr=0.00019840 grad_norm=4.3722 throughput=35.78 img/s eta_seconds=67.4 gpu_alloc=488.9MiB gpu_reserved=4406.0MiB skipped_batches=0
2026-08-15 16:42:50,950 | INFO | epoch=3 batch=875 global_step=993 loss_reg_months=6.3496 loss_ldl=3.6729 lr=0.00019840 grad_norm=2.6522 throughput=35.82 img/s eta_seconds=58.9 gpu_alloc=488.9MiB gpu_reserved=4406.0MiB skipped_batches=0
2026-08-15 16:43:01,149 | INFO | epoch=3 batch=900 global_step=1002 loss_reg_months=6.3340 loss_ldl=3.5949 lr=0.00019840 grad_norm=1.7079 throughput=35.61 img/s eta_seconds=50.9 gpu_alloc=378.7MiB gpu_reserved=4406.0MiB skipped_batches=0
2026-08-15 16:43:09,458 | INFO | epoch=3 batch=925 global_step=1010 loss_reg_months=6.3385 loss_ldl=3.6739 lr=0.00019840 grad_norm=2.5935 throughput=35.62 img/s eta_seconds=42.4 gpu_alloc=488.9MiB gpu_reserved=4406.0MiB skipped_batches=0
2026-08-15 16:43:17,529 | INFO | epoch=3 batch=950 global_step=1018 loss_reg_months=6.3194 loss_ldl=3.7728 lr=0.00019840 grad_norm=2.2997 throughput=35.66 img/s eta_seconds=34.0 gpu_alloc=488.9MiB gpu_reserved=4406.0MiB skipped_batches=0
2026-08-15 16:43:25,517 | INFO | epoch=3 batch=975 global_step=1027 loss_reg_months=6.3108 loss_ldl=3.6647 lr=0.00019840 grad_norm=2.2127 throughput=35.71 img/s eta_seconds=25.5 gpu_alloc=378.7MiB gpu_reserved=4406.0MiB skipped_batches=0
2026-08-15 16:43:33,942 | INFO | epoch=3 batch=1000 global_step=1035 loss_reg_months=6.3099 loss_ldl=3.5287 lr=0.00019840 grad_norm=2.8602 throughput=35.71 img/s eta_seconds=17.1 gpu_alloc=488.9MiB gpu_reserved=4406.0MiB skipped_batches=0
2026-08-15 16:43:42,219 | INFO | epoch=3 batch=1025 global_step=1043 loss_reg_months=6.3167 loss_ldl=3.7114 lr=0.00019840 grad_norm=2.0235 throughput=35.72 img/s eta_seconds=8.7 gpu_alloc=488.9MiB gpu_reserved=4406.0MiB skipped_batches=0
2026-08-15 16:43:50,253 | INFO | epoch=3 batch=1050 global_step=1052 loss_reg_months=6.3358 loss_ldl=3.6890 lr=0.00019840 grad_norm=2.9706 throughput=35.76 img/s eta_seconds=0.3 gpu_alloc=378.7MiB gpu_reserved=4406.0MiB skipped_batches=0
2026-08-15 16:44:19,592 | INFO | 
TRAINING REVIEW SNAPSHOT
Run ID / config hash / split hash: P5_D3_CONVNEXT_TINY_LDL_SEED17 / 9ef0879ebe15 / 7328667e6822+f650a20432b5
Epoch / global step: 3 / 1053
Train loss: 6.3314
Validation MAE / RMSE / median AE: 8.4881 / 10.9261 / 7.0001
MAE nam / nữ / age bins: {'F': 8.01654677595829, 'M': 8.885847558025247} / {'0-59': 7.0584657141502865, '120-179': 9.956536320142899, '60-119': 6.586539728387359, '180-228': 6.110299587249756}
Learning rate / peak VRAM: 0.00019840 / 4406.0 MiB
Best epoch / best MAE / epochs không cải thiện: 2 / 7.3076 / 1
Cảnh báo hiện tại: KHÔNG
Checkpoint gần nhất: p1_baseline\runs\P5_D3_CONVNEXT_TINY_LDL_SEED17\last.ckpt
Checkpoint tốt nhất: p1_baseline\runs\P5_D3_CONVNEXT_TINY_LDL_SEED17\best_mae.ckpt
Đề xuất tự động: TIẾP TỤC
2026-08-15 16:44:38,134 | INFO | epoch=4 batch=25 global_step=1061 loss_reg_months=7.0150 loss_ldl=3.5932 lr=0.00019641 grad_norm=3.6083 throughput=19.71 img/s eta_seconds=624.7 gpu_alloc=488.9MiB gpu_reserved=4406.0MiB skipped_batches=0
2026-08-15 16:44:46,200 | INFO | epoch=4 batch=50 global_step=1069 loss_reg_months=6.5367 loss_ldl=3.7243 lr=0.00019641 grad_norm=1.7905 throughput=25.76 img/s eta_seconds=466.2 gpu_alloc=488.9MiB gpu_reserved=4406.0MiB skipped_batches=0
2026-08-15 16:44:54,393 | INFO | epoch=4 batch=75 global_step=1078 loss_reg_months=6.2449 loss_ldl=3.3610 lr=0.00019641 grad_norm=2.5883 throughput=28.59 img/s eta_seconds=409.6 gpu_alloc=378.7MiB gpu_reserved=4406.0MiB skipped_batches=0
2026-08-15 16:45:02,494 | INFO | epoch=4 batch=100 global_step=1086 loss_reg_months=6.1397 loss_ldl=3.7250 lr=0.00019641 grad_norm=2.4597 throughput=30.32 img/s eta_seconds=376.4 gpu_alloc=488.9MiB gpu_reserved=4406.0MiB skipped_batches=0
2026-08-15 16:45:10,782 | INFO | epoch=4 batch=125 global_step=1094 loss_reg_months=6.0054 loss_ldl=3.5807 lr=0.00019641 grad_norm=2.8403 throughput=31.33 img/s eta_seconds=354.6 gpu_alloc=488.9MiB gpu_reserved=4406.0MiB skipped_batches=0
2026-08-15 16:45:18,845 | INFO | epoch=4 batch=150 global_step=1103 loss_reg_months=5.9225 loss_ldl=3.4279 lr=0.00019641 grad_norm=2.6093 throughput=32.18 img/s eta_seconds=335.9 gpu_alloc=378.7MiB gpu_reserved=4406.0MiB skipped_batches=0
2026-08-15 16:45:27,005 | INFO | epoch=4 batch=175 global_step=1111 loss_reg_months=5.8963 loss_ldl=3.6256 lr=0.00019641 grad_norm=1.4952 throughput=32.76 img/s eta_seconds=320.8 gpu_alloc=488.9MiB gpu_reserved=4406.0MiB skipped_batches=0
2026-08-15 16:45:34,995 | INFO | epoch=4 batch=200 global_step=1119 loss_reg_months=5.9432 loss_ldl=3.6315 lr=0.00019641 grad_norm=3.2699 throughput=33.30 img/s eta_seconds=306.7 gpu_alloc=488.9MiB gpu_reserved=4406.0MiB skipped_batches=0
2026-08-15 16:45:43,046 | INFO | epoch=4 batch=225 global_step=1128 loss_reg_months=5.8980 loss_ldl=3.6005 lr=0.00019641 grad_norm=3.4637 throughput=33.69 img/s eta_seconds=294.2 gpu_alloc=378.7MiB gpu_reserved=4406.0MiB skipped_batches=0
2026-08-15 16:45:51,299 | INFO | epoch=4 batch=250 global_step=1136 loss_reg_months=5.8216 loss_ldl=3.5947 lr=0.00019641 grad_norm=2.2880 throughput=33.94 img/s eta_seconds=283.2 gpu_alloc=488.9MiB gpu_reserved=4406.0MiB skipped_batches=0
2026-08-15 16:45:59,450 | INFO | epoch=4 batch=275 global_step=1144 loss_reg_months=5.7575 loss_ldl=3.6550 lr=0.00019641 grad_norm=2.5849 throughput=34.18 img/s eta_seconds=272.4 gpu_alloc=488.9MiB gpu_reserved=4406.0MiB skipped_batches=0
2026-08-15 16:46:07,495 | INFO | epoch=4 batch=300 global_step=1153 loss_reg_months=5.7527 loss_ldl=3.6363 lr=0.00019641 grad_norm=1.3579 throughput=34.42 img/s eta_seconds=261.8 gpu_alloc=378.7MiB gpu_reserved=4406.0MiB skipped_batches=0
2026-08-15 16:46:15,557 | INFO | epoch=4 batch=325 global_step=1161 loss_reg_months=5.7606 loss_ldl=3.7860 lr=0.00019641 grad_norm=2.1424 throughput=34.62 img/s eta_seconds=251.6 gpu_alloc=488.9MiB gpu_reserved=4406.0MiB skipped_batches=0
2026-08-15 16:46:23,666 | INFO | epoch=4 batch=350 global_step=1169 loss_reg_months=5.7435 loss_ldl=3.5159 lr=0.00019641 grad_norm=2.4701 throughput=34.78 img/s eta_seconds=241.8 gpu_alloc=488.9MiB gpu_reserved=4406.0MiB skipped_batches=0
2026-08-15 16:46:31,670 | INFO | epoch=4 batch=375 global_step=1178 loss_reg_months=5.7365 loss_ldl=3.6775 lr=0.00019641 grad_norm=2.9499 throughput=34.95 img/s eta_seconds=232.1 gpu_alloc=378.7MiB gpu_reserved=4406.0MiB skipped_batches=0
2026-08-15 16:46:39,900 | INFO | epoch=4 batch=400 global_step=1186 loss_reg_months=5.7390 loss_ldl=3.7717 lr=0.00019641 grad_norm=3.4145 throughput=35.04 img/s eta_seconds=222.9 gpu_alloc=488.9MiB gpu_reserved=4406.0MiB skipped_batches=0
2026-08-15 16:46:47,969 | INFO | epoch=4 batch=425 global_step=1194 loss_reg_months=5.7576 loss_ldl=3.2986 lr=0.00019641 grad_norm=2.2713 throughput=35.16 img/s eta_seconds=213.6 gpu_alloc=488.9MiB gpu_reserved=4406.0MiB skipped_batches=0
2026-08-15 16:46:56,206 | INFO | epoch=4 batch=450 global_step=1203 loss_reg_months=5.7785 loss_ldl=3.7162 lr=0.00019641 grad_norm=3.0033 throughput=35.23 img/s eta_seconds=204.7 gpu_alloc=378.7MiB gpu_reserved=4406.0MiB skipped_batches=0
2026-08-15 16:47:04,432 | INFO | epoch=4 batch=475 global_step=1211 loss_reg_months=5.7908 loss_ldl=3.6298 lr=0.00019641 grad_norm=1.6603 throughput=35.29 img/s eta_seconds=195.8 gpu_alloc=488.9MiB gpu_reserved=4406.0MiB skipped_batches=0
2026-08-15 16:47:12,748 | INFO | epoch=4 batch=500 global_step=1219 loss_reg_months=5.7738 loss_ldl=3.5898 lr=0.00019641 grad_norm=1.5957 throughput=35.33 img/s eta_seconds=187.1 gpu_alloc=488.9MiB gpu_reserved=4406.0MiB skipped_batches=0
2026-08-15 16:47:20,848 | INFO | epoch=4 batch=525 global_step=1228 loss_reg_months=5.8032 loss_ldl=3.4548 lr=0.00019641 grad_norm=2.1796 throughput=35.41 img/s eta_seconds=178.2 gpu_alloc=378.7MiB gpu_reserved=4406.0MiB skipped_batches=0
2026-08-15 16:47:28,869 | INFO | epoch=4 batch=550 global_step=1236 loss_reg_months=5.8047 loss_ldl=3.4854 lr=0.00019641 grad_norm=1.6865 throughput=35.49 img/s eta_seconds=169.4 gpu_alloc=488.9MiB gpu_reserved=4406.0MiB skipped_batches=0
2026-08-15 16:47:36,889 | INFO | epoch=4 batch=575 global_step=1244 loss_reg_months=5.8261 loss_ldl=3.4466 lr=0.00019641 grad_norm=2.2063 throughput=35.57 img/s eta_seconds=160.6 gpu_alloc=488.9MiB gpu_reserved=4406.0MiB skipped_batches=0
2026-08-15 16:47:45,041 | INFO | epoch=4 batch=600 global_step=1253 loss_reg_months=5.8266 loss_ldl=3.5963 lr=0.00019641 grad_norm=2.5849 throughput=35.62 img/s eta_seconds=151.9 gpu_alloc=378.7MiB gpu_reserved=4406.0MiB skipped_batches=0
2026-08-15 16:47:53,095 | INFO | epoch=4 batch=625 global_step=1261 loss_reg_months=5.8265 loss_ldl=3.4841 lr=0.00019641 grad_norm=2.4271 throughput=35.68 img/s eta_seconds=143.2 gpu_alloc=488.9MiB gpu_reserved=4406.0MiB skipped_batches=0
2026-08-15 16:48:01,302 | INFO | epoch=4 batch=650 global_step=1269 loss_reg_months=5.8275 loss_ldl=3.6495 lr=0.00019641 grad_norm=2.9899 throughput=35.72 img/s eta_seconds=134.7 gpu_alloc=488.9MiB gpu_reserved=4406.0MiB skipped_batches=0
2026-08-15 16:48:09,254 | INFO | epoch=4 batch=675 global_step=1278 loss_reg_months=5.8117 loss_ldl=3.3942 lr=0.00019641 grad_norm=2.1453 throughput=35.79 img/s eta_seconds=126.1 gpu_alloc=378.7MiB gpu_reserved=4406.0MiB skipped_batches=0
2026-08-15 16:48:17,388 | INFO | epoch=4 batch=700 global_step=1286 loss_reg_months=5.7915 loss_ldl=3.6675 lr=0.00019641 grad_norm=2.6750 throughput=35.82 img/s eta_seconds=117.5 gpu_alloc=488.9MiB gpu_reserved=4406.0MiB skipped_batches=0
2026-08-15 16:48:25,294 | INFO | epoch=4 batch=725 global_step=1294 loss_reg_months=5.7922 loss_ldl=3.6972 lr=0.00019641 grad_norm=4.2430 throughput=35.89 img/s eta_seconds=109.0 gpu_alloc=488.9MiB gpu_reserved=4406.0MiB skipped_batches=0
2026-08-15 16:48:33,397 | INFO | epoch=4 batch=750 global_step=1303 loss_reg_months=5.8065 loss_ldl=3.5136 lr=0.00019641 grad_norm=2.4050 throughput=35.93 img/s eta_seconds=100.5 gpu_alloc=378.7MiB gpu_reserved=4406.0MiB skipped_batches=0
2026-08-15 16:48:41,306 | INFO | epoch=4 batch=775 global_step=1311 loss_reg_months=5.8034 loss_ldl=3.5963 lr=0.00019641 grad_norm=2.6773 throughput=35.99 img/s eta_seconds=92.0 gpu_alloc=488.9MiB gpu_reserved=4406.0MiB skipped_batches=0
2026-08-15 16:48:49,386 | INFO | epoch=4 batch=800 global_step=1319 loss_reg_months=5.7910 loss_ldl=3.4313 lr=0.00019641 grad_norm=2.7212 throughput=36.03 img/s eta_seconds=83.6 gpu_alloc=488.9MiB gpu_reserved=4406.0MiB skipped_batches=0
2026-08-15 16:48:57,470 | INFO | epoch=4 batch=825 global_step=1328 loss_reg_months=5.7886 loss_ldl=3.4560 lr=0.00019641 grad_norm=2.0842 throughput=36.06 img/s eta_seconds=75.2 gpu_alloc=378.7MiB gpu_reserved=4406.0MiB skipped_batches=0
2026-08-15 16:49:05,468 | INFO | epoch=4 batch=850 global_step=1336 loss_reg_months=5.8016 loss_ldl=3.4722 lr=0.00019641 grad_norm=3.8895 throughput=36.10 img/s eta_seconds=66.8 gpu_alloc=488.9MiB gpu_reserved=4406.0MiB skipped_batches=0
2026-08-15 16:49:13,368 | INFO | epoch=4 batch=875 global_step=1344 loss_reg_months=5.8122 loss_ldl=3.3968 lr=0.00019641 grad_norm=1.9042 throughput=36.15 img/s eta_seconds=58.4 gpu_alloc=488.9MiB gpu_reserved=4406.0MiB skipped_batches=0
2026-08-15 16:49:21,283 | INFO | epoch=4 batch=900 global_step=1353 loss_reg_months=5.8029 loss_ldl=3.5841 lr=0.00019641 grad_norm=3.2771 throughput=36.20 img/s eta_seconds=50.0 gpu_alloc=378.7MiB gpu_reserved=4406.0MiB skipped_batches=0
2026-08-15 16:49:29,148 | INFO | epoch=4 batch=925 global_step=1361 loss_reg_months=5.8049 loss_ldl=3.5748 lr=0.00019641 grad_norm=2.6213 throughput=36.25 img/s eta_seconds=41.7 gpu_alloc=488.9MiB gpu_reserved=4406.0MiB skipped_batches=0
2026-08-15 16:49:37,062 | INFO | epoch=4 batch=950 global_step=1369 loss_reg_months=5.8095 loss_ldl=3.4091 lr=0.00019641 grad_norm=2.7459 throughput=36.29 img/s eta_seconds=33.4 gpu_alloc=488.9MiB gpu_reserved=4406.0MiB skipped_batches=0
2026-08-15 16:49:45,374 | INFO | epoch=4 batch=975 global_step=1378 loss_reg_months=5.8003 loss_ldl=3.1817 lr=0.00019641 grad_norm=1.8239 throughput=36.28 img/s eta_seconds=25.1 gpu_alloc=378.7MiB gpu_reserved=4406.0MiB skipped_batches=0
2026-08-15 16:49:53,463 | INFO | epoch=4 batch=1000 global_step=1386 loss_reg_months=5.7965 loss_ldl=3.3431 lr=0.00019641 grad_norm=3.3946 throughput=36.30 img/s eta_seconds=16.8 gpu_alloc=488.9MiB gpu_reserved=4406.0MiB skipped_batches=0
2026-08-15 16:50:01,535 | INFO | epoch=4 batch=1025 global_step=1394 loss_reg_months=5.8006 loss_ldl=3.6490 lr=0.00019641 grad_norm=2.2005 throughput=36.32 img/s eta_seconds=8.6 gpu_alloc=488.9MiB gpu_reserved=4406.0MiB skipped_batches=0
2026-08-15 16:50:09,505 | INFO | epoch=4 batch=1050 global_step=1403 loss_reg_months=5.8068 loss_ldl=3.5564 lr=0.00019641 grad_norm=5.4545 throughput=36.35 img/s eta_seconds=0.3 gpu_alloc=378.7MiB gpu_reserved=4406.0MiB skipped_batches=0
2026-08-15 16:50:40,868 | INFO | 
TRAINING REVIEW SNAPSHOT
Run ID / config hash / split hash: P5_D3_CONVNEXT_TINY_LDL_SEED17 / 9ef0879ebe15 / 7328667e6822+f650a20432b5
Epoch / global step: 4 / 1404
Train loss: 5.8046
Validation MAE / RMSE / median AE: 6.8124 / 9.0498 / 5.2570
MAE nam / nữ / age bins: {'F': 7.2842773352663945, 'M': 6.414468370464764} / {'0-59': 7.268276752309596, '120-179': 6.379149042042283, '60-119': 7.840203464333781, '180-228': 6.052680611610413}
Learning rate / peak VRAM: 0.00019641 / 4406.0 MiB
Best epoch / best MAE / epochs không cải thiện: 4 / 6.8124 / 0
Cảnh báo hiện tại: KHÔNG
Checkpoint gần nhất: p1_baseline\runs\P5_D3_CONVNEXT_TINY_LDL_SEED17\last.ckpt
Checkpoint tốt nhất: p1_baseline\runs\P5_D3_CONVNEXT_TINY_LDL_SEED17\best_mae.ckpt
Đề xuất tự động: TIẾP TỤC
2026-08-15 16:51:00,765 | INFO | epoch=5 batch=25 global_step=1412 loss_reg_months=6.2713 loss_ldl=3.3704 lr=0.00019366 grad_norm=2.1482 throughput=19.39 img/s eta_seconds=634.8 gpu_alloc=488.9MiB gpu_reserved=4406.0MiB skipped_batches=0
2026-08-15 16:51:08,624 | INFO | epoch=5 batch=50 global_step=1420 loss_reg_months=5.6726 loss_ldl=3.4346 lr=0.00019366 grad_norm=1.8811 throughput=25.72 img/s eta_seconds=467.0 gpu_alloc=488.9MiB gpu_reserved=4406.0MiB skipped_batches=0
2026-08-15 16:51:16,536 | INFO | epoch=5 batch=75 global_step=1429 loss_reg_months=5.4007 loss_ldl=3.6210 lr=0.00019366 grad_norm=2.9440 throughput=28.81 img/s eta_seconds=406.5 gpu_alloc=378.7MiB gpu_reserved=4406.0MiB skipped_batches=0
2026-08-15 16:51:24,739 | INFO | epoch=5 batch=100 global_step=1437 loss_reg_months=5.5121 loss_ldl=3.6809 lr=0.00019366 grad_norm=2.2198 throughput=30.42 img/s eta_seconds=375.1 gpu_alloc=488.9MiB gpu_reserved=4406.0MiB skipped_batches=0
2026-08-15 16:51:32,643 | INFO | epoch=5 batch=125 global_step=1445 loss_reg_months=5.5907 loss_ldl=3.2361 lr=0.00019366 grad_norm=2.6497 throughput=31.68 img/s eta_seconds=350.7 gpu_alloc=488.9MiB gpu_reserved=4406.0MiB skipped_batches=0
2026-08-15 16:51:40,550 | INFO | epoch=5 batch=150 global_step=1454 loss_reg_months=5.5588 loss_ldl=3.7694 lr=0.00019366 grad_norm=2.1841 throughput=32.58 img/s eta_seconds=331.9 gpu_alloc=378.7MiB gpu_reserved=4406.0MiB skipped_batches=0
2026-08-15 16:51:48,802 | INFO | epoch=5 batch=175 global_step=1462 loss_reg_months=5.5784 loss_ldl=3.3753 lr=0.00019366 grad_norm=2.2692 throughput=33.07 img/s eta_seconds=317.9 gpu_alloc=488.9MiB gpu_reserved=4406.0MiB skipped_batches=0
2026-08-15 16:51:56,807 | INFO | epoch=5 batch=200 global_step=1470 loss_reg_months=5.6893 loss_ldl=3.6645 lr=0.00019366 grad_norm=2.7836 throughput=33.56 img/s eta_seconds=304.2 gpu_alloc=488.9MiB gpu_reserved=4406.0MiB skipped_batches=0
2026-08-15 16:52:05,545 | INFO | epoch=5 batch=225 global_step=1479 loss_reg_months=5.7086 loss_ldl=3.4940 lr=0.00019366 grad_norm=1.7758 throughput=33.64 img/s eta_seconds=294.6 gpu_alloc=378.7MiB gpu_reserved=4406.0MiB skipped_batches=0
2026-08-15 16:52:13,569 | INFO | epoch=5 batch=250 global_step=1487 loss_reg_months=5.7207 loss_ldl=3.6379 lr=0.00019366 grad_norm=2.4200 throughput=33.99 img/s eta_seconds=282.8 gpu_alloc=488.9MiB gpu_reserved=4406.0MiB skipped_batches=0
2026-08-15 16:52:21,935 | INFO | epoch=5 batch=275 global_step=1495 loss_reg_months=5.6625 loss_ldl=3.3653 lr=0.00019366 grad_norm=1.6195 throughput=34.15 img/s eta_seconds=272.7 gpu_alloc=488.9MiB gpu_reserved=4406.0MiB skipped_batches=0
2026-08-15 16:52:31,538 | INFO | epoch=5 batch=300 global_step=1504 loss_reg_months=5.6330 loss_ldl=3.3448 lr=0.00019366 grad_norm=2.7260 throughput=33.88 img/s eta_seconds=265.9 gpu_alloc=378.7MiB gpu_reserved=4406.0MiB skipped_batches=0
2026-08-15 16:52:39,426 | INFO | epoch=5 batch=325 global_step=1512 loss_reg_months=5.6177 loss_ldl=3.5698 lr=0.00019366 grad_norm=2.0897 throughput=34.17 img/s eta_seconds=254.9 gpu_alloc=488.9MiB gpu_reserved=4406.0MiB skipped_batches=0
2026-08-15 16:52:47,626 | INFO | epoch=5 batch=350 global_step=1520 loss_reg_months=5.5749 loss_ldl=3.5598 lr=0.00019366 grad_norm=2.7300 throughput=34.33 img/s eta_seconds=245.0 gpu_alloc=488.9MiB gpu_reserved=4406.0MiB skipped_batches=0
2026-08-15 16:52:55,569 | INFO | epoch=5 batch=375 global_step=1529 loss_reg_months=5.5902 loss_ldl=3.5328 lr=0.00019366 grad_norm=2.1464 throughput=34.54 img/s eta_seconds=234.8 gpu_alloc=378.7MiB gpu_reserved=4406.0MiB skipped_batches=0
2026-08-15 16:53:03,769 | INFO | epoch=5 batch=400 global_step=1537 loss_reg_months=5.6326 loss_ldl=3.5958 lr=0.00019366 grad_norm=2.3527 throughput=34.66 img/s eta_seconds=225.3 gpu_alloc=488.9MiB gpu_reserved=4406.0MiB skipped_batches=0
2026-08-15 16:53:11,672 | INFO | epoch=5 batch=425 global_step=1545 loss_reg_months=5.6553 loss_ldl=3.5744 lr=0.00019366 grad_norm=1.7029 throughput=34.84 img/s eta_seconds=215.6 gpu_alloc=488.9MiB gpu_reserved=4406.0MiB skipped_batches=0
2026-08-15 16:53:19,969 | INFO | epoch=5 batch=450 global_step=1554 loss_reg_months=5.6623 loss_ldl=3.5858 lr=0.00019366 grad_norm=2.8910 throughput=34.91 img/s eta_seconds=206.5 gpu_alloc=378.7MiB gpu_reserved=4406.0MiB skipped_batches=0
2026-08-15 16:53:28,108 | INFO | epoch=5 batch=475 global_step=1562 loss_reg_months=5.6402 loss_ldl=3.6504 lr=0.00019366 grad_norm=2.5151 throughput=35.01 img/s eta_seconds=197.4 gpu_alloc=488.9MiB gpu_reserved=4406.0MiB skipped_batches=0
2026-08-15 16:53:36,025 | INFO | epoch=5 batch=500 global_step=1570 loss_reg_months=5.6644 loss_ldl=3.9318 lr=0.00019366 grad_norm=4.1760 throughput=35.14 img/s eta_seconds=188.1 gpu_alloc=488.9MiB gpu_reserved=4406.0MiB skipped_batches=0
2026-08-15 16:53:44,705 | INFO | epoch=5 batch=525 global_step=1579 loss_reg_months=5.6652 loss_ldl=3.7945 lr=0.00019366 grad_norm=2.9628 throughput=35.12 img/s eta_seconds=179.7 gpu_alloc=378.7MiB gpu_reserved=4406.0MiB skipped_batches=0
2026-08-15 16:53:52,756 | INFO | epoch=5 batch=550 global_step=1587 loss_reg_months=5.6954 loss_ldl=3.5397 lr=0.00019366 grad_norm=1.7883 throughput=35.21 img/s eta_seconds=170.7 gpu_alloc=488.9MiB gpu_reserved=4406.0MiB skipped_batches=0
2026-08-15 16:54:00,719 | INFO | epoch=5 batch=575 global_step=1595 loss_reg_months=5.7192 loss_ldl=3.9127 lr=0.00019366 grad_norm=1.8396 throughput=35.31 img/s eta_seconds=161.7 gpu_alloc=488.9MiB gpu_reserved=4406.0MiB skipped_batches=0
2026-08-15 16:54:08,794 | INFO | epoch=5 batch=600 global_step=1604 loss_reg_months=5.6992 loss_ldl=3.6442 lr=0.00019366 grad_norm=2.0121 throughput=35.38 img/s eta_seconds=152.9 gpu_alloc=378.7MiB gpu_reserved=4406.0MiB skipped_batches=0
2026-08-15 16:54:17,095 | INFO | epoch=5 batch=625 global_step=1612 loss_reg_months=5.6876 loss_ldl=3.4937 lr=0.00019366 grad_norm=2.4173 throughput=35.41 img/s eta_seconds=144.3 gpu_alloc=488.9MiB gpu_reserved=4406.0MiB skipped_batches=0
2026-08-15 16:54:25,189 | INFO | epoch=5 batch=650 global_step=1620 loss_reg_months=5.6865 loss_ldl=3.4595 lr=0.00019366 grad_norm=2.8790 throughput=35.47 img/s eta_seconds=135.6 gpu_alloc=488.9MiB gpu_reserved=4406.0MiB skipped_batches=0
2026-08-15 16:54:33,199 | INFO | epoch=5 batch=675 global_step=1629 loss_reg_months=5.6678 loss_ldl=3.7267 lr=0.00019366 grad_norm=2.8922 throughput=35.54 img/s eta_seconds=126.9 gpu_alloc=378.7MiB gpu_reserved=4406.0MiB skipped_batches=0
2026-08-15 16:54:41,417 | INFO | epoch=5 batch=700 global_step=1637 loss_reg_months=5.6963 loss_ldl=3.6421 lr=0.00019366 grad_norm=2.1211 throughput=35.57 img/s eta_seconds=118.4 gpu_alloc=488.9MiB gpu_reserved=4406.0MiB skipped_batches=0
2026-08-15 16:54:49,525 | INFO | epoch=5 batch=725 global_step=1645 loss_reg_months=5.6904 loss_ldl=3.5597 lr=0.00019366 grad_norm=2.5267 throughput=35.62 img/s eta_seconds=109.8 gpu_alloc=488.9MiB gpu_reserved=4406.0MiB skipped_batches=0
2026-08-15 16:54:57,598 | INFO | epoch=5 batch=750 global_step=1654 loss_reg_months=5.6678 loss_ldl=3.6147 lr=0.00019366 grad_norm=2.1375 throughput=35.67 img/s eta_seconds=101.2 gpu_alloc=378.7MiB gpu_reserved=4406.0MiB skipped_batches=0
2026-08-15 16:55:05,636 | INFO | epoch=5 batch=775 global_step=1662 loss_reg_months=5.6451 loss_ldl=3.3716 lr=0.00019366 grad_norm=3.0851 throughput=35.72 img/s eta_seconds=92.7 gpu_alloc=488.9MiB gpu_reserved=4406.0MiB skipped_batches=0
2026-08-15 16:55:13,859 | INFO | epoch=5 batch=800 global_step=1670 loss_reg_months=5.6428 loss_ldl=3.3753 lr=0.00019366 grad_norm=1.6220 throughput=35.75 img/s eta_seconds=84.2 gpu_alloc=488.9MiB gpu_reserved=4406.0MiB skipped_batches=0
2026-08-15 16:55:22,120 | INFO | epoch=5 batch=825 global_step=1679 loss_reg_months=5.6350 loss_ldl=3.5826 lr=0.00019366 grad_norm=1.7299 throughput=35.76 img/s eta_seconds=75.8 gpu_alloc=378.7MiB gpu_reserved=4406.0MiB skipped_batches=0
2026-08-15 16:55:30,096 | INFO | epoch=5 batch=850 global_step=1687 loss_reg_months=5.6326 loss_ldl=4.1328 lr=0.00019366 grad_norm=2.6218 throughput=35.81 img/s eta_seconds=67.3 gpu_alloc=488.9MiB gpu_reserved=4406.0MiB skipped_batches=0
2026-08-15 16:55:38,108 | INFO | epoch=5 batch=875 global_step=1695 loss_reg_months=5.6256 loss_ldl=3.5219 lr=0.00019366 grad_norm=1.7845 throughput=35.86 img/s eta_seconds=58.9 gpu_alloc=488.9MiB gpu_reserved=4406.0MiB skipped_batches=0
2026-08-15 16:55:46,586 | INFO | epoch=5 batch=900 global_step=1704 loss_reg_months=5.6325 loss_ldl=3.4287 lr=0.00019366 grad_norm=2.3183 throughput=35.85 img/s eta_seconds=50.5 gpu_alloc=378.7MiB gpu_reserved=4406.0MiB skipped_batches=0
2026-08-15 16:55:54,577 | INFO | epoch=5 batch=925 global_step=1712 loss_reg_months=5.6250 loss_ldl=3.3941 lr=0.00019366 grad_norm=2.1264 throughput=35.89 img/s eta_seconds=42.1 gpu_alloc=488.9MiB gpu_reserved=4406.0MiB skipped_batches=0
2026-08-15 16:56:02,734 | INFO | epoch=5 batch=950 global_step=1720 loss_reg_months=5.6313 loss_ldl=3.6891 lr=0.00019366 grad_norm=3.7507 throughput=35.91 img/s eta_seconds=33.7 gpu_alloc=488.9MiB gpu_reserved=4406.0MiB skipped_batches=0
2026-08-15 16:56:10,733 | INFO | epoch=5 batch=975 global_step=1729 loss_reg_months=5.6323 loss_ldl=3.6667 lr=0.00019366 grad_norm=2.4810 throughput=35.95 img/s eta_seconds=25.3 gpu_alloc=378.7MiB gpu_reserved=4406.0MiB skipped_batches=0
2026-08-15 16:56:18,911 | INFO | epoch=5 batch=1000 global_step=1737 loss_reg_months=5.6375 loss_ldl=3.6897 lr=0.00019366 grad_norm=3.1701 throughput=35.97 img/s eta_seconds=17.0 gpu_alloc=488.9MiB gpu_reserved=4406.0MiB skipped_batches=0
2026-08-15 16:56:26,885 | INFO | epoch=5 batch=1025 global_step=1745 loss_reg_months=5.6405 loss_ldl=4.3449 lr=0.00019366 grad_norm=1.9626 throughput=36.01 img/s eta_seconds=8.6 gpu_alloc=488.9MiB gpu_reserved=4406.0MiB skipped_batches=0
2026-08-15 16:56:35,045 | INFO | epoch=5 batch=1050 global_step=1754 loss_reg_months=5.6432 loss_ldl=3.3626 lr=0.00019366 grad_norm=2.5693 throughput=36.03 img/s eta_seconds=0.3 gpu_alloc=378.7MiB gpu_reserved=4406.0MiB skipped_batches=0
2026-08-15 16:57:04,547 | INFO | 
TRAINING REVIEW SNAPSHOT
Run ID / config hash / split hash: P5_D3_CONVNEXT_TINY_LDL_SEED17 / 9ef0879ebe15 / 7328667e6822+f650a20432b5
Epoch / global step: 5 / 1755
Train loss: 5.6423
Validation MAE / RMSE / median AE: 6.9178 / 9.1815 / 5.3005
MAE nam / nữ / age bins: {'F': 7.4571660413332514, 'M': 6.46294355824262} / {'0-59': 6.168970818215228, '120-179': 6.626073622733023, '60-119': 8.368125334608978, '180-228': 4.847729921340942}
Learning rate / peak VRAM: 0.00019366 / 4406.0 MiB
Best epoch / best MAE / epochs không cải thiện: 4 / 6.8124 / 1
Cảnh báo hiện tại: KHÔNG
Checkpoint gần nhất: p1_baseline\runs\P5_D3_CONVNEXT_TINY_LDL_SEED17\last.ckpt
Checkpoint tốt nhất: p1_baseline\runs\P5_D3_CONVNEXT_TINY_LDL_SEED17\best_mae.ckpt
Đề xuất tự động: TIẾP TỤC
2026-08-15 16:57:23,820 | INFO | epoch=6 batch=25 global_step=1763 loss_reg_months=5.5792 loss_ldl=3.4676 lr=0.00019015 grad_norm=2.3844 throughput=19.15 img/s eta_seconds=642.7 gpu_alloc=488.9MiB gpu_reserved=4406.0MiB skipped_batches=0
2026-08-15 16:57:31,871 | INFO | epoch=6 batch=50 global_step=1771 loss_reg_months=5.5638 loss_ldl=3.7928 lr=0.00019015 grad_norm=2.4396 throughput=25.30 img/s eta_seconds=474.7 gpu_alloc=488.9MiB gpu_reserved=4406.0MiB skipped_batches=0
2026-08-15 16:57:39,861 | INFO | epoch=6 batch=75 global_step=1780 loss_reg_months=5.5094 loss_ldl=3.3682 lr=0.00019015 grad_norm=3.4479 throughput=28.39 img/s eta_seconds=412.5 gpu_alloc=378.7MiB gpu_reserved=4406.0MiB skipped_batches=0
2026-08-15 16:57:47,864 | INFO | epoch=6 batch=100 global_step=1788 loss_reg_months=5.3143 loss_ldl=3.5964 lr=0.00019015 grad_norm=1.8030 throughput=30.22 img/s eta_seconds=377.6 gpu_alloc=488.9MiB gpu_reserved=4406.0MiB skipped_batches=0
2026-08-15 16:57:55,980 | INFO | epoch=6 batch=125 global_step=1796 loss_reg_months=5.3621 loss_ldl=4.0915 lr=0.00019015 grad_norm=2.9152 throughput=31.37 img/s eta_seconds=354.2 gpu_alloc=488.9MiB gpu_reserved=4406.0MiB skipped_batches=0
2026-08-15 16:58:04,174 | INFO | epoch=6 batch=150 global_step=1805 loss_reg_months=5.3416 loss_ldl=3.4623 lr=0.00019015 grad_norm=3.0824 throughput=32.13 img/s eta_seconds=336.4 gpu_alloc=378.7MiB gpu_reserved=4406.0MiB skipped_batches=0
2026-08-15 16:58:12,248 | INFO | epoch=6 batch=175 global_step=1813 loss_reg_months=5.3262 loss_ldl=3.6290 lr=0.00019015 grad_norm=2.4010 throughput=32.77 img/s eta_seconds=320.8 gpu_alloc=488.9MiB gpu_reserved=4406.0MiB skipped_batches=0
2026-08-15 16:58:20,296 | INFO | epoch=6 batch=200 global_step=1821 loss_reg_months=5.2946 loss_ldl=3.6000 lr=0.00019015 grad_norm=2.5777 throughput=33.27 img/s eta_seconds=306.9 gpu_alloc=488.9MiB gpu_reserved=4406.0MiB skipped_batches=0
2026-08-15 16:58:28,241 | INFO | epoch=6 batch=225 global_step=1830 loss_reg_months=5.3343 loss_ldl=3.6379 lr=0.00019015 grad_norm=4.3778 throughput=33.71 img/s eta_seconds=294.0 gpu_alloc=378.7MiB gpu_reserved=4406.0MiB skipped_batches=0
2026-08-15 16:58:36,289 | INFO | epoch=6 batch=250 global_step=1838 loss_reg_months=5.4077 loss_ldl=3.5891 lr=0.00019015 grad_norm=2.1559 throughput=34.04 img/s eta_seconds=282.3 gpu_alloc=488.9MiB gpu_reserved=4406.0MiB skipped_batches=0
2026-08-15 16:58:44,467 | INFO | epoch=6 batch=275 global_step=1846 loss_reg_months=5.4075 loss_ldl=3.6317 lr=0.00019015 grad_norm=1.7248 throughput=34.26 img/s eta_seconds=271.7 gpu_alloc=488.9MiB gpu_reserved=4406.0MiB skipped_batches=0
2026-08-15 16:58:52,833 | INFO | epoch=6 batch=300 global_step=1855 loss_reg_months=5.3836 loss_ldl=3.4963 lr=0.00019015 grad_norm=2.2003 throughput=34.39 img/s eta_seconds=262.0 gpu_alloc=378.7MiB gpu_reserved=4406.0MiB skipped_batches=0
2026-08-15 16:59:00,810 | INFO | epoch=6 batch=325 global_step=1863 loss_reg_months=5.3947 loss_ldl=3.5253 lr=0.00019015 grad_norm=1.4456 throughput=34.62 img/s eta_seconds=251.6 gpu_alloc=488.9MiB gpu_reserved=4406.0MiB skipped_batches=0
2026-08-15 16:59:09,020 | INFO | epoch=6 batch=350 global_step=1871 loss_reg_months=5.3895 loss_ldl=3.2220 lr=0.00019015 grad_norm=3.0852 throughput=34.75 img/s eta_seconds=242.0 gpu_alloc=488.9MiB gpu_reserved=4406.0MiB skipped_batches=0
2026-08-15 16:59:17,245 | INFO | epoch=6 batch=375 global_step=1880 loss_reg_months=5.4056 loss_ldl=3.4847 lr=0.00019015 grad_norm=3.7485 throughput=34.86 img/s eta_seconds=232.7 gpu_alloc=378.7MiB gpu_reserved=4406.0MiB skipped_batches=0
2026-08-15 16:59:25,194 | INFO | epoch=6 batch=400 global_step=1888 loss_reg_months=5.4059 loss_ldl=3.7931 lr=0.00019015 grad_norm=1.9152 throughput=35.03 img/s eta_seconds=223.0 gpu_alloc=488.9MiB gpu_reserved=4406.0MiB skipped_batches=0
2026-08-15 16:59:33,270 | INFO | epoch=6 batch=425 global_step=1896 loss_reg_months=5.4509 loss_ldl=3.5959 lr=0.00019015 grad_norm=3.6550 throughput=35.15 img/s eta_seconds=213.7 gpu_alloc=488.9MiB gpu_reserved=4406.0MiB skipped_batches=0
2026-08-15 16:59:41,309 | INFO | epoch=6 batch=450 global_step=1905 loss_reg_months=5.5131 loss_ldl=3.8585 lr=0.00019015 grad_norm=2.8874 throughput=35.26 img/s eta_seconds=204.5 gpu_alloc=378.7MiB gpu_reserved=4406.0MiB skipped_batches=0
2026-08-15 16:59:49,329 | INFO | epoch=6 batch=475 global_step=1913 loss_reg_months=5.5229 loss_ldl=3.4535 lr=0.00019015 grad_norm=2.2756 throughput=35.37 img/s eta_seconds=195.4 gpu_alloc=488.9MiB gpu_reserved=4406.0MiB skipped_batches=0
2026-08-15 16:59:57,568 | INFO | epoch=6 batch=500 global_step=1921 loss_reg_months=5.5220 loss_ldl=3.4535 lr=0.00019015 grad_norm=1.9960 throughput=35.42 img/s eta_seconds=186.7 gpu_alloc=488.9MiB gpu_reserved=4406.0MiB skipped_batches=0
2026-08-15 17:00:05,732 | INFO | epoch=6 batch=525 global_step=1930 loss_reg_months=5.5269 loss_ldl=3.3653 lr=0.00019015 grad_norm=2.0959 throughput=35.48 img/s eta_seconds=177.9 gpu_alloc=378.7MiB gpu_reserved=4406.0MiB skipped_batches=0
2026-08-15 17:00:13,774 | INFO | epoch=6 batch=550 global_step=1938 loss_reg_months=5.5100 loss_ldl=3.1871 lr=0.00019015 grad_norm=2.4801 throughput=35.56 img/s eta_seconds=169.1 gpu_alloc=488.9MiB gpu_reserved=4406.0MiB skipped_batches=0
2026-08-15 17:00:21,964 | INFO | epoch=6 batch=575 global_step=1946 loss_reg_months=5.5204 loss_ldl=3.4028 lr=0.00019015 grad_norm=3.4174 throughput=35.60 img/s eta_seconds=160.4 gpu_alloc=488.9MiB gpu_reserved=4406.0MiB skipped_batches=0
2026-08-15 17:00:30,020 | INFO | epoch=6 batch=600 global_step=1955 loss_reg_months=5.5493 loss_ldl=3.3238 lr=0.00019015 grad_norm=1.8859 throughput=35.67 img/s eta_seconds=151.7 gpu_alloc=378.7MiB gpu_reserved=4406.0MiB skipped_batches=0
2026-08-15 17:00:38,461 | INFO | epoch=6 batch=625 global_step=1963 loss_reg_months=5.5396 loss_ldl=3.2165 lr=0.00019015 grad_norm=2.0148 throughput=35.66 img/s eta_seconds=143.3 gpu_alloc=488.9MiB gpu_reserved=4406.0MiB skipped_batches=0
2026-08-15 17:00:46,575 | INFO | epoch=6 batch=650 global_step=1971 loss_reg_months=5.5431 loss_ldl=3.2876 lr=0.00019015 grad_norm=2.2589 throughput=35.71 img/s eta_seconds=134.7 gpu_alloc=488.9MiB gpu_reserved=4406.0MiB skipped_batches=0
2026-08-15 17:00:54,620 | INFO | epoch=6 batch=675 global_step=1980 loss_reg_months=5.5154 loss_ldl=3.4287 lr=0.00019015 grad_norm=2.4963 throughput=35.77 img/s eta_seconds=126.1 gpu_alloc=378.7MiB gpu_reserved=4406.0MiB skipped_batches=0
2026-08-15 17:01:02,839 | INFO | epoch=6 batch=700 global_step=1988 loss_reg_months=5.5378 loss_ldl=3.6516 lr=0.00019015 grad_norm=2.1730 throughput=35.79 img/s eta_seconds=117.6 gpu_alloc=488.9MiB gpu_reserved=4406.0MiB skipped_batches=0
2026-08-15 17:01:10,841 | INFO | epoch=6 batch=725 global_step=1996 loss_reg_months=5.5325 loss_ldl=3.5061 lr=0.00019015 grad_norm=2.8958 throughput=35.85 img/s eta_seconds=109.1 gpu_alloc=488.9MiB gpu_reserved=4406.0MiB skipped_batches=0
2026-08-15 17:01:20,177 | INFO | epoch=6 batch=750 global_step=2005 loss_reg_months=5.5379 loss_ldl=3.3396 lr=0.00019015 grad_norm=1.8797 throughput=35.71 img/s eta_seconds=101.1 gpu_alloc=378.7MiB gpu_reserved=4406.0MiB skipped_batches=0
2026-08-15 17:01:28,138 | INFO | epoch=6 batch=775 global_step=2013 loss_reg_months=5.5365 loss_ldl=3.5312 lr=0.00019015 grad_norm=1.6335 throughput=35.77 img/s eta_seconds=92.6 gpu_alloc=488.9MiB gpu_reserved=4406.0MiB skipped_batches=0
2026-08-15 17:01:36,341 | INFO | epoch=6 batch=800 global_step=2021 loss_reg_months=5.5328 loss_ldl=3.6054 lr=0.00019015 grad_norm=2.6733 throughput=35.80 img/s eta_seconds=84.1 gpu_alloc=488.9MiB gpu_reserved=4406.0MiB skipped_batches=0
2026-08-15 17:01:44,252 | INFO | epoch=6 batch=825 global_step=2030 loss_reg_months=5.5374 loss_ldl=3.4027 lr=0.00019015 grad_norm=1.9250 throughput=35.86 img/s eta_seconds=75.6 gpu_alloc=378.7MiB gpu_reserved=4406.0MiB skipped_batches=0
2026-08-15 17:01:52,450 | INFO | epoch=6 batch=850 global_step=2038 loss_reg_months=5.5365 loss_ldl=3.6564 lr=0.00019015 grad_norm=1.8736 throughput=35.88 img/s eta_seconds=67.2 gpu_alloc=488.9MiB gpu_reserved=4406.0MiB skipped_batches=0
2026-08-15 17:02:00,423 | INFO | epoch=6 batch=875 global_step=2046 loss_reg_months=5.5558 loss_ldl=3.1198 lr=0.00019015 grad_norm=2.3366 throughput=35.93 img/s eta_seconds=58.8 gpu_alloc=488.9MiB gpu_reserved=4406.0MiB skipped_batches=0
2026-08-15 17:02:08,507 | INFO | epoch=6 batch=900 global_step=2055 loss_reg_months=5.5472 loss_ldl=3.4638 lr=0.00019015 grad_norm=3.1220 throughput=35.96 img/s eta_seconds=50.4 gpu_alloc=378.7MiB gpu_reserved=4406.0MiB skipped_batches=0
2026-08-15 17:02:16,416 | INFO | epoch=6 batch=925 global_step=2063 loss_reg_months=5.5650 loss_ldl=4.0676 lr=0.00019015 grad_norm=2.6198 throughput=36.01 img/s eta_seconds=42.0 gpu_alloc=488.9MiB gpu_reserved=4406.0MiB skipped_batches=0
2026-08-15 17:02:24,735 | INFO | epoch=6 batch=950 global_step=2071 loss_reg_months=5.5704 loss_ldl=3.4236 lr=0.00019015 grad_norm=1.5114 throughput=36.01 img/s eta_seconds=33.6 gpu_alloc=488.9MiB gpu_reserved=4406.0MiB skipped_batches=0
2026-08-15 17:02:32,629 | INFO | epoch=6 batch=975 global_step=2080 loss_reg_months=5.5797 loss_ldl=3.1052 lr=0.00019015 grad_norm=1.8775 throughput=36.06 img/s eta_seconds=25.3 gpu_alloc=378.7MiB gpu_reserved=4406.0MiB skipped_batches=0
2026-08-15 17:02:40,565 | INFO | epoch=6 batch=1000 global_step=2088 loss_reg_months=5.5620 loss_ldl=3.1502 lr=0.00019015 grad_norm=1.5837 throughput=36.10 img/s eta_seconds=16.9 gpu_alloc=488.9MiB gpu_reserved=4406.0MiB skipped_batches=0
2026-08-15 17:02:48,555 | INFO | epoch=6 batch=1025 global_step=2096 loss_reg_months=5.5668 loss_ldl=3.6327 lr=0.00019015 grad_norm=2.7041 throughput=36.13 img/s eta_seconds=8.6 gpu_alloc=488.9MiB gpu_reserved=4406.0MiB skipped_batches=0
2026-08-15 17:02:56,676 | INFO | epoch=6 batch=1050 global_step=2105 loss_reg_months=5.5543 loss_ldl=3.7526 lr=0.00019015 grad_norm=2.3364 throughput=36.15 img/s eta_seconds=0.3 gpu_alloc=378.7MiB gpu_reserved=4406.0MiB skipped_batches=0
2026-08-15 17:03:25,690 | INFO | 
TRAINING REVIEW SNAPSHOT
Run ID / config hash / split hash: P5_D3_CONVNEXT_TINY_LDL_SEED17 / 9ef0879ebe15 / 7328667e6822+f650a20432b5
Epoch / global step: 6 / 2106
Train loss: 5.5529
Validation MAE / RMSE / median AE: 7.1825 / 9.5335 / 5.4870
MAE nam / nữ / age bins: {'F': 7.27543988257098, 'M': 7.104159479770439} / {'0-59': 8.927377700805664, '120-179': 7.36164492877069, '60-119': 6.679220277040743, '180-228': 6.318320631980896}
Learning rate / peak VRAM: 0.00019015 / 4406.0 MiB
Best epoch / best MAE / epochs không cải thiện: 4 / 6.8124 / 2
Cảnh báo hiện tại: KHÔNG
Checkpoint gần nhất: p1_baseline\runs\P5_D3_CONVNEXT_TINY_LDL_SEED17\last.ckpt
Checkpoint tốt nhất: p1_baseline\runs\P5_D3_CONVNEXT_TINY_LDL_SEED17\best_mae.ckpt
Đề xuất tự động: TIẾP TỤC
2026-08-15 17:03:43,460 | INFO | epoch=7 batch=25 global_step=2114 loss_reg_months=6.0807 loss_ldl=3.6926 lr=0.00018592 grad_norm=2.0147 throughput=19.64 img/s eta_seconds=626.8 gpu_alloc=488.9MiB gpu_reserved=4406.0MiB skipped_batches=0
2026-08-15 17:03:51,281 | INFO | epoch=7 batch=50 global_step=2122 loss_reg_months=5.7001 loss_ldl=3.6159 lr=0.00018592 grad_norm=3.0298 throughput=25.98 img/s eta_seconds=462.3 gpu_alloc=488.9MiB gpu_reserved=4406.0MiB skipped_batches=0
2026-08-15 17:03:59,301 | INFO | epoch=7 batch=75 global_step=2131 loss_reg_months=5.7682 loss_ldl=3.3257 lr=0.00018592 grad_norm=1.8497 throughput=28.93 img/s eta_seconds=404.8 gpu_alloc=378.7MiB gpu_reserved=4406.0MiB skipped_batches=0
2026-08-15 17:04:07,400 | INFO | epoch=7 batch=100 global_step=2139 loss_reg_months=5.8556 loss_ldl=3.6964 lr=0.00018592 grad_norm=3.4360 throughput=30.60 img/s eta_seconds=372.9 gpu_alloc=488.9MiB gpu_reserved=4406.0MiB skipped_batches=0
2026-08-15 17:04:15,289 | INFO | epoch=7 batch=125 global_step=2147 loss_reg_months=5.7603 loss_ldl=3.8537 lr=0.00018592 grad_norm=2.5149 throughput=31.85 img/s eta_seconds=348.9 gpu_alloc=488.9MiB gpu_reserved=4406.0MiB skipped_batches=0
2026-08-15 17:04:23,381 | INFO | epoch=7 batch=150 global_step=2156 loss_reg_months=5.7431 loss_ldl=3.2375 lr=0.00018592 grad_norm=2.9533 throughput=32.61 img/s eta_seconds=331.5 gpu_alloc=378.7MiB gpu_reserved=4406.0MiB skipped_batches=0
2026-08-15 17:04:31,260 | INFO | epoch=7 batch=175 global_step=2164 loss_reg_months=5.7684 loss_ldl=3.9831 lr=0.00018592 grad_norm=2.0741 throughput=33.30 img/s eta_seconds=315.7 gpu_alloc=488.9MiB gpu_reserved=4406.0MiB skipped_batches=0
2026-08-15 17:04:39,126 | INFO | epoch=7 batch=200 global_step=2172 loss_reg_months=5.6571 loss_ldl=3.7221 lr=0.00018592 grad_norm=1.5942 throughput=33.83 img/s eta_seconds=301.8 gpu_alloc=488.9MiB gpu_reserved=4406.0MiB skipped_batches=0
2026-08-15 17:04:47,054 | INFO | epoch=7 batch=225 global_step=2181 loss_reg_months=5.6397 loss_ldl=3.6420 lr=0.00018592 grad_norm=2.2606 throughput=34.24 img/s eta_seconds=289.5 gpu_alloc=378.7MiB gpu_reserved=4406.0MiB skipped_batches=0
2026-08-15 17:04:54,924 | INFO | epoch=7 batch=250 global_step=2189 loss_reg_months=5.6119 loss_ldl=3.4092 lr=0.00018592 grad_norm=2.5012 throughput=34.59 img/s eta_seconds=277.9 gpu_alloc=488.9MiB gpu_reserved=4406.0MiB skipped_batches=0
2026-08-15 17:05:03,265 | INFO | epoch=7 batch=275 global_step=2197 loss_reg_months=5.6219 loss_ldl=3.6783 lr=0.00018592 grad_norm=4.6818 throughput=34.71 img/s eta_seconds=268.3 gpu_alloc=488.9MiB gpu_reserved=4406.0MiB skipped_batches=0
2026-08-15 17:05:11,251 | INFO | epoch=7 batch=300 global_step=2206 loss_reg_months=5.6422 loss_ldl=3.5906 lr=0.00018592 grad_norm=1.7877 throughput=34.93 img/s eta_seconds=258.0 gpu_alloc=378.7MiB gpu_reserved=4406.0MiB skipped_batches=0
2026-08-15 17:05:19,317 | INFO | epoch=7 batch=325 global_step=2214 loss_reg_months=5.6043 loss_ldl=3.3341 lr=0.00018592 grad_norm=2.9034 throughput=35.09 img/s eta_seconds=248.2 gpu_alloc=488.9MiB gpu_reserved=4406.0MiB skipped_batches=0
2026-08-15 17:05:27,415 | INFO | epoch=7 batch=350 global_step=2222 loss_reg_months=5.5843 loss_ldl=3.4684 lr=0.00018592 grad_norm=2.1792 throughput=35.23 img/s eta_seconds=238.8 gpu_alloc=488.9MiB gpu_reserved=4406.0MiB skipped_batches=0
2026-08-15 17:05:35,358 | INFO | epoch=7 batch=375 global_step=2231 loss_reg_months=5.5346 loss_ldl=3.3776 lr=0.00018592 grad_norm=2.8885 throughput=35.39 img/s eta_seconds=229.2 gpu_alloc=378.7MiB gpu_reserved=4406.0MiB skipped_batches=0
2026-08-15 17:05:43,517 | INFO | epoch=7 batch=400 global_step=2239 loss_reg_months=5.5063 loss_ldl=3.3579 lr=0.00018592 grad_norm=3.7768 throughput=35.47 img/s eta_seconds=220.2 gpu_alloc=488.9MiB gpu_reserved=4406.0MiB skipped_batches=0
2026-08-15 17:05:51,565 | INFO | epoch=7 batch=425 global_step=2247 loss_reg_months=5.5706 loss_ldl=3.6174 lr=0.00018592 grad_norm=3.6363 throughput=35.57 img/s eta_seconds=211.2 gpu_alloc=488.9MiB gpu_reserved=4406.0MiB skipped_batches=0
2026-08-15 17:05:59,624 | INFO | epoch=7 batch=450 global_step=2256 loss_reg_months=5.5661 loss_ldl=3.4862 lr=0.00018592 grad_norm=2.2046 throughput=35.66 img/s eta_seconds=202.2 gpu_alloc=378.7MiB gpu_reserved=4406.0MiB skipped_batches=0
2026-08-15 17:06:07,747 | INFO | epoch=7 batch=475 global_step=2264 loss_reg_months=5.5762 loss_ldl=3.3749 lr=0.00018592 grad_norm=3.5543 throughput=35.72 img/s eta_seconds=193.5 gpu_alloc=488.9MiB gpu_reserved=4406.0MiB skipped_batches=0
2026-08-15 17:06:15,633 | INFO | epoch=7 batch=500 global_step=2272 loss_reg_months=5.5522 loss_ldl=3.7482 lr=0.00018592 grad_norm=1.7400 throughput=35.83 img/s eta_seconds=184.5 gpu_alloc=488.9MiB gpu_reserved=4406.0MiB skipped_batches=0
2026-08-15 17:06:23,904 | INFO | epoch=7 batch=525 global_step=2281 loss_reg_months=5.5806 loss_ldl=3.7142 lr=0.00018592 grad_norm=2.2958 throughput=35.85 img/s eta_seconds=176.0 gpu_alloc=378.7MiB gpu_reserved=4406.0MiB skipped_batches=0
2026-08-15 17:06:31,857 | INFO | epoch=7 batch=550 global_step=2289 loss_reg_months=5.5609 loss_ldl=3.5968 lr=0.00018592 grad_norm=2.6725 throughput=35.93 img/s eta_seconds=167.3 gpu_alloc=488.9MiB gpu_reserved=4406.0MiB skipped_batches=0
2026-08-15 17:06:39,882 | INFO | epoch=7 batch=575 global_step=2297 loss_reg_months=5.5523 loss_ldl=3.3344 lr=0.00018592 grad_norm=1.9490 throughput=35.99 img/s eta_seconds=158.7 gpu_alloc=488.9MiB gpu_reserved=4406.0MiB skipped_batches=0
2026-08-15 17:06:47,994 | INFO | epoch=7 batch=600 global_step=2306 loss_reg_months=5.5352 loss_ldl=3.4831 lr=0.00018592 grad_norm=1.6171 throughput=36.03 img/s eta_seconds=150.2 gpu_alloc=378.7MiB gpu_reserved=4406.0MiB skipped_batches=0
2026-08-15 17:06:56,149 | INFO | epoch=7 batch=625 global_step=2314 loss_reg_months=5.5611 loss_ldl=3.3070 lr=0.00018592 grad_norm=1.6853 throughput=36.06 img/s eta_seconds=141.7 gpu_alloc=488.9MiB gpu_reserved=4406.0MiB skipped_batches=0
2026-08-15 17:07:04,446 | INFO | epoch=7 batch=650 global_step=2322 loss_reg_months=5.5333 loss_ldl=3.7129 lr=0.00018592 grad_norm=1.6919 throughput=36.07 img/s eta_seconds=133.4 gpu_alloc=488.9MiB gpu_reserved=4406.0MiB skipped_batches=0
2026-08-15 17:07:12,905 | INFO | epoch=7 batch=675 global_step=2331 loss_reg_months=5.4994 loss_ldl=3.4529 lr=0.00018592 grad_norm=4.1917 throughput=36.05 img/s eta_seconds=125.1 gpu_alloc=378.7MiB gpu_reserved=4406.0MiB skipped_batches=0
2026-08-15 17:07:20,855 | INFO | epoch=7 batch=700 global_step=2339 loss_reg_months=5.4890 loss_ldl=3.6288 lr=0.00018592 grad_norm=2.2450 throughput=36.10 img/s eta_seconds=116.6 gpu_alloc=488.9MiB gpu_reserved=4406.0MiB skipped_batches=0
2026-08-15 17:07:29,017 | INFO | epoch=7 batch=725 global_step=2347 loss_reg_months=5.4765 loss_ldl=3.6577 lr=0.00018592 grad_norm=1.6583 throughput=36.13 img/s eta_seconds=108.3 gpu_alloc=488.9MiB gpu_reserved=4406.0MiB skipped_batches=0
2026-08-15 17:07:36,917 | INFO | epoch=7 batch=750 global_step=2356 loss_reg_months=5.4734 loss_ldl=3.3526 lr=0.00018592 grad_norm=3.1020 throughput=36.18 img/s eta_seconds=99.8 gpu_alloc=378.7MiB gpu_reserved=4406.0MiB skipped_batches=0
2026-08-15 17:07:44,884 | INFO | epoch=7 batch=775 global_step=2364 loss_reg_months=5.4708 loss_ldl=3.3578 lr=0.00018592 grad_norm=1.6989 throughput=36.23 img/s eta_seconds=91.4 gpu_alloc=488.9MiB gpu_reserved=4406.0MiB skipped_batches=0
2026-08-15 17:07:53,069 | INFO | epoch=7 batch=800 global_step=2372 loss_reg_months=5.4868 loss_ldl=3.3546 lr=0.00018592 grad_norm=2.0203 throughput=36.24 img/s eta_seconds=83.1 gpu_alloc=488.9MiB gpu_reserved=4406.0MiB skipped_batches=0
2026-08-15 17:08:01,179 | INFO | epoch=7 batch=825 global_step=2381 loss_reg_months=5.4841 loss_ldl=3.3670 lr=0.00018592 grad_norm=1.9727 throughput=36.26 img/s eta_seconds=74.8 gpu_alloc=378.7MiB gpu_reserved=4406.0MiB skipped_batches=0
2026-08-15 17:08:09,092 | INFO | epoch=7 batch=850 global_step=2389 loss_reg_months=5.4928 loss_ldl=3.6127 lr=0.00018592 grad_norm=2.5142 throughput=36.31 img/s eta_seconds=66.4 gpu_alloc=488.9MiB gpu_reserved=4406.0MiB skipped_batches=0
2026-08-15 17:08:17,661 | INFO | epoch=7 batch=875 global_step=2397 loss_reg_months=5.4755 loss_ldl=3.3797 lr=0.00018592 grad_norm=3.0408 throughput=36.27 img/s eta_seconds=58.2 gpu_alloc=488.9MiB gpu_reserved=4406.0MiB skipped_batches=0
2026-08-15 17:08:25,845 | INFO | epoch=7 batch=900 global_step=2406 loss_reg_months=5.4742 loss_ldl=3.5443 lr=0.00018592 grad_norm=2.0306 throughput=36.28 img/s eta_seconds=49.9 gpu_alloc=378.7MiB gpu_reserved=4406.0MiB skipped_batches=0
2026-08-15 17:08:33,804 | INFO | epoch=7 batch=925 global_step=2414 loss_reg_months=5.4712 loss_ldl=3.1018 lr=0.00018592 grad_norm=2.0071 throughput=36.32 img/s eta_seconds=41.6 gpu_alloc=488.9MiB gpu_reserved=4406.0MiB skipped_batches=0
2026-08-15 17:08:41,946 | INFO | epoch=7 batch=950 global_step=2422 loss_reg_months=5.4546 loss_ldl=3.7316 lr=0.00018592 grad_norm=2.0757 throughput=36.33 img/s eta_seconds=33.3 gpu_alloc=488.9MiB gpu_reserved=4406.0MiB skipped_batches=0
2026-08-15 17:08:49,916 | INFO | epoch=7 batch=975 global_step=2431 loss_reg_months=5.4477 loss_ldl=3.4151 lr=0.00018592 grad_norm=1.2162 throughput=36.37 img/s eta_seconds=25.1 gpu_alloc=378.7MiB gpu_reserved=4406.0MiB skipped_batches=0
2026-08-15 17:08:58,019 | INFO | epoch=7 batch=1000 global_step=2439 loss_reg_months=5.4474 loss_ldl=3.6473 lr=0.00018592 grad_norm=3.0238 throughput=36.38 img/s eta_seconds=16.8 gpu_alloc=488.9MiB gpu_reserved=4406.0MiB skipped_batches=0
2026-08-15 17:09:05,974 | INFO | epoch=7 batch=1025 global_step=2447 loss_reg_months=5.4395 loss_ldl=3.8260 lr=0.00018592 grad_norm=1.2630 throughput=36.41 img/s eta_seconds=8.5 gpu_alloc=488.9MiB gpu_reserved=4406.0MiB skipped_batches=0
2026-08-15 17:09:14,057 | INFO | epoch=7 batch=1050 global_step=2456 loss_reg_months=5.4397 loss_ldl=3.2559 lr=0.00018592 grad_norm=1.4100 throughput=36.43 img/s eta_seconds=0.3 gpu_alloc=378.7MiB gpu_reserved=4406.0MiB skipped_batches=0
2026-08-15 17:09:45,069 | WARNING | STABILITY WARNING [CAM] Validation MAE xấu đi trong khi train loss giảm
2026-08-15 17:09:45,070 | INFO | 
TRAINING REVIEW SNAPSHOT
Run ID / config hash / split hash: P5_D3_CONVNEXT_TINY_LDL_SEED17 / 9ef0879ebe15 / 7328667e6822+f650a20432b5
Epoch / global step: 7 / 2457
Train loss: 5.4400
Validation MAE / RMSE / median AE: 6.9226 / 9.2000 / 5.4112
MAE nam / nữ / age bins: {'F': 6.9953400840057185, 'M': 6.86122888365199} / {'0-59': 6.962253367647212, '120-179': 7.337751230586444, '60-119': 6.29121844296528, '180-228': 6.212961196899414}
Learning rate / peak VRAM: 0.00018592 / 4406.0 MiB
Best epoch / best MAE / epochs không cải thiện: 4 / 6.8124 / 3
Cảnh báo hiện tại: CAM: Validation MAE xấu đi trong khi train loss giảm
Checkpoint gần nhất: p1_baseline\runs\P5_D3_CONVNEXT_TINY_LDL_SEED17\last.ckpt
Checkpoint tốt nhất: p1_baseline\runs\P5_D3_CONVNEXT_TINY_LDL_SEED17\best_mae.ckpt
Đề xuất tự động: THEO DÕI
2026-08-15 17:10:03,412 | INFO | epoch=8 batch=25 global_step=2465 loss_reg_months=5.0452 loss_ldl=3.1611 lr=0.00018100 grad_norm=2.1574 throughput=18.70 img/s eta_seconds=658.3 gpu_alloc=488.9MiB gpu_reserved=4406.0MiB skipped_batches=0
2026-08-15 17:10:11,526 | INFO | epoch=8 batch=50 global_step=2473 loss_reg_months=5.1063 loss_ldl=3.6762 lr=0.00018100 grad_norm=2.2547 throughput=24.84 img/s eta_seconds=483.6 gpu_alloc=488.9MiB gpu_reserved=4406.0MiB skipped_batches=0
2026-08-15 17:10:19,716 | INFO | epoch=8 batch=75 global_step=2482 loss_reg_months=5.2012 loss_ldl=3.3503 lr=0.00018100 grad_norm=2.1007 throughput=27.82 img/s eta_seconds=420.9 gpu_alloc=378.7MiB gpu_reserved=4406.0MiB skipped_batches=0
2026-08-15 17:10:27,703 | INFO | epoch=8 batch=100 global_step=2490 loss_reg_months=5.2382 loss_ldl=3.2774 lr=0.00018100 grad_norm=2.0136 throughput=29.75 img/s eta_seconds=383.5 gpu_alloc=488.9MiB gpu_reserved=4406.0MiB skipped_batches=0
2026-08-15 17:10:35,662 | INFO | epoch=8 batch=125 global_step=2498 loss_reg_months=5.2825 loss_ldl=3.9090 lr=0.00018100 grad_norm=3.2371 throughput=31.06 img/s eta_seconds=357.7 gpu_alloc=488.9MiB gpu_reserved=4406.0MiB skipped_batches=0
2026-08-15 17:10:44,677 | INFO | epoch=8 batch=150 global_step=2507 loss_reg_months=5.4474 loss_ldl=3.5223 lr=0.00018100 grad_norm=2.2930 throughput=31.41 img/s eta_seconds=344.2 gpu_alloc=378.7MiB gpu_reserved=4406.0MiB skipped_batches=0
2026-08-15 17:10:52,571 | INFO | epoch=8 batch=175 global_step=2515 loss_reg_months=5.4998 loss_ldl=3.2138 lr=0.00018100 grad_norm=2.0678 throughput=32.21 img/s eta_seconds=326.3 gpu_alloc=488.9MiB gpu_reserved=4406.0MiB skipped_batches=0
2026-08-15 17:11:00,485 | INFO | epoch=8 batch=200 global_step=2523 loss_reg_months=5.5350 loss_ldl=3.6583 lr=0.00018100 grad_norm=1.7561 throughput=32.83 img/s eta_seconds=311.1 gpu_alloc=488.9MiB gpu_reserved=4406.0MiB skipped_batches=0
2026-08-15 17:11:08,431 | INFO | epoch=8 batch=225 global_step=2532 loss_reg_months=5.5825 loss_ldl=3.5479 lr=0.00018100 grad_norm=3.4980 throughput=33.31 img/s eta_seconds=297.6 gpu_alloc=378.7MiB gpu_reserved=4406.0MiB skipped_batches=0
2026-08-15 17:11:16,628 | INFO | epoch=8 batch=250 global_step=2540 loss_reg_months=5.5582 loss_ldl=3.4460 lr=0.00018100 grad_norm=2.1438 throughput=33.61 img/s eta_seconds=286.0 gpu_alloc=488.9MiB gpu_reserved=4406.0MiB skipped_batches=0
2026-08-15 17:11:24,635 | INFO | epoch=8 batch=275 global_step=2548 loss_reg_months=5.5207 loss_ldl=3.7712 lr=0.00018100 grad_norm=2.2075 throughput=33.93 img/s eta_seconds=274.4 gpu_alloc=488.9MiB gpu_reserved=4406.0MiB skipped_batches=0
2026-08-15 17:11:32,709 | INFO | epoch=8 batch=300 global_step=2557 loss_reg_months=5.5089 loss_ldl=3.3893 lr=0.00018100 grad_norm=2.6395 throughput=34.18 img/s eta_seconds=263.7 gpu_alloc=378.7MiB gpu_reserved=4406.0MiB skipped_batches=0
2026-08-15 17:11:40,610 | INFO | epoch=8 batch=325 global_step=2565 loss_reg_months=5.5314 loss_ldl=3.6375 lr=0.00018100 grad_norm=1.8491 throughput=34.44 img/s eta_seconds=252.9 gpu_alloc=488.9MiB gpu_reserved=4406.0MiB skipped_batches=0
2026-08-15 17:11:48,977 | INFO | epoch=8 batch=350 global_step=2573 loss_reg_months=5.5017 loss_ldl=3.3309 lr=0.00018100 grad_norm=2.4563 throughput=34.54 img/s eta_seconds=243.5 gpu_alloc=488.9MiB gpu_reserved=4406.0MiB skipped_batches=0
2026-08-15 17:11:56,890 | INFO | epoch=8 batch=375 global_step=2582 loss_reg_months=5.4520 loss_ldl=3.3741 lr=0.00018100 grad_norm=2.3561 throughput=34.74 img/s eta_seconds=233.5 gpu_alloc=378.7MiB gpu_reserved=4406.0MiB skipped_batches=0
2026-08-15 17:12:04,849 | INFO | epoch=8 batch=400 global_step=2590 loss_reg_months=5.4430 loss_ldl=3.3544 lr=0.00018100 grad_norm=1.7508 throughput=34.91 img/s eta_seconds=223.7 gpu_alloc=488.9MiB gpu_reserved=4406.0MiB skipped_batches=0
2026-08-15 17:12:12,938 | INFO | epoch=8 batch=425 global_step=2598 loss_reg_months=5.4196 loss_ldl=3.1162 lr=0.00018100 grad_norm=2.1708 throughput=35.04 img/s eta_seconds=214.4 gpu_alloc=488.9MiB gpu_reserved=4406.0MiB skipped_batches=0
2026-08-15 17:12:20,793 | INFO | epoch=8 batch=450 global_step=2607 loss_reg_months=5.4438 loss_ldl=3.4604 lr=0.00018100 grad_norm=2.8302 throughput=35.20 img/s eta_seconds=204.9 gpu_alloc=378.7MiB gpu_reserved=4406.0MiB skipped_batches=0
2026-08-15 17:12:28,821 | INFO | epoch=8 batch=475 global_step=2615 loss_reg_months=5.4401 loss_ldl=3.2361 lr=0.00018100 grad_norm=2.0676 throughput=35.30 img/s eta_seconds=195.8 gpu_alloc=488.9MiB gpu_reserved=4406.0MiB skipped_batches=0
2026-08-15 17:12:36,824 | INFO | epoch=8 batch=500 global_step=2623 loss_reg_months=5.4483 loss_ldl=3.4507 lr=0.00018100 grad_norm=2.1375 throughput=35.41 img/s eta_seconds=186.7 gpu_alloc=488.9MiB gpu_reserved=4406.0MiB skipped_batches=0
2026-08-15 17:12:44,522 | INFO | epoch=8 batch=525 global_step=2632 loss_reg_months=5.4210 loss_ldl=3.3428 lr=0.00018100 grad_norm=2.0698 throughput=35.56 img/s eta_seconds=177.5 gpu_alloc=378.7MiB gpu_reserved=4406.0MiB skipped_batches=0
2026-08-15 17:12:52,460 | INFO | epoch=8 batch=550 global_step=2640 loss_reg_months=5.3628 loss_ldl=3.2422 lr=0.00018100 grad_norm=1.8959 throughput=35.66 img/s eta_seconds=168.6 gpu_alloc=488.9MiB gpu_reserved=4406.0MiB skipped_batches=0
2026-08-15 17:13:00,146 | INFO | epoch=8 batch=575 global_step=2648 loss_reg_months=5.3608 loss_ldl=3.5910 lr=0.00018100 grad_norm=3.4159 throughput=35.79 img/s eta_seconds=159.6 gpu_alloc=488.9MiB gpu_reserved=4406.0MiB skipped_batches=0
2026-08-15 17:13:07,957 | INFO | epoch=8 batch=600 global_step=2657 loss_reg_months=5.3683 loss_ldl=3.6596 lr=0.00018100 grad_norm=3.2451 throughput=35.89 img/s eta_seconds=150.7 gpu_alloc=378.7MiB gpu_reserved=4406.0MiB skipped_batches=0
2026-08-15 17:13:15,786 | INFO | epoch=8 batch=625 global_step=2665 loss_reg_months=5.3533 loss_ldl=3.2381 lr=0.00018100 grad_norm=3.7492 throughput=35.99 img/s eta_seconds=142.0 gpu_alloc=488.9MiB gpu_reserved=4406.0MiB skipped_batches=0
2026-08-15 17:13:23,600 | INFO | epoch=8 batch=650 global_step=2673 loss_reg_months=5.3687 loss_ldl=3.4173 lr=0.00018100 grad_norm=2.6237 throughput=36.07 img/s eta_seconds=133.4 gpu_alloc=488.9MiB gpu_reserved=4406.0MiB skipped_batches=0
2026-08-15 17:13:31,429 | INFO | epoch=8 batch=675 global_step=2682 loss_reg_months=5.3694 loss_ldl=3.5992 lr=0.00018100 grad_norm=3.6234 throughput=36.15 img/s eta_seconds=124.8 gpu_alloc=378.7MiB gpu_reserved=4406.0MiB skipped_batches=0
2026-08-15 17:13:39,196 | INFO | epoch=8 batch=700 global_step=2690 loss_reg_months=5.3742 loss_ldl=3.3628 lr=0.00018100 grad_norm=2.2019 throughput=36.23 img/s eta_seconds=116.2 gpu_alloc=488.9MiB gpu_reserved=4406.0MiB skipped_batches=0
2026-08-15 17:13:47,098 | INFO | epoch=8 batch=725 global_step=2698 loss_reg_months=5.3679 loss_ldl=3.3157 lr=0.00018100 grad_norm=2.0604 throughput=36.29 img/s eta_seconds=107.8 gpu_alloc=488.9MiB gpu_reserved=4406.0MiB skipped_batches=0
2026-08-15 17:13:54,920 | INFO | epoch=8 batch=750 global_step=2707 loss_reg_months=5.3676 loss_ldl=4.0066 lr=0.00018100 grad_norm=2.4056 throughput=36.36 img/s eta_seconds=99.3 gpu_alloc=378.7MiB gpu_reserved=4406.0MiB skipped_batches=0
2026-08-15 17:14:02,566 | INFO | epoch=8 batch=775 global_step=2715 loss_reg_months=5.3489 loss_ldl=3.2423 lr=0.00018100 grad_norm=2.1010 throughput=36.44 img/s eta_seconds=90.9 gpu_alloc=488.9MiB gpu_reserved=4406.0MiB skipped_batches=0
2026-08-15 17:14:10,502 | INFO | epoch=8 batch=800 global_step=2723 loss_reg_months=5.3314 loss_ldl=3.7275 lr=0.00018100 grad_norm=2.1035 throughput=36.48 img/s eta_seconds=82.5 gpu_alloc=488.9MiB gpu_reserved=4406.0MiB skipped_batches=0
2026-08-15 17:14:18,201 | INFO | epoch=8 batch=825 global_step=2732 loss_reg_months=5.3497 loss_ldl=3.8389 lr=0.00018100 grad_norm=3.6867 throughput=36.55 img/s eta_seconds=74.2 gpu_alloc=378.7MiB gpu_reserved=4406.0MiB skipped_batches=0
2026-08-15 17:14:25,925 | INFO | epoch=8 batch=850 global_step=2740 loss_reg_months=5.3548 loss_ldl=3.1978 lr=0.00018100 grad_norm=1.9654 throughput=36.62 img/s eta_seconds=65.8 gpu_alloc=488.9MiB gpu_reserved=4406.0MiB skipped_batches=0
2026-08-15 17:14:33,631 | INFO | epoch=8 batch=875 global_step=2748 loss_reg_months=5.3476 loss_ldl=3.4162 lr=0.00018100 grad_norm=1.8193 throughput=36.68 img/s eta_seconds=57.6 gpu_alloc=488.9MiB gpu_reserved=4406.0MiB skipped_batches=0
2026-08-15 17:14:41,566 | INFO | epoch=8 batch=900 global_step=2757 loss_reg_months=5.3336 loss_ldl=3.8987 lr=0.00018100 grad_norm=1.5488 throughput=36.71 img/s eta_seconds=49.3 gpu_alloc=378.7MiB gpu_reserved=4406.0MiB skipped_batches=0
2026-08-15 17:14:49,445 | INFO | epoch=8 batch=925 global_step=2765 loss_reg_months=5.3172 loss_ldl=3.2116 lr=0.00018100 grad_norm=1.8947 throughput=36.75 img/s eta_seconds=41.1 gpu_alloc=488.9MiB gpu_reserved=4406.0MiB skipped_batches=0
2026-08-15 17:14:57,187 | INFO | epoch=8 batch=950 global_step=2773 loss_reg_months=5.3084 loss_ldl=3.3989 lr=0.00018100 grad_norm=1.9113 throughput=36.80 img/s eta_seconds=32.9 gpu_alloc=488.9MiB gpu_reserved=4406.0MiB skipped_batches=0
2026-08-15 17:15:05,112 | INFO | epoch=8 batch=975 global_step=2782 loss_reg_months=5.3088 loss_ldl=3.5179 lr=0.00018100 grad_norm=1.9856 throughput=36.82 img/s eta_seconds=24.7 gpu_alloc=378.7MiB gpu_reserved=4406.0MiB skipped_batches=0
2026-08-15 17:15:12,822 | INFO | epoch=8 batch=1000 global_step=2790 loss_reg_months=5.3029 loss_ldl=3.6150 lr=0.00018100 grad_norm=1.6554 throughput=36.87 img/s eta_seconds=16.6 gpu_alloc=488.9MiB gpu_reserved=4406.0MiB skipped_batches=0
2026-08-15 17:15:20,544 | INFO | epoch=8 batch=1025 global_step=2798 loss_reg_months=5.3126 loss_ldl=3.4524 lr=0.00018100 grad_norm=3.9801 throughput=36.92 img/s eta_seconds=8.4 gpu_alloc=488.9MiB gpu_reserved=4406.0MiB skipped_batches=0
2026-08-15 17:15:28,264 | INFO | epoch=8 batch=1050 global_step=2807 loss_reg_months=5.3194 loss_ldl=3.6259 lr=0.00018100 grad_norm=4.0396 throughput=36.96 img/s eta_seconds=0.3 gpu_alloc=378.7MiB gpu_reserved=4406.0MiB skipped_batches=0
2026-08-15 17:15:55,994 | WARNING | STABILITY WARNING [CAM] Validation MAE xấu đi trong khi train loss giảm
2026-08-15 17:15:56,019 | INFO | 
TRAINING REVIEW SNAPSHOT
Run ID / config hash / split hash: P5_D3_CONVNEXT_TINY_LDL_SEED17 / 9ef0879ebe15 / 7328667e6822+f650a20432b5
Epoch / global step: 8 / 2808
Train loss: 5.3182
Validation MAE / RMSE / median AE: 7.3740 / 9.9979 / 5.6177
MAE nam / nữ / age bins: {'F': 7.676181971661152, 'M': 7.119195569224685} / {'0-59': 5.091498932939895, '120-179': 7.837258714975326, '60-119': 7.555740491992931, '180-228': 5.563311457633972}
Learning rate / peak VRAM: 0.00018100 / 4406.0 MiB
Best epoch / best MAE / epochs không cải thiện: 4 / 6.8124 / 4
Cảnh báo hiện tại: CAM: Validation MAE xấu đi trong khi train loss giảm
Checkpoint gần nhất: p1_baseline\runs\P5_D3_CONVNEXT_TINY_LDL_SEED17\last.ckpt
Checkpoint tốt nhất: p1_baseline\runs\P5_D3_CONVNEXT_TINY_LDL_SEED17\best_mae.ckpt
Đề xuất tự động: THEO DÕI
2026-08-15 17:16:13,057 | INFO | epoch=9 batch=25 global_step=2816 loss_reg_months=5.0663 loss_ldl=3.0597 lr=0.00017543 grad_norm=2.7178 throughput=20.12 img/s eta_seconds=611.8 gpu_alloc=488.9MiB gpu_reserved=4406.0MiB skipped_batches=0
2026-08-15 17:16:20,775 | INFO | epoch=9 batch=50 global_step=2824 loss_reg_months=5.3002 loss_ldl=3.5196 lr=0.00017543 grad_norm=3.1558 throughput=26.52 img/s eta_seconds=452.9 gpu_alloc=488.9MiB gpu_reserved=4406.0MiB skipped_batches=0
2026-08-15 17:16:28,460 | INFO | epoch=9 batch=75 global_step=2833 loss_reg_months=5.2769 loss_ldl=3.4591 lr=0.00017543 grad_norm=3.3387 throughput=29.69 img/s eta_seconds=394.4 gpu_alloc=378.7MiB gpu_reserved=4406.0MiB skipped_batches=0
2026-08-15 17:16:36,503 | INFO | epoch=9 batch=100 global_step=2841 loss_reg_months=5.3649 loss_ldl=4.1423 lr=0.00017543 grad_norm=2.7693 throughput=31.29 img/s eta_seconds=364.7 gpu_alloc=488.9MiB gpu_reserved=4406.0MiB skipped_batches=0
2026-08-15 17:16:44,248 | INFO | epoch=9 batch=125 global_step=2849 loss_reg_months=5.4893 loss_ldl=3.0848 lr=0.00017543 grad_norm=3.2930 throughput=32.54 img/s eta_seconds=341.5 gpu_alloc=488.9MiB gpu_reserved=4406.0MiB skipped_batches=0
2026-08-15 17:16:51,957 | INFO | epoch=9 batch=150 global_step=2858 loss_reg_months=5.3848 loss_ldl=3.4085 lr=0.00017543 grad_norm=1.6340 throughput=33.45 img/s eta_seconds=323.2 gpu_alloc=378.7MiB gpu_reserved=4406.0MiB skipped_batches=0
2026-08-15 17:16:59,685 | INFO | epoch=9 batch=175 global_step=2866 loss_reg_months=5.3565 loss_ldl=3.4384 lr=0.00017543 grad_norm=2.7034 throughput=34.13 img/s eta_seconds=308.0 gpu_alloc=488.9MiB gpu_reserved=4406.0MiB skipped_batches=0
2026-08-15 17:17:07,529 | INFO | epoch=9 batch=200 global_step=2874 loss_reg_months=5.3154 loss_ldl=3.4660 lr=0.00017543 grad_norm=3.3858 throughput=34.59 img/s eta_seconds=295.2 gpu_alloc=488.9MiB gpu_reserved=4406.0MiB skipped_batches=0
2026-08-15 17:17:15,283 | INFO | epoch=9 batch=225 global_step=2883 loss_reg_months=5.3341 loss_ldl=2.9846 lr=0.00017543 grad_norm=1.7564 throughput=35.00 img/s eta_seconds=283.1 gpu_alloc=378.7MiB gpu_reserved=4406.0MiB skipped_batches=0
2026-08-15 17:17:23,114 | INFO | epoch=9 batch=250 global_step=2891 loss_reg_months=5.3337 loss_ldl=3.6868 lr=0.00017543 grad_norm=1.9387 throughput=35.31 img/s eta_seconds=272.2 gpu_alloc=488.9MiB gpu_reserved=4406.0MiB skipped_batches=0
2026-08-15 17:17:30,918 | INFO | epoch=9 batch=275 global_step=2899 loss_reg_months=5.3091 loss_ldl=2.9932 lr=0.00017543 grad_norm=3.0266 throughput=35.57 img/s eta_seconds=261.7 gpu_alloc=488.9MiB gpu_reserved=4406.0MiB skipped_batches=0
2026-08-15 17:17:38,650 | INFO | epoch=9 batch=300 global_step=2908 loss_reg_months=5.3264 loss_ldl=3.2701 lr=0.00017543 grad_norm=2.8111 throughput=35.82 img/s eta_seconds=251.6 gpu_alloc=378.7MiB gpu_reserved=4406.0MiB skipped_batches=0
2026-08-15 17:17:46,503 | INFO | epoch=9 batch=325 global_step=2916 loss_reg_months=5.3024 loss_ldl=3.1842 lr=0.00017543 grad_norm=2.3184 throughput=35.99 img/s eta_seconds=242.0 gpu_alloc=488.9MiB gpu_reserved=4406.0MiB skipped_batches=0
2026-08-15 17:17:54,483 | INFO | epoch=9 batch=350 global_step=2924 loss_reg_months=5.3154 loss_ldl=3.6351 lr=0.00017543 grad_norm=2.0644 throughput=36.10 img/s eta_seconds=233.0 gpu_alloc=488.9MiB gpu_reserved=4406.0MiB skipped_batches=0
2026-08-15 17:18:02,148 | INFO | epoch=9 batch=375 global_step=2933 loss_reg_months=5.2978 loss_ldl=3.5161 lr=0.00017543 grad_norm=1.8419 throughput=36.29 img/s eta_seconds=223.5 gpu_alloc=378.7MiB gpu_reserved=4406.0MiB skipped_batches=0
2026-08-15 17:18:09,964 | INFO | epoch=9 batch=400 global_step=2941 loss_reg_months=5.2976 loss_ldl=3.2455 lr=0.00017543 grad_norm=1.3640 throughput=36.41 img/s eta_seconds=214.5 gpu_alloc=488.9MiB gpu_reserved=4406.0MiB skipped_batches=0
2026-08-15 17:18:17,680 | INFO | epoch=9 batch=425 global_step=2949 loss_reg_months=5.2845 loss_ldl=3.1262 lr=0.00017543 grad_norm=2.3052 throughput=36.55 img/s eta_seconds=205.5 gpu_alloc=488.9MiB gpu_reserved=4406.0MiB skipped_batches=0
2026-08-15 17:18:25,400 | INFO | epoch=9 batch=450 global_step=2958 loss_reg_months=5.2909 loss_ldl=3.5983 lr=0.00017543 grad_norm=1.6156 throughput=36.67 img/s eta_seconds=196.6 gpu_alloc=378.7MiB gpu_reserved=4406.0MiB skipped_batches=0
2026-08-15 17:18:33,102 | INFO | epoch=9 batch=475 global_step=2966 loss_reg_months=5.2628 loss_ldl=3.2103 lr=0.00017543 grad_norm=2.5456 throughput=36.79 img/s eta_seconds=187.9 gpu_alloc=488.9MiB gpu_reserved=4406.0MiB skipped_batches=0
2026-08-15 17:18:41,120 | INFO | epoch=9 batch=500 global_step=2974 loss_reg_months=5.2716 loss_ldl=3.4390 lr=0.00017543 grad_norm=1.5406 throughput=36.82 img/s eta_seconds=179.6 gpu_alloc=488.9MiB gpu_reserved=4406.0MiB skipped_batches=0
2026-08-15 17:18:48,843 | INFO | epoch=9 batch=525 global_step=2983 loss_reg_months=5.2672 loss_ldl=4.7520 lr=0.00017543 grad_norm=2.1052 throughput=36.91 img/s eta_seconds=171.0 gpu_alloc=378.7MiB gpu_reserved=4406.0MiB skipped_batches=0
2026-08-15 17:18:56,568 | INFO | epoch=9 batch=550 global_step=2991 loss_reg_months=5.2545 loss_ldl=3.3526 lr=0.00017543 grad_norm=1.7432 throughput=36.99 img/s eta_seconds=162.5 gpu_alloc=488.9MiB gpu_reserved=4406.0MiB skipped_batches=0
2026-08-15 17:19:04,538 | INFO | epoch=9 batch=575 global_step=2999 loss_reg_months=5.2284 loss_ldl=3.4303 lr=0.00017543 grad_norm=1.9130 throughput=37.02 img/s eta_seconds=154.3 gpu_alloc=488.9MiB gpu_reserved=4406.0MiB skipped_batches=0
2026-08-15 17:19:13,368 | INFO | epoch=9 batch=600 global_step=3008 loss_reg_months=5.2054 loss_ldl=3.0796 lr=0.00017543 grad_norm=1.8023 throughput=36.88 img/s eta_seconds=146.7 gpu_alloc=378.7MiB gpu_reserved=4406.0MiB skipped_batches=0
2026-08-15 17:19:21,272 | INFO | epoch=9 batch=625 global_step=3016 loss_reg_months=5.2092 loss_ldl=3.1253 lr=0.00017543 grad_norm=2.4831 throughput=36.92 img/s eta_seconds=138.4 gpu_alloc=488.9MiB gpu_reserved=4406.0MiB skipped_batches=0
2026-08-15 17:19:29,065 | INFO | epoch=9 batch=650 global_step=3024 loss_reg_months=5.1984 loss_ldl=3.2424 lr=0.00017543 grad_norm=1.9723 throughput=36.98 img/s eta_seconds=130.1 gpu_alloc=488.9MiB gpu_reserved=4406.0MiB skipped_batches=0
2026-08-15 17:19:37,068 | INFO | epoch=9 batch=675 global_step=3033 loss_reg_months=5.1950 loss_ldl=3.2585 lr=0.00017543 grad_norm=1.6363 throughput=37.00 img/s eta_seconds=121.9 gpu_alloc=378.7MiB gpu_reserved=4406.0MiB skipped_batches=0
2026-08-15 17:19:44,766 | INFO | epoch=9 batch=700 global_step=3041 loss_reg_months=5.1654 loss_ldl=3.0832 lr=0.00017543 grad_norm=1.9550 throughput=37.07 img/s eta_seconds=113.6 gpu_alloc=488.9MiB gpu_reserved=4406.0MiB skipped_batches=0
2026-08-15 17:19:52,837 | INFO | epoch=9 batch=725 global_step=3049 loss_reg_months=5.1716 loss_ldl=3.7868 lr=0.00017543 grad_norm=2.2960 throughput=37.07 img/s eta_seconds=105.5 gpu_alloc=488.9MiB gpu_reserved=4406.0MiB skipped_batches=0
2026-08-15 17:20:00,618 | INFO | epoch=9 batch=750 global_step=3058 loss_reg_months=5.2016 loss_ldl=3.5821 lr=0.00017543 grad_norm=2.2979 throughput=37.12 img/s eta_seconds=97.3 gpu_alloc=378.7MiB gpu_reserved=4406.0MiB skipped_batches=0
2026-08-15 17:20:08,383 | INFO | epoch=9 batch=775 global_step=3066 loss_reg_months=5.1982 loss_ldl=3.7174 lr=0.00017543 grad_norm=1.7845 throughput=37.17 img/s eta_seconds=89.1 gpu_alloc=488.9MiB gpu_reserved=4406.0MiB skipped_batches=0
2026-08-15 17:20:16,361 | INFO | epoch=9 batch=800 global_step=3074 loss_reg_months=5.1849 loss_ldl=3.5030 lr=0.00017543 grad_norm=1.7949 throughput=37.18 img/s eta_seconds=81.0 gpu_alloc=488.9MiB gpu_reserved=4406.0MiB skipped_batches=0
2026-08-15 17:20:24,143 | INFO | epoch=9 batch=825 global_step=3083 loss_reg_months=5.1770 loss_ldl=3.6202 lr=0.00017543 grad_norm=2.8341 throughput=37.22 img/s eta_seconds=72.8 gpu_alloc=378.7MiB gpu_reserved=4406.0MiB skipped_batches=0
2026-08-15 17:20:31,994 | INFO | epoch=9 batch=850 global_step=3091 loss_reg_months=5.1542 loss_ldl=2.9417 lr=0.00017543 grad_norm=2.4217 throughput=37.25 img/s eta_seconds=64.7 gpu_alloc=488.9MiB gpu_reserved=4406.0MiB skipped_batches=0
2026-08-15 17:20:39,716 | INFO | epoch=9 batch=875 global_step=3099 loss_reg_months=5.1513 loss_ldl=3.3972 lr=0.00017543 grad_norm=2.2113 throughput=37.29 img/s eta_seconds=56.6 gpu_alloc=488.9MiB gpu_reserved=4406.0MiB skipped_batches=0
2026-08-15 17:20:47,401 | INFO | epoch=9 batch=900 global_step=3108 loss_reg_months=5.1475 loss_ldl=3.3390 lr=0.00017543 grad_norm=1.9034 throughput=37.34 img/s eta_seconds=48.5 gpu_alloc=378.7MiB gpu_reserved=4406.0MiB skipped_batches=0
2026-08-15 17:20:55,284 | INFO | epoch=9 batch=925 global_step=3116 loss_reg_months=5.1346 loss_ldl=3.3024 lr=0.00017543 grad_norm=2.2601 throughput=37.36 img/s eta_seconds=40.4 gpu_alloc=488.9MiB gpu_reserved=4406.0MiB skipped_batches=0
2026-08-15 17:21:02,924 | INFO | epoch=9 batch=950 global_step=3124 loss_reg_months=5.1355 loss_ldl=3.8519 lr=0.00017543 grad_norm=2.1633 throughput=37.40 img/s eta_seconds=32.4 gpu_alloc=488.9MiB gpu_reserved=4406.0MiB skipped_batches=0
2026-08-15 17:21:10,769 | INFO | epoch=9 batch=975 global_step=3133 loss_reg_months=5.1300 loss_ldl=3.0168 lr=0.00017543 grad_norm=2.4289 throughput=37.43 img/s eta_seconds=24.3 gpu_alloc=378.7MiB gpu_reserved=4406.0MiB skipped_batches=0
2026-08-15 17:21:18,424 | INFO | epoch=9 batch=1000 global_step=3141 loss_reg_months=5.1274 loss_ldl=3.4413 lr=0.00017543 grad_norm=2.3322 throughput=37.47 img/s eta_seconds=16.3 gpu_alloc=488.9MiB gpu_reserved=4406.0MiB skipped_batches=0
2026-08-15 17:21:26,273 | INFO | epoch=9 batch=1025 global_step=3149 loss_reg_months=5.1297 loss_ldl=3.0283 lr=0.00017543 grad_norm=2.0329 throughput=37.49 img/s eta_seconds=8.3 gpu_alloc=488.9MiB gpu_reserved=4406.0MiB skipped_batches=0
2026-08-15 17:21:34,229 | INFO | epoch=9 batch=1050 global_step=3158 loss_reg_months=5.1268 loss_ldl=3.1680 lr=0.00017543 grad_norm=1.8912 throughput=37.49 img/s eta_seconds=0.3 gpu_alloc=378.7MiB gpu_reserved=4406.0MiB skipped_batches=0
2026-08-15 17:22:03,990 | INFO | 
TRAINING REVIEW SNAPSHOT
Run ID / config hash / split hash: P5_D3_CONVNEXT_TINY_LDL_SEED17 / 9ef0879ebe15 / 7328667e6822+f650a20432b5
Epoch / global step: 9 / 3159
Train loss: 5.1278
Validation MAE / RMSE / median AE: 6.4936 / 8.7700 / 4.9365
MAE nam / nữ / age bins: {'F': 6.909312172170066, 'M': 6.142965987922303} / {'0-59': 5.780868591146266, '120-179': 6.595917030966326, '60-119': 6.829289915597983, '180-228': 5.337074160575867}
Learning rate / peak VRAM: 0.00017543 / 4406.0 MiB
Best epoch / best MAE / epochs không cải thiện: 9 / 6.4936 / 0
Cảnh báo hiện tại: KHÔNG
Checkpoint gần nhất: p1_baseline\runs\P5_D3_CONVNEXT_TINY_LDL_SEED17\last.ckpt
Checkpoint tốt nhất: p1_baseline\runs\P5_D3_CONVNEXT_TINY_LDL_SEED17\best_mae.ckpt
Đề xuất tự động: TIẾP TỤC
2026-08-15 17:22:22,739 | INFO | epoch=10 batch=25 global_step=3167 loss_reg_months=4.8725 loss_ldl=3.4108 lr=0.00016926 grad_norm=2.0192 throughput=19.83 img/s eta_seconds=620.7 gpu_alloc=488.9MiB gpu_reserved=4406.0MiB skipped_batches=0
2026-08-15 17:22:30,421 | INFO | epoch=10 batch=50 global_step=3175 loss_reg_months=4.9945 loss_ldl=3.3251 lr=0.00016926 grad_norm=2.1767 throughput=26.31 img/s eta_seconds=456.6 gpu_alloc=488.9MiB gpu_reserved=4406.0MiB skipped_batches=0
2026-08-15 17:22:38,131 | INFO | epoch=10 batch=75 global_step=3184 loss_reg_months=4.8901 loss_ldl=3.1530 lr=0.00016926 grad_norm=1.6577 throughput=29.49 img/s eta_seconds=397.1 gpu_alloc=378.7MiB gpu_reserved=4406.0MiB skipped_batches=0
2026-08-15 17:22:45,967 | INFO | epoch=10 batch=100 global_step=3192 loss_reg_months=4.9939 loss_ldl=3.1249 lr=0.00016926 grad_norm=2.8537 throughput=31.29 img/s eta_seconds=364.7 gpu_alloc=488.9MiB gpu_reserved=4406.0MiB skipped_batches=0
2026-08-15 17:22:53,654 | INFO | epoch=10 batch=125 global_step=3200 loss_reg_months=5.0577 loss_ldl=3.6961 lr=0.00016926 grad_norm=2.9007 throughput=32.58 img/s eta_seconds=341.0 gpu_alloc=488.9MiB gpu_reserved=4406.0MiB skipped_batches=0
2026-08-15 17:23:01,592 | INFO | epoch=10 batch=150 global_step=3209 loss_reg_months=5.0158 loss_ldl=3.0689 lr=0.00016926 grad_norm=2.7320 throughput=33.35 img/s eta_seconds=324.2 gpu_alloc=378.7MiB gpu_reserved=4406.0MiB skipped_batches=0
2026-08-15 17:23:09,624 | INFO | epoch=10 batch=175 global_step=3217 loss_reg_months=4.9985 loss_ldl=3.1422 lr=0.00016926 grad_norm=2.2880 throughput=33.87 img/s eta_seconds=310.4 gpu_alloc=488.9MiB gpu_reserved=4406.0MiB skipped_batches=0
2026-08-15 17:23:17,530 | INFO | epoch=10 batch=200 global_step=3225 loss_reg_months=4.9192 loss_ldl=3.1962 lr=0.00016926 grad_norm=2.7565 throughput=34.33 img/s eta_seconds=297.5 gpu_alloc=488.9MiB gpu_reserved=4406.0MiB skipped_batches=0
2026-08-15 17:23:25,479 | INFO | epoch=10 batch=225 global_step=3234 loss_reg_months=4.9049 loss_ldl=3.0764 lr=0.00016926 grad_norm=2.4734 throughput=34.68 img/s eta_seconds=285.8 gpu_alloc=378.7MiB gpu_reserved=4406.0MiB skipped_batches=0
2026-08-15 17:23:33,417 | INFO | epoch=10 batch=250 global_step=3242 loss_reg_months=4.9776 loss_ldl=3.3949 lr=0.00016926 grad_norm=2.2344 throughput=34.96 img/s eta_seconds=274.9 gpu_alloc=488.9MiB gpu_reserved=4406.0MiB skipped_batches=0
2026-08-15 17:23:41,141 | INFO | epoch=10 batch=275 global_step=3250 loss_reg_months=4.9612 loss_ldl=2.9931 lr=0.00016926 grad_norm=1.7379 throughput=35.28 img/s eta_seconds=263.9 gpu_alloc=488.9MiB gpu_reserved=4406.0MiB skipped_batches=0
2026-08-15 17:23:49,231 | INFO | epoch=10 batch=300 global_step=3259 loss_reg_months=4.9422 loss_ldl=2.8859 lr=0.00016926 grad_norm=2.2818 throughput=35.43 img/s eta_seconds=254.4 gpu_alloc=378.7MiB gpu_reserved=4406.0MiB skipped_batches=0
2026-08-15 17:23:56,940 | INFO | epoch=10 batch=325 global_step=3267 loss_reg_months=4.9308 loss_ldl=3.4393 lr=0.00016926 grad_norm=2.0035 throughput=35.67 img/s eta_seconds=244.2 gpu_alloc=488.9MiB gpu_reserved=4406.0MiB skipped_batches=0
2026-08-15 17:24:04,701 | INFO | epoch=10 batch=350 global_step=3275 loss_reg_months=4.9627 loss_ldl=3.4877 lr=0.00016926 grad_norm=1.9675 throughput=35.87 img/s eta_seconds=234.5 gpu_alloc=488.9MiB gpu_reserved=4406.0MiB skipped_batches=0
2026-08-15 17:24:12,585 | INFO | epoch=10 batch=375 global_step=3284 loss_reg_months=4.9779 loss_ldl=3.1291 lr=0.00016926 grad_norm=3.1166 throughput=36.01 img/s eta_seconds=225.3 gpu_alloc=378.7MiB gpu_reserved=4406.0MiB skipped_batches=0
2026-08-15 17:24:20,561 | INFO | epoch=10 batch=400 global_step=3292 loss_reg_months=4.9976 loss_ldl=3.7397 lr=0.00016926 grad_norm=1.6441 throughput=36.10 img/s eta_seconds=216.3 gpu_alloc=488.9MiB gpu_reserved=4406.0MiB skipped_batches=0
2026-08-15 17:24:28,359 | INFO | epoch=10 batch=425 global_step=3300 loss_reg_months=5.0142 loss_ldl=3.6708 lr=0.00016926 grad_norm=3.3326 throughput=36.24 img/s eta_seconds=207.3 gpu_alloc=488.9MiB gpu_reserved=4406.0MiB skipped_batches=0
2026-08-15 17:24:36,799 | INFO | epoch=10 batch=450 global_step=3309 loss_reg_months=5.0417 loss_ldl=3.5724 lr=0.00016926 grad_norm=2.8485 throughput=36.20 img/s eta_seconds=199.2 gpu_alloc=378.7MiB gpu_reserved=4406.0MiB skipped_batches=0
2026-08-15 17:24:44,469 | INFO | epoch=10 batch=475 global_step=3317 loss_reg_months=5.0615 loss_ldl=3.4749 lr=0.00016926 grad_norm=1.8459 throughput=36.34 img/s eta_seconds=190.2 gpu_alloc=488.9MiB gpu_reserved=4406.0MiB skipped_batches=0
2026-08-15 17:24:52,392 | INFO | epoch=10 batch=500 global_step=3325 loss_reg_months=5.0521 loss_ldl=3.0215 lr=0.00016926 grad_norm=2.4623 throughput=36.41 img/s eta_seconds=181.6 gpu_alloc=488.9MiB gpu_reserved=4406.0MiB skipped_batches=0
2026-08-15 17:25:00,205 | INFO | epoch=10 batch=525 global_step=3334 loss_reg_months=5.0544 loss_ldl=3.5941 lr=0.00016926 grad_norm=1.6779 throughput=36.50 img/s eta_seconds=172.9 gpu_alloc=378.7MiB gpu_reserved=4406.0MiB skipped_batches=0
2026-08-15 17:25:07,914 | INFO | epoch=10 batch=550 global_step=3342 loss_reg_months=5.0643 loss_ldl=3.3237 lr=0.00016926 grad_norm=2.9599 throughput=36.61 img/s eta_seconds=164.2 gpu_alloc=488.9MiB gpu_reserved=4406.0MiB skipped_batches=0
2026-08-15 17:25:15,556 | INFO | epoch=10 batch=575 global_step=3350 loss_reg_months=5.0609 loss_ldl=3.8415 lr=0.00016926 grad_norm=2.8348 throughput=36.71 img/s eta_seconds=155.6 gpu_alloc=488.9MiB gpu_reserved=4406.0MiB skipped_batches=0
2026-08-15 17:25:23,336 | INFO | epoch=10 batch=600 global_step=3359 loss_reg_months=5.0555 loss_ldl=3.3516 lr=0.00016926 grad_norm=1.8817 throughput=36.79 img/s eta_seconds=147.1 gpu_alloc=378.7MiB gpu_reserved=4406.0MiB skipped_batches=0
2026-08-15 17:25:31,065 | INFO | epoch=10 batch=625 global_step=3367 loss_reg_months=5.0362 loss_ldl=3.8795 lr=0.00016926 grad_norm=2.5982 throughput=36.86 img/s eta_seconds=138.6 gpu_alloc=488.9MiB gpu_reserved=4406.0MiB skipped_batches=0
2026-08-15 17:25:38,993 | INFO | epoch=10 batch=650 global_step=3375 loss_reg_months=5.0307 loss_ldl=3.2195 lr=0.00016926 grad_norm=2.3183 throughput=36.90 img/s eta_seconds=130.4 gpu_alloc=488.9MiB gpu_reserved=4406.0MiB skipped_batches=0
2026-08-15 17:25:46,978 | INFO | epoch=10 batch=675 global_step=3384 loss_reg_months=5.0220 loss_ldl=3.1351 lr=0.00016926 grad_norm=1.7357 throughput=36.93 img/s eta_seconds=122.2 gpu_alloc=378.7MiB gpu_reserved=4406.0MiB skipped_batches=0
2026-08-15 17:25:54,685 | INFO | epoch=10 batch=700 global_step=3392 loss_reg_months=5.0239 loss_ldl=3.3481 lr=0.00016926 grad_norm=3.3721 throughput=36.99 img/s eta_seconds=113.8 gpu_alloc=488.9MiB gpu_reserved=4406.0MiB skipped_batches=0
2026-08-15 17:26:02,358 | INFO | epoch=10 batch=725 global_step=3400 loss_reg_months=5.0501 loss_ldl=3.3264 lr=0.00016926 grad_norm=2.7249 throughput=37.06 img/s eta_seconds=105.5 gpu_alloc=488.9MiB gpu_reserved=4406.0MiB skipped_batches=0
2026-08-15 17:26:10,289 | INFO | epoch=10 batch=750 global_step=3409 loss_reg_months=5.0438 loss_ldl=2.9496 lr=0.00016926 grad_norm=1.5537 throughput=37.09 img/s eta_seconds=97.4 gpu_alloc=378.7MiB gpu_reserved=4406.0MiB skipped_batches=0
2026-08-15 17:26:17,939 | INFO | epoch=10 batch=775 global_step=3417 loss_reg_months=5.0497 loss_ldl=3.3314 lr=0.00016926 grad_norm=2.0607 throughput=37.15 img/s eta_seconds=89.1 gpu_alloc=488.9MiB gpu_reserved=4406.0MiB skipped_batches=0
2026-08-15 17:26:25,847 | INFO | epoch=10 batch=800 global_step=3425 loss_reg_months=5.0596 loss_ldl=3.6023 lr=0.00016926 grad_norm=3.8029 throughput=37.18 img/s eta_seconds=81.0 gpu_alloc=488.9MiB gpu_reserved=4406.0MiB skipped_batches=0
2026-08-15 17:26:33,600 | INFO | epoch=10 batch=825 global_step=3434 loss_reg_months=5.0350 loss_ldl=3.2776 lr=0.00016926 grad_norm=1.9775 throughput=37.22 img/s eta_seconds=72.8 gpu_alloc=378.7MiB gpu_reserved=4406.0MiB skipped_batches=0
2026-08-15 17:26:41,509 | INFO | epoch=10 batch=850 global_step=3442 loss_reg_months=5.0479 loss_ldl=3.3590 lr=0.00016926 grad_norm=3.9732 throughput=37.24 img/s eta_seconds=64.7 gpu_alloc=488.9MiB gpu_reserved=4406.0MiB skipped_batches=0
2026-08-15 17:26:49,244 | INFO | epoch=10 batch=875 global_step=3450 loss_reg_months=5.0386 loss_ldl=3.2258 lr=0.00016926 grad_norm=3.5050 throughput=37.28 img/s eta_seconds=56.6 gpu_alloc=488.9MiB gpu_reserved=4406.0MiB skipped_batches=0
2026-08-15 17:26:57,022 | INFO | epoch=10 batch=900 global_step=3459 loss_reg_months=5.0516 loss_ldl=3.3492 lr=0.00016926 grad_norm=2.2890 throughput=37.32 img/s eta_seconds=48.5 gpu_alloc=378.7MiB gpu_reserved=4406.0MiB skipped_batches=0
2026-08-15 17:27:04,809 | INFO | epoch=10 batch=925 global_step=3467 loss_reg_months=5.0481 loss_ldl=3.2286 lr=0.00016926 grad_norm=2.0233 throughput=37.35 img/s eta_seconds=40.5 gpu_alloc=488.9MiB gpu_reserved=4406.0MiB skipped_batches=0
2026-08-15 17:27:12,692 | INFO | epoch=10 batch=950 global_step=3475 loss_reg_months=5.0503 loss_ldl=3.4023 lr=0.00016926 grad_norm=2.2493 throughput=37.37 img/s eta_seconds=32.4 gpu_alloc=488.9MiB gpu_reserved=4406.0MiB skipped_batches=0
2026-08-15 17:27:20,439 | INFO | epoch=10 batch=975 global_step=3484 loss_reg_months=5.0460 loss_ldl=3.3505 lr=0.00016926 grad_norm=2.9196 throughput=37.40 img/s eta_seconds=24.4 gpu_alloc=378.7MiB gpu_reserved=4406.0MiB skipped_batches=0
2026-08-15 17:27:28,153 | INFO | epoch=10 batch=1000 global_step=3492 loss_reg_months=5.0414 loss_ldl=3.2188 lr=0.00016926 grad_norm=3.0581 throughput=37.44 img/s eta_seconds=16.3 gpu_alloc=488.9MiB gpu_reserved=4406.0MiB skipped_batches=0
2026-08-15 17:27:36,874 | INFO | epoch=10 batch=1025 global_step=3500 loss_reg_months=5.0454 loss_ldl=3.5100 lr=0.00016926 grad_norm=2.9541 throughput=37.36 img/s eta_seconds=8.3 gpu_alloc=488.9MiB gpu_reserved=4406.0MiB skipped_batches=0
2026-08-15 17:27:44,922 | INFO | epoch=10 batch=1050 global_step=3509 loss_reg_months=5.0507 loss_ldl=3.5741 lr=0.00016926 grad_norm=1.8940 throughput=37.35 img/s eta_seconds=0.3 gpu_alloc=378.7MiB gpu_reserved=4406.0MiB skipped_batches=0
2026-08-15 17:28:12,479 | INFO | 
TRAINING REVIEW SNAPSHOT
Run ID / config hash / split hash: P5_D3_CONVNEXT_TINY_LDL_SEED17 / 9ef0879ebe15 / 7328667e6822+f650a20432b5
Epoch / global step: 10 / 3510
Train loss: 5.0529
Validation MAE / RMSE / median AE: 7.3007 / 9.7025 / 5.8605
MAE nam / nữ / age bins: {'F': 7.741388502296495, 'M': 6.928969729918249} / {'0-59': 6.037166676622756, '120-179': 8.105599930318826, '60-119': 6.44401958872219, '180-228': 5.778212308883667}
Learning rate / peak VRAM: 0.00016926 / 4406.0 MiB
Best epoch / best MAE / epochs không cải thiện: 9 / 6.4936 / 1
Cảnh báo hiện tại: KHÔNG
Checkpoint gần nhất: p1_baseline\runs\P5_D3_CONVNEXT_TINY_LDL_SEED17\last.ckpt
Checkpoint tốt nhất: p1_baseline\runs\P5_D3_CONVNEXT_TINY_LDL_SEED17\best_mae.ckpt
Đề xuất tự động: TIẾP TỤC
2026-08-15 17:28:29,431 | INFO | epoch=11 batch=25 global_step=3518 loss_reg_months=5.1709 loss_ldl=3.0170 lr=0.00016254 grad_norm=2.0846 throughput=20.18 img/s eta_seconds=610.0 gpu_alloc=488.9MiB gpu_reserved=4406.0MiB skipped_batches=0
2026-08-15 17:28:37,177 | INFO | epoch=11 batch=50 global_step=3526 loss_reg_months=4.8756 loss_ldl=3.2191 lr=0.00016254 grad_norm=2.1276 throughput=26.53 img/s eta_seconds=452.7 gpu_alloc=488.9MiB gpu_reserved=4406.0MiB skipped_batches=0
2026-08-15 17:28:44,945 | INFO | epoch=11 batch=75 global_step=3535 loss_reg_months=4.8212 loss_ldl=3.3317 lr=0.00016254 grad_norm=3.2887 throughput=29.62 img/s eta_seconds=395.3 gpu_alloc=378.7MiB gpu_reserved=4406.0MiB skipped_batches=0
2026-08-15 17:28:52,686 | INFO | epoch=11 batch=100 global_step=3543 loss_reg_months=4.8520 loss_ldl=3.1236 lr=0.00016254 grad_norm=2.6352 throughput=31.48 img/s eta_seconds=362.5 gpu_alloc=488.9MiB gpu_reserved=4406.0MiB skipped_batches=0
2026-08-15 17:29:00,653 | INFO | epoch=11 batch=125 global_step=3551 loss_reg_months=4.8011 loss_ldl=3.4631 lr=0.00016254 grad_norm=2.7944 throughput=32.55 img/s eta_seconds=341.4 gpu_alloc=488.9MiB gpu_reserved=4406.0MiB skipped_batches=0
2026-08-15 17:29:08,413 | INFO | epoch=11 batch=150 global_step=3560 loss_reg_months=4.7372 loss_ldl=3.3363 lr=0.00016254 grad_norm=1.8923 throughput=33.43 img/s eta_seconds=323.4 gpu_alloc=378.7MiB gpu_reserved=4406.0MiB skipped_batches=0
2026-08-15 17:29:16,075 | INFO | epoch=11 batch=175 global_step=3568 loss_reg_months=4.7336 loss_ldl=3.1683 lr=0.00016254 grad_norm=2.6240 throughput=34.14 img/s eta_seconds=307.9 gpu_alloc=488.9MiB gpu_reserved=4406.0MiB skipped_batches=0
2026-08-15 17:29:23,890 | INFO | epoch=11 batch=200 global_step=3576 loss_reg_months=4.7631 loss_ldl=2.9807 lr=0.00016254 grad_norm=2.2993 throughput=34.62 img/s eta_seconds=294.9 gpu_alloc=488.9MiB gpu_reserved=4406.0MiB skipped_batches=0
2026-08-15 17:29:31,585 | INFO | epoch=11 batch=225 global_step=3585 loss_reg_months=4.7772 loss_ldl=3.1858 lr=0.00016254 grad_norm=2.0880 throughput=35.06 img/s eta_seconds=282.7 gpu_alloc=378.7MiB gpu_reserved=4406.0MiB skipped_batches=0
2026-08-15 17:29:39,306 | INFO | epoch=11 batch=250 global_step=3593 loss_reg_months=4.8543 loss_ldl=3.1880 lr=0.00016254 grad_norm=2.5415 throughput=35.40 img/s eta_seconds=271.5 gpu_alloc=488.9MiB gpu_reserved=4406.0MiB skipped_batches=0
2026-08-15 17:29:47,165 | INFO | epoch=11 batch=275 global_step=3601 loss_reg_months=4.8275 loss_ldl=3.1245 lr=0.00016254 grad_norm=1.9237 throughput=35.64 img/s eta_seconds=261.3 gpu_alloc=488.9MiB gpu_reserved=4406.0MiB skipped_batches=0
2026-08-15 17:29:54,878 | INFO | epoch=11 batch=300 global_step=3610 loss_reg_months=4.8466 loss_ldl=4.2616 lr=0.00016254 grad_norm=3.5747 throughput=35.89 img/s eta_seconds=251.1 gpu_alloc=378.7MiB gpu_reserved=4406.0MiB skipped_batches=0
2026-08-15 17:30:02,653 | INFO | epoch=11 batch=325 global_step=3618 loss_reg_months=4.8411 loss_ldl=3.6397 lr=0.00016254 grad_norm=2.6819 throughput=36.08 img/s eta_seconds=241.4 gpu_alloc=488.9MiB gpu_reserved=4406.0MiB skipped_batches=0
2026-08-15 17:30:10,403 | INFO | epoch=11 batch=350 global_step=3626 loss_reg_months=4.8483 loss_ldl=3.2777 lr=0.00016254 grad_norm=3.0075 throughput=36.26 img/s eta_seconds=232.0 gpu_alloc=488.9MiB gpu_reserved=4406.0MiB skipped_batches=0
2026-08-15 17:30:18,126 | INFO | epoch=11 batch=375 global_step=3635 loss_reg_months=4.8317 loss_ldl=3.3363 lr=0.00016254 grad_norm=1.8847 throughput=36.42 img/s eta_seconds=222.7 gpu_alloc=378.7MiB gpu_reserved=4406.0MiB skipped_batches=0
2026-08-15 17:30:26,121 | INFO | epoch=11 batch=400 global_step=3643 loss_reg_months=4.8572 loss_ldl=3.2131 lr=0.00016254 grad_norm=2.4925 throughput=36.49 img/s eta_seconds=214.1 gpu_alloc=488.9MiB gpu_reserved=4406.0MiB skipped_batches=0
2026-08-15 17:30:33,777 | INFO | epoch=11 batch=425 global_step=3651 loss_reg_months=4.8719 loss_ldl=3.3078 lr=0.00016254 grad_norm=1.7645 throughput=36.63 img/s eta_seconds=205.0 gpu_alloc=488.9MiB gpu_reserved=4406.0MiB skipped_batches=0
2026-08-15 17:30:41,593 | INFO | epoch=11 batch=450 global_step=3660 loss_reg_months=4.9074 loss_ldl=3.4377 lr=0.00016254 grad_norm=2.6688 throughput=36.73 img/s eta_seconds=196.3 gpu_alloc=378.7MiB gpu_reserved=4406.0MiB skipped_batches=0
2026-08-15 17:30:49,313 | INFO | epoch=11 batch=475 global_step=3668 loss_reg_months=4.8930 loss_ldl=3.4352 lr=0.00016254 grad_norm=2.8894 throughput=36.83 img/s eta_seconds=187.6 gpu_alloc=488.9MiB gpu_reserved=4406.0MiB skipped_batches=0
2026-08-15 17:30:57,004 | INFO | epoch=11 batch=500 global_step=3676 loss_reg_months=4.9045 loss_ldl=3.0403 lr=0.00016254 grad_norm=3.1614 throughput=36.94 img/s eta_seconds=179.0 gpu_alloc=488.9MiB gpu_reserved=4406.0MiB skipped_batches=0
2026-08-15 17:31:04,977 | INFO | epoch=11 batch=525 global_step=3685 loss_reg_months=4.9270 loss_ldl=3.2793 lr=0.00016254 grad_norm=1.9665 throughput=36.97 img/s eta_seconds=170.7 gpu_alloc=378.7MiB gpu_reserved=4406.0MiB skipped_batches=0
2026-08-15 17:31:12,669 | INFO | epoch=11 batch=550 global_step=3693 loss_reg_months=4.9267 loss_ldl=3.1025 lr=0.00016254 grad_norm=1.4317 throughput=37.06 img/s eta_seconds=162.2 gpu_alloc=488.9MiB gpu_reserved=4406.0MiB skipped_batches=0
2026-08-15 17:31:20,495 | INFO | epoch=11 batch=575 global_step=3701 loss_reg_months=4.9408 loss_ldl=3.3793 lr=0.00016254 grad_norm=2.0491 throughput=37.11 img/s eta_seconds=153.9 gpu_alloc=488.9MiB gpu_reserved=4406.0MiB skipped_batches=0
2026-08-15 17:31:28,217 | INFO | epoch=11 batch=600 global_step=3710 loss_reg_months=4.9407 loss_ldl=3.2011 lr=0.00016254 grad_norm=2.0468 throughput=37.18 img/s eta_seconds=145.5 gpu_alloc=378.7MiB gpu_reserved=4406.0MiB skipped_batches=0
2026-08-15 17:31:36,075 | INFO | epoch=11 batch=625 global_step=3718 loss_reg_months=4.9319 loss_ldl=3.5474 lr=0.00016254 grad_norm=2.3475 throughput=37.22 img/s eta_seconds=137.3 gpu_alloc=488.9MiB gpu_reserved=4406.0MiB skipped_batches=0
2026-08-15 17:31:43,901 | INFO | epoch=11 batch=650 global_step=3726 loss_reg_months=4.9363 loss_ldl=3.6470 lr=0.00016254 grad_norm=1.8358 throughput=37.26 img/s eta_seconds=129.1 gpu_alloc=488.9MiB gpu_reserved=4406.0MiB skipped_batches=0
2026-08-15 17:31:51,753 | INFO | epoch=11 batch=675 global_step=3735 loss_reg_months=4.9618 loss_ldl=2.9372 lr=0.00016254 grad_norm=2.8439 throughput=37.29 img/s eta_seconds=121.0 gpu_alloc=378.7MiB gpu_reserved=4406.0MiB skipped_batches=0
2026-08-15 17:31:59,422 | INFO | epoch=11 batch=700 global_step=3743 loss_reg_months=4.9617 loss_ldl=3.3940 lr=0.00016254 grad_norm=2.4262 throughput=37.36 img/s eta_seconds=112.7 gpu_alloc=488.9MiB gpu_reserved=4406.0MiB skipped_batches=0
2026-08-15 17:32:07,166 | INFO | epoch=11 batch=725 global_step=3751 loss_reg_months=4.9625 loss_ldl=3.3902 lr=0.00016254 grad_norm=2.4654 throughput=37.40 img/s eta_seconds=104.6 gpu_alloc=488.9MiB gpu_reserved=4406.0MiB skipped_batches=0
2026-08-15 17:32:14,908 | INFO | epoch=11 batch=750 global_step=3760 loss_reg_months=4.9590 loss_ldl=3.3557 lr=0.00016254 grad_norm=2.4187 throughput=37.45 img/s eta_seconds=96.4 gpu_alloc=378.7MiB gpu_reserved=4406.0MiB skipped_batches=0
2026-08-15 17:32:22,795 | INFO | epoch=11 batch=775 global_step=3768 loss_reg_months=4.9651 loss_ldl=3.1984 lr=0.00016254 grad_norm=2.1292 throughput=37.47 img/s eta_seconds=88.4 gpu_alloc=488.9MiB gpu_reserved=4406.0MiB skipped_batches=0
2026-08-15 17:32:30,633 | INFO | epoch=11 batch=800 global_step=3776 loss_reg_months=4.9774 loss_ldl=3.1323 lr=0.00016254 grad_norm=1.9202 throughput=37.49 img/s eta_seconds=80.3 gpu_alloc=488.9MiB gpu_reserved=4406.0MiB skipped_batches=0
2026-08-15 17:32:38,568 | INFO | epoch=11 batch=825 global_step=3785 loss_reg_months=4.9749 loss_ldl=3.2700 lr=0.00016254 grad_norm=3.6382 throughput=37.50 img/s eta_seconds=72.3 gpu_alloc=378.7MiB gpu_reserved=4406.0MiB skipped_batches=0
2026-08-15 17:32:46,371 | INFO | epoch=11 batch=850 global_step=3793 loss_reg_months=4.9748 loss_ldl=3.3746 lr=0.00016254 grad_norm=1.7461 throughput=37.53 img/s eta_seconds=64.2 gpu_alloc=488.9MiB gpu_reserved=4406.0MiB skipped_batches=0
2026-08-15 17:32:54,157 | INFO | epoch=11 batch=875 global_step=3801 loss_reg_months=4.9776 loss_ldl=3.8263 lr=0.00016254 grad_norm=4.1773 throughput=37.55 img/s eta_seconds=56.2 gpu_alloc=488.9MiB gpu_reserved=4406.0MiB skipped_batches=0
2026-08-15 17:33:01,935 | INFO | epoch=11 batch=900 global_step=3810 loss_reg_months=4.9827 loss_ldl=3.1030 lr=0.00016254 grad_norm=2.3943 throughput=37.58 img/s eta_seconds=48.2 gpu_alloc=378.7MiB gpu_reserved=4406.0MiB skipped_batches=0
2026-08-15 17:33:09,866 | INFO | epoch=11 batch=925 global_step=3818 loss_reg_months=4.9754 loss_ldl=3.1481 lr=0.00016254 grad_norm=2.2547 throughput=37.59 img/s eta_seconds=40.2 gpu_alloc=488.9MiB gpu_reserved=4406.0MiB skipped_batches=0
2026-08-15 17:33:17,624 | INFO | epoch=11 batch=950 global_step=3826 loss_reg_months=4.9851 loss_ldl=3.3568 lr=0.00016254 grad_norm=2.3344 throughput=37.62 img/s eta_seconds=32.2 gpu_alloc=488.9MiB gpu_reserved=4406.0MiB skipped_batches=0
2026-08-15 17:33:25,299 | INFO | epoch=11 batch=975 global_step=3835 loss_reg_months=5.0142 loss_ldl=3.2839 lr=0.00016254 grad_norm=2.5436 throughput=37.65 img/s eta_seconds=24.2 gpu_alloc=378.7MiB gpu_reserved=4406.0MiB skipped_batches=0
2026-08-15 17:33:33,323 | INFO | epoch=11 batch=1000 global_step=3843 loss_reg_months=5.0028 loss_ldl=3.3729 lr=0.00016254 grad_norm=2.1022 throughput=37.65 img/s eta_seconds=16.2 gpu_alloc=488.9MiB gpu_reserved=4406.0MiB skipped_batches=0
2026-08-15 17:33:40,985 | INFO | epoch=11 batch=1025 global_step=3851 loss_reg_months=5.0072 loss_ldl=3.0189 lr=0.00016254 grad_norm=2.6558 throughput=37.68 img/s eta_seconds=8.3 gpu_alloc=488.9MiB gpu_reserved=4406.0MiB skipped_batches=0
2026-08-15 17:33:48,760 | INFO | epoch=11 batch=1050 global_step=3860 loss_reg_months=4.9972 loss_ldl=3.1814 lr=0.00016254 grad_norm=2.2520 throughput=37.70 img/s eta_seconds=0.3 gpu_alloc=378.7MiB gpu_reserved=4406.0MiB skipped_batches=0
2026-08-15 17:34:21,282 | INFO | 
TRAINING REVIEW SNAPSHOT
Run ID / config hash / split hash: P5_D3_CONVNEXT_TINY_LDL_SEED17 / 9ef0879ebe15 / 7328667e6822+f650a20432b5
Epoch / global step: 11 / 3861
Train loss: 4.9964
Validation MAE / RMSE / median AE: 6.2407 / 8.4529 / 4.7064
MAE nam / nữ / age bins: {'F': 6.5222714108192115, 'M': 6.0031240816104} / {'0-59': 6.7213682215264505, '120-179': 5.977671129299772, '60-119': 6.920754882889955, '180-228': 5.456358551979065}
Learning rate / peak VRAM: 0.00016254 / 4406.0 MiB
Best epoch / best MAE / epochs không cải thiện: 11 / 6.2407 / 0
Cảnh báo hiện tại: KHÔNG
Checkpoint gần nhất: p1_baseline\runs\P5_D3_CONVNEXT_TINY_LDL_SEED17\last.ckpt
Checkpoint tốt nhất: p1_baseline\runs\P5_D3_CONVNEXT_TINY_LDL_SEED17\best_mae.ckpt
Đề xuất tự động: TIẾP TỤC
2026-08-15 17:34:43,435 | INFO | epoch=12 batch=25 global_step=3869 loss_reg_months=4.5137 loss_ldl=3.5996 lr=0.00015531 grad_norm=2.0531 throughput=19.75 img/s eta_seconds=623.5 gpu_alloc=488.9MiB gpu_reserved=4406.0MiB skipped_batches=0
2026-08-15 17:34:51,115 | INFO | epoch=12 batch=50 global_step=3877 loss_reg_months=4.4710 loss_ldl=3.3759 lr=0.00015531 grad_norm=2.4389 throughput=26.23 img/s eta_seconds=457.9 gpu_alloc=488.9MiB gpu_reserved=4406.0MiB skipped_batches=0
2026-08-15 17:34:58,915 | INFO | epoch=12 batch=75 global_step=3886 loss_reg_months=4.4177 loss_ldl=2.9433 lr=0.00015531 grad_norm=2.2019 throughput=29.34 img/s eta_seconds=399.1 gpu_alloc=378.7MiB gpu_reserved=4406.0MiB skipped_batches=0
2026-08-15 17:35:06,707 | INFO | epoch=12 batch=100 global_step=3894 loss_reg_months=4.5381 loss_ldl=3.5909 lr=0.00015531 grad_norm=2.2742 throughput=31.20 img/s eta_seconds=365.8 gpu_alloc=488.9MiB gpu_reserved=4406.0MiB skipped_batches=0
2026-08-15 17:35:14,471 | INFO | epoch=12 batch=125 global_step=3902 loss_reg_months=4.4811 loss_ldl=3.1405 lr=0.00015531 grad_norm=1.8336 throughput=32.45 img/s eta_seconds=342.4 gpu_alloc=488.9MiB gpu_reserved=4406.0MiB skipped_batches=0
2026-08-15 17:35:22,485 | INFO | epoch=12 batch=150 global_step=3911 loss_reg_months=4.4809 loss_ldl=3.1097 lr=0.00015531 grad_norm=1.9570 throughput=33.18 img/s eta_seconds=325.8 gpu_alloc=378.7MiB gpu_reserved=4406.0MiB skipped_batches=0
2026-08-15 17:35:30,490 | INFO | epoch=12 batch=175 global_step=3919 loss_reg_months=4.5330 loss_ldl=3.2958 lr=0.00015531 grad_norm=2.6817 throughput=33.74 img/s eta_seconds=311.6 gpu_alloc=488.9MiB gpu_reserved=4406.0MiB skipped_batches=0
2026-08-15 17:35:38,232 | INFO | epoch=12 batch=200 global_step=3927 loss_reg_months=4.5671 loss_ldl=2.9713 lr=0.00015531 grad_norm=2.9339 throughput=34.29 img/s eta_seconds=297.8 gpu_alloc=488.9MiB gpu_reserved=4406.0MiB skipped_batches=0
2026-08-15 17:35:46,116 | INFO | epoch=12 batch=225 global_step=3936 loss_reg_months=4.6031 loss_ldl=3.3506 lr=0.00015531 grad_norm=3.3373 throughput=34.67 img/s eta_seconds=285.9 gpu_alloc=378.7MiB gpu_reserved=4406.0MiB skipped_batches=0
2026-08-15 17:35:54,000 | INFO | epoch=12 batch=250 global_step=3944 loss_reg_months=4.6085 loss_ldl=3.1191 lr=0.00015531 grad_norm=2.6335 throughput=34.98 img/s eta_seconds=274.7 gpu_alloc=488.9MiB gpu_reserved=4406.0MiB skipped_batches=0
2026-08-15 17:36:01,675 | INFO | epoch=12 batch=275 global_step=3952 loss_reg_months=4.5596 loss_ldl=3.1284 lr=0.00015531 grad_norm=1.5321 throughput=35.32 img/s eta_seconds=263.6 gpu_alloc=488.9MiB gpu_reserved=4406.0MiB skipped_batches=0
2026-08-15 17:36:09,716 | INFO | epoch=12 batch=300 global_step=3961 loss_reg_months=4.6102 loss_ldl=3.3543 lr=0.00015531 grad_norm=2.7034 throughput=35.48 img/s eta_seconds=254.0 gpu_alloc=378.7MiB gpu_reserved=4406.0MiB skipped_batches=0
2026-08-15 17:36:17,451 | INFO | epoch=12 batch=325 global_step=3969 loss_reg_months=4.6065 loss_ldl=3.2407 lr=0.00015531 grad_norm=2.0303 throughput=35.71 img/s eta_seconds=243.9 gpu_alloc=488.9MiB gpu_reserved=4406.0MiB skipped_batches=0
2026-08-15 17:36:25,243 | INFO | epoch=12 batch=350 global_step=3977 loss_reg_months=4.6412 loss_ldl=3.3561 lr=0.00015531 grad_norm=4.1914 throughput=35.90 img/s eta_seconds=234.3 gpu_alloc=488.9MiB gpu_reserved=4406.0MiB skipped_batches=0
2026-08-15 17:36:33,130 | INFO | epoch=12 batch=375 global_step=3986 loss_reg_months=4.6685 loss_ldl=3.0493 lr=0.00015531 grad_norm=2.2336 throughput=36.03 img/s eta_seconds=225.1 gpu_alloc=378.7MiB gpu_reserved=4406.0MiB skipped_batches=0
2026-08-15 17:36:40,844 | INFO | epoch=12 batch=400 global_step=3994 loss_reg_months=4.6744 loss_ldl=3.2258 lr=0.00015531 grad_norm=2.8070 throughput=36.20 img/s eta_seconds=215.8 gpu_alloc=488.9MiB gpu_reserved=4406.0MiB skipped_batches=0
2026-08-15 17:36:49,384 | INFO | epoch=12 batch=425 global_step=4002 loss_reg_months=4.6638 loss_ldl=3.0349 lr=0.00015531 grad_norm=2.9643 throughput=36.13 img/s eta_seconds=207.9 gpu_alloc=488.9MiB gpu_reserved=4406.0MiB skipped_batches=0
2026-08-15 17:36:57,346 | INFO | epoch=12 batch=450 global_step=4011 loss_reg_months=4.6872 loss_ldl=3.7645 lr=0.00015531 grad_norm=2.4154 throughput=36.22 img/s eta_seconds=199.1 gpu_alloc=378.7MiB gpu_reserved=4406.0MiB skipped_batches=0
2026-08-15 17:37:05,076 | INFO | epoch=12 batch=475 global_step=4019 loss_reg_months=4.7133 loss_ldl=3.8209 lr=0.00015531 grad_norm=3.0943 throughput=36.34 img/s eta_seconds=190.2 gpu_alloc=488.9MiB gpu_reserved=4406.0MiB skipped_batches=0
2026-08-15 17:37:12,753 | INFO | epoch=12 batch=500 global_step=4027 loss_reg_months=4.7298 loss_ldl=3.4604 lr=0.00015531 grad_norm=2.1529 throughput=36.47 img/s eta_seconds=181.3 gpu_alloc=488.9MiB gpu_reserved=4406.0MiB skipped_batches=0
2026-08-15 17:37:20,555 | INFO | epoch=12 batch=525 global_step=4036 loss_reg_months=4.7121 loss_ldl=3.4232 lr=0.00015531 grad_norm=4.3251 throughput=36.56 img/s eta_seconds=172.6 gpu_alloc=378.7MiB gpu_reserved=4406.0MiB skipped_batches=0
2026-08-15 17:37:28,313 | INFO | epoch=12 batch=550 global_step=4044 loss_reg_months=4.7105 loss_ldl=3.1844 lr=0.00015531 grad_norm=2.6449 throughput=36.65 img/s eta_seconds=164.0 gpu_alloc=488.9MiB gpu_reserved=4406.0MiB skipped_batches=0
2026-08-15 17:37:36,145 | INFO | epoch=12 batch=575 global_step=4052 loss_reg_months=4.7021 loss_ldl=2.9842 lr=0.00015531 grad_norm=3.7093 throughput=36.72 img/s eta_seconds=155.5 gpu_alloc=488.9MiB gpu_reserved=4406.0MiB skipped_batches=0
2026-08-15 17:37:44,364 | INFO | epoch=12 batch=600 global_step=4061 loss_reg_months=4.7192 loss_ldl=3.2611 lr=0.00015531 grad_norm=2.1242 throughput=36.71 img/s eta_seconds=147.4 gpu_alloc=378.7MiB gpu_reserved=4406.0MiB skipped_batches=0
2026-08-15 17:37:52,130 | INFO | epoch=12 batch=625 global_step=4069 loss_reg_months=4.7123 loss_ldl=3.3277 lr=0.00015531 grad_norm=2.5260 throughput=36.78 img/s eta_seconds=138.9 gpu_alloc=488.9MiB gpu_reserved=4406.0MiB skipped_batches=0
2026-08-15 17:37:59,899 | INFO | epoch=12 batch=650 global_step=4077 loss_reg_months=4.6954 loss_ldl=3.0484 lr=0.00015531 grad_norm=2.6325 throughput=36.85 img/s eta_seconds=130.5 gpu_alloc=488.9MiB gpu_reserved=4406.0MiB skipped_batches=0
2026-08-15 17:38:07,606 | INFO | epoch=12 batch=675 global_step=4086 loss_reg_months=4.7055 loss_ldl=3.4352 lr=0.00015531 grad_norm=2.6422 throughput=36.93 img/s eta_seconds=122.2 gpu_alloc=378.7MiB gpu_reserved=4406.0MiB skipped_batches=0
2026-08-15 17:38:15,492 | INFO | epoch=12 batch=700 global_step=4094 loss_reg_months=4.7269 loss_ldl=3.3517 lr=0.00015531 grad_norm=2.2393 throughput=36.96 img/s eta_seconds=113.9 gpu_alloc=488.9MiB gpu_reserved=4406.0MiB skipped_batches=0
2026-08-15 17:38:23,177 | INFO | epoch=12 batch=725 global_step=4102 loss_reg_months=4.7283 loss_ldl=3.2204 lr=0.00015531 grad_norm=1.5866 throughput=37.03 img/s eta_seconds=105.6 gpu_alloc=488.9MiB gpu_reserved=4406.0MiB skipped_batches=0
2026-08-15 17:38:30,914 | INFO | epoch=12 batch=750 global_step=4111 loss_reg_months=4.7428 loss_ldl=3.5987 lr=0.00015531 grad_norm=2.4034 throughput=37.09 img/s eta_seconds=97.4 gpu_alloc=378.7MiB gpu_reserved=4406.0MiB skipped_batches=0
2026-08-15 17:38:38,669 | INFO | epoch=12 batch=775 global_step=4119 loss_reg_months=4.7532 loss_ldl=3.4336 lr=0.00015531 grad_norm=2.4844 throughput=37.14 img/s eta_seconds=89.2 gpu_alloc=488.9MiB gpu_reserved=4406.0MiB skipped_batches=0
2026-08-15 17:38:46,389 | INFO | epoch=12 batch=800 global_step=4127 loss_reg_months=4.7595 loss_ldl=3.4016 lr=0.00015531 grad_norm=2.2722 throughput=37.19 img/s eta_seconds=81.0 gpu_alloc=488.9MiB gpu_reserved=4406.0MiB skipped_batches=0
2026-08-15 17:38:54,072 | INFO | epoch=12 batch=825 global_step=4136 loss_reg_months=4.7662 loss_ldl=3.4338 lr=0.00015531 grad_norm=1.6768 throughput=37.24 img/s eta_seconds=72.8 gpu_alloc=378.7MiB gpu_reserved=4406.0MiB skipped_batches=0
2026-08-15 17:39:02,077 | INFO | epoch=12 batch=850 global_step=4144 loss_reg_months=4.7591 loss_ldl=2.8954 lr=0.00015531 grad_norm=2.3601 throughput=37.25 img/s eta_seconds=64.7 gpu_alloc=488.9MiB gpu_reserved=4406.0MiB skipped_batches=0
2026-08-15 17:39:09,846 | INFO | epoch=12 batch=875 global_step=4152 loss_reg_months=4.7679 loss_ldl=3.2507 lr=0.00015531 grad_norm=3.5213 throughput=37.29 img/s eta_seconds=56.6 gpu_alloc=488.9MiB gpu_reserved=4406.0MiB skipped_batches=0
2026-08-15 17:39:17,648 | INFO | epoch=12 batch=900 global_step=4161 loss_reg_months=4.7666 loss_ldl=3.2187 lr=0.00015531 grad_norm=2.0521 throughput=37.32 img/s eta_seconds=48.5 gpu_alloc=378.7MiB gpu_reserved=4406.0MiB skipped_batches=0
2026-08-15 17:39:25,578 | INFO | epoch=12 batch=925 global_step=4169 loss_reg_months=4.7642 loss_ldl=3.5401 lr=0.00015531 grad_norm=1.7243 throughput=37.33 img/s eta_seconds=40.5 gpu_alloc=488.9MiB gpu_reserved=4406.0MiB skipped_batches=0
2026-08-15 17:39:33,252 | INFO | epoch=12 batch=950 global_step=4177 loss_reg_months=4.7603 loss_ldl=3.5218 lr=0.00015531 grad_norm=1.9231 throughput=37.38 img/s eta_seconds=32.4 gpu_alloc=488.9MiB gpu_reserved=4406.0MiB skipped_batches=0
2026-08-15 17:39:41,191 | INFO | epoch=12 batch=975 global_step=4186 loss_reg_months=4.7603 loss_ldl=3.4617 lr=0.00015531 grad_norm=1.6328 throughput=37.39 img/s eta_seconds=24.4 gpu_alloc=378.7MiB gpu_reserved=4406.0MiB skipped_batches=0
2026-08-15 17:39:49,002 | INFO | epoch=12 batch=1000 global_step=4194 loss_reg_months=4.7568 loss_ldl=3.1062 lr=0.00015531 grad_norm=3.2419 throughput=37.41 img/s eta_seconds=16.3 gpu_alloc=488.9MiB gpu_reserved=4406.0MiB skipped_batches=0
2026-08-15 17:39:56,903 | INFO | epoch=12 batch=1025 global_step=4202 loss_reg_months=4.7592 loss_ldl=3.6737 lr=0.00015531 grad_norm=3.5468 throughput=37.42 img/s eta_seconds=8.3 gpu_alloc=488.9MiB gpu_reserved=4406.0MiB skipped_batches=0
2026-08-15 17:40:04,688 | INFO | epoch=12 batch=1050 global_step=4211 loss_reg_months=4.7588 loss_ldl=3.3832 lr=0.00015531 grad_norm=2.7066 throughput=37.45 img/s eta_seconds=0.3 gpu_alloc=378.7MiB gpu_reserved=4406.0MiB skipped_batches=0
2026-08-15 17:40:31,855 | INFO | 
TRAINING REVIEW SNAPSHOT
Run ID / config hash / split hash: P5_D3_CONVNEXT_TINY_LDL_SEED17 / 9ef0879ebe15 / 7328667e6822+f650a20432b5
Epoch / global step: 12 / 4212
Train loss: 4.7582
Validation MAE / RMSE / median AE: 6.4713 / 8.7304 / 4.8153
MAE nam / nữ / age bins: {'F': 6.727037324495842, 'M': 6.255514105418058} / {'0-59': 5.755965070521578, '120-179': 6.085023274085725, '60-119': 7.808977262622814, '180-228': 5.319993376731873}
Learning rate / peak VRAM: 0.00015531 / 4406.0 MiB
Best epoch / best MAE / epochs không cải thiện: 11 / 6.2407 / 1
Cảnh báo hiện tại: KHÔNG
Checkpoint gần nhất: p1_baseline\runs\P5_D3_CONVNEXT_TINY_LDL_SEED17\last.ckpt
Checkpoint tốt nhất: p1_baseline\runs\P5_D3_CONVNEXT_TINY_LDL_SEED17\best_mae.ckpt
Đề xuất tự động: TIẾP TỤC
2026-08-15 17:40:49,628 | INFO | epoch=13 batch=25 global_step=4220 loss_reg_months=4.8936 loss_ldl=3.1619 lr=0.00014765 grad_norm=3.0644 throughput=19.72 img/s eta_seconds=624.2 gpu_alloc=488.9MiB gpu_reserved=4406.0MiB skipped_batches=0
2026-08-15 17:40:57,381 | INFO | epoch=13 batch=50 global_step=4228 loss_reg_months=4.6982 loss_ldl=3.6370 lr=0.00014765 grad_norm=1.8394 throughput=26.13 img/s eta_seconds=459.7 gpu_alloc=488.9MiB gpu_reserved=4406.0MiB skipped_batches=0
2026-08-15 17:41:05,422 | INFO | epoch=13 batch=75 global_step=4237 loss_reg_months=4.6582 loss_ldl=3.5204 lr=0.00014765 grad_norm=2.1783 throughput=29.03 img/s eta_seconds=403.4 gpu_alloc=378.7MiB gpu_reserved=4406.0MiB skipped_batches=0
2026-08-15 17:41:13,116 | INFO | epoch=13 batch=100 global_step=4245 loss_reg_months=4.6602 loss_ldl=3.0600 lr=0.00014765 grad_norm=2.1159 throughput=31.01 img/s eta_seconds=368.0 gpu_alloc=488.9MiB gpu_reserved=4406.0MiB skipped_batches=0
2026-08-15 17:41:20,808 | INFO | epoch=13 batch=125 global_step=4253 loss_reg_months=4.6494 loss_ldl=3.2205 lr=0.00014765 grad_norm=2.0358 throughput=32.33 img/s eta_seconds=343.6 gpu_alloc=488.9MiB gpu_reserved=4406.0MiB skipped_batches=0
2026-08-15 17:41:28,670 | INFO | epoch=13 batch=150 global_step=4262 loss_reg_months=4.6640 loss_ldl=3.5124 lr=0.00014765 grad_norm=1.8317 throughput=33.18 img/s eta_seconds=325.8 gpu_alloc=378.7MiB gpu_reserved=4406.0MiB skipped_batches=0
2026-08-15 17:41:36,475 | INFO | epoch=13 batch=175 global_step=4270 loss_reg_months=4.5926 loss_ldl=3.4827 lr=0.00014765 grad_norm=2.5182 throughput=33.84 img/s eta_seconds=310.6 gpu_alloc=488.9MiB gpu_reserved=4406.0MiB skipped_batches=0
2026-08-15 17:41:44,278 | INFO | epoch=13 batch=200 global_step=4278 loss_reg_months=4.5292 loss_ldl=3.5156 lr=0.00014765 grad_norm=2.1089 throughput=34.35 img/s eta_seconds=297.2 gpu_alloc=488.9MiB gpu_reserved=4406.0MiB skipped_batches=0
2026-08-15 17:41:52,207 | INFO | epoch=13 batch=225 global_step=4287 loss_reg_months=4.5846 loss_ldl=3.5660 lr=0.00014765 grad_norm=3.1614 throughput=34.71 img/s eta_seconds=285.5 gpu_alloc=378.7MiB gpu_reserved=4406.0MiB skipped_batches=0
2026-08-15 17:41:59,955 | INFO | epoch=13 batch=250 global_step=4295 loss_reg_months=4.5584 loss_ldl=3.1263 lr=0.00014765 grad_norm=1.9870 throughput=35.07 img/s eta_seconds=274.0 gpu_alloc=488.9MiB gpu_reserved=4406.0MiB skipped_batches=0
2026-08-15 17:42:08,169 | INFO | epoch=13 batch=275 global_step=4303 loss_reg_months=4.5740 loss_ldl=3.9699 lr=0.00014765 grad_norm=2.7010 throughput=35.20 img/s eta_seconds=264.5 gpu_alloc=488.9MiB gpu_reserved=4406.0MiB skipped_batches=0
2026-08-15 17:42:15,861 | INFO | epoch=13 batch=300 global_step=4312 loss_reg_months=4.5667 loss_ldl=3.4959 lr=0.00014765 grad_norm=2.9550 throughput=35.49 img/s eta_seconds=253.9 gpu_alloc=378.7MiB gpu_reserved=4406.0MiB skipped_batches=0
2026-08-15 17:42:23,603 | INFO | epoch=13 batch=325 global_step=4320 loss_reg_months=4.6074 loss_ldl=3.3792 lr=0.00014765 grad_norm=3.1384 throughput=35.72 img/s eta_seconds=243.9 gpu_alloc=488.9MiB gpu_reserved=4406.0MiB skipped_batches=0
2026-08-15 17:42:31,330 | INFO | epoch=13 batch=350 global_step=4328 loss_reg_months=4.6154 loss_ldl=3.4611 lr=0.00014765 grad_norm=1.8907 throughput=35.92 img/s eta_seconds=234.1 gpu_alloc=488.9MiB gpu_reserved=4406.0MiB skipped_batches=0
2026-08-15 17:42:39,051 | INFO | epoch=13 batch=375 global_step=4337 loss_reg_months=4.6423 loss_ldl=3.2605 lr=0.00014765 grad_norm=1.9295 throughput=36.11 img/s eta_seconds=224.6 gpu_alloc=378.7MiB gpu_reserved=4406.0MiB skipped_batches=0
2026-08-15 17:42:46,756 | INFO | epoch=13 batch=400 global_step=4345 loss_reg_months=4.6417 loss_ldl=3.2124 lr=0.00014765 grad_norm=1.9415 throughput=36.27 img/s eta_seconds=215.4 gpu_alloc=488.9MiB gpu_reserved=4406.0MiB skipped_batches=0
2026-08-15 17:42:54,670 | INFO | epoch=13 batch=425 global_step=4353 loss_reg_months=4.6510 loss_ldl=3.2939 lr=0.00014765 grad_norm=2.1151 throughput=36.36 img/s eta_seconds=206.6 gpu_alloc=488.9MiB gpu_reserved=4406.0MiB skipped_batches=0
2026-08-15 17:43:02,422 | INFO | epoch=13 batch=450 global_step=4362 loss_reg_months=4.6657 loss_ldl=3.3497 lr=0.00014765 grad_norm=2.6793 throughput=36.49 img/s eta_seconds=197.6 gpu_alloc=378.7MiB gpu_reserved=4406.0MiB skipped_batches=0
2026-08-15 17:43:10,376 | INFO | epoch=13 batch=475 global_step=4370 loss_reg_months=4.6285 loss_ldl=3.3562 lr=0.00014765 grad_norm=2.2744 throughput=36.55 img/s eta_seconds=189.1 gpu_alloc=488.9MiB gpu_reserved=4406.0MiB skipped_batches=0
2026-08-15 17:43:18,133 | INFO | epoch=13 batch=500 global_step=4378 loss_reg_months=4.6196 loss_ldl=3.4923 lr=0.00014765 grad_norm=2.2795 throughput=36.65 img/s eta_seconds=180.4 gpu_alloc=488.9MiB gpu_reserved=4406.0MiB skipped_batches=0
2026-08-15 17:43:26,040 | INFO | epoch=13 batch=525 global_step=4387 loss_reg_months=4.5913 loss_ldl=3.0527 lr=0.00014765 grad_norm=2.2083 throughput=36.71 img/s eta_seconds=171.9 gpu_alloc=378.7MiB gpu_reserved=4406.0MiB skipped_batches=0
2026-08-15 17:43:33,841 | INFO | epoch=13 batch=550 global_step=4395 loss_reg_months=4.5827 loss_ldl=3.0701 lr=0.00014765 grad_norm=2.0252 throughput=36.78 img/s eta_seconds=163.4 gpu_alloc=488.9MiB gpu_reserved=4406.0MiB skipped_batches=0
2026-08-15 17:43:41,641 | INFO | epoch=13 batch=575 global_step=4403 loss_reg_months=4.5942 loss_ldl=3.0864 lr=0.00014765 grad_norm=2.7650 throughput=36.85 img/s eta_seconds=155.0 gpu_alloc=488.9MiB gpu_reserved=4406.0MiB skipped_batches=0
2026-08-15 17:43:49,354 | INFO | epoch=13 batch=600 global_step=4412 loss_reg_months=4.6166 loss_ldl=3.4954 lr=0.00014765 grad_norm=2.2247 throughput=36.93 img/s eta_seconds=146.5 gpu_alloc=378.7MiB gpu_reserved=4406.0MiB skipped_batches=0
2026-08-15 17:43:57,101 | INFO | epoch=13 batch=625 global_step=4420 loss_reg_months=4.6032 loss_ldl=3.3938 lr=0.00014765 grad_norm=2.6886 throughput=37.00 img/s eta_seconds=138.1 gpu_alloc=488.9MiB gpu_reserved=4406.0MiB skipped_batches=0
2026-08-15 17:44:05,153 | INFO | epoch=13 batch=650 global_step=4428 loss_reg_months=4.5939 loss_ldl=3.1644 lr=0.00014765 grad_norm=2.6863 throughput=37.01 img/s eta_seconds=130.0 gpu_alloc=488.9MiB gpu_reserved=4406.0MiB skipped_batches=0
2026-08-15 17:44:13,025 | INFO | epoch=13 batch=675 global_step=4437 loss_reg_months=4.6032 loss_ldl=3.3539 lr=0.00014765 grad_norm=3.2767 throughput=37.05 img/s eta_seconds=121.7 gpu_alloc=378.7MiB gpu_reserved=4406.0MiB skipped_batches=0
2026-08-15 17:44:20,828 | INFO | epoch=13 batch=700 global_step=4445 loss_reg_months=4.6241 loss_ldl=3.2828 lr=0.00014765 grad_norm=2.2692 throughput=37.10 img/s eta_seconds=113.5 gpu_alloc=488.9MiB gpu_reserved=4406.0MiB skipped_batches=0
2026-08-15 17:44:28,864 | INFO | epoch=13 batch=725 global_step=4453 loss_reg_months=4.6245 loss_ldl=3.3121 lr=0.00014765 grad_norm=2.4693 throughput=37.11 img/s eta_seconds=105.4 gpu_alloc=488.9MiB gpu_reserved=4406.0MiB skipped_batches=0
2026-08-15 17:44:36,610 | INFO | epoch=13 batch=750 global_step=4462 loss_reg_months=4.6538 loss_ldl=3.1989 lr=0.00014765 grad_norm=2.1003 throughput=37.16 img/s eta_seconds=97.2 gpu_alloc=378.7MiB gpu_reserved=4406.0MiB skipped_batches=0
2026-08-15 17:44:44,444 | INFO | epoch=13 batch=775 global_step=4470 loss_reg_months=4.6337 loss_ldl=3.2547 lr=0.00014765 grad_norm=2.8607 throughput=37.20 img/s eta_seconds=89.0 gpu_alloc=488.9MiB gpu_reserved=4406.0MiB skipped_batches=0
2026-08-15 17:44:52,208 | INFO | epoch=13 batch=800 global_step=4478 loss_reg_months=4.6467 loss_ldl=3.6948 lr=0.00014765 grad_norm=3.1781 throughput=37.24 img/s eta_seconds=80.9 gpu_alloc=488.9MiB gpu_reserved=4406.0MiB skipped_batches=0
2026-08-15 17:44:59,846 | INFO | epoch=13 batch=825 global_step=4487 loss_reg_months=4.6571 loss_ldl=3.2753 lr=0.00014765 grad_norm=1.7789 throughput=37.30 img/s eta_seconds=72.7 gpu_alloc=378.7MiB gpu_reserved=4406.0MiB skipped_batches=0
2026-08-15 17:45:07,759 | INFO | epoch=13 batch=850 global_step=4495 loss_reg_months=4.6484 loss_ldl=3.5706 lr=0.00014765 grad_norm=2.6088 throughput=37.32 img/s eta_seconds=64.6 gpu_alloc=488.9MiB gpu_reserved=4406.0MiB skipped_batches=0
2026-08-15 17:45:16,763 | INFO | epoch=13 batch=875 global_step=4503 loss_reg_months=4.6504 loss_ldl=2.9327 lr=0.00014765 grad_norm=2.6369 throughput=37.19 img/s eta_seconds=56.8 gpu_alloc=488.9MiB gpu_reserved=4406.0MiB skipped_batches=0
2026-08-15 17:45:24,434 | INFO | epoch=13 batch=900 global_step=4512 loss_reg_months=4.6501 loss_ldl=3.2143 lr=0.00014765 grad_norm=2.2178 throughput=37.24 img/s eta_seconds=48.6 gpu_alloc=378.7MiB gpu_reserved=4406.0MiB skipped_batches=0
2026-08-15 17:45:32,256 | INFO | epoch=13 batch=925 global_step=4520 loss_reg_months=4.6603 loss_ldl=3.2124 lr=0.00014765 grad_norm=2.4286 throughput=37.27 img/s eta_seconds=40.5 gpu_alloc=488.9MiB gpu_reserved=4406.0MiB skipped_batches=0
2026-08-15 17:45:39,892 | INFO | epoch=13 batch=950 global_step=4528 loss_reg_months=4.6613 loss_ldl=3.4042 lr=0.00014765 grad_norm=4.5844 throughput=37.32 img/s eta_seconds=32.5 gpu_alloc=488.9MiB gpu_reserved=4406.0MiB skipped_batches=0
2026-08-15 17:45:47,594 | INFO | epoch=13 batch=975 global_step=4537 loss_reg_months=4.6555 loss_ldl=3.1330 lr=0.00014765 grad_norm=1.9611 throughput=37.36 img/s eta_seconds=24.4 gpu_alloc=378.7MiB gpu_reserved=4406.0MiB skipped_batches=0
2026-08-15 17:45:55,499 | INFO | epoch=13 batch=1000 global_step=4545 loss_reg_months=4.6626 loss_ldl=3.3744 lr=0.00014765 grad_norm=1.6924 throughput=37.37 img/s eta_seconds=16.3 gpu_alloc=488.9MiB gpu_reserved=4406.0MiB skipped_batches=0
2026-08-15 17:46:03,136 | INFO | epoch=13 batch=1025 global_step=4553 loss_reg_months=4.6546 loss_ldl=3.0923 lr=0.00014765 grad_norm=2.2869 throughput=37.42 img/s eta_seconds=8.3 gpu_alloc=488.9MiB gpu_reserved=4406.0MiB skipped_batches=0
2026-08-15 17:46:10,857 | INFO | epoch=13 batch=1050 global_step=4562 loss_reg_months=4.6521 loss_ldl=3.4150 lr=0.00014765 grad_norm=2.1185 throughput=37.45 img/s eta_seconds=0.3 gpu_alloc=378.7MiB gpu_reserved=4406.0MiB skipped_batches=0
2026-08-15 17:46:37,825 | INFO | 
TRAINING REVIEW SNAPSHOT
Run ID / config hash / split hash: P5_D3_CONVNEXT_TINY_LDL_SEED17 / 9ef0879ebe15 / 7328667e6822+f650a20432b5
Epoch / global step: 13 / 4563
Train loss: 4.6518
Validation MAE / RMSE / median AE: 6.9271 / 9.0839 / 5.4052
MAE nam / nữ / age bins: {'F': 7.312042066656008, 'M': 6.602420871038794} / {'0-59': 8.260325695605989, '120-179': 7.032690739012766, '60-119': 6.660697123726007, '180-228': 6.100708365440369}
Learning rate / peak VRAM: 0.00014765 / 4406.0 MiB
Best epoch / best MAE / epochs không cải thiện: 11 / 6.2407 / 2
Cảnh báo hiện tại: KHÔNG
Checkpoint gần nhất: p1_baseline\runs\P5_D3_CONVNEXT_TINY_LDL_SEED17\last.ckpt
Checkpoint tốt nhất: p1_baseline\runs\P5_D3_CONVNEXT_TINY_LDL_SEED17\best_mae.ckpt
Đề xuất tự động: TIẾP TỤC
2026-08-15 17:46:54,952 | INFO | epoch=14 batch=25 global_step=4571 loss_reg_months=4.8837 loss_ldl=3.0691 lr=0.00013961 grad_norm=2.0489 throughput=20.14 img/s eta_seconds=611.4 gpu_alloc=488.9MiB gpu_reserved=4406.0MiB skipped_batches=0
2026-08-15 17:47:02,585 | INFO | epoch=14 batch=50 global_step=4579 loss_reg_months=4.6229 loss_ldl=3.1005 lr=0.00013961 grad_norm=2.8667 throughput=26.63 img/s eta_seconds=451.1 gpu_alloc=488.9MiB gpu_reserved=4406.0MiB skipped_batches=0
2026-08-15 17:47:10,266 | INFO | epoch=14 batch=75 global_step=4588 loss_reg_months=4.6299 loss_ldl=3.1475 lr=0.00013961 grad_norm=3.0447 throughput=29.79 img/s eta_seconds=393.1 gpu_alloc=378.7MiB gpu_reserved=4406.0MiB skipped_batches=0
2026-08-15 17:47:17,916 | INFO | epoch=14 batch=100 global_step=4596 loss_reg_months=4.6214 loss_ldl=3.4787 lr=0.00013961 grad_norm=2.3368 throughput=31.69 img/s eta_seconds=360.0 gpu_alloc=488.9MiB gpu_reserved=4406.0MiB skipped_batches=0
2026-08-15 17:47:25,792 | INFO | epoch=14 batch=125 global_step=4604 loss_reg_months=4.5309 loss_ldl=3.0631 lr=0.00013961 grad_norm=2.7221 throughput=32.80 img/s eta_seconds=338.8 gpu_alloc=488.9MiB gpu_reserved=4406.0MiB skipped_batches=0
2026-08-15 17:47:33,504 | INFO | epoch=14 batch=150 global_step=4613 loss_reg_months=4.5051 loss_ldl=3.3328 lr=0.00013961 grad_norm=3.0098 throughput=33.68 img/s eta_seconds=321.0 gpu_alloc=378.7MiB gpu_reserved=4406.0MiB skipped_batches=0
2026-08-15 17:47:41,135 | INFO | epoch=14 batch=175 global_step=4621 loss_reg_months=4.5260 loss_ldl=2.9439 lr=0.00013961 grad_norm=1.6343 throughput=34.38 img/s eta_seconds=305.7 gpu_alloc=488.9MiB gpu_reserved=4406.0MiB skipped_batches=0
2026-08-15 17:47:48,958 | INFO | epoch=14 batch=200 global_step=4629 loss_reg_months=4.5251 loss_ldl=3.1879 lr=0.00013961 grad_norm=2.0221 throughput=34.83 img/s eta_seconds=293.2 gpu_alloc=488.9MiB gpu_reserved=4406.0MiB skipped_batches=0
2026-08-15 17:47:56,659 | INFO | epoch=14 batch=225 global_step=4638 loss_reg_months=4.5187 loss_ldl=3.3539 lr=0.00013961 grad_norm=1.8661 throughput=35.25 img/s eta_seconds=281.2 gpu_alloc=378.7MiB gpu_reserved=4406.0MiB skipped_batches=0
2026-08-15 17:48:04,609 | INFO | epoch=14 batch=250 global_step=4646 loss_reg_months=4.5492 loss_ldl=3.1988 lr=0.00013961 grad_norm=1.6607 throughput=35.48 img/s eta_seconds=270.9 gpu_alloc=488.9MiB gpu_reserved=4406.0MiB skipped_batches=0
2026-08-15 17:48:12,229 | INFO | epoch=14 batch=275 global_step=4654 loss_reg_months=4.5480 loss_ldl=3.5224 lr=0.00013961 grad_norm=3.5045 throughput=35.80 img/s eta_seconds=260.1 gpu_alloc=488.9MiB gpu_reserved=4406.0MiB skipped_batches=0
2026-08-15 17:48:19,958 | INFO | epoch=14 batch=300 global_step=4663 loss_reg_months=4.5395 loss_ldl=3.1708 lr=0.00013961 grad_norm=2.7975 throughput=36.03 img/s eta_seconds=250.1 gpu_alloc=378.7MiB gpu_reserved=4406.0MiB skipped_batches=0
2026-08-15 17:48:27,566 | INFO | epoch=14 batch=325 global_step=4671 loss_reg_months=4.5384 loss_ldl=3.2640 lr=0.00013961 grad_norm=2.0131 throughput=36.27 img/s eta_seconds=240.1 gpu_alloc=488.9MiB gpu_reserved=4406.0MiB skipped_batches=0
2026-08-15 17:48:35,195 | INFO | epoch=14 batch=350 global_step=4679 loss_reg_months=4.5408 loss_ldl=3.0301 lr=0.00013961 grad_norm=2.3654 throughput=36.48 img/s eta_seconds=230.6 gpu_alloc=488.9MiB gpu_reserved=4406.0MiB skipped_batches=0
2026-08-15 17:48:43,034 | INFO | epoch=14 batch=375 global_step=4688 loss_reg_months=4.5513 loss_ldl=3.0555 lr=0.00013961 grad_norm=1.7900 throughput=36.59 img/s eta_seconds=221.7 gpu_alloc=378.7MiB gpu_reserved=4406.0MiB skipped_batches=0
2026-08-15 17:48:50,731 | INFO | epoch=14 batch=400 global_step=4696 loss_reg_months=4.5554 loss_ldl=2.9373 lr=0.00013961 grad_norm=2.2754 throughput=36.73 img/s eta_seconds=212.7 gpu_alloc=488.9MiB gpu_reserved=4406.0MiB skipped_batches=0
2026-08-15 17:48:58,551 | INFO | epoch=14 batch=425 global_step=4704 loss_reg_months=4.5414 loss_ldl=3.0530 lr=0.00013961 grad_norm=2.5947 throughput=36.82 img/s eta_seconds=204.0 gpu_alloc=488.9MiB gpu_reserved=4406.0MiB skipped_batches=0
2026-08-15 17:49:06,271 | INFO | epoch=14 batch=450 global_step=4713 loss_reg_months=4.5264 loss_ldl=2.9475 lr=0.00013961 grad_norm=2.1083 throughput=36.93 img/s eta_seconds=195.3 gpu_alloc=378.7MiB gpu_reserved=4406.0MiB skipped_batches=0
2026-08-15 17:49:14,049 | INFO | epoch=14 batch=475 global_step=4721 loss_reg_months=4.5437 loss_ldl=3.4985 lr=0.00013961 grad_norm=2.4189 throughput=37.01 img/s eta_seconds=186.7 gpu_alloc=488.9MiB gpu_reserved=4406.0MiB skipped_batches=0
2026-08-15 17:49:21,672 | INFO | epoch=14 batch=500 global_step=4729 loss_reg_months=4.5319 loss_ldl=2.9489 lr=0.00013961 grad_norm=2.4710 throughput=37.12 img/s eta_seconds=178.1 gpu_alloc=488.9MiB gpu_reserved=4406.0MiB skipped_batches=0
2026-08-15 17:49:29,762 | INFO | epoch=14 batch=525 global_step=4738 loss_reg_months=4.5233 loss_ldl=2.9708 lr=0.00013961 grad_norm=3.1183 throughput=37.12 img/s eta_seconds=170.0 gpu_alloc=378.7MiB gpu_reserved=4406.0MiB skipped_batches=0
2026-08-15 17:49:37,416 | INFO | epoch=14 batch=550 global_step=4746 loss_reg_months=4.5268 loss_ldl=3.0930 lr=0.00013961 grad_norm=2.3291 throughput=37.21 img/s eta_seconds=161.5 gpu_alloc=488.9MiB gpu_reserved=4406.0MiB skipped_batches=0
2026-08-15 17:49:45,456 | INFO | epoch=14 batch=575 global_step=4754 loss_reg_months=4.5553 loss_ldl=3.1117 lr=0.00013961 grad_norm=2.3694 throughput=37.22 img/s eta_seconds=153.5 gpu_alloc=488.9MiB gpu_reserved=4406.0MiB skipped_batches=0
2026-08-15 17:49:53,137 | INFO | epoch=14 batch=600 global_step=4763 loss_reg_months=4.5644 loss_ldl=3.4824 lr=0.00013961 grad_norm=2.3882 throughput=37.29 img/s eta_seconds=145.1 gpu_alloc=378.7MiB gpu_reserved=4406.0MiB skipped_batches=0
2026-08-15 17:50:01,173 | INFO | epoch=14 batch=625 global_step=4771 loss_reg_months=4.5706 loss_ldl=3.2520 lr=0.00013961 grad_norm=2.6269 throughput=37.29 img/s eta_seconds=137.1 gpu_alloc=488.9MiB gpu_reserved=4406.0MiB skipped_batches=0
2026-08-15 17:50:08,825 | INFO | epoch=14 batch=650 global_step=4779 loss_reg_months=4.5837 loss_ldl=3.3418 lr=0.00013961 grad_norm=2.3876 throughput=37.36 img/s eta_seconds=128.8 gpu_alloc=488.9MiB gpu_reserved=4406.0MiB skipped_batches=0
2026-08-15 17:50:16,587 | INFO | epoch=14 batch=675 global_step=4788 loss_reg_months=4.5696 loss_ldl=3.0943 lr=0.00013961 grad_norm=2.6217 throughput=37.41 img/s eta_seconds=120.6 gpu_alloc=378.7MiB gpu_reserved=4406.0MiB skipped_batches=0
2026-08-15 17:50:24,558 | INFO | epoch=14 batch=700 global_step=4796 loss_reg_months=4.5651 loss_ldl=3.1949 lr=0.00013961 grad_norm=2.3228 throughput=37.42 img/s eta_seconds=112.5 gpu_alloc=488.9MiB gpu_reserved=4406.0MiB skipped_batches=0
2026-08-15 17:50:32,325 | INFO | epoch=14 batch=725 global_step=4804 loss_reg_months=4.5525 loss_ldl=3.2104 lr=0.00013961 grad_norm=2.2133 throughput=37.46 img/s eta_seconds=104.4 gpu_alloc=488.9MiB gpu_reserved=4406.0MiB skipped_batches=0
2026-08-15 17:50:40,164 | INFO | epoch=14 batch=750 global_step=4813 loss_reg_months=4.5504 loss_ldl=3.5908 lr=0.00013961 grad_norm=2.3967 throughput=37.48 img/s eta_seconds=96.3 gpu_alloc=378.7MiB gpu_reserved=4406.0MiB skipped_batches=0
2026-08-15 17:50:47,772 | INFO | epoch=14 batch=775 global_step=4821 loss_reg_months=4.5549 loss_ldl=3.1988 lr=0.00013961 grad_norm=2.8582 throughput=37.54 img/s eta_seconds=88.2 gpu_alloc=488.9MiB gpu_reserved=4406.0MiB skipped_batches=0
2026-08-15 17:50:55,715 | INFO | epoch=14 batch=800 global_step=4829 loss_reg_months=4.5632 loss_ldl=3.1747 lr=0.00013961 grad_norm=3.1898 throughput=37.55 img/s eta_seconds=80.2 gpu_alloc=488.9MiB gpu_reserved=4406.0MiB skipped_batches=0
2026-08-15 17:51:03,407 | INFO | epoch=14 batch=825 global_step=4838 loss_reg_months=4.5555 loss_ldl=3.6191 lr=0.00013961 grad_norm=2.7818 throughput=37.59 img/s eta_seconds=72.1 gpu_alloc=378.7MiB gpu_reserved=4406.0MiB skipped_batches=0
2026-08-15 17:51:11,159 | INFO | epoch=14 batch=850 global_step=4846 loss_reg_months=4.5792 loss_ldl=3.3322 lr=0.00013961 grad_norm=2.5423 throughput=37.62 img/s eta_seconds=64.1 gpu_alloc=488.9MiB gpu_reserved=4406.0MiB skipped_batches=0
2026-08-15 17:51:18,817 | INFO | epoch=14 batch=875 global_step=4854 loss_reg_months=4.5812 loss_ldl=3.3618 lr=0.00013961 grad_norm=1.6394 throughput=37.67 img/s eta_seconds=56.0 gpu_alloc=488.9MiB gpu_reserved=4406.0MiB skipped_batches=0
2026-08-15 17:51:26,789 | INFO | epoch=14 batch=900 global_step=4863 loss_reg_months=4.5664 loss_ldl=2.9179 lr=0.00013961 grad_norm=2.0493 throughput=37.67 img/s eta_seconds=48.1 gpu_alloc=378.7MiB gpu_reserved=4406.0MiB skipped_batches=0
2026-08-15 17:51:34,481 | INFO | epoch=14 batch=925 global_step=4871 loss_reg_months=4.5666 loss_ldl=2.9162 lr=0.00013961 grad_norm=2.0157 throughput=37.70 img/s eta_seconds=40.1 gpu_alloc=488.9MiB gpu_reserved=4406.0MiB skipped_batches=0
2026-08-15 17:51:42,668 | INFO | epoch=14 batch=950 global_step=4879 loss_reg_months=4.5650 loss_ldl=3.5301 lr=0.00013961 grad_norm=1.9266 throughput=37.67 img/s eta_seconds=32.1 gpu_alloc=488.9MiB gpu_reserved=4406.0MiB skipped_batches=0
2026-08-15 17:51:50,380 | INFO | epoch=14 batch=975 global_step=4888 loss_reg_months=4.5671 loss_ldl=3.3207 lr=0.00013961 grad_norm=2.8640 throughput=37.70 img/s eta_seconds=24.2 gpu_alloc=378.7MiB gpu_reserved=4406.0MiB skipped_batches=0
2026-08-15 17:51:58,023 | INFO | epoch=14 batch=1000 global_step=4896 loss_reg_months=4.5734 loss_ldl=3.1411 lr=0.00013961 grad_norm=1.9950 throughput=37.74 img/s eta_seconds=16.2 gpu_alloc=488.9MiB gpu_reserved=4406.0MiB skipped_batches=0
2026-08-15 17:52:05,750 | INFO | epoch=14 batch=1025 global_step=4904 loss_reg_months=4.5758 loss_ldl=3.4120 lr=0.00013961 grad_norm=3.2185 throughput=37.77 img/s eta_seconds=8.2 gpu_alloc=488.9MiB gpu_reserved=4406.0MiB skipped_batches=0
2026-08-15 17:52:13,619 | INFO | epoch=14 batch=1050 global_step=4913 loss_reg_months=4.5868 loss_ldl=3.5391 lr=0.00013961 grad_norm=2.2639 throughput=37.77 img/s eta_seconds=0.3 gpu_alloc=378.7MiB gpu_reserved=4406.0MiB skipped_batches=0
2026-08-15 17:52:40,623 | WARNING | STABILITY WARNING [CAM] Validation MAE xấu đi trong khi train loss giảm
2026-08-15 17:52:40,624 | INFO | 
TRAINING REVIEW SNAPSHOT
Run ID / config hash / split hash: P5_D3_CONVNEXT_TINY_LDL_SEED17 / 9ef0879ebe15 / 7328667e6822+f650a20432b5
Epoch / global step: 14 / 4914
Train loss: 4.5868
Validation MAE / RMSE / median AE: 6.4069 / 8.6462 / 4.7960
MAE nam / nữ / age bins: {'F': 6.714777870412253, 'M': 6.147156087423821} / {'0-59': 7.55632761691479, '120-179': 6.088878457124802, '60-119': 6.908098956655125, '180-228': 6.029674768447876}
Learning rate / peak VRAM: 0.00013961 / 4406.0 MiB
Best epoch / best MAE / epochs không cải thiện: 11 / 6.2407 / 3
Cảnh báo hiện tại: CAM: Validation MAE xấu đi trong khi train loss giảm
Checkpoint gần nhất: p1_baseline\runs\P5_D3_CONVNEXT_TINY_LDL_SEED17\last.ckpt
Checkpoint tốt nhất: p1_baseline\runs\P5_D3_CONVNEXT_TINY_LDL_SEED17\best_mae.ckpt
Đề xuất tự động: THEO DÕI
2026-08-15 17:52:57,250 | INFO | epoch=15 batch=25 global_step=4922 loss_reg_months=4.6885 loss_ldl=3.0973 lr=0.00013125 grad_norm=1.7840 throughput=20.29 img/s eta_seconds=606.7 gpu_alloc=488.9MiB gpu_reserved=4406.0MiB skipped_batches=0
2026-08-15 17:53:04,847 | INFO | epoch=15 batch=50 global_step=4930 loss_reg_months=4.5737 loss_ldl=3.1680 lr=0.00013125 grad_norm=2.1684 throughput=26.81 img/s eta_seconds=448.0 gpu_alloc=488.9MiB gpu_reserved=4406.0MiB skipped_batches=0
2026-08-15 17:53:12,760 | INFO | epoch=15 batch=75 global_step=4939 loss_reg_months=4.6367 loss_ldl=3.1925 lr=0.00013125 grad_norm=4.0190 throughput=29.71 img/s eta_seconds=394.2 gpu_alloc=378.7MiB gpu_reserved=4406.0MiB skipped_batches=0
2026-08-15 17:53:20,538 | INFO | epoch=15 batch=100 global_step=4947 loss_reg_months=4.5597 loss_ldl=3.0176 lr=0.00013125 grad_norm=2.3887 throughput=31.52 img/s eta_seconds=362.0 gpu_alloc=488.9MiB gpu_reserved=4406.0MiB skipped_batches=0
2026-08-15 17:53:28,131 | INFO | epoch=15 batch=125 global_step=4955 loss_reg_months=4.4821 loss_ldl=3.4587 lr=0.00013125 grad_norm=2.3485 throughput=32.85 img/s eta_seconds=338.3 gpu_alloc=488.9MiB gpu_reserved=4406.0MiB skipped_batches=0
2026-08-15 17:53:35,750 | INFO | epoch=15 batch=150 global_step=4964 loss_reg_months=4.5220 loss_ldl=4.0143 lr=0.00013125 grad_norm=2.6796 throughput=33.78 img/s eta_seconds=320.0 gpu_alloc=378.7MiB gpu_reserved=4406.0MiB skipped_batches=0
2026-08-15 17:53:43,456 | INFO | epoch=15 batch=175 global_step=4972 loss_reg_months=4.4294 loss_ldl=3.0476 lr=0.00013125 grad_norm=1.9862 throughput=34.43 img/s eta_seconds=305.3 gpu_alloc=488.9MiB gpu_reserved=4406.0MiB skipped_batches=0
2026-08-15 17:53:51,053 | INFO | epoch=15 batch=200 global_step=4980 loss_reg_months=4.4019 loss_ldl=3.5001 lr=0.00013125 grad_norm=1.7220 throughput=34.99 img/s eta_seconds=291.8 gpu_alloc=488.9MiB gpu_reserved=4406.0MiB skipped_batches=0
2026-08-15 17:53:58,672 | INFO | epoch=15 batch=225 global_step=4989 loss_reg_months=4.4185 loss_ldl=3.3775 lr=0.00013125 grad_norm=2.8237 throughput=35.43 img/s eta_seconds=279.7 gpu_alloc=378.7MiB gpu_reserved=4406.0MiB skipped_batches=0
2026-08-15 17:54:06,453 | INFO | epoch=15 batch=250 global_step=4997 loss_reg_months=4.4147 loss_ldl=3.4612 lr=0.00013125 grad_norm=2.6448 throughput=35.72 img/s eta_seconds=269.1 gpu_alloc=488.9MiB gpu_reserved=4406.0MiB skipped_batches=0
2026-08-15 17:54:15,548 | INFO | epoch=15 batch=275 global_step=5005 loss_reg_months=4.3901 loss_ldl=3.9031 lr=0.00013125 grad_norm=2.1228 throughput=35.45 img/s eta_seconds=262.6 gpu_alloc=488.9MiB gpu_reserved=4406.0MiB skipped_batches=0
2026-08-15 17:54:23,177 | INFO | epoch=15 batch=300 global_step=5014 loss_reg_months=4.3473 loss_ldl=2.8737 lr=0.00013125 grad_norm=2.1244 throughput=35.75 img/s eta_seconds=252.1 gpu_alloc=378.7MiB gpu_reserved=4406.0MiB skipped_batches=0
2026-08-15 17:54:30,788 | INFO | epoch=15 batch=325 global_step=5022 loss_reg_months=4.3336 loss_ldl=3.3552 lr=0.00013125 grad_norm=2.4272 throughput=36.00 img/s eta_seconds=241.9 gpu_alloc=488.9MiB gpu_reserved=4406.0MiB skipped_batches=0
2026-08-15 17:54:38,481 | INFO | epoch=15 batch=350 global_step=5030 loss_reg_months=4.3481 loss_ldl=3.1866 lr=0.00013125 grad_norm=2.6978 throughput=36.20 img/s eta_seconds=232.3 gpu_alloc=488.9MiB gpu_reserved=4406.0MiB skipped_batches=0
2026-08-15 17:54:46,206 | INFO | epoch=15 batch=375 global_step=5039 loss_reg_months=4.3392 loss_ldl=3.0926 lr=0.00013125 grad_norm=1.8878 throughput=36.37 img/s eta_seconds=223.0 gpu_alloc=378.7MiB gpu_reserved=4406.0MiB skipped_batches=0
2026-08-15 17:54:53,982 | INFO | epoch=15 batch=400 global_step=5047 loss_reg_months=4.3475 loss_ldl=3.0625 lr=0.00013125 grad_norm=2.2596 throughput=36.50 img/s eta_seconds=214.0 gpu_alloc=488.9MiB gpu_reserved=4406.0MiB skipped_batches=0
2026-08-15 17:55:01,667 | INFO | epoch=15 batch=425 global_step=5055 loss_reg_months=4.3370 loss_ldl=3.2401 lr=0.00013125 grad_norm=2.2257 throughput=36.64 img/s eta_seconds=205.0 gpu_alloc=488.9MiB gpu_reserved=4406.0MiB skipped_batches=0
2026-08-15 17:55:09,564 | INFO | epoch=15 batch=450 global_step=5064 loss_reg_months=4.3601 loss_ldl=3.2229 lr=0.00013125 grad_norm=3.0989 throughput=36.71 img/s eta_seconds=196.4 gpu_alloc=378.7MiB gpu_reserved=4406.0MiB skipped_batches=0
2026-08-15 17:55:17,971 | INFO | epoch=15 batch=475 global_step=5072 loss_reg_months=4.3570 loss_ldl=2.9155 lr=0.00013125 grad_norm=2.0126 throughput=36.65 img/s eta_seconds=188.5 gpu_alloc=488.9MiB gpu_reserved=4406.0MiB skipped_batches=0
2026-08-15 17:55:25,768 | INFO | epoch=15 batch=500 global_step=5080 loss_reg_months=4.3626 loss_ldl=3.2066 lr=0.00013125 grad_norm=2.3432 throughput=36.74 img/s eta_seconds=179.9 gpu_alloc=488.9MiB gpu_reserved=4406.0MiB skipped_batches=0
2026-08-15 17:55:33,597 | INFO | epoch=15 batch=525 global_step=5089 loss_reg_months=4.3557 loss_ldl=3.1467 lr=0.00013125 grad_norm=2.3356 throughput=36.81 img/s eta_seconds=171.4 gpu_alloc=378.7MiB gpu_reserved=4406.0MiB skipped_batches=0
2026-08-15 17:55:41,458 | INFO | epoch=15 batch=550 global_step=5097 loss_reg_months=4.3465 loss_ldl=3.3604 lr=0.00013125 grad_norm=2.2570 throughput=36.87 img/s eta_seconds=163.0 gpu_alloc=488.9MiB gpu_reserved=4406.0MiB skipped_batches=0
2026-08-15 17:55:49,820 | INFO | epoch=15 batch=575 global_step=5105 loss_reg_months=4.3540 loss_ldl=3.3210 lr=0.00013125 grad_norm=1.6996 throughput=36.83 img/s eta_seconds=155.1 gpu_alloc=488.9MiB gpu_reserved=4406.0MiB skipped_batches=0
2026-08-15 17:55:57,806 | INFO | epoch=15 batch=600 global_step=5114 loss_reg_months=4.3800 loss_ldl=3.3114 lr=0.00013125 grad_norm=2.3109 throughput=36.86 img/s eta_seconds=146.8 gpu_alloc=378.7MiB gpu_reserved=4406.0MiB skipped_batches=0
2026-08-15 17:56:05,521 | INFO | epoch=15 batch=625 global_step=5122 loss_reg_months=4.4046 loss_ldl=3.6058 lr=0.00013125 grad_norm=3.2784 throughput=36.94 img/s eta_seconds=138.4 gpu_alloc=488.9MiB gpu_reserved=4406.0MiB skipped_batches=0
2026-08-15 17:56:13,236 | INFO | epoch=15 batch=650 global_step=5130 loss_reg_months=4.4185 loss_ldl=2.9670 lr=0.00013125 grad_norm=2.3295 throughput=37.01 img/s eta_seconds=130.0 gpu_alloc=488.9MiB gpu_reserved=4406.0MiB skipped_batches=0
2026-08-15 17:56:21,065 | INFO | epoch=15 batch=675 global_step=5139 loss_reg_months=4.4287 loss_ldl=3.1375 lr=0.00013125 grad_norm=2.2819 throughput=37.05 img/s eta_seconds=121.7 gpu_alloc=378.7MiB gpu_reserved=4406.0MiB skipped_batches=0
2026-08-15 17:56:28,729 | INFO | epoch=15 batch=700 global_step=5147 loss_reg_months=4.4421 loss_ldl=3.2794 lr=0.00013125 grad_norm=1.9438 throughput=37.12 img/s eta_seconds=113.4 gpu_alloc=488.9MiB gpu_reserved=4406.0MiB skipped_batches=0
2026-08-15 17:56:36,540 | INFO | epoch=15 batch=725 global_step=5155 loss_reg_months=4.4375 loss_ldl=3.3249 lr=0.00013125 grad_norm=2.0778 throughput=37.17 img/s eta_seconds=105.2 gpu_alloc=488.9MiB gpu_reserved=4406.0MiB skipped_batches=0
2026-08-15 17:56:44,238 | INFO | epoch=15 batch=750 global_step=5164 loss_reg_months=4.4495 loss_ldl=3.2163 lr=0.00013125 grad_norm=3.1246 throughput=37.23 img/s eta_seconds=97.0 gpu_alloc=378.7MiB gpu_reserved=4406.0MiB skipped_batches=0
2026-08-15 17:56:51,869 | INFO | epoch=15 batch=775 global_step=5172 loss_reg_months=4.4540 loss_ldl=3.1406 lr=0.00013125 grad_norm=2.9417 throughput=37.29 img/s eta_seconds=88.8 gpu_alloc=488.9MiB gpu_reserved=4406.0MiB skipped_batches=0
2026-08-15 17:56:59,787 | INFO | epoch=15 batch=800 global_step=5180 loss_reg_months=4.4738 loss_ldl=3.5185 lr=0.00013125 grad_norm=2.6039 throughput=37.31 img/s eta_seconds=80.7 gpu_alloc=488.9MiB gpu_reserved=4406.0MiB skipped_batches=0
2026-08-15 17:57:07,526 | INFO | epoch=15 batch=825 global_step=5189 loss_reg_months=4.4688 loss_ldl=3.2974 lr=0.00013125 grad_norm=2.9006 throughput=37.35 img/s eta_seconds=72.6 gpu_alloc=378.7MiB gpu_reserved=4406.0MiB skipped_batches=0
2026-08-15 17:57:15,226 | INFO | epoch=15 batch=850 global_step=5197 loss_reg_months=4.4678 loss_ldl=3.3523 lr=0.00013125 grad_norm=1.7079 throughput=37.40 img/s eta_seconds=64.5 gpu_alloc=488.9MiB gpu_reserved=4406.0MiB skipped_batches=0
2026-08-15 17:57:22,845 | INFO | epoch=15 batch=875 global_step=5205 loss_reg_months=4.4601 loss_ldl=3.1608 lr=0.00013125 grad_norm=2.7673 throughput=37.45 img/s eta_seconds=56.4 gpu_alloc=488.9MiB gpu_reserved=4406.0MiB skipped_batches=0
2026-08-15 17:57:30,962 | INFO | epoch=15 batch=900 global_step=5214 loss_reg_months=4.4577 loss_ldl=2.8907 lr=0.00013125 grad_norm=2.1643 throughput=37.44 img/s eta_seconds=48.4 gpu_alloc=378.7MiB gpu_reserved=4406.0MiB skipped_batches=0
2026-08-15 17:57:38,648 | INFO | epoch=15 batch=925 global_step=5222 loss_reg_months=4.4594 loss_ldl=2.9701 lr=0.00013125 grad_norm=2.9978 throughput=37.48 img/s eta_seconds=40.3 gpu_alloc=488.9MiB gpu_reserved=4406.0MiB skipped_batches=0
2026-08-15 17:57:46,546 | INFO | epoch=15 batch=950 global_step=5230 loss_reg_months=4.4474 loss_ldl=3.1544 lr=0.00013125 grad_norm=4.3238 throughput=37.49 img/s eta_seconds=32.3 gpu_alloc=488.9MiB gpu_reserved=4406.0MiB skipped_batches=0
2026-08-15 17:57:54,391 | INFO | epoch=15 batch=975 global_step=5239 loss_reg_months=4.4430 loss_ldl=3.2027 lr=0.00013125 grad_norm=1.9264 throughput=37.51 img/s eta_seconds=24.3 gpu_alloc=378.7MiB gpu_reserved=4406.0MiB skipped_batches=0
2026-08-15 17:58:02,145 | INFO | epoch=15 batch=1000 global_step=5247 loss_reg_months=4.4459 loss_ldl=3.8399 lr=0.00013125 grad_norm=2.0993 throughput=37.54 img/s eta_seconds=16.3 gpu_alloc=488.9MiB gpu_reserved=4406.0MiB skipped_batches=0
2026-08-15 17:58:10,124 | INFO | epoch=15 batch=1025 global_step=5255 loss_reg_months=4.4551 loss_ldl=2.8145 lr=0.00013125 grad_norm=4.0627 throughput=37.54 img/s eta_seconds=8.3 gpu_alloc=488.9MiB gpu_reserved=4406.0MiB skipped_batches=0
2026-08-15 17:58:18,031 | INFO | epoch=15 batch=1050 global_step=5264 loss_reg_months=4.4527 loss_ldl=3.1773 lr=0.00013125 grad_norm=2.5008 throughput=37.55 img/s eta_seconds=0.3 gpu_alloc=378.7MiB gpu_reserved=4406.0MiB skipped_batches=0
2026-08-15 17:58:46,319 | WARNING | STABILITY WARNING [CAM] Validation MAE xấu đi trong khi train loss giảm
2026-08-15 17:58:46,319 | INFO | 
TRAINING REVIEW SNAPSHOT
Run ID / config hash / split hash: P5_D3_CONVNEXT_TINY_LDL_SEED17 / 9ef0879ebe15 / 7328667e6822+f650a20432b5
Epoch / global step: 15 / 5265
Train loss: 4.4503
Validation MAE / RMSE / median AE: 6.8130 / 9.3845 / 5.0759
MAE nam / nữ / age bins: {'F': 7.094944032423335, 'M': 6.575194429148369} / {'0-59': 6.424329209834971, '120-179': 6.741808963205081, '60-119': 7.495656328152884, '180-228': 5.447107911109924}
Learning rate / peak VRAM: 0.00013125 / 4406.0 MiB
Best epoch / best MAE / epochs không cải thiện: 11 / 6.2407 / 4
Cảnh báo hiện tại: CAM: Validation MAE xấu đi trong khi train loss giảm
Checkpoint gần nhất: p1_baseline\runs\P5_D3_CONVNEXT_TINY_LDL_SEED17\last.ckpt
Checkpoint tốt nhất: p1_baseline\runs\P5_D3_CONVNEXT_TINY_LDL_SEED17\best_mae.ckpt
Đề xuất tự động: THEO DÕI
2026-08-15 17:59:06,555 | INFO | epoch=16 batch=25 global_step=5273 loss_reg_months=4.3958 loss_ldl=2.9551 lr=0.00012264 grad_norm=2.3236 throughput=19.88 img/s eta_seconds=619.3 gpu_alloc=488.9MiB gpu_reserved=4406.0MiB skipped_batches=0
2026-08-15 17:59:14,252 | INFO | epoch=16 batch=50 global_step=5281 loss_reg_months=4.4668 loss_ldl=3.1731 lr=0.00012264 grad_norm=2.3379 throughput=26.33 img/s eta_seconds=456.2 gpu_alloc=488.9MiB gpu_reserved=4406.0MiB skipped_batches=0
2026-08-15 17:59:21,905 | INFO | epoch=16 batch=75 global_step=5290 loss_reg_months=4.3326 loss_ldl=3.3184 lr=0.00012264 grad_norm=2.5936 throughput=29.56 img/s eta_seconds=396.1 gpu_alloc=378.7MiB gpu_reserved=4406.0MiB skipped_batches=0
2026-08-15 17:59:30,359 | INFO | epoch=16 batch=100 global_step=5298 loss_reg_months=4.3669 loss_ldl=3.2715 lr=0.00012264 grad_norm=2.5059 throughput=30.85 img/s eta_seconds=369.9 gpu_alloc=488.9MiB gpu_reserved=4406.0MiB skipped_batches=0
2026-08-15 17:59:38,753 | INFO | epoch=16 batch=125 global_step=5306 loss_reg_months=4.4065 loss_ldl=3.0599 lr=0.00012264 grad_norm=2.0171 throughput=31.72 img/s eta_seconds=350.3 gpu_alloc=488.9MiB gpu_reserved=4406.0MiB skipped_batches=0
2026-08-15 17:59:47,270 | INFO | epoch=16 batch=150 global_step=5315 loss_reg_months=4.4382 loss_ldl=3.6237 lr=0.00012264 grad_norm=2.2117 throughput=32.25 img/s eta_seconds=335.2 gpu_alloc=378.7MiB gpu_reserved=4406.0MiB skipped_batches=0
2026-08-15 17:59:55,466 | INFO | epoch=16 batch=175 global_step=5323 loss_reg_months=4.3973 loss_ldl=3.3497 lr=0.00012264 grad_norm=1.8123 throughput=32.81 img/s eta_seconds=320.4 gpu_alloc=488.9MiB gpu_reserved=4406.0MiB skipped_batches=0
2026-08-15 18:00:03,959 | INFO | epoch=16 batch=200 global_step=5331 loss_reg_months=4.3577 loss_ldl=3.1782 lr=0.00012264 grad_norm=3.7679 throughput=33.10 img/s eta_seconds=308.4 gpu_alloc=488.9MiB gpu_reserved=4406.0MiB skipped_batches=0
2026-08-15 18:00:12,267 | INFO | epoch=16 batch=225 global_step=5340 loss_reg_months=4.2975 loss_ldl=3.2871 lr=0.00012264 grad_norm=2.4991 throughput=33.41 img/s eta_seconds=296.6 gpu_alloc=378.7MiB gpu_reserved=4406.0MiB skipped_batches=0
2026-08-15 18:00:20,334 | INFO | epoch=16 batch=250 global_step=5348 loss_reg_months=4.2689 loss_ldl=3.3428 lr=0.00012264 grad_norm=2.4393 throughput=33.76 img/s eta_seconds=284.7 gpu_alloc=488.9MiB gpu_reserved=4406.0MiB skipped_batches=0
2026-08-15 18:00:28,500 | INFO | epoch=16 batch=275 global_step=5356 loss_reg_months=4.2079 loss_ldl=3.0220 lr=0.00012264 grad_norm=2.1563 throughput=34.01 img/s eta_seconds=273.8 gpu_alloc=488.9MiB gpu_reserved=4406.0MiB skipped_batches=0
2026-08-15 18:00:36,623 | INFO | epoch=16 batch=300 global_step=5365 loss_reg_months=4.2093 loss_ldl=3.4809 lr=0.00012264 grad_norm=2.6925 throughput=34.23 img/s eta_seconds=263.2 gpu_alloc=378.7MiB gpu_reserved=4406.0MiB skipped_batches=0
2026-08-15 18:00:44,914 | INFO | epoch=16 batch=325 global_step=5373 loss_reg_months=4.2345 loss_ldl=3.1234 lr=0.00012264 grad_norm=3.2897 throughput=34.38 img/s eta_seconds=253.4 gpu_alloc=488.9MiB gpu_reserved=4406.0MiB skipped_batches=0
2026-08-15 18:00:52,940 | INFO | epoch=16 batch=350 global_step=5381 loss_reg_months=4.2479 loss_ldl=3.4709 lr=0.00012264 grad_norm=3.2346 throughput=34.57 img/s eta_seconds=243.3 gpu_alloc=488.9MiB gpu_reserved=4406.0MiB skipped_batches=0
2026-08-15 18:01:01,173 | INFO | epoch=16 batch=375 global_step=5390 loss_reg_months=4.2454 loss_ldl=3.1094 lr=0.00012264 grad_norm=2.8953 throughput=34.69 img/s eta_seconds=233.8 gpu_alloc=378.7MiB gpu_reserved=4406.0MiB skipped_batches=0
2026-08-15 18:01:09,310 | INFO | epoch=16 batch=400 global_step=5398 loss_reg_months=4.2820 loss_ldl=3.2667 lr=0.00012264 grad_norm=2.8124 throughput=34.82 img/s eta_seconds=224.3 gpu_alloc=488.9MiB gpu_reserved=4406.0MiB skipped_batches=0
2026-08-15 18:01:17,353 | INFO | epoch=16 batch=425 global_step=5406 loss_reg_months=4.2863 loss_ldl=3.1066 lr=0.00012264 grad_norm=3.3249 throughput=34.96 img/s eta_seconds=214.9 gpu_alloc=488.9MiB gpu_reserved=4406.0MiB skipped_batches=0
2026-08-15 18:01:25,533 | INFO | epoch=16 batch=450 global_step=5415 loss_reg_months=4.2931 loss_ldl=2.8941 lr=0.00012264 grad_norm=1.9092 throughput=35.05 img/s eta_seconds=205.7 gpu_alloc=378.7MiB gpu_reserved=4406.0MiB skipped_batches=0
2026-08-15 18:01:33,676 | INFO | epoch=16 batch=475 global_step=5423 loss_reg_months=4.2918 loss_ldl=3.5279 lr=0.00012264 grad_norm=2.7438 throughput=35.14 img/s eta_seconds=196.7 gpu_alloc=488.9MiB gpu_reserved=4406.0MiB skipped_batches=0
2026-08-15 18:01:42,258 | INFO | epoch=16 batch=500 global_step=5431 loss_reg_months=4.3208 loss_ldl=3.1504 lr=0.00012264 grad_norm=3.6565 throughput=35.13 img/s eta_seconds=188.2 gpu_alloc=488.9MiB gpu_reserved=4406.0MiB skipped_batches=0
2026-08-15 18:01:50,263 | INFO | epoch=16 batch=525 global_step=5440 loss_reg_months=4.3364 loss_ldl=3.5416 lr=0.00012264 grad_norm=2.8049 throughput=35.23 img/s eta_seconds=179.1 gpu_alloc=378.7MiB gpu_reserved=4406.0MiB skipped_batches=0
2026-08-15 18:01:58,774 | INFO | epoch=16 batch=550 global_step=5448 loss_reg_months=4.3169 loss_ldl=3.4232 lr=0.00012264 grad_norm=2.3315 throughput=35.24 img/s eta_seconds=170.6 gpu_alloc=488.9MiB gpu_reserved=4406.0MiB skipped_batches=0
2026-08-15 18:02:06,719 | INFO | epoch=16 batch=575 global_step=5456 loss_reg_months=4.3175 loss_ldl=3.3163 lr=0.00012264 grad_norm=2.1432 throughput=35.34 img/s eta_seconds=161.6 gpu_alloc=488.9MiB gpu_reserved=4406.0MiB skipped_batches=0
2026-08-15 18:02:14,965 | INFO | epoch=16 batch=600 global_step=5465 loss_reg_months=4.3143 loss_ldl=3.1151 lr=0.00012264 grad_norm=2.5310 throughput=35.38 img/s eta_seconds=152.9 gpu_alloc=378.7MiB gpu_reserved=4406.0MiB skipped_batches=0
2026-08-15 18:02:23,697 | INFO | epoch=16 batch=625 global_step=5473 loss_reg_months=4.3210 loss_ldl=3.1592 lr=0.00012264 grad_norm=3.0372 throughput=35.34 img/s eta_seconds=144.6 gpu_alloc=488.9MiB gpu_reserved=4406.0MiB skipped_batches=0
2026-08-15 18:02:31,711 | INFO | epoch=16 batch=650 global_step=5481 loss_reg_months=4.3251 loss_ldl=3.1719 lr=0.00012264 grad_norm=2.0713 throughput=35.41 img/s eta_seconds=135.8 gpu_alloc=488.9MiB gpu_reserved=4406.0MiB skipped_batches=0
2026-08-15 18:02:39,949 | INFO | epoch=16 batch=675 global_step=5490 loss_reg_months=4.3266 loss_ldl=3.0061 lr=0.00012264 grad_norm=2.6720 throughput=35.45 img/s eta_seconds=127.2 gpu_alloc=378.7MiB gpu_reserved=4406.0MiB skipped_batches=0
2026-08-15 18:02:48,006 | INFO | epoch=16 batch=700 global_step=5498 loss_reg_months=4.3378 loss_ldl=3.0894 lr=0.00012264 grad_norm=2.9558 throughput=35.51 img/s eta_seconds=118.6 gpu_alloc=488.9MiB gpu_reserved=4406.0MiB skipped_batches=0
2026-08-15 18:02:57,295 | INFO | epoch=16 batch=725 global_step=5506 loss_reg_months=4.3246 loss_ldl=3.2619 lr=0.00012264 grad_norm=2.6790 throughput=35.39 img/s eta_seconds=110.5 gpu_alloc=488.9MiB gpu_reserved=4406.0MiB skipped_batches=0
2026-08-15 18:03:05,506 | INFO | epoch=16 batch=750 global_step=5515 loss_reg_months=4.3072 loss_ldl=3.2302 lr=0.00012264 grad_norm=1.9824 throughput=35.43 img/s eta_seconds=101.9 gpu_alloc=378.7MiB gpu_reserved=4406.0MiB skipped_batches=0
2026-08-15 18:03:13,551 | INFO | epoch=16 batch=775 global_step=5523 loss_reg_months=4.3075 loss_ldl=3.3008 lr=0.00012264 grad_norm=2.7657 throughput=35.48 img/s eta_seconds=93.3 gpu_alloc=488.9MiB gpu_reserved=4406.0MiB skipped_batches=0
2026-08-15 18:03:21,694 | INFO | epoch=16 batch=800 global_step=5531 loss_reg_months=4.3107 loss_ldl=3.7368 lr=0.00012264 grad_norm=1.9665 throughput=35.53 img/s eta_seconds=84.8 gpu_alloc=488.9MiB gpu_reserved=4406.0MiB skipped_batches=0
2026-08-15 18:03:29,972 | INFO | epoch=16 batch=825 global_step=5540 loss_reg_months=4.3058 loss_ldl=3.0375 lr=0.00012264 grad_norm=2.5937 throughput=35.55 img/s eta_seconds=76.3 gpu_alloc=378.7MiB gpu_reserved=4406.0MiB skipped_batches=0
2026-08-15 18:03:37,941 | INFO | epoch=16 batch=850 global_step=5548 loss_reg_months=4.3069 loss_ldl=3.1959 lr=0.00012264 grad_norm=2.4629 throughput=35.60 img/s eta_seconds=67.7 gpu_alloc=488.9MiB gpu_reserved=4406.0MiB skipped_batches=0
2026-08-15 18:03:46,201 | INFO | epoch=16 batch=875 global_step=5556 loss_reg_months=4.3130 loss_ldl=3.2664 lr=0.00012264 grad_norm=2.9876 throughput=35.62 img/s eta_seconds=59.3 gpu_alloc=488.9MiB gpu_reserved=4406.0MiB skipped_batches=0
2026-08-15 18:03:54,575 | INFO | epoch=16 batch=900 global_step=5565 loss_reg_months=4.3194 loss_ldl=3.2601 lr=0.00012264 grad_norm=3.4707 throughput=35.63 img/s eta_seconds=50.8 gpu_alloc=378.7MiB gpu_reserved=4406.0MiB skipped_batches=0
2026-08-15 18:04:02,805 | INFO | epoch=16 batch=925 global_step=5573 loss_reg_months=4.3181 loss_ldl=3.2230 lr=0.00012264 grad_norm=2.7964 throughput=35.65 img/s eta_seconds=42.4 gpu_alloc=488.9MiB gpu_reserved=4406.0MiB skipped_batches=0
2026-08-15 18:04:11,007 | INFO | epoch=16 batch=950 global_step=5581 loss_reg_months=4.3132 loss_ldl=3.3956 lr=0.00012264 grad_norm=3.8876 throughput=35.68 img/s eta_seconds=33.9 gpu_alloc=488.9MiB gpu_reserved=4406.0MiB skipped_batches=0
2026-08-15 18:04:19,051 | INFO | epoch=16 batch=975 global_step=5590 loss_reg_months=4.3225 loss_ldl=3.0039 lr=0.00012264 grad_norm=2.3536 throughput=35.72 img/s eta_seconds=25.5 gpu_alloc=378.7MiB gpu_reserved=4406.0MiB skipped_batches=0
2026-08-15 18:04:27,183 | INFO | epoch=16 batch=1000 global_step=5598 loss_reg_months=4.3331 loss_ldl=3.4655 lr=0.00012264 grad_norm=2.8690 throughput=35.74 img/s eta_seconds=17.1 gpu_alloc=488.9MiB gpu_reserved=4406.0MiB skipped_batches=0
2026-08-15 18:04:35,248 | INFO | epoch=16 batch=1025 global_step=5606 loss_reg_months=4.3377 loss_ldl=3.3287 lr=0.00012264 grad_norm=1.9729 throughput=35.78 img/s eta_seconds=8.7 gpu_alloc=488.9MiB gpu_reserved=4406.0MiB skipped_batches=0
2026-08-15 18:04:43,414 | INFO | epoch=16 batch=1050 global_step=5615 loss_reg_months=4.3503 loss_ldl=2.7307 lr=0.00012264 grad_norm=2.6722 throughput=35.80 img/s eta_seconds=0.3 gpu_alloc=378.7MiB gpu_reserved=4406.0MiB skipped_batches=0
2026-08-15 18:05:13,193 | WARNING | STABILITY WARNING [CAM] Validation MAE xấu đi trong khi train loss giảm
2026-08-15 18:05:13,193 | INFO | 
TRAINING REVIEW SNAPSHOT
Run ID / config hash / split hash: P5_D3_CONVNEXT_TINY_LDL_SEED17 / 9ef0879ebe15 / 7328667e6822+f650a20432b5
Epoch / global step: 16 / 5616
Train loss: 4.3520
Validation MAE / RMSE / median AE: 6.4346 / 8.7077 / 4.7659
MAE nam / nữ / age bins: {'F': 6.683314983098785, 'M': 6.22482526071013} / {'0-59': 7.280712827723077, '120-179': 5.763002148075363, '60-119': 7.9117314004656025, '180-228': 5.511198282241821}
Learning rate / peak VRAM: 0.00012264 / 4406.0 MiB
Best epoch / best MAE / epochs không cải thiện: 11 / 6.2407 / 5
Cảnh báo hiện tại: CAM: Validation MAE xấu đi trong khi train loss giảm
Checkpoint gần nhất: p1_baseline\runs\P5_D3_CONVNEXT_TINY_LDL_SEED17\last.ckpt
Checkpoint tốt nhất: p1_baseline\runs\P5_D3_CONVNEXT_TINY_LDL_SEED17\best_mae.ckpt
Đề xuất tự động: THEO DÕI
2026-08-15 18:05:30,969 | INFO | epoch=17 batch=25 global_step=5624 loss_reg_months=4.3872 loss_ldl=3.0109 lr=0.00011386 grad_norm=2.6633 throughput=19.35 img/s eta_seconds=636.4 gpu_alloc=488.9MiB gpu_reserved=4406.0MiB skipped_batches=0
2026-08-15 18:05:38,893 | INFO | epoch=17 batch=50 global_step=5632 loss_reg_months=4.0150 loss_ldl=3.0193 lr=0.00011386 grad_norm=2.2773 throughput=25.61 img/s eta_seconds=469.1 gpu_alloc=488.9MiB gpu_reserved=4406.0MiB skipped_batches=0
2026-08-15 18:05:46,958 | INFO | epoch=17 batch=75 global_step=5641 loss_reg_months=3.9563 loss_ldl=3.0015 lr=0.00011386 grad_norm=2.3483 throughput=28.58 img/s eta_seconds=409.8 gpu_alloc=378.7MiB gpu_reserved=4406.0MiB skipped_batches=0
2026-08-15 18:05:54,870 | INFO | epoch=17 batch=100 global_step=5649 loss_reg_months=3.9249 loss_ldl=3.6022 lr=0.00011386 grad_norm=2.8059 throughput=30.45 img/s eta_seconds=374.7 gpu_alloc=488.9MiB gpu_reserved=4406.0MiB skipped_batches=0
2026-08-15 18:06:03,278 | INFO | epoch=17 batch=125 global_step=5657 loss_reg_months=3.9546 loss_ldl=3.1681 lr=0.00011386 grad_norm=1.8407 throughput=31.37 img/s eta_seconds=354.2 gpu_alloc=488.9MiB gpu_reserved=4406.0MiB skipped_batches=0
2026-08-15 18:06:11,839 | INFO | epoch=17 batch=150 global_step=5666 loss_reg_months=4.0625 loss_ldl=2.9487 lr=0.00011386 grad_norm=2.4823 throughput=31.93 img/s eta_seconds=338.6 gpu_alloc=378.7MiB gpu_reserved=4406.0MiB skipped_batches=0
2026-08-15 18:06:20,275 | INFO | epoch=17 batch=175 global_step=5674 loss_reg_months=4.0666 loss_ldl=3.4072 lr=0.00011386 grad_norm=2.0379 throughput=32.40 img/s eta_seconds=324.4 gpu_alloc=488.9MiB gpu_reserved=4406.0MiB skipped_batches=0
2026-08-15 18:06:29,047 | INFO | epoch=17 batch=200 global_step=5682 loss_reg_months=4.0097 loss_ldl=3.1883 lr=0.00011386 grad_norm=2.7993 throughput=32.62 img/s eta_seconds=313.1 gpu_alloc=488.9MiB gpu_reserved=4406.0MiB skipped_batches=0
2026-08-15 18:06:37,511 | INFO | epoch=17 batch=225 global_step=5691 loss_reg_months=3.9896 loss_ldl=3.3906 lr=0.00011386 grad_norm=2.1274 throughput=32.91 img/s eta_seconds=301.2 gpu_alloc=378.7MiB gpu_reserved=4406.0MiB skipped_batches=0
2026-08-15 18:06:45,982 | INFO | epoch=17 batch=250 global_step=5699 loss_reg_months=3.9875 loss_ldl=3.1912 lr=0.00011386 grad_norm=3.4565 throughput=33.14 img/s eta_seconds=290.0 gpu_alloc=488.9MiB gpu_reserved=4406.0MiB skipped_batches=0
2026-08-15 18:06:54,772 | INFO | epoch=17 batch=275 global_step=5707 loss_reg_months=3.9800 loss_ldl=3.3792 lr=0.00011386 grad_norm=3.4112 throughput=33.23 img/s eta_seconds=280.2 gpu_alloc=488.9MiB gpu_reserved=4406.0MiB skipped_batches=0
2026-08-15 18:07:03,706 | INFO | epoch=17 batch=300 global_step=5716 loss_reg_months=3.9846 loss_ldl=3.0837 lr=0.00011386 grad_norm=2.3362 throughput=33.26 img/s eta_seconds=270.9 gpu_alloc=378.7MiB gpu_reserved=4406.0MiB skipped_batches=0
2026-08-15 18:07:12,707 | INFO | epoch=17 batch=325 global_step=5724 loss_reg_months=3.9904 loss_ldl=2.7336 lr=0.00011386 grad_norm=3.0147 throughput=33.26 img/s eta_seconds=261.9 gpu_alloc=488.9MiB gpu_reserved=4406.0MiB skipped_batches=0
2026-08-15 18:07:22,559 | INFO | epoch=17 batch=350 global_step=5732 loss_reg_months=3.9974 loss_ldl=3.0860 lr=0.00011386 grad_norm=1.9316 throughput=33.05 img/s eta_seconds=254.5 gpu_alloc=488.9MiB gpu_reserved=4406.0MiB skipped_batches=0
2026-08-15 18:07:34,637 | INFO | epoch=17 batch=375 global_step=5741 loss_reg_months=4.0286 loss_ldl=3.5698 lr=0.00011386 grad_norm=2.4715 throughput=32.33 img/s eta_seconds=250.9 gpu_alloc=378.7MiB gpu_reserved=4406.0MiB skipped_batches=0
2026-08-15 18:07:43,856 | INFO | epoch=17 batch=400 global_step=5749 loss_reg_months=4.0315 loss_ldl=3.2438 lr=0.00011386 grad_norm=2.0495 throughput=32.35 img/s eta_seconds=241.5 gpu_alloc=488.9MiB gpu_reserved=4406.0MiB skipped_batches=0
2026-08-15 18:07:52,496 | INFO | epoch=17 batch=425 global_step=5757 loss_reg_months=4.0344 loss_ldl=3.3834 lr=0.00011386 grad_norm=3.3156 throughput=32.48 img/s eta_seconds=231.3 gpu_alloc=488.9MiB gpu_reserved=4406.0MiB skipped_batches=0
2026-08-15 18:08:01,350 | INFO | epoch=17 batch=450 global_step=5766 loss_reg_months=4.0178 loss_ldl=3.0052 lr=0.00011386 grad_norm=2.1391 throughput=32.55 img/s eta_seconds=221.5 gpu_alloc=378.7MiB gpu_reserved=4406.0MiB skipped_batches=0
2026-08-15 18:08:09,644 | INFO | epoch=17 batch=475 global_step=5774 loss_reg_months=4.0112 loss_ldl=3.5610 lr=0.00011386 grad_norm=2.1844 throughput=32.72 img/s eta_seconds=211.2 gpu_alloc=488.9MiB gpu_reserved=4406.0MiB skipped_batches=0
2026-08-15 18:08:22,739 | INFO | epoch=17 batch=500 global_step=5782 loss_reg_months=3.9988 loss_ldl=3.0900 lr=0.00011386 grad_norm=2.9606 throughput=32.04 img/s eta_seconds=206.3 gpu_alloc=488.9MiB gpu_reserved=4406.0MiB skipped_batches=0
2026-08-15 18:08:45,358 | INFO | epoch=17 batch=525 global_step=5791 loss_reg_months=4.0116 loss_ldl=3.5128 lr=0.00011386 grad_norm=2.5387 throughput=30.01 img/s eta_seconds=210.3 gpu_alloc=378.7MiB gpu_reserved=4406.0MiB skipped_batches=0
2026-08-15 18:09:04,020 | INFO | epoch=17 batch=550 global_step=5799 loss_reg_months=4.0053 loss_ldl=3.4970 lr=0.00011386 grad_norm=2.1813 throughput=28.88 img/s eta_seconds=208.2 gpu_alloc=488.9MiB gpu_reserved=4406.0MiB skipped_batches=0
2026-08-15 18:09:21,589 | INFO | epoch=17 batch=575 global_step=5807 loss_reg_months=4.0281 loss_ldl=3.2247 lr=0.00011386 grad_norm=2.7869 throughput=28.03 img/s eta_seconds=203.7 gpu_alloc=488.9MiB gpu_reserved=4406.0MiB skipped_batches=0
2026-08-15 18:09:38,592 | INFO | epoch=17 batch=600 global_step=5816 loss_reg_months=4.0410 loss_ldl=3.0296 lr=0.00011386 grad_norm=2.9294 throughput=27.36 img/s eta_seconds=197.7 gpu_alloc=378.7MiB gpu_reserved=4406.0MiB skipped_batches=0
2026-08-15 18:09:55,916 | INFO | epoch=17 batch=625 global_step=5824 loss_reg_months=4.0535 loss_ldl=3.6718 lr=0.00011386 grad_norm=2.2012 throughput=26.74 img/s eta_seconds=191.1 gpu_alloc=488.9MiB gpu_reserved=4406.0MiB skipped_batches=0
2026-08-15 18:10:13,315 | INFO | epoch=17 batch=650 global_step=5832 loss_reg_months=4.0431 loss_ldl=3.2423 lr=0.00011386 grad_norm=3.2799 throughput=26.19 img/s eta_seconds=183.7 gpu_alloc=488.9MiB gpu_reserved=4406.0MiB skipped_batches=0
2026-08-15 18:10:37,571 | INFO | epoch=17 batch=675 global_step=5841 loss_reg_months=4.0528 loss_ldl=3.2983 lr=0.00011386 grad_norm=3.1349 throughput=25.15 img/s eta_seconds=179.4 gpu_alloc=378.7MiB gpu_reserved=4406.0MiB skipped_batches=0
2026-08-15 18:10:55,497 | INFO | epoch=17 batch=700 global_step=5849 loss_reg_months=4.0822 loss_ldl=3.2758 lr=0.00011386 grad_norm=4.4384 throughput=24.70 img/s eta_seconds=170.5 gpu_alloc=488.9MiB gpu_reserved=4406.0MiB skipped_batches=0
2026-08-15 18:11:14,165 | INFO | epoch=17 batch=725 global_step=5857 loss_reg_months=4.0919 loss_ldl=3.0299 lr=0.00011386 grad_norm=2.1147 throughput=24.25 img/s eta_seconds=161.3 gpu_alloc=488.9MiB gpu_reserved=4406.0MiB skipped_batches=0
2026-08-15 18:11:39,836 | INFO | epoch=17 batch=750 global_step=5866 loss_reg_months=4.1197 loss_ldl=3.1732 lr=0.00011386 grad_norm=3.8797 throughput=23.41 img/s eta_seconds=154.2 gpu_alloc=378.7MiB gpu_reserved=4406.0MiB skipped_batches=0
2026-08-15 18:12:02,209 | INFO | epoch=17 batch=775 global_step=5874 loss_reg_months=4.1239 loss_ldl=3.0964 lr=0.00011386 grad_norm=3.4435 throughput=22.86 img/s eta_seconds=144.8 gpu_alloc=488.9MiB gpu_reserved=4406.0MiB skipped_batches=0
2026-08-15 18:12:20,621 | INFO | epoch=17 batch=800 global_step=5882 loss_reg_months=4.1290 loss_ldl=3.2244 lr=0.00011386 grad_norm=2.9109 throughput=22.58 img/s eta_seconds=133.3 gpu_alloc=488.9MiB gpu_reserved=4406.0MiB skipped_batches=0
2026-08-15 18:12:37,651 | INFO | epoch=17 batch=825 global_step=5891 loss_reg_months=4.1303 loss_ldl=3.5268 lr=0.00011386 grad_norm=2.1117 throughput=22.39 img/s eta_seconds=121.1 gpu_alloc=378.7MiB gpu_reserved=4406.0MiB skipped_batches=0
2026-08-15 18:12:54,950 | INFO | epoch=17 batch=850 global_step=5899 loss_reg_months=4.1192 loss_ldl=3.1195 lr=0.00011386 grad_norm=2.7775 throughput=22.20 img/s eta_seconds=108.6 gpu_alloc=488.9MiB gpu_reserved=4406.0MiB skipped_batches=0
2026-08-15 18:13:20,544 | INFO | epoch=17 batch=875 global_step=5907 loss_reg_months=4.1117 loss_ldl=3.2980 lr=0.00011386 grad_norm=2.2815 throughput=21.65 img/s eta_seconds=97.5 gpu_alloc=488.9MiB gpu_reserved=4406.0MiB skipped_batches=0
2026-08-15 18:13:58,257 | INFO | epoch=17 batch=900 global_step=5916 loss_reg_months=4.1082 loss_ldl=3.5611 lr=0.00011386 grad_norm=2.3068 throughput=20.66 img/s eta_seconds=87.7 gpu_alloc=378.7MiB gpu_reserved=4406.0MiB skipped_batches=0
2026-08-15 18:14:16,836 | INFO | epoch=17 batch=925 global_step=5924 loss_reg_months=4.0988 loss_ldl=3.2491 lr=0.00011386 grad_norm=2.6373 throughput=20.50 img/s eta_seconds=73.7 gpu_alloc=488.9MiB gpu_reserved=4406.0MiB skipped_batches=0
2026-08-15 18:14:34,722 | INFO | epoch=17 batch=950 global_step=5932 loss_reg_months=4.0955 loss_ldl=2.7923 lr=0.00011386 grad_norm=1.7253 throughput=20.38 img/s eta_seconds=59.4 gpu_alloc=488.9MiB gpu_reserved=4406.0MiB skipped_batches=0
2026-08-15 18:14:52,468 | INFO | epoch=17 batch=975 global_step=5941 loss_reg_months=4.0880 loss_ldl=3.6438 lr=0.00011386 grad_norm=3.0960 throughput=20.28 img/s eta_seconds=44.9 gpu_alloc=378.7MiB gpu_reserved=4406.0MiB skipped_batches=0
2026-08-15 18:15:15,161 | INFO | epoch=17 batch=1000 global_step=5949 loss_reg_months=4.0877 loss_ldl=3.2512 lr=0.00011386 grad_norm=2.6037 throughput=20.01 img/s eta_seconds=30.5 gpu_alloc=488.9MiB gpu_reserved=4406.0MiB skipped_batches=0
2026-08-15 18:15:33,843 | INFO | epoch=17 batch=1025 global_step=5957 loss_reg_months=4.0940 loss_ldl=3.0979 lr=0.00011386 grad_norm=2.6564 throughput=19.89 img/s eta_seconds=15.6 gpu_alloc=488.9MiB gpu_reserved=4406.0MiB skipped_batches=0
2026-08-15 18:15:51,069 | INFO | epoch=17 batch=1050 global_step=5966 loss_reg_months=4.0914 loss_ldl=3.0898 lr=0.00011386 grad_norm=3.0000 throughput=19.82 img/s eta_seconds=0.6 gpu_alloc=378.7MiB gpu_reserved=4406.0MiB skipped_batches=0
2026-08-15 18:17:32,263 | WARNING | STABILITY WARNING [CAM] Validation MAE xấu đi trong khi train loss giảm
2026-08-15 18:17:32,264 | INFO | 
TRAINING REVIEW SNAPSHOT
Run ID / config hash / split hash: P5_D3_CONVNEXT_TINY_LDL_SEED17 / 9ef0879ebe15 / 7328667e6822+f650a20432b5
Epoch / global step: 17 / 5967
Train loss: 4.0915
Validation MAE / RMSE / median AE: 6.4142 / 8.8094 / 4.7582
MAE nam / nữ / age bins: {'F': 6.620229231067961, 'M': 6.24035966041634} / {'0-59': 5.869514779841646, '120-179': 6.4141501673072465, '60-119': 6.876733944500764, '180-228': 5.390409588813782}
Learning rate / peak VRAM: 0.00011386 / 4406.0 MiB
Best epoch / best MAE / epochs không cải thiện: 11 / 6.2407 / 6
Cảnh báo hiện tại: CAM: Validation MAE xấu đi trong khi train loss giảm
Checkpoint gần nhất: p1_baseline\runs\P5_D3_CONVNEXT_TINY_LDL_SEED17\last.ckpt
Checkpoint tốt nhất: p1_baseline\runs\P5_D3_CONVNEXT_TINY_LDL_SEED17\best_mae.ckpt
Đề xuất tự động: THEO DÕI
2026-08-15 18:18:01,582 | INFO | epoch=18 batch=25 global_step=5975 loss_reg_months=3.8502 loss_ldl=3.0918 lr=0.00010496 grad_norm=3.6736 throughput=10.88 img/s eta_seconds=1131.5 gpu_alloc=488.9MiB gpu_reserved=4406.0MiB skipped_batches=0
2026-08-15 18:18:17,431 | INFO | epoch=18 batch=50 global_step=5983 loss_reg_months=3.8879 loss_ldl=2.9494 lr=0.00010496 grad_norm=3.1030 throughput=13.82 img/s eta_seconds=869.3 gpu_alloc=488.9MiB gpu_reserved=4406.0MiB skipped_batches=0
2026-08-15 18:18:38,955 | INFO | epoch=18 batch=75 global_step=5992 loss_reg_months=3.9491 loss_ldl=3.0066 lr=0.00010496 grad_norm=2.1863 throughput=13.86 img/s eta_seconds=845.1 gpu_alloc=378.7MiB gpu_reserved=4406.0MiB skipped_batches=0
2026-08-15 18:19:03,033 | INFO | epoch=18 batch=100 global_step=6000 loss_reg_months=3.8801 loss_ldl=2.7035 lr=0.00010496 grad_norm=2.8540 throughput=13.48 img/s eta_seconds=846.5 gpu_alloc=488.9MiB gpu_reserved=4406.0MiB skipped_batches=0
2026-08-15 18:19:20,132 | INFO | epoch=18 batch=125 global_step=6008 loss_reg_months=3.9314 loss_ldl=3.0423 lr=0.00010496 grad_norm=2.1361 throughput=14.13 img/s eta_seconds=786.1 gpu_alloc=488.9MiB gpu_reserved=4406.0MiB skipped_batches=0
2026-08-15 18:19:59,436 | INFO | epoch=18 batch=150 global_step=6017 loss_reg_months=3.9756 loss_ldl=3.3123 lr=0.00010496 grad_norm=2.6538 throughput=12.38 img/s eta_seconds=873.5 gpu_alloc=378.7MiB gpu_reserved=4406.0MiB skipped_batches=0
2026-08-15 18:20:20,005 | INFO | epoch=18 batch=175 global_step=6025 loss_reg_months=4.0241 loss_ldl=3.2142 lr=0.00010496 grad_norm=2.5654 throughput=12.65 img/s eta_seconds=830.9 gpu_alloc=488.9MiB gpu_reserved=4406.0MiB skipped_batches=0
2026-08-15 18:20:40,732 | INFO | epoch=18 batch=200 global_step=6033 loss_reg_months=4.0111 loss_ldl=3.0010 lr=0.00010496 grad_norm=2.2441 throughput=12.85 img/s eta_seconds=794.4 gpu_alloc=488.9MiB gpu_reserved=4406.0MiB skipped_batches=0
2026-08-15 18:21:07,269 | INFO | epoch=18 batch=225 global_step=6042 loss_reg_months=4.0305 loss_ldl=3.7524 lr=0.00010496 grad_norm=2.5228 throughput=12.66 img/s eta_seconds=782.8 gpu_alloc=378.7MiB gpu_reserved=4406.0MiB skipped_batches=0
2026-08-15 18:21:39,055 | INFO | epoch=18 batch=250 global_step=6050 loss_reg_months=4.0478 loss_ldl=3.0442 lr=0.00010496 grad_norm=1.8873 throughput=12.24 img/s eta_seconds=785.0 gpu_alloc=488.9MiB gpu_reserved=4406.0MiB skipped_batches=0
2026-08-15 18:22:04,704 | INFO | epoch=18 batch=275 global_step=6058 loss_reg_months=4.0087 loss_ldl=3.0928 lr=0.00010496 grad_norm=2.6424 throughput=12.19 img/s eta_seconds=763.8 gpu_alloc=488.9MiB gpu_reserved=4406.0MiB skipped_batches=0
2026-08-15 18:22:26,586 | INFO | epoch=18 batch=300 global_step=6067 loss_reg_months=3.9980 loss_ldl=2.9712 lr=0.00010496 grad_norm=2.9794 throughput=12.30 img/s eta_seconds=732.3 gpu_alloc=378.7MiB gpu_reserved=4406.0MiB skipped_batches=0
2026-08-15 18:22:52,805 | INFO | epoch=18 batch=325 global_step=6075 loss_reg_months=3.9983 loss_ldl=3.1146 lr=0.00010496 grad_norm=2.8175 throughput=12.23 img/s eta_seconds=712.1 gpu_alloc=488.9MiB gpu_reserved=4406.0MiB skipped_batches=0
2026-08-15 18:23:16,126 | INFO | epoch=18 batch=350 global_step=6083 loss_reg_months=3.9770 loss_ldl=3.2359 lr=0.00010496 grad_norm=2.1382 throughput=12.28 img/s eta_seconds=685.1 gpu_alloc=488.9MiB gpu_reserved=4406.0MiB skipped_batches=0
2026-08-15 18:23:30,040 | INFO | epoch=18 batch=375 global_step=6092 loss_reg_months=3.9855 loss_ldl=2.9618 lr=0.00010496 grad_norm=2.2150 throughput=12.64 img/s eta_seconds=641.7 gpu_alloc=378.7MiB gpu_reserved=4406.0MiB skipped_batches=0
2026-08-15 18:23:45,816 | INFO | epoch=18 batch=400 global_step=6100 loss_reg_months=3.9959 loss_ldl=3.1749 lr=0.00010496 grad_norm=2.3842 throughput=12.91 img/s eta_seconds=605.0 gpu_alloc=488.9MiB gpu_reserved=4406.0MiB skipped_batches=0
2026-08-15 18:23:59,787 | INFO | epoch=18 batch=425 global_step=6108 loss_reg_months=3.9736 loss_ldl=2.8831 lr=0.00010496 grad_norm=2.6238 throughput=13.22 img/s eta_seconds=568.2 gpu_alloc=488.9MiB gpu_reserved=4406.0MiB skipped_batches=0
2026-08-15 18:24:14,040 | INFO | epoch=18 batch=450 global_step=6117 loss_reg_months=3.9781 loss_ldl=3.1057 lr=0.00010496 grad_norm=2.5979 throughput=13.50 img/s eta_seconds=534.2 gpu_alloc=378.7MiB gpu_reserved=4406.0MiB skipped_batches=0
2026-08-15 18:24:27,398 | INFO | epoch=18 batch=475 global_step=6125 loss_reg_months=3.9739 loss_ldl=3.3082 lr=0.00010496 grad_norm=2.8063 throughput=13.79 img/s eta_seconds=501.2 gpu_alloc=488.9MiB gpu_reserved=4406.0MiB skipped_batches=0
2026-08-15 18:24:41,012 | INFO | epoch=18 batch=500 global_step=6133 loss_reg_months=3.9544 loss_ldl=3.3715 lr=0.00010496 grad_norm=2.5245 throughput=14.05 img/s eta_seconds=470.5 gpu_alloc=488.9MiB gpu_reserved=4406.0MiB skipped_batches=0
2026-08-15 18:24:55,183 | INFO | epoch=18 batch=525 global_step=6142 loss_reg_months=3.9806 loss_ldl=3.8256 lr=0.00010496 grad_norm=2.7275 throughput=14.28 img/s eta_seconds=441.9 gpu_alloc=378.7MiB gpu_reserved=4406.0MiB skipped_batches=0
2026-08-15 18:25:09,795 | INFO | epoch=18 batch=550 global_step=6150 loss_reg_months=3.9704 loss_ldl=3.2095 lr=0.00010496 grad_norm=2.8525 throughput=14.48 img/s eta_seconds=415.1 gpu_alloc=488.9MiB gpu_reserved=4406.0MiB skipped_batches=0
2026-08-15 18:25:23,068 | INFO | epoch=18 batch=575 global_step=6158 loss_reg_months=3.9900 loss_ldl=3.0695 lr=0.00010496 grad_norm=2.4410 throughput=14.71 img/s eta_seconds=388.2 gpu_alloc=488.9MiB gpu_reserved=4406.0MiB skipped_batches=0
2026-08-15 18:25:36,478 | INFO | epoch=18 batch=600 global_step=6167 loss_reg_months=3.9942 loss_ldl=3.0503 lr=0.00010496 grad_norm=2.7779 throughput=14.92 img/s eta_seconds=362.6 gpu_alloc=378.7MiB gpu_reserved=4406.0MiB skipped_batches=0
2026-08-15 18:25:50,227 | INFO | epoch=18 batch=625 global_step=6175 loss_reg_months=3.9902 loss_ldl=2.9810 lr=0.00010496 grad_norm=2.3960 throughput=15.11 img/s eta_seconds=338.2 gpu_alloc=488.9MiB gpu_reserved=4406.0MiB skipped_batches=0
2026-08-15 18:26:03,938 | INFO | epoch=18 batch=650 global_step=6183 loss_reg_months=3.9940 loss_ldl=2.8100 lr=0.00010496 grad_norm=2.1307 throughput=15.30 img/s eta_seconds=314.5 gpu_alloc=488.9MiB gpu_reserved=4406.0MiB skipped_batches=0
2026-08-15 18:26:18,183 | INFO | epoch=18 batch=675 global_step=6192 loss_reg_months=3.9901 loss_ldl=3.2692 lr=0.00010496 grad_norm=2.4560 throughput=15.45 img/s eta_seconds=291.9 gpu_alloc=378.7MiB gpu_reserved=4406.0MiB skipped_batches=0
2026-08-15 18:26:33,030 | INFO | epoch=18 batch=700 global_step=6200 loss_reg_months=3.9894 loss_ldl=3.1123 lr=0.00010496 grad_norm=1.9915 throughput=15.58 img/s eta_seconds=270.2 gpu_alloc=488.9MiB gpu_reserved=4406.0MiB skipped_batches=0
2026-08-15 18:26:49,854 | INFO | epoch=18 batch=725 global_step=6208 loss_reg_months=3.9805 loss_ldl=3.0107 lr=0.00010496 grad_norm=2.6352 throughput=15.65 img/s eta_seconds=249.9 gpu_alloc=488.9MiB gpu_reserved=4406.0MiB skipped_batches=0
2026-08-15 18:27:04,153 | INFO | epoch=18 batch=750 global_step=6217 loss_reg_months=3.9841 loss_ldl=3.4334 lr=0.00010496 grad_norm=2.7913 throughput=15.79 img/s eta_seconds=228.8 gpu_alloc=378.7MiB gpu_reserved=4406.0MiB skipped_batches=0
2026-08-15 18:27:18,234 | INFO | epoch=18 batch=775 global_step=6225 loss_reg_months=3.9779 loss_ldl=3.2944 lr=0.00010496 grad_norm=3.8203 throughput=15.92 img/s eta_seconds=208.0 gpu_alloc=488.9MiB gpu_reserved=4406.0MiB skipped_batches=0
2026-08-15 18:27:32,044 | INFO | epoch=18 batch=800 global_step=6233 loss_reg_months=3.9741 loss_ldl=3.5178 lr=0.00010496 grad_norm=2.1407 throughput=16.05 img/s eta_seconds=187.6 gpu_alloc=488.9MiB gpu_reserved=4406.0MiB skipped_batches=0
2026-08-15 18:27:45,522 | INFO | epoch=18 batch=825 global_step=6242 loss_reg_months=3.9636 loss_ldl=3.1179 lr=0.00010496 grad_norm=2.9705 throughput=16.19 img/s eta_seconds=167.5 gpu_alloc=378.7MiB gpu_reserved=4406.0MiB skipped_batches=0
2026-08-15 18:27:59,089 | INFO | epoch=18 batch=850 global_step=6250 loss_reg_months=3.9660 loss_ldl=2.9997 lr=0.00010496 grad_norm=3.0393 throughput=16.32 img/s eta_seconds=147.8 gpu_alloc=488.9MiB gpu_reserved=4406.0MiB skipped_batches=0
2026-08-15 18:28:12,696 | INFO | epoch=18 batch=875 global_step=6258 loss_reg_months=3.9706 loss_ldl=3.3059 lr=0.00010496 grad_norm=2.6467 throughput=16.44 img/s eta_seconds=128.4 gpu_alloc=488.9MiB gpu_reserved=4406.0MiB skipped_batches=0
2026-08-15 18:28:26,372 | INFO | epoch=18 batch=900 global_step=6267 loss_reg_months=3.9597 loss_ldl=3.2858 lr=0.00010496 grad_norm=2.4072 throughput=16.56 img/s eta_seconds=109.4 gpu_alloc=378.7MiB gpu_reserved=4406.0MiB skipped_batches=0
2026-08-15 18:28:40,466 | INFO | epoch=18 batch=925 global_step=6275 loss_reg_months=3.9618 loss_ldl=3.1285 lr=0.00010496 grad_norm=2.6069 throughput=16.66 img/s eta_seconds=90.7 gpu_alloc=488.9MiB gpu_reserved=4406.0MiB skipped_batches=0
2026-08-15 18:28:53,562 | INFO | epoch=18 batch=950 global_step=6283 loss_reg_months=3.9596 loss_ldl=2.8683 lr=0.00010496 grad_norm=2.5255 throughput=16.78 img/s eta_seconds=72.2 gpu_alloc=488.9MiB gpu_reserved=4406.0MiB skipped_batches=0
2026-08-15 18:29:07,397 | INFO | epoch=18 batch=975 global_step=6292 loss_reg_months=3.9513 loss_ldl=3.1941 lr=0.00010496 grad_norm=2.4329 throughput=16.87 img/s eta_seconds=54.0 gpu_alloc=378.7MiB gpu_reserved=4406.0MiB skipped_batches=0
2026-08-15 18:29:20,688 | INFO | epoch=18 batch=1000 global_step=6300 loss_reg_months=3.9498 loss_ldl=3.3726 lr=0.00010496 grad_norm=2.9676 throughput=16.98 img/s eta_seconds=36.0 gpu_alloc=488.9MiB gpu_reserved=4406.0MiB skipped_batches=0
2026-08-15 18:29:34,758 | INFO | epoch=18 batch=1025 global_step=6308 loss_reg_months=3.9491 loss_ldl=3.3552 lr=0.00010496 grad_norm=2.2274 throughput=17.07 img/s eta_seconds=18.2 gpu_alloc=488.9MiB gpu_reserved=4406.0MiB skipped_batches=0
2026-08-15 18:29:48,867 | INFO | epoch=18 batch=1050 global_step=6317 loss_reg_months=3.9459 loss_ldl=3.0947 lr=0.00010496 grad_norm=2.6294 throughput=17.15 img/s eta_seconds=0.6 gpu_alloc=378.7MiB gpu_reserved=4406.0MiB skipped_batches=0
2026-08-15 18:30:21,171 | INFO | 
TRAINING REVIEW SNAPSHOT
Run ID / config hash / split hash: P5_D3_CONVNEXT_TINY_LDL_SEED17 / 9ef0879ebe15 / 7328667e6822+f650a20432b5
Epoch / global step: 18 / 6318
Train loss: 3.9476
Validation MAE / RMSE / median AE: 6.2347 / 8.5767 / 4.7025
MAE nam / nữ / age bins: {'F': 6.511948209598752, 'M': 6.000879640566886} / {'0-59': 5.7496602788884585, '120-179': 6.162275269535475, '60-119': 6.9106522381003135, '180-228': 4.968159794807434}
Learning rate / peak VRAM: 0.00010496 / 4406.0 MiB
Best epoch / best MAE / epochs không cải thiện: 11 / 6.2407 / 7
Cảnh báo hiện tại: KHÔNG
Checkpoint gần nhất: p1_baseline\runs\P5_D3_CONVNEXT_TINY_LDL_SEED17\last.ckpt
Checkpoint tốt nhất: p1_baseline\runs\P5_D3_CONVNEXT_TINY_LDL_SEED17\best_mae.ckpt
Đề xuất tự động: TIẾP TỤC
2026-08-15 18:30:37,346 | INFO | epoch=19 batch=25 global_step=6326 loss_reg_months=3.5593 loss_ldl=3.0497 lr=0.00009604 grad_norm=3.0392 throughput=20.54 img/s eta_seconds=599.4 gpu_alloc=488.9MiB gpu_reserved=4406.0MiB skipped_batches=0
2026-08-15 18:30:44,897 | INFO | epoch=19 batch=50 global_step=6334 loss_reg_months=3.7114 loss_ldl=2.9560 lr=0.00009604 grad_norm=2.1656 throughput=27.08 img/s eta_seconds=443.6 gpu_alloc=488.9MiB gpu_reserved=4406.0MiB skipped_batches=0
2026-08-15 18:30:52,508 | INFO | epoch=19 batch=75 global_step=6343 loss_reg_months=3.7997 loss_ldl=3.2121 lr=0.00009604 grad_norm=2.3075 throughput=30.23 img/s eta_seconds=387.3 gpu_alloc=378.7MiB gpu_reserved=4406.0MiB skipped_batches=0
2026-08-15 18:31:00,075 | INFO | epoch=19 batch=100 global_step=6351 loss_reg_months=3.8197 loss_ldl=3.3254 lr=0.00009604 grad_norm=2.0398 throughput=32.14 img/s eta_seconds=355.0 gpu_alloc=488.9MiB gpu_reserved=4406.0MiB skipped_batches=0
2026-08-15 18:31:07,662 | INFO | epoch=19 batch=125 global_step=6359 loss_reg_months=3.7850 loss_ldl=3.2012 lr=0.00009604 grad_norm=2.2881 throughput=33.39 img/s eta_seconds=332.8 gpu_alloc=488.9MiB gpu_reserved=4406.0MiB skipped_batches=0
2026-08-15 18:31:15,250 | INFO | epoch=19 batch=150 global_step=6368 loss_reg_months=3.7704 loss_ldl=3.2279 lr=0.00009604 grad_norm=2.1713 throughput=34.28 img/s eta_seconds=315.4 gpu_alloc=378.7MiB gpu_reserved=4406.0MiB skipped_batches=0
2026-08-15 18:31:22,819 | INFO | epoch=19 batch=175 global_step=6376 loss_reg_months=3.8135 loss_ldl=3.1949 lr=0.00009604 grad_norm=3.9364 throughput=34.95 img/s eta_seconds=300.7 gpu_alloc=488.9MiB gpu_reserved=4406.0MiB skipped_batches=0
2026-08-15 18:31:30,644 | INFO | epoch=19 batch=200 global_step=6384 loss_reg_months=3.8953 loss_ldl=3.1931 lr=0.00009604 grad_norm=4.5689 throughput=35.34 img/s eta_seconds=288.9 gpu_alloc=488.9MiB gpu_reserved=4406.0MiB skipped_batches=0
2026-08-15 18:31:38,458 | INFO | epoch=19 batch=225 global_step=6393 loss_reg_months=3.8806 loss_ldl=3.4686 lr=0.00009604 grad_norm=2.6979 throughput=35.66 img/s eta_seconds=277.9 gpu_alloc=378.7MiB gpu_reserved=4406.0MiB skipped_batches=0
2026-08-15 18:31:46,069 | INFO | epoch=19 batch=250 global_step=6401 loss_reg_months=3.8169 loss_ldl=3.1446 lr=0.00009604 grad_norm=2.2074 throughput=36.00 img/s eta_seconds=267.0 gpu_alloc=488.9MiB gpu_reserved=4406.0MiB skipped_batches=0
2026-08-15 18:31:53,687 | INFO | epoch=19 batch=275 global_step=6409 loss_reg_months=3.7771 loss_ldl=3.1171 lr=0.00009604 grad_norm=2.2678 throughput=36.28 img/s eta_seconds=256.6 gpu_alloc=488.9MiB gpu_reserved=4406.0MiB skipped_batches=0
2026-08-15 18:32:01,525 | INFO | epoch=19 batch=300 global_step=6418 loss_reg_months=3.7500 loss_ldl=3.1489 lr=0.00009604 grad_norm=3.1573 throughput=36.44 img/s eta_seconds=247.3 gpu_alloc=378.7MiB gpu_reserved=4406.0MiB skipped_batches=0
2026-08-15 18:32:09,162 | INFO | epoch=19 batch=325 global_step=6426 loss_reg_months=3.7666 loss_ldl=3.1194 lr=0.00009604 grad_norm=3.5537 throughput=36.65 img/s eta_seconds=237.7 gpu_alloc=488.9MiB gpu_reserved=4406.0MiB skipped_batches=0
2026-08-15 18:32:16,740 | INFO | epoch=19 batch=350 global_step=6434 loss_reg_months=3.7908 loss_ldl=3.1345 lr=0.00009604 grad_norm=2.0349 throughput=36.84 img/s eta_seconds=228.3 gpu_alloc=488.9MiB gpu_reserved=4406.0MiB skipped_batches=0
2026-08-15 18:32:24,347 | INFO | epoch=19 batch=375 global_step=6443 loss_reg_months=3.7893 loss_ldl=3.0976 lr=0.00009604 grad_norm=3.0702 throughput=37.00 img/s eta_seconds=219.2 gpu_alloc=378.7MiB gpu_reserved=4406.0MiB skipped_batches=0
2026-08-15 18:32:32,249 | INFO | epoch=19 batch=400 global_step=6451 loss_reg_months=3.7581 loss_ldl=3.0193 lr=0.00009604 grad_norm=2.7789 throughput=37.06 img/s eta_seconds=210.8 gpu_alloc=488.9MiB gpu_reserved=4406.0MiB skipped_batches=0
2026-08-15 18:32:39,941 | INFO | epoch=19 batch=425 global_step=6459 loss_reg_months=3.7424 loss_ldl=3.1212 lr=0.00009604 grad_norm=3.9703 throughput=37.17 img/s eta_seconds=202.1 gpu_alloc=488.9MiB gpu_reserved=4406.0MiB skipped_batches=0
2026-08-15 18:32:47,553 | INFO | epoch=19 batch=450 global_step=6468 loss_reg_months=3.7304 loss_ldl=3.1116 lr=0.00009604 grad_norm=2.1920 throughput=37.29 img/s eta_seconds=193.4 gpu_alloc=378.7MiB gpu_reserved=4406.0MiB skipped_batches=0
2026-08-15 18:32:55,203 | INFO | epoch=19 batch=475 global_step=6476 loss_reg_months=3.7250 loss_ldl=3.0557 lr=0.00009604 grad_norm=3.6439 throughput=37.39 img/s eta_seconds=184.9 gpu_alloc=488.9MiB gpu_reserved=4406.0MiB skipped_batches=0
2026-08-15 18:33:02,806 | INFO | epoch=19 batch=500 global_step=6484 loss_reg_months=3.7365 loss_ldl=3.6416 lr=0.00009604 grad_norm=2.8727 throughput=37.48 img/s eta_seconds=176.4 gpu_alloc=488.9MiB gpu_reserved=4406.0MiB skipped_batches=0
2026-08-15 18:33:10,433 | INFO | epoch=19 batch=525 global_step=6493 loss_reg_months=3.7486 loss_ldl=3.2671 lr=0.00009604 grad_norm=2.4646 throughput=37.57 img/s eta_seconds=168.0 gpu_alloc=378.7MiB gpu_reserved=4406.0MiB skipped_batches=0
2026-08-15 18:33:18,729 | INFO | epoch=19 batch=550 global_step=6501 loss_reg_months=3.7544 loss_ldl=3.2158 lr=0.00009604 grad_norm=2.5841 throughput=37.50 img/s eta_seconds=160.3 gpu_alloc=488.9MiB gpu_reserved=4406.0MiB skipped_batches=0
2026-08-15 18:33:26,694 | INFO | epoch=19 batch=575 global_step=6509 loss_reg_months=3.7458 loss_ldl=2.7596 lr=0.00009604 grad_norm=3.1243 throughput=37.51 img/s eta_seconds=152.3 gpu_alloc=488.9MiB gpu_reserved=4406.0MiB skipped_batches=0
2026-08-15 18:33:34,341 | INFO | epoch=19 batch=600 global_step=6518 loss_reg_months=3.7526 loss_ldl=3.1359 lr=0.00009604 grad_norm=3.6163 throughput=37.58 img/s eta_seconds=144.0 gpu_alloc=378.7MiB gpu_reserved=4406.0MiB skipped_batches=0
2026-08-15 18:33:42,480 | INFO | epoch=19 batch=625 global_step=6526 loss_reg_months=3.7558 loss_ldl=3.1298 lr=0.00009604 grad_norm=2.7654 throughput=37.55 img/s eta_seconds=136.1 gpu_alloc=488.9MiB gpu_reserved=4406.0MiB skipped_batches=0
2026-08-15 18:33:50,503 | INFO | epoch=19 batch=650 global_step=6534 loss_reg_months=3.7548 loss_ldl=3.1769 lr=0.00009604 grad_norm=3.3680 throughput=37.54 img/s eta_seconds=128.1 gpu_alloc=488.9MiB gpu_reserved=4406.0MiB skipped_batches=0
2026-08-15 18:33:58,306 | INFO | epoch=19 batch=675 global_step=6543 loss_reg_months=3.7726 loss_ldl=3.6144 lr=0.00009604 grad_norm=2.6975 throughput=37.58 img/s eta_seconds=120.1 gpu_alloc=378.7MiB gpu_reserved=4406.0MiB skipped_batches=0
2026-08-15 18:34:06,110 | INFO | epoch=19 batch=700 global_step=6551 loss_reg_months=3.7747 loss_ldl=3.4500 lr=0.00009604 grad_norm=2.0455 throughput=37.61 img/s eta_seconds=112.0 gpu_alloc=488.9MiB gpu_reserved=4406.0MiB skipped_batches=0
2026-08-15 18:34:13,778 | INFO | epoch=19 batch=725 global_step=6559 loss_reg_months=3.7667 loss_ldl=3.5575 lr=0.00009604 grad_norm=3.4094 throughput=37.66 img/s eta_seconds=103.9 gpu_alloc=488.9MiB gpu_reserved=4406.0MiB skipped_batches=0
2026-08-15 18:34:21,446 | INFO | epoch=19 batch=750 global_step=6568 loss_reg_months=3.7602 loss_ldl=3.0317 lr=0.00009604 grad_norm=2.2591 throughput=37.70 img/s eta_seconds=95.8 gpu_alloc=378.7MiB gpu_reserved=4406.0MiB skipped_batches=0
2026-08-15 18:34:29,050 | INFO | epoch=19 batch=775 global_step=6576 loss_reg_months=3.7474 loss_ldl=2.8504 lr=0.00009604 grad_norm=2.5361 throughput=37.76 img/s eta_seconds=87.7 gpu_alloc=488.9MiB gpu_reserved=4406.0MiB skipped_batches=0
2026-08-15 18:34:36,685 | INFO | epoch=19 batch=800 global_step=6584 loss_reg_months=3.7605 loss_ldl=3.4629 lr=0.00009604 grad_norm=3.6880 throughput=37.80 img/s eta_seconds=79.6 gpu_alloc=488.9MiB gpu_reserved=4406.0MiB skipped_batches=0
2026-08-15 18:34:44,713 | INFO | epoch=19 batch=825 global_step=6593 loss_reg_months=3.7707 loss_ldl=3.0911 lr=0.00009604 grad_norm=2.5392 throughput=37.79 img/s eta_seconds=71.7 gpu_alloc=378.7MiB gpu_reserved=4406.0MiB skipped_batches=0
2026-08-15 18:34:52,341 | INFO | epoch=19 batch=850 global_step=6601 loss_reg_months=3.7781 loss_ldl=3.0833 lr=0.00009604 grad_norm=2.6987 throughput=37.83 img/s eta_seconds=63.7 gpu_alloc=488.9MiB gpu_reserved=4406.0MiB skipped_batches=0
2026-08-15 18:34:59,964 | INFO | epoch=19 batch=875 global_step=6609 loss_reg_months=3.7839 loss_ldl=3.4977 lr=0.00009604 grad_norm=3.4479 throughput=37.88 img/s eta_seconds=55.7 gpu_alloc=488.9MiB gpu_reserved=4406.0MiB skipped_batches=0
2026-08-15 18:35:07,623 | INFO | epoch=19 batch=900 global_step=6618 loss_reg_months=3.7961 loss_ldl=3.3369 lr=0.00009604 grad_norm=3.2097 throughput=37.91 img/s eta_seconds=47.8 gpu_alloc=378.7MiB gpu_reserved=4406.0MiB skipped_batches=0
2026-08-15 18:35:15,233 | INFO | epoch=19 batch=925 global_step=6626 loss_reg_months=3.8139 loss_ldl=3.2612 lr=0.00009604 grad_norm=2.2698 throughput=37.95 img/s eta_seconds=39.8 gpu_alloc=488.9MiB gpu_reserved=4406.0MiB skipped_batches=0
2026-08-15 18:35:22,860 | INFO | epoch=19 batch=950 global_step=6634 loss_reg_months=3.8210 loss_ldl=3.8224 lr=0.00009604 grad_norm=3.0829 throughput=37.98 img/s eta_seconds=31.9 gpu_alloc=488.9MiB gpu_reserved=4406.0MiB skipped_batches=0
2026-08-15 18:35:30,679 | INFO | epoch=19 batch=975 global_step=6643 loss_reg_months=3.8157 loss_ldl=3.0911 lr=0.00009604 grad_norm=2.5159 throughput=37.99 img/s eta_seconds=24.0 gpu_alloc=378.7MiB gpu_reserved=4406.0MiB skipped_batches=0
2026-08-15 18:35:38,308 | INFO | epoch=19 batch=1000 global_step=6651 loss_reg_months=3.8014 loss_ldl=3.1909 lr=0.00009604 grad_norm=2.1577 throughput=38.03 img/s eta_seconds=16.1 gpu_alloc=488.9MiB gpu_reserved=4406.0MiB skipped_batches=0
2026-08-15 18:35:45,928 | INFO | epoch=19 batch=1025 global_step=6659 loss_reg_months=3.8007 loss_ldl=2.8641 lr=0.00009604 grad_norm=2.6580 throughput=38.06 img/s eta_seconds=8.2 gpu_alloc=488.9MiB gpu_reserved=4406.0MiB skipped_batches=0
2026-08-15 18:35:53,554 | INFO | epoch=19 batch=1050 global_step=6668 loss_reg_months=3.7977 loss_ldl=3.1384 lr=0.00009604 grad_norm=2.4328 throughput=38.09 img/s eta_seconds=0.3 gpu_alloc=378.7MiB gpu_reserved=4406.0MiB skipped_batches=0
2026-08-15 18:36:20,228 | WARNING | STABILITY WARNING [CAM] Validation MAE xấu đi trong khi train loss giảm
2026-08-15 18:36:20,248 | INFO | 
TRAINING REVIEW SNAPSHOT
Run ID / config hash / split hash: P5_D3_CONVNEXT_TINY_LDL_SEED17 / 9ef0879ebe15 / 7328667e6822+f650a20432b5
Epoch / global step: 19 / 6669
Train loss: 3.7965
Validation MAE / RMSE / median AE: 6.5878 / 9.0203 / 4.7860
MAE nam / nữ / age bins: {'F': 6.955739953035226, 'M': 6.27747105133333} / {'0-59': 7.156524100202195, '120-179': 6.727662075877337, '60-119': 6.6401785836001945, '180-228': 5.125041604042053}
Learning rate / peak VRAM: 0.00009604 / 4406.0 MiB
Best epoch / best MAE / epochs không cải thiện: 11 / 6.2407 / 8
Cảnh báo hiện tại: CAM: Validation MAE xấu đi trong khi train loss giảm
Checkpoint gần nhất: p1_baseline\runs\P5_D3_CONVNEXT_TINY_LDL_SEED17\last.ckpt
Checkpoint tốt nhất: p1_baseline\runs\P5_D3_CONVNEXT_TINY_LDL_SEED17\best_mae.ckpt
Đề xuất tự động: THEO DÕI
2026-08-15 18:36:22,515 | WARNING | STABILITY WARNING [CAM] Early stopping patience=8
RUN STATUS: early_stopped
