2026-08-16 09:07:07,510 | INFO | Run=P6_D0_CONVNEXT_TINY_768_SEED42 device=cuda config_hash=0e80cf6f780f637216c68262525033f6f76c78f1c11bb27b41f599bb74598115
2026-08-16 09:07:07,510 | INFO | Split hash train=7328667e6822ab074d442155e33eba89606861bb13bbf804be8a1138c78f5285 validation=f650a20432b557405035d12c52716a6c40fdf20e1343ac3ad0cfb7cd8db21631
RESUME CHECK
Run ID: P6_D0_CONVNEXT_TINY_768_SEED42
Checkpoint path: p1_baseline\runs\P6_D0_CONVNEXT_TINY_768_SEED42\last.ckpt
Epoch/global step tiếp tục: 0/2
Best validation MAE trước đó: inf
Split hash khớp: CÓ
Config hash khớp: CÓ
Code version khớp: CÓ
Optimizer/scheduler/scaler đã phục hồi: CÓ
2026-08-16 09:07:17,183 | INFO | epoch=1 batch=25 global_step=2 loss_reg_months=33.9197 lr=0.00020000 grad_norm=nan throughput=10.60 img/s eta_seconds=1180.3 gpu_alloc=477.8MiB gpu_reserved=3472.0MiB skipped_batches=0
2026-08-16 09:07:23,803 | INFO | epoch=1 batch=50 global_step=5 loss_reg_months=32.2076 lr=0.00020000 grad_norm=4.6158 throughput=12.46 img/s eta_seconds=996.3 gpu_alloc=476.3MiB gpu_reserved=3472.0MiB skipped_batches=0
2026-08-16 09:07:29,781 | INFO | epoch=1 batch=75 global_step=8 loss_reg_months=29.6245 lr=0.00020000 grad_norm=4.8689 throughput=13.62 img/s eta_seconds=904.1 gpu_alloc=476.3MiB gpu_reserved=3472.0MiB skipped_batches=0
2026-08-16 09:07:35,676 | INFO | epoch=1 batch=100 global_step=11 loss_reg_months=28.4737 lr=0.00020000 grad_norm=4.5695 throughput=14.32 img/s eta_seconds=852.6 gpu_alloc=476.3MiB gpu_reserved=3472.0MiB skipped_batches=0
2026-08-16 09:07:41,521 | INFO | epoch=1 batch=125 global_step=13 loss_reg_months=26.1957 lr=0.00020000 grad_norm=21.1342 throughput=14.80 img/s eta_seconds=818.1 gpu_alloc=476.3MiB gpu_reserved=3472.0MiB skipped_batches=0
2026-08-16 09:07:47,396 | INFO | epoch=1 batch=150 global_step=16 loss_reg_months=25.1216 lr=0.00020000 grad_norm=23.9220 throughput=15.13 img/s eta_seconds=793.7 gpu_alloc=476.3MiB gpu_reserved=3472.0MiB skipped_batches=0
2026-08-16 09:07:53,353 | INFO | epoch=1 batch=175 global_step=19 loss_reg_months=24.2582 lr=0.00020000 grad_norm=8.8650 throughput=15.35 img/s eta_seconds=776.0 gpu_alloc=476.3MiB gpu_reserved=3472.0MiB skipped_batches=0
2026-08-16 09:07:59,260 | INFO | epoch=1 batch=200 global_step=22 loss_reg_months=23.7027 lr=0.00020000 grad_norm=4.8667 throughput=15.53 img/s eta_seconds=760.5 gpu_alloc=476.3MiB gpu_reserved=3472.0MiB skipped_batches=0
2026-08-16 09:08:05,190 | INFO | epoch=1 batch=225 global_step=25 loss_reg_months=22.7484 lr=0.00020000 grad_norm=4.9217 throughput=15.67 img/s eta_seconds=747.4 gpu_alloc=367.7MiB gpu_reserved=3472.0MiB skipped_batches=0
2026-08-16 09:08:11,019 | INFO | epoch=1 batch=250 global_step=27 loss_reg_months=21.8731 lr=0.00020000 grad_norm=4.4101 throughput=15.81 img/s eta_seconds=734.6 gpu_alloc=476.3MiB gpu_reserved=3472.0MiB skipped_batches=0
2026-08-16 09:08:16,695 | INFO | epoch=1 batch=275 global_step=30 loss_reg_months=21.1285 lr=0.00020000 grad_norm=6.1026 throughput=15.95 img/s eta_seconds=721.5 gpu_alloc=476.3MiB gpu_reserved=3472.0MiB skipped_batches=0
2026-08-16 09:08:22,371 | INFO | epoch=1 batch=300 global_step=33 loss_reg_months=20.8047 lr=0.00020000 grad_norm=3.5125 throughput=16.08 img/s eta_seconds=709.6 gpu_alloc=476.3MiB gpu_reserved=3472.0MiB skipped_batches=0
2026-08-16 09:08:28,073 | INFO | epoch=1 batch=325 global_step=36 loss_reg_months=20.3578 lr=0.00020000 grad_norm=3.8038 throughput=16.18 img/s eta_seconds=698.9 gpu_alloc=476.3MiB gpu_reserved=3472.0MiB skipped_batches=0
2026-08-16 09:08:33,796 | INFO | epoch=1 batch=350 global_step=38 loss_reg_months=19.7564 lr=0.00020000 grad_norm=3.6527 throughput=16.27 img/s eta_seconds=689.1 gpu_alloc=476.3MiB gpu_reserved=3472.0MiB skipped_batches=0
2026-08-16 09:08:39,538 | INFO | epoch=1 batch=375 global_step=41 loss_reg_months=19.3291 lr=0.00020000 grad_norm=2.8383 throughput=16.34 img/s eta_seconds=679.9 gpu_alloc=476.3MiB gpu_reserved=3472.0MiB skipped_batches=0
2026-08-16 09:08:45,278 | INFO | epoch=1 batch=400 global_step=44 loss_reg_months=19.0288 lr=0.00020000 grad_norm=17.9062 throughput=16.41 img/s eta_seconds=671.2 gpu_alloc=476.3MiB gpu_reserved=3472.0MiB skipped_batches=0
2026-08-16 09:08:50,977 | INFO | epoch=1 batch=425 global_step=47 loss_reg_months=18.7007 lr=0.00020000 grad_norm=5.2378 throughput=16.47 img/s eta_seconds=662.5 gpu_alloc=476.3MiB gpu_reserved=3472.0MiB skipped_batches=0
2026-08-16 09:08:56,673 | INFO | epoch=1 batch=450 global_step=50 loss_reg_months=18.3543 lr=0.00020000 grad_norm=6.6889 throughput=16.53 img/s eta_seconds=654.2 gpu_alloc=367.7MiB gpu_reserved=3472.0MiB skipped_batches=0
2026-08-16 09:09:02,340 | INFO | epoch=1 batch=475 global_step=52 loss_reg_months=17.9555 lr=0.00020000 grad_norm=5.5825 throughput=16.58 img/s eta_seconds=646.0 gpu_alloc=476.3MiB gpu_reserved=3472.0MiB skipped_batches=0
2026-08-16 09:09:08,063 | INFO | epoch=1 batch=500 global_step=55 loss_reg_months=17.6502 lr=0.00020000 grad_norm=6.9761 throughput=16.62 img/s eta_seconds=638.3 gpu_alloc=476.3MiB gpu_reserved=3472.0MiB skipped_batches=0
2026-08-16 09:09:13,772 | INFO | epoch=1 batch=525 global_step=58 loss_reg_months=17.3668 lr=0.00020000 grad_norm=8.0415 throughput=16.66 img/s eta_seconds=630.8 gpu_alloc=476.3MiB gpu_reserved=3472.0MiB skipped_batches=0
2026-08-16 09:09:19,451 | INFO | epoch=1 batch=550 global_step=61 loss_reg_months=17.1854 lr=0.00020000 grad_norm=8.8935 throughput=16.70 img/s eta_seconds=623.3 gpu_alloc=476.3MiB gpu_reserved=3472.0MiB skipped_batches=0
2026-08-16 09:09:25,091 | INFO | epoch=1 batch=575 global_step=63 loss_reg_months=17.0362 lr=0.00020000 grad_norm=7.6528 throughput=16.75 img/s eta_seconds=615.7 gpu_alloc=476.3MiB gpu_reserved=3472.0MiB skipped_batches=0
2026-08-16 09:09:30,759 | INFO | epoch=1 batch=600 global_step=66 loss_reg_months=16.7999 lr=0.00020000 grad_norm=6.9269 throughput=16.78 img/s eta_seconds=608.5 gpu_alloc=476.3MiB gpu_reserved=3472.0MiB skipped_batches=0
2026-08-16 09:09:36,425 | INFO | epoch=1 batch=625 global_step=69 loss_reg_months=16.6292 lr=0.00020000 grad_norm=4.6942 throughput=16.81 img/s eta_seconds=601.3 gpu_alloc=476.3MiB gpu_reserved=3472.0MiB skipped_batches=0
2026-08-16 09:09:42,087 | INFO | epoch=1 batch=650 global_step=72 loss_reg_months=16.4226 lr=0.00020000 grad_norm=4.6844 throughput=16.85 img/s eta_seconds=594.3 gpu_alloc=476.3MiB gpu_reserved=3472.0MiB skipped_batches=0
2026-08-16 09:09:47,889 | INFO | epoch=1 batch=675 global_step=75 loss_reg_months=16.1767 lr=0.00020000 grad_norm=7.7652 throughput=16.86 img/s eta_seconds=587.8 gpu_alloc=367.7MiB gpu_reserved=3472.0MiB skipped_batches=0
2026-08-16 09:09:53,648 | INFO | epoch=1 batch=700 global_step=77 loss_reg_months=16.0200 lr=0.00020000 grad_norm=6.7247 throughput=16.88 img/s eta_seconds=581.3 gpu_alloc=476.3MiB gpu_reserved=3472.0MiB skipped_batches=0
2026-08-16 09:09:59,319 | INFO | epoch=1 batch=725 global_step=80 loss_reg_months=15.8649 lr=0.00020000 grad_norm=5.0173 throughput=16.90 img/s eta_seconds=574.5 gpu_alloc=476.3MiB gpu_reserved=3472.0MiB skipped_batches=0
2026-08-16 09:10:04,983 | INFO | epoch=1 batch=750 global_step=83 loss_reg_months=15.6942 lr=0.00020000 grad_norm=8.9050 throughput=16.93 img/s eta_seconds=567.8 gpu_alloc=476.3MiB gpu_reserved=3472.0MiB skipped_batches=0
2026-08-16 09:10:10,657 | INFO | epoch=1 batch=775 global_step=86 loss_reg_months=15.5071 lr=0.00020000 grad_norm=4.0375 throughput=16.95 img/s eta_seconds=561.2 gpu_alloc=476.3MiB gpu_reserved=3472.0MiB skipped_batches=0
2026-08-16 09:10:16,310 | INFO | epoch=1 batch=800 global_step=88 loss_reg_months=15.3683 lr=0.00020000 grad_norm=8.9437 throughput=16.97 img/s eta_seconds=554.5 gpu_alloc=476.3MiB gpu_reserved=3472.0MiB skipped_batches=0
2026-08-16 09:10:21,993 | INFO | epoch=1 batch=825 global_step=91 loss_reg_months=15.2805 lr=0.00020000 grad_norm=5.9875 throughput=16.99 img/s eta_seconds=548.1 gpu_alloc=476.3MiB gpu_reserved=3472.0MiB skipped_batches=0
2026-08-16 09:10:27,686 | INFO | epoch=1 batch=850 global_step=94 loss_reg_months=15.1302 lr=0.00020000 grad_norm=5.1161 throughput=17.01 img/s eta_seconds=541.7 gpu_alloc=476.3MiB gpu_reserved=3472.0MiB skipped_batches=0
2026-08-16 09:10:33,377 | INFO | epoch=1 batch=875 global_step=97 loss_reg_months=15.0575 lr=0.00020000 grad_norm=6.8345 throughput=17.02 img/s eta_seconds=535.3 gpu_alloc=476.3MiB gpu_reserved=3472.0MiB skipped_batches=0
2026-08-16 09:10:39,058 | INFO | epoch=1 batch=900 global_step=100 loss_reg_months=14.9569 lr=0.00020000 grad_norm=2.3213 throughput=17.04 img/s eta_seconds=528.9 gpu_alloc=367.7MiB gpu_reserved=3472.0MiB skipped_batches=0
2026-08-16 09:10:44,716 | INFO | epoch=1 batch=925 global_step=102 loss_reg_months=14.8842 lr=0.00020000 grad_norm=8.9973 throughput=17.05 img/s eta_seconds=522.5 gpu_alloc=476.3MiB gpu_reserved=3472.0MiB skipped_batches=0
2026-08-16 09:10:50,395 | INFO | epoch=1 batch=950 global_step=105 loss_reg_months=14.8667 lr=0.00020000 grad_norm=13.1701 throughput=17.07 img/s eta_seconds=516.2 gpu_alloc=476.3MiB gpu_reserved=3472.0MiB skipped_batches=0
2026-08-16 09:10:56,062 | INFO | epoch=1 batch=975 global_step=108 loss_reg_months=14.8313 lr=0.00020000 grad_norm=5.9355 throughput=17.08 img/s eta_seconds=510.0 gpu_alloc=476.3MiB gpu_reserved=3472.0MiB skipped_batches=0
2026-08-16 09:11:01,747 | INFO | epoch=1 batch=1000 global_step=111 loss_reg_months=14.6855 lr=0.00020000 grad_norm=2.2807 throughput=17.09 img/s eta_seconds=503.7 gpu_alloc=476.3MiB gpu_reserved=3472.0MiB skipped_batches=0
2026-08-16 09:11:07,403 | INFO | epoch=1 batch=1025 global_step=113 loss_reg_months=14.5957 lr=0.00020000 grad_norm=4.6724 throughput=17.11 img/s eta_seconds=497.5 gpu_alloc=476.3MiB gpu_reserved=3472.0MiB skipped_batches=0
2026-08-16 09:11:13,087 | INFO | epoch=1 batch=1050 global_step=116 loss_reg_months=14.4783 lr=0.00020000 grad_norm=3.4576 throughput=17.12 img/s eta_seconds=491.3 gpu_alloc=476.3MiB gpu_reserved=3472.0MiB skipped_batches=0
2026-08-16 09:11:18,766 | INFO | epoch=1 batch=1075 global_step=119 loss_reg_months=14.3464 lr=0.00020000 grad_norm=5.5091 throughput=17.13 img/s eta_seconds=485.2 gpu_alloc=476.3MiB gpu_reserved=3472.0MiB skipped_batches=0
2026-08-16 09:11:24,433 | INFO | epoch=1 batch=1100 global_step=122 loss_reg_months=14.2399 lr=0.00020000 grad_norm=6.4743 throughput=17.14 img/s eta_seconds=479.0 gpu_alloc=476.3MiB gpu_reserved=3472.0MiB skipped_batches=0
2026-08-16 09:11:30,116 | INFO | epoch=1 batch=1125 global_step=125 loss_reg_months=14.1273 lr=0.00020000 grad_norm=4.5121 throughput=17.15 img/s eta_seconds=472.9 gpu_alloc=367.7MiB gpu_reserved=3472.0MiB skipped_batches=0
2026-08-16 09:11:35,806 | INFO | epoch=1 batch=1150 global_step=127 loss_reg_months=14.0676 lr=0.00020000 grad_norm=3.9685 throughput=17.16 img/s eta_seconds=466.8 gpu_alloc=476.3MiB gpu_reserved=3472.0MiB skipped_batches=0
2026-08-16 09:11:41,505 | INFO | epoch=1 batch=1175 global_step=130 loss_reg_months=13.9820 lr=0.00020000 grad_norm=3.0997 throughput=17.17 img/s eta_seconds=460.8 gpu_alloc=476.3MiB gpu_reserved=3472.0MiB skipped_batches=0
2026-08-16 09:11:47,191 | INFO | epoch=1 batch=1200 global_step=133 loss_reg_months=13.9115 lr=0.00020000 grad_norm=6.1362 throughput=17.18 img/s eta_seconds=454.7 gpu_alloc=476.3MiB gpu_reserved=3472.0MiB skipped_batches=0
2026-08-16 09:11:52,869 | INFO | epoch=1 batch=1225 global_step=136 loss_reg_months=13.8351 lr=0.00020000 grad_norm=3.6580 throughput=17.19 img/s eta_seconds=448.7 gpu_alloc=476.3MiB gpu_reserved=3472.0MiB skipped_batches=0
2026-08-16 09:11:58,538 | INFO | epoch=1 batch=1250 global_step=138 loss_reg_months=13.7560 lr=0.00020000 grad_norm=2.6688 throughput=17.19 img/s eta_seconds=442.6 gpu_alloc=476.3MiB gpu_reserved=3472.0MiB skipped_batches=0
2026-08-16 09:12:04,218 | INFO | epoch=1 batch=1275 global_step=141 loss_reg_months=13.6953 lr=0.00020000 grad_norm=5.4901 throughput=17.20 img/s eta_seconds=436.6 gpu_alloc=476.3MiB gpu_reserved=3472.0MiB skipped_batches=0
2026-08-16 09:12:09,915 | INFO | epoch=1 batch=1300 global_step=144 loss_reg_months=13.6235 lr=0.00020000 grad_norm=5.4735 throughput=17.21 img/s eta_seconds=430.6 gpu_alloc=476.3MiB gpu_reserved=3472.0MiB skipped_batches=0
2026-08-16 09:12:15,696 | INFO | epoch=1 batch=1325 global_step=147 loss_reg_months=13.5542 lr=0.00020000 grad_norm=5.5418 throughput=17.21 img/s eta_seconds=424.8 gpu_alloc=476.3MiB gpu_reserved=3472.0MiB skipped_batches=0
2026-08-16 09:12:21,571 | INFO | epoch=1 batch=1350 global_step=150 loss_reg_months=13.4836 lr=0.00020000 grad_norm=2.3973 throughput=17.21 img/s eta_seconds=419.1 gpu_alloc=367.7MiB gpu_reserved=3472.0MiB skipped_batches=0
2026-08-16 09:12:27,288 | INFO | epoch=1 batch=1375 global_step=152 loss_reg_months=13.3843 lr=0.00020000 grad_norm=1.8942 throughput=17.21 img/s eta_seconds=413.1 gpu_alloc=476.3MiB gpu_reserved=3472.0MiB skipped_batches=0
2026-08-16 09:12:33,206 | INFO | epoch=1 batch=1400 global_step=155 loss_reg_months=13.3033 lr=0.00020000 grad_norm=2.6997 throughput=17.21 img/s eta_seconds=407.5 gpu_alloc=476.3MiB gpu_reserved=3472.0MiB skipped_batches=0
2026-08-16 09:12:39,557 | INFO | epoch=1 batch=1425 global_step=158 loss_reg_months=13.1893 lr=0.00020000 grad_norm=3.1169 throughput=17.18 img/s eta_seconds=402.3 gpu_alloc=476.3MiB gpu_reserved=3472.0MiB skipped_batches=0
2026-08-16 09:12:45,379 | INFO | epoch=1 batch=1450 global_step=161 loss_reg_months=13.0945 lr=0.00020000 grad_norm=4.5476 throughput=17.18 img/s eta_seconds=396.5 gpu_alloc=476.3MiB gpu_reserved=3472.0MiB skipped_batches=0
2026-08-16 09:12:51,109 | INFO | epoch=1 batch=1475 global_step=163 loss_reg_months=13.0123 lr=0.00020000 grad_norm=5.1541 throughput=17.18 img/s eta_seconds=390.6 gpu_alloc=476.3MiB gpu_reserved=3472.0MiB skipped_batches=0
2026-08-16 09:12:56,889 | INFO | epoch=1 batch=1500 global_step=166 loss_reg_months=12.9321 lr=0.00020000 grad_norm=5.0842 throughput=17.19 img/s eta_seconds=384.7 gpu_alloc=476.3MiB gpu_reserved=3472.0MiB skipped_batches=0
2026-08-16 09:13:02,642 | INFO | epoch=1 batch=1525 global_step=169 loss_reg_months=12.8581 lr=0.00020000 grad_norm=2.4386 throughput=17.19 img/s eta_seconds=378.8 gpu_alloc=476.3MiB gpu_reserved=3472.0MiB skipped_batches=0
2026-08-16 09:13:08,362 | INFO | epoch=1 batch=1550 global_step=172 loss_reg_months=12.7852 lr=0.00020000 grad_norm=2.9216 throughput=17.19 img/s eta_seconds=372.9 gpu_alloc=476.3MiB gpu_reserved=3472.0MiB skipped_batches=0
2026-08-16 09:13:14,071 | INFO | epoch=1 batch=1575 global_step=175 loss_reg_months=12.7121 lr=0.00020000 grad_norm=4.8331 throughput=17.20 img/s eta_seconds=367.0 gpu_alloc=367.7MiB gpu_reserved=3472.0MiB skipped_batches=0
2026-08-16 09:13:19,770 | INFO | epoch=1 batch=1600 global_step=177 loss_reg_months=12.6509 lr=0.00020000 grad_norm=1.8617 throughput=17.20 img/s eta_seconds=361.0 gpu_alloc=476.3MiB gpu_reserved=3472.0MiB skipped_batches=0
2026-08-16 09:13:25,477 | INFO | epoch=1 batch=1625 global_step=180 loss_reg_months=12.6049 lr=0.00020000 grad_norm=3.7241 throughput=17.21 img/s eta_seconds=355.1 gpu_alloc=476.3MiB gpu_reserved=3472.0MiB skipped_batches=0
2026-08-16 09:13:31,170 | INFO | epoch=1 batch=1650 global_step=183 loss_reg_months=12.5381 lr=0.00020000 grad_norm=6.8974 throughput=17.21 img/s eta_seconds=349.2 gpu_alloc=476.3MiB gpu_reserved=3472.0MiB skipped_batches=0
2026-08-16 09:13:36,881 | INFO | epoch=1 batch=1675 global_step=186 loss_reg_months=12.4705 lr=0.00020000 grad_norm=2.4450 throughput=17.22 img/s eta_seconds=343.3 gpu_alloc=476.3MiB gpu_reserved=3472.0MiB skipped_batches=0
2026-08-16 09:13:42,563 | INFO | epoch=1 batch=1700 global_step=188 loss_reg_months=12.4207 lr=0.00020000 grad_norm=2.4657 throughput=17.22 img/s eta_seconds=337.4 gpu_alloc=476.3MiB gpu_reserved=3472.0MiB skipped_batches=0
2026-08-16 09:13:48,272 | INFO | epoch=1 batch=1725 global_step=191 loss_reg_months=12.3479 lr=0.00020000 grad_norm=2.0436 throughput=17.23 img/s eta_seconds=331.5 gpu_alloc=476.3MiB gpu_reserved=3472.0MiB skipped_batches=0
2026-08-16 09:13:53,976 | INFO | epoch=1 batch=1750 global_step=194 loss_reg_months=12.2775 lr=0.00020000 grad_norm=2.5117 throughput=17.23 img/s eta_seconds=325.6 gpu_alloc=476.3MiB gpu_reserved=3472.0MiB skipped_batches=0
2026-08-16 09:13:59,689 | INFO | epoch=1 batch=1775 global_step=197 loss_reg_months=12.2049 lr=0.00020000 grad_norm=1.6821 throughput=17.24 img/s eta_seconds=319.7 gpu_alloc=476.3MiB gpu_reserved=3472.0MiB skipped_batches=0
2026-08-16 09:14:05,418 | INFO | epoch=1 batch=1800 global_step=200 loss_reg_months=12.1641 lr=0.00020000 grad_norm=3.9352 throughput=17.24 img/s eta_seconds=313.9 gpu_alloc=367.7MiB gpu_reserved=3472.0MiB skipped_batches=0
2026-08-16 09:14:11,106 | INFO | epoch=1 batch=1825 global_step=202 loss_reg_months=12.1138 lr=0.00020000 grad_norm=3.2112 throughput=17.24 img/s eta_seconds=308.0 gpu_alloc=476.3MiB gpu_reserved=3472.0MiB skipped_batches=0
2026-08-16 09:14:16,819 | INFO | epoch=1 batch=1850 global_step=205 loss_reg_months=12.0730 lr=0.00020000 grad_norm=4.4677 throughput=17.25 img/s eta_seconds=302.1 gpu_alloc=476.3MiB gpu_reserved=3472.0MiB skipped_batches=0
2026-08-16 09:14:22,520 | INFO | epoch=1 batch=1875 global_step=208 loss_reg_months=12.0477 lr=0.00020000 grad_norm=2.4912 throughput=17.25 img/s eta_seconds=296.3 gpu_alloc=476.3MiB gpu_reserved=3472.0MiB skipped_batches=0
2026-08-16 09:14:28,231 | INFO | epoch=1 batch=1900 global_step=211 loss_reg_months=12.0187 lr=0.00020000 grad_norm=3.6210 throughput=17.25 img/s eta_seconds=290.4 gpu_alloc=476.3MiB gpu_reserved=3472.0MiB skipped_batches=0
2026-08-16 09:14:33,920 | INFO | epoch=1 batch=1925 global_step=213 loss_reg_months=11.9792 lr=0.00020000 grad_norm=2.0127 throughput=17.26 img/s eta_seconds=284.6 gpu_alloc=476.3MiB gpu_reserved=3472.0MiB skipped_batches=0
2026-08-16 09:14:39,633 | INFO | epoch=1 batch=1950 global_step=216 loss_reg_months=11.9417 lr=0.00020000 grad_norm=1.9843 throughput=17.26 img/s eta_seconds=278.7 gpu_alloc=476.3MiB gpu_reserved=3472.0MiB skipped_batches=0
2026-08-16 09:14:45,353 | INFO | epoch=1 batch=1975 global_step=219 loss_reg_months=11.8913 lr=0.00020000 grad_norm=5.7538 throughput=17.26 img/s eta_seconds=272.9 gpu_alloc=476.3MiB gpu_reserved=3472.0MiB skipped_batches=0
2026-08-16 09:14:51,065 | INFO | epoch=1 batch=2000 global_step=222 loss_reg_months=11.8568 lr=0.00020000 grad_norm=6.3391 throughput=17.27 img/s eta_seconds=267.0 gpu_alloc=476.3MiB gpu_reserved=3472.0MiB skipped_batches=0
2026-08-16 09:14:56,769 | INFO | epoch=1 batch=2025 global_step=225 loss_reg_months=11.8379 lr=0.00020000 grad_norm=4.9511 throughput=17.27 img/s eta_seconds=261.2 gpu_alloc=367.7MiB gpu_reserved=3472.0MiB skipped_batches=0
2026-08-16 09:15:02,456 | INFO | epoch=1 batch=2050 global_step=227 loss_reg_months=11.8175 lr=0.00020000 grad_norm=6.0552 throughput=17.27 img/s eta_seconds=255.4 gpu_alloc=476.3MiB gpu_reserved=3472.0MiB skipped_batches=0
2026-08-16 09:15:08,169 | INFO | epoch=1 batch=2075 global_step=230 loss_reg_months=11.7986 lr=0.00020000 grad_norm=4.6760 throughput=17.28 img/s eta_seconds=249.5 gpu_alloc=476.3MiB gpu_reserved=3472.0MiB skipped_batches=0
2026-08-16 09:15:13,883 | INFO | epoch=1 batch=2100 global_step=233 loss_reg_months=11.7527 lr=0.00020000 grad_norm=3.8347 throughput=17.28 img/s eta_seconds=243.7 gpu_alloc=476.3MiB gpu_reserved=3472.0MiB skipped_batches=0
2026-08-16 09:15:19,580 | INFO | epoch=1 batch=2125 global_step=236 loss_reg_months=11.7205 lr=0.00020000 grad_norm=3.6893 throughput=17.28 img/s eta_seconds=237.9 gpu_alloc=476.3MiB gpu_reserved=3472.0MiB skipped_batches=0
2026-08-16 09:15:25,283 | INFO | epoch=1 batch=2150 global_step=238 loss_reg_months=11.6826 lr=0.00020000 grad_norm=2.1482 throughput=17.29 img/s eta_seconds=232.0 gpu_alloc=476.3MiB gpu_reserved=3472.0MiB skipped_batches=0
2026-08-16 09:15:30,983 | INFO | epoch=1 batch=2175 global_step=241 loss_reg_months=11.6319 lr=0.00020000 grad_norm=2.0195 throughput=17.29 img/s eta_seconds=226.2 gpu_alloc=476.3MiB gpu_reserved=3472.0MiB skipped_batches=0
2026-08-16 09:15:36,695 | INFO | epoch=1 batch=2200 global_step=244 loss_reg_months=11.5780 lr=0.00020000 grad_norm=1.3709 throughput=17.29 img/s eta_seconds=220.4 gpu_alloc=476.3MiB gpu_reserved=3472.0MiB skipped_batches=0
2026-08-16 09:15:42,415 | INFO | epoch=1 batch=2225 global_step=247 loss_reg_months=11.5431 lr=0.00020000 grad_norm=4.8476 throughput=17.29 img/s eta_seconds=214.6 gpu_alloc=476.3MiB gpu_reserved=3472.0MiB skipped_batches=0
2026-08-16 09:15:48,130 | INFO | epoch=1 batch=2250 global_step=250 loss_reg_months=11.4975 lr=0.00020000 grad_norm=4.1525 throughput=17.30 img/s eta_seconds=208.8 gpu_alloc=367.7MiB gpu_reserved=3472.0MiB skipped_batches=0
2026-08-16 09:15:53,821 | INFO | epoch=1 batch=2275 global_step=252 loss_reg_months=11.4486 lr=0.00020000 grad_norm=4.3117 throughput=17.30 img/s eta_seconds=203.0 gpu_alloc=476.3MiB gpu_reserved=3472.0MiB skipped_batches=0
2026-08-16 09:15:59,524 | INFO | epoch=1 batch=2300 global_step=255 loss_reg_months=11.4141 lr=0.00020000 grad_norm=3.8279 throughput=17.30 img/s eta_seconds=197.2 gpu_alloc=476.3MiB gpu_reserved=3472.0MiB skipped_batches=0
2026-08-16 09:16:05,228 | INFO | epoch=1 batch=2325 global_step=258 loss_reg_months=11.3765 lr=0.00020000 grad_norm=3.2959 throughput=17.30 img/s eta_seconds=191.4 gpu_alloc=476.3MiB gpu_reserved=3472.0MiB skipped_batches=0
2026-08-16 09:16:10,936 | INFO | epoch=1 batch=2350 global_step=261 loss_reg_months=11.3347 lr=0.00020000 grad_norm=3.6421 throughput=17.31 img/s eta_seconds=185.6 gpu_alloc=476.3MiB gpu_reserved=3472.0MiB skipped_batches=0
2026-08-16 09:16:16,628 | INFO | epoch=1 batch=2375 global_step=263 loss_reg_months=11.2972 lr=0.00020000 grad_norm=2.3180 throughput=17.31 img/s eta_seconds=179.7 gpu_alloc=476.3MiB gpu_reserved=3472.0MiB skipped_batches=0
2026-08-16 09:16:22,332 | INFO | epoch=1 batch=2400 global_step=266 loss_reg_months=11.2625 lr=0.00020000 grad_norm=1.8668 throughput=17.31 img/s eta_seconds=173.9 gpu_alloc=476.3MiB gpu_reserved=3472.0MiB skipped_batches=0
2026-08-16 09:16:28,049 | INFO | epoch=1 batch=2425 global_step=269 loss_reg_months=11.2187 lr=0.00020000 grad_norm=3.4529 throughput=17.31 img/s eta_seconds=168.1 gpu_alloc=476.3MiB gpu_reserved=3472.0MiB skipped_batches=0
2026-08-16 09:16:33,775 | INFO | epoch=1 batch=2450 global_step=272 loss_reg_months=11.1905 lr=0.00020000 grad_norm=2.0039 throughput=17.31 img/s eta_seconds=162.4 gpu_alloc=476.3MiB gpu_reserved=3472.0MiB skipped_batches=0
2026-08-16 09:16:39,514 | INFO | epoch=1 batch=2475 global_step=275 loss_reg_months=11.1696 lr=0.00020000 grad_norm=2.0069 throughput=17.31 img/s eta_seconds=156.6 gpu_alloc=367.7MiB gpu_reserved=3472.0MiB skipped_batches=0
2026-08-16 09:16:45,204 | INFO | epoch=1 batch=2500 global_step=277 loss_reg_months=11.1214 lr=0.00020000 grad_norm=5.0782 throughput=17.32 img/s eta_seconds=150.8 gpu_alloc=476.3MiB gpu_reserved=3472.0MiB skipped_batches=0
2026-08-16 09:16:50,926 | INFO | epoch=1 batch=2525 global_step=280 loss_reg_months=11.0831 lr=0.00020000 grad_norm=2.9539 throughput=17.32 img/s eta_seconds=145.0 gpu_alloc=476.3MiB gpu_reserved=3472.0MiB skipped_batches=0
2026-08-16 09:16:56,642 | INFO | epoch=1 batch=2550 global_step=283 loss_reg_months=11.0626 lr=0.00020000 grad_norm=1.7873 throughput=17.32 img/s eta_seconds=139.2 gpu_alloc=476.3MiB gpu_reserved=3472.0MiB skipped_batches=0
2026-08-16 09:17:02,354 | INFO | epoch=1 batch=2575 global_step=286 loss_reg_months=11.0201 lr=0.00020000 grad_norm=1.6319 throughput=17.32 img/s eta_seconds=133.4 gpu_alloc=476.3MiB gpu_reserved=3472.0MiB skipped_batches=0
2026-08-16 09:17:08,058 | INFO | epoch=1 batch=2600 global_step=288 loss_reg_months=10.9909 lr=0.00020000 grad_norm=2.0273 throughput=17.32 img/s eta_seconds=127.6 gpu_alloc=476.3MiB gpu_reserved=3472.0MiB skipped_batches=0
2026-08-16 09:17:13,758 | INFO | epoch=1 batch=2625 global_step=291 loss_reg_months=10.9431 lr=0.00020000 grad_norm=1.5763 throughput=17.33 img/s eta_seconds=121.8 gpu_alloc=476.3MiB gpu_reserved=3472.0MiB skipped_batches=0
2026-08-16 09:17:19,470 | INFO | epoch=1 batch=2650 global_step=294 loss_reg_months=10.8985 lr=0.00020000 grad_norm=2.9682 throughput=17.33 img/s eta_seconds=116.1 gpu_alloc=476.3MiB gpu_reserved=3472.0MiB skipped_batches=0
2026-08-16 09:17:25,183 | INFO | epoch=1 batch=2675 global_step=297 loss_reg_months=10.8629 lr=0.00020000 grad_norm=3.1438 throughput=17.33 img/s eta_seconds=110.3 gpu_alloc=476.3MiB gpu_reserved=3472.0MiB skipped_batches=0
2026-08-16 09:17:30,926 | INFO | epoch=1 batch=2700 global_step=300 loss_reg_months=10.8281 lr=0.00020000 grad_norm=1.6269 throughput=17.33 img/s eta_seconds=104.5 gpu_alloc=367.7MiB gpu_reserved=3472.0MiB skipped_batches=0
2026-08-16 09:17:36,639 | INFO | epoch=1 batch=2725 global_step=302 loss_reg_months=10.7970 lr=0.00020000 grad_norm=2.7957 throughput=17.33 img/s eta_seconds=98.7 gpu_alloc=476.3MiB gpu_reserved=3472.0MiB skipped_batches=0
2026-08-16 09:17:42,358 | INFO | epoch=1 batch=2750 global_step=305 loss_reg_months=10.7741 lr=0.00020000 grad_norm=2.7980 throughput=17.33 img/s eta_seconds=92.9 gpu_alloc=476.3MiB gpu_reserved=3472.0MiB skipped_batches=0
2026-08-16 09:17:48,083 | INFO | epoch=1 batch=2775 global_step=308 loss_reg_months=10.7336 lr=0.00020000 grad_norm=2.6760 throughput=17.33 img/s eta_seconds=87.2 gpu_alloc=476.3MiB gpu_reserved=3472.0MiB skipped_batches=0
2026-08-16 09:17:53,802 | INFO | epoch=1 batch=2800 global_step=311 loss_reg_months=10.6963 lr=0.00020000 grad_norm=1.8687 throughput=17.34 img/s eta_seconds=81.4 gpu_alloc=476.3MiB gpu_reserved=3472.0MiB skipped_batches=0
2026-08-16 09:17:59,497 | INFO | epoch=1 batch=2825 global_step=313 loss_reg_months=10.6697 lr=0.00020000 grad_norm=2.8218 throughput=17.34 img/s eta_seconds=75.6 gpu_alloc=476.3MiB gpu_reserved=3472.0MiB skipped_batches=0
2026-08-16 09:18:05,206 | INFO | epoch=1 batch=2850 global_step=316 loss_reg_months=10.6386 lr=0.00020000 grad_norm=2.5475 throughput=17.34 img/s eta_seconds=69.8 gpu_alloc=476.3MiB gpu_reserved=3472.0MiB skipped_batches=0
2026-08-16 09:18:10,966 | INFO | epoch=1 batch=2875 global_step=319 loss_reg_months=10.6214 lr=0.00020000 grad_norm=3.3808 throughput=17.34 img/s eta_seconds=64.1 gpu_alloc=476.3MiB gpu_reserved=3472.0MiB skipped_batches=0
2026-08-16 09:18:16,682 | INFO | epoch=1 batch=2900 global_step=322 loss_reg_months=10.5884 lr=0.00020000 grad_norm=2.1624 throughput=17.34 img/s eta_seconds=58.3 gpu_alloc=476.3MiB gpu_reserved=3472.0MiB skipped_batches=0
2026-08-16 09:18:22,414 | INFO | epoch=1 batch=2925 global_step=325 loss_reg_months=10.5636 lr=0.00020000 grad_norm=2.6650 throughput=17.34 img/s eta_seconds=52.5 gpu_alloc=367.7MiB gpu_reserved=3472.0MiB skipped_batches=0
2026-08-16 09:18:28,135 | INFO | epoch=1 batch=2950 global_step=327 loss_reg_months=10.5456 lr=0.00020000 grad_norm=4.5754 throughput=17.34 img/s eta_seconds=46.8 gpu_alloc=476.3MiB gpu_reserved=3472.0MiB skipped_batches=0
2026-08-16 09:18:33,876 | INFO | epoch=1 batch=2975 global_step=330 loss_reg_months=10.5145 lr=0.00020000 grad_norm=4.1722 throughput=17.34 img/s eta_seconds=41.0 gpu_alloc=476.3MiB gpu_reserved=3472.0MiB skipped_batches=0
2026-08-16 09:18:39,595 | INFO | epoch=1 batch=3000 global_step=333 loss_reg_months=10.4878 lr=0.00020000 grad_norm=2.0492 throughput=17.34 img/s eta_seconds=35.2 gpu_alloc=476.3MiB gpu_reserved=3472.0MiB skipped_batches=0
2026-08-16 09:18:45,301 | INFO | epoch=1 batch=3025 global_step=336 loss_reg_months=10.4742 lr=0.00020000 grad_norm=2.0487 throughput=17.35 img/s eta_seconds=29.5 gpu_alloc=476.3MiB gpu_reserved=3472.0MiB skipped_batches=0
2026-08-16 09:18:50,993 | INFO | epoch=1 batch=3050 global_step=338 loss_reg_months=10.4519 lr=0.00020000 grad_norm=3.6317 throughput=17.35 img/s eta_seconds=23.7 gpu_alloc=476.3MiB gpu_reserved=3472.0MiB skipped_batches=0
2026-08-16 09:18:56,729 | INFO | epoch=1 batch=3075 global_step=341 loss_reg_months=10.4389 lr=0.00020000 grad_norm=1.9978 throughput=17.35 img/s eta_seconds=17.9 gpu_alloc=476.3MiB gpu_reserved=3472.0MiB skipped_batches=0
2026-08-16 09:19:02,452 | INFO | epoch=1 batch=3100 global_step=344 loss_reg_months=10.4221 lr=0.00020000 grad_norm=2.7450 throughput=17.35 img/s eta_seconds=12.2 gpu_alloc=476.3MiB gpu_reserved=3472.0MiB skipped_batches=0
2026-08-16 09:19:08,169 | INFO | epoch=1 batch=3125 global_step=347 loss_reg_months=10.4196 lr=0.00020000 grad_norm=2.6660 throughput=17.35 img/s eta_seconds=6.4 gpu_alloc=476.3MiB gpu_reserved=3472.0MiB skipped_batches=0
2026-08-16 09:19:13,882 | INFO | epoch=1 batch=3150 global_step=350 loss_reg_months=10.3998 lr=0.00020000 grad_norm=3.1776 throughput=17.35 img/s eta_seconds=0.6 gpu_alloc=367.7MiB gpu_reserved=3472.0MiB skipped_batches=0
2026-08-16 09:20:05,655 | INFO | 
TRAINING REVIEW SNAPSHOT
Run ID / config hash / split hash: P6_D0_CONVNEXT_TINY_768_SEED42 / 0e80cf6f780f / 7328667e6822+f650a20432b5
Epoch / global step: 1 / 351
Train loss: 10.3972
Validation MAE / RMSE / median AE: 10.0426 / 12.3964 / 9.0000
MAE nam / nữ / age bins: {'F': 10.27185582822086, 'M': 9.849207632600258} / {'0-59': 10.783909574468085, '120-179': 8.399258343634116, '60-119': 9.883248730964468, '180-228': 20.375}
Learning rate / peak VRAM: 0.00020000 / 3472.0 MiB
Best epoch / best MAE / epochs không cải thiện: 1 / 10.0426 / 0
Cảnh báo hiện tại: KHÔNG
Checkpoint gần nhất: p1_baseline\runs\P6_D0_CONVNEXT_TINY_768_SEED42\last.ckpt
Checkpoint tốt nhất: p1_baseline\runs\P6_D0_CONVNEXT_TINY_768_SEED42\best_mae.ckpt
Đề xuất tự động: TIẾP TỤC
2026-08-16 09:20:24,089 | INFO | epoch=2 batch=25 global_step=353 loss_reg_months=8.5391 lr=0.00019960 grad_norm=2.8731 throughput=7.61 img/s eta_seconds=1643.9 gpu_alloc=476.3MiB gpu_reserved=3472.0MiB skipped_batches=0
2026-08-16 09:20:29,788 | INFO | epoch=2 batch=50 global_step=356 loss_reg_months=8.3720 lr=0.00019960 grad_norm=2.5446 throughput=10.62 img/s eta_seconds=1169.0 gpu_alloc=476.3MiB gpu_reserved=3472.0MiB skipped_batches=0
2026-08-16 09:20:35,464 | INFO | epoch=2 batch=75 global_step=359 loss_reg_months=8.2220 lr=0.00019960 grad_norm=1.6910 throughput=12.24 img/s eta_seconds=1005.9 gpu_alloc=476.3MiB gpu_reserved=3472.0MiB skipped_batches=0
2026-08-16 09:20:41,151 | INFO | epoch=2 batch=100 global_step=362 loss_reg_months=7.8806 lr=0.00019960 grad_norm=2.0033 throughput=13.24 img/s eta_seconds=922.0 gpu_alloc=476.3MiB gpu_reserved=3472.0MiB skipped_batches=0
2026-08-16 09:20:46,809 | INFO | epoch=2 batch=125 global_step=364 loss_reg_months=7.7274 lr=0.00019960 grad_norm=3.5542 throughput=13.94 img/s eta_seconds=868.6 gpu_alloc=476.3MiB gpu_reserved=3472.0MiB skipped_batches=0
2026-08-16 09:20:52,501 | INFO | epoch=2 batch=150 global_step=367 loss_reg_months=7.6143 lr=0.00019960 grad_norm=2.8624 throughput=14.44 img/s eta_seconds=831.8 gpu_alloc=476.3MiB gpu_reserved=3472.0MiB skipped_batches=0
2026-08-16 09:20:58,188 | INFO | epoch=2 batch=175 global_step=370 loss_reg_months=7.5541 lr=0.00019960 grad_norm=2.9978 throughput=14.82 img/s eta_seconds=803.8 gpu_alloc=476.3MiB gpu_reserved=3472.0MiB skipped_batches=0
2026-08-16 09:21:03,874 | INFO | epoch=2 batch=200 global_step=373 loss_reg_months=7.4258 lr=0.00019960 grad_norm=2.8605 throughput=15.12 img/s eta_seconds=781.4 gpu_alloc=476.3MiB gpu_reserved=3472.0MiB skipped_batches=0
2026-08-16 09:21:09,587 | INFO | epoch=2 batch=225 global_step=376 loss_reg_months=7.3122 lr=0.00019960 grad_norm=1.5772 throughput=15.35 img/s eta_seconds=763.0 gpu_alloc=367.7MiB gpu_reserved=3472.0MiB skipped_batches=0
2026-08-16 09:21:15,316 | INFO | epoch=2 batch=250 global_step=378 loss_reg_months=7.1597 lr=0.00019960 grad_norm=2.6911 throughput=15.54 img/s eta_seconds=747.4 gpu_alloc=476.3MiB gpu_reserved=3472.0MiB skipped_batches=0
2026-08-16 09:21:21,070 | INFO | epoch=2 batch=275 global_step=381 loss_reg_months=7.1440 lr=0.00019960 grad_norm=2.9950 throughput=15.69 img/s eta_seconds=733.8 gpu_alloc=476.3MiB gpu_reserved=3472.0MiB skipped_batches=0
2026-08-16 09:21:26,956 | INFO | epoch=2 batch=300 global_step=384 loss_reg_months=7.0067 lr=0.00019960 grad_norm=1.9518 throughput=15.79 img/s eta_seconds=722.7 gpu_alloc=476.3MiB gpu_reserved=3472.0MiB skipped_batches=0
2026-08-16 09:21:32,649 | INFO | epoch=2 batch=325 global_step=387 loss_reg_months=7.0122 lr=0.00019960 grad_norm=2.6764 throughput=15.91 img/s eta_seconds=710.8 gpu_alloc=476.3MiB gpu_reserved=3472.0MiB skipped_batches=0
2026-08-16 09:21:38,348 | INFO | epoch=2 batch=350 global_step=389 loss_reg_months=6.9973 lr=0.00019960 grad_norm=2.5649 throughput=16.02 img/s eta_seconds=699.9 gpu_alloc=476.3MiB gpu_reserved=3472.0MiB skipped_batches=0
2026-08-16 09:21:44,081 | INFO | epoch=2 batch=375 global_step=392 loss_reg_months=6.9732 lr=0.00019960 grad_norm=2.7122 throughput=16.11 img/s eta_seconds=689.9 gpu_alloc=476.3MiB gpu_reserved=3472.0MiB skipped_batches=0
2026-08-16 09:21:49,792 | INFO | epoch=2 batch=400 global_step=395 loss_reg_months=6.9358 lr=0.00019960 grad_norm=2.0768 throughput=16.19 img/s eta_seconds=680.2 gpu_alloc=476.3MiB gpu_reserved=3472.0MiB skipped_batches=0
2026-08-16 09:21:55,524 | INFO | epoch=2 batch=425 global_step=398 loss_reg_months=6.9862 lr=0.00019960 grad_norm=1.9312 throughput=16.26 img/s eta_seconds=671.2 gpu_alloc=476.3MiB gpu_reserved=3472.0MiB skipped_batches=0
2026-08-16 09:22:01,247 | INFO | epoch=2 batch=450 global_step=401 loss_reg_months=6.9892 lr=0.00019960 grad_norm=3.4410 throughput=16.32 img/s eta_seconds=662.5 gpu_alloc=367.7MiB gpu_reserved=3472.0MiB skipped_batches=0
2026-08-16 09:22:06,956 | INFO | epoch=2 batch=475 global_step=403 loss_reg_months=6.9299 lr=0.00019960 grad_norm=2.1200 throughput=16.38 img/s eta_seconds=654.0 gpu_alloc=476.3MiB gpu_reserved=3472.0MiB skipped_batches=0
2026-08-16 09:22:12,658 | INFO | epoch=2 batch=500 global_step=406 loss_reg_months=6.9314 lr=0.00019960 grad_norm=2.5935 throughput=16.43 img/s eta_seconds=645.7 gpu_alloc=476.3MiB gpu_reserved=3472.0MiB skipped_batches=0
2026-08-16 09:22:18,354 | INFO | epoch=2 batch=525 global_step=409 loss_reg_months=6.9430 lr=0.00019960 grad_norm=1.5451 throughput=16.48 img/s eta_seconds=637.7 gpu_alloc=476.3MiB gpu_reserved=3472.0MiB skipped_batches=0
2026-08-16 09:22:24,045 | INFO | epoch=2 batch=550 global_step=412 loss_reg_months=6.9346 lr=0.00019960 grad_norm=2.5570 throughput=16.53 img/s eta_seconds=629.8 gpu_alloc=476.3MiB gpu_reserved=3472.0MiB skipped_batches=0
2026-08-16 09:22:29,720 | INFO | epoch=2 batch=575 global_step=414 loss_reg_months=6.9052 lr=0.00019960 grad_norm=1.4011 throughput=16.57 img/s eta_seconds=622.1 gpu_alloc=476.3MiB gpu_reserved=3472.0MiB skipped_batches=0
2026-08-16 09:22:35,419 | INFO | epoch=2 batch=600 global_step=417 loss_reg_months=6.8752 lr=0.00019960 grad_norm=3.2510 throughput=16.61 img/s eta_seconds=614.7 gpu_alloc=476.3MiB gpu_reserved=3472.0MiB skipped_batches=0
2026-08-16 09:22:41,116 | INFO | epoch=2 batch=625 global_step=420 loss_reg_months=6.8328 lr=0.00019960 grad_norm=3.4216 throughput=16.65 img/s eta_seconds=607.3 gpu_alloc=476.3MiB gpu_reserved=3472.0MiB skipped_batches=0
2026-08-16 09:22:46,803 | INFO | epoch=2 batch=650 global_step=423 loss_reg_months=6.7670 lr=0.00019960 grad_norm=2.0366 throughput=16.68 img/s eta_seconds=600.1 gpu_alloc=476.3MiB gpu_reserved=3472.0MiB skipped_batches=0
2026-08-16 09:22:52,501 | INFO | epoch=2 batch=675 global_step=426 loss_reg_months=6.8063 lr=0.00019960 grad_norm=2.9516 throughput=16.71 img/s eta_seconds=593.0 gpu_alloc=367.7MiB gpu_reserved=3472.0MiB skipped_batches=0
2026-08-16 09:22:58,177 | INFO | epoch=2 batch=700 global_step=428 loss_reg_months=6.8495 lr=0.00019960 grad_norm=2.3874 throughput=16.74 img/s eta_seconds=586.0 gpu_alloc=476.3MiB gpu_reserved=3472.0MiB skipped_batches=0
2026-08-16 09:23:03,886 | INFO | epoch=2 batch=725 global_step=431 loss_reg_months=6.8530 lr=0.00019960 grad_norm=2.0016 throughput=16.77 img/s eta_seconds=579.1 gpu_alloc=476.3MiB gpu_reserved=3472.0MiB skipped_batches=0
2026-08-16 09:23:09,585 | INFO | epoch=2 batch=750 global_step=434 loss_reg_months=6.8479 lr=0.00019960 grad_norm=2.7712 throughput=16.79 img/s eta_seconds=572.3 gpu_alloc=476.3MiB gpu_reserved=3472.0MiB skipped_batches=0
2026-08-16 09:23:15,278 | INFO | epoch=2 batch=775 global_step=437 loss_reg_months=6.8250 lr=0.00019960 grad_norm=1.5396 throughput=16.82 img/s eta_seconds=565.5 gpu_alloc=476.3MiB gpu_reserved=3472.0MiB skipped_batches=0
2026-08-16 09:23:20,958 | INFO | epoch=2 batch=800 global_step=439 loss_reg_months=6.8295 lr=0.00019960 grad_norm=2.9210 throughput=16.84 img/s eta_seconds=558.8 gpu_alloc=476.3MiB gpu_reserved=3472.0MiB skipped_batches=0
2026-08-16 09:23:26,640 | INFO | epoch=2 batch=825 global_step=442 loss_reg_months=6.8093 lr=0.00019960 grad_norm=2.7016 throughput=16.86 img/s eta_seconds=552.1 gpu_alloc=476.3MiB gpu_reserved=3472.0MiB skipped_batches=0
2026-08-16 09:23:32,341 | INFO | epoch=2 batch=850 global_step=445 loss_reg_months=6.8380 lr=0.00019960 grad_norm=3.0131 throughput=16.88 img/s eta_seconds=545.6 gpu_alloc=476.3MiB gpu_reserved=3472.0MiB skipped_batches=0
2026-08-16 09:23:38,039 | INFO | epoch=2 batch=875 global_step=448 loss_reg_months=6.8261 lr=0.00019960 grad_norm=3.8110 throughput=16.90 img/s eta_seconds=539.1 gpu_alloc=476.3MiB gpu_reserved=3472.0MiB skipped_batches=0
2026-08-16 09:23:43,735 | INFO | epoch=2 batch=900 global_step=451 loss_reg_months=6.8345 lr=0.00019960 grad_norm=3.8778 throughput=16.92 img/s eta_seconds=532.6 gpu_alloc=367.7MiB gpu_reserved=3472.0MiB skipped_batches=0
2026-08-16 09:23:49,401 | INFO | epoch=2 batch=925 global_step=453 loss_reg_months=6.8815 lr=0.00019960 grad_norm=3.1977 throughput=16.94 img/s eta_seconds=526.1 gpu_alloc=476.3MiB gpu_reserved=3472.0MiB skipped_batches=0
2026-08-16 09:23:55,084 | INFO | epoch=2 batch=950 global_step=456 loss_reg_months=6.9205 lr=0.00019960 grad_norm=4.9828 throughput=16.95 img/s eta_seconds=519.7 gpu_alloc=476.3MiB gpu_reserved=3472.0MiB skipped_batches=0
2026-08-16 09:24:00,771 | INFO | epoch=2 batch=975 global_step=459 loss_reg_months=6.9807 lr=0.00019960 grad_norm=4.7181 throughput=16.97 img/s eta_seconds=513.3 gpu_alloc=476.3MiB gpu_reserved=3472.0MiB skipped_batches=0
2026-08-16 09:24:06,451 | INFO | epoch=2 batch=1000 global_step=462 loss_reg_months=6.9929 lr=0.00019960 grad_norm=2.4578 throughput=16.99 img/s eta_seconds=507.0 gpu_alloc=476.3MiB gpu_reserved=3472.0MiB skipped_batches=0
2026-08-16 09:24:12,117 | INFO | epoch=2 batch=1025 global_step=464 loss_reg_months=7.0272 lr=0.00019960 grad_norm=3.4123 throughput=17.00 img/s eta_seconds=500.6 gpu_alloc=476.3MiB gpu_reserved=3472.0MiB skipped_batches=0
2026-08-16 09:24:17,804 | INFO | epoch=2 batch=1050 global_step=467 loss_reg_months=7.0404 lr=0.00019960 grad_norm=2.8721 throughput=17.01 img/s eta_seconds=494.4 gpu_alloc=476.3MiB gpu_reserved=3472.0MiB skipped_batches=0
2026-08-16 09:24:23,501 | INFO | epoch=2 batch=1075 global_step=470 loss_reg_months=7.0596 lr=0.00019960 grad_norm=1.3191 throughput=17.03 img/s eta_seconds=488.1 gpu_alloc=476.3MiB gpu_reserved=3472.0MiB skipped_batches=0
2026-08-16 09:24:29,356 | INFO | epoch=2 batch=1100 global_step=473 loss_reg_months=7.0991 lr=0.00019960 grad_norm=2.5682 throughput=17.03 img/s eta_seconds=482.2 gpu_alloc=476.3MiB gpu_reserved=3472.0MiB skipped_batches=0
2026-08-16 09:24:35,411 | INFO | epoch=2 batch=1125 global_step=476 loss_reg_months=7.0746 lr=0.00019960 grad_norm=2.1108 throughput=17.02 img/s eta_seconds=476.7 gpu_alloc=367.7MiB gpu_reserved=3472.0MiB skipped_batches=0
2026-08-16 09:24:41,465 | INFO | epoch=2 batch=1150 global_step=478 loss_reg_months=7.0761 lr=0.00019960 grad_norm=3.1337 throughput=17.00 img/s eta_seconds=471.1 gpu_alloc=476.3MiB gpu_reserved=3472.0MiB skipped_batches=0
2026-08-16 09:24:47,250 | INFO | epoch=2 batch=1175 global_step=481 loss_reg_months=7.0598 lr=0.00019960 grad_norm=2.1669 throughput=17.01 img/s eta_seconds=465.1 gpu_alloc=476.3MiB gpu_reserved=3472.0MiB skipped_batches=0
2026-08-16 09:24:53,278 | INFO | epoch=2 batch=1200 global_step=484 loss_reg_months=7.0583 lr=0.00019960 grad_norm=3.8319 throughput=17.00 img/s eta_seconds=459.4 gpu_alloc=476.3MiB gpu_reserved=3472.0MiB skipped_batches=0
2026-08-16 09:24:59,192 | INFO | epoch=2 batch=1225 global_step=487 loss_reg_months=7.0592 lr=0.00019960 grad_norm=2.0206 throughput=17.00 img/s eta_seconds=453.6 gpu_alloc=476.3MiB gpu_reserved=3472.0MiB skipped_batches=0
2026-08-16 09:25:05,042 | INFO | epoch=2 batch=1250 global_step=489 loss_reg_months=7.0513 lr=0.00019960 grad_norm=1.8132 throughput=17.00 img/s eta_seconds=447.7 gpu_alloc=476.3MiB gpu_reserved=3472.0MiB skipped_batches=0
2026-08-16 09:25:10,890 | INFO | epoch=2 batch=1275 global_step=492 loss_reg_months=7.0560 lr=0.00019960 grad_norm=1.4213 throughput=17.00 img/s eta_seconds=441.7 gpu_alloc=476.3MiB gpu_reserved=3472.0MiB skipped_batches=0
2026-08-16 09:25:16,893 | INFO | epoch=2 batch=1300 global_step=495 loss_reg_months=7.0436 lr=0.00019960 grad_norm=2.8790 throughput=17.00 img/s eta_seconds=436.0 gpu_alloc=476.3MiB gpu_reserved=3472.0MiB skipped_batches=0
2026-08-16 09:25:22,781 | INFO | epoch=2 batch=1325 global_step=498 loss_reg_months=7.0064 lr=0.00019960 grad_norm=2.6182 throughput=17.00 img/s eta_seconds=430.1 gpu_alloc=476.3MiB gpu_reserved=3472.0MiB skipped_batches=0
2026-08-16 09:25:30,192 | INFO | epoch=2 batch=1350 global_step=501 loss_reg_months=6.9979 lr=0.00019960 grad_norm=7.2333 throughput=16.92 img/s eta_seconds=426.3 gpu_alloc=367.7MiB gpu_reserved=3472.0MiB skipped_batches=0
2026-08-16 09:25:36,268 | INFO | epoch=2 batch=1375 global_step=503 loss_reg_months=6.9713 lr=0.00019960 grad_norm=1.6653 throughput=16.91 img/s eta_seconds=420.6 gpu_alloc=476.3MiB gpu_reserved=3472.0MiB skipped_batches=0
2026-08-16 09:25:42,338 | INFO | epoch=2 batch=1400 global_step=506 loss_reg_months=6.9469 lr=0.00019960 grad_norm=1.6077 throughput=16.90 img/s eta_seconds=414.9 gpu_alloc=476.3MiB gpu_reserved=3472.0MiB skipped_batches=0
2026-08-16 09:25:48,315 | INFO | epoch=2 batch=1425 global_step=509 loss_reg_months=6.9366 lr=0.00019960 grad_norm=1.9677 throughput=16.90 img/s eta_seconds=409.0 gpu_alloc=476.3MiB gpu_reserved=3472.0MiB skipped_batches=0
2026-08-16 09:25:54,245 | INFO | epoch=2 batch=1450 global_step=512 loss_reg_months=6.9193 lr=0.00019960 grad_norm=1.3218 throughput=16.90 img/s eta_seconds=403.1 gpu_alloc=476.3MiB gpu_reserved=3472.0MiB skipped_batches=0
2026-08-16 09:26:00,159 | INFO | epoch=2 batch=1475 global_step=514 loss_reg_months=6.9096 lr=0.00019960 grad_norm=1.0859 throughput=16.90 img/s eta_seconds=397.2 gpu_alloc=476.3MiB gpu_reserved=3472.0MiB skipped_batches=0
2026-08-16 09:26:06,088 | INFO | epoch=2 batch=1500 global_step=517 loss_reg_months=6.9158 lr=0.00019960 grad_norm=2.7689 throughput=16.89 img/s eta_seconds=391.3 gpu_alloc=476.3MiB gpu_reserved=3472.0MiB skipped_batches=0
2026-08-16 09:26:12,011 | INFO | epoch=2 batch=1525 global_step=520 loss_reg_months=6.8702 lr=0.00019960 grad_norm=1.3742 throughput=16.89 img/s eta_seconds=385.4 gpu_alloc=476.3MiB gpu_reserved=3472.0MiB skipped_batches=0
2026-08-16 09:26:17,948 | INFO | epoch=2 batch=1550 global_step=523 loss_reg_months=6.8661 lr=0.00019960 grad_norm=1.8844 throughput=16.89 img/s eta_seconds=379.5 gpu_alloc=476.3MiB gpu_reserved=3472.0MiB skipped_batches=0
2026-08-16 09:26:23,866 | INFO | epoch=2 batch=1575 global_step=526 loss_reg_months=6.8498 lr=0.00019960 grad_norm=1.4899 throughput=16.89 img/s eta_seconds=373.6 gpu_alloc=367.7MiB gpu_reserved=3472.0MiB skipped_batches=0
2026-08-16 09:26:29,775 | INFO | epoch=2 batch=1600 global_step=528 loss_reg_months=6.8430 lr=0.00019960 grad_norm=1.9700 throughput=16.89 img/s eta_seconds=367.6 gpu_alloc=476.3MiB gpu_reserved=3472.0MiB skipped_batches=0
2026-08-16 09:26:35,715 | INFO | epoch=2 batch=1625 global_step=531 loss_reg_months=6.8389 lr=0.00019960 grad_norm=1.9804 throughput=16.89 img/s eta_seconds=361.7 gpu_alloc=476.3MiB gpu_reserved=3472.0MiB skipped_batches=0
2026-08-16 09:26:41,639 | INFO | epoch=2 batch=1650 global_step=534 loss_reg_months=6.8410 lr=0.00019960 grad_norm=3.3773 throughput=16.89 img/s eta_seconds=355.8 gpu_alloc=476.3MiB gpu_reserved=3472.0MiB skipped_batches=0
2026-08-16 09:26:47,562 | INFO | epoch=2 batch=1675 global_step=537 loss_reg_months=6.8404 lr=0.00019960 grad_norm=2.6470 throughput=16.89 img/s eta_seconds=349.9 gpu_alloc=476.3MiB gpu_reserved=3472.0MiB skipped_batches=0
2026-08-16 09:26:53,459 | INFO | epoch=2 batch=1700 global_step=539 loss_reg_months=6.8613 lr=0.00019960 grad_norm=1.7570 throughput=16.89 img/s eta_seconds=344.0 gpu_alloc=476.3MiB gpu_reserved=3472.0MiB skipped_batches=0
2026-08-16 09:26:59,417 | INFO | epoch=2 batch=1725 global_step=542 loss_reg_months=6.8735 lr=0.00019960 grad_norm=2.4929 throughput=16.89 img/s eta_seconds=338.1 gpu_alloc=476.3MiB gpu_reserved=3472.0MiB skipped_batches=0
2026-08-16 09:27:05,354 | INFO | epoch=2 batch=1750 global_step=545 loss_reg_months=6.9030 lr=0.00019960 grad_norm=4.1593 throughput=16.89 img/s eta_seconds=332.2 gpu_alloc=476.3MiB gpu_reserved=3472.0MiB skipped_batches=0
2026-08-16 09:27:11,283 | INFO | epoch=2 batch=1775 global_step=548 loss_reg_months=6.8894 lr=0.00019960 grad_norm=2.8635 throughput=16.89 img/s eta_seconds=326.3 gpu_alloc=476.3MiB gpu_reserved=3472.0MiB skipped_batches=0
2026-08-16 09:27:17,202 | INFO | epoch=2 batch=1800 global_step=551 loss_reg_months=6.8936 lr=0.00019960 grad_norm=1.9570 throughput=16.89 img/s eta_seconds=320.3 gpu_alloc=367.7MiB gpu_reserved=3472.0MiB skipped_batches=0
2026-08-16 09:27:23,112 | INFO | epoch=2 batch=1825 global_step=553 loss_reg_months=6.8736 lr=0.00019960 grad_norm=2.7400 throughput=16.89 img/s eta_seconds=314.4 gpu_alloc=476.3MiB gpu_reserved=3472.0MiB skipped_batches=0
2026-08-16 09:27:29,049 | INFO | epoch=2 batch=1850 global_step=556 loss_reg_months=6.8559 lr=0.00019960 grad_norm=2.0081 throughput=16.89 img/s eta_seconds=308.5 gpu_alloc=476.3MiB gpu_reserved=3472.0MiB skipped_batches=0
2026-08-16 09:27:34,981 | INFO | epoch=2 batch=1875 global_step=559 loss_reg_months=6.8526 lr=0.00019960 grad_norm=2.2056 throughput=16.89 img/s eta_seconds=302.6 gpu_alloc=476.3MiB gpu_reserved=3472.0MiB skipped_batches=0
2026-08-16 09:27:40,920 | INFO | epoch=2 batch=1900 global_step=562 loss_reg_months=6.8534 lr=0.00019960 grad_norm=3.6503 throughput=16.89 img/s eta_seconds=296.7 gpu_alloc=476.3MiB gpu_reserved=3472.0MiB skipped_batches=0
2026-08-16 09:27:46,801 | INFO | epoch=2 batch=1925 global_step=564 loss_reg_months=6.8412 lr=0.00019960 grad_norm=1.4630 throughput=16.89 img/s eta_seconds=290.7 gpu_alloc=476.3MiB gpu_reserved=3472.0MiB skipped_batches=0
2026-08-16 09:27:52,732 | INFO | epoch=2 batch=1950 global_step=567 loss_reg_months=6.8304 lr=0.00019960 grad_norm=1.8222 throughput=16.89 img/s eta_seconds=284.8 gpu_alloc=476.3MiB gpu_reserved=3472.0MiB skipped_batches=0
2026-08-16 09:27:58,642 | INFO | epoch=2 batch=1975 global_step=570 loss_reg_months=6.8153 lr=0.00019960 grad_norm=2.4601 throughput=16.89 img/s eta_seconds=278.9 gpu_alloc=476.3MiB gpu_reserved=3472.0MiB skipped_batches=0
2026-08-16 09:28:04,568 | INFO | epoch=2 batch=2000 global_step=573 loss_reg_months=6.8049 lr=0.00019960 grad_norm=1.4464 throughput=16.89 img/s eta_seconds=273.0 gpu_alloc=476.3MiB gpu_reserved=3472.0MiB skipped_batches=0
2026-08-16 09:28:10,520 | INFO | epoch=2 batch=2025 global_step=576 loss_reg_months=6.8065 lr=0.00019960 grad_norm=1.5184 throughput=16.89 img/s eta_seconds=267.1 gpu_alloc=367.7MiB gpu_reserved=3472.0MiB skipped_batches=0
2026-08-16 09:28:16,412 | INFO | epoch=2 batch=2050 global_step=578 loss_reg_months=6.8032 lr=0.00019960 grad_norm=1.8876 throughput=16.89 img/s eta_seconds=261.1 gpu_alloc=476.3MiB gpu_reserved=3472.0MiB skipped_batches=0
2026-08-16 09:28:22,355 | INFO | epoch=2 batch=2075 global_step=581 loss_reg_months=6.7811 lr=0.00019960 grad_norm=1.5632 throughput=16.89 img/s eta_seconds=255.2 gpu_alloc=476.3MiB gpu_reserved=3472.0MiB skipped_batches=0
2026-08-16 09:28:28,284 | INFO | epoch=2 batch=2100 global_step=584 loss_reg_months=6.7655 lr=0.00019960 grad_norm=2.5965 throughput=16.89 img/s eta_seconds=249.3 gpu_alloc=476.3MiB gpu_reserved=3472.0MiB skipped_batches=0
2026-08-16 09:28:34,209 | INFO | epoch=2 batch=2125 global_step=587 loss_reg_months=6.7682 lr=0.00019960 grad_norm=3.1682 throughput=16.89 img/s eta_seconds=243.4 gpu_alloc=476.3MiB gpu_reserved=3472.0MiB skipped_batches=0
2026-08-16 09:28:40,115 | INFO | epoch=2 batch=2150 global_step=589 loss_reg_months=6.7682 lr=0.00019960 grad_norm=1.8946 throughput=16.89 img/s eta_seconds=237.5 gpu_alloc=476.3MiB gpu_reserved=3472.0MiB skipped_batches=0
2026-08-16 09:28:46,033 | INFO | epoch=2 batch=2175 global_step=592 loss_reg_months=6.7700 lr=0.00019960 grad_norm=1.8845 throughput=16.89 img/s eta_seconds=231.6 gpu_alloc=476.3MiB gpu_reserved=3472.0MiB skipped_batches=0
2026-08-16 09:28:51,984 | INFO | epoch=2 batch=2200 global_step=595 loss_reg_months=6.7546 lr=0.00019960 grad_norm=1.1691 throughput=16.89 img/s eta_seconds=225.6 gpu_alloc=476.3MiB gpu_reserved=3472.0MiB skipped_batches=0
2026-08-16 09:28:57,902 | INFO | epoch=2 batch=2225 global_step=598 loss_reg_months=6.7697 lr=0.00019960 grad_norm=2.1842 throughput=16.89 img/s eta_seconds=219.7 gpu_alloc=476.3MiB gpu_reserved=3472.0MiB skipped_batches=0
2026-08-16 09:29:03,820 | INFO | epoch=2 batch=2250 global_step=601 loss_reg_months=6.7743 lr=0.00019960 grad_norm=2.5695 throughput=16.89 img/s eta_seconds=213.8 gpu_alloc=367.7MiB gpu_reserved=3472.0MiB skipped_batches=0
2026-08-16 09:29:09,722 | INFO | epoch=2 batch=2275 global_step=603 loss_reg_months=6.7647 lr=0.00019960 grad_norm=1.9645 throughput=16.89 img/s eta_seconds=207.9 gpu_alloc=476.3MiB gpu_reserved=3472.0MiB skipped_batches=0
2026-08-16 09:29:15,658 | INFO | epoch=2 batch=2300 global_step=606 loss_reg_months=6.7583 lr=0.00019960 grad_norm=2.0605 throughput=16.89 img/s eta_seconds=202.0 gpu_alloc=476.3MiB gpu_reserved=3472.0MiB skipped_batches=0
2026-08-16 09:29:21,605 | INFO | epoch=2 batch=2325 global_step=609 loss_reg_months=6.7426 lr=0.00019960 grad_norm=1.3260 throughput=16.89 img/s eta_seconds=196.0 gpu_alloc=476.3MiB gpu_reserved=3472.0MiB skipped_batches=0
2026-08-16 09:29:27,532 | INFO | epoch=2 batch=2350 global_step=612 loss_reg_months=6.7289 lr=0.00019960 grad_norm=0.9509 throughput=16.89 img/s eta_seconds=190.1 gpu_alloc=476.3MiB gpu_reserved=3472.0MiB skipped_batches=0
2026-08-16 09:29:33,418 | INFO | epoch=2 batch=2375 global_step=614 loss_reg_months=6.7262 lr=0.00019960 grad_norm=1.5851 throughput=16.89 img/s eta_seconds=184.2 gpu_alloc=476.3MiB gpu_reserved=3472.0MiB skipped_batches=0
2026-08-16 09:29:39,356 | INFO | epoch=2 batch=2400 global_step=617 loss_reg_months=6.7189 lr=0.00019960 grad_norm=3.9094 throughput=16.89 img/s eta_seconds=178.3 gpu_alloc=476.3MiB gpu_reserved=3472.0MiB skipped_batches=0
2026-08-16 09:29:45,283 | INFO | epoch=2 batch=2425 global_step=620 loss_reg_months=6.7094 lr=0.00019960 grad_norm=1.4755 throughput=16.89 img/s eta_seconds=172.4 gpu_alloc=476.3MiB gpu_reserved=3472.0MiB skipped_batches=0
2026-08-16 09:29:51,235 | INFO | epoch=2 batch=2450 global_step=623 loss_reg_months=6.6923 lr=0.00019960 grad_norm=1.6226 throughput=16.89 img/s eta_seconds=166.4 gpu_alloc=476.3MiB gpu_reserved=3472.0MiB skipped_batches=0
2026-08-16 09:29:57,190 | INFO | epoch=2 batch=2475 global_step=626 loss_reg_months=6.6968 lr=0.00019960 grad_norm=2.4204 throughput=16.89 img/s eta_seconds=160.5 gpu_alloc=367.7MiB gpu_reserved=3472.0MiB skipped_batches=0
2026-08-16 09:30:03,088 | INFO | epoch=2 batch=2500 global_step=628 loss_reg_months=6.6996 lr=0.00019960 grad_norm=1.5046 throughput=16.89 img/s eta_seconds=154.6 gpu_alloc=476.3MiB gpu_reserved=3472.0MiB skipped_batches=0
2026-08-16 09:30:09,059 | INFO | epoch=2 batch=2525 global_step=631 loss_reg_months=6.6967 lr=0.00019960 grad_norm=2.2978 throughput=16.89 img/s eta_seconds=148.7 gpu_alloc=476.3MiB gpu_reserved=3472.0MiB skipped_batches=0
2026-08-16 09:30:15,009 | INFO | epoch=2 batch=2550 global_step=634 loss_reg_months=6.7008 lr=0.00019960 grad_norm=2.8643 throughput=16.89 img/s eta_seconds=142.8 gpu_alloc=476.3MiB gpu_reserved=3472.0MiB skipped_batches=0
2026-08-16 09:30:20,942 | INFO | epoch=2 batch=2575 global_step=637 loss_reg_months=6.7020 lr=0.00019960 grad_norm=2.6223 throughput=16.89 img/s eta_seconds=136.9 gpu_alloc=476.3MiB gpu_reserved=3472.0MiB skipped_batches=0
2026-08-16 09:30:26,847 | INFO | epoch=2 batch=2600 global_step=639 loss_reg_months=6.6992 lr=0.00019960 grad_norm=2.5448 throughput=16.89 img/s eta_seconds=130.9 gpu_alloc=476.3MiB gpu_reserved=3472.0MiB skipped_batches=0
2026-08-16 09:30:32,786 | INFO | epoch=2 batch=2625 global_step=642 loss_reg_months=6.7117 lr=0.00019960 grad_norm=3.1119 throughput=16.89 img/s eta_seconds=125.0 gpu_alloc=476.3MiB gpu_reserved=3472.0MiB skipped_batches=0
2026-08-16 09:30:38,706 | INFO | epoch=2 batch=2650 global_step=645 loss_reg_months=6.7086 lr=0.00019960 grad_norm=1.0799 throughput=16.89 img/s eta_seconds=119.1 gpu_alloc=476.3MiB gpu_reserved=3472.0MiB skipped_batches=0
2026-08-16 09:30:44,626 | INFO | epoch=2 batch=2675 global_step=648 loss_reg_months=6.7012 lr=0.00019960 grad_norm=1.6401 throughput=16.89 img/s eta_seconds=113.2 gpu_alloc=476.3MiB gpu_reserved=3472.0MiB skipped_batches=0
2026-08-16 09:30:50,547 | INFO | epoch=2 batch=2700 global_step=651 loss_reg_months=6.6926 lr=0.00019960 grad_norm=1.4809 throughput=16.89 img/s eta_seconds=107.3 gpu_alloc=367.7MiB gpu_reserved=3472.0MiB skipped_batches=0
2026-08-16 09:30:56,444 | INFO | epoch=2 batch=2725 global_step=653 loss_reg_months=6.6913 lr=0.00019960 grad_norm=3.2189 throughput=16.89 img/s eta_seconds=101.3 gpu_alloc=476.3MiB gpu_reserved=3472.0MiB skipped_batches=0
2026-08-16 09:31:02,386 | INFO | epoch=2 batch=2750 global_step=656 loss_reg_months=6.6901 lr=0.00019960 grad_norm=1.9844 throughput=16.89 img/s eta_seconds=95.4 gpu_alloc=476.3MiB gpu_reserved=3472.0MiB skipped_batches=0
2026-08-16 09:31:08,311 | INFO | epoch=2 batch=2775 global_step=659 loss_reg_months=6.6944 lr=0.00019960 grad_norm=1.5784 throughput=16.89 img/s eta_seconds=89.5 gpu_alloc=476.3MiB gpu_reserved=3472.0MiB skipped_batches=0
2026-08-16 09:31:14,236 | INFO | epoch=2 batch=2800 global_step=662 loss_reg_months=6.6987 lr=0.00019960 grad_norm=1.9788 throughput=16.89 img/s eta_seconds=83.6 gpu_alloc=476.3MiB gpu_reserved=3472.0MiB skipped_batches=0
2026-08-16 09:31:20,132 | INFO | epoch=2 batch=2825 global_step=664 loss_reg_months=6.7087 lr=0.00019960 grad_norm=3.1762 throughput=16.89 img/s eta_seconds=77.6 gpu_alloc=476.3MiB gpu_reserved=3472.0MiB skipped_batches=0
2026-08-16 09:31:26,068 | INFO | epoch=2 batch=2850 global_step=667 loss_reg_months=6.7096 lr=0.00019960 grad_norm=1.9161 throughput=16.89 img/s eta_seconds=71.7 gpu_alloc=476.3MiB gpu_reserved=3472.0MiB skipped_batches=0
2026-08-16 09:31:31,998 | INFO | epoch=2 batch=2875 global_step=670 loss_reg_months=6.6987 lr=0.00019960 grad_norm=1.2137 throughput=16.89 img/s eta_seconds=65.8 gpu_alloc=476.3MiB gpu_reserved=3472.0MiB skipped_batches=0
2026-08-16 09:31:37,915 | INFO | epoch=2 batch=2900 global_step=673 loss_reg_months=6.6946 lr=0.00019960 grad_norm=1.6995 throughput=16.89 img/s eta_seconds=59.9 gpu_alloc=476.3MiB gpu_reserved=3472.0MiB skipped_batches=0
2026-08-16 09:31:43,826 | INFO | epoch=2 batch=2925 global_step=676 loss_reg_months=6.6881 lr=0.00019960 grad_norm=2.4321 throughput=16.89 img/s eta_seconds=53.9 gpu_alloc=367.7MiB gpu_reserved=3472.0MiB skipped_batches=0
2026-08-16 09:31:49,726 | INFO | epoch=2 batch=2950 global_step=678 loss_reg_months=6.6867 lr=0.00019960 grad_norm=1.2247 throughput=16.89 img/s eta_seconds=48.0 gpu_alloc=476.3MiB gpu_reserved=3472.0MiB skipped_batches=0
2026-08-16 09:31:55,662 | INFO | epoch=2 batch=2975 global_step=681 loss_reg_months=6.6862 lr=0.00019960 grad_norm=1.6662 throughput=16.89 img/s eta_seconds=42.1 gpu_alloc=476.3MiB gpu_reserved=3472.0MiB skipped_batches=0
2026-08-16 09:32:01,588 | INFO | epoch=2 batch=3000 global_step=684 loss_reg_months=6.6900 lr=0.00019960 grad_norm=2.9054 throughput=16.89 img/s eta_seconds=36.2 gpu_alloc=476.3MiB gpu_reserved=3472.0MiB skipped_batches=0
2026-08-16 09:32:07,537 | INFO | epoch=2 batch=3025 global_step=687 loss_reg_months=6.6824 lr=0.00019960 grad_norm=2.0505 throughput=16.89 img/s eta_seconds=30.3 gpu_alloc=476.3MiB gpu_reserved=3472.0MiB skipped_batches=0
2026-08-16 09:32:13,441 | INFO | epoch=2 batch=3050 global_step=689 loss_reg_months=6.6817 lr=0.00019960 grad_norm=1.5704 throughput=16.89 img/s eta_seconds=24.3 gpu_alloc=476.3MiB gpu_reserved=3472.0MiB skipped_batches=0
2026-08-16 09:32:19,359 | INFO | epoch=2 batch=3075 global_step=692 loss_reg_months=6.6676 lr=0.00019960 grad_norm=2.4621 throughput=16.89 img/s eta_seconds=18.4 gpu_alloc=476.3MiB gpu_reserved=3472.0MiB skipped_batches=0
2026-08-16 09:32:25,288 | INFO | epoch=2 batch=3100 global_step=695 loss_reg_months=6.6726 lr=0.00019960 grad_norm=1.4538 throughput=16.89 img/s eta_seconds=12.5 gpu_alloc=476.3MiB gpu_reserved=3472.0MiB skipped_batches=0
2026-08-16 09:32:31,228 | INFO | epoch=2 batch=3125 global_step=698 loss_reg_months=6.6695 lr=0.00019960 grad_norm=2.0985 throughput=16.89 img/s eta_seconds=6.6 gpu_alloc=476.3MiB gpu_reserved=3472.0MiB skipped_batches=0
2026-08-16 09:32:37,177 | INFO | epoch=2 batch=3150 global_step=701 loss_reg_months=6.6638 lr=0.00019960 grad_norm=2.0810 throughput=16.88 img/s eta_seconds=0.7 gpu_alloc=367.7MiB gpu_reserved=3472.0MiB skipped_batches=0
2026-08-16 09:33:26,306 | INFO | 
TRAINING REVIEW SNAPSHOT
Run ID / config hash / split hash: P6_D0_CONVNEXT_TINY_768_SEED42 / 0e80cf6f780f / 7328667e6822+f650a20432b5
Epoch / global step: 2 / 702
Train loss: 6.6615
Validation MAE / RMSE / median AE: 6.7533 / 9.0546 / 5.0000
MAE nam / nữ / age bins: {'F': 7.33203125, 'M': 6.265119663648124} / {'0-59': 6.858211436170213, '120-179': 6.1823238566131025, '60-119': 8.533629441624365, '180-228': 4.8046875}
Learning rate / peak VRAM: 0.00019960 / 3472.0 MiB
Best epoch / best MAE / epochs không cải thiện: 2 / 6.7533 / 0
Cảnh báo hiện tại: KHÔNG
Checkpoint gần nhất: p1_baseline\runs\P6_D0_CONVNEXT_TINY_768_SEED42\last.ckpt
Checkpoint tốt nhất: p1_baseline\runs\P6_D0_CONVNEXT_TINY_768_SEED42\best_mae.ckpt
Đề xuất tự động: TIẾP TỤC
2026-08-16 09:33:58,196 | INFO | epoch=3 batch=25 global_step=704 loss_reg_months=5.0923 lr=0.00019840 grad_norm=2.0311 throughput=7.52 img/s eta_seconds=1663.8 gpu_alloc=476.3MiB gpu_reserved=3472.0MiB skipped_batches=0
2026-08-16 09:34:03,877 | INFO | epoch=3 batch=50 global_step=707 loss_reg_months=5.5553 lr=0.00019840 grad_norm=2.6387 throughput=10.54 img/s eta_seconds=1177.8 gpu_alloc=476.3MiB gpu_reserved=3472.0MiB skipped_batches=0
2026-08-16 09:34:09,566 | INFO | epoch=3 batch=75 global_step=710 loss_reg_months=5.6588 lr=0.00019840 grad_norm=1.7929 throughput=12.16 img/s eta_seconds=1012.3 gpu_alloc=476.3MiB gpu_reserved=3472.0MiB skipped_batches=0
2026-08-16 09:34:15,261 | INFO | epoch=3 batch=100 global_step=713 loss_reg_months=5.7407 lr=0.00019840 grad_norm=2.1104 throughput=13.17 img/s eta_seconds=926.9 gpu_alloc=476.3MiB gpu_reserved=3472.0MiB skipped_batches=0
2026-08-16 09:34:20,969 | INFO | epoch=3 batch=125 global_step=715 loss_reg_months=5.7762 lr=0.00019840 grad_norm=1.3402 throughput=13.86 img/s eta_seconds=873.8 gpu_alloc=476.3MiB gpu_reserved=3472.0MiB skipped_batches=0
2026-08-16 09:34:26,690 | INFO | epoch=3 batch=150 global_step=718 loss_reg_months=5.8925 lr=0.00019840 grad_norm=1.3313 throughput=14.36 img/s eta_seconds=836.6 gpu_alloc=476.3MiB gpu_reserved=3472.0MiB skipped_batches=0
2026-08-16 09:34:32,410 | INFO | epoch=3 batch=175 global_step=721 loss_reg_months=6.0302 lr=0.00019840 grad_norm=2.0362 throughput=14.73 img/s eta_seconds=808.5 gpu_alloc=476.3MiB gpu_reserved=3472.0MiB skipped_batches=0
2026-08-16 09:34:38,134 | INFO | epoch=3 batch=200 global_step=724 loss_reg_months=5.8430 lr=0.00019840 grad_norm=1.1054 throughput=15.03 img/s eta_seconds=786.0 gpu_alloc=476.3MiB gpu_reserved=3472.0MiB skipped_batches=0
2026-08-16 09:34:43,853 | INFO | epoch=3 batch=225 global_step=727 loss_reg_months=5.8074 lr=0.00019840 grad_norm=1.2781 throughput=15.27 img/s eta_seconds=767.2 gpu_alloc=367.7MiB gpu_reserved=3472.0MiB skipped_batches=0
2026-08-16 09:34:49,593 | INFO | epoch=3 batch=250 global_step=729 loss_reg_months=5.7561 lr=0.00019840 grad_norm=3.5608 throughput=15.46 img/s eta_seconds=751.2 gpu_alloc=476.3MiB gpu_reserved=3472.0MiB skipped_batches=0
2026-08-16 09:34:55,367 | INFO | epoch=3 batch=275 global_step=732 loss_reg_months=5.8277 lr=0.00019840 grad_norm=3.2020 throughput=15.61 img/s eta_seconds=737.4 gpu_alloc=476.3MiB gpu_reserved=3472.0MiB skipped_batches=0
2026-08-16 09:35:01,102 | INFO | epoch=3 batch=300 global_step=735 loss_reg_months=5.9561 lr=0.00019840 grad_norm=2.3991 throughput=15.75 img/s eta_seconds=724.6 gpu_alloc=476.3MiB gpu_reserved=3472.0MiB skipped_batches=0
2026-08-16 09:35:06,836 | INFO | epoch=3 batch=325 global_step=738 loss_reg_months=6.0025 lr=0.00019840 grad_norm=2.2126 throughput=15.87 img/s eta_seconds=712.9 gpu_alloc=476.3MiB gpu_reserved=3472.0MiB skipped_batches=0
2026-08-16 09:35:12,539 | INFO | epoch=3 batch=350 global_step=740 loss_reg_months=5.9942 lr=0.00019840 grad_norm=1.1546 throughput=15.97 img/s eta_seconds=701.8 gpu_alloc=476.3MiB gpu_reserved=3472.0MiB skipped_batches=0
2026-08-16 09:35:18,280 | INFO | epoch=3 batch=375 global_step=743 loss_reg_months=5.9654 lr=0.00019840 grad_norm=2.2453 throughput=16.06 img/s eta_seconds=691.7 gpu_alloc=476.3MiB gpu_reserved=3472.0MiB skipped_batches=0
2026-08-16 09:35:24,025 | INFO | epoch=3 batch=400 global_step=746 loss_reg_months=6.0316 lr=0.00019840 grad_norm=2.7384 throughput=16.14 img/s eta_seconds=682.2 gpu_alloc=476.3MiB gpu_reserved=3472.0MiB skipped_batches=0
2026-08-16 09:35:29,794 | INFO | epoch=3 batch=425 global_step=749 loss_reg_months=6.0139 lr=0.00019840 grad_norm=1.3269 throughput=16.21 img/s eta_seconds=673.3 gpu_alloc=476.3MiB gpu_reserved=3472.0MiB skipped_batches=0
2026-08-16 09:35:35,530 | INFO | epoch=3 batch=450 global_step=752 loss_reg_months=6.0799 lr=0.00019840 grad_norm=1.4626 throughput=16.27 img/s eta_seconds=664.5 gpu_alloc=367.7MiB gpu_reserved=3472.0MiB skipped_batches=0
2026-08-16 09:35:41,232 | INFO | epoch=3 batch=475 global_step=754 loss_reg_months=6.0732 lr=0.00019840 grad_norm=1.2817 throughput=16.33 img/s eta_seconds=655.8 gpu_alloc=476.3MiB gpu_reserved=3472.0MiB skipped_batches=0
2026-08-16 09:35:46,967 | INFO | epoch=3 batch=500 global_step=757 loss_reg_months=6.0302 lr=0.00019840 grad_norm=1.8007 throughput=16.38 img/s eta_seconds=647.6 gpu_alloc=476.3MiB gpu_reserved=3472.0MiB skipped_batches=0
2026-08-16 09:35:52,712 | INFO | epoch=3 batch=525 global_step=760 loss_reg_months=6.0315 lr=0.00019840 grad_norm=2.2687 throughput=16.43 img/s eta_seconds=639.7 gpu_alloc=476.3MiB gpu_reserved=3472.0MiB skipped_batches=0
2026-08-16 09:35:58,489 | INFO | epoch=3 batch=550 global_step=763 loss_reg_months=6.0855 lr=0.00019840 grad_norm=2.2527 throughput=16.47 img/s eta_seconds=632.2 gpu_alloc=476.3MiB gpu_reserved=3472.0MiB skipped_batches=0
2026-08-16 09:36:04,211 | INFO | epoch=3 batch=575 global_step=765 loss_reg_months=6.0204 lr=0.00019840 grad_norm=1.6690 throughput=16.51 img/s eta_seconds=624.6 gpu_alloc=476.3MiB gpu_reserved=3472.0MiB skipped_batches=0
2026-08-16 09:36:09,958 | INFO | epoch=3 batch=600 global_step=768 loss_reg_months=6.0276 lr=0.00019840 grad_norm=2.5283 throughput=16.54 img/s eta_seconds=617.2 gpu_alloc=476.3MiB gpu_reserved=3472.0MiB skipped_batches=0
2026-08-16 09:36:15,695 | INFO | epoch=3 batch=625 global_step=771 loss_reg_months=6.1031 lr=0.00019840 grad_norm=2.8480 throughput=16.58 img/s eta_seconds=609.9 gpu_alloc=476.3MiB gpu_reserved=3472.0MiB skipped_batches=0
2026-08-16 09:36:21,430 | INFO | epoch=3 batch=650 global_step=774 loss_reg_months=6.1210 lr=0.00019840 grad_norm=1.3962 throughput=16.61 img/s eta_seconds=602.7 gpu_alloc=476.3MiB gpu_reserved=3472.0MiB skipped_batches=0
2026-08-16 09:36:27,180 | INFO | epoch=3 batch=675 global_step=777 loss_reg_months=6.1646 lr=0.00019840 grad_norm=1.8100 throughput=16.64 img/s eta_seconds=595.7 gpu_alloc=367.7MiB gpu_reserved=3472.0MiB skipped_batches=0
2026-08-16 09:36:32,909 | INFO | epoch=3 batch=700 global_step=779 loss_reg_months=6.2042 lr=0.00019840 grad_norm=1.6205 throughput=16.67 img/s eta_seconds=588.7 gpu_alloc=476.3MiB gpu_reserved=3472.0MiB skipped_batches=0
2026-08-16 09:36:38,675 | INFO | epoch=3 batch=725 global_step=782 loss_reg_months=6.1755 lr=0.00019840 grad_norm=1.4907 throughput=16.69 img/s eta_seconds=581.9 gpu_alloc=476.3MiB gpu_reserved=3472.0MiB skipped_batches=0
2026-08-16 09:36:44,611 | INFO | epoch=3 batch=750 global_step=785 loss_reg_months=6.1685 lr=0.00019840 grad_norm=1.4085 throughput=16.69 img/s eta_seconds=575.7 gpu_alloc=476.3MiB gpu_reserved=3472.0MiB skipped_batches=0
2026-08-16 09:36:50,639 | INFO | epoch=3 batch=775 global_step=788 loss_reg_months=6.1542 lr=0.00019840 grad_norm=1.3714 throughput=16.69 img/s eta_seconds=569.9 gpu_alloc=476.3MiB gpu_reserved=3472.0MiB skipped_batches=0
2026-08-16 09:36:56,701 | INFO | epoch=3 batch=800 global_step=790 loss_reg_months=6.1457 lr=0.00019840 grad_norm=1.9458 throughput=16.68 img/s eta_seconds=564.1 gpu_alloc=476.3MiB gpu_reserved=3472.0MiB skipped_batches=0
2026-08-16 09:37:02,658 | INFO | epoch=3 batch=825 global_step=793 loss_reg_months=6.1260 lr=0.00019840 grad_norm=1.7705 throughput=16.69 img/s eta_seconds=558.0 gpu_alloc=476.3MiB gpu_reserved=3472.0MiB skipped_batches=0
2026-08-16 09:37:08,632 | INFO | epoch=3 batch=850 global_step=796 loss_reg_months=6.1094 lr=0.00019840 grad_norm=2.3598 throughput=16.69 img/s eta_seconds=551.9 gpu_alloc=476.3MiB gpu_reserved=3472.0MiB skipped_batches=0
2026-08-16 09:37:14,595 | INFO | epoch=3 batch=875 global_step=799 loss_reg_months=6.1069 lr=0.00019840 grad_norm=2.1658 throughput=16.69 img/s eta_seconds=545.9 gpu_alloc=476.3MiB gpu_reserved=3472.0MiB skipped_batches=0
2026-08-16 09:37:20,562 | INFO | epoch=3 batch=900 global_step=802 loss_reg_months=6.1459 lr=0.00019840 grad_norm=2.9017 throughput=16.69 img/s eta_seconds=539.8 gpu_alloc=367.7MiB gpu_reserved=3472.0MiB skipped_batches=0
2026-08-16 09:37:26,499 | INFO | epoch=3 batch=925 global_step=804 loss_reg_months=6.2156 lr=0.00019840 grad_norm=2.0596 throughput=16.70 img/s eta_seconds=533.7 gpu_alloc=476.3MiB gpu_reserved=3472.0MiB skipped_batches=0
2026-08-16 09:37:32,475 | INFO | epoch=3 batch=950 global_step=807 loss_reg_months=6.2124 lr=0.00019840 grad_norm=1.1025 throughput=16.70 img/s eta_seconds=527.7 gpu_alloc=476.3MiB gpu_reserved=3472.0MiB skipped_batches=0
2026-08-16 09:37:38,437 | INFO | epoch=3 batch=975 global_step=810 loss_reg_months=6.2194 lr=0.00019840 grad_norm=2.6765 throughput=16.70 img/s eta_seconds=521.6 gpu_alloc=476.3MiB gpu_reserved=3472.0MiB skipped_batches=0
2026-08-16 09:37:44,416 | INFO | epoch=3 batch=1000 global_step=813 loss_reg_months=6.2049 lr=0.00019840 grad_norm=1.8201 throughput=16.70 img/s eta_seconds=515.6 gpu_alloc=476.3MiB gpu_reserved=3472.0MiB skipped_batches=0
2026-08-16 09:37:50,331 | INFO | epoch=3 batch=1025 global_step=815 loss_reg_months=6.1919 lr=0.00019840 grad_norm=2.4523 throughput=16.71 img/s eta_seconds=509.5 gpu_alloc=476.3MiB gpu_reserved=3472.0MiB skipped_batches=0
2026-08-16 09:37:56,289 | INFO | epoch=3 batch=1050 global_step=818 loss_reg_months=6.2054 lr=0.00019840 grad_norm=1.8979 throughput=16.71 img/s eta_seconds=503.4 gpu_alloc=476.3MiB gpu_reserved=3472.0MiB skipped_batches=0
2026-08-16 09:38:02,244 | INFO | epoch=3 batch=1075 global_step=821 loss_reg_months=6.2009 lr=0.00019840 grad_norm=1.2314 throughput=16.71 img/s eta_seconds=497.4 gpu_alloc=476.3MiB gpu_reserved=3472.0MiB skipped_batches=0
2026-08-16 09:38:08,222 | INFO | epoch=3 batch=1100 global_step=824 loss_reg_months=6.2176 lr=0.00019840 grad_norm=2.3010 throughput=16.71 img/s eta_seconds=491.4 gpu_alloc=476.3MiB gpu_reserved=3472.0MiB skipped_batches=0
2026-08-16 09:38:14,172 | INFO | epoch=3 batch=1125 global_step=827 loss_reg_months=6.2175 lr=0.00019840 grad_norm=2.6705 throughput=16.71 img/s eta_seconds=485.4 gpu_alloc=367.7MiB gpu_reserved=3472.0MiB skipped_batches=0
2026-08-16 09:38:20,082 | INFO | epoch=3 batch=1150 global_step=829 loss_reg_months=6.2300 lr=0.00019840 grad_norm=2.1052 throughput=16.72 img/s eta_seconds=479.2 gpu_alloc=476.3MiB gpu_reserved=3472.0MiB skipped_batches=0
2026-08-16 09:38:26,047 | INFO | epoch=3 batch=1175 global_step=832 loss_reg_months=6.2502 lr=0.00019840 grad_norm=1.7809 throughput=16.72 img/s eta_seconds=473.2 gpu_alloc=476.3MiB gpu_reserved=3472.0MiB skipped_batches=0
2026-08-16 09:38:32,038 | INFO | epoch=3 batch=1200 global_step=835 loss_reg_months=6.2531 lr=0.00019840 grad_norm=3.0566 throughput=16.72 img/s eta_seconds=467.3 gpu_alloc=476.3MiB gpu_reserved=3472.0MiB skipped_batches=0
2026-08-16 09:38:38,066 | INFO | epoch=3 batch=1225 global_step=838 loss_reg_months=6.2854 lr=0.00019840 grad_norm=2.0977 throughput=16.71 img/s eta_seconds=461.4 gpu_alloc=476.3MiB gpu_reserved=3472.0MiB skipped_batches=0
2026-08-16 09:38:44,026 | INFO | epoch=3 batch=1250 global_step=840 loss_reg_months=6.2847 lr=0.00019840 grad_norm=2.5301 throughput=16.72 img/s eta_seconds=455.3 gpu_alloc=476.3MiB gpu_reserved=3472.0MiB skipped_batches=0
2026-08-16 09:38:50,159 | INFO | epoch=3 batch=1275 global_step=843 loss_reg_months=6.2914 lr=0.00019840 grad_norm=1.7200 throughput=16.71 img/s eta_seconds=449.6 gpu_alloc=476.3MiB gpu_reserved=3472.0MiB skipped_batches=0
2026-08-16 09:38:56,120 | INFO | epoch=3 batch=1300 global_step=846 loss_reg_months=6.2826 lr=0.00019840 grad_norm=2.7133 throughput=16.71 img/s eta_seconds=443.6 gpu_alloc=476.3MiB gpu_reserved=3472.0MiB skipped_batches=0
2026-08-16 09:39:02,088 | INFO | epoch=3 batch=1325 global_step=849 loss_reg_months=6.2689 lr=0.00019840 grad_norm=1.0294 throughput=16.71 img/s eta_seconds=437.5 gpu_alloc=476.3MiB gpu_reserved=3472.0MiB skipped_batches=0
2026-08-16 09:39:08,027 | INFO | epoch=3 batch=1350 global_step=852 loss_reg_months=6.2870 lr=0.00019840 grad_norm=1.6647 throughput=16.71 img/s eta_seconds=431.5 gpu_alloc=367.7MiB gpu_reserved=3472.0MiB skipped_batches=0
2026-08-16 09:39:13,982 | INFO | epoch=3 batch=1375 global_step=854 loss_reg_months=6.2796 lr=0.00019840 grad_norm=1.8647 throughput=16.71 img/s eta_seconds=425.5 gpu_alloc=476.3MiB gpu_reserved=3472.0MiB skipped_batches=0
2026-08-16 09:39:19,944 | INFO | epoch=3 batch=1400 global_step=857 loss_reg_months=6.2706 lr=0.00019840 grad_norm=2.1667 throughput=16.71 img/s eta_seconds=419.5 gpu_alloc=476.3MiB gpu_reserved=3472.0MiB skipped_batches=0
2026-08-16 09:39:25,887 | INFO | epoch=3 batch=1425 global_step=860 loss_reg_months=6.2747 lr=0.00019840 grad_norm=1.8826 throughput=16.72 img/s eta_seconds=413.4 gpu_alloc=476.3MiB gpu_reserved=3472.0MiB skipped_batches=0
2026-08-16 09:39:31,839 | INFO | epoch=3 batch=1450 global_step=863 loss_reg_months=6.2739 lr=0.00019840 grad_norm=1.4509 throughput=16.72 img/s eta_seconds=407.4 gpu_alloc=476.3MiB gpu_reserved=3472.0MiB skipped_batches=0
2026-08-16 09:39:37,762 | INFO | epoch=3 batch=1475 global_step=865 loss_reg_months=6.3045 lr=0.00019840 grad_norm=1.9772 throughput=16.72 img/s eta_seconds=401.4 gpu_alloc=476.3MiB gpu_reserved=3472.0MiB skipped_batches=0
2026-08-16 09:39:43,698 | INFO | epoch=3 batch=1500 global_step=868 loss_reg_months=6.3086 lr=0.00019840 grad_norm=1.3641 throughput=16.72 img/s eta_seconds=395.3 gpu_alloc=476.3MiB gpu_reserved=3472.0MiB skipped_batches=0
2026-08-16 09:39:49,650 | INFO | epoch=3 batch=1525 global_step=871 loss_reg_months=6.3170 lr=0.00019840 grad_norm=2.3908 throughput=16.72 img/s eta_seconds=389.3 gpu_alloc=476.3MiB gpu_reserved=3472.0MiB skipped_batches=0
2026-08-16 09:39:55,626 | INFO | epoch=3 batch=1550 global_step=874 loss_reg_months=6.3083 lr=0.00019840 grad_norm=1.2117 throughput=16.72 img/s eta_seconds=383.3 gpu_alloc=476.3MiB gpu_reserved=3472.0MiB skipped_batches=0
2026-08-16 09:40:01,588 | INFO | epoch=3 batch=1575 global_step=877 loss_reg_months=6.3047 lr=0.00019840 grad_norm=2.1015 throughput=16.72 img/s eta_seconds=377.3 gpu_alloc=367.7MiB gpu_reserved=3472.0MiB skipped_batches=0
2026-08-16 09:40:07,511 | INFO | epoch=3 batch=1600 global_step=879 loss_reg_months=6.2903 lr=0.00019840 grad_norm=1.0344 throughput=16.73 img/s eta_seconds=371.3 gpu_alloc=476.3MiB gpu_reserved=3472.0MiB skipped_batches=0
2026-08-16 09:40:13,471 | INFO | epoch=3 batch=1625 global_step=882 loss_reg_months=6.2710 lr=0.00019840 grad_norm=2.1471 throughput=16.73 img/s eta_seconds=365.3 gpu_alloc=476.3MiB gpu_reserved=3472.0MiB skipped_batches=0
2026-08-16 09:40:19,424 | INFO | epoch=3 batch=1650 global_step=885 loss_reg_months=6.2630 lr=0.00019840 grad_norm=1.4887 throughput=16.73 img/s eta_seconds=359.3 gpu_alloc=476.3MiB gpu_reserved=3472.0MiB skipped_batches=0
2026-08-16 09:40:25,365 | INFO | epoch=3 batch=1675 global_step=888 loss_reg_months=6.2607 lr=0.00019840 grad_norm=1.6448 throughput=16.73 img/s eta_seconds=353.3 gpu_alloc=476.3MiB gpu_reserved=3472.0MiB skipped_batches=0
2026-08-16 09:40:31,281 | INFO | epoch=3 batch=1700 global_step=890 loss_reg_months=6.2623 lr=0.00019840 grad_norm=1.2425 throughput=16.73 img/s eta_seconds=347.3 gpu_alloc=476.3MiB gpu_reserved=3472.0MiB skipped_batches=0
2026-08-16 09:40:37,217 | INFO | epoch=3 batch=1725 global_step=893 loss_reg_months=6.2766 lr=0.00019840 grad_norm=1.8305 throughput=16.73 img/s eta_seconds=341.3 gpu_alloc=476.3MiB gpu_reserved=3472.0MiB skipped_batches=0
2026-08-16 09:40:43,162 | INFO | epoch=3 batch=1750 global_step=896 loss_reg_months=6.2609 lr=0.00019840 grad_norm=3.6233 throughput=16.74 img/s eta_seconds=335.3 gpu_alloc=476.3MiB gpu_reserved=3472.0MiB skipped_batches=0
2026-08-16 09:40:49,131 | INFO | epoch=3 batch=1775 global_step=899 loss_reg_months=6.2637 lr=0.00019840 grad_norm=3.6390 throughput=16.74 img/s eta_seconds=329.3 gpu_alloc=476.3MiB gpu_reserved=3472.0MiB skipped_batches=0
2026-08-16 09:40:55,078 | INFO | epoch=3 batch=1800 global_step=902 loss_reg_months=6.2508 lr=0.00019840 grad_norm=1.7793 throughput=16.74 img/s eta_seconds=323.3 gpu_alloc=367.7MiB gpu_reserved=3472.0MiB skipped_batches=0
2026-08-16 09:41:01,022 | INFO | epoch=3 batch=1825 global_step=904 loss_reg_months=6.2327 lr=0.00019840 grad_norm=1.0164 throughput=16.74 img/s eta_seconds=317.3 gpu_alloc=476.3MiB gpu_reserved=3472.0MiB skipped_batches=0
2026-08-16 09:41:06,980 | INFO | epoch=3 batch=1850 global_step=907 loss_reg_months=6.2163 lr=0.00019840 grad_norm=2.3482 throughput=16.74 img/s eta_seconds=311.3 gpu_alloc=476.3MiB gpu_reserved=3472.0MiB skipped_batches=0
2026-08-16 09:41:12,926 | INFO | epoch=3 batch=1875 global_step=910 loss_reg_months=6.2289 lr=0.00019840 grad_norm=1.3918 throughput=16.74 img/s eta_seconds=305.3 gpu_alloc=476.3MiB gpu_reserved=3472.0MiB skipped_batches=0
2026-08-16 09:41:18,877 | INFO | epoch=3 batch=1900 global_step=913 loss_reg_months=6.2235 lr=0.00019840 grad_norm=1.6829 throughput=16.74 img/s eta_seconds=299.3 gpu_alloc=476.3MiB gpu_reserved=3472.0MiB skipped_batches=0
2026-08-16 09:41:24,794 | INFO | epoch=3 batch=1925 global_step=915 loss_reg_months=6.2208 lr=0.00019840 grad_norm=2.3482 throughput=16.74 img/s eta_seconds=293.3 gpu_alloc=476.3MiB gpu_reserved=3472.0MiB skipped_batches=0
2026-08-16 09:41:30,763 | INFO | epoch=3 batch=1950 global_step=918 loss_reg_months=6.2141 lr=0.00019840 grad_norm=2.3880 throughput=16.74 img/s eta_seconds=287.3 gpu_alloc=476.3MiB gpu_reserved=3472.0MiB skipped_batches=0
2026-08-16 09:41:36,726 | INFO | epoch=3 batch=1975 global_step=921 loss_reg_months=6.1962 lr=0.00019840 grad_norm=1.3189 throughput=16.74 img/s eta_seconds=281.4 gpu_alloc=476.3MiB gpu_reserved=3472.0MiB skipped_batches=0
2026-08-16 09:41:42,677 | INFO | epoch=3 batch=2000 global_step=924 loss_reg_months=6.1887 lr=0.00019840 grad_norm=2.0361 throughput=16.74 img/s eta_seconds=275.4 gpu_alloc=476.3MiB gpu_reserved=3472.0MiB skipped_batches=0
2026-08-16 09:41:48,655 | INFO | epoch=3 batch=2025 global_step=927 loss_reg_months=6.1757 lr=0.00019840 grad_norm=1.2870 throughput=16.74 img/s eta_seconds=269.4 gpu_alloc=367.7MiB gpu_reserved=3472.0MiB skipped_batches=0
2026-08-16 09:41:54,588 | INFO | epoch=3 batch=2050 global_step=929 loss_reg_months=6.1739 lr=0.00019840 grad_norm=1.2061 throughput=16.75 img/s eta_seconds=263.4 gpu_alloc=476.3MiB gpu_reserved=3472.0MiB skipped_batches=0
2026-08-16 09:42:00,548 | INFO | epoch=3 batch=2075 global_step=932 loss_reg_months=6.1701 lr=0.00019840 grad_norm=1.1305 throughput=16.75 img/s eta_seconds=257.4 gpu_alloc=476.3MiB gpu_reserved=3472.0MiB skipped_batches=0
2026-08-16 09:42:06,676 | INFO | epoch=3 batch=2100 global_step=935 loss_reg_months=6.1715 lr=0.00019840 grad_norm=1.5327 throughput=16.74 img/s eta_seconds=251.5 gpu_alloc=476.3MiB gpu_reserved=3472.0MiB skipped_batches=0
2026-08-16 09:42:12,603 | INFO | epoch=3 batch=2125 global_step=938 loss_reg_months=6.1607 lr=0.00019840 grad_norm=1.5907 throughput=16.74 img/s eta_seconds=245.6 gpu_alloc=476.3MiB gpu_reserved=3472.0MiB skipped_batches=0
2026-08-16 09:42:18,524 | INFO | epoch=3 batch=2150 global_step=940 loss_reg_months=6.1599 lr=0.00019840 grad_norm=2.1861 throughput=16.74 img/s eta_seconds=239.6 gpu_alloc=476.3MiB gpu_reserved=3472.0MiB skipped_batches=0
2026-08-16 09:42:24,562 | INFO | epoch=3 batch=2175 global_step=943 loss_reg_months=6.1572 lr=0.00019840 grad_norm=2.3546 throughput=16.74 img/s eta_seconds=233.6 gpu_alloc=476.3MiB gpu_reserved=3472.0MiB skipped_batches=0
2026-08-16 09:42:30,503 | INFO | epoch=3 batch=2200 global_step=946 loss_reg_months=6.1628 lr=0.00019840 grad_norm=1.7695 throughput=16.74 img/s eta_seconds=227.6 gpu_alloc=476.3MiB gpu_reserved=3472.0MiB skipped_batches=0
2026-08-16 09:42:36,430 | INFO | epoch=3 batch=2225 global_step=949 loss_reg_months=6.1559 lr=0.00019840 grad_norm=1.6884 throughput=16.74 img/s eta_seconds=221.6 gpu_alloc=476.3MiB gpu_reserved=3472.0MiB skipped_batches=0
2026-08-16 09:42:42,362 | INFO | epoch=3 batch=2250 global_step=952 loss_reg_months=6.1472 lr=0.00019840 grad_norm=1.0914 throughput=16.75 img/s eta_seconds=215.6 gpu_alloc=367.7MiB gpu_reserved=3472.0MiB skipped_batches=0
2026-08-16 09:42:48,262 | INFO | epoch=3 batch=2275 global_step=954 loss_reg_months=6.1443 lr=0.00019840 grad_norm=2.7241 throughput=16.75 img/s eta_seconds=209.6 gpu_alloc=476.3MiB gpu_reserved=3472.0MiB skipped_batches=0
2026-08-16 09:42:54,194 | INFO | epoch=3 batch=2300 global_step=957 loss_reg_months=6.1466 lr=0.00019840 grad_norm=2.8149 throughput=16.75 img/s eta_seconds=203.7 gpu_alloc=476.3MiB gpu_reserved=3472.0MiB skipped_batches=0
2026-08-16 09:43:00,134 | INFO | epoch=3 batch=2325 global_step=960 loss_reg_months=6.1395 lr=0.00019840 grad_norm=1.3683 throughput=16.75 img/s eta_seconds=197.7 gpu_alloc=476.3MiB gpu_reserved=3472.0MiB skipped_batches=0
2026-08-16 09:43:06,075 | INFO | epoch=3 batch=2350 global_step=963 loss_reg_months=6.1407 lr=0.00019840 grad_norm=2.1308 throughput=16.75 img/s eta_seconds=191.7 gpu_alloc=476.3MiB gpu_reserved=3472.0MiB skipped_batches=0
2026-08-16 09:43:11,997 | INFO | epoch=3 batch=2375 global_step=965 loss_reg_months=6.1288 lr=0.00019840 grad_norm=1.0407 throughput=16.75 img/s eta_seconds=185.7 gpu_alloc=476.3MiB gpu_reserved=3472.0MiB skipped_batches=0
2026-08-16 09:43:17,945 | INFO | epoch=3 batch=2400 global_step=968 loss_reg_months=6.1143 lr=0.00019840 grad_norm=1.6688 throughput=16.75 img/s eta_seconds=179.7 gpu_alloc=476.3MiB gpu_reserved=3472.0MiB skipped_batches=0
2026-08-16 09:43:23,885 | INFO | epoch=3 batch=2425 global_step=971 loss_reg_months=6.1105 lr=0.00019840 grad_norm=1.1783 throughput=16.75 img/s eta_seconds=173.8 gpu_alloc=476.3MiB gpu_reserved=3472.0MiB skipped_batches=0
2026-08-16 09:43:29,835 | INFO | epoch=3 batch=2450 global_step=974 loss_reg_months=6.1094 lr=0.00019840 grad_norm=2.4888 throughput=16.75 img/s eta_seconds=167.8 gpu_alloc=476.3MiB gpu_reserved=3472.0MiB skipped_batches=0
2026-08-16 09:43:35,798 | INFO | epoch=3 batch=2475 global_step=977 loss_reg_months=6.1128 lr=0.00019840 grad_norm=1.8025 throughput=16.75 img/s eta_seconds=161.8 gpu_alloc=367.7MiB gpu_reserved=3472.0MiB skipped_batches=0
2026-08-16 09:43:41,694 | INFO | epoch=3 batch=2500 global_step=979 loss_reg_months=6.1058 lr=0.00019840 grad_norm=1.8191 throughput=16.76 img/s eta_seconds=155.8 gpu_alloc=476.3MiB gpu_reserved=3472.0MiB skipped_batches=0
2026-08-16 09:43:47,631 | INFO | epoch=3 batch=2525 global_step=982 loss_reg_months=6.0999 lr=0.00019840 grad_norm=1.2955 throughput=16.76 img/s eta_seconds=149.8 gpu_alloc=476.3MiB gpu_reserved=3472.0MiB skipped_batches=0
2026-08-16 09:43:53,559 | INFO | epoch=3 batch=2550 global_step=985 loss_reg_months=6.0895 lr=0.00019840 grad_norm=1.6879 throughput=16.76 img/s eta_seconds=143.9 gpu_alloc=476.3MiB gpu_reserved=3472.0MiB skipped_batches=0
2026-08-16 09:43:59,505 | INFO | epoch=3 batch=2575 global_step=988 loss_reg_months=6.0839 lr=0.00019840 grad_norm=0.9774 throughput=16.76 img/s eta_seconds=137.9 gpu_alloc=476.3MiB gpu_reserved=3472.0MiB skipped_batches=0
2026-08-16 09:44:05,406 | INFO | epoch=3 batch=2600 global_step=990 loss_reg_months=6.0811 lr=0.00019840 grad_norm=1.6317 throughput=16.76 img/s eta_seconds=131.9 gpu_alloc=476.3MiB gpu_reserved=3472.0MiB skipped_batches=0
2026-08-16 09:44:11,345 | INFO | epoch=3 batch=2625 global_step=993 loss_reg_months=6.0853 lr=0.00019840 grad_norm=1.1926 throughput=16.76 img/s eta_seconds=125.9 gpu_alloc=476.3MiB gpu_reserved=3472.0MiB skipped_batches=0
2026-08-16 09:44:17,292 | INFO | epoch=3 batch=2650 global_step=996 loss_reg_months=6.0769 lr=0.00019840 grad_norm=1.4542 throughput=16.76 img/s eta_seconds=120.0 gpu_alloc=476.3MiB gpu_reserved=3472.0MiB skipped_batches=0
2026-08-16 09:44:23,236 | INFO | epoch=3 batch=2675 global_step=999 loss_reg_months=6.0772 lr=0.00019840 grad_norm=1.7937 throughput=16.76 img/s eta_seconds=114.0 gpu_alloc=476.3MiB gpu_reserved=3472.0MiB skipped_batches=0
2026-08-16 09:44:30,787 | INFO | epoch=3 batch=2700 global_step=1002 loss_reg_months=6.0735 lr=0.00019840 grad_norm=1.6077 throughput=16.72 img/s eta_seconds=108.3 gpu_alloc=367.7MiB gpu_reserved=3472.0MiB skipped_batches=0
2026-08-16 09:44:36,700 | INFO | epoch=3 batch=2725 global_step=1004 loss_reg_months=6.0652 lr=0.00019840 grad_norm=1.3679 throughput=16.72 img/s eta_seconds=102.3 gpu_alloc=476.3MiB gpu_reserved=3472.0MiB skipped_batches=0
2026-08-16 09:44:42,627 | INFO | epoch=3 batch=2750 global_step=1007 loss_reg_months=6.0655 lr=0.00019840 grad_norm=2.4271 throughput=16.72 img/s eta_seconds=96.3 gpu_alloc=476.3MiB gpu_reserved=3472.0MiB skipped_batches=0
2026-08-16 09:44:48,558 | INFO | epoch=3 batch=2775 global_step=1010 loss_reg_months=6.0652 lr=0.00019840 grad_norm=1.8048 throughput=16.73 img/s eta_seconds=90.3 gpu_alloc=476.3MiB gpu_reserved=3472.0MiB skipped_batches=0
2026-08-16 09:44:54,501 | INFO | epoch=3 batch=2800 global_step=1013 loss_reg_months=6.0745 lr=0.00019840 grad_norm=2.0294 throughput=16.73 img/s eta_seconds=84.4 gpu_alloc=476.3MiB gpu_reserved=3472.0MiB skipped_batches=0
2026-08-16 09:45:00,403 | INFO | epoch=3 batch=2825 global_step=1015 loss_reg_months=6.0760 lr=0.00019840 grad_norm=1.6037 throughput=16.73 img/s eta_seconds=78.4 gpu_alloc=476.3MiB gpu_reserved=3472.0MiB skipped_batches=0
2026-08-16 09:45:06,340 | INFO | epoch=3 batch=2850 global_step=1018 loss_reg_months=6.0759 lr=0.00019840 grad_norm=2.6690 throughput=16.73 img/s eta_seconds=72.4 gpu_alloc=476.3MiB gpu_reserved=3472.0MiB skipped_batches=0
2026-08-16 09:45:12,275 | INFO | epoch=3 batch=2875 global_step=1021 loss_reg_months=6.0742 lr=0.00019840 grad_norm=1.9193 throughput=16.73 img/s eta_seconds=66.4 gpu_alloc=476.3MiB gpu_reserved=3472.0MiB skipped_batches=0
2026-08-16 09:45:18,205 | INFO | epoch=3 batch=2900 global_step=1024 loss_reg_months=6.0707 lr=0.00019840 grad_norm=1.6554 throughput=16.73 img/s eta_seconds=60.4 gpu_alloc=476.3MiB gpu_reserved=3472.0MiB skipped_batches=0
2026-08-16 09:45:24,147 | INFO | epoch=3 batch=2925 global_step=1027 loss_reg_months=6.0710 lr=0.00019840 grad_norm=1.3243 throughput=16.73 img/s eta_seconds=54.4 gpu_alloc=367.7MiB gpu_reserved=3472.0MiB skipped_batches=0
2026-08-16 09:45:30,058 | INFO | epoch=3 batch=2950 global_step=1029 loss_reg_months=6.0614 lr=0.00019840 grad_norm=2.0163 throughput=16.73 img/s eta_seconds=48.5 gpu_alloc=476.3MiB gpu_reserved=3472.0MiB skipped_batches=0
2026-08-16 09:45:35,996 | INFO | epoch=3 batch=2975 global_step=1032 loss_reg_months=6.0639 lr=0.00019840 grad_norm=2.4412 throughput=16.73 img/s eta_seconds=42.5 gpu_alloc=476.3MiB gpu_reserved=3472.0MiB skipped_batches=0
2026-08-16 09:45:41,915 | INFO | epoch=3 batch=3000 global_step=1035 loss_reg_months=6.0662 lr=0.00019840 grad_norm=6.2003 throughput=16.74 img/s eta_seconds=36.5 gpu_alloc=476.3MiB gpu_reserved=3472.0MiB skipped_batches=0
2026-08-16 09:45:47,782 | INFO | epoch=3 batch=3025 global_step=1038 loss_reg_months=6.0674 lr=0.00019840 grad_norm=1.4456 throughput=16.74 img/s eta_seconds=30.5 gpu_alloc=476.3MiB gpu_reserved=3472.0MiB skipped_batches=0
2026-08-16 09:45:53,533 | INFO | epoch=3 batch=3050 global_step=1040 loss_reg_months=6.0654 lr=0.00019840 grad_norm=1.9818 throughput=16.74 img/s eta_seconds=24.5 gpu_alloc=476.3MiB gpu_reserved=3472.0MiB skipped_batches=0
2026-08-16 09:45:59,278 | INFO | epoch=3 batch=3075 global_step=1043 loss_reg_months=6.0723 lr=0.00019840 grad_norm=1.7330 throughput=16.75 img/s eta_seconds=18.6 gpu_alloc=476.3MiB gpu_reserved=3472.0MiB skipped_batches=0
2026-08-16 09:46:05,015 | INFO | epoch=3 batch=3100 global_step=1046 loss_reg_months=6.0650 lr=0.00019840 grad_norm=0.9080 throughput=16.75 img/s eta_seconds=12.6 gpu_alloc=476.3MiB gpu_reserved=3472.0MiB skipped_batches=0
2026-08-16 09:46:10,754 | INFO | epoch=3 batch=3125 global_step=1049 loss_reg_months=6.0637 lr=0.00019840 grad_norm=1.4916 throughput=16.76 img/s eta_seconds=6.6 gpu_alloc=476.3MiB gpu_reserved=3472.0MiB skipped_batches=0
2026-08-16 09:46:16,499 | INFO | epoch=3 batch=3150 global_step=1052 loss_reg_months=6.0596 lr=0.00019840 grad_norm=1.2277 throughput=16.76 img/s eta_seconds=0.7 gpu_alloc=367.7MiB gpu_reserved=3472.0MiB skipped_batches=0
2026-08-16 09:47:00,824 | WARNING | STABILITY WARNING [CAM] Prediction vượt nhẹ miền tuổi 0–228: [13.31, 232.00]
2026-08-16 09:47:00,827 | INFO | 
TRAINING REVIEW SNAPSHOT
Run ID / config hash / split hash: P6_D0_CONVNEXT_TINY_768_SEED42 / 0e80cf6f780f / 7328667e6822+f650a20432b5
Epoch / global step: 3 / 1053
Train loss: 6.0610
Validation MAE / RMSE / median AE: 7.6868 / 9.8776 / 6.5000
MAE nam / nữ / age bins: {'F': 7.595092024539877, 'M': 7.764068564036222} / {'0-59': 10.113031914893616, '120-179': 8.323238566131026, '60-119': 6.5139593908629445, '180-228': 5.4921875}
Learning rate / peak VRAM: 0.00019840 / 3472.0 MiB
Best epoch / best MAE / epochs không cải thiện: 2 / 6.7533 / 1
Cảnh báo hiện tại: CAM: Prediction vượt nhẹ miền tuổi 0–228: [13.31, 232.00]
Checkpoint gần nhất: p1_baseline\runs\P6_D0_CONVNEXT_TINY_768_SEED42\last.ckpt
Checkpoint tốt nhất: p1_baseline\runs\P6_D0_CONVNEXT_TINY_768_SEED42\best_mae.ckpt
Đề xuất tự động: THEO DÕI
2026-08-16 09:47:21,749 | INFO | epoch=4 batch=25 global_step=1055 loss_reg_months=5.6898 lr=0.00019641 grad_norm=2.1454 throughput=7.69 img/s eta_seconds=1626.9 gpu_alloc=476.3MiB gpu_reserved=3472.0MiB skipped_batches=0
2026-08-16 09:47:27,444 | INFO | epoch=4 batch=50 global_step=1058 loss_reg_months=5.7645 lr=0.00019641 grad_norm=1.8021 throughput=10.70 img/s eta_seconds=1160.4 gpu_alloc=476.3MiB gpu_reserved=3472.0MiB skipped_batches=0
2026-08-16 09:47:33,186 | INFO | epoch=4 batch=75 global_step=1061 loss_reg_months=5.8989 lr=0.00019641 grad_norm=1.6048 throughput=12.27 img/s eta_seconds=1003.0 gpu_alloc=476.3MiB gpu_reserved=3472.0MiB skipped_batches=0
2026-08-16 09:47:39,579 | INFO | epoch=4 batch=100 global_step=1064 loss_reg_months=6.2330 lr=0.00019641 grad_norm=1.3235 throughput=12.97 img/s eta_seconds=941.3 gpu_alloc=476.3MiB gpu_reserved=3472.0MiB skipped_batches=0
2026-08-16 09:47:46,804 | INFO | epoch=4 batch=125 global_step=1066 loss_reg_months=6.1647 lr=0.00019641 grad_norm=2.0431 throughput=13.14 img/s eta_seconds=921.8 gpu_alloc=476.3MiB gpu_reserved=3472.0MiB skipped_batches=0
2026-08-16 09:47:54,087 | INFO | epoch=4 batch=150 global_step=1069 loss_reg_months=6.0221 lr=0.00019641 grad_norm=1.2703 throughput=13.23 img/s eta_seconds=907.7 gpu_alloc=476.3MiB gpu_reserved=3472.0MiB skipped_batches=0
2026-08-16 09:48:01,035 | INFO | epoch=4 batch=175 global_step=1072 loss_reg_months=6.0465 lr=0.00019641 grad_norm=2.3003 throughput=13.39 img/s eta_seconds=889.7 gpu_alloc=476.3MiB gpu_reserved=3472.0MiB skipped_batches=0
2026-08-16 09:48:07,172 | INFO | epoch=4 batch=200 global_step=1075 loss_reg_months=6.0569 lr=0.00019641 grad_norm=1.4481 throughput=13.69 img/s eta_seconds=862.6 gpu_alloc=476.3MiB gpu_reserved=3472.0MiB skipped_batches=0
2026-08-16 09:48:13,141 | INFO | epoch=4 batch=225 global_step=1078 loss_reg_months=6.2040 lr=0.00019641 grad_norm=1.5067 throughput=13.98 img/s eta_seconds=837.9 gpu_alloc=367.7MiB gpu_reserved=3472.0MiB skipped_batches=0
2026-08-16 09:48:19,125 | INFO | epoch=4 batch=250 global_step=1080 loss_reg_months=6.3571 lr=0.00019641 grad_norm=2.2395 throughput=14.21 img/s eta_seconds=817.2 gpu_alloc=476.3MiB gpu_reserved=3472.0MiB skipped_batches=0
2026-08-16 09:48:25,671 | INFO | epoch=4 batch=275 global_step=1083 loss_reg_months=6.3807 lr=0.00019641 grad_norm=2.3903 throughput=14.30 img/s eta_seconds=805.0 gpu_alloc=476.3MiB gpu_reserved=3472.0MiB skipped_batches=0
2026-08-16 09:48:32,442 | INFO | epoch=4 batch=300 global_step=1086 loss_reg_months=6.4765 lr=0.00019641 grad_norm=1.8393 throughput=14.34 img/s eta_seconds=795.9 gpu_alloc=476.3MiB gpu_reserved=3472.0MiB skipped_batches=0
2026-08-16 09:48:39,101 | INFO | epoch=4 batch=325 global_step=1089 loss_reg_months=6.5114 lr=0.00019641 grad_norm=2.2540 throughput=14.39 img/s eta_seconds=786.2 gpu_alloc=476.3MiB gpu_reserved=3472.0MiB skipped_batches=0
2026-08-16 09:48:45,261 | INFO | epoch=4 batch=350 global_step=1091 loss_reg_months=6.4386 lr=0.00019641 grad_norm=2.1515 throughput=14.51 img/s eta_seconds=772.9 gpu_alloc=476.3MiB gpu_reserved=3472.0MiB skipped_batches=0
2026-08-16 09:48:51,204 | INFO | epoch=4 batch=375 global_step=1094 loss_reg_months=6.3965 lr=0.00019641 grad_norm=2.1672 throughput=14.64 img/s eta_seconds=758.9 gpu_alloc=476.3MiB gpu_reserved=3472.0MiB skipped_batches=0
2026-08-16 09:48:57,135 | INFO | epoch=4 batch=400 global_step=1097 loss_reg_months=6.4274 lr=0.00019641 grad_norm=1.1931 throughput=14.76 img/s eta_seconds=745.9 gpu_alloc=476.3MiB gpu_reserved=3472.0MiB skipped_batches=0
2026-08-16 09:49:03,063 | INFO | epoch=4 batch=425 global_step=1100 loss_reg_months=6.3499 lr=0.00019641 grad_norm=1.5066 throughput=14.87 img/s eta_seconds=733.7 gpu_alloc=476.3MiB gpu_reserved=3472.0MiB skipped_batches=0
2026-08-16 09:49:09,002 | INFO | epoch=4 batch=450 global_step=1103 loss_reg_months=6.2885 lr=0.00019641 grad_norm=1.3579 throughput=14.97 img/s eta_seconds=722.3 gpu_alloc=367.7MiB gpu_reserved=3472.0MiB skipped_batches=0
2026-08-16 09:49:14,894 | INFO | epoch=4 batch=475 global_step=1105 loss_reg_months=6.2704 lr=0.00019641 grad_norm=1.7298 throughput=15.06 img/s eta_seconds=711.1 gpu_alloc=476.3MiB gpu_reserved=3472.0MiB skipped_batches=0
2026-08-16 09:49:20,811 | INFO | epoch=4 batch=500 global_step=1108 loss_reg_months=6.2402 lr=0.00019641 grad_norm=1.3821 throughput=15.14 img/s eta_seconds=700.7 gpu_alloc=476.3MiB gpu_reserved=3472.0MiB skipped_batches=0
2026-08-16 09:49:26,734 | INFO | epoch=4 batch=525 global_step=1111 loss_reg_months=6.2177 lr=0.00019641 grad_norm=0.9572 throughput=15.22 img/s eta_seconds=690.7 gpu_alloc=476.3MiB gpu_reserved=3472.0MiB skipped_batches=0
2026-08-16 09:49:32,652 | INFO | epoch=4 batch=550 global_step=1114 loss_reg_months=6.1801 lr=0.00019641 grad_norm=0.7899 throughput=15.29 img/s eta_seconds=681.0 gpu_alloc=476.3MiB gpu_reserved=3472.0MiB skipped_batches=0
2026-08-16 09:49:38,545 | INFO | epoch=4 batch=575 global_step=1116 loss_reg_months=6.1609 lr=0.00019641 grad_norm=1.4840 throughput=15.35 img/s eta_seconds=671.6 gpu_alloc=476.3MiB gpu_reserved=3472.0MiB skipped_batches=0
2026-08-16 09:49:44,512 | INFO | epoch=4 batch=600 global_step=1119 loss_reg_months=6.1027 lr=0.00019641 grad_norm=1.5764 throughput=15.41 img/s eta_seconds=662.7 gpu_alloc=476.3MiB gpu_reserved=3472.0MiB skipped_batches=0
2026-08-16 09:49:50,467 | INFO | epoch=4 batch=625 global_step=1122 loss_reg_months=6.0896 lr=0.00019641 grad_norm=0.8834 throughput=15.46 img/s eta_seconds=654.1 gpu_alloc=476.3MiB gpu_reserved=3472.0MiB skipped_batches=0
2026-08-16 09:49:56,413 | INFO | epoch=4 batch=650 global_step=1125 loss_reg_months=6.0964 lr=0.00019641 grad_norm=1.8826 throughput=15.51 img/s eta_seconds=645.6 gpu_alloc=476.3MiB gpu_reserved=3472.0MiB skipped_batches=0
2026-08-16 09:50:02,346 | INFO | epoch=4 batch=675 global_step=1128 loss_reg_months=6.0782 lr=0.00019641 grad_norm=1.2900 throughput=15.55 img/s eta_seconds=637.2 gpu_alloc=367.7MiB gpu_reserved=3472.0MiB skipped_batches=0
2026-08-16 09:50:08,248 | INFO | epoch=4 batch=700 global_step=1130 loss_reg_months=6.0358 lr=0.00019641 grad_norm=0.9638 throughput=15.60 img/s eta_seconds=629.0 gpu_alloc=476.3MiB gpu_reserved=3472.0MiB skipped_batches=0
2026-08-16 09:50:14,243 | INFO | epoch=4 batch=725 global_step=1133 loss_reg_months=6.0281 lr=0.00019641 grad_norm=1.2200 throughput=15.63 img/s eta_seconds=621.2 gpu_alloc=476.3MiB gpu_reserved=3472.0MiB skipped_batches=0
2026-08-16 09:50:20,157 | INFO | epoch=4 batch=750 global_step=1136 loss_reg_months=6.0234 lr=0.00019641 grad_norm=1.0668 throughput=15.67 img/s eta_seconds=613.2 gpu_alloc=476.3MiB gpu_reserved=3472.0MiB skipped_batches=0
2026-08-16 09:50:26,084 | INFO | epoch=4 batch=775 global_step=1139 loss_reg_months=6.0328 lr=0.00019641 grad_norm=3.0061 throughput=15.71 img/s eta_seconds=605.4 gpu_alloc=476.3MiB gpu_reserved=3472.0MiB skipped_batches=0
2026-08-16 09:50:31,976 | INFO | epoch=4 batch=800 global_step=1141 loss_reg_months=6.0067 lr=0.00019641 grad_norm=1.3808 throughput=15.75 img/s eta_seconds=597.7 gpu_alloc=476.3MiB gpu_reserved=3472.0MiB skipped_batches=0
2026-08-16 09:50:37,910 | INFO | epoch=4 batch=825 global_step=1144 loss_reg_months=5.9888 lr=0.00019641 grad_norm=1.9730 throughput=15.78 img/s eta_seconds=590.2 gpu_alloc=476.3MiB gpu_reserved=3472.0MiB skipped_batches=0
2026-08-16 09:50:43,832 | INFO | epoch=4 batch=850 global_step=1147 loss_reg_months=5.9688 lr=0.00019641 grad_norm=1.3402 throughput=15.81 img/s eta_seconds=582.7 gpu_alloc=476.3MiB gpu_reserved=3472.0MiB skipped_batches=0
2026-08-16 09:50:49,765 | INFO | epoch=4 batch=875 global_step=1150 loss_reg_months=5.9536 lr=0.00019641 grad_norm=1.1321 throughput=15.84 img/s eta_seconds=575.3 gpu_alloc=476.3MiB gpu_reserved=3472.0MiB skipped_batches=0
2026-08-16 09:50:55,688 | INFO | epoch=4 batch=900 global_step=1153 loss_reg_months=5.9738 lr=0.00019641 grad_norm=1.0775 throughput=15.86 img/s eta_seconds=568.0 gpu_alloc=367.7MiB gpu_reserved=3472.0MiB skipped_batches=0
2026-08-16 09:51:01,570 | INFO | epoch=4 batch=925 global_step=1155 loss_reg_months=5.9528 lr=0.00019641 grad_norm=1.1917 throughput=15.89 img/s eta_seconds=560.7 gpu_alloc=476.3MiB gpu_reserved=3472.0MiB skipped_batches=0
2026-08-16 09:51:07,504 | INFO | epoch=4 batch=950 global_step=1158 loss_reg_months=5.9739 lr=0.00019641 grad_norm=1.2657 throughput=15.92 img/s eta_seconds=553.6 gpu_alloc=476.3MiB gpu_reserved=3472.0MiB skipped_batches=0
2026-08-16 09:51:13,433 | INFO | epoch=4 batch=975 global_step=1161 loss_reg_months=5.9696 lr=0.00019641 grad_norm=1.5511 throughput=15.94 img/s eta_seconds=546.5 gpu_alloc=476.3MiB gpu_reserved=3472.0MiB skipped_batches=0
2026-08-16 09:51:19,380 | INFO | epoch=4 batch=1000 global_step=1164 loss_reg_months=5.9957 lr=0.00019641 grad_norm=2.2198 throughput=15.96 img/s eta_seconds=539.6 gpu_alloc=476.3MiB gpu_reserved=3472.0MiB skipped_batches=0
2026-08-16 09:51:25,271 | INFO | epoch=4 batch=1025 global_step=1166 loss_reg_months=6.0087 lr=0.00019641 grad_norm=1.3757 throughput=15.98 img/s eta_seconds=532.5 gpu_alloc=476.3MiB gpu_reserved=3472.0MiB skipped_batches=0
2026-08-16 09:51:31,205 | INFO | epoch=4 batch=1050 global_step=1169 loss_reg_months=6.0045 lr=0.00019641 grad_norm=1.6399 throughput=16.00 img/s eta_seconds=525.6 gpu_alloc=476.3MiB gpu_reserved=3472.0MiB skipped_batches=0
2026-08-16 09:51:37,134 | INFO | epoch=4 batch=1075 global_step=1172 loss_reg_months=5.9954 lr=0.00019641 grad_norm=2.0621 throughput=16.02 img/s eta_seconds=518.7 gpu_alloc=476.3MiB gpu_reserved=3472.0MiB skipped_batches=0
2026-08-16 09:51:43,063 | INFO | epoch=4 batch=1100 global_step=1175 loss_reg_months=5.9868 lr=0.00019641 grad_norm=1.5970 throughput=16.04 img/s eta_seconds=511.9 gpu_alloc=476.3MiB gpu_reserved=3472.0MiB skipped_batches=0
2026-08-16 09:51:49,044 | INFO | epoch=4 batch=1125 global_step=1178 loss_reg_months=6.0071 lr=0.00019641 grad_norm=2.0672 throughput=16.05 img/s eta_seconds=505.2 gpu_alloc=367.7MiB gpu_reserved=3472.0MiB skipped_batches=0
2026-08-16 09:51:54,940 | INFO | epoch=4 batch=1150 global_step=1180 loss_reg_months=5.9857 lr=0.00019641 grad_norm=1.3498 throughput=16.07 img/s eta_seconds=498.4 gpu_alloc=476.3MiB gpu_reserved=3472.0MiB skipped_batches=0
2026-08-16 09:52:00,915 | INFO | epoch=4 batch=1175 global_step=1183 loss_reg_months=5.9761 lr=0.00019641 grad_norm=2.1631 throughput=16.09 img/s eta_seconds=491.8 gpu_alloc=476.3MiB gpu_reserved=3472.0MiB skipped_batches=0
2026-08-16 09:52:06,858 | INFO | epoch=4 batch=1200 global_step=1186 loss_reg_months=5.9730 lr=0.00019641 grad_norm=1.3660 throughput=16.10 img/s eta_seconds=485.1 gpu_alloc=476.3MiB gpu_reserved=3472.0MiB skipped_batches=0
2026-08-16 09:52:12,777 | INFO | epoch=4 batch=1225 global_step=1189 loss_reg_months=5.9653 lr=0.00019641 grad_norm=1.6190 throughput=16.12 img/s eta_seconds=478.4 gpu_alloc=476.3MiB gpu_reserved=3472.0MiB skipped_batches=0
2026-08-16 09:52:18,671 | INFO | epoch=4 batch=1250 global_step=1191 loss_reg_months=5.9459 lr=0.00019641 grad_norm=1.9581 throughput=16.13 img/s eta_seconds=471.8 gpu_alloc=476.3MiB gpu_reserved=3472.0MiB skipped_batches=0
2026-08-16 09:52:24,604 | INFO | epoch=4 batch=1275 global_step=1194 loss_reg_months=5.9319 lr=0.00019641 grad_norm=1.3064 throughput=16.15 img/s eta_seconds=465.2 gpu_alloc=476.3MiB gpu_reserved=3472.0MiB skipped_batches=0
2026-08-16 09:52:30,525 | INFO | epoch=4 batch=1300 global_step=1197 loss_reg_months=5.9420 lr=0.00019641 grad_norm=2.5135 throughput=16.16 img/s eta_seconds=458.6 gpu_alloc=476.3MiB gpu_reserved=3472.0MiB skipped_batches=0
2026-08-16 09:52:36,451 | INFO | epoch=4 batch=1325 global_step=1200 loss_reg_months=5.9292 lr=0.00019641 grad_norm=2.1940 throughput=16.17 img/s eta_seconds=452.0 gpu_alloc=476.3MiB gpu_reserved=3472.0MiB skipped_batches=0
2026-08-16 09:52:42,398 | INFO | epoch=4 batch=1350 global_step=1203 loss_reg_months=5.9309 lr=0.00019641 grad_norm=1.3673 throughput=16.18 img/s eta_seconds=445.5 gpu_alloc=367.7MiB gpu_reserved=3472.0MiB skipped_batches=0
2026-08-16 09:52:48,298 | INFO | epoch=4 batch=1375 global_step=1205 loss_reg_months=5.9026 lr=0.00019641 grad_norm=1.9926 throughput=16.20 img/s eta_seconds=439.0 gpu_alloc=476.3MiB gpu_reserved=3472.0MiB skipped_batches=0
2026-08-16 09:52:54,227 | INFO | epoch=4 batch=1400 global_step=1208 loss_reg_months=5.9061 lr=0.00019641 grad_norm=1.0284 throughput=16.21 img/s eta_seconds=432.5 gpu_alloc=476.3MiB gpu_reserved=3472.0MiB skipped_batches=0
2026-08-16 09:53:00,174 | INFO | epoch=4 batch=1425 global_step=1211 loss_reg_months=5.8821 lr=0.00019641 grad_norm=1.0222 throughput=16.22 img/s eta_seconds=426.1 gpu_alloc=476.3MiB gpu_reserved=3472.0MiB skipped_batches=0
2026-08-16 09:53:06,150 | INFO | epoch=4 batch=1450 global_step=1214 loss_reg_months=5.8590 lr=0.00019641 grad_norm=1.2862 throughput=16.23 img/s eta_seconds=419.7 gpu_alloc=476.3MiB gpu_reserved=3472.0MiB skipped_batches=0
2026-08-16 09:53:12,059 | INFO | epoch=4 batch=1475 global_step=1216 loss_reg_months=5.8519 lr=0.00019641 grad_norm=1.5491 throughput=16.24 img/s eta_seconds=413.3 gpu_alloc=476.3MiB gpu_reserved=3472.0MiB skipped_batches=0
2026-08-16 09:53:17,997 | INFO | epoch=4 batch=1500 global_step=1219 loss_reg_months=5.8545 lr=0.00019641 grad_norm=1.7701 throughput=16.25 img/s eta_seconds=406.9 gpu_alloc=476.3MiB gpu_reserved=3472.0MiB skipped_batches=0
2026-08-16 09:53:23,918 | INFO | epoch=4 batch=1525 global_step=1222 loss_reg_months=5.8527 lr=0.00019641 grad_norm=2.2010 throughput=16.26 img/s eta_seconds=400.5 gpu_alloc=476.3MiB gpu_reserved=3472.0MiB skipped_batches=0
2026-08-16 09:53:29,864 | INFO | epoch=4 batch=1550 global_step=1225 loss_reg_months=5.8621 lr=0.00019641 grad_norm=2.2422 throughput=16.27 img/s eta_seconds=394.1 gpu_alloc=476.3MiB gpu_reserved=3472.0MiB skipped_batches=0
2026-08-16 09:53:35,806 | INFO | epoch=4 batch=1575 global_step=1228 loss_reg_months=5.8847 lr=0.00019641 grad_norm=1.4647 throughput=16.28 img/s eta_seconds=387.7 gpu_alloc=367.7MiB gpu_reserved=3472.0MiB skipped_batches=0
2026-08-16 09:53:41,736 | INFO | epoch=4 batch=1600 global_step=1230 loss_reg_months=5.8869 lr=0.00019641 grad_norm=2.1564 throughput=16.29 img/s eta_seconds=381.4 gpu_alloc=476.3MiB gpu_reserved=3472.0MiB skipped_batches=0
2026-08-16 09:53:47,692 | INFO | epoch=4 batch=1625 global_step=1233 loss_reg_months=5.8827 lr=0.00019641 grad_norm=1.8545 throughput=16.29 img/s eta_seconds=375.1 gpu_alloc=476.3MiB gpu_reserved=3472.0MiB skipped_batches=0
2026-08-16 09:53:53,627 | INFO | epoch=4 batch=1650 global_step=1236 loss_reg_months=5.8919 lr=0.00019641 grad_norm=2.2176 throughput=16.30 img/s eta_seconds=368.7 gpu_alloc=476.3MiB gpu_reserved=3472.0MiB skipped_batches=0
2026-08-16 09:53:59,558 | INFO | epoch=4 batch=1675 global_step=1239 loss_reg_months=5.8844 lr=0.00019641 grad_norm=1.1383 throughput=16.31 img/s eta_seconds=362.4 gpu_alloc=476.3MiB gpu_reserved=3472.0MiB skipped_batches=0
2026-08-16 09:54:05,445 | INFO | epoch=4 batch=1700 global_step=1241 loss_reg_months=5.8712 lr=0.00019641 grad_norm=1.5205 throughput=16.32 img/s eta_seconds=356.1 gpu_alloc=476.3MiB gpu_reserved=3472.0MiB skipped_batches=0
2026-08-16 09:54:11,398 | INFO | epoch=4 batch=1725 global_step=1244 loss_reg_months=5.8685 lr=0.00019641 grad_norm=1.2221 throughput=16.33 img/s eta_seconds=349.8 gpu_alloc=476.3MiB gpu_reserved=3472.0MiB skipped_batches=0
2026-08-16 09:54:17,318 | INFO | epoch=4 batch=1750 global_step=1247 loss_reg_months=5.8610 lr=0.00019641 grad_norm=1.6912 throughput=16.33 img/s eta_seconds=343.5 gpu_alloc=476.3MiB gpu_reserved=3472.0MiB skipped_batches=0
2026-08-16 09:54:23,238 | INFO | epoch=4 batch=1775 global_step=1250 loss_reg_months=5.8499 lr=0.00019641 grad_norm=1.1081 throughput=16.34 img/s eta_seconds=337.3 gpu_alloc=476.3MiB gpu_reserved=3472.0MiB skipped_batches=0
2026-08-16 09:54:29,170 | INFO | epoch=4 batch=1800 global_step=1253 loss_reg_months=5.8515 lr=0.00019641 grad_norm=1.7095 throughput=16.35 img/s eta_seconds=331.0 gpu_alloc=367.7MiB gpu_reserved=3472.0MiB skipped_batches=0
2026-08-16 09:54:35,068 | INFO | epoch=4 batch=1825 global_step=1255 loss_reg_months=5.8511 lr=0.00019641 grad_norm=1.6400 throughput=16.36 img/s eta_seconds=324.7 gpu_alloc=476.3MiB gpu_reserved=3472.0MiB skipped_batches=0
2026-08-16 09:54:41,005 | INFO | epoch=4 batch=1850 global_step=1258 loss_reg_months=5.8590 lr=0.00019641 grad_norm=1.7175 throughput=16.36 img/s eta_seconds=318.5 gpu_alloc=476.3MiB gpu_reserved=3472.0MiB skipped_batches=0
2026-08-16 09:54:46,931 | INFO | epoch=4 batch=1875 global_step=1261 loss_reg_months=5.8623 lr=0.00019641 grad_norm=1.2904 throughput=16.37 img/s eta_seconds=312.2 gpu_alloc=476.3MiB gpu_reserved=3472.0MiB skipped_batches=0
2026-08-16 09:54:52,874 | INFO | epoch=4 batch=1900 global_step=1264 loss_reg_months=5.8633 lr=0.00019641 grad_norm=1.8762 throughput=16.37 img/s eta_seconds=306.0 gpu_alloc=476.3MiB gpu_reserved=3472.0MiB skipped_batches=0
2026-08-16 09:54:58,773 | INFO | epoch=4 batch=1925 global_step=1266 loss_reg_months=5.8687 lr=0.00019641 grad_norm=1.2938 throughput=16.38 img/s eta_seconds=299.8 gpu_alloc=476.3MiB gpu_reserved=3472.0MiB skipped_batches=0
2026-08-16 09:55:04,746 | INFO | epoch=4 batch=1950 global_step=1269 loss_reg_months=5.8657 lr=0.00019641 grad_norm=1.7362 throughput=16.39 img/s eta_seconds=293.6 gpu_alloc=476.3MiB gpu_reserved=3472.0MiB skipped_batches=0
2026-08-16 09:55:10,694 | INFO | epoch=4 batch=1975 global_step=1272 loss_reg_months=5.8701 lr=0.00019641 grad_norm=1.5267 throughput=16.39 img/s eta_seconds=287.4 gpu_alloc=476.3MiB gpu_reserved=3472.0MiB skipped_batches=0
2026-08-16 09:55:16,636 | INFO | epoch=4 batch=2000 global_step=1275 loss_reg_months=5.8885 lr=0.00019641 grad_norm=2.3214 throughput=16.40 img/s eta_seconds=281.2 gpu_alloc=476.3MiB gpu_reserved=3472.0MiB skipped_batches=0
2026-08-16 09:55:22,559 | INFO | epoch=4 batch=2025 global_step=1278 loss_reg_months=5.8848 lr=0.00019641 grad_norm=2.1999 throughput=16.40 img/s eta_seconds=275.0 gpu_alloc=367.7MiB gpu_reserved=3472.0MiB skipped_batches=0
2026-08-16 09:55:28,472 | INFO | epoch=4 batch=2050 global_step=1280 loss_reg_months=5.8922 lr=0.00019641 grad_norm=2.3893 throughput=16.41 img/s eta_seconds=268.8 gpu_alloc=476.3MiB gpu_reserved=3472.0MiB skipped_batches=0
2026-08-16 09:55:34,402 | INFO | epoch=4 batch=2075 global_step=1283 loss_reg_months=5.8752 lr=0.00019641 grad_norm=1.1237 throughput=16.41 img/s eta_seconds=262.6 gpu_alloc=476.3MiB gpu_reserved=3472.0MiB skipped_batches=0
2026-08-16 09:55:40,329 | INFO | epoch=4 batch=2100 global_step=1286 loss_reg_months=5.8768 lr=0.00019641 grad_norm=1.8115 throughput=16.42 img/s eta_seconds=256.5 gpu_alloc=476.3MiB gpu_reserved=3472.0MiB skipped_batches=0
2026-08-16 09:55:46,279 | INFO | epoch=4 batch=2125 global_step=1289 loss_reg_months=5.8652 lr=0.00019641 grad_norm=1.6137 throughput=16.42 img/s eta_seconds=250.3 gpu_alloc=476.3MiB gpu_reserved=3472.0MiB skipped_batches=0
2026-08-16 09:55:52,171 | INFO | epoch=4 batch=2150 global_step=1291 loss_reg_months=5.8708 lr=0.00019641 grad_norm=2.4396 throughput=16.43 img/s eta_seconds=244.1 gpu_alloc=476.3MiB gpu_reserved=3472.0MiB skipped_batches=0
2026-08-16 09:55:58,101 | INFO | epoch=4 batch=2175 global_step=1294 loss_reg_months=5.8570 lr=0.00019641 grad_norm=1.0099 throughput=16.44 img/s eta_seconds=238.0 gpu_alloc=476.3MiB gpu_reserved=3472.0MiB skipped_batches=0
2026-08-16 09:56:04,032 | INFO | epoch=4 batch=2200 global_step=1297 loss_reg_months=5.8557 lr=0.00019641 grad_norm=1.3216 throughput=16.44 img/s eta_seconds=231.8 gpu_alloc=476.3MiB gpu_reserved=3472.0MiB skipped_batches=0
2026-08-16 09:56:09,955 | INFO | epoch=4 batch=2225 global_step=1300 loss_reg_months=5.8588 lr=0.00019641 grad_norm=1.2702 throughput=16.44 img/s eta_seconds=225.7 gpu_alloc=476.3MiB gpu_reserved=3472.0MiB skipped_batches=0
2026-08-16 09:56:15,897 | INFO | epoch=4 batch=2250 global_step=1303 loss_reg_months=5.8552 lr=0.00019641 grad_norm=1.1920 throughput=16.45 img/s eta_seconds=219.5 gpu_alloc=367.7MiB gpu_reserved=3472.0MiB skipped_batches=0
2026-08-16 09:56:21,829 | INFO | epoch=4 batch=2275 global_step=1305 loss_reg_months=5.8585 lr=0.00019641 grad_norm=1.5511 throughput=16.45 img/s eta_seconds=213.4 gpu_alloc=476.3MiB gpu_reserved=3472.0MiB skipped_batches=0
2026-08-16 09:56:27,775 | INFO | epoch=4 batch=2300 global_step=1308 loss_reg_months=5.8611 lr=0.00019641 grad_norm=1.8732 throughput=16.46 img/s eta_seconds=207.3 gpu_alloc=476.3MiB gpu_reserved=3472.0MiB skipped_batches=0
2026-08-16 09:56:33,662 | INFO | epoch=4 batch=2325 global_step=1311 loss_reg_months=5.8552 lr=0.00019641 grad_norm=1.2612 throughput=16.46 img/s eta_seconds=201.1 gpu_alloc=476.3MiB gpu_reserved=3472.0MiB skipped_batches=0
2026-08-16 09:56:39,579 | INFO | epoch=4 batch=2350 global_step=1314 loss_reg_months=5.8607 lr=0.00019641 grad_norm=2.8701 throughput=16.47 img/s eta_seconds=195.0 gpu_alloc=476.3MiB gpu_reserved=3472.0MiB skipped_batches=0
2026-08-16 09:56:45,900 | INFO | epoch=4 batch=2375 global_step=1316 loss_reg_months=5.8685 lr=0.00019641 grad_norm=1.1102 throughput=16.46 img/s eta_seconds=189.0 gpu_alloc=476.3MiB gpu_reserved=3472.0MiB skipped_batches=0
2026-08-16 09:56:52,057 | INFO | epoch=4 batch=2400 global_step=1319 loss_reg_months=5.8852 lr=0.00019641 grad_norm=1.5607 throughput=16.46 img/s eta_seconds=183.0 gpu_alloc=476.3MiB gpu_reserved=3472.0MiB skipped_batches=0
2026-08-16 09:56:58,223 | INFO | epoch=4 batch=2425 global_step=1322 loss_reg_months=5.8803 lr=0.00019641 grad_norm=0.9544 throughput=16.46 img/s eta_seconds=176.9 gpu_alloc=476.3MiB gpu_reserved=3472.0MiB skipped_batches=0
2026-08-16 09:57:04,338 | INFO | epoch=4 batch=2450 global_step=1325 loss_reg_months=5.8685 lr=0.00019641 grad_norm=1.7231 throughput=16.45 img/s eta_seconds=170.8 gpu_alloc=476.3MiB gpu_reserved=3472.0MiB skipped_batches=0
2026-08-16 09:57:10,502 | INFO | epoch=4 batch=2475 global_step=1328 loss_reg_months=5.8620 lr=0.00019641 grad_norm=1.0635 throughput=16.45 img/s eta_seconds=164.8 gpu_alloc=367.7MiB gpu_reserved=3472.0MiB skipped_batches=0
2026-08-16 09:57:16,994 | INFO | epoch=4 batch=2500 global_step=1330 loss_reg_months=5.8552 lr=0.00019641 grad_norm=1.2313 throughput=16.44 img/s eta_seconds=158.8 gpu_alloc=476.3MiB gpu_reserved=3472.0MiB skipped_batches=0
2026-08-16 09:57:23,394 | INFO | epoch=4 batch=2525 global_step=1333 loss_reg_months=5.8512 lr=0.00019641 grad_norm=2.6977 throughput=16.43 img/s eta_seconds=152.8 gpu_alloc=476.3MiB gpu_reserved=3472.0MiB skipped_batches=0
2026-08-16 09:57:29,644 | INFO | epoch=4 batch=2550 global_step=1336 loss_reg_months=5.8338 lr=0.00019641 grad_norm=1.1739 throughput=16.43 img/s eta_seconds=146.8 gpu_alloc=476.3MiB gpu_reserved=3472.0MiB skipped_batches=0
2026-08-16 09:57:36,072 | INFO | epoch=4 batch=2575 global_step=1339 loss_reg_months=5.8314 lr=0.00019641 grad_norm=0.8231 throughput=16.42 img/s eta_seconds=140.8 gpu_alloc=476.3MiB gpu_reserved=3472.0MiB skipped_batches=0
2026-08-16 09:57:42,284 | INFO | epoch=4 batch=2600 global_step=1341 loss_reg_months=5.8237 lr=0.00019641 grad_norm=2.1807 throughput=16.42 img/s eta_seconds=134.7 gpu_alloc=476.3MiB gpu_reserved=3472.0MiB skipped_batches=0
2026-08-16 09:57:48,330 | INFO | epoch=4 batch=2625 global_step=1344 loss_reg_months=5.8143 lr=0.00019641 grad_norm=2.0290 throughput=16.42 img/s eta_seconds=128.6 gpu_alloc=476.3MiB gpu_reserved=3472.0MiB skipped_batches=0
2026-08-16 09:57:54,168 | INFO | epoch=4 batch=2650 global_step=1347 loss_reg_months=5.7991 lr=0.00019641 grad_norm=1.2132 throughput=16.42 img/s eta_seconds=122.4 gpu_alloc=476.3MiB gpu_reserved=3472.0MiB skipped_batches=0
2026-08-16 09:58:00,349 | INFO | epoch=4 batch=2675 global_step=1350 loss_reg_months=5.7879 lr=0.00019641 grad_norm=1.2631 throughput=16.42 img/s eta_seconds=116.4 gpu_alloc=476.3MiB gpu_reserved=3472.0MiB skipped_batches=0
2026-08-16 09:58:06,475 | INFO | epoch=4 batch=2700 global_step=1353 loss_reg_months=5.7882 lr=0.00019641 grad_norm=1.6916 throughput=16.42 img/s eta_seconds=110.3 gpu_alloc=367.7MiB gpu_reserved=3472.0MiB skipped_batches=0
2026-08-16 09:58:12,601 | INFO | epoch=4 batch=2725 global_step=1355 loss_reg_months=5.7806 lr=0.00019641 grad_norm=1.1070 throughput=16.42 img/s eta_seconds=104.2 gpu_alloc=476.3MiB gpu_reserved=3472.0MiB skipped_batches=0
2026-08-16 09:58:18,923 | INFO | epoch=4 batch=2750 global_step=1358 loss_reg_months=5.7843 lr=0.00019641 grad_norm=1.1266 throughput=16.41 img/s eta_seconds=98.2 gpu_alloc=476.3MiB gpu_reserved=3472.0MiB skipped_batches=0
2026-08-16 09:58:24,872 | INFO | epoch=4 batch=2775 global_step=1361 loss_reg_months=5.7757 lr=0.00019641 grad_norm=1.6432 throughput=16.42 img/s eta_seconds=92.0 gpu_alloc=476.3MiB gpu_reserved=3472.0MiB skipped_batches=0
2026-08-16 09:58:30,984 | INFO | epoch=4 batch=2800 global_step=1364 loss_reg_months=5.7781 lr=0.00019641 grad_norm=1.4393 throughput=16.42 img/s eta_seconds=85.9 gpu_alloc=476.3MiB gpu_reserved=3472.0MiB skipped_batches=0
2026-08-16 09:58:36,867 | INFO | epoch=4 batch=2825 global_step=1366 loss_reg_months=5.7844 lr=0.00019641 grad_norm=1.6201 throughput=16.42 img/s eta_seconds=79.8 gpu_alloc=476.3MiB gpu_reserved=3472.0MiB skipped_batches=0
2026-08-16 09:58:43,175 | INFO | epoch=4 batch=2850 global_step=1369 loss_reg_months=5.7872 lr=0.00019641 grad_norm=1.6196 throughput=16.42 img/s eta_seconds=73.8 gpu_alloc=476.3MiB gpu_reserved=3472.0MiB skipped_batches=0
2026-08-16 09:58:49,128 | INFO | epoch=4 batch=2875 global_step=1372 loss_reg_months=5.7813 lr=0.00019641 grad_norm=0.9633 throughput=16.42 img/s eta_seconds=67.7 gpu_alloc=476.3MiB gpu_reserved=3472.0MiB skipped_batches=0
2026-08-16 09:58:55,215 | INFO | epoch=4 batch=2900 global_step=1375 loss_reg_months=5.7769 lr=0.00019641 grad_norm=0.9805 throughput=16.42 img/s eta_seconds=61.6 gpu_alloc=476.3MiB gpu_reserved=3472.0MiB skipped_batches=0
2026-08-16 09:59:01,425 | INFO | epoch=4 batch=2925 global_step=1378 loss_reg_months=5.7790 lr=0.00019641 grad_norm=0.9841 throughput=16.42 img/s eta_seconds=55.5 gpu_alloc=367.7MiB gpu_reserved=3472.0MiB skipped_batches=0
2026-08-16 09:59:07,619 | INFO | epoch=4 batch=2950 global_step=1380 loss_reg_months=5.7786 lr=0.00019641 grad_norm=2.1287 throughput=16.41 img/s eta_seconds=49.4 gpu_alloc=476.3MiB gpu_reserved=3472.0MiB skipped_batches=0
2026-08-16 09:59:14,283 | INFO | epoch=4 batch=2975 global_step=1383 loss_reg_months=5.7724 lr=0.00019641 grad_norm=1.5769 throughput=16.40 img/s eta_seconds=43.3 gpu_alloc=476.3MiB gpu_reserved=3472.0MiB skipped_batches=0
2026-08-16 09:59:21,717 | INFO | epoch=4 batch=3000 global_step=1386 loss_reg_months=5.7773 lr=0.00019641 grad_norm=2.4779 throughput=16.37 img/s eta_seconds=37.3 gpu_alloc=476.3MiB gpu_reserved=3472.0MiB skipped_batches=0
2026-08-16 09:59:28,036 | INFO | epoch=4 batch=3025 global_step=1389 loss_reg_months=5.7719 lr=0.00019641 grad_norm=1.1184 throughput=16.37 img/s eta_seconds=31.2 gpu_alloc=476.3MiB gpu_reserved=3472.0MiB skipped_batches=0
2026-08-16 09:59:34,106 | INFO | epoch=4 batch=3050 global_step=1391 loss_reg_months=5.7645 lr=0.00019641 grad_norm=2.2333 throughput=16.37 img/s eta_seconds=25.1 gpu_alloc=476.3MiB gpu_reserved=3472.0MiB skipped_batches=0
2026-08-16 09:59:40,104 | INFO | epoch=4 batch=3075 global_step=1394 loss_reg_months=5.7700 lr=0.00019641 grad_norm=2.5717 throughput=16.37 img/s eta_seconds=19.0 gpu_alloc=476.3MiB gpu_reserved=3472.0MiB skipped_batches=0
2026-08-16 09:59:46,111 | INFO | epoch=4 batch=3100 global_step=1397 loss_reg_months=5.7665 lr=0.00019641 grad_norm=1.6435 throughput=16.37 img/s eta_seconds=12.9 gpu_alloc=476.3MiB gpu_reserved=3472.0MiB skipped_batches=0
2026-08-16 09:59:52,383 | INFO | epoch=4 batch=3125 global_step=1400 loss_reg_months=5.7651 lr=0.00019641 grad_norm=2.8689 throughput=16.37 img/s eta_seconds=6.8 gpu_alloc=476.3MiB gpu_reserved=3472.0MiB skipped_batches=0
2026-08-16 09:59:58,893 | INFO | epoch=4 batch=3150 global_step=1403 loss_reg_months=5.7585 lr=0.00019641 grad_norm=1.3442 throughput=16.36 img/s eta_seconds=0.7 gpu_alloc=367.7MiB gpu_reserved=3472.0MiB skipped_batches=0
2026-08-16 10:00:48,561 | WARNING | STABILITY WARNING [CAM] Prediction vượt nhẹ miền tuổi 0–228: [-0.18, 224.00]
2026-08-16 10:00:48,564 | INFO | 
TRAINING REVIEW SNAPSHOT
Run ID / config hash / split hash: P6_D0_CONVNEXT_TINY_768_SEED42 / 0e80cf6f780f / 7328667e6822+f650a20432b5
Epoch / global step: 4 / 1404
Train loss: 5.7580
Validation MAE / RMSE / median AE: 8.0782 / 10.2672 / 7.0000
MAE nam / nữ / age bins: {'F': 8.354784257572852, 'M': 7.844841526520052} / {'0-59': 7.575870595079787, '120-179': 8.765142150803461, '60-119': 7.066624365482234, '180-228': 7.21875}
Learning rate / peak VRAM: 0.00019641 / 3472.0 MiB
Best epoch / best MAE / epochs không cải thiện: 2 / 6.7533 / 2
Cảnh báo hiện tại: CAM: Prediction vượt nhẹ miền tuổi 0–228: [-0.18, 224.00]
Checkpoint gần nhất: p1_baseline\runs\P6_D0_CONVNEXT_TINY_768_SEED42\last.ckpt
Checkpoint tốt nhất: p1_baseline\runs\P6_D0_CONVNEXT_TINY_768_SEED42\best_mae.ckpt
Đề xuất tự động: THEO DÕI
2026-08-16 10:01:05,372 | INFO | epoch=5 batch=25 global_step=1406 loss_reg_months=6.2300 lr=0.00019366 grad_norm=2.2326 throughput=6.77 img/s eta_seconds=1848.2 gpu_alloc=476.3MiB gpu_reserved=3472.0MiB skipped_batches=0
2026-08-16 10:01:11,640 | INFO | epoch=5 batch=50 global_step=1409 loss_reg_months=5.8861 lr=0.00019366 grad_norm=1.4596 throughput=9.51 img/s eta_seconds=1305.7 gpu_alloc=476.3MiB gpu_reserved=3472.0MiB skipped_batches=0
2026-08-16 10:01:17,542 | INFO | epoch=5 batch=75 global_step=1412 loss_reg_months=5.9782 lr=0.00019366 grad_norm=1.9567 throughput=11.13 img/s eta_seconds=1105.6 gpu_alloc=476.3MiB gpu_reserved=3472.0MiB skipped_batches=0
2026-08-16 10:01:23,310 | INFO | epoch=5 batch=100 global_step=1415 loss_reg_months=5.8780 lr=0.00019366 grad_norm=1.2806 throughput=12.23 img/s eta_seconds=998.6 gpu_alloc=476.3MiB gpu_reserved=3472.0MiB skipped_batches=0
2026-08-16 10:01:29,029 | INFO | epoch=5 batch=125 global_step=1417 loss_reg_months=5.7204 lr=0.00019366 grad_norm=1.1327 throughput=13.01 img/s eta_seconds=930.9 gpu_alloc=476.3MiB gpu_reserved=3472.0MiB skipped_batches=0
2026-08-16 10:01:34,808 | INFO | epoch=5 batch=150 global_step=1420 loss_reg_months=5.8023 lr=0.00019366 grad_norm=2.4644 throughput=13.57 img/s eta_seconds=885.0 gpu_alloc=476.3MiB gpu_reserved=3472.0MiB skipped_batches=0
2026-08-16 10:01:40,575 | INFO | epoch=5 batch=175 global_step=1423 loss_reg_months=5.7327 lr=0.00019366 grad_norm=1.4083 throughput=14.01 img/s eta_seconds=850.4 gpu_alloc=476.3MiB gpu_reserved=3472.0MiB skipped_batches=0
2026-08-16 10:01:46,562 | INFO | epoch=5 batch=200 global_step=1426 loss_reg_months=5.7353 lr=0.00019366 grad_norm=1.4879 throughput=14.30 img/s eta_seconds=826.2 gpu_alloc=476.3MiB gpu_reserved=3472.0MiB skipped_batches=0
2026-08-16 10:01:52,741 | INFO | epoch=5 batch=225 global_step=1429 loss_reg_months=5.5849 lr=0.00019366 grad_norm=1.5776 throughput=14.48 img/s eta_seconds=808.6 gpu_alloc=367.7MiB gpu_reserved=3472.0MiB skipped_batches=0
2026-08-16 10:01:58,718 | INFO | epoch=5 batch=250 global_step=1431 loss_reg_months=5.6433 lr=0.00019366 grad_norm=2.0722 throughput=14.68 img/s eta_seconds=790.9 gpu_alloc=476.3MiB gpu_reserved=3472.0MiB skipped_batches=0
2026-08-16 10:02:04,779 | INFO | epoch=5 batch=275 global_step=1434 loss_reg_months=5.7686 lr=0.00019366 grad_norm=2.9439 throughput=14.83 img/s eta_seconds=776.3 gpu_alloc=476.3MiB gpu_reserved=3472.0MiB skipped_batches=0
2026-08-16 10:02:10,865 | INFO | epoch=5 batch=300 global_step=1437 loss_reg_months=5.6437 lr=0.00019366 grad_norm=0.9112 throughput=14.95 img/s eta_seconds=763.3 gpu_alloc=476.3MiB gpu_reserved=3472.0MiB skipped_batches=0
2026-08-16 10:02:17,049 | INFO | epoch=5 batch=325 global_step=1440 loss_reg_months=5.6831 lr=0.00019366 grad_norm=1.2301 throughput=15.04 img/s eta_seconds=752.2 gpu_alloc=476.3MiB gpu_reserved=3472.0MiB skipped_batches=0
2026-08-16 10:02:23,067 | INFO | epoch=5 batch=350 global_step=1442 loss_reg_months=5.5931 lr=0.00019366 grad_norm=0.9687 throughput=15.14 img/s eta_seconds=740.5 gpu_alloc=476.3MiB gpu_reserved=3472.0MiB skipped_batches=0
2026-08-16 10:02:28,840 | INFO | epoch=5 batch=375 global_step=1445 loss_reg_months=5.5959 lr=0.00019366 grad_norm=1.4612 throughput=15.27 img/s eta_seconds=727.7 gpu_alloc=476.3MiB gpu_reserved=3472.0MiB skipped_batches=0
2026-08-16 10:02:34,679 | INFO | epoch=5 batch=400 global_step=1448 loss_reg_months=5.6113 lr=0.00019366 grad_norm=1.6565 throughput=15.37 img/s eta_seconds=716.3 gpu_alloc=476.3MiB gpu_reserved=3472.0MiB skipped_batches=0
2026-08-16 10:02:40,857 | INFO | epoch=5 batch=425 global_step=1451 loss_reg_months=5.6235 lr=0.00019366 grad_norm=1.3973 throughput=15.42 img/s eta_seconds=707.7 gpu_alloc=476.3MiB gpu_reserved=3472.0MiB skipped_batches=0
2026-08-16 10:02:46,799 | INFO | epoch=5 batch=450 global_step=1454 loss_reg_months=5.6307 lr=0.00019366 grad_norm=2.4235 throughput=15.49 img/s eta_seconds=697.9 gpu_alloc=367.7MiB gpu_reserved=3472.0MiB skipped_batches=0
2026-08-16 10:02:52,693 | INFO | epoch=5 batch=475 global_step=1456 loss_reg_months=5.6166 lr=0.00019366 grad_norm=1.2806 throughput=15.56 img/s eta_seconds=688.3 gpu_alloc=476.3MiB gpu_reserved=3472.0MiB skipped_batches=0
2026-08-16 10:02:58,643 | INFO | epoch=5 batch=500 global_step=1459 loss_reg_months=5.6720 lr=0.00019366 grad_norm=2.9684 throughput=15.62 img/s eta_seconds=679.3 gpu_alloc=476.3MiB gpu_reserved=3472.0MiB skipped_batches=0
2026-08-16 10:03:04,380 | INFO | epoch=5 batch=525 global_step=1462 loss_reg_months=5.7220 lr=0.00019366 grad_norm=2.0948 throughput=15.70 img/s eta_seconds=669.6 gpu_alloc=476.3MiB gpu_reserved=3472.0MiB skipped_batches=0
2026-08-16 10:03:10,104 | INFO | epoch=5 batch=550 global_step=1465 loss_reg_months=5.7178 lr=0.00019366 grad_norm=1.2099 throughput=15.77 img/s eta_seconds=660.2 gpu_alloc=476.3MiB gpu_reserved=3472.0MiB skipped_batches=0
2026-08-16 10:03:15,782 | INFO | epoch=5 batch=575 global_step=1467 loss_reg_months=5.7098 lr=0.00019366 grad_norm=1.7209 throughput=15.84 img/s eta_seconds=650.9 gpu_alloc=476.3MiB gpu_reserved=3472.0MiB skipped_batches=0
2026-08-16 10:03:21,527 | INFO | epoch=5 batch=600 global_step=1470 loss_reg_months=5.7599 lr=0.00019366 grad_norm=1.8223 throughput=15.90 img/s eta_seconds=642.1 gpu_alloc=476.3MiB gpu_reserved=3472.0MiB skipped_batches=0
2026-08-16 10:03:27,310 | INFO | epoch=5 batch=625 global_step=1473 loss_reg_months=5.7944 lr=0.00019366 grad_norm=2.1083 throughput=15.95 img/s eta_seconds=633.8 gpu_alloc=476.3MiB gpu_reserved=3472.0MiB skipped_batches=0
2026-08-16 10:03:33,082 | INFO | epoch=5 batch=650 global_step=1476 loss_reg_months=5.7672 lr=0.00019366 grad_norm=1.3180 throughput=16.00 img/s eta_seconds=625.6 gpu_alloc=476.3MiB gpu_reserved=3472.0MiB skipped_batches=0
2026-08-16 10:03:38,840 | INFO | epoch=5 batch=675 global_step=1479 loss_reg_months=5.7945 lr=0.00019366 grad_norm=1.9209 throughput=16.05 img/s eta_seconds=617.6 gpu_alloc=367.7MiB gpu_reserved=3472.0MiB skipped_batches=0
2026-08-16 10:03:44,567 | INFO | epoch=5 batch=700 global_step=1481 loss_reg_months=5.7440 lr=0.00019366 grad_norm=0.9877 throughput=16.09 img/s eta_seconds=609.6 gpu_alloc=476.3MiB gpu_reserved=3472.0MiB skipped_batches=0
2026-08-16 10:03:50,338 | INFO | epoch=5 batch=725 global_step=1484 loss_reg_months=5.7027 lr=0.00019366 grad_norm=0.9490 throughput=16.13 img/s eta_seconds=601.9 gpu_alloc=476.3MiB gpu_reserved=3472.0MiB skipped_batches=0
2026-08-16 10:03:56,064 | INFO | epoch=5 batch=750 global_step=1487 loss_reg_months=5.7148 lr=0.00019366 grad_norm=0.9868 throughput=16.18 img/s eta_seconds=594.2 gpu_alloc=476.3MiB gpu_reserved=3472.0MiB skipped_batches=0
2026-08-16 10:04:01,845 | INFO | epoch=5 batch=775 global_step=1490 loss_reg_months=5.7384 lr=0.00019366 grad_norm=2.2587 throughput=16.21 img/s eta_seconds=586.8 gpu_alloc=476.3MiB gpu_reserved=3472.0MiB skipped_batches=0
2026-08-16 10:04:08,230 | INFO | epoch=5 batch=800 global_step=1492 loss_reg_months=5.7545 lr=0.00019366 grad_norm=2.4374 throughput=16.19 img/s eta_seconds=581.2 gpu_alloc=476.3MiB gpu_reserved=3472.0MiB skipped_batches=0
2026-08-16 10:04:14,472 | INFO | epoch=5 batch=825 global_step=1495 loss_reg_months=5.7702 lr=0.00019366 grad_norm=0.7907 throughput=16.19 img/s eta_seconds=575.2 gpu_alloc=476.3MiB gpu_reserved=3472.0MiB skipped_batches=0
2026-08-16 10:04:20,325 | INFO | epoch=5 batch=850 global_step=1498 loss_reg_months=5.7988 lr=0.00019366 grad_norm=1.5393 throughput=16.21 img/s eta_seconds=568.2 gpu_alloc=476.3MiB gpu_reserved=3472.0MiB skipped_batches=0
2026-08-16 10:04:27,529 | INFO | epoch=5 batch=875 global_step=1501 loss_reg_months=5.7972 lr=0.00019366 grad_norm=1.2507 throughput=16.13 img/s eta_seconds=564.7 gpu_alloc=476.3MiB gpu_reserved=3472.0MiB skipped_batches=0
2026-08-16 10:04:34,175 | INFO | epoch=5 batch=900 global_step=1504 loss_reg_months=5.7704 lr=0.00019366 grad_norm=1.3834 throughput=16.10 img/s eta_seconds=559.6 gpu_alloc=367.7MiB gpu_reserved=3472.0MiB skipped_batches=0
2026-08-16 10:04:40,377 | INFO | epoch=5 batch=925 global_step=1506 loss_reg_months=5.7583 lr=0.00019366 grad_norm=0.9524 throughput=16.10 img/s eta_seconds=553.4 gpu_alloc=476.3MiB gpu_reserved=3472.0MiB skipped_batches=0
2026-08-16 10:04:46,184 | INFO | epoch=5 batch=950 global_step=1509 loss_reg_months=5.7590 lr=0.00019366 grad_norm=1.8155 throughput=16.13 img/s eta_seconds=546.2 gpu_alloc=476.3MiB gpu_reserved=3472.0MiB skipped_batches=0
2026-08-16 10:04:52,157 | INFO | epoch=5 batch=975 global_step=1512 loss_reg_months=5.7470 lr=0.00019366 grad_norm=1.6943 throughput=16.15 img/s eta_seconds=539.5 gpu_alloc=476.3MiB gpu_reserved=3472.0MiB skipped_batches=0
2026-08-16 10:04:58,228 | INFO | epoch=5 batch=1000 global_step=1515 loss_reg_months=5.7531 lr=0.00019366 grad_norm=1.8543 throughput=16.15 img/s eta_seconds=533.1 gpu_alloc=476.3MiB gpu_reserved=3472.0MiB skipped_batches=0
2026-08-16 10:05:04,188 | INFO | epoch=5 batch=1025 global_step=1517 loss_reg_months=5.7608 lr=0.00019366 grad_norm=1.6448 throughput=16.17 img/s eta_seconds=526.4 gpu_alloc=476.3MiB gpu_reserved=3472.0MiB skipped_batches=0
2026-08-16 10:05:10,062 | INFO | epoch=5 batch=1050 global_step=1520 loss_reg_months=5.7575 lr=0.00019366 grad_norm=2.5424 throughput=16.19 img/s eta_seconds=519.6 gpu_alloc=476.3MiB gpu_reserved=3472.0MiB skipped_batches=0
2026-08-16 10:05:16,168 | INFO | epoch=5 batch=1075 global_step=1523 loss_reg_months=5.7498 lr=0.00019366 grad_norm=1.2390 throughput=16.19 img/s eta_seconds=513.3 gpu_alloc=476.3MiB gpu_reserved=3472.0MiB skipped_batches=0
2026-08-16 10:05:22,043 | INFO | epoch=5 batch=1100 global_step=1526 loss_reg_months=5.7402 lr=0.00019366 grad_norm=1.3224 throughput=16.21 img/s eta_seconds=506.6 gpu_alloc=476.3MiB gpu_reserved=3472.0MiB skipped_batches=0
2026-08-16 10:05:28,009 | INFO | epoch=5 batch=1125 global_step=1529 loss_reg_months=5.7264 lr=0.00019366 grad_norm=1.7109 throughput=16.22 img/s eta_seconds=500.0 gpu_alloc=367.7MiB gpu_reserved=3472.0MiB skipped_batches=0
2026-08-16 10:05:33,994 | INFO | epoch=5 batch=1150 global_step=1531 loss_reg_months=5.7533 lr=0.00019366 grad_norm=1.3827 throughput=16.23 img/s eta_seconds=493.5 gpu_alloc=476.3MiB gpu_reserved=3472.0MiB skipped_batches=0
2026-08-16 10:05:39,866 | INFO | epoch=5 batch=1175 global_step=1534 loss_reg_months=5.7584 lr=0.00019366 grad_norm=1.2505 throughput=16.25 img/s eta_seconds=486.9 gpu_alloc=476.3MiB gpu_reserved=3472.0MiB skipped_batches=0
2026-08-16 10:05:45,743 | INFO | epoch=5 batch=1200 global_step=1537 loss_reg_months=5.7481 lr=0.00019366 grad_norm=0.9361 throughput=16.26 img/s eta_seconds=480.3 gpu_alloc=476.3MiB gpu_reserved=3472.0MiB skipped_batches=0
2026-08-16 10:05:52,028 | INFO | epoch=5 batch=1225 global_step=1540 loss_reg_months=5.7383 lr=0.00019366 grad_norm=1.2222 throughput=16.26 img/s eta_seconds=474.4 gpu_alloc=476.3MiB gpu_reserved=3472.0MiB skipped_batches=0
2026-08-16 10:05:57,794 | INFO | epoch=5 batch=1250 global_step=1542 loss_reg_months=5.7393 lr=0.00019366 grad_norm=2.0691 throughput=16.28 img/s eta_seconds=467.6 gpu_alloc=476.3MiB gpu_reserved=3472.0MiB skipped_batches=0
2026-08-16 10:06:03,585 | INFO | epoch=5 batch=1275 global_step=1545 loss_reg_months=5.7363 lr=0.00019366 grad_norm=1.9752 throughput=16.29 img/s eta_seconds=460.9 gpu_alloc=476.3MiB gpu_reserved=3472.0MiB skipped_batches=0
2026-08-16 10:06:09,375 | INFO | epoch=5 batch=1300 global_step=1548 loss_reg_months=5.7229 lr=0.00019366 grad_norm=1.3251 throughput=16.31 img/s eta_seconds=454.3 gpu_alloc=476.3MiB gpu_reserved=3472.0MiB skipped_batches=0
2026-08-16 10:06:15,204 | INFO | epoch=5 batch=1325 global_step=1551 loss_reg_months=5.7136 lr=0.00019366 grad_norm=1.1301 throughput=16.33 img/s eta_seconds=447.8 gpu_alloc=476.3MiB gpu_reserved=3472.0MiB skipped_batches=0
2026-08-16 10:06:21,123 | INFO | epoch=5 batch=1350 global_step=1554 loss_reg_months=5.7140 lr=0.00019366 grad_norm=1.5354 throughput=16.34 img/s eta_seconds=441.4 gpu_alloc=367.7MiB gpu_reserved=3472.0MiB skipped_batches=0
2026-08-16 10:06:27,266 | INFO | epoch=5 batch=1375 global_step=1556 loss_reg_months=5.7051 lr=0.00019366 grad_norm=1.2680 throughput=16.34 img/s eta_seconds=435.3 gpu_alloc=476.3MiB gpu_reserved=3472.0MiB skipped_batches=0
2026-08-16 10:06:33,154 | INFO | epoch=5 batch=1400 global_step=1559 loss_reg_months=5.6992 lr=0.00019366 grad_norm=2.3172 throughput=16.35 img/s eta_seconds=428.9 gpu_alloc=476.3MiB gpu_reserved=3472.0MiB skipped_batches=0
2026-08-16 10:06:39,043 | INFO | epoch=5 batch=1425 global_step=1562 loss_reg_months=5.6781 lr=0.00019366 grad_norm=1.6697 throughput=16.36 img/s eta_seconds=422.5 gpu_alloc=476.3MiB gpu_reserved=3472.0MiB skipped_batches=0
2026-08-16 10:06:45,187 | INFO | epoch=5 batch=1450 global_step=1565 loss_reg_months=5.6606 lr=0.00019366 grad_norm=1.2017 throughput=16.36 img/s eta_seconds=416.4 gpu_alloc=476.3MiB gpu_reserved=3472.0MiB skipped_batches=0
2026-08-16 10:06:50,965 | INFO | epoch=5 batch=1475 global_step=1567 loss_reg_months=5.6493 lr=0.00019366 grad_norm=1.1764 throughput=16.37 img/s eta_seconds=409.9 gpu_alloc=476.3MiB gpu_reserved=3472.0MiB skipped_batches=0
2026-08-16 10:06:56,698 | INFO | epoch=5 batch=1500 global_step=1570 loss_reg_months=5.6604 lr=0.00019366 grad_norm=1.2009 throughput=16.39 img/s eta_seconds=403.4 gpu_alloc=476.3MiB gpu_reserved=3472.0MiB skipped_batches=0
2026-08-16 10:07:02,427 | INFO | epoch=5 batch=1525 global_step=1573 loss_reg_months=5.6467 lr=0.00019366 grad_norm=1.5345 throughput=16.41 img/s eta_seconds=396.9 gpu_alloc=476.3MiB gpu_reserved=3472.0MiB skipped_batches=0
2026-08-16 10:07:08,174 | INFO | epoch=5 batch=1550 global_step=1576 loss_reg_months=5.6343 lr=0.00019366 grad_norm=1.4227 throughput=16.42 img/s eta_seconds=390.4 gpu_alloc=476.3MiB gpu_reserved=3472.0MiB skipped_batches=0
2026-08-16 10:07:13,877 | INFO | epoch=5 batch=1575 global_step=1579 loss_reg_months=5.6357 lr=0.00019366 grad_norm=2.3572 throughput=16.44 img/s eta_seconds=383.9 gpu_alloc=367.7MiB gpu_reserved=3472.0MiB skipped_batches=0
2026-08-16 10:07:19,621 | INFO | epoch=5 batch=1600 global_step=1581 loss_reg_months=5.6338 lr=0.00019366 grad_norm=0.9513 throughput=16.45 img/s eta_seconds=377.5 gpu_alloc=476.3MiB gpu_reserved=3472.0MiB skipped_batches=0
2026-08-16 10:07:25,618 | INFO | epoch=5 batch=1625 global_step=1584 loss_reg_months=5.6532 lr=0.00019366 grad_norm=1.3723 throughput=16.45 img/s eta_seconds=371.4 gpu_alloc=476.3MiB gpu_reserved=3472.0MiB skipped_batches=0
2026-08-16 10:07:31,816 | INFO | epoch=5 batch=1650 global_step=1587 loss_reg_months=5.6294 lr=0.00019366 grad_norm=1.2683 throughput=16.45 img/s eta_seconds=365.4 gpu_alloc=476.3MiB gpu_reserved=3472.0MiB skipped_batches=0
2026-08-16 10:07:37,665 | INFO | epoch=5 batch=1675 global_step=1590 loss_reg_months=5.6328 lr=0.00019366 grad_norm=1.0646 throughput=16.46 img/s eta_seconds=359.1 gpu_alloc=476.3MiB gpu_reserved=3472.0MiB skipped_batches=0
2026-08-16 10:07:43,484 | INFO | epoch=5 batch=1700 global_step=1592 loss_reg_months=5.6353 lr=0.00019366 grad_norm=1.5172 throughput=16.47 img/s eta_seconds=352.8 gpu_alloc=476.3MiB gpu_reserved=3472.0MiB skipped_batches=0
2026-08-16 10:07:49,364 | INFO | epoch=5 batch=1725 global_step=1595 loss_reg_months=5.6452 lr=0.00019366 grad_norm=1.0319 throughput=16.48 img/s eta_seconds=346.6 gpu_alloc=476.3MiB gpu_reserved=3472.0MiB skipped_batches=0
2026-08-16 10:07:55,291 | INFO | epoch=5 batch=1750 global_step=1598 loss_reg_months=5.6540 lr=0.00019366 grad_norm=1.5118 throughput=16.48 img/s eta_seconds=340.4 gpu_alloc=476.3MiB gpu_reserved=3472.0MiB skipped_batches=0
2026-08-16 10:08:01,263 | INFO | epoch=5 batch=1775 global_step=1601 loss_reg_months=5.6482 lr=0.00019366 grad_norm=1.3905 throughput=16.49 img/s eta_seconds=334.3 gpu_alloc=476.3MiB gpu_reserved=3472.0MiB skipped_batches=0
2026-08-16 10:08:07,367 | INFO | epoch=5 batch=1800 global_step=1604 loss_reg_months=5.6505 lr=0.00019366 grad_norm=2.5378 throughput=16.48 img/s eta_seconds=328.2 gpu_alloc=367.7MiB gpu_reserved=3472.0MiB skipped_batches=0
2026-08-16 10:08:13,165 | INFO | epoch=5 batch=1825 global_step=1606 loss_reg_months=5.6452 lr=0.00019366 grad_norm=1.5766 throughput=16.49 img/s eta_seconds=322.0 gpu_alloc=476.3MiB gpu_reserved=3472.0MiB skipped_batches=0
2026-08-16 10:08:18,974 | INFO | epoch=5 batch=1850 global_step=1609 loss_reg_months=5.6430 lr=0.00019366 grad_norm=1.8219 throughput=16.50 img/s eta_seconds=315.7 gpu_alloc=476.3MiB gpu_reserved=3472.0MiB skipped_batches=0
2026-08-16 10:08:24,807 | INFO | epoch=5 batch=1875 global_step=1612 loss_reg_months=5.6424 lr=0.00019366 grad_norm=1.0941 throughput=16.51 img/s eta_seconds=309.5 gpu_alloc=476.3MiB gpu_reserved=3472.0MiB skipped_batches=0
2026-08-16 10:08:30,962 | INFO | epoch=5 batch=1900 global_step=1615 loss_reg_months=5.6233 lr=0.00019366 grad_norm=2.2495 throughput=16.51 img/s eta_seconds=303.5 gpu_alloc=476.3MiB gpu_reserved=3472.0MiB skipped_batches=0
2026-08-16 10:08:36,837 | INFO | epoch=5 batch=1925 global_step=1617 loss_reg_months=5.6161 lr=0.00019366 grad_norm=1.5221 throughput=16.52 img/s eta_seconds=297.4 gpu_alloc=476.3MiB gpu_reserved=3472.0MiB skipped_batches=0
2026-08-16 10:08:42,608 | INFO | epoch=5 batch=1950 global_step=1620 loss_reg_months=5.6224 lr=0.00019366 grad_norm=1.6315 throughput=16.53 img/s eta_seconds=291.1 gpu_alloc=476.3MiB gpu_reserved=3472.0MiB skipped_batches=0
2026-08-16 10:08:48,429 | INFO | epoch=5 batch=1975 global_step=1623 loss_reg_months=5.6275 lr=0.00019366 grad_norm=1.3145 throughput=16.53 img/s eta_seconds=284.9 gpu_alloc=476.3MiB gpu_reserved=3472.0MiB skipped_batches=0
2026-08-16 10:08:54,165 | INFO | epoch=5 batch=2000 global_step=1626 loss_reg_months=5.6374 lr=0.00019366 grad_norm=2.5491 throughput=16.54 img/s eta_seconds=278.7 gpu_alloc=476.3MiB gpu_reserved=3472.0MiB skipped_batches=0
2026-08-16 10:08:59,892 | INFO | epoch=5 batch=2025 global_step=1629 loss_reg_months=5.6450 lr=0.00019366 grad_norm=1.9045 throughput=16.55 img/s eta_seconds=272.5 gpu_alloc=367.7MiB gpu_reserved=3472.0MiB skipped_batches=0
2026-08-16 10:09:05,690 | INFO | epoch=5 batch=2050 global_step=1631 loss_reg_months=5.6484 lr=0.00019366 grad_norm=1.7261 throughput=16.56 img/s eta_seconds=266.3 gpu_alloc=476.3MiB gpu_reserved=3472.0MiB skipped_batches=0
2026-08-16 10:09:11,454 | INFO | epoch=5 batch=2075 global_step=1634 loss_reg_months=5.6454 lr=0.00019366 grad_norm=0.9555 throughput=16.57 img/s eta_seconds=260.1 gpu_alloc=476.3MiB gpu_reserved=3472.0MiB skipped_batches=0
2026-08-16 10:09:17,171 | INFO | epoch=5 batch=2100 global_step=1637 loss_reg_months=5.6467 lr=0.00019366 grad_norm=1.0966 throughput=16.58 img/s eta_seconds=253.9 gpu_alloc=476.3MiB gpu_reserved=3472.0MiB skipped_batches=0
2026-08-16 10:09:22,942 | INFO | epoch=5 batch=2125 global_step=1640 loss_reg_months=5.6424 lr=0.00019366 grad_norm=1.0481 throughput=16.59 img/s eta_seconds=247.8 gpu_alloc=476.3MiB gpu_reserved=3472.0MiB skipped_batches=0
2026-08-16 10:09:28,707 | INFO | epoch=5 batch=2150 global_step=1642 loss_reg_months=5.6375 lr=0.00019366 grad_norm=0.8613 throughput=16.60 img/s eta_seconds=241.6 gpu_alloc=476.3MiB gpu_reserved=3472.0MiB skipped_batches=0
2026-08-16 10:09:34,489 | INFO | epoch=5 batch=2175 global_step=1645 loss_reg_months=5.6401 lr=0.00019366 grad_norm=1.1831 throughput=16.61 img/s eta_seconds=235.5 gpu_alloc=476.3MiB gpu_reserved=3472.0MiB skipped_batches=0
2026-08-16 10:09:40,274 | INFO | epoch=5 batch=2200 global_step=1648 loss_reg_months=5.6401 lr=0.00019366 grad_norm=1.2291 throughput=16.61 img/s eta_seconds=229.4 gpu_alloc=476.3MiB gpu_reserved=3472.0MiB skipped_batches=0
2026-08-16 10:09:46,029 | INFO | epoch=5 batch=2225 global_step=1651 loss_reg_months=5.6476 lr=0.00019366 grad_norm=2.6987 throughput=16.62 img/s eta_seconds=223.3 gpu_alloc=476.3MiB gpu_reserved=3472.0MiB skipped_batches=0
2026-08-16 10:09:51,786 | INFO | epoch=5 batch=2250 global_step=1654 loss_reg_months=5.6566 lr=0.00019366 grad_norm=1.5729 throughput=16.63 img/s eta_seconds=217.1 gpu_alloc=367.7MiB gpu_reserved=3472.0MiB skipped_batches=0
2026-08-16 10:09:57,529 | INFO | epoch=5 batch=2275 global_step=1656 loss_reg_months=5.6629 lr=0.00019366 grad_norm=1.6679 throughput=16.64 img/s eta_seconds=211.0 gpu_alloc=476.3MiB gpu_reserved=3472.0MiB skipped_batches=0
2026-08-16 10:10:03,373 | INFO | epoch=5 batch=2300 global_step=1659 loss_reg_months=5.6637 lr=0.00019366 grad_norm=1.6263 throughput=16.64 img/s eta_seconds=204.9 gpu_alloc=476.3MiB gpu_reserved=3472.0MiB skipped_batches=0
2026-08-16 10:10:09,330 | INFO | epoch=5 batch=2325 global_step=1662 loss_reg_months=5.6675 lr=0.00019366 grad_norm=2.4575 throughput=16.64 img/s eta_seconds=198.9 gpu_alloc=476.3MiB gpu_reserved=3472.0MiB skipped_batches=0
2026-08-16 10:10:15,333 | INFO | epoch=5 batch=2350 global_step=1665 loss_reg_months=5.6651 lr=0.00019366 grad_norm=0.9439 throughput=16.65 img/s eta_seconds=192.9 gpu_alloc=476.3MiB gpu_reserved=3472.0MiB skipped_batches=0
2026-08-16 10:10:21,216 | INFO | epoch=5 batch=2375 global_step=1667 loss_reg_months=5.6624 lr=0.00019366 grad_norm=2.3991 throughput=16.65 img/s eta_seconds=186.9 gpu_alloc=476.3MiB gpu_reserved=3472.0MiB skipped_batches=0
2026-08-16 10:10:26,965 | INFO | epoch=5 batch=2400 global_step=1670 loss_reg_months=5.6556 lr=0.00019366 grad_norm=1.0047 throughput=16.66 img/s eta_seconds=180.8 gpu_alloc=476.3MiB gpu_reserved=3472.0MiB skipped_batches=0
2026-08-16 10:10:32,729 | INFO | epoch=5 batch=2425 global_step=1673 loss_reg_months=5.6483 lr=0.00019366 grad_norm=1.0624 throughput=16.66 img/s eta_seconds=174.7 gpu_alloc=476.3MiB gpu_reserved=3472.0MiB skipped_batches=0
2026-08-16 10:10:38,470 | INFO | epoch=5 batch=2450 global_step=1676 loss_reg_months=5.6486 lr=0.00019366 grad_norm=1.1177 throughput=16.67 img/s eta_seconds=168.6 gpu_alloc=476.3MiB gpu_reserved=3472.0MiB skipped_batches=0
2026-08-16 10:10:44,206 | INFO | epoch=5 batch=2475 global_step=1679 loss_reg_months=5.6511 lr=0.00019366 grad_norm=1.0466 throughput=16.68 img/s eta_seconds=162.6 gpu_alloc=367.7MiB gpu_reserved=3472.0MiB skipped_batches=0
2026-08-16 10:10:49,921 | INFO | epoch=5 batch=2500 global_step=1681 loss_reg_months=5.6381 lr=0.00019366 grad_norm=2.0283 throughput=16.69 img/s eta_seconds=156.5 gpu_alloc=476.3MiB gpu_reserved=3472.0MiB skipped_batches=0
2026-08-16 10:10:55,683 | INFO | epoch=5 batch=2525 global_step=1684 loss_reg_months=5.6378 lr=0.00019366 grad_norm=2.1042 throughput=16.69 img/s eta_seconds=150.4 gpu_alloc=476.3MiB gpu_reserved=3472.0MiB skipped_batches=0
2026-08-16 10:11:01,431 | INFO | epoch=5 batch=2550 global_step=1687 loss_reg_months=5.6384 lr=0.00019366 grad_norm=1.1646 throughput=16.70 img/s eta_seconds=144.4 gpu_alloc=476.3MiB gpu_reserved=3472.0MiB skipped_batches=0
2026-08-16 10:11:07,185 | INFO | epoch=5 batch=2575 global_step=1690 loss_reg_months=5.6436 lr=0.00019366 grad_norm=1.4544 throughput=16.70 img/s eta_seconds=138.3 gpu_alloc=476.3MiB gpu_reserved=3472.0MiB skipped_batches=0
2026-08-16 10:11:12,898 | INFO | epoch=5 batch=2600 global_step=1692 loss_reg_months=5.6428 lr=0.00019366 grad_norm=1.1094 throughput=16.71 img/s eta_seconds=132.3 gpu_alloc=476.3MiB gpu_reserved=3472.0MiB skipped_batches=0
2026-08-16 10:11:18,645 | INFO | epoch=5 batch=2625 global_step=1695 loss_reg_months=5.6430 lr=0.00019366 grad_norm=1.5698 throughput=16.72 img/s eta_seconds=126.3 gpu_alloc=476.3MiB gpu_reserved=3472.0MiB skipped_batches=0
2026-08-16 10:11:24,386 | INFO | epoch=5 batch=2650 global_step=1698 loss_reg_months=5.6361 lr=0.00019366 grad_norm=1.1787 throughput=16.72 img/s eta_seconds=120.2 gpu_alloc=476.3MiB gpu_reserved=3472.0MiB skipped_batches=0
2026-08-16 10:11:30,134 | INFO | epoch=5 batch=2675 global_step=1701 loss_reg_months=5.6465 lr=0.00019366 grad_norm=1.8806 throughput=16.73 img/s eta_seconds=114.2 gpu_alloc=476.3MiB gpu_reserved=3472.0MiB skipped_batches=0
2026-08-16 10:11:35,911 | INFO | epoch=5 batch=2700 global_step=1704 loss_reg_months=5.6459 lr=0.00019366 grad_norm=0.9393 throughput=16.74 img/s eta_seconds=108.2 gpu_alloc=367.7MiB gpu_reserved=3472.0MiB skipped_batches=0
2026-08-16 10:11:41,648 | INFO | epoch=5 batch=2725 global_step=1706 loss_reg_months=5.6408 lr=0.00019366 grad_norm=0.9105 throughput=16.74 img/s eta_seconds=102.2 gpu_alloc=476.3MiB gpu_reserved=3472.0MiB skipped_batches=0
2026-08-16 10:11:47,396 | INFO | epoch=5 batch=2750 global_step=1709 loss_reg_months=5.6384 lr=0.00019366 grad_norm=0.9364 throughput=16.75 img/s eta_seconds=96.2 gpu_alloc=476.3MiB gpu_reserved=3472.0MiB skipped_batches=0
2026-08-16 10:11:53,154 | INFO | epoch=5 batch=2775 global_step=1712 loss_reg_months=5.6333 lr=0.00019366 grad_norm=0.9805 throughput=16.75 img/s eta_seconds=90.2 gpu_alloc=476.3MiB gpu_reserved=3472.0MiB skipped_batches=0
2026-08-16 10:11:58,901 | INFO | epoch=5 batch=2800 global_step=1715 loss_reg_months=5.6228 lr=0.00019366 grad_norm=1.1901 throughput=16.76 img/s eta_seconds=84.2 gpu_alloc=476.3MiB gpu_reserved=3472.0MiB skipped_batches=0
2026-08-16 10:12:04,642 | INFO | epoch=5 batch=2825 global_step=1717 loss_reg_months=5.6258 lr=0.00019366 grad_norm=1.2674 throughput=16.76 img/s eta_seconds=78.2 gpu_alloc=476.3MiB gpu_reserved=3472.0MiB skipped_batches=0
2026-08-16 10:12:10,404 | INFO | epoch=5 batch=2850 global_step=1720 loss_reg_months=5.6153 lr=0.00019366 grad_norm=1.2770 throughput=16.77 img/s eta_seconds=72.2 gpu_alloc=476.3MiB gpu_reserved=3472.0MiB skipped_batches=0
2026-08-16 10:12:16,159 | INFO | epoch=5 batch=2875 global_step=1723 loss_reg_months=5.6132 lr=0.00019366 grad_norm=1.1483 throughput=16.77 img/s eta_seconds=66.2 gpu_alloc=476.3MiB gpu_reserved=3472.0MiB skipped_batches=0
2026-08-16 10:12:21,905 | INFO | epoch=5 batch=2900 global_step=1726 loss_reg_months=5.6030 lr=0.00019366 grad_norm=1.2986 throughput=16.78 img/s eta_seconds=60.3 gpu_alloc=476.3MiB gpu_reserved=3472.0MiB skipped_batches=0
2026-08-16 10:12:27,644 | INFO | epoch=5 batch=2925 global_step=1729 loss_reg_months=5.6006 lr=0.00019366 grad_norm=1.1927 throughput=16.79 img/s eta_seconds=54.3 gpu_alloc=367.7MiB gpu_reserved=3472.0MiB skipped_batches=0
2026-08-16 10:12:33,358 | INFO | epoch=5 batch=2950 global_step=1731 loss_reg_months=5.6023 lr=0.00019366 grad_norm=1.0068 throughput=16.79 img/s eta_seconds=48.3 gpu_alloc=476.3MiB gpu_reserved=3472.0MiB skipped_batches=0
2026-08-16 10:12:39,096 | INFO | epoch=5 batch=2975 global_step=1734 loss_reg_months=5.6063 lr=0.00019366 grad_norm=1.1671 throughput=16.80 img/s eta_seconds=42.3 gpu_alloc=476.3MiB gpu_reserved=3472.0MiB skipped_batches=0
2026-08-16 10:12:44,838 | INFO | epoch=5 batch=3000 global_step=1737 loss_reg_months=5.6065 lr=0.00019366 grad_norm=1.0147 throughput=16.80 img/s eta_seconds=36.4 gpu_alloc=476.3MiB gpu_reserved=3472.0MiB skipped_batches=0
2026-08-16 10:12:50,577 | INFO | epoch=5 batch=3025 global_step=1740 loss_reg_months=5.6021 lr=0.00019366 grad_norm=1.6290 throughput=16.81 img/s eta_seconds=30.4 gpu_alloc=476.3MiB gpu_reserved=3472.0MiB skipped_batches=0
2026-08-16 10:12:56,297 | INFO | epoch=5 batch=3050 global_step=1742 loss_reg_months=5.5976 lr=0.00019366 grad_norm=1.3604 throughput=16.81 img/s eta_seconds=24.4 gpu_alloc=476.3MiB gpu_reserved=3472.0MiB skipped_batches=0
2026-08-16 10:13:02,095 | INFO | epoch=5 batch=3075 global_step=1745 loss_reg_months=5.6019 lr=0.00019366 grad_norm=1.3720 throughput=16.81 img/s eta_seconds=18.5 gpu_alloc=476.3MiB gpu_reserved=3472.0MiB skipped_batches=0
2026-08-16 10:13:07,871 | INFO | epoch=5 batch=3100 global_step=1748 loss_reg_months=5.6022 lr=0.00019366 grad_norm=2.0848 throughput=16.82 img/s eta_seconds=12.5 gpu_alloc=476.3MiB gpu_reserved=3472.0MiB skipped_batches=0
2026-08-16 10:13:13,631 | INFO | epoch=5 batch=3125 global_step=1751 loss_reg_months=5.6023 lr=0.00019366 grad_norm=0.9819 throughput=16.82 img/s eta_seconds=6.6 gpu_alloc=476.3MiB gpu_reserved=3472.0MiB skipped_batches=0
2026-08-16 10:13:19,394 | INFO | epoch=5 batch=3150 global_step=1754 loss_reg_months=5.6027 lr=0.00019366 grad_norm=0.9996 throughput=16.83 img/s eta_seconds=0.7 gpu_alloc=367.7MiB gpu_reserved=3472.0MiB skipped_batches=0
2026-08-16 10:14:02,827 | WARNING | STABILITY WARNING [CAM] Validation MAE xấu đi trong khi train loss giảm
2026-08-16 10:14:02,827 | INFO | 
TRAINING REVIEW SNAPSHOT
Run ID / config hash / split hash: P6_D0_CONVNEXT_TINY_768_SEED42 / 0e80cf6f780f / 7328667e6822+f650a20432b5
Epoch / global step: 5 / 1755
Train loss: 5.6010
Validation MAE / RMSE / median AE: 7.2070 / 9.5496 / 5.7500
MAE nam / nữ / age bins: {'F': 7.3965682515337425, 'M': 7.047137774902976} / {'0-59': 5.348404255319149, '120-179': 7.473423980222497, '60-119': 7.518401015228426, '180-228': 5.9296875}
Learning rate / peak VRAM: 0.00019366 / 3472.0 MiB
Best epoch / best MAE / epochs không cải thiện: 2 / 6.7533 / 3
Cảnh báo hiện tại: CAM: Validation MAE xấu đi trong khi train loss giảm
Checkpoint gần nhất: p1_baseline\runs\P6_D0_CONVNEXT_TINY_768_SEED42\last.ckpt
Checkpoint tốt nhất: p1_baseline\runs\P6_D0_CONVNEXT_TINY_768_SEED42\best_mae.ckpt
Đề xuất tự động: THEO DÕI
2026-08-16 10:14:18,338 | INFO | epoch=6 batch=25 global_step=1757 loss_reg_months=6.1711 lr=0.00019015 grad_norm=1.6484 throughput=7.88 img/s eta_seconds=1588.0 gpu_alloc=476.3MiB gpu_reserved=3472.0MiB skipped_batches=0
2026-08-16 10:14:24,049 | INFO | epoch=6 batch=50 global_step=1760 loss_reg_months=5.8134 lr=0.00019015 grad_norm=1.9627 throughput=10.87 img/s eta_seconds=1142.0 gpu_alloc=476.3MiB gpu_reserved=3472.0MiB skipped_batches=0
2026-08-16 10:14:29,788 | INFO | epoch=6 batch=75 global_step=1763 loss_reg_months=5.6166 lr=0.00019015 grad_norm=1.3736 throughput=12.43 img/s eta_seconds=990.7 gpu_alloc=476.3MiB gpu_reserved=3472.0MiB skipped_batches=0
2026-08-16 10:14:35,524 | INFO | epoch=6 batch=100 global_step=1766 loss_reg_months=5.5979 lr=0.00019015 grad_norm=2.2053 throughput=13.39 img/s eta_seconds=912.1 gpu_alloc=476.3MiB gpu_reserved=3472.0MiB skipped_batches=0
2026-08-16 10:14:41,356 | INFO | epoch=6 batch=125 global_step=1768 loss_reg_months=5.3983 lr=0.00019015 grad_norm=1.1410 throughput=14.00 img/s eta_seconds=865.0 gpu_alloc=476.3MiB gpu_reserved=3472.0MiB skipped_batches=0
2026-08-16 10:14:47,168 | INFO | epoch=6 batch=150 global_step=1771 loss_reg_months=5.2398 lr=0.00019015 grad_norm=1.0172 throughput=14.45 img/s eta_seconds=831.2 gpu_alloc=476.3MiB gpu_reserved=3472.0MiB skipped_batches=0
2026-08-16 10:14:52,950 | INFO | epoch=6 batch=175 global_step=1774 loss_reg_months=5.2220 lr=0.00019015 grad_norm=1.5388 throughput=14.80 img/s eta_seconds=804.9 gpu_alloc=476.3MiB gpu_reserved=3472.0MiB skipped_batches=0
2026-08-16 10:14:58,765 | INFO | epoch=6 batch=200 global_step=1777 loss_reg_months=5.2736 lr=0.00019015 grad_norm=1.4165 throughput=15.06 img/s eta_seconds=784.2 gpu_alloc=476.3MiB gpu_reserved=3472.0MiB skipped_batches=0
2026-08-16 10:15:05,229 | INFO | epoch=6 batch=225 global_step=1780 loss_reg_months=5.2897 lr=0.00019015 grad_norm=1.0903 throughput=15.10 img/s eta_seconds=775.3 gpu_alloc=367.7MiB gpu_reserved=3472.0MiB skipped_batches=0
2026-08-16 10:15:11,401 | INFO | epoch=6 batch=250 global_step=1782 loss_reg_months=5.3120 lr=0.00019015 grad_norm=1.0284 throughput=15.21 img/s eta_seconds=763.5 gpu_alloc=476.3MiB gpu_reserved=3472.0MiB skipped_batches=0
2026-08-16 10:15:17,384 | INFO | epoch=6 batch=275 global_step=1785 loss_reg_months=5.2078 lr=0.00019015 grad_norm=0.8205 throughput=15.33 img/s eta_seconds=750.7 gpu_alloc=476.3MiB gpu_reserved=3472.0MiB skipped_batches=0
2026-08-16 10:15:23,336 | INFO | epoch=6 batch=300 global_step=1788 loss_reg_months=5.2093 lr=0.00019015 grad_norm=1.4817 throughput=15.45 img/s eta_seconds=738.8 gpu_alloc=476.3MiB gpu_reserved=3472.0MiB skipped_batches=0
2026-08-16 10:15:29,323 | INFO | epoch=6 batch=325 global_step=1791 loss_reg_months=5.2145 lr=0.00019015 grad_norm=2.0660 throughput=15.54 img/s eta_seconds=728.1 gpu_alloc=476.3MiB gpu_reserved=3472.0MiB skipped_batches=0
2026-08-16 10:15:35,293 | INFO | epoch=6 batch=350 global_step=1793 loss_reg_months=5.2408 lr=0.00019015 grad_norm=1.4113 throughput=15.62 img/s eta_seconds=717.9 gpu_alloc=476.3MiB gpu_reserved=3472.0MiB skipped_batches=0
2026-08-16 10:15:41,345 | INFO | epoch=6 batch=375 global_step=1796 loss_reg_months=5.2301 lr=0.00019015 grad_norm=1.4824 throughput=15.67 img/s eta_seconds=708.9 gpu_alloc=476.3MiB gpu_reserved=3472.0MiB skipped_batches=0
2026-08-16 10:15:47,338 | INFO | epoch=6 batch=400 global_step=1799 loss_reg_months=5.1961 lr=0.00019015 grad_norm=1.5924 throughput=15.73 img/s eta_seconds=699.8 gpu_alloc=476.3MiB gpu_reserved=3472.0MiB skipped_batches=0
2026-08-16 10:15:53,179 | INFO | epoch=6 batch=425 global_step=1802 loss_reg_months=5.1552 lr=0.00019015 grad_norm=1.1361 throughput=15.81 img/s eta_seconds=690.2 gpu_alloc=476.3MiB gpu_reserved=3472.0MiB skipped_batches=0
2026-08-16 10:15:59,150 | INFO | epoch=6 batch=450 global_step=1805 loss_reg_months=5.1613 lr=0.00019015 grad_norm=1.2432 throughput=15.86 img/s eta_seconds=681.7 gpu_alloc=367.7MiB gpu_reserved=3472.0MiB skipped_batches=0
2026-08-16 10:16:04,972 | INFO | epoch=6 batch=475 global_step=1807 loss_reg_months=5.1546 lr=0.00019015 grad_norm=1.9877 throughput=15.92 img/s eta_seconds=672.7 gpu_alloc=476.3MiB gpu_reserved=3472.0MiB skipped_batches=0
2026-08-16 10:16:10,855 | INFO | epoch=6 batch=500 global_step=1810 loss_reg_months=5.1579 lr=0.00019015 grad_norm=1.1911 throughput=15.97 img/s eta_seconds=664.3 gpu_alloc=476.3MiB gpu_reserved=3472.0MiB skipped_batches=0
2026-08-16 10:16:16,708 | INFO | epoch=6 batch=525 global_step=1813 loss_reg_months=5.2098 lr=0.00019015 grad_norm=1.1306 throughput=16.02 img/s eta_seconds=656.0 gpu_alloc=476.3MiB gpu_reserved=3472.0MiB skipped_batches=0
2026-08-16 10:16:22,647 | INFO | epoch=6 batch=550 global_step=1816 loss_reg_months=5.1944 lr=0.00019015 grad_norm=1.9392 throughput=16.06 img/s eta_seconds=648.3 gpu_alloc=476.3MiB gpu_reserved=3472.0MiB skipped_batches=0
2026-08-16 10:16:28,753 | INFO | epoch=6 batch=575 global_step=1818 loss_reg_months=5.1785 lr=0.00019015 grad_norm=1.0232 throughput=16.07 img/s eta_seconds=641.6 gpu_alloc=476.3MiB gpu_reserved=3472.0MiB skipped_batches=0
2026-08-16 10:16:34,706 | INFO | epoch=6 batch=600 global_step=1821 loss_reg_months=5.1968 lr=0.00019015 grad_norm=1.2290 throughput=16.10 img/s eta_seconds=634.2 gpu_alloc=476.3MiB gpu_reserved=3472.0MiB skipped_batches=0
2026-08-16 10:16:40,714 | INFO | epoch=6 batch=625 global_step=1824 loss_reg_months=5.1735 lr=0.00019015 grad_norm=2.5242 throughput=16.12 img/s eta_seconds=627.2 gpu_alloc=476.3MiB gpu_reserved=3472.0MiB skipped_batches=0
2026-08-16 10:16:46,778 | INFO | epoch=6 batch=650 global_step=1827 loss_reg_months=5.1586 lr=0.00019015 grad_norm=0.9723 throughput=16.14 img/s eta_seconds=620.4 gpu_alloc=476.3MiB gpu_reserved=3472.0MiB skipped_batches=0
2026-08-16 10:16:52,746 | INFO | epoch=6 batch=675 global_step=1830 loss_reg_months=5.2203 lr=0.00019015 grad_norm=2.1482 throughput=16.16 img/s eta_seconds=613.4 gpu_alloc=367.7MiB gpu_reserved=3472.0MiB skipped_batches=0
2026-08-16 10:16:58,760 | INFO | epoch=6 batch=700 global_step=1832 loss_reg_months=5.2159 lr=0.00019015 grad_norm=1.0562 throughput=16.17 img/s eta_seconds=606.6 gpu_alloc=476.3MiB gpu_reserved=3472.0MiB skipped_batches=0
2026-08-16 10:17:04,665 | INFO | epoch=6 batch=725 global_step=1835 loss_reg_months=5.2233 lr=0.00019015 grad_norm=1.3759 throughput=16.20 img/s eta_seconds=599.5 gpu_alloc=476.3MiB gpu_reserved=3472.0MiB skipped_batches=0
2026-08-16 10:17:10,558 | INFO | epoch=6 batch=750 global_step=1838 loss_reg_months=5.2415 lr=0.00019015 grad_norm=1.9989 throughput=16.22 img/s eta_seconds=592.4 gpu_alloc=476.3MiB gpu_reserved=3472.0MiB skipped_batches=0
2026-08-16 10:17:16,616 | INFO | epoch=6 batch=775 global_step=1841 loss_reg_months=5.2475 lr=0.00019015 grad_norm=1.1543 throughput=16.23 img/s eta_seconds=585.9 gpu_alloc=476.3MiB gpu_reserved=3472.0MiB skipped_batches=0
2026-08-16 10:17:22,551 | INFO | epoch=6 batch=800 global_step=1843 loss_reg_months=5.2669 lr=0.00019015 grad_norm=1.0432 throughput=16.25 img/s eta_seconds=579.1 gpu_alloc=476.3MiB gpu_reserved=3472.0MiB skipped_batches=0
2026-08-16 10:17:28,625 | INFO | epoch=6 batch=825 global_step=1846 loss_reg_months=5.2632 lr=0.00019015 grad_norm=0.8088 throughput=16.26 img/s eta_seconds=572.7 gpu_alloc=476.3MiB gpu_reserved=3472.0MiB skipped_batches=0
2026-08-16 10:17:34,570 | INFO | epoch=6 batch=850 global_step=1849 loss_reg_months=5.2287 lr=0.00019015 grad_norm=1.1732 throughput=16.27 img/s eta_seconds=566.0 gpu_alloc=476.3MiB gpu_reserved=3472.0MiB skipped_batches=0
2026-08-16 10:17:40,511 | INFO | epoch=6 batch=875 global_step=1852 loss_reg_months=5.2125 lr=0.00019015 grad_norm=1.2497 throughput=16.29 img/s eta_seconds=559.3 gpu_alloc=476.3MiB gpu_reserved=3472.0MiB skipped_batches=0
2026-08-16 10:17:46,349 | INFO | epoch=6 batch=900 global_step=1855 loss_reg_months=5.2239 lr=0.00019015 grad_norm=1.1520 throughput=16.31 img/s eta_seconds=552.4 gpu_alloc=367.7MiB gpu_reserved=3472.0MiB skipped_batches=0
2026-08-16 10:17:52,230 | INFO | epoch=6 batch=925 global_step=1857 loss_reg_months=5.2067 lr=0.00019015 grad_norm=1.8691 throughput=16.33 img/s eta_seconds=545.7 gpu_alloc=476.3MiB gpu_reserved=3472.0MiB skipped_batches=0
2026-08-16 10:17:58,213 | INFO | epoch=6 batch=950 global_step=1860 loss_reg_months=5.2080 lr=0.00019015 grad_norm=1.6073 throughput=16.34 img/s eta_seconds=539.3 gpu_alloc=476.3MiB gpu_reserved=3472.0MiB skipped_batches=0
2026-08-16 10:18:04,221 | INFO | epoch=6 batch=975 global_step=1863 loss_reg_months=5.1975 lr=0.00019015 grad_norm=1.5069 throughput=16.35 img/s eta_seconds=532.9 gpu_alloc=476.3MiB gpu_reserved=3472.0MiB skipped_batches=0
2026-08-16 10:18:10,123 | INFO | epoch=6 batch=1000 global_step=1866 loss_reg_months=5.1894 lr=0.00019015 grad_norm=1.1816 throughput=16.36 img/s eta_seconds=526.3 gpu_alloc=476.3MiB gpu_reserved=3472.0MiB skipped_batches=0
2026-08-16 10:18:16,101 | INFO | epoch=6 batch=1025 global_step=1868 loss_reg_months=5.2045 lr=0.00019015 grad_norm=1.6625 throughput=16.37 img/s eta_seconds=519.9 gpu_alloc=476.3MiB gpu_reserved=3472.0MiB skipped_batches=0
2026-08-16 10:18:22,289 | INFO | epoch=6 batch=1050 global_step=1871 loss_reg_months=5.2068 lr=0.00019015 grad_norm=1.0632 throughput=16.37 img/s eta_seconds=514.0 gpu_alloc=476.3MiB gpu_reserved=3472.0MiB skipped_batches=0
2026-08-16 10:18:28,289 | INFO | epoch=6 batch=1075 global_step=1874 loss_reg_months=5.1917 lr=0.00019015 grad_norm=1.2134 throughput=16.37 img/s eta_seconds=507.6 gpu_alloc=476.3MiB gpu_reserved=3472.0MiB skipped_batches=0
2026-08-16 10:18:34,173 | INFO | epoch=6 batch=1100 global_step=1877 loss_reg_months=5.1800 lr=0.00019015 grad_norm=1.2969 throughput=16.39 img/s eta_seconds=501.1 gpu_alloc=476.3MiB gpu_reserved=3472.0MiB skipped_batches=0
2026-08-16 10:18:40,045 | INFO | epoch=6 batch=1125 global_step=1880 loss_reg_months=5.1786 lr=0.00019015 grad_norm=1.7834 throughput=16.40 img/s eta_seconds=494.6 gpu_alloc=367.7MiB gpu_reserved=3472.0MiB skipped_batches=0
2026-08-16 10:18:45,905 | INFO | epoch=6 batch=1150 global_step=1882 loss_reg_months=5.1903 lr=0.00019015 grad_norm=1.6952 throughput=16.41 img/s eta_seconds=488.1 gpu_alloc=476.3MiB gpu_reserved=3472.0MiB skipped_batches=0
2026-08-16 10:18:51,994 | INFO | epoch=6 batch=1175 global_step=1885 loss_reg_months=5.1817 lr=0.00019015 grad_norm=1.0497 throughput=16.41 img/s eta_seconds=482.0 gpu_alloc=476.3MiB gpu_reserved=3472.0MiB skipped_batches=0
2026-08-16 10:18:57,900 | INFO | epoch=6 batch=1200 global_step=1888 loss_reg_months=5.1857 lr=0.00019015 grad_norm=1.2820 throughput=16.42 img/s eta_seconds=475.6 gpu_alloc=476.3MiB gpu_reserved=3472.0MiB skipped_batches=0
2026-08-16 10:19:03,866 | INFO | epoch=6 batch=1225 global_step=1891 loss_reg_months=5.1715 lr=0.00019015 grad_norm=1.8546 throughput=16.43 img/s eta_seconds=469.3 gpu_alloc=476.3MiB gpu_reserved=3472.0MiB skipped_batches=0
2026-08-16 10:19:09,681 | INFO | epoch=6 batch=1250 global_step=1893 loss_reg_months=5.2104 lr=0.00019015 grad_norm=1.3865 throughput=16.45 img/s eta_seconds=462.8 gpu_alloc=476.3MiB gpu_reserved=3472.0MiB skipped_batches=0
2026-08-16 10:19:15,724 | INFO | epoch=6 batch=1275 global_step=1896 loss_reg_months=5.2093 lr=0.00019015 grad_norm=1.1716 throughput=16.45 img/s eta_seconds=456.7 gpu_alloc=476.3MiB gpu_reserved=3472.0MiB skipped_batches=0
2026-08-16 10:19:21,595 | INFO | epoch=6 batch=1300 global_step=1899 loss_reg_months=5.2306 lr=0.00019015 grad_norm=1.1804 throughput=16.46 img/s eta_seconds=450.3 gpu_alloc=476.3MiB gpu_reserved=3472.0MiB skipped_batches=0
2026-08-16 10:19:27,609 | INFO | epoch=6 batch=1325 global_step=1902 loss_reg_months=5.2279 lr=0.00019015 grad_norm=1.3157 throughput=16.46 img/s eta_seconds=444.1 gpu_alloc=476.3MiB gpu_reserved=3472.0MiB skipped_batches=0
2026-08-16 10:19:33,683 | INFO | epoch=6 batch=1350 global_step=1905 loss_reg_months=5.2267 lr=0.00019015 grad_norm=0.9331 throughput=16.46 img/s eta_seconds=438.1 gpu_alloc=367.7MiB gpu_reserved=3472.0MiB skipped_batches=0
2026-08-16 10:19:39,504 | INFO | epoch=6 batch=1375 global_step=1907 loss_reg_months=5.2278 lr=0.00019015 grad_norm=1.0779 throughput=16.47 img/s eta_seconds=431.6 gpu_alloc=476.3MiB gpu_reserved=3472.0MiB skipped_batches=0
2026-08-16 10:19:45,534 | INFO | epoch=6 batch=1400 global_step=1910 loss_reg_months=5.2104 lr=0.00019015 grad_norm=1.0946 throughput=16.48 img/s eta_seconds=425.5 gpu_alloc=476.3MiB gpu_reserved=3472.0MiB skipped_batches=0
2026-08-16 10:19:51,580 | INFO | epoch=6 batch=1425 global_step=1913 loss_reg_months=5.2056 lr=0.00019015 grad_norm=1.2261 throughput=16.48 img/s eta_seconds=419.4 gpu_alloc=476.3MiB gpu_reserved=3472.0MiB skipped_batches=0
2026-08-16 10:19:57,560 | INFO | epoch=6 batch=1450 global_step=1916 loss_reg_months=5.1831 lr=0.00019015 grad_norm=1.4305 throughput=16.48 img/s eta_seconds=413.3 gpu_alloc=476.3MiB gpu_reserved=3472.0MiB skipped_batches=0
2026-08-16 10:20:03,477 | INFO | epoch=6 batch=1475 global_step=1918 loss_reg_months=5.1829 lr=0.00019015 grad_norm=2.2100 throughput=16.49 img/s eta_seconds=407.0 gpu_alloc=476.3MiB gpu_reserved=3472.0MiB skipped_batches=0
2026-08-16 10:20:09,512 | INFO | epoch=6 batch=1500 global_step=1921 loss_reg_months=5.2061 lr=0.00019015 grad_norm=1.4320 throughput=16.49 img/s eta_seconds=400.9 gpu_alloc=476.3MiB gpu_reserved=3472.0MiB skipped_batches=0
2026-08-16 10:20:15,612 | INFO | epoch=6 batch=1525 global_step=1924 loss_reg_months=5.2139 lr=0.00019015 grad_norm=1.7954 throughput=16.49 img/s eta_seconds=394.9 gpu_alloc=476.3MiB gpu_reserved=3472.0MiB skipped_batches=0
2026-08-16 10:20:21,601 | INFO | epoch=6 batch=1550 global_step=1927 loss_reg_months=5.2052 lr=0.00019015 grad_norm=2.1233 throughput=16.49 img/s eta_seconds=388.8 gpu_alloc=476.3MiB gpu_reserved=3472.0MiB skipped_batches=0
2026-08-16 10:20:27,545 | INFO | epoch=6 batch=1575 global_step=1930 loss_reg_months=5.2071 lr=0.00019015 grad_norm=1.5427 throughput=16.50 img/s eta_seconds=382.6 gpu_alloc=367.7MiB gpu_reserved=3472.0MiB skipped_batches=0
2026-08-16 10:20:33,462 | INFO | epoch=6 batch=1600 global_step=1932 loss_reg_months=5.2140 lr=0.00019015 grad_norm=1.4132 throughput=16.50 img/s eta_seconds=376.4 gpu_alloc=476.3MiB gpu_reserved=3472.0MiB skipped_batches=0
2026-08-16 10:20:39,421 | INFO | epoch=6 batch=1625 global_step=1935 loss_reg_months=5.2305 lr=0.00019015 grad_norm=1.9629 throughput=16.51 img/s eta_seconds=370.2 gpu_alloc=476.3MiB gpu_reserved=3472.0MiB skipped_batches=0
2026-08-16 10:20:45,319 | INFO | epoch=6 batch=1650 global_step=1938 loss_reg_months=5.2387 lr=0.00019015 grad_norm=2.7542 throughput=16.51 img/s eta_seconds=364.0 gpu_alloc=476.3MiB gpu_reserved=3472.0MiB skipped_batches=0
2026-08-16 10:20:51,286 | INFO | epoch=6 batch=1675 global_step=1941 loss_reg_months=5.2579 lr=0.00019015 grad_norm=1.4750 throughput=16.52 img/s eta_seconds=357.9 gpu_alloc=476.3MiB gpu_reserved=3472.0MiB skipped_batches=0
2026-08-16 10:20:57,229 | INFO | epoch=6 batch=1700 global_step=1943 loss_reg_months=5.2563 lr=0.00019015 grad_norm=1.6742 throughput=16.52 img/s eta_seconds=351.7 gpu_alloc=476.3MiB gpu_reserved=3472.0MiB skipped_batches=0
2026-08-16 10:21:03,129 | INFO | epoch=6 batch=1725 global_step=1946 loss_reg_months=5.2536 lr=0.00019015 grad_norm=2.1095 throughput=16.53 img/s eta_seconds=345.5 gpu_alloc=476.3MiB gpu_reserved=3472.0MiB skipped_batches=0
2026-08-16 10:21:09,030 | INFO | epoch=6 batch=1750 global_step=1949 loss_reg_months=5.2649 lr=0.00019015 grad_norm=1.6509 throughput=16.53 img/s eta_seconds=339.4 gpu_alloc=476.3MiB gpu_reserved=3472.0MiB skipped_batches=0
2026-08-16 10:21:14,901 | INFO | epoch=6 batch=1775 global_step=1952 loss_reg_months=5.2722 lr=0.00019015 grad_norm=1.4201 throughput=16.54 img/s eta_seconds=333.2 gpu_alloc=476.3MiB gpu_reserved=3472.0MiB skipped_batches=0
2026-08-16 10:21:20,667 | INFO | epoch=6 batch=1800 global_step=1955 loss_reg_months=5.2907 lr=0.00019015 grad_norm=2.4769 throughput=16.55 img/s eta_seconds=326.9 gpu_alloc=367.7MiB gpu_reserved=3472.0MiB skipped_batches=0
2026-08-16 10:21:26,399 | INFO | epoch=6 batch=1825 global_step=1957 loss_reg_months=5.2877 lr=0.00019015 grad_norm=1.1388 throughput=16.56 img/s eta_seconds=320.7 gpu_alloc=476.3MiB gpu_reserved=3472.0MiB skipped_batches=0
2026-08-16 10:21:32,159 | INFO | epoch=6 batch=1850 global_step=1960 loss_reg_months=5.2803 lr=0.00019015 grad_norm=1.6024 throughput=16.57 img/s eta_seconds=314.4 gpu_alloc=476.3MiB gpu_reserved=3472.0MiB skipped_batches=0
2026-08-16 10:21:37,908 | INFO | epoch=6 batch=1875 global_step=1963 loss_reg_months=5.2759 lr=0.00019015 grad_norm=1.1628 throughput=16.58 img/s eta_seconds=308.2 gpu_alloc=476.3MiB gpu_reserved=3472.0MiB skipped_batches=0
2026-08-16 10:21:43,805 | INFO | epoch=6 batch=1900 global_step=1966 loss_reg_months=5.2739 lr=0.00019015 grad_norm=1.1124 throughput=16.59 img/s eta_seconds=302.1 gpu_alloc=476.3MiB gpu_reserved=3472.0MiB skipped_batches=0
2026-08-16 10:21:49,887 | INFO | epoch=6 batch=1925 global_step=1968 loss_reg_months=5.2644 lr=0.00019015 grad_norm=0.8669 throughput=16.59 img/s eta_seconds=296.1 gpu_alloc=476.3MiB gpu_reserved=3472.0MiB skipped_batches=0
2026-08-16 10:21:55,711 | INFO | epoch=6 batch=1950 global_step=1971 loss_reg_months=5.2739 lr=0.00019015 grad_norm=1.2982 throughput=16.59 img/s eta_seconds=289.9 gpu_alloc=476.3MiB gpu_reserved=3472.0MiB skipped_batches=0
2026-08-16 10:22:01,463 | INFO | epoch=6 batch=1975 global_step=1974 loss_reg_months=5.2606 lr=0.00019015 grad_norm=1.1320 throughput=16.60 img/s eta_seconds=283.7 gpu_alloc=476.3MiB gpu_reserved=3472.0MiB skipped_batches=0
2026-08-16 10:22:07,356 | INFO | epoch=6 batch=2000 global_step=1977 loss_reg_months=5.2555 lr=0.00019015 grad_norm=0.9971 throughput=16.61 img/s eta_seconds=277.6 gpu_alloc=476.3MiB gpu_reserved=3472.0MiB skipped_batches=0
2026-08-16 10:22:13,165 | INFO | epoch=6 batch=2025 global_step=1980 loss_reg_months=5.2475 lr=0.00019015 grad_norm=1.4886 throughput=16.61 img/s eta_seconds=271.5 gpu_alloc=367.7MiB gpu_reserved=3472.0MiB skipped_batches=0
2026-08-16 10:22:19,168 | INFO | epoch=6 batch=2050 global_step=1982 loss_reg_months=5.2442 lr=0.00019015 grad_norm=1.0148 throughput=16.62 img/s eta_seconds=265.5 gpu_alloc=476.3MiB gpu_reserved=3472.0MiB skipped_batches=0
2026-08-16 10:22:25,084 | INFO | epoch=6 batch=2075 global_step=1985 loss_reg_months=5.2448 lr=0.00019015 grad_norm=1.8382 throughput=16.62 img/s eta_seconds=259.4 gpu_alloc=476.3MiB gpu_reserved=3472.0MiB skipped_batches=0
2026-08-16 10:22:30,934 | INFO | epoch=6 batch=2100 global_step=1988 loss_reg_months=5.2392 lr=0.00019015 grad_norm=1.0882 throughput=16.62 img/s eta_seconds=253.3 gpu_alloc=476.3MiB gpu_reserved=3472.0MiB skipped_batches=0
2026-08-16 10:22:37,071 | INFO | epoch=6 batch=2125 global_step=1991 loss_reg_months=5.2433 lr=0.00019015 grad_norm=1.6861 throughput=16.62 img/s eta_seconds=247.3 gpu_alloc=476.3MiB gpu_reserved=3472.0MiB skipped_batches=0
2026-08-16 10:22:43,075 | INFO | epoch=6 batch=2150 global_step=1993 loss_reg_months=5.2387 lr=0.00019015 grad_norm=1.2683 throughput=16.62 img/s eta_seconds=241.3 gpu_alloc=476.3MiB gpu_reserved=3472.0MiB skipped_batches=0
2026-08-16 10:22:49,377 | INFO | epoch=6 batch=2175 global_step=1996 loss_reg_months=5.2452 lr=0.00019015 grad_norm=1.2846 throughput=16.61 img/s eta_seconds=235.4 gpu_alloc=476.3MiB gpu_reserved=3472.0MiB skipped_batches=0
2026-08-16 10:22:55,472 | INFO | epoch=6 batch=2200 global_step=1999 loss_reg_months=5.2383 lr=0.00019015 grad_norm=1.8058 throughput=16.61 img/s eta_seconds=229.5 gpu_alloc=476.3MiB gpu_reserved=3472.0MiB skipped_batches=0
2026-08-16 10:23:03,166 | INFO | epoch=6 batch=2225 global_step=2002 loss_reg_months=5.2374 lr=0.00019015 grad_norm=1.7591 throughput=16.56 img/s eta_seconds=224.1 gpu_alloc=476.3MiB gpu_reserved=3472.0MiB skipped_batches=0
2026-08-16 10:23:09,264 | INFO | epoch=6 batch=2250 global_step=2005 loss_reg_months=5.2422 lr=0.00019015 grad_norm=1.4714 throughput=16.56 img/s eta_seconds=218.1 gpu_alloc=367.7MiB gpu_reserved=3472.0MiB skipped_batches=0
2026-08-16 10:23:15,244 | INFO | epoch=6 batch=2275 global_step=2007 loss_reg_months=5.2452 lr=0.00019015 grad_norm=1.9063 throughput=16.56 img/s eta_seconds=212.0 gpu_alloc=476.3MiB gpu_reserved=3472.0MiB skipped_batches=0
2026-08-16 10:23:21,121 | INFO | epoch=6 batch=2300 global_step=2010 loss_reg_months=5.2387 lr=0.00019015 grad_norm=1.4552 throughput=16.56 img/s eta_seconds=205.9 gpu_alloc=476.3MiB gpu_reserved=3472.0MiB skipped_batches=0
2026-08-16 10:23:27,038 | INFO | epoch=6 batch=2325 global_step=2013 loss_reg_months=5.2395 lr=0.00019015 grad_norm=1.0185 throughput=16.57 img/s eta_seconds=199.9 gpu_alloc=476.3MiB gpu_reserved=3472.0MiB skipped_batches=0
2026-08-16 10:23:32,909 | INFO | epoch=6 batch=2350 global_step=2016 loss_reg_months=5.2387 lr=0.00019015 grad_norm=1.2062 throughput=16.57 img/s eta_seconds=193.8 gpu_alloc=476.3MiB gpu_reserved=3472.0MiB skipped_batches=0
2026-08-16 10:23:38,784 | INFO | epoch=6 batch=2375 global_step=2018 loss_reg_months=5.2366 lr=0.00019015 grad_norm=1.1463 throughput=16.58 img/s eta_seconds=187.7 gpu_alloc=476.3MiB gpu_reserved=3472.0MiB skipped_batches=0
2026-08-16 10:23:44,644 | INFO | epoch=6 batch=2400 global_step=2021 loss_reg_months=5.2457 lr=0.00019015 grad_norm=1.6777 throughput=16.58 img/s eta_seconds=181.6 gpu_alloc=476.3MiB gpu_reserved=3472.0MiB skipped_batches=0
2026-08-16 10:23:50,549 | INFO | epoch=6 batch=2425 global_step=2024 loss_reg_months=5.2476 lr=0.00019015 grad_norm=1.7613 throughput=16.58 img/s eta_seconds=175.5 gpu_alloc=476.3MiB gpu_reserved=3472.0MiB skipped_batches=0
2026-08-16 10:23:56,415 | INFO | epoch=6 batch=2450 global_step=2027 loss_reg_months=5.2559 lr=0.00019015 grad_norm=2.4437 throughput=16.59 img/s eta_seconds=169.5 gpu_alloc=476.3MiB gpu_reserved=3472.0MiB skipped_batches=0
2026-08-16 10:24:02,287 | INFO | epoch=6 batch=2475 global_step=2030 loss_reg_months=5.2616 lr=0.00019015 grad_norm=1.3924 throughput=16.59 img/s eta_seconds=163.4 gpu_alloc=367.7MiB gpu_reserved=3472.0MiB skipped_batches=0
2026-08-16 10:24:08,316 | INFO | epoch=6 batch=2500 global_step=2032 loss_reg_months=5.2650 lr=0.00019015 grad_norm=1.8378 throughput=16.59 img/s eta_seconds=157.4 gpu_alloc=476.3MiB gpu_reserved=3472.0MiB skipped_batches=0
2026-08-16 10:24:14,201 | INFO | epoch=6 batch=2525 global_step=2035 loss_reg_months=5.2705 lr=0.00019015 grad_norm=1.6700 throughput=16.60 img/s eta_seconds=151.3 gpu_alloc=476.3MiB gpu_reserved=3472.0MiB skipped_batches=0
2026-08-16 10:24:20,127 | INFO | epoch=6 batch=2550 global_step=2038 loss_reg_months=5.2683 lr=0.00019015 grad_norm=0.8974 throughput=16.60 img/s eta_seconds=145.2 gpu_alloc=476.3MiB gpu_reserved=3472.0MiB skipped_batches=0
2026-08-16 10:24:26,277 | INFO | epoch=6 batch=2575 global_step=2041 loss_reg_months=5.2811 lr=0.00019015 grad_norm=1.2126 throughput=16.60 img/s eta_seconds=139.3 gpu_alloc=476.3MiB gpu_reserved=3472.0MiB skipped_batches=0
2026-08-16 10:24:32,158 | INFO | epoch=6 batch=2600 global_step=2043 loss_reg_months=5.2834 lr=0.00019015 grad_norm=1.1083 throughput=16.60 img/s eta_seconds=133.2 gpu_alloc=476.3MiB gpu_reserved=3472.0MiB skipped_batches=0
2026-08-16 10:24:38,033 | INFO | epoch=6 batch=2625 global_step=2046 loss_reg_months=5.2942 lr=0.00019015 grad_norm=1.8465 throughput=16.60 img/s eta_seconds=127.1 gpu_alloc=476.3MiB gpu_reserved=3472.0MiB skipped_batches=0
2026-08-16 10:24:43,894 | INFO | epoch=6 batch=2650 global_step=2049 loss_reg_months=5.3039 lr=0.00019015 grad_norm=1.9331 throughput=16.61 img/s eta_seconds=121.1 gpu_alloc=476.3MiB gpu_reserved=3472.0MiB skipped_batches=0
2026-08-16 10:24:49,788 | INFO | epoch=6 batch=2675 global_step=2052 loss_reg_months=5.3073 lr=0.00019015 grad_norm=1.3383 throughput=16.61 img/s eta_seconds=115.0 gpu_alloc=476.3MiB gpu_reserved=3472.0MiB skipped_batches=0
2026-08-16 10:24:55,648 | INFO | epoch=6 batch=2700 global_step=2055 loss_reg_months=5.3025 lr=0.00019015 grad_norm=0.8844 throughput=16.62 img/s eta_seconds=109.0 gpu_alloc=367.7MiB gpu_reserved=3472.0MiB skipped_batches=0
2026-08-16 10:25:01,514 | INFO | epoch=6 batch=2725 global_step=2057 loss_reg_months=5.3068 lr=0.00019015 grad_norm=1.4067 throughput=16.62 img/s eta_seconds=103.0 gpu_alloc=476.3MiB gpu_reserved=3472.0MiB skipped_batches=0
2026-08-16 10:25:07,422 | INFO | epoch=6 batch=2750 global_step=2060 loss_reg_months=5.3121 lr=0.00019015 grad_norm=1.2919 throughput=16.62 img/s eta_seconds=96.9 gpu_alloc=476.3MiB gpu_reserved=3472.0MiB skipped_batches=0
2026-08-16 10:25:13,346 | INFO | epoch=6 batch=2775 global_step=2063 loss_reg_months=5.3170 lr=0.00019015 grad_norm=1.1583 throughput=16.62 img/s eta_seconds=90.9 gpu_alloc=476.3MiB gpu_reserved=3472.0MiB skipped_batches=0
2026-08-16 10:25:19,224 | INFO | epoch=6 batch=2800 global_step=2066 loss_reg_months=5.3210 lr=0.00019015 grad_norm=1.3708 throughput=16.63 img/s eta_seconds=84.9 gpu_alloc=476.3MiB gpu_reserved=3472.0MiB skipped_batches=0
2026-08-16 10:25:25,097 | INFO | epoch=6 batch=2825 global_step=2068 loss_reg_months=5.3195 lr=0.00019015 grad_norm=1.0574 throughput=16.63 img/s eta_seconds=78.8 gpu_alloc=476.3MiB gpu_reserved=3472.0MiB skipped_batches=0
2026-08-16 10:25:31,022 | INFO | epoch=6 batch=2850 global_step=2071 loss_reg_months=5.3219 lr=0.00019015 grad_norm=2.3262 throughput=16.63 img/s eta_seconds=72.8 gpu_alloc=476.3MiB gpu_reserved=3472.0MiB skipped_batches=0
2026-08-16 10:25:36,988 | INFO | epoch=6 batch=2875 global_step=2074 loss_reg_months=5.3179 lr=0.00019015 grad_norm=1.4638 throughput=16.63 img/s eta_seconds=66.8 gpu_alloc=476.3MiB gpu_reserved=3472.0MiB skipped_batches=0
2026-08-16 10:25:42,943 | INFO | epoch=6 batch=2900 global_step=2077 loss_reg_months=5.3311 lr=0.00019015 grad_norm=2.2358 throughput=16.64 img/s eta_seconds=60.8 gpu_alloc=476.3MiB gpu_reserved=3472.0MiB skipped_batches=0
2026-08-16 10:25:48,822 | INFO | epoch=6 batch=2925 global_step=2080 loss_reg_months=5.3307 lr=0.00019015 grad_norm=0.9703 throughput=16.64 img/s eta_seconds=54.8 gpu_alloc=367.7MiB gpu_reserved=3472.0MiB skipped_batches=0
2026-08-16 10:25:54,722 | INFO | epoch=6 batch=2950 global_step=2082 loss_reg_months=5.3284 lr=0.00019015 grad_norm=1.5646 throughput=16.64 img/s eta_seconds=48.7 gpu_alloc=476.3MiB gpu_reserved=3472.0MiB skipped_batches=0
2026-08-16 10:26:00,688 | INFO | epoch=6 batch=2975 global_step=2085 loss_reg_months=5.3330 lr=0.00019015 grad_norm=1.8156 throughput=16.64 img/s eta_seconds=42.7 gpu_alloc=476.3MiB gpu_reserved=3472.0MiB skipped_batches=0
2026-08-16 10:26:06,618 | INFO | epoch=6 batch=3000 global_step=2088 loss_reg_months=5.3339 lr=0.00019015 grad_norm=0.8527 throughput=16.64 img/s eta_seconds=36.7 gpu_alloc=476.3MiB gpu_reserved=3472.0MiB skipped_batches=0
2026-08-16 10:26:12,686 | INFO | epoch=6 batch=3025 global_step=2091 loss_reg_months=5.3377 lr=0.00019015 grad_norm=1.1075 throughput=16.64 img/s eta_seconds=30.7 gpu_alloc=476.3MiB gpu_reserved=3472.0MiB skipped_batches=0
2026-08-16 10:26:18,602 | INFO | epoch=6 batch=3050 global_step=2093 loss_reg_months=5.3365 lr=0.00019015 grad_norm=1.4877 throughput=16.64 img/s eta_seconds=24.7 gpu_alloc=476.3MiB gpu_reserved=3472.0MiB skipped_batches=0
2026-08-16 10:26:24,539 | INFO | epoch=6 batch=3075 global_step=2096 loss_reg_months=5.3372 lr=0.00019015 grad_norm=1.5617 throughput=16.65 img/s eta_seconds=18.7 gpu_alloc=476.3MiB gpu_reserved=3472.0MiB skipped_batches=0
2026-08-16 10:26:30,508 | INFO | epoch=6 batch=3100 global_step=2099 loss_reg_months=5.3427 lr=0.00019015 grad_norm=0.8215 throughput=16.65 img/s eta_seconds=12.7 gpu_alloc=476.3MiB gpu_reserved=3472.0MiB skipped_batches=0
2026-08-16 10:26:36,442 | INFO | epoch=6 batch=3125 global_step=2102 loss_reg_months=5.3430 lr=0.00019015 grad_norm=1.3659 throughput=16.65 img/s eta_seconds=6.7 gpu_alloc=476.3MiB gpu_reserved=3472.0MiB skipped_batches=0
2026-08-16 10:26:42,364 | INFO | epoch=6 batch=3150 global_step=2105 loss_reg_months=5.3518 lr=0.00019015 grad_norm=1.6720 throughput=16.65 img/s eta_seconds=0.7 gpu_alloc=367.7MiB gpu_reserved=3472.0MiB skipped_batches=0
2026-08-16 10:27:28,741 | WARNING | STABILITY WARNING [CAM] Validation MAE xấu đi trong khi train loss giảm
2026-08-16 10:27:28,741 | INFO | 
TRAINING REVIEW SNAPSHOT
Run ID / config hash / split hash: P6_D0_CONVNEXT_TINY_768_SEED42 / 0e80cf6f780f / 7328667e6822+f650a20432b5
Epoch / global step: 6 / 2106
Train loss: 5.3543
Validation MAE / RMSE / median AE: 7.4988 / 9.9723 / 6.0000
MAE nam / nữ / age bins: {'F': 8.273293711656441, 'M': 6.845569210866753} / {'0-59': 5.380984042553192, '120-179': 7.648331273176762, '60-119': 8.569796954314722, '180-228': 4.8125}
Learning rate / peak VRAM: 0.00019015 / 3472.0 MiB
Best epoch / best MAE / epochs không cải thiện: 2 / 6.7533 / 4
Cảnh báo hiện tại: CAM: Validation MAE xấu đi trong khi train loss giảm
Checkpoint gần nhất: p1_baseline\runs\P6_D0_CONVNEXT_TINY_768_SEED42\last.ckpt
Checkpoint tốt nhất: p1_baseline\runs\P6_D0_CONVNEXT_TINY_768_SEED42\best_mae.ckpt
Đề xuất tự động: THEO DÕI
2026-08-16 10:27:44,798 | INFO | epoch=7 batch=25 global_step=2108 loss_reg_months=6.3657 lr=0.00018592 grad_norm=2.5317 throughput=7.25 img/s eta_seconds=1725.3 gpu_alloc=476.3MiB gpu_reserved=3472.0MiB skipped_batches=0
2026-08-16 10:27:50,875 | INFO | epoch=7 batch=50 global_step=2111 loss_reg_months=5.7321 lr=0.00018592 grad_norm=1.5428 throughput=10.07 img/s eta_seconds=1232.9 gpu_alloc=476.3MiB gpu_reserved=3472.0MiB skipped_batches=0
2026-08-16 10:27:56,863 | INFO | epoch=7 batch=75 global_step=2114 loss_reg_months=5.3109 lr=0.00018592 grad_norm=1.5032 throughput=11.60 img/s eta_seconds=1061.0 gpu_alloc=476.3MiB gpu_reserved=3472.0MiB skipped_batches=0
2026-08-16 10:28:02,821 | INFO | epoch=7 batch=100 global_step=2117 loss_reg_months=5.3720 lr=0.00018592 grad_norm=1.4634 throughput=12.57 img/s eta_seconds=971.2 gpu_alloc=476.3MiB gpu_reserved=3472.0MiB skipped_batches=0
2026-08-16 10:28:08,726 | INFO | epoch=7 batch=125 global_step=2119 loss_reg_months=5.3011 lr=0.00018592 grad_norm=1.9636 throughput=13.26 img/s eta_seconds=913.6 gpu_alloc=476.3MiB gpu_reserved=3472.0MiB skipped_batches=0
2026-08-16 10:28:14,734 | INFO | epoch=7 batch=150 global_step=2122 loss_reg_months=5.3385 lr=0.00018592 grad_norm=1.1188 throughput=13.72 img/s eta_seconds=875.3 gpu_alloc=476.3MiB gpu_reserved=3472.0MiB skipped_batches=0
2026-08-16 10:28:20,749 | INFO | epoch=7 batch=175 global_step=2125 loss_reg_months=5.4472 lr=0.00018592 grad_norm=1.1583 throughput=14.07 img/s eta_seconds=846.4 gpu_alloc=476.3MiB gpu_reserved=3472.0MiB skipped_batches=0
2026-08-16 10:28:26,734 | INFO | epoch=7 batch=200 global_step=2128 loss_reg_months=5.4951 lr=0.00018592 grad_norm=1.4493 throughput=14.36 img/s eta_seconds=822.7 gpu_alloc=476.3MiB gpu_reserved=3472.0MiB skipped_batches=0
2026-08-16 10:28:32,595 | INFO | epoch=7 batch=225 global_step=2131 loss_reg_months=5.5445 lr=0.00018592 grad_norm=3.1012 throughput=14.61 img/s eta_seconds=801.4 gpu_alloc=367.7MiB gpu_reserved=3472.0MiB skipped_batches=0
2026-08-16 10:28:38,449 | INFO | epoch=7 batch=250 global_step=2133 loss_reg_months=5.5646 lr=0.00018592 grad_norm=1.7167 throughput=14.83 img/s eta_seconds=783.1 gpu_alloc=476.3MiB gpu_reserved=3472.0MiB skipped_batches=0
2026-08-16 10:28:44,300 | INFO | epoch=7 batch=275 global_step=2136 loss_reg_months=5.4855 lr=0.00018592 grad_norm=2.3265 throughput=15.01 img/s eta_seconds=767.0 gpu_alloc=476.3MiB gpu_reserved=3472.0MiB skipped_batches=0
2026-08-16 10:28:50,198 | INFO | epoch=7 batch=300 global_step=2139 loss_reg_months=5.4313 lr=0.00018592 grad_norm=0.9897 throughput=15.15 img/s eta_seconds=753.0 gpu_alloc=476.3MiB gpu_reserved=3472.0MiB skipped_batches=0
2026-08-16 10:28:56,066 | INFO | epoch=7 batch=325 global_step=2142 loss_reg_months=5.4432 lr=0.00018592 grad_norm=2.0271 throughput=15.28 img/s eta_seconds=740.1 gpu_alloc=476.3MiB gpu_reserved=3472.0MiB skipped_batches=0
2026-08-16 10:29:01,919 | INFO | epoch=7 batch=350 global_step=2144 loss_reg_months=5.4069 lr=0.00018592 grad_norm=1.2633 throughput=15.40 img/s eta_seconds=728.0 gpu_alloc=476.3MiB gpu_reserved=3472.0MiB skipped_batches=0
2026-08-16 10:29:07,797 | INFO | epoch=7 batch=375 global_step=2147 loss_reg_months=5.4601 lr=0.00018592 grad_norm=1.6541 throughput=15.50 img/s eta_seconds=716.9 gpu_alloc=476.3MiB gpu_reserved=3472.0MiB skipped_batches=0
2026-08-16 10:29:13,761 | INFO | epoch=7 batch=400 global_step=2150 loss_reg_months=5.5119 lr=0.00018592 grad_norm=0.9519 throughput=15.57 img/s eta_seconds=707.1 gpu_alloc=476.3MiB gpu_reserved=3472.0MiB skipped_batches=0
2026-08-16 10:29:19,854 | INFO | epoch=7 batch=425 global_step=2153 loss_reg_months=5.4404 lr=0.00018592 grad_norm=1.4809 throughput=15.62 img/s eta_seconds=698.6 gpu_alloc=476.3MiB gpu_reserved=3472.0MiB skipped_batches=0
2026-08-16 10:29:25,959 | INFO | epoch=7 batch=450 global_step=2156 loss_reg_months=5.4233 lr=0.00018592 grad_norm=1.1386 throughput=15.66 img/s eta_seconds=690.4 gpu_alloc=367.7MiB gpu_reserved=3472.0MiB skipped_batches=0
2026-08-16 10:29:31,935 | INFO | epoch=7 batch=475 global_step=2158 loss_reg_months=5.4194 lr=0.00018592 grad_norm=1.3581 throughput=15.71 img/s eta_seconds=681.7 gpu_alloc=476.3MiB gpu_reserved=3472.0MiB skipped_batches=0
2026-08-16 10:29:37,928 | INFO | epoch=7 batch=500 global_step=2161 loss_reg_months=5.4269 lr=0.00018592 grad_norm=1.6117 throughput=15.76 img/s eta_seconds=673.4 gpu_alloc=476.3MiB gpu_reserved=3472.0MiB skipped_batches=0
2026-08-16 10:29:43,833 | INFO | epoch=7 batch=525 global_step=2164 loss_reg_months=5.4100 lr=0.00018592 grad_norm=1.7884 throughput=15.81 img/s eta_seconds=664.8 gpu_alloc=476.3MiB gpu_reserved=3472.0MiB skipped_batches=0
2026-08-16 10:29:49,738 | INFO | epoch=7 batch=550 global_step=2167 loss_reg_months=5.4134 lr=0.00018592 grad_norm=1.3799 throughput=15.86 img/s eta_seconds=656.5 gpu_alloc=476.3MiB gpu_reserved=3472.0MiB skipped_batches=0
2026-08-16 10:29:55,691 | INFO | epoch=7 batch=575 global_step=2169 loss_reg_months=5.4024 lr=0.00018592 grad_norm=1.2677 throughput=15.90 img/s eta_seconds=648.6 gpu_alloc=476.3MiB gpu_reserved=3472.0MiB skipped_batches=0
2026-08-16 10:30:01,742 | INFO | epoch=7 batch=600 global_step=2172 loss_reg_months=5.3710 lr=0.00018592 grad_norm=1.0592 throughput=15.92 img/s eta_seconds=641.3 gpu_alloc=476.3MiB gpu_reserved=3472.0MiB skipped_batches=0
2026-08-16 10:30:07,777 | INFO | epoch=7 batch=625 global_step=2175 loss_reg_months=5.3838 lr=0.00018592 grad_norm=1.0793 throughput=15.95 img/s eta_seconds=634.0 gpu_alloc=476.3MiB gpu_reserved=3472.0MiB skipped_batches=0
2026-08-16 10:30:13,735 | INFO | epoch=7 batch=650 global_step=2178 loss_reg_months=5.3264 lr=0.00018592 grad_norm=1.8478 throughput=15.98 img/s eta_seconds=626.6 gpu_alloc=476.3MiB gpu_reserved=3472.0MiB skipped_batches=0
2026-08-16 10:30:19,600 | INFO | epoch=7 batch=675 global_step=2181 loss_reg_months=5.3558 lr=0.00018592 grad_norm=2.0306 throughput=16.01 img/s eta_seconds=618.9 gpu_alloc=367.7MiB gpu_reserved=3472.0MiB skipped_batches=0
2026-08-16 10:30:25,421 | INFO | epoch=7 batch=700 global_step=2183 loss_reg_months=5.3380 lr=0.00018592 grad_norm=1.7403 throughput=16.05 img/s eta_seconds=611.1 gpu_alloc=476.3MiB gpu_reserved=3472.0MiB skipped_batches=0
2026-08-16 10:30:31,275 | INFO | epoch=7 batch=725 global_step=2186 loss_reg_months=5.3538 lr=0.00018592 grad_norm=2.3758 throughput=16.09 img/s eta_seconds=603.6 gpu_alloc=476.3MiB gpu_reserved=3472.0MiB skipped_batches=0
2026-08-16 10:30:37,240 | INFO | epoch=7 batch=750 global_step=2189 loss_reg_months=5.3163 lr=0.00018592 grad_norm=1.0977 throughput=16.11 img/s eta_seconds=596.6 gpu_alloc=476.3MiB gpu_reserved=3472.0MiB skipped_batches=0
2026-08-16 10:30:43,269 | INFO | epoch=7 batch=775 global_step=2192 loss_reg_months=5.3002 lr=0.00018592 grad_norm=1.0408 throughput=16.12 img/s eta_seconds=589.9 gpu_alloc=476.3MiB gpu_reserved=3472.0MiB skipped_batches=0
2026-08-16 10:30:49,359 | INFO | epoch=7 batch=800 global_step=2194 loss_reg_months=5.2707 lr=0.00018592 grad_norm=1.1764 throughput=16.13 img/s eta_seconds=583.3 gpu_alloc=476.3MiB gpu_reserved=3472.0MiB skipped_batches=0
2026-08-16 10:30:55,237 | INFO | epoch=7 batch=825 global_step=2197 loss_reg_months=5.2814 lr=0.00018592 grad_norm=2.3066 throughput=16.16 img/s eta_seconds=576.2 gpu_alloc=476.3MiB gpu_reserved=3472.0MiB skipped_batches=0
2026-08-16 10:31:01,166 | INFO | epoch=7 batch=850 global_step=2200 loss_reg_months=5.3011 lr=0.00018592 grad_norm=1.6613 throughput=16.18 img/s eta_seconds=569.3 gpu_alloc=476.3MiB gpu_reserved=3472.0MiB skipped_batches=0
2026-08-16 10:31:07,250 | INFO | epoch=7 batch=875 global_step=2203 loss_reg_months=5.2992 lr=0.00018592 grad_norm=1.5460 throughput=16.19 img/s eta_seconds=562.9 gpu_alloc=476.3MiB gpu_reserved=3472.0MiB skipped_batches=0
2026-08-16 10:31:13,289 | INFO | epoch=7 batch=900 global_step=2206 loss_reg_months=5.3070 lr=0.00018592 grad_norm=1.6096 throughput=16.20 img/s eta_seconds=556.4 gpu_alloc=367.7MiB gpu_reserved=3472.0MiB skipped_batches=0
2026-08-16 10:31:19,057 | INFO | epoch=7 batch=925 global_step=2208 loss_reg_months=5.3138 lr=0.00018592 grad_norm=1.8247 throughput=16.22 img/s eta_seconds=549.2 gpu_alloc=476.3MiB gpu_reserved=3472.0MiB skipped_batches=0
2026-08-16 10:31:24,815 | INFO | epoch=7 batch=950 global_step=2211 loss_reg_months=5.3062 lr=0.00018592 grad_norm=1.7418 throughput=16.25 img/s eta_seconds=542.1 gpu_alloc=476.3MiB gpu_reserved=3472.0MiB skipped_batches=0
2026-08-16 10:31:30,589 | INFO | epoch=7 batch=975 global_step=2214 loss_reg_months=5.2818 lr=0.00018592 grad_norm=1.0085 throughput=16.28 img/s eta_seconds=535.1 gpu_alloc=476.3MiB gpu_reserved=3472.0MiB skipped_batches=0
2026-08-16 10:31:36,632 | INFO | epoch=7 batch=1000 global_step=2217 loss_reg_months=5.2675 lr=0.00018592 grad_norm=1.2722 throughput=16.29 img/s eta_seconds=528.8 gpu_alloc=476.3MiB gpu_reserved=3472.0MiB skipped_batches=0
2026-08-16 10:31:42,825 | INFO | epoch=7 batch=1025 global_step=2219 loss_reg_months=5.2818 lr=0.00018592 grad_norm=1.5598 throughput=16.28 img/s eta_seconds=522.7 gpu_alloc=476.3MiB gpu_reserved=3472.0MiB skipped_batches=0
2026-08-16 10:31:48,852 | INFO | epoch=7 batch=1050 global_step=2222 loss_reg_months=5.2908 lr=0.00018592 grad_norm=1.3194 throughput=16.29 img/s eta_seconds=516.4 gpu_alloc=476.3MiB gpu_reserved=3472.0MiB skipped_batches=0
2026-08-16 10:31:54,879 | INFO | epoch=7 batch=1075 global_step=2225 loss_reg_months=5.3007 lr=0.00018592 grad_norm=1.1187 throughput=16.30 img/s eta_seconds=510.0 gpu_alloc=476.3MiB gpu_reserved=3472.0MiB skipped_batches=0
2026-08-16 10:32:00,788 | INFO | epoch=7 batch=1100 global_step=2228 loss_reg_months=5.2880 lr=0.00018592 grad_norm=1.4975 throughput=16.31 img/s eta_seconds=503.4 gpu_alloc=476.3MiB gpu_reserved=3472.0MiB skipped_batches=0
2026-08-16 10:32:06,707 | INFO | epoch=7 batch=1125 global_step=2231 loss_reg_months=5.2999 lr=0.00018592 grad_norm=1.2660 throughput=16.32 img/s eta_seconds=496.9 gpu_alloc=367.7MiB gpu_reserved=3472.0MiB skipped_batches=0
2026-08-16 10:32:12,594 | INFO | epoch=7 batch=1150 global_step=2233 loss_reg_months=5.2958 lr=0.00018592 grad_norm=1.0392 throughput=16.34 img/s eta_seconds=490.4 gpu_alloc=476.3MiB gpu_reserved=3472.0MiB skipped_batches=0
2026-08-16 10:32:18,508 | INFO | epoch=7 batch=1175 global_step=2236 loss_reg_months=5.2890 lr=0.00018592 grad_norm=1.1561 throughput=16.35 img/s eta_seconds=483.9 gpu_alloc=476.3MiB gpu_reserved=3472.0MiB skipped_batches=0
2026-08-16 10:32:24,411 | INFO | epoch=7 batch=1200 global_step=2239 loss_reg_months=5.2685 lr=0.00018592 grad_norm=1.1323 throughput=16.36 img/s eta_seconds=477.5 gpu_alloc=476.3MiB gpu_reserved=3472.0MiB skipped_batches=0
2026-08-16 10:32:30,321 | INFO | epoch=7 batch=1225 global_step=2242 loss_reg_months=5.2743 lr=0.00018592 grad_norm=1.9675 throughput=16.37 img/s eta_seconds=471.0 gpu_alloc=476.3MiB gpu_reserved=3472.0MiB skipped_batches=0
2026-08-16 10:32:36,198 | INFO | epoch=7 batch=1250 global_step=2244 loss_reg_months=5.2710 lr=0.00018592 grad_norm=1.0211 throughput=16.38 img/s eta_seconds=464.6 gpu_alloc=476.3MiB gpu_reserved=3472.0MiB skipped_batches=0
2026-08-16 10:32:42,095 | INFO | epoch=7 batch=1275 global_step=2247 loss_reg_months=5.2682 lr=0.00018592 grad_norm=1.6665 throughput=16.39 img/s eta_seconds=458.2 gpu_alloc=476.3MiB gpu_reserved=3472.0MiB skipped_batches=0
2026-08-16 10:32:48,003 | INFO | epoch=7 batch=1300 global_step=2250 loss_reg_months=5.2520 lr=0.00018592 grad_norm=3.6960 throughput=16.40 img/s eta_seconds=451.8 gpu_alloc=476.3MiB gpu_reserved=3472.0MiB skipped_batches=0
2026-08-16 10:32:53,930 | INFO | epoch=7 batch=1325 global_step=2253 loss_reg_months=5.2389 lr=0.00018592 grad_norm=1.2480 throughput=16.41 img/s eta_seconds=445.4 gpu_alloc=476.3MiB gpu_reserved=3472.0MiB skipped_batches=0
2026-08-16 10:32:59,853 | INFO | epoch=7 batch=1350 global_step=2256 loss_reg_months=5.2536 lr=0.00018592 grad_norm=0.9740 throughput=16.42 img/s eta_seconds=439.1 gpu_alloc=367.7MiB gpu_reserved=3472.0MiB skipped_batches=0
2026-08-16 10:33:05,721 | INFO | epoch=7 batch=1375 global_step=2258 loss_reg_months=5.2367 lr=0.00018592 grad_norm=1.9513 throughput=16.43 img/s eta_seconds=432.8 gpu_alloc=476.3MiB gpu_reserved=3472.0MiB skipped_batches=0
2026-08-16 10:33:11,650 | INFO | epoch=7 batch=1400 global_step=2261 loss_reg_months=5.2636 lr=0.00018592 grad_norm=2.2200 throughput=16.44 img/s eta_seconds=426.5 gpu_alloc=476.3MiB gpu_reserved=3472.0MiB skipped_batches=0
2026-08-16 10:33:17,574 | INFO | epoch=7 batch=1425 global_step=2264 loss_reg_months=5.2612 lr=0.00018592 grad_norm=1.4343 throughput=16.45 img/s eta_seconds=420.2 gpu_alloc=476.3MiB gpu_reserved=3472.0MiB skipped_batches=0
2026-08-16 10:33:23,478 | INFO | epoch=7 batch=1450 global_step=2267 loss_reg_months=5.2930 lr=0.00018592 grad_norm=1.8390 throughput=16.46 img/s eta_seconds=413.9 gpu_alloc=476.3MiB gpu_reserved=3472.0MiB skipped_batches=0
2026-08-16 10:33:29,355 | INFO | epoch=7 batch=1475 global_step=2269 loss_reg_months=5.2967 lr=0.00018592 grad_norm=1.3101 throughput=16.46 img/s eta_seconds=407.6 gpu_alloc=476.3MiB gpu_reserved=3472.0MiB skipped_batches=0
2026-08-16 10:33:35,276 | INFO | epoch=7 batch=1500 global_step=2272 loss_reg_months=5.3052 lr=0.00018592 grad_norm=2.0529 throughput=16.47 img/s eta_seconds=401.4 gpu_alloc=476.3MiB gpu_reserved=3472.0MiB skipped_batches=0
2026-08-16 10:33:41,175 | INFO | epoch=7 batch=1525 global_step=2275 loss_reg_months=5.3025 lr=0.00018592 grad_norm=1.4864 throughput=16.48 img/s eta_seconds=395.1 gpu_alloc=476.3MiB gpu_reserved=3472.0MiB skipped_batches=0
2026-08-16 10:33:47,063 | INFO | epoch=7 batch=1550 global_step=2278 loss_reg_months=5.3113 lr=0.00018592 grad_norm=1.3492 throughput=16.49 img/s eta_seconds=388.9 gpu_alloc=476.3MiB gpu_reserved=3472.0MiB skipped_batches=0
2026-08-16 10:33:52,958 | INFO | epoch=7 batch=1575 global_step=2281 loss_reg_months=5.3089 lr=0.00018592 grad_norm=1.7154 throughput=16.49 img/s eta_seconds=382.6 gpu_alloc=367.7MiB gpu_reserved=3472.0MiB skipped_batches=0
2026-08-16 10:33:58,851 | INFO | epoch=7 batch=1600 global_step=2283 loss_reg_months=5.3099 lr=0.00018592 grad_norm=2.5796 throughput=16.50 img/s eta_seconds=376.4 gpu_alloc=476.3MiB gpu_reserved=3472.0MiB skipped_batches=0
2026-08-16 10:34:04,741 | INFO | epoch=7 batch=1625 global_step=2286 loss_reg_months=5.3024 lr=0.00018592 grad_norm=1.4327 throughput=16.51 img/s eta_seconds=370.2 gpu_alloc=476.3MiB gpu_reserved=3472.0MiB skipped_batches=0
2026-08-16 10:34:10,645 | INFO | epoch=7 batch=1650 global_step=2289 loss_reg_months=5.3092 lr=0.00018592 grad_norm=1.7935 throughput=16.51 img/s eta_seconds=364.0 gpu_alloc=476.3MiB gpu_reserved=3472.0MiB skipped_batches=0
2026-08-16 10:34:16,647 | INFO | epoch=7 batch=1675 global_step=2292 loss_reg_months=5.3121 lr=0.00018592 grad_norm=1.5795 throughput=16.52 img/s eta_seconds=357.9 gpu_alloc=476.3MiB gpu_reserved=3472.0MiB skipped_batches=0
2026-08-16 10:34:22,528 | INFO | epoch=7 batch=1700 global_step=2294 loss_reg_months=5.2988 lr=0.00018592 grad_norm=1.1549 throughput=16.52 img/s eta_seconds=351.7 gpu_alloc=476.3MiB gpu_reserved=3472.0MiB skipped_batches=0
2026-08-16 10:34:28,445 | INFO | epoch=7 batch=1725 global_step=2297 loss_reg_months=5.2963 lr=0.00018592 grad_norm=1.2898 throughput=16.53 img/s eta_seconds=345.5 gpu_alloc=476.3MiB gpu_reserved=3472.0MiB skipped_batches=0
2026-08-16 10:34:34,346 | INFO | epoch=7 batch=1750 global_step=2300 loss_reg_months=5.2802 lr=0.00018592 grad_norm=2.5846 throughput=16.54 img/s eta_seconds=339.3 gpu_alloc=476.3MiB gpu_reserved=3472.0MiB skipped_batches=0
2026-08-16 10:34:40,261 | INFO | epoch=7 batch=1775 global_step=2303 loss_reg_months=5.2870 lr=0.00018592 grad_norm=2.1953 throughput=16.54 img/s eta_seconds=333.2 gpu_alloc=476.3MiB gpu_reserved=3472.0MiB skipped_batches=0
2026-08-16 10:34:46,182 | INFO | epoch=7 batch=1800 global_step=2306 loss_reg_months=5.2751 lr=0.00018592 grad_norm=1.9986 throughput=16.55 img/s eta_seconds=327.0 gpu_alloc=367.7MiB gpu_reserved=3472.0MiB skipped_batches=0
2026-08-16 10:34:52,046 | INFO | epoch=7 batch=1825 global_step=2308 loss_reg_months=5.2845 lr=0.00018592 grad_norm=1.2559 throughput=16.55 img/s eta_seconds=320.9 gpu_alloc=476.3MiB gpu_reserved=3472.0MiB skipped_batches=0
2026-08-16 10:34:57,955 | INFO | epoch=7 batch=1850 global_step=2311 loss_reg_months=5.3008 lr=0.00018592 grad_norm=1.7516 throughput=16.56 img/s eta_seconds=314.7 gpu_alloc=476.3MiB gpu_reserved=3472.0MiB skipped_batches=0
2026-08-16 10:35:03,882 | INFO | epoch=7 batch=1875 global_step=2314 loss_reg_months=5.2918 lr=0.00018592 grad_norm=0.9914 throughput=16.56 img/s eta_seconds=308.6 gpu_alloc=476.3MiB gpu_reserved=3472.0MiB skipped_batches=0
2026-08-16 10:35:09,815 | INFO | epoch=7 batch=1900 global_step=2317 loss_reg_months=5.2802 lr=0.00018592 grad_norm=1.4830 throughput=16.56 img/s eta_seconds=302.5 gpu_alloc=476.3MiB gpu_reserved=3472.0MiB skipped_batches=0
2026-08-16 10:35:15,674 | INFO | epoch=7 batch=1925 global_step=2319 loss_reg_months=5.2787 lr=0.00018592 grad_norm=1.4995 throughput=16.57 img/s eta_seconds=296.4 gpu_alloc=476.3MiB gpu_reserved=3472.0MiB skipped_batches=0
2026-08-16 10:35:21,662 | INFO | epoch=7 batch=1950 global_step=2322 loss_reg_months=5.2945 lr=0.00018592 grad_norm=1.7550 throughput=16.57 img/s eta_seconds=290.3 gpu_alloc=476.3MiB gpu_reserved=3472.0MiB skipped_batches=0
2026-08-16 10:35:27,550 | INFO | epoch=7 batch=1975 global_step=2325 loss_reg_months=5.3002 lr=0.00018592 grad_norm=1.3833 throughput=16.58 img/s eta_seconds=284.2 gpu_alloc=476.3MiB gpu_reserved=3472.0MiB skipped_batches=0
2026-08-16 10:35:33,523 | INFO | epoch=7 batch=2000 global_step=2328 loss_reg_months=5.3149 lr=0.00018592 grad_norm=2.1789 throughput=16.58 img/s eta_seconds=278.1 gpu_alloc=476.3MiB gpu_reserved=3472.0MiB skipped_batches=0
2026-08-16 10:35:39,488 | INFO | epoch=7 batch=2025 global_step=2331 loss_reg_months=5.3155 lr=0.00018592 grad_norm=1.4457 throughput=16.58 img/s eta_seconds=272.0 gpu_alloc=367.7MiB gpu_reserved=3472.0MiB skipped_batches=0
2026-08-16 10:35:45,369 | INFO | epoch=7 batch=2050 global_step=2333 loss_reg_months=5.3063 lr=0.00018592 grad_norm=1.5910 throughput=16.59 img/s eta_seconds=265.9 gpu_alloc=476.3MiB gpu_reserved=3472.0MiB skipped_batches=0
2026-08-16 10:35:51,266 | INFO | epoch=7 batch=2075 global_step=2336 loss_reg_months=5.3022 lr=0.00018592 grad_norm=1.2762 throughput=16.59 img/s eta_seconds=259.8 gpu_alloc=476.3MiB gpu_reserved=3472.0MiB skipped_batches=0
2026-08-16 10:35:57,217 | INFO | epoch=7 batch=2100 global_step=2339 loss_reg_months=5.3021 lr=0.00018592 grad_norm=1.2308 throughput=16.59 img/s eta_seconds=253.8 gpu_alloc=476.3MiB gpu_reserved=3472.0MiB skipped_batches=0
2026-08-16 10:36:03,179 | INFO | epoch=7 batch=2125 global_step=2342 loss_reg_months=5.3027 lr=0.00018592 grad_norm=1.2035 throughput=16.60 img/s eta_seconds=247.7 gpu_alloc=476.3MiB gpu_reserved=3472.0MiB skipped_batches=0
2026-08-16 10:36:09,128 | INFO | epoch=7 batch=2150 global_step=2344 loss_reg_months=5.2977 lr=0.00018592 grad_norm=0.7732 throughput=16.60 img/s eta_seconds=241.6 gpu_alloc=476.3MiB gpu_reserved=3472.0MiB skipped_batches=0
2026-08-16 10:36:15,187 | INFO | epoch=7 batch=2175 global_step=2347 loss_reg_months=5.3110 lr=0.00018592 grad_norm=1.0547 throughput=16.60 img/s eta_seconds=235.6 gpu_alloc=476.3MiB gpu_reserved=3472.0MiB skipped_batches=0
2026-08-16 10:36:21,205 | INFO | epoch=7 batch=2200 global_step=2350 loss_reg_months=5.3194 lr=0.00018592 grad_norm=1.8139 throughput=16.60 img/s eta_seconds=229.6 gpu_alloc=476.3MiB gpu_reserved=3472.0MiB skipped_batches=0
2026-08-16 10:36:27,170 | INFO | epoch=7 batch=2225 global_step=2353 loss_reg_months=5.3238 lr=0.00018592 grad_norm=1.3458 throughput=16.60 img/s eta_seconds=223.6 gpu_alloc=476.3MiB gpu_reserved=3472.0MiB skipped_batches=0
2026-08-16 10:36:33,247 | INFO | epoch=7 batch=2250 global_step=2356 loss_reg_months=5.3223 lr=0.00018592 grad_norm=1.1364 throughput=16.60 img/s eta_seconds=217.6 gpu_alloc=367.7MiB gpu_reserved=3472.0MiB skipped_batches=0
2026-08-16 10:36:39,365 | INFO | epoch=7 batch=2275 global_step=2358 loss_reg_months=5.3259 lr=0.00018592 grad_norm=2.3046 throughput=16.60 img/s eta_seconds=211.6 gpu_alloc=476.3MiB gpu_reserved=3472.0MiB skipped_batches=0
2026-08-16 10:36:45,300 | INFO | epoch=7 batch=2300 global_step=2361 loss_reg_months=5.3187 lr=0.00018592 grad_norm=1.2173 throughput=16.60 img/s eta_seconds=205.5 gpu_alloc=476.3MiB gpu_reserved=3472.0MiB skipped_batches=0
2026-08-16 10:36:51,249 | INFO | epoch=7 batch=2325 global_step=2364 loss_reg_months=5.3160 lr=0.00018592 grad_norm=1.3125 throughput=16.60 img/s eta_seconds=199.5 gpu_alloc=476.3MiB gpu_reserved=3472.0MiB skipped_batches=0
2026-08-16 10:36:57,191 | INFO | epoch=7 batch=2350 global_step=2367 loss_reg_months=5.3143 lr=0.00018592 grad_norm=1.4090 throughput=16.60 img/s eta_seconds=193.4 gpu_alloc=476.3MiB gpu_reserved=3472.0MiB skipped_batches=0
2026-08-16 10:37:03,131 | INFO | epoch=7 batch=2375 global_step=2369 loss_reg_months=5.3222 lr=0.00018592 grad_norm=1.4190 throughput=16.60 img/s eta_seconds=187.4 gpu_alloc=476.3MiB gpu_reserved=3472.0MiB skipped_batches=0
2026-08-16 10:37:09,141 | INFO | epoch=7 batch=2400 global_step=2372 loss_reg_months=5.3270 lr=0.00018592 grad_norm=1.7142 throughput=16.61 img/s eta_seconds=181.3 gpu_alloc=476.3MiB gpu_reserved=3472.0MiB skipped_batches=0
2026-08-16 10:37:15,107 | INFO | epoch=7 batch=2425 global_step=2375 loss_reg_months=5.3198 lr=0.00018592 grad_norm=1.2223 throughput=16.61 img/s eta_seconds=175.3 gpu_alloc=476.3MiB gpu_reserved=3472.0MiB skipped_batches=0
2026-08-16 10:37:21,139 | INFO | epoch=7 batch=2450 global_step=2378 loss_reg_months=5.3170 lr=0.00018592 grad_norm=1.5937 throughput=16.61 img/s eta_seconds=169.3 gpu_alloc=476.3MiB gpu_reserved=3472.0MiB skipped_batches=0
2026-08-16 10:37:27,211 | INFO | epoch=7 batch=2475 global_step=2381 loss_reg_months=5.3132 lr=0.00018592 grad_norm=1.6235 throughput=16.61 img/s eta_seconds=163.3 gpu_alloc=367.7MiB gpu_reserved=3472.0MiB skipped_batches=0
2026-08-16 10:37:33,133 | INFO | epoch=7 batch=2500 global_step=2383 loss_reg_months=5.3082 lr=0.00018592 grad_norm=1.0203 throughput=16.61 img/s eta_seconds=157.2 gpu_alloc=476.3MiB gpu_reserved=3472.0MiB skipped_batches=0
2026-08-16 10:37:39,084 | INFO | epoch=7 batch=2525 global_step=2386 loss_reg_months=5.3149 lr=0.00018592 grad_norm=1.4187 throughput=16.61 img/s eta_seconds=151.2 gpu_alloc=476.3MiB gpu_reserved=3472.0MiB skipped_batches=0
2026-08-16 10:37:45,069 | INFO | epoch=7 batch=2550 global_step=2389 loss_reg_months=5.3161 lr=0.00018592 grad_norm=1.7048 throughput=16.61 img/s eta_seconds=145.1 gpu_alloc=476.3MiB gpu_reserved=3472.0MiB skipped_batches=0
2026-08-16 10:37:51,253 | INFO | epoch=7 batch=2575 global_step=2392 loss_reg_months=5.3179 lr=0.00018592 grad_norm=1.6459 throughput=16.61 img/s eta_seconds=139.2 gpu_alloc=476.3MiB gpu_reserved=3472.0MiB skipped_batches=0
2026-08-16 10:37:57,291 | INFO | epoch=7 batch=2600 global_step=2394 loss_reg_months=5.3173 lr=0.00018592 grad_norm=1.3429 throughput=16.61 img/s eta_seconds=133.1 gpu_alloc=476.3MiB gpu_reserved=3472.0MiB skipped_batches=0
2026-08-16 10:38:03,203 | INFO | epoch=7 batch=2625 global_step=2397 loss_reg_months=5.3190 lr=0.00018592 grad_norm=1.3768 throughput=16.61 img/s eta_seconds=127.1 gpu_alloc=476.3MiB gpu_reserved=3472.0MiB skipped_batches=0
2026-08-16 10:38:09,012 | INFO | epoch=7 batch=2650 global_step=2400 loss_reg_months=5.3167 lr=0.00018592 grad_norm=1.8310 throughput=16.61 img/s eta_seconds=121.0 gpu_alloc=476.3MiB gpu_reserved=3472.0MiB skipped_batches=0
2026-08-16 10:38:15,325 | INFO | epoch=7 batch=2675 global_step=2403 loss_reg_months=5.3185 lr=0.00018592 grad_norm=1.1313 throughput=16.61 img/s eta_seconds=115.1 gpu_alloc=476.3MiB gpu_reserved=3472.0MiB skipped_batches=0
2026-08-16 10:38:21,845 | INFO | epoch=7 batch=2700 global_step=2406 loss_reg_months=5.3174 lr=0.00018592 grad_norm=1.7473 throughput=16.59 img/s eta_seconds=109.1 gpu_alloc=367.7MiB gpu_reserved=3472.0MiB skipped_batches=0
2026-08-16 10:38:28,201 | INFO | epoch=7 batch=2725 global_step=2408 loss_reg_months=5.3175 lr=0.00018592 grad_norm=2.0197 throughput=16.59 img/s eta_seconds=103.2 gpu_alloc=476.3MiB gpu_reserved=3472.0MiB skipped_batches=0
2026-08-16 10:38:34,294 | INFO | epoch=7 batch=2750 global_step=2411 loss_reg_months=5.3165 lr=0.00018592 grad_norm=1.5725 throughput=16.58 img/s eta_seconds=97.1 gpu_alloc=476.3MiB gpu_reserved=3472.0MiB skipped_batches=0
2026-08-16 10:38:40,187 | INFO | epoch=7 batch=2775 global_step=2414 loss_reg_months=5.3168 lr=0.00018592 grad_norm=1.5248 throughput=16.59 img/s eta_seconds=91.1 gpu_alloc=476.3MiB gpu_reserved=3472.0MiB skipped_batches=0
2026-08-16 10:38:46,078 | INFO | epoch=7 batch=2800 global_step=2417 loss_reg_months=5.3130 lr=0.00018592 grad_norm=1.0068 throughput=16.59 img/s eta_seconds=85.0 gpu_alloc=476.3MiB gpu_reserved=3472.0MiB skipped_batches=0
2026-08-16 10:38:51,994 | INFO | epoch=7 batch=2825 global_step=2419 loss_reg_months=5.3045 lr=0.00018592 grad_norm=1.0774 throughput=16.59 img/s eta_seconds=79.0 gpu_alloc=476.3MiB gpu_reserved=3472.0MiB skipped_batches=0
2026-08-16 10:38:57,898 | INFO | epoch=7 batch=2850 global_step=2422 loss_reg_months=5.3026 lr=0.00018592 grad_norm=1.6989 throughput=16.60 img/s eta_seconds=73.0 gpu_alloc=476.3MiB gpu_reserved=3472.0MiB skipped_batches=0
2026-08-16 10:39:03,789 | INFO | epoch=7 batch=2875 global_step=2425 loss_reg_months=5.3040 lr=0.00018592 grad_norm=1.9006 throughput=16.60 img/s eta_seconds=66.9 gpu_alloc=476.3MiB gpu_reserved=3472.0MiB skipped_batches=0
2026-08-16 10:39:09,758 | INFO | epoch=7 batch=2900 global_step=2428 loss_reg_months=5.3049 lr=0.00018592 grad_norm=2.2843 throughput=16.60 img/s eta_seconds=60.9 gpu_alloc=476.3MiB gpu_reserved=3472.0MiB skipped_batches=0
2026-08-16 10:39:15,759 | INFO | epoch=7 batch=2925 global_step=2431 loss_reg_months=5.3099 lr=0.00018592 grad_norm=1.0756 throughput=16.60 img/s eta_seconds=54.9 gpu_alloc=367.7MiB gpu_reserved=3472.0MiB skipped_batches=0
2026-08-16 10:39:21,750 | INFO | epoch=7 batch=2950 global_step=2433 loss_reg_months=5.3046 lr=0.00018592 grad_norm=1.0707 throughput=16.60 img/s eta_seconds=48.8 gpu_alloc=476.3MiB gpu_reserved=3472.0MiB skipped_batches=0
2026-08-16 10:39:27,655 | INFO | epoch=7 batch=2975 global_step=2436 loss_reg_months=5.3006 lr=0.00018592 grad_norm=1.9056 throughput=16.61 img/s eta_seconds=42.8 gpu_alloc=476.3MiB gpu_reserved=3472.0MiB skipped_batches=0
2026-08-16 10:39:33,624 | INFO | epoch=7 batch=3000 global_step=2439 loss_reg_months=5.2980 lr=0.00018592 grad_norm=1.4028 throughput=16.61 img/s eta_seconds=36.8 gpu_alloc=476.3MiB gpu_reserved=3472.0MiB skipped_batches=0
2026-08-16 10:39:39,680 | INFO | epoch=7 batch=3025 global_step=2442 loss_reg_months=5.2975 lr=0.00018592 grad_norm=1.1206 throughput=16.61 img/s eta_seconds=30.8 gpu_alloc=476.3MiB gpu_reserved=3472.0MiB skipped_batches=0
2026-08-16 10:39:45,576 | INFO | epoch=7 batch=3050 global_step=2444 loss_reg_months=5.2928 lr=0.00018592 grad_norm=1.2148 throughput=16.61 img/s eta_seconds=24.7 gpu_alloc=476.3MiB gpu_reserved=3472.0MiB skipped_batches=0
2026-08-16 10:39:51,475 | INFO | epoch=7 batch=3075 global_step=2447 loss_reg_months=5.2967 lr=0.00018592 grad_norm=1.7532 throughput=16.61 img/s eta_seconds=18.7 gpu_alloc=476.3MiB gpu_reserved=3472.0MiB skipped_batches=0
2026-08-16 10:39:57,507 | INFO | epoch=7 batch=3100 global_step=2450 loss_reg_months=5.2941 lr=0.00018592 grad_norm=1.7123 throughput=16.61 img/s eta_seconds=12.7 gpu_alloc=476.3MiB gpu_reserved=3472.0MiB skipped_batches=0
2026-08-16 10:40:03,684 | INFO | epoch=7 batch=3125 global_step=2453 loss_reg_months=5.2939 lr=0.00018592 grad_norm=1.4780 throughput=16.61 img/s eta_seconds=6.7 gpu_alloc=476.3MiB gpu_reserved=3472.0MiB skipped_batches=0
2026-08-16 10:40:09,691 | INFO | epoch=7 batch=3150 global_step=2456 loss_reg_months=5.2963 lr=0.00018592 grad_norm=2.3256 throughput=16.61 img/s eta_seconds=0.7 gpu_alloc=367.7MiB gpu_reserved=3472.0MiB skipped_batches=0
2026-08-16 10:40:56,319 | INFO | 
TRAINING REVIEW SNAPSHOT
Run ID / config hash / split hash: P6_D0_CONVNEXT_TINY_768_SEED42 / 0e80cf6f780f / 7328667e6822+f650a20432b5
Epoch / global step: 7 / 2457
Train loss: 5.2956
Validation MAE / RMSE / median AE: 6.2605 / 8.4010 / 5.0000
MAE nam / nữ / age bins: {'F': 6.577837423312883, 'M': 5.992884864165589} / {'0-59': 6.675531914893617, '120-179': 5.941285537700865, '60-119': 7.229060913705584, '180-228': 4.9921875}
Learning rate / peak VRAM: 0.00018592 / 3472.0 MiB
Best epoch / best MAE / epochs không cải thiện: 7 / 6.2605 / 0
Cảnh báo hiện tại: KHÔNG
Checkpoint gần nhất: p1_baseline\runs\P6_D0_CONVNEXT_TINY_768_SEED42\last.ckpt
Checkpoint tốt nhất: p1_baseline\runs\P6_D0_CONVNEXT_TINY_768_SEED42\best_mae.ckpt
Đề xuất tự động: TIẾP TỤC
2026-08-16 10:41:10,379 | INFO | epoch=8 batch=25 global_step=2459 loss_reg_months=5.1189 lr=0.00018100 grad_norm=1.1017 throughput=7.46 img/s eta_seconds=1677.5 gpu_alloc=476.3MiB gpu_reserved=3472.0MiB skipped_batches=0
2026-08-16 10:41:16,290 | INFO | epoch=8 batch=50 global_step=2462 loss_reg_months=5.5630 lr=0.00018100 grad_norm=1.3291 throughput=10.35 img/s eta_seconds=1198.8 gpu_alloc=476.3MiB gpu_reserved=3472.0MiB skipped_batches=0
2026-08-16 10:41:22,219 | INFO | epoch=8 batch=75 global_step=2465 loss_reg_months=5.5945 lr=0.00018100 grad_norm=1.6433 throughput=11.88 img/s eta_seconds=1036.1 gpu_alloc=476.3MiB gpu_reserved=3472.0MiB skipped_batches=0
2026-08-16 10:41:28,128 | INFO | epoch=8 batch=100 global_step=2468 loss_reg_months=5.3949 lr=0.00018100 grad_norm=1.2394 throughput=12.84 img/s eta_seconds=951.1 gpu_alloc=476.3MiB gpu_reserved=3472.0MiB skipped_batches=0
2026-08-16 10:41:34,029 | INFO | epoch=8 batch=125 global_step=2470 loss_reg_months=5.2993 lr=0.00018100 grad_norm=1.3098 throughput=13.49 img/s eta_seconds=897.6 gpu_alloc=476.3MiB gpu_reserved=3472.0MiB skipped_batches=0
2026-08-16 10:41:39,903 | INFO | epoch=8 batch=150 global_step=2473 loss_reg_months=5.3189 lr=0.00018100 grad_norm=1.1726 throughput=13.98 img/s eta_seconds=859.4 gpu_alloc=476.3MiB gpu_reserved=3472.0MiB skipped_batches=0
2026-08-16 10:41:45,624 | INFO | epoch=8 batch=175 global_step=2476 loss_reg_months=5.3122 lr=0.00018100 grad_norm=1.3807 throughput=14.39 img/s eta_seconds=827.8 gpu_alloc=476.3MiB gpu_reserved=3472.0MiB skipped_batches=0
2026-08-16 10:41:51,358 | INFO | epoch=8 batch=200 global_step=2479 loss_reg_months=5.3199 lr=0.00018100 grad_norm=1.9063 throughput=14.71 img/s eta_seconds=802.9 gpu_alloc=476.3MiB gpu_reserved=3472.0MiB skipped_batches=0
2026-08-16 10:41:57,092 | INFO | epoch=8 batch=225 global_step=2482 loss_reg_months=5.4056 lr=0.00018100 grad_norm=1.3944 throughput=14.97 img/s eta_seconds=782.3 gpu_alloc=367.7MiB gpu_reserved=3472.0MiB skipped_batches=0
2026-08-16 10:42:02,800 | INFO | epoch=8 batch=250 global_step=2484 loss_reg_months=5.3818 lr=0.00018100 grad_norm=1.3681 throughput=15.19 img/s eta_seconds=764.3 gpu_alloc=476.3MiB gpu_reserved=3472.0MiB skipped_batches=0
2026-08-16 10:42:08,534 | INFO | epoch=8 batch=275 global_step=2487 loss_reg_months=5.2667 lr=0.00018100 grad_norm=1.3963 throughput=15.37 img/s eta_seconds=748.9 gpu_alloc=476.3MiB gpu_reserved=3472.0MiB skipped_batches=0
2026-08-16 10:42:14,276 | INFO | epoch=8 batch=300 global_step=2490 loss_reg_months=5.2049 lr=0.00018100 grad_norm=1.6888 throughput=15.52 img/s eta_seconds=735.1 gpu_alloc=476.3MiB gpu_reserved=3472.0MiB skipped_batches=0
2026-08-16 10:42:20,009 | INFO | epoch=8 batch=325 global_step=2493 loss_reg_months=5.2900 lr=0.00018100 grad_norm=1.2527 throughput=15.66 img/s eta_seconds=722.5 gpu_alloc=476.3MiB gpu_reserved=3472.0MiB skipped_batches=0
2026-08-16 10:42:25,718 | INFO | epoch=8 batch=350 global_step=2495 loss_reg_months=5.2830 lr=0.00018100 grad_norm=1.3963 throughput=15.78 img/s eta_seconds=710.7 gpu_alloc=476.3MiB gpu_reserved=3472.0MiB skipped_batches=0
2026-08-16 10:42:31,459 | INFO | epoch=8 batch=375 global_step=2498 loss_reg_months=5.2483 lr=0.00018100 grad_norm=1.3334 throughput=15.88 img/s eta_seconds=699.9 gpu_alloc=476.3MiB gpu_reserved=3472.0MiB skipped_batches=0
2026-08-16 10:42:38,095 | INFO | epoch=8 batch=400 global_step=2501 loss_reg_months=5.2588 lr=0.00018100 grad_norm=3.3280 throughput=15.82 img/s eta_seconds=695.9 gpu_alloc=476.3MiB gpu_reserved=3472.0MiB skipped_batches=0
2026-08-16 10:42:43,986 | INFO | epoch=8 batch=425 global_step=2504 loss_reg_months=5.2992 lr=0.00018100 grad_norm=2.6348 throughput=15.89 img/s eta_seconds=686.8 gpu_alloc=476.3MiB gpu_reserved=3472.0MiB skipped_batches=0
2026-08-16 10:42:49,733 | INFO | epoch=8 batch=450 global_step=2507 loss_reg_months=5.3257 lr=0.00018100 grad_norm=1.2964 throughput=15.96 img/s eta_seconds=677.3 gpu_alloc=367.7MiB gpu_reserved=3472.0MiB skipped_batches=0
2026-08-16 10:42:55,442 | INFO | epoch=8 batch=475 global_step=2509 loss_reg_months=5.3190 lr=0.00018100 grad_norm=1.3114 throughput=16.04 img/s eta_seconds=667.9 gpu_alloc=476.3MiB gpu_reserved=3472.0MiB skipped_batches=0
2026-08-16 10:43:01,204 | INFO | epoch=8 batch=500 global_step=2512 loss_reg_months=5.2939 lr=0.00018100 grad_norm=1.4643 throughput=16.10 img/s eta_seconds=659.1 gpu_alloc=476.3MiB gpu_reserved=3472.0MiB skipped_batches=0
2026-08-16 10:43:06,954 | INFO | epoch=8 batch=525 global_step=2515 loss_reg_months=5.2831 lr=0.00018100 grad_norm=2.0218 throughput=16.16 img/s eta_seconds=650.6 gpu_alloc=476.3MiB gpu_reserved=3472.0MiB skipped_batches=0
2026-08-16 10:43:12,739 | INFO | epoch=8 batch=550 global_step=2518 loss_reg_months=5.2753 lr=0.00018100 grad_norm=1.8655 throughput=16.20 img/s eta_seconds=642.5 gpu_alloc=476.3MiB gpu_reserved=3472.0MiB skipped_batches=0
2026-08-16 10:43:18,437 | INFO | epoch=8 batch=575 global_step=2520 loss_reg_months=5.2553 lr=0.00018100 grad_norm=1.1332 throughput=16.26 img/s eta_seconds=634.2 gpu_alloc=476.3MiB gpu_reserved=3472.0MiB skipped_batches=0
2026-08-16 10:43:24,181 | INFO | epoch=8 batch=600 global_step=2523 loss_reg_months=5.2442 lr=0.00018100 grad_norm=0.8657 throughput=16.30 img/s eta_seconds=626.3 gpu_alloc=476.3MiB gpu_reserved=3472.0MiB skipped_batches=0
2026-08-16 10:43:29,912 | INFO | epoch=8 batch=625 global_step=2526 loss_reg_months=5.2552 lr=0.00018100 grad_norm=2.8574 throughput=16.35 img/s eta_seconds=618.6 gpu_alloc=476.3MiB gpu_reserved=3472.0MiB skipped_batches=0
2026-08-16 10:43:35,649 | INFO | epoch=8 batch=650 global_step=2529 loss_reg_months=5.2361 lr=0.00018100 grad_norm=2.1294 throughput=16.39 img/s eta_seconds=611.0 gpu_alloc=476.3MiB gpu_reserved=3472.0MiB skipped_batches=0
2026-08-16 10:43:41,384 | INFO | epoch=8 batch=675 global_step=2532 loss_reg_months=5.2267 lr=0.00018100 grad_norm=1.0007 throughput=16.42 img/s eta_seconds=603.5 gpu_alloc=367.7MiB gpu_reserved=3472.0MiB skipped_batches=0
2026-08-16 10:43:47,089 | INFO | epoch=8 batch=700 global_step=2534 loss_reg_months=5.2576 lr=0.00018100 grad_norm=2.0485 throughput=16.46 img/s eta_seconds=596.1 gpu_alloc=476.3MiB gpu_reserved=3472.0MiB skipped_batches=0
2026-08-16 10:43:52,815 | INFO | epoch=8 batch=725 global_step=2537 loss_reg_months=5.2626 lr=0.00018100 grad_norm=1.5372 throughput=16.49 img/s eta_seconds=588.8 gpu_alloc=476.3MiB gpu_reserved=3472.0MiB skipped_batches=0
2026-08-16 10:43:58,545 | INFO | epoch=8 batch=750 global_step=2540 loss_reg_months=5.2665 lr=0.00018100 grad_norm=1.1862 throughput=16.52 img/s eta_seconds=581.7 gpu_alloc=476.3MiB gpu_reserved=3472.0MiB skipped_batches=0
2026-08-16 10:44:04,276 | INFO | epoch=8 batch=775 global_step=2543 loss_reg_months=5.2734 lr=0.00018100 grad_norm=1.1937 throughput=16.55 img/s eta_seconds=574.7 gpu_alloc=476.3MiB gpu_reserved=3472.0MiB skipped_batches=0
2026-08-16 10:44:09,975 | INFO | epoch=8 batch=800 global_step=2545 loss_reg_months=5.2843 lr=0.00018100 grad_norm=1.9496 throughput=16.58 img/s eta_seconds=567.6 gpu_alloc=476.3MiB gpu_reserved=3472.0MiB skipped_batches=0
2026-08-16 10:44:15,704 | INFO | epoch=8 batch=825 global_step=2548 loss_reg_months=5.2726 lr=0.00018100 grad_norm=0.8738 throughput=16.61 img/s eta_seconds=560.7 gpu_alloc=476.3MiB gpu_reserved=3472.0MiB skipped_batches=0
2026-08-16 10:44:21,438 | INFO | epoch=8 batch=850 global_step=2551 loss_reg_months=5.2545 lr=0.00018100 grad_norm=0.8557 throughput=16.63 img/s eta_seconds=553.9 gpu_alloc=476.3MiB gpu_reserved=3472.0MiB skipped_batches=0
2026-08-16 10:44:27,170 | INFO | epoch=8 batch=875 global_step=2554 loss_reg_months=5.2464 lr=0.00018100 grad_norm=0.9915 throughput=16.65 img/s eta_seconds=547.2 gpu_alloc=476.3MiB gpu_reserved=3472.0MiB skipped_batches=0
2026-08-16 10:44:32,908 | INFO | epoch=8 batch=900 global_step=2557 loss_reg_months=5.2541 lr=0.00018100 grad_norm=1.0830 throughput=16.67 img/s eta_seconds=540.5 gpu_alloc=367.7MiB gpu_reserved=3472.0MiB skipped_batches=0
2026-08-16 10:44:38,604 | INFO | epoch=8 batch=925 global_step=2559 loss_reg_months=5.2302 lr=0.00018100 grad_norm=1.5286 throughput=16.69 img/s eta_seconds=533.8 gpu_alloc=476.3MiB gpu_reserved=3472.0MiB skipped_batches=0
2026-08-16 10:44:44,335 | INFO | epoch=8 batch=950 global_step=2562 loss_reg_months=5.2368 lr=0.00018100 grad_norm=1.4527 throughput=16.71 img/s eta_seconds=527.2 gpu_alloc=476.3MiB gpu_reserved=3472.0MiB skipped_batches=0
2026-08-16 10:44:50,064 | INFO | epoch=8 batch=975 global_step=2565 loss_reg_months=5.2224 lr=0.00018100 grad_norm=0.9518 throughput=16.73 img/s eta_seconds=520.6 gpu_alloc=476.3MiB gpu_reserved=3472.0MiB skipped_batches=0
2026-08-16 10:44:55,799 | INFO | epoch=8 batch=1000 global_step=2568 loss_reg_months=5.2467 lr=0.00018100 grad_norm=2.0070 throughput=16.75 img/s eta_seconds=514.1 gpu_alloc=476.3MiB gpu_reserved=3472.0MiB skipped_batches=0
2026-08-16 10:45:01,500 | INFO | epoch=8 batch=1025 global_step=2570 loss_reg_months=5.2596 lr=0.00018100 grad_norm=1.1935 throughput=16.77 img/s eta_seconds=507.6 gpu_alloc=476.3MiB gpu_reserved=3472.0MiB skipped_batches=0
2026-08-16 10:45:07,232 | INFO | epoch=8 batch=1050 global_step=2573 loss_reg_months=5.2841 lr=0.00018100 grad_norm=1.9918 throughput=16.78 img/s eta_seconds=501.2 gpu_alloc=476.3MiB gpu_reserved=3472.0MiB skipped_batches=0
2026-08-16 10:45:12,965 | INFO | epoch=8 batch=1075 global_step=2576 loss_reg_months=5.2843 lr=0.00018100 grad_norm=1.3523 throughput=16.80 img/s eta_seconds=494.8 gpu_alloc=476.3MiB gpu_reserved=3472.0MiB skipped_batches=0
2026-08-16 10:45:18,691 | INFO | epoch=8 batch=1100 global_step=2579 loss_reg_months=5.2730 lr=0.00018100 grad_norm=1.8812 throughput=16.81 img/s eta_seconds=488.4 gpu_alloc=476.3MiB gpu_reserved=3472.0MiB skipped_batches=0
2026-08-16 10:45:24,424 | INFO | epoch=8 batch=1125 global_step=2582 loss_reg_months=5.2650 lr=0.00018100 grad_norm=1.4359 throughput=16.83 img/s eta_seconds=482.1 gpu_alloc=367.7MiB gpu_reserved=3472.0MiB skipped_batches=0
2026-08-16 10:45:30,125 | INFO | epoch=8 batch=1150 global_step=2584 loss_reg_months=5.2660 lr=0.00018100 grad_norm=1.7303 throughput=16.84 img/s eta_seconds=475.7 gpu_alloc=476.3MiB gpu_reserved=3472.0MiB skipped_batches=0
2026-08-16 10:45:35,866 | INFO | epoch=8 batch=1175 global_step=2587 loss_reg_months=5.2619 lr=0.00018100 grad_norm=1.3553 throughput=16.85 img/s eta_seconds=469.4 gpu_alloc=476.3MiB gpu_reserved=3472.0MiB skipped_batches=0
2026-08-16 10:45:41,590 | INFO | epoch=8 batch=1200 global_step=2590 loss_reg_months=5.2794 lr=0.00018100 grad_norm=1.3249 throughput=16.86 img/s eta_seconds=463.2 gpu_alloc=476.3MiB gpu_reserved=3472.0MiB skipped_batches=0
2026-08-16 10:45:47,319 | INFO | epoch=8 batch=1225 global_step=2593 loss_reg_months=5.2699 lr=0.00018100 grad_norm=1.7725 throughput=16.88 img/s eta_seconds=456.9 gpu_alloc=476.3MiB gpu_reserved=3472.0MiB skipped_batches=0
2026-08-16 10:45:53,026 | INFO | epoch=8 batch=1250 global_step=2595 loss_reg_months=5.2817 lr=0.00018100 grad_norm=1.0390 throughput=16.89 img/s eta_seconds=450.7 gpu_alloc=476.3MiB gpu_reserved=3472.0MiB skipped_batches=0
2026-08-16 10:45:58,763 | INFO | epoch=8 batch=1275 global_step=2598 loss_reg_months=5.2746 lr=0.00018100 grad_norm=1.3438 throughput=16.90 img/s eta_seconds=444.5 gpu_alloc=476.3MiB gpu_reserved=3472.0MiB skipped_batches=0
2026-08-16 10:46:04,489 | INFO | epoch=8 batch=1300 global_step=2601 loss_reg_months=5.2687 lr=0.00018100 grad_norm=0.9446 throughput=16.91 img/s eta_seconds=438.3 gpu_alloc=476.3MiB gpu_reserved=3472.0MiB skipped_batches=0
2026-08-16 10:46:10,219 | INFO | epoch=8 batch=1325 global_step=2604 loss_reg_months=5.2876 lr=0.00018100 grad_norm=1.3199 throughput=16.92 img/s eta_seconds=432.1 gpu_alloc=476.3MiB gpu_reserved=3472.0MiB skipped_batches=0
2026-08-16 10:46:15,947 | INFO | epoch=8 batch=1350 global_step=2607 loss_reg_months=5.2804 lr=0.00018100 grad_norm=1.7536 throughput=16.93 img/s eta_seconds=426.0 gpu_alloc=367.7MiB gpu_reserved=3472.0MiB skipped_batches=0
2026-08-16 10:46:21,649 | INFO | epoch=8 batch=1375 global_step=2609 loss_reg_months=5.2701 lr=0.00018100 grad_norm=1.6221 throughput=16.94 img/s eta_seconds=419.8 gpu_alloc=476.3MiB gpu_reserved=3472.0MiB skipped_batches=0
2026-08-16 10:46:27,401 | INFO | epoch=8 batch=1400 global_step=2612 loss_reg_months=5.2719 lr=0.00018100 grad_norm=1.4419 throughput=16.95 img/s eta_seconds=413.7 gpu_alloc=476.3MiB gpu_reserved=3472.0MiB skipped_batches=0
2026-08-16 10:46:33,140 | INFO | epoch=8 batch=1425 global_step=2615 loss_reg_months=5.2766 lr=0.00018100 grad_norm=1.5607 throughput=16.96 img/s eta_seconds=407.6 gpu_alloc=476.3MiB gpu_reserved=3472.0MiB skipped_batches=0
2026-08-16 10:46:38,881 | INFO | epoch=8 batch=1450 global_step=2618 loss_reg_months=5.2640 lr=0.00018100 grad_norm=1.8920 throughput=16.96 img/s eta_seconds=401.5 gpu_alloc=476.3MiB gpu_reserved=3472.0MiB skipped_batches=0
2026-08-16 10:46:44,641 | INFO | epoch=8 batch=1475 global_step=2620 loss_reg_months=5.2639 lr=0.00018100 grad_norm=2.1288 throughput=16.97 img/s eta_seconds=395.5 gpu_alloc=476.3MiB gpu_reserved=3472.0MiB skipped_batches=0
2026-08-16 10:46:50,393 | INFO | epoch=8 batch=1500 global_step=2623 loss_reg_months=5.2406 lr=0.00018100 grad_norm=1.5772 throughput=16.98 img/s eta_seconds=389.4 gpu_alloc=476.3MiB gpu_reserved=3472.0MiB skipped_batches=0
2026-08-16 10:46:56,128 | INFO | epoch=8 batch=1525 global_step=2626 loss_reg_months=5.2448 lr=0.00018100 grad_norm=2.2156 throughput=16.98 img/s eta_seconds=383.4 gpu_alloc=476.3MiB gpu_reserved=3472.0MiB skipped_batches=0
2026-08-16 10:47:01,870 | INFO | epoch=8 batch=1550 global_step=2629 loss_reg_months=5.2426 lr=0.00018100 grad_norm=1.5229 throughput=16.99 img/s eta_seconds=377.3 gpu_alloc=476.3MiB gpu_reserved=3472.0MiB skipped_batches=0
2026-08-16 10:47:07,599 | INFO | epoch=8 batch=1575 global_step=2632 loss_reg_months=5.2299 lr=0.00018100 grad_norm=1.0908 throughput=17.00 img/s eta_seconds=371.3 gpu_alloc=367.7MiB gpu_reserved=3472.0MiB skipped_batches=0
2026-08-16 10:47:13,303 | INFO | epoch=8 batch=1600 global_step=2634 loss_reg_months=5.2363 lr=0.00018100 grad_norm=1.3938 throughput=17.01 img/s eta_seconds=365.2 gpu_alloc=476.3MiB gpu_reserved=3472.0MiB skipped_batches=0
2026-08-16 10:47:19,030 | INFO | epoch=8 batch=1625 global_step=2637 loss_reg_months=5.2296 lr=0.00018100 grad_norm=2.0840 throughput=17.01 img/s eta_seconds=359.2 gpu_alloc=476.3MiB gpu_reserved=3472.0MiB skipped_batches=0
2026-08-16 10:47:24,755 | INFO | epoch=8 batch=1650 global_step=2640 loss_reg_months=5.2272 lr=0.00018100 grad_norm=1.4750 throughput=17.02 img/s eta_seconds=353.2 gpu_alloc=476.3MiB gpu_reserved=3472.0MiB skipped_batches=0
2026-08-16 10:47:30,487 | INFO | epoch=8 batch=1675 global_step=2643 loss_reg_months=5.2570 lr=0.00018100 grad_norm=2.6083 throughput=17.03 img/s eta_seconds=347.2 gpu_alloc=476.3MiB gpu_reserved=3472.0MiB skipped_batches=0
2026-08-16 10:47:36,194 | INFO | epoch=8 batch=1700 global_step=2645 loss_reg_months=5.2496 lr=0.00018100 grad_norm=1.6769 throughput=17.03 img/s eta_seconds=341.2 gpu_alloc=476.3MiB gpu_reserved=3472.0MiB skipped_batches=0
2026-08-16 10:47:41,918 | INFO | epoch=8 batch=1725 global_step=2648 loss_reg_months=5.2498 lr=0.00018100 grad_norm=1.5165 throughput=17.04 img/s eta_seconds=335.2 gpu_alloc=476.3MiB gpu_reserved=3472.0MiB skipped_batches=0
2026-08-16 10:47:47,647 | INFO | epoch=8 batch=1750 global_step=2651 loss_reg_months=5.2316 lr=0.00018100 grad_norm=0.9397 throughput=17.05 img/s eta_seconds=329.2 gpu_alloc=476.3MiB gpu_reserved=3472.0MiB skipped_batches=0
2026-08-16 10:47:53,397 | INFO | epoch=8 batch=1775 global_step=2654 loss_reg_months=5.2284 lr=0.00018100 grad_norm=1.2133 throughput=17.05 img/s eta_seconds=323.2 gpu_alloc=476.3MiB gpu_reserved=3472.0MiB skipped_batches=0
2026-08-16 10:47:59,125 | INFO | epoch=8 batch=1800 global_step=2657 loss_reg_months=5.2295 lr=0.00018100 grad_norm=1.7247 throughput=17.06 img/s eta_seconds=317.3 gpu_alloc=367.7MiB gpu_reserved=3472.0MiB skipped_batches=0
2026-08-16 10:48:04,834 | INFO | epoch=8 batch=1825 global_step=2659 loss_reg_months=5.2248 lr=0.00018100 grad_norm=1.1979 throughput=17.06 img/s eta_seconds=311.3 gpu_alloc=476.3MiB gpu_reserved=3472.0MiB skipped_batches=0
2026-08-16 10:48:10,566 | INFO | epoch=8 batch=1850 global_step=2662 loss_reg_months=5.2276 lr=0.00018100 grad_norm=1.3010 throughput=17.07 img/s eta_seconds=305.3 gpu_alloc=476.3MiB gpu_reserved=3472.0MiB skipped_batches=0
2026-08-16 10:48:16,297 | INFO | epoch=8 batch=1875 global_step=2665 loss_reg_months=5.2170 lr=0.00018100 grad_norm=1.6194 throughput=17.07 img/s eta_seconds=299.4 gpu_alloc=476.3MiB gpu_reserved=3472.0MiB skipped_batches=0
2026-08-16 10:48:22,021 | INFO | epoch=8 batch=1900 global_step=2668 loss_reg_months=5.2146 lr=0.00018100 grad_norm=1.9927 throughput=17.08 img/s eta_seconds=293.4 gpu_alloc=476.3MiB gpu_reserved=3472.0MiB skipped_batches=0
2026-08-16 10:48:27,719 | INFO | epoch=8 batch=1925 global_step=2670 loss_reg_months=5.2046 lr=0.00018100 grad_norm=0.9575 throughput=17.08 img/s eta_seconds=287.5 gpu_alloc=476.3MiB gpu_reserved=3472.0MiB skipped_batches=0
2026-08-16 10:48:33,471 | INFO | epoch=8 batch=1950 global_step=2673 loss_reg_months=5.2034 lr=0.00018100 grad_norm=1.7513 throughput=17.09 img/s eta_seconds=281.6 gpu_alloc=476.3MiB gpu_reserved=3472.0MiB skipped_batches=0
2026-08-16 10:48:39,205 | INFO | epoch=8 batch=1975 global_step=2676 loss_reg_months=5.1995 lr=0.00018100 grad_norm=1.5336 throughput=17.09 img/s eta_seconds=275.6 gpu_alloc=476.3MiB gpu_reserved=3472.0MiB skipped_batches=0
2026-08-16 10:48:44,932 | INFO | epoch=8 batch=2000 global_step=2679 loss_reg_months=5.2065 lr=0.00018100 grad_norm=1.0998 throughput=17.10 img/s eta_seconds=269.7 gpu_alloc=476.3MiB gpu_reserved=3472.0MiB skipped_batches=0
2026-08-16 10:48:50,655 | INFO | epoch=8 batch=2025 global_step=2682 loss_reg_months=5.2163 lr=0.00018100 grad_norm=2.1320 throughput=17.10 img/s eta_seconds=263.8 gpu_alloc=367.7MiB gpu_reserved=3472.0MiB skipped_batches=0
2026-08-16 10:48:56,361 | INFO | epoch=8 batch=2050 global_step=2684 loss_reg_months=5.2171 lr=0.00018100 grad_norm=1.3565 throughput=17.11 img/s eta_seconds=257.9 gpu_alloc=476.3MiB gpu_reserved=3472.0MiB skipped_batches=0
2026-08-16 10:49:02,096 | INFO | epoch=8 batch=2075 global_step=2687 loss_reg_months=5.2149 lr=0.00018100 grad_norm=1.4069 throughput=17.11 img/s eta_seconds=252.0 gpu_alloc=476.3MiB gpu_reserved=3472.0MiB skipped_batches=0
2026-08-16 10:49:07,817 | INFO | epoch=8 batch=2100 global_step=2690 loss_reg_months=5.2195 lr=0.00018100 grad_norm=1.3831 throughput=17.11 img/s eta_seconds=246.1 gpu_alloc=476.3MiB gpu_reserved=3472.0MiB skipped_batches=0
2026-08-16 10:49:13,555 | INFO | epoch=8 batch=2125 global_step=2693 loss_reg_months=5.2157 lr=0.00018100 grad_norm=1.2834 throughput=17.12 img/s eta_seconds=240.2 gpu_alloc=476.3MiB gpu_reserved=3472.0MiB skipped_batches=0
2026-08-16 10:49:19,252 | INFO | epoch=8 batch=2150 global_step=2695 loss_reg_months=5.2089 lr=0.00018100 grad_norm=1.0830 throughput=17.12 img/s eta_seconds=234.3 gpu_alloc=476.3MiB gpu_reserved=3472.0MiB skipped_batches=0
2026-08-16 10:49:24,981 | INFO | epoch=8 batch=2175 global_step=2698 loss_reg_months=5.1987 lr=0.00018100 grad_norm=1.1336 throughput=17.13 img/s eta_seconds=228.4 gpu_alloc=476.3MiB gpu_reserved=3472.0MiB skipped_batches=0
2026-08-16 10:49:30,709 | INFO | epoch=8 batch=2200 global_step=2701 loss_reg_months=5.1983 lr=0.00018100 grad_norm=1.1351 throughput=17.13 img/s eta_seconds=222.5 gpu_alloc=476.3MiB gpu_reserved=3472.0MiB skipped_batches=0
2026-08-16 10:49:36,427 | INFO | epoch=8 batch=2225 global_step=2704 loss_reg_months=5.1868 lr=0.00018100 grad_norm=1.3924 throughput=17.13 img/s eta_seconds=216.6 gpu_alloc=476.3MiB gpu_reserved=3472.0MiB skipped_batches=0
2026-08-16 10:49:42,149 | INFO | epoch=8 batch=2250 global_step=2707 loss_reg_months=5.1836 lr=0.00018100 grad_norm=1.2186 throughput=17.14 img/s eta_seconds=210.7 gpu_alloc=367.7MiB gpu_reserved=3472.0MiB skipped_batches=0
2026-08-16 10:49:47,852 | INFO | epoch=8 batch=2275 global_step=2709 loss_reg_months=5.1778 lr=0.00018100 grad_norm=1.0868 throughput=17.14 img/s eta_seconds=204.8 gpu_alloc=476.3MiB gpu_reserved=3472.0MiB skipped_batches=0
2026-08-16 10:49:53,584 | INFO | epoch=8 batch=2300 global_step=2712 loss_reg_months=5.1856 lr=0.00018100 grad_norm=0.9724 throughput=17.14 img/s eta_seconds=199.0 gpu_alloc=476.3MiB gpu_reserved=3472.0MiB skipped_batches=0
2026-08-16 10:49:59,326 | INFO | epoch=8 batch=2325 global_step=2715 loss_reg_months=5.1862 lr=0.00018100 grad_norm=1.0720 throughput=17.15 img/s eta_seconds=193.1 gpu_alloc=476.3MiB gpu_reserved=3472.0MiB skipped_batches=0
2026-08-16 10:50:05,101 | INFO | epoch=8 batch=2350 global_step=2718 loss_reg_months=5.1851 lr=0.00018100 grad_norm=1.5790 throughput=17.15 img/s eta_seconds=187.2 gpu_alloc=476.3MiB gpu_reserved=3472.0MiB skipped_batches=0
2026-08-16 10:50:10,839 | INFO | epoch=8 batch=2375 global_step=2720 loss_reg_months=5.1901 lr=0.00018100 grad_norm=1.6304 throughput=17.15 img/s eta_seconds=181.4 gpu_alloc=476.3MiB gpu_reserved=3472.0MiB skipped_batches=0
2026-08-16 10:50:16,635 | INFO | epoch=8 batch=2400 global_step=2723 loss_reg_months=5.1867 lr=0.00018100 grad_norm=0.9478 throughput=17.15 img/s eta_seconds=175.5 gpu_alloc=476.3MiB gpu_reserved=3472.0MiB skipped_batches=0
2026-08-16 10:50:22,394 | INFO | epoch=8 batch=2425 global_step=2726 loss_reg_months=5.1788 lr=0.00018100 grad_norm=2.5271 throughput=17.16 img/s eta_seconds=169.7 gpu_alloc=476.3MiB gpu_reserved=3472.0MiB skipped_batches=0
2026-08-16 10:50:28,194 | INFO | epoch=8 batch=2450 global_step=2729 loss_reg_months=5.1887 lr=0.00018100 grad_norm=1.0943 throughput=17.16 img/s eta_seconds=163.8 gpu_alloc=476.3MiB gpu_reserved=3472.0MiB skipped_batches=0
2026-08-16 10:50:33,953 | INFO | epoch=8 batch=2475 global_step=2732 loss_reg_months=5.1920 lr=0.00018100 grad_norm=1.5103 throughput=17.16 img/s eta_seconds=158.0 gpu_alloc=367.7MiB gpu_reserved=3472.0MiB skipped_batches=0
2026-08-16 10:50:39,697 | INFO | epoch=8 batch=2500 global_step=2734 loss_reg_months=5.1871 lr=0.00018100 grad_norm=1.9380 throughput=17.16 img/s eta_seconds=152.1 gpu_alloc=476.3MiB gpu_reserved=3472.0MiB skipped_batches=0
2026-08-16 10:50:45,460 | INFO | epoch=8 batch=2525 global_step=2737 loss_reg_months=5.1888 lr=0.00018100 grad_norm=1.2599 throughput=17.16 img/s eta_seconds=146.3 gpu_alloc=476.3MiB gpu_reserved=3472.0MiB skipped_batches=0
2026-08-16 10:50:51,222 | INFO | epoch=8 batch=2550 global_step=2740 loss_reg_months=5.1868 lr=0.00018100 grad_norm=0.9975 throughput=17.16 img/s eta_seconds=140.5 gpu_alloc=476.3MiB gpu_reserved=3472.0MiB skipped_batches=0
2026-08-16 10:50:56,990 | INFO | epoch=8 batch=2575 global_step=2743 loss_reg_months=5.1856 lr=0.00018100 grad_norm=1.3136 throughput=17.17 img/s eta_seconds=134.6 gpu_alloc=476.3MiB gpu_reserved=3472.0MiB skipped_batches=0
2026-08-16 10:51:02,731 | INFO | epoch=8 batch=2600 global_step=2745 loss_reg_months=5.1821 lr=0.00018100 grad_norm=1.2717 throughput=17.17 img/s eta_seconds=128.8 gpu_alloc=476.3MiB gpu_reserved=3472.0MiB skipped_batches=0
2026-08-16 10:51:08,525 | INFO | epoch=8 batch=2625 global_step=2748 loss_reg_months=5.1873 lr=0.00018100 grad_norm=1.3569 throughput=17.17 img/s eta_seconds=123.0 gpu_alloc=476.3MiB gpu_reserved=3472.0MiB skipped_batches=0
2026-08-16 10:51:14,280 | INFO | epoch=8 batch=2650 global_step=2751 loss_reg_months=5.1846 lr=0.00018100 grad_norm=1.3994 throughput=17.17 img/s eta_seconds=117.1 gpu_alloc=476.3MiB gpu_reserved=3472.0MiB skipped_batches=0
2026-08-16 10:51:20,081 | INFO | epoch=8 batch=2675 global_step=2754 loss_reg_months=5.1771 lr=0.00018100 grad_norm=1.3152 throughput=17.17 img/s eta_seconds=111.3 gpu_alloc=476.3MiB gpu_reserved=3472.0MiB skipped_batches=0
2026-08-16 10:51:25,935 | INFO | epoch=8 batch=2700 global_step=2757 loss_reg_months=5.1766 lr=0.00018100 grad_norm=1.5626 throughput=17.17 img/s eta_seconds=105.5 gpu_alloc=367.7MiB gpu_reserved=3472.0MiB skipped_batches=0
2026-08-16 10:51:31,690 | INFO | epoch=8 batch=2725 global_step=2759 loss_reg_months=5.1771 lr=0.00018100 grad_norm=1.2914 throughput=17.17 img/s eta_seconds=99.6 gpu_alloc=476.3MiB gpu_reserved=3472.0MiB skipped_batches=0
2026-08-16 10:51:37,496 | INFO | epoch=8 batch=2750 global_step=2762 loss_reg_months=5.1802 lr=0.00018100 grad_norm=1.7824 throughput=17.17 img/s eta_seconds=93.8 gpu_alloc=476.3MiB gpu_reserved=3472.0MiB skipped_batches=0
2026-08-16 10:51:43,266 | INFO | epoch=8 batch=2775 global_step=2765 loss_reg_months=5.1709 lr=0.00018100 grad_norm=1.0953 throughput=17.17 img/s eta_seconds=88.0 gpu_alloc=476.3MiB gpu_reserved=3472.0MiB skipped_batches=0
2026-08-16 10:51:49,030 | INFO | epoch=8 batch=2800 global_step=2768 loss_reg_months=5.1659 lr=0.00018100 grad_norm=1.3382 throughput=17.18 img/s eta_seconds=82.1 gpu_alloc=476.3MiB gpu_reserved=3472.0MiB skipped_batches=0
2026-08-16 10:51:54,747 | INFO | epoch=8 batch=2825 global_step=2770 loss_reg_months=5.1634 lr=0.00018100 grad_norm=0.8356 throughput=17.18 img/s eta_seconds=76.3 gpu_alloc=476.3MiB gpu_reserved=3472.0MiB skipped_batches=0
2026-08-16 10:52:00,556 | INFO | epoch=8 batch=2850 global_step=2773 loss_reg_months=5.1621 lr=0.00018100 grad_norm=1.9452 throughput=17.18 img/s eta_seconds=70.5 gpu_alloc=476.3MiB gpu_reserved=3472.0MiB skipped_batches=0
2026-08-16 10:52:06,325 | INFO | epoch=8 batch=2875 global_step=2776 loss_reg_months=5.1567 lr=0.00018100 grad_norm=2.1832 throughput=17.18 img/s eta_seconds=64.7 gpu_alloc=476.3MiB gpu_reserved=3472.0MiB skipped_batches=0
2026-08-16 10:52:12,077 | INFO | epoch=8 batch=2900 global_step=2779 loss_reg_months=5.1556 lr=0.00018100 grad_norm=1.4921 throughput=17.18 img/s eta_seconds=58.8 gpu_alloc=476.3MiB gpu_reserved=3472.0MiB skipped_batches=0
2026-08-16 10:52:17,809 | INFO | epoch=8 batch=2925 global_step=2782 loss_reg_months=5.1488 lr=0.00018100 grad_norm=1.1268 throughput=17.18 img/s eta_seconds=53.0 gpu_alloc=367.7MiB gpu_reserved=3472.0MiB skipped_batches=0
2026-08-16 10:52:23,511 | INFO | epoch=8 batch=2950 global_step=2784 loss_reg_months=5.1460 lr=0.00018100 grad_norm=0.9056 throughput=17.19 img/s eta_seconds=47.2 gpu_alloc=476.3MiB gpu_reserved=3472.0MiB skipped_batches=0
2026-08-16 10:52:29,236 | INFO | epoch=8 batch=2975 global_step=2787 loss_reg_months=5.1510 lr=0.00018100 grad_norm=1.2603 throughput=17.19 img/s eta_seconds=41.4 gpu_alloc=476.3MiB gpu_reserved=3472.0MiB skipped_batches=0
2026-08-16 10:52:34,966 | INFO | epoch=8 batch=3000 global_step=2790 loss_reg_months=5.1490 lr=0.00018100 grad_norm=1.2180 throughput=17.19 img/s eta_seconds=35.5 gpu_alloc=476.3MiB gpu_reserved=3472.0MiB skipped_batches=0
2026-08-16 10:52:40,686 | INFO | epoch=8 batch=3025 global_step=2793 loss_reg_months=5.1431 lr=0.00018100 grad_norm=1.3258 throughput=17.19 img/s eta_seconds=29.7 gpu_alloc=476.3MiB gpu_reserved=3472.0MiB skipped_batches=0
2026-08-16 10:52:46,430 | INFO | epoch=8 batch=3050 global_step=2795 loss_reg_months=5.1409 lr=0.00018100 grad_norm=1.7142 throughput=17.20 img/s eta_seconds=23.9 gpu_alloc=476.3MiB gpu_reserved=3472.0MiB skipped_batches=0
2026-08-16 10:52:52,157 | INFO | epoch=8 batch=3075 global_step=2798 loss_reg_months=5.1499 lr=0.00018100 grad_norm=1.5847 throughput=17.20 img/s eta_seconds=18.1 gpu_alloc=476.3MiB gpu_reserved=3472.0MiB skipped_batches=0
2026-08-16 10:52:57,877 | INFO | epoch=8 batch=3100 global_step=2801 loss_reg_months=5.1585 lr=0.00018100 grad_norm=1.5591 throughput=17.20 img/s eta_seconds=12.3 gpu_alloc=476.3MiB gpu_reserved=3472.0MiB skipped_batches=0
2026-08-16 10:53:03,637 | INFO | epoch=8 batch=3125 global_step=2804 loss_reg_months=5.1603 lr=0.00018100 grad_norm=1.4700 throughput=17.20 img/s eta_seconds=6.5 gpu_alloc=476.3MiB gpu_reserved=3472.0MiB skipped_batches=0
2026-08-16 10:53:09,372 | INFO | epoch=8 batch=3150 global_step=2807 loss_reg_months=5.1638 lr=0.00018100 grad_norm=1.1641 throughput=17.20 img/s eta_seconds=0.6 gpu_alloc=367.7MiB gpu_reserved=3472.0MiB skipped_batches=0
2026-08-16 10:53:52,234 | INFO | 
TRAINING REVIEW SNAPSHOT
Run ID / config hash / split hash: P6_D0_CONVNEXT_TINY_768_SEED42 / 0e80cf6f780f / 7328667e6822+f650a20432b5
Epoch / global step: 8 / 2808
Train loss: 5.1642
Validation MAE / RMSE / median AE: 6.7247 / 8.9732 / 5.0000
MAE nam / nữ / age bins: {'F': 7.210889570552148, 'M': 6.3146021992238035} / {'0-59': 5.975398936170213, '120-179': 5.819530284301607, '60-119': 9.126903553299492, '180-228': 5.6015625}
Learning rate / peak VRAM: 0.00018100 / 3472.0 MiB
Best epoch / best MAE / epochs không cải thiện: 7 / 6.2605 / 1
Cảnh báo hiện tại: KHÔNG
Checkpoint gần nhất: p1_baseline\runs\P6_D0_CONVNEXT_TINY_768_SEED42\last.ckpt
Checkpoint tốt nhất: p1_baseline\runs\P6_D0_CONVNEXT_TINY_768_SEED42\best_mae.ckpt
Đề xuất tự động: TIẾP TỤC
2026-08-16 10:54:06,695 | INFO | epoch=9 batch=25 global_step=2810 loss_reg_months=5.1409 lr=0.00017543 grad_norm=1.0795 throughput=7.83 img/s eta_seconds=1597.5 gpu_alloc=476.3MiB gpu_reserved=3472.0MiB skipped_batches=0
2026-08-16 10:54:12,592 | INFO | epoch=9 batch=50 global_step=2813 loss_reg_months=4.7335 lr=0.00017543 grad_norm=2.4655 throughput=10.72 img/s eta_seconds=1158.2 gpu_alloc=476.3MiB gpu_reserved=3472.0MiB skipped_batches=0
2026-08-16 10:54:18,371 | INFO | epoch=9 batch=75 global_step=2816 loss_reg_months=4.5455 lr=0.00017543 grad_norm=0.8895 throughput=12.27 img/s eta_seconds=1003.1 gpu_alloc=476.3MiB gpu_reserved=3472.0MiB skipped_batches=0
2026-08-16 10:54:24,110 | INFO | epoch=9 batch=100 global_step=2819 loss_reg_months=4.6697 lr=0.00017543 grad_norm=1.5347 throughput=13.25 img/s eta_seconds=921.4 gpu_alloc=476.3MiB gpu_reserved=3472.0MiB skipped_batches=0
2026-08-16 10:54:30,292 | INFO | epoch=9 batch=125 global_step=2821 loss_reg_months=4.6519 lr=0.00017543 grad_norm=1.6780 throughput=13.75 img/s eta_seconds=880.8 gpu_alloc=476.3MiB gpu_reserved=3472.0MiB skipped_batches=0
2026-08-16 10:54:36,467 | INFO | epoch=9 batch=150 global_step=2824 loss_reg_months=4.6580 lr=0.00017543 grad_norm=1.4599 throughput=14.10 img/s eta_seconds=851.6 gpu_alloc=476.3MiB gpu_reserved=3472.0MiB skipped_batches=0
2026-08-16 10:54:42,461 | INFO | epoch=9 batch=175 global_step=2827 loss_reg_months=4.7787 lr=0.00017543 grad_norm=1.1923 throughput=14.42 img/s eta_seconds=825.8 gpu_alloc=476.3MiB gpu_reserved=3472.0MiB skipped_batches=0
2026-08-16 10:54:48,386 | INFO | epoch=9 batch=200 global_step=2830 loss_reg_months=4.7259 lr=0.00017543 grad_norm=1.4354 throughput=14.69 img/s eta_seconds=804.0 gpu_alloc=476.3MiB gpu_reserved=3472.0MiB skipped_batches=0
2026-08-16 10:54:54,335 | INFO | epoch=9 batch=225 global_step=2833 loss_reg_months=4.7750 lr=0.00017543 grad_norm=0.9127 throughput=14.90 img/s eta_seconds=786.0 gpu_alloc=367.7MiB gpu_reserved=3472.0MiB skipped_batches=0
2026-08-16 10:55:00,235 | INFO | epoch=9 batch=250 global_step=2835 loss_reg_months=4.9069 lr=0.00017543 grad_norm=1.2091 throughput=15.08 img/s eta_seconds=769.9 gpu_alloc=476.3MiB gpu_reserved=3472.0MiB skipped_batches=0
2026-08-16 10:55:06,347 | INFO | epoch=9 batch=275 global_step=2838 loss_reg_months=4.9505 lr=0.00017543 grad_norm=1.1307 throughput=15.19 img/s eta_seconds=757.8 gpu_alloc=476.3MiB gpu_reserved=3472.0MiB skipped_batches=0
2026-08-16 10:55:12,432 | INFO | epoch=9 batch=300 global_step=2841 loss_reg_months=4.9176 lr=0.00017543 grad_norm=1.5227 throughput=15.29 img/s eta_seconds=746.5 gpu_alloc=476.3MiB gpu_reserved=3472.0MiB skipped_batches=0
2026-08-16 10:55:18,392 | INFO | epoch=9 batch=325 global_step=2844 loss_reg_months=4.8909 lr=0.00017543 grad_norm=1.4422 throughput=15.39 img/s eta_seconds=734.9 gpu_alloc=476.3MiB gpu_reserved=3472.0MiB skipped_batches=0
2026-08-16 10:55:24,268 | INFO | epoch=9 batch=350 global_step=2846 loss_reg_months=4.8311 lr=0.00017543 grad_norm=2.0272 throughput=15.50 img/s eta_seconds=723.4 gpu_alloc=476.3MiB gpu_reserved=3472.0MiB skipped_batches=0
2026-08-16 10:55:30,241 | INFO | epoch=9 batch=375 global_step=2849 loss_reg_months=4.8978 lr=0.00017543 grad_norm=1.7524 throughput=15.57 img/s eta_seconds=713.4 gpu_alloc=476.3MiB gpu_reserved=3472.0MiB skipped_batches=0
2026-08-16 10:55:36,151 | INFO | epoch=9 batch=400 global_step=2852 loss_reg_months=4.8952 lr=0.00017543 grad_norm=0.9088 throughput=15.65 img/s eta_seconds=703.5 gpu_alloc=476.3MiB gpu_reserved=3472.0MiB skipped_batches=0
2026-08-16 10:55:42,052 | INFO | epoch=9 batch=425 global_step=2855 loss_reg_months=4.8575 lr=0.00017543 grad_norm=1.3274 throughput=15.72 img/s eta_seconds=694.0 gpu_alloc=476.3MiB gpu_reserved=3472.0MiB skipped_batches=0
2026-08-16 10:55:47,962 | INFO | epoch=9 batch=450 global_step=2858 loss_reg_months=4.8708 lr=0.00017543 grad_norm=1.2569 throughput=15.78 img/s eta_seconds=684.9 gpu_alloc=367.7MiB gpu_reserved=3472.0MiB skipped_batches=0
2026-08-16 10:55:53,858 | INFO | epoch=9 batch=475 global_step=2860 loss_reg_months=4.8798 lr=0.00017543 grad_norm=1.1936 throughput=15.84 img/s eta_seconds=676.1 gpu_alloc=476.3MiB gpu_reserved=3472.0MiB skipped_batches=0
2026-08-16 10:55:59,783 | INFO | epoch=9 batch=500 global_step=2863 loss_reg_months=4.8806 lr=0.00017543 grad_norm=0.8673 throughput=15.89 img/s eta_seconds=667.7 gpu_alloc=476.3MiB gpu_reserved=3472.0MiB skipped_batches=0
2026-08-16 10:56:05,672 | INFO | epoch=9 batch=525 global_step=2866 loss_reg_months=4.8617 lr=0.00017543 grad_norm=0.9050 throughput=15.94 img/s eta_seconds=659.4 gpu_alloc=476.3MiB gpu_reserved=3472.0MiB skipped_batches=0
2026-08-16 10:56:11,577 | INFO | epoch=9 batch=550 global_step=2869 loss_reg_months=4.8395 lr=0.00017543 grad_norm=1.2858 throughput=15.98 img/s eta_seconds=651.4 gpu_alloc=476.3MiB gpu_reserved=3472.0MiB skipped_batches=0
2026-08-16 10:56:17,448 | INFO | epoch=9 batch=575 global_step=2871 loss_reg_months=4.9078 lr=0.00017543 grad_norm=1.1646 throughput=16.03 img/s eta_seconds=643.4 gpu_alloc=476.3MiB gpu_reserved=3472.0MiB skipped_batches=0
2026-08-16 10:56:23,362 | INFO | epoch=9 batch=600 global_step=2874 loss_reg_months=4.8996 lr=0.00017543 grad_norm=1.6318 throughput=16.06 img/s eta_seconds=635.8 gpu_alloc=476.3MiB gpu_reserved=3472.0MiB skipped_batches=0
2026-08-16 10:56:29,255 | INFO | epoch=9 batch=625 global_step=2877 loss_reg_months=4.9176 lr=0.00017543 grad_norm=0.8880 throughput=16.10 img/s eta_seconds=628.2 gpu_alloc=476.3MiB gpu_reserved=3472.0MiB skipped_batches=0
2026-08-16 10:56:35,307 | INFO | epoch=9 batch=650 global_step=2880 loss_reg_months=4.9700 lr=0.00017543 grad_norm=1.4258 throughput=16.11 img/s eta_seconds=621.4 gpu_alloc=476.3MiB gpu_reserved=3472.0MiB skipped_batches=0
2026-08-16 10:56:41,481 | INFO | epoch=9 batch=675 global_step=2883 loss_reg_months=4.9965 lr=0.00017543 grad_norm=2.2065 throughput=16.11 img/s eta_seconds=615.0 gpu_alloc=367.7MiB gpu_reserved=3472.0MiB skipped_batches=0
2026-08-16 10:56:47,590 | INFO | epoch=9 batch=700 global_step=2885 loss_reg_months=5.0100 lr=0.00017543 grad_norm=1.5412 throughput=16.12 img/s eta_seconds=608.5 gpu_alloc=476.3MiB gpu_reserved=3472.0MiB skipped_batches=0
2026-08-16 10:56:53,688 | INFO | epoch=9 batch=725 global_step=2888 loss_reg_months=5.0446 lr=0.00017543 grad_norm=2.5552 throughput=16.13 img/s eta_seconds=601.9 gpu_alloc=476.3MiB gpu_reserved=3472.0MiB skipped_batches=0
2026-08-16 10:56:59,670 | INFO | epoch=9 batch=750 global_step=2891 loss_reg_months=5.0608 lr=0.00017543 grad_norm=1.1895 throughput=16.15 img/s eta_seconds=595.1 gpu_alloc=476.3MiB gpu_reserved=3472.0MiB skipped_batches=0
2026-08-16 10:57:05,716 | INFO | epoch=9 batch=775 global_step=2894 loss_reg_months=5.0485 lr=0.00017543 grad_norm=1.2840 throughput=16.16 img/s eta_seconds=588.4 gpu_alloc=476.3MiB gpu_reserved=3472.0MiB skipped_batches=0
2026-08-16 10:57:11,838 | INFO | epoch=9 batch=800 global_step=2896 loss_reg_months=5.0422 lr=0.00017543 grad_norm=1.4011 throughput=16.17 img/s eta_seconds=582.0 gpu_alloc=476.3MiB gpu_reserved=3472.0MiB skipped_batches=0
2026-08-16 10:57:17,709 | INFO | epoch=9 batch=825 global_step=2899 loss_reg_months=5.0180 lr=0.00017543 grad_norm=1.0536 throughput=16.19 img/s eta_seconds=575.0 gpu_alloc=476.3MiB gpu_reserved=3472.0MiB skipped_batches=0
2026-08-16 10:57:23,589 | INFO | epoch=9 batch=850 global_step=2902 loss_reg_months=5.0390 lr=0.00017543 grad_norm=2.0646 throughput=16.22 img/s eta_seconds=568.0 gpu_alloc=476.3MiB gpu_reserved=3472.0MiB skipped_batches=0
2026-08-16 10:57:29,626 | INFO | epoch=9 batch=875 global_step=2905 loss_reg_months=5.0504 lr=0.00017543 grad_norm=2.0148 throughput=16.23 img/s eta_seconds=561.5 gpu_alloc=476.3MiB gpu_reserved=3472.0MiB skipped_batches=0
2026-08-16 10:57:35,568 | INFO | epoch=9 batch=900 global_step=2908 loss_reg_months=5.0384 lr=0.00017543 grad_norm=1.1114 throughput=16.24 img/s eta_seconds=554.8 gpu_alloc=367.7MiB gpu_reserved=3472.0MiB skipped_batches=0
2026-08-16 10:57:41,445 | INFO | epoch=9 batch=925 global_step=2910 loss_reg_months=5.0355 lr=0.00017543 grad_norm=1.3192 throughput=16.26 img/s eta_seconds=547.9 gpu_alloc=476.3MiB gpu_reserved=3472.0MiB skipped_batches=0
2026-08-16 10:57:47,512 | INFO | epoch=9 batch=950 global_step=2913 loss_reg_months=5.0548 lr=0.00017543 grad_norm=2.4580 throughput=16.27 img/s eta_seconds=541.6 gpu_alloc=476.3MiB gpu_reserved=3472.0MiB skipped_batches=0
2026-08-16 10:57:53,429 | INFO | epoch=9 batch=975 global_step=2916 loss_reg_months=5.0757 lr=0.00017543 grad_norm=1.5851 throughput=16.28 img/s eta_seconds=534.9 gpu_alloc=476.3MiB gpu_reserved=3472.0MiB skipped_batches=0
2026-08-16 10:57:59,355 | INFO | epoch=9 batch=1000 global_step=2919 loss_reg_months=5.0832 lr=0.00017543 grad_norm=2.4789 throughput=16.30 img/s eta_seconds=528.3 gpu_alloc=476.3MiB gpu_reserved=3472.0MiB skipped_batches=0
2026-08-16 10:58:05,239 | INFO | epoch=9 batch=1025 global_step=2921 loss_reg_months=5.0695 lr=0.00017543 grad_norm=2.2655 throughput=16.31 img/s eta_seconds=521.7 gpu_alloc=476.3MiB gpu_reserved=3472.0MiB skipped_batches=0
2026-08-16 10:58:11,163 | INFO | epoch=9 batch=1050 global_step=2924 loss_reg_months=5.0784 lr=0.00017543 grad_norm=1.0258 throughput=16.33 img/s eta_seconds=515.1 gpu_alloc=476.3MiB gpu_reserved=3472.0MiB skipped_batches=0
2026-08-16 10:58:17,067 | INFO | epoch=9 batch=1075 global_step=2927 loss_reg_months=5.0691 lr=0.00017543 grad_norm=0.9726 throughput=16.34 img/s eta_seconds=508.6 gpu_alloc=476.3MiB gpu_reserved=3472.0MiB skipped_batches=0
2026-08-16 10:58:22,978 | INFO | epoch=9 batch=1100 global_step=2930 loss_reg_months=5.0870 lr=0.00017543 grad_norm=1.4380 throughput=16.35 img/s eta_seconds=502.1 gpu_alloc=476.3MiB gpu_reserved=3472.0MiB skipped_batches=0
2026-08-16 10:58:28,883 | INFO | epoch=9 batch=1125 global_step=2933 loss_reg_months=5.0696 lr=0.00017543 grad_norm=1.0264 throughput=16.37 img/s eta_seconds=495.6 gpu_alloc=367.7MiB gpu_reserved=3472.0MiB skipped_batches=0
2026-08-16 10:58:34,745 | INFO | epoch=9 batch=1150 global_step=2935 loss_reg_months=5.0871 lr=0.00017543 grad_norm=1.5395 throughput=16.38 img/s eta_seconds=489.1 gpu_alloc=476.3MiB gpu_reserved=3472.0MiB skipped_batches=0
2026-08-16 10:58:40,677 | INFO | epoch=9 batch=1175 global_step=2938 loss_reg_months=5.0736 lr=0.00017543 grad_norm=1.1081 throughput=16.39 img/s eta_seconds=482.7 gpu_alloc=476.3MiB gpu_reserved=3472.0MiB skipped_batches=0
2026-08-16 10:58:46,694 | INFO | epoch=9 batch=1200 global_step=2941 loss_reg_months=5.0748 lr=0.00017543 grad_norm=0.8167 throughput=16.40 img/s eta_seconds=476.4 gpu_alloc=476.3MiB gpu_reserved=3472.0MiB skipped_batches=0
2026-08-16 10:58:52,618 | INFO | epoch=9 batch=1225 global_step=2944 loss_reg_months=5.0798 lr=0.00017543 grad_norm=1.0285 throughput=16.40 img/s eta_seconds=470.0 gpu_alloc=476.3MiB gpu_reserved=3472.0MiB skipped_batches=0
2026-08-16 10:58:58,524 | INFO | epoch=9 batch=1250 global_step=2946 loss_reg_months=5.0850 lr=0.00017543 grad_norm=1.1580 throughput=16.42 img/s eta_seconds=463.7 gpu_alloc=476.3MiB gpu_reserved=3472.0MiB skipped_batches=0
2026-08-16 10:59:04,580 | INFO | epoch=9 batch=1275 global_step=2949 loss_reg_months=5.0908 lr=0.00017543 grad_norm=1.0466 throughput=16.42 img/s eta_seconds=457.5 gpu_alloc=476.3MiB gpu_reserved=3472.0MiB skipped_batches=0
2026-08-16 10:59:10,629 | INFO | epoch=9 batch=1300 global_step=2952 loss_reg_months=5.0937 lr=0.00017543 grad_norm=1.4576 throughput=16.42 img/s eta_seconds=451.4 gpu_alloc=476.3MiB gpu_reserved=3472.0MiB skipped_batches=0
2026-08-16 10:59:16,514 | INFO | epoch=9 batch=1325 global_step=2955 loss_reg_months=5.0836 lr=0.00017543 grad_norm=1.5151 throughput=16.43 img/s eta_seconds=445.0 gpu_alloc=476.3MiB gpu_reserved=3472.0MiB skipped_batches=0
2026-08-16 10:59:22,373 | INFO | epoch=9 batch=1350 global_step=2958 loss_reg_months=5.0743 lr=0.00017543 grad_norm=1.1748 throughput=16.44 img/s eta_seconds=438.6 gpu_alloc=367.7MiB gpu_reserved=3472.0MiB skipped_batches=0
2026-08-16 10:59:28,111 | INFO | epoch=9 batch=1375 global_step=2960 loss_reg_months=5.0775 lr=0.00017543 grad_norm=2.7225 throughput=16.46 img/s eta_seconds=432.1 gpu_alloc=476.3MiB gpu_reserved=3472.0MiB skipped_batches=0
2026-08-16 10:59:33,951 | INFO | epoch=9 batch=1400 global_step=2963 loss_reg_months=5.0793 lr=0.00017543 grad_norm=1.2405 throughput=16.47 img/s eta_seconds=425.7 gpu_alloc=476.3MiB gpu_reserved=3472.0MiB skipped_batches=0
2026-08-16 10:59:39,771 | INFO | epoch=9 batch=1425 global_step=2966 loss_reg_months=5.0736 lr=0.00017543 grad_norm=1.1463 throughput=16.48 img/s eta_seconds=419.3 gpu_alloc=476.3MiB gpu_reserved=3472.0MiB skipped_batches=0
2026-08-16 10:59:45,658 | INFO | epoch=9 batch=1450 global_step=2969 loss_reg_months=5.0680 lr=0.00017543 grad_norm=0.7639 throughput=16.49 img/s eta_seconds=413.0 gpu_alloc=476.3MiB gpu_reserved=3472.0MiB skipped_batches=0
2026-08-16 10:59:51,444 | INFO | epoch=9 batch=1475 global_step=2971 loss_reg_months=5.0671 lr=0.00017543 grad_norm=1.0055 throughput=16.50 img/s eta_seconds=406.7 gpu_alloc=476.3MiB gpu_reserved=3472.0MiB skipped_batches=0
2026-08-16 10:59:57,217 | INFO | epoch=9 batch=1500 global_step=2974 loss_reg_months=5.0769 lr=0.00017543 grad_norm=1.3756 throughput=16.52 img/s eta_seconds=400.3 gpu_alloc=476.3MiB gpu_reserved=3472.0MiB skipped_batches=0
2026-08-16 11:00:02,982 | INFO | epoch=9 batch=1525 global_step=2977 loss_reg_months=5.0769 lr=0.00017543 grad_norm=1.6038 throughput=16.53 img/s eta_seconds=393.9 gpu_alloc=476.3MiB gpu_reserved=3472.0MiB skipped_batches=0
2026-08-16 11:00:08,786 | INFO | epoch=9 batch=1550 global_step=2980 loss_reg_months=5.0736 lr=0.00017543 grad_norm=1.6998 throughput=16.54 img/s eta_seconds=387.6 gpu_alloc=476.3MiB gpu_reserved=3472.0MiB skipped_batches=0
2026-08-16 11:00:14,593 | INFO | epoch=9 batch=1575 global_step=2983 loss_reg_months=5.0892 lr=0.00017543 grad_norm=1.8122 throughput=16.55 img/s eta_seconds=381.3 gpu_alloc=367.7MiB gpu_reserved=3472.0MiB skipped_batches=0
2026-08-16 11:00:20,322 | INFO | epoch=9 batch=1600 global_step=2985 loss_reg_months=5.0955 lr=0.00017543 grad_norm=1.1958 throughput=16.56 img/s eta_seconds=375.0 gpu_alloc=476.3MiB gpu_reserved=3472.0MiB skipped_batches=0
2026-08-16 11:00:26,088 | INFO | epoch=9 batch=1625 global_step=2988 loss_reg_months=5.1261 lr=0.00017543 grad_norm=2.9416 throughput=16.57 img/s eta_seconds=368.7 gpu_alloc=476.3MiB gpu_reserved=3472.0MiB skipped_batches=0
2026-08-16 11:00:31,907 | INFO | epoch=9 batch=1650 global_step=2991 loss_reg_months=5.1320 lr=0.00017543 grad_norm=2.0513 throughput=16.58 img/s eta_seconds=362.5 gpu_alloc=476.3MiB gpu_reserved=3472.0MiB skipped_batches=0
2026-08-16 11:00:37,681 | INFO | epoch=9 batch=1675 global_step=2994 loss_reg_months=5.1490 lr=0.00017543 grad_norm=1.3522 throughput=16.59 img/s eta_seconds=356.2 gpu_alloc=476.3MiB gpu_reserved=3472.0MiB skipped_batches=0
2026-08-16 11:00:43,454 | INFO | epoch=9 batch=1700 global_step=2996 loss_reg_months=5.1473 lr=0.00017543 grad_norm=1.0454 throughput=16.60 img/s eta_seconds=350.0 gpu_alloc=476.3MiB gpu_reserved=3472.0MiB skipped_batches=0
2026-08-16 11:00:49,286 | INFO | epoch=9 batch=1725 global_step=2999 loss_reg_months=5.1392 lr=0.00017543 grad_norm=1.6299 throughput=16.61 img/s eta_seconds=343.8 gpu_alloc=476.3MiB gpu_reserved=3472.0MiB skipped_batches=0
2026-08-16 11:00:57,386 | INFO | epoch=9 batch=1750 global_step=3002 loss_reg_months=5.1395 lr=0.00017543 grad_norm=1.7172 throughput=16.53 img/s eta_seconds=339.4 gpu_alloc=476.3MiB gpu_reserved=3472.0MiB skipped_batches=0
2026-08-16 11:01:03,498 | INFO | epoch=9 batch=1775 global_step=3005 loss_reg_months=5.1371 lr=0.00017543 grad_norm=1.6669 throughput=16.53 img/s eta_seconds=333.4 gpu_alloc=476.3MiB gpu_reserved=3472.0MiB skipped_batches=0
2026-08-16 11:01:11,469 | INFO | epoch=9 batch=1800 global_step=3008 loss_reg_months=5.1370 lr=0.00017543 grad_norm=1.1388 throughput=16.46 img/s eta_seconds=328.8 gpu_alloc=367.7MiB gpu_reserved=3472.0MiB skipped_batches=0
2026-08-16 11:01:18,540 | INFO | epoch=9 batch=1825 global_step=3010 loss_reg_months=5.1364 lr=0.00017543 grad_norm=1.5097 throughput=16.42 img/s eta_seconds=323.5 gpu_alloc=476.3MiB gpu_reserved=3472.0MiB skipped_batches=0
2026-08-16 11:01:24,283 | INFO | epoch=9 batch=1850 global_step=3013 loss_reg_months=5.1287 lr=0.00017543 grad_norm=1.0579 throughput=16.43 img/s eta_seconds=317.1 gpu_alloc=476.3MiB gpu_reserved=3472.0MiB skipped_batches=0
2026-08-16 11:01:30,090 | INFO | epoch=9 batch=1875 global_step=3016 loss_reg_months=5.1236 lr=0.00017543 grad_norm=1.1909 throughput=16.44 img/s eta_seconds=310.9 gpu_alloc=476.3MiB gpu_reserved=3472.0MiB skipped_batches=0
2026-08-16 11:01:38,076 | INFO | epoch=9 batch=1900 global_step=3019 loss_reg_months=5.1266 lr=0.00017543 grad_norm=1.5766 throughput=16.37 img/s eta_seconds=306.0 gpu_alloc=476.3MiB gpu_reserved=3472.0MiB skipped_batches=0
2026-08-16 11:01:44,094 | INFO | epoch=9 batch=1925 global_step=3021 loss_reg_months=5.1216 lr=0.00017543 grad_norm=0.9622 throughput=16.38 img/s eta_seconds=299.9 gpu_alloc=476.3MiB gpu_reserved=3472.0MiB skipped_batches=0
2026-08-16 11:01:49,898 | INFO | epoch=9 batch=1950 global_step=3024 loss_reg_months=5.1217 lr=0.00017543 grad_norm=1.8600 throughput=16.39 img/s eta_seconds=293.6 gpu_alloc=476.3MiB gpu_reserved=3472.0MiB skipped_batches=0
2026-08-16 11:01:55,674 | INFO | epoch=9 batch=1975 global_step=3027 loss_reg_months=5.1192 lr=0.00017543 grad_norm=1.3308 throughput=16.40 img/s eta_seconds=287.3 gpu_alloc=476.3MiB gpu_reserved=3472.0MiB skipped_batches=0
2026-08-16 11:02:01,429 | INFO | epoch=9 batch=2000 global_step=3030 loss_reg_months=5.1165 lr=0.00017543 grad_norm=1.2269 throughput=16.41 img/s eta_seconds=281.0 gpu_alloc=476.3MiB gpu_reserved=3472.0MiB skipped_batches=0
2026-08-16 11:02:25,194 | INFO | epoch=9 batch=2025 global_step=3033 loss_reg_months=5.1104 lr=0.00017543 grad_norm=1.3877 throughput=15.84 img/s eta_seconds=284.7 gpu_alloc=367.7MiB gpu_reserved=3472.0MiB skipped_batches=0
2026-08-16 11:02:34,553 | INFO | epoch=9 batch=2050 global_step=3035 loss_reg_months=5.1065 lr=0.00017543 grad_norm=1.4185 throughput=15.75 img/s eta_seconds=280.1 gpu_alloc=476.3MiB gpu_reserved=3472.0MiB skipped_batches=0
2026-08-16 11:02:47,341 | INFO | epoch=9 batch=2075 global_step=3038 loss_reg_months=5.1081 lr=0.00017543 grad_norm=1.1619 throughput=15.56 img/s eta_seconds=277.1 gpu_alloc=476.3MiB gpu_reserved=3472.0MiB skipped_batches=0
2026-08-16 11:02:55,784 | INFO | epoch=9 batch=2100 global_step=3041 loss_reg_months=5.1003 lr=0.00017543 grad_norm=0.7896 throughput=15.50 img/s eta_seconds=271.6 gpu_alloc=476.3MiB gpu_reserved=3472.0MiB skipped_batches=0
2026-08-16 11:03:05,400 | INFO | epoch=9 batch=2125 global_step=3044 loss_reg_months=5.1060 lr=0.00017543 grad_norm=1.2497 throughput=15.41 img/s eta_seconds=266.7 gpu_alloc=476.3MiB gpu_reserved=3472.0MiB skipped_batches=0
2026-08-16 11:03:15,295 | INFO | epoch=9 batch=2150 global_step=3046 loss_reg_months=5.1118 lr=0.00017543 grad_norm=1.3840 throughput=15.32 img/s eta_seconds=261.8 gpu_alloc=476.3MiB gpu_reserved=3472.0MiB skipped_batches=0
2026-08-16 11:03:27,643 | INFO | epoch=9 batch=2175 global_step=3049 loss_reg_months=5.1149 lr=0.00017543 grad_norm=1.4942 throughput=15.16 img/s eta_seconds=257.9 gpu_alloc=476.3MiB gpu_reserved=3472.0MiB skipped_batches=0
2026-08-16 11:03:41,888 | INFO | epoch=9 batch=2200 global_step=3052 loss_reg_months=5.1072 lr=0.00017543 grad_norm=1.4286 throughput=14.97 img/s eta_seconds=254.6 gpu_alloc=476.3MiB gpu_reserved=3472.0MiB skipped_batches=0
2026-08-16 11:03:51,346 | INFO | epoch=9 batch=2225 global_step=3055 loss_reg_months=5.1062 lr=0.00017543 grad_norm=1.2794 throughput=14.90 img/s eta_seconds=249.1 gpu_alloc=476.3MiB gpu_reserved=3472.0MiB skipped_batches=0
2026-08-16 11:04:00,361 | INFO | epoch=9 batch=2250 global_step=3058 loss_reg_months=5.1058 lr=0.00017543 grad_norm=1.0855 throughput=14.84 img/s eta_seconds=243.3 gpu_alloc=367.7MiB gpu_reserved=3472.0MiB skipped_batches=0
2026-08-16 11:04:09,535 | INFO | epoch=9 batch=2275 global_step=3060 loss_reg_months=5.1031 lr=0.00017543 grad_norm=0.9309 throughput=14.78 img/s eta_seconds=237.5 gpu_alloc=476.3MiB gpu_reserved=3472.0MiB skipped_batches=0
2026-08-16 11:04:18,196 | INFO | epoch=9 batch=2300 global_step=3063 loss_reg_months=5.0926 lr=0.00017543 grad_norm=1.0995 throughput=14.74 img/s eta_seconds=231.5 gpu_alloc=476.3MiB gpu_reserved=3472.0MiB skipped_batches=0
2026-08-16 11:04:27,886 | INFO | epoch=9 batch=2325 global_step=3066 loss_reg_months=5.0890 lr=0.00017543 grad_norm=0.9845 throughput=14.67 img/s eta_seconds=225.7 gpu_alloc=476.3MiB gpu_reserved=3472.0MiB skipped_batches=0
2026-08-16 11:04:36,682 | INFO | epoch=9 batch=2350 global_step=3069 loss_reg_months=5.0808 lr=0.00017543 grad_norm=1.2394 throughput=14.62 img/s eta_seconds=219.6 gpu_alloc=476.3MiB gpu_reserved=3472.0MiB skipped_batches=0
2026-08-16 11:04:47,433 | INFO | epoch=9 batch=2375 global_step=3071 loss_reg_months=5.0717 lr=0.00017543 grad_norm=0.9814 throughput=14.54 img/s eta_seconds=214.0 gpu_alloc=476.3MiB gpu_reserved=3472.0MiB skipped_batches=0
2026-08-16 11:04:56,276 | INFO | epoch=9 batch=2400 global_step=3074 loss_reg_months=5.0660 lr=0.00017543 grad_norm=1.6066 throughput=14.49 img/s eta_seconds=207.7 gpu_alloc=476.3MiB gpu_reserved=3472.0MiB skipped_batches=0
2026-08-16 11:05:06,155 | INFO | epoch=9 batch=2425 global_step=3077 loss_reg_months=5.0688 lr=0.00017543 grad_norm=1.0518 throughput=14.43 img/s eta_seconds=201.7 gpu_alloc=476.3MiB gpu_reserved=3472.0MiB skipped_batches=0
2026-08-16 11:05:15,486 | INFO | epoch=9 batch=2450 global_step=3080 loss_reg_months=5.0774 lr=0.00017543 grad_norm=2.1098 throughput=14.38 img/s eta_seconds=195.5 gpu_alloc=476.3MiB gpu_reserved=3472.0MiB skipped_batches=0
2026-08-16 11:05:24,455 | INFO | epoch=9 batch=2475 global_step=3083 loss_reg_months=5.0715 lr=0.00017543 grad_norm=1.3259 throughput=14.34 img/s eta_seconds=189.1 gpu_alloc=367.7MiB gpu_reserved=3472.0MiB skipped_batches=0
2026-08-16 11:05:33,884 | INFO | epoch=9 batch=2500 global_step=3085 loss_reg_months=5.0676 lr=0.00017543 grad_norm=1.9214 throughput=14.29 img/s eta_seconds=182.8 gpu_alloc=476.3MiB gpu_reserved=3472.0MiB skipped_batches=0
2026-08-16 11:05:42,882 | INFO | epoch=9 batch=2525 global_step=3088 loss_reg_months=5.0639 lr=0.00017543 grad_norm=0.9216 throughput=14.25 img/s eta_seconds=176.3 gpu_alloc=476.3MiB gpu_reserved=3472.0MiB skipped_batches=0
2026-08-16 11:05:52,024 | INFO | epoch=9 batch=2550 global_step=3091 loss_reg_months=5.0664 lr=0.00017543 grad_norm=1.3399 throughput=14.20 img/s eta_seconds=169.7 gpu_alloc=476.3MiB gpu_reserved=3472.0MiB skipped_batches=0
2026-08-16 11:06:01,143 | INFO | epoch=9 batch=2575 global_step=3094 loss_reg_months=5.0726 lr=0.00017543 grad_norm=1.3897 throughput=14.16 img/s eta_seconds=163.2 gpu_alloc=476.3MiB gpu_reserved=3472.0MiB skipped_batches=0
2026-08-16 11:06:09,756 | INFO | epoch=9 batch=2600 global_step=3096 loss_reg_months=5.0747 lr=0.00017543 grad_norm=1.3832 throughput=14.13 img/s eta_seconds=156.4 gpu_alloc=476.3MiB gpu_reserved=3472.0MiB skipped_batches=0
2026-08-16 11:06:19,019 | INFO | epoch=9 batch=2625 global_step=3099 loss_reg_months=5.0659 lr=0.00017543 grad_norm=1.0615 throughput=14.09 img/s eta_seconds=149.8 gpu_alloc=476.3MiB gpu_reserved=3472.0MiB skipped_batches=0
2026-08-16 11:06:29,533 | INFO | epoch=9 batch=2650 global_step=3102 loss_reg_months=5.0579 lr=0.00017543 grad_norm=1.6014 throughput=14.03 img/s eta_seconds=143.4 gpu_alloc=476.3MiB gpu_reserved=3472.0MiB skipped_batches=0
2026-08-16 11:06:38,911 | INFO | epoch=9 batch=2675 global_step=3105 loss_reg_months=5.0542 lr=0.00017543 grad_norm=1.2936 throughput=13.99 img/s eta_seconds=136.6 gpu_alloc=476.3MiB gpu_reserved=3472.0MiB skipped_batches=0
2026-08-16 11:06:48,397 | INFO | epoch=9 batch=2700 global_step=3108 loss_reg_months=5.0560 lr=0.00017543 grad_norm=0.9953 throughput=13.95 img/s eta_seconds=129.9 gpu_alloc=367.7MiB gpu_reserved=3472.0MiB skipped_batches=0
2026-08-16 11:06:57,372 | INFO | epoch=9 batch=2725 global_step=3110 loss_reg_months=5.0467 lr=0.00017543 grad_norm=1.6768 throughput=13.91 img/s eta_seconds=123.0 gpu_alloc=476.3MiB gpu_reserved=3472.0MiB skipped_batches=0
2026-08-16 11:07:06,339 | INFO | epoch=9 batch=2750 global_step=3113 loss_reg_months=5.0444 lr=0.00017543 grad_norm=1.3431 throughput=13.88 img/s eta_seconds=116.1 gpu_alloc=476.3MiB gpu_reserved=3472.0MiB skipped_batches=0
2026-08-16 11:07:15,645 | INFO | epoch=9 batch=2775 global_step=3116 loss_reg_months=5.0423 lr=0.00017543 grad_norm=1.1113 throughput=13.85 img/s eta_seconds=109.1 gpu_alloc=476.3MiB gpu_reserved=3472.0MiB skipped_batches=0
2026-08-16 11:07:24,712 | INFO | epoch=9 batch=2800 global_step=3119 loss_reg_months=5.0469 lr=0.00017543 grad_norm=1.6506 throughput=13.81 img/s eta_seconds=102.1 gpu_alloc=476.3MiB gpu_reserved=3472.0MiB skipped_batches=0
2026-08-16 11:07:35,062 | INFO | epoch=9 batch=2825 global_step=3121 loss_reg_months=5.0465 lr=0.00017543 grad_norm=1.3137 throughput=13.76 img/s eta_seconds=95.3 gpu_alloc=476.3MiB gpu_reserved=3472.0MiB skipped_batches=0
2026-08-16 11:07:44,156 | INFO | epoch=9 batch=2850 global_step=3124 loss_reg_months=5.0454 lr=0.00017543 grad_norm=1.4161 throughput=13.73 img/s eta_seconds=88.2 gpu_alloc=476.3MiB gpu_reserved=3472.0MiB skipped_batches=0
2026-08-16 11:07:53,047 | INFO | epoch=9 batch=2875 global_step=3127 loss_reg_months=5.0471 lr=0.00017543 grad_norm=1.1632 throughput=13.70 img/s eta_seconds=81.1 gpu_alloc=476.3MiB gpu_reserved=3472.0MiB skipped_batches=0
2026-08-16 11:08:03,137 | INFO | epoch=9 batch=2900 global_step=3130 loss_reg_months=5.0425 lr=0.00017543 grad_norm=1.4495 throughput=13.66 img/s eta_seconds=74.0 gpu_alloc=476.3MiB gpu_reserved=3472.0MiB skipped_batches=0
2026-08-16 11:08:12,190 | INFO | epoch=9 batch=2925 global_step=3133 loss_reg_months=5.0347 lr=0.00017543 grad_norm=1.1302 throughput=13.63 img/s eta_seconds=66.8 gpu_alloc=367.7MiB gpu_reserved=3472.0MiB skipped_batches=0
2026-08-16 11:08:21,803 | INFO | epoch=9 batch=2950 global_step=3135 loss_reg_months=5.0291 lr=0.00017543 grad_norm=1.4978 throughput=13.60 img/s eta_seconds=59.6 gpu_alloc=476.3MiB gpu_reserved=3472.0MiB skipped_batches=0
2026-08-16 11:08:31,091 | INFO | epoch=9 batch=2975 global_step=3138 loss_reg_months=5.0413 lr=0.00017543 grad_norm=2.6849 throughput=13.57 img/s eta_seconds=52.4 gpu_alloc=476.3MiB gpu_reserved=3472.0MiB skipped_batches=0
2026-08-16 11:08:39,869 | INFO | epoch=9 batch=3000 global_step=3141 loss_reg_months=5.0376 lr=0.00017543 grad_norm=1.5333 throughput=13.54 img/s eta_seconds=45.1 gpu_alloc=476.3MiB gpu_reserved=3472.0MiB skipped_batches=0
2026-08-16 11:08:49,442 | INFO | epoch=9 batch=3025 global_step=3144 loss_reg_months=5.0378 lr=0.00017543 grad_norm=1.0424 throughput=13.51 img/s eta_seconds=37.8 gpu_alloc=476.3MiB gpu_reserved=3472.0MiB skipped_batches=0
2026-08-16 11:08:58,723 | INFO | epoch=9 batch=3050 global_step=3146 loss_reg_months=5.0392 lr=0.00017543 grad_norm=1.5573 throughput=13.48 img/s eta_seconds=30.5 gpu_alloc=476.3MiB gpu_reserved=3472.0MiB skipped_batches=0
2026-08-16 11:09:07,526 | INFO | epoch=9 batch=3075 global_step=3149 loss_reg_months=5.0349 lr=0.00017543 grad_norm=1.1573 throughput=13.46 img/s eta_seconds=23.1 gpu_alloc=476.3MiB gpu_reserved=3472.0MiB skipped_batches=0
2026-08-16 11:09:17,061 | INFO | epoch=9 batch=3100 global_step=3152 loss_reg_months=5.0405 lr=0.00017543 grad_norm=2.0248 throughput=13.43 img/s eta_seconds=15.7 gpu_alloc=476.3MiB gpu_reserved=3472.0MiB skipped_batches=0
2026-08-16 11:09:26,000 | INFO | epoch=9 batch=3125 global_step=3155 loss_reg_months=5.0418 lr=0.00017543 grad_norm=1.0350 throughput=13.41 img/s eta_seconds=8.3 gpu_alloc=476.3MiB gpu_reserved=3472.0MiB skipped_batches=0
2026-08-16 11:09:35,181 | INFO | epoch=9 batch=3150 global_step=3158 loss_reg_months=5.0440 lr=0.00017543 grad_norm=1.5578 throughput=13.39 img/s eta_seconds=0.8 gpu_alloc=367.7MiB gpu_reserved=3472.0MiB skipped_batches=0
2026-08-16 11:11:25,739 | WARNING | STABILITY WARNING [CAM] Prediction vượt nhẹ miền tuổi 0–228: [8.31, 233.00]
2026-08-16 11:11:25,746 | INFO | 
TRAINING REVIEW SNAPSHOT
Run ID / config hash / split hash: P6_D0_CONVNEXT_TINY_768_SEED42 / 0e80cf6f780f / 7328667e6822+f650a20432b5
Epoch / global step: 9 / 3159
Train loss: 5.0426
Validation MAE / RMSE / median AE: 6.6053 / 8.5706 / 5.0000
MAE nam / nữ / age bins: {'F': 6.968654141104294, 'M': 6.298835705045279} / {'0-59': 5.939494680851064, '120-179': 6.6755253399258345, '60-119': 6.565355329949239, '180-228': 6.7734375}
Learning rate / peak VRAM: 0.00017543 / 3472.0 MiB
Best epoch / best MAE / epochs không cải thiện: 7 / 6.2605 / 2
Cảnh báo hiện tại: CAM: Prediction vượt nhẹ miền tuổi 0–228: [8.31, 233.00]
Checkpoint gần nhất: p1_baseline\runs\P6_D0_CONVNEXT_TINY_768_SEED42\last.ckpt
Checkpoint tốt nhất: p1_baseline\runs\P6_D0_CONVNEXT_TINY_768_SEED42\best_mae.ckpt
Đề xuất tự động: THEO DÕI
2026-08-16 11:11:50,953 | INFO | epoch=10 batch=25 global_step=3161 loss_reg_months=5.4728 lr=0.00016926 grad_norm=1.3365 throughput=4.27 img/s eta_seconds=2927.6 gpu_alloc=476.3MiB gpu_reserved=3472.0MiB skipped_batches=0
2026-08-16 11:12:09,413 | INFO | epoch=10 batch=50 global_step=3164 loss_reg_months=4.9753 lr=0.00016926 grad_norm=1.6011 throughput=4.78 img/s eta_seconds=2597.6 gpu_alloc=476.3MiB gpu_reserved=3472.0MiB skipped_batches=0
2026-08-16 11:12:24,056 | INFO | epoch=10 batch=75 global_step=3167 loss_reg_months=5.0776 lr=0.00016926 grad_norm=1.4080 throughput=5.31 img/s eta_seconds=2318.7 gpu_alloc=476.3MiB gpu_reserved=3472.0MiB skipped_batches=0
2026-08-16 11:12:37,512 | INFO | epoch=10 batch=100 global_step=3170 loss_reg_months=5.2784 lr=0.00016926 grad_norm=1.4534 throughput=5.73 img/s eta_seconds=2132.4 gpu_alloc=476.3MiB gpu_reserved=3472.0MiB skipped_batches=0
2026-08-16 11:12:50,589 | INFO | epoch=10 batch=125 global_step=3172 loss_reg_months=5.2756 lr=0.00016926 grad_norm=0.8388 throughput=6.02 img/s eta_seconds=2011.3 gpu_alloc=476.3MiB gpu_reserved=3472.0MiB skipped_batches=0
2026-08-16 11:12:59,874 | INFO | epoch=10 batch=150 global_step=3175 loss_reg_months=5.0961 lr=0.00016926 grad_norm=0.8733 throughput=6.50 img/s eta_seconds=1848.1 gpu_alloc=476.3MiB gpu_reserved=3472.0MiB skipped_batches=0
2026-08-16 11:13:11,095 | INFO | epoch=10 batch=175 global_step=3178 loss_reg_months=5.0313 lr=0.00016926 grad_norm=1.1380 throughput=6.76 img/s eta_seconds=1761.8 gpu_alloc=476.3MiB gpu_reserved=3472.0MiB skipped_batches=0
2026-08-16 11:13:21,697 | INFO | epoch=10 batch=200 global_step=3181 loss_reg_months=5.1983 lr=0.00016926 grad_norm=2.3491 throughput=7.01 img/s eta_seconds=1685.2 gpu_alloc=476.3MiB gpu_reserved=3472.0MiB skipped_batches=0
2026-08-16 11:13:32,705 | INFO | epoch=10 batch=225 global_step=3184 loss_reg_months=5.2419 lr=0.00016926 grad_norm=1.1780 throughput=7.19 img/s eta_seconds=1628.5 gpu_alloc=367.7MiB gpu_reserved=3472.0MiB skipped_batches=0
2026-08-16 11:13:42,300 | INFO | epoch=10 batch=250 global_step=3186 loss_reg_months=5.1865 lr=0.00016926 grad_norm=1.5363 throughput=7.42 img/s eta_seconds=1564.5 gpu_alloc=476.3MiB gpu_reserved=3472.0MiB skipped_batches=0
2026-08-16 11:13:55,954 | INFO | epoch=10 batch=275 global_step=3189 loss_reg_months=5.0962 lr=0.00016926 grad_norm=1.4871 throughput=7.41 img/s eta_seconds=1553.0 gpu_alloc=476.3MiB gpu_reserved=3472.0MiB skipped_batches=0
2026-08-16 11:14:07,303 | INFO | epoch=10 batch=300 global_step=3192 loss_reg_months=5.0933 lr=0.00016926 grad_norm=1.4027 throughput=7.51 img/s eta_seconds=1519.1 gpu_alloc=476.3MiB gpu_reserved=3472.0MiB skipped_batches=0
2026-08-16 11:14:24,869 | INFO | epoch=10 batch=325 global_step=3195 loss_reg_months=5.0751 lr=0.00016926 grad_norm=1.1198 throughput=7.33 img/s eta_seconds=1542.8 gpu_alloc=476.3MiB gpu_reserved=3472.0MiB skipped_batches=0
2026-08-16 11:14:40,114 | INFO | epoch=10 batch=350 global_step=3197 loss_reg_months=5.1302 lr=0.00016926 grad_norm=2.4481 throughput=7.27 img/s eta_seconds=1542.0 gpu_alloc=476.3MiB gpu_reserved=3472.0MiB skipped_batches=0
2026-08-16 11:15:00,715 | INFO | epoch=10 batch=375 global_step=3200 loss_reg_months=5.1447 lr=0.00016926 grad_norm=1.8728 throughput=7.04 img/s eta_seconds=1578.9 gpu_alloc=476.3MiB gpu_reserved=3472.0MiB skipped_batches=0
2026-08-16 11:15:10,344 | INFO | epoch=10 batch=400 global_step=3203 loss_reg_months=5.1873 lr=0.00016926 grad_norm=1.9587 throughput=7.18 img/s eta_seconds=1533.2 gpu_alloc=476.3MiB gpu_reserved=3472.0MiB skipped_batches=0
2026-08-16 11:15:27,404 | INFO | epoch=10 batch=425 global_step=3206 loss_reg_months=5.1513 lr=0.00016926 grad_norm=1.6233 throughput=7.09 img/s eta_seconds=1539.4 gpu_alloc=476.3MiB gpu_reserved=3472.0MiB skipped_batches=0
2026-08-16 11:15:43,190 | INFO | epoch=10 batch=450 global_step=3209 loss_reg_months=5.1534 lr=0.00016926 grad_norm=1.3915 throughput=7.04 img/s eta_seconds=1535.4 gpu_alloc=367.7MiB gpu_reserved=3472.0MiB skipped_batches=0
2026-08-16 11:15:57,940 | INFO | epoch=10 batch=475 global_step=3211 loss_reg_months=5.1451 lr=0.00016926 grad_norm=1.3004 throughput=7.03 img/s eta_seconds=1524.3 gpu_alloc=476.3MiB gpu_reserved=3472.0MiB skipped_batches=0
2026-08-16 11:16:07,368 | INFO | epoch=10 batch=500 global_step=3214 loss_reg_months=5.1758 lr=0.00016926 grad_norm=1.7203 throughput=7.15 img/s eta_seconds=1484.6 gpu_alloc=476.3MiB gpu_reserved=3472.0MiB skipped_batches=0
2026-08-16 11:16:15,790 | INFO | epoch=10 batch=525 global_step=3217 loss_reg_months=5.1506 lr=0.00016926 grad_norm=0.9410 throughput=7.29 img/s eta_seconds=1442.7 gpu_alloc=476.3MiB gpu_reserved=3472.0MiB skipped_batches=0
2026-08-16 11:16:25,065 | INFO | epoch=10 batch=550 global_step=3220 loss_reg_months=5.1476 lr=0.00016926 grad_norm=2.0077 throughput=7.39 img/s eta_seconds=1407.9 gpu_alloc=476.3MiB gpu_reserved=3472.0MiB skipped_batches=0
2026-08-16 11:16:34,231 | INFO | epoch=10 batch=575 global_step=3222 loss_reg_months=5.1221 lr=0.00016926 grad_norm=1.8500 throughput=7.50 img/s eta_seconds=1374.9 gpu_alloc=476.3MiB gpu_reserved=3472.0MiB skipped_batches=0
2026-08-16 11:16:43,650 | INFO | epoch=10 batch=600 global_step=3225 loss_reg_months=5.0921 lr=0.00016926 grad_norm=1.5975 throughput=7.59 img/s eta_seconds=1344.9 gpu_alloc=476.3MiB gpu_reserved=3472.0MiB skipped_batches=0
2026-08-16 11:16:52,936 | INFO | epoch=10 batch=625 global_step=3228 loss_reg_months=5.0652 lr=0.00016926 grad_norm=1.3025 throughput=7.68 img/s eta_seconds=1316.0 gpu_alloc=476.3MiB gpu_reserved=3472.0MiB skipped_batches=0
2026-08-16 11:17:05,359 | INFO | epoch=10 batch=650 global_step=3231 loss_reg_months=5.0410 lr=0.00016926 grad_norm=1.7146 throughput=7.70 img/s eta_seconds=1300.7 gpu_alloc=476.3MiB gpu_reserved=3472.0MiB skipped_batches=0
2026-08-16 11:17:14,188 | INFO | epoch=10 batch=675 global_step=3234 loss_reg_months=5.0478 lr=0.00016926 grad_norm=1.5312 throughput=7.79 img/s eta_seconds=1272.4 gpu_alloc=367.7MiB gpu_reserved=3472.0MiB skipped_batches=0
2026-08-16 11:17:21,941 | INFO | epoch=10 batch=700 global_step=3236 loss_reg_months=5.0586 lr=0.00016926 grad_norm=1.2310 throughput=7.90 img/s eta_seconds=1241.7 gpu_alloc=476.3MiB gpu_reserved=3472.0MiB skipped_batches=0
2026-08-16 11:17:29,859 | INFO | epoch=10 batch=725 global_step=3239 loss_reg_months=5.0674 lr=0.00016926 grad_norm=2.0044 throughput=8.00 img/s eta_seconds=1213.2 gpu_alloc=476.3MiB gpu_reserved=3472.0MiB skipped_batches=0
2026-08-16 11:17:37,628 | INFO | epoch=10 batch=750 global_step=3242 loss_reg_months=5.0816 lr=0.00016926 grad_norm=1.0955 throughput=8.11 img/s eta_seconds=1185.6 gpu_alloc=476.3MiB gpu_reserved=3472.0MiB skipped_batches=0
2026-08-16 11:17:46,255 | INFO | epoch=10 batch=775 global_step=3245 loss_reg_months=5.0830 lr=0.00016926 grad_norm=1.3644 throughput=8.19 img/s eta_seconds=1161.9 gpu_alloc=476.3MiB gpu_reserved=3472.0MiB skipped_batches=0
2026-08-16 11:17:55,831 | INFO | epoch=10 batch=800 global_step=3247 loss_reg_months=5.1059 lr=0.00016926 grad_norm=1.4129 throughput=8.24 img/s eta_seconds=1141.9 gpu_alloc=476.3MiB gpu_reserved=3472.0MiB skipped_batches=0
2026-08-16 11:18:06,500 | INFO | epoch=10 batch=825 global_step=3250 loss_reg_months=5.0828 lr=0.00016926 grad_norm=1.8729 throughput=8.27 img/s eta_seconds=1125.6 gpu_alloc=476.3MiB gpu_reserved=3472.0MiB skipped_batches=0
2026-08-16 11:18:17,267 | INFO | epoch=10 batch=850 global_step=3253 loss_reg_months=5.0847 lr=0.00016926 grad_norm=1.2298 throughput=8.30 img/s eta_seconds=1110.0 gpu_alloc=476.3MiB gpu_reserved=3472.0MiB skipped_batches=0
2026-08-16 11:18:29,451 | INFO | epoch=10 batch=875 global_step=3256 loss_reg_months=5.1279 lr=0.00016926 grad_norm=0.8382 throughput=8.30 img/s eta_seconds=1098.3 gpu_alloc=476.3MiB gpu_reserved=3472.0MiB skipped_batches=0
2026-08-16 11:19:01,654 | INFO | epoch=10 batch=900 global_step=3259 loss_reg_months=5.1275 lr=0.00016926 grad_norm=1.4140 throughput=7.93 img/s eta_seconds=1136.6 gpu_alloc=367.7MiB gpu_reserved=3472.0MiB skipped_batches=0
2026-08-16 11:19:11,535 | INFO | epoch=10 batch=925 global_step=3261 loss_reg_months=5.1357 lr=0.00016926 grad_norm=1.0611 throughput=7.97 img/s eta_seconds=1117.4 gpu_alloc=476.3MiB gpu_reserved=3472.0MiB skipped_batches=0
2026-08-16 11:19:26,070 | INFO | epoch=10 batch=950 global_step=3264 loss_reg_months=5.1428 lr=0.00016926 grad_norm=1.7636 throughput=7.94 img/s eta_seconds=1109.5 gpu_alloc=476.3MiB gpu_reserved=3472.0MiB skipped_batches=0
2026-08-16 11:19:39,315 | INFO | epoch=10 batch=975 global_step=3267 loss_reg_months=5.1266 lr=0.00016926 grad_norm=0.7890 throughput=7.93 img/s eta_seconds=1098.4 gpu_alloc=476.3MiB gpu_reserved=3472.0MiB skipped_batches=0
2026-08-16 11:19:47,403 | INFO | epoch=10 batch=1000 global_step=3270 loss_reg_months=5.1625 lr=0.00016926 grad_norm=1.4626 throughput=8.00 img/s eta_seconds=1076.1 gpu_alloc=476.3MiB gpu_reserved=3472.0MiB skipped_batches=0
2026-08-16 11:19:55,252 | INFO | epoch=10 batch=1025 global_step=3272 loss_reg_months=5.1427 lr=0.00016926 grad_norm=1.0124 throughput=8.08 img/s eta_seconds=1053.9 gpu_alloc=476.3MiB gpu_reserved=3472.0MiB skipped_batches=0
2026-08-16 11:20:02,616 | INFO | epoch=10 batch=1050 global_step=3275 loss_reg_months=5.1395 lr=0.00016926 grad_norm=1.2931 throughput=8.15 img/s eta_seconds=1031.5 gpu_alloc=476.3MiB gpu_reserved=3472.0MiB skipped_batches=0
2026-08-16 11:20:10,328 | INFO | epoch=10 batch=1075 global_step=3278 loss_reg_months=5.1371 lr=0.00016926 grad_norm=1.5382 throughput=8.23 img/s eta_seconds=1010.4 gpu_alloc=476.3MiB gpu_reserved=3472.0MiB skipped_batches=0
2026-08-16 11:20:17,722 | INFO | epoch=10 batch=1100 global_step=3281 loss_reg_months=5.1209 lr=0.00016926 grad_norm=1.4926 throughput=8.30 img/s eta_seconds=989.4 gpu_alloc=476.3MiB gpu_reserved=3472.0MiB skipped_batches=0
2026-08-16 11:20:24,932 | INFO | epoch=10 batch=1125 global_step=3284 loss_reg_months=5.1238 lr=0.00016926 grad_norm=1.7454 throughput=8.37 img/s eta_seconds=968.6 gpu_alloc=367.7MiB gpu_reserved=3472.0MiB skipped_batches=0
2026-08-16 11:20:32,766 | INFO | epoch=10 batch=1150 global_step=3286 loss_reg_months=5.1218 lr=0.00016926 grad_norm=1.4309 throughput=8.44 img/s eta_seconds=949.5 gpu_alloc=476.3MiB gpu_reserved=3472.0MiB skipped_batches=0
2026-08-16 11:20:39,965 | INFO | epoch=10 batch=1175 global_step=3289 loss_reg_months=5.1111 lr=0.00016926 grad_norm=1.4770 throughput=8.51 img/s eta_seconds=929.8 gpu_alloc=476.3MiB gpu_reserved=3472.0MiB skipped_batches=0
2026-08-16 11:20:47,629 | INFO | epoch=10 batch=1200 global_step=3292 loss_reg_months=5.1071 lr=0.00016926 grad_norm=1.1199 throughput=8.57 img/s eta_seconds=911.4 gpu_alloc=476.3MiB gpu_reserved=3472.0MiB skipped_batches=0
2026-08-16 11:20:55,031 | INFO | epoch=10 batch=1225 global_step=3295 loss_reg_months=5.1051 lr=0.00016926 grad_norm=1.7125 throughput=8.63 img/s eta_seconds=893.0 gpu_alloc=476.3MiB gpu_reserved=3472.0MiB skipped_batches=0
2026-08-16 11:21:02,820 | INFO | epoch=10 batch=1250 global_step=3297 loss_reg_months=5.0951 lr=0.00016926 grad_norm=1.1389 throughput=8.69 img/s eta_seconds=875.7 gpu_alloc=476.3MiB gpu_reserved=3472.0MiB skipped_batches=0
2026-08-16 11:21:10,350 | INFO | epoch=10 batch=1275 global_step=3300 loss_reg_months=5.1072 lr=0.00016926 grad_norm=1.6237 throughput=8.75 img/s eta_seconds=858.3 gpu_alloc=476.3MiB gpu_reserved=3472.0MiB skipped_batches=0
2026-08-16 11:21:18,140 | INFO | epoch=10 batch=1300 global_step=3303 loss_reg_months=5.1022 lr=0.00016926 grad_norm=2.6697 throughput=8.80 img/s eta_seconds=841.7 gpu_alloc=476.3MiB gpu_reserved=3472.0MiB skipped_batches=0
2026-08-16 11:21:25,658 | INFO | epoch=10 batch=1325 global_step=3306 loss_reg_months=5.1307 lr=0.00016926 grad_norm=1.6878 throughput=8.86 img/s eta_seconds=825.0 gpu_alloc=476.3MiB gpu_reserved=3472.0MiB skipped_batches=0
2026-08-16 11:21:33,327 | INFO | epoch=10 batch=1350 global_step=3309 loss_reg_months=5.1469 lr=0.00016926 grad_norm=1.7929 throughput=8.91 img/s eta_seconds=808.9 gpu_alloc=367.7MiB gpu_reserved=3472.0MiB skipped_batches=0
2026-08-16 11:21:41,100 | INFO | epoch=10 batch=1375 global_step=3311 loss_reg_months=5.1745 lr=0.00016926 grad_norm=1.1283 throughput=8.96 img/s eta_seconds=793.3 gpu_alloc=476.3MiB gpu_reserved=3472.0MiB skipped_batches=0
2026-08-16 11:21:48,444 | INFO | epoch=10 batch=1400 global_step=3314 loss_reg_months=5.1756 lr=0.00016926 grad_norm=1.2413 throughput=9.02 img/s eta_seconds=777.3 gpu_alloc=476.3MiB gpu_reserved=3472.0MiB skipped_batches=0
2026-08-16 11:21:55,838 | INFO | epoch=10 batch=1425 global_step=3317 loss_reg_months=5.1690 lr=0.00016926 grad_norm=1.6453 throughput=9.07 img/s eta_seconds=761.8 gpu_alloc=476.3MiB gpu_reserved=3472.0MiB skipped_batches=0
2026-08-16 11:22:03,294 | INFO | epoch=10 batch=1450 global_step=3320 loss_reg_months=5.1669 lr=0.00016926 grad_norm=1.8674 throughput=9.12 img/s eta_seconds=746.6 gpu_alloc=476.3MiB gpu_reserved=3472.0MiB skipped_batches=0
2026-08-16 11:22:11,130 | INFO | epoch=10 batch=1475 global_step=3322 loss_reg_months=5.1859 lr=0.00016926 grad_norm=1.1586 throughput=9.17 img/s eta_seconds=732.0 gpu_alloc=476.3MiB gpu_reserved=3472.0MiB skipped_batches=0
2026-08-16 11:22:18,937 | INFO | epoch=10 batch=1500 global_step=3325 loss_reg_months=5.1670 lr=0.00016926 grad_norm=1.4335 throughput=9.21 img/s eta_seconds=717.7 gpu_alloc=476.3MiB gpu_reserved=3472.0MiB skipped_batches=0
2026-08-16 11:22:26,641 | INFO | epoch=10 batch=1525 global_step=3328 loss_reg_months=5.1618 lr=0.00016926 grad_norm=0.9596 throughput=9.26 img/s eta_seconds=703.5 gpu_alloc=476.3MiB gpu_reserved=3472.0MiB skipped_batches=0
2026-08-16 11:22:34,396 | INFO | epoch=10 batch=1550 global_step=3331 loss_reg_months=5.1438 lr=0.00016926 grad_norm=1.1665 throughput=9.30 img/s eta_seconds=689.5 gpu_alloc=476.3MiB gpu_reserved=3472.0MiB skipped_batches=0
2026-08-16 11:22:42,594 | INFO | epoch=10 batch=1575 global_step=3334 loss_reg_months=5.1442 lr=0.00016926 grad_norm=1.2130 throughput=9.33 img/s eta_seconds=676.2 gpu_alloc=367.7MiB gpu_reserved=3472.0MiB skipped_batches=0
2026-08-16 11:22:50,204 | INFO | epoch=10 batch=1600 global_step=3336 loss_reg_months=5.1411 lr=0.00016926 grad_norm=1.3423 throughput=9.38 img/s eta_seconds=662.5 gpu_alloc=476.3MiB gpu_reserved=3472.0MiB skipped_batches=0
2026-08-16 11:22:58,167 | INFO | epoch=10 batch=1625 global_step=3339 loss_reg_months=5.1397 lr=0.00016926 grad_norm=1.2952 throughput=9.41 img/s eta_seconds=649.3 gpu_alloc=476.3MiB gpu_reserved=3472.0MiB skipped_batches=0
2026-08-16 11:23:06,434 | INFO | epoch=10 batch=1650 global_step=3342 loss_reg_months=5.1231 lr=0.00016926 grad_norm=0.8903 throughput=9.44 img/s eta_seconds=636.5 gpu_alloc=476.3MiB gpu_reserved=3472.0MiB skipped_batches=0
2026-08-16 11:23:14,688 | INFO | epoch=10 batch=1675 global_step=3345 loss_reg_months=5.1273 lr=0.00016926 grad_norm=1.1284 throughput=9.47 img/s eta_seconds=623.9 gpu_alloc=476.3MiB gpu_reserved=3472.0MiB skipped_batches=0
2026-08-16 11:23:23,081 | INFO | epoch=10 batch=1700 global_step=3347 loss_reg_months=5.1100 lr=0.00016926 grad_norm=1.0898 throughput=9.50 img/s eta_seconds=611.5 gpu_alloc=476.3MiB gpu_reserved=3472.0MiB skipped_batches=0
2026-08-16 11:23:31,190 | INFO | epoch=10 batch=1725 global_step=3350 loss_reg_months=5.1056 lr=0.00016926 grad_norm=1.4470 throughput=9.54 img/s eta_seconds=598.9 gpu_alloc=476.3MiB gpu_reserved=3472.0MiB skipped_batches=0
2026-08-16 11:23:39,432 | INFO | epoch=10 batch=1750 global_step=3353 loss_reg_months=5.1104 lr=0.00016926 grad_norm=1.2166 throughput=9.56 img/s eta_seconds=586.7 gpu_alloc=476.3MiB gpu_reserved=3472.0MiB skipped_batches=0
2026-08-16 11:23:47,959 | INFO | epoch=10 batch=1775 global_step=3356 loss_reg_months=5.0932 lr=0.00016926 grad_norm=1.0879 throughput=9.59 img/s eta_seconds=574.7 gpu_alloc=476.3MiB gpu_reserved=3472.0MiB skipped_batches=0
2026-08-16 11:23:56,239 | INFO | epoch=10 batch=1800 global_step=3359 loss_reg_months=5.0936 lr=0.00016926 grad_norm=1.3816 throughput=9.62 img/s eta_seconds=562.7 gpu_alloc=367.7MiB gpu_reserved=3472.0MiB skipped_batches=0
2026-08-16 11:24:03,914 | INFO | epoch=10 batch=1825 global_step=3361 loss_reg_months=5.0891 lr=0.00016926 grad_norm=1.0764 throughput=9.65 img/s eta_seconds=550.3 gpu_alloc=476.3MiB gpu_reserved=3472.0MiB skipped_batches=0
2026-08-16 11:24:11,679 | INFO | epoch=10 batch=1850 global_step=3364 loss_reg_months=5.0820 lr=0.00016926 grad_norm=1.6082 throughput=9.68 img/s eta_seconds=538.1 gpu_alloc=476.3MiB gpu_reserved=3472.0MiB skipped_batches=0
2026-08-16 11:24:19,413 | INFO | epoch=10 batch=1875 global_step=3367 loss_reg_months=5.0861 lr=0.00016926 grad_norm=2.5638 throughput=9.72 img/s eta_seconds=526.0 gpu_alloc=476.3MiB gpu_reserved=3472.0MiB skipped_batches=0
2026-08-16 11:24:27,922 | INFO | epoch=10 batch=1900 global_step=3370 loss_reg_months=5.0774 lr=0.00016926 grad_norm=1.4887 throughput=9.74 img/s eta_seconds=514.5 gpu_alloc=476.3MiB gpu_reserved=3472.0MiB skipped_batches=0
2026-08-16 11:24:36,238 | INFO | epoch=10 batch=1925 global_step=3372 loss_reg_months=5.0643 lr=0.00016926 grad_norm=1.2804 throughput=9.76 img/s eta_seconds=503.0 gpu_alloc=476.3MiB gpu_reserved=3472.0MiB skipped_batches=0
2026-08-16 11:24:43,751 | INFO | epoch=10 batch=1950 global_step=3375 loss_reg_months=5.0619 lr=0.00016926 grad_norm=1.2909 throughput=9.80 img/s eta_seconds=491.1 gpu_alloc=476.3MiB gpu_reserved=3472.0MiB skipped_batches=0
2026-08-16 11:24:51,470 | INFO | epoch=10 batch=1975 global_step=3378 loss_reg_months=5.0643 lr=0.00016926 grad_norm=1.7654 throughput=9.83 img/s eta_seconds=479.4 gpu_alloc=476.3MiB gpu_reserved=3472.0MiB skipped_batches=0
2026-08-16 11:24:59,871 | INFO | epoch=10 batch=2000 global_step=3381 loss_reg_months=5.0624 lr=0.00016926 grad_norm=1.6785 throughput=9.85 img/s eta_seconds=468.2 gpu_alloc=476.3MiB gpu_reserved=3472.0MiB skipped_batches=0
2026-08-16 11:25:07,840 | INFO | epoch=10 batch=2025 global_step=3384 loss_reg_months=5.0590 lr=0.00016926 grad_norm=1.1683 throughput=9.87 img/s eta_seconds=456.8 gpu_alloc=367.7MiB gpu_reserved=3472.0MiB skipped_batches=0
2026-08-16 11:25:15,512 | INFO | epoch=10 batch=2050 global_step=3386 loss_reg_months=5.0486 lr=0.00016926 grad_norm=1.5510 throughput=9.90 img/s eta_seconds=445.4 gpu_alloc=476.3MiB gpu_reserved=3472.0MiB skipped_batches=0
2026-08-16 11:25:23,580 | INFO | epoch=10 batch=2075 global_step=3389 loss_reg_months=5.0542 lr=0.00016926 grad_norm=1.1602 throughput=9.93 img/s eta_seconds=434.2 gpu_alloc=476.3MiB gpu_reserved=3472.0MiB skipped_batches=0
2026-08-16 11:25:31,618 | INFO | epoch=10 batch=2100 global_step=3392 loss_reg_months=5.0656 lr=0.00016926 grad_norm=1.3339 throughput=9.95 img/s eta_seconds=423.1 gpu_alloc=476.3MiB gpu_reserved=3472.0MiB skipped_batches=0
2026-08-16 11:25:39,744 | INFO | epoch=10 batch=2125 global_step=3395 loss_reg_months=5.0557 lr=0.00016926 grad_norm=1.7116 throughput=9.97 img/s eta_seconds=412.2 gpu_alloc=476.3MiB gpu_reserved=3472.0MiB skipped_batches=0
2026-08-16 11:25:47,327 | INFO | epoch=10 batch=2150 global_step=3397 loss_reg_months=5.0579 lr=0.00016926 grad_norm=1.4997 throughput=10.00 img/s eta_seconds=401.0 gpu_alloc=476.3MiB gpu_reserved=3472.0MiB skipped_batches=0
2026-08-16 11:25:54,974 | INFO | epoch=10 batch=2175 global_step=3400 loss_reg_months=5.0566 lr=0.00016926 grad_norm=1.0335 throughput=10.03 img/s eta_seconds=389.9 gpu_alloc=476.3MiB gpu_reserved=3472.0MiB skipped_batches=0
2026-08-16 11:26:03,284 | INFO | epoch=10 batch=2200 global_step=3403 loss_reg_months=5.0473 lr=0.00016926 grad_norm=1.1408 throughput=10.05 img/s eta_seconds=379.3 gpu_alloc=476.3MiB gpu_reserved=3472.0MiB skipped_batches=0
2026-08-16 11:26:11,038 | INFO | epoch=10 batch=2225 global_step=3406 loss_reg_months=5.0443 lr=0.00016926 grad_norm=1.0718 throughput=10.07 img/s eta_seconds=368.4 gpu_alloc=476.3MiB gpu_reserved=3472.0MiB skipped_batches=0
2026-08-16 11:26:18,684 | INFO | epoch=10 batch=2250 global_step=3409 loss_reg_months=5.0357 lr=0.00016926 grad_norm=1.4030 throughput=10.10 img/s eta_seconds=357.5 gpu_alloc=367.7MiB gpu_reserved=3472.0MiB skipped_batches=0
2026-08-16 11:26:28,120 | INFO | epoch=10 batch=2275 global_step=3411 loss_reg_months=5.0345 lr=0.00016926 grad_norm=1.3773 throughput=10.10 img/s eta_seconds=347.5 gpu_alloc=476.3MiB gpu_reserved=3472.0MiB skipped_batches=0
2026-08-16 11:26:51,457 | INFO | epoch=10 batch=2300 global_step=3414 loss_reg_months=5.0255 lr=0.00016926 grad_norm=1.3281 throughput=9.96 img/s eta_seconds=342.5 gpu_alloc=476.3MiB gpu_reserved=3472.0MiB skipped_batches=0
2026-08-16 11:27:10,610 | INFO | epoch=10 batch=2325 global_step=3417 loss_reg_months=5.0277 lr=0.00016926 grad_norm=1.7198 throughput=9.86 img/s eta_seconds=335.7 gpu_alloc=476.3MiB gpu_reserved=3472.0MiB skipped_batches=0
2026-08-16 11:27:22,717 | INFO | epoch=10 batch=2350 global_step=3420 loss_reg_months=5.0184 lr=0.00016926 grad_norm=0.9986 throughput=9.84 img/s eta_seconds=326.3 gpu_alloc=476.3MiB gpu_reserved=3472.0MiB skipped_batches=0
2026-08-16 11:27:37,294 | INFO | epoch=10 batch=2375 global_step=3422 loss_reg_months=5.0229 lr=0.00016926 grad_norm=1.7258 throughput=9.80 img/s eta_seconds=317.6 gpu_alloc=476.3MiB gpu_reserved=3472.0MiB skipped_batches=0
2026-08-16 11:27:58,047 | INFO | epoch=10 batch=2400 global_step=3425 loss_reg_months=5.0257 lr=0.00016926 grad_norm=1.3328 throughput=9.69 img/s eta_seconds=310.7 gpu_alloc=476.3MiB gpu_reserved=3472.0MiB skipped_batches=0
2026-08-16 11:28:14,595 | INFO | epoch=10 batch=2425 global_step=3428 loss_reg_months=5.0415 lr=0.00016926 grad_norm=1.0542 throughput=9.63 img/s eta_seconds=302.2 gpu_alloc=476.3MiB gpu_reserved=3472.0MiB skipped_batches=0
2026-08-16 11:28:32,785 | INFO | epoch=10 batch=2450 global_step=3431 loss_reg_months=5.0411 lr=0.00016926 grad_norm=0.9780 throughput=9.56 img/s eta_seconds=294.1 gpu_alloc=476.3MiB gpu_reserved=3472.0MiB skipped_batches=0
2026-08-16 11:28:51,738 | INFO | epoch=10 batch=2475 global_step=3434 loss_reg_months=5.0305 lr=0.00016926 grad_norm=1.2615 throughput=9.48 img/s eta_seconds=285.9 gpu_alloc=367.7MiB gpu_reserved=3472.0MiB skipped_batches=0
2026-08-16 11:29:12,280 | INFO | epoch=10 batch=2500 global_step=3436 loss_reg_months=5.0330 lr=0.00016926 grad_norm=1.1642 throughput=9.39 img/s eta_seconds=278.0 gpu_alloc=476.3MiB gpu_reserved=3472.0MiB skipped_batches=0
2026-08-16 11:29:34,684 | INFO | epoch=10 batch=2525 global_step=3439 loss_reg_months=5.0304 lr=0.00016926 grad_norm=1.9451 throughput=9.29 img/s eta_seconds=270.3 gpu_alloc=476.3MiB gpu_reserved=3472.0MiB skipped_batches=0
2026-08-16 11:29:49,865 | INFO | epoch=10 batch=2550 global_step=3442 loss_reg_months=5.0317 lr=0.00016926 grad_norm=1.2050 throughput=9.25 img/s eta_seconds=260.6 gpu_alloc=476.3MiB gpu_reserved=3472.0MiB skipped_batches=0
2026-08-16 11:30:09,349 | INFO | epoch=10 batch=2575 global_step=3445 loss_reg_months=5.0390 lr=0.00016926 grad_norm=1.6539 throughput=9.18 img/s eta_seconds=251.7 gpu_alloc=476.3MiB gpu_reserved=3472.0MiB skipped_batches=0
2026-08-16 11:30:30,243 | INFO | epoch=10 batch=2600 global_step=3447 loss_reg_months=5.0428 lr=0.00016926 grad_norm=1.5076 throughput=9.10 img/s eta_seconds=242.9 gpu_alloc=476.3MiB gpu_reserved=3472.0MiB skipped_batches=0
2026-08-16 11:30:46,838 | INFO | epoch=10 batch=2625 global_step=3450 loss_reg_months=5.0443 lr=0.00016926 grad_norm=1.4327 throughput=9.06 img/s eta_seconds=233.1 gpu_alloc=476.3MiB gpu_reserved=3472.0MiB skipped_batches=0
2026-08-16 11:31:02,423 | INFO | epoch=10 batch=2650 global_step=3453 loss_reg_months=5.0412 lr=0.00016926 grad_norm=1.1070 throughput=9.02 img/s eta_seconds=222.9 gpu_alloc=476.3MiB gpu_reserved=3472.0MiB skipped_batches=0
2026-08-16 11:31:24,948 | INFO | epoch=10 batch=2675 global_step=3456 loss_reg_months=5.0340 lr=0.00016926 grad_norm=0.9200 throughput=8.94 img/s eta_seconds=213.9 gpu_alloc=476.3MiB gpu_reserved=3472.0MiB skipped_batches=0
2026-08-16 11:31:39,713 | INFO | epoch=10 batch=2700 global_step=3459 loss_reg_months=5.0366 lr=0.00016926 grad_norm=1.0742 throughput=8.91 img/s eta_seconds=203.3 gpu_alloc=367.7MiB gpu_reserved=3472.0MiB skipped_batches=0
2026-08-16 11:31:52,270 | INFO | epoch=10 batch=2725 global_step=3461 loss_reg_months=5.0321 lr=0.00016926 grad_norm=1.5550 throughput=8.90 img/s eta_seconds=192.2 gpu_alloc=476.3MiB gpu_reserved=3472.0MiB skipped_batches=0
2026-08-16 11:32:06,116 | INFO | epoch=10 batch=2750 global_step=3464 loss_reg_months=5.0302 lr=0.00016926 grad_norm=1.6213 throughput=8.88 img/s eta_seconds=181.4 gpu_alloc=476.3MiB gpu_reserved=3472.0MiB skipped_batches=0
2026-08-16 11:32:22,692 | INFO | epoch=10 batch=2775 global_step=3467 loss_reg_months=5.0275 lr=0.00016926 grad_norm=1.2034 throughput=8.84 img/s eta_seconds=170.9 gpu_alloc=476.3MiB gpu_reserved=3472.0MiB skipped_batches=0
2026-08-16 11:32:37,549 | INFO | epoch=10 batch=2800 global_step=3470 loss_reg_months=5.0207 lr=0.00016926 grad_norm=2.2556 throughput=8.82 img/s eta_seconds=160.0 gpu_alloc=476.3MiB gpu_reserved=3472.0MiB skipped_batches=0
2026-08-16 11:32:48,888 | INFO | epoch=10 batch=2825 global_step=3472 loss_reg_months=5.0101 lr=0.00016926 grad_norm=2.0838 throughput=8.82 img/s eta_seconds=148.7 gpu_alloc=476.3MiB gpu_reserved=3472.0MiB skipped_batches=0
2026-08-16 11:33:04,916 | INFO | epoch=10 batch=2850 global_step=3475 loss_reg_months=4.9987 lr=0.00016926 grad_norm=1.0869 throughput=8.79 img/s eta_seconds=137.8 gpu_alloc=476.3MiB gpu_reserved=3472.0MiB skipped_batches=0
2026-08-16 11:33:17,548 | INFO | epoch=10 batch=2875 global_step=3478 loss_reg_months=4.9990 lr=0.00016926 grad_norm=1.0655 throughput=8.78 img/s eta_seconds=126.6 gpu_alloc=476.3MiB gpu_reserved=3472.0MiB skipped_batches=0
2026-08-16 11:33:30,424 | INFO | epoch=10 batch=2900 global_step=3481 loss_reg_months=4.9909 lr=0.00016926 grad_norm=1.5411 throughput=8.77 img/s eta_seconds=115.3 gpu_alloc=476.3MiB gpu_reserved=3472.0MiB skipped_batches=0
2026-08-16 11:33:42,642 | INFO | epoch=10 batch=2925 global_step=3484 loss_reg_months=4.9877 lr=0.00016926 grad_norm=1.4441 throughput=8.76 img/s eta_seconds=104.0 gpu_alloc=367.7MiB gpu_reserved=3472.0MiB skipped_batches=0
2026-08-16 11:33:55,722 | INFO | epoch=10 batch=2950 global_step=3486 loss_reg_months=4.9900 lr=0.00016926 grad_norm=1.3668 throughput=8.75 img/s eta_seconds=92.7 gpu_alloc=476.3MiB gpu_reserved=3472.0MiB skipped_batches=0
2026-08-16 11:34:08,821 | INFO | epoch=10 batch=2975 global_step=3489 loss_reg_months=4.9952 lr=0.00016926 grad_norm=1.9029 throughput=8.74 img/s eta_seconds=81.3 gpu_alloc=476.3MiB gpu_reserved=3472.0MiB skipped_batches=0
2026-08-16 11:34:24,153 | INFO | epoch=10 batch=3000 global_step=3492 loss_reg_months=4.9881 lr=0.00016926 grad_norm=1.1705 throughput=8.72 img/s eta_seconds=70.1 gpu_alloc=476.3MiB gpu_reserved=3472.0MiB skipped_batches=0
2026-08-16 11:34:35,802 | INFO | epoch=10 batch=3025 global_step=3495 loss_reg_months=4.9896 lr=0.00016926 grad_norm=1.4841 throughput=8.72 img/s eta_seconds=58.6 gpu_alloc=476.3MiB gpu_reserved=3472.0MiB skipped_batches=0
2026-08-16 11:34:51,887 | INFO | epoch=10 batch=3050 global_step=3497 loss_reg_months=4.9876 lr=0.00016926 grad_norm=1.4210 throughput=8.69 img/s eta_seconds=47.3 gpu_alloc=476.3MiB gpu_reserved=3472.0MiB skipped_batches=0
2026-08-16 11:35:08,259 | INFO | epoch=10 batch=3075 global_step=3500 loss_reg_months=4.9816 lr=0.00016926 grad_norm=2.7528 throughput=8.66 img/s eta_seconds=35.9 gpu_alloc=476.3MiB gpu_reserved=3472.0MiB skipped_batches=0
2026-08-16 11:35:18,668 | INFO | epoch=10 batch=3100 global_step=3503 loss_reg_months=4.9842 lr=0.00016926 grad_norm=1.5098 throughput=8.66 img/s eta_seconds=24.4 gpu_alloc=476.3MiB gpu_reserved=3472.0MiB skipped_batches=0
2026-08-16 11:35:29,788 | INFO | epoch=10 batch=3125 global_step=3506 loss_reg_months=4.9845 lr=0.00016926 grad_norm=0.9854 throughput=8.67 img/s eta_seconds=12.8 gpu_alloc=476.3MiB gpu_reserved=3472.0MiB skipped_batches=0
2026-08-16 11:35:42,324 | INFO | epoch=10 batch=3150 global_step=3509 loss_reg_months=4.9800 lr=0.00016926 grad_norm=1.3010 throughput=8.66 img/s eta_seconds=1.3 gpu_alloc=367.7MiB gpu_reserved=3472.0MiB skipped_batches=0
2026-08-16 11:36:48,433 | WARNING | STABILITY WARNING [CAM] Validation MAE xấu đi trong khi train loss giảm
2026-08-16 11:36:48,434 | INFO | 
TRAINING REVIEW SNAPSHOT
Run ID / config hash / split hash: P6_D0_CONVNEXT_TINY_768_SEED42 / 0e80cf6f780f / 7328667e6822+f650a20432b5
Epoch / global step: 10 / 3510
Train loss: 4.9780
Validation MAE / RMSE / median AE: 6.4384 / 8.5729 / 5.0000
MAE nam / nữ / age bins: {'F': 6.84679351993865, 'M': 6.09395213454075} / {'0-59': 6.14345079787234, '120-179': 6.093325092707046, '60-119': 7.824238578680203, '180-228': 4.5703125}
Learning rate / peak VRAM: 0.00016926 / 3472.0 MiB
Best epoch / best MAE / epochs không cải thiện: 7 / 6.2605 / 3
Cảnh báo hiện tại: CAM: Validation MAE xấu đi trong khi train loss giảm
Checkpoint gần nhất: p1_baseline\runs\P6_D0_CONVNEXT_TINY_768_SEED42\last.ckpt
Checkpoint tốt nhất: p1_baseline\runs\P6_D0_CONVNEXT_TINY_768_SEED42\best_mae.ckpt
Đề xuất tự động: THEO DÕI
2026-08-16 11:37:03,135 | INFO | epoch=11 batch=25 global_step=3512 loss_reg_months=5.0810 lr=0.00016254 grad_norm=0.7559 throughput=7.25 img/s eta_seconds=1726.5 gpu_alloc=476.3MiB gpu_reserved=3472.0MiB skipped_batches=0
2026-08-16 11:37:09,128 | INFO | epoch=11 batch=50 global_step=3515 loss_reg_months=4.9515 lr=0.00016254 grad_norm=0.9192 throughput=10.10 img/s eta_seconds=1228.3 gpu_alloc=476.3MiB gpu_reserved=3472.0MiB skipped_batches=0
2026-08-16 11:37:15,111 | INFO | epoch=11 batch=75 global_step=3518 loss_reg_months=5.2001 lr=0.00016254 grad_norm=1.2446 throughput=11.64 img/s eta_seconds=1057.8 gpu_alloc=476.3MiB gpu_reserved=3472.0MiB skipped_batches=0
2026-08-16 11:37:21,099 | INFO | epoch=11 batch=100 global_step=3521 loss_reg_months=4.9930 lr=0.00016254 grad_norm=1.1593 throughput=12.59 img/s eta_seconds=969.7 gpu_alloc=476.3MiB gpu_reserved=3472.0MiB skipped_batches=0
2026-08-16 11:37:27,058 | INFO | epoch=11 batch=125 global_step=3523 loss_reg_months=5.1159 lr=0.00016254 grad_norm=1.9160 throughput=13.25 img/s eta_seconds=913.7 gpu_alloc=476.3MiB gpu_reserved=3472.0MiB skipped_batches=0
2026-08-16 11:37:33,093 | INFO | epoch=11 batch=150 global_step=3526 loss_reg_months=5.0351 lr=0.00016254 grad_norm=1.4232 throughput=13.71 img/s eta_seconds=875.9 gpu_alloc=476.3MiB gpu_reserved=3472.0MiB skipped_batches=0
2026-08-16 11:37:39,131 | INFO | epoch=11 batch=175 global_step=3529 loss_reg_months=5.0418 lr=0.00016254 grad_norm=2.1508 throughput=14.06 img/s eta_seconds=847.3 gpu_alloc=476.3MiB gpu_reserved=3472.0MiB skipped_batches=0
2026-08-16 11:37:44,877 | INFO | epoch=11 batch=200 global_step=3532 loss_reg_months=4.9843 lr=0.00016254 grad_norm=1.2148 throughput=14.40 img/s eta_seconds=820.0 gpu_alloc=476.3MiB gpu_reserved=3472.0MiB skipped_batches=0
2026-08-16 11:37:50,618 | INFO | epoch=11 batch=225 global_step=3535 loss_reg_months=4.9306 lr=0.00016254 grad_norm=1.3105 throughput=14.69 img/s eta_seconds=797.4 gpu_alloc=367.7MiB gpu_reserved=3472.0MiB skipped_batches=0
2026-08-16 11:37:56,322 | INFO | epoch=11 batch=250 global_step=3537 loss_reg_months=4.9188 lr=0.00016254 grad_norm=1.1747 throughput=14.93 img/s eta_seconds=777.8 gpu_alloc=476.3MiB gpu_reserved=3472.0MiB skipped_batches=0
2026-08-16 11:38:02,046 | INFO | epoch=11 batch=275 global_step=3540 loss_reg_months=4.8824 lr=0.00016254 grad_norm=2.1322 throughput=15.13 img/s eta_seconds=760.9 gpu_alloc=476.3MiB gpu_reserved=3472.0MiB skipped_batches=0
2026-08-16 11:38:07,772 | INFO | epoch=11 batch=300 global_step=3543 loss_reg_months=4.8447 lr=0.00016254 grad_norm=0.9874 throughput=15.30 img/s eta_seconds=745.9 gpu_alloc=476.3MiB gpu_reserved=3472.0MiB skipped_batches=0
2026-08-16 11:38:13,504 | INFO | epoch=11 batch=325 global_step=3546 loss_reg_months=4.8728 lr=0.00016254 grad_norm=1.3486 throughput=15.45 img/s eta_seconds=732.3 gpu_alloc=476.3MiB gpu_reserved=3472.0MiB skipped_batches=0
2026-08-16 11:38:19,204 | INFO | epoch=11 batch=350 global_step=3548 loss_reg_months=4.8393 lr=0.00016254 grad_norm=1.0411 throughput=15.58 img/s eta_seconds=719.7 gpu_alloc=476.3MiB gpu_reserved=3472.0MiB skipped_batches=0
2026-08-16 11:38:24,921 | INFO | epoch=11 batch=375 global_step=3551 loss_reg_months=4.8555 lr=0.00016254 grad_norm=0.6643 throughput=15.69 img/s eta_seconds=708.0 gpu_alloc=476.3MiB gpu_reserved=3472.0MiB skipped_batches=0
2026-08-16 11:38:30,651 | INFO | epoch=11 batch=400 global_step=3554 loss_reg_months=4.8440 lr=0.00016254 grad_norm=0.9563 throughput=15.79 img/s eta_seconds=697.2 gpu_alloc=476.3MiB gpu_reserved=3472.0MiB skipped_batches=0
2026-08-16 11:38:36,382 | INFO | epoch=11 batch=425 global_step=3557 loss_reg_months=4.8202 lr=0.00016254 grad_norm=0.8912 throughput=15.88 img/s eta_seconds=687.0 gpu_alloc=476.3MiB gpu_reserved=3472.0MiB skipped_batches=0
2026-08-16 11:38:42,113 | INFO | epoch=11 batch=450 global_step=3560 loss_reg_months=4.8121 lr=0.00016254 grad_norm=1.7230 throughput=15.96 img/s eta_seconds=677.4 gpu_alloc=367.7MiB gpu_reserved=3472.0MiB skipped_batches=0
2026-08-16 11:38:47,821 | INFO | epoch=11 batch=475 global_step=3562 loss_reg_months=4.7849 lr=0.00016254 grad_norm=0.9014 throughput=16.04 img/s eta_seconds=668.0 gpu_alloc=476.3MiB gpu_reserved=3472.0MiB skipped_batches=0
2026-08-16 11:38:53,557 | INFO | epoch=11 batch=500 global_step=3565 loss_reg_months=4.8017 lr=0.00016254 grad_norm=1.4908 throughput=16.10 img/s eta_seconds=659.1 gpu_alloc=476.3MiB gpu_reserved=3472.0MiB skipped_batches=0
2026-08-16 11:38:59,281 | INFO | epoch=11 batch=525 global_step=3568 loss_reg_months=4.7931 lr=0.00016254 grad_norm=1.2758 throughput=16.16 img/s eta_seconds=650.4 gpu_alloc=476.3MiB gpu_reserved=3472.0MiB skipped_batches=0
2026-08-16 11:39:05,018 | INFO | epoch=11 batch=550 global_step=3571 loss_reg_months=4.7933 lr=0.00016254 grad_norm=1.6927 throughput=16.21 img/s eta_seconds=642.1 gpu_alloc=476.3MiB gpu_reserved=3472.0MiB skipped_batches=0
2026-08-16 11:39:10,725 | INFO | epoch=11 batch=575 global_step=3573 loss_reg_months=4.7677 lr=0.00016254 grad_norm=1.0984 throughput=16.27 img/s eta_seconds=633.9 gpu_alloc=476.3MiB gpu_reserved=3472.0MiB skipped_batches=0
2026-08-16 11:39:16,469 | INFO | epoch=11 batch=600 global_step=3576 loss_reg_months=4.7762 lr=0.00016254 grad_norm=1.9081 throughput=16.31 img/s eta_seconds=626.0 gpu_alloc=476.3MiB gpu_reserved=3472.0MiB skipped_batches=0
2026-08-16 11:39:22,200 | INFO | epoch=11 batch=625 global_step=3579 loss_reg_months=4.8106 lr=0.00016254 grad_norm=1.0147 throughput=16.35 img/s eta_seconds=618.2 gpu_alloc=476.3MiB gpu_reserved=3472.0MiB skipped_batches=0
2026-08-16 11:39:27,930 | INFO | epoch=11 batch=650 global_step=3582 loss_reg_months=4.8256 lr=0.00016254 grad_norm=1.1782 throughput=16.39 img/s eta_seconds=610.7 gpu_alloc=476.3MiB gpu_reserved=3472.0MiB skipped_batches=0
2026-08-16 11:39:33,727 | INFO | epoch=11 batch=675 global_step=3585 loss_reg_months=4.8429 lr=0.00016254 grad_norm=1.0931 throughput=16.42 img/s eta_seconds=603.4 gpu_alloc=367.7MiB gpu_reserved=3472.0MiB skipped_batches=0
2026-08-16 11:39:39,533 | INFO | epoch=11 batch=700 global_step=3587 loss_reg_months=4.8176 lr=0.00016254 grad_norm=1.1597 throughput=16.45 img/s eta_seconds=596.4 gpu_alloc=476.3MiB gpu_reserved=3472.0MiB skipped_batches=0
2026-08-16 11:39:45,339 | INFO | epoch=11 batch=725 global_step=3590 loss_reg_months=4.7957 lr=0.00016254 grad_norm=1.3283 throughput=16.48 img/s eta_seconds=589.4 gpu_alloc=476.3MiB gpu_reserved=3472.0MiB skipped_batches=0
2026-08-16 11:39:51,146 | INFO | epoch=11 batch=750 global_step=3593 loss_reg_months=4.7727 lr=0.00016254 grad_norm=1.3465 throughput=16.50 img/s eta_seconds=582.5 gpu_alloc=476.3MiB gpu_reserved=3472.0MiB skipped_batches=0
2026-08-16 11:39:56,940 | INFO | epoch=11 batch=775 global_step=3596 loss_reg_months=4.7837 lr=0.00016254 grad_norm=1.2731 throughput=16.52 img/s eta_seconds=575.6 gpu_alloc=476.3MiB gpu_reserved=3472.0MiB skipped_batches=0
2026-08-16 11:40:02,679 | INFO | epoch=11 batch=800 global_step=3598 loss_reg_months=4.7792 lr=0.00016254 grad_norm=1.5745 throughput=16.55 img/s eta_seconds=568.6 gpu_alloc=476.3MiB gpu_reserved=3472.0MiB skipped_batches=0
2026-08-16 11:40:08,458 | INFO | epoch=11 batch=825 global_step=3601 loss_reg_months=4.7903 lr=0.00016254 grad_norm=1.1280 throughput=16.57 img/s eta_seconds=561.8 gpu_alloc=476.3MiB gpu_reserved=3472.0MiB skipped_batches=0
2026-08-16 11:40:14,238 | INFO | epoch=11 batch=850 global_step=3604 loss_reg_months=4.8100 lr=0.00016254 grad_norm=1.6801 throughput=16.59 img/s eta_seconds=555.1 gpu_alloc=476.3MiB gpu_reserved=3472.0MiB skipped_batches=0
2026-08-16 11:40:20,024 | INFO | epoch=11 batch=875 global_step=3607 loss_reg_months=4.7935 lr=0.00016254 grad_norm=1.2509 throughput=16.61 img/s eta_seconds=548.5 gpu_alloc=476.3MiB gpu_reserved=3472.0MiB skipped_batches=0
2026-08-16 11:40:25,803 | INFO | epoch=11 batch=900 global_step=3610 loss_reg_months=4.7969 lr=0.00016254 grad_norm=1.4235 throughput=16.63 img/s eta_seconds=541.8 gpu_alloc=367.7MiB gpu_reserved=3472.0MiB skipped_batches=0
2026-08-16 11:40:31,543 | INFO | epoch=11 batch=925 global_step=3612 loss_reg_months=4.8017 lr=0.00016254 grad_norm=1.1202 throughput=16.65 img/s eta_seconds=535.2 gpu_alloc=476.3MiB gpu_reserved=3472.0MiB skipped_batches=0
2026-08-16 11:40:37,324 | INFO | epoch=11 batch=950 global_step=3615 loss_reg_months=4.8083 lr=0.00016254 grad_norm=1.3630 throughput=16.67 img/s eta_seconds=528.6 gpu_alloc=476.3MiB gpu_reserved=3472.0MiB skipped_batches=0
2026-08-16 11:40:43,388 | INFO | epoch=11 batch=975 global_step=3618 loss_reg_months=4.7972 lr=0.00016254 grad_norm=1.1952 throughput=16.66 img/s eta_seconds=522.8 gpu_alloc=476.3MiB gpu_reserved=3472.0MiB skipped_batches=0
2026-08-16 11:40:49,348 | INFO | epoch=11 batch=1000 global_step=3621 loss_reg_months=4.7905 lr=0.00016254 grad_norm=1.2847 throughput=16.67 img/s eta_seconds=516.7 gpu_alloc=476.3MiB gpu_reserved=3472.0MiB skipped_batches=0
2026-08-16 11:40:55,070 | INFO | epoch=11 batch=1025 global_step=3623 loss_reg_months=4.7671 lr=0.00016254 grad_norm=1.7340 throughput=16.68 img/s eta_seconds=510.1 gpu_alloc=476.3MiB gpu_reserved=3472.0MiB skipped_batches=0
2026-08-16 11:41:00,828 | INFO | epoch=11 batch=1050 global_step=3626 loss_reg_months=4.7730 lr=0.00016254 grad_norm=1.2397 throughput=16.70 img/s eta_seconds=503.6 gpu_alloc=476.3MiB gpu_reserved=3472.0MiB skipped_batches=0
2026-08-16 11:41:06,571 | INFO | epoch=11 batch=1075 global_step=3629 loss_reg_months=4.7696 lr=0.00016254 grad_norm=2.9228 throughput=16.72 img/s eta_seconds=497.2 gpu_alloc=476.3MiB gpu_reserved=3472.0MiB skipped_batches=0
2026-08-16 11:41:12,328 | INFO | epoch=11 batch=1100 global_step=3632 loss_reg_months=4.7570 lr=0.00016254 grad_norm=1.5657 throughput=16.73 img/s eta_seconds=490.8 gpu_alloc=476.3MiB gpu_reserved=3472.0MiB skipped_batches=0
2026-08-16 11:41:18,093 | INFO | epoch=11 batch=1125 global_step=3635 loss_reg_months=4.7589 lr=0.00016254 grad_norm=0.7759 throughput=16.74 img/s eta_seconds=484.4 gpu_alloc=367.7MiB gpu_reserved=3472.0MiB skipped_batches=0
2026-08-16 11:41:24,024 | INFO | epoch=11 batch=1150 global_step=3637 loss_reg_months=4.7597 lr=0.00016254 grad_norm=1.3184 throughput=16.75 img/s eta_seconds=478.4 gpu_alloc=476.3MiB gpu_reserved=3472.0MiB skipped_batches=0
2026-08-16 11:41:30,029 | INFO | epoch=11 batch=1175 global_step=3640 loss_reg_months=4.7319 lr=0.00016254 grad_norm=0.8499 throughput=16.74 img/s eta_seconds=472.5 gpu_alloc=476.3MiB gpu_reserved=3472.0MiB skipped_batches=0
2026-08-16 11:41:35,882 | INFO | epoch=11 batch=1200 global_step=3643 loss_reg_months=4.7318 lr=0.00016254 grad_norm=2.4496 throughput=16.75 img/s eta_seconds=466.3 gpu_alloc=476.3MiB gpu_reserved=3472.0MiB skipped_batches=0
2026-08-16 11:41:41,774 | INFO | epoch=11 batch=1225 global_step=3646 loss_reg_months=4.7422 lr=0.00016254 grad_norm=0.9623 throughput=16.76 img/s eta_seconds=460.2 gpu_alloc=476.3MiB gpu_reserved=3472.0MiB skipped_batches=0
2026-08-16 11:41:47,792 | INFO | epoch=11 batch=1250 global_step=3648 loss_reg_months=4.7411 lr=0.00016254 grad_norm=1.5934 throughput=16.75 img/s eta_seconds=454.3 gpu_alloc=476.3MiB gpu_reserved=3472.0MiB skipped_batches=0
2026-08-16 11:41:53,988 | INFO | epoch=11 batch=1275 global_step=3651 loss_reg_months=4.7549 lr=0.00016254 grad_norm=2.8387 throughput=16.74 img/s eta_seconds=448.7 gpu_alloc=476.3MiB gpu_reserved=3472.0MiB skipped_batches=0
2026-08-16 11:41:59,839 | INFO | epoch=11 batch=1300 global_step=3654 loss_reg_months=4.7491 lr=0.00016254 grad_norm=1.0490 throughput=16.75 img/s eta_seconds=442.5 gpu_alloc=476.3MiB gpu_reserved=3472.0MiB skipped_batches=0
2026-08-16 11:42:05,659 | INFO | epoch=11 batch=1325 global_step=3657 loss_reg_months=4.7451 lr=0.00016254 grad_norm=1.7017 throughput=16.76 img/s eta_seconds=436.3 gpu_alloc=476.3MiB gpu_reserved=3472.0MiB skipped_batches=0
2026-08-16 11:42:11,631 | INFO | epoch=11 batch=1350 global_step=3660 loss_reg_months=4.7315 lr=0.00016254 grad_norm=0.7007 throughput=16.75 img/s eta_seconds=430.4 gpu_alloc=367.7MiB gpu_reserved=3472.0MiB skipped_batches=0
2026-08-16 11:42:17,586 | INFO | epoch=11 batch=1375 global_step=3662 loss_reg_months=4.7182 lr=0.00016254 grad_norm=0.8049 throughput=16.76 img/s eta_seconds=424.4 gpu_alloc=476.3MiB gpu_reserved=3472.0MiB skipped_batches=0
2026-08-16 11:42:24,119 | INFO | epoch=11 batch=1400 global_step=3665 loss_reg_months=4.7197 lr=0.00016254 grad_norm=1.1517 throughput=16.73 img/s eta_seconds=419.1 gpu_alloc=476.3MiB gpu_reserved=3472.0MiB skipped_batches=0
2026-08-16 11:42:30,110 | INFO | epoch=11 batch=1425 global_step=3668 loss_reg_months=4.7317 lr=0.00016254 grad_norm=0.8587 throughput=16.73 img/s eta_seconds=413.2 gpu_alloc=476.3MiB gpu_reserved=3472.0MiB skipped_batches=0
2026-08-16 11:42:35,888 | INFO | epoch=11 batch=1450 global_step=3671 loss_reg_months=4.7431 lr=0.00016254 grad_norm=1.4882 throughput=16.74 img/s eta_seconds=407.0 gpu_alloc=476.3MiB gpu_reserved=3472.0MiB skipped_batches=0
2026-08-16 11:42:41,628 | INFO | epoch=11 batch=1475 global_step=3673 loss_reg_months=4.7349 lr=0.00016254 grad_norm=1.0224 throughput=16.75 img/s eta_seconds=400.7 gpu_alloc=476.3MiB gpu_reserved=3472.0MiB skipped_batches=0
2026-08-16 11:42:47,386 | INFO | epoch=11 batch=1500 global_step=3676 loss_reg_months=4.7355 lr=0.00016254 grad_norm=1.0506 throughput=16.76 img/s eta_seconds=394.5 gpu_alloc=476.3MiB gpu_reserved=3472.0MiB skipped_batches=0
2026-08-16 11:42:53,154 | INFO | epoch=11 batch=1525 global_step=3679 loss_reg_months=4.7371 lr=0.00016254 grad_norm=1.8346 throughput=16.77 img/s eta_seconds=388.3 gpu_alloc=476.3MiB gpu_reserved=3472.0MiB skipped_batches=0
2026-08-16 11:42:58,911 | INFO | epoch=11 batch=1550 global_step=3682 loss_reg_months=4.7325 lr=0.00016254 grad_norm=1.9565 throughput=16.78 img/s eta_seconds=382.2 gpu_alloc=476.3MiB gpu_reserved=3472.0MiB skipped_batches=0
2026-08-16 11:43:04,760 | INFO | epoch=11 batch=1575 global_step=3685 loss_reg_months=4.7367 lr=0.00016254 grad_norm=1.1110 throughput=16.78 img/s eta_seconds=376.1 gpu_alloc=367.7MiB gpu_reserved=3472.0MiB skipped_batches=0
2026-08-16 11:43:10,586 | INFO | epoch=11 batch=1600 global_step=3687 loss_reg_months=4.7488 lr=0.00016254 grad_norm=2.0322 throughput=16.79 img/s eta_seconds=370.0 gpu_alloc=476.3MiB gpu_reserved=3472.0MiB skipped_batches=0
2026-08-16 11:43:16,576 | INFO | epoch=11 batch=1625 global_step=3690 loss_reg_months=4.7418 lr=0.00016254 grad_norm=0.8963 throughput=16.79 img/s eta_seconds=364.1 gpu_alloc=476.3MiB gpu_reserved=3472.0MiB skipped_batches=0
2026-08-16 11:43:22,456 | INFO | epoch=11 batch=1650 global_step=3693 loss_reg_months=4.7432 lr=0.00016254 grad_norm=2.0578 throughput=16.79 img/s eta_seconds=358.0 gpu_alloc=476.3MiB gpu_reserved=3472.0MiB skipped_batches=0
2026-08-16 11:43:28,392 | INFO | epoch=11 batch=1675 global_step=3696 loss_reg_months=4.7421 lr=0.00016254 grad_norm=1.5012 throughput=16.79 img/s eta_seconds=352.1 gpu_alloc=476.3MiB gpu_reserved=3472.0MiB skipped_batches=0
2026-08-16 11:43:34,178 | INFO | epoch=11 batch=1700 global_step=3698 loss_reg_months=4.7489 lr=0.00016254 grad_norm=1.1972 throughput=16.80 img/s eta_seconds=346.0 gpu_alloc=476.3MiB gpu_reserved=3472.0MiB skipped_batches=0
2026-08-16 11:43:39,990 | INFO | epoch=11 batch=1725 global_step=3701 loss_reg_months=4.7550 lr=0.00016254 grad_norm=1.5703 throughput=16.80 img/s eta_seconds=339.9 gpu_alloc=476.3MiB gpu_reserved=3472.0MiB skipped_batches=0
2026-08-16 11:43:45,760 | INFO | epoch=11 batch=1750 global_step=3704 loss_reg_months=4.7594 lr=0.00016254 grad_norm=1.2723 throughput=16.81 img/s eta_seconds=333.8 gpu_alloc=476.3MiB gpu_reserved=3472.0MiB skipped_batches=0
2026-08-16 11:43:51,539 | INFO | epoch=11 batch=1775 global_step=3707 loss_reg_months=4.7618 lr=0.00016254 grad_norm=1.3443 throughput=16.82 img/s eta_seconds=327.7 gpu_alloc=476.3MiB gpu_reserved=3472.0MiB skipped_batches=0
2026-08-16 11:43:57,311 | INFO | epoch=11 batch=1800 global_step=3710 loss_reg_months=4.7675 lr=0.00016254 grad_norm=1.5792 throughput=16.82 img/s eta_seconds=321.6 gpu_alloc=367.7MiB gpu_reserved=3472.0MiB skipped_batches=0
2026-08-16 11:44:03,202 | INFO | epoch=11 batch=1825 global_step=3712 loss_reg_months=4.7737 lr=0.00016254 grad_norm=1.0355 throughput=16.83 img/s eta_seconds=315.7 gpu_alloc=476.3MiB gpu_reserved=3472.0MiB skipped_batches=0
2026-08-16 11:44:08,962 | INFO | epoch=11 batch=1850 global_step=3715 loss_reg_months=4.7801 lr=0.00016254 grad_norm=1.4282 throughput=16.83 img/s eta_seconds=309.6 gpu_alloc=476.3MiB gpu_reserved=3472.0MiB skipped_batches=0
2026-08-16 11:44:14,743 | INFO | epoch=11 batch=1875 global_step=3718 loss_reg_months=4.7767 lr=0.00016254 grad_norm=1.1547 throughput=16.84 img/s eta_seconds=303.5 gpu_alloc=476.3MiB gpu_reserved=3472.0MiB skipped_batches=0
2026-08-16 11:44:20,514 | INFO | epoch=11 batch=1900 global_step=3721 loss_reg_months=4.7686 lr=0.00016254 grad_norm=1.7820 throughput=16.84 img/s eta_seconds=297.5 gpu_alloc=476.3MiB gpu_reserved=3472.0MiB skipped_batches=0
2026-08-16 11:44:26,238 | INFO | epoch=11 batch=1925 global_step=3723 loss_reg_months=4.7656 lr=0.00016254 grad_norm=0.9184 throughput=16.85 img/s eta_seconds=291.4 gpu_alloc=476.3MiB gpu_reserved=3472.0MiB skipped_batches=0
2026-08-16 11:44:31,990 | INFO | epoch=11 batch=1950 global_step=3726 loss_reg_months=4.7744 lr=0.00016254 grad_norm=2.3688 throughput=16.86 img/s eta_seconds=285.4 gpu_alloc=476.3MiB gpu_reserved=3472.0MiB skipped_batches=0
2026-08-16 11:44:37,736 | INFO | epoch=11 batch=1975 global_step=3729 loss_reg_months=4.7789 lr=0.00016254 grad_norm=1.0963 throughput=16.87 img/s eta_seconds=279.3 gpu_alloc=476.3MiB gpu_reserved=3472.0MiB skipped_batches=0
2026-08-16 11:44:43,491 | INFO | epoch=11 batch=2000 global_step=3732 loss_reg_months=4.7927 lr=0.00016254 grad_norm=1.8219 throughput=16.87 img/s eta_seconds=273.3 gpu_alloc=476.3MiB gpu_reserved=3472.0MiB skipped_batches=0
2026-08-16 11:44:49,252 | INFO | epoch=11 batch=2025 global_step=3735 loss_reg_months=4.7951 lr=0.00016254 grad_norm=1.1729 throughput=16.88 img/s eta_seconds=267.3 gpu_alloc=367.7MiB gpu_reserved=3472.0MiB skipped_batches=0
2026-08-16 11:44:55,019 | INFO | epoch=11 batch=2050 global_step=3737 loss_reg_months=4.8007 lr=0.00016254 grad_norm=1.7422 throughput=16.88 img/s eta_seconds=261.3 gpu_alloc=476.3MiB gpu_reserved=3472.0MiB skipped_batches=0
2026-08-16 11:45:01,015 | INFO | epoch=11 batch=2075 global_step=3740 loss_reg_months=4.8105 lr=0.00016254 grad_norm=1.3032 throughput=16.88 img/s eta_seconds=255.4 gpu_alloc=476.3MiB gpu_reserved=3472.0MiB skipped_batches=0
2026-08-16 11:45:06,789 | INFO | epoch=11 batch=2100 global_step=3743 loss_reg_months=4.8188 lr=0.00016254 grad_norm=1.4155 throughput=16.89 img/s eta_seconds=249.4 gpu_alloc=476.3MiB gpu_reserved=3472.0MiB skipped_batches=0
2026-08-16 11:45:12,593 | INFO | epoch=11 batch=2125 global_step=3746 loss_reg_months=4.8257 lr=0.00016254 grad_norm=1.7193 throughput=16.89 img/s eta_seconds=243.4 gpu_alloc=476.3MiB gpu_reserved=3472.0MiB skipped_batches=0
2026-08-16 11:45:18,359 | INFO | epoch=11 batch=2150 global_step=3748 loss_reg_months=4.8187 lr=0.00016254 grad_norm=0.8519 throughput=16.90 img/s eta_seconds=237.4 gpu_alloc=476.3MiB gpu_reserved=3472.0MiB skipped_batches=0
2026-08-16 11:45:24,164 | INFO | epoch=11 batch=2175 global_step=3751 loss_reg_months=4.8415 lr=0.00016254 grad_norm=1.8836 throughput=16.90 img/s eta_seconds=231.4 gpu_alloc=476.3MiB gpu_reserved=3472.0MiB skipped_batches=0
2026-08-16 11:45:29,964 | INFO | epoch=11 batch=2200 global_step=3754 loss_reg_months=4.8431 lr=0.00016254 grad_norm=1.0936 throughput=16.90 img/s eta_seconds=225.5 gpu_alloc=476.3MiB gpu_reserved=3472.0MiB skipped_batches=0
2026-08-16 11:45:35,758 | INFO | epoch=11 batch=2225 global_step=3757 loss_reg_months=4.8551 lr=0.00016254 grad_norm=1.2946 throughput=16.91 img/s eta_seconds=219.5 gpu_alloc=476.3MiB gpu_reserved=3472.0MiB skipped_batches=0
2026-08-16 11:45:41,535 | INFO | epoch=11 batch=2250 global_step=3760 loss_reg_months=4.8680 lr=0.00016254 grad_norm=1.0185 throughput=16.91 img/s eta_seconds=213.5 gpu_alloc=367.7MiB gpu_reserved=3472.0MiB skipped_batches=0
2026-08-16 11:45:47,309 | INFO | epoch=11 batch=2275 global_step=3762 loss_reg_months=4.8634 lr=0.00016254 grad_norm=1.2268 throughput=16.92 img/s eta_seconds=207.6 gpu_alloc=476.3MiB gpu_reserved=3472.0MiB skipped_batches=0
2026-08-16 11:45:53,320 | INFO | epoch=11 batch=2300 global_step=3765 loss_reg_months=4.8686 lr=0.00016254 grad_norm=1.2512 throughput=16.91 img/s eta_seconds=201.7 gpu_alloc=476.3MiB gpu_reserved=3472.0MiB skipped_batches=0
2026-08-16 11:45:59,375 | INFO | epoch=11 batch=2325 global_step=3768 loss_reg_months=4.8703 lr=0.00016254 grad_norm=2.0621 throughput=16.91 img/s eta_seconds=195.8 gpu_alloc=476.3MiB gpu_reserved=3472.0MiB skipped_batches=0
2026-08-16 11:46:05,157 | INFO | epoch=11 batch=2350 global_step=3771 loss_reg_months=4.8844 lr=0.00016254 grad_norm=1.4937 throughput=16.91 img/s eta_seconds=189.9 gpu_alloc=476.3MiB gpu_reserved=3472.0MiB skipped_batches=0
2026-08-16 11:46:10,923 | INFO | epoch=11 batch=2375 global_step=3773 loss_reg_months=4.8913 lr=0.00016254 grad_norm=1.1976 throughput=16.92 img/s eta_seconds=183.9 gpu_alloc=476.3MiB gpu_reserved=3472.0MiB skipped_batches=0
2026-08-16 11:46:16,984 | INFO | epoch=11 batch=2400 global_step=3776 loss_reg_months=4.8889 lr=0.00016254 grad_norm=1.2852 throughput=16.91 img/s eta_seconds=178.0 gpu_alloc=476.3MiB gpu_reserved=3472.0MiB skipped_batches=0
2026-08-16 11:46:23,050 | INFO | epoch=11 batch=2425 global_step=3779 loss_reg_months=4.8867 lr=0.00016254 grad_norm=1.0014 throughput=16.91 img/s eta_seconds=172.2 gpu_alloc=476.3MiB gpu_reserved=3472.0MiB skipped_batches=0
2026-08-16 11:46:28,807 | INFO | epoch=11 batch=2450 global_step=3782 loss_reg_months=4.8897 lr=0.00016254 grad_norm=1.3558 throughput=16.91 img/s eta_seconds=166.2 gpu_alloc=476.3MiB gpu_reserved=3472.0MiB skipped_batches=0
2026-08-16 11:46:34,591 | INFO | epoch=11 batch=2475 global_step=3785 loss_reg_months=4.8889 lr=0.00016254 grad_norm=0.9623 throughput=16.92 img/s eta_seconds=160.3 gpu_alloc=367.7MiB gpu_reserved=3472.0MiB skipped_batches=0
2026-08-16 11:46:40,330 | INFO | epoch=11 batch=2500 global_step=3787 loss_reg_months=4.8796 lr=0.00016254 grad_norm=1.1287 throughput=16.92 img/s eta_seconds=154.3 gpu_alloc=476.3MiB gpu_reserved=3472.0MiB skipped_batches=0
2026-08-16 11:46:46,085 | INFO | epoch=11 batch=2525 global_step=3790 loss_reg_months=4.8808 lr=0.00016254 grad_norm=0.9622 throughput=16.93 img/s eta_seconds=148.4 gpu_alloc=476.3MiB gpu_reserved=3472.0MiB skipped_batches=0
2026-08-16 11:46:51,845 | INFO | epoch=11 batch=2550 global_step=3793 loss_reg_months=4.8737 lr=0.00016254 grad_norm=0.8523 throughput=16.93 img/s eta_seconds=142.4 gpu_alloc=476.3MiB gpu_reserved=3472.0MiB skipped_batches=0
2026-08-16 11:46:57,606 | INFO | epoch=11 batch=2575 global_step=3796 loss_reg_months=4.8599 lr=0.00016254 grad_norm=1.4110 throughput=16.93 img/s eta_seconds=136.5 gpu_alloc=476.3MiB gpu_reserved=3472.0MiB skipped_batches=0
2026-08-16 11:47:03,332 | INFO | epoch=11 batch=2600 global_step=3798 loss_reg_months=4.8652 lr=0.00016254 grad_norm=1.0903 throughput=16.94 img/s eta_seconds=130.5 gpu_alloc=476.3MiB gpu_reserved=3472.0MiB skipped_batches=0
2026-08-16 11:47:09,100 | INFO | epoch=11 batch=2625 global_step=3801 loss_reg_months=4.8564 lr=0.00016254 grad_norm=1.0472 throughput=16.94 img/s eta_seconds=124.6 gpu_alloc=476.3MiB gpu_reserved=3472.0MiB skipped_batches=0
2026-08-16 11:47:14,854 | INFO | epoch=11 batch=2650 global_step=3804 loss_reg_months=4.8539 lr=0.00016254 grad_norm=0.8378 throughput=16.95 img/s eta_seconds=118.7 gpu_alloc=476.3MiB gpu_reserved=3472.0MiB skipped_batches=0
2026-08-16 11:47:20,604 | INFO | epoch=11 batch=2675 global_step=3807 loss_reg_months=4.8548 lr=0.00016254 grad_norm=1.0393 throughput=16.95 img/s eta_seconds=112.7 gpu_alloc=476.3MiB gpu_reserved=3472.0MiB skipped_batches=0
2026-08-16 11:47:26,351 | INFO | epoch=11 batch=2700 global_step=3810 loss_reg_months=4.8677 lr=0.00016254 grad_norm=2.4945 throughput=16.95 img/s eta_seconds=106.8 gpu_alloc=367.7MiB gpu_reserved=3472.0MiB skipped_batches=0
2026-08-16 11:47:32,082 | INFO | epoch=11 batch=2725 global_step=3812 loss_reg_months=4.8687 lr=0.00016254 grad_norm=1.0248 throughput=16.96 img/s eta_seconds=100.9 gpu_alloc=476.3MiB gpu_reserved=3472.0MiB skipped_batches=0
2026-08-16 11:47:37,845 | INFO | epoch=11 batch=2750 global_step=3815 loss_reg_months=4.8718 lr=0.00016254 grad_norm=1.1637 throughput=16.96 img/s eta_seconds=95.0 gpu_alloc=476.3MiB gpu_reserved=3472.0MiB skipped_batches=0
2026-08-16 11:47:43,591 | INFO | epoch=11 batch=2775 global_step=3818 loss_reg_months=4.8704 lr=0.00016254 grad_norm=1.4660 throughput=16.97 img/s eta_seconds=89.1 gpu_alloc=476.3MiB gpu_reserved=3472.0MiB skipped_batches=0
2026-08-16 11:47:49,355 | INFO | epoch=11 batch=2800 global_step=3821 loss_reg_months=4.8691 lr=0.00016254 grad_norm=1.2815 throughput=16.97 img/s eta_seconds=83.2 gpu_alloc=476.3MiB gpu_reserved=3472.0MiB skipped_batches=0
2026-08-16 11:47:55,092 | INFO | epoch=11 batch=2825 global_step=3823 loss_reg_months=4.8639 lr=0.00016254 grad_norm=0.9356 throughput=16.97 img/s eta_seconds=77.2 gpu_alloc=476.3MiB gpu_reserved=3472.0MiB skipped_batches=0
2026-08-16 11:48:00,852 | INFO | epoch=11 batch=2850 global_step=3826 loss_reg_months=4.8643 lr=0.00016254 grad_norm=1.3432 throughput=16.98 img/s eta_seconds=71.3 gpu_alloc=476.3MiB gpu_reserved=3472.0MiB skipped_batches=0
2026-08-16 11:48:06,603 | INFO | epoch=11 batch=2875 global_step=3829 loss_reg_months=4.8626 lr=0.00016254 grad_norm=0.9362 throughput=16.98 img/s eta_seconds=65.4 gpu_alloc=476.3MiB gpu_reserved=3472.0MiB skipped_batches=0
2026-08-16 11:48:12,366 | INFO | epoch=11 batch=2900 global_step=3832 loss_reg_months=4.8587 lr=0.00016254 grad_norm=1.2940 throughput=16.98 img/s eta_seconds=59.5 gpu_alloc=476.3MiB gpu_reserved=3472.0MiB skipped_batches=0
2026-08-16 11:48:18,137 | INFO | epoch=11 batch=2925 global_step=3835 loss_reg_months=4.8543 lr=0.00016254 grad_norm=1.0827 throughput=16.99 img/s eta_seconds=53.6 gpu_alloc=367.7MiB gpu_reserved=3472.0MiB skipped_batches=0
2026-08-16 11:48:23,864 | INFO | epoch=11 batch=2950 global_step=3837 loss_reg_months=4.8479 lr=0.00016254 grad_norm=0.8155 throughput=16.99 img/s eta_seconds=47.7 gpu_alloc=476.3MiB gpu_reserved=3472.0MiB skipped_batches=0
2026-08-16 11:48:29,619 | INFO | epoch=11 batch=2975 global_step=3840 loss_reg_months=4.8439 lr=0.00016254 grad_norm=1.3385 throughput=16.99 img/s eta_seconds=41.8 gpu_alloc=476.3MiB gpu_reserved=3472.0MiB skipped_batches=0
2026-08-16 11:48:35,372 | INFO | epoch=11 batch=3000 global_step=3843 loss_reg_months=4.8494 lr=0.00016254 grad_norm=1.5740 throughput=17.00 img/s eta_seconds=35.9 gpu_alloc=476.3MiB gpu_reserved=3472.0MiB skipped_batches=0
2026-08-16 11:48:41,129 | INFO | epoch=11 batch=3025 global_step=3846 loss_reg_months=4.8534 lr=0.00016254 grad_norm=1.2667 throughput=17.00 img/s eta_seconds=30.1 gpu_alloc=476.3MiB gpu_reserved=3472.0MiB skipped_batches=0
2026-08-16 11:48:46,860 | INFO | epoch=11 batch=3050 global_step=3848 loss_reg_months=4.8564 lr=0.00016254 grad_norm=1.7736 throughput=17.00 img/s eta_seconds=24.2 gpu_alloc=476.3MiB gpu_reserved=3472.0MiB skipped_batches=0
2026-08-16 11:48:52,618 | INFO | epoch=11 batch=3075 global_step=3851 loss_reg_months=4.8576 lr=0.00016254 grad_norm=1.1337 throughput=17.01 img/s eta_seconds=18.3 gpu_alloc=476.3MiB gpu_reserved=3472.0MiB skipped_batches=0
2026-08-16 11:48:58,372 | INFO | epoch=11 batch=3100 global_step=3854 loss_reg_months=4.8655 lr=0.00016254 grad_norm=1.0289 throughput=17.01 img/s eta_seconds=12.4 gpu_alloc=476.3MiB gpu_reserved=3472.0MiB skipped_batches=0
2026-08-16 11:49:04,125 | INFO | epoch=11 batch=3125 global_step=3857 loss_reg_months=4.8676 lr=0.00016254 grad_norm=1.4430 throughput=17.01 img/s eta_seconds=6.5 gpu_alloc=476.3MiB gpu_reserved=3472.0MiB skipped_batches=0
2026-08-16 11:49:09,884 | INFO | epoch=11 batch=3150 global_step=3860 loss_reg_months=4.8637 lr=0.00016254 grad_norm=1.1281 throughput=17.01 img/s eta_seconds=0.6 gpu_alloc=367.7MiB gpu_reserved=3472.0MiB skipped_batches=0
2026-08-16 11:49:53,586 | WARNING | STABILITY WARNING [CAM] Prediction vượt nhẹ miền tuổi 0–228: [2.33, 229.00]
2026-08-16 11:49:53,589 | WARNING | STABILITY WARNING [CAM] Validation MAE xấu đi trong khi train loss giảm
2026-08-16 11:49:53,589 | INFO | 
TRAINING REVIEW SNAPSHOT
Run ID / config hash / split hash: P6_D0_CONVNEXT_TINY_768_SEED42 / 0e80cf6f780f / 7328667e6822+f650a20432b5
Epoch / global step: 11 / 3861
Train loss: 4.8621
Validation MAE / RMSE / median AE: 6.4958 / 8.6807 / 5.0000
MAE nam / nữ / age bins: {'F': 6.840251150306749, 'M': 6.2052878395860285} / {'0-59': 6.276928191489362, '120-179': 6.42336217552534, '60-119': 7.048223350253807, '180-228': 5.4140625}
Learning rate / peak VRAM: 0.00016254 / 3472.0 MiB
Best epoch / best MAE / epochs không cải thiện: 7 / 6.2605 / 4
Cảnh báo hiện tại: CAM: Prediction vượt nhẹ miền tuổi 0–228: [2.33, 229.00] | CAM: Validation MAE xấu đi trong khi train loss giảm
Checkpoint gần nhất: p1_baseline\runs\P6_D0_CONVNEXT_TINY_768_SEED42\last.ckpt
Checkpoint tốt nhất: p1_baseline\runs\P6_D0_CONVNEXT_TINY_768_SEED42\best_mae.ckpt
Đề xuất tự động: THEO DÕI
2026-08-16 11:50:07,380 | INFO | epoch=12 batch=25 global_step=3863 loss_reg_months=4.7372 lr=0.00015531 grad_norm=0.9320 throughput=7.68 img/s eta_seconds=1629.4 gpu_alloc=476.3MiB gpu_reserved=3472.0MiB skipped_batches=0
2026-08-16 11:50:13,113 | INFO | epoch=12 batch=50 global_step=3866 loss_reg_months=5.0519 lr=0.00015531 grad_norm=1.4308 throughput=10.66 img/s eta_seconds=1163.9 gpu_alloc=476.3MiB gpu_reserved=3472.0MiB skipped_batches=0
2026-08-16 11:50:18,845 | INFO | epoch=12 batch=75 global_step=3869 loss_reg_months=4.6877 lr=0.00015531 grad_norm=1.1717 throughput=12.25 img/s eta_seconds=1004.9 gpu_alloc=476.3MiB gpu_reserved=3472.0MiB skipped_batches=0
2026-08-16 11:50:24,587 | INFO | epoch=12 batch=100 global_step=3872 loss_reg_months=4.7115 lr=0.00015531 grad_norm=2.3224 throughput=13.23 img/s eta_seconds=922.9 gpu_alloc=476.3MiB gpu_reserved=3472.0MiB skipped_batches=0
2026-08-16 11:50:30,308 | INFO | epoch=12 batch=125 global_step=3874 loss_reg_months=4.8474 lr=0.00015531 grad_norm=1.2014 throughput=13.91 img/s eta_seconds=870.8 gpu_alloc=476.3MiB gpu_reserved=3472.0MiB skipped_batches=0
2026-08-16 11:50:36,051 | INFO | epoch=12 batch=150 global_step=3877 loss_reg_months=4.8716 lr=0.00015531 grad_norm=1.8908 throughput=14.39 img/s eta_seconds=834.7 gpu_alloc=476.3MiB gpu_reserved=3472.0MiB skipped_batches=0
2026-08-16 11:50:41,798 | INFO | epoch=12 batch=175 global_step=3880 loss_reg_months=4.9068 lr=0.00015531 grad_norm=1.1033 throughput=14.75 img/s eta_seconds=807.3 gpu_alloc=476.3MiB gpu_reserved=3472.0MiB skipped_batches=0
2026-08-16 11:50:47,553 | INFO | epoch=12 batch=200 global_step=3883 loss_reg_months=4.9508 lr=0.00015531 grad_norm=0.9699 throughput=15.04 img/s eta_seconds=785.4 gpu_alloc=476.3MiB gpu_reserved=3472.0MiB skipped_batches=0
2026-08-16 11:50:53,368 | INFO | epoch=12 batch=225 global_step=3886 loss_reg_months=4.9900 lr=0.00015531 grad_norm=1.1832 throughput=15.25 img/s eta_seconds=767.9 gpu_alloc=367.7MiB gpu_reserved=3472.0MiB skipped_batches=0
2026-08-16 11:50:59,094 | INFO | epoch=12 batch=250 global_step=3888 loss_reg_months=4.9766 lr=0.00015531 grad_norm=0.9931 throughput=15.45 img/s eta_seconds=751.7 gpu_alloc=476.3MiB gpu_reserved=3472.0MiB skipped_batches=0
2026-08-16 11:51:04,844 | INFO | epoch=12 batch=275 global_step=3891 loss_reg_months=4.9154 lr=0.00015531 grad_norm=1.9707 throughput=15.61 img/s eta_seconds=737.6 gpu_alloc=476.3MiB gpu_reserved=3472.0MiB skipped_batches=0
2026-08-16 11:51:10,597 | INFO | epoch=12 batch=300 global_step=3894 loss_reg_months=4.8295 lr=0.00015531 grad_norm=1.2100 throughput=15.74 img/s eta_seconds=725.0 gpu_alloc=476.3MiB gpu_reserved=3472.0MiB skipped_batches=0
2026-08-16 11:51:16,353 | INFO | epoch=12 batch=325 global_step=3897 loss_reg_months=4.8288 lr=0.00015531 grad_norm=1.2751 throughput=15.85 img/s eta_seconds=713.4 gpu_alloc=476.3MiB gpu_reserved=3472.0MiB skipped_batches=0
2026-08-16 11:51:22,077 | INFO | epoch=12 batch=350 global_step=3899 loss_reg_months=4.7819 lr=0.00015531 grad_norm=1.3925 throughput=15.96 img/s eta_seconds=702.5 gpu_alloc=476.3MiB gpu_reserved=3472.0MiB skipped_batches=0
2026-08-16 11:51:27,835 | INFO | epoch=12 batch=375 global_step=3902 loss_reg_months=4.8197 lr=0.00015531 grad_norm=3.4798 throughput=16.05 img/s eta_seconds=692.4 gpu_alloc=476.3MiB gpu_reserved=3472.0MiB skipped_batches=0
2026-08-16 11:51:33,577 | INFO | epoch=12 batch=400 global_step=3905 loss_reg_months=4.8318 lr=0.00015531 grad_norm=1.5811 throughput=16.13 img/s eta_seconds=682.8 gpu_alloc=476.3MiB gpu_reserved=3472.0MiB skipped_batches=0
2026-08-16 11:51:39,325 | INFO | epoch=12 batch=425 global_step=3908 loss_reg_months=4.8835 lr=0.00015531 grad_norm=1.8530 throughput=16.20 img/s eta_seconds=673.7 gpu_alloc=476.3MiB gpu_reserved=3472.0MiB skipped_batches=0
2026-08-16 11:51:45,073 | INFO | epoch=12 batch=450 global_step=3911 loss_reg_months=4.9192 lr=0.00015531 grad_norm=2.1238 throughput=16.26 img/s eta_seconds=665.0 gpu_alloc=367.7MiB gpu_reserved=3472.0MiB skipped_batches=0
2026-08-16 11:51:50,819 | INFO | epoch=12 batch=475 global_step=3913 loss_reg_months=4.9276 lr=0.00015531 grad_norm=1.7790 throughput=16.31 img/s eta_seconds=656.5 gpu_alloc=476.3MiB gpu_reserved=3472.0MiB skipped_batches=0
2026-08-16 11:51:56,592 | INFO | epoch=12 batch=500 global_step=3916 loss_reg_months=4.9527 lr=0.00015531 grad_norm=2.0746 throughput=16.36 img/s eta_seconds=648.5 gpu_alloc=476.3MiB gpu_reserved=3472.0MiB skipped_batches=0
2026-08-16 11:52:02,357 | INFO | epoch=12 batch=525 global_step=3919 loss_reg_months=5.0129 lr=0.00015531 grad_norm=1.3891 throughput=16.41 img/s eta_seconds=640.7 gpu_alloc=476.3MiB gpu_reserved=3472.0MiB skipped_batches=0
2026-08-16 11:52:08,259 | INFO | epoch=12 batch=550 global_step=3922 loss_reg_months=5.0204 lr=0.00015531 grad_norm=1.6830 throughput=16.43 img/s eta_seconds=633.7 gpu_alloc=476.3MiB gpu_reserved=3472.0MiB skipped_batches=0
2026-08-16 11:52:13,978 | INFO | epoch=12 batch=575 global_step=3924 loss_reg_months=5.0324 lr=0.00015531 grad_norm=1.5633 throughput=16.47 img/s eta_seconds=625.9 gpu_alloc=476.3MiB gpu_reserved=3472.0MiB skipped_batches=0
2026-08-16 11:52:19,724 | INFO | epoch=12 batch=600 global_step=3927 loss_reg_months=5.0340 lr=0.00015531 grad_norm=1.1256 throughput=16.51 img/s eta_seconds=618.5 gpu_alloc=476.3MiB gpu_reserved=3472.0MiB skipped_batches=0
2026-08-16 11:52:25,459 | INFO | epoch=12 batch=625 global_step=3930 loss_reg_months=5.0360 lr=0.00015531 grad_norm=1.5158 throughput=16.55 img/s eta_seconds=611.1 gpu_alloc=476.3MiB gpu_reserved=3472.0MiB skipped_batches=0
2026-08-16 11:52:31,198 | INFO | epoch=12 batch=650 global_step=3933 loss_reg_months=5.0104 lr=0.00015531 grad_norm=1.8852 throughput=16.58 img/s eta_seconds=603.9 gpu_alloc=476.3MiB gpu_reserved=3472.0MiB skipped_batches=0
2026-08-16 11:52:36,947 | INFO | epoch=12 batch=675 global_step=3936 loss_reg_months=4.9780 lr=0.00015531 grad_norm=1.5637 throughput=16.61 img/s eta_seconds=596.8 gpu_alloc=367.7MiB gpu_reserved=3472.0MiB skipped_batches=0
2026-08-16 11:52:42,659 | INFO | epoch=12 batch=700 global_step=3938 loss_reg_months=4.9482 lr=0.00015531 grad_norm=1.7635 throughput=16.64 img/s eta_seconds=589.7 gpu_alloc=476.3MiB gpu_reserved=3472.0MiB skipped_batches=0
2026-08-16 11:52:48,396 | INFO | epoch=12 batch=725 global_step=3941 loss_reg_months=4.9428 lr=0.00015531 grad_norm=0.8654 throughput=16.66 img/s eta_seconds=582.8 gpu_alloc=476.3MiB gpu_reserved=3472.0MiB skipped_batches=0
2026-08-16 11:52:54,131 | INFO | epoch=12 batch=750 global_step=3944 loss_reg_months=4.9366 lr=0.00015531 grad_norm=1.0058 throughput=16.69 img/s eta_seconds=575.9 gpu_alloc=476.3MiB gpu_reserved=3472.0MiB skipped_batches=0
2026-08-16 11:52:59,872 | INFO | epoch=12 batch=775 global_step=3947 loss_reg_months=4.9300 lr=0.00015531 grad_norm=1.8408 throughput=16.71 img/s eta_seconds=569.2 gpu_alloc=476.3MiB gpu_reserved=3472.0MiB skipped_batches=0
2026-08-16 11:53:05,617 | INFO | epoch=12 batch=800 global_step=3949 loss_reg_months=4.9413 lr=0.00015531 grad_norm=1.7111 throughput=16.73 img/s eta_seconds=562.5 gpu_alloc=476.3MiB gpu_reserved=3472.0MiB skipped_batches=0
2026-08-16 11:53:11,394 | INFO | epoch=12 batch=825 global_step=3952 loss_reg_months=4.9526 lr=0.00015531 grad_norm=1.0494 throughput=16.75 img/s eta_seconds=555.9 gpu_alloc=476.3MiB gpu_reserved=3472.0MiB skipped_batches=0
2026-08-16 11:53:17,137 | INFO | epoch=12 batch=850 global_step=3955 loss_reg_months=4.9484 lr=0.00015531 grad_norm=1.4822 throughput=16.77 img/s eta_seconds=549.4 gpu_alloc=476.3MiB gpu_reserved=3472.0MiB skipped_batches=0
2026-08-16 11:53:22,889 | INFO | epoch=12 batch=875 global_step=3958 loss_reg_months=4.9308 lr=0.00015531 grad_norm=1.0410 throughput=16.78 img/s eta_seconds=542.8 gpu_alloc=476.3MiB gpu_reserved=3472.0MiB skipped_batches=0
2026-08-16 11:53:28,637 | INFO | epoch=12 batch=900 global_step=3961 loss_reg_months=4.9068 lr=0.00015531 grad_norm=1.4147 throughput=16.80 img/s eta_seconds=536.4 gpu_alloc=367.7MiB gpu_reserved=3472.0MiB skipped_batches=0
2026-08-16 11:53:34,347 | INFO | epoch=12 batch=925 global_step=3963 loss_reg_months=4.9172 lr=0.00015531 grad_norm=0.9564 throughput=16.82 img/s eta_seconds=529.8 gpu_alloc=476.3MiB gpu_reserved=3472.0MiB skipped_batches=0
2026-08-16 11:53:40,096 | INFO | epoch=12 batch=950 global_step=3966 loss_reg_months=4.9278 lr=0.00015531 grad_norm=1.3203 throughput=16.83 img/s eta_seconds=523.4 gpu_alloc=476.3MiB gpu_reserved=3472.0MiB skipped_batches=0
2026-08-16 11:53:45,831 | INFO | epoch=12 batch=975 global_step=3969 loss_reg_months=4.9257 lr=0.00015531 grad_norm=1.0457 throughput=16.85 img/s eta_seconds=517.0 gpu_alloc=476.3MiB gpu_reserved=3472.0MiB skipped_batches=0
2026-08-16 11:53:51,565 | INFO | epoch=12 batch=1000 global_step=3972 loss_reg_months=4.9128 lr=0.00015531 grad_norm=2.3443 throughput=16.86 img/s eta_seconds=510.7 gpu_alloc=476.3MiB gpu_reserved=3472.0MiB skipped_batches=0
2026-08-16 11:53:57,274 | INFO | epoch=12 batch=1025 global_step=3974 loss_reg_months=4.8913 lr=0.00015531 grad_norm=1.4695 throughput=16.88 img/s eta_seconds=504.3 gpu_alloc=476.3MiB gpu_reserved=3472.0MiB skipped_batches=0
2026-08-16 11:54:03,012 | INFO | epoch=12 batch=1050 global_step=3977 loss_reg_months=4.8845 lr=0.00015531 grad_norm=1.0598 throughput=16.89 img/s eta_seconds=498.0 gpu_alloc=476.3MiB gpu_reserved=3472.0MiB skipped_batches=0
2026-08-16 11:54:08,755 | INFO | epoch=12 batch=1075 global_step=3980 loss_reg_months=4.8889 lr=0.00015531 grad_norm=1.8456 throughput=16.90 img/s eta_seconds=491.7 gpu_alloc=476.3MiB gpu_reserved=3472.0MiB skipped_batches=0
2026-08-16 11:54:14,549 | INFO | epoch=12 batch=1100 global_step=3983 loss_reg_months=4.9051 lr=0.00015531 grad_norm=1.6952 throughput=16.91 img/s eta_seconds=485.6 gpu_alloc=476.3MiB gpu_reserved=3472.0MiB skipped_batches=0
2026-08-16 11:54:20,385 | INFO | epoch=12 batch=1125 global_step=3986 loss_reg_months=4.9045 lr=0.00015531 grad_norm=1.1259 throughput=16.92 img/s eta_seconds=479.5 gpu_alloc=367.7MiB gpu_reserved=3472.0MiB skipped_batches=0
2026-08-16 11:54:26,136 | INFO | epoch=12 batch=1150 global_step=3988 loss_reg_months=4.9147 lr=0.00015531 grad_norm=1.0903 throughput=16.93 img/s eta_seconds=473.3 gpu_alloc=476.3MiB gpu_reserved=3472.0MiB skipped_batches=0
2026-08-16 11:54:31,880 | INFO | epoch=12 batch=1175 global_step=3991 loss_reg_months=4.9114 lr=0.00015531 grad_norm=1.3190 throughput=16.94 img/s eta_seconds=467.1 gpu_alloc=476.3MiB gpu_reserved=3472.0MiB skipped_batches=0
2026-08-16 11:54:37,762 | INFO | epoch=12 batch=1200 global_step=3994 loss_reg_months=4.9067 lr=0.00015531 grad_norm=0.9613 throughput=16.94 img/s eta_seconds=461.2 gpu_alloc=476.3MiB gpu_reserved=3472.0MiB skipped_batches=0
2026-08-16 11:54:43,788 | INFO | epoch=12 batch=1225 global_step=3997 loss_reg_months=4.9145 lr=0.00015531 grad_norm=1.1685 throughput=16.93 img/s eta_seconds=455.5 gpu_alloc=476.3MiB gpu_reserved=3472.0MiB skipped_batches=0
2026-08-16 11:54:49,647 | INFO | epoch=12 batch=1250 global_step=3999 loss_reg_months=4.9010 lr=0.00015531 grad_norm=1.2809 throughput=16.93 img/s eta_seconds=449.5 gpu_alloc=476.3MiB gpu_reserved=3472.0MiB skipped_batches=0
2026-08-16 11:54:56,663 | INFO | epoch=12 batch=1275 global_step=4002 loss_reg_months=4.8899 lr=0.00015531 grad_norm=1.4138 throughput=16.87 img/s eta_seconds=445.2 gpu_alloc=476.3MiB gpu_reserved=3472.0MiB skipped_batches=0
2026-08-16 11:55:02,449 | INFO | epoch=12 batch=1300 global_step=4005 loss_reg_months=4.8820 lr=0.00015531 grad_norm=0.9997 throughput=16.88 img/s eta_seconds=439.1 gpu_alloc=476.3MiB gpu_reserved=3472.0MiB skipped_batches=0
2026-08-16 11:55:08,196 | INFO | epoch=12 batch=1325 global_step=4008 loss_reg_months=4.8856 lr=0.00015531 grad_norm=1.7465 throughput=16.89 img/s eta_seconds=432.9 gpu_alloc=476.3MiB gpu_reserved=3472.0MiB skipped_batches=0
2026-08-16 11:55:14,011 | INFO | epoch=12 batch=1350 global_step=4011 loss_reg_months=4.8854 lr=0.00015531 grad_norm=1.1517 throughput=16.89 img/s eta_seconds=426.9 gpu_alloc=367.7MiB gpu_reserved=3472.0MiB skipped_batches=0
2026-08-16 11:55:19,734 | INFO | epoch=12 batch=1375 global_step=4013 loss_reg_months=4.8836 lr=0.00015531 grad_norm=1.3781 throughput=16.90 img/s eta_seconds=420.7 gpu_alloc=476.3MiB gpu_reserved=3472.0MiB skipped_batches=0
2026-08-16 11:55:25,488 | INFO | epoch=12 batch=1400 global_step=4016 loss_reg_months=4.8938 lr=0.00015531 grad_norm=2.1696 throughput=16.91 img/s eta_seconds=414.6 gpu_alloc=476.3MiB gpu_reserved=3472.0MiB skipped_batches=0
2026-08-16 11:55:31,439 | INFO | epoch=12 batch=1425 global_step=4019 loss_reg_months=4.8930 lr=0.00015531 grad_norm=1.3778 throughput=16.91 img/s eta_seconds=408.7 gpu_alloc=476.3MiB gpu_reserved=3472.0MiB skipped_batches=0
2026-08-16 11:55:37,356 | INFO | epoch=12 batch=1450 global_step=4022 loss_reg_months=4.8767 lr=0.00015531 grad_norm=1.1890 throughput=16.91 img/s eta_seconds=402.8 gpu_alloc=476.3MiB gpu_reserved=3472.0MiB skipped_batches=0
2026-08-16 11:55:43,308 | INFO | epoch=12 batch=1475 global_step=4024 loss_reg_months=4.8736 lr=0.00015531 grad_norm=1.3537 throughput=16.91 img/s eta_seconds=396.9 gpu_alloc=476.3MiB gpu_reserved=3472.0MiB skipped_batches=0
2026-08-16 11:55:49,212 | INFO | epoch=12 batch=1500 global_step=4027 loss_reg_months=4.8778 lr=0.00015531 grad_norm=1.2436 throughput=16.91 img/s eta_seconds=391.0 gpu_alloc=476.3MiB gpu_reserved=3472.0MiB skipped_batches=0
2026-08-16 11:55:55,197 | INFO | epoch=12 batch=1525 global_step=4030 loss_reg_months=4.8735 lr=0.00015531 grad_norm=1.3220 throughput=16.90 img/s eta_seconds=385.2 gpu_alloc=476.3MiB gpu_reserved=3472.0MiB skipped_batches=0
2026-08-16 11:56:01,000 | INFO | epoch=12 batch=1550 global_step=4033 loss_reg_months=4.8598 lr=0.00015531 grad_norm=1.2532 throughput=16.91 img/s eta_seconds=379.1 gpu_alloc=476.3MiB gpu_reserved=3472.0MiB skipped_batches=0
2026-08-16 11:56:06,785 | INFO | epoch=12 batch=1575 global_step=4036 loss_reg_months=4.8635 lr=0.00015531 grad_norm=1.6895 throughput=16.92 img/s eta_seconds=373.1 gpu_alloc=367.7MiB gpu_reserved=3472.0MiB skipped_batches=0
2026-08-16 11:56:12,554 | INFO | epoch=12 batch=1600 global_step=4038 loss_reg_months=4.8577 lr=0.00015531 grad_norm=1.1301 throughput=16.92 img/s eta_seconds=367.0 gpu_alloc=476.3MiB gpu_reserved=3472.0MiB skipped_batches=0
2026-08-16 11:56:18,311 | INFO | epoch=12 batch=1625 global_step=4041 loss_reg_months=4.8602 lr=0.00015531 grad_norm=1.0246 throughput=16.93 img/s eta_seconds=361.0 gpu_alloc=476.3MiB gpu_reserved=3472.0MiB skipped_batches=0
2026-08-16 11:56:24,049 | INFO | epoch=12 batch=1650 global_step=4044 loss_reg_months=4.8552 lr=0.00015531 grad_norm=1.2270 throughput=16.94 img/s eta_seconds=354.9 gpu_alloc=476.3MiB gpu_reserved=3472.0MiB skipped_batches=0
2026-08-16 11:56:29,823 | INFO | epoch=12 batch=1675 global_step=4047 loss_reg_months=4.8499 lr=0.00015531 grad_norm=1.8716 throughput=16.94 img/s eta_seconds=348.9 gpu_alloc=476.3MiB gpu_reserved=3472.0MiB skipped_batches=0
2026-08-16 11:56:35,587 | INFO | epoch=12 batch=1700 global_step=4049 loss_reg_months=4.8520 lr=0.00015531 grad_norm=1.7309 throughput=16.95 img/s eta_seconds=342.9 gpu_alloc=476.3MiB gpu_reserved=3472.0MiB skipped_batches=0
2026-08-16 11:56:41,404 | INFO | epoch=12 batch=1725 global_step=4052 loss_reg_months=4.8447 lr=0.00015531 grad_norm=1.5195 throughput=16.95 img/s eta_seconds=336.9 gpu_alloc=476.3MiB gpu_reserved=3472.0MiB skipped_batches=0
2026-08-16 11:56:47,205 | INFO | epoch=12 batch=1750 global_step=4055 loss_reg_months=4.8447 lr=0.00015531 grad_norm=1.2127 throughput=16.96 img/s eta_seconds=330.9 gpu_alloc=476.3MiB gpu_reserved=3472.0MiB skipped_batches=0
2026-08-16 11:56:52,961 | INFO | epoch=12 batch=1775 global_step=4058 loss_reg_months=4.8522 lr=0.00015531 grad_norm=1.3413 throughput=16.96 img/s eta_seconds=324.9 gpu_alloc=476.3MiB gpu_reserved=3472.0MiB skipped_batches=0
2026-08-16 11:56:58,716 | INFO | epoch=12 batch=1800 global_step=4061 loss_reg_months=4.8610 lr=0.00015531 grad_norm=1.6260 throughput=16.97 img/s eta_seconds=318.9 gpu_alloc=367.7MiB gpu_reserved=3472.0MiB skipped_batches=0
2026-08-16 11:57:04,435 | INFO | epoch=12 batch=1825 global_step=4063 loss_reg_months=4.8622 lr=0.00015531 grad_norm=1.1772 throughput=16.97 img/s eta_seconds=312.9 gpu_alloc=476.3MiB gpu_reserved=3472.0MiB skipped_batches=0
2026-08-16 11:57:10,187 | INFO | epoch=12 batch=1850 global_step=4066 loss_reg_months=4.8553 lr=0.00015531 grad_norm=1.2578 throughput=16.98 img/s eta_seconds=306.9 gpu_alloc=476.3MiB gpu_reserved=3472.0MiB skipped_batches=0
2026-08-16 11:57:16,114 | INFO | epoch=12 batch=1875 global_step=4069 loss_reg_months=4.8546 lr=0.00015531 grad_norm=1.8162 throughput=16.98 img/s eta_seconds=301.0 gpu_alloc=476.3MiB gpu_reserved=3472.0MiB skipped_batches=0
2026-08-16 11:57:22,095 | INFO | epoch=12 batch=1900 global_step=4072 loss_reg_months=4.8405 lr=0.00015531 grad_norm=1.1850 throughput=16.97 img/s eta_seconds=295.2 gpu_alloc=476.3MiB gpu_reserved=3472.0MiB skipped_batches=0
2026-08-16 11:57:27,979 | INFO | epoch=12 batch=1925 global_step=4074 loss_reg_months=4.8374 lr=0.00015531 grad_norm=1.8354 throughput=16.97 img/s eta_seconds=289.3 gpu_alloc=476.3MiB gpu_reserved=3472.0MiB skipped_batches=0
2026-08-16 11:57:34,012 | INFO | epoch=12 batch=1950 global_step=4077 loss_reg_months=4.8428 lr=0.00015531 grad_norm=1.0578 throughput=16.97 img/s eta_seconds=283.5 gpu_alloc=476.3MiB gpu_reserved=3472.0MiB skipped_batches=0
2026-08-16 11:57:40,021 | INFO | epoch=12 batch=1975 global_step=4080 loss_reg_months=4.8493 lr=0.00015531 grad_norm=1.0859 throughput=16.96 img/s eta_seconds=277.7 gpu_alloc=476.3MiB gpu_reserved=3472.0MiB skipped_batches=0
2026-08-16 11:57:45,823 | INFO | epoch=12 batch=2000 global_step=4083 loss_reg_months=4.8398 lr=0.00015531 grad_norm=1.2352 throughput=16.97 img/s eta_seconds=271.7 gpu_alloc=476.3MiB gpu_reserved=3472.0MiB skipped_batches=0
2026-08-16 11:57:51,592 | INFO | epoch=12 batch=2025 global_step=4086 loss_reg_months=4.8376 lr=0.00015531 grad_norm=0.9401 throughput=16.97 img/s eta_seconds=265.8 gpu_alloc=367.7MiB gpu_reserved=3472.0MiB skipped_batches=0
2026-08-16 11:57:57,323 | INFO | epoch=12 batch=2050 global_step=4088 loss_reg_months=4.8387 lr=0.00015531 grad_norm=1.5024 throughput=16.98 img/s eta_seconds=259.8 gpu_alloc=476.3MiB gpu_reserved=3472.0MiB skipped_batches=0
2026-08-16 11:58:03,127 | INFO | epoch=12 batch=2075 global_step=4091 loss_reg_months=4.8405 lr=0.00015531 grad_norm=1.6355 throughput=16.98 img/s eta_seconds=253.9 gpu_alloc=476.3MiB gpu_reserved=3472.0MiB skipped_batches=0
2026-08-16 11:58:08,917 | INFO | epoch=12 batch=2100 global_step=4094 loss_reg_months=4.8314 lr=0.00015531 grad_norm=1.4952 throughput=16.98 img/s eta_seconds=247.9 gpu_alloc=476.3MiB gpu_reserved=3472.0MiB skipped_batches=0
2026-08-16 11:58:14,694 | INFO | epoch=12 batch=2125 global_step=4097 loss_reg_months=4.8252 lr=0.00015531 grad_norm=1.0989 throughput=16.99 img/s eta_seconds=242.0 gpu_alloc=476.3MiB gpu_reserved=3472.0MiB skipped_batches=0
2026-08-16 11:58:20,459 | INFO | epoch=12 batch=2150 global_step=4099 loss_reg_months=4.8305 lr=0.00015531 grad_norm=2.1251 throughput=16.99 img/s eta_seconds=236.0 gpu_alloc=476.3MiB gpu_reserved=3472.0MiB skipped_batches=0
2026-08-16 11:58:26,228 | INFO | epoch=12 batch=2175 global_step=4102 loss_reg_months=4.8370 lr=0.00015531 grad_norm=1.0719 throughput=17.00 img/s eta_seconds=230.1 gpu_alloc=476.3MiB gpu_reserved=3472.0MiB skipped_batches=0
2026-08-16 11:58:32,379 | INFO | epoch=12 batch=2200 global_step=4105 loss_reg_months=4.8347 lr=0.00015531 grad_norm=1.1450 throughput=16.99 img/s eta_seconds=224.3 gpu_alloc=476.3MiB gpu_reserved=3472.0MiB skipped_batches=0
2026-08-16 11:58:38,486 | INFO | epoch=12 batch=2225 global_step=4108 loss_reg_months=4.8373 lr=0.00015531 grad_norm=2.0575 throughput=16.98 img/s eta_seconds=218.5 gpu_alloc=476.3MiB gpu_reserved=3472.0MiB skipped_batches=0
2026-08-16 11:58:44,266 | INFO | epoch=12 batch=2250 global_step=4111 loss_reg_months=4.8454 lr=0.00015531 grad_norm=1.2745 throughput=16.98 img/s eta_seconds=212.6 gpu_alloc=367.7MiB gpu_reserved=3472.0MiB skipped_batches=0
2026-08-16 11:58:49,993 | INFO | epoch=12 batch=2275 global_step=4113 loss_reg_months=4.8418 lr=0.00015531 grad_norm=0.9371 throughput=16.99 img/s eta_seconds=206.7 gpu_alloc=476.3MiB gpu_reserved=3472.0MiB skipped_batches=0
2026-08-16 11:58:55,749 | INFO | epoch=12 batch=2300 global_step=4116 loss_reg_months=4.8382 lr=0.00015531 grad_norm=1.5032 throughput=16.99 img/s eta_seconds=200.7 gpu_alloc=476.3MiB gpu_reserved=3472.0MiB skipped_batches=0
2026-08-16 11:59:01,506 | INFO | epoch=12 batch=2325 global_step=4119 loss_reg_months=4.8391 lr=0.00015531 grad_norm=1.3032 throughput=17.00 img/s eta_seconds=194.8 gpu_alloc=476.3MiB gpu_reserved=3472.0MiB skipped_batches=0
2026-08-16 11:59:07,267 | INFO | epoch=12 batch=2350 global_step=4122 loss_reg_months=4.8356 lr=0.00015531 grad_norm=1.7553 throughput=17.00 img/s eta_seconds=188.9 gpu_alloc=476.3MiB gpu_reserved=3472.0MiB skipped_batches=0
2026-08-16 11:59:13,030 | INFO | epoch=12 batch=2375 global_step=4124 loss_reg_months=4.8294 lr=0.00015531 grad_norm=1.5780 throughput=17.00 img/s eta_seconds=183.0 gpu_alloc=476.3MiB gpu_reserved=3472.0MiB skipped_batches=0
2026-08-16 11:59:18,814 | INFO | epoch=12 batch=2400 global_step=4127 loss_reg_months=4.8177 lr=0.00015531 grad_norm=0.9490 throughput=17.01 img/s eta_seconds=177.0 gpu_alloc=476.3MiB gpu_reserved=3472.0MiB skipped_batches=0
2026-08-16 11:59:24,597 | INFO | epoch=12 batch=2425 global_step=4130 loss_reg_months=4.8189 lr=0.00015531 grad_norm=2.3847 throughput=17.01 img/s eta_seconds=171.1 gpu_alloc=476.3MiB gpu_reserved=3472.0MiB skipped_batches=0
2026-08-16 11:59:30,385 | INFO | epoch=12 batch=2450 global_step=4133 loss_reg_months=4.8209 lr=0.00015531 grad_norm=1.0528 throughput=17.01 img/s eta_seconds=165.2 gpu_alloc=476.3MiB gpu_reserved=3472.0MiB skipped_batches=0
2026-08-16 11:59:36,153 | INFO | epoch=12 batch=2475 global_step=4136 loss_reg_months=4.8363 lr=0.00015531 grad_norm=1.5986 throughput=17.02 img/s eta_seconds=159.3 gpu_alloc=367.7MiB gpu_reserved=3472.0MiB skipped_batches=0
2026-08-16 11:59:41,913 | INFO | epoch=12 batch=2500 global_step=4138 loss_reg_months=4.8405 lr=0.00015531 grad_norm=1.3600 throughput=17.02 img/s eta_seconds=153.4 gpu_alloc=476.3MiB gpu_reserved=3472.0MiB skipped_batches=0
2026-08-16 11:59:47,689 | INFO | epoch=12 batch=2525 global_step=4141 loss_reg_months=4.8365 lr=0.00015531 grad_norm=1.7356 throughput=17.02 img/s eta_seconds=147.5 gpu_alloc=476.3MiB gpu_reserved=3472.0MiB skipped_batches=0
2026-08-16 11:59:53,450 | INFO | epoch=12 batch=2550 global_step=4144 loss_reg_months=4.8555 lr=0.00015531 grad_norm=2.3701 throughput=17.03 img/s eta_seconds=141.6 gpu_alloc=476.3MiB gpu_reserved=3472.0MiB skipped_batches=0
2026-08-16 11:59:59,218 | INFO | epoch=12 batch=2575 global_step=4147 loss_reg_months=4.8600 lr=0.00015531 grad_norm=1.4774 throughput=17.03 img/s eta_seconds=135.7 gpu_alloc=476.3MiB gpu_reserved=3472.0MiB skipped_batches=0
2026-08-16 12:00:04,954 | INFO | epoch=12 batch=2600 global_step=4149 loss_reg_months=4.8629 lr=0.00015531 grad_norm=1.3354 throughput=17.03 img/s eta_seconds=129.8 gpu_alloc=476.3MiB gpu_reserved=3472.0MiB skipped_batches=0
2026-08-16 12:00:10,745 | INFO | epoch=12 batch=2625 global_step=4152 loss_reg_months=4.8570 lr=0.00015531 grad_norm=1.2698 throughput=17.03 img/s eta_seconds=123.9 gpu_alloc=476.3MiB gpu_reserved=3472.0MiB skipped_batches=0
2026-08-16 12:00:16,759 | INFO | epoch=12 batch=2650 global_step=4155 loss_reg_months=4.8618 lr=0.00015531 grad_norm=0.8722 throughput=17.03 img/s eta_seconds=118.1 gpu_alloc=476.3MiB gpu_reserved=3472.0MiB skipped_batches=0
2026-08-16 12:00:22,575 | INFO | epoch=12 batch=2675 global_step=4158 loss_reg_months=4.8599 lr=0.00015531 grad_norm=1.9690 throughput=17.03 img/s eta_seconds=112.2 gpu_alloc=476.3MiB gpu_reserved=3472.0MiB skipped_batches=0
2026-08-16 12:00:28,327 | INFO | epoch=12 batch=2700 global_step=4161 loss_reg_months=4.8614 lr=0.00015531 grad_norm=1.0396 throughput=17.04 img/s eta_seconds=106.3 gpu_alloc=367.7MiB gpu_reserved=3472.0MiB skipped_batches=0
2026-08-16 12:00:34,078 | INFO | epoch=12 batch=2725 global_step=4163 loss_reg_months=4.8596 lr=0.00015531 grad_norm=1.3143 throughput=17.04 img/s eta_seconds=100.4 gpu_alloc=476.3MiB gpu_reserved=3472.0MiB skipped_batches=0
2026-08-16 12:00:39,846 | INFO | epoch=12 batch=2750 global_step=4166 loss_reg_months=4.8707 lr=0.00015531 grad_norm=1.1551 throughput=17.04 img/s eta_seconds=94.5 gpu_alloc=476.3MiB gpu_reserved=3472.0MiB skipped_batches=0
2026-08-16 12:00:45,621 | INFO | epoch=12 batch=2775 global_step=4169 loss_reg_months=4.8662 lr=0.00015531 grad_norm=1.7773 throughput=17.04 img/s eta_seconds=88.7 gpu_alloc=476.3MiB gpu_reserved=3472.0MiB skipped_batches=0
2026-08-16 12:00:51,433 | INFO | epoch=12 batch=2800 global_step=4172 loss_reg_months=4.8671 lr=0.00015531 grad_norm=1.4422 throughput=17.05 img/s eta_seconds=82.8 gpu_alloc=476.3MiB gpu_reserved=3472.0MiB skipped_batches=0
2026-08-16 12:00:57,207 | INFO | epoch=12 batch=2825 global_step=4174 loss_reg_months=4.8711 lr=0.00015531 grad_norm=1.0620 throughput=17.05 img/s eta_seconds=76.9 gpu_alloc=476.3MiB gpu_reserved=3472.0MiB skipped_batches=0
2026-08-16 12:01:02,958 | INFO | epoch=12 batch=2850 global_step=4177 loss_reg_months=4.8712 lr=0.00015531 grad_norm=1.9871 throughput=17.05 img/s eta_seconds=71.0 gpu_alloc=476.3MiB gpu_reserved=3472.0MiB skipped_batches=0
2026-08-16 12:01:08,703 | INFO | epoch=12 batch=2875 global_step=4180 loss_reg_months=4.8659 lr=0.00015531 grad_norm=1.3726 throughput=17.05 img/s eta_seconds=65.1 gpu_alloc=476.3MiB gpu_reserved=3472.0MiB skipped_batches=0
2026-08-16 12:01:14,468 | INFO | epoch=12 batch=2900 global_step=4183 loss_reg_months=4.8649 lr=0.00015531 grad_norm=1.5170 throughput=17.06 img/s eta_seconds=59.3 gpu_alloc=476.3MiB gpu_reserved=3472.0MiB skipped_batches=0
2026-08-16 12:01:20,228 | INFO | epoch=12 batch=2925 global_step=4186 loss_reg_months=4.8578 lr=0.00015531 grad_norm=1.1045 throughput=17.06 img/s eta_seconds=53.4 gpu_alloc=367.7MiB gpu_reserved=3472.0MiB skipped_batches=0
2026-08-16 12:01:25,962 | INFO | epoch=12 batch=2950 global_step=4188 loss_reg_months=4.8573 lr=0.00015531 grad_norm=1.6644 throughput=17.06 img/s eta_seconds=47.5 gpu_alloc=476.3MiB gpu_reserved=3472.0MiB skipped_batches=0
2026-08-16 12:01:31,724 | INFO | epoch=12 batch=2975 global_step=4191 loss_reg_months=4.8524 lr=0.00015531 grad_norm=1.2745 throughput=17.06 img/s eta_seconds=41.7 gpu_alloc=476.3MiB gpu_reserved=3472.0MiB skipped_batches=0
2026-08-16 12:01:37,471 | INFO | epoch=12 batch=3000 global_step=4194 loss_reg_months=4.8511 lr=0.00015531 grad_norm=1.4638 throughput=17.07 img/s eta_seconds=35.8 gpu_alloc=476.3MiB gpu_reserved=3472.0MiB skipped_batches=0
2026-08-16 12:01:43,225 | INFO | epoch=12 batch=3025 global_step=4197 loss_reg_months=4.8500 lr=0.00015531 grad_norm=1.1975 throughput=17.07 img/s eta_seconds=29.9 gpu_alloc=476.3MiB gpu_reserved=3472.0MiB skipped_batches=0
2026-08-16 12:01:48,940 | INFO | epoch=12 batch=3050 global_step=4199 loss_reg_months=4.8510 lr=0.00015531 grad_norm=1.2881 throughput=17.07 img/s eta_seconds=24.1 gpu_alloc=476.3MiB gpu_reserved=3472.0MiB skipped_batches=0
2026-08-16 12:01:54,685 | INFO | epoch=12 batch=3075 global_step=4202 loss_reg_months=4.8444 lr=0.00015531 grad_norm=1.6136 throughput=17.08 img/s eta_seconds=18.2 gpu_alloc=476.3MiB gpu_reserved=3472.0MiB skipped_batches=0
2026-08-16 12:02:00,464 | INFO | epoch=12 batch=3100 global_step=4205 loss_reg_months=4.8460 lr=0.00015531 grad_norm=2.1287 throughput=17.08 img/s eta_seconds=12.4 gpu_alloc=476.3MiB gpu_reserved=3472.0MiB skipped_batches=0
2026-08-16 12:02:06,209 | INFO | epoch=12 batch=3125 global_step=4208 loss_reg_months=4.8437 lr=0.00015531 grad_norm=1.0689 throughput=17.08 img/s eta_seconds=6.5 gpu_alloc=476.3MiB gpu_reserved=3472.0MiB skipped_batches=0
2026-08-16 12:02:11,986 | INFO | epoch=12 batch=3150 global_step=4211 loss_reg_months=4.8394 lr=0.00015531 grad_norm=1.3765 throughput=17.08 img/s eta_seconds=0.6 gpu_alloc=367.7MiB gpu_reserved=3472.0MiB skipped_batches=0
2026-08-16 12:02:55,810 | INFO | 
TRAINING REVIEW SNAPSHOT
Run ID / config hash / split hash: P6_D0_CONVNEXT_TINY_768_SEED42 / 0e80cf6f780f / 7328667e6822+f650a20432b5
Epoch / global step: 12 / 4212
Train loss: 4.8426
Validation MAE / RMSE / median AE: 6.4001 / 8.7435 / 5.0000
MAE nam / nữ / age bins: {'F': 6.639858128834356, 'M': 6.197930142302717} / {'0-59': 8.523271276595745, '120-179': 6.214462299134734, '60-119': 6.595177664974619, '180-228': 5.4140625}
Learning rate / peak VRAM: 0.00015531 / 3472.0 MiB
Best epoch / best MAE / epochs không cải thiện: 7 / 6.2605 / 5
Cảnh báo hiện tại: KHÔNG
Checkpoint gần nhất: p1_baseline\runs\P6_D0_CONVNEXT_TINY_768_SEED42\last.ckpt
Checkpoint tốt nhất: p1_baseline\runs\P6_D0_CONVNEXT_TINY_768_SEED42\best_mae.ckpt
Đề xuất tự động: TIẾP TỤC
2026-08-16 12:03:10,062 | INFO | epoch=13 batch=25 global_step=4214 loss_reg_months=4.2383 lr=0.00014765 grad_norm=1.2571 throughput=7.56 img/s eta_seconds=1654.7 gpu_alloc=476.3MiB gpu_reserved=3472.0MiB skipped_batches=0
2026-08-16 12:03:15,789 | INFO | epoch=13 batch=50 global_step=4217 loss_reg_months=4.3240 lr=0.00014765 grad_norm=1.6468 throughput=10.55 img/s eta_seconds=1176.1 gpu_alloc=476.3MiB gpu_reserved=3472.0MiB skipped_batches=0
2026-08-16 12:03:21,515 | INFO | epoch=13 batch=75 global_step=4220 loss_reg_months=4.2040 lr=0.00014765 grad_norm=1.4240 throughput=12.16 img/s eta_seconds=1012.7 gpu_alloc=476.3MiB gpu_reserved=3472.0MiB skipped_batches=0
2026-08-16 12:03:27,246 | INFO | epoch=13 batch=100 global_step=4223 loss_reg_months=4.4310 lr=0.00014765 grad_norm=1.7203 throughput=13.15 img/s eta_seconds=928.3 gpu_alloc=476.3MiB gpu_reserved=3472.0MiB skipped_batches=0
2026-08-16 12:03:32,946 | INFO | epoch=13 batch=125 global_step=4225 loss_reg_months=4.5301 lr=0.00014765 grad_norm=1.3085 throughput=13.85 img/s eta_seconds=874.7 gpu_alloc=476.3MiB gpu_reserved=3472.0MiB skipped_batches=0
2026-08-16 12:03:38,708 | INFO | epoch=13 batch=150 global_step=4228 loss_reg_months=4.5602 lr=0.00014765 grad_norm=1.3403 throughput=14.33 img/s eta_seconds=838.2 gpu_alloc=476.3MiB gpu_reserved=3472.0MiB skipped_batches=0
2026-08-16 12:03:44,482 | INFO | epoch=13 batch=175 global_step=4231 loss_reg_months=4.5784 lr=0.00014765 grad_norm=1.1461 throughput=14.69 img/s eta_seconds=810.7 gpu_alloc=476.3MiB gpu_reserved=3472.0MiB skipped_batches=0
2026-08-16 12:03:50,220 | INFO | epoch=13 batch=200 global_step=4234 loss_reg_months=4.6121 lr=0.00014765 grad_norm=1.8559 throughput=14.99 img/s eta_seconds=788.2 gpu_alloc=476.3MiB gpu_reserved=3472.0MiB skipped_batches=0
2026-08-16 12:03:55,956 | INFO | epoch=13 batch=225 global_step=4237 loss_reg_months=4.6055 lr=0.00014765 grad_norm=1.2536 throughput=15.22 img/s eta_seconds=769.3 gpu_alloc=367.7MiB gpu_reserved=3472.0MiB skipped_batches=0
2026-08-16 12:04:01,664 | INFO | epoch=13 batch=250 global_step=4239 loss_reg_months=4.6849 lr=0.00014765 grad_norm=1.8388 throughput=15.43 img/s eta_seconds=752.7 gpu_alloc=476.3MiB gpu_reserved=3472.0MiB skipped_batches=0
2026-08-16 12:04:07,404 | INFO | epoch=13 batch=275 global_step=4242 loss_reg_months=4.6478 lr=0.00014765 grad_norm=0.9804 throughput=15.59 img/s eta_seconds=738.5 gpu_alloc=476.3MiB gpu_reserved=3472.0MiB skipped_batches=0
2026-08-16 12:04:13,137 | INFO | epoch=13 batch=300 global_step=4245 loss_reg_months=4.6385 lr=0.00014765 grad_norm=1.3870 throughput=15.73 img/s eta_seconds=725.6 gpu_alloc=476.3MiB gpu_reserved=3472.0MiB skipped_batches=0
2026-08-16 12:04:18,868 | INFO | epoch=13 batch=325 global_step=4248 loss_reg_months=4.6163 lr=0.00014765 grad_norm=0.9787 throughput=15.85 img/s eta_seconds=713.7 gpu_alloc=476.3MiB gpu_reserved=3472.0MiB skipped_batches=0
2026-08-16 12:04:24,561 | INFO | epoch=13 batch=350 global_step=4250 loss_reg_months=4.5645 lr=0.00014765 grad_norm=1.4899 throughput=15.96 img/s eta_seconds=702.5 gpu_alloc=476.3MiB gpu_reserved=3472.0MiB skipped_batches=0
2026-08-16 12:04:30,295 | INFO | epoch=13 batch=375 global_step=4253 loss_reg_months=4.4907 lr=0.00014765 grad_norm=1.0724 throughput=16.05 img/s eta_seconds=692.3 gpu_alloc=476.3MiB gpu_reserved=3472.0MiB skipped_batches=0
2026-08-16 12:04:36,021 | INFO | epoch=13 batch=400 global_step=4256 loss_reg_months=4.4890 lr=0.00014765 grad_norm=1.5431 throughput=16.13 img/s eta_seconds=682.6 gpu_alloc=476.3MiB gpu_reserved=3472.0MiB skipped_batches=0
2026-08-16 12:04:41,881 | INFO | epoch=13 batch=425 global_step=4259 loss_reg_months=4.4962 lr=0.00014765 grad_norm=0.9482 throughput=16.18 img/s eta_seconds=674.2 gpu_alloc=476.3MiB gpu_reserved=3472.0MiB skipped_batches=0
2026-08-16 12:04:47,608 | INFO | epoch=13 batch=450 global_step=4262 loss_reg_months=4.5051 lr=0.00014765 grad_norm=1.0333 throughput=16.25 img/s eta_seconds=665.3 gpu_alloc=367.7MiB gpu_reserved=3472.0MiB skipped_batches=0
2026-08-16 12:04:53,323 | INFO | epoch=13 batch=475 global_step=4264 loss_reg_months=4.4275 lr=0.00014765 grad_norm=1.4754 throughput=16.31 img/s eta_seconds=656.7 gpu_alloc=476.3MiB gpu_reserved=3472.0MiB skipped_batches=0
2026-08-16 12:04:59,073 | INFO | epoch=13 batch=500 global_step=4267 loss_reg_months=4.3804 lr=0.00014765 grad_norm=1.2648 throughput=16.36 img/s eta_seconds=648.5 gpu_alloc=476.3MiB gpu_reserved=3472.0MiB skipped_batches=0
2026-08-16 12:05:04,814 | INFO | epoch=13 batch=525 global_step=4270 loss_reg_months=4.3911 lr=0.00014765 grad_norm=1.7868 throughput=16.41 img/s eta_seconds=640.6 gpu_alloc=476.3MiB gpu_reserved=3472.0MiB skipped_batches=0
2026-08-16 12:05:10,604 | INFO | epoch=13 batch=550 global_step=4273 loss_reg_months=4.3709 lr=0.00014765 grad_norm=1.4120 throughput=16.45 img/s eta_seconds=633.0 gpu_alloc=476.3MiB gpu_reserved=3472.0MiB skipped_batches=0
2026-08-16 12:05:16,384 | INFO | epoch=13 batch=575 global_step=4275 loss_reg_months=4.3907 lr=0.00014765 grad_norm=1.0905 throughput=16.48 img/s eta_seconds=625.6 gpu_alloc=476.3MiB gpu_reserved=3472.0MiB skipped_batches=0
2026-08-16 12:05:22,480 | INFO | epoch=13 batch=600 global_step=4278 loss_reg_months=4.4326 lr=0.00014765 grad_norm=0.7961 throughput=16.48 img/s eta_seconds=619.7 gpu_alloc=476.3MiB gpu_reserved=3472.0MiB skipped_batches=0
2026-08-16 12:05:28,467 | INFO | epoch=13 batch=625 global_step=4281 loss_reg_months=4.4108 lr=0.00014765 grad_norm=1.9724 throughput=16.49 img/s eta_seconds=613.3 gpu_alloc=476.3MiB gpu_reserved=3472.0MiB skipped_batches=0
2026-08-16 12:05:34,211 | INFO | epoch=13 batch=650 global_step=4284 loss_reg_months=4.4376 lr=0.00014765 grad_norm=1.7673 throughput=16.52 img/s eta_seconds=606.0 gpu_alloc=476.3MiB gpu_reserved=3472.0MiB skipped_batches=0
2026-08-16 12:05:39,973 | INFO | epoch=13 batch=675 global_step=4287 loss_reg_months=4.4301 lr=0.00014765 grad_norm=1.2681 throughput=16.55 img/s eta_seconds=598.8 gpu_alloc=367.7MiB gpu_reserved=3472.0MiB skipped_batches=0
2026-08-16 12:05:45,733 | INFO | epoch=13 batch=700 global_step=4289 loss_reg_months=4.4280 lr=0.00014765 grad_norm=0.8645 throughput=16.58 img/s eta_seconds=591.8 gpu_alloc=476.3MiB gpu_reserved=3472.0MiB skipped_batches=0
2026-08-16 12:05:51,487 | INFO | epoch=13 batch=725 global_step=4292 loss_reg_months=4.4375 lr=0.00014765 grad_norm=1.1037 throughput=16.60 img/s eta_seconds=584.8 gpu_alloc=476.3MiB gpu_reserved=3472.0MiB skipped_batches=0
2026-08-16 12:05:57,231 | INFO | epoch=13 batch=750 global_step=4295 loss_reg_months=4.4381 lr=0.00014765 grad_norm=1.2883 throughput=16.63 img/s eta_seconds=577.9 gpu_alloc=476.3MiB gpu_reserved=3472.0MiB skipped_batches=0
2026-08-16 12:06:02,967 | INFO | epoch=13 batch=775 global_step=4298 loss_reg_months=4.4373 lr=0.00014765 grad_norm=1.2994 throughput=16.65 img/s eta_seconds=571.1 gpu_alloc=476.3MiB gpu_reserved=3472.0MiB skipped_batches=0
2026-08-16 12:06:08,739 | INFO | epoch=13 batch=800 global_step=4300 loss_reg_months=4.4362 lr=0.00014765 grad_norm=1.1560 throughput=16.68 img/s eta_seconds=564.4 gpu_alloc=476.3MiB gpu_reserved=3472.0MiB skipped_batches=0
2026-08-16 12:06:14,524 | INFO | epoch=13 batch=825 global_step=4303 loss_reg_months=4.4399 lr=0.00014765 grad_norm=1.6913 throughput=16.69 img/s eta_seconds=557.8 gpu_alloc=476.3MiB gpu_reserved=3472.0MiB skipped_batches=0
2026-08-16 12:06:20,279 | INFO | epoch=13 batch=850 global_step=4306 loss_reg_months=4.4566 lr=0.00014765 grad_norm=1.0450 throughput=16.71 img/s eta_seconds=551.2 gpu_alloc=476.3MiB gpu_reserved=3472.0MiB skipped_batches=0
2026-08-16 12:06:26,081 | INFO | epoch=13 batch=875 global_step=4309 loss_reg_months=4.4788 lr=0.00014765 grad_norm=1.6094 throughput=16.73 img/s eta_seconds=544.7 gpu_alloc=476.3MiB gpu_reserved=3472.0MiB skipped_batches=0
2026-08-16 12:06:31,881 | INFO | epoch=13 batch=900 global_step=4312 loss_reg_months=4.5111 lr=0.00014765 grad_norm=1.6896 throughput=16.74 img/s eta_seconds=538.3 gpu_alloc=367.7MiB gpu_reserved=3472.0MiB skipped_batches=0
2026-08-16 12:06:37,594 | INFO | epoch=13 batch=925 global_step=4314 loss_reg_months=4.5077 lr=0.00014765 grad_norm=0.9603 throughput=16.76 img/s eta_seconds=531.7 gpu_alloc=476.3MiB gpu_reserved=3472.0MiB skipped_batches=0
2026-08-16 12:06:43,340 | INFO | epoch=13 batch=950 global_step=4317 loss_reg_months=4.5119 lr=0.00014765 grad_norm=1.0869 throughput=16.78 img/s eta_seconds=525.2 gpu_alloc=476.3MiB gpu_reserved=3472.0MiB skipped_batches=0
2026-08-16 12:06:49,081 | INFO | epoch=13 batch=975 global_step=4320 loss_reg_months=4.5058 lr=0.00014765 grad_norm=1.3677 throughput=16.79 img/s eta_seconds=518.7 gpu_alloc=476.3MiB gpu_reserved=3472.0MiB skipped_batches=0
2026-08-16 12:06:54,837 | INFO | epoch=13 batch=1000 global_step=4323 loss_reg_months=4.5256 lr=0.00014765 grad_norm=1.3026 throughput=16.81 img/s eta_seconds=512.4 gpu_alloc=476.3MiB gpu_reserved=3472.0MiB skipped_batches=0
2026-08-16 12:07:00,567 | INFO | epoch=13 batch=1025 global_step=4325 loss_reg_months=4.5385 lr=0.00014765 grad_norm=1.5142 throughput=16.82 img/s eta_seconds=505.9 gpu_alloc=476.3MiB gpu_reserved=3472.0MiB skipped_batches=0
2026-08-16 12:07:06,310 | INFO | epoch=13 batch=1050 global_step=4328 loss_reg_months=4.5305 lr=0.00014765 grad_norm=1.4420 throughput=16.84 img/s eta_seconds=499.6 gpu_alloc=476.3MiB gpu_reserved=3472.0MiB skipped_batches=0
2026-08-16 12:07:12,063 | INFO | epoch=13 batch=1075 global_step=4331 loss_reg_months=4.5250 lr=0.00014765 grad_norm=1.5245 throughput=16.85 img/s eta_seconds=493.3 gpu_alloc=476.3MiB gpu_reserved=3472.0MiB skipped_batches=0
2026-08-16 12:07:17,812 | INFO | epoch=13 batch=1100 global_step=4334 loss_reg_months=4.5233 lr=0.00014765 grad_norm=1.4350 throughput=16.86 img/s eta_seconds=487.0 gpu_alloc=476.3MiB gpu_reserved=3472.0MiB skipped_batches=0
2026-08-16 12:07:23,562 | INFO | epoch=13 batch=1125 global_step=4337 loss_reg_months=4.5279 lr=0.00014765 grad_norm=1.0774 throughput=16.87 img/s eta_seconds=480.8 gpu_alloc=367.7MiB gpu_reserved=3472.0MiB skipped_batches=0
2026-08-16 12:07:29,284 | INFO | epoch=13 batch=1150 global_step=4339 loss_reg_months=4.5239 lr=0.00014765 grad_norm=1.5413 throughput=16.88 img/s eta_seconds=474.5 gpu_alloc=476.3MiB gpu_reserved=3472.0MiB skipped_batches=0
2026-08-16 12:07:35,033 | INFO | epoch=13 batch=1175 global_step=4342 loss_reg_months=4.5255 lr=0.00014765 grad_norm=1.1365 throughput=16.89 img/s eta_seconds=468.3 gpu_alloc=476.3MiB gpu_reserved=3472.0MiB skipped_batches=0
2026-08-16 12:07:40,772 | INFO | epoch=13 batch=1200 global_step=4345 loss_reg_months=4.5437 lr=0.00014765 grad_norm=1.4539 throughput=16.91 img/s eta_seconds=462.0 gpu_alloc=476.3MiB gpu_reserved=3472.0MiB skipped_batches=0
2026-08-16 12:07:47,220 | INFO | epoch=13 batch=1225 global_step=4348 loss_reg_months=4.5386 lr=0.00014765 grad_norm=1.1441 throughput=16.87 img/s eta_seconds=457.0 gpu_alloc=476.3MiB gpu_reserved=3472.0MiB skipped_batches=0
2026-08-16 12:07:58,924 | INFO | epoch=13 batch=1250 global_step=4350 loss_reg_months=4.5423 lr=0.00014765 grad_norm=2.3548 throughput=16.55 img/s eta_seconds=459.8 gpu_alloc=476.3MiB gpu_reserved=3472.0MiB skipped_batches=0
2026-08-16 12:08:07,721 | INFO | epoch=13 batch=1275 global_step=4353 loss_reg_months=4.5410 lr=0.00014765 grad_norm=1.0262 throughput=16.40 img/s eta_seconds=457.9 gpu_alloc=476.3MiB gpu_reserved=3472.0MiB skipped_batches=0
2026-08-16 12:08:15,254 | INFO | epoch=13 batch=1300 global_step=4356 loss_reg_months=4.5600 lr=0.00014765 grad_norm=1.3254 throughput=16.33 img/s eta_seconds=453.8 gpu_alloc=476.3MiB gpu_reserved=3472.0MiB skipped_batches=0
2026-08-16 12:08:22,838 | INFO | epoch=13 batch=1325 global_step=4359 loss_reg_months=4.5766 lr=0.00014765 grad_norm=1.6062 throughput=16.26 img/s eta_seconds=449.7 gpu_alloc=476.3MiB gpu_reserved=3472.0MiB skipped_batches=0
2026-08-16 12:08:30,776 | INFO | epoch=13 batch=1350 global_step=4362 loss_reg_months=4.5895 lr=0.00014765 grad_norm=1.3578 throughput=16.17 img/s eta_seconds=445.9 gpu_alloc=367.7MiB gpu_reserved=3472.0MiB skipped_batches=0
2026-08-16 12:08:38,275 | INFO | epoch=13 batch=1375 global_step=4364 loss_reg_months=4.6164 lr=0.00014765 grad_norm=1.8778 throughput=16.11 img/s eta_seconds=441.4 gpu_alloc=476.3MiB gpu_reserved=3472.0MiB skipped_batches=0
2026-08-16 12:08:45,825 | INFO | epoch=13 batch=1400 global_step=4367 loss_reg_months=4.6197 lr=0.00014765 grad_norm=1.3788 throughput=16.05 img/s eta_seconds=436.9 gpu_alloc=476.3MiB gpu_reserved=3472.0MiB skipped_batches=0
2026-08-16 12:08:53,457 | INFO | epoch=13 batch=1425 global_step=4370 loss_reg_months=4.6342 lr=0.00014765 grad_norm=1.9832 throughput=15.98 img/s eta_seconds=432.4 gpu_alloc=476.3MiB gpu_reserved=3472.0MiB skipped_batches=0
2026-08-16 12:09:01,300 | INFO | epoch=13 batch=1450 global_step=4373 loss_reg_months=4.6266 lr=0.00014765 grad_norm=1.4567 throughput=15.91 img/s eta_seconds=428.0 gpu_alloc=476.3MiB gpu_reserved=3472.0MiB skipped_batches=0
2026-08-16 12:09:09,022 | INFO | epoch=13 batch=1475 global_step=4375 loss_reg_months=4.6294 lr=0.00014765 grad_norm=2.0188 throughput=15.85 img/s eta_seconds=423.3 gpu_alloc=476.3MiB gpu_reserved=3472.0MiB skipped_batches=0
2026-08-16 12:09:16,880 | INFO | epoch=13 batch=1500 global_step=4378 loss_reg_months=4.6224 lr=0.00014765 grad_norm=1.8298 throughput=15.79 img/s eta_seconds=418.7 gpu_alloc=476.3MiB gpu_reserved=3472.0MiB skipped_batches=0
2026-08-16 12:09:24,342 | INFO | epoch=13 batch=1525 global_step=4381 loss_reg_months=4.6237 lr=0.00014765 grad_norm=1.0582 throughput=15.74 img/s eta_seconds=413.6 gpu_alloc=476.3MiB gpu_reserved=3472.0MiB skipped_batches=0
2026-08-16 12:09:31,765 | INFO | epoch=13 batch=1550 global_step=4384 loss_reg_months=4.6453 lr=0.00014765 grad_norm=1.6383 throughput=15.70 img/s eta_seconds=408.4 gpu_alloc=476.3MiB gpu_reserved=3472.0MiB skipped_batches=0
2026-08-16 12:09:39,923 | INFO | epoch=13 batch=1575 global_step=4387 loss_reg_months=4.6591 lr=0.00014765 grad_norm=1.1581 throughput=15.63 img/s eta_seconds=403.8 gpu_alloc=367.7MiB gpu_reserved=3472.0MiB skipped_batches=0
2026-08-16 12:09:47,268 | INFO | epoch=13 batch=1600 global_step=4389 loss_reg_months=4.6645 lr=0.00014765 grad_norm=1.3960 throughput=15.59 img/s eta_seconds=398.3 gpu_alloc=476.3MiB gpu_reserved=3472.0MiB skipped_batches=0
2026-08-16 12:09:55,297 | INFO | epoch=13 batch=1625 global_step=4392 loss_reg_months=4.6805 lr=0.00014765 grad_norm=1.6007 throughput=15.53 img/s eta_seconds=393.4 gpu_alloc=476.3MiB gpu_reserved=3472.0MiB skipped_batches=0
2026-08-16 12:10:03,636 | INFO | epoch=13 batch=1650 global_step=4395 loss_reg_months=4.6664 lr=0.00014765 grad_norm=0.9194 throughput=15.46 img/s eta_seconds=388.7 gpu_alloc=476.3MiB gpu_reserved=3472.0MiB skipped_batches=0
2026-08-16 12:10:12,923 | INFO | epoch=13 batch=1675 global_step=4398 loss_reg_months=4.6669 lr=0.00014765 grad_norm=1.3047 throughput=15.36 img/s eta_seconds=384.7 gpu_alloc=476.3MiB gpu_reserved=3472.0MiB skipped_batches=0
2026-08-16 12:10:21,831 | INFO | epoch=13 batch=1700 global_step=4400 loss_reg_months=4.6641 lr=0.00014765 grad_norm=1.1142 throughput=15.28 img/s eta_seconds=380.3 gpu_alloc=476.3MiB gpu_reserved=3472.0MiB skipped_batches=0
2026-08-16 12:10:30,459 | INFO | epoch=13 batch=1725 global_step=4403 loss_reg_months=4.6617 lr=0.00014765 grad_norm=1.6831 throughput=15.21 img/s eta_seconds=375.5 gpu_alloc=476.3MiB gpu_reserved=3472.0MiB skipped_batches=0
2026-08-16 12:10:44,067 | INFO | epoch=13 batch=1750 global_step=4406 loss_reg_months=4.6581 lr=0.00014765 grad_norm=1.4641 throughput=14.98 img/s eta_seconds=374.5 gpu_alloc=476.3MiB gpu_reserved=3472.0MiB skipped_batches=0
2026-08-16 12:10:54,715 | INFO | epoch=13 batch=1775 global_step=4409 loss_reg_months=4.6595 lr=0.00014765 grad_norm=1.8523 throughput=14.86 img/s eta_seconds=370.9 gpu_alloc=476.3MiB gpu_reserved=3472.0MiB skipped_batches=0
2026-08-16 12:11:02,737 | INFO | epoch=13 batch=1800 global_step=4412 loss_reg_months=4.6671 lr=0.00014765 grad_norm=2.1452 throughput=14.82 img/s eta_seconds=365.2 gpu_alloc=367.7MiB gpu_reserved=3472.0MiB skipped_batches=0
2026-08-16 12:11:10,283 | INFO | epoch=13 batch=1825 global_step=4414 loss_reg_months=4.6828 lr=0.00014765 grad_norm=0.8672 throughput=14.79 img/s eta_seconds=359.0 gpu_alloc=476.3MiB gpu_reserved=3472.0MiB skipped_batches=0
2026-08-16 12:11:19,351 | INFO | epoch=13 batch=1850 global_step=4417 loss_reg_months=4.6785 lr=0.00014765 grad_norm=1.6351 throughput=14.73 img/s eta_seconds=353.9 gpu_alloc=476.3MiB gpu_reserved=3472.0MiB skipped_batches=0
2026-08-16 12:11:26,777 | INFO | epoch=13 batch=1875 global_step=4420 loss_reg_months=4.6795 lr=0.00014765 grad_norm=1.3552 throughput=14.71 img/s eta_seconds=347.5 gpu_alloc=476.3MiB gpu_reserved=3472.0MiB skipped_batches=0
2026-08-16 12:11:34,289 | INFO | epoch=13 batch=1900 global_step=4423 loss_reg_months=4.6759 lr=0.00014765 grad_norm=1.8670 throughput=14.69 img/s eta_seconds=341.2 gpu_alloc=476.3MiB gpu_reserved=3472.0MiB skipped_batches=0
2026-08-16 12:11:42,168 | INFO | epoch=13 batch=1925 global_step=4425 loss_reg_months=4.6781 lr=0.00014765 grad_norm=0.9226 throughput=14.66 img/s eta_seconds=335.1 gpu_alloc=476.3MiB gpu_reserved=3472.0MiB skipped_batches=0
2026-08-16 12:11:50,101 | INFO | epoch=13 batch=1950 global_step=4428 loss_reg_months=4.6789 lr=0.00014765 grad_norm=1.1859 throughput=14.63 img/s eta_seconds=328.9 gpu_alloc=476.3MiB gpu_reserved=3472.0MiB skipped_batches=0
2026-08-16 12:11:57,958 | INFO | epoch=13 batch=1975 global_step=4431 loss_reg_months=4.6631 lr=0.00014765 grad_norm=1.3332 throughput=14.60 img/s eta_seconds=322.7 gpu_alloc=476.3MiB gpu_reserved=3472.0MiB skipped_batches=0
2026-08-16 12:12:05,801 | INFO | epoch=13 batch=2000 global_step=4434 loss_reg_months=4.6583 lr=0.00014765 grad_norm=1.0347 throughput=14.57 img/s eta_seconds=316.4 gpu_alloc=476.3MiB gpu_reserved=3472.0MiB skipped_batches=0
2026-08-16 12:12:13,491 | INFO | epoch=13 batch=2025 global_step=4437 loss_reg_months=4.6488 lr=0.00014765 grad_norm=1.2375 throughput=14.55 img/s eta_seconds=310.0 gpu_alloc=367.7MiB gpu_reserved=3472.0MiB skipped_batches=0
2026-08-16 12:12:21,420 | INFO | epoch=13 batch=2050 global_step=4439 loss_reg_months=4.6489 lr=0.00014765 grad_norm=0.9185 throughput=14.52 img/s eta_seconds=303.7 gpu_alloc=476.3MiB gpu_reserved=3472.0MiB skipped_batches=0
2026-08-16 12:12:29,541 | INFO | epoch=13 batch=2075 global_step=4442 loss_reg_months=4.6497 lr=0.00014765 grad_norm=1.5965 throughput=14.49 img/s eta_seconds=297.5 gpu_alloc=476.3MiB gpu_reserved=3472.0MiB skipped_batches=0
2026-08-16 12:12:37,083 | INFO | epoch=13 batch=2100 global_step=4445 loss_reg_months=4.6514 lr=0.00014765 grad_norm=1.3709 throughput=14.48 img/s eta_seconds=290.9 gpu_alloc=476.3MiB gpu_reserved=3472.0MiB skipped_batches=0
2026-08-16 12:12:45,107 | INFO | epoch=13 batch=2125 global_step=4448 loss_reg_months=4.6463 lr=0.00014765 grad_norm=1.2212 throughput=14.45 img/s eta_seconds=284.5 gpu_alloc=476.3MiB gpu_reserved=3472.0MiB skipped_batches=0
2026-08-16 12:12:52,735 | INFO | epoch=13 batch=2150 global_step=4450 loss_reg_months=4.6411 lr=0.00014765 grad_norm=0.8579 throughput=14.43 img/s eta_seconds=277.9 gpu_alloc=476.3MiB gpu_reserved=3472.0MiB skipped_batches=0
2026-08-16 12:13:01,310 | INFO | epoch=13 batch=2175 global_step=4453 loss_reg_months=4.6360 lr=0.00014765 grad_norm=1.7200 throughput=14.39 img/s eta_seconds=271.7 gpu_alloc=476.3MiB gpu_reserved=3472.0MiB skipped_batches=0
2026-08-16 12:13:08,902 | INFO | epoch=13 batch=2200 global_step=4456 loss_reg_months=4.6336 lr=0.00014765 grad_norm=1.0457 throughput=14.38 img/s eta_seconds=265.1 gpu_alloc=476.3MiB gpu_reserved=3472.0MiB skipped_batches=0
2026-08-16 12:13:16,402 | INFO | epoch=13 batch=2225 global_step=4459 loss_reg_months=4.6202 lr=0.00014765 grad_norm=1.1906 throughput=14.36 img/s eta_seconds=258.3 gpu_alloc=476.3MiB gpu_reserved=3472.0MiB skipped_batches=0
2026-08-16 12:13:23,855 | INFO | epoch=13 batch=2250 global_step=4462 loss_reg_months=4.6254 lr=0.00014765 grad_norm=1.2071 throughput=14.35 img/s eta_seconds=251.6 gpu_alloc=367.7MiB gpu_reserved=3472.0MiB skipped_batches=0
2026-08-16 12:13:32,031 | INFO | epoch=13 batch=2275 global_step=4464 loss_reg_months=4.6218 lr=0.00014765 grad_norm=1.4661 throughput=14.33 img/s eta_seconds=245.1 gpu_alloc=476.3MiB gpu_reserved=3472.0MiB skipped_batches=0
2026-08-16 12:13:39,709 | INFO | epoch=13 batch=2300 global_step=4467 loss_reg_months=4.6374 lr=0.00014765 grad_norm=1.9043 throughput=14.31 img/s eta_seconds=238.4 gpu_alloc=476.3MiB gpu_reserved=3472.0MiB skipped_batches=0
2026-08-16 12:13:47,559 | INFO | epoch=13 batch=2325 global_step=4470 loss_reg_months=4.6409 lr=0.00014765 grad_norm=1.6770 throughput=14.29 img/s eta_seconds=231.7 gpu_alloc=476.3MiB gpu_reserved=3472.0MiB skipped_batches=0
2026-08-16 12:13:55,020 | INFO | epoch=13 batch=2350 global_step=4473 loss_reg_months=4.6447 lr=0.00014765 grad_norm=1.1106 throughput=14.28 img/s eta_seconds=224.8 gpu_alloc=476.3MiB gpu_reserved=3472.0MiB skipped_batches=0
2026-08-16 12:14:03,812 | INFO | epoch=13 batch=2375 global_step=4475 loss_reg_months=4.6474 lr=0.00014765 grad_norm=1.1388 throughput=14.24 img/s eta_seconds=218.4 gpu_alloc=476.3MiB gpu_reserved=3472.0MiB skipped_batches=0
2026-08-16 12:14:12,265 | INFO | epoch=13 batch=2400 global_step=4478 loss_reg_months=4.6502 lr=0.00014765 grad_norm=1.4749 throughput=14.21 img/s eta_seconds=211.8 gpu_alloc=476.3MiB gpu_reserved=3472.0MiB skipped_batches=0
2026-08-16 12:14:19,769 | INFO | epoch=13 batch=2425 global_step=4481 loss_reg_months=4.6525 lr=0.00014765 grad_norm=1.0319 throughput=14.20 img/s eta_seconds=205.0 gpu_alloc=476.3MiB gpu_reserved=3472.0MiB skipped_batches=0
2026-08-16 12:14:27,587 | INFO | epoch=13 batch=2450 global_step=4484 loss_reg_months=4.6557 lr=0.00014765 grad_norm=1.0959 throughput=14.19 img/s eta_seconds=198.1 gpu_alloc=476.3MiB gpu_reserved=3472.0MiB skipped_batches=0
2026-08-16 12:14:35,737 | INFO | epoch=13 batch=2475 global_step=4487 loss_reg_months=4.6572 lr=0.00014765 grad_norm=1.0436 throughput=14.17 img/s eta_seconds=191.4 gpu_alloc=367.7MiB gpu_reserved=3472.0MiB skipped_batches=0
2026-08-16 12:14:43,370 | INFO | epoch=13 batch=2500 global_step=4489 loss_reg_months=4.6526 lr=0.00014765 grad_norm=1.3684 throughput=14.15 img/s eta_seconds=184.5 gpu_alloc=476.3MiB gpu_reserved=3472.0MiB skipped_batches=0
2026-08-16 12:14:51,557 | INFO | epoch=13 batch=2525 global_step=4492 loss_reg_months=4.6499 lr=0.00014765 grad_norm=1.6028 throughput=14.13 img/s eta_seconds=177.7 gpu_alloc=476.3MiB gpu_reserved=3472.0MiB skipped_batches=0
2026-08-16 12:14:59,391 | INFO | epoch=13 batch=2550 global_step=4495 loss_reg_months=4.6427 lr=0.00014765 grad_norm=0.9937 throughput=14.12 img/s eta_seconds=170.8 gpu_alloc=476.3MiB gpu_reserved=3472.0MiB skipped_batches=0
2026-08-16 12:15:07,160 | INFO | epoch=13 batch=2575 global_step=4498 loss_reg_months=4.6484 lr=0.00014765 grad_norm=1.9323 throughput=14.10 img/s eta_seconds=163.9 gpu_alloc=476.3MiB gpu_reserved=3472.0MiB skipped_batches=0
2026-08-16 12:15:16,331 | INFO | epoch=13 batch=2600 global_step=4500 loss_reg_months=4.6486 lr=0.00014765 grad_norm=1.5781 throughput=14.06 img/s eta_seconds=157.2 gpu_alloc=476.3MiB gpu_reserved=3472.0MiB skipped_batches=0
2026-08-16 12:15:23,891 | INFO | epoch=13 batch=2625 global_step=4503 loss_reg_months=4.6547 lr=0.00014765 grad_norm=1.9987 throughput=14.06 img/s eta_seconds=150.2 gpu_alloc=476.3MiB gpu_reserved=3472.0MiB skipped_batches=0
2026-08-16 12:15:31,806 | INFO | epoch=13 batch=2650 global_step=4506 loss_reg_months=4.6571 lr=0.00014765 grad_norm=2.3257 throughput=14.04 img/s eta_seconds=143.2 gpu_alloc=476.3MiB gpu_reserved=3472.0MiB skipped_batches=0
2026-08-16 12:15:39,992 | INFO | epoch=13 batch=2675 global_step=4509 loss_reg_months=4.6601 lr=0.00014765 grad_norm=1.3544 throughput=14.02 img/s eta_seconds=136.3 gpu_alloc=476.3MiB gpu_reserved=3472.0MiB skipped_batches=0
2026-08-16 12:15:47,793 | INFO | epoch=13 batch=2700 global_step=4512 loss_reg_months=4.6621 lr=0.00014765 grad_norm=1.7131 throughput=14.01 img/s eta_seconds=129.3 gpu_alloc=367.7MiB gpu_reserved=3472.0MiB skipped_batches=0
2026-08-16 12:15:55,384 | INFO | epoch=13 batch=2725 global_step=4514 loss_reg_months=4.6625 lr=0.00014765 grad_norm=1.1016 throughput=14.00 img/s eta_seconds=122.2 gpu_alloc=476.3MiB gpu_reserved=3472.0MiB skipped_batches=0
2026-08-16 12:16:03,432 | INFO | epoch=13 batch=2750 global_step=4517 loss_reg_months=4.6592 lr=0.00014765 grad_norm=1.3367 throughput=13.98 img/s eta_seconds=115.2 gpu_alloc=476.3MiB gpu_reserved=3472.0MiB skipped_batches=0
2026-08-16 12:16:10,995 | INFO | epoch=13 batch=2775 global_step=4520 loss_reg_months=4.6611 lr=0.00014765 grad_norm=1.1655 throughput=13.98 img/s eta_seconds=108.1 gpu_alloc=476.3MiB gpu_reserved=3472.0MiB skipped_batches=0
2026-08-16 12:16:19,584 | INFO | epoch=13 batch=2800 global_step=4523 loss_reg_months=4.6599 lr=0.00014765 grad_norm=1.3145 throughput=13.95 img/s eta_seconds=101.1 gpu_alloc=476.3MiB gpu_reserved=3472.0MiB skipped_batches=0
2026-08-16 12:16:28,178 | INFO | epoch=13 batch=2825 global_step=4525 loss_reg_months=4.6608 lr=0.00014765 grad_norm=1.6456 throughput=13.93 img/s eta_seconds=94.1 gpu_alloc=476.3MiB gpu_reserved=3472.0MiB skipped_batches=0
2026-08-16 12:16:36,582 | INFO | epoch=13 batch=2850 global_step=4528 loss_reg_months=4.6623 lr=0.00014765 grad_norm=2.0061 throughput=13.91 img/s eta_seconds=87.1 gpu_alloc=476.3MiB gpu_reserved=3472.0MiB skipped_batches=0
2026-08-16 12:16:45,630 | INFO | epoch=13 batch=2875 global_step=4531 loss_reg_months=4.6550 lr=0.00014765 grad_norm=1.2177 throughput=13.88 img/s eta_seconds=80.1 gpu_alloc=476.3MiB gpu_reserved=3472.0MiB skipped_batches=0
2026-08-16 12:16:53,917 | INFO | epoch=13 batch=2900 global_step=4534 loss_reg_months=4.6525 lr=0.00014765 grad_norm=1.1597 throughput=13.86 img/s eta_seconds=73.0 gpu_alloc=476.3MiB gpu_reserved=3472.0MiB skipped_batches=0
2026-08-16 12:17:02,521 | INFO | epoch=13 batch=2925 global_step=4537 loss_reg_months=4.6557 lr=0.00014765 grad_norm=1.6095 throughput=13.83 img/s eta_seconds=65.8 gpu_alloc=367.7MiB gpu_reserved=3472.0MiB skipped_batches=0
2026-08-16 12:17:10,873 | INFO | epoch=13 batch=2950 global_step=4539 loss_reg_months=4.6540 lr=0.00014765 grad_norm=1.0085 throughput=13.82 img/s eta_seconds=58.7 gpu_alloc=476.3MiB gpu_reserved=3472.0MiB skipped_batches=0
2026-08-16 12:17:20,067 | INFO | epoch=13 batch=2975 global_step=4542 loss_reg_months=4.6507 lr=0.00014765 grad_norm=1.0507 throughput=13.79 img/s eta_seconds=51.6 gpu_alloc=476.3MiB gpu_reserved=3472.0MiB skipped_batches=0
2026-08-16 12:17:28,361 | INFO | epoch=13 batch=3000 global_step=4545 loss_reg_months=4.6432 lr=0.00014765 grad_norm=1.2230 throughput=13.77 img/s eta_seconds=44.4 gpu_alloc=476.3MiB gpu_reserved=3472.0MiB skipped_batches=0
2026-08-16 12:17:36,493 | INFO | epoch=13 batch=3025 global_step=4548 loss_reg_months=4.6412 lr=0.00014765 grad_norm=1.2184 throughput=13.76 img/s eta_seconds=37.1 gpu_alloc=476.3MiB gpu_reserved=3472.0MiB skipped_batches=0
2026-08-16 12:17:44,490 | INFO | epoch=13 batch=3050 global_step=4550 loss_reg_months=4.6387 lr=0.00014765 grad_norm=1.0523 throughput=13.74 img/s eta_seconds=29.9 gpu_alloc=476.3MiB gpu_reserved=3472.0MiB skipped_batches=0
2026-08-16 12:17:53,721 | INFO | epoch=13 batch=3075 global_step=4553 loss_reg_months=4.6374 lr=0.00014765 grad_norm=1.0254 throughput=13.71 img/s eta_seconds=22.7 gpu_alloc=476.3MiB gpu_reserved=3472.0MiB skipped_batches=0
2026-08-16 12:18:01,191 | INFO | epoch=13 batch=3100 global_step=4556 loss_reg_months=4.6380 lr=0.00014765 grad_norm=1.4868 throughput=13.71 img/s eta_seconds=15.4 gpu_alloc=476.3MiB gpu_reserved=3472.0MiB skipped_batches=0
2026-08-16 12:18:10,530 | INFO | epoch=13 batch=3125 global_step=4559 loss_reg_months=4.6376 lr=0.00014765 grad_norm=1.2902 throughput=13.68 img/s eta_seconds=8.1 gpu_alloc=476.3MiB gpu_reserved=3472.0MiB skipped_batches=0
2026-08-16 12:18:19,244 | INFO | epoch=13 batch=3150 global_step=4562 loss_reg_months=4.6399 lr=0.00014765 grad_norm=1.6297 throughput=13.66 img/s eta_seconds=0.8 gpu_alloc=367.7MiB gpu_reserved=3472.0MiB skipped_batches=0
2026-08-16 12:20:08,872 | WARNING | STABILITY WARNING [CAM] Prediction vượt nhẹ miền tuổi 0–228: [4.31, 230.00]
2026-08-16 12:20:08,880 | WARNING | STABILITY WARNING [CAM] Validation MAE xấu đi trong khi train loss giảm
2026-08-16 12:20:08,881 | INFO | 
TRAINING REVIEW SNAPSHOT
Run ID / config hash / split hash: P6_D0_CONVNEXT_TINY_768_SEED42 / 0e80cf6f780f / 7328667e6822+f650a20432b5
Epoch / global step: 13 / 4563
Train loss: 4.6439
Validation MAE / RMSE / median AE: 6.5685 / 8.8570 / 5.0000
MAE nam / nữ / age bins: {'F': 6.967791411042945, 'M': 6.231646183699871} / {'0-59': 6.636303191489362, '120-179': 6.399876390605686, '60-119': 7.504441624365482, '180-228': 4.703125}
Learning rate / peak VRAM: 0.00014765 / 3472.0 MiB
Best epoch / best MAE / epochs không cải thiện: 7 / 6.2605 / 6
Cảnh báo hiện tại: CAM: Prediction vượt nhẹ miền tuổi 0–228: [4.31, 230.00] | CAM: Validation MAE xấu đi trong khi train loss giảm
Checkpoint gần nhất: p1_baseline\runs\P6_D0_CONVNEXT_TINY_768_SEED42\last.ckpt
Checkpoint tốt nhất: p1_baseline\runs\P6_D0_CONVNEXT_TINY_768_SEED42\best_mae.ckpt
Đề xuất tự động: THEO DÕI
2026-08-16 12:20:30,794 | INFO | epoch=14 batch=25 global_step=4565 loss_reg_months=4.7971 lr=0.00013961 grad_norm=1.4474 throughput=4.95 img/s eta_seconds=2526.0 gpu_alloc=476.3MiB gpu_reserved=3472.0MiB skipped_batches=0
2026-08-16 12:20:39,219 | INFO | epoch=14 batch=50 global_step=4568 loss_reg_months=4.6910 lr=0.00013961 grad_norm=1.4746 throughput=6.99 img/s eta_seconds=1775.8 gpu_alloc=476.3MiB gpu_reserved=3472.0MiB skipped_batches=0
2026-08-16 12:20:47,334 | INFO | epoch=14 batch=75 global_step=4571 loss_reg_months=4.8233 lr=0.00013961 grad_norm=1.3303 throughput=8.17 img/s eta_seconds=1507.3 gpu_alloc=476.3MiB gpu_reserved=3472.0MiB skipped_batches=0
2026-08-16 12:20:54,978 | INFO | epoch=14 batch=100 global_step=4574 loss_reg_months=4.9174 lr=0.00013961 grad_norm=0.9795 throughput=9.01 img/s eta_seconds=1354.7 gpu_alloc=476.3MiB gpu_reserved=3472.0MiB skipped_batches=0
2026-08-16 12:21:02,518 | INFO | epoch=14 batch=125 global_step=4576 loss_reg_months=4.7964 lr=0.00013961 grad_norm=1.4564 throughput=9.63 img/s eta_seconds=1257.5 gpu_alloc=476.3MiB gpu_reserved=3472.0MiB skipped_batches=0
2026-08-16 12:21:10,470 | INFO | epoch=14 batch=150 global_step=4579 loss_reg_months=4.6888 lr=0.00013961 grad_norm=1.2580 throughput=10.02 img/s eta_seconds=1198.4 gpu_alloc=476.3MiB gpu_reserved=3472.0MiB skipped_batches=0
2026-08-16 12:21:18,217 | INFO | epoch=14 batch=175 global_step=4582 loss_reg_months=4.7915 lr=0.00013961 grad_norm=1.6242 throughput=10.35 img/s eta_seconds=1150.5 gpu_alloc=476.3MiB gpu_reserved=3472.0MiB skipped_batches=0
2026-08-16 12:21:25,839 | INFO | epoch=14 batch=200 global_step=4585 loss_reg_months=4.7217 lr=0.00013961 grad_norm=1.5410 throughput=10.63 img/s eta_seconds=1110.8 gpu_alloc=476.3MiB gpu_reserved=3472.0MiB skipped_batches=0
2026-08-16 12:21:33,745 | INFO | epoch=14 batch=225 global_step=4588 loss_reg_months=4.6721 lr=0.00013961 grad_norm=1.3792 throughput=10.82 img/s eta_seconds=1081.9 gpu_alloc=367.7MiB gpu_reserved=3472.0MiB skipped_batches=0
2026-08-16 12:21:41,165 | INFO | epoch=14 batch=250 global_step=4590 loss_reg_months=4.6120 lr=0.00013961 grad_norm=1.0502 throughput=11.04 img/s eta_seconds=1051.5 gpu_alloc=476.3MiB gpu_reserved=3472.0MiB skipped_batches=0
2026-08-16 12:21:49,244 | INFO | epoch=14 batch=275 global_step=4593 loss_reg_months=4.5794 lr=0.00013961 grad_norm=1.2106 throughput=11.15 img/s eta_seconds=1032.2 gpu_alloc=476.3MiB gpu_reserved=3472.0MiB skipped_batches=0
2026-08-16 12:21:57,211 | INFO | epoch=14 batch=300 global_step=4596 loss_reg_months=4.6666 lr=0.00013961 grad_norm=0.7991 throughput=11.26 img/s eta_seconds=1013.7 gpu_alloc=476.3MiB gpu_reserved=3472.0MiB skipped_batches=0
2026-08-16 12:22:05,359 | INFO | epoch=14 batch=325 global_step=4599 loss_reg_months=4.6162 lr=0.00013961 grad_norm=1.6992 throughput=11.33 img/s eta_seconds=998.5 gpu_alloc=476.3MiB gpu_reserved=3472.0MiB skipped_batches=0
2026-08-16 12:22:13,990 | INFO | epoch=14 batch=350 global_step=4601 loss_reg_months=4.6137 lr=0.00013961 grad_norm=1.3037 throughput=11.35 img/s eta_seconds=988.1 gpu_alloc=476.3MiB gpu_reserved=3472.0MiB skipped_batches=0
2026-08-16 12:22:21,466 | INFO | epoch=14 batch=375 global_step=4604 loss_reg_months=4.6078 lr=0.00013961 grad_norm=1.1782 throughput=11.46 img/s eta_seconds=969.3 gpu_alloc=476.3MiB gpu_reserved=3472.0MiB skipped_batches=0
2026-08-16 12:22:29,093 | INFO | epoch=14 batch=400 global_step=4607 loss_reg_months=4.6324 lr=0.00013961 grad_norm=1.3595 throughput=11.55 img/s eta_seconds=953.1 gpu_alloc=476.3MiB gpu_reserved=3472.0MiB skipped_batches=0
2026-08-16 12:22:36,451 | INFO | epoch=14 batch=425 global_step=4610 loss_reg_months=4.6243 lr=0.00013961 grad_norm=0.9275 throughput=11.66 img/s eta_seconds=936.1 gpu_alloc=476.3MiB gpu_reserved=3472.0MiB skipped_batches=0
2026-08-16 12:22:44,776 | INFO | epoch=14 batch=450 global_step=4613 loss_reg_months=4.5977 lr=0.00013961 grad_norm=1.4102 throughput=11.68 img/s eta_seconds=926.0 gpu_alloc=367.7MiB gpu_reserved=3472.0MiB skipped_batches=0
2026-08-16 12:22:53,562 | INFO | epoch=14 batch=475 global_step=4615 loss_reg_months=4.5549 lr=0.00013961 grad_norm=1.5218 throughput=11.66 img/s eta_seconds=918.7 gpu_alloc=476.3MiB gpu_reserved=3472.0MiB skipped_batches=0
2026-08-16 12:23:02,220 | INFO | epoch=14 batch=500 global_step=4618 loss_reg_months=4.5654 lr=0.00013961 grad_norm=1.0465 throughput=11.65 img/s eta_seconds=910.5 gpu_alloc=476.3MiB gpu_reserved=3472.0MiB skipped_batches=0
2026-08-16 12:23:10,538 | INFO | epoch=14 batch=525 global_step=4621 loss_reg_months=4.5538 lr=0.00013961 grad_norm=1.2885 throughput=11.67 img/s eta_seconds=900.6 gpu_alloc=476.3MiB gpu_reserved=3472.0MiB skipped_batches=0
2026-08-16 12:23:18,391 | INFO | epoch=14 batch=550 global_step=4624 loss_reg_months=4.6046 lr=0.00013961 grad_norm=0.9932 throughput=11.72 img/s eta_seconds=888.7 gpu_alloc=476.3MiB gpu_reserved=3472.0MiB skipped_batches=0
2026-08-16 12:23:27,127 | INFO | epoch=14 batch=575 global_step=4626 loss_reg_months=4.5790 lr=0.00013961 grad_norm=1.2236 throughput=11.70 img/s eta_seconds=881.0 gpu_alloc=476.3MiB gpu_reserved=3472.0MiB skipped_batches=0
2026-08-16 12:23:34,983 | INFO | epoch=14 batch=600 global_step=4629 loss_reg_months=4.5672 lr=0.00013961 grad_norm=1.4367 throughput=11.74 img/s eta_seconds=869.6 gpu_alloc=476.3MiB gpu_reserved=3472.0MiB skipped_batches=0
2026-08-16 12:23:45,181 | INFO | epoch=14 batch=625 global_step=4632 loss_reg_months=4.5713 lr=0.00013961 grad_norm=1.3285 throughput=11.65 img/s eta_seconds=867.8 gpu_alloc=476.3MiB gpu_reserved=3472.0MiB skipped_batches=0
2026-08-16 12:23:57,880 | INFO | epoch=14 batch=650 global_step=4635 loss_reg_months=4.5817 lr=0.00013961 grad_norm=1.3924 throughput=11.44 img/s eta_seconds=875.1 gpu_alloc=476.3MiB gpu_reserved=3472.0MiB skipped_batches=0
2026-08-16 12:24:08,214 | INFO | epoch=14 batch=675 global_step=4638 loss_reg_months=4.5708 lr=0.00013961 grad_norm=1.2082 throughput=11.36 img/s eta_seconds=872.2 gpu_alloc=367.7MiB gpu_reserved=3472.0MiB skipped_batches=0
2026-08-16 12:24:16,801 | INFO | epoch=14 batch=700 global_step=4640 loss_reg_months=4.5793 lr=0.00013961 grad_norm=1.0079 throughput=11.37 img/s eta_seconds=862.7 gpu_alloc=476.3MiB gpu_reserved=3472.0MiB skipped_batches=0
2026-08-16 12:24:26,473 | INFO | epoch=14 batch=725 global_step=4643 loss_reg_months=4.5763 lr=0.00013961 grad_norm=1.1649 throughput=11.33 img/s eta_seconds=856.8 gpu_alloc=476.3MiB gpu_reserved=3472.0MiB skipped_batches=0
2026-08-16 12:24:36,069 | INFO | epoch=14 batch=750 global_step=4646 loss_reg_months=4.5629 lr=0.00013961 grad_norm=0.9456 throughput=11.30 img/s eta_seconds=850.5 gpu_alloc=476.3MiB gpu_reserved=3472.0MiB skipped_batches=0
2026-08-16 12:24:44,789 | INFO | epoch=14 batch=775 global_step=4649 loss_reg_months=4.5646 lr=0.00013961 grad_norm=1.3734 throughput=11.31 img/s eta_seconds=841.2 gpu_alloc=476.3MiB gpu_reserved=3472.0MiB skipped_batches=0
2026-08-16 12:24:54,068 | INFO | epoch=14 batch=800 global_step=4651 loss_reg_months=4.5412 lr=0.00013961 grad_norm=0.9860 throughput=11.29 img/s eta_seconds=833.7 gpu_alloc=476.3MiB gpu_reserved=3472.0MiB skipped_batches=0
2026-08-16 12:25:04,199 | INFO | epoch=14 batch=825 global_step=4654 loss_reg_months=4.5452 lr=0.00013961 grad_norm=1.1541 throughput=11.24 img/s eta_seconds=828.4 gpu_alloc=476.3MiB gpu_reserved=3472.0MiB skipped_batches=0
2026-08-16 12:25:13,978 | INFO | epoch=14 batch=850 global_step=4657 loss_reg_months=4.5610 lr=0.00013961 grad_norm=1.9729 throughput=11.21 img/s eta_seconds=821.9 gpu_alloc=476.3MiB gpu_reserved=3472.0MiB skipped_batches=0
2026-08-16 12:25:22,747 | INFO | epoch=14 batch=875 global_step=4660 loss_reg_months=4.5722 lr=0.00013961 grad_norm=0.8926 throughput=11.21 img/s eta_seconds=812.6 gpu_alloc=476.3MiB gpu_reserved=3472.0MiB skipped_batches=0
2026-08-16 12:25:30,348 | INFO | epoch=14 batch=900 global_step=4663 loss_reg_months=4.5685 lr=0.00013961 grad_norm=1.7419 throughput=11.26 img/s eta_seconds=800.3 gpu_alloc=367.7MiB gpu_reserved=3472.0MiB skipped_batches=0
2026-08-16 12:25:38,127 | INFO | epoch=14 batch=925 global_step=4665 loss_reg_months=4.5569 lr=0.00013961 grad_norm=1.2432 throughput=11.30 img/s eta_seconds=788.8 gpu_alloc=476.3MiB gpu_reserved=3472.0MiB skipped_batches=0
2026-08-16 12:25:48,706 | INFO | epoch=14 batch=950 global_step=4668 loss_reg_months=4.5332 lr=0.00013961 grad_norm=1.3502 throughput=11.24 img/s eta_seconds=783.9 gpu_alloc=476.3MiB gpu_reserved=3472.0MiB skipped_batches=0
2026-08-16 12:26:04,189 | INFO | epoch=14 batch=975 global_step=4671 loss_reg_months=4.5394 lr=0.00013961 grad_norm=1.3806 throughput=11.03 img/s eta_seconds=789.8 gpu_alloc=476.3MiB gpu_reserved=3472.0MiB skipped_batches=0
2026-08-16 12:26:15,435 | INFO | epoch=14 batch=1000 global_step=4674 loss_reg_months=4.5343 lr=0.00013961 grad_norm=1.2269 throughput=10.96 img/s eta_seconds=785.4 gpu_alloc=476.3MiB gpu_reserved=3472.0MiB skipped_batches=0
2026-08-16 12:26:26,786 | INFO | epoch=14 batch=1025 global_step=4676 loss_reg_months=4.5170 lr=0.00013961 grad_norm=1.1795 throughput=10.90 img/s eta_seconds=780.9 gpu_alloc=476.3MiB gpu_reserved=3472.0MiB skipped_batches=0
2026-08-16 12:26:36,796 | INFO | epoch=14 batch=1050 global_step=4679 loss_reg_months=4.5034 lr=0.00013961 grad_norm=0.9510 throughput=10.88 img/s eta_seconds=773.4 gpu_alloc=476.3MiB gpu_reserved=3472.0MiB skipped_batches=0
2026-08-16 12:26:45,783 | INFO | epoch=14 batch=1075 global_step=4682 loss_reg_months=4.5253 lr=0.00013961 grad_norm=1.2126 throughput=10.88 img/s eta_seconds=763.8 gpu_alloc=476.3MiB gpu_reserved=3472.0MiB skipped_batches=0
2026-08-16 12:26:54,045 | INFO | epoch=14 batch=1100 global_step=4685 loss_reg_months=4.5301 lr=0.00013961 grad_norm=1.1278 throughput=10.91 img/s eta_seconds=752.9 gpu_alloc=476.3MiB gpu_reserved=3472.0MiB skipped_batches=0
2026-08-16 12:27:02,831 | INFO | epoch=14 batch=1125 global_step=4688 loss_reg_months=4.5258 lr=0.00013961 grad_norm=1.2459 throughput=10.92 img/s eta_seconds=743.0 gpu_alloc=367.7MiB gpu_reserved=3472.0MiB skipped_batches=0
2026-08-16 12:27:15,328 | INFO | epoch=14 batch=1150 global_step=4690 loss_reg_months=4.5220 lr=0.00013961 grad_norm=0.9855 throughput=10.83 img/s eta_seconds=739.7 gpu_alloc=476.3MiB gpu_reserved=3472.0MiB skipped_batches=0
2026-08-16 12:27:28,833 | INFO | epoch=14 batch=1175 global_step=4693 loss_reg_months=4.5273 lr=0.00013961 grad_norm=1.2241 throughput=10.72 img/s eta_seconds=737.6 gpu_alloc=476.3MiB gpu_reserved=3472.0MiB skipped_batches=0
2026-08-16 12:27:39,254 | INFO | epoch=14 batch=1200 global_step=4696 loss_reg_months=4.5500 lr=0.00013961 grad_norm=1.1693 throughput=10.70 img/s eta_seconds=730.1 gpu_alloc=476.3MiB gpu_reserved=3472.0MiB skipped_batches=0
2026-08-16 12:27:50,969 | INFO | epoch=14 batch=1225 global_step=4699 loss_reg_months=4.5528 lr=0.00013961 grad_norm=1.3720 throughput=10.64 img/s eta_seconds=724.5 gpu_alloc=476.3MiB gpu_reserved=3472.0MiB skipped_batches=0
2026-08-16 12:28:00,909 | INFO | epoch=14 batch=1250 global_step=4701 loss_reg_months=4.5647 lr=0.00013961 grad_norm=2.6843 throughput=10.63 img/s eta_seconds=715.9 gpu_alloc=476.3MiB gpu_reserved=3472.0MiB skipped_batches=0
2026-08-16 12:28:10,811 | INFO | epoch=14 batch=1275 global_step=4704 loss_reg_months=4.5689 lr=0.00013961 grad_norm=1.1244 throughput=10.62 img/s eta_seconds=707.2 gpu_alloc=476.3MiB gpu_reserved=3472.0MiB skipped_batches=0
2026-08-16 12:28:20,643 | INFO | epoch=14 batch=1300 global_step=4707 loss_reg_months=4.5667 lr=0.00013961 grad_norm=0.9803 throughput=10.61 img/s eta_seconds=698.4 gpu_alloc=476.3MiB gpu_reserved=3472.0MiB skipped_batches=0
2026-08-16 12:28:29,986 | INFO | epoch=14 batch=1325 global_step=4710 loss_reg_months=4.5600 lr=0.00013961 grad_norm=0.9495 throughput=10.61 img/s eta_seconds=688.9 gpu_alloc=476.3MiB gpu_reserved=3472.0MiB skipped_batches=0
2026-08-16 12:28:40,428 | INFO | epoch=14 batch=1350 global_step=4713 loss_reg_months=4.5494 lr=0.00013961 grad_norm=1.4712 throughput=10.59 img/s eta_seconds=680.8 gpu_alloc=367.7MiB gpu_reserved=3472.0MiB skipped_batches=0
2026-08-16 12:28:52,092 | INFO | epoch=14 batch=1375 global_step=4715 loss_reg_months=4.5468 lr=0.00013961 grad_norm=0.7990 throughput=10.55 img/s eta_seconds=674.2 gpu_alloc=476.3MiB gpu_reserved=3472.0MiB skipped_batches=0
2026-08-16 12:29:01,788 | INFO | epoch=14 batch=1400 global_step=4718 loss_reg_months=4.5411 lr=0.00013961 grad_norm=1.5347 throughput=10.54 img/s eta_seconds=665.0 gpu_alloc=476.3MiB gpu_reserved=3472.0MiB skipped_batches=0
2026-08-16 12:29:10,982 | INFO | epoch=14 batch=1425 global_step=4721 loss_reg_months=4.5248 lr=0.00013961 grad_norm=1.4380 throughput=10.55 img/s eta_seconds=655.2 gpu_alloc=476.3MiB gpu_reserved=3472.0MiB skipped_batches=0
2026-08-16 12:29:21,791 | INFO | epoch=14 batch=1450 global_step=4724 loss_reg_months=4.5216 lr=0.00013961 grad_norm=1.4167 throughput=10.52 img/s eta_seconds=647.3 gpu_alloc=476.3MiB gpu_reserved=3472.0MiB skipped_batches=0
2026-08-16 12:29:36,380 | INFO | epoch=14 batch=1475 global_step=4726 loss_reg_months=4.5255 lr=0.00013961 grad_norm=1.3094 throughput=10.43 img/s eta_seconds=643.5 gpu_alloc=476.3MiB gpu_reserved=3472.0MiB skipped_batches=0
2026-08-16 12:29:47,883 | INFO | epoch=14 batch=1500 global_step=4729 loss_reg_months=4.5340 lr=0.00013961 grad_norm=1.5790 throughput=10.39 img/s eta_seconds=636.1 gpu_alloc=476.3MiB gpu_reserved=3472.0MiB skipped_batches=0
2026-08-16 12:30:02,205 | INFO | epoch=14 batch=1525 global_step=4732 loss_reg_months=4.5225 lr=0.00013961 grad_norm=1.2171 throughput=10.31 img/s eta_seconds=631.5 gpu_alloc=476.3MiB gpu_reserved=3472.0MiB skipped_batches=0
2026-08-16 12:30:16,224 | INFO | epoch=14 batch=1550 global_step=4735 loss_reg_months=4.5183 lr=0.00013961 grad_norm=0.7379 throughput=10.24 img/s eta_seconds=626.2 gpu_alloc=476.3MiB gpu_reserved=3472.0MiB skipped_batches=0
2026-08-16 12:30:28,725 | INFO | epoch=14 batch=1575 global_step=4738 loss_reg_months=4.5384 lr=0.00013961 grad_norm=1.1297 throughput=10.19 img/s eta_seconds=619.2 gpu_alloc=367.7MiB gpu_reserved=3472.0MiB skipped_batches=0
2026-08-16 12:30:37,937 | INFO | epoch=14 batch=1600 global_step=4740 loss_reg_months=4.5465 lr=0.00013961 grad_norm=1.4328 throughput=10.20 img/s eta_seconds=608.8 gpu_alloc=476.3MiB gpu_reserved=3472.0MiB skipped_batches=0
2026-08-16 12:30:48,549 | INFO | epoch=14 batch=1625 global_step=4743 loss_reg_months=4.5447 lr=0.00013961 grad_norm=2.0504 throughput=10.19 img/s eta_seconds=599.8 gpu_alloc=476.3MiB gpu_reserved=3472.0MiB skipped_batches=0
2026-08-16 12:30:57,643 | INFO | epoch=14 batch=1650 global_step=4746 loss_reg_months=4.5373 lr=0.00013961 grad_norm=1.5841 throughput=10.20 img/s eta_seconds=589.3 gpu_alloc=476.3MiB gpu_reserved=3472.0MiB skipped_batches=0
2026-08-16 12:31:06,752 | INFO | epoch=14 batch=1675 global_step=4749 loss_reg_months=4.5400 lr=0.00013961 grad_norm=1.1708 throughput=10.21 img/s eta_seconds=578.9 gpu_alloc=476.3MiB gpu_reserved=3472.0MiB skipped_batches=0
2026-08-16 12:31:15,911 | INFO | epoch=14 batch=1700 global_step=4751 loss_reg_months=4.5403 lr=0.00013961 grad_norm=1.4889 throughput=10.22 img/s eta_seconds=568.5 gpu_alloc=476.3MiB gpu_reserved=3472.0MiB skipped_batches=0
2026-08-16 12:31:25,267 | INFO | epoch=14 batch=1725 global_step=4754 loss_reg_months=4.5507 lr=0.00013961 grad_norm=1.5143 throughput=10.23 img/s eta_seconds=558.4 gpu_alloc=476.3MiB gpu_reserved=3472.0MiB skipped_batches=0
2026-08-16 12:31:34,617 | INFO | epoch=14 batch=1750 global_step=4757 loss_reg_months=4.5506 lr=0.00013961 grad_norm=1.6698 throughput=10.23 img/s eta_seconds=548.3 gpu_alloc=476.3MiB gpu_reserved=3472.0MiB skipped_batches=0
2026-08-16 12:31:43,325 | INFO | epoch=14 batch=1775 global_step=4760 loss_reg_months=4.5570 lr=0.00013961 grad_norm=0.9875 throughput=10.25 img/s eta_seconds=537.7 gpu_alloc=476.3MiB gpu_reserved=3472.0MiB skipped_batches=0
2026-08-16 12:31:53,873 | INFO | epoch=14 batch=1800 global_step=4763 loss_reg_months=4.5470 lr=0.00013961 grad_norm=1.4144 throughput=10.24 img/s eta_seconds=528.5 gpu_alloc=367.7MiB gpu_reserved=3472.0MiB skipped_batches=0
2026-08-16 12:32:02,027 | INFO | epoch=14 batch=1825 global_step=4765 loss_reg_months=4.5441 lr=0.00013961 grad_norm=1.8077 throughput=10.26 img/s eta_seconds=517.6 gpu_alloc=476.3MiB gpu_reserved=3472.0MiB skipped_batches=0
2026-08-16 12:32:12,868 | INFO | epoch=14 batch=1850 global_step=4768 loss_reg_months=4.5370 lr=0.00013961 grad_norm=1.2402 throughput=10.25 img/s eta_seconds=508.6 gpu_alloc=476.3MiB gpu_reserved=3472.0MiB skipped_batches=0
2026-08-16 12:32:22,481 | INFO | epoch=14 batch=1875 global_step=4771 loss_reg_months=4.5242 lr=0.00013961 grad_norm=1.1185 throughput=10.25 img/s eta_seconds=498.8 gpu_alloc=476.3MiB gpu_reserved=3472.0MiB skipped_batches=0
2026-08-16 12:32:33,528 | INFO | epoch=14 batch=1900 global_step=4774 loss_reg_months=4.5128 lr=0.00013961 grad_norm=1.3963 throughput=10.23 img/s eta_seconds=489.8 gpu_alloc=476.3MiB gpu_reserved=3472.0MiB skipped_batches=0
2026-08-16 12:32:42,302 | INFO | epoch=14 batch=1925 global_step=4776 loss_reg_months=4.5227 lr=0.00013961 grad_norm=1.3471 throughput=10.24 img/s eta_seconds=479.4 gpu_alloc=476.3MiB gpu_reserved=3472.0MiB skipped_batches=0
2026-08-16 12:32:52,167 | INFO | epoch=14 batch=1950 global_step=4779 loss_reg_months=4.5146 lr=0.00013961 grad_norm=1.2959 throughput=10.24 img/s eta_seconds=469.7 gpu_alloc=476.3MiB gpu_reserved=3472.0MiB skipped_batches=0
2026-08-16 12:33:00,774 | INFO | epoch=14 batch=1975 global_step=4782 loss_reg_months=4.5198 lr=0.00013961 grad_norm=1.1224 throughput=10.26 img/s eta_seconds=459.3 gpu_alloc=476.3MiB gpu_reserved=3472.0MiB skipped_batches=0
2026-08-16 12:33:09,046 | INFO | epoch=14 batch=2000 global_step=4785 loss_reg_months=4.5240 lr=0.00013961 grad_norm=1.3808 throughput=10.28 img/s eta_seconds=448.7 gpu_alloc=476.3MiB gpu_reserved=3472.0MiB skipped_batches=0
2026-08-16 12:33:17,422 | INFO | epoch=14 batch=2025 global_step=4788 loss_reg_months=4.5244 lr=0.00013961 grad_norm=1.1926 throughput=10.29 img/s eta_seconds=438.2 gpu_alloc=367.7MiB gpu_reserved=3472.0MiB skipped_batches=0
2026-08-16 12:33:25,847 | INFO | epoch=14 batch=2050 global_step=4790 loss_reg_months=4.5250 lr=0.00013961 grad_norm=1.1510 throughput=10.31 img/s eta_seconds=427.8 gpu_alloc=476.3MiB gpu_reserved=3472.0MiB skipped_batches=0
2026-08-16 12:33:34,323 | INFO | epoch=14 batch=2075 global_step=4793 loss_reg_months=4.5298 lr=0.00013961 grad_norm=1.0723 throughput=10.33 img/s eta_seconds=417.5 gpu_alloc=476.3MiB gpu_reserved=3472.0MiB skipped_batches=0
2026-08-16 12:33:46,818 | INFO | epoch=14 batch=2100 global_step=4796 loss_reg_months=4.5352 lr=0.00013961 grad_norm=2.0423 throughput=10.29 img/s eta_seconds=409.2 gpu_alloc=476.3MiB gpu_reserved=3472.0MiB skipped_batches=0
2026-08-16 12:33:59,472 | INFO | epoch=14 batch=2125 global_step=4799 loss_reg_months=4.5369 lr=0.00013961 grad_norm=0.9824 throughput=10.25 img/s eta_seconds=400.9 gpu_alloc=476.3MiB gpu_reserved=3472.0MiB skipped_batches=0
2026-08-16 12:34:08,782 | INFO | epoch=14 batch=2150 global_step=4801 loss_reg_months=4.5395 lr=0.00013961 grad_norm=2.8995 throughput=10.26 img/s eta_seconds=390.9 gpu_alloc=476.3MiB gpu_reserved=3472.0MiB skipped_batches=0
2026-08-16 12:34:17,560 | INFO | epoch=14 batch=2175 global_step=4804 loss_reg_months=4.5381 lr=0.00013961 grad_norm=1.7796 throughput=10.27 img/s eta_seconds=380.7 gpu_alloc=476.3MiB gpu_reserved=3472.0MiB skipped_batches=0
2026-08-16 12:34:26,675 | INFO | epoch=14 batch=2200 global_step=4807 loss_reg_months=4.5409 lr=0.00013961 grad_norm=1.1617 throughput=10.28 img/s eta_seconds=370.7 gpu_alloc=476.3MiB gpu_reserved=3472.0MiB skipped_batches=0
2026-08-16 12:34:35,146 | INFO | epoch=14 batch=2225 global_step=4810 loss_reg_months=4.5362 lr=0.00013961 grad_norm=1.2825 throughput=10.29 img/s eta_seconds=360.5 gpu_alloc=476.3MiB gpu_reserved=3472.0MiB skipped_batches=0
2026-08-16 12:34:44,482 | INFO | epoch=14 batch=2250 global_step=4813 loss_reg_months=4.5500 lr=0.00013961 grad_norm=1.4657 throughput=10.30 img/s eta_seconds=350.6 gpu_alloc=367.7MiB gpu_reserved=3472.0MiB skipped_batches=0
2026-08-16 12:34:56,729 | INFO | epoch=14 batch=2275 global_step=4815 loss_reg_months=4.5510 lr=0.00013961 grad_norm=1.2309 throughput=10.27 img/s eta_seconds=341.9 gpu_alloc=476.3MiB gpu_reserved=3472.0MiB skipped_batches=0
2026-08-16 12:35:08,177 | INFO | epoch=14 batch=2300 global_step=4818 loss_reg_months=4.5530 lr=0.00013961 grad_norm=1.0956 throughput=10.25 img/s eta_seconds=332.8 gpu_alloc=476.3MiB gpu_reserved=3472.0MiB skipped_batches=0
2026-08-16 12:35:16,881 | INFO | epoch=14 batch=2325 global_step=4821 loss_reg_months=4.5482 lr=0.00013961 grad_norm=0.9649 throughput=10.26 img/s eta_seconds=322.7 gpu_alloc=476.3MiB gpu_reserved=3472.0MiB skipped_batches=0
2026-08-16 12:35:25,231 | INFO | epoch=14 batch=2350 global_step=4824 loss_reg_months=4.5543 lr=0.00013961 grad_norm=1.1907 throughput=10.28 img/s eta_seconds=312.4 gpu_alloc=476.3MiB gpu_reserved=3472.0MiB skipped_batches=0
2026-08-16 12:35:33,892 | INFO | epoch=14 batch=2375 global_step=4826 loss_reg_months=4.5567 lr=0.00013961 grad_norm=1.0952 throughput=10.29 img/s eta_seconds=302.4 gpu_alloc=476.3MiB gpu_reserved=3472.0MiB skipped_batches=0
2026-08-16 12:35:42,377 | INFO | epoch=14 batch=2400 global_step=4829 loss_reg_months=4.5640 lr=0.00013961 grad_norm=1.4048 throughput=10.30 img/s eta_seconds=292.2 gpu_alloc=476.3MiB gpu_reserved=3472.0MiB skipped_batches=0
2026-08-16 12:35:50,453 | INFO | epoch=14 batch=2425 global_step=4832 loss_reg_months=4.5551 lr=0.00013961 grad_norm=1.0972 throughput=10.32 img/s eta_seconds=282.1 gpu_alloc=476.3MiB gpu_reserved=3472.0MiB skipped_batches=0
2026-08-16 12:35:59,185 | INFO | epoch=14 batch=2450 global_step=4835 loss_reg_months=4.5549 lr=0.00013961 grad_norm=0.8798 throughput=10.33 img/s eta_seconds=272.1 gpu_alloc=476.3MiB gpu_reserved=3472.0MiB skipped_batches=0
2026-08-16 12:36:07,749 | INFO | epoch=14 batch=2475 global_step=4838 loss_reg_months=4.5492 lr=0.00013961 grad_norm=1.3260 throughput=10.34 img/s eta_seconds=262.1 gpu_alloc=367.7MiB gpu_reserved=3472.0MiB skipped_batches=0
2026-08-16 12:36:16,163 | INFO | epoch=14 batch=2500 global_step=4840 loss_reg_months=4.5431 lr=0.00013961 grad_norm=0.8945 throughput=10.36 img/s eta_seconds=252.1 gpu_alloc=476.3MiB gpu_reserved=3472.0MiB skipped_batches=0
2026-08-16 12:36:25,851 | INFO | epoch=14 batch=2525 global_step=4843 loss_reg_months=4.5462 lr=0.00013961 grad_norm=1.1637 throughput=10.36 img/s eta_seconds=242.5 gpu_alloc=476.3MiB gpu_reserved=3472.0MiB skipped_batches=0
2026-08-16 12:36:34,977 | INFO | epoch=14 batch=2550 global_step=4846 loss_reg_months=4.5478 lr=0.00013961 grad_norm=1.0318 throughput=10.36 img/s eta_seconds=232.7 gpu_alloc=476.3MiB gpu_reserved=3472.0MiB skipped_batches=0
2026-08-16 12:36:43,630 | INFO | epoch=14 batch=2575 global_step=4849 loss_reg_months=4.5450 lr=0.00013961 grad_norm=1.6852 throughput=10.37 img/s eta_seconds=222.8 gpu_alloc=476.3MiB gpu_reserved=3472.0MiB skipped_batches=0
2026-08-16 12:36:51,999 | INFO | epoch=14 batch=2600 global_step=4851 loss_reg_months=4.5476 lr=0.00013961 grad_norm=1.1750 throughput=10.39 img/s eta_seconds=212.9 gpu_alloc=476.3MiB gpu_reserved=3472.0MiB skipped_batches=0
2026-08-16 12:37:00,419 | INFO | epoch=14 batch=2625 global_step=4854 loss_reg_months=4.5418 lr=0.00013961 grad_norm=1.4784 throughput=10.40 img/s eta_seconds=203.0 gpu_alloc=476.3MiB gpu_reserved=3472.0MiB skipped_batches=0
2026-08-16 12:37:13,989 | INFO | epoch=14 batch=2650 global_step=4857 loss_reg_months=4.5328 lr=0.00013961 grad_norm=1.1565 throughput=10.36 img/s eta_seconds=194.2 gpu_alloc=476.3MiB gpu_reserved=3472.0MiB skipped_batches=0
2026-08-16 12:37:23,011 | INFO | epoch=14 batch=2675 global_step=4860 loss_reg_months=4.5314 lr=0.00013961 grad_norm=1.0459 throughput=10.36 img/s eta_seconds=184.4 gpu_alloc=476.3MiB gpu_reserved=3472.0MiB skipped_batches=0
2026-08-16 12:37:31,999 | INFO | epoch=14 batch=2700 global_step=4863 loss_reg_months=4.5258 lr=0.00013961 grad_norm=1.2334 throughput=10.37 img/s eta_seconds=174.6 gpu_alloc=367.7MiB gpu_reserved=3472.0MiB skipped_batches=0
2026-08-16 12:37:51,219 | INFO | epoch=14 batch=2725 global_step=4865 loss_reg_months=4.5214 lr=0.00013961 grad_norm=0.9462 throughput=10.28 img/s eta_seconds=166.5 gpu_alloc=476.3MiB gpu_reserved=3472.0MiB skipped_batches=0
2026-08-16 12:38:03,588 | INFO | epoch=14 batch=2750 global_step=4868 loss_reg_months=4.5144 lr=0.00013961 grad_norm=1.1737 throughput=10.25 img/s eta_seconds=157.1 gpu_alloc=476.3MiB gpu_reserved=3472.0MiB skipped_batches=0
2026-08-16 12:38:14,007 | INFO | epoch=14 batch=2775 global_step=4871 loss_reg_months=4.5050 lr=0.00013961 grad_norm=1.0989 throughput=10.25 img/s eta_seconds=147.5 gpu_alloc=476.3MiB gpu_reserved=3472.0MiB skipped_batches=0
2026-08-16 12:38:25,145 | INFO | epoch=14 batch=2800 global_step=4874 loss_reg_months=4.5110 lr=0.00013961 grad_norm=1.3950 throughput=10.23 img/s eta_seconds=137.9 gpu_alloc=476.3MiB gpu_reserved=3472.0MiB skipped_batches=0
2026-08-16 12:38:33,472 | INFO | epoch=14 batch=2825 global_step=4876 loss_reg_months=4.5117 lr=0.00013961 grad_norm=1.3530 throughput=10.25 img/s eta_seconds=128.0 gpu_alloc=476.3MiB gpu_reserved=3472.0MiB skipped_batches=0
2026-08-16 12:38:41,817 | INFO | epoch=14 batch=2850 global_step=4879 loss_reg_months=4.5066 lr=0.00013961 grad_norm=0.9401 throughput=10.26 img/s eta_seconds=118.0 gpu_alloc=476.3MiB gpu_reserved=3472.0MiB skipped_batches=0
2026-08-16 12:38:50,456 | INFO | epoch=14 batch=2875 global_step=4882 loss_reg_months=4.5050 lr=0.00013961 grad_norm=1.2210 throughput=10.27 img/s eta_seconds=108.2 gpu_alloc=476.3MiB gpu_reserved=3472.0MiB skipped_batches=0
2026-08-16 12:38:59,284 | INFO | epoch=14 batch=2900 global_step=4885 loss_reg_months=4.5020 lr=0.00013961 grad_norm=1.0828 throughput=10.28 img/s eta_seconds=98.4 gpu_alloc=476.3MiB gpu_reserved=3472.0MiB skipped_batches=0
2026-08-16 12:39:07,322 | INFO | epoch=14 batch=2925 global_step=4888 loss_reg_months=4.4999 lr=0.00013961 grad_norm=1.5676 throughput=10.29 img/s eta_seconds=88.5 gpu_alloc=367.7MiB gpu_reserved=3472.0MiB skipped_batches=0
2026-08-16 12:39:15,604 | INFO | epoch=14 batch=2950 global_step=4890 loss_reg_months=4.4968 lr=0.00013961 grad_norm=1.2136 throughput=10.31 img/s eta_seconds=78.7 gpu_alloc=476.3MiB gpu_reserved=3472.0MiB skipped_batches=0
2026-08-16 12:39:24,431 | INFO | epoch=14 batch=2975 global_step=4893 loss_reg_months=4.4992 lr=0.00013961 grad_norm=0.9355 throughput=10.31 img/s eta_seconds=68.9 gpu_alloc=476.3MiB gpu_reserved=3472.0MiB skipped_batches=0
2026-08-16 12:39:32,687 | INFO | epoch=14 batch=3000 global_step=4896 loss_reg_months=4.5018 lr=0.00013961 grad_norm=1.6293 throughput=10.33 img/s eta_seconds=59.2 gpu_alloc=476.3MiB gpu_reserved=3472.0MiB skipped_batches=0
2026-08-16 12:39:40,911 | INFO | epoch=14 batch=3025 global_step=4899 loss_reg_months=4.5004 lr=0.00013961 grad_norm=1.0924 throughput=10.34 img/s eta_seconds=49.4 gpu_alloc=476.3MiB gpu_reserved=3472.0MiB skipped_batches=0
2026-08-16 12:39:49,316 | INFO | epoch=14 batch=3050 global_step=4901 loss_reg_months=4.5022 lr=0.00013961 grad_norm=1.6242 throughput=10.35 img/s eta_seconds=39.7 gpu_alloc=476.3MiB gpu_reserved=3472.0MiB skipped_batches=0
2026-08-16 12:39:57,768 | INFO | epoch=14 batch=3075 global_step=4904 loss_reg_months=4.4977 lr=0.00013961 grad_norm=1.4875 throughput=10.36 img/s eta_seconds=30.0 gpu_alloc=476.3MiB gpu_reserved=3472.0MiB skipped_batches=0
2026-08-16 12:40:06,171 | INFO | epoch=14 batch=3100 global_step=4907 loss_reg_months=4.4985 lr=0.00013961 grad_norm=1.1517 throughput=10.37 img/s eta_seconds=20.3 gpu_alloc=476.3MiB gpu_reserved=3472.0MiB skipped_batches=0
2026-08-16 12:40:15,411 | INFO | epoch=14 batch=3125 global_step=4910 loss_reg_months=4.5007 lr=0.00013961 grad_norm=1.2088 throughput=10.38 img/s eta_seconds=10.7 gpu_alloc=476.3MiB gpu_reserved=3472.0MiB skipped_batches=0
2026-08-16 12:40:24,495 | INFO | epoch=14 batch=3150 global_step=4913 loss_reg_months=4.5033 lr=0.00013961 grad_norm=1.1470 throughput=10.38 img/s eta_seconds=1.1 gpu_alloc=367.7MiB gpu_reserved=3472.0MiB skipped_batches=0
2026-08-16 12:41:28,603 | WARNING | STABILITY WARNING [CAM] Prediction vượt nhẹ miền tuổi 0–228: [10.81, 231.00]
2026-08-16 12:41:28,621 | INFO | 
TRAINING REVIEW SNAPSHOT
Run ID / config hash / split hash: P6_D0_CONVNEXT_TINY_768_SEED42 / 0e80cf6f780f / 7328667e6822+f650a20432b5
Epoch / global step: 14 / 4914
Train loss: 4.5026
Validation MAE / RMSE / median AE: 6.3572 / 8.5210 / 5.0000
MAE nam / nữ / age bins: {'F': 6.524348159509202, 'M': 6.216203104786546} / {'0-59': 7.332446808510638, '120-179': 5.772558714462299, '60-119': 7.814086294416244, '180-228': 4.8515625}
Learning rate / peak VRAM: 0.00013961 / 3472.0 MiB
Best epoch / best MAE / epochs không cải thiện: 7 / 6.2605 / 7
Cảnh báo hiện tại: CAM: Prediction vượt nhẹ miền tuổi 0–228: [10.81, 231.00]
Checkpoint gần nhất: p1_baseline\runs\P6_D0_CONVNEXT_TINY_768_SEED42\last.ckpt
Checkpoint tốt nhất: p1_baseline\runs\P6_D0_CONVNEXT_TINY_768_SEED42\best_mae.ckpt
Đề xuất tự động: THEO DÕI
2026-08-16 12:41:42,214 | INFO | epoch=15 batch=25 global_step=4916 loss_reg_months=4.5334 lr=0.00013125 grad_norm=1.9525 throughput=7.90 img/s eta_seconds=1583.5 gpu_alloc=476.3MiB gpu_reserved=3472.0MiB skipped_batches=0
2026-08-16 12:41:47,902 | INFO | epoch=15 batch=50 global_step=4919 loss_reg_months=5.0400 lr=0.00013125 grad_norm=1.4051 throughput=10.90 img/s eta_seconds=1138.4 gpu_alloc=476.3MiB gpu_reserved=3472.0MiB skipped_batches=0
2026-08-16 12:41:53,661 | INFO | epoch=15 batch=75 global_step=4922 loss_reg_months=4.7744 lr=0.00013125 grad_norm=0.8317 throughput=12.45 img/s eta_seconds=989.1 gpu_alloc=476.3MiB gpu_reserved=3472.0MiB skipped_batches=0
2026-08-16 12:41:59,413 | INFO | epoch=15 batch=100 global_step=4925 loss_reg_months=4.6692 lr=0.00013125 grad_norm=1.6001 throughput=13.40 img/s eta_seconds=911.4 gpu_alloc=476.3MiB gpu_reserved=3472.0MiB skipped_batches=0
2026-08-16 12:42:05,124 | INFO | epoch=15 batch=125 global_step=4927 loss_reg_months=4.6009 lr=0.00013125 grad_norm=1.3636 throughput=14.06 img/s eta_seconds=861.5 gpu_alloc=476.3MiB gpu_reserved=3472.0MiB skipped_batches=0
2026-08-16 12:42:10,915 | INFO | epoch=15 batch=150 global_step=4930 loss_reg_months=4.4752 lr=0.00013125 grad_norm=1.0547 throughput=14.51 img/s eta_seconds=827.9 gpu_alloc=476.3MiB gpu_reserved=3472.0MiB skipped_batches=0
2026-08-16 12:42:16,691 | INFO | epoch=15 batch=175 global_step=4933 loss_reg_months=4.4049 lr=0.00013125 grad_norm=1.2832 throughput=14.85 img/s eta_seconds=802.0 gpu_alloc=476.3MiB gpu_reserved=3472.0MiB skipped_batches=0
2026-08-16 12:42:22,416 | INFO | epoch=15 batch=200 global_step=4936 loss_reg_months=4.3808 lr=0.00013125 grad_norm=0.9249 throughput=15.13 img/s eta_seconds=780.4 gpu_alloc=476.3MiB gpu_reserved=3472.0MiB skipped_batches=0
2026-08-16 12:42:28,133 | INFO | epoch=15 batch=225 global_step=4939 loss_reg_months=4.4194 lr=0.00013125 grad_norm=1.0624 throughput=15.36 img/s eta_seconds=762.2 gpu_alloc=367.7MiB gpu_reserved=3472.0MiB skipped_batches=0
2026-08-16 12:42:33,842 | INFO | epoch=15 batch=250 global_step=4941 loss_reg_months=4.4340 lr=0.00013125 grad_norm=1.3638 throughput=15.56 img/s eta_seconds=746.4 gpu_alloc=476.3MiB gpu_reserved=3472.0MiB skipped_batches=0
2026-08-16 12:42:39,576 | INFO | epoch=15 batch=275 global_step=4944 loss_reg_months=4.4036 lr=0.00013125 grad_norm=0.9329 throughput=15.71 img/s eta_seconds=732.7 gpu_alloc=476.3MiB gpu_reserved=3472.0MiB skipped_batches=0
2026-08-16 12:42:45,305 | INFO | epoch=15 batch=300 global_step=4947 loss_reg_months=4.3940 lr=0.00013125 grad_norm=1.4259 throughput=15.84 img/s eta_seconds=720.3 gpu_alloc=476.3MiB gpu_reserved=3472.0MiB skipped_batches=0
2026-08-16 12:42:51,037 | INFO | epoch=15 batch=325 global_step=4950 loss_reg_months=4.4503 lr=0.00013125 grad_norm=1.3382 throughput=15.95 img/s eta_seconds=708.9 gpu_alloc=476.3MiB gpu_reserved=3472.0MiB skipped_batches=0
2026-08-16 12:42:56,739 | INFO | epoch=15 batch=350 global_step=4952 loss_reg_months=4.4045 lr=0.00013125 grad_norm=0.9374 throughput=16.06 img/s eta_seconds=698.1 gpu_alloc=476.3MiB gpu_reserved=3472.0MiB skipped_batches=0
2026-08-16 12:43:02,469 | INFO | epoch=15 batch=375 global_step=4955 loss_reg_months=4.3588 lr=0.00013125 grad_norm=0.9263 throughput=16.14 img/s eta_seconds=688.2 gpu_alloc=476.3MiB gpu_reserved=3472.0MiB skipped_batches=0
2026-08-16 12:43:08,201 | INFO | epoch=15 batch=400 global_step=4958 loss_reg_months=4.3335 lr=0.00013125 grad_norm=1.0136 throughput=16.22 img/s eta_seconds=678.9 gpu_alloc=476.3MiB gpu_reserved=3472.0MiB skipped_batches=0
2026-08-16 12:43:13,924 | INFO | epoch=15 batch=425 global_step=4961 loss_reg_months=4.3768 lr=0.00013125 grad_norm=1.5542 throughput=16.29 img/s eta_seconds=669.9 gpu_alloc=476.3MiB gpu_reserved=3472.0MiB skipped_batches=0
2026-08-16 12:43:19,643 | INFO | epoch=15 batch=450 global_step=4964 loss_reg_months=4.3641 lr=0.00013125 grad_norm=1.1234 throughput=16.35 img/s eta_seconds=661.2 gpu_alloc=367.7MiB gpu_reserved=3472.0MiB skipped_batches=0
2026-08-16 12:43:25,656 | INFO | epoch=15 batch=475 global_step=4966 loss_reg_months=4.3922 lr=0.00013125 grad_norm=1.2528 throughput=16.37 img/s eta_seconds=654.5 gpu_alloc=476.3MiB gpu_reserved=3472.0MiB skipped_batches=0
2026-08-16 12:43:31,534 | INFO | epoch=15 batch=500 global_step=4969 loss_reg_months=4.3995 lr=0.00013125 grad_norm=1.4093 throughput=16.40 img/s eta_seconds=647.1 gpu_alloc=476.3MiB gpu_reserved=3472.0MiB skipped_batches=0
2026-08-16 12:43:37,279 | INFO | epoch=15 batch=525 global_step=4972 loss_reg_months=4.4005 lr=0.00013125 grad_norm=1.4322 throughput=16.44 img/s eta_seconds=639.3 gpu_alloc=476.3MiB gpu_reserved=3472.0MiB skipped_batches=0
2026-08-16 12:43:43,073 | INFO | epoch=15 batch=550 global_step=4975 loss_reg_months=4.3621 lr=0.00013125 grad_norm=1.1886 throughput=16.48 img/s eta_seconds=631.8 gpu_alloc=476.3MiB gpu_reserved=3472.0MiB skipped_batches=0
2026-08-16 12:43:48,891 | INFO | epoch=15 batch=575 global_step=4977 loss_reg_months=4.4040 lr=0.00013125 grad_norm=1.4713 throughput=16.51 img/s eta_seconds=624.6 gpu_alloc=476.3MiB gpu_reserved=3472.0MiB skipped_batches=0
2026-08-16 12:43:54,654 | INFO | epoch=15 batch=600 global_step=4980 loss_reg_months=4.3893 lr=0.00013125 grad_norm=1.1499 throughput=16.54 img/s eta_seconds=617.3 gpu_alloc=476.3MiB gpu_reserved=3472.0MiB skipped_batches=0
2026-08-16 12:44:00,438 | INFO | epoch=15 batch=625 global_step=4983 loss_reg_months=4.3768 lr=0.00013125 grad_norm=1.1023 throughput=16.57 img/s eta_seconds=610.2 gpu_alloc=476.3MiB gpu_reserved=3472.0MiB skipped_batches=0
2026-08-16 12:44:06,242 | INFO | epoch=15 batch=650 global_step=4986 loss_reg_months=4.3547 lr=0.00013125 grad_norm=1.4508 throughput=16.59 img/s eta_seconds=603.3 gpu_alloc=476.3MiB gpu_reserved=3472.0MiB skipped_batches=0
2026-08-16 12:44:12,077 | INFO | epoch=15 batch=675 global_step=4989 loss_reg_months=4.3557 lr=0.00013125 grad_norm=1.3470 throughput=16.61 img/s eta_seconds=596.6 gpu_alloc=367.7MiB gpu_reserved=3472.0MiB skipped_batches=0
2026-08-16 12:44:17,883 | INFO | epoch=15 batch=700 global_step=4991 loss_reg_months=4.3604 lr=0.00013125 grad_norm=1.5512 throughput=16.63 img/s eta_seconds=589.8 gpu_alloc=476.3MiB gpu_reserved=3472.0MiB skipped_batches=0
2026-08-16 12:44:24,112 | INFO | epoch=15 batch=725 global_step=4994 loss_reg_months=4.3500 lr=0.00013125 grad_norm=2.1573 throughput=16.61 img/s eta_seconds=584.5 gpu_alloc=476.3MiB gpu_reserved=3472.0MiB skipped_batches=0
2026-08-16 12:44:30,221 | INFO | epoch=15 batch=750 global_step=4997 loss_reg_months=4.3514 lr=0.00013125 grad_norm=1.1680 throughput=16.61 img/s eta_seconds=578.8 gpu_alloc=476.3MiB gpu_reserved=3472.0MiB skipped_batches=0
2026-08-16 12:44:36,982 | INFO | epoch=15 batch=775 global_step=5000 loss_reg_months=4.3623 lr=0.00013125 grad_norm=1.2629 throughput=16.54 img/s eta_seconds=575.0 gpu_alloc=476.3MiB gpu_reserved=3472.0MiB skipped_batches=0
2026-08-16 12:44:42,943 | INFO | epoch=15 batch=800 global_step=5002 loss_reg_months=4.4047 lr=0.00013125 grad_norm=1.0912 throughput=16.55 img/s eta_seconds=568.7 gpu_alloc=476.3MiB gpu_reserved=3472.0MiB skipped_batches=0
2026-08-16 12:44:48,799 | INFO | epoch=15 batch=825 global_step=5005 loss_reg_months=4.4126 lr=0.00013125 grad_norm=1.8773 throughput=16.56 img/s eta_seconds=562.2 gpu_alloc=476.3MiB gpu_reserved=3472.0MiB skipped_batches=0
2026-08-16 12:44:54,775 | INFO | epoch=15 batch=850 global_step=5008 loss_reg_months=4.3886 lr=0.00013125 grad_norm=1.3338 throughput=16.57 img/s eta_seconds=556.0 gpu_alloc=476.3MiB gpu_reserved=3472.0MiB skipped_batches=0
2026-08-16 12:45:00,626 | INFO | epoch=15 batch=875 global_step=5011 loss_reg_months=4.4275 lr=0.00013125 grad_norm=2.0299 throughput=16.58 img/s eta_seconds=549.4 gpu_alloc=476.3MiB gpu_reserved=3472.0MiB skipped_batches=0
2026-08-16 12:45:06,474 | INFO | epoch=15 batch=900 global_step=5014 loss_reg_months=4.4050 lr=0.00013125 grad_norm=0.9720 throughput=16.60 img/s eta_seconds=543.0 gpu_alloc=367.7MiB gpu_reserved=3472.0MiB skipped_batches=0
2026-08-16 12:45:12,270 | INFO | epoch=15 batch=925 global_step=5016 loss_reg_months=4.3942 lr=0.00013125 grad_norm=2.1784 throughput=16.61 img/s eta_seconds=536.4 gpu_alloc=476.3MiB gpu_reserved=3472.0MiB skipped_batches=0
2026-08-16 12:45:18,020 | INFO | epoch=15 batch=950 global_step=5019 loss_reg_months=4.3969 lr=0.00013125 grad_norm=1.4453 throughput=16.63 img/s eta_seconds=529.7 gpu_alloc=476.3MiB gpu_reserved=3472.0MiB skipped_batches=0
2026-08-16 12:45:23,777 | INFO | epoch=15 batch=975 global_step=5022 loss_reg_months=4.4298 lr=0.00013125 grad_norm=1.5760 throughput=16.65 img/s eta_seconds=523.2 gpu_alloc=476.3MiB gpu_reserved=3472.0MiB skipped_batches=0
2026-08-16 12:45:29,535 | INFO | epoch=15 batch=1000 global_step=5025 loss_reg_months=4.4401 lr=0.00013125 grad_norm=1.7189 throughput=16.67 img/s eta_seconds=516.6 gpu_alloc=476.3MiB gpu_reserved=3472.0MiB skipped_batches=0
2026-08-16 12:45:35,345 | INFO | epoch=15 batch=1025 global_step=5027 loss_reg_months=4.4467 lr=0.00013125 grad_norm=2.2314 throughput=16.68 img/s eta_seconds=510.2 gpu_alloc=476.3MiB gpu_reserved=3472.0MiB skipped_batches=0
2026-08-16 12:45:41,124 | INFO | epoch=15 batch=1050 global_step=5030 loss_reg_months=4.4484 lr=0.00013125 grad_norm=1.2917 throughput=16.70 img/s eta_seconds=503.8 gpu_alloc=476.3MiB gpu_reserved=3472.0MiB skipped_batches=0
2026-08-16 12:45:46,974 | INFO | epoch=15 batch=1075 global_step=5033 loss_reg_months=4.4465 lr=0.00013125 grad_norm=1.5880 throughput=16.70 img/s eta_seconds=497.5 gpu_alloc=476.3MiB gpu_reserved=3472.0MiB skipped_batches=0
2026-08-16 12:45:52,784 | INFO | epoch=15 batch=1100 global_step=5036 loss_reg_months=4.4561 lr=0.00013125 grad_norm=1.4157 throughput=16.72 img/s eta_seconds=491.2 gpu_alloc=476.3MiB gpu_reserved=3472.0MiB skipped_batches=0
2026-08-16 12:45:58,575 | INFO | epoch=15 batch=1125 global_step=5039 loss_reg_months=4.4655 lr=0.00013125 grad_norm=0.9687 throughput=16.73 img/s eta_seconds=484.9 gpu_alloc=367.7MiB gpu_reserved=3472.0MiB skipped_batches=0
2026-08-16 12:46:05,054 | INFO | epoch=15 batch=1150 global_step=5041 loss_reg_months=4.4532 lr=0.00013125 grad_norm=0.8388 throughput=16.70 img/s eta_seconds=479.8 gpu_alloc=476.3MiB gpu_reserved=3472.0MiB skipped_batches=0
2026-08-16 12:46:11,696 | INFO | epoch=15 batch=1175 global_step=5044 loss_reg_months=4.4612 lr=0.00013125 grad_norm=1.2695 throughput=16.66 img/s eta_seconds=474.9 gpu_alloc=476.3MiB gpu_reserved=3472.0MiB skipped_batches=0
2026-08-16 12:46:17,660 | INFO | epoch=15 batch=1200 global_step=5047 loss_reg_months=4.4583 lr=0.00013125 grad_norm=0.8761 throughput=16.66 img/s eta_seconds=468.8 gpu_alloc=476.3MiB gpu_reserved=3472.0MiB skipped_batches=0
2026-08-16 12:46:23,983 | INFO | epoch=15 batch=1225 global_step=5050 loss_reg_months=4.4483 lr=0.00013125 grad_norm=1.9258 throughput=16.64 img/s eta_seconds=463.3 gpu_alloc=476.3MiB gpu_reserved=3472.0MiB skipped_batches=0
2026-08-16 12:46:29,841 | INFO | epoch=15 batch=1250 global_step=5052 loss_reg_months=4.4296 lr=0.00013125 grad_norm=1.4854 throughput=16.65 img/s eta_seconds=457.1 gpu_alloc=476.3MiB gpu_reserved=3472.0MiB skipped_batches=0
2026-08-16 12:46:36,296 | INFO | epoch=15 batch=1275 global_step=5055 loss_reg_months=4.4247 lr=0.00013125 grad_norm=1.8999 throughput=16.63 img/s eta_seconds=451.7 gpu_alloc=476.3MiB gpu_reserved=3472.0MiB skipped_batches=0
2026-08-16 12:46:42,158 | INFO | epoch=15 batch=1300 global_step=5058 loss_reg_months=4.4233 lr=0.00013125 grad_norm=1.1804 throughput=16.63 img/s eta_seconds=445.5 gpu_alloc=476.3MiB gpu_reserved=3472.0MiB skipped_batches=0
2026-08-16 12:46:47,942 | INFO | epoch=15 batch=1325 global_step=5061 loss_reg_months=4.4113 lr=0.00013125 grad_norm=1.3211 throughput=16.65 img/s eta_seconds=439.2 gpu_alloc=476.3MiB gpu_reserved=3472.0MiB skipped_batches=0
2026-08-16 12:46:53,749 | INFO | epoch=15 batch=1350 global_step=5064 loss_reg_months=4.3898 lr=0.00013125 grad_norm=1.4941 throughput=16.66 img/s eta_seconds=432.9 gpu_alloc=367.7MiB gpu_reserved=3472.0MiB skipped_batches=0
2026-08-16 12:46:59,679 | INFO | epoch=15 batch=1375 global_step=5066 loss_reg_months=4.3824 lr=0.00013125 grad_norm=1.1338 throughput=16.66 img/s eta_seconds=426.8 gpu_alloc=476.3MiB gpu_reserved=3472.0MiB skipped_batches=0
2026-08-16 12:47:06,262 | INFO | epoch=15 batch=1400 global_step=5069 loss_reg_months=4.3804 lr=0.00013125 grad_norm=1.7032 throughput=16.63 img/s eta_seconds=421.5 gpu_alloc=476.3MiB gpu_reserved=3472.0MiB skipped_batches=0
2026-08-16 12:47:12,667 | INFO | epoch=15 batch=1425 global_step=5072 loss_reg_months=4.3888 lr=0.00013125 grad_norm=1.6530 throughput=16.61 img/s eta_seconds=416.0 gpu_alloc=476.3MiB gpu_reserved=3472.0MiB skipped_batches=0
2026-08-16 12:47:18,973 | INFO | epoch=15 batch=1450 global_step=5075 loss_reg_months=4.3994 lr=0.00013125 grad_norm=1.2495 throughput=16.60 img/s eta_seconds=410.3 gpu_alloc=476.3MiB gpu_reserved=3472.0MiB skipped_batches=0
2026-08-16 12:47:25,081 | INFO | epoch=15 batch=1475 global_step=5077 loss_reg_months=4.3925 lr=0.00013125 grad_norm=1.2053 throughput=16.60 img/s eta_seconds=404.4 gpu_alloc=476.3MiB gpu_reserved=3472.0MiB skipped_batches=0
2026-08-16 12:47:31,069 | INFO | epoch=15 batch=1500 global_step=5080 loss_reg_months=4.3778 lr=0.00013125 grad_norm=1.0561 throughput=16.60 img/s eta_seconds=398.3 gpu_alloc=476.3MiB gpu_reserved=3472.0MiB skipped_batches=0
2026-08-16 12:47:37,324 | INFO | epoch=15 batch=1525 global_step=5083 loss_reg_months=4.3818 lr=0.00013125 grad_norm=1.3681 throughput=16.59 img/s eta_seconds=392.5 gpu_alloc=476.3MiB gpu_reserved=3472.0MiB skipped_batches=0
2026-08-16 12:47:43,773 | INFO | epoch=15 batch=1550 global_step=5086 loss_reg_months=4.3820 lr=0.00013125 grad_norm=1.7392 throughput=16.57 img/s eta_seconds=387.0 gpu_alloc=476.3MiB gpu_reserved=3472.0MiB skipped_batches=0
2026-08-16 12:47:49,860 | INFO | epoch=15 batch=1575 global_step=5089 loss_reg_months=4.3887 lr=0.00013125 grad_norm=1.2611 throughput=16.57 img/s eta_seconds=381.0 gpu_alloc=367.7MiB gpu_reserved=3472.0MiB skipped_batches=0
2026-08-16 12:47:55,874 | INFO | epoch=15 batch=1600 global_step=5091 loss_reg_months=4.3970 lr=0.00013125 grad_norm=1.5046 throughput=16.57 img/s eta_seconds=374.9 gpu_alloc=476.3MiB gpu_reserved=3472.0MiB skipped_batches=0
2026-08-16 12:48:01,733 | INFO | epoch=15 batch=1625 global_step=5094 loss_reg_months=4.3890 lr=0.00013125 grad_norm=1.3231 throughput=16.57 img/s eta_seconds=368.7 gpu_alloc=476.3MiB gpu_reserved=3472.0MiB skipped_batches=0
2026-08-16 12:48:07,707 | INFO | epoch=15 batch=1650 global_step=5097 loss_reg_months=4.3891 lr=0.00013125 grad_norm=1.0014 throughput=16.58 img/s eta_seconds=362.6 gpu_alloc=476.3MiB gpu_reserved=3472.0MiB skipped_batches=0
2026-08-16 12:48:13,583 | INFO | epoch=15 batch=1675 global_step=5100 loss_reg_months=4.3926 lr=0.00013125 grad_norm=1.2377 throughput=16.58 img/s eta_seconds=356.4 gpu_alloc=476.3MiB gpu_reserved=3472.0MiB skipped_batches=0
2026-08-16 12:48:19,342 | INFO | epoch=15 batch=1700 global_step=5102 loss_reg_months=4.3892 lr=0.00013125 grad_norm=1.0774 throughput=16.59 img/s eta_seconds=350.2 gpu_alloc=476.3MiB gpu_reserved=3472.0MiB skipped_batches=0
2026-08-16 12:48:25,229 | INFO | epoch=15 batch=1725 global_step=5105 loss_reg_months=4.3859 lr=0.00013125 grad_norm=1.7354 throughput=16.60 img/s eta_seconds=344.0 gpu_alloc=476.3MiB gpu_reserved=3472.0MiB skipped_batches=0
2026-08-16 12:48:31,507 | INFO | epoch=15 batch=1750 global_step=5108 loss_reg_months=4.3936 lr=0.00013125 grad_norm=1.3715 throughput=16.59 img/s eta_seconds=338.2 gpu_alloc=476.3MiB gpu_reserved=3472.0MiB skipped_batches=0
2026-08-16 12:48:37,650 | INFO | epoch=15 batch=1775 global_step=5111 loss_reg_months=4.3826 lr=0.00013125 grad_norm=1.5578 throughput=16.59 img/s eta_seconds=332.3 gpu_alloc=476.3MiB gpu_reserved=3472.0MiB skipped_batches=0
2026-08-16 12:48:43,988 | INFO | epoch=15 batch=1800 global_step=5114 loss_reg_months=4.3938 lr=0.00013125 grad_norm=1.1314 throughput=16.57 img/s eta_seconds=326.5 gpu_alloc=367.7MiB gpu_reserved=3472.0MiB skipped_batches=0
2026-08-16 12:48:50,466 | INFO | epoch=15 batch=1825 global_step=5116 loss_reg_months=4.3900 lr=0.00013125 grad_norm=1.0345 throughput=16.56 img/s eta_seconds=320.8 gpu_alloc=476.3MiB gpu_reserved=3472.0MiB skipped_batches=0
2026-08-16 12:48:56,686 | INFO | epoch=15 batch=1850 global_step=5119 loss_reg_months=4.3924 lr=0.00013125 grad_norm=1.4677 throughput=16.55 img/s eta_seconds=314.9 gpu_alloc=476.3MiB gpu_reserved=3472.0MiB skipped_batches=0
2026-08-16 12:49:02,810 | INFO | epoch=15 batch=1875 global_step=5122 loss_reg_months=4.4001 lr=0.00013125 grad_norm=0.8722 throughput=16.55 img/s eta_seconds=308.9 gpu_alloc=476.3MiB gpu_reserved=3472.0MiB skipped_batches=0
2026-08-16 12:49:08,946 | INFO | epoch=15 batch=1900 global_step=5125 loss_reg_months=4.3993 lr=0.00013125 grad_norm=1.4584 throughput=16.54 img/s eta_seconds=302.9 gpu_alloc=476.3MiB gpu_reserved=3472.0MiB skipped_batches=0
2026-08-16 12:49:15,070 | INFO | epoch=15 batch=1925 global_step=5127 loss_reg_months=4.3928 lr=0.00013125 grad_norm=1.6956 throughput=16.54 img/s eta_seconds=296.9 gpu_alloc=476.3MiB gpu_reserved=3472.0MiB skipped_batches=0
2026-08-16 12:49:21,249 | INFO | epoch=15 batch=1950 global_step=5130 loss_reg_months=4.3866 lr=0.00013125 grad_norm=0.8106 throughput=16.54 img/s eta_seconds=290.9 gpu_alloc=476.3MiB gpu_reserved=3472.0MiB skipped_batches=0
2026-08-16 12:49:27,459 | INFO | epoch=15 batch=1975 global_step=5133 loss_reg_months=4.3757 lr=0.00013125 grad_norm=1.0344 throughput=16.53 img/s eta_seconds=285.0 gpu_alloc=476.3MiB gpu_reserved=3472.0MiB skipped_batches=0
2026-08-16 12:49:33,796 | INFO | epoch=15 batch=2000 global_step=5136 loss_reg_months=4.3856 lr=0.00013125 grad_norm=2.4052 throughput=16.52 img/s eta_seconds=279.1 gpu_alloc=476.3MiB gpu_reserved=3472.0MiB skipped_batches=0
2026-08-16 12:49:39,688 | INFO | epoch=15 batch=2025 global_step=5139 loss_reg_months=4.3891 lr=0.00013125 grad_norm=1.5039 throughput=16.53 img/s eta_seconds=273.0 gpu_alloc=367.7MiB gpu_reserved=3472.0MiB skipped_batches=0
2026-08-16 12:49:45,516 | INFO | epoch=15 batch=2050 global_step=5141 loss_reg_months=4.3808 lr=0.00013125 grad_norm=1.3855 throughput=16.53 img/s eta_seconds=266.8 gpu_alloc=476.3MiB gpu_reserved=3472.0MiB skipped_batches=0
2026-08-16 12:49:51,360 | INFO | epoch=15 batch=2075 global_step=5144 loss_reg_months=4.3850 lr=0.00013125 grad_norm=1.1830 throughput=16.54 img/s eta_seconds=260.6 gpu_alloc=476.3MiB gpu_reserved=3472.0MiB skipped_batches=0
2026-08-16 12:49:57,190 | INFO | epoch=15 batch=2100 global_step=5147 loss_reg_months=4.3796 lr=0.00013125 grad_norm=1.0975 throughput=16.55 img/s eta_seconds=254.5 gpu_alloc=476.3MiB gpu_reserved=3472.0MiB skipped_batches=0
2026-08-16 12:50:03,188 | INFO | epoch=15 batch=2125 global_step=5150 loss_reg_months=4.3710 lr=0.00013125 grad_norm=1.0663 throughput=16.55 img/s eta_seconds=248.4 gpu_alloc=476.3MiB gpu_reserved=3472.0MiB skipped_batches=0
2026-08-16 12:50:09,195 | INFO | epoch=15 batch=2150 global_step=5152 loss_reg_months=4.3674 lr=0.00013125 grad_norm=1.1139 throughput=16.55 img/s eta_seconds=242.4 gpu_alloc=476.3MiB gpu_reserved=3472.0MiB skipped_batches=0
2026-08-16 12:50:15,137 | INFO | epoch=15 batch=2175 global_step=5155 loss_reg_months=4.3714 lr=0.00013125 grad_norm=1.0625 throughput=16.55 img/s eta_seconds=236.3 gpu_alloc=476.3MiB gpu_reserved=3472.0MiB skipped_batches=0
2026-08-16 12:50:21,254 | INFO | epoch=15 batch=2200 global_step=5158 loss_reg_months=4.3686 lr=0.00013125 grad_norm=1.3561 throughput=16.55 img/s eta_seconds=230.3 gpu_alloc=476.3MiB gpu_reserved=3472.0MiB skipped_batches=0
2026-08-16 12:50:27,130 | INFO | epoch=15 batch=2225 global_step=5161 loss_reg_months=4.3670 lr=0.00013125 grad_norm=0.8844 throughput=16.56 img/s eta_seconds=224.1 gpu_alloc=476.3MiB gpu_reserved=3472.0MiB skipped_batches=0
2026-08-16 12:50:33,070 | INFO | epoch=15 batch=2250 global_step=5164 loss_reg_months=4.3696 lr=0.00013125 grad_norm=1.5657 throughput=16.56 img/s eta_seconds=218.1 gpu_alloc=367.7MiB gpu_reserved=3472.0MiB skipped_batches=0
2026-08-16 12:50:39,013 | INFO | epoch=15 batch=2275 global_step=5166 loss_reg_months=4.3683 lr=0.00013125 grad_norm=1.3014 throughput=16.56 img/s eta_seconds=212.0 gpu_alloc=476.3MiB gpu_reserved=3472.0MiB skipped_batches=0
2026-08-16 12:50:44,954 | INFO | epoch=15 batch=2300 global_step=5169 loss_reg_months=4.3707 lr=0.00013125 grad_norm=1.7757 throughput=16.56 img/s eta_seconds=205.9 gpu_alloc=476.3MiB gpu_reserved=3472.0MiB skipped_batches=0
2026-08-16 12:50:50,885 | INFO | epoch=15 batch=2325 global_step=5172 loss_reg_months=4.3718 lr=0.00013125 grad_norm=2.0718 throughput=16.57 img/s eta_seconds=199.8 gpu_alloc=476.3MiB gpu_reserved=3472.0MiB skipped_batches=0
2026-08-16 12:50:56,680 | INFO | epoch=15 batch=2350 global_step=5175 loss_reg_months=4.3763 lr=0.00013125 grad_norm=1.4195 throughput=16.57 img/s eta_seconds=193.7 gpu_alloc=476.3MiB gpu_reserved=3472.0MiB skipped_batches=0
2026-08-16 12:51:02,470 | INFO | epoch=15 batch=2375 global_step=5177 loss_reg_months=4.3791 lr=0.00013125 grad_norm=0.9600 throughput=16.58 img/s eta_seconds=187.6 gpu_alloc=476.3MiB gpu_reserved=3472.0MiB skipped_batches=0
2026-08-16 12:51:08,296 | INFO | epoch=15 batch=2400 global_step=5180 loss_reg_months=4.3824 lr=0.00013125 grad_norm=2.3463 throughput=16.59 img/s eta_seconds=181.5 gpu_alloc=476.3MiB gpu_reserved=3472.0MiB skipped_batches=0
2026-08-16 12:51:14,435 | INFO | epoch=15 batch=2425 global_step=5183 loss_reg_months=4.3975 lr=0.00013125 grad_norm=1.6833 throughput=16.58 img/s eta_seconds=175.5 gpu_alloc=476.3MiB gpu_reserved=3472.0MiB skipped_batches=0
2026-08-16 12:51:20,427 | INFO | epoch=15 batch=2450 global_step=5186 loss_reg_months=4.4077 lr=0.00013125 grad_norm=1.5799 throughput=16.59 img/s eta_seconds=169.5 gpu_alloc=476.3MiB gpu_reserved=3472.0MiB skipped_batches=0
2026-08-16 12:51:26,210 | INFO | epoch=15 batch=2475 global_step=5189 loss_reg_months=4.4094 lr=0.00013125 grad_norm=1.2830 throughput=16.59 img/s eta_seconds=163.4 gpu_alloc=367.7MiB gpu_reserved=3472.0MiB skipped_batches=0
2026-08-16 12:51:31,935 | INFO | epoch=15 batch=2500 global_step=5191 loss_reg_months=4.4123 lr=0.00013125 grad_norm=2.0426 throughput=16.60 img/s eta_seconds=157.3 gpu_alloc=476.3MiB gpu_reserved=3472.0MiB skipped_batches=0
2026-08-16 12:51:37,684 | INFO | epoch=15 batch=2525 global_step=5194 loss_reg_months=4.4091 lr=0.00013125 grad_norm=1.5391 throughput=16.61 img/s eta_seconds=151.2 gpu_alloc=476.3MiB gpu_reserved=3472.0MiB skipped_batches=0
2026-08-16 12:51:43,424 | INFO | epoch=15 batch=2550 global_step=5197 loss_reg_months=4.4251 lr=0.00013125 grad_norm=2.8070 throughput=16.62 img/s eta_seconds=145.1 gpu_alloc=476.3MiB gpu_reserved=3472.0MiB skipped_batches=0
2026-08-16 12:51:49,236 | INFO | epoch=15 batch=2575 global_step=5200 loss_reg_months=4.4217 lr=0.00013125 grad_norm=1.3335 throughput=16.62 img/s eta_seconds=139.0 gpu_alloc=476.3MiB gpu_reserved=3472.0MiB skipped_batches=0
2026-08-16 12:51:54,968 | INFO | epoch=15 batch=2600 global_step=5202 loss_reg_months=4.4193 lr=0.00013125 grad_norm=1.0362 throughput=16.63 img/s eta_seconds=133.0 gpu_alloc=476.3MiB gpu_reserved=3472.0MiB skipped_batches=0
2026-08-16 12:52:00,733 | INFO | epoch=15 batch=2625 global_step=5205 loss_reg_months=4.4325 lr=0.00013125 grad_norm=1.0139 throughput=16.64 img/s eta_seconds=126.9 gpu_alloc=476.3MiB gpu_reserved=3472.0MiB skipped_batches=0
2026-08-16 12:52:06,587 | INFO | epoch=15 batch=2650 global_step=5208 loss_reg_months=4.4361 lr=0.00013125 grad_norm=1.0964 throughput=16.64 img/s eta_seconds=120.9 gpu_alloc=476.3MiB gpu_reserved=3472.0MiB skipped_batches=0
2026-08-16 12:52:12,655 | INFO | epoch=15 batch=2675 global_step=5211 loss_reg_months=4.4470 lr=0.00013125 grad_norm=1.1582 throughput=16.64 img/s eta_seconds=114.9 gpu_alloc=476.3MiB gpu_reserved=3472.0MiB skipped_batches=0
2026-08-16 12:52:18,526 | INFO | epoch=15 batch=2700 global_step=5214 loss_reg_months=4.4480 lr=0.00013125 grad_norm=1.7928 throughput=16.64 img/s eta_seconds=108.8 gpu_alloc=367.7MiB gpu_reserved=3472.0MiB skipped_batches=0
2026-08-16 12:52:24,358 | INFO | epoch=15 batch=2725 global_step=5216 loss_reg_months=4.4522 lr=0.00013125 grad_norm=0.9415 throughput=16.65 img/s eta_seconds=102.8 gpu_alloc=476.3MiB gpu_reserved=3472.0MiB skipped_batches=0
2026-08-16 12:52:30,461 | INFO | epoch=15 batch=2750 global_step=5219 loss_reg_months=4.4578 lr=0.00013125 grad_norm=0.9601 throughput=16.64 img/s eta_seconds=96.8 gpu_alloc=476.3MiB gpu_reserved=3472.0MiB skipped_batches=0
2026-08-16 12:52:36,339 | INFO | epoch=15 batch=2775 global_step=5222 loss_reg_months=4.4524 lr=0.00013125 grad_norm=1.3579 throughput=16.65 img/s eta_seconds=90.8 gpu_alloc=476.3MiB gpu_reserved=3472.0MiB skipped_batches=0
2026-08-16 12:52:42,453 | INFO | epoch=15 batch=2800 global_step=5225 loss_reg_months=4.4495 lr=0.00013125 grad_norm=1.1514 throughput=16.64 img/s eta_seconds=84.8 gpu_alloc=476.3MiB gpu_reserved=3472.0MiB skipped_batches=0
2026-08-16 12:52:48,294 | INFO | epoch=15 batch=2825 global_step=5227 loss_reg_months=4.4443 lr=0.00013125 grad_norm=0.9732 throughput=16.65 img/s eta_seconds=78.7 gpu_alloc=476.3MiB gpu_reserved=3472.0MiB skipped_batches=0
2026-08-16 12:52:54,301 | INFO | epoch=15 batch=2850 global_step=5230 loss_reg_months=4.4468 lr=0.00013125 grad_norm=1.1284 throughput=16.65 img/s eta_seconds=72.7 gpu_alloc=476.3MiB gpu_reserved=3472.0MiB skipped_batches=0
2026-08-16 12:53:00,066 | INFO | epoch=15 batch=2875 global_step=5233 loss_reg_months=4.4476 lr=0.00013125 grad_norm=1.3225 throughput=16.65 img/s eta_seconds=66.7 gpu_alloc=476.3MiB gpu_reserved=3472.0MiB skipped_batches=0
2026-08-16 12:53:05,848 | INFO | epoch=15 batch=2900 global_step=5236 loss_reg_months=4.4389 lr=0.00013125 grad_norm=1.7840 throughput=16.66 img/s eta_seconds=60.7 gpu_alloc=476.3MiB gpu_reserved=3472.0MiB skipped_batches=0
2026-08-16 12:53:11,621 | INFO | epoch=15 batch=2925 global_step=5239 loss_reg_months=4.4425 lr=0.00013125 grad_norm=1.0498 throughput=16.67 img/s eta_seconds=54.7 gpu_alloc=367.7MiB gpu_reserved=3472.0MiB skipped_batches=0
2026-08-16 12:53:17,405 | INFO | epoch=15 batch=2950 global_step=5241 loss_reg_months=4.4364 lr=0.00013125 grad_norm=1.4988 throughput=16.67 img/s eta_seconds=48.6 gpu_alloc=476.3MiB gpu_reserved=3472.0MiB skipped_batches=0
2026-08-16 12:53:23,344 | INFO | epoch=15 batch=2975 global_step=5244 loss_reg_months=4.4392 lr=0.00013125 grad_norm=1.4187 throughput=16.67 img/s eta_seconds=42.6 gpu_alloc=476.3MiB gpu_reserved=3472.0MiB skipped_batches=0
2026-08-16 12:53:29,189 | INFO | epoch=15 batch=3000 global_step=5247 loss_reg_months=4.4330 lr=0.00013125 grad_norm=1.2841 throughput=16.68 img/s eta_seconds=36.6 gpu_alloc=476.3MiB gpu_reserved=3472.0MiB skipped_batches=0
2026-08-16 12:53:34,954 | INFO | epoch=15 batch=3025 global_step=5250 loss_reg_months=4.4311 lr=0.00013125 grad_norm=1.2488 throughput=16.68 img/s eta_seconds=30.6 gpu_alloc=476.3MiB gpu_reserved=3472.0MiB skipped_batches=0
2026-08-16 12:53:40,688 | INFO | epoch=15 batch=3050 global_step=5252 loss_reg_months=4.4322 lr=0.00013125 grad_norm=1.1730 throughput=16.69 img/s eta_seconds=24.6 gpu_alloc=476.3MiB gpu_reserved=3472.0MiB skipped_batches=0
2026-08-16 12:53:46,450 | INFO | epoch=15 batch=3075 global_step=5255 loss_reg_months=4.4324 lr=0.00013125 grad_norm=1.1302 throughput=16.69 img/s eta_seconds=18.6 gpu_alloc=476.3MiB gpu_reserved=3472.0MiB skipped_batches=0
2026-08-16 12:53:52,199 | INFO | epoch=15 batch=3100 global_step=5258 loss_reg_months=4.4321 lr=0.00013125 grad_norm=1.5696 throughput=16.70 img/s eta_seconds=12.6 gpu_alloc=476.3MiB gpu_reserved=3472.0MiB skipped_batches=0
2026-08-16 12:53:57,956 | INFO | epoch=15 batch=3125 global_step=5261 loss_reg_months=4.4271 lr=0.00013125 grad_norm=2.2613 throughput=16.70 img/s eta_seconds=6.6 gpu_alloc=476.3MiB gpu_reserved=3472.0MiB skipped_batches=0
2026-08-16 12:54:03,702 | INFO | epoch=15 batch=3150 global_step=5264 loss_reg_months=4.4232 lr=0.00013125 grad_norm=1.6737 throughput=16.71 img/s eta_seconds=0.7 gpu_alloc=367.7MiB gpu_reserved=3472.0MiB skipped_batches=0
2026-08-16 12:54:47,594 | WARNING | STABILITY WARNING [CAM] Prediction vượt nhẹ miền tuổi 0–228: [12.81, 239.00]
2026-08-16 12:54:48,371 | INFO | 
TRAINING REVIEW SNAPSHOT
Run ID / config hash / split hash: P6_D0_CONVNEXT_TINY_768_SEED42 / 0e80cf6f780f / 7328667e6822+f650a20432b5
Epoch / global step: 15 / 5265
Train loss: 4.4249
Validation MAE / RMSE / median AE: 6.2075 / 8.3505 / 5.0000
MAE nam / nữ / age bins: {'F': 6.324674079754601, 'M': 6.108586675291074} / {'0-59': 9.025265957446809, '120-179': 5.829419035846724, '60-119': 6.7645939086294415, '180-228': 4.8125}
Learning rate / peak VRAM: 0.00013125 / 3472.0 MiB
Best epoch / best MAE / epochs không cải thiện: 15 / 6.2075 / 0
Cảnh báo hiện tại: CAM: Prediction vượt nhẹ miền tuổi 0–228: [12.81, 239.00]
Checkpoint gần nhất: p1_baseline\runs\P6_D0_CONVNEXT_TINY_768_SEED42\last.ckpt
Checkpoint tốt nhất: p1_baseline\runs\P6_D0_CONVNEXT_TINY_768_SEED42\best_mae.ckpt
Đề xuất tự động: THEO DÕI
2026-08-16 12:55:01,657 | INFO | epoch=16 batch=25 global_step=5267 loss_reg_months=3.6820 lr=0.00012264 grad_norm=1.2756 throughput=7.94 img/s eta_seconds=1576.5 gpu_alloc=476.3MiB gpu_reserved=3472.0MiB skipped_batches=0
2026-08-16 12:55:07,386 | INFO | epoch=16 batch=50 global_step=5270 loss_reg_months=4.4696 lr=0.00012264 grad_norm=0.9121 throughput=10.91 img/s eta_seconds=1137.5 gpu_alloc=476.3MiB gpu_reserved=3472.0MiB skipped_batches=0
2026-08-16 12:55:13,117 | INFO | epoch=16 batch=75 global_step=5273 loss_reg_months=4.6279 lr=0.00012264 grad_norm=1.1059 throughput=12.47 img/s eta_seconds=987.4 gpu_alloc=476.3MiB gpu_reserved=3472.0MiB skipped_batches=0
2026-08-16 12:55:18,856 | INFO | epoch=16 batch=100 global_step=5276 loss_reg_months=4.6002 lr=0.00012264 grad_norm=2.1828 throughput=13.42 img/s eta_seconds=909.7 gpu_alloc=476.3MiB gpu_reserved=3472.0MiB skipped_batches=0
2026-08-16 12:55:24,561 | INFO | epoch=16 batch=125 global_step=5278 loss_reg_months=4.4021 lr=0.00012264 grad_norm=1.3991 throughput=14.08 img/s eta_seconds=860.0 gpu_alloc=476.3MiB gpu_reserved=3472.0MiB skipped_batches=0
2026-08-16 12:55:30,305 | INFO | epoch=16 batch=150 global_step=5281 loss_reg_months=4.3507 lr=0.00012264 grad_norm=1.4752 throughput=14.55 img/s eta_seconds=825.7 gpu_alloc=476.3MiB gpu_reserved=3472.0MiB skipped_batches=0
2026-08-16 12:55:36,047 | INFO | epoch=16 batch=175 global_step=5284 loss_reg_months=4.3096 lr=0.00012264 grad_norm=0.9565 throughput=14.90 img/s eta_seconds=799.6 gpu_alloc=476.3MiB gpu_reserved=3472.0MiB skipped_batches=0
2026-08-16 12:55:41,786 | INFO | epoch=16 batch=200 global_step=5287 loss_reg_months=4.2757 lr=0.00012264 grad_norm=1.2041 throughput=15.17 img/s eta_seconds=778.5 gpu_alloc=476.3MiB gpu_reserved=3472.0MiB skipped_batches=0
2026-08-16 12:55:47,531 | INFO | epoch=16 batch=225 global_step=5290 loss_reg_months=4.2136 lr=0.00012264 grad_norm=1.3119 throughput=15.39 img/s eta_seconds=760.9 gpu_alloc=367.7MiB gpu_reserved=3472.0MiB skipped_batches=0
2026-08-16 12:55:53,245 | INFO | epoch=16 batch=250 global_step=5292 loss_reg_months=4.1958 lr=0.00012264 grad_norm=1.0984 throughput=15.58 img/s eta_seconds=745.3 gpu_alloc=476.3MiB gpu_reserved=3472.0MiB skipped_batches=0
2026-08-16 12:55:58,990 | INFO | epoch=16 batch=275 global_step=5295 loss_reg_months=4.2822 lr=0.00012264 grad_norm=1.3765 throughput=15.73 img/s eta_seconds=731.8 gpu_alloc=476.3MiB gpu_reserved=3472.0MiB skipped_batches=0
2026-08-16 12:56:04,739 | INFO | epoch=16 batch=300 global_step=5298 loss_reg_months=4.2553 lr=0.00012264 grad_norm=1.0549 throughput=15.86 img/s eta_seconds=719.7 gpu_alloc=476.3MiB gpu_reserved=3472.0MiB skipped_batches=0
2026-08-16 12:56:10,480 | INFO | epoch=16 batch=325 global_step=5301 loss_reg_months=4.2465 lr=0.00012264 grad_norm=0.8985 throughput=15.97 img/s eta_seconds=708.5 gpu_alloc=476.3MiB gpu_reserved=3472.0MiB skipped_batches=0
2026-08-16 12:56:16,200 | INFO | epoch=16 batch=350 global_step=5303 loss_reg_months=4.2107 lr=0.00012264 grad_norm=1.2101 throughput=16.07 img/s eta_seconds=697.8 gpu_alloc=476.3MiB gpu_reserved=3472.0MiB skipped_batches=0
2026-08-16 12:56:21,944 | INFO | epoch=16 batch=375 global_step=5306 loss_reg_months=4.1691 lr=0.00012264 grad_norm=0.9279 throughput=16.15 img/s eta_seconds=688.1 gpu_alloc=476.3MiB gpu_reserved=3472.0MiB skipped_batches=0
2026-08-16 12:56:27,682 | INFO | epoch=16 batch=400 global_step=5309 loss_reg_months=4.1395 lr=0.00012264 grad_norm=1.1950 throughput=16.22 img/s eta_seconds=678.7 gpu_alloc=476.3MiB gpu_reserved=3472.0MiB skipped_batches=0
2026-08-16 12:56:33,433 | INFO | epoch=16 batch=425 global_step=5312 loss_reg_months=4.1263 lr=0.00012264 grad_norm=1.5581 throughput=16.29 img/s eta_seconds=669.9 gpu_alloc=476.3MiB gpu_reserved=3472.0MiB skipped_batches=0
2026-08-16 12:56:39,188 | INFO | epoch=16 batch=450 global_step=5315 loss_reg_months=4.1106 lr=0.00012264 grad_norm=1.1400 throughput=16.34 img/s eta_seconds=661.5 gpu_alloc=367.7MiB gpu_reserved=3472.0MiB skipped_batches=0
2026-08-16 12:56:44,910 | INFO | epoch=16 batch=475 global_step=5317 loss_reg_months=4.1364 lr=0.00012264 grad_norm=1.5546 throughput=16.40 img/s eta_seconds=653.1 gpu_alloc=476.3MiB gpu_reserved=3472.0MiB skipped_batches=0
2026-08-16 12:56:50,649 | INFO | epoch=16 batch=500 global_step=5320 loss_reg_months=4.1608 lr=0.00012264 grad_norm=1.3468 throughput=16.45 img/s eta_seconds=645.1 gpu_alloc=476.3MiB gpu_reserved=3472.0MiB skipped_batches=0
2026-08-16 12:56:56,392 | INFO | epoch=16 batch=525 global_step=5323 loss_reg_months=4.1526 lr=0.00012264 grad_norm=1.0401 throughput=16.49 img/s eta_seconds=637.4 gpu_alloc=476.3MiB gpu_reserved=3472.0MiB skipped_batches=0
2026-08-16 12:57:02,129 | INFO | epoch=16 batch=550 global_step=5326 loss_reg_months=4.1598 lr=0.00012264 grad_norm=1.3076 throughput=16.53 img/s eta_seconds=629.7 gpu_alloc=476.3MiB gpu_reserved=3472.0MiB skipped_batches=0
2026-08-16 12:57:07,856 | INFO | epoch=16 batch=575 global_step=5328 loss_reg_months=4.1590 lr=0.00012264 grad_norm=1.1321 throughput=16.57 img/s eta_seconds=622.3 gpu_alloc=476.3MiB gpu_reserved=3472.0MiB skipped_batches=0
2026-08-16 12:57:13,599 | INFO | epoch=16 batch=600 global_step=5331 loss_reg_months=4.1575 lr=0.00012264 grad_norm=1.1158 throughput=16.60 img/s eta_seconds=615.0 gpu_alloc=476.3MiB gpu_reserved=3472.0MiB skipped_batches=0
2026-08-16 12:57:19,343 | INFO | epoch=16 batch=625 global_step=5334 loss_reg_months=4.1480 lr=0.00012264 grad_norm=1.4307 throughput=16.63 img/s eta_seconds=607.8 gpu_alloc=476.3MiB gpu_reserved=3472.0MiB skipped_batches=0
2026-08-16 12:57:25,095 | INFO | epoch=16 batch=650 global_step=5337 loss_reg_months=4.1783 lr=0.00012264 grad_norm=1.1203 throughput=16.66 img/s eta_seconds=600.8 gpu_alloc=476.3MiB gpu_reserved=3472.0MiB skipped_batches=0
2026-08-16 12:57:30,832 | INFO | epoch=16 batch=675 global_step=5340 loss_reg_months=4.1507 lr=0.00012264 grad_norm=1.3578 throughput=16.69 img/s eta_seconds=593.8 gpu_alloc=367.7MiB gpu_reserved=3472.0MiB skipped_batches=0
2026-08-16 12:57:36,558 | INFO | epoch=16 batch=700 global_step=5342 loss_reg_months=4.1421 lr=0.00012264 grad_norm=0.8586 throughput=16.72 img/s eta_seconds=586.9 gpu_alloc=476.3MiB gpu_reserved=3472.0MiB skipped_batches=0
2026-08-16 12:57:42,315 | INFO | epoch=16 batch=725 global_step=5345 loss_reg_months=4.1520 lr=0.00012264 grad_norm=1.3655 throughput=16.74 img/s eta_seconds=580.2 gpu_alloc=476.3MiB gpu_reserved=3472.0MiB skipped_batches=0
2026-08-16 12:57:48,082 | INFO | epoch=16 batch=750 global_step=5348 loss_reg_months=4.1356 lr=0.00012264 grad_norm=1.0747 throughput=16.76 img/s eta_seconds=573.5 gpu_alloc=476.3MiB gpu_reserved=3472.0MiB skipped_batches=0
2026-08-16 12:57:53,857 | INFO | epoch=16 batch=775 global_step=5351 loss_reg_months=4.1434 lr=0.00012264 grad_norm=2.3758 throughput=16.77 img/s eta_seconds=567.0 gpu_alloc=476.3MiB gpu_reserved=3472.0MiB skipped_batches=0
2026-08-16 12:57:59,583 | INFO | epoch=16 batch=800 global_step=5353 loss_reg_months=4.1608 lr=0.00012264 grad_norm=1.8623 throughput=16.80 img/s eta_seconds=560.3 gpu_alloc=476.3MiB gpu_reserved=3472.0MiB skipped_batches=0
2026-08-16 12:58:05,331 | INFO | epoch=16 batch=825 global_step=5356 loss_reg_months=4.1530 lr=0.00012264 grad_norm=1.6461 throughput=16.81 img/s eta_seconds=553.8 gpu_alloc=476.3MiB gpu_reserved=3472.0MiB skipped_batches=0
2026-08-16 12:58:11,076 | INFO | epoch=16 batch=850 global_step=5359 loss_reg_months=4.1471 lr=0.00012264 grad_norm=1.7616 throughput=16.83 img/s eta_seconds=547.3 gpu_alloc=476.3MiB gpu_reserved=3472.0MiB skipped_batches=0
2026-08-16 12:58:16,840 | INFO | epoch=16 batch=875 global_step=5362 loss_reg_months=4.1313 lr=0.00012264 grad_norm=1.9158 throughput=16.84 img/s eta_seconds=540.9 gpu_alloc=476.3MiB gpu_reserved=3472.0MiB skipped_batches=0
2026-08-16 12:58:22,597 | INFO | epoch=16 batch=900 global_step=5365 loss_reg_months=4.1366 lr=0.00012264 grad_norm=1.3069 throughput=16.86 img/s eta_seconds=534.5 gpu_alloc=367.7MiB gpu_reserved=3472.0MiB skipped_batches=0
2026-08-16 12:58:28,315 | INFO | epoch=16 batch=925 global_step=5367 loss_reg_months=4.1579 lr=0.00012264 grad_norm=1.6145 throughput=16.88 img/s eta_seconds=528.1 gpu_alloc=476.3MiB gpu_reserved=3472.0MiB skipped_batches=0
2026-08-16 12:58:34,073 | INFO | epoch=16 batch=950 global_step=5370 loss_reg_months=4.1864 lr=0.00012264 grad_norm=1.6425 throughput=16.89 img/s eta_seconds=521.7 gpu_alloc=476.3MiB gpu_reserved=3472.0MiB skipped_batches=0
2026-08-16 12:58:39,820 | INFO | epoch=16 batch=975 global_step=5373 loss_reg_months=4.1966 lr=0.00012264 grad_norm=1.4147 throughput=16.90 img/s eta_seconds=515.4 gpu_alloc=476.3MiB gpu_reserved=3472.0MiB skipped_batches=0
2026-08-16 12:58:45,577 | INFO | epoch=16 batch=1000 global_step=5376 loss_reg_months=4.2033 lr=0.00012264 grad_norm=2.1876 throughput=16.91 img/s eta_seconds=509.2 gpu_alloc=476.3MiB gpu_reserved=3472.0MiB skipped_batches=0
2026-08-16 12:58:51,299 | INFO | epoch=16 batch=1025 global_step=5378 loss_reg_months=4.2318 lr=0.00012264 grad_norm=1.2753 throughput=16.93 img/s eta_seconds=502.9 gpu_alloc=476.3MiB gpu_reserved=3472.0MiB skipped_batches=0
2026-08-16 12:58:57,050 | INFO | epoch=16 batch=1050 global_step=5381 loss_reg_months=4.2466 lr=0.00012264 grad_norm=1.9227 throughput=16.94 img/s eta_seconds=496.6 gpu_alloc=476.3MiB gpu_reserved=3472.0MiB skipped_batches=0
2026-08-16 12:59:02,799 | INFO | epoch=16 batch=1075 global_step=5384 loss_reg_months=4.2759 lr=0.00012264 grad_norm=1.8245 throughput=16.95 img/s eta_seconds=490.4 gpu_alloc=476.3MiB gpu_reserved=3472.0MiB skipped_batches=0
2026-08-16 12:59:08,546 | INFO | epoch=16 batch=1100 global_step=5387 loss_reg_months=4.2733 lr=0.00012264 grad_norm=1.5702 throughput=16.96 img/s eta_seconds=484.2 gpu_alloc=476.3MiB gpu_reserved=3472.0MiB skipped_batches=0
2026-08-16 12:59:14,295 | INFO | epoch=16 batch=1125 global_step=5390 loss_reg_months=4.2789 lr=0.00012264 grad_norm=1.4733 throughput=16.97 img/s eta_seconds=478.1 gpu_alloc=367.7MiB gpu_reserved=3472.0MiB skipped_batches=0
2026-08-16 12:59:20,011 | INFO | epoch=16 batch=1150 global_step=5392 loss_reg_months=4.2980 lr=0.00012264 grad_norm=1.1102 throughput=16.98 img/s eta_seconds=471.9 gpu_alloc=476.3MiB gpu_reserved=3472.0MiB skipped_batches=0
2026-08-16 12:59:25,766 | INFO | epoch=16 batch=1175 global_step=5395 loss_reg_months=4.2996 lr=0.00012264 grad_norm=1.3752 throughput=16.99 img/s eta_seconds=465.8 gpu_alloc=476.3MiB gpu_reserved=3472.0MiB skipped_batches=0
2026-08-16 12:59:31,513 | INFO | epoch=16 batch=1200 global_step=5398 loss_reg_months=4.3115 lr=0.00012264 grad_norm=1.0955 throughput=16.99 img/s eta_seconds=459.6 gpu_alloc=476.3MiB gpu_reserved=3472.0MiB skipped_batches=0
2026-08-16 12:59:37,270 | INFO | epoch=16 batch=1225 global_step=5401 loss_reg_months=4.3191 lr=0.00012264 grad_norm=1.0582 throughput=17.00 img/s eta_seconds=453.6 gpu_alloc=476.3MiB gpu_reserved=3472.0MiB skipped_batches=0
2026-08-16 12:59:42,987 | INFO | epoch=16 batch=1250 global_step=5403 loss_reg_months=4.3040 lr=0.00012264 grad_norm=1.4907 throughput=17.01 img/s eta_seconds=447.4 gpu_alloc=476.3MiB gpu_reserved=3472.0MiB skipped_batches=0
2026-08-16 12:59:48,740 | INFO | epoch=16 batch=1275 global_step=5406 loss_reg_months=4.2932 lr=0.00012264 grad_norm=0.8534 throughput=17.02 img/s eta_seconds=441.4 gpu_alloc=476.3MiB gpu_reserved=3472.0MiB skipped_batches=0
2026-08-16 12:59:54,487 | INFO | epoch=16 batch=1300 global_step=5409 loss_reg_months=4.2925 lr=0.00012264 grad_norm=1.0708 throughput=17.03 img/s eta_seconds=435.3 gpu_alloc=476.3MiB gpu_reserved=3472.0MiB skipped_batches=0
2026-08-16 13:00:00,253 | INFO | epoch=16 batch=1325 global_step=5412 loss_reg_months=4.3001 lr=0.00012264 grad_norm=1.0765 throughput=17.03 img/s eta_seconds=429.3 gpu_alloc=476.3MiB gpu_reserved=3472.0MiB skipped_batches=0
2026-08-16 13:00:05,999 | INFO | epoch=16 batch=1350 global_step=5415 loss_reg_months=4.2988 lr=0.00012264 grad_norm=1.2233 throughput=17.04 img/s eta_seconds=423.2 gpu_alloc=367.7MiB gpu_reserved=3472.0MiB skipped_batches=0
2026-08-16 13:00:11,714 | INFO | epoch=16 batch=1375 global_step=5417 loss_reg_months=4.2965 lr=0.00012264 grad_norm=1.0505 throughput=17.05 img/s eta_seconds=417.2 gpu_alloc=476.3MiB gpu_reserved=3472.0MiB skipped_batches=0
2026-08-16 13:00:17,488 | INFO | epoch=16 batch=1400 global_step=5420 loss_reg_months=4.2825 lr=0.00012264 grad_norm=1.4197 throughput=17.05 img/s eta_seconds=411.2 gpu_alloc=476.3MiB gpu_reserved=3472.0MiB skipped_batches=0
2026-08-16 13:00:23,235 | INFO | epoch=16 batch=1425 global_step=5423 loss_reg_months=4.2846 lr=0.00012264 grad_norm=1.1465 throughput=17.06 img/s eta_seconds=405.2 gpu_alloc=476.3MiB gpu_reserved=3472.0MiB skipped_batches=0
2026-08-16 13:00:28,998 | INFO | epoch=16 batch=1450 global_step=5426 loss_reg_months=4.2870 lr=0.00012264 grad_norm=1.3076 throughput=17.06 img/s eta_seconds=399.2 gpu_alloc=476.3MiB gpu_reserved=3472.0MiB skipped_batches=0
2026-08-16 13:00:34,714 | INFO | epoch=16 batch=1475 global_step=5428 loss_reg_months=4.3032 lr=0.00012264 grad_norm=1.4017 throughput=17.07 img/s eta_seconds=393.2 gpu_alloc=476.3MiB gpu_reserved=3472.0MiB skipped_batches=0
2026-08-16 13:00:40,466 | INFO | epoch=16 batch=1500 global_step=5431 loss_reg_months=4.3282 lr=0.00012264 grad_norm=1.4534 throughput=17.07 img/s eta_seconds=387.2 gpu_alloc=476.3MiB gpu_reserved=3472.0MiB skipped_batches=0
2026-08-16 13:00:46,215 | INFO | epoch=16 batch=1525 global_step=5434 loss_reg_months=4.3251 lr=0.00012264 grad_norm=1.5802 throughput=17.08 img/s eta_seconds=381.2 gpu_alloc=476.3MiB gpu_reserved=3472.0MiB skipped_batches=0
2026-08-16 13:00:51,964 | INFO | epoch=16 batch=1550 global_step=5437 loss_reg_months=4.3396 lr=0.00012264 grad_norm=1.5276 throughput=17.08 img/s eta_seconds=375.3 gpu_alloc=476.3MiB gpu_reserved=3472.0MiB skipped_batches=0
2026-08-16 13:00:57,709 | INFO | epoch=16 batch=1575 global_step=5440 loss_reg_months=4.3268 lr=0.00012264 grad_norm=1.3837 throughput=17.09 img/s eta_seconds=369.3 gpu_alloc=367.7MiB gpu_reserved=3472.0MiB skipped_batches=0
2026-08-16 13:01:03,435 | INFO | epoch=16 batch=1600 global_step=5442 loss_reg_months=4.3314 lr=0.00012264 grad_norm=1.4262 throughput=17.09 img/s eta_seconds=363.3 gpu_alloc=476.3MiB gpu_reserved=3472.0MiB skipped_batches=0
2026-08-16 13:01:09,186 | INFO | epoch=16 batch=1625 global_step=5445 loss_reg_months=4.3380 lr=0.00012264 grad_norm=1.1932 throughput=17.10 img/s eta_seconds=357.4 gpu_alloc=476.3MiB gpu_reserved=3472.0MiB skipped_batches=0
2026-08-16 13:01:14,930 | INFO | epoch=16 batch=1650 global_step=5448 loss_reg_months=4.3184 lr=0.00012264 grad_norm=1.1809 throughput=17.10 img/s eta_seconds=351.4 gpu_alloc=476.3MiB gpu_reserved=3472.0MiB skipped_batches=0
2026-08-16 13:01:20,685 | INFO | epoch=16 batch=1675 global_step=5451 loss_reg_months=4.3126 lr=0.00012264 grad_norm=1.2404 throughput=17.11 img/s eta_seconds=345.5 gpu_alloc=476.3MiB gpu_reserved=3472.0MiB skipped_batches=0
2026-08-16 13:01:26,408 | INFO | epoch=16 batch=1700 global_step=5453 loss_reg_months=4.3231 lr=0.00012264 grad_norm=1.3250 throughput=17.11 img/s eta_seconds=339.6 gpu_alloc=476.3MiB gpu_reserved=3472.0MiB skipped_batches=0
2026-08-16 13:01:32,146 | INFO | epoch=16 batch=1725 global_step=5456 loss_reg_months=4.3290 lr=0.00012264 grad_norm=1.4906 throughput=17.12 img/s eta_seconds=333.6 gpu_alloc=476.3MiB gpu_reserved=3472.0MiB skipped_batches=0
2026-08-16 13:01:37,892 | INFO | epoch=16 batch=1750 global_step=5459 loss_reg_months=4.3344 lr=0.00012264 grad_norm=1.4850 throughput=17.12 img/s eta_seconds=327.7 gpu_alloc=476.3MiB gpu_reserved=3472.0MiB skipped_batches=0
2026-08-16 13:01:43,648 | INFO | epoch=16 batch=1775 global_step=5462 loss_reg_months=4.3381 lr=0.00012264 grad_norm=1.3013 throughput=17.13 img/s eta_seconds=321.8 gpu_alloc=476.3MiB gpu_reserved=3472.0MiB skipped_batches=0
2026-08-16 13:01:49,750 | INFO | epoch=16 batch=1800 global_step=5465 loss_reg_months=4.3352 lr=0.00012264 grad_norm=1.0506 throughput=17.11 img/s eta_seconds=316.2 gpu_alloc=367.7MiB gpu_reserved=3472.0MiB skipped_batches=0
2026-08-16 13:01:55,487 | INFO | epoch=16 batch=1825 global_step=5467 loss_reg_months=4.3345 lr=0.00012264 grad_norm=1.0944 throughput=17.12 img/s eta_seconds=310.2 gpu_alloc=476.3MiB gpu_reserved=3472.0MiB skipped_batches=0
2026-08-16 13:02:01,239 | INFO | epoch=16 batch=1850 global_step=5470 loss_reg_months=4.3287 lr=0.00012264 grad_norm=1.2549 throughput=17.12 img/s eta_seconds=304.3 gpu_alloc=476.3MiB gpu_reserved=3472.0MiB skipped_batches=0
2026-08-16 13:02:06,998 | INFO | epoch=16 batch=1875 global_step=5473 loss_reg_months=4.3235 lr=0.00012264 grad_norm=1.0339 throughput=17.13 img/s eta_seconds=298.4 gpu_alloc=476.3MiB gpu_reserved=3472.0MiB skipped_batches=0
2026-08-16 13:02:12,791 | INFO | epoch=16 batch=1900 global_step=5476 loss_reg_months=4.3216 lr=0.00012264 grad_norm=1.0788 throughput=17.13 img/s eta_seconds=292.6 gpu_alloc=476.3MiB gpu_reserved=3472.0MiB skipped_batches=0
2026-08-16 13:02:18,521 | INFO | epoch=16 batch=1925 global_step=5478 loss_reg_months=4.3245 lr=0.00012264 grad_norm=0.8791 throughput=17.13 img/s eta_seconds=286.7 gpu_alloc=476.3MiB gpu_reserved=3472.0MiB skipped_batches=0
2026-08-16 13:02:24,273 | INFO | epoch=16 batch=1950 global_step=5481 loss_reg_months=4.3376 lr=0.00012264 grad_norm=1.6472 throughput=17.13 img/s eta_seconds=280.8 gpu_alloc=476.3MiB gpu_reserved=3472.0MiB skipped_batches=0
2026-08-16 13:02:30,010 | INFO | epoch=16 batch=1975 global_step=5484 loss_reg_months=4.3430 lr=0.00012264 grad_norm=1.4286 throughput=17.14 img/s eta_seconds=274.9 gpu_alloc=476.3MiB gpu_reserved=3472.0MiB skipped_batches=0
2026-08-16 13:02:35,752 | INFO | epoch=16 batch=2000 global_step=5487 loss_reg_months=4.3553 lr=0.00012264 grad_norm=1.2946 throughput=17.14 img/s eta_seconds=269.0 gpu_alloc=476.3MiB gpu_reserved=3472.0MiB skipped_batches=0
2026-08-16 13:02:41,507 | INFO | epoch=16 batch=2025 global_step=5490 loss_reg_months=4.3495 lr=0.00012264 grad_norm=0.8829 throughput=17.14 img/s eta_seconds=263.1 gpu_alloc=367.7MiB gpu_reserved=3472.0MiB skipped_batches=0
2026-08-16 13:02:47,242 | INFO | epoch=16 batch=2050 global_step=5492 loss_reg_months=4.3630 lr=0.00012264 grad_norm=1.3941 throughput=17.15 img/s eta_seconds=257.2 gpu_alloc=476.3MiB gpu_reserved=3472.0MiB skipped_batches=0
2026-08-16 13:02:53,000 | INFO | epoch=16 batch=2075 global_step=5495 loss_reg_months=4.3605 lr=0.00012264 grad_norm=2.3080 throughput=17.15 img/s eta_seconds=251.4 gpu_alloc=476.3MiB gpu_reserved=3472.0MiB skipped_batches=0
2026-08-16 13:02:58,751 | INFO | epoch=16 batch=2100 global_step=5498 loss_reg_months=4.3663 lr=0.00012264 grad_norm=1.5271 throughput=17.15 img/s eta_seconds=245.5 gpu_alloc=476.3MiB gpu_reserved=3472.0MiB skipped_batches=0
2026-08-16 13:03:05,608 | INFO | epoch=16 batch=2125 global_step=5501 loss_reg_months=4.3672 lr=0.00012264 grad_norm=1.3015 throughput=17.12 img/s eta_seconds=240.2 gpu_alloc=476.3MiB gpu_reserved=3472.0MiB skipped_batches=0
2026-08-16 13:03:11,388 | INFO | epoch=16 batch=2150 global_step=5503 loss_reg_months=4.3704 lr=0.00012264 grad_norm=1.0486 throughput=17.12 img/s eta_seconds=234.3 gpu_alloc=476.3MiB gpu_reserved=3472.0MiB skipped_batches=0
2026-08-16 13:03:17,142 | INFO | epoch=16 batch=2175 global_step=5506 loss_reg_months=4.3676 lr=0.00012264 grad_norm=1.4629 throughput=17.12 img/s eta_seconds=228.4 gpu_alloc=476.3MiB gpu_reserved=3472.0MiB skipped_batches=0
2026-08-16 13:03:22,886 | INFO | epoch=16 batch=2200 global_step=5509 loss_reg_months=4.3703 lr=0.00012264 grad_norm=1.5824 throughput=17.13 img/s eta_seconds=222.5 gpu_alloc=476.3MiB gpu_reserved=3472.0MiB skipped_batches=0
2026-08-16 13:03:28,746 | INFO | epoch=16 batch=2225 global_step=5512 loss_reg_months=4.3766 lr=0.00012264 grad_norm=1.9866 throughput=17.13 img/s eta_seconds=216.7 gpu_alloc=476.3MiB gpu_reserved=3472.0MiB skipped_batches=0
2026-08-16 13:03:34,555 | INFO | epoch=16 batch=2250 global_step=5515 loss_reg_months=4.3722 lr=0.00012264 grad_norm=1.7828 throughput=17.13 img/s eta_seconds=210.8 gpu_alloc=367.7MiB gpu_reserved=3472.0MiB skipped_batches=0
2026-08-16 13:03:40,270 | INFO | epoch=16 batch=2275 global_step=5517 loss_reg_months=4.3713 lr=0.00012264 grad_norm=1.4762 throughput=17.13 img/s eta_seconds=205.0 gpu_alloc=476.3MiB gpu_reserved=3472.0MiB skipped_batches=0
2026-08-16 13:03:46,028 | INFO | epoch=16 batch=2300 global_step=5520 loss_reg_months=4.3690 lr=0.00012264 grad_norm=1.2045 throughput=17.13 img/s eta_seconds=199.1 gpu_alloc=476.3MiB gpu_reserved=3472.0MiB skipped_batches=0
2026-08-16 13:03:51,773 | INFO | epoch=16 batch=2325 global_step=5523 loss_reg_months=4.3567 lr=0.00012264 grad_norm=1.0556 throughput=17.14 img/s eta_seconds=193.2 gpu_alloc=476.3MiB gpu_reserved=3472.0MiB skipped_batches=0
2026-08-16 13:03:57,543 | INFO | epoch=16 batch=2350 global_step=5526 loss_reg_months=4.3517 lr=0.00012264 grad_norm=1.2947 throughput=17.14 img/s eta_seconds=187.4 gpu_alloc=476.3MiB gpu_reserved=3472.0MiB skipped_batches=0
2026-08-16 13:04:03,259 | INFO | epoch=16 batch=2375 global_step=5528 loss_reg_months=4.3510 lr=0.00012264 grad_norm=0.9309 throughput=17.14 img/s eta_seconds=181.5 gpu_alloc=476.3MiB gpu_reserved=3472.0MiB skipped_batches=0
2026-08-16 13:04:09,003 | INFO | epoch=16 batch=2400 global_step=5531 loss_reg_months=4.3385 lr=0.00012264 grad_norm=1.5028 throughput=17.14 img/s eta_seconds=175.6 gpu_alloc=476.3MiB gpu_reserved=3472.0MiB skipped_batches=0
2026-08-16 13:04:14,744 | INFO | epoch=16 batch=2425 global_step=5534 loss_reg_months=4.3323 lr=0.00012264 grad_norm=1.2855 throughput=17.15 img/s eta_seconds=169.8 gpu_alloc=476.3MiB gpu_reserved=3472.0MiB skipped_batches=0
2026-08-16 13:04:20,509 | INFO | epoch=16 batch=2450 global_step=5537 loss_reg_months=4.3373 lr=0.00012264 grad_norm=1.3952 throughput=17.15 img/s eta_seconds=163.9 gpu_alloc=476.3MiB gpu_reserved=3472.0MiB skipped_batches=0
2026-08-16 13:04:26,303 | INFO | epoch=16 batch=2475 global_step=5540 loss_reg_months=4.3415 lr=0.00012264 grad_norm=1.5418 throughput=17.15 img/s eta_seconds=158.1 gpu_alloc=367.7MiB gpu_reserved=3472.0MiB skipped_batches=0
2026-08-16 13:04:32,024 | INFO | epoch=16 batch=2500 global_step=5542 loss_reg_months=4.3380 lr=0.00012264 grad_norm=1.3138 throughput=17.15 img/s eta_seconds=152.2 gpu_alloc=476.3MiB gpu_reserved=3472.0MiB skipped_batches=0
2026-08-16 13:04:37,773 | INFO | epoch=16 batch=2525 global_step=5545 loss_reg_months=4.3308 lr=0.00012264 grad_norm=1.4265 throughput=17.16 img/s eta_seconds=146.4 gpu_alloc=476.3MiB gpu_reserved=3472.0MiB skipped_batches=0
2026-08-16 13:04:43,565 | INFO | epoch=16 batch=2550 global_step=5548 loss_reg_months=4.3295 lr=0.00012264 grad_norm=1.6034 throughput=17.16 img/s eta_seconds=140.5 gpu_alloc=476.3MiB gpu_reserved=3472.0MiB skipped_batches=0
2026-08-16 13:04:49,326 | INFO | epoch=16 batch=2575 global_step=5551 loss_reg_months=4.3332 lr=0.00012264 grad_norm=1.1348 throughput=17.16 img/s eta_seconds=134.7 gpu_alloc=476.3MiB gpu_reserved=3472.0MiB skipped_batches=0
2026-08-16 13:04:55,042 | INFO | epoch=16 batch=2600 global_step=5553 loss_reg_months=4.3357 lr=0.00012264 grad_norm=1.5610 throughput=17.16 img/s eta_seconds=128.8 gpu_alloc=476.3MiB gpu_reserved=3472.0MiB skipped_batches=0
2026-08-16 13:05:00,795 | INFO | epoch=16 batch=2625 global_step=5556 loss_reg_months=4.3335 lr=0.00012264 grad_norm=1.8005 throughput=17.16 img/s eta_seconds=123.0 gpu_alloc=476.3MiB gpu_reserved=3472.0MiB skipped_batches=0
2026-08-16 13:05:06,547 | INFO | epoch=16 batch=2650 global_step=5559 loss_reg_months=4.3310 lr=0.00012264 grad_norm=1.7302 throughput=17.17 img/s eta_seconds=117.1 gpu_alloc=476.3MiB gpu_reserved=3472.0MiB skipped_batches=0
2026-08-16 13:05:12,291 | INFO | epoch=16 batch=2675 global_step=5562 loss_reg_months=4.3255 lr=0.00012264 grad_norm=1.1245 throughput=17.17 img/s eta_seconds=111.3 gpu_alloc=476.3MiB gpu_reserved=3472.0MiB skipped_batches=0
2026-08-16 13:05:18,067 | INFO | epoch=16 batch=2700 global_step=5565 loss_reg_months=4.3212 lr=0.00012264 grad_norm=1.3851 throughput=17.17 img/s eta_seconds=105.5 gpu_alloc=367.7MiB gpu_reserved=3472.0MiB skipped_batches=0
2026-08-16 13:05:23,785 | INFO | epoch=16 batch=2725 global_step=5567 loss_reg_months=4.3174 lr=0.00012264 grad_norm=0.8538 throughput=17.17 img/s eta_seconds=99.6 gpu_alloc=476.3MiB gpu_reserved=3472.0MiB skipped_batches=0
2026-08-16 13:05:29,540 | INFO | epoch=16 batch=2750 global_step=5570 loss_reg_months=4.3082 lr=0.00012264 grad_norm=1.1367 throughput=17.17 img/s eta_seconds=93.8 gpu_alloc=476.3MiB gpu_reserved=3472.0MiB skipped_batches=0
2026-08-16 13:05:35,297 | INFO | epoch=16 batch=2775 global_step=5573 loss_reg_months=4.3000 lr=0.00012264 grad_norm=1.1925 throughput=17.18 img/s eta_seconds=88.0 gpu_alloc=476.3MiB gpu_reserved=3472.0MiB skipped_batches=0
2026-08-16 13:05:41,045 | INFO | epoch=16 batch=2800 global_step=5576 loss_reg_months=4.2985 lr=0.00012264 grad_norm=1.4726 throughput=17.18 img/s eta_seconds=82.1 gpu_alloc=476.3MiB gpu_reserved=3472.0MiB skipped_batches=0
2026-08-16 13:05:46,755 | INFO | epoch=16 batch=2825 global_step=5578 loss_reg_months=4.3013 lr=0.00012264 grad_norm=1.1418 throughput=17.18 img/s eta_seconds=76.3 gpu_alloc=476.3MiB gpu_reserved=3472.0MiB skipped_batches=0
2026-08-16 13:05:52,522 | INFO | epoch=16 batch=2850 global_step=5581 loss_reg_months=4.2973 lr=0.00012264 grad_norm=1.6050 throughput=17.18 img/s eta_seconds=70.5 gpu_alloc=476.3MiB gpu_reserved=3472.0MiB skipped_batches=0
2026-08-16 13:05:58,295 | INFO | epoch=16 batch=2875 global_step=5584 loss_reg_months=4.2961 lr=0.00012264 grad_norm=1.5081 throughput=17.18 img/s eta_seconds=64.7 gpu_alloc=476.3MiB gpu_reserved=3472.0MiB skipped_batches=0
2026-08-16 13:06:04,080 | INFO | epoch=16 batch=2900 global_step=5587 loss_reg_months=4.2988 lr=0.00012264 grad_norm=1.4199 throughput=17.18 img/s eta_seconds=58.8 gpu_alloc=476.3MiB gpu_reserved=3472.0MiB skipped_batches=0
2026-08-16 13:06:09,848 | INFO | epoch=16 batch=2925 global_step=5590 loss_reg_months=4.2939 lr=0.00012264 grad_norm=0.9932 throughput=17.19 img/s eta_seconds=53.0 gpu_alloc=367.7MiB gpu_reserved=3472.0MiB skipped_batches=0
2026-08-16 13:06:15,577 | INFO | epoch=16 batch=2950 global_step=5592 loss_reg_months=4.2838 lr=0.00012264 grad_norm=1.1749 throughput=17.19 img/s eta_seconds=47.2 gpu_alloc=476.3MiB gpu_reserved=3472.0MiB skipped_batches=0
2026-08-16 13:06:21,324 | INFO | epoch=16 batch=2975 global_step=5595 loss_reg_months=4.2847 lr=0.00012264 grad_norm=1.5693 throughput=17.19 img/s eta_seconds=41.4 gpu_alloc=476.3MiB gpu_reserved=3472.0MiB skipped_batches=0
2026-08-16 13:06:27,075 | INFO | epoch=16 batch=3000 global_step=5598 loss_reg_months=4.2867 lr=0.00012264 grad_norm=2.5392 throughput=17.19 img/s eta_seconds=35.5 gpu_alloc=476.3MiB gpu_reserved=3472.0MiB skipped_batches=0
2026-08-16 13:06:32,817 | INFO | epoch=16 batch=3025 global_step=5601 loss_reg_months=4.2827 lr=0.00012264 grad_norm=1.5185 throughput=17.19 img/s eta_seconds=29.7 gpu_alloc=476.3MiB gpu_reserved=3472.0MiB skipped_batches=0
2026-08-16 13:06:38,576 | INFO | epoch=16 batch=3050 global_step=5603 loss_reg_months=4.2791 lr=0.00012264 grad_norm=2.4442 throughput=17.19 img/s eta_seconds=23.9 gpu_alloc=476.3MiB gpu_reserved=3472.0MiB skipped_batches=0
2026-08-16 13:06:44,318 | INFO | epoch=16 batch=3075 global_step=5606 loss_reg_months=4.2828 lr=0.00012264 grad_norm=1.1141 throughput=17.20 img/s eta_seconds=18.1 gpu_alloc=476.3MiB gpu_reserved=3472.0MiB skipped_batches=0
2026-08-16 13:06:50,061 | INFO | epoch=16 batch=3100 global_step=5609 loss_reg_months=4.2896 lr=0.00012264 grad_norm=1.5734 throughput=17.20 img/s eta_seconds=12.3 gpu_alloc=476.3MiB gpu_reserved=3472.0MiB skipped_batches=0
2026-08-16 13:06:55,805 | INFO | epoch=16 batch=3125 global_step=5612 loss_reg_months=4.2905 lr=0.00012264 grad_norm=1.4088 throughput=17.20 img/s eta_seconds=6.5 gpu_alloc=476.3MiB gpu_reserved=3472.0MiB skipped_batches=0
2026-08-16 13:07:01,647 | INFO | epoch=16 batch=3150 global_step=5615 loss_reg_months=4.2907 lr=0.00012264 grad_norm=1.6899 throughput=17.20 img/s eta_seconds=0.6 gpu_alloc=367.7MiB gpu_reserved=3472.0MiB skipped_batches=0
2026-08-16 13:07:46,571 | INFO | 
TRAINING REVIEW SNAPSHOT
Run ID / config hash / split hash: P6_D0_CONVNEXT_TINY_768_SEED42 / 0e80cf6f780f / 7328667e6822+f650a20432b5
Epoch / global step: 16 / 5616
Train loss: 4.2911
Validation MAE / RMSE / median AE: 6.2213 / 8.4556 / 5.0000
MAE nam / nữ / age bins: {'F': 6.53767254601227, 'M': 5.954479301423027} / {'0-59': 5.732712765957447, '120-179': 6.057478368355995, '60-119': 7.2055837563451774, '180-228': 4.5859375}
Learning rate / peak VRAM: 0.00012264 / 3472.0 MiB
Best epoch / best MAE / epochs không cải thiện: 15 / 6.2075 / 1
Cảnh báo hiện tại: KHÔNG
Checkpoint gần nhất: p1_baseline\runs\P6_D0_CONVNEXT_TINY_768_SEED42\last.ckpt
Checkpoint tốt nhất: p1_baseline\runs\P6_D0_CONVNEXT_TINY_768_SEED42\best_mae.ckpt
Đề xuất tự động: TIẾP TỤC
2026-08-16 13:08:03,084 | INFO | epoch=17 batch=25 global_step=5618 loss_reg_months=4.4008 lr=0.00011386 grad_norm=1.4748 throughput=7.41 img/s eta_seconds=1688.3 gpu_alloc=476.3MiB gpu_reserved=3472.0MiB skipped_batches=0
2026-08-16 13:08:08,906 | INFO | epoch=17 batch=50 global_step=5621 loss_reg_months=4.3597 lr=0.00011386 grad_norm=1.5517 throughput=10.35 img/s eta_seconds=1198.7 gpu_alloc=476.3MiB gpu_reserved=3472.0MiB skipped_batches=0
2026-08-16 13:08:14,704 | INFO | epoch=17 batch=75 global_step=5624 loss_reg_months=4.2096 lr=0.00011386 grad_norm=1.2645 throughput=11.95 img/s eta_seconds=1030.6 gpu_alloc=476.3MiB gpu_reserved=3472.0MiB skipped_batches=0
2026-08-16 13:08:20,460 | INFO | epoch=17 batch=100 global_step=5627 loss_reg_months=4.0888 lr=0.00011386 grad_norm=1.6927 throughput=12.96 img/s eta_seconds=942.4 gpu_alloc=476.3MiB gpu_reserved=3472.0MiB skipped_batches=0
2026-08-16 13:08:26,196 | INFO | epoch=17 batch=125 global_step=5629 loss_reg_months=4.1078 lr=0.00011386 grad_norm=0.9475 throughput=13.66 img/s eta_seconds=886.7 gpu_alloc=476.3MiB gpu_reserved=3472.0MiB skipped_batches=0
2026-08-16 13:08:32,066 | INFO | epoch=17 batch=150 global_step=5632 loss_reg_months=4.1536 lr=0.00011386 grad_norm=1.5720 throughput=14.13 img/s eta_seconds=850.3 gpu_alloc=476.3MiB gpu_reserved=3472.0MiB skipped_batches=0
2026-08-16 13:08:37,948 | INFO | epoch=17 batch=175 global_step=5635 loss_reg_months=4.1810 lr=0.00011386 grad_norm=1.2514 throughput=14.48 img/s eta_seconds=822.8 gpu_alloc=476.3MiB gpu_reserved=3472.0MiB skipped_batches=0
2026-08-16 13:08:43,772 | INFO | epoch=17 batch=200 global_step=5638 loss_reg_months=4.2094 lr=0.00011386 grad_norm=1.6179 throughput=14.77 img/s eta_seconds=799.9 gpu_alloc=476.3MiB gpu_reserved=3472.0MiB skipped_batches=0
2026-08-16 13:08:49,616 | INFO | epoch=17 batch=225 global_step=5641 loss_reg_months=4.2727 lr=0.00011386 grad_norm=1.5275 throughput=14.99 img/s eta_seconds=781.1 gpu_alloc=367.7MiB gpu_reserved=3472.0MiB skipped_batches=0
2026-08-16 13:08:55,361 | INFO | epoch=17 batch=250 global_step=5643 loss_reg_months=4.2823 lr=0.00011386 grad_norm=2.0739 throughput=15.20 img/s eta_seconds=763.7 gpu_alloc=476.3MiB gpu_reserved=3472.0MiB skipped_batches=0
2026-08-16 13:09:01,200 | INFO | epoch=17 batch=275 global_step=5646 loss_reg_months=4.2702 lr=0.00011386 grad_norm=1.1786 throughput=15.36 img/s eta_seconds=749.4 gpu_alloc=476.3MiB gpu_reserved=3472.0MiB skipped_batches=0
2026-08-16 13:09:07,010 | INFO | epoch=17 batch=300 global_step=5649 loss_reg_months=4.2726 lr=0.00011386 grad_norm=1.0868 throughput=15.50 img/s eta_seconds=736.2 gpu_alloc=476.3MiB gpu_reserved=3472.0MiB skipped_batches=0
2026-08-16 13:09:12,824 | INFO | epoch=17 batch=325 global_step=5652 loss_reg_months=4.3228 lr=0.00011386 grad_norm=2.0595 throughput=15.62 img/s eta_seconds=724.2 gpu_alloc=476.3MiB gpu_reserved=3472.0MiB skipped_batches=0
2026-08-16 13:09:18,729 | INFO | epoch=17 batch=350 global_step=5654 loss_reg_months=4.2342 lr=0.00011386 grad_norm=1.1660 throughput=15.71 img/s eta_seconds=713.8 gpu_alloc=476.3MiB gpu_reserved=3472.0MiB skipped_batches=0
2026-08-16 13:09:24,573 | INFO | epoch=17 batch=375 global_step=5657 loss_reg_months=4.2578 lr=0.00011386 grad_norm=1.8195 throughput=15.79 img/s eta_seconds=703.6 gpu_alloc=476.3MiB gpu_reserved=3472.0MiB skipped_batches=0
2026-08-16 13:09:30,585 | INFO | epoch=17 batch=400 global_step=5660 loss_reg_months=4.2839 lr=0.00011386 grad_norm=1.4464 throughput=15.84 img/s eta_seconds=695.0 gpu_alloc=476.3MiB gpu_reserved=3472.0MiB skipped_batches=0
2026-08-16 13:09:36,467 | INFO | epoch=17 batch=425 global_step=5663 loss_reg_months=4.2558 lr=0.00011386 grad_norm=0.8293 throughput=15.91 img/s eta_seconds=686.0 gpu_alloc=476.3MiB gpu_reserved=3472.0MiB skipped_batches=0
2026-08-16 13:09:42,301 | INFO | epoch=17 batch=450 global_step=5666 loss_reg_months=4.2134 lr=0.00011386 grad_norm=1.0404 throughput=15.97 img/s eta_seconds=677.0 gpu_alloc=367.7MiB gpu_reserved=3472.0MiB skipped_batches=0
2026-08-16 13:09:48,045 | INFO | epoch=17 batch=475 global_step=5668 loss_reg_months=4.2017 lr=0.00011386 grad_norm=1.1337 throughput=16.04 img/s eta_seconds=667.8 gpu_alloc=476.3MiB gpu_reserved=3472.0MiB skipped_batches=0
2026-08-16 13:09:53,980 | INFO | epoch=17 batch=500 global_step=5671 loss_reg_months=4.2208 lr=0.00011386 grad_norm=2.2077 throughput=16.08 img/s eta_seconds=660.0 gpu_alloc=476.3MiB gpu_reserved=3472.0MiB skipped_batches=0
2026-08-16 13:09:59,932 | INFO | epoch=17 batch=525 global_step=5674 loss_reg_months=4.2410 lr=0.00011386 grad_norm=2.0734 throughput=16.11 img/s eta_seconds=652.4 gpu_alloc=476.3MiB gpu_reserved=3472.0MiB skipped_batches=0
2026-08-16 13:10:05,760 | INFO | epoch=17 batch=550 global_step=5677 loss_reg_months=4.2424 lr=0.00011386 grad_norm=1.5786 throughput=16.16 img/s eta_seconds=644.4 gpu_alloc=476.3MiB gpu_reserved=3472.0MiB skipped_batches=0
2026-08-16 13:10:11,535 | INFO | epoch=17 batch=575 global_step=5679 loss_reg_months=4.2302 lr=0.00011386 grad_norm=1.6140 throughput=16.20 img/s eta_seconds=636.3 gpu_alloc=476.3MiB gpu_reserved=3472.0MiB skipped_batches=0
2026-08-16 13:10:17,333 | INFO | epoch=17 batch=600 global_step=5682 loss_reg_months=4.2261 lr=0.00011386 grad_norm=1.2581 throughput=16.24 img/s eta_seconds=628.6 gpu_alloc=476.3MiB gpu_reserved=3472.0MiB skipped_batches=0
2026-08-16 13:10:23,285 | INFO | epoch=17 batch=625 global_step=5685 loss_reg_months=4.2393 lr=0.00011386 grad_norm=1.2584 throughput=16.27 img/s eta_seconds=621.6 gpu_alloc=476.3MiB gpu_reserved=3472.0MiB skipped_batches=0
2026-08-16 13:10:29,193 | INFO | epoch=17 batch=650 global_step=5688 loss_reg_months=4.2529 lr=0.00011386 grad_norm=1.3157 throughput=16.29 img/s eta_seconds=614.5 gpu_alloc=476.3MiB gpu_reserved=3472.0MiB skipped_batches=0
2026-08-16 13:10:34,947 | INFO | epoch=17 batch=675 global_step=5691 loss_reg_months=4.2544 lr=0.00011386 grad_norm=1.6500 throughput=16.33 img/s eta_seconds=607.0 gpu_alloc=367.7MiB gpu_reserved=3472.0MiB skipped_batches=0
2026-08-16 13:10:40,712 | INFO | epoch=17 batch=700 global_step=5693 loss_reg_months=4.2264 lr=0.00011386 grad_norm=1.3210 throughput=16.36 img/s eta_seconds=599.6 gpu_alloc=476.3MiB gpu_reserved=3472.0MiB skipped_batches=0
2026-08-16 13:10:46,614 | INFO | epoch=17 batch=725 global_step=5696 loss_reg_months=4.2307 lr=0.00011386 grad_norm=1.2967 throughput=16.38 img/s eta_seconds=592.8 gpu_alloc=476.3MiB gpu_reserved=3472.0MiB skipped_batches=0
2026-08-16 13:10:52,478 | INFO | epoch=17 batch=750 global_step=5699 loss_reg_months=4.2703 lr=0.00011386 grad_norm=1.3146 throughput=16.40 img/s eta_seconds=585.9 gpu_alloc=476.3MiB gpu_reserved=3472.0MiB skipped_batches=0
2026-08-16 13:10:58,249 | INFO | epoch=17 batch=775 global_step=5702 loss_reg_months=4.2841 lr=0.00011386 grad_norm=1.1501 throughput=16.43 img/s eta_seconds=578.8 gpu_alloc=476.3MiB gpu_reserved=3472.0MiB skipped_batches=0
2026-08-16 13:11:03,986 | INFO | epoch=17 batch=800 global_step=5704 loss_reg_months=4.2623 lr=0.00011386 grad_norm=1.2452 throughput=16.46 img/s eta_seconds=571.7 gpu_alloc=476.3MiB gpu_reserved=3472.0MiB skipped_batches=0
2026-08-16 13:11:09,856 | INFO | epoch=17 batch=825 global_step=5707 loss_reg_months=4.2623 lr=0.00011386 grad_norm=1.0791 throughput=16.48 img/s eta_seconds=565.1 gpu_alloc=476.3MiB gpu_reserved=3472.0MiB skipped_batches=0
2026-08-16 13:11:15,804 | INFO | epoch=17 batch=850 global_step=5710 loss_reg_months=4.2314 lr=0.00011386 grad_norm=0.8928 throughput=16.49 img/s eta_seconds=558.7 gpu_alloc=476.3MiB gpu_reserved=3472.0MiB skipped_batches=0
2026-08-16 13:11:21,672 | INFO | epoch=17 batch=875 global_step=5713 loss_reg_months=4.2323 lr=0.00011386 grad_norm=1.2968 throughput=16.50 img/s eta_seconds=552.1 gpu_alloc=476.3MiB gpu_reserved=3472.0MiB skipped_batches=0
2026-08-16 13:11:27,474 | INFO | epoch=17 batch=900 global_step=5716 loss_reg_months=4.2404 lr=0.00011386 grad_norm=1.0845 throughput=16.52 img/s eta_seconds=545.4 gpu_alloc=367.7MiB gpu_reserved=3472.0MiB skipped_batches=0
2026-08-16 13:11:33,445 | INFO | epoch=17 batch=925 global_step=5718 loss_reg_months=4.2149 lr=0.00011386 grad_norm=1.3019 throughput=16.53 img/s eta_seconds=539.1 gpu_alloc=476.3MiB gpu_reserved=3472.0MiB skipped_batches=0
2026-08-16 13:11:39,262 | INFO | epoch=17 batch=950 global_step=5721 loss_reg_months=4.1935 lr=0.00011386 grad_norm=1.5502 throughput=16.55 img/s eta_seconds=532.5 gpu_alloc=476.3MiB gpu_reserved=3472.0MiB skipped_batches=0
2026-08-16 13:11:45,017 | INFO | epoch=17 batch=975 global_step=5724 loss_reg_months=4.1874 lr=0.00011386 grad_norm=1.5581 throughput=16.57 img/s eta_seconds=525.8 gpu_alloc=476.3MiB gpu_reserved=3472.0MiB skipped_batches=0
2026-08-16 13:11:50,790 | INFO | epoch=17 batch=1000 global_step=5727 loss_reg_months=4.1872 lr=0.00011386 grad_norm=1.1485 throughput=16.58 img/s eta_seconds=519.2 gpu_alloc=476.3MiB gpu_reserved=3472.0MiB skipped_batches=0
2026-08-16 13:11:56,525 | INFO | epoch=17 batch=1025 global_step=5729 loss_reg_months=4.1676 lr=0.00011386 grad_norm=1.5581 throughput=16.60 img/s eta_seconds=512.6 gpu_alloc=476.3MiB gpu_reserved=3472.0MiB skipped_batches=0
2026-08-16 13:12:02,281 | INFO | epoch=17 batch=1050 global_step=5732 loss_reg_months=4.1693 lr=0.00011386 grad_norm=1.6286 throughput=16.62 img/s eta_seconds=506.0 gpu_alloc=476.3MiB gpu_reserved=3472.0MiB skipped_batches=0
2026-08-16 13:12:08,036 | INFO | epoch=17 batch=1075 global_step=5735 loss_reg_months=4.1538 lr=0.00011386 grad_norm=1.6542 throughput=16.64 img/s eta_seconds=499.5 gpu_alloc=476.3MiB gpu_reserved=3472.0MiB skipped_batches=0
2026-08-16 13:12:13,915 | INFO | epoch=17 batch=1100 global_step=5738 loss_reg_months=4.1471 lr=0.00011386 grad_norm=1.2364 throughput=16.65 img/s eta_seconds=493.3 gpu_alloc=476.3MiB gpu_reserved=3472.0MiB skipped_batches=0
2026-08-16 13:12:19,677 | INFO | epoch=17 batch=1125 global_step=5741 loss_reg_months=4.1491 lr=0.00011386 grad_norm=1.3746 throughput=16.66 img/s eta_seconds=486.8 gpu_alloc=367.7MiB gpu_reserved=3472.0MiB skipped_batches=0
2026-08-16 13:12:25,491 | INFO | epoch=17 batch=1150 global_step=5743 loss_reg_months=4.1627 lr=0.00011386 grad_norm=1.8514 throughput=16.67 img/s eta_seconds=480.5 gpu_alloc=476.3MiB gpu_reserved=3472.0MiB skipped_batches=0
2026-08-16 13:12:31,283 | INFO | epoch=17 batch=1175 global_step=5746 loss_reg_months=4.1651 lr=0.00011386 grad_norm=1.0941 throughput=16.68 img/s eta_seconds=474.1 gpu_alloc=476.3MiB gpu_reserved=3472.0MiB skipped_batches=0
2026-08-16 13:12:37,230 | INFO | epoch=17 batch=1200 global_step=5749 loss_reg_months=4.1624 lr=0.00011386 grad_norm=1.0281 throughput=16.69 img/s eta_seconds=468.1 gpu_alloc=476.3MiB gpu_reserved=3472.0MiB skipped_batches=0
2026-08-16 13:12:43,072 | INFO | epoch=17 batch=1225 global_step=5752 loss_reg_months=4.1462 lr=0.00011386 grad_norm=1.0742 throughput=16.70 img/s eta_seconds=461.8 gpu_alloc=476.3MiB gpu_reserved=3472.0MiB skipped_batches=0
2026-08-16 13:12:48,874 | INFO | epoch=17 batch=1250 global_step=5754 loss_reg_months=4.1385 lr=0.00011386 grad_norm=1.7213 throughput=16.71 img/s eta_seconds=455.6 gpu_alloc=476.3MiB gpu_reserved=3472.0MiB skipped_batches=0
2026-08-16 13:12:54,756 | INFO | epoch=17 batch=1275 global_step=5757 loss_reg_months=4.1339 lr=0.00011386 grad_norm=1.1705 throughput=16.71 img/s eta_seconds=449.4 gpu_alloc=476.3MiB gpu_reserved=3472.0MiB skipped_batches=0
2026-08-16 13:13:00,651 | INFO | epoch=17 batch=1300 global_step=5760 loss_reg_months=4.1250 lr=0.00011386 grad_norm=0.8682 throughput=16.72 img/s eta_seconds=443.3 gpu_alloc=476.3MiB gpu_reserved=3472.0MiB skipped_batches=0
2026-08-16 13:13:06,539 | INFO | epoch=17 batch=1325 global_step=5763 loss_reg_months=4.1302 lr=0.00011386 grad_norm=1.7797 throughput=16.72 img/s eta_seconds=437.2 gpu_alloc=476.3MiB gpu_reserved=3472.0MiB skipped_batches=0
2026-08-16 13:13:12,393 | INFO | epoch=17 batch=1350 global_step=5766 loss_reg_months=4.1345 lr=0.00011386 grad_norm=2.0312 throughput=16.73 img/s eta_seconds=431.1 gpu_alloc=367.7MiB gpu_reserved=3472.0MiB skipped_batches=0
2026-08-16 13:13:18,268 | INFO | epoch=17 batch=1375 global_step=5768 loss_reg_months=4.1516 lr=0.00011386 grad_norm=1.2991 throughput=16.73 img/s eta_seconds=425.0 gpu_alloc=476.3MiB gpu_reserved=3472.0MiB skipped_batches=0
2026-08-16 13:13:24,051 | INFO | epoch=17 batch=1400 global_step=5771 loss_reg_months=4.1359 lr=0.00011386 grad_norm=1.4549 throughput=16.74 img/s eta_seconds=418.7 gpu_alloc=476.3MiB gpu_reserved=3472.0MiB skipped_batches=0
2026-08-16 13:13:29,814 | INFO | epoch=17 batch=1425 global_step=5774 loss_reg_months=4.1194 lr=0.00011386 grad_norm=1.0827 throughput=16.75 img/s eta_seconds=412.5 gpu_alloc=476.3MiB gpu_reserved=3472.0MiB skipped_batches=0
2026-08-16 13:13:35,711 | INFO | epoch=17 batch=1450 global_step=5777 loss_reg_months=4.1182 lr=0.00011386 grad_norm=1.2396 throughput=16.76 img/s eta_seconds=406.5 gpu_alloc=476.3MiB gpu_reserved=3472.0MiB skipped_batches=0
2026-08-16 13:13:41,441 | INFO | epoch=17 batch=1475 global_step=5779 loss_reg_months=4.1009 lr=0.00011386 grad_norm=0.8002 throughput=16.77 img/s eta_seconds=400.2 gpu_alloc=476.3MiB gpu_reserved=3472.0MiB skipped_batches=0
2026-08-16 13:13:47,186 | INFO | epoch=17 batch=1500 global_step=5782 loss_reg_months=4.1012 lr=0.00011386 grad_norm=0.9106 throughput=16.78 img/s eta_seconds=394.0 gpu_alloc=476.3MiB gpu_reserved=3472.0MiB skipped_batches=0
2026-08-16 13:13:52,925 | INFO | epoch=17 batch=1525 global_step=5785 loss_reg_months=4.0936 lr=0.00011386 grad_norm=1.0953 throughput=16.79 img/s eta_seconds=387.8 gpu_alloc=476.3MiB gpu_reserved=3472.0MiB skipped_batches=0
2026-08-16 13:13:58,682 | INFO | epoch=17 batch=1550 global_step=5788 loss_reg_months=4.1125 lr=0.00011386 grad_norm=1.5926 throughput=16.80 img/s eta_seconds=381.7 gpu_alloc=476.3MiB gpu_reserved=3472.0MiB skipped_batches=0
2026-08-16 13:14:04,455 | INFO | epoch=17 batch=1575 global_step=5791 loss_reg_months=4.0975 lr=0.00011386 grad_norm=0.9277 throughput=16.81 img/s eta_seconds=375.5 gpu_alloc=367.7MiB gpu_reserved=3472.0MiB skipped_batches=0
2026-08-16 13:14:10,188 | INFO | epoch=17 batch=1600 global_step=5793 loss_reg_months=4.0942 lr=0.00011386 grad_norm=1.4265 throughput=16.82 img/s eta_seconds=369.4 gpu_alloc=476.3MiB gpu_reserved=3472.0MiB skipped_batches=0
2026-08-16 13:14:16,224 | INFO | epoch=17 batch=1625 global_step=5796 loss_reg_months=4.1161 lr=0.00011386 grad_norm=1.2262 throughput=16.81 img/s eta_seconds=363.5 gpu_alloc=476.3MiB gpu_reserved=3472.0MiB skipped_batches=0
2026-08-16 13:14:22,060 | INFO | epoch=17 batch=1650 global_step=5799 loss_reg_months=4.1201 lr=0.00011386 grad_norm=1.5606 throughput=16.82 img/s eta_seconds=357.4 gpu_alloc=476.3MiB gpu_reserved=3472.0MiB skipped_batches=0
2026-08-16 13:14:27,869 | INFO | epoch=17 batch=1675 global_step=5802 loss_reg_months=4.1131 lr=0.00011386 grad_norm=1.4298 throughput=16.82 img/s eta_seconds=351.4 gpu_alloc=476.3MiB gpu_reserved=3472.0MiB skipped_batches=0
2026-08-16 13:14:33,720 | INFO | epoch=17 batch=1700 global_step=5804 loss_reg_months=4.1080 lr=0.00011386 grad_norm=1.5856 throughput=16.83 img/s eta_seconds=345.4 gpu_alloc=476.3MiB gpu_reserved=3472.0MiB skipped_batches=0
2026-08-16 13:14:39,504 | INFO | epoch=17 batch=1725 global_step=5807 loss_reg_months=4.1198 lr=0.00011386 grad_norm=1.0873 throughput=16.83 img/s eta_seconds=339.3 gpu_alloc=476.3MiB gpu_reserved=3472.0MiB skipped_batches=0
2026-08-16 13:14:45,311 | INFO | epoch=17 batch=1750 global_step=5810 loss_reg_months=4.1253 lr=0.00011386 grad_norm=1.0886 throughput=16.84 img/s eta_seconds=333.2 gpu_alloc=476.3MiB gpu_reserved=3472.0MiB skipped_batches=0
2026-08-16 13:14:51,132 | INFO | epoch=17 batch=1775 global_step=5813 loss_reg_months=4.1178 lr=0.00011386 grad_norm=1.4827 throughput=16.84 img/s eta_seconds=327.2 gpu_alloc=476.3MiB gpu_reserved=3472.0MiB skipped_batches=0
2026-08-16 13:14:56,990 | INFO | epoch=17 batch=1800 global_step=5816 loss_reg_months=4.1187 lr=0.00011386 grad_norm=1.3065 throughput=16.85 img/s eta_seconds=321.2 gpu_alloc=367.7MiB gpu_reserved=3472.0MiB skipped_batches=0
2026-08-16 13:15:02,761 | INFO | epoch=17 batch=1825 global_step=5818 loss_reg_months=4.1168 lr=0.00011386 grad_norm=1.2183 throughput=16.85 img/s eta_seconds=315.1 gpu_alloc=476.3MiB gpu_reserved=3472.0MiB skipped_batches=0
2026-08-16 13:15:08,545 | INFO | epoch=17 batch=1850 global_step=5821 loss_reg_months=4.1234 lr=0.00011386 grad_norm=1.1391 throughput=16.86 img/s eta_seconds=309.1 gpu_alloc=476.3MiB gpu_reserved=3472.0MiB skipped_batches=0
2026-08-16 13:15:14,333 | INFO | epoch=17 batch=1875 global_step=5824 loss_reg_months=4.1236 lr=0.00011386 grad_norm=1.0642 throughput=16.86 img/s eta_seconds=303.1 gpu_alloc=476.3MiB gpu_reserved=3472.0MiB skipped_batches=0
2026-08-16 13:15:20,147 | INFO | epoch=17 batch=1900 global_step=5827 loss_reg_months=4.1224 lr=0.00011386 grad_norm=1.9235 throughput=16.87 img/s eta_seconds=297.1 gpu_alloc=476.3MiB gpu_reserved=3472.0MiB skipped_batches=0
2026-08-16 13:15:25,929 | INFO | epoch=17 batch=1925 global_step=5829 loss_reg_months=4.1153 lr=0.00011386 grad_norm=1.2320 throughput=16.87 img/s eta_seconds=291.0 gpu_alloc=476.3MiB gpu_reserved=3472.0MiB skipped_batches=0
2026-08-16 13:15:31,713 | INFO | epoch=17 batch=1950 global_step=5832 loss_reg_months=4.1173 lr=0.00011386 grad_norm=1.4850 throughput=16.88 img/s eta_seconds=285.0 gpu_alloc=476.3MiB gpu_reserved=3472.0MiB skipped_batches=0
2026-08-16 13:15:37,518 | INFO | epoch=17 batch=1975 global_step=5835 loss_reg_months=4.1099 lr=0.00011386 grad_norm=1.8482 throughput=16.88 img/s eta_seconds=279.0 gpu_alloc=476.3MiB gpu_reserved=3472.0MiB skipped_batches=0
2026-08-16 13:15:43,324 | INFO | epoch=17 batch=2000 global_step=5838 loss_reg_months=4.0939 lr=0.00011386 grad_norm=1.3192 throughput=16.89 img/s eta_seconds=273.0 gpu_alloc=476.3MiB gpu_reserved=3472.0MiB skipped_batches=0
2026-08-16 13:15:49,165 | INFO | epoch=17 batch=2025 global_step=5841 loss_reg_months=4.1025 lr=0.00011386 grad_norm=1.2613 throughput=16.89 img/s eta_seconds=267.1 gpu_alloc=367.7MiB gpu_reserved=3472.0MiB skipped_batches=0
2026-08-16 13:15:54,934 | INFO | epoch=17 batch=2050 global_step=5843 loss_reg_months=4.0953 lr=0.00011386 grad_norm=0.9102 throughput=16.90 img/s eta_seconds=261.1 gpu_alloc=476.3MiB gpu_reserved=3472.0MiB skipped_batches=0
2026-08-16 13:16:00,811 | INFO | epoch=17 batch=2075 global_step=5846 loss_reg_months=4.0956 lr=0.00011386 grad_norm=1.3222 throughput=16.90 img/s eta_seconds=255.1 gpu_alloc=476.3MiB gpu_reserved=3472.0MiB skipped_batches=0
2026-08-16 13:16:06,785 | INFO | epoch=17 batch=2100 global_step=5849 loss_reg_months=4.0883 lr=0.00011386 grad_norm=1.0650 throughput=16.89 img/s eta_seconds=249.2 gpu_alloc=476.3MiB gpu_reserved=3472.0MiB skipped_batches=0
2026-08-16 13:16:12,537 | INFO | epoch=17 batch=2125 global_step=5852 loss_reg_months=4.0863 lr=0.00011386 grad_norm=1.1654 throughput=16.90 img/s eta_seconds=243.2 gpu_alloc=476.3MiB gpu_reserved=3472.0MiB skipped_batches=0
2026-08-16 13:16:18,265 | INFO | epoch=17 batch=2150 global_step=5854 loss_reg_months=4.0853 lr=0.00011386 grad_norm=1.0418 throughput=16.91 img/s eta_seconds=237.2 gpu_alloc=476.3MiB gpu_reserved=3472.0MiB skipped_batches=0
2026-08-16 13:16:24,040 | INFO | epoch=17 batch=2175 global_step=5857 loss_reg_months=4.0785 lr=0.00011386 grad_norm=0.9883 throughput=16.91 img/s eta_seconds=231.3 gpu_alloc=476.3MiB gpu_reserved=3472.0MiB skipped_batches=0
2026-08-16 13:16:29,836 | INFO | epoch=17 batch=2200 global_step=5860 loss_reg_months=4.0740 lr=0.00011386 grad_norm=1.4053 throughput=16.92 img/s eta_seconds=225.3 gpu_alloc=476.3MiB gpu_reserved=3472.0MiB skipped_batches=0
2026-08-16 13:16:35,610 | INFO | epoch=17 batch=2225 global_step=5863 loss_reg_months=4.0745 lr=0.00011386 grad_norm=1.1937 throughput=16.92 img/s eta_seconds=219.3 gpu_alloc=476.3MiB gpu_reserved=3472.0MiB skipped_batches=0
2026-08-16 13:16:41,427 | INFO | epoch=17 batch=2250 global_step=5866 loss_reg_months=4.0724 lr=0.00011386 grad_norm=1.2514 throughput=16.92 img/s eta_seconds=213.4 gpu_alloc=367.7MiB gpu_reserved=3472.0MiB skipped_batches=0
2026-08-16 13:16:47,168 | INFO | epoch=17 batch=2275 global_step=5868 loss_reg_months=4.0713 lr=0.00011386 grad_norm=1.6120 throughput=16.93 img/s eta_seconds=207.4 gpu_alloc=476.3MiB gpu_reserved=3472.0MiB skipped_batches=0
2026-08-16 13:16:52,980 | INFO | epoch=17 batch=2300 global_step=5871 loss_reg_months=4.0719 lr=0.00011386 grad_norm=1.5867 throughput=16.93 img/s eta_seconds=201.5 gpu_alloc=476.3MiB gpu_reserved=3472.0MiB skipped_batches=0
2026-08-16 13:16:58,935 | INFO | epoch=17 batch=2325 global_step=5874 loss_reg_months=4.0768 lr=0.00011386 grad_norm=1.1588 throughput=16.93 img/s eta_seconds=195.6 gpu_alloc=476.3MiB gpu_reserved=3472.0MiB skipped_batches=0
2026-08-16 13:17:04,874 | INFO | epoch=17 batch=2350 global_step=5877 loss_reg_months=4.0787 lr=0.00011386 grad_norm=1.9809 throughput=16.93 img/s eta_seconds=189.7 gpu_alloc=476.3MiB gpu_reserved=3472.0MiB skipped_batches=0
2026-08-16 13:17:10,654 | INFO | epoch=17 batch=2375 global_step=5879 loss_reg_months=4.0796 lr=0.00011386 grad_norm=1.7817 throughput=16.93 img/s eta_seconds=183.7 gpu_alloc=476.3MiB gpu_reserved=3472.0MiB skipped_batches=0
2026-08-16 13:17:16,476 | INFO | epoch=17 batch=2400 global_step=5882 loss_reg_months=4.0819 lr=0.00011386 grad_norm=1.2195 throughput=16.93 img/s eta_seconds=177.8 gpu_alloc=476.3MiB gpu_reserved=3472.0MiB skipped_batches=0
2026-08-16 13:17:22,257 | INFO | epoch=17 batch=2425 global_step=5885 loss_reg_months=4.0889 lr=0.00011386 grad_norm=1.3371 throughput=16.94 img/s eta_seconds=171.9 gpu_alloc=476.3MiB gpu_reserved=3472.0MiB skipped_batches=0
2026-08-16 13:17:28,190 | INFO | epoch=17 batch=2450 global_step=5888 loss_reg_months=4.0951 lr=0.00011386 grad_norm=1.1689 throughput=16.94 img/s eta_seconds=166.0 gpu_alloc=476.3MiB gpu_reserved=3472.0MiB skipped_batches=0
2026-08-16 13:17:34,054 | INFO | epoch=17 batch=2475 global_step=5891 loss_reg_months=4.0939 lr=0.00011386 grad_norm=1.5766 throughput=16.94 img/s eta_seconds=160.0 gpu_alloc=367.7MiB gpu_reserved=3472.0MiB skipped_batches=0
2026-08-16 13:17:39,856 | INFO | epoch=17 batch=2500 global_step=5893 loss_reg_months=4.0988 lr=0.00011386 grad_norm=1.7254 throughput=16.94 img/s eta_seconds=154.1 gpu_alloc=476.3MiB gpu_reserved=3472.0MiB skipped_batches=0
2026-08-16 13:17:45,669 | INFO | epoch=17 batch=2525 global_step=5896 loss_reg_months=4.0955 lr=0.00011386 grad_norm=1.0707 throughput=16.94 img/s eta_seconds=148.2 gpu_alloc=476.3MiB gpu_reserved=3472.0MiB skipped_batches=0
2026-08-16 13:17:51,412 | INFO | epoch=17 batch=2550 global_step=5899 loss_reg_months=4.0954 lr=0.00011386 grad_norm=1.6908 throughput=16.95 img/s eta_seconds=142.3 gpu_alloc=476.3MiB gpu_reserved=3472.0MiB skipped_batches=0
2026-08-16 13:17:57,583 | INFO | epoch=17 batch=2575 global_step=5902 loss_reg_months=4.0982 lr=0.00011386 grad_norm=1.7757 throughput=16.94 img/s eta_seconds=136.4 gpu_alloc=476.3MiB gpu_reserved=3472.0MiB skipped_batches=0
2026-08-16 13:18:03,400 | INFO | epoch=17 batch=2600 global_step=5904 loss_reg_months=4.1059 lr=0.00011386 grad_norm=2.2819 throughput=16.94 img/s eta_seconds=130.5 gpu_alloc=476.3MiB gpu_reserved=3472.0MiB skipped_batches=0
2026-08-16 13:18:09,207 | INFO | epoch=17 batch=2625 global_step=5907 loss_reg_months=4.1016 lr=0.00011386 grad_norm=1.5341 throughput=16.95 img/s eta_seconds=124.6 gpu_alloc=476.3MiB gpu_reserved=3472.0MiB skipped_batches=0
2026-08-16 13:18:15,022 | INFO | epoch=17 batch=2650 global_step=5910 loss_reg_months=4.1079 lr=0.00011386 grad_norm=2.0347 throughput=16.95 img/s eta_seconds=118.7 gpu_alloc=476.3MiB gpu_reserved=3472.0MiB skipped_batches=0
2026-08-16 13:18:20,857 | INFO | epoch=17 batch=2675 global_step=5913 loss_reg_months=4.1014 lr=0.00011386 grad_norm=0.9933 throughput=16.95 img/s eta_seconds=112.7 gpu_alloc=476.3MiB gpu_reserved=3472.0MiB skipped_batches=0
2026-08-16 13:18:26,805 | INFO | epoch=17 batch=2700 global_step=5916 loss_reg_months=4.1088 lr=0.00011386 grad_norm=1.1951 throughput=16.95 img/s eta_seconds=106.9 gpu_alloc=367.7MiB gpu_reserved=3472.0MiB skipped_batches=0
2026-08-16 13:18:32,596 | INFO | epoch=17 batch=2725 global_step=5918 loss_reg_months=4.1103 lr=0.00011386 grad_norm=1.1931 throughput=16.95 img/s eta_seconds=100.9 gpu_alloc=476.3MiB gpu_reserved=3472.0MiB skipped_batches=0
2026-08-16 13:18:38,410 | INFO | epoch=17 batch=2750 global_step=5921 loss_reg_months=4.1125 lr=0.00011386 grad_norm=1.0690 throughput=16.95 img/s eta_seconds=95.0 gpu_alloc=476.3MiB gpu_reserved=3472.0MiB skipped_batches=0
2026-08-16 13:18:44,237 | INFO | epoch=17 batch=2775 global_step=5924 loss_reg_months=4.1047 lr=0.00011386 grad_norm=0.9877 throughput=16.96 img/s eta_seconds=89.1 gpu_alloc=476.3MiB gpu_reserved=3472.0MiB skipped_batches=0
2026-08-16 13:18:49,995 | INFO | epoch=17 batch=2800 global_step=5927 loss_reg_months=4.1042 lr=0.00011386 grad_norm=1.5152 throughput=16.96 img/s eta_seconds=83.2 gpu_alloc=476.3MiB gpu_reserved=3472.0MiB skipped_batches=0
2026-08-16 13:18:55,742 | INFO | epoch=17 batch=2825 global_step=5929 loss_reg_months=4.1053 lr=0.00011386 grad_norm=1.2414 throughput=16.96 img/s eta_seconds=77.3 gpu_alloc=476.3MiB gpu_reserved=3472.0MiB skipped_batches=0
2026-08-16 13:19:01,561 | INFO | epoch=17 batch=2850 global_step=5932 loss_reg_months=4.1065 lr=0.00011386 grad_norm=1.2524 throughput=16.97 img/s eta_seconds=71.4 gpu_alloc=476.3MiB gpu_reserved=3472.0MiB skipped_batches=0
2026-08-16 13:19:07,393 | INFO | epoch=17 batch=2875 global_step=5935 loss_reg_months=4.1033 lr=0.00011386 grad_norm=1.0755 throughput=16.97 img/s eta_seconds=65.5 gpu_alloc=476.3MiB gpu_reserved=3472.0MiB skipped_batches=0
2026-08-16 13:19:13,349 | INFO | epoch=17 batch=2900 global_step=5938 loss_reg_months=4.1005 lr=0.00011386 grad_norm=1.1723 throughput=16.97 img/s eta_seconds=59.6 gpu_alloc=476.3MiB gpu_reserved=3472.0MiB skipped_batches=0
2026-08-16 13:19:19,134 | INFO | epoch=17 batch=2925 global_step=5941 loss_reg_months=4.1085 lr=0.00011386 grad_norm=2.0246 throughput=16.97 img/s eta_seconds=53.7 gpu_alloc=367.7MiB gpu_reserved=3472.0MiB skipped_batches=0
2026-08-16 13:19:24,909 | INFO | epoch=17 batch=2950 global_step=5943 loss_reg_months=4.1126 lr=0.00011386 grad_norm=1.3759 throughput=16.97 img/s eta_seconds=47.8 gpu_alloc=476.3MiB gpu_reserved=3472.0MiB skipped_batches=0
2026-08-16 13:19:30,780 | INFO | epoch=17 batch=2975 global_step=5946 loss_reg_months=4.1092 lr=0.00011386 grad_norm=1.4526 throughput=16.97 img/s eta_seconds=41.9 gpu_alloc=476.3MiB gpu_reserved=3472.0MiB skipped_batches=0
2026-08-16 13:19:36,565 | INFO | epoch=17 batch=3000 global_step=5949 loss_reg_months=4.1019 lr=0.00011386 grad_norm=1.7030 throughput=16.97 img/s eta_seconds=36.0 gpu_alloc=476.3MiB gpu_reserved=3472.0MiB skipped_batches=0
2026-08-16 13:19:42,385 | INFO | epoch=17 batch=3025 global_step=5952 loss_reg_months=4.0985 lr=0.00011386 grad_norm=1.4101 throughput=16.98 img/s eta_seconds=30.1 gpu_alloc=476.3MiB gpu_reserved=3472.0MiB skipped_batches=0
2026-08-16 13:19:48,186 | INFO | epoch=17 batch=3050 global_step=5954 loss_reg_months=4.0972 lr=0.00011386 grad_norm=1.0392 throughput=16.98 img/s eta_seconds=24.2 gpu_alloc=476.3MiB gpu_reserved=3472.0MiB skipped_batches=0
2026-08-16 13:19:54,001 | INFO | epoch=17 batch=3075 global_step=5957 loss_reg_months=4.0908 lr=0.00011386 grad_norm=1.1211 throughput=16.98 img/s eta_seconds=18.3 gpu_alloc=476.3MiB gpu_reserved=3472.0MiB skipped_batches=0
2026-08-16 13:19:59,919 | INFO | epoch=17 batch=3100 global_step=5960 loss_reg_months=4.0920 lr=0.00011386 grad_norm=1.5287 throughput=16.98 img/s eta_seconds=12.4 gpu_alloc=476.3MiB gpu_reserved=3472.0MiB skipped_batches=0
2026-08-16 13:20:05,684 | INFO | epoch=17 batch=3125 global_step=5963 loss_reg_months=4.0944 lr=0.00011386 grad_norm=1.0048 throughput=16.98 img/s eta_seconds=6.5 gpu_alloc=476.3MiB gpu_reserved=3472.0MiB skipped_batches=0
2026-08-16 13:20:11,442 | INFO | epoch=17 batch=3150 global_step=5966 loss_reg_months=4.0971 lr=0.00011386 grad_norm=1.2607 throughput=16.98 img/s eta_seconds=0.6 gpu_alloc=367.7MiB gpu_reserved=3472.0MiB skipped_batches=0
2026-08-16 13:20:55,882 | WARNING | STABILITY WARNING [CAM] Prediction vượt nhẹ miền tuổi 0–228: [14.81, 233.00]
2026-08-16 13:20:55,890 | INFO | 
TRAINING REVIEW SNAPSHOT
Run ID / config hash / split hash: P6_D0_CONVNEXT_TINY_768_SEED42 / 0e80cf6f780f / 7328667e6822+f650a20432b5
Epoch / global step: 17 / 5967
Train loss: 4.0971
Validation MAE / RMSE / median AE: 6.3845 / 8.5346 / 5.0000
MAE nam / nữ / age bins: {'F': 6.652128067484663, 'M': 6.158796895213454} / {'0-59': 7.371675531914893, '120-179': 6.009270704573548, '60-119': 7.194162436548224, '180-228': 5.5390625}
Learning rate / peak VRAM: 0.00011386 / 3472.0 MiB
Best epoch / best MAE / epochs không cải thiện: 15 / 6.2075 / 2
Cảnh báo hiện tại: CAM: Prediction vượt nhẹ miền tuổi 0–228: [14.81, 233.00]
Checkpoint gần nhất: p1_baseline\runs\P6_D0_CONVNEXT_TINY_768_SEED42\last.ckpt
Checkpoint tốt nhất: p1_baseline\runs\P6_D0_CONVNEXT_TINY_768_SEED42\best_mae.ckpt
Đề xuất tự động: THEO DÕI
2026-08-16 13:21:09,844 | INFO | epoch=18 batch=25 global_step=5969 loss_reg_months=3.5715 lr=0.00010496 grad_norm=0.8525 throughput=7.58 img/s eta_seconds=1650.3 gpu_alloc=476.3MiB gpu_reserved=3472.0MiB skipped_batches=0
2026-08-16 13:21:15,614 | INFO | epoch=18 batch=50 global_step=5972 loss_reg_months=3.6970 lr=0.00010496 grad_norm=1.6566 throughput=10.55 img/s eta_seconds=1176.6 gpu_alloc=476.3MiB gpu_reserved=3472.0MiB skipped_batches=0
2026-08-16 13:21:21,393 | INFO | epoch=18 batch=75 global_step=5975 loss_reg_months=3.7604 lr=0.00010496 grad_norm=2.3546 throughput=12.13 img/s eta_seconds=1015.2 gpu_alloc=476.3MiB gpu_reserved=3472.0MiB skipped_batches=0
2026-08-16 13:21:27,252 | INFO | epoch=18 batch=100 global_step=5978 loss_reg_months=3.7615 lr=0.00010496 grad_norm=1.2926 throughput=13.07 img/s eta_seconds=934.1 gpu_alloc=476.3MiB gpu_reserved=3472.0MiB skipped_batches=0
2026-08-16 13:21:33,239 | INFO | epoch=18 batch=125 global_step=5980 loss_reg_months=3.7150 lr=0.00010496 grad_norm=1.0286 throughput=13.67 img/s eta_seconds=886.1 gpu_alloc=476.3MiB gpu_reserved=3472.0MiB skipped_batches=0
2026-08-16 13:21:39,151 | INFO | epoch=18 batch=150 global_step=5983 loss_reg_months=3.8426 lr=0.00010496 grad_norm=1.0741 throughput=14.12 img/s eta_seconds=850.7 gpu_alloc=476.3MiB gpu_reserved=3472.0MiB skipped_batches=0
2026-08-16 13:21:45,042 | INFO | epoch=18 batch=175 global_step=5986 loss_reg_months=3.7915 lr=0.00010496 grad_norm=0.9986 throughput=14.47 img/s eta_seconds=823.3 gpu_alloc=476.3MiB gpu_reserved=3472.0MiB skipped_batches=0
2026-08-16 13:21:50,890 | INFO | epoch=18 batch=200 global_step=5989 loss_reg_months=3.8746 lr=0.00010496 grad_norm=1.8509 throughput=14.75 img/s eta_seconds=800.7 gpu_alloc=476.3MiB gpu_reserved=3472.0MiB skipped_batches=0
2026-08-16 13:21:56,720 | INFO | epoch=18 batch=225 global_step=5992 loss_reg_months=3.8251 lr=0.00010496 grad_norm=2.0500 throughput=14.98 img/s eta_seconds=781.6 gpu_alloc=367.7MiB gpu_reserved=3472.0MiB skipped_batches=0
2026-08-16 13:22:02,674 | INFO | epoch=18 batch=250 global_step=5994 loss_reg_months=3.8946 lr=0.00010496 grad_norm=1.6990 throughput=15.15 img/s eta_seconds=766.6 gpu_alloc=476.3MiB gpu_reserved=3472.0MiB skipped_batches=0
2026-08-16 13:22:08,533 | INFO | epoch=18 batch=275 global_step=5997 loss_reg_months=3.9725 lr=0.00010496 grad_norm=0.9182 throughput=15.30 img/s eta_seconds=752.2 gpu_alloc=476.3MiB gpu_reserved=3472.0MiB skipped_batches=0
2026-08-16 13:22:15,326 | INFO | epoch=18 batch=300 global_step=6000 loss_reg_months=3.9709 lr=0.00010496 grad_norm=1.0241 throughput=15.25 img/s eta_seconds=748.1 gpu_alloc=476.3MiB gpu_reserved=3472.0MiB skipped_batches=0
2026-08-16 13:22:21,830 | INFO | epoch=18 batch=325 global_step=6003 loss_reg_months=3.9146 lr=0.00010496 grad_norm=1.2822 throughput=15.26 img/s eta_seconds=741.1 gpu_alloc=476.3MiB gpu_reserved=3472.0MiB skipped_batches=0
2026-08-16 13:22:27,766 | INFO | epoch=18 batch=350 global_step=6005 loss_reg_months=3.9020 lr=0.00010496 grad_norm=1.0622 throughput=15.37 img/s eta_seconds=729.6 gpu_alloc=476.3MiB gpu_reserved=3472.0MiB skipped_batches=0
2026-08-16 13:22:33,696 | INFO | epoch=18 batch=375 global_step=6008 loss_reg_months=3.9167 lr=0.00010496 grad_norm=1.2730 throughput=15.46 img/s eta_seconds=718.8 gpu_alloc=476.3MiB gpu_reserved=3472.0MiB skipped_batches=0
2026-08-16 13:22:39,604 | INFO | epoch=18 batch=400 global_step=6011 loss_reg_months=3.9112 lr=0.00010496 grad_norm=1.4440 throughput=15.54 img/s eta_seconds=708.5 gpu_alloc=476.3MiB gpu_reserved=3472.0MiB skipped_batches=0
2026-08-16 13:22:45,710 | INFO | epoch=18 batch=425 global_step=6014 loss_reg_months=3.9086 lr=0.00010496 grad_norm=0.9684 throughput=15.59 img/s eta_seconds=699.9 gpu_alloc=476.3MiB gpu_reserved=3472.0MiB skipped_batches=0
2026-08-16 13:22:51,663 | INFO | epoch=18 batch=450 global_step=6017 loss_reg_months=3.9124 lr=0.00010496 grad_norm=0.9831 throughput=15.65 img/s eta_seconds=690.8 gpu_alloc=367.7MiB gpu_reserved=3472.0MiB skipped_batches=0
2026-08-16 13:22:57,822 | INFO | epoch=18 batch=475 global_step=6019 loss_reg_months=3.9050 lr=0.00010496 grad_norm=1.1807 throughput=15.68 img/s eta_seconds=683.1 gpu_alloc=476.3MiB gpu_reserved=3472.0MiB skipped_batches=0
2026-08-16 13:23:03,722 | INFO | epoch=18 batch=500 global_step=6022 loss_reg_months=3.9312 lr=0.00010496 grad_norm=1.1825 throughput=15.74 img/s eta_seconds=674.2 gpu_alloc=476.3MiB gpu_reserved=3472.0MiB skipped_batches=0
2026-08-16 13:23:09,661 | INFO | epoch=18 batch=525 global_step=6025 loss_reg_months=3.9257 lr=0.00010496 grad_norm=1.2649 throughput=15.79 img/s eta_seconds=665.7 gpu_alloc=476.3MiB gpu_reserved=3472.0MiB skipped_batches=0
2026-08-16 13:23:15,590 | INFO | epoch=18 batch=550 global_step=6028 loss_reg_months=3.8871 lr=0.00010496 grad_norm=1.6172 throughput=15.83 img/s eta_seconds=657.5 gpu_alloc=476.3MiB gpu_reserved=3472.0MiB skipped_batches=0
2026-08-16 13:23:21,424 | INFO | epoch=18 batch=575 global_step=6030 loss_reg_months=3.8708 lr=0.00010496 grad_norm=0.9707 throughput=15.89 img/s eta_seconds=649.0 gpu_alloc=476.3MiB gpu_reserved=3472.0MiB skipped_batches=0
2026-08-16 13:23:27,299 | INFO | epoch=18 batch=600 global_step=6033 loss_reg_months=3.8354 lr=0.00010496 grad_norm=1.0286 throughput=15.93 img/s eta_seconds=640.9 gpu_alloc=476.3MiB gpu_reserved=3472.0MiB skipped_batches=0
2026-08-16 13:23:33,228 | INFO | epoch=18 batch=625 global_step=6036 loss_reg_months=3.8293 lr=0.00010496 grad_norm=1.0757 throughput=15.97 img/s eta_seconds=633.2 gpu_alloc=476.3MiB gpu_reserved=3472.0MiB skipped_batches=0
2026-08-16 13:23:39,111 | INFO | epoch=18 batch=650 global_step=6039 loss_reg_months=3.8116 lr=0.00010496 grad_norm=1.2722 throughput=16.00 img/s eta_seconds=625.5 gpu_alloc=476.3MiB gpu_reserved=3472.0MiB skipped_batches=0
2026-08-16 13:23:44,993 | INFO | epoch=18 batch=675 global_step=6042 loss_reg_months=3.8094 lr=0.00010496 grad_norm=1.6282 throughput=16.04 img/s eta_seconds=617.9 gpu_alloc=367.7MiB gpu_reserved=3472.0MiB skipped_batches=0
2026-08-16 13:23:50,876 | INFO | epoch=18 batch=700 global_step=6044 loss_reg_months=3.8078 lr=0.00010496 grad_norm=2.0842 throughput=16.07 img/s eta_seconds=610.5 gpu_alloc=476.3MiB gpu_reserved=3472.0MiB skipped_batches=0
2026-08-16 13:23:56,906 | INFO | epoch=18 batch=725 global_step=6047 loss_reg_months=3.7805 lr=0.00010496 grad_norm=1.0662 throughput=16.09 img/s eta_seconds=603.6 gpu_alloc=476.3MiB gpu_reserved=3472.0MiB skipped_batches=0
2026-08-16 13:24:02,887 | INFO | epoch=18 batch=750 global_step=6050 loss_reg_months=3.7786 lr=0.00010496 grad_norm=1.3124 throughput=16.11 img/s eta_seconds=596.6 gpu_alloc=476.3MiB gpu_reserved=3472.0MiB skipped_batches=0
2026-08-16 13:24:08,765 | INFO | epoch=18 batch=775 global_step=6053 loss_reg_months=3.7813 lr=0.00010496 grad_norm=1.6891 throughput=16.14 img/s eta_seconds=589.4 gpu_alloc=476.3MiB gpu_reserved=3472.0MiB skipped_batches=0
2026-08-16 13:24:14,591 | INFO | epoch=18 batch=800 global_step=6055 loss_reg_months=3.7990 lr=0.00010496 grad_norm=1.5057 throughput=16.17 img/s eta_seconds=582.1 gpu_alloc=476.3MiB gpu_reserved=3472.0MiB skipped_batches=0
2026-08-16 13:24:20,454 | INFO | epoch=18 batch=825 global_step=6058 loss_reg_months=3.8144 lr=0.00010496 grad_norm=1.4094 throughput=16.19 img/s eta_seconds=575.0 gpu_alloc=476.3MiB gpu_reserved=3472.0MiB skipped_batches=0
2026-08-16 13:24:26,304 | INFO | epoch=18 batch=850 global_step=6061 loss_reg_months=3.8238 lr=0.00010496 grad_norm=1.3343 throughput=16.22 img/s eta_seconds=568.0 gpu_alloc=476.3MiB gpu_reserved=3472.0MiB skipped_batches=0
2026-08-16 13:24:32,167 | INFO | epoch=18 batch=875 global_step=6064 loss_reg_months=3.8294 lr=0.00010496 grad_norm=1.3912 throughput=16.24 img/s eta_seconds=561.0 gpu_alloc=476.3MiB gpu_reserved=3472.0MiB skipped_batches=0
2026-08-16 13:24:38,043 | INFO | epoch=18 batch=900 global_step=6067 loss_reg_months=3.8507 lr=0.00010496 grad_norm=1.4157 throughput=16.26 img/s eta_seconds=554.1 gpu_alloc=367.7MiB gpu_reserved=3472.0MiB skipped_batches=0
2026-08-16 13:24:43,934 | INFO | epoch=18 batch=925 global_step=6069 loss_reg_months=3.8362 lr=0.00010496 grad_norm=1.1465 throughput=16.28 img/s eta_seconds=547.4 gpu_alloc=476.3MiB gpu_reserved=3472.0MiB skipped_batches=0
2026-08-16 13:24:49,823 | INFO | epoch=18 batch=950 global_step=6072 loss_reg_months=3.8268 lr=0.00010496 grad_norm=1.3731 throughput=16.30 img/s eta_seconds=540.6 gpu_alloc=476.3MiB gpu_reserved=3472.0MiB skipped_batches=0
2026-08-16 13:24:55,725 | INFO | epoch=18 batch=975 global_step=6075 loss_reg_months=3.8551 lr=0.00010496 grad_norm=1.7523 throughput=16.31 img/s eta_seconds=534.0 gpu_alloc=476.3MiB gpu_reserved=3472.0MiB skipped_batches=0
2026-08-16 13:25:01,668 | INFO | epoch=18 batch=1000 global_step=6078 loss_reg_months=3.8789 lr=0.00010496 grad_norm=1.2566 throughput=16.33 img/s eta_seconds=527.5 gpu_alloc=476.3MiB gpu_reserved=3472.0MiB skipped_batches=0
2026-08-16 13:25:07,726 | INFO | epoch=18 batch=1025 global_step=6080 loss_reg_months=3.8879 lr=0.00010496 grad_norm=1.1588 throughput=16.33 img/s eta_seconds=521.2 gpu_alloc=476.3MiB gpu_reserved=3472.0MiB skipped_batches=0
2026-08-16 13:25:14,016 | INFO | epoch=18 batch=1050 global_step=6083 loss_reg_months=3.8766 lr=0.00010496 grad_norm=1.0996 throughput=16.32 img/s eta_seconds=515.4 gpu_alloc=476.3MiB gpu_reserved=3472.0MiB skipped_batches=0
2026-08-16 13:25:20,015 | INFO | epoch=18 batch=1075 global_step=6086 loss_reg_months=3.8588 lr=0.00010496 grad_norm=0.9848 throughput=16.33 img/s eta_seconds=509.0 gpu_alloc=476.3MiB gpu_reserved=3472.0MiB skipped_batches=0
2026-08-16 13:25:25,964 | INFO | epoch=18 batch=1100 global_step=6089 loss_reg_months=3.8639 lr=0.00010496 grad_norm=1.6821 throughput=16.34 img/s eta_seconds=502.6 gpu_alloc=476.3MiB gpu_reserved=3472.0MiB skipped_batches=0
2026-08-16 13:25:31,903 | INFO | epoch=18 batch=1125 global_step=6092 loss_reg_months=3.8856 lr=0.00010496 grad_norm=1.8390 throughput=16.35 img/s eta_seconds=496.1 gpu_alloc=367.7MiB gpu_reserved=3472.0MiB skipped_batches=0
2026-08-16 13:25:38,159 | INFO | epoch=18 batch=1150 global_step=6094 loss_reg_months=3.9005 lr=0.00010496 grad_norm=1.7045 throughput=16.34 img/s eta_seconds=490.2 gpu_alloc=476.3MiB gpu_reserved=3472.0MiB skipped_batches=0
2026-08-16 13:25:44,146 | INFO | epoch=18 batch=1175 global_step=6097 loss_reg_months=3.9196 lr=0.00010496 grad_norm=2.0618 throughput=16.35 img/s eta_seconds=483.9 gpu_alloc=476.3MiB gpu_reserved=3472.0MiB skipped_batches=0
2026-08-16 13:25:49,996 | INFO | epoch=18 batch=1200 global_step=6100 loss_reg_months=3.9278 lr=0.00010496 grad_norm=1.4220 throughput=16.36 img/s eta_seconds=477.4 gpu_alloc=476.3MiB gpu_reserved=3472.0MiB skipped_batches=0
2026-08-16 13:25:55,852 | INFO | epoch=18 batch=1225 global_step=6103 loss_reg_months=3.9315 lr=0.00010496 grad_norm=1.1041 throughput=16.38 img/s eta_seconds=470.8 gpu_alloc=476.3MiB gpu_reserved=3472.0MiB skipped_batches=0
2026-08-16 13:26:01,683 | INFO | epoch=18 batch=1250 global_step=6105 loss_reg_months=3.9280 lr=0.00010496 grad_norm=1.2571 throughput=16.39 img/s eta_seconds=464.3 gpu_alloc=476.3MiB gpu_reserved=3472.0MiB skipped_batches=0
2026-08-16 13:26:07,562 | INFO | epoch=18 batch=1275 global_step=6108 loss_reg_months=3.9300 lr=0.00010496 grad_norm=1.3286 throughput=16.40 img/s eta_seconds=457.9 gpu_alloc=476.3MiB gpu_reserved=3472.0MiB skipped_batches=0
2026-08-16 13:26:13,503 | INFO | epoch=18 batch=1300 global_step=6111 loss_reg_months=3.9440 lr=0.00010496 grad_norm=1.9277 throughput=16.41 img/s eta_seconds=451.6 gpu_alloc=476.3MiB gpu_reserved=3472.0MiB skipped_batches=0
2026-08-16 13:26:19,441 | INFO | epoch=18 batch=1325 global_step=6114 loss_reg_months=3.9565 lr=0.00010496 grad_norm=1.3915 throughput=16.42 img/s eta_seconds=445.3 gpu_alloc=476.3MiB gpu_reserved=3472.0MiB skipped_batches=0
2026-08-16 13:26:25,354 | INFO | epoch=18 batch=1350 global_step=6117 loss_reg_months=3.9632 lr=0.00010496 grad_norm=1.3862 throughput=16.43 img/s eta_seconds=438.9 gpu_alloc=367.7MiB gpu_reserved=3472.0MiB skipped_batches=0
2026-08-16 13:26:31,184 | INFO | epoch=18 batch=1375 global_step=6119 loss_reg_months=3.9610 lr=0.00010496 grad_norm=1.3686 throughput=16.44 img/s eta_seconds=432.5 gpu_alloc=476.3MiB gpu_reserved=3472.0MiB skipped_batches=0
2026-08-16 13:26:37,045 | INFO | epoch=18 batch=1400 global_step=6122 loss_reg_months=3.9554 lr=0.00010496 grad_norm=1.5532 throughput=16.45 img/s eta_seconds=426.2 gpu_alloc=476.3MiB gpu_reserved=3472.0MiB skipped_batches=0
2026-08-16 13:26:42,917 | INFO | epoch=18 batch=1425 global_step=6125 loss_reg_months=3.9548 lr=0.00010496 grad_norm=1.2789 throughput=16.46 img/s eta_seconds=419.8 gpu_alloc=476.3MiB gpu_reserved=3472.0MiB skipped_batches=0
2026-08-16 13:26:48,852 | INFO | epoch=18 batch=1450 global_step=6128 loss_reg_months=3.9505 lr=0.00010496 grad_norm=1.5676 throughput=16.47 img/s eta_seconds=413.6 gpu_alloc=476.3MiB gpu_reserved=3472.0MiB skipped_batches=0
2026-08-16 13:26:54,908 | INFO | epoch=18 batch=1475 global_step=6130 loss_reg_months=3.9478 lr=0.00010496 grad_norm=1.1230 throughput=16.47 img/s eta_seconds=407.5 gpu_alloc=476.3MiB gpu_reserved=3472.0MiB skipped_batches=0
2026-08-16 13:27:00,810 | INFO | epoch=18 batch=1500 global_step=6133 loss_reg_months=3.9555 lr=0.00010496 grad_norm=1.4124 throughput=16.48 img/s eta_seconds=401.2 gpu_alloc=476.3MiB gpu_reserved=3472.0MiB skipped_batches=0
2026-08-16 13:27:07,052 | INFO | epoch=18 batch=1525 global_step=6136 loss_reg_months=3.9623 lr=0.00010496 grad_norm=1.1171 throughput=16.47 img/s eta_seconds=395.4 gpu_alloc=476.3MiB gpu_reserved=3472.0MiB skipped_batches=0
2026-08-16 13:27:13,050 | INFO | epoch=18 batch=1550 global_step=6139 loss_reg_months=3.9601 lr=0.00010496 grad_norm=1.0418 throughput=16.47 img/s eta_seconds=389.2 gpu_alloc=476.3MiB gpu_reserved=3472.0MiB skipped_batches=0
2026-08-16 13:27:19,163 | INFO | epoch=18 batch=1575 global_step=6142 loss_reg_months=3.9665 lr=0.00010496 grad_norm=0.9670 throughput=16.47 img/s eta_seconds=383.2 gpu_alloc=367.7MiB gpu_reserved=3472.0MiB skipped_batches=0
2026-08-16 13:27:24,967 | INFO | epoch=18 batch=1600 global_step=6144 loss_reg_months=3.9897 lr=0.00010496 grad_norm=1.3260 throughput=16.48 img/s eta_seconds=376.8 gpu_alloc=476.3MiB gpu_reserved=3472.0MiB skipped_batches=0
2026-08-16 13:27:30,806 | INFO | epoch=18 batch=1625 global_step=6147 loss_reg_months=3.9968 lr=0.00010496 grad_norm=1.9038 throughput=16.49 img/s eta_seconds=370.6 gpu_alloc=476.3MiB gpu_reserved=3472.0MiB skipped_batches=0
2026-08-16 13:27:36,653 | INFO | epoch=18 batch=1650 global_step=6150 loss_reg_months=3.9994 lr=0.00010496 grad_norm=1.2802 throughput=16.50 img/s eta_seconds=364.3 gpu_alloc=476.3MiB gpu_reserved=3472.0MiB skipped_batches=0
2026-08-16 13:27:42,484 | INFO | epoch=18 batch=1675 global_step=6153 loss_reg_months=4.0075 lr=0.00010496 grad_norm=1.4434 throughput=16.51 img/s eta_seconds=358.0 gpu_alloc=476.3MiB gpu_reserved=3472.0MiB skipped_batches=0
2026-08-16 13:27:48,302 | INFO | epoch=18 batch=1700 global_step=6155 loss_reg_months=4.0171 lr=0.00010496 grad_norm=1.4578 throughput=16.52 img/s eta_seconds=351.8 gpu_alloc=476.3MiB gpu_reserved=3472.0MiB skipped_batches=0
2026-08-16 13:27:54,205 | INFO | epoch=18 batch=1725 global_step=6158 loss_reg_months=4.0264 lr=0.00010496 grad_norm=1.8725 throughput=16.52 img/s eta_seconds=345.6 gpu_alloc=476.3MiB gpu_reserved=3472.0MiB skipped_batches=0
2026-08-16 13:28:00,033 | INFO | epoch=18 batch=1750 global_step=6161 loss_reg_months=4.0163 lr=0.00010496 grad_norm=1.5041 throughput=16.53 img/s eta_seconds=339.4 gpu_alloc=476.3MiB gpu_reserved=3472.0MiB skipped_batches=0
2026-08-16 13:28:05,856 | INFO | epoch=18 batch=1775 global_step=6164 loss_reg_months=4.0252 lr=0.00010496 grad_norm=1.4794 throughput=16.54 img/s eta_seconds=333.1 gpu_alloc=476.3MiB gpu_reserved=3472.0MiB skipped_batches=0
2026-08-16 13:28:11,712 | INFO | epoch=18 batch=1800 global_step=6167 loss_reg_months=4.0204 lr=0.00010496 grad_norm=1.0040 throughput=16.55 img/s eta_seconds=327.0 gpu_alloc=367.7MiB gpu_reserved=3472.0MiB skipped_batches=0
2026-08-16 13:28:17,676 | INFO | epoch=18 batch=1825 global_step=6169 loss_reg_months=4.0212 lr=0.00010496 grad_norm=1.9425 throughput=16.55 img/s eta_seconds=320.9 gpu_alloc=476.3MiB gpu_reserved=3472.0MiB skipped_batches=0
2026-08-16 13:28:23,764 | INFO | epoch=18 batch=1850 global_step=6172 loss_reg_months=4.0140 lr=0.00010496 grad_norm=1.2026 throughput=16.55 img/s eta_seconds=314.9 gpu_alloc=476.3MiB gpu_reserved=3472.0MiB skipped_batches=0
2026-08-16 13:28:29,666 | INFO | epoch=18 batch=1875 global_step=6175 loss_reg_months=4.0145 lr=0.00010496 grad_norm=1.5891 throughput=16.56 img/s eta_seconds=308.7 gpu_alloc=476.3MiB gpu_reserved=3472.0MiB skipped_batches=0
2026-08-16 13:28:35,492 | INFO | epoch=18 batch=1900 global_step=6178 loss_reg_months=4.0320 lr=0.00010496 grad_norm=1.2185 throughput=16.56 img/s eta_seconds=302.5 gpu_alloc=476.3MiB gpu_reserved=3472.0MiB skipped_batches=0
2026-08-16 13:28:41,306 | INFO | epoch=18 batch=1925 global_step=6180 loss_reg_months=4.0292 lr=0.00010496 grad_norm=1.3575 throughput=16.57 img/s eta_seconds=296.4 gpu_alloc=476.3MiB gpu_reserved=3472.0MiB skipped_batches=0
2026-08-16 13:28:47,288 | INFO | epoch=18 batch=1950 global_step=6183 loss_reg_months=4.0290 lr=0.00010496 grad_norm=1.1145 throughput=16.57 img/s eta_seconds=290.3 gpu_alloc=476.3MiB gpu_reserved=3472.0MiB skipped_batches=0
2026-08-16 13:28:53,357 | INFO | epoch=18 batch=1975 global_step=6186 loss_reg_months=4.0302 lr=0.00010496 grad_norm=0.9994 throughput=16.57 img/s eta_seconds=284.3 gpu_alloc=476.3MiB gpu_reserved=3472.0MiB skipped_batches=0
2026-08-16 13:28:59,624 | INFO | epoch=18 batch=2000 global_step=6189 loss_reg_months=4.0287 lr=0.00010496 grad_norm=1.2210 throughput=16.56 img/s eta_seconds=278.4 gpu_alloc=476.3MiB gpu_reserved=3472.0MiB skipped_batches=0
2026-08-16 13:29:05,735 | INFO | epoch=18 batch=2025 global_step=6192 loss_reg_months=4.0248 lr=0.00010496 grad_norm=1.3677 throughput=16.56 img/s eta_seconds=272.4 gpu_alloc=367.7MiB gpu_reserved=3472.0MiB skipped_batches=0
2026-08-16 13:29:11,555 | INFO | epoch=18 batch=2050 global_step=6194 loss_reg_months=4.0273 lr=0.00010496 grad_norm=1.1150 throughput=16.57 img/s eta_seconds=266.2 gpu_alloc=476.3MiB gpu_reserved=3472.0MiB skipped_batches=0
2026-08-16 13:29:17,383 | INFO | epoch=18 batch=2075 global_step=6197 loss_reg_months=4.0269 lr=0.00010496 grad_norm=1.2932 throughput=16.58 img/s eta_seconds=260.1 gpu_alloc=476.3MiB gpu_reserved=3472.0MiB skipped_batches=0
2026-08-16 13:29:23,220 | INFO | epoch=18 batch=2100 global_step=6200 loss_reg_months=4.0249 lr=0.00010496 grad_norm=1.2549 throughput=16.58 img/s eta_seconds=253.9 gpu_alloc=476.3MiB gpu_reserved=3472.0MiB skipped_batches=0
2026-08-16 13:29:29,116 | INFO | epoch=18 batch=2125 global_step=6203 loss_reg_months=4.0178 lr=0.00010496 grad_norm=1.3999 throughput=16.59 img/s eta_seconds=247.9 gpu_alloc=476.3MiB gpu_reserved=3472.0MiB skipped_batches=0
2026-08-16 13:29:34,907 | INFO | epoch=18 batch=2150 global_step=6205 loss_reg_months=4.0169 lr=0.00010496 grad_norm=1.3967 throughput=16.59 img/s eta_seconds=241.7 gpu_alloc=476.3MiB gpu_reserved=3472.0MiB skipped_batches=0
2026-08-16 13:29:40,743 | INFO | epoch=18 batch=2175 global_step=6208 loss_reg_months=4.0219 lr=0.00010496 grad_norm=1.2953 throughput=16.60 img/s eta_seconds=235.6 gpu_alloc=476.3MiB gpu_reserved=3472.0MiB skipped_batches=0
2026-08-16 13:29:46,591 | INFO | epoch=18 batch=2200 global_step=6211 loss_reg_months=4.0216 lr=0.00010496 grad_norm=1.3667 throughput=16.61 img/s eta_seconds=229.5 gpu_alloc=476.3MiB gpu_reserved=3472.0MiB skipped_batches=0
2026-08-16 13:29:52,436 | INFO | epoch=18 batch=2225 global_step=6214 loss_reg_months=4.0209 lr=0.00010496 grad_norm=1.0851 throughput=16.61 img/s eta_seconds=223.4 gpu_alloc=476.3MiB gpu_reserved=3472.0MiB skipped_batches=0
2026-08-16 13:29:58,309 | INFO | epoch=18 batch=2250 global_step=6217 loss_reg_months=4.0187 lr=0.00010496 grad_norm=1.2988 throughput=16.62 img/s eta_seconds=217.3 gpu_alloc=367.7MiB gpu_reserved=3472.0MiB skipped_batches=0
2026-08-16 13:30:04,100 | INFO | epoch=18 batch=2275 global_step=6219 loss_reg_months=4.0170 lr=0.00010496 grad_norm=1.4899 throughput=16.62 img/s eta_seconds=211.2 gpu_alloc=476.3MiB gpu_reserved=3472.0MiB skipped_batches=0
2026-08-16 13:30:09,920 | INFO | epoch=18 batch=2300 global_step=6222 loss_reg_months=4.0088 lr=0.00010496 grad_norm=1.0999 throughput=16.63 img/s eta_seconds=205.1 gpu_alloc=476.3MiB gpu_reserved=3472.0MiB skipped_batches=0
2026-08-16 13:30:16,018 | INFO | epoch=18 batch=2325 global_step=6225 loss_reg_months=4.0080 lr=0.00010496 grad_norm=1.3778 throughput=16.63 img/s eta_seconds=199.1 gpu_alloc=476.3MiB gpu_reserved=3472.0MiB skipped_batches=0
2026-08-16 13:30:21,835 | INFO | epoch=18 batch=2350 global_step=6228 loss_reg_months=4.0021 lr=0.00010496 grad_norm=1.1021 throughput=16.63 img/s eta_seconds=193.1 gpu_alloc=476.3MiB gpu_reserved=3472.0MiB skipped_batches=0
2026-08-16 13:30:27,780 | INFO | epoch=18 batch=2375 global_step=6230 loss_reg_months=4.0007 lr=0.00010496 grad_norm=1.2368 throughput=16.63 img/s eta_seconds=187.0 gpu_alloc=476.3MiB gpu_reserved=3472.0MiB skipped_batches=0
2026-08-16 13:30:33,828 | INFO | epoch=18 batch=2400 global_step=6233 loss_reg_months=3.9954 lr=0.00010496 grad_norm=1.0137 throughput=16.63 img/s eta_seconds=181.0 gpu_alloc=476.3MiB gpu_reserved=3472.0MiB skipped_batches=0
2026-08-16 13:30:39,882 | INFO | epoch=18 batch=2425 global_step=6236 loss_reg_months=3.9991 lr=0.00010496 grad_norm=2.1291 throughput=16.63 img/s eta_seconds=175.0 gpu_alloc=476.3MiB gpu_reserved=3472.0MiB skipped_batches=0
2026-08-16 13:30:46,032 | INFO | epoch=18 batch=2450 global_step=6239 loss_reg_months=4.0076 lr=0.00010496 grad_norm=2.0954 throughput=16.63 img/s eta_seconds=169.1 gpu_alloc=476.3MiB gpu_reserved=3472.0MiB skipped_batches=0
2026-08-16 13:30:52,091 | INFO | epoch=18 batch=2475 global_step=6242 loss_reg_months=4.0092 lr=0.00010496 grad_norm=1.0249 throughput=16.63 img/s eta_seconds=163.1 gpu_alloc=367.7MiB gpu_reserved=3472.0MiB skipped_batches=0
2026-08-16 13:30:58,131 | INFO | epoch=18 batch=2500 global_step=6244 loss_reg_months=4.0003 lr=0.00010496 grad_norm=1.2605 throughput=16.63 img/s eta_seconds=157.0 gpu_alloc=476.3MiB gpu_reserved=3472.0MiB skipped_batches=0
2026-08-16 13:31:04,217 | INFO | epoch=18 batch=2525 global_step=6247 loss_reg_months=3.9985 lr=0.00010496 grad_norm=1.3263 throughput=16.62 img/s eta_seconds=151.0 gpu_alloc=476.3MiB gpu_reserved=3472.0MiB skipped_batches=0
2026-08-16 13:31:10,434 | INFO | epoch=18 batch=2550 global_step=6250 loss_reg_months=4.0025 lr=0.00010496 grad_norm=1.3403 throughput=16.62 img/s eta_seconds=145.1 gpu_alloc=476.3MiB gpu_reserved=3472.0MiB skipped_batches=0
2026-08-16 13:31:16,695 | INFO | epoch=18 batch=2575 global_step=6253 loss_reg_months=4.0004 lr=0.00010496 grad_norm=1.4639 throughput=16.61 img/s eta_seconds=139.1 gpu_alloc=476.3MiB gpu_reserved=3472.0MiB skipped_batches=0
2026-08-16 13:31:22,834 | INFO | epoch=18 batch=2600 global_step=6255 loss_reg_months=3.9975 lr=0.00010496 grad_norm=1.1464 throughput=16.61 img/s eta_seconds=133.1 gpu_alloc=476.3MiB gpu_reserved=3472.0MiB skipped_batches=0
2026-08-16 13:31:29,072 | INFO | epoch=18 batch=2625 global_step=6258 loss_reg_months=3.9949 lr=0.00010496 grad_norm=1.6373 throughput=16.60 img/s eta_seconds=127.1 gpu_alloc=476.3MiB gpu_reserved=3472.0MiB skipped_batches=0
2026-08-16 13:31:35,246 | INFO | epoch=18 batch=2650 global_step=6261 loss_reg_months=4.0009 lr=0.00010496 grad_norm=1.4428 throughput=16.60 img/s eta_seconds=121.2 gpu_alloc=476.3MiB gpu_reserved=3472.0MiB skipped_batches=0
2026-08-16 13:31:41,484 | INFO | epoch=18 batch=2675 global_step=6264 loss_reg_months=3.9954 lr=0.00010496 grad_norm=0.9722 throughput=16.59 img/s eta_seconds=115.2 gpu_alloc=476.3MiB gpu_reserved=3472.0MiB skipped_batches=0
2026-08-16 13:31:47,651 | INFO | epoch=18 batch=2700 global_step=6267 loss_reg_months=3.9947 lr=0.00010496 grad_norm=1.0165 throughput=16.59 img/s eta_seconds=109.2 gpu_alloc=367.7MiB gpu_reserved=3472.0MiB skipped_batches=0
2026-08-16 13:31:53,772 | INFO | epoch=18 batch=2725 global_step=6269 loss_reg_months=3.9920 lr=0.00010496 grad_norm=1.1926 throughput=16.59 img/s eta_seconds=103.1 gpu_alloc=476.3MiB gpu_reserved=3472.0MiB skipped_batches=0
2026-08-16 13:31:59,929 | INFO | epoch=18 batch=2750 global_step=6272 loss_reg_months=3.9949 lr=0.00010496 grad_norm=1.3610 throughput=16.58 img/s eta_seconds=97.1 gpu_alloc=476.3MiB gpu_reserved=3472.0MiB skipped_batches=0
2026-08-16 13:32:06,087 | INFO | epoch=18 batch=2775 global_step=6275 loss_reg_months=3.9937 lr=0.00010496 grad_norm=1.3858 throughput=16.58 img/s eta_seconds=91.1 gpu_alloc=476.3MiB gpu_reserved=3472.0MiB skipped_batches=0
2026-08-16 13:32:12,275 | INFO | epoch=18 batch=2800 global_step=6278 loss_reg_months=3.9862 lr=0.00010496 grad_norm=0.9455 throughput=16.58 img/s eta_seconds=85.1 gpu_alloc=476.3MiB gpu_reserved=3472.0MiB skipped_batches=0
2026-08-16 13:32:18,402 | INFO | epoch=18 batch=2825 global_step=6280 loss_reg_months=3.9833 lr=0.00010496 grad_norm=1.4221 throughput=16.58 img/s eta_seconds=79.1 gpu_alloc=476.3MiB gpu_reserved=3472.0MiB skipped_batches=0
2026-08-16 13:32:24,571 | INFO | epoch=18 batch=2850 global_step=6283 loss_reg_months=3.9772 lr=0.00010496 grad_norm=1.5098 throughput=16.57 img/s eta_seconds=73.1 gpu_alloc=476.3MiB gpu_reserved=3472.0MiB skipped_batches=0
2026-08-16 13:32:30,749 | INFO | epoch=18 batch=2875 global_step=6286 loss_reg_months=3.9798 lr=0.00010496 grad_norm=1.8266 throughput=16.57 img/s eta_seconds=67.1 gpu_alloc=476.3MiB gpu_reserved=3472.0MiB skipped_batches=0
2026-08-16 13:32:37,043 | INFO | epoch=18 batch=2900 global_step=6289 loss_reg_months=3.9688 lr=0.00010496 grad_norm=1.1651 throughput=16.56 img/s eta_seconds=61.0 gpu_alloc=476.3MiB gpu_reserved=3472.0MiB skipped_batches=0
2026-08-16 13:32:43,275 | INFO | epoch=18 batch=2925 global_step=6292 loss_reg_months=3.9738 lr=0.00010496 grad_norm=1.6362 throughput=16.56 img/s eta_seconds=55.0 gpu_alloc=367.7MiB gpu_reserved=3472.0MiB skipped_batches=0
2026-08-16 13:32:49,455 | INFO | epoch=18 batch=2950 global_step=6294 loss_reg_months=3.9744 lr=0.00010496 grad_norm=1.4981 throughput=16.55 img/s eta_seconds=49.0 gpu_alloc=476.3MiB gpu_reserved=3472.0MiB skipped_batches=0
2026-08-16 13:32:55,606 | INFO | epoch=18 batch=2975 global_step=6297 loss_reg_months=3.9771 lr=0.00010496 grad_norm=1.6916 throughput=16.55 img/s eta_seconds=43.0 gpu_alloc=476.3MiB gpu_reserved=3472.0MiB skipped_batches=0
2026-08-16 13:33:01,901 | INFO | epoch=18 batch=3000 global_step=6300 loss_reg_months=3.9809 lr=0.00010496 grad_norm=1.0330 throughput=16.55 img/s eta_seconds=36.9 gpu_alloc=476.3MiB gpu_reserved=3472.0MiB skipped_batches=0
2026-08-16 13:33:07,993 | INFO | epoch=18 batch=3025 global_step=6303 loss_reg_months=3.9810 lr=0.00010496 grad_norm=1.3398 throughput=16.54 img/s eta_seconds=30.9 gpu_alloc=476.3MiB gpu_reserved=3472.0MiB skipped_batches=0
2026-08-16 13:33:13,800 | INFO | epoch=18 batch=3050 global_step=6305 loss_reg_months=3.9788 lr=0.00010496 grad_norm=1.4995 throughput=16.55 img/s eta_seconds=24.8 gpu_alloc=476.3MiB gpu_reserved=3472.0MiB skipped_batches=0
2026-08-16 13:33:19,711 | INFO | epoch=18 batch=3075 global_step=6308 loss_reg_months=3.9786 lr=0.00010496 grad_norm=1.0388 throughput=16.55 img/s eta_seconds=18.8 gpu_alloc=476.3MiB gpu_reserved=3472.0MiB skipped_batches=0
2026-08-16 13:33:25,548 | INFO | epoch=18 batch=3100 global_step=6311 loss_reg_months=3.9810 lr=0.00010496 grad_norm=2.2236 throughput=16.56 img/s eta_seconds=12.7 gpu_alloc=476.3MiB gpu_reserved=3472.0MiB skipped_batches=0
2026-08-16 13:33:31,577 | INFO | epoch=18 batch=3125 global_step=6314 loss_reg_months=3.9770 lr=0.00010496 grad_norm=1.3612 throughput=16.56 img/s eta_seconds=6.7 gpu_alloc=476.3MiB gpu_reserved=3472.0MiB skipped_batches=0
2026-08-16 13:33:37,602 | INFO | epoch=18 batch=3150 global_step=6317 loss_reg_months=3.9882 lr=0.00010496 grad_norm=1.8658 throughput=16.56 img/s eta_seconds=0.7 gpu_alloc=367.7MiB gpu_reserved=3472.0MiB skipped_batches=0
2026-08-16 13:34:22,233 | WARNING | STABILITY WARNING [CAM] Prediction vượt nhẹ miền tuổi 0–228: [-3.67, 221.00]
2026-08-16 13:34:22,235 | WARNING | STABILITY WARNING [CAM] Validation MAE xấu đi trong khi train loss giảm
2026-08-16 13:34:22,236 | INFO | 
TRAINING REVIEW SNAPSHOT
Run ID / config hash / split hash: P6_D0_CONVNEXT_TINY_768_SEED42 / 0e80cf6f780f / 7328667e6822+f650a20432b5
Epoch / global step: 18 / 6318
Train loss: 3.9886
Validation MAE / RMSE / median AE: 6.5413 / 8.7487 / 5.0000
MAE nam / nữ / age bins: {'F': 6.988065567484663, 'M': 6.164426342173351} / {'0-59': 7.051279920212766, '120-179': 6.254017305315204, '60-119': 7.068527918781726, '180-228': 6.359375}
Learning rate / peak VRAM: 0.00010496 / 3472.0 MiB
Best epoch / best MAE / epochs không cải thiện: 15 / 6.2075 / 3
Cảnh báo hiện tại: CAM: Prediction vượt nhẹ miền tuổi 0–228: [-3.67, 221.00] | CAM: Validation MAE xấu đi trong khi train loss giảm
Checkpoint gần nhất: p1_baseline\runs\P6_D0_CONVNEXT_TINY_768_SEED42\last.ckpt
Checkpoint tốt nhất: p1_baseline\runs\P6_D0_CONVNEXT_TINY_768_SEED42\best_mae.ckpt
Đề xuất tự động: THEO DÕI
2026-08-16 13:34:39,184 | INFO | epoch=19 batch=25 global_step=6320 loss_reg_months=4.6666 lr=0.00009604 grad_norm=1.4137 throughput=7.15 img/s eta_seconds=1750.7 gpu_alloc=476.3MiB gpu_reserved=3472.0MiB skipped_batches=0
2026-08-16 13:34:44,957 | INFO | epoch=19 batch=50 global_step=6323 loss_reg_months=4.2257 lr=0.00009604 grad_norm=1.0676 throughput=10.12 img/s eta_seconds=1226.6 gpu_alloc=476.3MiB gpu_reserved=3472.0MiB skipped_batches=0
2026-08-16 13:34:50,771 | INFO | epoch=19 batch=75 global_step=6326 loss_reg_months=4.0670 lr=0.00009604 grad_norm=2.1510 throughput=11.73 img/s eta_seconds=1049.7 gpu_alloc=476.3MiB gpu_reserved=3472.0MiB skipped_batches=0
2026-08-16 13:34:56,519 | INFO | epoch=19 batch=100 global_step=6329 loss_reg_months=3.9816 lr=0.00009604 grad_norm=1.0058 throughput=12.77 img/s eta_seconds=956.4 gpu_alloc=476.3MiB gpu_reserved=3472.0MiB skipped_batches=0
2026-08-16 13:35:02,393 | INFO | epoch=19 batch=125 global_step=6331 loss_reg_months=3.8819 lr=0.00009604 grad_norm=1.0961 throughput=13.44 img/s eta_seconds=901.1 gpu_alloc=476.3MiB gpu_reserved=3472.0MiB skipped_batches=0
2026-08-16 13:35:08,250 | INFO | epoch=19 batch=150 global_step=6334 loss_reg_months=3.8357 lr=0.00009604 grad_norm=1.6771 throughput=13.93 img/s eta_seconds=862.0 gpu_alloc=476.3MiB gpu_reserved=3472.0MiB skipped_batches=0
2026-08-16 13:35:14,058 | INFO | epoch=19 batch=175 global_step=6337 loss_reg_months=3.7715 lr=0.00009604 grad_norm=1.5065 throughput=14.32 img/s eta_seconds=831.5 gpu_alloc=476.3MiB gpu_reserved=3472.0MiB skipped_batches=0
2026-08-16 13:35:19,844 | INFO | epoch=19 batch=200 global_step=6340 loss_reg_months=3.7731 lr=0.00009604 grad_norm=1.1626 throughput=14.64 img/s eta_seconds=806.9 gpu_alloc=476.3MiB gpu_reserved=3472.0MiB skipped_batches=0
2026-08-16 13:35:25,606 | INFO | epoch=19 batch=225 global_step=6343 loss_reg_months=3.6717 lr=0.00009604 grad_norm=1.1909 throughput=14.90 img/s eta_seconds=786.2 gpu_alloc=367.7MiB gpu_reserved=3472.0MiB skipped_batches=0
2026-08-16 13:35:31,334 | INFO | epoch=19 batch=250 global_step=6345 loss_reg_months=3.6490 lr=0.00009604 grad_norm=1.5646 throughput=15.12 img/s eta_seconds=768.0 gpu_alloc=476.3MiB gpu_reserved=3472.0MiB skipped_batches=0
2026-08-16 13:35:37,108 | INFO | epoch=19 batch=275 global_step=6348 loss_reg_months=3.6531 lr=0.00009604 grad_norm=1.3601 throughput=15.30 img/s eta_seconds=752.6 gpu_alloc=476.3MiB gpu_reserved=3472.0MiB skipped_batches=0
2026-08-16 13:35:42,856 | INFO | epoch=19 batch=300 global_step=6351 loss_reg_months=3.6645 lr=0.00009604 grad_norm=1.8291 throughput=15.45 img/s eta_seconds=738.5 gpu_alloc=476.3MiB gpu_reserved=3472.0MiB skipped_batches=0
2026-08-16 13:35:48,622 | INFO | epoch=19 batch=325 global_step=6354 loss_reg_months=3.7402 lr=0.00009604 grad_norm=1.9699 throughput=15.58 img/s eta_seconds=725.9 gpu_alloc=476.3MiB gpu_reserved=3472.0MiB skipped_batches=0
2026-08-16 13:35:54,358 | INFO | epoch=19 batch=350 global_step=6356 loss_reg_months=3.7635 lr=0.00009604 grad_norm=1.6215 throughput=15.70 img/s eta_seconds=714.0 gpu_alloc=476.3MiB gpu_reserved=3472.0MiB skipped_batches=0
2026-08-16 13:36:00,115 | INFO | epoch=19 batch=375 global_step=6359 loss_reg_months=3.8228 lr=0.00009604 grad_norm=2.3248 throughput=15.80 img/s eta_seconds=703.1 gpu_alloc=476.3MiB gpu_reserved=3472.0MiB skipped_batches=0
2026-08-16 13:36:05,884 | INFO | epoch=19 batch=400 global_step=6362 loss_reg_months=3.8422 lr=0.00009604 grad_norm=1.1838 throughput=15.89 img/s eta_seconds=693.0 gpu_alloc=476.3MiB gpu_reserved=3472.0MiB skipped_batches=0
2026-08-16 13:36:11,673 | INFO | epoch=19 batch=425 global_step=6365 loss_reg_months=3.8402 lr=0.00009604 grad_norm=1.4404 throughput=15.97 img/s eta_seconds=683.4 gpu_alloc=476.3MiB gpu_reserved=3472.0MiB skipped_batches=0
2026-08-16 13:36:17,436 | INFO | epoch=19 batch=450 global_step=6368 loss_reg_months=3.7962 lr=0.00009604 grad_norm=0.8398 throughput=16.04 img/s eta_seconds=674.2 gpu_alloc=367.7MiB gpu_reserved=3472.0MiB skipped_batches=0
2026-08-16 13:36:23,166 | INFO | epoch=19 batch=475 global_step=6370 loss_reg_months=3.8192 lr=0.00009604 grad_norm=1.1841 throughput=16.10 img/s eta_seconds=665.1 gpu_alloc=476.3MiB gpu_reserved=3472.0MiB skipped_batches=0
2026-08-16 13:36:28,933 | INFO | epoch=19 batch=500 global_step=6373 loss_reg_months=3.8466 lr=0.00009604 grad_norm=1.0652 throughput=16.16 img/s eta_seconds=656.5 gpu_alloc=476.3MiB gpu_reserved=3472.0MiB skipped_batches=0
2026-08-16 13:36:34,696 | INFO | epoch=19 batch=525 global_step=6376 loss_reg_months=3.8239 lr=0.00009604 grad_norm=0.7729 throughput=16.22 img/s eta_seconds=648.2 gpu_alloc=476.3MiB gpu_reserved=3472.0MiB skipped_batches=0
2026-08-16 13:36:40,454 | INFO | epoch=19 batch=550 global_step=6379 loss_reg_months=3.7934 lr=0.00009604 grad_norm=1.3549 throughput=16.26 img/s eta_seconds=640.1 gpu_alloc=476.3MiB gpu_reserved=3472.0MiB skipped_batches=0
2026-08-16 13:36:46,175 | INFO | epoch=19 batch=575 global_step=6381 loss_reg_months=3.8111 lr=0.00009604 grad_norm=1.0926 throughput=16.31 img/s eta_seconds=632.0 gpu_alloc=476.3MiB gpu_reserved=3472.0MiB skipped_batches=0
2026-08-16 13:36:52,031 | INFO | epoch=19 batch=600 global_step=6384 loss_reg_months=3.7989 lr=0.00009604 grad_norm=0.8931 throughput=16.34 img/s eta_seconds=624.7 gpu_alloc=476.3MiB gpu_reserved=3472.0MiB skipped_batches=0
2026-08-16 13:36:58,138 | INFO | epoch=19 batch=625 global_step=6387 loss_reg_months=3.7919 lr=0.00009604 grad_norm=1.6075 throughput=16.35 img/s eta_seconds=618.6 gpu_alloc=476.3MiB gpu_reserved=3472.0MiB skipped_batches=0
2026-08-16 13:37:04,133 | INFO | epoch=19 batch=650 global_step=6390 loss_reg_months=3.7985 lr=0.00009604 grad_norm=1.1307 throughput=16.36 img/s eta_seconds=612.0 gpu_alloc=476.3MiB gpu_reserved=3472.0MiB skipped_batches=0
2026-08-16 13:37:09,888 | INFO | epoch=19 batch=675 global_step=6393 loss_reg_months=3.7719 lr=0.00009604 grad_norm=1.5496 throughput=16.39 img/s eta_seconds=604.6 gpu_alloc=367.7MiB gpu_reserved=3472.0MiB skipped_batches=0
2026-08-16 13:37:15,612 | INFO | epoch=19 batch=700 global_step=6395 loss_reg_months=3.7458 lr=0.00009604 grad_norm=1.0920 throughput=16.43 img/s eta_seconds=597.1 gpu_alloc=476.3MiB gpu_reserved=3472.0MiB skipped_batches=0
2026-08-16 13:37:21,393 | INFO | epoch=19 batch=725 global_step=6398 loss_reg_months=3.7325 lr=0.00009604 grad_norm=1.3235 throughput=16.46 img/s eta_seconds=590.0 gpu_alloc=476.3MiB gpu_reserved=3472.0MiB skipped_batches=0
2026-08-16 13:37:27,149 | INFO | epoch=19 batch=750 global_step=6401 loss_reg_months=3.7074 lr=0.00009604 grad_norm=1.0761 throughput=16.49 img/s eta_seconds=582.9 gpu_alloc=476.3MiB gpu_reserved=3472.0MiB skipped_batches=0
2026-08-16 13:37:32,903 | INFO | epoch=19 batch=775 global_step=6404 loss_reg_months=3.7034 lr=0.00009604 grad_norm=1.9493 throughput=16.51 img/s eta_seconds=575.9 gpu_alloc=476.3MiB gpu_reserved=3472.0MiB skipped_batches=0
2026-08-16 13:37:38,624 | INFO | epoch=19 batch=800 global_step=6406 loss_reg_months=3.7117 lr=0.00009604 grad_norm=1.2101 throughput=16.54 img/s eta_seconds=568.9 gpu_alloc=476.3MiB gpu_reserved=3472.0MiB skipped_batches=0
2026-08-16 13:37:44,377 | INFO | epoch=19 batch=825 global_step=6409 loss_reg_months=3.6891 lr=0.00009604 grad_norm=1.1394 throughput=16.57 img/s eta_seconds=562.0 gpu_alloc=476.3MiB gpu_reserved=3472.0MiB skipped_batches=0
2026-08-16 13:37:50,184 | INFO | epoch=19 batch=850 global_step=6412 loss_reg_months=3.6922 lr=0.00009604 grad_norm=1.1840 throughput=16.59 img/s eta_seconds=555.4 gpu_alloc=476.3MiB gpu_reserved=3472.0MiB skipped_batches=0
2026-08-16 13:37:55,985 | INFO | epoch=19 batch=875 global_step=6415 loss_reg_months=3.6974 lr=0.00009604 grad_norm=1.4883 throughput=16.60 img/s eta_seconds=548.7 gpu_alloc=476.3MiB gpu_reserved=3472.0MiB skipped_batches=0
2026-08-16 13:38:01,746 | INFO | epoch=19 batch=900 global_step=6418 loss_reg_months=3.6907 lr=0.00009604 grad_norm=1.1686 throughput=16.62 img/s eta_seconds=542.1 gpu_alloc=367.7MiB gpu_reserved=3472.0MiB skipped_batches=0
2026-08-16 13:38:07,464 | INFO | epoch=19 batch=925 global_step=6420 loss_reg_months=3.6993 lr=0.00009604 grad_norm=1.5389 throughput=16.65 img/s eta_seconds=535.3 gpu_alloc=476.3MiB gpu_reserved=3472.0MiB skipped_batches=0
2026-08-16 13:38:13,214 | INFO | epoch=19 batch=950 global_step=6423 loss_reg_months=3.6948 lr=0.00009604 grad_norm=1.3147 throughput=16.66 img/s eta_seconds=528.7 gpu_alloc=476.3MiB gpu_reserved=3472.0MiB skipped_batches=0
2026-08-16 13:38:18,964 | INFO | epoch=19 batch=975 global_step=6426 loss_reg_months=3.6831 lr=0.00009604 grad_norm=1.2582 throughput=16.68 img/s eta_seconds=522.2 gpu_alloc=476.3MiB gpu_reserved=3472.0MiB skipped_batches=0
2026-08-16 13:38:24,726 | INFO | epoch=19 batch=1000 global_step=6429 loss_reg_months=3.6828 lr=0.00009604 grad_norm=1.2762 throughput=16.70 img/s eta_seconds=515.7 gpu_alloc=476.3MiB gpu_reserved=3472.0MiB skipped_batches=0
2026-08-16 13:38:30,643 | INFO | epoch=19 batch=1025 global_step=6431 loss_reg_months=3.6873 lr=0.00009604 grad_norm=1.0805 throughput=16.70 img/s eta_seconds=509.5 gpu_alloc=476.3MiB gpu_reserved=3472.0MiB skipped_batches=0
2026-08-16 13:38:36,482 | INFO | epoch=19 batch=1050 global_step=6434 loss_reg_months=3.6930 lr=0.00009604 grad_norm=1.2312 throughput=16.71 img/s eta_seconds=503.2 gpu_alloc=476.3MiB gpu_reserved=3472.0MiB skipped_batches=0
2026-08-16 13:38:42,291 | INFO | epoch=19 batch=1075 global_step=6437 loss_reg_months=3.6880 lr=0.00009604 grad_norm=1.1820 throughput=16.72 img/s eta_seconds=496.9 gpu_alloc=476.3MiB gpu_reserved=3472.0MiB skipped_batches=0
2026-08-16 13:38:48,079 | INFO | epoch=19 batch=1100 global_step=6440 loss_reg_months=3.6682 lr=0.00009604 grad_norm=0.9322 throughput=16.74 img/s eta_seconds=490.6 gpu_alloc=476.3MiB gpu_reserved=3472.0MiB skipped_batches=0
2026-08-16 13:38:53,855 | INFO | epoch=19 batch=1125 global_step=6443 loss_reg_months=3.6674 lr=0.00009604 grad_norm=1.2411 throughput=16.75 img/s eta_seconds=484.3 gpu_alloc=367.7MiB gpu_reserved=3472.0MiB skipped_batches=0
2026-08-16 13:38:59,588 | INFO | epoch=19 batch=1150 global_step=6445 loss_reg_months=3.6571 lr=0.00009604 grad_norm=0.8396 throughput=16.76 img/s eta_seconds=477.9 gpu_alloc=476.3MiB gpu_reserved=3472.0MiB skipped_batches=0
2026-08-16 13:39:05,348 | INFO | epoch=19 batch=1175 global_step=6448 loss_reg_months=3.6447 lr=0.00009604 grad_norm=1.4488 throughput=16.78 img/s eta_seconds=471.6 gpu_alloc=476.3MiB gpu_reserved=3472.0MiB skipped_batches=0
2026-08-16 13:39:11,128 | INFO | epoch=19 batch=1200 global_step=6451 loss_reg_months=3.6545 lr=0.00009604 grad_norm=1.1872 throughput=16.79 img/s eta_seconds=465.3 gpu_alloc=476.3MiB gpu_reserved=3472.0MiB skipped_batches=0
2026-08-16 13:39:16,887 | INFO | epoch=19 batch=1225 global_step=6454 loss_reg_months=3.6514 lr=0.00009604 grad_norm=1.5259 throughput=16.80 img/s eta_seconds=459.0 gpu_alloc=476.3MiB gpu_reserved=3472.0MiB skipped_batches=0
2026-08-16 13:39:22,615 | INFO | epoch=19 batch=1250 global_step=6456 loss_reg_months=3.6493 lr=0.00009604 grad_norm=1.2876 throughput=16.81 img/s eta_seconds=452.7 gpu_alloc=476.3MiB gpu_reserved=3472.0MiB skipped_batches=0
2026-08-16 13:39:28,383 | INFO | epoch=19 batch=1275 global_step=6459 loss_reg_months=3.6522 lr=0.00009604 grad_norm=1.1120 throughput=16.82 img/s eta_seconds=446.5 gpu_alloc=476.3MiB gpu_reserved=3472.0MiB skipped_batches=0
2026-08-16 13:39:34,210 | INFO | epoch=19 batch=1300 global_step=6462 loss_reg_months=3.6451 lr=0.00009604 grad_norm=1.0187 throughput=16.83 img/s eta_seconds=440.4 gpu_alloc=476.3MiB gpu_reserved=3472.0MiB skipped_batches=0
2026-08-16 13:39:40,072 | INFO | epoch=19 batch=1325 global_step=6465 loss_reg_months=3.6360 lr=0.00009604 grad_norm=1.2521 throughput=16.83 img/s eta_seconds=434.4 gpu_alloc=476.3MiB gpu_reserved=3472.0MiB skipped_batches=0
2026-08-16 13:39:45,870 | INFO | epoch=19 batch=1350 global_step=6468 loss_reg_months=3.6385 lr=0.00009604 grad_norm=1.4100 throughput=16.84 img/s eta_seconds=428.2 gpu_alloc=367.7MiB gpu_reserved=3472.0MiB skipped_batches=0
2026-08-16 13:39:51,640 | INFO | epoch=19 batch=1375 global_step=6470 loss_reg_months=3.6475 lr=0.00009604 grad_norm=1.4905 throughput=16.85 img/s eta_seconds=422.1 gpu_alloc=476.3MiB gpu_reserved=3472.0MiB skipped_batches=0
2026-08-16 13:39:57,409 | INFO | epoch=19 batch=1400 global_step=6473 loss_reg_months=3.6547 lr=0.00009604 grad_norm=1.3211 throughput=16.86 img/s eta_seconds=415.9 gpu_alloc=476.3MiB gpu_reserved=3472.0MiB skipped_batches=0
2026-08-16 13:40:03,180 | INFO | epoch=19 batch=1425 global_step=6476 loss_reg_months=3.6694 lr=0.00009604 grad_norm=1.5276 throughput=16.86 img/s eta_seconds=409.8 gpu_alloc=476.3MiB gpu_reserved=3472.0MiB skipped_batches=0
2026-08-16 13:40:08,965 | INFO | epoch=19 batch=1450 global_step=6479 loss_reg_months=3.6679 lr=0.00009604 grad_norm=1.2445 throughput=16.87 img/s eta_seconds=403.7 gpu_alloc=476.3MiB gpu_reserved=3472.0MiB skipped_batches=0
2026-08-16 13:40:14,731 | INFO | epoch=19 batch=1475 global_step=6481 loss_reg_months=3.6729 lr=0.00009604 grad_norm=1.3316 throughput=16.88 img/s eta_seconds=397.6 gpu_alloc=476.3MiB gpu_reserved=3472.0MiB skipped_batches=0
2026-08-16 13:40:20,513 | INFO | epoch=19 batch=1500 global_step=6484 loss_reg_months=3.6636 lr=0.00009604 grad_norm=1.4947 throughput=16.89 img/s eta_seconds=391.5 gpu_alloc=476.3MiB gpu_reserved=3472.0MiB skipped_batches=0
2026-08-16 13:40:26,281 | INFO | epoch=19 batch=1525 global_step=6487 loss_reg_months=3.6598 lr=0.00009604 grad_norm=1.4434 throughput=16.89 img/s eta_seconds=385.4 gpu_alloc=476.3MiB gpu_reserved=3472.0MiB skipped_batches=0
2026-08-16 13:40:32,041 | INFO | epoch=19 batch=1550 global_step=6490 loss_reg_months=3.6546 lr=0.00009604 grad_norm=1.8394 throughput=16.90 img/s eta_seconds=379.3 gpu_alloc=476.3MiB gpu_reserved=3472.0MiB skipped_batches=0
2026-08-16 13:40:37,805 | INFO | epoch=19 batch=1575 global_step=6493 loss_reg_months=3.6552 lr=0.00009604 grad_norm=1.3116 throughput=16.91 img/s eta_seconds=373.3 gpu_alloc=367.7MiB gpu_reserved=3472.0MiB skipped_batches=0
2026-08-16 13:40:43,538 | INFO | epoch=19 batch=1600 global_step=6495 loss_reg_months=3.6482 lr=0.00009604 grad_norm=0.9259 throughput=16.92 img/s eta_seconds=367.2 gpu_alloc=476.3MiB gpu_reserved=3472.0MiB skipped_batches=0
2026-08-16 13:40:49,351 | INFO | epoch=19 batch=1625 global_step=6498 loss_reg_months=3.6411 lr=0.00009604 grad_norm=1.4854 throughput=16.92 img/s eta_seconds=361.2 gpu_alloc=476.3MiB gpu_reserved=3472.0MiB skipped_batches=0
2026-08-16 13:40:57,206 | INFO | epoch=19 batch=1650 global_step=6501 loss_reg_months=3.6327 lr=0.00009604 grad_norm=1.3447 throughput=16.84 img/s eta_seconds=357.0 gpu_alloc=476.3MiB gpu_reserved=3472.0MiB skipped_batches=0
2026-08-16 13:41:03,016 | INFO | epoch=19 batch=1675 global_step=6504 loss_reg_months=3.6263 lr=0.00009604 grad_norm=1.1747 throughput=16.84 img/s eta_seconds=351.0 gpu_alloc=476.3MiB gpu_reserved=3472.0MiB skipped_batches=0
2026-08-16 13:41:08,830 | INFO | epoch=19 batch=1700 global_step=6506 loss_reg_months=3.6291 lr=0.00009604 grad_norm=1.3754 throughput=16.85 img/s eta_seconds=344.9 gpu_alloc=476.3MiB gpu_reserved=3472.0MiB skipped_batches=0
2026-08-16 13:41:14,642 | INFO | epoch=19 batch=1725 global_step=6509 loss_reg_months=3.6286 lr=0.00009604 grad_norm=1.2047 throughput=16.85 img/s eta_seconds=338.9 gpu_alloc=476.3MiB gpu_reserved=3472.0MiB skipped_batches=0
2026-08-16 13:41:20,464 | INFO | epoch=19 batch=1750 global_step=6512 loss_reg_months=3.6387 lr=0.00009604 grad_norm=1.3897 throughput=16.86 img/s eta_seconds=332.9 gpu_alloc=476.3MiB gpu_reserved=3472.0MiB skipped_batches=0
2026-08-16 13:41:26,237 | INFO | epoch=19 batch=1775 global_step=6515 loss_reg_months=3.6378 lr=0.00009604 grad_norm=1.2070 throughput=16.86 img/s eta_seconds=326.8 gpu_alloc=476.3MiB gpu_reserved=3472.0MiB skipped_batches=0
2026-08-16 13:41:32,099 | INFO | epoch=19 batch=1800 global_step=6518 loss_reg_months=3.6375 lr=0.00009604 grad_norm=1.1233 throughput=16.87 img/s eta_seconds=320.8 gpu_alloc=367.7MiB gpu_reserved=3472.0MiB skipped_batches=0
2026-08-16 13:41:37,845 | INFO | epoch=19 batch=1825 global_step=6520 loss_reg_months=3.6421 lr=0.00009604 grad_norm=1.4500 throughput=16.87 img/s eta_seconds=314.8 gpu_alloc=476.3MiB gpu_reserved=3472.0MiB skipped_batches=0
2026-08-16 13:41:43,604 | INFO | epoch=19 batch=1850 global_step=6523 loss_reg_months=3.6403 lr=0.00009604 grad_norm=1.1632 throughput=16.88 img/s eta_seconds=308.7 gpu_alloc=476.3MiB gpu_reserved=3472.0MiB skipped_batches=0
2026-08-16 13:41:49,366 | INFO | epoch=19 batch=1875 global_step=6526 loss_reg_months=3.6324 lr=0.00009604 grad_norm=1.1740 throughput=16.89 img/s eta_seconds=302.7 gpu_alloc=476.3MiB gpu_reserved=3472.0MiB skipped_batches=0
2026-08-16 13:41:55,123 | INFO | epoch=19 batch=1900 global_step=6529 loss_reg_months=3.6322 lr=0.00009604 grad_norm=1.6379 throughput=16.89 img/s eta_seconds=296.7 gpu_alloc=476.3MiB gpu_reserved=3472.0MiB skipped_batches=0
2026-08-16 13:42:00,853 | INFO | epoch=19 batch=1925 global_step=6531 loss_reg_months=3.6382 lr=0.00009604 grad_norm=1.2222 throughput=16.90 img/s eta_seconds=290.6 gpu_alloc=476.3MiB gpu_reserved=3472.0MiB skipped_batches=0
2026-08-16 13:42:06,617 | INFO | epoch=19 batch=1950 global_step=6534 loss_reg_months=3.6402 lr=0.00009604 grad_norm=1.3195 throughput=16.90 img/s eta_seconds=284.6 gpu_alloc=476.3MiB gpu_reserved=3472.0MiB skipped_batches=0
2026-08-16 13:42:12,450 | INFO | epoch=19 batch=1975 global_step=6537 loss_reg_months=3.6469 lr=0.00009604 grad_norm=1.6189 throughput=16.91 img/s eta_seconds=278.6 gpu_alloc=476.3MiB gpu_reserved=3472.0MiB skipped_batches=0
2026-08-16 13:42:18,241 | INFO | epoch=19 batch=2000 global_step=6540 loss_reg_months=3.6622 lr=0.00009604 grad_norm=1.6444 throughput=16.91 img/s eta_seconds=272.7 gpu_alloc=476.3MiB gpu_reserved=3472.0MiB skipped_batches=0
2026-08-16 13:42:24,209 | INFO | epoch=19 batch=2025 global_step=6543 loss_reg_months=3.6728 lr=0.00009604 grad_norm=1.1031 throughput=16.91 img/s eta_seconds=266.8 gpu_alloc=367.7MiB gpu_reserved=3472.0MiB skipped_batches=0
2026-08-16 13:42:30,081 | INFO | epoch=19 batch=2050 global_step=6545 loss_reg_months=3.6766 lr=0.00009604 grad_norm=1.8800 throughput=16.91 img/s eta_seconds=260.8 gpu_alloc=476.3MiB gpu_reserved=3472.0MiB skipped_batches=0
2026-08-16 13:42:35,957 | INFO | epoch=19 batch=2075 global_step=6548 loss_reg_months=3.6703 lr=0.00009604 grad_norm=1.1505 throughput=16.91 img/s eta_seconds=254.9 gpu_alloc=476.3MiB gpu_reserved=3472.0MiB skipped_batches=0
2026-08-16 13:42:41,753 | INFO | epoch=19 batch=2100 global_step=6551 loss_reg_months=3.6720 lr=0.00009604 grad_norm=1.2286 throughput=16.92 img/s eta_seconds=248.9 gpu_alloc=476.3MiB gpu_reserved=3472.0MiB skipped_batches=0
2026-08-16 13:42:47,526 | INFO | epoch=19 batch=2125 global_step=6554 loss_reg_months=3.6818 lr=0.00009604 grad_norm=1.9691 throughput=16.92 img/s eta_seconds=243.0 gpu_alloc=476.3MiB gpu_reserved=3472.0MiB skipped_batches=0
2026-08-16 13:42:53,262 | INFO | epoch=19 batch=2150 global_step=6556 loss_reg_months=3.6926 lr=0.00009604 grad_norm=1.3613 throughput=16.93 img/s eta_seconds=237.0 gpu_alloc=476.3MiB gpu_reserved=3472.0MiB skipped_batches=0
2026-08-16 13:42:59,025 | INFO | epoch=19 batch=2175 global_step=6559 loss_reg_months=3.6994 lr=0.00009604 grad_norm=1.4361 throughput=16.93 img/s eta_seconds=231.0 gpu_alloc=476.3MiB gpu_reserved=3472.0MiB skipped_batches=0
2026-08-16 13:43:04,854 | INFO | epoch=19 batch=2200 global_step=6562 loss_reg_months=3.7018 lr=0.00009604 grad_norm=1.3582 throughput=16.93 img/s eta_seconds=225.1 gpu_alloc=476.3MiB gpu_reserved=3472.0MiB skipped_batches=0
2026-08-16 13:43:10,666 | INFO | epoch=19 batch=2225 global_step=6565 loss_reg_months=3.7117 lr=0.00009604 grad_norm=1.7263 throughput=16.94 img/s eta_seconds=219.1 gpu_alloc=476.3MiB gpu_reserved=3472.0MiB skipped_batches=0
2026-08-16 13:43:16,453 | INFO | epoch=19 batch=2250 global_step=6568 loss_reg_months=3.7118 lr=0.00009604 grad_norm=1.2089 throughput=16.94 img/s eta_seconds=213.2 gpu_alloc=367.7MiB gpu_reserved=3472.0MiB skipped_batches=0
2026-08-16 13:43:22,280 | INFO | epoch=19 batch=2275 global_step=6570 loss_reg_months=3.7070 lr=0.00009604 grad_norm=1.2753 throughput=16.94 img/s eta_seconds=207.2 gpu_alloc=476.3MiB gpu_reserved=3472.0MiB skipped_batches=0
2026-08-16 13:43:28,126 | INFO | epoch=19 batch=2300 global_step=6573 loss_reg_months=3.7016 lr=0.00009604 grad_norm=1.0753 throughput=16.94 img/s eta_seconds=201.3 gpu_alloc=476.3MiB gpu_reserved=3472.0MiB skipped_batches=0
2026-08-16 13:43:33,944 | INFO | epoch=19 batch=2325 global_step=6576 loss_reg_months=3.7139 lr=0.00009604 grad_norm=1.0660 throughput=16.95 img/s eta_seconds=195.4 gpu_alloc=476.3MiB gpu_reserved=3472.0MiB skipped_batches=0
2026-08-16 13:43:39,753 | INFO | epoch=19 batch=2350 global_step=6579 loss_reg_months=3.7147 lr=0.00009604 grad_norm=1.1407 throughput=16.95 img/s eta_seconds=189.4 gpu_alloc=476.3MiB gpu_reserved=3472.0MiB skipped_batches=0
2026-08-16 13:43:45,499 | INFO | epoch=19 batch=2375 global_step=6581 loss_reg_months=3.7269 lr=0.00009604 grad_norm=1.0322 throughput=16.95 img/s eta_seconds=183.5 gpu_alloc=476.3MiB gpu_reserved=3472.0MiB skipped_batches=0
2026-08-16 13:43:51,297 | INFO | epoch=19 batch=2400 global_step=6584 loss_reg_months=3.7253 lr=0.00009604 grad_norm=1.0948 throughput=16.96 img/s eta_seconds=177.6 gpu_alloc=476.3MiB gpu_reserved=3472.0MiB skipped_batches=0
2026-08-16 13:43:57,063 | INFO | epoch=19 batch=2425 global_step=6587 loss_reg_months=3.7268 lr=0.00009604 grad_norm=1.0383 throughput=16.96 img/s eta_seconds=171.6 gpu_alloc=476.3MiB gpu_reserved=3472.0MiB skipped_batches=0
2026-08-16 13:44:02,812 | INFO | epoch=19 batch=2450 global_step=6590 loss_reg_months=3.7285 lr=0.00009604 grad_norm=1.1916 throughput=16.97 img/s eta_seconds=165.7 gpu_alloc=476.3MiB gpu_reserved=3472.0MiB skipped_batches=0
2026-08-16 13:44:08,574 | INFO | epoch=19 batch=2475 global_step=6593 loss_reg_months=3.7264 lr=0.00009604 grad_norm=1.8670 throughput=16.97 img/s eta_seconds=159.8 gpu_alloc=367.7MiB gpu_reserved=3472.0MiB skipped_batches=0
2026-08-16 13:44:14,338 | INFO | epoch=19 batch=2500 global_step=6595 loss_reg_months=3.7246 lr=0.00009604 grad_norm=1.3034 throughput=16.97 img/s eta_seconds=153.8 gpu_alloc=476.3MiB gpu_reserved=3472.0MiB skipped_batches=0
2026-08-16 13:44:20,145 | INFO | epoch=19 batch=2525 global_step=6598 loss_reg_months=3.7180 lr=0.00009604 grad_norm=1.3249 throughput=16.98 img/s eta_seconds=147.9 gpu_alloc=476.3MiB gpu_reserved=3472.0MiB skipped_batches=0
2026-08-16 13:44:25,971 | INFO | epoch=19 batch=2550 global_step=6601 loss_reg_months=3.7242 lr=0.00009604 grad_norm=1.3609 throughput=16.98 img/s eta_seconds=142.0 gpu_alloc=476.3MiB gpu_reserved=3472.0MiB skipped_batches=0
2026-08-16 13:44:31,823 | INFO | epoch=19 batch=2575 global_step=6604 loss_reg_months=3.7271 lr=0.00009604 grad_norm=1.4520 throughput=16.98 img/s eta_seconds=136.1 gpu_alloc=476.3MiB gpu_reserved=3472.0MiB skipped_batches=0
2026-08-16 13:44:37,680 | INFO | epoch=19 batch=2600 global_step=6606 loss_reg_months=3.7310 lr=0.00009604 grad_norm=1.0709 throughput=16.98 img/s eta_seconds=130.2 gpu_alloc=476.3MiB gpu_reserved=3472.0MiB skipped_batches=0
2026-08-16 13:44:43,659 | INFO | epoch=19 batch=2625 global_step=6609 loss_reg_months=3.7291 lr=0.00009604 grad_norm=1.3692 throughput=16.98 img/s eta_seconds=124.3 gpu_alloc=476.3MiB gpu_reserved=3472.0MiB skipped_batches=0
2026-08-16 13:44:49,560 | INFO | epoch=19 batch=2650 global_step=6612 loss_reg_months=3.7285 lr=0.00009604 grad_norm=2.3348 throughput=16.98 img/s eta_seconds=118.5 gpu_alloc=476.3MiB gpu_reserved=3472.0MiB skipped_batches=0
2026-08-16 13:44:55,458 | INFO | epoch=19 batch=2675 global_step=6615 loss_reg_months=3.7272 lr=0.00009604 grad_norm=1.6030 throughput=16.98 img/s eta_seconds=112.6 gpu_alloc=476.3MiB gpu_reserved=3472.0MiB skipped_batches=0
2026-08-16 13:45:01,258 | INFO | epoch=19 batch=2700 global_step=6618 loss_reg_months=3.7244 lr=0.00009604 grad_norm=1.2566 throughput=16.98 img/s eta_seconds=106.7 gpu_alloc=367.7MiB gpu_reserved=3472.0MiB skipped_batches=0
2026-08-16 13:45:07,056 | INFO | epoch=19 batch=2725 global_step=6620 loss_reg_months=3.7315 lr=0.00009604 grad_norm=1.0763 throughput=16.98 img/s eta_seconds=100.8 gpu_alloc=476.3MiB gpu_reserved=3472.0MiB skipped_batches=0
2026-08-16 13:45:12,915 | INFO | epoch=19 batch=2750 global_step=6623 loss_reg_months=3.7346 lr=0.00009604 grad_norm=1.0564 throughput=16.98 img/s eta_seconds=94.9 gpu_alloc=476.3MiB gpu_reserved=3472.0MiB skipped_batches=0
2026-08-16 13:45:19,005 | INFO | epoch=19 batch=2775 global_step=6626 loss_reg_months=3.7334 lr=0.00009604 grad_norm=0.8849 throughput=16.98 img/s eta_seconds=89.0 gpu_alloc=476.3MiB gpu_reserved=3472.0MiB skipped_batches=0
2026-08-16 13:45:24,911 | INFO | epoch=19 batch=2800 global_step=6629 loss_reg_months=3.7393 lr=0.00009604 grad_norm=1.2975 throughput=16.98 img/s eta_seconds=83.1 gpu_alloc=476.3MiB gpu_reserved=3472.0MiB skipped_batches=0
2026-08-16 13:45:30,829 | INFO | epoch=19 batch=2825 global_step=6631 loss_reg_months=3.7389 lr=0.00009604 grad_norm=1.2030 throughput=16.98 img/s eta_seconds=77.2 gpu_alloc=476.3MiB gpu_reserved=3472.0MiB skipped_batches=0
2026-08-16 13:45:36,796 | INFO | epoch=19 batch=2850 global_step=6634 loss_reg_months=3.7427 lr=0.00009604 grad_norm=1.1326 throughput=16.97 img/s eta_seconds=71.3 gpu_alloc=476.3MiB gpu_reserved=3472.0MiB skipped_batches=0
2026-08-16 13:45:42,921 | INFO | epoch=19 batch=2875 global_step=6637 loss_reg_months=3.7474 lr=0.00009604 grad_norm=1.1496 throughput=16.97 img/s eta_seconds=65.5 gpu_alloc=476.3MiB gpu_reserved=3472.0MiB skipped_batches=0
2026-08-16 13:45:48,813 | INFO | epoch=19 batch=2900 global_step=6640 loss_reg_months=3.7478 lr=0.00009604 grad_norm=1.3268 throughput=16.97 img/s eta_seconds=59.6 gpu_alloc=476.3MiB gpu_reserved=3472.0MiB skipped_batches=0
2026-08-16 13:45:54,686 | INFO | epoch=19 batch=2925 global_step=6643 loss_reg_months=3.7511 lr=0.00009604 grad_norm=1.0976 throughput=16.97 img/s eta_seconds=53.7 gpu_alloc=367.7MiB gpu_reserved=3472.0MiB skipped_batches=0
2026-08-16 13:46:00,649 | INFO | epoch=19 batch=2950 global_step=6645 loss_reg_months=3.7470 lr=0.00009604 grad_norm=1.1959 throughput=16.97 img/s eta_seconds=47.8 gpu_alloc=476.3MiB gpu_reserved=3472.0MiB skipped_batches=0
2026-08-16 13:46:06,532 | INFO | epoch=19 batch=2975 global_step=6648 loss_reg_months=3.7540 lr=0.00009604 grad_norm=1.6357 throughput=16.97 img/s eta_seconds=41.9 gpu_alloc=476.3MiB gpu_reserved=3472.0MiB skipped_batches=0
2026-08-16 13:46:12,401 | INFO | epoch=19 batch=3000 global_step=6651 loss_reg_months=3.7550 lr=0.00009604 grad_norm=1.3444 throughput=16.97 img/s eta_seconds=36.0 gpu_alloc=476.3MiB gpu_reserved=3472.0MiB skipped_batches=0
2026-08-16 13:46:18,183 | INFO | epoch=19 batch=3025 global_step=6654 loss_reg_months=3.7597 lr=0.00009604 grad_norm=1.3376 throughput=16.97 img/s eta_seconds=30.1 gpu_alloc=476.3MiB gpu_reserved=3472.0MiB skipped_batches=0
2026-08-16 13:46:24,152 | INFO | epoch=19 batch=3050 global_step=6656 loss_reg_months=3.7617 lr=0.00009604 grad_norm=1.5398 throughput=16.97 img/s eta_seconds=24.2 gpu_alloc=476.3MiB gpu_reserved=3472.0MiB skipped_batches=0
2026-08-16 13:46:29,975 | INFO | epoch=19 batch=3075 global_step=6659 loss_reg_months=3.7645 lr=0.00009604 grad_norm=1.3883 throughput=16.97 img/s eta_seconds=18.3 gpu_alloc=476.3MiB gpu_reserved=3472.0MiB skipped_batches=0
2026-08-16 13:46:35,888 | INFO | epoch=19 batch=3100 global_step=6662 loss_reg_months=3.7708 lr=0.00009604 grad_norm=1.5846 throughput=16.97 img/s eta_seconds=12.4 gpu_alloc=476.3MiB gpu_reserved=3472.0MiB skipped_batches=0
2026-08-16 13:46:41,662 | INFO | epoch=19 batch=3125 global_step=6665 loss_reg_months=3.7728 lr=0.00009604 grad_norm=1.6853 throughput=16.97 img/s eta_seconds=6.5 gpu_alloc=476.3MiB gpu_reserved=3472.0MiB skipped_batches=0
2026-08-16 13:46:47,446 | INFO | epoch=19 batch=3150 global_step=6668 loss_reg_months=3.7749 lr=0.00009604 grad_norm=1.7152 throughput=16.98 img/s eta_seconds=0.6 gpu_alloc=367.7MiB gpu_reserved=3472.0MiB skipped_batches=0
2026-08-16 13:47:32,768 | WARNING | STABILITY WARNING [CAM] Prediction vượt nhẹ miền tuổi 0–228: [3.33, 237.00]
2026-08-16 13:47:35,173 | INFO | 
TRAINING REVIEW SNAPSHOT
Run ID / config hash / split hash: P6_D0_CONVNEXT_TINY_768_SEED42 / 0e80cf6f780f / 7328667e6822+f650a20432b5
Epoch / global step: 19 / 6669
Train loss: 3.7770
Validation MAE / RMSE / median AE: 6.1942 / 8.3557 / 4.8750
MAE nam / nữ / age bins: {'F': 6.433258243865031, 'M': 5.992561448900388} / {'0-59': 7.337599734042553, '120-179': 5.763906056860321, '60-119': 7.362944162436548, '180-228': 4.4765625}
Learning rate / peak VRAM: 0.00009604 / 3472.0 MiB
Best epoch / best MAE / epochs không cải thiện: 19 / 6.1942 / 0
Cảnh báo hiện tại: CAM: Prediction vượt nhẹ miền tuổi 0–228: [3.33, 237.00]
Checkpoint gần nhất: p1_baseline\runs\P6_D0_CONVNEXT_TINY_768_SEED42\last.ckpt
Checkpoint tốt nhất: p1_baseline\runs\P6_D0_CONVNEXT_TINY_768_SEED42\best_mae.ckpt
Đề xuất tự động: THEO DÕI
2026-08-16 13:47:50,981 | INFO | epoch=20 batch=25 global_step=6671 loss_reg_months=3.4372 lr=0.00008714 grad_norm=1.3856 throughput=7.82 img/s eta_seconds=1600.6 gpu_alloc=476.3MiB gpu_reserved=3472.0MiB skipped_batches=0
2026-08-16 13:47:56,872 | INFO | epoch=20 batch=50 global_step=6674 loss_reg_months=3.4090 lr=0.00008714 grad_norm=1.2370 throughput=10.70 img/s eta_seconds=1159.4 gpu_alloc=476.3MiB gpu_reserved=3472.0MiB skipped_batches=0
2026-08-16 13:48:02,775 | INFO | epoch=20 batch=75 global_step=6677 loss_reg_months=3.3449 lr=0.00008714 grad_norm=1.2526 throughput=12.20 img/s eta_seconds=1009.0 gpu_alloc=476.3MiB gpu_reserved=3472.0MiB skipped_batches=0
2026-08-16 13:48:08,524 | INFO | epoch=20 batch=100 global_step=6680 loss_reg_months=3.4323 lr=0.00008714 grad_norm=1.3068 throughput=13.19 img/s eta_seconds=926.1 gpu_alloc=476.3MiB gpu_reserved=3472.0MiB skipped_batches=0
2026-08-16 13:48:14,301 | INFO | epoch=20 batch=125 global_step=6682 loss_reg_months=3.4924 lr=0.00008714 grad_norm=1.9137 throughput=13.85 img/s eta_seconds=874.7 gpu_alloc=476.3MiB gpu_reserved=3472.0MiB skipped_batches=0
2026-08-16 13:48:20,091 | INFO | epoch=20 batch=150 global_step=6685 loss_reg_months=3.5703 lr=0.00008714 grad_norm=1.9521 throughput=14.32 img/s eta_seconds=838.8 gpu_alloc=476.3MiB gpu_reserved=3472.0MiB skipped_batches=0
2026-08-16 13:48:25,884 | INFO | epoch=20 batch=175 global_step=6688 loss_reg_months=3.7017 lr=0.00008714 grad_norm=1.6141 throughput=14.68 img/s eta_seconds=811.6 gpu_alloc=476.3MiB gpu_reserved=3472.0MiB skipped_batches=0
2026-08-16 13:48:31,708 | INFO | epoch=20 batch=200 global_step=6691 loss_reg_months=3.6727 lr=0.00008714 grad_norm=1.1229 throughput=14.95 img/s eta_seconds=790.2 gpu_alloc=476.3MiB gpu_reserved=3472.0MiB skipped_batches=0
2026-08-16 13:48:37,730 | INFO | epoch=20 batch=225 global_step=6694 loss_reg_months=3.6644 lr=0.00008714 grad_norm=1.0672 throughput=15.12 img/s eta_seconds=774.8 gpu_alloc=367.7MiB gpu_reserved=3472.0MiB skipped_batches=0
2026-08-16 13:48:43,582 | INFO | epoch=20 batch=250 global_step=6696 loss_reg_months=3.6006 lr=0.00008714 grad_norm=1.1691 throughput=15.29 img/s eta_seconds=759.3 gpu_alloc=476.3MiB gpu_reserved=3472.0MiB skipped_batches=0
2026-08-16 13:48:49,577 | INFO | epoch=20 batch=275 global_step=6699 loss_reg_months=3.5503 lr=0.00008714 grad_norm=1.2770 throughput=15.41 img/s eta_seconds=747.1 gpu_alloc=476.3MiB gpu_reserved=3472.0MiB skipped_batches=0
2026-08-16 13:48:55,489 | INFO | epoch=20 batch=300 global_step=6702 loss_reg_months=3.5446 lr=0.00008714 grad_norm=1.0242 throughput=15.52 img/s eta_seconds=735.1 gpu_alloc=476.3MiB gpu_reserved=3472.0MiB skipped_batches=0
2026-08-16 13:49:01,470 | INFO | epoch=20 batch=325 global_step=6705 loss_reg_months=3.5873 lr=0.00008714 grad_norm=1.2451 throughput=15.61 img/s eta_seconds=724.6 gpu_alloc=476.3MiB gpu_reserved=3472.0MiB skipped_batches=0
2026-08-16 13:49:07,285 | INFO | epoch=20 batch=350 global_step=6707 loss_reg_months=3.5927 lr=0.00008714 grad_norm=1.7734 throughput=15.71 img/s eta_seconds=713.5 gpu_alloc=476.3MiB gpu_reserved=3472.0MiB skipped_batches=0
2026-08-16 13:49:13,087 | INFO | epoch=20 batch=375 global_step=6710 loss_reg_months=3.6553 lr=0.00008714 grad_norm=1.7033 throughput=15.81 img/s eta_seconds=702.9 gpu_alloc=476.3MiB gpu_reserved=3472.0MiB skipped_batches=0
2026-08-16 13:49:18,896 | INFO | epoch=20 batch=400 global_step=6713 loss_reg_months=3.6433 lr=0.00008714 grad_norm=1.8516 throughput=15.89 img/s eta_seconds=693.1 gpu_alloc=476.3MiB gpu_reserved=3472.0MiB skipped_batches=0
2026-08-16 13:49:24,774 | INFO | epoch=20 batch=425 global_step=6716 loss_reg_months=3.6191 lr=0.00008714 grad_norm=1.7028 throughput=15.95 img/s eta_seconds=684.1 gpu_alloc=476.3MiB gpu_reserved=3472.0MiB skipped_batches=0
2026-08-16 13:49:30,759 | INFO | epoch=20 batch=450 global_step=6719 loss_reg_months=3.6354 lr=0.00008714 grad_norm=1.3425 throughput=15.99 img/s eta_seconds=676.1 gpu_alloc=367.7MiB gpu_reserved=3472.0MiB skipped_batches=0
2026-08-16 13:49:36,630 | INFO | epoch=20 batch=475 global_step=6721 loss_reg_months=3.6197 lr=0.00008714 grad_norm=1.1012 throughput=16.04 img/s eta_seconds=667.7 gpu_alloc=476.3MiB gpu_reserved=3472.0MiB skipped_batches=0
2026-08-16 13:49:42,706 | INFO | epoch=20 batch=500 global_step=6724 loss_reg_months=3.6200 lr=0.00008714 grad_norm=0.8925 throughput=16.06 img/s eta_seconds=660.6 gpu_alloc=476.3MiB gpu_reserved=3472.0MiB skipped_batches=0
2026-08-16 13:49:48,600 | INFO | epoch=20 batch=525 global_step=6727 loss_reg_months=3.6461 lr=0.00008714 grad_norm=1.4352 throughput=16.10 img/s eta_seconds=652.7 gpu_alloc=476.3MiB gpu_reserved=3472.0MiB skipped_batches=0
2026-08-16 13:49:54,403 | INFO | epoch=20 batch=550 global_step=6730 loss_reg_months=3.6325 lr=0.00008714 grad_norm=1.4294 throughput=16.15 img/s eta_seconds=644.6 gpu_alloc=476.3MiB gpu_reserved=3472.0MiB skipped_batches=0
2026-08-16 13:50:00,221 | INFO | epoch=20 batch=575 global_step=6732 loss_reg_months=3.6360 lr=0.00008714 grad_norm=1.2672 throughput=16.19 img/s eta_seconds=636.7 gpu_alloc=476.3MiB gpu_reserved=3472.0MiB skipped_batches=0
2026-08-16 13:50:06,036 | INFO | epoch=20 batch=600 global_step=6735 loss_reg_months=3.6470 lr=0.00008714 grad_norm=1.7654 throughput=16.23 img/s eta_seconds=629.0 gpu_alloc=476.3MiB gpu_reserved=3472.0MiB skipped_batches=0
2026-08-16 13:50:11,795 | INFO | epoch=20 batch=625 global_step=6738 loss_reg_months=3.6617 lr=0.00008714 grad_norm=2.0515 throughput=16.28 img/s eta_seconds=621.2 gpu_alloc=476.3MiB gpu_reserved=3472.0MiB skipped_batches=0
2026-08-16 13:50:17,901 | INFO | epoch=20 batch=650 global_step=6741 loss_reg_months=3.6448 lr=0.00008714 grad_norm=1.2999 throughput=16.28 img/s eta_seconds=615.0 gpu_alloc=476.3MiB gpu_reserved=3472.0MiB skipped_batches=0
2026-08-16 13:50:23,849 | INFO | epoch=20 batch=675 global_step=6744 loss_reg_months=3.6427 lr=0.00008714 grad_norm=1.6624 throughput=16.30 img/s eta_seconds=608.1 gpu_alloc=367.7MiB gpu_reserved=3472.0MiB skipped_batches=0
2026-08-16 13:50:29,909 | INFO | epoch=20 batch=700 global_step=6746 loss_reg_months=3.6362 lr=0.00008714 grad_norm=1.3506 throughput=16.31 img/s eta_seconds=601.7 gpu_alloc=476.3MiB gpu_reserved=3472.0MiB skipped_batches=0
2026-08-16 13:50:35,854 | INFO | epoch=20 batch=725 global_step=6749 loss_reg_months=3.6344 lr=0.00008714 grad_norm=1.5472 throughput=16.32 img/s eta_seconds=594.9 gpu_alloc=476.3MiB gpu_reserved=3472.0MiB skipped_batches=0
2026-08-16 13:50:41,781 | INFO | epoch=20 batch=750 global_step=6752 loss_reg_months=3.6240 lr=0.00008714 grad_norm=1.5063 throughput=16.34 img/s eta_seconds=588.2 gpu_alloc=476.3MiB gpu_reserved=3472.0MiB skipped_batches=0
2026-08-16 13:50:47,587 | INFO | epoch=20 batch=775 global_step=6755 loss_reg_months=3.6053 lr=0.00008714 grad_norm=2.1528 throughput=16.37 img/s eta_seconds=581.1 gpu_alloc=476.3MiB gpu_reserved=3472.0MiB skipped_batches=0
2026-08-16 13:50:53,508 | INFO | epoch=20 batch=800 global_step=6757 loss_reg_months=3.6278 lr=0.00008714 grad_norm=1.3763 throughput=16.38 img/s eta_seconds=574.4 gpu_alloc=476.3MiB gpu_reserved=3472.0MiB skipped_batches=0
2026-08-16 13:50:59,403 | INFO | epoch=20 batch=825 global_step=6760 loss_reg_months=3.6155 lr=0.00008714 grad_norm=1.2544 throughput=16.40 img/s eta_seconds=567.7 gpu_alloc=476.3MiB gpu_reserved=3472.0MiB skipped_batches=0
2026-08-16 13:51:05,247 | INFO | epoch=20 batch=850 global_step=6763 loss_reg_months=3.6056 lr=0.00008714 grad_norm=1.1354 throughput=16.42 img/s eta_seconds=560.9 gpu_alloc=476.3MiB gpu_reserved=3472.0MiB skipped_batches=0
2026-08-16 13:51:11,043 | INFO | epoch=20 batch=875 global_step=6766 loss_reg_months=3.6053 lr=0.00008714 grad_norm=1.3138 throughput=16.44 img/s eta_seconds=554.1 gpu_alloc=476.3MiB gpu_reserved=3472.0MiB skipped_batches=0
2026-08-16 13:51:16,977 | INFO | epoch=20 batch=900 global_step=6769 loss_reg_months=3.5880 lr=0.00008714 grad_norm=1.1475 throughput=16.45 img/s eta_seconds=547.6 gpu_alloc=367.7MiB gpu_reserved=3472.0MiB skipped_batches=0
2026-08-16 13:51:22,812 | INFO | epoch=20 batch=925 global_step=6771 loss_reg_months=3.5984 lr=0.00008714 grad_norm=1.3710 throughput=16.47 img/s eta_seconds=541.0 gpu_alloc=476.3MiB gpu_reserved=3472.0MiB skipped_batches=0
2026-08-16 13:51:28,588 | INFO | epoch=20 batch=950 global_step=6774 loss_reg_months=3.5958 lr=0.00008714 grad_norm=1.3580 throughput=16.49 img/s eta_seconds=534.2 gpu_alloc=476.3MiB gpu_reserved=3472.0MiB skipped_batches=0
2026-08-16 13:51:34,349 | INFO | epoch=20 batch=975 global_step=6777 loss_reg_months=3.6156 lr=0.00008714 grad_norm=3.1087 throughput=16.51 img/s eta_seconds=527.5 gpu_alloc=476.3MiB gpu_reserved=3472.0MiB skipped_batches=0
2026-08-16 13:51:40,112 | INFO | epoch=20 batch=1000 global_step=6780 loss_reg_months=3.6352 lr=0.00008714 grad_norm=1.9856 throughput=16.53 img/s eta_seconds=520.8 gpu_alloc=476.3MiB gpu_reserved=3472.0MiB skipped_batches=0
2026-08-16 13:51:45,911 | INFO | epoch=20 batch=1025 global_step=6782 loss_reg_months=3.6351 lr=0.00008714 grad_norm=1.3955 throughput=16.55 img/s eta_seconds=514.2 gpu_alloc=476.3MiB gpu_reserved=3472.0MiB skipped_batches=0
2026-08-16 13:51:51,683 | INFO | epoch=20 batch=1050 global_step=6785 loss_reg_months=3.6508 lr=0.00008714 grad_norm=1.1269 throughput=16.57 img/s eta_seconds=507.7 gpu_alloc=476.3MiB gpu_reserved=3472.0MiB skipped_batches=0
2026-08-16 13:51:57,444 | INFO | epoch=20 batch=1075 global_step=6788 loss_reg_months=3.6516 lr=0.00008714 grad_norm=1.6568 throughput=16.59 img/s eta_seconds=501.1 gpu_alloc=476.3MiB gpu_reserved=3472.0MiB skipped_batches=0
2026-08-16 13:52:03,213 | INFO | epoch=20 batch=1100 global_step=6791 loss_reg_months=3.6438 lr=0.00008714 grad_norm=1.5868 throughput=16.60 img/s eta_seconds=494.6 gpu_alloc=476.3MiB gpu_reserved=3472.0MiB skipped_batches=0
2026-08-16 13:52:08,979 | INFO | epoch=20 batch=1125 global_step=6794 loss_reg_months=3.6529 lr=0.00008714 grad_norm=1.5585 throughput=16.62 img/s eta_seconds=488.1 gpu_alloc=367.7MiB gpu_reserved=3472.0MiB skipped_batches=0
2026-08-16 13:52:14,703 | INFO | epoch=20 batch=1150 global_step=6796 loss_reg_months=3.6481 lr=0.00008714 grad_norm=0.8871 throughput=16.64 img/s eta_seconds=481.6 gpu_alloc=476.3MiB gpu_reserved=3472.0MiB skipped_batches=0
2026-08-16 13:52:20,468 | INFO | epoch=20 batch=1175 global_step=6799 loss_reg_months=3.6681 lr=0.00008714 grad_norm=1.4555 throughput=16.65 img/s eta_seconds=475.1 gpu_alloc=476.3MiB gpu_reserved=3472.0MiB skipped_batches=0
2026-08-16 13:52:26,227 | INFO | epoch=20 batch=1200 global_step=6802 loss_reg_months=3.6673 lr=0.00008714 grad_norm=1.8938 throughput=16.66 img/s eta_seconds=468.7 gpu_alloc=476.3MiB gpu_reserved=3472.0MiB skipped_batches=0
2026-08-16 13:52:32,020 | INFO | epoch=20 batch=1225 global_step=6805 loss_reg_months=3.6674 lr=0.00008714 grad_norm=1.2340 throughput=16.68 img/s eta_seconds=462.4 gpu_alloc=476.3MiB gpu_reserved=3472.0MiB skipped_batches=0
2026-08-16 13:52:37,755 | INFO | epoch=20 batch=1250 global_step=6807 loss_reg_months=3.6705 lr=0.00008714 grad_norm=1.0376 throughput=16.69 img/s eta_seconds=456.0 gpu_alloc=476.3MiB gpu_reserved=3472.0MiB skipped_batches=0
2026-08-16 13:52:43,570 | INFO | epoch=20 batch=1275 global_step=6810 loss_reg_months=3.6647 lr=0.00008714 grad_norm=1.9437 throughput=16.70 img/s eta_seconds=449.7 gpu_alloc=476.3MiB gpu_reserved=3472.0MiB skipped_batches=0
2026-08-16 13:52:49,531 | INFO | epoch=20 batch=1300 global_step=6813 loss_reg_months=3.6564 lr=0.00008714 grad_norm=1.2665 throughput=16.70 img/s eta_seconds=443.7 gpu_alloc=476.3MiB gpu_reserved=3472.0MiB skipped_batches=0
2026-08-16 13:52:55,604 | INFO | epoch=20 batch=1325 global_step=6816 loss_reg_months=3.6342 lr=0.00008714 grad_norm=1.1964 throughput=16.70 img/s eta_seconds=437.9 gpu_alloc=476.3MiB gpu_reserved=3472.0MiB skipped_batches=0
2026-08-16 13:53:01,530 | INFO | epoch=20 batch=1350 global_step=6819 loss_reg_months=3.6540 lr=0.00008714 grad_norm=1.5311 throughput=16.70 img/s eta_seconds=431.8 gpu_alloc=367.7MiB gpu_reserved=3472.0MiB skipped_batches=0
2026-08-16 13:53:07,285 | INFO | epoch=20 batch=1375 global_step=6821 loss_reg_months=3.6523 lr=0.00008714 grad_norm=1.5553 throughput=16.71 img/s eta_seconds=425.5 gpu_alloc=476.3MiB gpu_reserved=3472.0MiB skipped_batches=0
2026-08-16 13:53:13,058 | INFO | epoch=20 batch=1400 global_step=6824 loss_reg_months=3.6520 lr=0.00008714 grad_norm=1.2176 throughput=16.72 img/s eta_seconds=419.2 gpu_alloc=476.3MiB gpu_reserved=3472.0MiB skipped_batches=0
2026-08-16 13:53:18,839 | INFO | epoch=20 batch=1425 global_step=6827 loss_reg_months=3.6560 lr=0.00008714 grad_norm=1.2876 throughput=16.73 img/s eta_seconds=413.0 gpu_alloc=476.3MiB gpu_reserved=3472.0MiB skipped_batches=0
2026-08-16 13:53:24,662 | INFO | epoch=20 batch=1450 global_step=6830 loss_reg_months=3.6561 lr=0.00008714 grad_norm=1.4880 throughput=16.74 img/s eta_seconds=406.9 gpu_alloc=476.3MiB gpu_reserved=3472.0MiB skipped_batches=0
2026-08-16 13:53:30,489 | INFO | epoch=20 batch=1475 global_step=6832 loss_reg_months=3.6622 lr=0.00008714 grad_norm=1.4345 throughput=16.75 img/s eta_seconds=400.7 gpu_alloc=476.3MiB gpu_reserved=3472.0MiB skipped_batches=0
2026-08-16 13:53:36,261 | INFO | epoch=20 batch=1500 global_step=6835 loss_reg_months=3.6614 lr=0.00008714 grad_norm=1.2245 throughput=16.76 img/s eta_seconds=394.5 gpu_alloc=476.3MiB gpu_reserved=3472.0MiB skipped_batches=0
2026-08-16 13:53:42,026 | INFO | epoch=20 batch=1525 global_step=6838 loss_reg_months=3.6701 lr=0.00008714 grad_norm=1.7600 throughput=16.77 img/s eta_seconds=388.4 gpu_alloc=476.3MiB gpu_reserved=3472.0MiB skipped_batches=0
2026-08-16 13:53:47,799 | INFO | epoch=20 batch=1550 global_step=6841 loss_reg_months=3.6622 lr=0.00008714 grad_norm=0.8793 throughput=16.77 img/s eta_seconds=382.2 gpu_alloc=476.3MiB gpu_reserved=3472.0MiB skipped_batches=0
2026-08-16 13:53:53,577 | INFO | epoch=20 batch=1575 global_step=6844 loss_reg_months=3.6645 lr=0.00008714 grad_norm=1.6029 throughput=16.78 img/s eta_seconds=376.0 gpu_alloc=367.7MiB gpu_reserved=3472.0MiB skipped_batches=0
2026-08-16 13:53:59,307 | INFO | epoch=20 batch=1600 global_step=6846 loss_reg_months=3.6568 lr=0.00008714 grad_norm=1.2901 throughput=16.79 img/s eta_seconds=369.9 gpu_alloc=476.3MiB gpu_reserved=3472.0MiB skipped_batches=0
2026-08-16 13:54:05,073 | INFO | epoch=20 batch=1625 global_step=6849 loss_reg_months=3.6508 lr=0.00008714 grad_norm=1.3446 throughput=16.80 img/s eta_seconds=363.7 gpu_alloc=476.3MiB gpu_reserved=3472.0MiB skipped_batches=0
2026-08-16 13:54:10,834 | INFO | epoch=20 batch=1650 global_step=6852 loss_reg_months=3.6621 lr=0.00008714 grad_norm=1.2861 throughput=16.81 img/s eta_seconds=357.6 gpu_alloc=476.3MiB gpu_reserved=3472.0MiB skipped_batches=0
2026-08-16 13:54:16,607 | INFO | epoch=20 batch=1675 global_step=6855 loss_reg_months=3.6698 lr=0.00008714 grad_norm=1.3047 throughput=16.82 img/s eta_seconds=351.5 gpu_alloc=476.3MiB gpu_reserved=3472.0MiB skipped_batches=0
2026-08-16 13:54:22,336 | INFO | epoch=20 batch=1700 global_step=6857 loss_reg_months=3.6680 lr=0.00008714 grad_norm=1.3173 throughput=16.83 img/s eta_seconds=345.4 gpu_alloc=476.3MiB gpu_reserved=3472.0MiB skipped_batches=0
2026-08-16 13:54:28,163 | INFO | epoch=20 batch=1725 global_step=6860 loss_reg_months=3.6759 lr=0.00008714 grad_norm=1.8878 throughput=16.83 img/s eta_seconds=339.3 gpu_alloc=476.3MiB gpu_reserved=3472.0MiB skipped_batches=0
2026-08-16 13:54:34,139 | INFO | epoch=20 batch=1750 global_step=6863 loss_reg_months=3.6765 lr=0.00008714 grad_norm=1.2321 throughput=16.83 img/s eta_seconds=333.4 gpu_alloc=476.3MiB gpu_reserved=3472.0MiB skipped_batches=0
2026-08-16 13:54:39,962 | INFO | epoch=20 batch=1775 global_step=6866 loss_reg_months=3.6772 lr=0.00008714 grad_norm=1.1644 throughput=16.83 img/s eta_seconds=327.4 gpu_alloc=476.3MiB gpu_reserved=3472.0MiB skipped_batches=0
2026-08-16 13:54:45,812 | INFO | epoch=20 batch=1800 global_step=6869 loss_reg_months=3.6817 lr=0.00008714 grad_norm=1.0302 throughput=16.84 img/s eta_seconds=321.4 gpu_alloc=367.7MiB gpu_reserved=3472.0MiB skipped_batches=0
2026-08-16 13:54:51,595 | INFO | epoch=20 batch=1825 global_step=6871 loss_reg_months=3.6883 lr=0.00008714 grad_norm=1.2718 throughput=16.84 img/s eta_seconds=315.3 gpu_alloc=476.3MiB gpu_reserved=3472.0MiB skipped_batches=0
2026-08-16 13:54:57,447 | INFO | epoch=20 batch=1850 global_step=6874 loss_reg_months=3.6861 lr=0.00008714 grad_norm=1.2866 throughput=16.85 img/s eta_seconds=309.3 gpu_alloc=476.3MiB gpu_reserved=3472.0MiB skipped_batches=0
2026-08-16 13:55:06,415 | INFO | epoch=20 batch=1875 global_step=6877 loss_reg_months=3.6828 lr=0.00008714 grad_norm=1.8903 throughput=16.73 img/s eta_seconds=305.5 gpu_alloc=476.3MiB gpu_reserved=3472.0MiB skipped_batches=0
2026-08-16 13:55:23,997 | INFO | epoch=20 batch=1900 global_step=6880 loss_reg_months=3.6858 lr=0.00008714 grad_norm=1.2470 throughput=16.32 img/s eta_seconds=307.1 gpu_alloc=476.3MiB gpu_reserved=3472.0MiB skipped_batches=0
2026-08-16 13:55:31,746 | INFO | epoch=20 batch=1925 global_step=6882 loss_reg_months=3.6960 lr=0.00008714 grad_norm=1.9067 throughput=16.26 img/s eta_seconds=302.0 gpu_alloc=476.3MiB gpu_reserved=3472.0MiB skipped_batches=0
2026-08-16 13:55:39,509 | INFO | epoch=20 batch=1950 global_step=6885 loss_reg_months=3.6955 lr=0.00008714 grad_norm=1.6707 throughput=16.21 img/s eta_seconds=296.9 gpu_alloc=476.3MiB gpu_reserved=3472.0MiB skipped_batches=0
2026-08-16 13:55:47,134 | INFO | epoch=20 batch=1975 global_step=6888 loss_reg_months=3.7073 lr=0.00008714 grad_norm=1.6826 throughput=16.16 img/s eta_seconds=291.6 gpu_alloc=476.3MiB gpu_reserved=3472.0MiB skipped_batches=0
2026-08-16 13:55:55,638 | INFO | epoch=20 batch=2000 global_step=6891 loss_reg_months=3.7110 lr=0.00008714 grad_norm=1.1844 throughput=16.08 img/s eta_seconds=286.7 gpu_alloc=476.3MiB gpu_reserved=3472.0MiB skipped_batches=0
2026-08-16 13:56:03,323 | INFO | epoch=20 batch=2025 global_step=6894 loss_reg_months=3.7063 lr=0.00008714 grad_norm=1.2370 throughput=16.04 img/s eta_seconds=281.3 gpu_alloc=367.7MiB gpu_reserved=3472.0MiB skipped_batches=0
2026-08-16 13:56:11,488 | INFO | epoch=20 batch=2050 global_step=6896 loss_reg_months=3.7029 lr=0.00008714 grad_norm=1.2011 throughput=15.98 img/s eta_seconds=276.1 gpu_alloc=476.3MiB gpu_reserved=3472.0MiB skipped_batches=0
2026-08-16 13:56:19,642 | INFO | epoch=20 batch=2075 global_step=6899 loss_reg_months=3.7121 lr=0.00008714 grad_norm=1.5885 throughput=15.92 img/s eta_seconds=270.8 gpu_alloc=476.3MiB gpu_reserved=3472.0MiB skipped_batches=0
2026-08-16 13:56:27,431 | INFO | epoch=20 batch=2100 global_step=6902 loss_reg_months=3.7174 lr=0.00008714 grad_norm=2.3049 throughput=15.87 img/s eta_seconds=265.3 gpu_alloc=476.3MiB gpu_reserved=3472.0MiB skipped_batches=0
2026-08-16 13:56:35,602 | INFO | epoch=20 batch=2125 global_step=6905 loss_reg_months=3.7214 lr=0.00008714 grad_norm=1.8831 throughput=15.82 img/s eta_seconds=259.9 gpu_alloc=476.3MiB gpu_reserved=3472.0MiB skipped_batches=0
2026-08-16 13:56:43,126 | INFO | epoch=20 batch=2150 global_step=6907 loss_reg_months=3.7235 lr=0.00008714 grad_norm=1.5449 throughput=15.78 img/s eta_seconds=254.2 gpu_alloc=476.3MiB gpu_reserved=3472.0MiB skipped_batches=0
2026-08-16 13:56:50,948 | INFO | epoch=20 batch=2175 global_step=6910 loss_reg_months=3.7187 lr=0.00008714 grad_norm=1.0187 throughput=15.74 img/s eta_seconds=248.5 gpu_alloc=476.3MiB gpu_reserved=3472.0MiB skipped_batches=0
2026-08-16 13:56:59,035 | INFO | epoch=20 batch=2200 global_step=6913 loss_reg_months=3.7166 lr=0.00008714 grad_norm=1.8080 throughput=15.69 img/s eta_seconds=242.9 gpu_alloc=476.3MiB gpu_reserved=3472.0MiB skipped_batches=0
2026-08-16 13:57:07,402 | INFO | epoch=20 batch=2225 global_step=6916 loss_reg_months=3.7241 lr=0.00008714 grad_norm=1.4894 throughput=15.64 img/s eta_seconds=237.3 gpu_alloc=476.3MiB gpu_reserved=3472.0MiB skipped_batches=0
2026-08-16 13:57:15,613 | INFO | epoch=20 batch=2250 global_step=6919 loss_reg_months=3.7268 lr=0.00008714 grad_norm=1.3015 throughput=15.59 img/s eta_seconds=231.7 gpu_alloc=367.7MiB gpu_reserved=3472.0MiB skipped_batches=0
2026-08-16 13:57:23,436 | INFO | epoch=20 batch=2275 global_step=6921 loss_reg_months=3.7223 lr=0.00008714 grad_norm=1.5176 throughput=15.55 img/s eta_seconds=225.8 gpu_alloc=476.3MiB gpu_reserved=3472.0MiB skipped_batches=0
2026-08-16 13:57:31,693 | INFO | epoch=20 batch=2300 global_step=6924 loss_reg_months=3.7160 lr=0.00008714 grad_norm=1.1124 throughput=15.50 img/s eta_seconds=220.0 gpu_alloc=476.3MiB gpu_reserved=3472.0MiB skipped_batches=0
2026-08-16 13:57:42,607 | INFO | epoch=20 batch=2325 global_step=6927 loss_reg_months=3.7165 lr=0.00008714 grad_norm=1.5464 throughput=15.39 img/s eta_seconds=215.2 gpu_alloc=476.3MiB gpu_reserved=3472.0MiB skipped_batches=0
2026-08-16 13:57:50,575 | INFO | epoch=20 batch=2350 global_step=6930 loss_reg_months=3.7134 lr=0.00008714 grad_norm=1.8418 throughput=15.35 img/s eta_seconds=209.2 gpu_alloc=476.3MiB gpu_reserved=3472.0MiB skipped_batches=0
2026-08-16 13:57:58,445 | INFO | epoch=20 batch=2375 global_step=6932 loss_reg_months=3.7173 lr=0.00008714 grad_norm=1.4906 throughput=15.32 img/s eta_seconds=203.1 gpu_alloc=476.3MiB gpu_reserved=3472.0MiB skipped_batches=0
2026-08-16 13:58:06,537 | INFO | epoch=20 batch=2400 global_step=6935 loss_reg_months=3.7072 lr=0.00008714 grad_norm=1.0554 throughput=15.28 img/s eta_seconds=197.1 gpu_alloc=476.3MiB gpu_reserved=3472.0MiB skipped_batches=0
2026-08-16 13:58:14,538 | INFO | epoch=20 batch=2425 global_step=6938 loss_reg_months=3.7090 lr=0.00008714 grad_norm=1.1735 throughput=15.24 img/s eta_seconds=191.0 gpu_alloc=476.3MiB gpu_reserved=3472.0MiB skipped_batches=0
2026-08-16 13:58:22,383 | INFO | epoch=20 batch=2450 global_step=6941 loss_reg_months=3.7029 lr=0.00008714 grad_norm=1.4543 throughput=15.21 img/s eta_seconds=184.8 gpu_alloc=476.3MiB gpu_reserved=3472.0MiB skipped_batches=0
2026-08-16 13:58:30,670 | INFO | epoch=20 batch=2475 global_step=6944 loss_reg_months=3.7011 lr=0.00008714 grad_norm=1.2399 throughput=15.17 img/s eta_seconds=178.7 gpu_alloc=367.7MiB gpu_reserved=3472.0MiB skipped_batches=0
2026-08-16 13:58:38,340 | INFO | epoch=20 batch=2500 global_step=6946 loss_reg_months=3.6956 lr=0.00008714 grad_norm=1.2324 throughput=15.15 img/s eta_seconds=172.4 gpu_alloc=476.3MiB gpu_reserved=3472.0MiB skipped_batches=0
2026-08-16 13:58:45,994 | INFO | epoch=20 batch=2525 global_step=6949 loss_reg_months=3.6993 lr=0.00008714 grad_norm=1.6952 throughput=15.12 img/s eta_seconds=166.0 gpu_alloc=476.3MiB gpu_reserved=3472.0MiB skipped_batches=0
2026-08-16 13:58:53,959 | INFO | epoch=20 batch=2550 global_step=6952 loss_reg_months=3.6900 lr=0.00008714 grad_norm=1.5212 throughput=15.09 img/s eta_seconds=159.7 gpu_alloc=476.3MiB gpu_reserved=3472.0MiB skipped_batches=0
2026-08-16 13:59:01,600 | INFO | epoch=20 batch=2575 global_step=6955 loss_reg_months=3.6901 lr=0.00008714 grad_norm=1.0960 throughput=15.07 img/s eta_seconds=153.3 gpu_alloc=476.3MiB gpu_reserved=3472.0MiB skipped_batches=0
2026-08-16 13:59:08,954 | INFO | epoch=20 batch=2600 global_step=6957 loss_reg_months=3.6857 lr=0.00008714 grad_norm=1.3299 throughput=15.06 img/s eta_seconds=146.9 gpu_alloc=476.3MiB gpu_reserved=3472.0MiB skipped_batches=0
2026-08-16 13:59:17,174 | INFO | epoch=20 batch=2625 global_step=6960 loss_reg_months=3.6821 lr=0.00008714 grad_norm=1.5954 throughput=15.02 img/s eta_seconds=140.5 gpu_alloc=476.3MiB gpu_reserved=3472.0MiB skipped_batches=0
2026-08-16 13:59:24,780 | INFO | epoch=20 batch=2650 global_step=6963 loss_reg_months=3.6836 lr=0.00008714 grad_norm=1.3085 throughput=15.00 img/s eta_seconds=134.1 gpu_alloc=476.3MiB gpu_reserved=3472.0MiB skipped_batches=0
2026-08-16 13:59:33,056 | INFO | epoch=20 batch=2675 global_step=6966 loss_reg_months=3.6752 lr=0.00008714 grad_norm=1.5054 throughput=14.97 img/s eta_seconds=127.7 gpu_alloc=476.3MiB gpu_reserved=3472.0MiB skipped_batches=0
2026-08-16 13:59:41,157 | INFO | epoch=20 batch=2700 global_step=6969 loss_reg_months=3.6813 lr=0.00008714 grad_norm=1.2477 throughput=14.94 img/s eta_seconds=121.2 gpu_alloc=367.7MiB gpu_reserved=3472.0MiB skipped_batches=0
2026-08-16 13:59:49,008 | INFO | epoch=20 batch=2725 global_step=6971 loss_reg_months=3.6797 lr=0.00008714 grad_norm=1.3692 throughput=14.91 img/s eta_seconds=114.7 gpu_alloc=476.3MiB gpu_reserved=3472.0MiB skipped_batches=0
2026-08-16 13:59:57,151 | INFO | epoch=20 batch=2750 global_step=6974 loss_reg_months=3.6808 lr=0.00008714 grad_norm=1.3791 throughput=14.89 img/s eta_seconds=108.2 gpu_alloc=476.3MiB gpu_reserved=3472.0MiB skipped_batches=0
2026-08-16 14:00:04,947 | INFO | epoch=20 batch=2775 global_step=6977 loss_reg_months=3.6701 lr=0.00008714 grad_norm=1.3255 throughput=14.86 img/s eta_seconds=101.7 gpu_alloc=476.3MiB gpu_reserved=3472.0MiB skipped_batches=0
2026-08-16 14:00:12,905 | INFO | epoch=20 batch=2800 global_step=6980 loss_reg_months=3.6709 lr=0.00008714 grad_norm=1.6057 throughput=14.84 img/s eta_seconds=95.1 gpu_alloc=476.3MiB gpu_reserved=3472.0MiB skipped_batches=0
2026-08-16 14:00:21,159 | INFO | epoch=20 batch=2825 global_step=6982 loss_reg_months=3.6697 lr=0.00008714 grad_norm=1.6726 throughput=14.81 img/s eta_seconds=88.5 gpu_alloc=476.3MiB gpu_reserved=3472.0MiB skipped_batches=0
2026-08-16 14:00:29,483 | INFO | epoch=20 batch=2850 global_step=6985 loss_reg_months=3.6739 lr=0.00008714 grad_norm=1.8906 throughput=14.78 img/s eta_seconds=81.9 gpu_alloc=476.3MiB gpu_reserved=3472.0MiB skipped_batches=0
2026-08-16 14:00:37,815 | INFO | epoch=20 batch=2875 global_step=6988 loss_reg_months=3.6702 lr=0.00008714 grad_norm=1.6089 throughput=14.75 img/s eta_seconds=75.3 gpu_alloc=476.3MiB gpu_reserved=3472.0MiB skipped_batches=0
2026-08-16 14:00:45,869 | INFO | epoch=20 batch=2900 global_step=6991 loss_reg_months=3.6656 lr=0.00008714 grad_norm=1.6226 throughput=14.73 img/s eta_seconds=68.7 gpu_alloc=476.3MiB gpu_reserved=3472.0MiB skipped_batches=0
2026-08-16 14:00:53,883 | INFO | epoch=20 batch=2925 global_step=6994 loss_reg_months=3.6674 lr=0.00008714 grad_norm=1.3281 throughput=14.70 img/s eta_seconds=62.0 gpu_alloc=367.7MiB gpu_reserved=3472.0MiB skipped_batches=0
2026-08-16 14:01:01,891 | INFO | epoch=20 batch=2950 global_step=6996 loss_reg_months=3.6703 lr=0.00008714 grad_norm=1.3841 throughput=14.68 img/s eta_seconds=55.2 gpu_alloc=476.3MiB gpu_reserved=3472.0MiB skipped_batches=0
2026-08-16 14:01:10,147 | INFO | epoch=20 batch=2975 global_step=6999 loss_reg_months=3.6684 lr=0.00008714 grad_norm=1.2071 throughput=14.66 img/s eta_seconds=48.5 gpu_alloc=476.3MiB gpu_reserved=3472.0MiB skipped_batches=0
2026-08-16 14:01:19,408 | INFO | epoch=20 batch=3000 global_step=7002 loss_reg_months=3.6708 lr=0.00008714 grad_norm=1.4201 throughput=14.61 img/s eta_seconds=41.8 gpu_alloc=476.3MiB gpu_reserved=3472.0MiB skipped_batches=0
2026-08-16 14:01:27,808 | INFO | epoch=20 batch=3025 global_step=7005 loss_reg_months=3.6650 lr=0.00008714 grad_norm=0.9649 throughput=14.58 img/s eta_seconds=35.0 gpu_alloc=476.3MiB gpu_reserved=3472.0MiB skipped_batches=0
2026-08-16 14:01:35,759 | INFO | epoch=20 batch=3050 global_step=7007 loss_reg_months=3.6624 lr=0.00008714 grad_norm=0.9911 throughput=14.57 img/s eta_seconds=28.2 gpu_alloc=476.3MiB gpu_reserved=3472.0MiB skipped_batches=0
2026-08-16 14:01:43,367 | INFO | epoch=20 batch=3075 global_step=7010 loss_reg_months=3.6646 lr=0.00008714 grad_norm=1.6359 throughput=14.55 img/s eta_seconds=21.4 gpu_alloc=476.3MiB gpu_reserved=3472.0MiB skipped_batches=0
2026-08-16 14:01:52,136 | INFO | epoch=20 batch=3100 global_step=7013 loss_reg_months=3.6650 lr=0.00008714 grad_norm=2.0876 throughput=14.52 img/s eta_seconds=14.5 gpu_alloc=476.3MiB gpu_reserved=3472.0MiB skipped_batches=0
2026-08-16 14:01:59,960 | INFO | epoch=20 batch=3125 global_step=7016 loss_reg_months=3.6639 lr=0.00008714 grad_norm=1.5509 throughput=14.51 img/s eta_seconds=7.7 gpu_alloc=476.3MiB gpu_reserved=3472.0MiB skipped_batches=0
2026-08-16 14:02:08,238 | INFO | epoch=20 batch=3150 global_step=7019 loss_reg_months=3.6574 lr=0.00008714 grad_norm=1.1594 throughput=14.48 img/s eta_seconds=0.8 gpu_alloc=367.7MiB gpu_reserved=3472.0MiB skipped_batches=0
2026-08-16 14:04:13,982 | WARNING | STABILITY WARNING [CAM] Prediction vượt nhẹ miền tuổi 0–228: [4.81, 233.00]
2026-08-16 14:04:13,990 | INFO | 
TRAINING REVIEW SNAPSHOT
Run ID / config hash / split hash: P6_D0_CONVNEXT_TINY_768_SEED42 / 0e80cf6f780f / 7328667e6822+f650a20432b5
Epoch / global step: 20 / 7020
Train loss: 3.6590
Validation MAE / RMSE / median AE: 6.6765 / 8.8578 / 5.0000
MAE nam / nữ / age bins: {'F': 6.870015337423313, 'M': 6.513260025873222} / {'0-59': 6.8537234042553195, '120-179': 6.1854140914709514, '60-119': 8.291243654822335, '180-228': 4.6796875}
Learning rate / peak VRAM: 0.00008714 / 3472.0 MiB
Best epoch / best MAE / epochs không cải thiện: 19 / 6.1942 / 1
Cảnh báo hiện tại: CAM: Prediction vượt nhẹ miền tuổi 0–228: [4.81, 233.00]
Checkpoint gần nhất: p1_baseline\runs\P6_D0_CONVNEXT_TINY_768_SEED42\last.ckpt
Checkpoint tốt nhất: p1_baseline\runs\P6_D0_CONVNEXT_TINY_768_SEED42\best_mae.ckpt
Đề xuất tự động: THEO DÕI
2026-08-16 14:04:40,492 | INFO | epoch=21 batch=25 global_step=7022 loss_reg_months=4.3421 lr=0.00007836 grad_norm=1.5240 throughput=4.09 img/s eta_seconds=3059.9 gpu_alloc=476.3MiB gpu_reserved=3472.0MiB skipped_batches=0
2026-08-16 14:04:46,360 | INFO | epoch=21 batch=50 global_step=7025 loss_reg_months=3.6167 lr=0.00007836 grad_norm=1.1578 throughput=6.60 img/s eta_seconds=1881.8 gpu_alloc=476.3MiB gpu_reserved=3472.0MiB skipped_batches=0
2026-08-16 14:04:52,234 | INFO | epoch=21 batch=75 global_step=7028 loss_reg_months=3.8340 lr=0.00007836 grad_norm=1.5911 throughput=8.29 img/s eta_seconds=1485.5 gpu_alloc=476.3MiB gpu_reserved=3472.0MiB skipped_batches=0
2026-08-16 14:04:58,120 | INFO | epoch=21 batch=100 global_step=7031 loss_reg_months=3.8986 lr=0.00007836 grad_norm=1.4793 throughput=9.50 img/s eta_seconds=1284.8 gpu_alloc=476.3MiB gpu_reserved=3472.0MiB skipped_batches=0
2026-08-16 14:05:04,001 | INFO | epoch=21 batch=125 global_step=7033 loss_reg_months=3.7386 lr=0.00007836 grad_norm=1.3068 throughput=10.42 img/s eta_seconds=1161.8 gpu_alloc=476.3MiB gpu_reserved=3472.0MiB skipped_batches=0
2026-08-16 14:05:09,814 | INFO | epoch=21 batch=150 global_step=7036 loss_reg_months=3.5998 lr=0.00007836 grad_norm=1.1730 throughput=11.16 img/s eta_seconds=1076.6 gpu_alloc=476.3MiB gpu_reserved=3472.0MiB skipped_batches=0
2026-08-16 14:05:15,521 | INFO | epoch=21 batch=175 global_step=7039 loss_reg_months=3.6089 lr=0.00007836 grad_norm=1.9337 throughput=11.77 img/s eta_seconds=1012.2 gpu_alloc=476.3MiB gpu_reserved=3472.0MiB skipped_batches=0
2026-08-16 14:05:21,215 | INFO | epoch=21 batch=200 global_step=7042 loss_reg_months=3.5639 lr=0.00007836 grad_norm=1.0141 throughput=12.27 img/s eta_seconds=962.3 gpu_alloc=476.3MiB gpu_reserved=3472.0MiB skipped_batches=0
2026-08-16 14:05:26,931 | INFO | epoch=21 batch=225 global_step=7045 loss_reg_months=3.5487 lr=0.00007836 grad_norm=1.9046 throughput=12.69 img/s eta_seconds=922.5 gpu_alloc=367.7MiB gpu_reserved=3472.0MiB skipped_batches=0
2026-08-16 14:05:32,619 | INFO | epoch=21 batch=250 global_step=7047 loss_reg_months=3.5080 lr=0.00007836 grad_norm=1.3501 throughput=13.06 img/s eta_seconds=889.2 gpu_alloc=476.3MiB gpu_reserved=3472.0MiB skipped_batches=0
2026-08-16 14:05:38,300 | INFO | epoch=21 batch=275 global_step=7050 loss_reg_months=3.5187 lr=0.00007836 grad_norm=1.4825 throughput=13.37 img/s eta_seconds=860.9 gpu_alloc=476.3MiB gpu_reserved=3472.0MiB skipped_batches=0
2026-08-16 14:05:43,988 | INFO | epoch=21 batch=300 global_step=7053 loss_reg_months=3.4983 lr=0.00007836 grad_norm=1.1996 throughput=13.64 img/s eta_seconds=836.4 gpu_alloc=476.3MiB gpu_reserved=3472.0MiB skipped_batches=0
2026-08-16 14:05:49,678 | INFO | epoch=21 batch=325 global_step=7056 loss_reg_months=3.5063 lr=0.00007836 grad_norm=2.4781 throughput=13.88 img/s eta_seconds=814.8 gpu_alloc=476.3MiB gpu_reserved=3472.0MiB skipped_batches=0
2026-08-16 14:05:55,345 | INFO | epoch=21 batch=350 global_step=7058 loss_reg_months=3.5146 lr=0.00007836 grad_norm=1.2372 throughput=14.10 img/s eta_seconds=795.3 gpu_alloc=476.3MiB gpu_reserved=3472.0MiB skipped_batches=0
2026-08-16 14:06:01,034 | INFO | epoch=21 batch=375 global_step=7061 loss_reg_months=3.5023 lr=0.00007836 grad_norm=1.5115 throughput=14.29 img/s eta_seconds=777.8 gpu_alloc=476.3MiB gpu_reserved=3472.0MiB skipped_batches=0
2026-08-16 14:06:06,725 | INFO | epoch=21 batch=400 global_step=7064 loss_reg_months=3.4928 lr=0.00007836 grad_norm=1.2147 throughput=14.45 img/s eta_seconds=761.8 gpu_alloc=476.3MiB gpu_reserved=3472.0MiB skipped_batches=0
2026-08-16 14:06:12,422 | INFO | epoch=21 batch=425 global_step=7067 loss_reg_months=3.4546 lr=0.00007836 grad_norm=1.4989 throughput=14.61 img/s eta_seconds=747.0 gpu_alloc=476.3MiB gpu_reserved=3472.0MiB skipped_batches=0
2026-08-16 14:06:18,129 | INFO | epoch=21 batch=450 global_step=7070 loss_reg_months=3.4437 lr=0.00007836 grad_norm=1.0502 throughput=14.74 img/s eta_seconds=733.3 gpu_alloc=367.7MiB gpu_reserved=3472.0MiB skipped_batches=0
2026-08-16 14:06:23,976 | INFO | epoch=21 batch=475 global_step=7072 loss_reg_months=3.4502 lr=0.00007836 grad_norm=1.2611 throughput=14.85 img/s eta_seconds=721.3 gpu_alloc=476.3MiB gpu_reserved=3472.0MiB skipped_batches=0
2026-08-16 14:06:29,792 | INFO | epoch=21 batch=500 global_step=7075 loss_reg_months=3.4184 lr=0.00007836 grad_norm=0.9562 throughput=14.95 img/s eta_seconds=709.7 gpu_alloc=476.3MiB gpu_reserved=3472.0MiB skipped_batches=0
2026-08-16 14:06:35,669 | INFO | epoch=21 batch=525 global_step=7078 loss_reg_months=3.4220 lr=0.00007836 grad_norm=1.2941 throughput=15.04 img/s eta_seconds=698.9 gpu_alloc=476.3MiB gpu_reserved=3472.0MiB skipped_batches=0
2026-08-16 14:06:41,518 | INFO | epoch=21 batch=550 global_step=7081 loss_reg_months=3.4246 lr=0.00007836 grad_norm=1.3017 throughput=15.12 img/s eta_seconds=688.5 gpu_alloc=476.3MiB gpu_reserved=3472.0MiB skipped_batches=0
2026-08-16 14:06:47,262 | INFO | epoch=21 batch=575 global_step=7083 loss_reg_months=3.4023 lr=0.00007836 grad_norm=1.0342 throughput=15.21 img/s eta_seconds=678.0 gpu_alloc=476.3MiB gpu_reserved=3472.0MiB skipped_batches=0
2026-08-16 14:06:53,016 | INFO | epoch=21 batch=600 global_step=7086 loss_reg_months=3.4033 lr=0.00007836 grad_norm=1.6177 throughput=15.29 img/s eta_seconds=667.9 gpu_alloc=476.3MiB gpu_reserved=3472.0MiB skipped_batches=0
2026-08-16 14:06:58,759 | INFO | epoch=21 batch=625 global_step=7089 loss_reg_months=3.3957 lr=0.00007836 grad_norm=0.8732 throughput=15.36 img/s eta_seconds=658.1 gpu_alloc=476.3MiB gpu_reserved=3472.0MiB skipped_batches=0
2026-08-16 14:07:04,530 | INFO | epoch=21 batch=650 global_step=7092 loss_reg_months=3.4151 lr=0.00007836 grad_norm=1.6326 throughput=15.43 img/s eta_seconds=648.8 gpu_alloc=476.3MiB gpu_reserved=3472.0MiB skipped_batches=0
2026-08-16 14:07:10,475 | INFO | epoch=21 batch=675 global_step=7095 loss_reg_months=3.4143 lr=0.00007836 grad_norm=0.9524 throughput=15.48 img/s eta_seconds=640.3 gpu_alloc=367.7MiB gpu_reserved=3472.0MiB skipped_batches=0
2026-08-16 14:07:16,254 | INFO | epoch=21 batch=700 global_step=7097 loss_reg_months=3.3974 lr=0.00007836 grad_norm=1.1293 throughput=15.54 img/s eta_seconds=631.5 gpu_alloc=476.3MiB gpu_reserved=3472.0MiB skipped_batches=0
2026-08-16 14:07:22,043 | INFO | epoch=21 batch=725 global_step=7100 loss_reg_months=3.3939 lr=0.00007836 grad_norm=1.5551 throughput=15.59 img/s eta_seconds=622.9 gpu_alloc=476.3MiB gpu_reserved=3472.0MiB skipped_batches=0
2026-08-16 14:07:27,772 | INFO | epoch=21 batch=750 global_step=7103 loss_reg_months=3.4006 lr=0.00007836 grad_norm=1.7036 throughput=15.65 img/s eta_seconds=614.3 gpu_alloc=476.3MiB gpu_reserved=3472.0MiB skipped_batches=0
2026-08-16 14:07:33,511 | INFO | epoch=21 batch=775 global_step=7106 loss_reg_months=3.4127 lr=0.00007836 grad_norm=1.2620 throughput=15.70 img/s eta_seconds=605.9 gpu_alloc=476.3MiB gpu_reserved=3472.0MiB skipped_batches=0
2026-08-16 14:07:39,202 | INFO | epoch=21 batch=800 global_step=7108 loss_reg_months=3.4216 lr=0.00007836 grad_norm=2.1684 throughput=15.75 img/s eta_seconds=597.5 gpu_alloc=476.3MiB gpu_reserved=3472.0MiB skipped_batches=0
2026-08-16 14:07:44,929 | INFO | epoch=21 batch=825 global_step=7111 loss_reg_months=3.4348 lr=0.00007836 grad_norm=1.1477 throughput=15.80 img/s eta_seconds=589.4 gpu_alloc=476.3MiB gpu_reserved=3472.0MiB skipped_batches=0
2026-08-16 14:07:50,653 | INFO | epoch=21 batch=850 global_step=7114 loss_reg_months=3.4193 lr=0.00007836 grad_norm=1.1210 throughput=15.84 img/s eta_seconds=581.4 gpu_alloc=476.3MiB gpu_reserved=3472.0MiB skipped_batches=0
2026-08-16 14:07:56,350 | INFO | epoch=21 batch=875 global_step=7117 loss_reg_months=3.4199 lr=0.00007836 grad_norm=1.4484 throughput=15.89 img/s eta_seconds=573.5 gpu_alloc=476.3MiB gpu_reserved=3472.0MiB skipped_batches=0
2026-08-16 14:08:02,062 | INFO | epoch=21 batch=900 global_step=7120 loss_reg_months=3.4222 lr=0.00007836 grad_norm=1.8685 throughput=15.93 img/s eta_seconds=565.8 gpu_alloc=367.7MiB gpu_reserved=3472.0MiB skipped_batches=0
2026-08-16 14:08:07,738 | INFO | epoch=21 batch=925 global_step=7122 loss_reg_months=3.4072 lr=0.00007836 grad_norm=1.0836 throughput=15.97 img/s eta_seconds=558.0 gpu_alloc=476.3MiB gpu_reserved=3472.0MiB skipped_batches=0
2026-08-16 14:08:13,429 | INFO | epoch=21 batch=950 global_step=7125 loss_reg_months=3.4230 lr=0.00007836 grad_norm=1.2900 throughput=16.01 img/s eta_seconds=550.4 gpu_alloc=476.3MiB gpu_reserved=3472.0MiB skipped_batches=0
2026-08-16 14:08:19,124 | INFO | epoch=21 batch=975 global_step=7128 loss_reg_months=3.4095 lr=0.00007836 grad_norm=1.2542 throughput=16.04 img/s eta_seconds=543.0 gpu_alloc=476.3MiB gpu_reserved=3472.0MiB skipped_batches=0
2026-08-16 14:08:24,823 | INFO | epoch=21 batch=1000 global_step=7131 loss_reg_months=3.4064 lr=0.00007836 grad_norm=1.5313 throughput=16.08 img/s eta_seconds=535.6 gpu_alloc=476.3MiB gpu_reserved=3472.0MiB skipped_batches=0
2026-08-16 14:08:30,494 | INFO | epoch=21 batch=1025 global_step=7133 loss_reg_months=3.4139 lr=0.00007836 grad_norm=1.1796 throughput=16.11 img/s eta_seconds=528.2 gpu_alloc=476.3MiB gpu_reserved=3472.0MiB skipped_batches=0
2026-08-16 14:08:36,199 | INFO | epoch=21 batch=1050 global_step=7136 loss_reg_months=3.4066 lr=0.00007836 grad_norm=1.4886 throughput=16.14 img/s eta_seconds=521.0 gpu_alloc=476.3MiB gpu_reserved=3472.0MiB skipped_batches=0
2026-08-16 14:08:41,898 | INFO | epoch=21 batch=1075 global_step=7139 loss_reg_months=3.4084 lr=0.00007836 grad_norm=0.9565 throughput=16.17 img/s eta_seconds=513.9 gpu_alloc=476.3MiB gpu_reserved=3472.0MiB skipped_batches=0
2026-08-16 14:08:47,596 | INFO | epoch=21 batch=1100 global_step=7142 loss_reg_months=3.4082 lr=0.00007836 grad_norm=1.2427 throughput=16.20 img/s eta_seconds=506.8 gpu_alloc=476.3MiB gpu_reserved=3472.0MiB skipped_batches=0
2026-08-16 14:08:53,296 | INFO | epoch=21 batch=1125 global_step=7145 loss_reg_months=3.4042 lr=0.00007836 grad_norm=1.3622 throughput=16.23 img/s eta_seconds=499.8 gpu_alloc=367.7MiB gpu_reserved=3472.0MiB skipped_batches=0
2026-08-16 14:08:58,978 | INFO | epoch=21 batch=1150 global_step=7147 loss_reg_months=3.3992 lr=0.00007836 grad_norm=1.2104 throughput=16.26 img/s eta_seconds=492.8 gpu_alloc=476.3MiB gpu_reserved=3472.0MiB skipped_batches=0
2026-08-16 14:09:04,684 | INFO | epoch=21 batch=1175 global_step=7150 loss_reg_months=3.3986 lr=0.00007836 grad_norm=1.2474 throughput=16.28 img/s eta_seconds=485.9 gpu_alloc=476.3MiB gpu_reserved=3472.0MiB skipped_batches=0
2026-08-16 14:09:10,383 | INFO | epoch=21 batch=1200 global_step=7153 loss_reg_months=3.3919 lr=0.00007836 grad_norm=1.2841 throughput=16.31 img/s eta_seconds=479.0 gpu_alloc=476.3MiB gpu_reserved=3472.0MiB skipped_batches=0
2026-08-16 14:09:16,099 | INFO | epoch=21 batch=1225 global_step=7156 loss_reg_months=3.4024 lr=0.00007836 grad_norm=1.4360 throughput=16.33 img/s eta_seconds=472.2 gpu_alloc=476.3MiB gpu_reserved=3472.0MiB skipped_batches=0
2026-08-16 14:09:21,772 | INFO | epoch=21 batch=1250 global_step=7158 loss_reg_months=3.4091 lr=0.00007836 grad_norm=1.0830 throughput=16.35 img/s eta_seconds=465.4 gpu_alloc=476.3MiB gpu_reserved=3472.0MiB skipped_batches=0
2026-08-16 14:09:27,481 | INFO | epoch=21 batch=1275 global_step=7161 loss_reg_months=3.4026 lr=0.00007836 grad_norm=0.9706 throughput=16.38 img/s eta_seconds=458.7 gpu_alloc=476.3MiB gpu_reserved=3472.0MiB skipped_batches=0
2026-08-16 14:09:33,173 | INFO | epoch=21 batch=1300 global_step=7164 loss_reg_months=3.4121 lr=0.00007836 grad_norm=1.6393 throughput=16.40 img/s eta_seconds=452.0 gpu_alloc=476.3MiB gpu_reserved=3472.0MiB skipped_batches=0
2026-08-16 14:09:38,882 | INFO | epoch=21 batch=1325 global_step=7167 loss_reg_months=3.4141 lr=0.00007836 grad_norm=1.4442 throughput=16.42 img/s eta_seconds=445.3 gpu_alloc=476.3MiB gpu_reserved=3472.0MiB skipped_batches=0
2026-08-16 14:09:44,576 | INFO | epoch=21 batch=1350 global_step=7170 loss_reg_months=3.4106 lr=0.00007836 grad_norm=1.2084 throughput=16.44 img/s eta_seconds=438.7 gpu_alloc=367.7MiB gpu_reserved=3472.0MiB skipped_batches=0
2026-08-16 14:09:50,270 | INFO | epoch=21 batch=1375 global_step=7172 loss_reg_months=3.4019 lr=0.00007836 grad_norm=1.2223 throughput=16.46 img/s eta_seconds=432.1 gpu_alloc=476.3MiB gpu_reserved=3472.0MiB skipped_batches=0
2026-08-16 14:09:56,047 | INFO | epoch=21 batch=1400 global_step=7175 loss_reg_months=3.4069 lr=0.00007836 grad_norm=1.4347 throughput=16.47 img/s eta_seconds=425.7 gpu_alloc=476.3MiB gpu_reserved=3472.0MiB skipped_batches=0
2026-08-16 14:10:02,310 | INFO | epoch=21 batch=1425 global_step=7178 loss_reg_months=3.3944 lr=0.00007836 grad_norm=1.2875 throughput=16.46 img/s eta_seconds=419.8 gpu_alloc=476.3MiB gpu_reserved=3472.0MiB skipped_batches=0
2026-08-16 14:10:08,150 | INFO | epoch=21 batch=1450 global_step=7181 loss_reg_months=3.3966 lr=0.00007836 grad_norm=1.2451 throughput=16.47 img/s eta_seconds=413.5 gpu_alloc=476.3MiB gpu_reserved=3472.0MiB skipped_batches=0
2026-08-16 14:10:13,920 | INFO | epoch=21 batch=1475 global_step=7183 loss_reg_months=3.4065 lr=0.00007836 grad_norm=1.5724 throughput=16.49 img/s eta_seconds=407.1 gpu_alloc=476.3MiB gpu_reserved=3472.0MiB skipped_batches=0
2026-08-16 14:10:19,747 | INFO | epoch=21 batch=1500 global_step=7186 loss_reg_months=3.4110 lr=0.00007836 grad_norm=1.4633 throughput=16.50 img/s eta_seconds=400.8 gpu_alloc=476.3MiB gpu_reserved=3472.0MiB skipped_batches=0
2026-08-16 14:10:25,904 | INFO | epoch=21 batch=1525 global_step=7189 loss_reg_months=3.4241 lr=0.00007836 grad_norm=1.5293 throughput=16.49 img/s eta_seconds=394.8 gpu_alloc=476.3MiB gpu_reserved=3472.0MiB skipped_batches=0
2026-08-16 14:10:31,785 | INFO | epoch=21 batch=1550 global_step=7192 loss_reg_months=3.4219 lr=0.00007836 grad_norm=2.1083 throughput=16.50 img/s eta_seconds=388.5 gpu_alloc=476.3MiB gpu_reserved=3472.0MiB skipped_batches=0
2026-08-16 14:10:37,553 | INFO | epoch=21 batch=1575 global_step=7195 loss_reg_months=3.4284 lr=0.00007836 grad_norm=1.8155 throughput=16.51 img/s eta_seconds=382.2 gpu_alloc=367.7MiB gpu_reserved=3472.0MiB skipped_batches=0
2026-08-16 14:10:43,299 | INFO | epoch=21 batch=1600 global_step=7197 loss_reg_months=3.4196 lr=0.00007836 grad_norm=1.6697 throughput=16.53 img/s eta_seconds=375.8 gpu_alloc=476.3MiB gpu_reserved=3472.0MiB skipped_batches=0
2026-08-16 14:10:49,064 | INFO | epoch=21 batch=1625 global_step=7200 loss_reg_months=3.4335 lr=0.00007836 grad_norm=1.6763 throughput=16.54 img/s eta_seconds=369.5 gpu_alloc=476.3MiB gpu_reserved=3472.0MiB skipped_batches=0
2026-08-16 14:10:54,828 | INFO | epoch=21 batch=1650 global_step=7203 loss_reg_months=3.4371 lr=0.00007836 grad_norm=1.1564 throughput=16.55 img/s eta_seconds=363.2 gpu_alloc=476.3MiB gpu_reserved=3472.0MiB skipped_batches=0
2026-08-16 14:11:00,683 | INFO | epoch=21 batch=1675 global_step=7206 loss_reg_months=3.4304 lr=0.00007836 grad_norm=1.2760 throughput=16.56 img/s eta_seconds=357.0 gpu_alloc=476.3MiB gpu_reserved=3472.0MiB skipped_batches=0
2026-08-16 14:11:06,464 | INFO | epoch=21 batch=1700 global_step=7208 loss_reg_months=3.4298 lr=0.00007836 grad_norm=1.5440 throughput=16.57 img/s eta_seconds=350.7 gpu_alloc=476.3MiB gpu_reserved=3472.0MiB skipped_batches=0
2026-08-16 14:11:12,248 | INFO | epoch=21 batch=1725 global_step=7211 loss_reg_months=3.4436 lr=0.00007836 grad_norm=1.5803 throughput=16.58 img/s eta_seconds=344.5 gpu_alloc=476.3MiB gpu_reserved=3472.0MiB skipped_batches=0
2026-08-16 14:11:18,083 | INFO | epoch=21 batch=1750 global_step=7214 loss_reg_months=3.4491 lr=0.00007836 grad_norm=1.9355 throughput=16.59 img/s eta_seconds=338.3 gpu_alloc=476.3MiB gpu_reserved=3472.0MiB skipped_batches=0
2026-08-16 14:11:23,849 | INFO | epoch=21 batch=1775 global_step=7217 loss_reg_months=3.4473 lr=0.00007836 grad_norm=1.1078 throughput=16.60 img/s eta_seconds=332.1 gpu_alloc=476.3MiB gpu_reserved=3472.0MiB skipped_batches=0
2026-08-16 14:11:29,691 | INFO | epoch=21 batch=1800 global_step=7220 loss_reg_months=3.4367 lr=0.00007836 grad_norm=1.0547 throughput=16.60 img/s eta_seconds=325.9 gpu_alloc=367.7MiB gpu_reserved=3472.0MiB skipped_batches=0
2026-08-16 14:11:35,434 | INFO | epoch=21 batch=1825 global_step=7222 loss_reg_months=3.4425 lr=0.00007836 grad_norm=2.2066 throughput=16.61 img/s eta_seconds=319.7 gpu_alloc=476.3MiB gpu_reserved=3472.0MiB skipped_batches=0
2026-08-16 14:11:41,196 | INFO | epoch=21 batch=1850 global_step=7225 loss_reg_months=3.4434 lr=0.00007836 grad_norm=1.6222 throughput=16.62 img/s eta_seconds=313.5 gpu_alloc=476.3MiB gpu_reserved=3472.0MiB skipped_batches=0
2026-08-16 14:11:46,969 | INFO | epoch=21 batch=1875 global_step=7228 loss_reg_months=3.4423 lr=0.00007836 grad_norm=1.0535 throughput=16.63 img/s eta_seconds=307.3 gpu_alloc=476.3MiB gpu_reserved=3472.0MiB skipped_batches=0
2026-08-16 14:11:52,814 | INFO | epoch=21 batch=1900 global_step=7231 loss_reg_months=3.4339 lr=0.00007836 grad_norm=1.1710 throughput=16.64 img/s eta_seconds=301.2 gpu_alloc=476.3MiB gpu_reserved=3472.0MiB skipped_batches=0
2026-08-16 14:11:58,595 | INFO | epoch=21 batch=1925 global_step=7233 loss_reg_months=3.4264 lr=0.00007836 grad_norm=1.2323 throughput=16.65 img/s eta_seconds=295.0 gpu_alloc=476.3MiB gpu_reserved=3472.0MiB skipped_batches=0
2026-08-16 14:12:04,342 | INFO | epoch=21 batch=1950 global_step=7236 loss_reg_months=3.4177 lr=0.00007836 grad_norm=1.0097 throughput=16.66 img/s eta_seconds=288.8 gpu_alloc=476.3MiB gpu_reserved=3472.0MiB skipped_batches=0
2026-08-16 14:12:10,101 | INFO | epoch=21 batch=1975 global_step=7239 loss_reg_months=3.4227 lr=0.00007836 grad_norm=1.3003 throughput=16.66 img/s eta_seconds=282.7 gpu_alloc=476.3MiB gpu_reserved=3472.0MiB skipped_batches=0
2026-08-16 14:12:16,011 | INFO | epoch=21 batch=2000 global_step=7242 loss_reg_months=3.4220 lr=0.00007836 grad_norm=1.3151 throughput=16.67 img/s eta_seconds=276.6 gpu_alloc=476.3MiB gpu_reserved=3472.0MiB skipped_batches=0
2026-08-16 14:12:22,073 | INFO | epoch=21 batch=2025 global_step=7245 loss_reg_months=3.4245 lr=0.00007836 grad_norm=1.3934 throughput=16.67 img/s eta_seconds=270.7 gpu_alloc=367.7MiB gpu_reserved=3472.0MiB skipped_batches=0
2026-08-16 14:12:27,863 | INFO | epoch=21 batch=2050 global_step=7247 loss_reg_months=3.4260 lr=0.00007836 grad_norm=1.4281 throughput=16.67 img/s eta_seconds=264.6 gpu_alloc=476.3MiB gpu_reserved=3472.0MiB skipped_batches=0
2026-08-16 14:12:33,657 | INFO | epoch=21 batch=2075 global_step=7250 loss_reg_months=3.4283 lr=0.00007836 grad_norm=1.7385 throughput=16.68 img/s eta_seconds=258.5 gpu_alloc=476.3MiB gpu_reserved=3472.0MiB skipped_batches=0
2026-08-16 14:12:39,419 | INFO | epoch=21 batch=2100 global_step=7253 loss_reg_months=3.4272 lr=0.00007836 grad_norm=1.2946 throughput=16.69 img/s eta_seconds=252.4 gpu_alloc=476.3MiB gpu_reserved=3472.0MiB skipped_batches=0
2026-08-16 14:12:45,186 | INFO | epoch=21 batch=2125 global_step=7256 loss_reg_months=3.4216 lr=0.00007836 grad_norm=1.0900 throughput=16.69 img/s eta_seconds=246.2 gpu_alloc=476.3MiB gpu_reserved=3472.0MiB skipped_batches=0
2026-08-16 14:12:50,966 | INFO | epoch=21 batch=2150 global_step=7258 loss_reg_months=3.4223 lr=0.00007836 grad_norm=1.4514 throughput=16.70 img/s eta_seconds=240.2 gpu_alloc=476.3MiB gpu_reserved=3472.0MiB skipped_batches=0
2026-08-16 14:12:56,868 | INFO | epoch=21 batch=2175 global_step=7261 loss_reg_months=3.4192 lr=0.00007836 grad_norm=1.2350 throughput=16.70 img/s eta_seconds=234.1 gpu_alloc=476.3MiB gpu_reserved=3472.0MiB skipped_batches=0
2026-08-16 14:13:02,674 | INFO | epoch=21 batch=2200 global_step=7264 loss_reg_months=3.4229 lr=0.00007836 grad_norm=1.1142 throughput=16.71 img/s eta_seconds=228.1 gpu_alloc=476.3MiB gpu_reserved=3472.0MiB skipped_batches=0
2026-08-16 14:13:08,467 | INFO | epoch=21 batch=2225 global_step=7267 loss_reg_months=3.4259 lr=0.00007836 grad_norm=1.4828 throughput=16.72 img/s eta_seconds=222.0 gpu_alloc=476.3MiB gpu_reserved=3472.0MiB skipped_batches=0
2026-08-16 14:13:14,302 | INFO | epoch=21 batch=2250 global_step=7270 loss_reg_months=3.4323 lr=0.00007836 grad_norm=1.2055 throughput=16.72 img/s eta_seconds=216.0 gpu_alloc=367.7MiB gpu_reserved=3472.0MiB skipped_batches=0
2026-08-16 14:13:20,225 | INFO | epoch=21 batch=2275 global_step=7272 loss_reg_months=3.4244 lr=0.00007836 grad_norm=1.3099 throughput=16.72 img/s eta_seconds=210.0 gpu_alloc=476.3MiB gpu_reserved=3472.0MiB skipped_batches=0
2026-08-16 14:13:26,118 | INFO | epoch=21 batch=2300 global_step=7275 loss_reg_months=3.4250 lr=0.00007836 grad_norm=1.2368 throughput=16.72 img/s eta_seconds=203.9 gpu_alloc=476.3MiB gpu_reserved=3472.0MiB skipped_batches=0
2026-08-16 14:13:31,939 | INFO | epoch=21 batch=2325 global_step=7278 loss_reg_months=3.4242 lr=0.00007836 grad_norm=2.1723 throughput=16.73 img/s eta_seconds=197.9 gpu_alloc=476.3MiB gpu_reserved=3472.0MiB skipped_batches=0
2026-08-16 14:13:37,769 | INFO | epoch=21 batch=2350 global_step=7281 loss_reg_months=3.4375 lr=0.00007836 grad_norm=1.8334 throughput=16.73 img/s eta_seconds=191.9 gpu_alloc=476.3MiB gpu_reserved=3472.0MiB skipped_batches=0
2026-08-16 14:13:43,591 | INFO | epoch=21 batch=2375 global_step=7283 loss_reg_months=3.4387 lr=0.00007836 grad_norm=1.1568 throughput=16.74 img/s eta_seconds=185.9 gpu_alloc=476.3MiB gpu_reserved=3472.0MiB skipped_batches=0
2026-08-16 14:13:49,389 | INFO | epoch=21 batch=2400 global_step=7286 loss_reg_months=3.4460 lr=0.00007836 grad_norm=1.7227 throughput=16.74 img/s eta_seconds=179.8 gpu_alloc=476.3MiB gpu_reserved=3472.0MiB skipped_batches=0
2026-08-16 14:13:55,392 | INFO | epoch=21 batch=2425 global_step=7289 loss_reg_months=3.4622 lr=0.00007836 grad_norm=1.3875 throughput=16.74 img/s eta_seconds=173.9 gpu_alloc=476.3MiB gpu_reserved=3472.0MiB skipped_batches=0
2026-08-16 14:14:01,156 | INFO | epoch=21 batch=2450 global_step=7292 loss_reg_months=3.4613 lr=0.00007836 grad_norm=2.3113 throughput=16.75 img/s eta_seconds=167.8 gpu_alloc=476.3MiB gpu_reserved=3472.0MiB skipped_batches=0
2026-08-16 14:14:06,908 | INFO | epoch=21 batch=2475 global_step=7295 loss_reg_months=3.4608 lr=0.00007836 grad_norm=1.9668 throughput=16.75 img/s eta_seconds=161.8 gpu_alloc=367.7MiB gpu_reserved=3472.0MiB skipped_batches=0
2026-08-16 14:14:12,636 | INFO | epoch=21 batch=2500 global_step=7297 loss_reg_months=3.4605 lr=0.00007836 grad_norm=1.3999 throughput=16.76 img/s eta_seconds=155.8 gpu_alloc=476.3MiB gpu_reserved=3472.0MiB skipped_batches=0
2026-08-16 14:14:18,380 | INFO | epoch=21 batch=2525 global_step=7300 loss_reg_months=3.4675 lr=0.00007836 grad_norm=1.0786 throughput=16.77 img/s eta_seconds=149.8 gpu_alloc=476.3MiB gpu_reserved=3472.0MiB skipped_batches=0
2026-08-16 14:14:24,127 | INFO | epoch=21 batch=2550 global_step=7303 loss_reg_months=3.4653 lr=0.00007836 grad_norm=1.4751 throughput=16.77 img/s eta_seconds=143.7 gpu_alloc=476.3MiB gpu_reserved=3472.0MiB skipped_batches=0
2026-08-16 14:14:29,920 | INFO | epoch=21 batch=2575 global_step=7306 loss_reg_months=3.4657 lr=0.00007836 grad_norm=1.3833 throughput=16.78 img/s eta_seconds=137.7 gpu_alloc=476.3MiB gpu_reserved=3472.0MiB skipped_batches=0
2026-08-16 14:14:35,658 | INFO | epoch=21 batch=2600 global_step=7308 loss_reg_months=3.4642 lr=0.00007836 grad_norm=1.6161 throughput=16.78 img/s eta_seconds=131.7 gpu_alloc=476.3MiB gpu_reserved=3472.0MiB skipped_batches=0
2026-08-16 14:14:41,478 | INFO | epoch=21 batch=2625 global_step=7311 loss_reg_months=3.4646 lr=0.00007836 grad_norm=1.1386 throughput=16.79 img/s eta_seconds=125.7 gpu_alloc=476.3MiB gpu_reserved=3472.0MiB skipped_batches=0
2026-08-16 14:14:47,232 | INFO | epoch=21 batch=2650 global_step=7314 loss_reg_months=3.4696 lr=0.00007836 grad_norm=1.3024 throughput=16.79 img/s eta_seconds=119.7 gpu_alloc=476.3MiB gpu_reserved=3472.0MiB skipped_batches=0
2026-08-16 14:14:53,001 | INFO | epoch=21 batch=2675 global_step=7317 loss_reg_months=3.4679 lr=0.00007836 grad_norm=1.3104 throughput=16.80 img/s eta_seconds=113.8 gpu_alloc=476.3MiB gpu_reserved=3472.0MiB skipped_batches=0
2026-08-16 14:14:58,757 | INFO | epoch=21 batch=2700 global_step=7320 loss_reg_months=3.4751 lr=0.00007836 grad_norm=1.1823 throughput=16.80 img/s eta_seconds=107.8 gpu_alloc=367.7MiB gpu_reserved=3472.0MiB skipped_batches=0
2026-08-16 14:15:04,491 | INFO | epoch=21 batch=2725 global_step=7322 loss_reg_months=3.4783 lr=0.00007836 grad_norm=1.6514 throughput=16.81 img/s eta_seconds=101.8 gpu_alloc=476.3MiB gpu_reserved=3472.0MiB skipped_batches=0
2026-08-16 14:15:10,253 | INFO | epoch=21 batch=2750 global_step=7325 loss_reg_months=3.4756 lr=0.00007836 grad_norm=1.2653 throughput=16.81 img/s eta_seconds=95.8 gpu_alloc=476.3MiB gpu_reserved=3472.0MiB skipped_batches=0
2026-08-16 14:15:16,018 | INFO | epoch=21 batch=2775 global_step=7328 loss_reg_months=3.4731 lr=0.00007836 grad_norm=1.4918 throughput=16.82 img/s eta_seconds=89.8 gpu_alloc=476.3MiB gpu_reserved=3472.0MiB skipped_batches=0
2026-08-16 14:15:21,805 | INFO | epoch=21 batch=2800 global_step=7331 loss_reg_months=3.4777 lr=0.00007836 grad_norm=1.5890 throughput=16.82 img/s eta_seconds=83.9 gpu_alloc=476.3MiB gpu_reserved=3472.0MiB skipped_batches=0
2026-08-16 14:15:27,530 | INFO | epoch=21 batch=2825 global_step=7333 loss_reg_months=3.4780 lr=0.00007836 grad_norm=1.2651 throughput=16.83 img/s eta_seconds=77.9 gpu_alloc=476.3MiB gpu_reserved=3472.0MiB skipped_batches=0
2026-08-16 14:15:33,293 | INFO | epoch=21 batch=2850 global_step=7336 loss_reg_months=3.4772 lr=0.00007836 grad_norm=1.3266 throughput=16.83 img/s eta_seconds=71.9 gpu_alloc=476.3MiB gpu_reserved=3472.0MiB skipped_batches=0
2026-08-16 14:15:39,046 | INFO | epoch=21 batch=2875 global_step=7339 loss_reg_months=3.4807 lr=0.00007836 grad_norm=1.2294 throughput=16.84 img/s eta_seconds=66.0 gpu_alloc=476.3MiB gpu_reserved=3472.0MiB skipped_batches=0
2026-08-16 14:15:44,798 | INFO | epoch=21 batch=2900 global_step=7342 loss_reg_months=3.4834 lr=0.00007836 grad_norm=1.0452 throughput=16.84 img/s eta_seconds=60.0 gpu_alloc=476.3MiB gpu_reserved=3472.0MiB skipped_batches=0
2026-08-16 14:15:50,547 | INFO | epoch=21 batch=2925 global_step=7345 loss_reg_months=3.4875 lr=0.00007836 grad_norm=1.1000 throughput=16.85 img/s eta_seconds=54.1 gpu_alloc=367.7MiB gpu_reserved=3472.0MiB skipped_batches=0
2026-08-16 14:15:56,269 | INFO | epoch=21 batch=2950 global_step=7347 loss_reg_months=3.4870 lr=0.00007836 grad_norm=1.0521 throughput=16.85 img/s eta_seconds=48.1 gpu_alloc=476.3MiB gpu_reserved=3472.0MiB skipped_batches=0
2026-08-16 14:16:02,028 | INFO | epoch=21 batch=2975 global_step=7350 loss_reg_months=3.4869 lr=0.00007836 grad_norm=1.6783 throughput=16.86 img/s eta_seconds=42.2 gpu_alloc=476.3MiB gpu_reserved=3472.0MiB skipped_batches=0
2026-08-16 14:16:07,769 | INFO | epoch=21 batch=3000 global_step=7353 loss_reg_months=3.4879 lr=0.00007836 grad_norm=1.2497 throughput=16.86 img/s eta_seconds=36.2 gpu_alloc=476.3MiB gpu_reserved=3472.0MiB skipped_batches=0
2026-08-16 14:16:13,520 | INFO | epoch=21 batch=3025 global_step=7356 loss_reg_months=3.4831 lr=0.00007836 grad_norm=1.3865 throughput=16.86 img/s eta_seconds=30.3 gpu_alloc=476.3MiB gpu_reserved=3472.0MiB skipped_batches=0
2026-08-16 14:16:19,238 | INFO | epoch=21 batch=3050 global_step=7358 loss_reg_months=3.4885 lr=0.00007836 grad_norm=1.7444 throughput=16.87 img/s eta_seconds=24.4 gpu_alloc=476.3MiB gpu_reserved=3472.0MiB skipped_batches=0
2026-08-16 14:16:25,012 | INFO | epoch=21 batch=3075 global_step=7361 loss_reg_months=3.4936 lr=0.00007836 grad_norm=1.3371 throughput=16.87 img/s eta_seconds=18.4 gpu_alloc=476.3MiB gpu_reserved=3472.0MiB skipped_batches=0
2026-08-16 14:16:30,769 | INFO | epoch=21 batch=3100 global_step=7364 loss_reg_months=3.4920 lr=0.00007836 grad_norm=1.1257 throughput=16.88 img/s eta_seconds=12.5 gpu_alloc=476.3MiB gpu_reserved=3472.0MiB skipped_batches=0
2026-08-16 14:16:36,518 | INFO | epoch=21 batch=3125 global_step=7367 loss_reg_months=3.4970 lr=0.00007836 grad_norm=1.2375 throughput=16.88 img/s eta_seconds=6.6 gpu_alloc=476.3MiB gpu_reserved=3472.0MiB skipped_batches=0
2026-08-16 14:16:42,315 | INFO | epoch=21 batch=3150 global_step=7370 loss_reg_months=3.5022 lr=0.00007836 grad_norm=1.3411 throughput=16.88 img/s eta_seconds=0.7 gpu_alloc=367.7MiB gpu_reserved=3472.0MiB skipped_batches=0
2026-08-16 14:17:26,245 | INFO | 
TRAINING REVIEW SNAPSHOT
Run ID / config hash / split hash: P6_D0_CONVNEXT_TINY_768_SEED42 / 0e80cf6f780f / 7328667e6822+f650a20432b5
Epoch / global step: 21 / 7371
Train loss: 3.5039
Validation MAE / RMSE / median AE: 6.2173 / 8.3928 / 5.0000
MAE nam / nữ / age bins: {'F': 6.562188458588957, 'M': 5.926423027166882} / {'0-59': 6.7252327127659575, '120-179': 6.087144622991348, '60-119': 6.946700507614213, '180-228': 4.421875}
Learning rate / peak VRAM: 0.00007836 / 3472.0 MiB
Best epoch / best MAE / epochs không cải thiện: 19 / 6.1942 / 2
Cảnh báo hiện tại: KHÔNG
Checkpoint gần nhất: p1_baseline\runs\P6_D0_CONVNEXT_TINY_768_SEED42\last.ckpt
Checkpoint tốt nhất: p1_baseline\runs\P6_D0_CONVNEXT_TINY_768_SEED42\best_mae.ckpt
Đề xuất tự động: TIẾP TỤC
2026-08-16 14:17:39,607 | INFO | epoch=22 batch=25 global_step=7373 loss_reg_months=3.1906 lr=0.00006975 grad_norm=1.4793 throughput=7.95 img/s eta_seconds=1573.8 gpu_alloc=476.3MiB gpu_reserved=3472.0MiB skipped_batches=0
2026-08-16 14:17:45,335 | INFO | epoch=22 batch=50 global_step=7376 loss_reg_months=3.0733 lr=0.00006975 grad_norm=1.1066 throughput=10.93 img/s eta_seconds=1136.0 gpu_alloc=476.3MiB gpu_reserved=3472.0MiB skipped_batches=0
2026-08-16 14:17:51,060 | INFO | epoch=22 batch=75 global_step=7379 loss_reg_months=3.1104 lr=0.00006975 grad_norm=1.1784 throughput=12.48 img/s eta_seconds=986.2 gpu_alloc=476.3MiB gpu_reserved=3472.0MiB skipped_batches=0
2026-08-16 14:17:56,810 | INFO | epoch=22 batch=100 global_step=7382 loss_reg_months=3.1114 lr=0.00006975 grad_norm=1.3569 throughput=13.43 img/s eta_seconds=909.2 gpu_alloc=476.3MiB gpu_reserved=3472.0MiB skipped_batches=0
2026-08-16 14:18:02,521 | INFO | epoch=22 batch=125 global_step=7384 loss_reg_months=3.2133 lr=0.00006975 grad_norm=1.0256 throughput=14.09 img/s eta_seconds=859.7 gpu_alloc=476.3MiB gpu_reserved=3472.0MiB skipped_batches=0
2026-08-16 14:18:08,264 | INFO | epoch=22 batch=150 global_step=7387 loss_reg_months=3.2917 lr=0.00006975 grad_norm=1.7384 throughput=14.55 img/s eta_seconds=825.5 gpu_alloc=476.3MiB gpu_reserved=3472.0MiB skipped_batches=0
2026-08-16 14:18:14,027 | INFO | epoch=22 batch=175 global_step=7390 loss_reg_months=3.2255 lr=0.00006975 grad_norm=1.4748 throughput=14.89 img/s eta_seconds=799.7 gpu_alloc=476.3MiB gpu_reserved=3472.0MiB skipped_batches=0
2026-08-16 14:18:19,789 | INFO | epoch=22 batch=200 global_step=7393 loss_reg_months=3.1653 lr=0.00006975 grad_norm=1.2570 throughput=15.16 img/s eta_seconds=779.0 gpu_alloc=476.3MiB gpu_reserved=3472.0MiB skipped_batches=0
2026-08-16 14:18:25,544 | INFO | epoch=22 batch=225 global_step=7396 loss_reg_months=3.1916 lr=0.00006975 grad_norm=1.2385 throughput=15.38 img/s eta_seconds=761.4 gpu_alloc=367.7MiB gpu_reserved=3472.0MiB skipped_batches=0
2026-08-16 14:18:31,266 | INFO | epoch=22 batch=250 global_step=7398 loss_reg_months=3.1544 lr=0.00006975 grad_norm=1.6585 throughput=15.57 img/s eta_seconds=745.9 gpu_alloc=476.3MiB gpu_reserved=3472.0MiB skipped_batches=0
2026-08-16 14:18:37,027 | INFO | epoch=22 batch=275 global_step=7401 loss_reg_months=3.2417 lr=0.00006975 grad_norm=1.1200 throughput=15.71 img/s eta_seconds=732.5 gpu_alloc=476.3MiB gpu_reserved=3472.0MiB skipped_batches=0
2026-08-16 14:18:42,790 | INFO | epoch=22 batch=300 global_step=7404 loss_reg_months=3.2491 lr=0.00006975 grad_norm=1.3879 throughput=15.84 img/s eta_seconds=720.4 gpu_alloc=476.3MiB gpu_reserved=3472.0MiB skipped_batches=0
2026-08-16 14:18:48,537 | INFO | epoch=22 batch=325 global_step=7407 loss_reg_months=3.3132 lr=0.00006975 grad_norm=1.3899 throughput=15.95 img/s eta_seconds=709.2 gpu_alloc=476.3MiB gpu_reserved=3472.0MiB skipped_batches=0
2026-08-16 14:18:54,251 | INFO | epoch=22 batch=350 global_step=7409 loss_reg_months=3.2733 lr=0.00006975 grad_norm=1.3906 throughput=16.05 img/s eta_seconds=698.5 gpu_alloc=476.3MiB gpu_reserved=3472.0MiB skipped_batches=0
2026-08-16 14:19:00,005 | INFO | epoch=22 batch=375 global_step=7412 loss_reg_months=3.3358 lr=0.00006975 grad_norm=1.5874 throughput=16.13 img/s eta_seconds=688.7 gpu_alloc=476.3MiB gpu_reserved=3472.0MiB skipped_batches=0
2026-08-16 14:19:05,743 | INFO | epoch=22 batch=400 global_step=7415 loss_reg_months=3.3094 lr=0.00006975 grad_norm=1.5531 throughput=16.21 img/s eta_seconds=679.3 gpu_alloc=476.3MiB gpu_reserved=3472.0MiB skipped_batches=0
2026-08-16 14:19:11,482 | INFO | epoch=22 batch=425 global_step=7418 loss_reg_months=3.3516 lr=0.00006975 grad_norm=1.4810 throughput=16.28 img/s eta_seconds=670.4 gpu_alloc=476.3MiB gpu_reserved=3472.0MiB skipped_batches=0
2026-08-16 14:19:17,301 | INFO | epoch=22 batch=450 global_step=7421 loss_reg_months=3.3450 lr=0.00006975 grad_norm=1.7350 throughput=16.32 img/s eta_seconds=662.3 gpu_alloc=367.7MiB gpu_reserved=3472.0MiB skipped_batches=0
2026-08-16 14:19:23,059 | INFO | epoch=22 batch=475 global_step=7423 loss_reg_months=3.3599 lr=0.00006975 grad_norm=1.7063 throughput=16.37 img/s eta_seconds=654.1 gpu_alloc=476.3MiB gpu_reserved=3472.0MiB skipped_batches=0
2026-08-16 14:19:28,809 | INFO | epoch=22 batch=500 global_step=7426 loss_reg_months=3.3567 lr=0.00006975 grad_norm=1.4817 throughput=16.42 img/s eta_seconds=646.1 gpu_alloc=476.3MiB gpu_reserved=3472.0MiB skipped_batches=0
2026-08-16 14:19:34,555 | INFO | epoch=22 batch=525 global_step=7429 loss_reg_months=3.3633 lr=0.00006975 grad_norm=1.2031 throughput=16.47 img/s eta_seconds=638.3 gpu_alloc=476.3MiB gpu_reserved=3472.0MiB skipped_batches=0
2026-08-16 14:19:40,307 | INFO | epoch=22 batch=550 global_step=7432 loss_reg_months=3.3794 lr=0.00006975 grad_norm=1.3570 throughput=16.51 img/s eta_seconds=630.7 gpu_alloc=476.3MiB gpu_reserved=3472.0MiB skipped_batches=0
2026-08-16 14:19:46,031 | INFO | epoch=22 batch=575 global_step=7434 loss_reg_months=3.3733 lr=0.00006975 grad_norm=1.2036 throughput=16.55 img/s eta_seconds=623.2 gpu_alloc=476.3MiB gpu_reserved=3472.0MiB skipped_batches=0
2026-08-16 14:19:51,795 | INFO | epoch=22 batch=600 global_step=7437 loss_reg_months=3.3625 lr=0.00006975 grad_norm=1.4349 throughput=16.58 img/s eta_seconds=615.9 gpu_alloc=476.3MiB gpu_reserved=3472.0MiB skipped_batches=0
2026-08-16 14:19:57,548 | INFO | epoch=22 batch=625 global_step=7440 loss_reg_months=3.3507 lr=0.00006975 grad_norm=1.2380 throughput=16.61 img/s eta_seconds=608.8 gpu_alloc=476.3MiB gpu_reserved=3472.0MiB skipped_batches=0
2026-08-16 14:20:03,298 | INFO | epoch=22 batch=650 global_step=7443 loss_reg_months=3.3701 lr=0.00006975 grad_norm=1.1779 throughput=16.64 img/s eta_seconds=601.7 gpu_alloc=476.3MiB gpu_reserved=3472.0MiB skipped_batches=0
2026-08-16 14:20:09,046 | INFO | epoch=22 batch=675 global_step=7446 loss_reg_months=3.3486 lr=0.00006975 grad_norm=0.9895 throughput=16.66 img/s eta_seconds=594.7 gpu_alloc=367.7MiB gpu_reserved=3472.0MiB skipped_batches=0
2026-08-16 14:20:14,772 | INFO | epoch=22 batch=700 global_step=7448 loss_reg_months=3.3644 lr=0.00006975 grad_norm=1.7505 throughput=16.69 img/s eta_seconds=587.8 gpu_alloc=476.3MiB gpu_reserved=3472.0MiB skipped_batches=0
2026-08-16 14:20:20,524 | INFO | epoch=22 batch=725 global_step=7451 loss_reg_months=3.3625 lr=0.00006975 grad_norm=1.5033 throughput=16.72 img/s eta_seconds=581.0 gpu_alloc=476.3MiB gpu_reserved=3472.0MiB skipped_batches=0
2026-08-16 14:20:26,291 | INFO | epoch=22 batch=750 global_step=7454 loss_reg_months=3.3528 lr=0.00006975 grad_norm=1.1942 throughput=16.74 img/s eta_seconds=574.3 gpu_alloc=476.3MiB gpu_reserved=3472.0MiB skipped_batches=0
2026-08-16 14:20:32,043 | INFO | epoch=22 batch=775 global_step=7457 loss_reg_months=3.3560 lr=0.00006975 grad_norm=2.0808 throughput=16.76 img/s eta_seconds=567.6 gpu_alloc=476.3MiB gpu_reserved=3472.0MiB skipped_batches=0
2026-08-16 14:20:37,762 | INFO | epoch=22 batch=800 global_step=7459 loss_reg_months=3.3730 lr=0.00006975 grad_norm=1.7790 throughput=16.78 img/s eta_seconds=560.9 gpu_alloc=476.3MiB gpu_reserved=3472.0MiB skipped_batches=0
2026-08-16 14:20:43,521 | INFO | epoch=22 batch=825 global_step=7462 loss_reg_months=3.3646 lr=0.00006975 grad_norm=1.2789 throughput=16.79 img/s eta_seconds=554.4 gpu_alloc=476.3MiB gpu_reserved=3472.0MiB skipped_batches=0
2026-08-16 14:20:49,276 | INFO | epoch=22 batch=850 global_step=7465 loss_reg_months=3.3605 lr=0.00006975 grad_norm=1.1933 throughput=16.81 img/s eta_seconds=547.9 gpu_alloc=476.3MiB gpu_reserved=3472.0MiB skipped_batches=0
2026-08-16 14:20:55,035 | INFO | epoch=22 batch=875 global_step=7468 loss_reg_months=3.3378 lr=0.00006975 grad_norm=1.1565 throughput=16.83 img/s eta_seconds=541.5 gpu_alloc=476.3MiB gpu_reserved=3472.0MiB skipped_batches=0
2026-08-16 14:21:00,800 | INFO | epoch=22 batch=900 global_step=7471 loss_reg_months=3.3236 lr=0.00006975 grad_norm=1.1467 throughput=16.84 img/s eta_seconds=535.1 gpu_alloc=367.7MiB gpu_reserved=3472.0MiB skipped_batches=0
2026-08-16 14:21:06,520 | INFO | epoch=22 batch=925 global_step=7473 loss_reg_months=3.3242 lr=0.00006975 grad_norm=1.2237 throughput=16.86 img/s eta_seconds=528.6 gpu_alloc=476.3MiB gpu_reserved=3472.0MiB skipped_batches=0
2026-08-16 14:21:12,266 | INFO | epoch=22 batch=950 global_step=7476 loss_reg_months=3.3118 lr=0.00006975 grad_norm=1.2900 throughput=16.87 img/s eta_seconds=522.3 gpu_alloc=476.3MiB gpu_reserved=3472.0MiB skipped_batches=0
2026-08-16 14:21:18,013 | INFO | epoch=22 batch=975 global_step=7479 loss_reg_months=3.2961 lr=0.00006975 grad_norm=1.0737 throughput=16.88 img/s eta_seconds=515.9 gpu_alloc=476.3MiB gpu_reserved=3472.0MiB skipped_batches=0
2026-08-16 14:21:23,773 | INFO | epoch=22 batch=1000 global_step=7482 loss_reg_months=3.2894 lr=0.00006975 grad_norm=1.1511 throughput=16.90 img/s eta_seconds=509.7 gpu_alloc=476.3MiB gpu_reserved=3472.0MiB skipped_batches=0
2026-08-16 14:21:29,514 | INFO | epoch=22 batch=1025 global_step=7484 loss_reg_months=3.2995 lr=0.00006975 grad_norm=1.2539 throughput=16.91 img/s eta_seconds=503.4 gpu_alloc=476.3MiB gpu_reserved=3472.0MiB skipped_batches=0
2026-08-16 14:21:35,271 | INFO | epoch=22 batch=1050 global_step=7487 loss_reg_months=3.2853 lr=0.00006975 grad_norm=0.9651 throughput=16.92 img/s eta_seconds=497.1 gpu_alloc=476.3MiB gpu_reserved=3472.0MiB skipped_batches=0
2026-08-16 14:21:41,025 | INFO | epoch=22 batch=1075 global_step=7490 loss_reg_months=3.2848 lr=0.00006975 grad_norm=1.4955 throughput=16.93 img/s eta_seconds=490.9 gpu_alloc=476.3MiB gpu_reserved=3472.0MiB skipped_batches=0
2026-08-16 14:21:46,778 | INFO | epoch=22 batch=1100 global_step=7493 loss_reg_months=3.2811 lr=0.00006975 grad_norm=1.5685 throughput=16.94 img/s eta_seconds=484.7 gpu_alloc=476.3MiB gpu_reserved=3472.0MiB skipped_batches=0
2026-08-16 14:21:52,523 | INFO | epoch=22 batch=1125 global_step=7496 loss_reg_months=3.2805 lr=0.00006975 grad_norm=1.3791 throughput=16.95 img/s eta_seconds=478.5 gpu_alloc=367.7MiB gpu_reserved=3472.0MiB skipped_batches=0
2026-08-16 14:21:58,247 | INFO | epoch=22 batch=1150 global_step=7498 loss_reg_months=3.2848 lr=0.00006975 grad_norm=1.3321 throughput=16.96 img/s eta_seconds=472.3 gpu_alloc=476.3MiB gpu_reserved=3472.0MiB skipped_batches=0
2026-08-16 14:22:04,907 | INFO | epoch=22 batch=1175 global_step=7501 loss_reg_months=3.2960 lr=0.00006975 grad_norm=2.0858 throughput=16.91 img/s eta_seconds=467.7 gpu_alloc=476.3MiB gpu_reserved=3472.0MiB skipped_batches=0
2026-08-16 14:22:10,782 | INFO | epoch=22 batch=1200 global_step=7504 loss_reg_months=3.3070 lr=0.00006975 grad_norm=1.6636 throughput=16.92 img/s eta_seconds=461.7 gpu_alloc=476.3MiB gpu_reserved=3472.0MiB skipped_batches=0
2026-08-16 14:22:16,533 | INFO | epoch=22 batch=1225 global_step=7507 loss_reg_months=3.3097 lr=0.00006975 grad_norm=1.5564 throughput=16.93 img/s eta_seconds=455.6 gpu_alloc=476.3MiB gpu_reserved=3472.0MiB skipped_batches=0
2026-08-16 14:22:22,284 | INFO | epoch=22 batch=1250 global_step=7509 loss_reg_months=3.3089 lr=0.00006975 grad_norm=1.4097 throughput=16.93 img/s eta_seconds=449.4 gpu_alloc=476.3MiB gpu_reserved=3472.0MiB skipped_batches=0
2026-08-16 14:22:28,036 | INFO | epoch=22 batch=1275 global_step=7512 loss_reg_months=3.3104 lr=0.00006975 grad_norm=1.4334 throughput=16.94 img/s eta_seconds=443.3 gpu_alloc=476.3MiB gpu_reserved=3472.0MiB skipped_batches=0
2026-08-16 14:22:33,803 | INFO | epoch=22 batch=1300 global_step=7515 loss_reg_months=3.3067 lr=0.00006975 grad_norm=1.4188 throughput=16.95 img/s eta_seconds=437.2 gpu_alloc=476.3MiB gpu_reserved=3472.0MiB skipped_batches=0
2026-08-16 14:22:39,577 | INFO | epoch=22 batch=1325 global_step=7518 loss_reg_months=3.3195 lr=0.00006975 grad_norm=1.3594 throughput=16.96 img/s eta_seconds=431.1 gpu_alloc=476.3MiB gpu_reserved=3472.0MiB skipped_batches=0
2026-08-16 14:22:45,354 | INFO | epoch=22 batch=1350 global_step=7521 loss_reg_months=3.3076 lr=0.00006975 grad_norm=1.0676 throughput=16.96 img/s eta_seconds=425.1 gpu_alloc=367.7MiB gpu_reserved=3472.0MiB skipped_batches=0
2026-08-16 14:22:51,082 | INFO | epoch=22 batch=1375 global_step=7523 loss_reg_months=3.3197 lr=0.00006975 grad_norm=1.3818 throughput=16.97 img/s eta_seconds=419.0 gpu_alloc=476.3MiB gpu_reserved=3472.0MiB skipped_batches=0
2026-08-16 14:22:56,841 | INFO | epoch=22 batch=1400 global_step=7526 loss_reg_months=3.3297 lr=0.00006975 grad_norm=1.0849 throughput=16.98 img/s eta_seconds=412.9 gpu_alloc=476.3MiB gpu_reserved=3472.0MiB skipped_batches=0
2026-08-16 14:23:02,658 | INFO | epoch=22 batch=1425 global_step=7529 loss_reg_months=3.3244 lr=0.00006975 grad_norm=1.7062 throughput=16.98 img/s eta_seconds=406.9 gpu_alloc=476.3MiB gpu_reserved=3472.0MiB skipped_batches=0
2026-08-16 14:23:08,449 | INFO | epoch=22 batch=1450 global_step=7532 loss_reg_months=3.3257 lr=0.00006975 grad_norm=2.5553 throughput=16.99 img/s eta_seconds=400.9 gpu_alloc=476.3MiB gpu_reserved=3472.0MiB skipped_batches=0
2026-08-16 14:23:14,188 | INFO | epoch=22 batch=1475 global_step=7534 loss_reg_months=3.3324 lr=0.00006975 grad_norm=1.0819 throughput=17.00 img/s eta_seconds=394.9 gpu_alloc=476.3MiB gpu_reserved=3472.0MiB skipped_batches=0
2026-08-16 14:23:19,959 | INFO | epoch=22 batch=1500 global_step=7537 loss_reg_months=3.3403 lr=0.00006975 grad_norm=1.3202 throughput=17.00 img/s eta_seconds=388.9 gpu_alloc=476.3MiB gpu_reserved=3472.0MiB skipped_batches=0
2026-08-16 14:23:25,740 | INFO | epoch=22 batch=1525 global_step=7540 loss_reg_months=3.3391 lr=0.00006975 grad_norm=1.8633 throughput=17.01 img/s eta_seconds=382.9 gpu_alloc=476.3MiB gpu_reserved=3472.0MiB skipped_batches=0
2026-08-16 14:23:31,511 | INFO | epoch=22 batch=1550 global_step=7543 loss_reg_months=3.3372 lr=0.00006975 grad_norm=1.3027 throughput=17.01 img/s eta_seconds=376.9 gpu_alloc=476.3MiB gpu_reserved=3472.0MiB skipped_batches=0
2026-08-16 14:23:37,282 | INFO | epoch=22 batch=1575 global_step=7546 loss_reg_months=3.3297 lr=0.00006975 grad_norm=1.1773 throughput=17.02 img/s eta_seconds=370.9 gpu_alloc=367.7MiB gpu_reserved=3472.0MiB skipped_batches=0
2026-08-16 14:23:43,022 | INFO | epoch=22 batch=1600 global_step=7548 loss_reg_months=3.3186 lr=0.00006975 grad_norm=1.3028 throughput=17.02 img/s eta_seconds=364.9 gpu_alloc=476.3MiB gpu_reserved=3472.0MiB skipped_batches=0
2026-08-16 14:23:48,856 | INFO | epoch=22 batch=1625 global_step=7551 loss_reg_months=3.3130 lr=0.00006975 grad_norm=1.2190 throughput=17.02 img/s eta_seconds=359.0 gpu_alloc=476.3MiB gpu_reserved=3472.0MiB skipped_batches=0
2026-08-16 14:23:54,729 | INFO | epoch=22 batch=1650 global_step=7554 loss_reg_months=3.3052 lr=0.00006975 grad_norm=1.3218 throughput=17.02 img/s eta_seconds=353.1 gpu_alloc=476.3MiB gpu_reserved=3472.0MiB skipped_batches=0
2026-08-16 14:24:00,586 | INFO | epoch=22 batch=1675 global_step=7557 loss_reg_months=3.3034 lr=0.00006975 grad_norm=1.3706 throughput=17.02 img/s eta_seconds=347.2 gpu_alloc=476.3MiB gpu_reserved=3472.0MiB skipped_batches=0
2026-08-16 14:24:06,319 | INFO | epoch=22 batch=1700 global_step=7559 loss_reg_months=3.2999 lr=0.00006975 grad_norm=1.4300 throughput=17.03 img/s eta_seconds=341.2 gpu_alloc=476.3MiB gpu_reserved=3472.0MiB skipped_batches=0
2026-08-16 14:24:12,073 | INFO | epoch=22 batch=1725 global_step=7562 loss_reg_months=3.3025 lr=0.00006975 grad_norm=1.3789 throughput=17.04 img/s eta_seconds=335.2 gpu_alloc=476.3MiB gpu_reserved=3472.0MiB skipped_batches=0
2026-08-16 14:24:17,975 | INFO | epoch=22 batch=1750 global_step=7565 loss_reg_months=3.3172 lr=0.00006975 grad_norm=1.7289 throughput=17.03 img/s eta_seconds=329.4 gpu_alloc=476.3MiB gpu_reserved=3472.0MiB skipped_batches=0
2026-08-16 14:24:23,849 | INFO | epoch=22 batch=1775 global_step=7568 loss_reg_months=3.3070 lr=0.00006975 grad_norm=1.1158 throughput=17.03 img/s eta_seconds=323.5 gpu_alloc=476.3MiB gpu_reserved=3472.0MiB skipped_batches=0
2026-08-16 14:24:29,773 | INFO | epoch=22 batch=1800 global_step=7571 loss_reg_months=3.3046 lr=0.00006975 grad_norm=1.5948 throughput=17.03 img/s eta_seconds=317.7 gpu_alloc=367.7MiB gpu_reserved=3472.0MiB skipped_batches=0
2026-08-16 14:24:35,611 | INFO | epoch=22 batch=1825 global_step=7573 loss_reg_months=3.3032 lr=0.00006975 grad_norm=1.2489 throughput=17.03 img/s eta_seconds=311.8 gpu_alloc=476.3MiB gpu_reserved=3472.0MiB skipped_batches=0
2026-08-16 14:24:41,554 | INFO | epoch=22 batch=1850 global_step=7576 loss_reg_months=3.3050 lr=0.00006975 grad_norm=1.2280 throughput=17.03 img/s eta_seconds=306.0 gpu_alloc=476.3MiB gpu_reserved=3472.0MiB skipped_batches=0
2026-08-16 14:24:47,469 | INFO | epoch=22 batch=1875 global_step=7579 loss_reg_months=3.3017 lr=0.00006975 grad_norm=1.4152 throughput=17.03 img/s eta_seconds=300.1 gpu_alloc=476.3MiB gpu_reserved=3472.0MiB skipped_batches=0
2026-08-16 14:24:53,341 | INFO | epoch=22 batch=1900 global_step=7582 loss_reg_months=3.3060 lr=0.00006975 grad_norm=1.4629 throughput=17.03 img/s eta_seconds=294.3 gpu_alloc=476.3MiB gpu_reserved=3472.0MiB skipped_batches=0
2026-08-16 14:24:59,163 | INFO | epoch=22 batch=1925 global_step=7584 loss_reg_months=3.3056 lr=0.00006975 grad_norm=1.3191 throughput=17.03 img/s eta_seconds=288.4 gpu_alloc=476.3MiB gpu_reserved=3472.0MiB skipped_batches=0
2026-08-16 14:25:05,069 | INFO | epoch=22 batch=1950 global_step=7587 loss_reg_months=3.3098 lr=0.00006975 grad_norm=1.2654 throughput=17.03 img/s eta_seconds=282.5 gpu_alloc=476.3MiB gpu_reserved=3472.0MiB skipped_batches=0
2026-08-16 14:25:10,918 | INFO | epoch=22 batch=1975 global_step=7590 loss_reg_months=3.3092 lr=0.00006975 grad_norm=1.9805 throughput=17.03 img/s eta_seconds=276.6 gpu_alloc=476.3MiB gpu_reserved=3472.0MiB skipped_batches=0
2026-08-16 14:25:16,744 | INFO | epoch=22 batch=2000 global_step=7593 loss_reg_months=3.3164 lr=0.00006975 grad_norm=1.3766 throughput=17.03 img/s eta_seconds=270.7 gpu_alloc=476.3MiB gpu_reserved=3472.0MiB skipped_batches=0
2026-08-16 14:25:22,556 | INFO | epoch=22 batch=2025 global_step=7596 loss_reg_months=3.3186 lr=0.00006975 grad_norm=1.8877 throughput=17.03 img/s eta_seconds=264.8 gpu_alloc=367.7MiB gpu_reserved=3472.0MiB skipped_batches=0
2026-08-16 14:25:28,307 | INFO | epoch=22 batch=2050 global_step=7598 loss_reg_months=3.3304 lr=0.00006975 grad_norm=1.5134 throughput=17.04 img/s eta_seconds=258.9 gpu_alloc=476.3MiB gpu_reserved=3472.0MiB skipped_batches=0
2026-08-16 14:25:34,088 | INFO | epoch=22 batch=2075 global_step=7601 loss_reg_months=3.3310 lr=0.00006975 grad_norm=1.9817 throughput=17.04 img/s eta_seconds=253.0 gpu_alloc=476.3MiB gpu_reserved=3472.0MiB skipped_batches=0
2026-08-16 14:25:39,860 | INFO | epoch=22 batch=2100 global_step=7604 loss_reg_months=3.3432 lr=0.00006975 grad_norm=1.8767 throughput=17.04 img/s eta_seconds=247.1 gpu_alloc=476.3MiB gpu_reserved=3472.0MiB skipped_batches=0
2026-08-16 14:25:45,637 | INFO | epoch=22 batch=2125 global_step=7607 loss_reg_months=3.3406 lr=0.00006975 grad_norm=1.7126 throughput=17.05 img/s eta_seconds=241.2 gpu_alloc=476.3MiB gpu_reserved=3472.0MiB skipped_batches=0
2026-08-16 14:25:51,383 | INFO | epoch=22 batch=2150 global_step=7609 loss_reg_months=3.3445 lr=0.00006975 grad_norm=2.1726 throughput=17.05 img/s eta_seconds=235.2 gpu_alloc=476.3MiB gpu_reserved=3472.0MiB skipped_batches=0
2026-08-16 14:25:57,159 | INFO | epoch=22 batch=2175 global_step=7612 loss_reg_months=3.3474 lr=0.00006975 grad_norm=1.2025 throughput=17.05 img/s eta_seconds=229.3 gpu_alloc=476.3MiB gpu_reserved=3472.0MiB skipped_batches=0
2026-08-16 14:26:02,986 | INFO | epoch=22 batch=2200 global_step=7615 loss_reg_months=3.3438 lr=0.00006975 grad_norm=1.1724 throughput=17.06 img/s eta_seconds=223.4 gpu_alloc=476.3MiB gpu_reserved=3472.0MiB skipped_batches=0
2026-08-16 14:26:08,782 | INFO | epoch=22 batch=2225 global_step=7618 loss_reg_months=3.3424 lr=0.00006975 grad_norm=1.4635 throughput=17.06 img/s eta_seconds=217.6 gpu_alloc=476.3MiB gpu_reserved=3472.0MiB skipped_batches=0
2026-08-16 14:26:14,557 | INFO | epoch=22 batch=2250 global_step=7621 loss_reg_months=3.3427 lr=0.00006975 grad_norm=1.5931 throughput=17.06 img/s eta_seconds=211.7 gpu_alloc=367.7MiB gpu_reserved=3472.0MiB skipped_batches=0
2026-08-16 14:26:20,308 | INFO | epoch=22 batch=2275 global_step=7623 loss_reg_months=3.3344 lr=0.00006975 grad_norm=1.0742 throughput=17.06 img/s eta_seconds=205.8 gpu_alloc=476.3MiB gpu_reserved=3472.0MiB skipped_batches=0
2026-08-16 14:26:26,099 | INFO | epoch=22 batch=2300 global_step=7626 loss_reg_months=3.3283 lr=0.00006975 grad_norm=1.1428 throughput=17.07 img/s eta_seconds=199.9 gpu_alloc=476.3MiB gpu_reserved=3472.0MiB skipped_batches=0
2026-08-16 14:26:31,892 | INFO | epoch=22 batch=2325 global_step=7629 loss_reg_months=3.3277 lr=0.00006975 grad_norm=1.3865 throughput=17.07 img/s eta_seconds=194.0 gpu_alloc=476.3MiB gpu_reserved=3472.0MiB skipped_batches=0
2026-08-16 14:26:37,683 | INFO | epoch=22 batch=2350 global_step=7632 loss_reg_months=3.3305 lr=0.00006975 grad_norm=1.6636 throughput=17.07 img/s eta_seconds=188.1 gpu_alloc=476.3MiB gpu_reserved=3472.0MiB skipped_batches=0
2026-08-16 14:26:43,434 | INFO | epoch=22 batch=2375 global_step=7634 loss_reg_months=3.3254 lr=0.00006975 grad_norm=1.3469 throughput=17.07 img/s eta_seconds=182.2 gpu_alloc=476.3MiB gpu_reserved=3472.0MiB skipped_batches=0
2026-08-16 14:26:49,221 | INFO | epoch=22 batch=2400 global_step=7637 loss_reg_months=3.3305 lr=0.00006975 grad_norm=1.2286 throughput=17.08 img/s eta_seconds=176.3 gpu_alloc=476.3MiB gpu_reserved=3472.0MiB skipped_batches=0
2026-08-16 14:26:55,012 | INFO | epoch=22 batch=2425 global_step=7640 loss_reg_months=3.3216 lr=0.00006975 grad_norm=1.3043 throughput=17.08 img/s eta_seconds=170.5 gpu_alloc=476.3MiB gpu_reserved=3472.0MiB skipped_batches=0
2026-08-16 14:27:00,815 | INFO | epoch=22 batch=2450 global_step=7643 loss_reg_months=3.3219 lr=0.00006975 grad_norm=1.3260 throughput=17.08 img/s eta_seconds=164.6 gpu_alloc=476.3MiB gpu_reserved=3472.0MiB skipped_batches=0
2026-08-16 14:27:06,608 | INFO | epoch=22 batch=2475 global_step=7646 loss_reg_months=3.3196 lr=0.00006975 grad_norm=1.3867 throughput=17.08 img/s eta_seconds=158.7 gpu_alloc=367.7MiB gpu_reserved=3472.0MiB skipped_batches=0
2026-08-16 14:27:12,367 | INFO | epoch=22 batch=2500 global_step=7648 loss_reg_months=3.3203 lr=0.00006975 grad_norm=1.3119 throughput=17.08 img/s eta_seconds=152.8 gpu_alloc=476.3MiB gpu_reserved=3472.0MiB skipped_batches=0
2026-08-16 14:27:18,149 | INFO | epoch=22 batch=2525 global_step=7651 loss_reg_months=3.3226 lr=0.00006975 grad_norm=1.5287 throughput=17.09 img/s eta_seconds=147.0 gpu_alloc=476.3MiB gpu_reserved=3472.0MiB skipped_batches=0
2026-08-16 14:27:23,928 | INFO | epoch=22 batch=2550 global_step=7654 loss_reg_months=3.3168 lr=0.00006975 grad_norm=1.0475 throughput=17.09 img/s eta_seconds=141.1 gpu_alloc=476.3MiB gpu_reserved=3472.0MiB skipped_batches=0
2026-08-16 14:27:29,706 | INFO | epoch=22 batch=2575 global_step=7657 loss_reg_months=3.3162 lr=0.00006975 grad_norm=1.6144 throughput=17.09 img/s eta_seconds=135.2 gpu_alloc=476.3MiB gpu_reserved=3472.0MiB skipped_batches=0
2026-08-16 14:27:35,454 | INFO | epoch=22 batch=2600 global_step=7659 loss_reg_months=3.3155 lr=0.00006975 grad_norm=1.1480 throughput=17.09 img/s eta_seconds=129.3 gpu_alloc=476.3MiB gpu_reserved=3472.0MiB skipped_batches=0
2026-08-16 14:27:41,240 | INFO | epoch=22 batch=2625 global_step=7662 loss_reg_months=3.3142 lr=0.00006975 grad_norm=1.1853 throughput=17.10 img/s eta_seconds=123.5 gpu_alloc=476.3MiB gpu_reserved=3472.0MiB skipped_batches=0
2026-08-16 14:27:47,006 | INFO | epoch=22 batch=2650 global_step=7665 loss_reg_months=3.3140 lr=0.00006975 grad_norm=1.1564 throughput=17.10 img/s eta_seconds=117.6 gpu_alloc=476.3MiB gpu_reserved=3472.0MiB skipped_batches=0
2026-08-16 14:27:52,782 | INFO | epoch=22 batch=2675 global_step=7668 loss_reg_months=3.3127 lr=0.00006975 grad_norm=1.2510 throughput=17.10 img/s eta_seconds=111.8 gpu_alloc=476.3MiB gpu_reserved=3472.0MiB skipped_batches=0
2026-08-16 14:27:58,569 | INFO | epoch=22 batch=2700 global_step=7671 loss_reg_months=3.3136 lr=0.00006975 grad_norm=1.3559 throughput=17.10 img/s eta_seconds=105.9 gpu_alloc=367.7MiB gpu_reserved=3472.0MiB skipped_batches=0
2026-08-16 14:28:04,311 | INFO | epoch=22 batch=2725 global_step=7673 loss_reg_months=3.3087 lr=0.00006975 grad_norm=1.1688 throughput=17.10 img/s eta_seconds=100.0 gpu_alloc=476.3MiB gpu_reserved=3472.0MiB skipped_batches=0
2026-08-16 14:28:10,083 | INFO | epoch=22 batch=2750 global_step=7676 loss_reg_months=3.3038 lr=0.00006975 grad_norm=1.1540 throughput=17.11 img/s eta_seconds=94.2 gpu_alloc=476.3MiB gpu_reserved=3472.0MiB skipped_batches=0
2026-08-16 14:28:15,874 | INFO | epoch=22 batch=2775 global_step=7679 loss_reg_months=3.3073 lr=0.00006975 grad_norm=1.1357 throughput=17.11 img/s eta_seconds=88.3 gpu_alloc=476.3MiB gpu_reserved=3472.0MiB skipped_batches=0
2026-08-16 14:28:21,649 | INFO | epoch=22 batch=2800 global_step=7682 loss_reg_months=3.3051 lr=0.00006975 grad_norm=1.4166 throughput=17.11 img/s eta_seconds=82.5 gpu_alloc=476.3MiB gpu_reserved=3472.0MiB skipped_batches=0
2026-08-16 14:28:27,399 | INFO | epoch=22 batch=2825 global_step=7684 loss_reg_months=3.3022 lr=0.00006975 grad_norm=1.4985 throughput=17.11 img/s eta_seconds=76.6 gpu_alloc=476.3MiB gpu_reserved=3472.0MiB skipped_batches=0
2026-08-16 14:28:33,175 | INFO | epoch=22 batch=2850 global_step=7687 loss_reg_months=3.3038 lr=0.00006975 grad_norm=1.9855 throughput=17.11 img/s eta_seconds=70.8 gpu_alloc=476.3MiB gpu_reserved=3472.0MiB skipped_batches=0
2026-08-16 14:28:38,945 | INFO | epoch=22 batch=2875 global_step=7690 loss_reg_months=3.3121 lr=0.00006975 grad_norm=1.3738 throughput=17.12 img/s eta_seconds=64.9 gpu_alloc=476.3MiB gpu_reserved=3472.0MiB skipped_batches=0
2026-08-16 14:28:44,733 | INFO | epoch=22 batch=2900 global_step=7693 loss_reg_months=3.3139 lr=0.00006975 grad_norm=0.9954 throughput=17.12 img/s eta_seconds=59.1 gpu_alloc=476.3MiB gpu_reserved=3472.0MiB skipped_batches=0
2026-08-16 14:28:50,525 | INFO | epoch=22 batch=2925 global_step=7696 loss_reg_months=3.3130 lr=0.00006975 grad_norm=1.2428 throughput=17.12 img/s eta_seconds=53.2 gpu_alloc=367.7MiB gpu_reserved=3472.0MiB skipped_batches=0
2026-08-16 14:28:56,268 | INFO | epoch=22 batch=2950 global_step=7698 loss_reg_months=3.3157 lr=0.00006975 grad_norm=2.0046 throughput=17.12 img/s eta_seconds=47.4 gpu_alloc=476.3MiB gpu_reserved=3472.0MiB skipped_batches=0
2026-08-16 14:29:02,039 | INFO | epoch=22 batch=2975 global_step=7701 loss_reg_months=3.3159 lr=0.00006975 grad_norm=1.3530 throughput=17.12 img/s eta_seconds=41.5 gpu_alloc=476.3MiB gpu_reserved=3472.0MiB skipped_batches=0
2026-08-16 14:29:07,816 | INFO | epoch=22 batch=3000 global_step=7704 loss_reg_months=3.3257 lr=0.00006975 grad_norm=1.6083 throughput=17.12 img/s eta_seconds=35.7 gpu_alloc=476.3MiB gpu_reserved=3472.0MiB skipped_batches=0
2026-08-16 14:29:13,588 | INFO | epoch=22 batch=3025 global_step=7707 loss_reg_months=3.3276 lr=0.00006975 grad_norm=1.7637 throughput=17.13 img/s eta_seconds=29.8 gpu_alloc=476.3MiB gpu_reserved=3472.0MiB skipped_batches=0
2026-08-16 14:29:19,329 | INFO | epoch=22 batch=3050 global_step=7709 loss_reg_months=3.3317 lr=0.00006975 grad_norm=1.3697 throughput=17.13 img/s eta_seconds=24.0 gpu_alloc=476.3MiB gpu_reserved=3472.0MiB skipped_batches=0
2026-08-16 14:29:25,109 | INFO | epoch=22 batch=3075 global_step=7712 loss_reg_months=3.3362 lr=0.00006975 grad_norm=1.9928 throughput=17.13 img/s eta_seconds=18.2 gpu_alloc=476.3MiB gpu_reserved=3472.0MiB skipped_batches=0
2026-08-16 14:29:30,894 | INFO | epoch=22 batch=3100 global_step=7715 loss_reg_months=3.3394 lr=0.00006975 grad_norm=1.4626 throughput=17.13 img/s eta_seconds=12.3 gpu_alloc=476.3MiB gpu_reserved=3472.0MiB skipped_batches=0
2026-08-16 14:29:36,660 | INFO | epoch=22 batch=3125 global_step=7718 loss_reg_months=3.3373 lr=0.00006975 grad_norm=1.2439 throughput=17.13 img/s eta_seconds=6.5 gpu_alloc=476.3MiB gpu_reserved=3472.0MiB skipped_batches=0
2026-08-16 14:29:42,422 | INFO | epoch=22 batch=3150 global_step=7721 loss_reg_months=3.3381 lr=0.00006975 grad_norm=1.2171 throughput=17.13 img/s eta_seconds=0.6 gpu_alloc=367.7MiB gpu_reserved=3472.0MiB skipped_batches=0
2026-08-16 14:30:26,782 | WARNING | STABILITY WARNING [CAM] Prediction vượt nhẹ miền tuổi 0–228: [13.31, 231.00]
2026-08-16 14:30:26,784 | WARNING | STABILITY WARNING [CAM] Validation MAE xấu đi trong khi train loss giảm
2026-08-16 14:30:26,785 | INFO | 
TRAINING REVIEW SNAPSHOT
Run ID / config hash / split hash: P6_D0_CONVNEXT_TINY_768_SEED42 / 0e80cf6f780f / 7328667e6822+f650a20432b5
Epoch / global step: 22 / 7722
Train loss: 3.3375
Validation MAE / RMSE / median AE: 6.2882 / 8.4885 / 4.7500
MAE nam / nữ / age bins: {'F': 6.58454754601227, 'M': 6.038163001293661} / {'0-59': 6.466755319148936, '120-179': 6.1118665018541405, '60-119': 7.152918781725888, '180-228': 4.609375}
Learning rate / peak VRAM: 0.00006975 / 3472.0 MiB
Best epoch / best MAE / epochs không cải thiện: 19 / 6.1942 / 3
Cảnh báo hiện tại: CAM: Prediction vượt nhẹ miền tuổi 0–228: [13.31, 231.00] | CAM: Validation MAE xấu đi trong khi train loss giảm
Checkpoint gần nhất: p1_baseline\runs\P6_D0_CONVNEXT_TINY_768_SEED42\last.ckpt
Checkpoint tốt nhất: p1_baseline\runs\P6_D0_CONVNEXT_TINY_768_SEED42\best_mae.ckpt
Đề xuất tự động: THEO DÕI
2026-08-16 14:30:42,976 | INFO | epoch=23 batch=25 global_step=7724 loss_reg_months=3.6235 lr=0.00006139 grad_norm=1.2305 throughput=7.58 img/s eta_seconds=1649.5 gpu_alloc=476.3MiB gpu_reserved=3472.0MiB skipped_batches=0
2026-08-16 14:30:48,815 | INFO | epoch=23 batch=50 global_step=7727 loss_reg_months=3.3919 lr=0.00006139 grad_norm=1.5838 throughput=10.51 img/s eta_seconds=1180.5 gpu_alloc=476.3MiB gpu_reserved=3472.0MiB skipped_batches=0
2026-08-16 14:30:54,621 | INFO | epoch=23 batch=75 global_step=7730 loss_reg_months=3.3585 lr=0.00006139 grad_norm=1.1755 throughput=12.08 img/s eta_seconds=1018.9 gpu_alloc=476.3MiB gpu_reserved=3472.0MiB skipped_batches=0
2026-08-16 14:31:00,450 | INFO | epoch=23 batch=100 global_step=7733 loss_reg_months=3.1477 lr=0.00006139 grad_norm=1.4247 throughput=13.05 img/s eta_seconds=935.9 gpu_alloc=476.3MiB gpu_reserved=3472.0MiB skipped_batches=0
2026-08-16 14:31:06,209 | INFO | epoch=23 batch=125 global_step=7735 loss_reg_months=3.1167 lr=0.00006139 grad_norm=1.2855 throughput=13.73 img/s eta_seconds=882.1 gpu_alloc=476.3MiB gpu_reserved=3472.0MiB skipped_batches=0
2026-08-16 14:31:12,009 | INFO | epoch=23 batch=150 global_step=7738 loss_reg_months=3.0593 lr=0.00006139 grad_norm=1.2911 throughput=14.21 img/s eta_seconds=845.1 gpu_alloc=476.3MiB gpu_reserved=3472.0MiB skipped_batches=0
2026-08-16 14:31:17,912 | INFO | epoch=23 batch=175 global_step=7741 loss_reg_months=3.0830 lr=0.00006139 grad_norm=1.8356 throughput=14.55 img/s eta_seconds=818.8 gpu_alloc=476.3MiB gpu_reserved=3472.0MiB skipped_batches=0
2026-08-16 14:31:23,839 | INFO | epoch=23 batch=200 global_step=7744 loss_reg_months=3.0515 lr=0.00006139 grad_norm=1.1534 throughput=14.80 img/s eta_seconds=797.9 gpu_alloc=476.3MiB gpu_reserved=3472.0MiB skipped_batches=0
2026-08-16 14:31:29,731 | INFO | epoch=23 batch=225 global_step=7747 loss_reg_months=3.1452 lr=0.00006139 grad_norm=1.2194 throughput=15.02 img/s eta_seconds=779.9 gpu_alloc=367.7MiB gpu_reserved=3472.0MiB skipped_batches=0
2026-08-16 14:31:35,892 | INFO | epoch=23 batch=250 global_step=7749 loss_reg_months=3.1080 lr=0.00006139 grad_norm=1.7037 throughput=15.13 img/s eta_seconds=767.5 gpu_alloc=476.3MiB gpu_reserved=3472.0MiB skipped_batches=0
2026-08-16 14:31:41,797 | INFO | epoch=23 batch=275 global_step=7752 loss_reg_months=3.1996 lr=0.00006139 grad_norm=1.5898 throughput=15.28 img/s eta_seconds=753.5 gpu_alloc=476.3MiB gpu_reserved=3472.0MiB skipped_batches=0
2026-08-16 14:31:47,555 | INFO | epoch=23 batch=300 global_step=7755 loss_reg_months=3.1763 lr=0.00006139 grad_norm=1.8953 throughput=15.43 img/s eta_seconds=739.5 gpu_alloc=476.3MiB gpu_reserved=3472.0MiB skipped_batches=0
2026-08-16 14:31:53,317 | INFO | epoch=23 batch=325 global_step=7758 loss_reg_months=3.1135 lr=0.00006139 grad_norm=1.0976 throughput=15.56 img/s eta_seconds=726.7 gpu_alloc=476.3MiB gpu_reserved=3472.0MiB skipped_batches=0
2026-08-16 14:31:59,050 | INFO | epoch=23 batch=350 global_step=7760 loss_reg_months=3.1059 lr=0.00006139 grad_norm=1.2888 throughput=15.68 img/s eta_seconds=714.8 gpu_alloc=476.3MiB gpu_reserved=3472.0MiB skipped_batches=0
2026-08-16 14:32:04,822 | INFO | epoch=23 batch=375 global_step=7763 loss_reg_months=3.0666 lr=0.00006139 grad_norm=1.4624 throughput=15.78 img/s eta_seconds=703.9 gpu_alloc=476.3MiB gpu_reserved=3472.0MiB skipped_batches=0
2026-08-16 14:32:10,591 | INFO | epoch=23 batch=400 global_step=7766 loss_reg_months=3.1081 lr=0.00006139 grad_norm=1.8783 throughput=15.87 img/s eta_seconds=693.7 gpu_alloc=476.3MiB gpu_reserved=3472.0MiB skipped_batches=0
2026-08-16 14:32:16,406 | INFO | epoch=23 batch=425 global_step=7769 loss_reg_months=3.1078 lr=0.00006139 grad_norm=2.0216 throughput=15.95 img/s eta_seconds=684.3 gpu_alloc=476.3MiB gpu_reserved=3472.0MiB skipped_batches=0
2026-08-16 14:32:22,391 | INFO | epoch=23 batch=450 global_step=7772 loss_reg_months=3.0994 lr=0.00006139 grad_norm=1.0892 throughput=15.99 img/s eta_seconds=676.3 gpu_alloc=367.7MiB gpu_reserved=3472.0MiB skipped_batches=0
2026-08-16 14:32:28,196 | INFO | epoch=23 batch=475 global_step=7774 loss_reg_months=3.0845 lr=0.00006139 grad_norm=1.3234 throughput=16.05 img/s eta_seconds=667.5 gpu_alloc=476.3MiB gpu_reserved=3472.0MiB skipped_batches=0
2026-08-16 14:32:34,216 | INFO | epoch=23 batch=500 global_step=7777 loss_reg_months=3.0768 lr=0.00006139 grad_norm=1.5069 throughput=16.07 img/s eta_seconds=660.1 gpu_alloc=476.3MiB gpu_reserved=3472.0MiB skipped_batches=0
2026-08-16 14:32:40,070 | INFO | epoch=23 batch=525 global_step=7780 loss_reg_months=3.0612 lr=0.00006139 grad_norm=1.2232 throughput=16.12 img/s eta_seconds=652.1 gpu_alloc=476.3MiB gpu_reserved=3472.0MiB skipped_batches=0
2026-08-16 14:32:45,854 | INFO | epoch=23 batch=550 global_step=7783 loss_reg_months=3.0876 lr=0.00006139 grad_norm=2.4793 throughput=16.17 img/s eta_seconds=643.9 gpu_alloc=476.3MiB gpu_reserved=3472.0MiB skipped_batches=0
2026-08-16 14:32:51,698 | INFO | epoch=23 batch=575 global_step=7785 loss_reg_months=3.0836 lr=0.00006139 grad_norm=1.6705 throughput=16.21 img/s eta_seconds=636.2 gpu_alloc=476.3MiB gpu_reserved=3472.0MiB skipped_batches=0
2026-08-16 14:32:57,726 | INFO | epoch=23 batch=600 global_step=7788 loss_reg_months=3.0920 lr=0.00006139 grad_norm=1.4721 throughput=16.22 img/s eta_seconds=629.4 gpu_alloc=476.3MiB gpu_reserved=3472.0MiB skipped_batches=0
2026-08-16 14:33:03,667 | INFO | epoch=23 batch=625 global_step=7791 loss_reg_months=3.0856 lr=0.00006139 grad_norm=1.5873 throughput=16.25 img/s eta_seconds=622.3 gpu_alloc=476.3MiB gpu_reserved=3472.0MiB skipped_batches=0
2026-08-16 14:33:09,534 | INFO | epoch=23 batch=650 global_step=7794 loss_reg_months=3.0868 lr=0.00006139 grad_norm=1.2254 throughput=16.28 img/s eta_seconds=615.1 gpu_alloc=476.3MiB gpu_reserved=3472.0MiB skipped_batches=0
2026-08-16 14:33:15,375 | INFO | epoch=23 batch=675 global_step=7797 loss_reg_months=3.0952 lr=0.00006139 grad_norm=1.5098 throughput=16.31 img/s eta_seconds=607.8 gpu_alloc=367.7MiB gpu_reserved=3472.0MiB skipped_batches=0
2026-08-16 14:33:21,238 | INFO | epoch=23 batch=700 global_step=7799 loss_reg_months=3.0826 lr=0.00006139 grad_norm=1.2216 throughput=16.33 img/s eta_seconds=600.7 gpu_alloc=476.3MiB gpu_reserved=3472.0MiB skipped_batches=0
2026-08-16 14:33:27,035 | INFO | epoch=23 batch=725 global_step=7802 loss_reg_months=3.0646 lr=0.00006139 grad_norm=1.2682 throughput=16.36 img/s eta_seconds=593.5 gpu_alloc=476.3MiB gpu_reserved=3472.0MiB skipped_batches=0
2026-08-16 14:33:32,809 | INFO | epoch=23 batch=750 global_step=7805 loss_reg_months=3.0551 lr=0.00006139 grad_norm=1.6764 throughput=16.39 img/s eta_seconds=586.3 gpu_alloc=476.3MiB gpu_reserved=3472.0MiB skipped_batches=0
2026-08-16 14:33:38,585 | INFO | epoch=23 batch=775 global_step=7808 loss_reg_months=3.0471 lr=0.00006139 grad_norm=1.1355 throughput=16.42 img/s eta_seconds=579.2 gpu_alloc=476.3MiB gpu_reserved=3472.0MiB skipped_batches=0
2026-08-16 14:33:44,317 | INFO | epoch=23 batch=800 global_step=7810 loss_reg_months=3.0563 lr=0.00006139 grad_norm=1.6593 throughput=16.45 img/s eta_seconds=572.1 gpu_alloc=476.3MiB gpu_reserved=3472.0MiB skipped_batches=0
2026-08-16 14:33:50,095 | INFO | epoch=23 batch=825 global_step=7813 loss_reg_months=3.0640 lr=0.00006139 grad_norm=1.2937 throughput=16.48 img/s eta_seconds=565.2 gpu_alloc=476.3MiB gpu_reserved=3472.0MiB skipped_batches=0
2026-08-16 14:33:55,864 | INFO | epoch=23 batch=850 global_step=7816 loss_reg_months=3.0742 lr=0.00006139 grad_norm=1.8347 throughput=16.50 img/s eta_seconds=558.3 gpu_alloc=476.3MiB gpu_reserved=3472.0MiB skipped_batches=0
2026-08-16 14:34:01,635 | INFO | epoch=23 batch=875 global_step=7819 loss_reg_months=3.0693 lr=0.00006139 grad_norm=1.2650 throughput=16.52 img/s eta_seconds=551.5 gpu_alloc=476.3MiB gpu_reserved=3472.0MiB skipped_batches=0
2026-08-16 14:34:07,401 | INFO | epoch=23 batch=900 global_step=7822 loss_reg_months=3.0651 lr=0.00006139 grad_norm=1.4868 throughput=16.54 img/s eta_seconds=544.7 gpu_alloc=367.7MiB gpu_reserved=3472.0MiB skipped_batches=0
2026-08-16 14:34:13,137 | INFO | epoch=23 batch=925 global_step=7824 loss_reg_months=3.0507 lr=0.00006139 grad_norm=1.5648 throughput=16.57 img/s eta_seconds=537.9 gpu_alloc=476.3MiB gpu_reserved=3472.0MiB skipped_batches=0
2026-08-16 14:34:18,904 | INFO | epoch=23 batch=950 global_step=7827 loss_reg_months=3.0485 lr=0.00006139 grad_norm=1.2920 throughput=16.59 img/s eta_seconds=531.2 gpu_alloc=476.3MiB gpu_reserved=3472.0MiB skipped_batches=0
2026-08-16 14:34:24,675 | INFO | epoch=23 batch=975 global_step=7830 loss_reg_months=3.0450 lr=0.00006139 grad_norm=1.7324 throughput=16.60 img/s eta_seconds=524.6 gpu_alloc=476.3MiB gpu_reserved=3472.0MiB skipped_batches=0
2026-08-16 14:34:30,444 | INFO | epoch=23 batch=1000 global_step=7833 loss_reg_months=3.0546 lr=0.00006139 grad_norm=1.4914 throughput=16.62 img/s eta_seconds=518.1 gpu_alloc=476.3MiB gpu_reserved=3472.0MiB skipped_batches=0
2026-08-16 14:34:36,179 | INFO | epoch=23 batch=1025 global_step=7835 loss_reg_months=3.0580 lr=0.00006139 grad_norm=1.5522 throughput=16.64 img/s eta_seconds=511.5 gpu_alloc=476.3MiB gpu_reserved=3472.0MiB skipped_batches=0
2026-08-16 14:34:41,950 | INFO | epoch=23 batch=1050 global_step=7838 loss_reg_months=3.0720 lr=0.00006139 grad_norm=1.8374 throughput=16.66 img/s eta_seconds=505.0 gpu_alloc=476.3MiB gpu_reserved=3472.0MiB skipped_batches=0
2026-08-16 14:34:47,726 | INFO | epoch=23 batch=1075 global_step=7841 loss_reg_months=3.0688 lr=0.00006139 grad_norm=1.1880 throughput=16.67 img/s eta_seconds=498.5 gpu_alloc=476.3MiB gpu_reserved=3472.0MiB skipped_batches=0
2026-08-16 14:34:53,505 | INFO | epoch=23 batch=1100 global_step=7844 loss_reg_months=3.0949 lr=0.00006139 grad_norm=1.4841 throughput=16.68 img/s eta_seconds=492.1 gpu_alloc=476.3MiB gpu_reserved=3472.0MiB skipped_batches=0
2026-08-16 14:34:59,282 | INFO | epoch=23 batch=1125 global_step=7847 loss_reg_months=3.1029 lr=0.00006139 grad_norm=1.2226 throughput=16.70 img/s eta_seconds=485.7 gpu_alloc=367.7MiB gpu_reserved=3472.0MiB skipped_batches=0
2026-08-16 14:35:05,019 | INFO | epoch=23 batch=1150 global_step=7849 loss_reg_months=3.0977 lr=0.00006139 grad_norm=1.2032 throughput=16.71 img/s eta_seconds=479.3 gpu_alloc=476.3MiB gpu_reserved=3472.0MiB skipped_batches=0
2026-08-16 14:35:10,786 | INFO | epoch=23 batch=1175 global_step=7852 loss_reg_months=3.1036 lr=0.00006139 grad_norm=1.4118 throughput=16.73 img/s eta_seconds=473.0 gpu_alloc=476.3MiB gpu_reserved=3472.0MiB skipped_batches=0
2026-08-16 14:35:16,552 | INFO | epoch=23 batch=1200 global_step=7855 loss_reg_months=3.1067 lr=0.00006139 grad_norm=1.2709 throughput=16.74 img/s eta_seconds=466.6 gpu_alloc=476.3MiB gpu_reserved=3472.0MiB skipped_batches=0
2026-08-16 14:35:22,333 | INFO | epoch=23 batch=1225 global_step=7858 loss_reg_months=3.0998 lr=0.00006139 grad_norm=1.6185 throughput=16.75 img/s eta_seconds=460.4 gpu_alloc=476.3MiB gpu_reserved=3472.0MiB skipped_batches=0
2026-08-16 14:35:28,074 | INFO | epoch=23 batch=1250 global_step=7860 loss_reg_months=3.0949 lr=0.00006139 grad_norm=0.9902 throughput=16.76 img/s eta_seconds=454.0 gpu_alloc=476.3MiB gpu_reserved=3472.0MiB skipped_batches=0
2026-08-16 14:35:33,841 | INFO | epoch=23 batch=1275 global_step=7863 loss_reg_months=3.0933 lr=0.00006139 grad_norm=1.6193 throughput=16.77 img/s eta_seconds=447.8 gpu_alloc=476.3MiB gpu_reserved=3472.0MiB skipped_batches=0
2026-08-16 14:35:39,614 | INFO | epoch=23 batch=1300 global_step=7866 loss_reg_months=3.0904 lr=0.00006139 grad_norm=1.4848 throughput=16.78 img/s eta_seconds=441.6 gpu_alloc=476.3MiB gpu_reserved=3472.0MiB skipped_batches=0
2026-08-16 14:35:45,369 | INFO | epoch=23 batch=1325 global_step=7869 loss_reg_months=3.0998 lr=0.00006139 grad_norm=1.5184 throughput=16.79 img/s eta_seconds=435.3 gpu_alloc=476.3MiB gpu_reserved=3472.0MiB skipped_batches=0
2026-08-16 14:35:51,143 | INFO | epoch=23 batch=1350 global_step=7872 loss_reg_months=3.0931 lr=0.00006139 grad_norm=1.7073 throughput=16.80 img/s eta_seconds=429.1 gpu_alloc=367.7MiB gpu_reserved=3472.0MiB skipped_batches=0
2026-08-16 14:35:56,873 | INFO | epoch=23 batch=1375 global_step=7874 loss_reg_months=3.0911 lr=0.00006139 grad_norm=1.3120 throughput=16.82 img/s eta_seconds=422.9 gpu_alloc=476.3MiB gpu_reserved=3472.0MiB skipped_batches=0
2026-08-16 14:36:02,644 | INFO | epoch=23 batch=1400 global_step=7877 loss_reg_months=3.0896 lr=0.00006139 grad_norm=1.4456 throughput=16.82 img/s eta_seconds=416.7 gpu_alloc=476.3MiB gpu_reserved=3472.0MiB skipped_batches=0
2026-08-16 14:36:08,404 | INFO | epoch=23 batch=1425 global_step=7880 loss_reg_months=3.0923 lr=0.00006139 grad_norm=1.0354 throughput=16.83 img/s eta_seconds=410.6 gpu_alloc=476.3MiB gpu_reserved=3472.0MiB skipped_batches=0
2026-08-16 14:36:14,165 | INFO | epoch=23 batch=1450 global_step=7883 loss_reg_months=3.0879 lr=0.00006139 grad_norm=1.1552 throughput=16.84 img/s eta_seconds=404.4 gpu_alloc=476.3MiB gpu_reserved=3472.0MiB skipped_batches=0
2026-08-16 14:36:19,900 | INFO | epoch=23 batch=1475 global_step=7885 loss_reg_months=3.0907 lr=0.00006139 grad_norm=1.1421 throughput=16.85 img/s eta_seconds=398.2 gpu_alloc=476.3MiB gpu_reserved=3472.0MiB skipped_batches=0
2026-08-16 14:36:25,669 | INFO | epoch=23 batch=1500 global_step=7888 loss_reg_months=3.0787 lr=0.00006139 grad_norm=1.3473 throughput=16.86 img/s eta_seconds=392.1 gpu_alloc=476.3MiB gpu_reserved=3472.0MiB skipped_batches=0
2026-08-16 14:36:31,439 | INFO | epoch=23 batch=1525 global_step=7891 loss_reg_months=3.0807 lr=0.00006139 grad_norm=1.3893 throughput=16.87 img/s eta_seconds=386.0 gpu_alloc=476.3MiB gpu_reserved=3472.0MiB skipped_batches=0
2026-08-16 14:36:37,218 | INFO | epoch=23 batch=1550 global_step=7894 loss_reg_months=3.0795 lr=0.00006139 grad_norm=1.3963 throughput=16.87 img/s eta_seconds=379.9 gpu_alloc=476.3MiB gpu_reserved=3472.0MiB skipped_batches=0
2026-08-16 14:36:43,014 | INFO | epoch=23 batch=1575 global_step=7897 loss_reg_months=3.0904 lr=0.00006139 grad_norm=2.2164 throughput=16.88 img/s eta_seconds=373.9 gpu_alloc=367.7MiB gpu_reserved=3472.0MiB skipped_batches=0
2026-08-16 14:36:48,761 | INFO | epoch=23 batch=1600 global_step=7899 loss_reg_months=3.0969 lr=0.00006139 grad_norm=1.5242 throughput=16.89 img/s eta_seconds=367.8 gpu_alloc=476.3MiB gpu_reserved=3472.0MiB skipped_batches=0
2026-08-16 14:36:54,522 | INFO | epoch=23 batch=1625 global_step=7902 loss_reg_months=3.0955 lr=0.00006139 grad_norm=2.0640 throughput=16.89 img/s eta_seconds=361.7 gpu_alloc=476.3MiB gpu_reserved=3472.0MiB skipped_batches=0
2026-08-16 14:37:00,278 | INFO | epoch=23 batch=1650 global_step=7905 loss_reg_months=3.0883 lr=0.00006139 grad_norm=1.8790 throughput=16.90 img/s eta_seconds=355.6 gpu_alloc=476.3MiB gpu_reserved=3472.0MiB skipped_batches=0
2026-08-16 14:37:06,050 | INFO | epoch=23 batch=1675 global_step=7908 loss_reg_months=3.0808 lr=0.00006139 grad_norm=1.2037 throughput=16.91 img/s eta_seconds=349.6 gpu_alloc=476.3MiB gpu_reserved=3472.0MiB skipped_batches=0
2026-08-16 14:37:11,795 | INFO | epoch=23 batch=1700 global_step=7910 loss_reg_months=3.0745 lr=0.00006139 grad_norm=1.1366 throughput=16.92 img/s eta_seconds=343.5 gpu_alloc=476.3MiB gpu_reserved=3472.0MiB skipped_batches=0
2026-08-16 14:37:17,562 | INFO | epoch=23 batch=1725 global_step=7913 loss_reg_months=3.0765 lr=0.00006139 grad_norm=1.9847 throughput=16.92 img/s eta_seconds=337.5 gpu_alloc=476.3MiB gpu_reserved=3472.0MiB skipped_batches=0
2026-08-16 14:37:23,317 | INFO | epoch=23 batch=1750 global_step=7916 loss_reg_months=3.0828 lr=0.00006139 grad_norm=1.4549 throughput=16.93 img/s eta_seconds=331.5 gpu_alloc=476.3MiB gpu_reserved=3472.0MiB skipped_batches=0
2026-08-16 14:37:29,103 | INFO | epoch=23 batch=1775 global_step=7919 loss_reg_months=3.0790 lr=0.00006139 grad_norm=1.3242 throughput=16.93 img/s eta_seconds=325.5 gpu_alloc=476.3MiB gpu_reserved=3472.0MiB skipped_batches=0
2026-08-16 14:37:34,865 | INFO | epoch=23 batch=1800 global_step=7922 loss_reg_months=3.0870 lr=0.00006139 grad_norm=1.2389 throughput=16.94 img/s eta_seconds=319.5 gpu_alloc=367.7MiB gpu_reserved=3472.0MiB skipped_batches=0
2026-08-16 14:37:40,727 | INFO | epoch=23 batch=1825 global_step=7924 loss_reg_months=3.0854 lr=0.00006139 grad_norm=1.4141 throughput=16.94 img/s eta_seconds=313.5 gpu_alloc=476.3MiB gpu_reserved=3472.0MiB skipped_batches=0
2026-08-16 14:37:46,533 | INFO | epoch=23 batch=1850 global_step=7927 loss_reg_months=3.0898 lr=0.00006139 grad_norm=1.0385 throughput=16.94 img/s eta_seconds=307.5 gpu_alloc=476.3MiB gpu_reserved=3472.0MiB skipped_batches=0
2026-08-16 14:37:52,307 | INFO | epoch=23 batch=1875 global_step=7930 loss_reg_months=3.0827 lr=0.00006139 grad_norm=1.0767 throughput=16.95 img/s eta_seconds=301.6 gpu_alloc=476.3MiB gpu_reserved=3472.0MiB skipped_batches=0
2026-08-16 14:37:58,080 | INFO | epoch=23 batch=1900 global_step=7933 loss_reg_months=3.0806 lr=0.00006139 grad_norm=1.2240 throughput=16.95 img/s eta_seconds=295.6 gpu_alloc=476.3MiB gpu_reserved=3472.0MiB skipped_batches=0
2026-08-16 14:38:03,810 | INFO | epoch=23 batch=1925 global_step=7935 loss_reg_months=3.0773 lr=0.00006139 grad_norm=1.0550 throughput=16.96 img/s eta_seconds=289.6 gpu_alloc=476.3MiB gpu_reserved=3472.0MiB skipped_batches=0
2026-08-16 14:38:09,591 | INFO | epoch=23 batch=1950 global_step=7938 loss_reg_months=3.0850 lr=0.00006139 grad_norm=1.6657 throughput=16.96 img/s eta_seconds=283.6 gpu_alloc=476.3MiB gpu_reserved=3472.0MiB skipped_batches=0
2026-08-16 14:38:15,362 | INFO | epoch=23 batch=1975 global_step=7941 loss_reg_months=3.0859 lr=0.00006139 grad_norm=1.1184 throughput=16.97 img/s eta_seconds=277.6 gpu_alloc=476.3MiB gpu_reserved=3472.0MiB skipped_batches=0
2026-08-16 14:38:21,145 | INFO | epoch=23 batch=2000 global_step=7944 loss_reg_months=3.0889 lr=0.00006139 grad_norm=1.1061 throughput=16.97 img/s eta_seconds=271.7 gpu_alloc=476.3MiB gpu_reserved=3472.0MiB skipped_batches=0
2026-08-16 14:38:26,919 | INFO | epoch=23 batch=2025 global_step=7947 loss_reg_months=3.0923 lr=0.00006139 grad_norm=1.7784 throughput=16.98 img/s eta_seconds=265.7 gpu_alloc=367.7MiB gpu_reserved=3472.0MiB skipped_batches=0
2026-08-16 14:38:32,657 | INFO | epoch=23 batch=2050 global_step=7949 loss_reg_months=3.0897 lr=0.00006139 grad_norm=1.0449 throughput=16.98 img/s eta_seconds=259.7 gpu_alloc=476.3MiB gpu_reserved=3472.0MiB skipped_batches=0
2026-08-16 14:38:38,429 | INFO | epoch=23 batch=2075 global_step=7952 loss_reg_months=3.0925 lr=0.00006139 grad_norm=1.2913 throughput=16.99 img/s eta_seconds=253.8 gpu_alloc=476.3MiB gpu_reserved=3472.0MiB skipped_batches=0
2026-08-16 14:38:44,190 | INFO | epoch=23 batch=2100 global_step=7955 loss_reg_months=3.0995 lr=0.00006139 grad_norm=1.3777 throughput=16.99 img/s eta_seconds=247.8 gpu_alloc=476.3MiB gpu_reserved=3472.0MiB skipped_batches=0
2026-08-16 14:38:49,966 | INFO | epoch=23 batch=2125 global_step=7958 loss_reg_months=3.0996 lr=0.00006139 grad_norm=1.3837 throughput=16.99 img/s eta_seconds=241.9 gpu_alloc=476.3MiB gpu_reserved=3472.0MiB skipped_batches=0
2026-08-16 14:38:55,703 | INFO | epoch=23 batch=2150 global_step=7960 loss_reg_months=3.1006 lr=0.00006139 grad_norm=1.2114 throughput=17.00 img/s eta_seconds=236.0 gpu_alloc=476.3MiB gpu_reserved=3472.0MiB skipped_batches=0
2026-08-16 14:39:01,473 | INFO | epoch=23 batch=2175 global_step=7963 loss_reg_months=3.1103 lr=0.00006139 grad_norm=1.6150 throughput=17.00 img/s eta_seconds=230.0 gpu_alloc=476.3MiB gpu_reserved=3472.0MiB skipped_batches=0
2026-08-16 14:39:07,269 | INFO | epoch=23 batch=2200 global_step=7966 loss_reg_months=3.1063 lr=0.00006139 grad_norm=1.1076 throughput=17.01 img/s eta_seconds=224.1 gpu_alloc=476.3MiB gpu_reserved=3472.0MiB skipped_batches=0
2026-08-16 14:39:13,036 | INFO | epoch=23 batch=2225 global_step=7969 loss_reg_months=3.1141 lr=0.00006139 grad_norm=1.5450 throughput=17.01 img/s eta_seconds=218.2 gpu_alloc=476.3MiB gpu_reserved=3472.0MiB skipped_batches=0
2026-08-16 14:39:18,817 | INFO | epoch=23 batch=2250 global_step=7972 loss_reg_months=3.1262 lr=0.00006139 grad_norm=1.9356 throughput=17.01 img/s eta_seconds=212.3 gpu_alloc=367.7MiB gpu_reserved=3472.0MiB skipped_batches=0
2026-08-16 14:39:24,567 | INFO | epoch=23 batch=2275 global_step=7974 loss_reg_months=3.1314 lr=0.00006139 grad_norm=1.4514 throughput=17.02 img/s eta_seconds=206.3 gpu_alloc=476.3MiB gpu_reserved=3472.0MiB skipped_batches=0
2026-08-16 14:39:30,337 | INFO | epoch=23 batch=2300 global_step=7977 loss_reg_months=3.1415 lr=0.00006139 grad_norm=1.6864 throughput=17.02 img/s eta_seconds=200.4 gpu_alloc=476.3MiB gpu_reserved=3472.0MiB skipped_batches=0
2026-08-16 14:39:36,098 | INFO | epoch=23 batch=2325 global_step=7980 loss_reg_months=3.1411 lr=0.00006139 grad_norm=1.4690 throughput=17.02 img/s eta_seconds=194.5 gpu_alloc=476.3MiB gpu_reserved=3472.0MiB skipped_batches=0
2026-08-16 14:39:41,865 | INFO | epoch=23 batch=2350 global_step=7983 loss_reg_months=3.1455 lr=0.00006139 grad_norm=1.2186 throughput=17.03 img/s eta_seconds=188.6 gpu_alloc=476.3MiB gpu_reserved=3472.0MiB skipped_batches=0
2026-08-16 14:39:47,597 | INFO | epoch=23 batch=2375 global_step=7985 loss_reg_months=3.1398 lr=0.00006139 grad_norm=1.3252 throughput=17.03 img/s eta_seconds=182.7 gpu_alloc=476.3MiB gpu_reserved=3472.0MiB skipped_batches=0
2026-08-16 14:39:53,403 | INFO | epoch=23 batch=2400 global_step=7988 loss_reg_months=3.1427 lr=0.00006139 grad_norm=1.8646 throughput=17.03 img/s eta_seconds=176.8 gpu_alloc=476.3MiB gpu_reserved=3472.0MiB skipped_batches=0
2026-08-16 14:39:59,174 | INFO | epoch=23 batch=2425 global_step=7991 loss_reg_months=3.1390 lr=0.00006139 grad_norm=1.7247 throughput=17.04 img/s eta_seconds=170.9 gpu_alloc=476.3MiB gpu_reserved=3472.0MiB skipped_batches=0
2026-08-16 14:40:04,931 | INFO | epoch=23 batch=2450 global_step=7994 loss_reg_months=3.1385 lr=0.00006139 grad_norm=1.1516 throughput=17.04 img/s eta_seconds=165.0 gpu_alloc=476.3MiB gpu_reserved=3472.0MiB skipped_batches=0
2026-08-16 14:40:10,693 | INFO | epoch=23 batch=2475 global_step=7997 loss_reg_months=3.1406 lr=0.00006139 grad_norm=1.2910 throughput=17.04 img/s eta_seconds=159.1 gpu_alloc=367.7MiB gpu_reserved=3472.0MiB skipped_batches=0
2026-08-16 14:40:16,434 | INFO | epoch=23 batch=2500 global_step=7999 loss_reg_months=3.1403 lr=0.00006139 grad_norm=1.5752 throughput=17.05 img/s eta_seconds=153.2 gpu_alloc=476.3MiB gpu_reserved=3472.0MiB skipped_batches=0
2026-08-16 14:40:23,252 | INFO | epoch=23 batch=2525 global_step=8002 loss_reg_months=3.1436 lr=0.00006139 grad_norm=1.3139 throughput=17.02 img/s eta_seconds=147.5 gpu_alloc=476.3MiB gpu_reserved=3472.0MiB skipped_batches=0
2026-08-16 14:40:29,020 | INFO | epoch=23 batch=2550 global_step=8005 loss_reg_months=3.1430 lr=0.00006139 grad_norm=1.4594 throughput=17.02 img/s eta_seconds=141.6 gpu_alloc=476.3MiB gpu_reserved=3472.0MiB skipped_batches=0
2026-08-16 14:40:34,816 | INFO | epoch=23 batch=2575 global_step=8008 loss_reg_months=3.1458 lr=0.00006139 grad_norm=1.6952 throughput=17.02 img/s eta_seconds=135.7 gpu_alloc=476.3MiB gpu_reserved=3472.0MiB skipped_batches=0
2026-08-16 14:40:40,556 | INFO | epoch=23 batch=2600 global_step=8010 loss_reg_months=3.1426 lr=0.00006139 grad_norm=1.5408 throughput=17.03 img/s eta_seconds=129.8 gpu_alloc=476.3MiB gpu_reserved=3472.0MiB skipped_batches=0
2026-08-16 14:40:46,323 | INFO | epoch=23 batch=2625 global_step=8013 loss_reg_months=3.1423 lr=0.00006139 grad_norm=1.2496 throughput=17.03 img/s eta_seconds=124.0 gpu_alloc=476.3MiB gpu_reserved=3472.0MiB skipped_batches=0
2026-08-16 14:40:52,082 | INFO | epoch=23 batch=2650 global_step=8016 loss_reg_months=3.1381 lr=0.00006139 grad_norm=1.3881 throughput=17.03 img/s eta_seconds=118.1 gpu_alloc=476.3MiB gpu_reserved=3472.0MiB skipped_batches=0
2026-08-16 14:40:57,849 | INFO | epoch=23 batch=2675 global_step=8019 loss_reg_months=3.1454 lr=0.00006139 grad_norm=1.3694 throughput=17.04 img/s eta_seconds=112.2 gpu_alloc=476.3MiB gpu_reserved=3472.0MiB skipped_batches=0
2026-08-16 14:41:03,626 | INFO | epoch=23 batch=2700 global_step=8022 loss_reg_months=3.1439 lr=0.00006139 grad_norm=1.4603 throughput=17.04 img/s eta_seconds=106.3 gpu_alloc=367.7MiB gpu_reserved=3472.0MiB skipped_batches=0
2026-08-16 14:41:09,370 | INFO | epoch=23 batch=2725 global_step=8024 loss_reg_months=3.1432 lr=0.00006139 grad_norm=1.6130 throughput=17.04 img/s eta_seconds=100.4 gpu_alloc=476.3MiB gpu_reserved=3472.0MiB skipped_batches=0
2026-08-16 14:41:15,127 | INFO | epoch=23 batch=2750 global_step=8027 loss_reg_months=3.1455 lr=0.00006139 grad_norm=1.1927 throughput=17.05 img/s eta_seconds=94.5 gpu_alloc=476.3MiB gpu_reserved=3472.0MiB skipped_batches=0
2026-08-16 14:41:20,902 | INFO | epoch=23 batch=2775 global_step=8030 loss_reg_months=3.1437 lr=0.00006139 grad_norm=1.3703 throughput=17.05 img/s eta_seconds=88.6 gpu_alloc=476.3MiB gpu_reserved=3472.0MiB skipped_batches=0
2026-08-16 14:41:26,676 | INFO | epoch=23 batch=2800 global_step=8033 loss_reg_months=3.1422 lr=0.00006139 grad_norm=1.2079 throughput=17.05 img/s eta_seconds=82.8 gpu_alloc=476.3MiB gpu_reserved=3472.0MiB skipped_batches=0
2026-08-16 14:41:32,422 | INFO | epoch=23 batch=2825 global_step=8035 loss_reg_months=3.1453 lr=0.00006139 grad_norm=1.2826 throughput=17.05 img/s eta_seconds=76.9 gpu_alloc=476.3MiB gpu_reserved=3472.0MiB skipped_batches=0
2026-08-16 14:41:38,196 | INFO | epoch=23 batch=2850 global_step=8038 loss_reg_months=3.1460 lr=0.00006139 grad_norm=1.0937 throughput=17.06 img/s eta_seconds=71.0 gpu_alloc=476.3MiB gpu_reserved=3472.0MiB skipped_batches=0
2026-08-16 14:41:43,974 | INFO | epoch=23 batch=2875 global_step=8041 loss_reg_months=3.1429 lr=0.00006139 grad_norm=1.3725 throughput=17.06 img/s eta_seconds=65.1 gpu_alloc=476.3MiB gpu_reserved=3472.0MiB skipped_batches=0
2026-08-16 14:41:49,739 | INFO | epoch=23 batch=2900 global_step=8044 loss_reg_months=3.1465 lr=0.00006139 grad_norm=1.5870 throughput=17.06 img/s eta_seconds=59.3 gpu_alloc=476.3MiB gpu_reserved=3472.0MiB skipped_batches=0
2026-08-16 14:41:55,506 | INFO | epoch=23 batch=2925 global_step=8047 loss_reg_months=3.1483 lr=0.00006139 grad_norm=1.9938 throughput=17.06 img/s eta_seconds=53.4 gpu_alloc=367.7MiB gpu_reserved=3472.0MiB skipped_batches=0
2026-08-16 14:42:01,235 | INFO | epoch=23 batch=2950 global_step=8049 loss_reg_months=3.1425 lr=0.00006139 grad_norm=1.5408 throughput=17.07 img/s eta_seconds=47.5 gpu_alloc=476.3MiB gpu_reserved=3472.0MiB skipped_batches=0
2026-08-16 14:42:07,013 | INFO | epoch=23 batch=2975 global_step=8052 loss_reg_months=3.1432 lr=0.00006139 grad_norm=1.2896 throughput=17.07 img/s eta_seconds=41.7 gpu_alloc=476.3MiB gpu_reserved=3472.0MiB skipped_batches=0
2026-08-16 14:42:12,949 | INFO | epoch=23 batch=3000 global_step=8055 loss_reg_months=3.1454 lr=0.00006139 grad_norm=1.5375 throughput=17.07 img/s eta_seconds=35.8 gpu_alloc=476.3MiB gpu_reserved=3472.0MiB skipped_batches=0
2026-08-16 14:42:18,725 | INFO | epoch=23 batch=3025 global_step=8058 loss_reg_months=3.1439 lr=0.00006139 grad_norm=1.2535 throughput=17.07 img/s eta_seconds=29.9 gpu_alloc=476.3MiB gpu_reserved=3472.0MiB skipped_batches=0
2026-08-16 14:42:24,471 | INFO | epoch=23 batch=3050 global_step=8060 loss_reg_months=3.1514 lr=0.00006139 grad_norm=1.3592 throughput=17.07 img/s eta_seconds=24.1 gpu_alloc=476.3MiB gpu_reserved=3472.0MiB skipped_batches=0
2026-08-16 14:42:30,255 | INFO | epoch=23 batch=3075 global_step=8063 loss_reg_months=3.1548 lr=0.00006139 grad_norm=1.1984 throughput=17.07 img/s eta_seconds=18.2 gpu_alloc=476.3MiB gpu_reserved=3472.0MiB skipped_batches=0
2026-08-16 14:42:36,022 | INFO | epoch=23 batch=3100 global_step=8066 loss_reg_months=3.1532 lr=0.00006139 grad_norm=1.7900 throughput=17.07 img/s eta_seconds=12.4 gpu_alloc=476.3MiB gpu_reserved=3472.0MiB skipped_batches=0
2026-08-16 14:42:41,793 | INFO | epoch=23 batch=3125 global_step=8069 loss_reg_months=3.1476 lr=0.00006139 grad_norm=1.2322 throughput=17.08 img/s eta_seconds=6.5 gpu_alloc=476.3MiB gpu_reserved=3472.0MiB skipped_batches=0
2026-08-16 14:42:47,568 | INFO | epoch=23 batch=3150 global_step=8072 loss_reg_months=3.1457 lr=0.00006139 grad_norm=1.5363 throughput=17.08 img/s eta_seconds=0.6 gpu_alloc=367.7MiB gpu_reserved=3472.0MiB skipped_batches=0
2026-08-16 14:43:31,311 | WARNING | STABILITY WARNING [CAM] Prediction vượt nhẹ miền tuổi 0–228: [4.81, 237.00]
2026-08-16 14:43:31,313 | WARNING | STABILITY WARNING [CAM] Validation MAE xấu đi trong khi train loss giảm
2026-08-16 14:43:31,313 | INFO | 
TRAINING REVIEW SNAPSHOT
Run ID / config hash / split hash: P6_D0_CONVNEXT_TINY_768_SEED42 / 0e80cf6f780f / 7328667e6822+f650a20432b5
Epoch / global step: 23 / 8073
Train loss: 3.1440
Validation MAE / RMSE / median AE: 6.4188 / 8.5933 / 5.0000
MAE nam / nữ / age bins: {'F': 6.878834355828221, 'M': 6.030724450194049} / {'0-59': 6.377659574468085, '120-179': 6.292954264524104, '60-119': 6.965101522842639, '180-228': 5.5625}
Learning rate / peak VRAM: 0.00006139 / 3472.0 MiB
Best epoch / best MAE / epochs không cải thiện: 19 / 6.1942 / 4
Cảnh báo hiện tại: CAM: Prediction vượt nhẹ miền tuổi 0–228: [4.81, 237.00] | CAM: Validation MAE xấu đi trong khi train loss giảm
Checkpoint gần nhất: p1_baseline\runs\P6_D0_CONVNEXT_TINY_768_SEED42\last.ckpt
Checkpoint tốt nhất: p1_baseline\runs\P6_D0_CONVNEXT_TINY_768_SEED42\best_mae.ckpt
Đề xuất tự động: THEO DÕI
2026-08-16 14:43:44,820 | INFO | epoch=24 batch=25 global_step=8075 loss_reg_months=3.5292 lr=0.00005335 grad_norm=1.3914 throughput=7.85 img/s eta_seconds=1594.6 gpu_alloc=476.3MiB gpu_reserved=3472.0MiB skipped_batches=0
2026-08-16 14:43:50,568 | INFO | epoch=24 batch=50 global_step=8078 loss_reg_months=3.7373 lr=0.00005335 grad_norm=1.3837 throughput=10.81 img/s eta_seconds=1147.6 gpu_alloc=476.3MiB gpu_reserved=3472.0MiB skipped_batches=0
2026-08-16 14:43:56,318 | INFO | epoch=24 batch=75 global_step=8081 loss_reg_months=3.2632 lr=0.00005335 grad_norm=1.1555 throughput=12.37 img/s eta_seconds=994.9 gpu_alloc=476.3MiB gpu_reserved=3472.0MiB skipped_batches=0
2026-08-16 14:44:02,068 | INFO | epoch=24 batch=100 global_step=8084 loss_reg_months=3.2017 lr=0.00005335 grad_norm=1.3948 throughput=13.34 img/s eta_seconds=915.6 gpu_alloc=476.3MiB gpu_reserved=3472.0MiB skipped_batches=0
2026-08-16 14:44:07,789 | INFO | epoch=24 batch=125 global_step=8086 loss_reg_months=3.2584 lr=0.00005335 grad_norm=1.6700 throughput=14.00 img/s eta_seconds=865.1 gpu_alloc=476.3MiB gpu_reserved=3472.0MiB skipped_batches=0
2026-08-16 14:44:13,547 | INFO | epoch=24 batch=150 global_step=8089 loss_reg_months=3.1844 lr=0.00005335 grad_norm=1.1484 throughput=14.47 img/s eta_seconds=830.2 gpu_alloc=476.3MiB gpu_reserved=3472.0MiB skipped_batches=0
2026-08-16 14:44:19,297 | INFO | epoch=24 batch=175 global_step=8092 loss_reg_months=3.1800 lr=0.00005335 grad_norm=1.1496 throughput=14.82 img/s eta_seconds=803.5 gpu_alloc=476.3MiB gpu_reserved=3472.0MiB skipped_batches=0
2026-08-16 14:44:25,055 | INFO | epoch=24 batch=200 global_step=8095 loss_reg_months=3.1018 lr=0.00005335 grad_norm=0.9140 throughput=15.10 img/s eta_seconds=782.2 gpu_alloc=476.3MiB gpu_reserved=3472.0MiB skipped_batches=0
2026-08-16 14:44:30,817 | INFO | epoch=24 batch=225 global_step=8098 loss_reg_months=3.0931 lr=0.00005335 grad_norm=1.3539 throughput=15.32 img/s eta_seconds=764.4 gpu_alloc=367.7MiB gpu_reserved=3472.0MiB skipped_batches=0
2026-08-16 14:44:36,546 | INFO | epoch=24 batch=250 global_step=8100 loss_reg_months=3.0455 lr=0.00005335 grad_norm=1.4908 throughput=15.51 img/s eta_seconds=748.6 gpu_alloc=476.3MiB gpu_reserved=3472.0MiB skipped_batches=0
2026-08-16 14:44:42,312 | INFO | epoch=24 batch=275 global_step=8103 loss_reg_months=3.0007 lr=0.00005335 grad_norm=1.1180 throughput=15.66 img/s eta_seconds=735.0 gpu_alloc=476.3MiB gpu_reserved=3472.0MiB skipped_batches=0
2026-08-16 14:44:48,073 | INFO | epoch=24 batch=300 global_step=8106 loss_reg_months=3.0507 lr=0.00005335 grad_norm=1.1621 throughput=15.79 img/s eta_seconds=722.7 gpu_alloc=476.3MiB gpu_reserved=3472.0MiB skipped_batches=0
2026-08-16 14:44:53,830 | INFO | epoch=24 batch=325 global_step=8109 loss_reg_months=3.0690 lr=0.00005335 grad_norm=1.3548 throughput=15.90 img/s eta_seconds=711.3 gpu_alloc=476.3MiB gpu_reserved=3472.0MiB skipped_batches=0
2026-08-16 14:44:59,585 | INFO | epoch=24 batch=350 global_step=8111 loss_reg_months=3.0340 lr=0.00005335 grad_norm=1.3138 throughput=16.00 img/s eta_seconds=700.8 gpu_alloc=476.3MiB gpu_reserved=3472.0MiB skipped_batches=0
2026-08-16 14:45:05,341 | INFO | epoch=24 batch=375 global_step=8114 loss_reg_months=3.0237 lr=0.00005335 grad_norm=1.2398 throughput=16.08 img/s eta_seconds=690.9 gpu_alloc=476.3MiB gpu_reserved=3472.0MiB skipped_batches=0
2026-08-16 14:45:11,105 | INFO | epoch=24 batch=400 global_step=8117 loss_reg_months=3.0283 lr=0.00005335 grad_norm=1.0266 throughput=16.16 img/s eta_seconds=681.5 gpu_alloc=476.3MiB gpu_reserved=3472.0MiB skipped_batches=0
2026-08-16 14:45:16,861 | INFO | epoch=24 batch=425 global_step=8120 loss_reg_months=3.0313 lr=0.00005335 grad_norm=1.2028 throughput=16.22 img/s eta_seconds=672.5 gpu_alloc=476.3MiB gpu_reserved=3472.0MiB skipped_batches=0
2026-08-16 14:45:22,618 | INFO | epoch=24 batch=450 global_step=8123 loss_reg_months=3.0273 lr=0.00005335 grad_norm=1.3319 throughput=16.28 img/s eta_seconds=663.9 gpu_alloc=367.7MiB gpu_reserved=3472.0MiB skipped_batches=0
2026-08-16 14:45:28,355 | INFO | epoch=24 batch=475 global_step=8125 loss_reg_months=2.9944 lr=0.00005335 grad_norm=1.7815 throughput=16.34 img/s eta_seconds=655.5 gpu_alloc=476.3MiB gpu_reserved=3472.0MiB skipped_batches=0
2026-08-16 14:45:34,123 | INFO | epoch=24 batch=500 global_step=8128 loss_reg_months=2.9952 lr=0.00005335 grad_norm=0.9459 throughput=16.39 img/s eta_seconds=647.5 gpu_alloc=476.3MiB gpu_reserved=3472.0MiB skipped_batches=0
2026-08-16 14:45:39,873 | INFO | epoch=24 batch=525 global_step=8131 loss_reg_months=2.9980 lr=0.00005335 grad_norm=1.3657 throughput=16.43 img/s eta_seconds=639.7 gpu_alloc=476.3MiB gpu_reserved=3472.0MiB skipped_batches=0
2026-08-16 14:45:45,634 | INFO | epoch=24 batch=550 global_step=8134 loss_reg_months=2.9810 lr=0.00005335 grad_norm=1.5872 throughput=16.47 img/s eta_seconds=632.0 gpu_alloc=476.3MiB gpu_reserved=3472.0MiB skipped_batches=0
2026-08-16 14:45:51,363 | INFO | epoch=24 batch=575 global_step=8136 loss_reg_months=2.9946 lr=0.00005335 grad_norm=1.0382 throughput=16.51 img/s eta_seconds=624.4 gpu_alloc=476.3MiB gpu_reserved=3472.0MiB skipped_batches=0
2026-08-16 14:45:57,120 | INFO | epoch=24 batch=600 global_step=8139 loss_reg_months=2.9943 lr=0.00005335 grad_norm=1.8229 throughput=16.55 img/s eta_seconds=617.1 gpu_alloc=476.3MiB gpu_reserved=3472.0MiB skipped_batches=0
2026-08-16 14:46:02,876 | INFO | epoch=24 batch=625 global_step=8142 loss_reg_months=2.9936 lr=0.00005335 grad_norm=1.2906 throughput=16.58 img/s eta_seconds=609.9 gpu_alloc=476.3MiB gpu_reserved=3472.0MiB skipped_batches=0
2026-08-16 14:46:08,649 | INFO | epoch=24 batch=650 global_step=8145 loss_reg_months=2.9705 lr=0.00005335 grad_norm=1.0861 throughput=16.61 img/s eta_seconds=602.9 gpu_alloc=476.3MiB gpu_reserved=3472.0MiB skipped_batches=0
2026-08-16 14:46:14,512 | INFO | epoch=24 batch=675 global_step=8148 loss_reg_months=2.9723 lr=0.00005335 grad_norm=1.4737 throughput=16.62 img/s eta_seconds=596.3 gpu_alloc=367.7MiB gpu_reserved=3472.0MiB skipped_batches=0
2026-08-16 14:46:20,267 | INFO | epoch=24 batch=700 global_step=8150 loss_reg_months=2.9816 lr=0.00005335 grad_norm=1.1879 throughput=16.65 img/s eta_seconds=589.3 gpu_alloc=476.3MiB gpu_reserved=3472.0MiB skipped_batches=0
2026-08-16 14:46:26,033 | INFO | epoch=24 batch=725 global_step=8153 loss_reg_months=2.9778 lr=0.00005335 grad_norm=1.3323 throughput=16.67 img/s eta_seconds=582.5 gpu_alloc=476.3MiB gpu_reserved=3472.0MiB skipped_batches=0
2026-08-16 14:46:31,982 | INFO | epoch=24 batch=750 global_step=8156 loss_reg_months=2.9734 lr=0.00005335 grad_norm=1.4169 throughput=16.68 img/s eta_seconds=576.4 gpu_alloc=476.3MiB gpu_reserved=3472.0MiB skipped_batches=0
2026-08-16 14:46:37,880 | INFO | epoch=24 batch=775 global_step=8159 loss_reg_months=2.9742 lr=0.00005335 grad_norm=1.3390 throughput=16.68 img/s eta_seconds=570.1 gpu_alloc=476.3MiB gpu_reserved=3472.0MiB skipped_batches=0
2026-08-16 14:46:43,666 | INFO | epoch=24 batch=800 global_step=8161 loss_reg_months=2.9782 lr=0.00005335 grad_norm=2.1265 throughput=16.70 img/s eta_seconds=563.5 gpu_alloc=476.3MiB gpu_reserved=3472.0MiB skipped_batches=0
2026-08-16 14:46:49,552 | INFO | epoch=24 batch=825 global_step=8164 loss_reg_months=2.9719 lr=0.00005335 grad_norm=1.3404 throughput=16.71 img/s eta_seconds=557.2 gpu_alloc=476.3MiB gpu_reserved=3472.0MiB skipped_batches=0
2026-08-16 14:46:55,312 | INFO | epoch=24 batch=850 global_step=8167 loss_reg_months=2.9687 lr=0.00005335 grad_norm=1.3056 throughput=16.73 img/s eta_seconds=550.6 gpu_alloc=476.3MiB gpu_reserved=3472.0MiB skipped_batches=0
2026-08-16 14:47:01,087 | INFO | epoch=24 batch=875 global_step=8170 loss_reg_months=2.9679 lr=0.00005335 grad_norm=1.3017 throughput=16.75 img/s eta_seconds=544.1 gpu_alloc=476.3MiB gpu_reserved=3472.0MiB skipped_batches=0
2026-08-16 14:47:06,856 | INFO | epoch=24 batch=900 global_step=8173 loss_reg_months=2.9583 lr=0.00005335 grad_norm=1.2736 throughput=16.76 img/s eta_seconds=537.6 gpu_alloc=367.7MiB gpu_reserved=3472.0MiB skipped_batches=0
2026-08-16 14:47:12,601 | INFO | epoch=24 batch=925 global_step=8175 loss_reg_months=2.9523 lr=0.00005335 grad_norm=1.7747 throughput=16.78 img/s eta_seconds=531.1 gpu_alloc=476.3MiB gpu_reserved=3472.0MiB skipped_batches=0
2026-08-16 14:47:18,360 | INFO | epoch=24 batch=950 global_step=8178 loss_reg_months=2.9561 lr=0.00005335 grad_norm=1.3667 throughput=16.79 img/s eta_seconds=524.7 gpu_alloc=476.3MiB gpu_reserved=3472.0MiB skipped_batches=0
2026-08-16 14:47:24,132 | INFO | epoch=24 batch=975 global_step=8181 loss_reg_months=2.9666 lr=0.00005335 grad_norm=1.2248 throughput=16.81 img/s eta_seconds=518.3 gpu_alloc=476.3MiB gpu_reserved=3472.0MiB skipped_batches=0
2026-08-16 14:47:29,897 | INFO | epoch=24 batch=1000 global_step=8184 loss_reg_months=2.9727 lr=0.00005335 grad_norm=1.8506 throughput=16.82 img/s eta_seconds=512.0 gpu_alloc=476.3MiB gpu_reserved=3472.0MiB skipped_batches=0
2026-08-16 14:47:35,638 | INFO | epoch=24 batch=1025 global_step=8186 loss_reg_months=2.9895 lr=0.00005335 grad_norm=1.5725 throughput=16.83 img/s eta_seconds=505.6 gpu_alloc=476.3MiB gpu_reserved=3472.0MiB skipped_batches=0
2026-08-16 14:47:41,403 | INFO | epoch=24 batch=1050 global_step=8189 loss_reg_months=3.0012 lr=0.00005335 grad_norm=1.2580 throughput=16.85 img/s eta_seconds=499.3 gpu_alloc=476.3MiB gpu_reserved=3472.0MiB skipped_batches=0
2026-08-16 14:47:47,174 | INFO | epoch=24 batch=1075 global_step=8192 loss_reg_months=3.0004 lr=0.00005335 grad_norm=1.4298 throughput=16.86 img/s eta_seconds=493.1 gpu_alloc=476.3MiB gpu_reserved=3472.0MiB skipped_batches=0
2026-08-16 14:47:52,957 | INFO | epoch=24 batch=1100 global_step=8195 loss_reg_months=3.0074 lr=0.00005335 grad_norm=1.2526 throughput=16.87 img/s eta_seconds=486.8 gpu_alloc=476.3MiB gpu_reserved=3472.0MiB skipped_batches=0
2026-08-16 14:47:58,727 | INFO | epoch=24 batch=1125 global_step=8198 loss_reg_months=3.0171 lr=0.00005335 grad_norm=1.3553 throughput=16.88 img/s eta_seconds=480.6 gpu_alloc=367.7MiB gpu_reserved=3472.0MiB skipped_batches=0
2026-08-16 14:48:04,468 | INFO | epoch=24 batch=1150 global_step=8200 loss_reg_months=2.9975 lr=0.00005335 grad_norm=1.1703 throughput=16.89 img/s eta_seconds=474.4 gpu_alloc=476.3MiB gpu_reserved=3472.0MiB skipped_batches=0
2026-08-16 14:48:10,245 | INFO | epoch=24 batch=1175 global_step=8203 loss_reg_months=2.9881 lr=0.00005335 grad_norm=1.5853 throughput=16.90 img/s eta_seconds=468.2 gpu_alloc=476.3MiB gpu_reserved=3472.0MiB skipped_batches=0
2026-08-16 14:48:16,004 | INFO | epoch=24 batch=1200 global_step=8206 loss_reg_months=2.9820 lr=0.00005335 grad_norm=1.2765 throughput=16.91 img/s eta_seconds=462.0 gpu_alloc=476.3MiB gpu_reserved=3472.0MiB skipped_batches=0
2026-08-16 14:48:21,767 | INFO | epoch=24 batch=1225 global_step=8209 loss_reg_months=2.9802 lr=0.00005335 grad_norm=1.0415 throughput=16.91 img/s eta_seconds=455.9 gpu_alloc=476.3MiB gpu_reserved=3472.0MiB skipped_batches=0
2026-08-16 14:48:27,510 | INFO | epoch=24 batch=1250 global_step=8211 loss_reg_months=2.9729 lr=0.00005335 grad_norm=1.6334 throughput=16.92 img/s eta_seconds=449.7 gpu_alloc=476.3MiB gpu_reserved=3472.0MiB skipped_batches=0
2026-08-16 14:48:33,272 | INFO | epoch=24 batch=1275 global_step=8214 loss_reg_months=2.9697 lr=0.00005335 grad_norm=1.6471 throughput=16.93 img/s eta_seconds=443.6 gpu_alloc=476.3MiB gpu_reserved=3472.0MiB skipped_batches=0
2026-08-16 14:48:39,035 | INFO | epoch=24 batch=1300 global_step=8217 loss_reg_months=2.9671 lr=0.00005335 grad_norm=1.1210 throughput=16.94 img/s eta_seconds=437.5 gpu_alloc=476.3MiB gpu_reserved=3472.0MiB skipped_batches=0
2026-08-16 14:48:44,794 | INFO | epoch=24 batch=1325 global_step=8220 loss_reg_months=2.9703 lr=0.00005335 grad_norm=1.7738 throughput=16.95 img/s eta_seconds=431.4 gpu_alloc=476.3MiB gpu_reserved=3472.0MiB skipped_batches=0
2026-08-16 14:48:50,563 | INFO | epoch=24 batch=1350 global_step=8223 loss_reg_months=2.9772 lr=0.00005335 grad_norm=1.5008 throughput=16.96 img/s eta_seconds=425.3 gpu_alloc=367.7MiB gpu_reserved=3472.0MiB skipped_batches=0
2026-08-16 14:48:56,298 | INFO | epoch=24 batch=1375 global_step=8225 loss_reg_months=2.9850 lr=0.00005335 grad_norm=1.5171 throughput=16.96 img/s eta_seconds=419.2 gpu_alloc=476.3MiB gpu_reserved=3472.0MiB skipped_batches=0
2026-08-16 14:49:02,059 | INFO | epoch=24 batch=1400 global_step=8228 loss_reg_months=2.9777 lr=0.00005335 grad_norm=1.2157 throughput=16.97 img/s eta_seconds=413.1 gpu_alloc=476.3MiB gpu_reserved=3472.0MiB skipped_batches=0
2026-08-16 14:49:07,816 | INFO | epoch=24 batch=1425 global_step=8231 loss_reg_months=2.9709 lr=0.00005335 grad_norm=1.3373 throughput=16.98 img/s eta_seconds=407.1 gpu_alloc=476.3MiB gpu_reserved=3472.0MiB skipped_batches=0
2026-08-16 14:49:13,579 | INFO | epoch=24 batch=1450 global_step=8234 loss_reg_months=2.9717 lr=0.00005335 grad_norm=1.2895 throughput=16.98 img/s eta_seconds=401.0 gpu_alloc=476.3MiB gpu_reserved=3472.0MiB skipped_batches=0
2026-08-16 14:49:19,313 | INFO | epoch=24 batch=1475 global_step=8236 loss_reg_months=2.9841 lr=0.00005335 grad_norm=2.3578 throughput=16.99 img/s eta_seconds=395.0 gpu_alloc=476.3MiB gpu_reserved=3472.0MiB skipped_batches=0
2026-08-16 14:49:25,071 | INFO | epoch=24 batch=1500 global_step=8239 loss_reg_months=2.9808 lr=0.00005335 grad_norm=1.4908 throughput=17.00 img/s eta_seconds=388.9 gpu_alloc=476.3MiB gpu_reserved=3472.0MiB skipped_batches=0
2026-08-16 14:49:30,831 | INFO | epoch=24 batch=1525 global_step=8242 loss_reg_months=2.9807 lr=0.00005335 grad_norm=1.4288 throughput=17.00 img/s eta_seconds=382.9 gpu_alloc=476.3MiB gpu_reserved=3472.0MiB skipped_batches=0
2026-08-16 14:49:36,593 | INFO | epoch=24 batch=1550 global_step=8245 loss_reg_months=2.9760 lr=0.00005335 grad_norm=1.2232 throughput=17.01 img/s eta_seconds=376.9 gpu_alloc=476.3MiB gpu_reserved=3472.0MiB skipped_batches=0
2026-08-16 14:49:42,362 | INFO | epoch=24 batch=1575 global_step=8248 loss_reg_months=2.9788 lr=0.00005335 grad_norm=1.4846 throughput=17.01 img/s eta_seconds=370.9 gpu_alloc=367.7MiB gpu_reserved=3472.0MiB skipped_batches=0
2026-08-16 14:49:48,092 | INFO | epoch=24 batch=1600 global_step=8250 loss_reg_months=3.0045 lr=0.00005335 grad_norm=1.6479 throughput=17.02 img/s eta_seconds=364.9 gpu_alloc=476.3MiB gpu_reserved=3472.0MiB skipped_batches=0
2026-08-16 14:49:53,855 | INFO | epoch=24 batch=1625 global_step=8253 loss_reg_months=2.9995 lr=0.00005335 grad_norm=1.2500 throughput=17.03 img/s eta_seconds=358.9 gpu_alloc=476.3MiB gpu_reserved=3472.0MiB skipped_batches=0
2026-08-16 14:49:59,624 | INFO | epoch=24 batch=1650 global_step=8256 loss_reg_months=3.0005 lr=0.00005335 grad_norm=1.8170 throughput=17.03 img/s eta_seconds=353.0 gpu_alloc=476.3MiB gpu_reserved=3472.0MiB skipped_batches=0
2026-08-16 14:50:05,389 | INFO | epoch=24 batch=1675 global_step=8259 loss_reg_months=2.9887 lr=0.00005335 grad_norm=1.6507 throughput=17.03 img/s eta_seconds=347.0 gpu_alloc=476.3MiB gpu_reserved=3472.0MiB skipped_batches=0
2026-08-16 14:50:11,120 | INFO | epoch=24 batch=1700 global_step=8261 loss_reg_months=2.9914 lr=0.00005335 grad_norm=1.7794 throughput=17.04 img/s eta_seconds=341.0 gpu_alloc=476.3MiB gpu_reserved=3472.0MiB skipped_batches=0
2026-08-16 14:50:16,881 | INFO | epoch=24 batch=1725 global_step=8264 loss_reg_months=2.9897 lr=0.00005335 grad_norm=1.8349 throughput=17.05 img/s eta_seconds=335.1 gpu_alloc=476.3MiB gpu_reserved=3472.0MiB skipped_batches=0
2026-08-16 14:50:22,650 | INFO | epoch=24 batch=1750 global_step=8267 loss_reg_months=2.9951 lr=0.00005335 grad_norm=1.7085 throughput=17.05 img/s eta_seconds=329.1 gpu_alloc=476.3MiB gpu_reserved=3472.0MiB skipped_batches=0
2026-08-16 14:50:28,405 | INFO | epoch=24 batch=1775 global_step=8270 loss_reg_months=3.0071 lr=0.00005335 grad_norm=1.5603 throughput=17.05 img/s eta_seconds=323.2 gpu_alloc=476.3MiB gpu_reserved=3472.0MiB skipped_batches=0
2026-08-16 14:50:34,164 | INFO | epoch=24 batch=1800 global_step=8273 loss_reg_months=3.0103 lr=0.00005335 grad_norm=1.4214 throughput=17.06 img/s eta_seconds=317.2 gpu_alloc=367.7MiB gpu_reserved=3472.0MiB skipped_batches=0
2026-08-16 14:50:39,916 | INFO | epoch=24 batch=1825 global_step=8275 loss_reg_months=3.0121 lr=0.00005335 grad_norm=1.5084 throughput=17.06 img/s eta_seconds=311.3 gpu_alloc=476.3MiB gpu_reserved=3472.0MiB skipped_batches=0
2026-08-16 14:50:45,684 | INFO | epoch=24 batch=1850 global_step=8278 loss_reg_months=3.0148 lr=0.00005335 grad_norm=1.5564 throughput=17.07 img/s eta_seconds=305.3 gpu_alloc=476.3MiB gpu_reserved=3472.0MiB skipped_batches=0
2026-08-16 14:50:51,459 | INFO | epoch=24 batch=1875 global_step=8281 loss_reg_months=3.0246 lr=0.00005335 grad_norm=1.6072 throughput=17.07 img/s eta_seconds=299.4 gpu_alloc=476.3MiB gpu_reserved=3472.0MiB skipped_batches=0
2026-08-16 14:50:57,222 | INFO | epoch=24 batch=1900 global_step=8284 loss_reg_months=3.0210 lr=0.00005335 grad_norm=1.6463 throughput=17.07 img/s eta_seconds=293.5 gpu_alloc=476.3MiB gpu_reserved=3472.0MiB skipped_batches=0
2026-08-16 14:51:02,964 | INFO | epoch=24 batch=1925 global_step=8286 loss_reg_months=3.0161 lr=0.00005335 grad_norm=1.3749 throughput=17.08 img/s eta_seconds=287.6 gpu_alloc=476.3MiB gpu_reserved=3472.0MiB skipped_batches=0
2026-08-16 14:51:08,729 | INFO | epoch=24 batch=1950 global_step=8289 loss_reg_months=3.0204 lr=0.00005335 grad_norm=1.4981 throughput=17.08 img/s eta_seconds=281.7 gpu_alloc=476.3MiB gpu_reserved=3472.0MiB skipped_batches=0
2026-08-16 14:51:14,497 | INFO | epoch=24 batch=1975 global_step=8292 loss_reg_months=3.0209 lr=0.00005335 grad_norm=1.4474 throughput=17.08 img/s eta_seconds=275.8 gpu_alloc=476.3MiB gpu_reserved=3472.0MiB skipped_batches=0
2026-08-16 14:51:20,269 | INFO | epoch=24 batch=2000 global_step=8295 loss_reg_months=3.0214 lr=0.00005335 grad_norm=1.4569 throughput=17.09 img/s eta_seconds=269.9 gpu_alloc=476.3MiB gpu_reserved=3472.0MiB skipped_batches=0
2026-08-16 14:51:26,031 | INFO | epoch=24 batch=2025 global_step=8298 loss_reg_months=3.0192 lr=0.00005335 grad_norm=1.1694 throughput=17.09 img/s eta_seconds=264.0 gpu_alloc=367.7MiB gpu_reserved=3472.0MiB skipped_batches=0
2026-08-16 14:51:31,784 | INFO | epoch=24 batch=2050 global_step=8300 loss_reg_months=3.0193 lr=0.00005335 grad_norm=1.1983 throughput=17.09 img/s eta_seconds=258.0 gpu_alloc=476.3MiB gpu_reserved=3472.0MiB skipped_batches=0
2026-08-16 14:51:37,549 | INFO | epoch=24 batch=2075 global_step=8303 loss_reg_months=3.0148 lr=0.00005335 grad_norm=1.4642 throughput=17.10 img/s eta_seconds=252.2 gpu_alloc=476.3MiB gpu_reserved=3472.0MiB skipped_batches=0
2026-08-16 14:51:43,317 | INFO | epoch=24 batch=2100 global_step=8306 loss_reg_months=3.0105 lr=0.00005335 grad_norm=1.6402 throughput=17.10 img/s eta_seconds=246.3 gpu_alloc=476.3MiB gpu_reserved=3472.0MiB skipped_batches=0
2026-08-16 14:51:49,089 | INFO | epoch=24 batch=2125 global_step=8309 loss_reg_months=3.0090 lr=0.00005335 grad_norm=1.3834 throughput=17.10 img/s eta_seconds=240.4 gpu_alloc=476.3MiB gpu_reserved=3472.0MiB skipped_batches=0
2026-08-16 14:51:54,822 | INFO | epoch=24 batch=2150 global_step=8311 loss_reg_months=3.0059 lr=0.00005335 grad_norm=1.0719 throughput=17.11 img/s eta_seconds=234.5 gpu_alloc=476.3MiB gpu_reserved=3472.0MiB skipped_batches=0
2026-08-16 14:52:00,578 | INFO | epoch=24 batch=2175 global_step=8314 loss_reg_months=3.0093 lr=0.00005335 grad_norm=1.6300 throughput=17.11 img/s eta_seconds=228.6 gpu_alloc=476.3MiB gpu_reserved=3472.0MiB skipped_batches=0
2026-08-16 14:52:06,334 | INFO | epoch=24 batch=2200 global_step=8317 loss_reg_months=3.0103 lr=0.00005335 grad_norm=1.5072 throughput=17.11 img/s eta_seconds=222.7 gpu_alloc=476.3MiB gpu_reserved=3472.0MiB skipped_batches=0
2026-08-16 14:52:12,153 | INFO | epoch=24 batch=2225 global_step=8320 loss_reg_months=3.0026 lr=0.00005335 grad_norm=0.9874 throughput=17.11 img/s eta_seconds=216.9 gpu_alloc=476.3MiB gpu_reserved=3472.0MiB skipped_batches=0
2026-08-16 14:52:17,918 | INFO | epoch=24 batch=2250 global_step=8323 loss_reg_months=3.0149 lr=0.00005335 grad_norm=2.0214 throughput=17.12 img/s eta_seconds=211.0 gpu_alloc=367.7MiB gpu_reserved=3472.0MiB skipped_batches=0
2026-08-16 14:52:23,650 | INFO | epoch=24 batch=2275 global_step=8325 loss_reg_months=3.0135 lr=0.00005335 grad_norm=1.1238 throughput=17.12 img/s eta_seconds=205.1 gpu_alloc=476.3MiB gpu_reserved=3472.0MiB skipped_batches=0
2026-08-16 14:52:29,463 | INFO | epoch=24 batch=2300 global_step=8328 loss_reg_months=3.0096 lr=0.00005335 grad_norm=1.4683 throughput=17.12 img/s eta_seconds=199.2 gpu_alloc=476.3MiB gpu_reserved=3472.0MiB skipped_batches=0
2026-08-16 14:52:35,218 | INFO | epoch=24 batch=2325 global_step=8331 loss_reg_months=3.0122 lr=0.00005335 grad_norm=1.3133 throughput=17.12 img/s eta_seconds=193.4 gpu_alloc=476.3MiB gpu_reserved=3472.0MiB skipped_batches=0
2026-08-16 14:52:40,973 | INFO | epoch=24 batch=2350 global_step=8334 loss_reg_months=3.0085 lr=0.00005335 grad_norm=1.2079 throughput=17.13 img/s eta_seconds=187.5 gpu_alloc=476.3MiB gpu_reserved=3472.0MiB skipped_batches=0
2026-08-16 14:52:46,704 | INFO | epoch=24 batch=2375 global_step=8336 loss_reg_months=3.0119 lr=0.00005335 grad_norm=1.5310 throughput=17.13 img/s eta_seconds=181.6 gpu_alloc=476.3MiB gpu_reserved=3472.0MiB skipped_batches=0
2026-08-16 14:52:52,470 | INFO | epoch=24 batch=2400 global_step=8339 loss_reg_months=3.0113 lr=0.00005335 grad_norm=1.5974 throughput=17.13 img/s eta_seconds=175.8 gpu_alloc=476.3MiB gpu_reserved=3472.0MiB skipped_batches=0
2026-08-16 14:52:58,231 | INFO | epoch=24 batch=2425 global_step=8342 loss_reg_months=3.0109 lr=0.00005335 grad_norm=1.5288 throughput=17.13 img/s eta_seconds=169.9 gpu_alloc=476.3MiB gpu_reserved=3472.0MiB skipped_batches=0
2026-08-16 14:53:03,998 | INFO | epoch=24 batch=2450 global_step=8345 loss_reg_months=3.0131 lr=0.00005335 grad_norm=1.4344 throughput=17.14 img/s eta_seconds=164.0 gpu_alloc=476.3MiB gpu_reserved=3472.0MiB skipped_batches=0
2026-08-16 14:53:09,762 | INFO | epoch=24 batch=2475 global_step=8348 loss_reg_months=3.0183 lr=0.00005335 grad_norm=1.8517 throughput=17.14 img/s eta_seconds=158.2 gpu_alloc=367.7MiB gpu_reserved=3472.0MiB skipped_batches=0
2026-08-16 14:53:15,484 | INFO | epoch=24 batch=2500 global_step=8350 loss_reg_months=3.0150 lr=0.00005335 grad_norm=1.2736 throughput=17.14 img/s eta_seconds=152.3 gpu_alloc=476.3MiB gpu_reserved=3472.0MiB skipped_batches=0
2026-08-16 14:53:21,238 | INFO | epoch=24 batch=2525 global_step=8353 loss_reg_months=3.0153 lr=0.00005335 grad_norm=1.6168 throughput=17.14 img/s eta_seconds=146.5 gpu_alloc=476.3MiB gpu_reserved=3472.0MiB skipped_batches=0
2026-08-16 14:53:27,001 | INFO | epoch=24 batch=2550 global_step=8356 loss_reg_months=3.0145 lr=0.00005335 grad_norm=1.3825 throughput=17.14 img/s eta_seconds=140.6 gpu_alloc=476.3MiB gpu_reserved=3472.0MiB skipped_batches=0
2026-08-16 14:53:32,748 | INFO | epoch=24 batch=2575 global_step=8359 loss_reg_months=3.0085 lr=0.00005335 grad_norm=1.2677 throughput=17.15 img/s eta_seconds=134.8 gpu_alloc=476.3MiB gpu_reserved=3472.0MiB skipped_batches=0
2026-08-16 14:53:38,470 | INFO | epoch=24 batch=2600 global_step=8361 loss_reg_months=3.0034 lr=0.00005335 grad_norm=1.5916 throughput=17.15 img/s eta_seconds=128.9 gpu_alloc=476.3MiB gpu_reserved=3472.0MiB skipped_batches=0
2026-08-16 14:53:44,217 | INFO | epoch=24 batch=2625 global_step=8364 loss_reg_months=3.0086 lr=0.00005335 grad_norm=1.6432 throughput=17.15 img/s eta_seconds=123.1 gpu_alloc=476.3MiB gpu_reserved=3472.0MiB skipped_batches=0
2026-08-16 14:53:49,969 | INFO | epoch=24 batch=2650 global_step=8367 loss_reg_months=3.0032 lr=0.00005335 grad_norm=1.2246 throughput=17.16 img/s eta_seconds=117.2 gpu_alloc=476.3MiB gpu_reserved=3472.0MiB skipped_batches=0
2026-08-16 14:53:55,715 | INFO | epoch=24 batch=2675 global_step=8370 loss_reg_months=3.0013 lr=0.00005335 grad_norm=1.5321 throughput=17.16 img/s eta_seconds=111.4 gpu_alloc=476.3MiB gpu_reserved=3472.0MiB skipped_batches=0
2026-08-16 14:54:01,472 | INFO | epoch=24 batch=2700 global_step=8373 loss_reg_months=3.0039 lr=0.00005335 grad_norm=1.3069 throughput=17.16 img/s eta_seconds=105.5 gpu_alloc=367.7MiB gpu_reserved=3472.0MiB skipped_batches=0
2026-08-16 14:54:07,195 | INFO | epoch=24 batch=2725 global_step=8375 loss_reg_months=3.0048 lr=0.00005335 grad_norm=1.6289 throughput=17.16 img/s eta_seconds=99.7 gpu_alloc=476.3MiB gpu_reserved=3472.0MiB skipped_batches=0
2026-08-16 14:54:12,951 | INFO | epoch=24 batch=2750 global_step=8378 loss_reg_months=3.0062 lr=0.00005335 grad_norm=1.6582 throughput=17.16 img/s eta_seconds=93.9 gpu_alloc=476.3MiB gpu_reserved=3472.0MiB skipped_batches=0
2026-08-16 14:54:18,708 | INFO | epoch=24 batch=2775 global_step=8381 loss_reg_months=3.0099 lr=0.00005335 grad_norm=1.1716 throughput=17.17 img/s eta_seconds=88.0 gpu_alloc=476.3MiB gpu_reserved=3472.0MiB skipped_batches=0
2026-08-16 14:54:24,469 | INFO | epoch=24 batch=2800 global_step=8384 loss_reg_months=3.0147 lr=0.00005335 grad_norm=1.5148 throughput=17.17 img/s eta_seconds=82.2 gpu_alloc=476.3MiB gpu_reserved=3472.0MiB skipped_batches=0
2026-08-16 14:54:30,196 | INFO | epoch=24 batch=2825 global_step=8386 loss_reg_months=3.0070 lr=0.00005335 grad_norm=1.2397 throughput=17.17 img/s eta_seconds=76.4 gpu_alloc=476.3MiB gpu_reserved=3472.0MiB skipped_batches=0
2026-08-16 14:54:35,966 | INFO | epoch=24 batch=2850 global_step=8389 loss_reg_months=3.0037 lr=0.00005335 grad_norm=1.5528 throughput=17.17 img/s eta_seconds=70.5 gpu_alloc=476.3MiB gpu_reserved=3472.0MiB skipped_batches=0
2026-08-16 14:54:41,728 | INFO | epoch=24 batch=2875 global_step=8392 loss_reg_months=3.0045 lr=0.00005335 grad_norm=1.4800 throughput=17.17 img/s eta_seconds=64.7 gpu_alloc=476.3MiB gpu_reserved=3472.0MiB skipped_batches=0
2026-08-16 14:54:47,486 | INFO | epoch=24 batch=2900 global_step=8395 loss_reg_months=3.0061 lr=0.00005335 grad_norm=2.0605 throughput=17.17 img/s eta_seconds=58.9 gpu_alloc=476.3MiB gpu_reserved=3472.0MiB skipped_batches=0
2026-08-16 14:54:53,247 | INFO | epoch=24 batch=2925 global_step=8398 loss_reg_months=3.0044 lr=0.00005335 grad_norm=1.4812 throughput=17.18 img/s eta_seconds=53.0 gpu_alloc=367.7MiB gpu_reserved=3472.0MiB skipped_batches=0
2026-08-16 14:54:58,978 | INFO | epoch=24 batch=2950 global_step=8400 loss_reg_months=3.0095 lr=0.00005335 grad_norm=1.4203 throughput=17.18 img/s eta_seconds=47.2 gpu_alloc=476.3MiB gpu_reserved=3472.0MiB skipped_batches=0
2026-08-16 14:55:04,742 | INFO | epoch=24 batch=2975 global_step=8403 loss_reg_months=3.0133 lr=0.00005335 grad_norm=1.3807 throughput=17.18 img/s eta_seconds=41.4 gpu_alloc=476.3MiB gpu_reserved=3472.0MiB skipped_batches=0
2026-08-16 14:55:10,500 | INFO | epoch=24 batch=3000 global_step=8406 loss_reg_months=3.0134 lr=0.00005335 grad_norm=1.7715 throughput=17.18 img/s eta_seconds=35.6 gpu_alloc=476.3MiB gpu_reserved=3472.0MiB skipped_batches=0
2026-08-16 14:55:16,256 | INFO | epoch=24 batch=3025 global_step=8409 loss_reg_months=3.0133 lr=0.00005335 grad_norm=1.4985 throughput=17.18 img/s eta_seconds=29.7 gpu_alloc=476.3MiB gpu_reserved=3472.0MiB skipped_batches=0
2026-08-16 14:55:21,978 | INFO | epoch=24 batch=3050 global_step=8411 loss_reg_months=3.0148 lr=0.00005335 grad_norm=1.3771 throughput=17.19 img/s eta_seconds=23.9 gpu_alloc=476.3MiB gpu_reserved=3472.0MiB skipped_batches=0
2026-08-16 14:55:27,725 | INFO | epoch=24 batch=3075 global_step=8414 loss_reg_months=3.0156 lr=0.00005335 grad_norm=1.3249 throughput=17.19 img/s eta_seconds=18.1 gpu_alloc=476.3MiB gpu_reserved=3472.0MiB skipped_batches=0
2026-08-16 14:55:33,476 | INFO | epoch=24 batch=3100 global_step=8417 loss_reg_months=3.0146 lr=0.00005335 grad_norm=1.3704 throughput=17.19 img/s eta_seconds=12.3 gpu_alloc=476.3MiB gpu_reserved=3472.0MiB skipped_batches=0
2026-08-16 14:55:39,238 | INFO | epoch=24 batch=3125 global_step=8420 loss_reg_months=3.0135 lr=0.00005335 grad_norm=1.2631 throughput=17.19 img/s eta_seconds=6.5 gpu_alloc=476.3MiB gpu_reserved=3472.0MiB skipped_batches=0
2026-08-16 14:55:45,035 | INFO | epoch=24 batch=3150 global_step=8423 loss_reg_months=3.0111 lr=0.00005335 grad_norm=2.0560 throughput=17.19 img/s eta_seconds=0.6 gpu_alloc=367.7MiB gpu_reserved=3472.0MiB skipped_batches=0
2026-08-16 14:56:28,790 | WARNING | STABILITY WARNING [CAM] Prediction vượt nhẹ miền tuổi 0–228: [10.31, 234.00]
2026-08-16 14:56:31,728 | INFO | 
TRAINING REVIEW SNAPSHOT
Run ID / config hash / split hash: P6_D0_CONVNEXT_TINY_768_SEED42 / 0e80cf6f780f / 7328667e6822+f650a20432b5
Epoch / global step: 24 / 8424
Train loss: 3.0115
Validation MAE / RMSE / median AE: 6.1834 / 8.3743 / 4.5000
MAE nam / nữ / age bins: {'F': 6.5499424846625764, 'M': 5.8742723156532985} / {'0-59': 6.147606382978723, '120-179': 5.912237330037083, '60-119': 7.189086294416244, '180-228': 4.828125}
Learning rate / peak VRAM: 0.00005335 / 3472.0 MiB
Best epoch / best MAE / epochs không cải thiện: 24 / 6.1834 / 0
Cảnh báo hiện tại: CAM: Prediction vượt nhẹ miền tuổi 0–228: [10.31, 234.00]
Checkpoint gần nhất: p1_baseline\runs\P6_D0_CONVNEXT_TINY_768_SEED42\last.ckpt
Checkpoint tốt nhất: p1_baseline\runs\P6_D0_CONVNEXT_TINY_768_SEED42\best_mae.ckpt
Đề xuất tự động: THEO DÕI
2026-08-16 14:56:47,069 | INFO | epoch=25 batch=25 global_step=8426 loss_reg_months=2.7899 lr=0.00004569 grad_norm=1.4382 throughput=7.82 img/s eta_seconds=1600.7 gpu_alloc=476.3MiB gpu_reserved=3472.0MiB skipped_batches=0
2026-08-16 14:56:52,793 | INFO | epoch=25 batch=50 global_step=8429 loss_reg_months=2.9566 lr=0.00004569 grad_norm=1.5177 throughput=10.80 img/s eta_seconds=1149.1 gpu_alloc=476.3MiB gpu_reserved=3472.0MiB skipped_batches=0
2026-08-16 14:56:58,510 | INFO | epoch=25 batch=75 global_step=8432 loss_reg_months=3.0709 lr=0.00004569 grad_norm=1.4343 throughput=12.38 img/s eta_seconds=994.5 gpu_alloc=476.3MiB gpu_reserved=3472.0MiB skipped_batches=0
2026-08-16 14:57:04,243 | INFO | epoch=25 batch=100 global_step=8435 loss_reg_months=2.9339 lr=0.00004569 grad_norm=1.4234 throughput=13.35 img/s eta_seconds=914.8 gpu_alloc=476.3MiB gpu_reserved=3472.0MiB skipped_batches=0
2026-08-16 14:57:09,948 | INFO | epoch=25 batch=125 global_step=8437 loss_reg_months=3.0179 lr=0.00004569 grad_norm=1.5040 throughput=14.02 img/s eta_seconds=864.1 gpu_alloc=476.3MiB gpu_reserved=3472.0MiB skipped_batches=0
2026-08-16 14:57:15,679 | INFO | epoch=25 batch=150 global_step=8440 loss_reg_months=2.9130 lr=0.00004569 grad_norm=1.4604 throughput=14.49 img/s eta_seconds=828.8 gpu_alloc=476.3MiB gpu_reserved=3472.0MiB skipped_batches=0
2026-08-16 14:57:21,410 | INFO | epoch=25 batch=175 global_step=8443 loss_reg_months=3.0015 lr=0.00004569 grad_norm=1.3028 throughput=14.85 img/s eta_seconds=802.0 gpu_alloc=476.3MiB gpu_reserved=3472.0MiB skipped_batches=0
2026-08-16 14:57:27,166 | INFO | epoch=25 batch=200 global_step=8446 loss_reg_months=2.9688 lr=0.00004569 grad_norm=1.1855 throughput=15.13 img/s eta_seconds=780.9 gpu_alloc=476.3MiB gpu_reserved=3472.0MiB skipped_batches=0
2026-08-16 14:57:32,918 | INFO | epoch=25 batch=225 global_step=8449 loss_reg_months=2.9117 lr=0.00004569 grad_norm=1.5588 throughput=15.35 img/s eta_seconds=763.1 gpu_alloc=367.7MiB gpu_reserved=3472.0MiB skipped_batches=0
2026-08-16 14:57:38,630 | INFO | epoch=25 batch=250 global_step=8451 loss_reg_months=2.8947 lr=0.00004569 grad_norm=1.1678 throughput=15.54 img/s eta_seconds=747.2 gpu_alloc=476.3MiB gpu_reserved=3472.0MiB skipped_batches=0
2026-08-16 14:57:44,388 | INFO | epoch=25 batch=275 global_step=8454 loss_reg_months=2.8740 lr=0.00004569 grad_norm=1.6380 throughput=15.69 img/s eta_seconds=733.7 gpu_alloc=476.3MiB gpu_reserved=3472.0MiB skipped_batches=0
2026-08-16 14:57:50,132 | INFO | epoch=25 batch=300 global_step=8457 loss_reg_months=2.8493 lr=0.00004569 grad_norm=0.8428 throughput=15.82 img/s eta_seconds=721.3 gpu_alloc=476.3MiB gpu_reserved=3472.0MiB skipped_batches=0
2026-08-16 14:57:55,881 | INFO | epoch=25 batch=325 global_step=8460 loss_reg_months=2.8323 lr=0.00004569 grad_norm=1.2363 throughput=15.93 img/s eta_seconds=710.0 gpu_alloc=476.3MiB gpu_reserved=3472.0MiB skipped_batches=0
2026-08-16 14:58:01,596 | INFO | epoch=25 batch=350 global_step=8462 loss_reg_months=2.8898 lr=0.00004569 grad_norm=1.3464 throughput=16.03 img/s eta_seconds=699.3 gpu_alloc=476.3MiB gpu_reserved=3472.0MiB skipped_batches=0
2026-08-16 14:58:07,348 | INFO | epoch=25 batch=375 global_step=8465 loss_reg_months=2.8838 lr=0.00004569 grad_norm=1.3941 throughput=16.12 img/s eta_seconds=689.4 gpu_alloc=476.3MiB gpu_reserved=3472.0MiB skipped_batches=0
2026-08-16 14:58:13,090 | INFO | epoch=25 batch=400 global_step=8468 loss_reg_months=2.8879 lr=0.00004569 grad_norm=1.4586 throughput=16.19 img/s eta_seconds=680.0 gpu_alloc=476.3MiB gpu_reserved=3472.0MiB skipped_batches=0
2026-08-16 14:58:18,830 | INFO | epoch=25 batch=425 global_step=8471 loss_reg_months=2.9133 lr=0.00004569 grad_norm=1.4879 throughput=16.26 img/s eta_seconds=671.1 gpu_alloc=476.3MiB gpu_reserved=3472.0MiB skipped_batches=0
2026-08-16 14:58:24,582 | INFO | epoch=25 batch=450 global_step=8474 loss_reg_months=2.9174 lr=0.00004569 grad_norm=1.2811 throughput=16.32 img/s eta_seconds=662.5 gpu_alloc=367.7MiB gpu_reserved=3472.0MiB skipped_batches=0
2026-08-16 14:58:30,301 | INFO | epoch=25 batch=475 global_step=8476 loss_reg_months=2.9019 lr=0.00004569 grad_norm=1.5148 throughput=16.38 img/s eta_seconds=654.1 gpu_alloc=476.3MiB gpu_reserved=3472.0MiB skipped_batches=0
2026-08-16 14:58:36,059 | INFO | epoch=25 batch=500 global_step=8479 loss_reg_months=2.8956 lr=0.00004569 grad_norm=1.2171 throughput=16.42 img/s eta_seconds=646.1 gpu_alloc=476.3MiB gpu_reserved=3472.0MiB skipped_batches=0
2026-08-16 14:58:41,817 | INFO | epoch=25 batch=525 global_step=8482 loss_reg_months=2.8906 lr=0.00004569 grad_norm=1.2814 throughput=16.47 img/s eta_seconds=638.4 gpu_alloc=476.3MiB gpu_reserved=3472.0MiB skipped_batches=0
2026-08-16 14:58:47,568 | INFO | epoch=25 batch=550 global_step=8485 loss_reg_months=2.8873 lr=0.00004569 grad_norm=1.3265 throughput=16.51 img/s eta_seconds=630.8 gpu_alloc=476.3MiB gpu_reserved=3472.0MiB skipped_batches=0
2026-08-16 14:58:53,291 | INFO | epoch=25 batch=575 global_step=8487 loss_reg_months=2.8903 lr=0.00004569 grad_norm=1.2419 throughput=16.54 img/s eta_seconds=623.2 gpu_alloc=476.3MiB gpu_reserved=3472.0MiB skipped_batches=0
2026-08-16 14:58:59,050 | INFO | epoch=25 batch=600 global_step=8490 loss_reg_months=2.8793 lr=0.00004569 grad_norm=1.3544 throughput=16.58 img/s eta_seconds=616.0 gpu_alloc=476.3MiB gpu_reserved=3472.0MiB skipped_batches=0
2026-08-16 14:59:04,798 | INFO | epoch=25 batch=625 global_step=8493 loss_reg_months=2.8801 lr=0.00004569 grad_norm=1.3845 throughput=16.61 img/s eta_seconds=608.8 gpu_alloc=476.3MiB gpu_reserved=3472.0MiB skipped_batches=0
2026-08-16 14:59:10,540 | INFO | epoch=25 batch=650 global_step=8496 loss_reg_months=2.8638 lr=0.00004569 grad_norm=1.5354 throughput=16.64 img/s eta_seconds=601.7 gpu_alloc=476.3MiB gpu_reserved=3472.0MiB skipped_batches=0
2026-08-16 14:59:16,301 | INFO | epoch=25 batch=675 global_step=8499 loss_reg_months=2.8461 lr=0.00004569 grad_norm=1.3726 throughput=16.66 img/s eta_seconds=594.8 gpu_alloc=367.7MiB gpu_reserved=3472.0MiB skipped_batches=0
2026-08-16 14:59:23,139 | INFO | epoch=25 batch=700 global_step=8501 loss_reg_months=2.8327 lr=0.00004569 grad_norm=1.2074 throughput=16.58 img/s eta_seconds=591.7 gpu_alloc=476.3MiB gpu_reserved=3472.0MiB skipped_batches=0
2026-08-16 14:59:28,950 | INFO | epoch=25 batch=725 global_step=8504 loss_reg_months=2.8486 lr=0.00004569 grad_norm=1.4222 throughput=16.60 img/s eta_seconds=584.9 gpu_alloc=476.3MiB gpu_reserved=3472.0MiB skipped_batches=0
2026-08-16 14:59:34,709 | INFO | epoch=25 batch=750 global_step=8507 loss_reg_months=2.8502 lr=0.00004569 grad_norm=2.0910 throughput=16.63 img/s eta_seconds=578.0 gpu_alloc=476.3MiB gpu_reserved=3472.0MiB skipped_batches=0
2026-08-16 14:59:40,469 | INFO | epoch=25 batch=775 global_step=8510 loss_reg_months=2.8332 lr=0.00004569 grad_norm=1.2127 throughput=16.65 img/s eta_seconds=571.3 gpu_alloc=476.3MiB gpu_reserved=3472.0MiB skipped_batches=0
2026-08-16 14:59:46,186 | INFO | epoch=25 batch=800 global_step=8512 loss_reg_months=2.8282 lr=0.00004569 grad_norm=1.5079 throughput=16.67 img/s eta_seconds=564.4 gpu_alloc=476.3MiB gpu_reserved=3472.0MiB skipped_batches=0
2026-08-16 14:59:51,946 | INFO | epoch=25 batch=825 global_step=8515 loss_reg_months=2.8336 lr=0.00004569 grad_norm=1.8240 throughput=16.69 img/s eta_seconds=557.7 gpu_alloc=476.3MiB gpu_reserved=3472.0MiB skipped_batches=0
2026-08-16 14:59:57,702 | INFO | epoch=25 batch=850 global_step=8518 loss_reg_months=2.8368 lr=0.00004569 grad_norm=1.2234 throughput=16.71 img/s eta_seconds=551.1 gpu_alloc=476.3MiB gpu_reserved=3472.0MiB skipped_batches=0
2026-08-16 15:00:03,449 | INFO | epoch=25 batch=875 global_step=8521 loss_reg_months=2.8231 lr=0.00004569 grad_norm=1.6167 throughput=16.73 img/s eta_seconds=544.5 gpu_alloc=476.3MiB gpu_reserved=3472.0MiB skipped_batches=0
2026-08-16 15:00:09,211 | INFO | epoch=25 batch=900 global_step=8524 loss_reg_months=2.8167 lr=0.00004569 grad_norm=1.2899 throughput=16.75 img/s eta_seconds=538.0 gpu_alloc=367.7MiB gpu_reserved=3472.0MiB skipped_batches=0
2026-08-16 15:00:14,944 | INFO | epoch=25 batch=925 global_step=8526 loss_reg_months=2.8197 lr=0.00004569 grad_norm=1.2280 throughput=16.77 img/s eta_seconds=531.5 gpu_alloc=476.3MiB gpu_reserved=3472.0MiB skipped_batches=0
2026-08-16 15:00:20,708 | INFO | epoch=25 batch=950 global_step=8529 loss_reg_months=2.8273 lr=0.00004569 grad_norm=1.8777 throughput=16.78 img/s eta_seconds=525.0 gpu_alloc=476.3MiB gpu_reserved=3472.0MiB skipped_batches=0
2026-08-16 15:00:26,500 | INFO | epoch=25 batch=975 global_step=8532 loss_reg_months=2.8261 lr=0.00004569 grad_norm=1.6850 throughput=16.79 img/s eta_seconds=518.7 gpu_alloc=476.3MiB gpu_reserved=3472.0MiB skipped_batches=0
2026-08-16 15:00:32,289 | INFO | epoch=25 batch=1000 global_step=8535 loss_reg_months=2.8348 lr=0.00004569 grad_norm=1.4895 throughput=16.81 img/s eta_seconds=512.4 gpu_alloc=476.3MiB gpu_reserved=3472.0MiB skipped_batches=0
2026-08-16 15:00:38,011 | INFO | epoch=25 batch=1025 global_step=8537 loss_reg_months=2.8330 lr=0.00004569 grad_norm=1.4274 throughput=16.82 img/s eta_seconds=506.0 gpu_alloc=476.3MiB gpu_reserved=3472.0MiB skipped_batches=0
2026-08-16 15:00:43,769 | INFO | epoch=25 batch=1050 global_step=8540 loss_reg_months=2.8201 lr=0.00004569 grad_norm=1.1567 throughput=16.83 img/s eta_seconds=499.6 gpu_alloc=476.3MiB gpu_reserved=3472.0MiB skipped_batches=0
2026-08-16 15:00:49,521 | INFO | epoch=25 batch=1075 global_step=8543 loss_reg_months=2.8284 lr=0.00004569 grad_norm=1.5199 throughput=16.85 img/s eta_seconds=493.3 gpu_alloc=476.3MiB gpu_reserved=3472.0MiB skipped_batches=0
2026-08-16 15:00:55,283 | INFO | epoch=25 batch=1100 global_step=8546 loss_reg_months=2.8233 lr=0.00004569 grad_norm=1.3431 throughput=16.86 img/s eta_seconds=487.1 gpu_alloc=476.3MiB gpu_reserved=3472.0MiB skipped_batches=0
2026-08-16 15:01:01,033 | INFO | epoch=25 batch=1125 global_step=8549 loss_reg_months=2.8306 lr=0.00004569 grad_norm=1.3282 throughput=16.87 img/s eta_seconds=480.8 gpu_alloc=367.7MiB gpu_reserved=3472.0MiB skipped_batches=0
2026-08-16 15:01:06,753 | INFO | epoch=25 batch=1150 global_step=8551 loss_reg_months=2.8314 lr=0.00004569 grad_norm=1.3214 throughput=16.88 img/s eta_seconds=474.5 gpu_alloc=476.3MiB gpu_reserved=3472.0MiB skipped_batches=0
2026-08-16 15:01:12,505 | INFO | epoch=25 batch=1175 global_step=8554 loss_reg_months=2.8350 lr=0.00004569 grad_norm=1.2355 throughput=16.89 img/s eta_seconds=468.3 gpu_alloc=476.3MiB gpu_reserved=3472.0MiB skipped_batches=0
2026-08-16 15:01:18,249 | INFO | epoch=25 batch=1200 global_step=8557 loss_reg_months=2.8205 lr=0.00004569 grad_norm=1.3648 throughput=16.90 img/s eta_seconds=462.1 gpu_alloc=476.3MiB gpu_reserved=3472.0MiB skipped_batches=0
2026-08-16 15:01:24,013 | INFO | epoch=25 batch=1225 global_step=8560 loss_reg_months=2.8164 lr=0.00004569 grad_norm=1.6226 throughput=16.91 img/s eta_seconds=456.0 gpu_alloc=476.3MiB gpu_reserved=3472.0MiB skipped_batches=0
2026-08-16 15:01:29,733 | INFO | epoch=25 batch=1250 global_step=8562 loss_reg_months=2.8214 lr=0.00004569 grad_norm=1.3194 throughput=16.92 img/s eta_seconds=449.7 gpu_alloc=476.3MiB gpu_reserved=3472.0MiB skipped_batches=0
2026-08-16 15:01:35,489 | INFO | epoch=25 batch=1275 global_step=8565 loss_reg_months=2.8059 lr=0.00004569 grad_norm=1.4412 throughput=16.93 img/s eta_seconds=443.6 gpu_alloc=476.3MiB gpu_reserved=3472.0MiB skipped_batches=0
2026-08-16 15:01:41,233 | INFO | epoch=25 batch=1300 global_step=8568 loss_reg_months=2.7989 lr=0.00004569 grad_norm=1.3313 throughput=16.94 img/s eta_seconds=437.5 gpu_alloc=476.3MiB gpu_reserved=3472.0MiB skipped_batches=0
2026-08-16 15:01:46,983 | INFO | epoch=25 batch=1325 global_step=8571 loss_reg_months=2.8108 lr=0.00004569 grad_norm=1.7942 throughput=16.95 img/s eta_seconds=431.4 gpu_alloc=476.3MiB gpu_reserved=3472.0MiB skipped_batches=0
2026-08-16 15:01:52,780 | INFO | epoch=25 batch=1350 global_step=8574 loss_reg_months=2.8029 lr=0.00004569 grad_norm=1.6424 throughput=16.95 img/s eta_seconds=425.3 gpu_alloc=367.7MiB gpu_reserved=3472.0MiB skipped_batches=0
2026-08-16 15:01:58,505 | INFO | epoch=25 batch=1375 global_step=8576 loss_reg_months=2.8050 lr=0.00004569 grad_norm=1.5790 throughput=16.96 img/s eta_seconds=419.2 gpu_alloc=476.3MiB gpu_reserved=3472.0MiB skipped_batches=0
2026-08-16 15:02:04,253 | INFO | epoch=25 batch=1400 global_step=8579 loss_reg_months=2.8128 lr=0.00004569 grad_norm=1.1577 throughput=16.97 img/s eta_seconds=413.1 gpu_alloc=476.3MiB gpu_reserved=3472.0MiB skipped_batches=0
2026-08-16 15:02:10,008 | INFO | epoch=25 batch=1425 global_step=8582 loss_reg_months=2.8112 lr=0.00004569 grad_norm=1.1650 throughput=16.98 img/s eta_seconds=407.1 gpu_alloc=476.3MiB gpu_reserved=3472.0MiB skipped_batches=0
2026-08-16 15:02:15,781 | INFO | epoch=25 batch=1450 global_step=8585 loss_reg_months=2.8042 lr=0.00004569 grad_norm=1.1591 throughput=16.98 img/s eta_seconds=401.0 gpu_alloc=476.3MiB gpu_reserved=3472.0MiB skipped_batches=0
2026-08-16 15:02:21,506 | INFO | epoch=25 batch=1475 global_step=8587 loss_reg_months=2.7953 lr=0.00004569 grad_norm=1.1104 throughput=16.99 img/s eta_seconds=395.0 gpu_alloc=476.3MiB gpu_reserved=3472.0MiB skipped_batches=0
2026-08-16 15:02:27,370 | INFO | epoch=25 batch=1500 global_step=8590 loss_reg_months=2.7982 lr=0.00004569 grad_norm=1.0696 throughput=16.99 img/s eta_seconds=389.1 gpu_alloc=476.3MiB gpu_reserved=3472.0MiB skipped_batches=0
2026-08-16 15:02:33,127 | INFO | epoch=25 batch=1525 global_step=8593 loss_reg_months=2.8076 lr=0.00004569 grad_norm=1.4927 throughput=17.00 img/s eta_seconds=383.0 gpu_alloc=476.3MiB gpu_reserved=3472.0MiB skipped_batches=0
2026-08-16 15:02:38,883 | INFO | epoch=25 batch=1550 global_step=8596 loss_reg_months=2.8016 lr=0.00004569 grad_norm=1.9384 throughput=17.00 img/s eta_seconds=377.0 gpu_alloc=476.3MiB gpu_reserved=3472.0MiB skipped_batches=0
2026-08-16 15:02:44,631 | INFO | epoch=25 batch=1575 global_step=8599 loss_reg_months=2.8106 lr=0.00004569 grad_norm=1.8162 throughput=17.01 img/s eta_seconds=371.0 gpu_alloc=367.7MiB gpu_reserved=3472.0MiB skipped_batches=0
2026-08-16 15:02:50,355 | INFO | epoch=25 batch=1600 global_step=8601 loss_reg_months=2.8060 lr=0.00004569 grad_norm=1.3780 throughput=17.02 img/s eta_seconds=365.0 gpu_alloc=476.3MiB gpu_reserved=3472.0MiB skipped_batches=0
2026-08-16 15:02:56,122 | INFO | epoch=25 batch=1625 global_step=8604 loss_reg_months=2.8080 lr=0.00004569 grad_norm=1.5495 throughput=17.02 img/s eta_seconds=359.0 gpu_alloc=476.3MiB gpu_reserved=3472.0MiB skipped_batches=0
2026-08-16 15:03:01,885 | INFO | epoch=25 batch=1650 global_step=8607 loss_reg_months=2.8122 lr=0.00004569 grad_norm=1.2566 throughput=17.03 img/s eta_seconds=353.0 gpu_alloc=476.3MiB gpu_reserved=3472.0MiB skipped_batches=0
2026-08-16 15:03:07,660 | INFO | epoch=25 batch=1675 global_step=8610 loss_reg_months=2.8100 lr=0.00004569 grad_norm=1.2022 throughput=17.03 img/s eta_seconds=347.1 gpu_alloc=476.3MiB gpu_reserved=3472.0MiB skipped_batches=0
2026-08-16 15:03:13,385 | INFO | epoch=25 batch=1700 global_step=8612 loss_reg_months=2.8121 lr=0.00004569 grad_norm=1.4476 throughput=17.04 img/s eta_seconds=341.1 gpu_alloc=476.3MiB gpu_reserved=3472.0MiB skipped_batches=0
2026-08-16 15:03:19,140 | INFO | epoch=25 batch=1725 global_step=8615 loss_reg_months=2.8132 lr=0.00004569 grad_norm=1.6410 throughput=17.04 img/s eta_seconds=335.1 gpu_alloc=476.3MiB gpu_reserved=3472.0MiB skipped_batches=0
2026-08-16 15:03:24,882 | INFO | epoch=25 batch=1750 global_step=8618 loss_reg_months=2.8196 lr=0.00004569 grad_norm=1.1263 throughput=17.05 img/s eta_seconds=329.1 gpu_alloc=476.3MiB gpu_reserved=3472.0MiB skipped_batches=0
2026-08-16 15:03:30,634 | INFO | epoch=25 batch=1775 global_step=8621 loss_reg_months=2.8161 lr=0.00004569 grad_norm=1.4051 throughput=17.05 img/s eta_seconds=323.2 gpu_alloc=476.3MiB gpu_reserved=3472.0MiB skipped_batches=0
2026-08-16 15:03:36,391 | INFO | epoch=25 batch=1800 global_step=8624 loss_reg_months=2.8221 lr=0.00004569 grad_norm=1.7333 throughput=17.06 img/s eta_seconds=317.2 gpu_alloc=367.7MiB gpu_reserved=3472.0MiB skipped_batches=0
2026-08-16 15:03:42,113 | INFO | epoch=25 batch=1825 global_step=8626 loss_reg_months=2.8322 lr=0.00004569 grad_norm=1.4726 throughput=17.06 img/s eta_seconds=311.3 gpu_alloc=476.3MiB gpu_reserved=3472.0MiB skipped_batches=0
2026-08-16 15:03:47,867 | INFO | epoch=25 batch=1850 global_step=8629 loss_reg_months=2.8398 lr=0.00004569 grad_norm=1.5992 throughput=17.07 img/s eta_seconds=305.3 gpu_alloc=476.3MiB gpu_reserved=3472.0MiB skipped_batches=0
2026-08-16 15:03:53,613 | INFO | epoch=25 batch=1875 global_step=8632 loss_reg_months=2.8550 lr=0.00004569 grad_norm=1.3590 throughput=17.07 img/s eta_seconds=299.4 gpu_alloc=476.3MiB gpu_reserved=3472.0MiB skipped_batches=0
2026-08-16 15:03:59,428 | INFO | epoch=25 batch=1900 global_step=8635 loss_reg_months=2.8624 lr=0.00004569 grad_norm=1.6191 throughput=17.07 img/s eta_seconds=293.5 gpu_alloc=476.3MiB gpu_reserved=3472.0MiB skipped_batches=0
2026-08-16 15:04:05,199 | INFO | epoch=25 batch=1925 global_step=8637 loss_reg_months=2.8702 lr=0.00004569 grad_norm=1.2644 throughput=17.08 img/s eta_seconds=287.6 gpu_alloc=476.3MiB gpu_reserved=3472.0MiB skipped_batches=0
2026-08-16 15:04:10,958 | INFO | epoch=25 batch=1950 global_step=8640 loss_reg_months=2.8656 lr=0.00004569 grad_norm=1.6211 throughput=17.08 img/s eta_seconds=281.7 gpu_alloc=476.3MiB gpu_reserved=3472.0MiB skipped_batches=0
2026-08-16 15:04:16,707 | INFO | epoch=25 batch=1975 global_step=8643 loss_reg_months=2.8625 lr=0.00004569 grad_norm=1.4440 throughput=17.08 img/s eta_seconds=275.8 gpu_alloc=476.3MiB gpu_reserved=3472.0MiB skipped_batches=0
2026-08-16 15:04:22,450 | INFO | epoch=25 batch=2000 global_step=8646 loss_reg_months=2.8681 lr=0.00004569 grad_norm=1.2715 throughput=17.09 img/s eta_seconds=269.8 gpu_alloc=476.3MiB gpu_reserved=3472.0MiB skipped_batches=0
2026-08-16 15:04:28,208 | INFO | epoch=25 batch=2025 global_step=8649 loss_reg_months=2.8603 lr=0.00004569 grad_norm=1.4203 throughput=17.09 img/s eta_seconds=263.9 gpu_alloc=367.7MiB gpu_reserved=3472.0MiB skipped_batches=0
2026-08-16 15:04:33,941 | INFO | epoch=25 batch=2050 global_step=8651 loss_reg_months=2.8565 lr=0.00004569 grad_norm=1.4662 throughput=17.10 img/s eta_seconds=258.0 gpu_alloc=476.3MiB gpu_reserved=3472.0MiB skipped_batches=0
2026-08-16 15:04:39,696 | INFO | epoch=25 batch=2075 global_step=8654 loss_reg_months=2.8545 lr=0.00004569 grad_norm=1.1180 throughput=17.10 img/s eta_seconds=252.1 gpu_alloc=476.3MiB gpu_reserved=3472.0MiB skipped_batches=0
2026-08-16 15:04:45,452 | INFO | epoch=25 batch=2100 global_step=8657 loss_reg_months=2.8504 lr=0.00004569 grad_norm=1.5652 throughput=17.10 img/s eta_seconds=246.2 gpu_alloc=476.3MiB gpu_reserved=3472.0MiB skipped_batches=0
2026-08-16 15:04:51,217 | INFO | epoch=25 batch=2125 global_step=8660 loss_reg_months=2.8456 lr=0.00004569 grad_norm=1.2845 throughput=17.10 img/s eta_seconds=240.3 gpu_alloc=476.3MiB gpu_reserved=3472.0MiB skipped_batches=0
2026-08-16 15:04:56,959 | INFO | epoch=25 batch=2150 global_step=8662 loss_reg_months=2.8526 lr=0.00004569 grad_norm=1.4325 throughput=17.11 img/s eta_seconds=234.4 gpu_alloc=476.3MiB gpu_reserved=3472.0MiB skipped_batches=0
2026-08-16 15:05:02,737 | INFO | epoch=25 batch=2175 global_step=8665 loss_reg_months=2.8504 lr=0.00004569 grad_norm=1.3802 throughput=17.11 img/s eta_seconds=228.6 gpu_alloc=476.3MiB gpu_reserved=3472.0MiB skipped_batches=0
2026-08-16 15:05:08,498 | INFO | epoch=25 batch=2200 global_step=8668 loss_reg_months=2.8464 lr=0.00004569 grad_norm=1.3256 throughput=17.11 img/s eta_seconds=222.7 gpu_alloc=476.3MiB gpu_reserved=3472.0MiB skipped_batches=0
2026-08-16 15:05:14,250 | INFO | epoch=25 batch=2225 global_step=8671 loss_reg_months=2.8422 lr=0.00004569 grad_norm=1.7367 throughput=17.12 img/s eta_seconds=216.8 gpu_alloc=476.3MiB gpu_reserved=3472.0MiB skipped_batches=0
2026-08-16 15:05:20,023 | INFO | epoch=25 batch=2250 global_step=8674 loss_reg_months=2.8460 lr=0.00004569 grad_norm=1.5426 throughput=17.12 img/s eta_seconds=210.9 gpu_alloc=367.7MiB gpu_reserved=3472.0MiB skipped_batches=0
2026-08-16 15:05:25,746 | INFO | epoch=25 batch=2275 global_step=8676 loss_reg_months=2.8457 lr=0.00004569 grad_norm=1.4259 throughput=17.12 img/s eta_seconds=205.1 gpu_alloc=476.3MiB gpu_reserved=3472.0MiB skipped_batches=0
2026-08-16 15:05:31,523 | INFO | epoch=25 batch=2300 global_step=8679 loss_reg_months=2.8529 lr=0.00004569 grad_norm=1.1525 throughput=17.12 img/s eta_seconds=199.2 gpu_alloc=476.3MiB gpu_reserved=3472.0MiB skipped_batches=0
2026-08-16 15:05:37,269 | INFO | epoch=25 batch=2325 global_step=8682 loss_reg_months=2.8570 lr=0.00004569 grad_norm=1.4499 throughput=17.13 img/s eta_seconds=193.3 gpu_alloc=476.3MiB gpu_reserved=3472.0MiB skipped_batches=0
2026-08-16 15:05:43,022 | INFO | epoch=25 batch=2350 global_step=8685 loss_reg_months=2.8500 lr=0.00004569 grad_norm=1.8768 throughput=17.13 img/s eta_seconds=187.4 gpu_alloc=476.3MiB gpu_reserved=3472.0MiB skipped_batches=0
2026-08-16 15:05:48,749 | INFO | epoch=25 batch=2375 global_step=8687 loss_reg_months=2.8523 lr=0.00004569 grad_norm=1.0629 throughput=17.13 img/s eta_seconds=181.6 gpu_alloc=476.3MiB gpu_reserved=3472.0MiB skipped_batches=0
2026-08-16 15:05:54,510 | INFO | epoch=25 batch=2400 global_step=8690 loss_reg_months=2.8518 lr=0.00004569 grad_norm=1.6287 throughput=17.14 img/s eta_seconds=175.7 gpu_alloc=476.3MiB gpu_reserved=3472.0MiB skipped_batches=0
2026-08-16 15:06:00,261 | INFO | epoch=25 batch=2425 global_step=8693 loss_reg_months=2.8462 lr=0.00004569 grad_norm=1.5353 throughput=17.14 img/s eta_seconds=169.9 gpu_alloc=476.3MiB gpu_reserved=3472.0MiB skipped_batches=0
2026-08-16 15:06:06,019 | INFO | epoch=25 batch=2450 global_step=8696 loss_reg_months=2.8410 lr=0.00004569 grad_norm=1.3476 throughput=17.14 img/s eta_seconds=164.0 gpu_alloc=476.3MiB gpu_reserved=3472.0MiB skipped_batches=0
2026-08-16 15:06:11,775 | INFO | epoch=25 batch=2475 global_step=8699 loss_reg_months=2.8424 lr=0.00004569 grad_norm=1.2376 throughput=17.14 img/s eta_seconds=158.1 gpu_alloc=367.7MiB gpu_reserved=3472.0MiB skipped_batches=0
2026-08-16 15:06:17,501 | INFO | epoch=25 batch=2500 global_step=8701 loss_reg_months=2.8444 lr=0.00004569 grad_norm=2.0653 throughput=17.15 img/s eta_seconds=152.3 gpu_alloc=476.3MiB gpu_reserved=3472.0MiB skipped_batches=0
2026-08-16 15:06:23,250 | INFO | epoch=25 batch=2525 global_step=8704 loss_reg_months=2.8464 lr=0.00004569 grad_norm=1.5169 throughput=17.15 img/s eta_seconds=146.4 gpu_alloc=476.3MiB gpu_reserved=3472.0MiB skipped_batches=0
2026-08-16 15:06:29,000 | INFO | epoch=25 batch=2550 global_step=8707 loss_reg_months=2.8544 lr=0.00004569 grad_norm=1.4744 throughput=17.15 img/s eta_seconds=140.6 gpu_alloc=476.3MiB gpu_reserved=3472.0MiB skipped_batches=0
2026-08-16 15:06:34,773 | INFO | epoch=25 batch=2575 global_step=8710 loss_reg_months=2.8485 lr=0.00004569 grad_norm=1.3739 throughput=17.15 img/s eta_seconds=134.7 gpu_alloc=476.3MiB gpu_reserved=3472.0MiB skipped_batches=0
2026-08-16 15:06:40,508 | INFO | epoch=25 batch=2600 global_step=8712 loss_reg_months=2.8468 lr=0.00004569 grad_norm=1.4770 throughput=17.16 img/s eta_seconds=128.9 gpu_alloc=476.3MiB gpu_reserved=3472.0MiB skipped_batches=0
2026-08-16 15:06:46,260 | INFO | epoch=25 batch=2625 global_step=8715 loss_reg_months=2.8508 lr=0.00004569 grad_norm=1.4177 throughput=17.16 img/s eta_seconds=123.0 gpu_alloc=476.3MiB gpu_reserved=3472.0MiB skipped_batches=0
2026-08-16 15:06:52,016 | INFO | epoch=25 batch=2650 global_step=8718 loss_reg_months=2.8452 lr=0.00004569 grad_norm=1.8874 throughput=17.16 img/s eta_seconds=117.2 gpu_alloc=476.3MiB gpu_reserved=3472.0MiB skipped_batches=0
2026-08-16 15:06:57,781 | INFO | epoch=25 batch=2675 global_step=8721 loss_reg_months=2.8480 lr=0.00004569 grad_norm=1.2820 throughput=17.16 img/s eta_seconds=111.4 gpu_alloc=476.3MiB gpu_reserved=3472.0MiB skipped_batches=0
2026-08-16 15:07:03,538 | INFO | epoch=25 batch=2700 global_step=8724 loss_reg_months=2.8458 lr=0.00004569 grad_norm=1.4352 throughput=17.16 img/s eta_seconds=105.5 gpu_alloc=367.7MiB gpu_reserved=3472.0MiB skipped_batches=0
2026-08-16 15:07:09,280 | INFO | epoch=25 batch=2725 global_step=8726 loss_reg_months=2.8421 lr=0.00004569 grad_norm=1.1920 throughput=17.17 img/s eta_seconds=99.7 gpu_alloc=476.3MiB gpu_reserved=3472.0MiB skipped_batches=0
2026-08-16 15:07:15,039 | INFO | epoch=25 batch=2750 global_step=8729 loss_reg_months=2.8406 lr=0.00004569 grad_norm=1.3937 throughput=17.17 img/s eta_seconds=93.8 gpu_alloc=476.3MiB gpu_reserved=3472.0MiB skipped_batches=0
2026-08-16 15:07:20,874 | INFO | epoch=25 batch=2775 global_step=8732 loss_reg_months=2.8373 lr=0.00004569 grad_norm=1.1509 throughput=17.17 img/s eta_seconds=88.0 gpu_alloc=476.3MiB gpu_reserved=3472.0MiB skipped_batches=0
2026-08-16 15:07:26,634 | INFO | epoch=25 batch=2800 global_step=8735 loss_reg_months=2.8404 lr=0.00004569 grad_norm=1.2768 throughput=17.17 img/s eta_seconds=82.2 gpu_alloc=476.3MiB gpu_reserved=3472.0MiB skipped_batches=0
2026-08-16 15:07:32,360 | INFO | epoch=25 batch=2825 global_step=8737 loss_reg_months=2.8416 lr=0.00004569 grad_norm=1.5633 throughput=17.17 img/s eta_seconds=76.3 gpu_alloc=476.3MiB gpu_reserved=3472.0MiB skipped_batches=0
2026-08-16 15:07:38,114 | INFO | epoch=25 batch=2850 global_step=8740 loss_reg_months=2.8478 lr=0.00004569 grad_norm=1.3037 throughput=17.17 img/s eta_seconds=70.5 gpu_alloc=476.3MiB gpu_reserved=3472.0MiB skipped_batches=0
2026-08-16 15:07:43,913 | INFO | epoch=25 batch=2875 global_step=8743 loss_reg_months=2.8494 lr=0.00004569 grad_norm=1.4659 throughput=17.17 img/s eta_seconds=64.7 gpu_alloc=476.3MiB gpu_reserved=3472.0MiB skipped_batches=0
2026-08-16 15:07:49,999 | INFO | epoch=25 batch=2900 global_step=8746 loss_reg_months=2.8470 lr=0.00004569 grad_norm=1.4055 throughput=17.17 img/s eta_seconds=58.9 gpu_alloc=476.3MiB gpu_reserved=3472.0MiB skipped_batches=0
2026-08-16 15:07:55,910 | INFO | epoch=25 batch=2925 global_step=8749 loss_reg_months=2.8441 lr=0.00004569 grad_norm=1.1403 throughput=17.16 img/s eta_seconds=53.1 gpu_alloc=367.7MiB gpu_reserved=3472.0MiB skipped_batches=0
2026-08-16 15:08:01,771 | INFO | epoch=25 batch=2950 global_step=8751 loss_reg_months=2.8467 lr=0.00004569 grad_norm=1.2457 throughput=17.16 img/s eta_seconds=47.3 gpu_alloc=476.3MiB gpu_reserved=3472.0MiB skipped_batches=0
2026-08-16 15:08:07,738 | INFO | epoch=25 batch=2975 global_step=8754 loss_reg_months=2.8446 lr=0.00004569 grad_norm=1.4735 throughput=17.16 img/s eta_seconds=41.4 gpu_alloc=476.3MiB gpu_reserved=3472.0MiB skipped_batches=0
2026-08-16 15:08:13,772 | INFO | epoch=25 batch=3000 global_step=8757 loss_reg_months=2.8520 lr=0.00004569 grad_norm=1.2160 throughput=17.16 img/s eta_seconds=35.6 gpu_alloc=476.3MiB gpu_reserved=3472.0MiB skipped_batches=0
2026-08-16 15:08:19,725 | INFO | epoch=25 batch=3025 global_step=8760 loss_reg_months=2.8583 lr=0.00004569 grad_norm=1.7189 throughput=17.15 img/s eta_seconds=29.8 gpu_alloc=476.3MiB gpu_reserved=3472.0MiB skipped_batches=0
2026-08-16 15:08:25,600 | INFO | epoch=25 batch=3050 global_step=8762 loss_reg_months=2.8557 lr=0.00004569 grad_norm=1.3129 throughput=17.15 img/s eta_seconds=24.0 gpu_alloc=476.3MiB gpu_reserved=3472.0MiB skipped_batches=0
2026-08-16 15:08:31,453 | INFO | epoch=25 batch=3075 global_step=8765 loss_reg_months=2.8527 lr=0.00004569 grad_norm=1.2801 throughput=17.15 img/s eta_seconds=18.1 gpu_alloc=476.3MiB gpu_reserved=3472.0MiB skipped_batches=0
2026-08-16 15:08:37,252 | INFO | epoch=25 batch=3100 global_step=8768 loss_reg_months=2.8509 lr=0.00004569 grad_norm=1.5282 throughput=17.15 img/s eta_seconds=12.3 gpu_alloc=476.3MiB gpu_reserved=3472.0MiB skipped_batches=0
2026-08-16 15:08:43,099 | INFO | epoch=25 batch=3125 global_step=8771 loss_reg_months=2.8533 lr=0.00004569 grad_norm=1.6403 throughput=17.15 img/s eta_seconds=6.5 gpu_alloc=476.3MiB gpu_reserved=3472.0MiB skipped_batches=0
2026-08-16 15:08:48,942 | INFO | epoch=25 batch=3150 global_step=8774 loss_reg_months=2.8539 lr=0.00004569 grad_norm=2.0642 throughput=17.15 img/s eta_seconds=0.6 gpu_alloc=367.7MiB gpu_reserved=3472.0MiB skipped_batches=0
2026-08-16 15:09:33,595 | WARNING | STABILITY WARNING [CAM] Prediction vượt nhẹ miền tuổi 0–228: [9.31, 232.00]
2026-08-16 15:09:33,619 | INFO | 
TRAINING REVIEW SNAPSHOT
Run ID / config hash / split hash: P6_D0_CONVNEXT_TINY_768_SEED42 / 0e80cf6f780f / 7328667e6822+f650a20432b5
Epoch / global step: 25 / 8775
Train loss: 2.8535
Validation MAE / RMSE / median AE: 6.2678 / 8.4587 / 4.5000
MAE nam / nữ / age bins: {'F': 6.615893404907975, 'M': 5.974126778783958} / {'0-59': 6.84906914893617, '120-179': 6.088380716934487, '60-119': 6.944796954314721, '180-228': 4.890625}
Learning rate / peak VRAM: 0.00004569 / 3472.0 MiB
Best epoch / best MAE / epochs không cải thiện: 24 / 6.1834 / 1
Cảnh báo hiện tại: CAM: Prediction vượt nhẹ miền tuổi 0–228: [9.31, 232.00]
Checkpoint gần nhất: p1_baseline\runs\P6_D0_CONVNEXT_TINY_768_SEED42\last.ckpt
Checkpoint tốt nhất: p1_baseline\runs\P6_D0_CONVNEXT_TINY_768_SEED42\best_mae.ckpt
Đề xuất tự động: THEO DÕI
2026-08-16 15:09:48,647 | INFO | epoch=26 batch=25 global_step=8777 loss_reg_months=2.5394 lr=0.00003846 grad_norm=1.6802 throughput=7.89 img/s eta_seconds=1586.0 gpu_alloc=476.3MiB gpu_reserved=3472.0MiB skipped_batches=0
2026-08-16 15:09:54,378 | INFO | epoch=26 batch=50 global_step=8780 loss_reg_months=2.4706 lr=0.00003846 grad_norm=1.8381 throughput=10.86 img/s eta_seconds=1142.4 gpu_alloc=476.3MiB gpu_reserved=3472.0MiB skipped_batches=0
2026-08-16 15:10:00,125 | INFO | epoch=26 batch=75 global_step=8783 loss_reg_months=2.5670 lr=0.00003846 grad_norm=2.0706 throughput=12.42 img/s eta_seconds=991.2 gpu_alloc=476.3MiB gpu_reserved=3472.0MiB skipped_batches=0
2026-08-16 15:10:05,862 | INFO | epoch=26 batch=100 global_step=8786 loss_reg_months=2.6919 lr=0.00003846 grad_norm=1.8850 throughput=13.38 img/s eta_seconds=912.6 gpu_alloc=476.3MiB gpu_reserved=3472.0MiB skipped_batches=0
2026-08-16 15:10:11,578 | INFO | epoch=26 batch=125 global_step=8788 loss_reg_months=2.7020 lr=0.00003846 grad_norm=2.1162 throughput=14.04 img/s eta_seconds=862.5 gpu_alloc=476.3MiB gpu_reserved=3472.0MiB skipped_batches=0
2026-08-16 15:10:17,328 | INFO | epoch=26 batch=150 global_step=8791 loss_reg_months=2.6433 lr=0.00003846 grad_norm=1.3373 throughput=14.51 img/s eta_seconds=827.9 gpu_alloc=476.3MiB gpu_reserved=3472.0MiB skipped_batches=0
2026-08-16 15:10:23,094 | INFO | epoch=26 batch=175 global_step=8794 loss_reg_months=2.6573 lr=0.00003846 grad_norm=2.4609 throughput=14.85 img/s eta_seconds=801.9 gpu_alloc=476.3MiB gpu_reserved=3472.0MiB skipped_batches=0
2026-08-16 15:10:28,849 | INFO | epoch=26 batch=200 global_step=8797 loss_reg_months=2.6951 lr=0.00003846 grad_norm=1.2485 throughput=15.13 img/s eta_seconds=780.7 gpu_alloc=476.3MiB gpu_reserved=3472.0MiB skipped_batches=0
2026-08-16 15:10:34,603 | INFO | epoch=26 batch=225 global_step=8800 loss_reg_months=2.6310 lr=0.00003846 grad_norm=1.1866 throughput=15.35 img/s eta_seconds=762.9 gpu_alloc=367.7MiB gpu_reserved=3472.0MiB skipped_batches=0
2026-08-16 15:10:40,327 | INFO | epoch=26 batch=250 global_step=8802 loss_reg_months=2.6092 lr=0.00003846 grad_norm=1.3775 throughput=15.54 img/s eta_seconds=747.2 gpu_alloc=476.3MiB gpu_reserved=3472.0MiB skipped_batches=0
2026-08-16 15:10:46,092 | INFO | epoch=26 batch=275 global_step=8805 loss_reg_months=2.5763 lr=0.00003846 grad_norm=1.6138 throughput=15.69 img/s eta_seconds=733.8 gpu_alloc=476.3MiB gpu_reserved=3472.0MiB skipped_batches=0
2026-08-16 15:10:51,841 | INFO | epoch=26 batch=300 global_step=8808 loss_reg_months=2.5833 lr=0.00003846 grad_norm=1.4282 throughput=15.82 img/s eta_seconds=721.5 gpu_alloc=476.3MiB gpu_reserved=3472.0MiB skipped_batches=0
2026-08-16 15:10:57,599 | INFO | epoch=26 batch=325 global_step=8811 loss_reg_months=2.5799 lr=0.00003846 grad_norm=1.2896 throughput=15.93 img/s eta_seconds=710.2 gpu_alloc=476.3MiB gpu_reserved=3472.0MiB skipped_batches=0
2026-08-16 15:11:03,320 | INFO | epoch=26 batch=350 global_step=8813 loss_reg_months=2.5859 lr=0.00003846 grad_norm=1.6718 throughput=16.03 img/s eta_seconds=699.5 gpu_alloc=476.3MiB gpu_reserved=3472.0MiB skipped_batches=0
2026-08-16 15:11:09,080 | INFO | epoch=26 batch=375 global_step=8816 loss_reg_months=2.6040 lr=0.00003846 grad_norm=1.2608 throughput=16.11 img/s eta_seconds=689.7 gpu_alloc=476.3MiB gpu_reserved=3472.0MiB skipped_batches=0
2026-08-16 15:11:14,827 | INFO | epoch=26 batch=400 global_step=8819 loss_reg_months=2.6242 lr=0.00003846 grad_norm=1.3604 throughput=16.18 img/s eta_seconds=680.3 gpu_alloc=476.3MiB gpu_reserved=3472.0MiB skipped_batches=0
2026-08-16 15:11:20,579 | INFO | epoch=26 batch=425 global_step=8822 loss_reg_months=2.5906 lr=0.00003846 grad_norm=1.6642 throughput=16.25 img/s eta_seconds=671.4 gpu_alloc=476.3MiB gpu_reserved=3472.0MiB skipped_batches=0
2026-08-16 15:11:26,332 | INFO | epoch=26 batch=450 global_step=8825 loss_reg_months=2.6063 lr=0.00003846 grad_norm=1.1552 throughput=16.31 img/s eta_seconds=662.8 gpu_alloc=367.7MiB gpu_reserved=3472.0MiB skipped_batches=0
2026-08-16 15:11:32,067 | INFO | epoch=26 batch=475 global_step=8827 loss_reg_months=2.6369 lr=0.00003846 grad_norm=1.1582 throughput=16.37 img/s eta_seconds=654.5 gpu_alloc=476.3MiB gpu_reserved=3472.0MiB skipped_batches=0
2026-08-16 15:11:37,821 | INFO | epoch=26 batch=500 global_step=8830 loss_reg_months=2.6421 lr=0.00003846 grad_norm=1.3688 throughput=16.41 img/s eta_seconds=646.5 gpu_alloc=476.3MiB gpu_reserved=3472.0MiB skipped_batches=0
2026-08-16 15:11:43,566 | INFO | epoch=26 batch=525 global_step=8833 loss_reg_months=2.6388 lr=0.00003846 grad_norm=2.3064 throughput=16.46 img/s eta_seconds=638.7 gpu_alloc=476.3MiB gpu_reserved=3472.0MiB skipped_batches=0
2026-08-16 15:11:49,325 | INFO | epoch=26 batch=550 global_step=8836 loss_reg_months=2.6231 lr=0.00003846 grad_norm=1.7240 throughput=16.50 img/s eta_seconds=631.1 gpu_alloc=476.3MiB gpu_reserved=3472.0MiB skipped_batches=0
2026-08-16 15:11:55,055 | INFO | epoch=26 batch=575 global_step=8838 loss_reg_months=2.5857 lr=0.00003846 grad_norm=1.1625 throughput=16.54 img/s eta_seconds=623.5 gpu_alloc=476.3MiB gpu_reserved=3472.0MiB skipped_batches=0
2026-08-16 15:12:00,804 | INFO | epoch=26 batch=600 global_step=8841 loss_reg_months=2.6330 lr=0.00003846 grad_norm=1.8977 throughput=16.57 img/s eta_seconds=616.2 gpu_alloc=476.3MiB gpu_reserved=3472.0MiB skipped_batches=0
2026-08-16 15:12:06,564 | INFO | epoch=26 batch=625 global_step=8844 loss_reg_months=2.6502 lr=0.00003846 grad_norm=1.3812 throughput=16.60 img/s eta_seconds=609.1 gpu_alloc=476.3MiB gpu_reserved=3472.0MiB skipped_batches=0
2026-08-16 15:12:12,324 | INFO | epoch=26 batch=650 global_step=8847 loss_reg_months=2.6409 lr=0.00003846 grad_norm=2.1030 throughput=16.63 img/s eta_seconds=602.0 gpu_alloc=476.3MiB gpu_reserved=3472.0MiB skipped_batches=0
2026-08-16 15:12:18,075 | INFO | epoch=26 batch=675 global_step=8850 loss_reg_months=2.6388 lr=0.00003846 grad_norm=1.6774 throughput=16.66 img/s eta_seconds=595.0 gpu_alloc=367.7MiB gpu_reserved=3472.0MiB skipped_batches=0
2026-08-16 15:12:23,796 | INFO | epoch=26 batch=700 global_step=8852 loss_reg_months=2.6470 lr=0.00003846 grad_norm=1.4175 throughput=16.68 img/s eta_seconds=588.0 gpu_alloc=476.3MiB gpu_reserved=3472.0MiB skipped_batches=0
2026-08-16 15:12:29,543 | INFO | epoch=26 batch=725 global_step=8855 loss_reg_months=2.6662 lr=0.00003846 grad_norm=1.3636 throughput=16.71 img/s eta_seconds=581.2 gpu_alloc=476.3MiB gpu_reserved=3472.0MiB skipped_batches=0
2026-08-16 15:12:35,284 | INFO | epoch=26 batch=750 global_step=8858 loss_reg_months=2.6562 lr=0.00003846 grad_norm=1.2921 throughput=16.73 img/s eta_seconds=574.5 gpu_alloc=476.3MiB gpu_reserved=3472.0MiB skipped_batches=0
2026-08-16 15:12:41,094 | INFO | epoch=26 batch=775 global_step=8861 loss_reg_months=2.6631 lr=0.00003846 grad_norm=1.5101 throughput=16.75 img/s eta_seconds=568.0 gpu_alloc=476.3MiB gpu_reserved=3472.0MiB skipped_batches=0
2026-08-16 15:12:46,820 | INFO | epoch=26 batch=800 global_step=8863 loss_reg_months=2.6770 lr=0.00003846 grad_norm=1.1509 throughput=16.77 img/s eta_seconds=561.3 gpu_alloc=476.3MiB gpu_reserved=3472.0MiB skipped_batches=0
2026-08-16 15:12:52,573 | INFO | epoch=26 batch=825 global_step=8866 loss_reg_months=2.6667 lr=0.00003846 grad_norm=1.3828 throughput=16.79 img/s eta_seconds=554.7 gpu_alloc=476.3MiB gpu_reserved=3472.0MiB skipped_batches=0
2026-08-16 15:12:58,338 | INFO | epoch=26 batch=850 global_step=8869 loss_reg_months=2.6650 lr=0.00003846 grad_norm=1.3154 throughput=16.80 img/s eta_seconds=548.2 gpu_alloc=476.3MiB gpu_reserved=3472.0MiB skipped_batches=0
2026-08-16 15:13:04,104 | INFO | epoch=26 batch=875 global_step=8872 loss_reg_months=2.6613 lr=0.00003846 grad_norm=1.8728 throughput=16.82 img/s eta_seconds=541.8 gpu_alloc=476.3MiB gpu_reserved=3472.0MiB skipped_batches=0
2026-08-16 15:13:09,865 | INFO | epoch=26 batch=900 global_step=8875 loss_reg_months=2.6637 lr=0.00003846 grad_norm=1.2195 throughput=16.83 img/s eta_seconds=535.4 gpu_alloc=367.7MiB gpu_reserved=3472.0MiB skipped_batches=0
2026-08-16 15:13:15,583 | INFO | epoch=26 batch=925 global_step=8877 loss_reg_months=2.6570 lr=0.00003846 grad_norm=1.0259 throughput=16.85 img/s eta_seconds=528.9 gpu_alloc=476.3MiB gpu_reserved=3472.0MiB skipped_batches=0
2026-08-16 15:13:21,350 | INFO | epoch=26 batch=950 global_step=8880 loss_reg_months=2.6665 lr=0.00003846 grad_norm=1.3109 throughput=16.86 img/s eta_seconds=522.6 gpu_alloc=476.3MiB gpu_reserved=3472.0MiB skipped_batches=0
2026-08-16 15:13:27,111 | INFO | epoch=26 batch=975 global_step=8883 loss_reg_months=2.6751 lr=0.00003846 grad_norm=1.2463 throughput=16.87 img/s eta_seconds=516.3 gpu_alloc=476.3MiB gpu_reserved=3472.0MiB skipped_batches=0
2026-08-16 15:13:32,875 | INFO | epoch=26 batch=1000 global_step=8886 loss_reg_months=2.6758 lr=0.00003846 grad_norm=1.2221 throughput=16.88 img/s eta_seconds=510.0 gpu_alloc=476.3MiB gpu_reserved=3472.0MiB skipped_batches=0
2026-08-16 15:13:38,611 | INFO | epoch=26 batch=1025 global_step=8888 loss_reg_months=2.6854 lr=0.00003846 grad_norm=1.4228 throughput=16.90 img/s eta_seconds=503.7 gpu_alloc=476.3MiB gpu_reserved=3472.0MiB skipped_batches=0
2026-08-16 15:13:44,377 | INFO | epoch=26 batch=1050 global_step=8891 loss_reg_months=2.6778 lr=0.00003846 grad_norm=1.4215 throughput=16.91 img/s eta_seconds=497.5 gpu_alloc=476.3MiB gpu_reserved=3472.0MiB skipped_batches=0
2026-08-16 15:13:50,135 | INFO | epoch=26 batch=1075 global_step=8894 loss_reg_months=2.6799 lr=0.00003846 grad_norm=1.2582 throughput=16.92 img/s eta_seconds=491.2 gpu_alloc=476.3MiB gpu_reserved=3472.0MiB skipped_batches=0
2026-08-16 15:13:55,884 | INFO | epoch=26 batch=1100 global_step=8897 loss_reg_months=2.6990 lr=0.00003846 grad_norm=1.8347 throughput=16.93 img/s eta_seconds=485.0 gpu_alloc=476.3MiB gpu_reserved=3472.0MiB skipped_batches=0
2026-08-16 15:14:01,636 | INFO | epoch=26 batch=1125 global_step=8900 loss_reg_months=2.6959 lr=0.00003846 grad_norm=1.6897 throughput=16.94 img/s eta_seconds=478.8 gpu_alloc=367.7MiB gpu_reserved=3472.0MiB skipped_batches=0
2026-08-16 15:14:07,368 | INFO | epoch=26 batch=1150 global_step=8902 loss_reg_months=2.7089 lr=0.00003846 grad_norm=1.3632 throughput=16.95 img/s eta_seconds=472.6 gpu_alloc=476.3MiB gpu_reserved=3472.0MiB skipped_batches=0
2026-08-16 15:14:13,122 | INFO | epoch=26 batch=1175 global_step=8905 loss_reg_months=2.6974 lr=0.00003846 grad_norm=1.1464 throughput=16.96 img/s eta_seconds=466.5 gpu_alloc=476.3MiB gpu_reserved=3472.0MiB skipped_batches=0
2026-08-16 15:14:18,866 | INFO | epoch=26 batch=1200 global_step=8908 loss_reg_months=2.7011 lr=0.00003846 grad_norm=1.9487 throughput=16.97 img/s eta_seconds=460.4 gpu_alloc=476.3MiB gpu_reserved=3472.0MiB skipped_batches=0
2026-08-16 15:14:24,626 | INFO | epoch=26 batch=1225 global_step=8911 loss_reg_months=2.6794 lr=0.00003846 grad_norm=1.1222 throughput=16.98 img/s eta_seconds=454.3 gpu_alloc=476.3MiB gpu_reserved=3472.0MiB skipped_batches=0
2026-08-16 15:14:30,361 | INFO | epoch=26 batch=1250 global_step=8913 loss_reg_months=2.6731 lr=0.00003846 grad_norm=2.1190 throughput=16.98 img/s eta_seconds=448.1 gpu_alloc=476.3MiB gpu_reserved=3472.0MiB skipped_batches=0
2026-08-16 15:14:36,115 | INFO | epoch=26 batch=1275 global_step=8916 loss_reg_months=2.6750 lr=0.00003846 grad_norm=1.4852 throughput=16.99 img/s eta_seconds=442.0 gpu_alloc=476.3MiB gpu_reserved=3472.0MiB skipped_batches=0
2026-08-16 15:14:41,872 | INFO | epoch=26 batch=1300 global_step=8919 loss_reg_months=2.6786 lr=0.00003846 grad_norm=1.3423 throughput=17.00 img/s eta_seconds=436.0 gpu_alloc=476.3MiB gpu_reserved=3472.0MiB skipped_batches=0
2026-08-16 15:14:47,635 | INFO | epoch=26 batch=1325 global_step=8922 loss_reg_months=2.6697 lr=0.00003846 grad_norm=1.6966 throughput=17.01 img/s eta_seconds=429.9 gpu_alloc=476.3MiB gpu_reserved=3472.0MiB skipped_batches=0
2026-08-16 15:14:53,392 | INFO | epoch=26 batch=1350 global_step=8925 loss_reg_months=2.6701 lr=0.00003846 grad_norm=1.6779 throughput=17.01 img/s eta_seconds=423.9 gpu_alloc=367.7MiB gpu_reserved=3472.0MiB skipped_batches=0
2026-08-16 15:14:59,119 | INFO | epoch=26 batch=1375 global_step=8927 loss_reg_months=2.6624 lr=0.00003846 grad_norm=1.3266 throughput=17.02 img/s eta_seconds=417.8 gpu_alloc=476.3MiB gpu_reserved=3472.0MiB skipped_batches=0
2026-08-16 15:15:04,862 | INFO | epoch=26 batch=1400 global_step=8930 loss_reg_months=2.6655 lr=0.00003846 grad_norm=1.5048 throughput=17.03 img/s eta_seconds=411.8 gpu_alloc=476.3MiB gpu_reserved=3472.0MiB skipped_batches=0
2026-08-16 15:15:10,615 | INFO | epoch=26 batch=1425 global_step=8933 loss_reg_months=2.6554 lr=0.00003846 grad_norm=1.3701 throughput=17.03 img/s eta_seconds=405.7 gpu_alloc=476.3MiB gpu_reserved=3472.0MiB skipped_batches=0
2026-08-16 15:15:16,376 | INFO | epoch=26 batch=1450 global_step=8936 loss_reg_months=2.6533 lr=0.00003846 grad_norm=1.4331 throughput=17.04 img/s eta_seconds=399.7 gpu_alloc=476.3MiB gpu_reserved=3472.0MiB skipped_batches=0
2026-08-16 15:15:22,127 | INFO | epoch=26 batch=1475 global_step=8938 loss_reg_months=2.6612 lr=0.00003846 grad_norm=1.3803 throughput=17.04 img/s eta_seconds=393.7 gpu_alloc=476.3MiB gpu_reserved=3472.0MiB skipped_batches=0
2026-08-16 15:15:27,879 | INFO | epoch=26 batch=1500 global_step=8941 loss_reg_months=2.6522 lr=0.00003846 grad_norm=1.4331 throughput=17.05 img/s eta_seconds=387.7 gpu_alloc=476.3MiB gpu_reserved=3472.0MiB skipped_batches=0
2026-08-16 15:15:33,624 | INFO | epoch=26 batch=1525 global_step=8944 loss_reg_months=2.6550 lr=0.00003846 grad_norm=1.6458 throughput=17.06 img/s eta_seconds=381.8 gpu_alloc=476.3MiB gpu_reserved=3472.0MiB skipped_batches=0
2026-08-16 15:15:39,380 | INFO | epoch=26 batch=1550 global_step=8947 loss_reg_months=2.6578 lr=0.00003846 grad_norm=1.5134 throughput=17.06 img/s eta_seconds=375.8 gpu_alloc=476.3MiB gpu_reserved=3472.0MiB skipped_batches=0
2026-08-16 15:15:45,153 | INFO | epoch=26 batch=1575 global_step=8950 loss_reg_months=2.6584 lr=0.00003846 grad_norm=1.5153 throughput=17.06 img/s eta_seconds=369.8 gpu_alloc=367.7MiB gpu_reserved=3472.0MiB skipped_batches=0
2026-08-16 15:15:50,878 | INFO | epoch=26 batch=1600 global_step=8952 loss_reg_months=2.6668 lr=0.00003846 grad_norm=1.3701 throughput=17.07 img/s eta_seconds=363.8 gpu_alloc=476.3MiB gpu_reserved=3472.0MiB skipped_batches=0
2026-08-16 15:15:56,628 | INFO | epoch=26 batch=1625 global_step=8955 loss_reg_months=2.6698 lr=0.00003846 grad_norm=2.2006 throughput=17.08 img/s eta_seconds=357.9 gpu_alloc=476.3MiB gpu_reserved=3472.0MiB skipped_batches=0
2026-08-16 15:16:02,383 | INFO | epoch=26 batch=1650 global_step=8958 loss_reg_months=2.6742 lr=0.00003846 grad_norm=1.8782 throughput=17.08 img/s eta_seconds=351.9 gpu_alloc=476.3MiB gpu_reserved=3472.0MiB skipped_batches=0
2026-08-16 15:16:08,140 | INFO | epoch=26 batch=1675 global_step=8961 loss_reg_months=2.6683 lr=0.00003846 grad_norm=1.2159 throughput=17.08 img/s eta_seconds=346.0 gpu_alloc=476.3MiB gpu_reserved=3472.0MiB skipped_batches=0
2026-08-16 15:16:13,866 | INFO | epoch=26 batch=1700 global_step=8963 loss_reg_months=2.6672 lr=0.00003846 grad_norm=1.8917 throughput=17.09 img/s eta_seconds=340.0 gpu_alloc=476.3MiB gpu_reserved=3472.0MiB skipped_batches=0
2026-08-16 15:16:19,636 | INFO | epoch=26 batch=1725 global_step=8966 loss_reg_months=2.6892 lr=0.00003846 grad_norm=1.3559 throughput=17.09 img/s eta_seconds=334.1 gpu_alloc=476.3MiB gpu_reserved=3472.0MiB skipped_batches=0
2026-08-16 15:16:25,395 | INFO | epoch=26 batch=1750 global_step=8969 loss_reg_months=2.6808 lr=0.00003846 grad_norm=1.2940 throughput=17.10 img/s eta_seconds=328.2 gpu_alloc=476.3MiB gpu_reserved=3472.0MiB skipped_batches=0
2026-08-16 15:16:31,152 | INFO | epoch=26 batch=1775 global_step=8972 loss_reg_months=2.6847 lr=0.00003846 grad_norm=1.2689 throughput=17.10 img/s eta_seconds=322.3 gpu_alloc=476.3MiB gpu_reserved=3472.0MiB skipped_batches=0
2026-08-16 15:16:36,913 | INFO | epoch=26 batch=1800 global_step=8975 loss_reg_months=2.6955 lr=0.00003846 grad_norm=1.5252 throughput=17.10 img/s eta_seconds=316.4 gpu_alloc=367.7MiB gpu_reserved=3472.0MiB skipped_batches=0
2026-08-16 15:16:42,631 | INFO | epoch=26 batch=1825 global_step=8977 loss_reg_months=2.6892 lr=0.00003846 grad_norm=0.9721 throughput=17.11 img/s eta_seconds=310.4 gpu_alloc=476.3MiB gpu_reserved=3472.0MiB skipped_batches=0
2026-08-16 15:16:48,406 | INFO | epoch=26 batch=1850 global_step=8980 loss_reg_months=2.6897 lr=0.00003846 grad_norm=1.3025 throughput=17.11 img/s eta_seconds=304.5 gpu_alloc=476.3MiB gpu_reserved=3472.0MiB skipped_batches=0
2026-08-16 15:16:54,169 | INFO | epoch=26 batch=1875 global_step=8983 loss_reg_months=2.6897 lr=0.00003846 grad_norm=1.6985 throughput=17.12 img/s eta_seconds=298.6 gpu_alloc=476.3MiB gpu_reserved=3472.0MiB skipped_batches=0
2026-08-16 15:16:59,929 | INFO | epoch=26 batch=1900 global_step=8986 loss_reg_months=2.6887 lr=0.00003846 grad_norm=1.6762 throughput=17.12 img/s eta_seconds=292.7 gpu_alloc=476.3MiB gpu_reserved=3472.0MiB skipped_batches=0
2026-08-16 15:17:05,657 | INFO | epoch=26 batch=1925 global_step=8988 loss_reg_months=2.6934 lr=0.00003846 grad_norm=1.3305 throughput=17.12 img/s eta_seconds=286.8 gpu_alloc=476.3MiB gpu_reserved=3472.0MiB skipped_batches=0
2026-08-16 15:17:11,426 | INFO | epoch=26 batch=1950 global_step=8991 loss_reg_months=2.6902 lr=0.00003846 grad_norm=1.1884 throughput=17.13 img/s eta_seconds=280.9 gpu_alloc=476.3MiB gpu_reserved=3472.0MiB skipped_batches=0
2026-08-16 15:17:17,181 | INFO | epoch=26 batch=1975 global_step=8994 loss_reg_months=2.6869 lr=0.00003846 grad_norm=1.2823 throughput=17.13 img/s eta_seconds=275.0 gpu_alloc=476.3MiB gpu_reserved=3472.0MiB skipped_batches=0
2026-08-16 15:17:22,941 | INFO | epoch=26 batch=2000 global_step=8997 loss_reg_months=2.6870 lr=0.00003846 grad_norm=1.7053 throughput=17.13 img/s eta_seconds=269.2 gpu_alloc=476.3MiB gpu_reserved=3472.0MiB skipped_batches=0
2026-08-16 15:17:29,481 | INFO | epoch=26 batch=2025 global_step=9000 loss_reg_months=2.6936 lr=0.00003846 grad_norm=1.2341 throughput=17.11 img/s eta_seconds=263.7 gpu_alloc=367.7MiB gpu_reserved=3472.0MiB skipped_batches=0
2026-08-16 15:17:35,409 | INFO | epoch=26 batch=2050 global_step=9002 loss_reg_months=2.6993 lr=0.00003846 grad_norm=1.7980 throughput=17.10 img/s eta_seconds=257.9 gpu_alloc=476.3MiB gpu_reserved=3472.0MiB skipped_batches=0
2026-08-16 15:17:41,169 | INFO | epoch=26 batch=2075 global_step=9005 loss_reg_months=2.6955 lr=0.00003846 grad_norm=1.1296 throughput=17.11 img/s eta_seconds=252.0 gpu_alloc=476.3MiB gpu_reserved=3472.0MiB skipped_batches=0
2026-08-16 15:17:46,918 | INFO | epoch=26 batch=2100 global_step=9008 loss_reg_months=2.6948 lr=0.00003846 grad_norm=1.3117 throughput=17.11 img/s eta_seconds=246.1 gpu_alloc=476.3MiB gpu_reserved=3472.0MiB skipped_batches=0
2026-08-16 15:17:52,666 | INFO | epoch=26 batch=2125 global_step=9011 loss_reg_months=2.6881 lr=0.00003846 grad_norm=1.6306 throughput=17.11 img/s eta_seconds=240.2 gpu_alloc=476.3MiB gpu_reserved=3472.0MiB skipped_batches=0
2026-08-16 15:17:58,403 | INFO | epoch=26 batch=2150 global_step=9013 loss_reg_months=2.6908 lr=0.00003846 grad_norm=1.2296 throughput=17.12 img/s eta_seconds=234.3 gpu_alloc=476.3MiB gpu_reserved=3472.0MiB skipped_batches=0
2026-08-16 15:18:04,155 | INFO | epoch=26 batch=2175 global_step=9016 loss_reg_months=2.6920 lr=0.00003846 grad_norm=1.4195 throughput=17.12 img/s eta_seconds=228.4 gpu_alloc=476.3MiB gpu_reserved=3472.0MiB skipped_batches=0
2026-08-16 15:18:09,910 | INFO | epoch=26 batch=2200 global_step=9019 loss_reg_months=2.6966 lr=0.00003846 grad_norm=1.1646 throughput=17.12 img/s eta_seconds=222.6 gpu_alloc=476.3MiB gpu_reserved=3472.0MiB skipped_batches=0
2026-08-16 15:18:15,669 | INFO | epoch=26 batch=2225 global_step=9022 loss_reg_months=2.7032 lr=0.00003846 grad_norm=1.3705 throughput=17.13 img/s eta_seconds=216.7 gpu_alloc=476.3MiB gpu_reserved=3472.0MiB skipped_batches=0
2026-08-16 15:18:21,422 | INFO | epoch=26 batch=2250 global_step=9025 loss_reg_months=2.7017 lr=0.00003846 grad_norm=1.5425 throughput=17.13 img/s eta_seconds=210.8 gpu_alloc=367.7MiB gpu_reserved=3472.0MiB skipped_batches=0
2026-08-16 15:18:27,150 | INFO | epoch=26 batch=2275 global_step=9027 loss_reg_months=2.7079 lr=0.00003846 grad_norm=1.3926 throughput=17.13 img/s eta_seconds=204.9 gpu_alloc=476.3MiB gpu_reserved=3472.0MiB skipped_batches=0
2026-08-16 15:18:32,913 | INFO | epoch=26 batch=2300 global_step=9030 loss_reg_months=2.7103 lr=0.00003846 grad_norm=1.3850 throughput=17.13 img/s eta_seconds=199.1 gpu_alloc=476.3MiB gpu_reserved=3472.0MiB skipped_batches=0
2026-08-16 15:18:38,667 | INFO | epoch=26 batch=2325 global_step=9033 loss_reg_months=2.7055 lr=0.00003846 grad_norm=1.4477 throughput=17.14 img/s eta_seconds=193.2 gpu_alloc=476.3MiB gpu_reserved=3472.0MiB skipped_batches=0
2026-08-16 15:18:44,418 | INFO | epoch=26 batch=2350 global_step=9036 loss_reg_months=2.6982 lr=0.00003846 grad_norm=1.7353 throughput=17.14 img/s eta_seconds=187.3 gpu_alloc=476.3MiB gpu_reserved=3472.0MiB skipped_batches=0
2026-08-16 15:18:50,146 | INFO | epoch=26 batch=2375 global_step=9038 loss_reg_months=2.6952 lr=0.00003846 grad_norm=1.4925 throughput=17.14 img/s eta_seconds=181.5 gpu_alloc=476.3MiB gpu_reserved=3472.0MiB skipped_batches=0
2026-08-16 15:18:55,905 | INFO | epoch=26 batch=2400 global_step=9041 loss_reg_months=2.6955 lr=0.00003846 grad_norm=1.2205 throughput=17.14 img/s eta_seconds=175.6 gpu_alloc=476.3MiB gpu_reserved=3472.0MiB skipped_batches=0
2026-08-16 15:19:01,655 | INFO | epoch=26 batch=2425 global_step=9044 loss_reg_months=2.6946 lr=0.00003846 grad_norm=1.2355 throughput=17.15 img/s eta_seconds=169.8 gpu_alloc=476.3MiB gpu_reserved=3472.0MiB skipped_batches=0
2026-08-16 15:19:07,435 | INFO | epoch=26 batch=2450 global_step=9047 loss_reg_months=2.6964 lr=0.00003846 grad_norm=1.3509 throughput=17.15 img/s eta_seconds=163.9 gpu_alloc=476.3MiB gpu_reserved=3472.0MiB skipped_batches=0
2026-08-16 15:19:13,198 | INFO | epoch=26 batch=2475 global_step=9050 loss_reg_months=2.6996 lr=0.00003846 grad_norm=1.9293 throughput=17.15 img/s eta_seconds=158.1 gpu_alloc=367.7MiB gpu_reserved=3472.0MiB skipped_batches=0
2026-08-16 15:19:18,918 | INFO | epoch=26 batch=2500 global_step=9052 loss_reg_months=2.6991 lr=0.00003846 grad_norm=1.5005 throughput=17.15 img/s eta_seconds=152.2 gpu_alloc=476.3MiB gpu_reserved=3472.0MiB skipped_batches=0
2026-08-16 15:19:24,688 | INFO | epoch=26 batch=2525 global_step=9055 loss_reg_months=2.7050 lr=0.00003846 grad_norm=1.8556 throughput=17.16 img/s eta_seconds=146.4 gpu_alloc=476.3MiB gpu_reserved=3472.0MiB skipped_batches=0
2026-08-16 15:19:30,437 | INFO | epoch=26 batch=2550 global_step=9058 loss_reg_months=2.6975 lr=0.00003846 grad_norm=1.2562 throughput=17.16 img/s eta_seconds=140.5 gpu_alloc=476.3MiB gpu_reserved=3472.0MiB skipped_batches=0
2026-08-16 15:19:36,189 | INFO | epoch=26 batch=2575 global_step=9061 loss_reg_months=2.6962 lr=0.00003846 grad_norm=1.4908 throughput=17.16 img/s eta_seconds=134.7 gpu_alloc=476.3MiB gpu_reserved=3472.0MiB skipped_batches=0
2026-08-16 15:19:42,029 | INFO | epoch=26 batch=2600 global_step=9063 loss_reg_months=2.6992 lr=0.00003846 grad_norm=1.2011 throughput=17.16 img/s eta_seconds=128.8 gpu_alloc=476.3MiB gpu_reserved=3472.0MiB skipped_batches=0
2026-08-16 15:19:47,796 | INFO | epoch=26 batch=2625 global_step=9066 loss_reg_months=2.6944 lr=0.00003846 grad_norm=1.1096 throughput=17.16 img/s eta_seconds=123.0 gpu_alloc=476.3MiB gpu_reserved=3472.0MiB skipped_batches=0
2026-08-16 15:19:53,561 | INFO | epoch=26 batch=2650 global_step=9069 loss_reg_months=2.6943 lr=0.00003846 grad_norm=1.4093 throughput=17.16 img/s eta_seconds=117.2 gpu_alloc=476.3MiB gpu_reserved=3472.0MiB skipped_batches=0
2026-08-16 15:19:59,315 | INFO | epoch=26 batch=2675 global_step=9072 loss_reg_months=2.7026 lr=0.00003846 grad_norm=2.2128 throughput=17.17 img/s eta_seconds=111.3 gpu_alloc=476.3MiB gpu_reserved=3472.0MiB skipped_batches=0
2026-08-16 15:20:05,074 | INFO | epoch=26 batch=2700 global_step=9075 loss_reg_months=2.7003 lr=0.00003846 grad_norm=1.3563 throughput=17.17 img/s eta_seconds=105.5 gpu_alloc=367.7MiB gpu_reserved=3472.0MiB skipped_batches=0
2026-08-16 15:20:10,807 | INFO | epoch=26 batch=2725 global_step=9077 loss_reg_months=2.7003 lr=0.00003846 grad_norm=1.4536 throughput=17.17 img/s eta_seconds=99.7 gpu_alloc=476.3MiB gpu_reserved=3472.0MiB skipped_batches=0
2026-08-16 15:20:16,560 | INFO | epoch=26 batch=2750 global_step=9080 loss_reg_months=2.7050 lr=0.00003846 grad_norm=1.6307 throughput=17.17 img/s eta_seconds=93.8 gpu_alloc=476.3MiB gpu_reserved=3472.0MiB skipped_batches=0
2026-08-16 15:20:22,319 | INFO | epoch=26 batch=2775 global_step=9083 loss_reg_months=2.7029 lr=0.00003846 grad_norm=1.2450 throughput=17.17 img/s eta_seconds=88.0 gpu_alloc=476.3MiB gpu_reserved=3472.0MiB skipped_batches=0
2026-08-16 15:20:28,083 | INFO | epoch=26 batch=2800 global_step=9086 loss_reg_months=2.7069 lr=0.00003846 grad_norm=1.4480 throughput=17.17 img/s eta_seconds=82.2 gpu_alloc=476.3MiB gpu_reserved=3472.0MiB skipped_batches=0
2026-08-16 15:20:33,803 | INFO | epoch=26 batch=2825 global_step=9088 loss_reg_months=2.7105 lr=0.00003846 grad_norm=1.3973 throughput=17.18 img/s eta_seconds=76.3 gpu_alloc=476.3MiB gpu_reserved=3472.0MiB skipped_batches=0
2026-08-16 15:20:39,587 | INFO | epoch=26 batch=2850 global_step=9091 loss_reg_months=2.7110 lr=0.00003846 grad_norm=1.3752 throughput=17.18 img/s eta_seconds=70.5 gpu_alloc=476.3MiB gpu_reserved=3472.0MiB skipped_batches=0
2026-08-16 15:20:45,399 | INFO | epoch=26 batch=2875 global_step=9094 loss_reg_months=2.7107 lr=0.00003846 grad_norm=1.3746 throughput=17.18 img/s eta_seconds=64.7 gpu_alloc=476.3MiB gpu_reserved=3472.0MiB skipped_batches=0
2026-08-16 15:20:51,169 | INFO | epoch=26 batch=2900 global_step=9097 loss_reg_months=2.7052 lr=0.00003846 grad_norm=1.7829 throughput=17.18 img/s eta_seconds=58.8 gpu_alloc=476.3MiB gpu_reserved=3472.0MiB skipped_batches=0
2026-08-16 15:20:56,930 | INFO | epoch=26 batch=2925 global_step=9100 loss_reg_months=2.7014 lr=0.00003846 grad_norm=1.5861 throughput=17.18 img/s eta_seconds=53.0 gpu_alloc=367.7MiB gpu_reserved=3472.0MiB skipped_batches=0
2026-08-16 15:21:02,659 | INFO | epoch=26 batch=2950 global_step=9102 loss_reg_months=2.6981 lr=0.00003846 grad_norm=1.1930 throughput=17.18 img/s eta_seconds=47.2 gpu_alloc=476.3MiB gpu_reserved=3472.0MiB skipped_batches=0
2026-08-16 15:21:08,411 | INFO | epoch=26 batch=2975 global_step=9105 loss_reg_months=2.6995 lr=0.00003846 grad_norm=1.7136 throughput=17.19 img/s eta_seconds=41.4 gpu_alloc=476.3MiB gpu_reserved=3472.0MiB skipped_batches=0
2026-08-16 15:21:14,164 | INFO | epoch=26 batch=3000 global_step=9108 loss_reg_months=2.6967 lr=0.00003846 grad_norm=1.6058 throughput=17.19 img/s eta_seconds=35.5 gpu_alloc=476.3MiB gpu_reserved=3472.0MiB skipped_batches=0
2026-08-16 15:21:19,919 | INFO | epoch=26 batch=3025 global_step=9111 loss_reg_months=2.6986 lr=0.00003846 grad_norm=1.7532 throughput=17.19 img/s eta_seconds=29.7 gpu_alloc=476.3MiB gpu_reserved=3472.0MiB skipped_batches=0
2026-08-16 15:21:25,646 | INFO | epoch=26 batch=3050 global_step=9113 loss_reg_months=2.7004 lr=0.00003846 grad_norm=1.5667 throughput=17.19 img/s eta_seconds=23.9 gpu_alloc=476.3MiB gpu_reserved=3472.0MiB skipped_batches=0
2026-08-16 15:21:31,406 | INFO | epoch=26 batch=3075 global_step=9116 loss_reg_months=2.6960 lr=0.00003846 grad_norm=1.4534 throughput=17.19 img/s eta_seconds=18.1 gpu_alloc=476.3MiB gpu_reserved=3472.0MiB skipped_batches=0
2026-08-16 15:21:37,164 | INFO | epoch=26 batch=3100 global_step=9119 loss_reg_months=2.7024 lr=0.00003846 grad_norm=1.5795 throughput=17.19 img/s eta_seconds=12.3 gpu_alloc=476.3MiB gpu_reserved=3472.0MiB skipped_batches=0
2026-08-16 15:21:42,922 | INFO | epoch=26 batch=3125 global_step=9122 loss_reg_months=2.7033 lr=0.00003846 grad_norm=1.3918 throughput=17.20 img/s eta_seconds=6.5 gpu_alloc=476.3MiB gpu_reserved=3472.0MiB skipped_batches=0
2026-08-16 15:21:48,669 | INFO | epoch=26 batch=3150 global_step=9125 loss_reg_months=2.7020 lr=0.00003846 grad_norm=1.2184 throughput=17.20 img/s eta_seconds=0.6 gpu_alloc=367.7MiB gpu_reserved=3472.0MiB skipped_batches=0
2026-08-16 15:22:33,042 | INFO | 
TRAINING REVIEW SNAPSHOT
Run ID / config hash / split hash: P6_D0_CONVNEXT_TINY_768_SEED42 / 0e80cf6f780f / 7328667e6822+f650a20432b5
Epoch / global step: 26 / 9126
Train loss: 2.7009
Validation MAE / RMSE / median AE: 6.3761 / 8.5683 / 5.0000
MAE nam / nữ / age bins: {'F': 6.8218941717791415, 'M': 6.0001617076326} / {'0-59': 6.4361702127659575, '120-179': 6.379480840543882, '60-119': 6.847715736040609, '180-228': 4.859375}
Learning rate / peak VRAM: 0.00003846 / 3472.0 MiB
Best epoch / best MAE / epochs không cải thiện: 24 / 6.1834 / 2
Cảnh báo hiện tại: KHÔNG
Checkpoint gần nhất: p1_baseline\runs\P6_D0_CONVNEXT_TINY_768_SEED42\last.ckpt
Checkpoint tốt nhất: p1_baseline\runs\P6_D0_CONVNEXT_TINY_768_SEED42\best_mae.ckpt
Đề xuất tự động: TIẾP TỤC
2026-08-16 15:22:49,127 | INFO | epoch=27 batch=25 global_step=9128 loss_reg_months=2.3230 lr=0.00003174 grad_norm=1.1236 throughput=7.86 img/s eta_seconds=1592.6 gpu_alloc=476.3MiB gpu_reserved=3472.0MiB skipped_batches=0
2026-08-16 15:22:54,859 | INFO | epoch=27 batch=50 global_step=9131 loss_reg_months=2.2492 lr=0.00003174 grad_norm=1.6791 throughput=10.83 img/s eta_seconds=1145.7 gpu_alloc=476.3MiB gpu_reserved=3472.0MiB skipped_batches=0
2026-08-16 15:23:00,599 | INFO | epoch=27 batch=75 global_step=9134 loss_reg_months=2.2557 lr=0.00003174 grad_norm=1.3014 throughput=12.40 img/s eta_seconds=993.2 gpu_alloc=476.3MiB gpu_reserved=3472.0MiB skipped_batches=0
2026-08-16 15:23:06,453 | INFO | epoch=27 batch=100 global_step=9137 loss_reg_months=2.5767 lr=0.00003174 grad_norm=1.4142 throughput=13.31 img/s eta_seconds=917.5 gpu_alloc=476.3MiB gpu_reserved=3472.0MiB skipped_batches=0
2026-08-16 15:23:12,662 | INFO | epoch=27 batch=125 global_step=9139 loss_reg_months=2.5291 lr=0.00003174 grad_norm=1.2454 throughput=13.79 img/s eta_seconds=878.4 gpu_alloc=476.3MiB gpu_reserved=3472.0MiB skipped_batches=0
2026-08-16 15:23:18,600 | INFO | epoch=27 batch=150 global_step=9142 loss_reg_months=2.5557 lr=0.00003174 grad_norm=1.4011 throughput=14.22 img/s eta_seconds=844.9 gpu_alloc=476.3MiB gpu_reserved=3472.0MiB skipped_batches=0
2026-08-16 15:23:24,387 | INFO | epoch=27 batch=175 global_step=9145 loss_reg_months=2.6457 lr=0.00003174 grad_norm=1.6222 throughput=14.59 img/s eta_seconds=816.6 gpu_alloc=476.3MiB gpu_reserved=3472.0MiB skipped_batches=0
2026-08-16 15:23:30,291 | INFO | epoch=27 batch=200 global_step=9148 loss_reg_months=2.5776 lr=0.00003174 grad_norm=1.2578 throughput=14.84 img/s eta_seconds=795.7 gpu_alloc=476.3MiB gpu_reserved=3472.0MiB skipped_batches=0
2026-08-16 15:23:36,057 | INFO | epoch=27 batch=225 global_step=9151 loss_reg_months=2.5342 lr=0.00003174 grad_norm=1.7502 throughput=15.09 img/s eta_seconds=776.3 gpu_alloc=367.7MiB gpu_reserved=3472.0MiB skipped_batches=0
2026-08-16 15:23:41,828 | INFO | epoch=27 batch=250 global_step=9153 loss_reg_months=2.5565 lr=0.00003174 grad_norm=1.6718 throughput=15.28 img/s eta_seconds=759.7 gpu_alloc=476.3MiB gpu_reserved=3472.0MiB skipped_batches=0
2026-08-16 15:23:47,628 | INFO | epoch=27 batch=275 global_step=9156 loss_reg_months=2.5593 lr=0.00003174 grad_norm=1.6301 throughput=15.44 img/s eta_seconds=745.4 gpu_alloc=476.3MiB gpu_reserved=3472.0MiB skipped_batches=0
2026-08-16 15:23:53,513 | INFO | epoch=27 batch=300 global_step=9159 loss_reg_months=2.5306 lr=0.00003174 grad_norm=1.6980 throughput=15.56 img/s eta_seconds=733.3 gpu_alloc=476.3MiB gpu_reserved=3472.0MiB skipped_batches=0
2026-08-16 15:23:59,274 | INFO | epoch=27 batch=325 global_step=9162 loss_reg_months=2.5440 lr=0.00003174 grad_norm=1.5692 throughput=15.69 img/s eta_seconds=721.1 gpu_alloc=476.3MiB gpu_reserved=3472.0MiB skipped_batches=0
2026-08-16 15:24:05,009 | INFO | epoch=27 batch=350 global_step=9164 loss_reg_months=2.4910 lr=0.00003174 grad_norm=1.2573 throughput=15.80 img/s eta_seconds=709.6 gpu_alloc=476.3MiB gpu_reserved=3472.0MiB skipped_batches=0
2026-08-16 15:24:10,795 | INFO | epoch=27 batch=375 global_step=9167 loss_reg_months=2.5259 lr=0.00003174 grad_norm=1.3162 throughput=15.89 img/s eta_seconds=699.2 gpu_alloc=476.3MiB gpu_reserved=3472.0MiB skipped_batches=0
2026-08-16 15:24:16,580 | INFO | epoch=27 batch=400 global_step=9170 loss_reg_months=2.5333 lr=0.00003174 grad_norm=1.5467 throughput=15.97 img/s eta_seconds=689.5 gpu_alloc=476.3MiB gpu_reserved=3472.0MiB skipped_batches=0
2026-08-16 15:24:22,347 | INFO | epoch=27 batch=425 global_step=9173 loss_reg_months=2.5196 lr=0.00003174 grad_norm=1.2787 throughput=16.05 img/s eta_seconds=680.0 gpu_alloc=476.3MiB gpu_reserved=3472.0MiB skipped_batches=0
2026-08-16 15:24:28,109 | INFO | epoch=27 batch=450 global_step=9176 loss_reg_months=2.5040 lr=0.00003174 grad_norm=1.1450 throughput=16.11 img/s eta_seconds=671.0 gpu_alloc=367.7MiB gpu_reserved=3472.0MiB skipped_batches=0
2026-08-16 15:24:33,945 | INFO | epoch=27 batch=475 global_step=9178 loss_reg_months=2.4949 lr=0.00003174 grad_norm=1.4191 throughput=16.16 img/s eta_seconds=662.7 gpu_alloc=476.3MiB gpu_reserved=3472.0MiB skipped_batches=0
2026-08-16 15:24:39,766 | INFO | epoch=27 batch=500 global_step=9181 loss_reg_months=2.5009 lr=0.00003174 grad_norm=1.1191 throughput=16.21 img/s eta_seconds=654.5 gpu_alloc=476.3MiB gpu_reserved=3472.0MiB skipped_batches=0
2026-08-16 15:24:45,558 | INFO | epoch=27 batch=525 global_step=9184 loss_reg_months=2.5020 lr=0.00003174 grad_norm=1.5666 throughput=16.26 img/s eta_seconds=646.5 gpu_alloc=476.3MiB gpu_reserved=3472.0MiB skipped_batches=0
2026-08-16 15:24:51,333 | INFO | epoch=27 batch=550 global_step=9187 loss_reg_months=2.5063 lr=0.00003174 grad_norm=1.5137 throughput=16.30 img/s eta_seconds=638.6 gpu_alloc=476.3MiB gpu_reserved=3472.0MiB skipped_batches=0
2026-08-16 15:24:57,114 | INFO | epoch=27 batch=575 global_step=9189 loss_reg_months=2.5200 lr=0.00003174 grad_norm=1.4012 throughput=16.34 img/s eta_seconds=630.8 gpu_alloc=476.3MiB gpu_reserved=3472.0MiB skipped_batches=0
2026-08-16 15:25:02,893 | INFO | epoch=27 batch=600 global_step=9192 loss_reg_months=2.5251 lr=0.00003174 grad_norm=1.1397 throughput=16.38 img/s eta_seconds=623.3 gpu_alloc=476.3MiB gpu_reserved=3472.0MiB skipped_batches=0
2026-08-16 15:25:08,851 | INFO | epoch=27 batch=625 global_step=9195 loss_reg_months=2.5553 lr=0.00003174 grad_norm=1.3917 throughput=16.40 img/s eta_seconds=616.6 gpu_alloc=476.3MiB gpu_reserved=3472.0MiB skipped_batches=0
2026-08-16 15:25:14,634 | INFO | epoch=27 batch=650 global_step=9198 loss_reg_months=2.5666 lr=0.00003174 grad_norm=1.2076 throughput=16.43 img/s eta_seconds=609.3 gpu_alloc=476.3MiB gpu_reserved=3472.0MiB skipped_batches=0
2026-08-16 15:25:20,413 | INFO | epoch=27 batch=675 global_step=9201 loss_reg_months=2.5588 lr=0.00003174 grad_norm=1.4095 throughput=16.46 img/s eta_seconds=602.1 gpu_alloc=367.7MiB gpu_reserved=3472.0MiB skipped_batches=0
2026-08-16 15:25:26,156 | INFO | epoch=27 batch=700 global_step=9203 loss_reg_months=2.5785 lr=0.00003174 grad_norm=1.2217 throughput=16.49 img/s eta_seconds=594.8 gpu_alloc=476.3MiB gpu_reserved=3472.0MiB skipped_batches=0
2026-08-16 15:25:31,926 | INFO | epoch=27 batch=725 global_step=9206 loss_reg_months=2.5743 lr=0.00003174 grad_norm=1.4084 throughput=16.52 img/s eta_seconds=587.8 gpu_alloc=476.3MiB gpu_reserved=3472.0MiB skipped_batches=0
2026-08-16 15:25:37,686 | INFO | epoch=27 batch=750 global_step=9209 loss_reg_months=2.5801 lr=0.00003174 grad_norm=1.3878 throughput=16.55 img/s eta_seconds=580.8 gpu_alloc=476.3MiB gpu_reserved=3472.0MiB skipped_batches=0
2026-08-16 15:25:43,463 | INFO | epoch=27 batch=775 global_step=9212 loss_reg_months=2.5814 lr=0.00003174 grad_norm=2.0728 throughput=16.57 img/s eta_seconds=573.9 gpu_alloc=476.3MiB gpu_reserved=3472.0MiB skipped_batches=0
2026-08-16 15:25:49,202 | INFO | epoch=27 batch=800 global_step=9214 loss_reg_months=2.5774 lr=0.00003174 grad_norm=1.5095 throughput=16.60 img/s eta_seconds=567.0 gpu_alloc=476.3MiB gpu_reserved=3472.0MiB skipped_batches=0
2026-08-16 15:25:54,966 | INFO | epoch=27 batch=825 global_step=9217 loss_reg_months=2.5723 lr=0.00003174 grad_norm=1.5927 throughput=16.62 img/s eta_seconds=560.3 gpu_alloc=476.3MiB gpu_reserved=3472.0MiB skipped_batches=0
2026-08-16 15:26:00,728 | INFO | epoch=27 batch=850 global_step=9220 loss_reg_months=2.5809 lr=0.00003174 grad_norm=1.2125 throughput=16.64 img/s eta_seconds=553.6 gpu_alloc=476.3MiB gpu_reserved=3472.0MiB skipped_batches=0
2026-08-16 15:26:06,495 | INFO | epoch=27 batch=875 global_step=9223 loss_reg_months=2.5784 lr=0.00003174 grad_norm=1.4263 throughput=16.66 img/s eta_seconds=546.9 gpu_alloc=476.3MiB gpu_reserved=3472.0MiB skipped_batches=0
2026-08-16 15:26:12,267 | INFO | epoch=27 batch=900 global_step=9226 loss_reg_months=2.5851 lr=0.00003174 grad_norm=1.3272 throughput=16.68 img/s eta_seconds=540.3 gpu_alloc=367.7MiB gpu_reserved=3472.0MiB skipped_batches=0
2026-08-16 15:26:18,008 | INFO | epoch=27 batch=925 global_step=9228 loss_reg_months=2.5890 lr=0.00003174 grad_norm=1.5883 throughput=16.70 img/s eta_seconds=533.7 gpu_alloc=476.3MiB gpu_reserved=3472.0MiB skipped_batches=0
2026-08-16 15:26:23,779 | INFO | epoch=27 batch=950 global_step=9231 loss_reg_months=2.5835 lr=0.00003174 grad_norm=1.6828 throughput=16.71 img/s eta_seconds=527.2 gpu_alloc=476.3MiB gpu_reserved=3472.0MiB skipped_batches=0
2026-08-16 15:26:29,560 | INFO | epoch=27 batch=975 global_step=9234 loss_reg_months=2.5842 lr=0.00003174 grad_norm=1.4605 throughput=16.73 img/s eta_seconds=520.8 gpu_alloc=476.3MiB gpu_reserved=3472.0MiB skipped_batches=0
2026-08-16 15:26:35,339 | INFO | epoch=27 batch=1000 global_step=9237 loss_reg_months=2.5883 lr=0.00003174 grad_norm=1.2654 throughput=16.74 img/s eta_seconds=514.4 gpu_alloc=476.3MiB gpu_reserved=3472.0MiB skipped_batches=0
2026-08-16 15:26:41,087 | INFO | epoch=27 batch=1025 global_step=9239 loss_reg_months=2.5972 lr=0.00003174 grad_norm=1.8826 throughput=16.76 img/s eta_seconds=507.9 gpu_alloc=476.3MiB gpu_reserved=3472.0MiB skipped_batches=0
2026-08-16 15:26:46,885 | INFO | epoch=27 batch=1050 global_step=9242 loss_reg_months=2.5907 lr=0.00003174 grad_norm=1.2495 throughput=16.77 img/s eta_seconds=501.6 gpu_alloc=476.3MiB gpu_reserved=3472.0MiB skipped_batches=0
2026-08-16 15:26:52,680 | INFO | epoch=27 batch=1075 global_step=9245 loss_reg_months=2.5868 lr=0.00003174 grad_norm=1.3745 throughput=16.78 img/s eta_seconds=495.3 gpu_alloc=476.3MiB gpu_reserved=3472.0MiB skipped_batches=0
2026-08-16 15:26:58,486 | INFO | epoch=27 batch=1100 global_step=9248 loss_reg_months=2.5862 lr=0.00003174 grad_norm=1.2611 throughput=16.79 img/s eta_seconds=489.1 gpu_alloc=476.3MiB gpu_reserved=3472.0MiB skipped_batches=0
2026-08-16 15:27:04,470 | INFO | epoch=27 batch=1125 global_step=9251 loss_reg_months=2.5858 lr=0.00003174 grad_norm=1.4161 throughput=16.79 img/s eta_seconds=483.2 gpu_alloc=367.7MiB gpu_reserved=3472.0MiB skipped_batches=0
2026-08-16 15:27:10,202 | INFO | epoch=27 batch=1150 global_step=9253 loss_reg_months=2.5941 lr=0.00003174 grad_norm=1.2033 throughput=16.80 img/s eta_seconds=476.8 gpu_alloc=476.3MiB gpu_reserved=3472.0MiB skipped_batches=0
2026-08-16 15:27:15,969 | INFO | epoch=27 batch=1175 global_step=9256 loss_reg_months=2.6061 lr=0.00003174 grad_norm=1.2460 throughput=16.81 img/s eta_seconds=470.6 gpu_alloc=476.3MiB gpu_reserved=3472.0MiB skipped_batches=0
2026-08-16 15:27:21,738 | INFO | epoch=27 batch=1200 global_step=9259 loss_reg_months=2.6238 lr=0.00003174 grad_norm=1.4973 throughput=16.82 img/s eta_seconds=464.3 gpu_alloc=476.3MiB gpu_reserved=3472.0MiB skipped_batches=0
2026-08-16 15:27:27,580 | INFO | epoch=27 batch=1225 global_step=9262 loss_reg_months=2.6273 lr=0.00003174 grad_norm=1.1895 throughput=16.83 img/s eta_seconds=458.2 gpu_alloc=476.3MiB gpu_reserved=3472.0MiB skipped_batches=0
2026-08-16 15:27:33,384 | INFO | epoch=27 batch=1250 global_step=9264 loss_reg_months=2.6328 lr=0.00003174 grad_norm=1.4248 throughput=16.84 img/s eta_seconds=452.1 gpu_alloc=476.3MiB gpu_reserved=3472.0MiB skipped_batches=0
2026-08-16 15:27:39,146 | INFO | epoch=27 batch=1275 global_step=9267 loss_reg_months=2.6333 lr=0.00003174 grad_norm=1.6814 throughput=16.85 img/s eta_seconds=445.9 gpu_alloc=476.3MiB gpu_reserved=3472.0MiB skipped_batches=0
2026-08-16 15:27:44,901 | INFO | epoch=27 batch=1300 global_step=9270 loss_reg_months=2.6287 lr=0.00003174 grad_norm=1.4481 throughput=16.86 img/s eta_seconds=439.7 gpu_alloc=476.3MiB gpu_reserved=3472.0MiB skipped_batches=0
2026-08-16 15:27:50,664 | INFO | epoch=27 batch=1325 global_step=9273 loss_reg_months=2.6236 lr=0.00003174 grad_norm=1.5650 throughput=16.86 img/s eta_seconds=433.5 gpu_alloc=476.3MiB gpu_reserved=3472.0MiB skipped_batches=0
2026-08-16 15:27:56,440 | INFO | epoch=27 batch=1350 global_step=9276 loss_reg_months=2.6249 lr=0.00003174 grad_norm=1.4421 throughput=16.87 img/s eta_seconds=427.4 gpu_alloc=367.7MiB gpu_reserved=3472.0MiB skipped_batches=0
2026-08-16 15:28:02,229 | INFO | epoch=27 batch=1375 global_step=9278 loss_reg_months=2.6222 lr=0.00003174 grad_norm=1.7139 throughput=16.88 img/s eta_seconds=421.3 gpu_alloc=476.3MiB gpu_reserved=3472.0MiB skipped_batches=0
2026-08-16 15:28:07,990 | INFO | epoch=27 batch=1400 global_step=9281 loss_reg_months=2.6251 lr=0.00003174 grad_norm=1.3024 throughput=16.89 img/s eta_seconds=415.1 gpu_alloc=476.3MiB gpu_reserved=3472.0MiB skipped_batches=0
2026-08-16 15:28:13,735 | INFO | epoch=27 batch=1425 global_step=9284 loss_reg_months=2.6221 lr=0.00003174 grad_norm=1.5453 throughput=16.90 img/s eta_seconds=409.0 gpu_alloc=476.3MiB gpu_reserved=3472.0MiB skipped_batches=0
2026-08-16 15:28:19,499 | INFO | epoch=27 batch=1450 global_step=9287 loss_reg_months=2.6209 lr=0.00003174 grad_norm=1.2785 throughput=16.90 img/s eta_seconds=402.9 gpu_alloc=476.3MiB gpu_reserved=3472.0MiB skipped_batches=0
2026-08-16 15:28:25,233 | INFO | epoch=27 batch=1475 global_step=9289 loss_reg_months=2.6216 lr=0.00003174 grad_norm=1.2402 throughput=16.91 img/s eta_seconds=396.8 gpu_alloc=476.3MiB gpu_reserved=3472.0MiB skipped_batches=0
2026-08-16 15:28:31,001 | INFO | epoch=27 batch=1500 global_step=9292 loss_reg_months=2.6181 lr=0.00003174 grad_norm=1.3017 throughput=16.92 img/s eta_seconds=390.7 gpu_alloc=476.3MiB gpu_reserved=3472.0MiB skipped_batches=0
2026-08-16 15:28:36,752 | INFO | epoch=27 batch=1525 global_step=9295 loss_reg_months=2.6255 lr=0.00003174 grad_norm=1.3852 throughput=16.93 img/s eta_seconds=384.6 gpu_alloc=476.3MiB gpu_reserved=3472.0MiB skipped_batches=0
2026-08-16 15:28:42,528 | INFO | epoch=27 batch=1550 global_step=9298 loss_reg_months=2.6151 lr=0.00003174 grad_norm=1.3075 throughput=16.93 img/s eta_seconds=378.6 gpu_alloc=476.3MiB gpu_reserved=3472.0MiB skipped_batches=0
2026-08-16 15:28:48,302 | INFO | epoch=27 batch=1575 global_step=9301 loss_reg_months=2.6199 lr=0.00003174 grad_norm=1.9805 throughput=16.94 img/s eta_seconds=372.6 gpu_alloc=367.7MiB gpu_reserved=3472.0MiB skipped_batches=0
2026-08-16 15:28:54,024 | INFO | epoch=27 batch=1600 global_step=9303 loss_reg_months=2.6209 lr=0.00003174 grad_norm=1.5686 throughput=16.95 img/s eta_seconds=366.5 gpu_alloc=476.3MiB gpu_reserved=3472.0MiB skipped_batches=0
2026-08-16 15:29:02,997 | INFO | epoch=27 batch=1625 global_step=9306 loss_reg_months=2.6110 lr=0.00003174 grad_norm=1.2133 throughput=16.81 img/s eta_seconds=363.5 gpu_alloc=476.3MiB gpu_reserved=3472.0MiB skipped_batches=0
2026-08-16 15:29:18,837 | INFO | epoch=27 batch=1650 global_step=9309 loss_reg_months=2.6136 lr=0.00003174 grad_norm=1.7900 throughput=16.40 img/s eta_seconds=366.5 gpu_alloc=476.3MiB gpu_reserved=3472.0MiB skipped_batches=0
2026-08-16 15:29:29,188 | INFO | epoch=27 batch=1675 global_step=9312 loss_reg_months=2.6122 lr=0.00003174 grad_norm=1.4802 throughput=16.23 img/s eta_seconds=364.2 gpu_alloc=476.3MiB gpu_reserved=3472.0MiB skipped_batches=0
2026-08-16 15:29:45,871 | INFO | epoch=27 batch=1700 global_step=9314 loss_reg_months=2.6020 lr=0.00003174 grad_norm=1.1298 throughput=15.83 img/s eta_seconds=367.0 gpu_alloc=476.3MiB gpu_reserved=3472.0MiB skipped_batches=0
2026-08-16 15:29:54,829 | INFO | epoch=27 batch=1725 global_step=9317 loss_reg_months=2.6042 lr=0.00003174 grad_norm=1.3813 throughput=15.74 img/s eta_seconds=362.9 gpu_alloc=476.3MiB gpu_reserved=3472.0MiB skipped_batches=0
2026-08-16 15:30:03,210 | INFO | epoch=27 batch=1750 global_step=9320 loss_reg_months=2.6079 lr=0.00003174 grad_norm=1.3235 throughput=15.67 img/s eta_seconds=358.2 gpu_alloc=476.3MiB gpu_reserved=3472.0MiB skipped_batches=0
2026-08-16 15:30:11,547 | INFO | epoch=27 batch=1775 global_step=9323 loss_reg_months=2.6042 lr=0.00003174 grad_norm=1.5398 throughput=15.60 img/s eta_seconds=353.3 gpu_alloc=476.3MiB gpu_reserved=3472.0MiB skipped_batches=0
2026-08-16 15:30:19,733 | INFO | epoch=27 batch=1800 global_step=9326 loss_reg_months=2.6043 lr=0.00003174 grad_norm=1.3661 throughput=15.54 img/s eta_seconds=348.2 gpu_alloc=367.7MiB gpu_reserved=3472.0MiB skipped_batches=0
2026-08-16 15:30:29,904 | INFO | epoch=27 batch=1825 global_step=9328 loss_reg_months=2.6115 lr=0.00003174 grad_norm=1.3134 throughput=15.42 img/s eta_seconds=344.5 gpu_alloc=476.3MiB gpu_reserved=3472.0MiB skipped_batches=0
2026-08-16 15:30:39,694 | INFO | epoch=27 batch=1850 global_step=9331 loss_reg_months=2.6142 lr=0.00003174 grad_norm=1.3384 throughput=15.31 img/s eta_seconds=340.3 gpu_alloc=476.3MiB gpu_reserved=3472.0MiB skipped_batches=0
2026-08-16 15:30:49,545 | INFO | epoch=27 batch=1875 global_step=9334 loss_reg_months=2.6076 lr=0.00003174 grad_norm=1.3604 throughput=15.21 img/s eta_seconds=336.1 gpu_alloc=476.3MiB gpu_reserved=3472.0MiB skipped_batches=0
2026-08-16 15:31:00,001 | INFO | epoch=27 batch=1900 global_step=9337 loss_reg_months=2.6064 lr=0.00003174 grad_norm=1.1757 throughput=15.09 img/s eta_seconds=332.0 gpu_alloc=476.3MiB gpu_reserved=3472.0MiB skipped_batches=0
2026-08-16 15:31:10,291 | INFO | epoch=27 batch=1925 global_step=9339 loss_reg_months=2.5988 lr=0.00003174 grad_norm=1.5413 throughput=14.98 img/s eta_seconds=327.8 gpu_alloc=476.3MiB gpu_reserved=3472.0MiB skipped_batches=0
2026-08-16 15:31:20,819 | INFO | epoch=27 batch=1950 global_step=9342 loss_reg_months=2.5965 lr=0.00003174 grad_norm=1.5522 throughput=14.87 img/s eta_seconds=323.5 gpu_alloc=476.3MiB gpu_reserved=3472.0MiB skipped_batches=0
2026-08-16 15:31:33,770 | INFO | epoch=27 batch=1975 global_step=9345 loss_reg_months=2.5968 lr=0.00003174 grad_norm=1.3892 throughput=14.70 img/s eta_seconds=320.5 gpu_alloc=476.3MiB gpu_reserved=3472.0MiB skipped_batches=0
2026-08-16 15:31:46,838 | INFO | epoch=27 batch=2000 global_step=9348 loss_reg_months=2.6014 lr=0.00003174 grad_norm=1.3837 throughput=14.53 img/s eta_seconds=317.3 gpu_alloc=476.3MiB gpu_reserved=3472.0MiB skipped_batches=0
2026-08-16 15:31:55,581 | INFO | epoch=27 batch=2025 global_step=9351 loss_reg_months=2.5937 lr=0.00003174 grad_norm=1.2549 throughput=14.49 img/s eta_seconds=311.4 gpu_alloc=367.7MiB gpu_reserved=3472.0MiB skipped_batches=0
2026-08-16 15:32:04,339 | INFO | epoch=27 batch=2050 global_step=9353 loss_reg_months=2.5956 lr=0.00003174 grad_norm=1.3281 throughput=14.44 img/s eta_seconds=305.5 gpu_alloc=476.3MiB gpu_reserved=3472.0MiB skipped_batches=0
2026-08-16 15:32:14,800 | INFO | epoch=27 batch=2075 global_step=9356 loss_reg_months=2.5922 lr=0.00003174 grad_norm=1.4465 throughput=14.35 img/s eta_seconds=300.4 gpu_alloc=476.3MiB gpu_reserved=3472.0MiB skipped_batches=0
2026-08-16 15:32:25,193 | INFO | epoch=27 batch=2100 global_step=9359 loss_reg_months=2.5948 lr=0.00003174 grad_norm=1.4570 throughput=14.27 img/s eta_seconds=295.2 gpu_alloc=476.3MiB gpu_reserved=3472.0MiB skipped_batches=0
2026-08-16 15:32:35,519 | INFO | epoch=27 batch=2125 global_step=9362 loss_reg_months=2.5928 lr=0.00003174 grad_norm=1.4975 throughput=14.19 img/s eta_seconds=289.8 gpu_alloc=476.3MiB gpu_reserved=3472.0MiB skipped_batches=0
2026-08-16 15:32:45,254 | INFO | epoch=27 batch=2150 global_step=9364 loss_reg_months=2.5986 lr=0.00003174 grad_norm=1.3617 throughput=14.12 img/s eta_seconds=284.0 gpu_alloc=476.3MiB gpu_reserved=3472.0MiB skipped_batches=0
2026-08-16 15:32:55,474 | INFO | epoch=27 batch=2175 global_step=9367 loss_reg_months=2.6019 lr=0.00003174 grad_norm=1.6004 throughput=14.05 img/s eta_seconds=278.3 gpu_alloc=476.3MiB gpu_reserved=3472.0MiB skipped_batches=0
2026-08-16 15:33:06,621 | INFO | epoch=27 batch=2200 global_step=9370 loss_reg_months=2.6033 lr=0.00003174 grad_norm=1.8384 throughput=13.96 img/s eta_seconds=272.9 gpu_alloc=476.3MiB gpu_reserved=3472.0MiB skipped_batches=0
2026-08-16 15:33:17,646 | INFO | epoch=27 batch=2225 global_step=9373 loss_reg_months=2.6055 lr=0.00003174 grad_norm=1.4849 throughput=13.88 img/s eta_seconds=267.4 gpu_alloc=476.3MiB gpu_reserved=3472.0MiB skipped_batches=0
2026-08-16 15:33:31,300 | INFO | epoch=27 batch=2250 global_step=9376 loss_reg_months=2.6027 lr=0.00003174 grad_norm=1.5105 throughput=13.74 img/s eta_seconds=262.8 gpu_alloc=367.7MiB gpu_reserved=3472.0MiB skipped_batches=0
2026-08-16 15:33:41,620 | INFO | epoch=27 batch=2275 global_step=9378 loss_reg_months=2.6027 lr=0.00003174 grad_norm=1.0214 throughput=13.68 img/s eta_seconds=256.7 gpu_alloc=476.3MiB gpu_reserved=3472.0MiB skipped_batches=0
2026-08-16 15:33:50,656 | INFO | epoch=27 batch=2300 global_step=9381 loss_reg_months=2.6006 lr=0.00003174 grad_norm=1.3177 throughput=13.64 img/s eta_seconds=250.0 gpu_alloc=476.3MiB gpu_reserved=3472.0MiB skipped_batches=0
2026-08-16 15:33:59,005 | INFO | epoch=27 batch=2325 global_step=9384 loss_reg_months=2.6021 lr=0.00003174 grad_norm=1.3425 throughput=13.62 img/s eta_seconds=243.0 gpu_alloc=476.3MiB gpu_reserved=3472.0MiB skipped_batches=0
2026-08-16 15:34:10,469 | INFO | epoch=27 batch=2350 global_step=9387 loss_reg_months=2.5996 lr=0.00003174 grad_norm=1.4827 throughput=13.54 img/s eta_seconds=237.1 gpu_alloc=476.3MiB gpu_reserved=3472.0MiB skipped_batches=0
2026-08-16 15:34:19,865 | INFO | epoch=27 batch=2375 global_step=9389 loss_reg_months=2.5964 lr=0.00003174 grad_norm=1.7275 throughput=13.50 img/s eta_seconds=230.4 gpu_alloc=476.3MiB gpu_reserved=3472.0MiB skipped_batches=0
2026-08-16 15:34:31,424 | INFO | epoch=27 batch=2400 global_step=9392 loss_reg_months=2.5987 lr=0.00003174 grad_norm=1.7155 throughput=13.43 img/s eta_seconds=224.3 gpu_alloc=476.3MiB gpu_reserved=3472.0MiB skipped_batches=0
2026-08-16 15:34:41,396 | INFO | epoch=27 batch=2425 global_step=9395 loss_reg_months=2.6009 lr=0.00003174 grad_norm=1.5567 throughput=13.38 img/s eta_seconds=217.6 gpu_alloc=476.3MiB gpu_reserved=3472.0MiB skipped_batches=0
2026-08-16 15:34:59,117 | INFO | epoch=27 batch=2450 global_step=9398 loss_reg_months=2.6047 lr=0.00003174 grad_norm=1.3950 throughput=13.19 img/s eta_seconds=213.0 gpu_alloc=476.3MiB gpu_reserved=3472.0MiB skipped_batches=0
2026-08-16 15:35:13,128 | INFO | epoch=27 batch=2475 global_step=9401 loss_reg_months=2.6038 lr=0.00003174 grad_norm=2.1334 throughput=13.08 img/s eta_seconds=207.2 gpu_alloc=367.7MiB gpu_reserved=3472.0MiB skipped_batches=0
2026-08-16 15:35:23,364 | INFO | epoch=27 batch=2500 global_step=9403 loss_reg_months=2.6033 lr=0.00003174 grad_norm=1.3375 throughput=13.04 img/s eta_seconds=200.3 gpu_alloc=476.3MiB gpu_reserved=3472.0MiB skipped_batches=0
2026-08-16 15:35:32,305 | INFO | epoch=27 batch=2525 global_step=9406 loss_reg_months=2.5981 lr=0.00003174 grad_norm=1.4659 throughput=13.02 img/s eta_seconds=192.9 gpu_alloc=476.3MiB gpu_reserved=3472.0MiB skipped_batches=0
2026-08-16 15:35:41,001 | INFO | epoch=27 batch=2550 global_step=9409 loss_reg_months=2.5974 lr=0.00003174 grad_norm=1.2344 throughput=13.00 img/s eta_seconds=185.5 gpu_alloc=476.3MiB gpu_reserved=3472.0MiB skipped_batches=0
2026-08-16 15:35:50,768 | INFO | epoch=27 batch=2575 global_step=9412 loss_reg_months=2.5975 lr=0.00003174 grad_norm=1.6738 throughput=12.97 img/s eta_seconds=178.2 gpu_alloc=476.3MiB gpu_reserved=3472.0MiB skipped_batches=0
2026-08-16 15:36:00,587 | INFO | epoch=27 batch=2600 global_step=9414 loss_reg_months=2.6000 lr=0.00003174 grad_norm=1.3133 throughput=12.93 img/s eta_seconds=171.0 gpu_alloc=476.3MiB gpu_reserved=3472.0MiB skipped_batches=0
2026-08-16 15:36:09,250 | INFO | epoch=27 batch=2625 global_step=9417 loss_reg_months=2.5914 lr=0.00003174 grad_norm=1.8258 throughput=12.92 img/s eta_seconds=163.4 gpu_alloc=476.3MiB gpu_reserved=3472.0MiB skipped_batches=0
2026-08-16 15:36:18,949 | INFO | epoch=27 batch=2650 global_step=9420 loss_reg_months=2.5911 lr=0.00003174 grad_norm=1.4464 throughput=12.89 img/s eta_seconds=156.1 gpu_alloc=476.3MiB gpu_reserved=3472.0MiB skipped_batches=0
2026-08-16 15:36:29,331 | INFO | epoch=27 batch=2675 global_step=9423 loss_reg_months=2.5888 lr=0.00003174 grad_norm=1.6246 throughput=12.85 img/s eta_seconds=148.8 gpu_alloc=476.3MiB gpu_reserved=3472.0MiB skipped_batches=0
2026-08-16 15:36:38,688 | INFO | epoch=27 batch=2700 global_step=9426 loss_reg_months=2.5831 lr=0.00003174 grad_norm=1.5926 throughput=12.82 img/s eta_seconds=141.2 gpu_alloc=367.7MiB gpu_reserved=3472.0MiB skipped_batches=0
2026-08-16 15:36:50,598 | INFO | epoch=27 batch=2725 global_step=9428 loss_reg_months=2.5848 lr=0.00003174 grad_norm=1.7581 throughput=12.76 img/s eta_seconds=134.1 gpu_alloc=476.3MiB gpu_reserved=3472.0MiB skipped_batches=0
2026-08-16 15:37:03,338 | INFO | epoch=27 batch=2750 global_step=9431 loss_reg_months=2.5808 lr=0.00003174 grad_norm=1.2712 throughput=12.69 img/s eta_seconds=127.0 gpu_alloc=476.3MiB gpu_reserved=3472.0MiB skipped_batches=0
2026-08-16 15:37:13,628 | INFO | epoch=27 batch=2775 global_step=9434 loss_reg_months=2.5838 lr=0.00003174 grad_norm=1.5703 throughput=12.65 img/s eta_seconds=119.4 gpu_alloc=476.3MiB gpu_reserved=3472.0MiB skipped_batches=0
2026-08-16 15:37:23,580 | INFO | epoch=27 batch=2800 global_step=9437 loss_reg_months=2.5828 lr=0.00003174 grad_norm=1.8296 throughput=12.62 img/s eta_seconds=111.8 gpu_alloc=476.3MiB gpu_reserved=3472.0MiB skipped_batches=0
2026-08-16 15:37:33,650 | INFO | epoch=27 batch=2825 global_step=9439 loss_reg_months=2.5819 lr=0.00003174 grad_norm=1.4456 throughput=12.59 img/s eta_seconds=104.1 gpu_alloc=476.3MiB gpu_reserved=3472.0MiB skipped_batches=0
2026-08-16 15:37:44,536 | INFO | epoch=27 batch=2850 global_step=9442 loss_reg_months=2.5827 lr=0.00003174 grad_norm=1.7695 throughput=12.55 img/s eta_seconds=96.5 gpu_alloc=476.3MiB gpu_reserved=3472.0MiB skipped_batches=0
2026-08-16 15:37:53,239 | INFO | epoch=27 batch=2875 global_step=9445 loss_reg_months=2.5821 lr=0.00003174 grad_norm=1.2311 throughput=12.54 img/s eta_seconds=88.6 gpu_alloc=476.3MiB gpu_reserved=3472.0MiB skipped_batches=0
2026-08-16 15:38:02,886 | INFO | epoch=27 batch=2900 global_step=9448 loss_reg_months=2.5860 lr=0.00003174 grad_norm=1.8578 throughput=12.52 img/s eta_seconds=80.7 gpu_alloc=476.3MiB gpu_reserved=3472.0MiB skipped_batches=0
2026-08-16 15:38:13,141 | INFO | epoch=27 batch=2925 global_step=9451 loss_reg_months=2.5901 lr=0.00003174 grad_norm=1.7313 throughput=12.49 img/s eta_seconds=72.9 gpu_alloc=367.7MiB gpu_reserved=3472.0MiB skipped_batches=0
2026-08-16 15:38:35,995 | INFO | epoch=27 batch=2950 global_step=9453 loss_reg_months=2.5885 lr=0.00003174 grad_norm=1.3940 throughput=12.30 img/s eta_seconds=66.0 gpu_alloc=476.3MiB gpu_reserved=3472.0MiB skipped_batches=0
2026-08-16 15:38:54,358 | INFO | epoch=27 batch=2975 global_step=9456 loss_reg_months=2.5901 lr=0.00003174 grad_norm=1.4885 throughput=12.17 img/s eta_seconds=58.4 gpu_alloc=476.3MiB gpu_reserved=3472.0MiB skipped_batches=0
2026-08-16 15:39:06,498 | INFO | epoch=27 batch=3000 global_step=9459 loss_reg_months=2.5856 lr=0.00003174 grad_norm=1.3787 throughput=12.12 img/s eta_seconds=50.4 gpu_alloc=476.3MiB gpu_reserved=3472.0MiB skipped_batches=0
2026-08-16 15:39:18,670 | INFO | epoch=27 batch=3025 global_step=9462 loss_reg_months=2.5815 lr=0.00003174 grad_norm=1.4436 throughput=12.07 img/s eta_seconds=42.3 gpu_alloc=476.3MiB gpu_reserved=3472.0MiB skipped_batches=0
2026-08-16 15:39:32,093 | INFO | epoch=27 batch=3050 global_step=9464 loss_reg_months=2.5822 lr=0.00003174 grad_norm=1.3772 throughput=12.01 img/s eta_seconds=34.2 gpu_alloc=476.3MiB gpu_reserved=3472.0MiB skipped_batches=0
2026-08-16 15:39:44,616 | INFO | epoch=27 batch=3075 global_step=9467 loss_reg_months=2.5798 lr=0.00003174 grad_norm=1.4124 throughput=11.96 img/s eta_seconds=26.0 gpu_alloc=476.3MiB gpu_reserved=3472.0MiB skipped_batches=0
2026-08-16 15:39:55,392 | INFO | epoch=27 batch=3100 global_step=9470 loss_reg_months=2.5796 lr=0.00003174 grad_norm=1.3644 throughput=11.93 img/s eta_seconds=17.7 gpu_alloc=476.3MiB gpu_reserved=3472.0MiB skipped_batches=0
2026-08-16 15:40:03,747 | INFO | epoch=27 batch=3125 global_step=9473 loss_reg_months=2.5807 lr=0.00003174 grad_norm=1.5573 throughput=11.93 img/s eta_seconds=9.3 gpu_alloc=476.3MiB gpu_reserved=3472.0MiB skipped_batches=0
2026-08-16 15:40:12,509 | INFO | epoch=27 batch=3150 global_step=9476 loss_reg_months=2.5773 lr=0.00003174 grad_norm=1.5103 throughput=11.93 img/s eta_seconds=0.9 gpu_alloc=367.7MiB gpu_reserved=3472.0MiB skipped_batches=0
2026-08-16 15:43:10,994 | WARNING | STABILITY WARNING [CAM] Prediction vượt nhẹ miền tuổi 0–228: [10.31, 231.00]
2026-08-16 15:43:10,999 | WARNING | STABILITY WARNING [CAM] Validation MAE xấu đi trong khi train loss giảm
2026-08-16 15:43:11,002 | INFO | 
TRAINING REVIEW SNAPSHOT
Run ID / config hash / split hash: P6_D0_CONVNEXT_TINY_768_SEED42 / 0e80cf6f780f / 7328667e6822+f650a20432b5
Epoch / global step: 27 / 9477
Train loss: 2.5796
Validation MAE / RMSE / median AE: 6.4038 / 8.5992 / 5.0000
MAE nam / nữ / age bins: {'F': 6.685966257668712, 'M': 6.165750323415265} / {'0-59': 6.589095744680851, '120-179': 6.218788627935723, '60-119': 7.238578680203045, '180-228': 4.8671875}
Learning rate / peak VRAM: 0.00003174 / 3472.0 MiB
Best epoch / best MAE / epochs không cải thiện: 24 / 6.1834 / 3
Cảnh báo hiện tại: CAM: Prediction vượt nhẹ miền tuổi 0–228: [10.31, 231.00] | CAM: Validation MAE xấu đi trong khi train loss giảm
Checkpoint gần nhất: p1_baseline\runs\P6_D0_CONVNEXT_TINY_768_SEED42\last.ckpt
Checkpoint tốt nhất: p1_baseline\runs\P6_D0_CONVNEXT_TINY_768_SEED42\best_mae.ckpt
Đề xuất tự động: THEO DÕI
2026-08-16 15:43:39,267 | INFO | epoch=28 batch=25 global_step=9479 loss_reg_months=1.8787 lr=0.00002557 grad_norm=1.5203 throughput=4.03 img/s eta_seconds=3101.0 gpu_alloc=476.3MiB gpu_reserved=3472.0MiB skipped_batches=0
2026-08-16 15:43:47,188 | INFO | epoch=28 batch=50 global_step=9482 loss_reg_months=1.9920 lr=0.00002557 grad_norm=1.6884 throughput=6.12 img/s eta_seconds=2029.6 gpu_alloc=476.3MiB gpu_reserved=3472.0MiB skipped_batches=0
2026-08-16 15:43:55,343 | INFO | epoch=28 batch=75 global_step=9485 loss_reg_months=2.1347 lr=0.00002557 grad_norm=1.4459 throughput=7.34 img/s eta_seconds=1676.8 gpu_alloc=476.3MiB gpu_reserved=3472.0MiB skipped_batches=0
2026-08-16 15:44:04,843 | INFO | epoch=28 batch=100 global_step=9488 loss_reg_months=2.3240 lr=0.00002557 grad_norm=1.3460 throughput=7.94 img/s eta_seconds=1537.4 gpu_alloc=476.3MiB gpu_reserved=3472.0MiB skipped_batches=0
2026-08-16 15:44:12,858 | INFO | epoch=28 batch=125 global_step=9490 loss_reg_months=2.3998 lr=0.00002557 grad_norm=1.3779 throughput=8.56 img/s eta_seconds=1414.0 gpu_alloc=476.3MiB gpu_reserved=3472.0MiB skipped_batches=0
2026-08-16 15:44:21,746 | INFO | epoch=28 batch=150 global_step=9493 loss_reg_months=2.3461 lr=0.00002557 grad_norm=1.6184 throughput=8.92 img/s eta_seconds=1346.5 gpu_alloc=476.3MiB gpu_reserved=3472.0MiB skipped_batches=0
2026-08-16 15:44:30,038 | INFO | epoch=28 batch=175 global_step=9496 loss_reg_months=2.3520 lr=0.00002557 grad_norm=1.4874 throughput=9.26 img/s eta_seconds=1285.6 gpu_alloc=476.3MiB gpu_reserved=3472.0MiB skipped_batches=0
2026-08-16 15:44:40,966 | INFO | epoch=28 batch=200 global_step=9499 loss_reg_months=2.3772 lr=0.00002557 grad_norm=1.3767 throughput=9.25 img/s eta_seconds=1276.8 gpu_alloc=476.3MiB gpu_reserved=3472.0MiB skipped_batches=0
2026-08-16 15:44:54,396 | INFO | epoch=28 batch=225 global_step=9502 loss_reg_months=2.5316 lr=0.00002557 grad_norm=1.3383 throughput=9.01 img/s eta_seconds=1299.9 gpu_alloc=367.7MiB gpu_reserved=3472.0MiB skipped_batches=0
2026-08-16 15:45:04,828 | INFO | epoch=28 batch=250 global_step=9504 loss_reg_months=2.5179 lr=0.00002557 grad_norm=1.6186 throughput=9.06 img/s eta_seconds=1281.2 gpu_alloc=476.3MiB gpu_reserved=3472.0MiB skipped_batches=0
2026-08-16 15:45:13,773 | INFO | epoch=28 batch=275 global_step=9507 loss_reg_months=2.5057 lr=0.00002557 grad_norm=1.7372 throughput=9.22 img/s eta_seconds=1248.3 gpu_alloc=476.3MiB gpu_reserved=3472.0MiB skipped_batches=0
2026-08-16 15:45:22,044 | INFO | epoch=28 batch=300 global_step=9510 loss_reg_months=2.5716 lr=0.00002557 grad_norm=1.9440 throughput=9.41 img/s eta_seconds=1213.0 gpu_alloc=476.3MiB gpu_reserved=3472.0MiB skipped_batches=0
2026-08-16 15:45:30,265 | INFO | epoch=28 batch=325 global_step=9513 loss_reg_months=2.5583 lr=0.00002557 grad_norm=1.3286 throughput=9.57 img/s eta_seconds=1181.4 gpu_alloc=476.3MiB gpu_reserved=3472.0MiB skipped_batches=0
2026-08-16 15:45:38,427 | INFO | epoch=28 batch=350 global_step=9515 loss_reg_months=2.5328 lr=0.00002557 grad_norm=1.4361 throughput=9.73 img/s eta_seconds=1152.7 gpu_alloc=476.3MiB gpu_reserved=3472.0MiB skipped_batches=0
2026-08-16 15:45:46,122 | INFO | epoch=28 batch=375 global_step=9518 loss_reg_months=2.5055 lr=0.00002557 grad_norm=1.2609 throughput=9.89 img/s eta_seconds=1123.3 gpu_alloc=476.3MiB gpu_reserved=3472.0MiB skipped_batches=0
2026-08-16 15:45:54,268 | INFO | epoch=28 batch=400 global_step=9521 loss_reg_months=2.4683 lr=0.00002557 grad_norm=1.1949 throughput=10.01 img/s eta_seconds=1099.6 gpu_alloc=476.3MiB gpu_reserved=3472.0MiB skipped_batches=0
2026-08-16 15:46:02,567 | INFO | epoch=28 batch=425 global_step=9524 loss_reg_months=2.4827 lr=0.00002557 grad_norm=1.8999 throughput=10.11 img/s eta_seconds=1078.8 gpu_alloc=476.3MiB gpu_reserved=3472.0MiB skipped_batches=0
2026-08-16 15:46:10,477 | INFO | epoch=28 batch=450 global_step=9527 loss_reg_months=2.4920 lr=0.00002557 grad_norm=1.2916 throughput=10.23 img/s eta_seconds=1057.0 gpu_alloc=367.7MiB gpu_reserved=3472.0MiB skipped_batches=0
2026-08-16 15:46:18,597 | INFO | epoch=28 batch=475 global_step=9529 loss_reg_months=2.4870 lr=0.00002557 grad_norm=1.5730 throughput=10.32 img/s eta_seconds=1037.9 gpu_alloc=476.3MiB gpu_reserved=3472.0MiB skipped_batches=0
2026-08-16 15:46:26,580 | INFO | epoch=28 batch=500 global_step=9532 loss_reg_months=2.5004 lr=0.00002557 grad_norm=1.4130 throughput=10.41 img/s eta_seconds=1019.2 gpu_alloc=476.3MiB gpu_reserved=3472.0MiB skipped_batches=0
2026-08-16 15:46:35,013 | INFO | epoch=28 batch=525 global_step=9535 loss_reg_months=2.4933 lr=0.00002557 grad_norm=1.6055 throughput=10.47 img/s eta_seconds=1003.7 gpu_alloc=476.3MiB gpu_reserved=3472.0MiB skipped_batches=0
2026-08-16 15:46:43,196 | INFO | epoch=28 batch=550 global_step=9538 loss_reg_months=2.4879 lr=0.00002557 grad_norm=1.3444 throughput=10.54 img/s eta_seconds=987.7 gpu_alloc=476.3MiB gpu_reserved=3472.0MiB skipped_batches=0
2026-08-16 15:46:50,586 | INFO | epoch=28 batch=575 global_step=9540 loss_reg_months=2.4824 lr=0.00002557 grad_norm=1.4344 throughput=10.64 img/s eta_seconds=968.8 gpu_alloc=476.3MiB gpu_reserved=3472.0MiB skipped_batches=0
2026-08-16 15:46:58,399 | INFO | epoch=28 batch=600 global_step=9543 loss_reg_months=2.4879 lr=0.00002557 grad_norm=1.4456 throughput=10.72 img/s eta_seconds=952.7 gpu_alloc=476.3MiB gpu_reserved=3472.0MiB skipped_batches=0
2026-08-16 15:47:06,355 | INFO | epoch=28 batch=625 global_step=9546 loss_reg_months=2.5031 lr=0.00002557 grad_norm=1.3634 throughput=10.78 img/s eta_seconds=937.8 gpu_alloc=476.3MiB gpu_reserved=3472.0MiB skipped_batches=0
2026-08-16 15:47:14,679 | INFO | epoch=28 batch=650 global_step=9549 loss_reg_months=2.4827 lr=0.00002557 grad_norm=1.7004 throughput=10.82 img/s eta_seconds=924.9 gpu_alloc=476.3MiB gpu_reserved=3472.0MiB skipped_batches=0
2026-08-16 15:47:22,212 | INFO | epoch=28 batch=675 global_step=9552 loss_reg_months=2.4947 lr=0.00002557 grad_norm=1.6184 throughput=10.90 img/s eta_seconds=909.4 gpu_alloc=367.7MiB gpu_reserved=3472.0MiB skipped_batches=0
2026-08-16 15:47:30,145 | INFO | epoch=28 batch=700 global_step=9554 loss_reg_months=2.4841 lr=0.00002557 grad_norm=2.0425 throughput=10.95 img/s eta_seconds=895.8 gpu_alloc=476.3MiB gpu_reserved=3472.0MiB skipped_batches=0
2026-08-16 15:47:38,104 | INFO | epoch=28 batch=725 global_step=9557 loss_reg_months=2.4691 lr=0.00002557 grad_norm=1.5480 throughput=11.00 img/s eta_seconds=882.8 gpu_alloc=476.3MiB gpu_reserved=3472.0MiB skipped_batches=0
2026-08-16 15:47:46,640 | INFO | epoch=28 batch=750 global_step=9560 loss_reg_months=2.4642 lr=0.00002557 grad_norm=1.5904 throughput=11.02 img/s eta_seconds=871.9 gpu_alloc=476.3MiB gpu_reserved=3472.0MiB skipped_batches=0
2026-08-16 15:47:54,631 | INFO | epoch=28 batch=775 global_step=9563 loss_reg_months=2.4492 lr=0.00002557 grad_norm=2.2404 throughput=11.07 img/s eta_seconds=859.5 gpu_alloc=476.3MiB gpu_reserved=3472.0MiB skipped_batches=0
2026-08-16 15:48:02,354 | INFO | epoch=28 batch=800 global_step=9565 loss_reg_months=2.4476 lr=0.00002557 grad_norm=1.1361 throughput=11.12 img/s eta_seconds=846.6 gpu_alloc=476.3MiB gpu_reserved=3472.0MiB skipped_batches=0
2026-08-16 15:48:10,121 | INFO | epoch=28 batch=825 global_step=9568 loss_reg_months=2.4631 lr=0.00002557 grad_norm=1.1334 throughput=11.16 img/s eta_seconds=834.2 gpu_alloc=476.3MiB gpu_reserved=3472.0MiB skipped_batches=0
2026-08-16 15:48:17,906 | INFO | epoch=28 batch=850 global_step=9571 loss_reg_months=2.4640 lr=0.00002557 grad_norm=1.1884 throughput=11.21 img/s eta_seconds=822.0 gpu_alloc=476.3MiB gpu_reserved=3472.0MiB skipped_batches=0
2026-08-16 15:48:25,315 | INFO | epoch=28 batch=875 global_step=9574 loss_reg_months=2.4587 lr=0.00002557 grad_norm=1.2091 throughput=11.26 img/s eta_seconds=809.1 gpu_alloc=476.3MiB gpu_reserved=3472.0MiB skipped_batches=0
2026-08-16 15:48:33,498 | INFO | epoch=28 batch=900 global_step=9577 loss_reg_months=2.4568 lr=0.00002557 grad_norm=1.4410 throughput=11.28 img/s eta_seconds=798.5 gpu_alloc=367.7MiB gpu_reserved=3472.0MiB skipped_batches=0
2026-08-16 15:48:41,118 | INFO | epoch=28 batch=925 global_step=9579 loss_reg_months=2.4558 lr=0.00002557 grad_norm=1.4211 throughput=11.33 img/s eta_seconds=786.7 gpu_alloc=476.3MiB gpu_reserved=3472.0MiB skipped_batches=0
2026-08-16 15:48:48,621 | INFO | epoch=28 batch=950 global_step=9582 loss_reg_months=2.4590 lr=0.00002557 grad_norm=1.2371 throughput=11.37 img/s eta_seconds=774.8 gpu_alloc=476.3MiB gpu_reserved=3472.0MiB skipped_batches=0
2026-08-16 15:48:56,699 | INFO | epoch=28 batch=975 global_step=9585 loss_reg_months=2.4585 lr=0.00002557 grad_norm=1.1811 throughput=11.40 img/s eta_seconds=764.4 gpu_alloc=476.3MiB gpu_reserved=3472.0MiB skipped_batches=0
2026-08-16 15:49:04,062 | INFO | epoch=28 batch=1000 global_step=9588 loss_reg_months=2.4619 lr=0.00002557 grad_norm=1.3733 throughput=11.44 img/s eta_seconds=752.6 gpu_alloc=476.3MiB gpu_reserved=3472.0MiB skipped_batches=0
2026-08-16 15:49:11,624 | INFO | epoch=28 batch=1025 global_step=9590 loss_reg_months=2.4553 lr=0.00002557 grad_norm=1.3893 throughput=11.48 img/s eta_seconds=741.4 gpu_alloc=476.3MiB gpu_reserved=3472.0MiB skipped_batches=0
2026-08-16 15:49:19,259 | INFO | epoch=28 batch=1050 global_step=9593 loss_reg_months=2.4513 lr=0.00002557 grad_norm=1.3699 throughput=11.51 img/s eta_seconds=730.5 gpu_alloc=476.3MiB gpu_reserved=3472.0MiB skipped_batches=0
2026-08-16 15:49:26,689 | INFO | epoch=28 batch=1075 global_step=9596 loss_reg_months=2.4361 lr=0.00002557 grad_norm=1.2337 throughput=11.55 img/s eta_seconds=719.4 gpu_alloc=476.3MiB gpu_reserved=3472.0MiB skipped_batches=0
2026-08-16 15:49:33,952 | INFO | epoch=28 batch=1100 global_step=9599 loss_reg_months=2.4428 lr=0.00002557 grad_norm=1.6950 throughput=11.60 img/s eta_seconds=708.1 gpu_alloc=476.3MiB gpu_reserved=3472.0MiB skipped_batches=0
2026-08-16 15:49:41,985 | INFO | epoch=28 batch=1125 global_step=9602 loss_reg_months=2.4533 lr=0.00002557 grad_norm=1.2299 throughput=11.61 img/s eta_seconds=698.5 gpu_alloc=367.7MiB gpu_reserved=3472.0MiB skipped_batches=0
2026-08-16 15:49:49,251 | INFO | epoch=28 batch=1150 global_step=9604 loss_reg_months=2.4579 lr=0.00002557 grad_norm=1.7178 throughput=11.65 img/s eta_seconds=687.5 gpu_alloc=476.3MiB gpu_reserved=3472.0MiB skipped_batches=0
2026-08-16 15:49:57,429 | INFO | epoch=28 batch=1175 global_step=9607 loss_reg_months=2.4515 lr=0.00002557 grad_norm=1.3893 throughput=11.66 img/s eta_seconds=678.2 gpu_alloc=476.3MiB gpu_reserved=3472.0MiB skipped_batches=0
2026-08-16 15:50:06,108 | INFO | epoch=28 batch=1200 global_step=9610 loss_reg_months=2.4446 lr=0.00002557 grad_norm=1.4060 throughput=11.66 img/s eta_seconds=669.8 gpu_alloc=476.3MiB gpu_reserved=3472.0MiB skipped_batches=0
2026-08-16 15:50:13,600 | INFO | epoch=28 batch=1225 global_step=9613 loss_reg_months=2.4388 lr=0.00002557 grad_norm=1.2652 throughput=11.69 img/s eta_seconds=659.6 gpu_alloc=476.3MiB gpu_reserved=3472.0MiB skipped_batches=0
2026-08-16 15:50:20,984 | INFO | epoch=28 batch=1250 global_step=9615 loss_reg_months=2.4409 lr=0.00002557 grad_norm=1.5146 throughput=11.72 img/s eta_seconds=649.2 gpu_alloc=476.3MiB gpu_reserved=3472.0MiB skipped_batches=0
2026-08-16 15:50:28,598 | INFO | epoch=28 batch=1275 global_step=9618 loss_reg_months=2.4326 lr=0.00002557 grad_norm=1.2845 throughput=11.75 img/s eta_seconds=639.3 gpu_alloc=476.3MiB gpu_reserved=3472.0MiB skipped_batches=0
2026-08-16 15:50:36,356 | INFO | epoch=28 batch=1300 global_step=9621 loss_reg_months=2.4318 lr=0.00002557 grad_norm=1.6138 throughput=11.77 img/s eta_seconds=629.8 gpu_alloc=476.3MiB gpu_reserved=3472.0MiB skipped_batches=0
2026-08-16 15:50:44,058 | INFO | epoch=28 batch=1325 global_step=9624 loss_reg_months=2.4281 lr=0.00002557 grad_norm=1.1522 throughput=11.79 img/s eta_seconds=620.2 gpu_alloc=476.3MiB gpu_reserved=3472.0MiB skipped_batches=0
2026-08-16 15:50:52,118 | INFO | epoch=28 batch=1350 global_step=9627 loss_reg_months=2.4283 lr=0.00002557 grad_norm=1.1449 throughput=11.80 img/s eta_seconds=611.1 gpu_alloc=367.7MiB gpu_reserved=3472.0MiB skipped_batches=0
2026-08-16 15:51:00,065 | INFO | epoch=28 batch=1375 global_step=9629 loss_reg_months=2.4273 lr=0.00002557 grad_norm=1.2443 throughput=11.81 img/s eta_seconds=602.0 gpu_alloc=476.3MiB gpu_reserved=3472.0MiB skipped_batches=0
2026-08-16 15:51:08,122 | INFO | epoch=28 batch=1400 global_step=9632 loss_reg_months=2.4269 lr=0.00002557 grad_norm=1.3978 throughput=11.82 img/s eta_seconds=593.0 gpu_alloc=476.3MiB gpu_reserved=3472.0MiB skipped_batches=0
2026-08-16 15:51:15,772 | INFO | epoch=28 batch=1425 global_step=9635 loss_reg_months=2.4244 lr=0.00002557 grad_norm=1.3272 throughput=11.84 img/s eta_seconds=583.5 gpu_alloc=476.3MiB gpu_reserved=3472.0MiB skipped_batches=0
2026-08-16 15:51:23,207 | INFO | epoch=28 batch=1450 global_step=9638 loss_reg_months=2.4305 lr=0.00002557 grad_norm=1.4963 throughput=11.87 img/s eta_seconds=573.9 gpu_alloc=476.3MiB gpu_reserved=3472.0MiB skipped_batches=0
2026-08-16 15:51:30,509 | INFO | epoch=28 batch=1475 global_step=9640 loss_reg_months=2.4297 lr=0.00002557 grad_norm=1.2163 throughput=11.89 img/s eta_seconds=564.2 gpu_alloc=476.3MiB gpu_reserved=3472.0MiB skipped_batches=0
2026-08-16 15:51:37,780 | INFO | epoch=28 batch=1500 global_step=9643 loss_reg_months=2.4471 lr=0.00002557 grad_norm=2.3302 throughput=11.92 img/s eta_seconds=554.6 gpu_alloc=476.3MiB gpu_reserved=3472.0MiB skipped_batches=0
2026-08-16 15:51:45,270 | INFO | epoch=28 batch=1525 global_step=9646 loss_reg_months=2.4536 lr=0.00002557 grad_norm=1.3929 throughput=11.94 img/s eta_seconds=545.2 gpu_alloc=476.3MiB gpu_reserved=3472.0MiB skipped_batches=0
2026-08-16 15:51:53,055 | INFO | epoch=28 batch=1550 global_step=9649 loss_reg_months=2.4453 lr=0.00002557 grad_norm=1.4329 throughput=11.96 img/s eta_seconds=536.2 gpu_alloc=476.3MiB gpu_reserved=3472.0MiB skipped_batches=0
2026-08-16 15:52:00,988 | INFO | epoch=28 batch=1575 global_step=9652 loss_reg_months=2.4471 lr=0.00002557 grad_norm=1.4085 throughput=11.97 img/s eta_seconds=527.4 gpu_alloc=367.7MiB gpu_reserved=3472.0MiB skipped_batches=0
2026-08-16 15:52:08,739 | INFO | epoch=28 batch=1600 global_step=9654 loss_reg_months=2.4531 lr=0.00002557 grad_norm=1.3458 throughput=11.98 img/s eta_seconds=518.5 gpu_alloc=476.3MiB gpu_reserved=3472.0MiB skipped_batches=0
2026-08-16 15:52:16,774 | INFO | epoch=28 batch=1625 global_step=9657 loss_reg_months=2.4522 lr=0.00002557 grad_norm=1.3298 throughput=11.99 img/s eta_seconds=509.8 gpu_alloc=476.3MiB gpu_reserved=3472.0MiB skipped_batches=0
2026-08-16 15:52:23,921 | INFO | epoch=28 batch=1650 global_step=9660 loss_reg_months=2.4502 lr=0.00002557 grad_norm=1.4248 throughput=12.01 img/s eta_seconds=500.4 gpu_alloc=476.3MiB gpu_reserved=3472.0MiB skipped_batches=0
2026-08-16 15:52:31,866 | INFO | epoch=28 batch=1675 global_step=9663 loss_reg_months=2.4545 lr=0.00002557 grad_norm=1.6014 throughput=12.02 img/s eta_seconds=491.7 gpu_alloc=476.3MiB gpu_reserved=3472.0MiB skipped_batches=0
2026-08-16 15:52:39,505 | INFO | epoch=28 batch=1700 global_step=9665 loss_reg_months=2.4494 lr=0.00002557 grad_norm=1.2631 throughput=12.03 img/s eta_seconds=482.8 gpu_alloc=476.3MiB gpu_reserved=3472.0MiB skipped_batches=0
2026-08-16 15:52:47,190 | INFO | epoch=28 batch=1725 global_step=9668 loss_reg_months=2.4528 lr=0.00002557 grad_norm=1.3551 throughput=12.05 img/s eta_seconds=474.0 gpu_alloc=476.3MiB gpu_reserved=3472.0MiB skipped_batches=0
2026-08-16 15:52:54,494 | INFO | epoch=28 batch=1750 global_step=9671 loss_reg_months=2.4485 lr=0.00002557 grad_norm=1.2536 throughput=12.07 img/s eta_seconds=464.9 gpu_alloc=476.3MiB gpu_reserved=3472.0MiB skipped_batches=0
2026-08-16 15:53:02,679 | INFO | epoch=28 batch=1775 global_step=9674 loss_reg_months=2.4492 lr=0.00002557 grad_norm=1.2976 throughput=12.07 img/s eta_seconds=456.6 gpu_alloc=476.3MiB gpu_reserved=3472.0MiB skipped_batches=0
2026-08-16 15:53:10,472 | INFO | epoch=28 batch=1800 global_step=9677 loss_reg_months=2.4456 lr=0.00002557 grad_norm=1.0661 throughput=12.08 img/s eta_seconds=447.9 gpu_alloc=367.7MiB gpu_reserved=3472.0MiB skipped_batches=0
2026-08-16 15:53:18,032 | INFO | epoch=28 batch=1825 global_step=9679 loss_reg_months=2.4498 lr=0.00002557 grad_norm=1.7278 throughput=12.10 img/s eta_seconds=439.1 gpu_alloc=476.3MiB gpu_reserved=3472.0MiB skipped_batches=0
2026-08-16 15:53:26,508 | INFO | epoch=28 batch=1850 global_step=9682 loss_reg_months=2.4491 lr=0.00002557 grad_norm=1.6858 throughput=12.09 img/s eta_seconds=431.0 gpu_alloc=476.3MiB gpu_reserved=3472.0MiB skipped_batches=0
2026-08-16 15:53:33,972 | INFO | epoch=28 batch=1875 global_step=9685 loss_reg_months=2.4485 lr=0.00002557 grad_norm=1.3902 throughput=12.11 img/s eta_seconds=422.2 gpu_alloc=476.3MiB gpu_reserved=3472.0MiB skipped_batches=0
2026-08-16 15:53:41,811 | INFO | epoch=28 batch=1900 global_step=9688 loss_reg_months=2.4523 lr=0.00002557 grad_norm=1.5548 throughput=12.11 img/s eta_seconds=413.6 gpu_alloc=476.3MiB gpu_reserved=3472.0MiB skipped_batches=0
2026-08-16 15:53:49,595 | INFO | epoch=28 batch=1925 global_step=9690 loss_reg_months=2.4579 lr=0.00002557 grad_norm=1.7427 throughput=12.12 img/s eta_seconds=405.1 gpu_alloc=476.3MiB gpu_reserved=3472.0MiB skipped_batches=0
2026-08-16 15:53:57,625 | INFO | epoch=28 batch=1950 global_step=9693 loss_reg_months=2.4491 lr=0.00002557 grad_norm=1.3421 throughput=12.13 img/s eta_seconds=396.7 gpu_alloc=476.3MiB gpu_reserved=3472.0MiB skipped_batches=0
2026-08-16 15:54:05,248 | INFO | epoch=28 batch=1975 global_step=9696 loss_reg_months=2.4515 lr=0.00002557 grad_norm=1.1872 throughput=12.14 img/s eta_seconds=388.1 gpu_alloc=476.3MiB gpu_reserved=3472.0MiB skipped_batches=0
2026-08-16 15:54:12,990 | INFO | epoch=28 batch=2000 global_step=9699 loss_reg_months=2.4508 lr=0.00002557 grad_norm=1.6724 throughput=12.15 img/s eta_seconds=379.5 gpu_alloc=476.3MiB gpu_reserved=3472.0MiB skipped_batches=0
2026-08-16 15:54:20,635 | INFO | epoch=28 batch=2025 global_step=9702 loss_reg_months=2.4594 lr=0.00002557 grad_norm=1.5739 throughput=12.16 img/s eta_seconds=371.0 gpu_alloc=367.7MiB gpu_reserved=3472.0MiB skipped_batches=0
2026-08-16 15:54:28,604 | INFO | epoch=28 batch=2050 global_step=9704 loss_reg_months=2.4594 lr=0.00002557 grad_norm=1.3705 throughput=12.16 img/s eta_seconds=362.6 gpu_alloc=476.3MiB gpu_reserved=3472.0MiB skipped_batches=0
2026-08-16 15:54:36,249 | INFO | epoch=28 batch=2075 global_step=9707 loss_reg_months=2.4583 lr=0.00002557 grad_norm=1.2689 throughput=12.17 img/s eta_seconds=354.1 gpu_alloc=476.3MiB gpu_reserved=3472.0MiB skipped_batches=0
2026-08-16 15:54:44,276 | INFO | epoch=28 batch=2100 global_step=9710 loss_reg_months=2.4621 lr=0.00002557 grad_norm=1.4508 throughput=12.18 img/s eta_seconds=345.8 gpu_alloc=476.3MiB gpu_reserved=3472.0MiB skipped_batches=0
2026-08-16 15:54:52,161 | INFO | epoch=28 batch=2125 global_step=9713 loss_reg_months=2.4649 lr=0.00002557 grad_norm=1.3450 throughput=12.18 img/s eta_seconds=337.4 gpu_alloc=476.3MiB gpu_reserved=3472.0MiB skipped_batches=0
2026-08-16 15:54:59,970 | INFO | epoch=28 batch=2150 global_step=9715 loss_reg_months=2.4697 lr=0.00002557 grad_norm=1.3597 throughput=12.19 img/s eta_seconds=329.0 gpu_alloc=476.3MiB gpu_reserved=3472.0MiB skipped_batches=0
2026-08-16 15:55:08,057 | INFO | epoch=28 batch=2175 global_step=9718 loss_reg_months=2.4746 lr=0.00002557 grad_norm=1.5617 throughput=12.19 img/s eta_seconds=320.8 gpu_alloc=476.3MiB gpu_reserved=3472.0MiB skipped_batches=0
2026-08-16 15:55:15,953 | INFO | epoch=28 batch=2200 global_step=9721 loss_reg_months=2.4697 lr=0.00002557 grad_norm=1.7686 throughput=12.20 img/s eta_seconds=312.4 gpu_alloc=476.3MiB gpu_reserved=3472.0MiB skipped_batches=0
2026-08-16 15:55:23,561 | INFO | epoch=28 batch=2225 global_step=9724 loss_reg_months=2.4693 lr=0.00002557 grad_norm=1.3773 throughput=12.21 img/s eta_seconds=304.0 gpu_alloc=476.3MiB gpu_reserved=3472.0MiB skipped_batches=0
2026-08-16 15:55:32,139 | INFO | epoch=28 batch=2250 global_step=9727 loss_reg_months=2.4707 lr=0.00002557 grad_norm=1.5035 throughput=12.20 img/s eta_seconds=296.0 gpu_alloc=367.7MiB gpu_reserved=3472.0MiB skipped_batches=0
2026-08-16 15:55:39,943 | INFO | epoch=28 batch=2275 global_step=9729 loss_reg_months=2.4717 lr=0.00002557 grad_norm=1.2807 throughput=12.21 img/s eta_seconds=287.6 gpu_alloc=476.3MiB gpu_reserved=3472.0MiB skipped_batches=0
2026-08-16 15:55:47,796 | INFO | epoch=28 batch=2300 global_step=9732 loss_reg_months=2.4781 lr=0.00002557 grad_norm=1.6435 throughput=12.21 img/s eta_seconds=279.3 gpu_alloc=476.3MiB gpu_reserved=3472.0MiB skipped_batches=0
2026-08-16 15:55:55,982 | INFO | epoch=28 batch=2325 global_step=9735 loss_reg_months=2.4783 lr=0.00002557 grad_norm=1.2171 throughput=12.21 img/s eta_seconds=271.1 gpu_alloc=476.3MiB gpu_reserved=3472.0MiB skipped_batches=0
2026-08-16 15:56:03,611 | INFO | epoch=28 batch=2350 global_step=9738 loss_reg_months=2.4777 lr=0.00002557 grad_norm=1.4429 throughput=12.22 img/s eta_seconds=262.7 gpu_alloc=476.3MiB gpu_reserved=3472.0MiB skipped_batches=0
2026-08-16 15:56:11,205 | INFO | epoch=28 batch=2375 global_step=9740 loss_reg_months=2.4721 lr=0.00002557 grad_norm=1.0626 throughput=12.23 img/s eta_seconds=254.4 gpu_alloc=476.3MiB gpu_reserved=3472.0MiB skipped_batches=0
2026-08-16 15:56:19,417 | INFO | epoch=28 batch=2400 global_step=9743 loss_reg_months=2.4739 lr=0.00002557 grad_norm=1.7252 throughput=12.23 img/s eta_seconds=246.2 gpu_alloc=476.3MiB gpu_reserved=3472.0MiB skipped_batches=0
2026-08-16 15:56:27,269 | INFO | epoch=28 batch=2425 global_step=9746 loss_reg_months=2.4743 lr=0.00002557 grad_norm=1.3720 throughput=12.24 img/s eta_seconds=237.9 gpu_alloc=476.3MiB gpu_reserved=3472.0MiB skipped_batches=0
2026-08-16 15:56:35,154 | INFO | epoch=28 batch=2450 global_step=9749 loss_reg_months=2.4695 lr=0.00002557 grad_norm=1.1905 throughput=12.24 img/s eta_seconds=229.7 gpu_alloc=476.3MiB gpu_reserved=3472.0MiB skipped_batches=0
2026-08-16 15:56:42,669 | INFO | epoch=28 batch=2475 global_step=9752 loss_reg_months=2.4684 lr=0.00002557 grad_norm=1.3157 throughput=12.25 img/s eta_seconds=221.3 gpu_alloc=367.7MiB gpu_reserved=3472.0MiB skipped_batches=0
2026-08-16 15:56:50,777 | INFO | epoch=28 batch=2500 global_step=9754 loss_reg_months=2.4639 lr=0.00002557 grad_norm=1.1816 throughput=12.25 img/s eta_seconds=213.1 gpu_alloc=476.3MiB gpu_reserved=3472.0MiB skipped_batches=0
2026-08-16 15:56:58,729 | INFO | epoch=28 batch=2525 global_step=9757 loss_reg_months=2.4603 lr=0.00002557 grad_norm=1.3821 throughput=12.25 img/s eta_seconds=204.9 gpu_alloc=476.3MiB gpu_reserved=3472.0MiB skipped_batches=0
2026-08-16 15:57:06,949 | INFO | epoch=28 batch=2550 global_step=9760 loss_reg_months=2.4588 lr=0.00002557 grad_norm=1.6701 throughput=12.25 img/s eta_seconds=196.8 gpu_alloc=476.3MiB gpu_reserved=3472.0MiB skipped_batches=0
2026-08-16 15:57:14,818 | INFO | epoch=28 batch=2575 global_step=9763 loss_reg_months=2.4635 lr=0.00002557 grad_norm=1.9100 throughput=12.26 img/s eta_seconds=188.5 gpu_alloc=476.3MiB gpu_reserved=3472.0MiB skipped_batches=0
2026-08-16 15:57:22,157 | INFO | epoch=28 batch=2600 global_step=9765 loss_reg_months=2.4604 lr=0.00002557 grad_norm=1.4076 throughput=12.27 img/s eta_seconds=180.2 gpu_alloc=476.3MiB gpu_reserved=3472.0MiB skipped_batches=0
2026-08-16 15:57:30,167 | INFO | epoch=28 batch=2625 global_step=9768 loss_reg_months=2.4635 lr=0.00002557 grad_norm=1.2736 throughput=12.27 img/s eta_seconds=172.0 gpu_alloc=476.3MiB gpu_reserved=3472.0MiB skipped_batches=0
2026-08-16 15:57:37,568 | INFO | epoch=28 batch=2650 global_step=9771 loss_reg_months=2.4661 lr=0.00002557 grad_norm=1.5919 throughput=12.28 img/s eta_seconds=163.7 gpu_alloc=476.3MiB gpu_reserved=3472.0MiB skipped_batches=0
2026-08-16 15:57:45,537 | INFO | epoch=28 batch=2675 global_step=9774 loss_reg_months=2.4644 lr=0.00002557 grad_norm=1.4728 throughput=12.28 img/s eta_seconds=155.6 gpu_alloc=476.3MiB gpu_reserved=3472.0MiB skipped_batches=0
2026-08-16 15:57:53,387 | INFO | epoch=28 batch=2700 global_step=9777 loss_reg_months=2.4615 lr=0.00002557 grad_norm=1.6372 throughput=12.29 img/s eta_seconds=147.4 gpu_alloc=367.7MiB gpu_reserved=3472.0MiB skipped_batches=0
2026-08-16 15:58:00,772 | INFO | epoch=28 batch=2725 global_step=9779 loss_reg_months=2.4647 lr=0.00002557 grad_norm=1.9326 throughput=12.30 img/s eta_seconds=139.1 gpu_alloc=476.3MiB gpu_reserved=3472.0MiB skipped_batches=0
2026-08-16 15:58:08,581 | INFO | epoch=28 batch=2750 global_step=9782 loss_reg_months=2.4597 lr=0.00002557 grad_norm=1.6010 throughput=12.30 img/s eta_seconds=130.9 gpu_alloc=476.3MiB gpu_reserved=3472.0MiB skipped_batches=0
2026-08-16 15:58:16,440 | INFO | epoch=28 batch=2775 global_step=9785 loss_reg_months=2.4620 lr=0.00002557 grad_norm=1.5103 throughput=12.31 img/s eta_seconds=122.8 gpu_alloc=476.3MiB gpu_reserved=3472.0MiB skipped_batches=0
2026-08-16 15:58:24,264 | INFO | epoch=28 batch=2800 global_step=9788 loss_reg_months=2.4647 lr=0.00002557 grad_norm=1.5924 throughput=12.31 img/s eta_seconds=114.6 gpu_alloc=476.3MiB gpu_reserved=3472.0MiB skipped_batches=0
2026-08-16 15:58:31,820 | INFO | epoch=28 batch=2825 global_step=9790 loss_reg_months=2.4627 lr=0.00002557 grad_norm=1.9562 throughput=12.32 img/s eta_seconds=106.4 gpu_alloc=476.3MiB gpu_reserved=3472.0MiB skipped_batches=0
2026-08-16 15:58:39,802 | INFO | epoch=28 batch=2850 global_step=9793 loss_reg_months=2.4647 lr=0.00002557 grad_norm=1.3097 throughput=12.32 img/s eta_seconds=98.3 gpu_alloc=476.3MiB gpu_reserved=3472.0MiB skipped_batches=0
2026-08-16 15:58:47,471 | INFO | epoch=28 batch=2875 global_step=9796 loss_reg_months=2.4625 lr=0.00002557 grad_norm=1.0825 throughput=12.33 img/s eta_seconds=90.1 gpu_alloc=476.3MiB gpu_reserved=3472.0MiB skipped_batches=0
2026-08-16 15:58:55,039 | INFO | epoch=28 batch=2900 global_step=9799 loss_reg_months=2.4688 lr=0.00002557 grad_norm=1.6619 throughput=12.33 img/s eta_seconds=82.0 gpu_alloc=476.3MiB gpu_reserved=3472.0MiB skipped_batches=0
2026-08-16 15:59:03,561 | INFO | epoch=28 batch=2925 global_step=9802 loss_reg_months=2.4692 lr=0.00002557 grad_norm=1.1922 throughput=12.33 img/s eta_seconds=73.9 gpu_alloc=367.7MiB gpu_reserved=3472.0MiB skipped_batches=0
2026-08-16 15:59:11,618 | INFO | epoch=28 batch=2950 global_step=9804 loss_reg_months=2.4717 lr=0.00002557 grad_norm=1.1832 throughput=12.33 img/s eta_seconds=65.8 gpu_alloc=476.3MiB gpu_reserved=3472.0MiB skipped_batches=0
2026-08-16 15:59:19,199 | INFO | epoch=28 batch=2975 global_step=9807 loss_reg_months=2.4702 lr=0.00002557 grad_norm=1.6884 throughput=12.34 img/s eta_seconds=57.6 gpu_alloc=476.3MiB gpu_reserved=3472.0MiB skipped_batches=0
2026-08-16 15:59:26,999 | INFO | epoch=28 batch=3000 global_step=9810 loss_reg_months=2.4735 lr=0.00002557 grad_norm=2.0404 throughput=12.34 img/s eta_seconds=49.5 gpu_alloc=476.3MiB gpu_reserved=3472.0MiB skipped_batches=0
2026-08-16 15:59:34,580 | INFO | epoch=28 batch=3025 global_step=9813 loss_reg_months=2.4717 lr=0.00002557 grad_norm=1.2097 throughput=12.35 img/s eta_seconds=41.4 gpu_alloc=476.3MiB gpu_reserved=3472.0MiB skipped_batches=0
2026-08-16 15:59:42,326 | INFO | epoch=28 batch=3050 global_step=9815 loss_reg_months=2.4723 lr=0.00002557 grad_norm=1.0965 throughput=12.35 img/s eta_seconds=33.3 gpu_alloc=476.3MiB gpu_reserved=3472.0MiB skipped_batches=0
2026-08-16 15:59:50,093 | INFO | epoch=28 batch=3075 global_step=9818 loss_reg_months=2.4731 lr=0.00002557 grad_norm=1.6197 throughput=12.35 img/s eta_seconds=25.2 gpu_alloc=476.3MiB gpu_reserved=3472.0MiB skipped_batches=0
2026-08-16 15:59:58,153 | INFO | epoch=28 batch=3100 global_step=9821 loss_reg_months=2.4710 lr=0.00002557 grad_norm=1.5932 throughput=12.35 img/s eta_seconds=17.1 gpu_alloc=476.3MiB gpu_reserved=3472.0MiB skipped_batches=0
2026-08-16 16:00:05,672 | INFO | epoch=28 batch=3125 global_step=9824 loss_reg_months=2.4678 lr=0.00002557 grad_norm=1.2206 throughput=12.36 img/s eta_seconds=9.0 gpu_alloc=476.3MiB gpu_reserved=3472.0MiB skipped_batches=0
2026-08-16 16:00:13,855 | INFO | epoch=28 batch=3150 global_step=9827 loss_reg_months=2.4635 lr=0.00002557 grad_norm=1.6639 throughput=12.36 img/s eta_seconds=0.9 gpu_alloc=367.7MiB gpu_reserved=3472.0MiB skipped_batches=0
2026-08-16 16:01:48,581 | WARNING | STABILITY WARNING [CAM] Prediction vượt nhẹ miền tuổi 0–228: [8.81, 231.00]
2026-08-16 16:01:48,586 | WARNING | STABILITY WARNING [CAM] Validation MAE xấu đi trong khi train loss giảm
2026-08-16 16:01:48,588 | INFO | 
TRAINING REVIEW SNAPSHOT
Run ID / config hash / split hash: P6_D0_CONVNEXT_TINY_768_SEED42 / 0e80cf6f780f / 7328667e6822+f650a20432b5
Epoch / global step: 28 / 9828
Train loss: 2.4631
Validation MAE / RMSE / median AE: 6.3461 / 8.5891 / 4.7500
MAE nam / nữ / age bins: {'F': 6.587231595092025, 'M': 6.1427069857697285} / {'0-59': 6.573803191489362, '120-179': 6.058714462299135, '60-119': 7.316624365482234, '180-228': 5.0078125}
Learning rate / peak VRAM: 0.00002557 / 3472.0 MiB
Best epoch / best MAE / epochs không cải thiện: 24 / 6.1834 / 4
Cảnh báo hiện tại: CAM: Prediction vượt nhẹ miền tuổi 0–228: [8.81, 231.00] | CAM: Validation MAE xấu đi trong khi train loss giảm
Checkpoint gần nhất: p1_baseline\runs\P6_D0_CONVNEXT_TINY_768_SEED42\last.ckpt
Checkpoint tốt nhất: p1_baseline\runs\P6_D0_CONVNEXT_TINY_768_SEED42\best_mae.ckpt
Đề xuất tự động: THEO DÕI
2026-08-16 16:02:11,944 | INFO | epoch=29 batch=25 global_step=9830 loss_reg_months=2.8195 lr=0.00002000 grad_norm=1.6773 throughput=5.16 img/s eta_seconds=2424.7 gpu_alloc=476.3MiB gpu_reserved=3472.0MiB skipped_batches=0
2026-08-16 16:02:19,614 | INFO | epoch=29 batch=50 global_step=9833 loss_reg_months=2.7262 lr=0.00002000 grad_norm=1.8384 throughput=7.39 img/s eta_seconds=1678.7 gpu_alloc=476.3MiB gpu_reserved=3472.0MiB skipped_batches=0
2026-08-16 16:02:27,516 | INFO | epoch=29 batch=75 global_step=9836 loss_reg_months=2.7827 lr=0.00002000 grad_norm=1.5736 throughput=8.58 img/s eta_seconds=1434.4 gpu_alloc=476.3MiB gpu_reserved=3472.0MiB skipped_batches=0
2026-08-16 16:02:35,184 | INFO | epoch=29 batch=100 global_step=9839 loss_reg_months=2.6682 lr=0.00002000 grad_norm=1.2919 throughput=9.39 img/s eta_seconds=1301.1 gpu_alloc=476.3MiB gpu_reserved=3472.0MiB skipped_batches=0
2026-08-16 16:02:43,508 | INFO | epoch=29 batch=125 global_step=9841 loss_reg_months=2.5831 lr=0.00002000 grad_norm=1.5361 throughput=9.81 img/s eta_seconds=1234.0 gpu_alloc=476.3MiB gpu_reserved=3472.0MiB skipped_batches=0
2026-08-16 16:02:57,254 | INFO | epoch=29 batch=150 global_step=9844 loss_reg_months=2.5409 lr=0.00002000 grad_norm=1.5852 throughput=9.27 img/s eta_seconds=1295.0 gpu_alloc=476.3MiB gpu_reserved=3472.0MiB skipped_batches=0
2026-08-16 16:03:14,807 | INFO | epoch=29 batch=175 global_step=9847 loss_reg_months=2.5051 lr=0.00002000 grad_norm=1.4533 throughput=8.51 img/s eta_seconds=1399.4 gpu_alloc=476.3MiB gpu_reserved=3472.0MiB skipped_batches=0
2026-08-16 16:03:24,619 | INFO | epoch=29 batch=200 global_step=9850 loss_reg_months=2.5071 lr=0.00002000 grad_norm=1.3147 throughput=8.69 img/s eta_seconds=1359.1 gpu_alloc=476.3MiB gpu_reserved=3472.0MiB skipped_batches=0
2026-08-16 16:03:32,678 | INFO | epoch=29 batch=225 global_step=9853 loss_reg_months=2.4956 lr=0.00002000 grad_norm=1.5201 throughput=8.99 img/s eta_seconds=1302.7 gpu_alloc=367.7MiB gpu_reserved=3472.0MiB skipped_batches=0
2026-08-16 16:03:40,462 | INFO | epoch=29 batch=250 global_step=9855 loss_reg_months=2.4132 lr=0.00002000 grad_norm=1.7363 throughput=9.27 img/s eta_seconds=1252.8 gpu_alloc=476.3MiB gpu_reserved=3472.0MiB skipped_batches=0
2026-08-16 16:03:50,874 | INFO | epoch=29 batch=275 global_step=9858 loss_reg_months=2.4518 lr=0.00002000 grad_norm=2.1163 throughput=9.30 img/s eta_seconds=1238.1 gpu_alloc=476.3MiB gpu_reserved=3472.0MiB skipped_batches=0
2026-08-16 16:04:02,018 | INFO | epoch=29 batch=300 global_step=9861 loss_reg_months=2.4400 lr=0.00002000 grad_norm=1.4566 throughput=9.27 img/s eta_seconds=1231.0 gpu_alloc=476.3MiB gpu_reserved=3472.0MiB skipped_batches=0
2026-08-16 16:04:09,917 | INFO | epoch=29 batch=325 global_step=9864 loss_reg_months=2.4684 lr=0.00002000 grad_norm=1.8757 throughput=9.46 img/s eta_seconds=1195.1 gpu_alloc=476.3MiB gpu_reserved=3472.0MiB skipped_batches=0
2026-08-16 16:04:17,856 | INFO | epoch=29 batch=350 global_step=9866 loss_reg_months=2.4597 lr=0.00002000 grad_norm=1.3505 throughput=9.64 img/s eta_seconds=1163.5 gpu_alloc=476.3MiB gpu_reserved=3472.0MiB skipped_batches=0
2026-08-16 16:04:26,586 | INFO | epoch=29 batch=375 global_step=9869 loss_reg_months=2.4473 lr=0.00002000 grad_norm=1.2155 throughput=9.74 img/s eta_seconds=1140.9 gpu_alloc=476.3MiB gpu_reserved=3472.0MiB skipped_batches=0
2026-08-16 16:04:34,102 | INFO | epoch=29 batch=400 global_step=9872 loss_reg_months=2.4753 lr=0.00002000 grad_norm=1.0859 throughput=9.90 img/s eta_seconds=1111.7 gpu_alloc=476.3MiB gpu_reserved=3472.0MiB skipped_batches=0
2026-08-16 16:04:45,650 | INFO | epoch=29 batch=425 global_step=9875 loss_reg_months=2.4807 lr=0.00002000 grad_norm=1.2957 throughput=9.82 img/s eta_seconds=1110.9 gpu_alloc=476.3MiB gpu_reserved=3472.0MiB skipped_batches=0
2026-08-16 16:04:53,703 | INFO | epoch=29 batch=450 global_step=9878 loss_reg_months=2.4678 lr=0.00002000 grad_norm=1.2476 throughput=9.94 img/s eta_seconds=1087.9 gpu_alloc=367.7MiB gpu_reserved=3472.0MiB skipped_batches=0
2026-08-16 16:05:01,496 | INFO | epoch=29 batch=475 global_step=9880 loss_reg_months=2.4772 lr=0.00002000 grad_norm=1.4516 throughput=10.06 img/s eta_seconds=1065.1 gpu_alloc=476.3MiB gpu_reserved=3472.0MiB skipped_batches=0
2026-08-16 16:05:08,859 | INFO | epoch=29 batch=500 global_step=9883 loss_reg_months=2.4675 lr=0.00002000 grad_norm=1.3116 throughput=10.19 img/s eta_seconds=1041.4 gpu_alloc=476.3MiB gpu_reserved=3472.0MiB skipped_batches=0
2026-08-16 16:05:16,425 | INFO | epoch=29 batch=525 global_step=9886 loss_reg_months=2.4620 lr=0.00002000 grad_norm=1.3745 throughput=10.30 img/s eta_seconds=1020.4 gpu_alloc=476.3MiB gpu_reserved=3472.0MiB skipped_batches=0
2026-08-16 16:05:24,825 | INFO | epoch=29 batch=550 global_step=9889 loss_reg_months=2.4300 lr=0.00002000 grad_norm=1.2269 throughput=10.36 img/s eta_seconds=1004.5 gpu_alloc=476.3MiB gpu_reserved=3472.0MiB skipped_batches=0
2026-08-16 16:05:32,568 | INFO | epoch=29 batch=575 global_step=9891 loss_reg_months=2.4269 lr=0.00002000 grad_norm=1.2851 throughput=10.45 img/s eta_seconds=986.3 gpu_alloc=476.3MiB gpu_reserved=3472.0MiB skipped_batches=0
2026-08-16 16:05:40,218 | INFO | epoch=29 batch=600 global_step=9894 loss_reg_months=2.4027 lr=0.00002000 grad_norm=1.2472 throughput=10.54 img/s eta_seconds=968.6 gpu_alloc=476.3MiB gpu_reserved=3472.0MiB skipped_batches=0
2026-08-16 16:05:48,101 | INFO | epoch=29 batch=625 global_step=9897 loss_reg_months=2.3817 lr=0.00002000 grad_norm=1.7742 throughput=10.61 img/s eta_seconds=952.6 gpu_alloc=476.3MiB gpu_reserved=3472.0MiB skipped_batches=0
2026-08-16 16:05:55,737 | INFO | epoch=29 batch=650 global_step=9900 loss_reg_months=2.4050 lr=0.00002000 grad_norm=2.0336 throughput=10.69 img/s eta_seconds=936.3 gpu_alloc=476.3MiB gpu_reserved=3472.0MiB skipped_batches=0
2026-08-16 16:06:03,391 | INFO | epoch=29 batch=675 global_step=9903 loss_reg_months=2.4106 lr=0.00002000 grad_norm=1.4524 throughput=10.76 img/s eta_seconds=920.7 gpu_alloc=367.7MiB gpu_reserved=3472.0MiB skipped_batches=0
2026-08-16 16:06:11,138 | INFO | epoch=29 batch=700 global_step=9905 loss_reg_months=2.4616 lr=0.00002000 grad_norm=1.7233 throughput=10.83 img/s eta_seconds=906.0 gpu_alloc=476.3MiB gpu_reserved=3472.0MiB skipped_batches=0
2026-08-16 16:06:18,700 | INFO | epoch=29 batch=725 global_step=9908 loss_reg_months=2.4482 lr=0.00002000 grad_norm=1.4991 throughput=10.90 img/s eta_seconds=891.2 gpu_alloc=476.3MiB gpu_reserved=3472.0MiB skipped_batches=0
2026-08-16 16:06:26,718 | INFO | epoch=29 batch=750 global_step=9911 loss_reg_months=2.4641 lr=0.00002000 grad_norm=1.2673 throughput=10.94 img/s eta_seconds=878.3 gpu_alloc=476.3MiB gpu_reserved=3472.0MiB skipped_batches=0
2026-08-16 16:06:34,515 | INFO | epoch=29 batch=775 global_step=9914 loss_reg_months=2.4656 lr=0.00002000 grad_norm=1.4863 throughput=10.99 img/s eta_seconds=865.0 gpu_alloc=476.3MiB gpu_reserved=3472.0MiB skipped_batches=0
2026-08-16 16:06:42,408 | INFO | epoch=29 batch=800 global_step=9916 loss_reg_months=2.4554 lr=0.00002000 grad_norm=1.3271 throughput=11.04 img/s eta_seconds=852.4 gpu_alloc=476.3MiB gpu_reserved=3472.0MiB skipped_batches=0
2026-08-16 16:06:50,206 | INFO | epoch=29 batch=825 global_step=9919 loss_reg_months=2.4665 lr=0.00002000 grad_norm=1.3957 throughput=11.09 img/s eta_seconds=839.8 gpu_alloc=476.3MiB gpu_reserved=3472.0MiB skipped_batches=0
2026-08-16 16:07:01,365 | INFO | epoch=29 batch=850 global_step=9922 loss_reg_months=2.4571 lr=0.00002000 grad_norm=1.1554 throughput=11.01 img/s eta_seconds=836.6 gpu_alloc=476.3MiB gpu_reserved=3472.0MiB skipped_batches=0
2026-08-16 16:07:09,272 | INFO | epoch=29 batch=875 global_step=9925 loss_reg_months=2.4494 lr=0.00002000 grad_norm=1.2622 throughput=11.05 img/s eta_seconds=824.4 gpu_alloc=476.3MiB gpu_reserved=3472.0MiB skipped_batches=0
2026-08-16 16:07:16,750 | INFO | epoch=29 batch=900 global_step=9928 loss_reg_months=2.4450 lr=0.00002000 grad_norm=1.2321 throughput=11.10 img/s eta_seconds=811.5 gpu_alloc=367.7MiB gpu_reserved=3472.0MiB skipped_batches=0
2026-08-16 16:07:24,426 | INFO | epoch=29 batch=925 global_step=9930 loss_reg_months=2.4343 lr=0.00002000 grad_norm=1.2412 throughput=11.15 img/s eta_seconds=799.3 gpu_alloc=476.3MiB gpu_reserved=3472.0MiB skipped_batches=0
2026-08-16 16:07:38,239 | INFO | epoch=29 batch=950 global_step=9933 loss_reg_months=2.4337 lr=0.00002000 grad_norm=1.5576 throughput=10.99 img/s eta_seconds=801.5 gpu_alloc=476.3MiB gpu_reserved=3472.0MiB skipped_batches=0
2026-08-16 16:07:53,824 | INFO | epoch=29 batch=975 global_step=9936 loss_reg_months=2.4338 lr=0.00002000 grad_norm=1.3687 throughput=10.80 img/s eta_seconds=806.9 gpu_alloc=476.3MiB gpu_reserved=3472.0MiB skipped_batches=0
2026-08-16 16:08:04,969 | INFO | epoch=29 batch=1000 global_step=9939 loss_reg_months=2.4469 lr=0.00002000 grad_norm=1.4848 throughput=10.74 img/s eta_seconds=801.7 gpu_alloc=476.3MiB gpu_reserved=3472.0MiB skipped_batches=0
2026-08-16 16:08:13,576 | INFO | epoch=29 batch=1025 global_step=9941 loss_reg_months=2.4381 lr=0.00002000 grad_norm=1.4555 throughput=10.76 img/s eta_seconds=790.9 gpu_alloc=476.3MiB gpu_reserved=3472.0MiB skipped_batches=0
2026-08-16 16:08:29,219 | INFO | epoch=29 batch=1050 global_step=9944 loss_reg_months=2.4347 lr=0.00002000 grad_norm=1.5247 throughput=10.59 img/s eta_seconds=794.4 gpu_alloc=476.3MiB gpu_reserved=3472.0MiB skipped_batches=0
2026-08-16 16:08:37,080 | INFO | epoch=29 batch=1075 global_step=9947 loss_reg_months=2.4390 lr=0.00002000 grad_norm=1.2490 throughput=10.63 img/s eta_seconds=781.8 gpu_alloc=476.3MiB gpu_reserved=3472.0MiB skipped_batches=0
2026-08-16 16:08:46,939 | INFO | epoch=29 batch=1100 global_step=9950 loss_reg_months=2.4486 lr=0.00002000 grad_norm=1.7659 throughput=10.62 img/s eta_seconds=773.3 gpu_alloc=476.3MiB gpu_reserved=3472.0MiB skipped_batches=0
2026-08-16 16:08:56,452 | INFO | epoch=29 batch=1125 global_step=9953 loss_reg_months=2.4491 lr=0.00002000 grad_norm=1.4983 throughput=10.62 img/s eta_seconds=764.0 gpu_alloc=367.7MiB gpu_reserved=3472.0MiB skipped_batches=0
2026-08-16 16:09:05,417 | INFO | epoch=29 batch=1150 global_step=9955 loss_reg_months=2.4498 lr=0.00002000 grad_norm=1.3630 throughput=10.63 img/s eta_seconds=753.8 gpu_alloc=476.3MiB gpu_reserved=3472.0MiB skipped_batches=0
2026-08-16 16:09:14,970 | INFO | epoch=29 batch=1175 global_step=9958 loss_reg_months=2.4480 lr=0.00002000 grad_norm=1.3483 throughput=10.62 img/s eta_seconds=744.7 gpu_alloc=476.3MiB gpu_reserved=3472.0MiB skipped_batches=0
2026-08-16 16:09:23,049 | INFO | epoch=29 batch=1200 global_step=9961 loss_reg_months=2.4457 lr=0.00002000 grad_norm=1.6467 throughput=10.66 img/s eta_seconds=733.1 gpu_alloc=476.3MiB gpu_reserved=3472.0MiB skipped_batches=0
2026-08-16 16:09:38,169 | INFO | epoch=29 batch=1225 global_step=9964 loss_reg_months=2.4331 lr=0.00002000 grad_norm=1.1062 throughput=10.52 img/s eta_seconds=732.7 gpu_alloc=476.3MiB gpu_reserved=3472.0MiB skipped_batches=0
2026-08-16 16:09:46,318 | INFO | epoch=29 batch=1250 global_step=9966 loss_reg_months=2.4366 lr=0.00002000 grad_norm=1.4098 throughput=10.55 img/s eta_seconds=721.1 gpu_alloc=476.3MiB gpu_reserved=3472.0MiB skipped_batches=0
2026-08-16 16:09:55,292 | INFO | epoch=29 batch=1275 global_step=9969 loss_reg_months=2.4386 lr=0.00002000 grad_norm=1.2690 throughput=10.56 img/s eta_seconds=710.9 gpu_alloc=476.3MiB gpu_reserved=3472.0MiB skipped_batches=0
2026-08-16 16:10:03,482 | INFO | epoch=29 batch=1300 global_step=9972 loss_reg_months=2.4414 lr=0.00002000 grad_norm=1.4352 throughput=10.59 img/s eta_seconds=699.7 gpu_alloc=476.3MiB gpu_reserved=3472.0MiB skipped_batches=0
2026-08-16 16:10:11,451 | INFO | epoch=29 batch=1325 global_step=9975 loss_reg_months=2.4473 lr=0.00002000 grad_norm=1.6226 throughput=10.62 img/s eta_seconds=688.2 gpu_alloc=476.3MiB gpu_reserved=3472.0MiB skipped_batches=0
2026-08-16 16:10:21,712 | INFO | epoch=29 batch=1350 global_step=9978 loss_reg_months=2.4381 lr=0.00002000 grad_norm=1.6041 throughput=10.61 img/s eta_seconds=679.9 gpu_alloc=367.7MiB gpu_reserved=3472.0MiB skipped_batches=0
2026-08-16 16:10:30,207 | INFO | epoch=29 batch=1375 global_step=9980 loss_reg_months=2.4356 lr=0.00002000 grad_norm=1.2971 throughput=10.63 img/s eta_seconds=669.3 gpu_alloc=476.3MiB gpu_reserved=3472.0MiB skipped_batches=0
2026-08-16 16:10:39,617 | INFO | epoch=29 batch=1400 global_step=9983 loss_reg_months=2.4266 lr=0.00002000 grad_norm=1.4722 throughput=10.63 img/s eta_seconds=659.9 gpu_alloc=476.3MiB gpu_reserved=3472.0MiB skipped_batches=0
2026-08-16 16:10:49,533 | INFO | epoch=29 batch=1425 global_step=9986 loss_reg_months=2.4259 lr=0.00002000 grad_norm=1.7195 throughput=10.62 img/s eta_seconds=651.1 gpu_alloc=476.3MiB gpu_reserved=3472.0MiB skipped_batches=0
2026-08-16 16:11:05,752 | INFO | epoch=29 batch=1450 global_step=9989 loss_reg_months=2.4335 lr=0.00002000 grad_norm=1.4490 throughput=10.48 img/s eta_seconds=649.6 gpu_alloc=476.3MiB gpu_reserved=3472.0MiB skipped_batches=0
2026-08-16 16:11:15,125 | INFO | epoch=29 batch=1475 global_step=9991 loss_reg_months=2.4253 lr=0.00002000 grad_norm=1.7623 throughput=10.49 img/s eta_seconds=639.9 gpu_alloc=476.3MiB gpu_reserved=3472.0MiB skipped_batches=0
2026-08-16 16:11:23,285 | INFO | epoch=29 batch=1500 global_step=9994 loss_reg_months=2.4304 lr=0.00002000 grad_norm=1.5052 throughput=10.51 img/s eta_seconds=628.8 gpu_alloc=476.3MiB gpu_reserved=3472.0MiB skipped_batches=0
2026-08-16 16:11:31,493 | INFO | epoch=29 batch=1525 global_step=9997 loss_reg_months=2.4207 lr=0.00002000 grad_norm=1.1871 throughput=10.54 img/s eta_seconds=617.9 gpu_alloc=476.3MiB gpu_reserved=3472.0MiB skipped_batches=0
2026-08-16 16:11:41,908 | INFO | epoch=29 batch=1550 global_step=10000 loss_reg_months=2.4201 lr=0.00002000 grad_norm=1.1411 throughput=10.52 img/s eta_seconds=609.4 gpu_alloc=476.3MiB gpu_reserved=3472.0MiB skipped_batches=0
2026-08-16 16:11:50,389 | INFO | epoch=29 batch=1575 global_step=10003 loss_reg_months=2.4102 lr=0.00002000 grad_norm=1.1304 throughput=10.54 img/s eta_seconds=598.9 gpu_alloc=367.7MiB gpu_reserved=3472.0MiB skipped_batches=0
2026-08-16 16:12:05,277 | INFO | epoch=29 batch=1600 global_step=10005 loss_reg_months=2.4060 lr=0.00002000 grad_norm=1.8687 throughput=10.45 img/s eta_seconds=594.6 gpu_alloc=476.3MiB gpu_reserved=3472.0MiB skipped_batches=0
2026-08-16 16:12:16,639 | INFO | epoch=29 batch=1625 global_step=10008 loss_reg_months=2.4107 lr=0.00002000 grad_norm=1.6090 throughput=10.42 img/s eta_seconds=586.7 gpu_alloc=476.3MiB gpu_reserved=3472.0MiB skipped_batches=0
2026-08-16 16:12:28,679 | INFO | epoch=29 batch=1650 global_step=10011 loss_reg_months=2.4024 lr=0.00002000 grad_norm=1.2837 throughput=10.38 img/s eta_seconds=579.3 gpu_alloc=476.3MiB gpu_reserved=3472.0MiB skipped_batches=0
2026-08-16 16:12:36,731 | INFO | epoch=29 batch=1675 global_step=10014 loss_reg_months=2.3981 lr=0.00002000 grad_norm=1.7764 throughput=10.40 img/s eta_seconds=568.3 gpu_alloc=476.3MiB gpu_reserved=3472.0MiB skipped_batches=0
2026-08-16 16:12:44,414 | INFO | epoch=29 batch=1700 global_step=10016 loss_reg_months=2.4017 lr=0.00002000 grad_norm=1.6674 throughput=10.43 img/s eta_seconds=557.0 gpu_alloc=476.3MiB gpu_reserved=3472.0MiB skipped_batches=0
2026-08-16 16:12:52,362 | INFO | epoch=29 batch=1725 global_step=10019 loss_reg_months=2.3996 lr=0.00002000 grad_norm=1.4871 throughput=10.46 img/s eta_seconds=546.1 gpu_alloc=476.3MiB gpu_reserved=3472.0MiB skipped_batches=0
2026-08-16 16:13:00,407 | INFO | epoch=29 batch=1750 global_step=10022 loss_reg_months=2.3974 lr=0.00002000 grad_norm=1.2563 throughput=10.48 img/s eta_seconds=535.3 gpu_alloc=476.3MiB gpu_reserved=3472.0MiB skipped_batches=0
2026-08-16 16:13:09,248 | INFO | epoch=29 batch=1775 global_step=10025 loss_reg_months=2.3954 lr=0.00002000 grad_norm=1.5800 throughput=10.49 img/s eta_seconds=525.2 gpu_alloc=476.3MiB gpu_reserved=3472.0MiB skipped_batches=0
2026-08-16 16:13:17,457 | INFO | epoch=29 batch=1800 global_step=10028 loss_reg_months=2.4001 lr=0.00002000 grad_norm=1.3196 throughput=10.51 img/s eta_seconds=514.7 gpu_alloc=367.7MiB gpu_reserved=3472.0MiB skipped_batches=0
2026-08-16 16:13:25,764 | INFO | epoch=29 batch=1825 global_step=10030 loss_reg_months=2.3914 lr=0.00002000 grad_norm=1.5072 throughput=10.53 img/s eta_seconds=504.3 gpu_alloc=476.3MiB gpu_reserved=3472.0MiB skipped_batches=0
2026-08-16 16:13:34,578 | INFO | epoch=29 batch=1850 global_step=10033 loss_reg_months=2.3872 lr=0.00002000 grad_norm=1.6857 throughput=10.54 img/s eta_seconds=494.4 gpu_alloc=476.3MiB gpu_reserved=3472.0MiB skipped_batches=0
2026-08-16 16:13:43,325 | INFO | epoch=29 batch=1875 global_step=10036 loss_reg_months=2.3853 lr=0.00002000 grad_norm=1.2994 throughput=10.55 img/s eta_seconds=484.4 gpu_alloc=476.3MiB gpu_reserved=3472.0MiB skipped_batches=0
2026-08-16 16:13:50,911 | INFO | epoch=29 batch=1900 global_step=10039 loss_reg_months=2.3806 lr=0.00002000 grad_norm=1.6891 throughput=10.58 img/s eta_seconds=473.6 gpu_alloc=476.3MiB gpu_reserved=3472.0MiB skipped_batches=0
2026-08-16 16:13:58,652 | INFO | epoch=29 batch=1925 global_step=10041 loss_reg_months=2.3813 lr=0.00002000 grad_norm=1.3633 throughput=10.60 img/s eta_seconds=463.1 gpu_alloc=476.3MiB gpu_reserved=3472.0MiB skipped_batches=0
2026-08-16 16:14:06,472 | INFO | epoch=29 batch=1950 global_step=10044 loss_reg_months=2.3816 lr=0.00002000 grad_norm=1.5825 throughput=10.63 img/s eta_seconds=452.7 gpu_alloc=476.3MiB gpu_reserved=3472.0MiB skipped_batches=0
2026-08-16 16:14:14,354 | INFO | epoch=29 batch=1975 global_step=10047 loss_reg_months=2.3786 lr=0.00002000 grad_norm=1.3701 throughput=10.65 img/s eta_seconds=442.4 gpu_alloc=476.3MiB gpu_reserved=3472.0MiB skipped_batches=0
2026-08-16 16:14:23,077 | INFO | epoch=29 batch=2000 global_step=10050 loss_reg_months=2.3929 lr=0.00002000 grad_norm=1.3207 throughput=10.66 img/s eta_seconds=432.6 gpu_alloc=476.3MiB gpu_reserved=3472.0MiB skipped_batches=0
2026-08-16 16:14:35,271 | INFO | epoch=29 batch=2025 global_step=10053 loss_reg_months=2.3906 lr=0.00002000 grad_norm=1.7193 throughput=10.62 img/s eta_seconds=424.8 gpu_alloc=367.7MiB gpu_reserved=3472.0MiB skipped_batches=0
2026-08-16 16:14:42,877 | INFO | epoch=29 batch=2050 global_step=10055 loss_reg_months=2.3844 lr=0.00002000 grad_norm=1.4427 throughput=10.65 img/s eta_seconds=414.4 gpu_alloc=476.3MiB gpu_reserved=3472.0MiB skipped_batches=0
2026-08-16 16:14:52,179 | INFO | epoch=29 batch=2075 global_step=10058 loss_reg_months=2.3827 lr=0.00002000 grad_norm=1.3271 throughput=10.65 img/s eta_seconds=404.9 gpu_alloc=476.3MiB gpu_reserved=3472.0MiB skipped_batches=0
2026-08-16 16:15:03,386 | INFO | epoch=29 batch=2100 global_step=10061 loss_reg_months=2.3752 lr=0.00002000 grad_norm=1.2904 throughput=10.62 img/s eta_seconds=396.4 gpu_alloc=476.3MiB gpu_reserved=3472.0MiB skipped_batches=0
2026-08-16 16:15:11,766 | INFO | epoch=29 batch=2125 global_step=10064 loss_reg_months=2.3749 lr=0.00002000 grad_norm=1.4621 throughput=10.64 img/s eta_seconds=386.5 gpu_alloc=476.3MiB gpu_reserved=3472.0MiB skipped_batches=0
2026-08-16 16:15:19,701 | INFO | epoch=29 batch=2150 global_step=10066 loss_reg_months=2.3788 lr=0.00002000 grad_norm=1.8198 throughput=10.65 img/s eta_seconds=376.4 gpu_alloc=476.3MiB gpu_reserved=3472.0MiB skipped_batches=0
2026-08-16 16:15:27,642 | INFO | epoch=29 batch=2175 global_step=10069 loss_reg_months=2.3791 lr=0.00002000 grad_norm=1.4278 throughput=10.67 img/s eta_seconds=366.4 gpu_alloc=476.3MiB gpu_reserved=3472.0MiB skipped_batches=0
2026-08-16 16:15:36,060 | INFO | epoch=29 batch=2200 global_step=10072 loss_reg_months=2.3793 lr=0.00002000 grad_norm=1.6607 throughput=10.69 img/s eta_seconds=356.6 gpu_alloc=476.3MiB gpu_reserved=3472.0MiB skipped_batches=0
2026-08-16 16:15:43,696 | INFO | epoch=29 batch=2225 global_step=10075 loss_reg_months=2.3737 lr=0.00002000 grad_norm=1.9321 throughput=10.71 img/s eta_seconds=346.6 gpu_alloc=476.3MiB gpu_reserved=3472.0MiB skipped_batches=0
2026-08-16 16:15:54,803 | INFO | epoch=29 batch=2250 global_step=10078 loss_reg_months=2.3742 lr=0.00002000 grad_norm=1.5314 throughput=10.69 img/s eta_seconds=337.9 gpu_alloc=367.7MiB gpu_reserved=3472.0MiB skipped_batches=0
2026-08-16 16:16:04,051 | INFO | epoch=29 batch=2275 global_step=10080 loss_reg_months=2.3807 lr=0.00002000 grad_norm=1.3262 throughput=10.69 img/s eta_seconds=328.5 gpu_alloc=476.3MiB gpu_reserved=3472.0MiB skipped_batches=0
2026-08-16 16:16:11,912 | INFO | epoch=29 batch=2300 global_step=10083 loss_reg_months=2.3847 lr=0.00002000 grad_norm=1.0870 throughput=10.71 img/s eta_seconds=318.6 gpu_alloc=476.3MiB gpu_reserved=3472.0MiB skipped_batches=0
2026-08-16 16:16:20,171 | INFO | epoch=29 batch=2325 global_step=10086 loss_reg_months=2.3858 lr=0.00002000 grad_norm=1.3618 throughput=10.72 img/s eta_seconds=308.9 gpu_alloc=476.3MiB gpu_reserved=3472.0MiB skipped_batches=0
2026-08-16 16:16:28,605 | INFO | epoch=29 batch=2350 global_step=10089 loss_reg_months=2.3850 lr=0.00002000 grad_norm=1.2525 throughput=10.73 img/s eta_seconds=299.3 gpu_alloc=476.3MiB gpu_reserved=3472.0MiB skipped_batches=0
2026-08-16 16:16:36,738 | INFO | epoch=29 batch=2375 global_step=10091 loss_reg_months=2.3817 lr=0.00002000 grad_norm=1.5812 throughput=10.74 img/s eta_seconds=289.5 gpu_alloc=476.3MiB gpu_reserved=3472.0MiB skipped_batches=0
2026-08-16 16:16:45,516 | INFO | epoch=29 batch=2400 global_step=10094 loss_reg_months=2.3829 lr=0.00002000 grad_norm=1.6258 throughput=10.75 img/s eta_seconds=280.1 gpu_alloc=476.3MiB gpu_reserved=3472.0MiB skipped_batches=0
2026-08-16 16:16:54,340 | INFO | epoch=29 batch=2425 global_step=10097 loss_reg_months=2.3813 lr=0.00002000 grad_norm=1.8082 throughput=10.76 img/s eta_seconds=270.6 gpu_alloc=476.3MiB gpu_reserved=3472.0MiB skipped_batches=0
2026-08-16 16:17:06,649 | INFO | epoch=29 batch=2450 global_step=10100 loss_reg_months=2.3800 lr=0.00002000 grad_norm=1.1228 throughput=10.72 img/s eta_seconds=262.2 gpu_alloc=476.3MiB gpu_reserved=3472.0MiB skipped_batches=0
2026-08-16 16:17:15,055 | INFO | epoch=29 batch=2475 global_step=10103 loss_reg_months=2.3866 lr=0.00002000 grad_norm=1.7325 throughput=10.73 img/s eta_seconds=252.6 gpu_alloc=367.7MiB gpu_reserved=3472.0MiB skipped_batches=0
2026-08-16 16:17:23,322 | INFO | epoch=29 batch=2500 global_step=10105 loss_reg_months=2.3861 lr=0.00002000 grad_norm=1.5274 throughput=10.74 img/s eta_seconds=243.0 gpu_alloc=476.3MiB gpu_reserved=3472.0MiB skipped_batches=0
2026-08-16 16:17:31,556 | INFO | epoch=29 batch=2525 global_step=10108 loss_reg_months=2.3816 lr=0.00002000 grad_norm=1.7173 throughput=10.76 img/s eta_seconds=233.4 gpu_alloc=476.3MiB gpu_reserved=3472.0MiB skipped_batches=0
2026-08-16 16:17:41,867 | INFO | epoch=29 batch=2550 global_step=10111 loss_reg_months=2.3821 lr=0.00002000 grad_norm=1.8269 throughput=10.74 img/s eta_seconds=224.4 gpu_alloc=476.3MiB gpu_reserved=3472.0MiB skipped_batches=0
2026-08-16 16:17:51,729 | INFO | epoch=29 batch=2575 global_step=10114 loss_reg_months=2.3809 lr=0.00002000 grad_norm=1.4700 throughput=10.74 img/s eta_seconds=215.2 gpu_alloc=476.3MiB gpu_reserved=3472.0MiB skipped_batches=0
2026-08-16 16:17:59,850 | INFO | epoch=29 batch=2600 global_step=10116 loss_reg_months=2.3811 lr=0.00002000 grad_norm=1.4942 throughput=10.75 img/s eta_seconds=205.6 gpu_alloc=476.3MiB gpu_reserved=3472.0MiB skipped_batches=0
2026-08-16 16:18:08,144 | INFO | epoch=29 batch=2625 global_step=10119 loss_reg_months=2.3790 lr=0.00002000 grad_norm=1.3280 throughput=10.76 img/s eta_seconds=196.1 gpu_alloc=476.3MiB gpu_reserved=3472.0MiB skipped_batches=0
2026-08-16 16:18:16,130 | INFO | epoch=29 batch=2650 global_step=10122 loss_reg_months=2.3763 lr=0.00002000 grad_norm=1.4735 throughput=10.78 img/s eta_seconds=186.6 gpu_alloc=476.3MiB gpu_reserved=3472.0MiB skipped_batches=0
2026-08-16 16:18:23,988 | INFO | epoch=29 batch=2675 global_step=10125 loss_reg_months=2.3766 lr=0.00002000 grad_norm=1.3753 throughput=10.79 img/s eta_seconds=177.1 gpu_alloc=476.3MiB gpu_reserved=3472.0MiB skipped_batches=0
2026-08-16 16:18:31,566 | INFO | epoch=29 batch=2700 global_step=10128 loss_reg_months=2.3747 lr=0.00002000 grad_norm=1.1673 throughput=10.81 img/s eta_seconds=167.5 gpu_alloc=367.7MiB gpu_reserved=3472.0MiB skipped_batches=0
2026-08-16 16:18:44,313 | INFO | epoch=29 batch=2725 global_step=10130 loss_reg_months=2.3733 lr=0.00002000 grad_norm=1.3481 throughput=10.77 img/s eta_seconds=158.8 gpu_alloc=476.3MiB gpu_reserved=3472.0MiB skipped_batches=0
2026-08-16 16:18:56,565 | INFO | epoch=29 batch=2750 global_step=10133 loss_reg_months=2.3727 lr=0.00002000 grad_norm=1.9187 throughput=10.74 img/s eta_seconds=150.0 gpu_alloc=476.3MiB gpu_reserved=3472.0MiB skipped_batches=0
2026-08-16 16:19:05,024 | INFO | epoch=29 batch=2775 global_step=10136 loss_reg_months=2.3700 lr=0.00002000 grad_norm=1.1497 throughput=10.75 img/s eta_seconds=140.5 gpu_alloc=476.3MiB gpu_reserved=3472.0MiB skipped_batches=0
2026-08-16 16:19:12,492 | INFO | epoch=29 batch=2800 global_step=10139 loss_reg_months=2.3704 lr=0.00002000 grad_norm=1.4716 throughput=10.77 img/s eta_seconds=131.0 gpu_alloc=476.3MiB gpu_reserved=3472.0MiB skipped_batches=0
2026-08-16 16:19:20,682 | INFO | epoch=29 batch=2825 global_step=10141 loss_reg_months=2.3721 lr=0.00002000 grad_norm=1.2551 throughput=10.78 img/s eta_seconds=121.6 gpu_alloc=476.3MiB gpu_reserved=3472.0MiB skipped_batches=0
2026-08-16 16:19:29,617 | INFO | epoch=29 batch=2850 global_step=10144 loss_reg_months=2.3698 lr=0.00002000 grad_norm=1.4857 throughput=10.78 img/s eta_seconds=112.3 gpu_alloc=476.3MiB gpu_reserved=3472.0MiB skipped_batches=0
2026-08-16 16:19:39,368 | INFO | epoch=29 batch=2875 global_step=10147 loss_reg_months=2.3684 lr=0.00002000 grad_norm=1.3389 throughput=10.78 img/s eta_seconds=103.1 gpu_alloc=476.3MiB gpu_reserved=3472.0MiB skipped_batches=0
2026-08-16 16:19:47,569 | INFO | epoch=29 batch=2900 global_step=10150 loss_reg_months=2.3724 lr=0.00002000 grad_norm=1.5428 throughput=10.79 img/s eta_seconds=93.7 gpu_alloc=476.3MiB gpu_reserved=3472.0MiB skipped_batches=0
2026-08-16 16:19:55,609 | INFO | epoch=29 batch=2925 global_step=10153 loss_reg_months=2.3756 lr=0.00002000 grad_norm=1.3205 throughput=10.80 img/s eta_seconds=84.3 gpu_alloc=367.7MiB gpu_reserved=3472.0MiB skipped_batches=0
2026-08-16 16:20:04,552 | INFO | epoch=29 batch=2950 global_step=10155 loss_reg_months=2.3766 lr=0.00002000 grad_norm=1.6419 throughput=10.81 img/s eta_seconds=75.1 gpu_alloc=476.3MiB gpu_reserved=3472.0MiB skipped_batches=0
2026-08-16 16:20:12,300 | INFO | epoch=29 batch=2975 global_step=10158 loss_reg_months=2.3798 lr=0.00002000 grad_norm=2.2638 throughput=10.82 img/s eta_seconds=65.7 gpu_alloc=476.3MiB gpu_reserved=3472.0MiB skipped_batches=0
2026-08-16 16:20:20,940 | INFO | epoch=29 batch=3000 global_step=10161 loss_reg_months=2.3754 lr=0.00002000 grad_norm=1.2133 throughput=10.83 img/s eta_seconds=56.4 gpu_alloc=476.3MiB gpu_reserved=3472.0MiB skipped_batches=0
2026-08-16 16:20:29,754 | INFO | epoch=29 batch=3025 global_step=10164 loss_reg_months=2.3758 lr=0.00002000 grad_norm=1.4777 throughput=10.83 img/s eta_seconds=47.2 gpu_alloc=476.3MiB gpu_reserved=3472.0MiB skipped_batches=0
2026-08-16 16:20:37,358 | INFO | epoch=29 batch=3050 global_step=10166 loss_reg_months=2.3720 lr=0.00002000 grad_norm=2.0098 throughput=10.85 img/s eta_seconds=37.9 gpu_alloc=476.3MiB gpu_reserved=3472.0MiB skipped_batches=0
2026-08-16 16:20:45,905 | INFO | epoch=29 batch=3075 global_step=10169 loss_reg_months=2.3696 lr=0.00002000 grad_norm=1.4651 throughput=10.85 img/s eta_seconds=28.7 gpu_alloc=476.3MiB gpu_reserved=3472.0MiB skipped_batches=0
2026-08-16 16:20:53,962 | INFO | epoch=29 batch=3100 global_step=10172 loss_reg_months=2.3643 lr=0.00002000 grad_norm=1.2727 throughput=10.86 img/s eta_seconds=19.4 gpu_alloc=476.3MiB gpu_reserved=3472.0MiB skipped_batches=0
2026-08-16 16:21:02,561 | INFO | epoch=29 batch=3125 global_step=10175 loss_reg_months=2.3613 lr=0.00002000 grad_norm=1.6489 throughput=10.87 img/s eta_seconds=10.2 gpu_alloc=476.3MiB gpu_reserved=3472.0MiB skipped_batches=0
2026-08-16 16:21:10,877 | INFO | epoch=29 batch=3150 global_step=10178 loss_reg_months=2.3588 lr=0.00002000 grad_norm=1.6059 throughput=10.88 img/s eta_seconds=1.0 gpu_alloc=367.7MiB gpu_reserved=3472.0MiB skipped_batches=0
2026-08-16 16:23:05,631 | WARNING | STABILITY WARNING [CAM] Prediction vượt nhẹ miền tuổi 0–228: [8.31, 233.00]
2026-08-16 16:23:05,638 | INFO | 
TRAINING REVIEW SNAPSHOT
Run ID / config hash / split hash: P6_D0_CONVNEXT_TINY_768_SEED42 / 0e80cf6f780f / 7328667e6822+f650a20432b5
Epoch / global step: 29 / 10179
Train loss: 2.3599
Validation MAE / RMSE / median AE: 6.2930 / 8.4882 / 5.0000
MAE nam / nữ / age bins: {'F': 6.598542944785276, 'M': 6.035252263906856} / {'0-59': 6.502659574468085, '120-179': 6.088998763906057, '60-119': 7.1376903553299496, '180-228': 4.828125}
Learning rate / peak VRAM: 0.00002000 / 3472.0 MiB
Best epoch / best MAE / epochs không cải thiện: 24 / 6.1834 / 5
Cảnh báo hiện tại: CAM: Prediction vượt nhẹ miền tuổi 0–228: [8.31, 233.00]
Checkpoint gần nhất: p1_baseline\runs\P6_D0_CONVNEXT_TINY_768_SEED42\last.ckpt
Checkpoint tốt nhất: p1_baseline\runs\P6_D0_CONVNEXT_TINY_768_SEED42\best_mae.ckpt
Đề xuất tự động: THEO DÕI
2026-08-16 16:23:42,041 | INFO | epoch=30 batch=25 global_step=10181 loss_reg_months=3.2126 lr=0.00001508 grad_norm=1.4161 throughput=2.95 img/s eta_seconds=4246.6 gpu_alloc=476.3MiB gpu_reserved=3472.0MiB skipped_batches=0
2026-08-16 16:24:08,733 | INFO | epoch=30 batch=50 global_step=10184 loss_reg_months=2.8799 lr=0.00001508 grad_norm=1.3041 throughput=3.30 img/s eta_seconds=3762.6 gpu_alloc=476.3MiB gpu_reserved=3472.0MiB skipped_batches=0
2026-08-16 16:24:22,938 | INFO | epoch=30 batch=75 global_step=10187 loss_reg_months=2.6313 lr=0.00001508 grad_norm=1.5221 throughput=4.01 img/s eta_seconds=3071.2 gpu_alloc=476.3MiB gpu_reserved=3472.0MiB skipped_batches=0
2026-08-16 16:24:32,931 | INFO | epoch=30 batch=100 global_step=10190 loss_reg_months=2.5702 lr=0.00001508 grad_norm=1.5360 throughput=4.72 img/s eta_seconds=2589.7 gpu_alloc=476.3MiB gpu_reserved=3472.0MiB skipped_batches=0
2026-08-16 16:24:42,715 | INFO | epoch=30 batch=125 global_step=10192 loss_reg_months=2.5004 lr=0.00001508 grad_norm=1.2214 throughput=5.28 img/s eta_seconds=2291.8 gpu_alloc=476.3MiB gpu_reserved=3472.0MiB skipped_batches=0
2026-08-16 16:24:52,250 | INFO | epoch=30 batch=150 global_step=10195 loss_reg_months=2.3660 lr=0.00001508 grad_norm=1.4725 throughput=5.76 img/s eta_seconds=2085.0 gpu_alloc=476.3MiB gpu_reserved=3472.0MiB skipped_batches=0
2026-08-16 16:25:00,208 | INFO | epoch=30 batch=175 global_step=10198 loss_reg_months=2.4191 lr=0.00001508 grad_norm=1.5782 throughput=6.24 img/s eta_seconds=1907.6 gpu_alloc=476.3MiB gpu_reserved=3472.0MiB skipped_batches=0
2026-08-16 16:25:07,445 | INFO | epoch=30 batch=200 global_step=10201 loss_reg_months=2.3896 lr=0.00001508 grad_norm=1.6165 throughput=6.70 img/s eta_seconds=1762.0 gpu_alloc=476.3MiB gpu_reserved=3472.0MiB skipped_batches=0
2026-08-16 16:25:15,135 | INFO | epoch=30 batch=225 global_step=10204 loss_reg_months=2.3617 lr=0.00001508 grad_norm=1.5628 throughput=7.08 img/s eta_seconds=1653.0 gpu_alloc=367.7MiB gpu_reserved=3472.0MiB skipped_batches=0
2026-08-16 16:25:24,616 | INFO | epoch=30 batch=250 global_step=10206 loss_reg_months=2.3619 lr=0.00001508 grad_norm=1.2768 throughput=7.33 img/s eta_seconds=1585.1 gpu_alloc=476.3MiB gpu_reserved=3472.0MiB skipped_batches=0
2026-08-16 16:25:36,053 | INFO | epoch=30 batch=275 global_step=10209 loss_reg_months=2.3842 lr=0.00001508 grad_norm=1.5940 throughput=7.43 img/s eta_seconds=1548.3 gpu_alloc=476.3MiB gpu_reserved=3472.0MiB skipped_batches=0
2026-08-16 16:25:44,862 | INFO | epoch=30 batch=300 global_step=10212 loss_reg_months=2.3734 lr=0.00001508 grad_norm=1.6002 throughput=7.65 img/s eta_seconds=1490.7 gpu_alloc=476.3MiB gpu_reserved=3472.0MiB skipped_batches=0
2026-08-16 16:25:53,428 | INFO | epoch=30 batch=325 global_step=10215 loss_reg_months=2.3711 lr=0.00001508 grad_norm=1.1316 throughput=7.86 img/s eta_seconds=1438.5 gpu_alloc=476.3MiB gpu_reserved=3472.0MiB skipped_batches=0
2026-08-16 16:26:01,636 | INFO | epoch=30 batch=350 global_step=10217 loss_reg_months=2.3728 lr=0.00001508 grad_norm=1.2336 throughput=8.07 img/s eta_seconds=1389.7 gpu_alloc=476.3MiB gpu_reserved=3472.0MiB skipped_batches=0
2026-08-16 16:26:12,418 | INFO | epoch=30 batch=375 global_step=10220 loss_reg_months=2.3215 lr=0.00001508 grad_norm=1.2066 throughput=8.14 img/s eta_seconds=1365.3 gpu_alloc=476.3MiB gpu_reserved=3472.0MiB skipped_batches=0
2026-08-16 16:26:47,649 | INFO | epoch=30 batch=400 global_step=10223 loss_reg_months=2.3789 lr=0.00001508 grad_norm=1.4201 throughput=7.29 img/s eta_seconds=1510.9 gpu_alloc=476.3MiB gpu_reserved=3472.0MiB skipped_batches=0
2026-08-16 16:27:02,642 | INFO | epoch=30 batch=425 global_step=10226 loss_reg_months=2.3626 lr=0.00001508 grad_norm=2.0773 throughput=7.25 img/s eta_seconds=1505.4 gpu_alloc=476.3MiB gpu_reserved=3472.0MiB skipped_batches=0
2026-08-16 16:27:41,099 | INFO | epoch=30 batch=450 global_step=10229 loss_reg_months=2.3762 lr=0.00001508 grad_norm=1.3998 throughput=6.59 img/s eta_seconds=1639.7 gpu_alloc=367.7MiB gpu_reserved=3472.0MiB skipped_batches=0
2026-08-16 16:27:59,726 | INFO | epoch=30 batch=475 global_step=10231 loss_reg_months=2.3469 lr=0.00001508 grad_norm=1.5141 throughput=6.52 img/s eta_seconds=1644.0 gpu_alloc=476.3MiB gpu_reserved=3472.0MiB skipped_batches=0
2026-08-16 16:28:27,982 | INFO | epoch=30 batch=500 global_step=10234 loss_reg_months=2.3254 lr=0.00001508 grad_norm=1.1463 throughput=6.25 img/s eta_seconds=1697.1 gpu_alloc=476.3MiB gpu_reserved=3472.0MiB skipped_batches=0
2026-08-16 16:28:41,497 | INFO | epoch=30 batch=525 global_step=10237 loss_reg_months=2.3003 lr=0.00001508 grad_norm=1.5207 throughput=6.30 img/s eta_seconds=1668.7 gpu_alloc=476.3MiB gpu_reserved=3472.0MiB skipped_batches=0
2026-08-16 16:28:51,014 | INFO | epoch=30 batch=550 global_step=10240 loss_reg_months=2.3011 lr=0.00001508 grad_norm=1.3791 throughput=6.42 img/s eta_seconds=1622.8 gpu_alloc=476.3MiB gpu_reserved=3472.0MiB skipped_batches=0
2026-08-16 16:29:03,401 | INFO | epoch=30 batch=575 global_step=10242 loss_reg_months=2.2970 lr=0.00001508 grad_norm=1.5772 throughput=6.47 img/s eta_seconds=1592.8 gpu_alloc=476.3MiB gpu_reserved=3472.0MiB skipped_batches=0
2026-08-16 16:29:18,677 | INFO | epoch=30 batch=600 global_step=10245 loss_reg_months=2.2711 lr=0.00001508 grad_norm=1.8573 throughput=6.48 img/s eta_seconds=1576.7 gpu_alloc=476.3MiB gpu_reserved=3472.0MiB skipped_batches=0
2026-08-16 16:29:29,692 | INFO | epoch=30 batch=625 global_step=10248 loss_reg_months=2.2604 lr=0.00001508 grad_norm=1.5085 throughput=6.55 img/s eta_seconds=1543.3 gpu_alloc=476.3MiB gpu_reserved=3472.0MiB skipped_batches=0
2026-08-16 16:29:38,231 | INFO | epoch=30 batch=650 global_step=10251 loss_reg_months=2.2713 lr=0.00001508 grad_norm=1.7057 throughput=6.66 img/s eta_seconds=1502.2 gpu_alloc=476.3MiB gpu_reserved=3472.0MiB skipped_batches=0
2026-08-16 16:29:46,625 | INFO | epoch=30 batch=675 global_step=10254 loss_reg_months=2.2580 lr=0.00001508 grad_norm=1.5705 throughput=6.77 img/s eta_seconds=1462.9 gpu_alloc=367.7MiB gpu_reserved=3472.0MiB skipped_batches=0
2026-08-16 16:29:55,357 | INFO | epoch=30 batch=700 global_step=10256 loss_reg_months=2.2483 lr=0.00001508 grad_norm=1.5328 throughput=6.88 img/s eta_seconds=1427.0 gpu_alloc=476.3MiB gpu_reserved=3472.0MiB skipped_batches=0
2026-08-16 16:30:05,371 | INFO | epoch=30 batch=725 global_step=10259 loss_reg_months=2.2586 lr=0.00001508 grad_norm=1.4865 throughput=6.95 img/s eta_seconds=1397.3 gpu_alloc=476.3MiB gpu_reserved=3472.0MiB skipped_batches=0
2026-08-16 16:30:13,246 | INFO | epoch=30 batch=750 global_step=10262 loss_reg_months=2.2658 lr=0.00001508 grad_norm=1.4394 throughput=7.06 img/s eta_seconds=1362.0 gpu_alloc=476.3MiB gpu_reserved=3472.0MiB skipped_batches=0
2026-08-16 16:30:21,165 | INFO | epoch=30 batch=775 global_step=10265 loss_reg_months=2.2603 lr=0.00001508 grad_norm=1.2294 throughput=7.16 img/s eta_seconds=1328.7 gpu_alloc=476.3MiB gpu_reserved=3472.0MiB skipped_batches=0
2026-08-16 16:30:28,712 | INFO | epoch=30 batch=800 global_step=10267 loss_reg_months=2.2591 lr=0.00001508 grad_norm=1.3709 throughput=7.26 img/s eta_seconds=1295.8 gpu_alloc=476.3MiB gpu_reserved=3472.0MiB skipped_batches=0
2026-08-16 16:30:36,197 | INFO | epoch=30 batch=825 global_step=10270 loss_reg_months=2.2660 lr=0.00001508 grad_norm=1.2963 throughput=7.36 img/s eta_seconds=1264.3 gpu_alloc=476.3MiB gpu_reserved=3472.0MiB skipped_batches=0
2026-08-16 16:30:43,409 | INFO | epoch=30 batch=850 global_step=10273 loss_reg_months=2.2744 lr=0.00001508 grad_norm=1.6208 throughput=7.47 img/s eta_seconds=1233.5 gpu_alloc=476.3MiB gpu_reserved=3472.0MiB skipped_batches=0
2026-08-16 16:30:50,565 | INFO | epoch=30 batch=875 global_step=10276 loss_reg_months=2.2744 lr=0.00001508 grad_norm=1.4271 throughput=7.57 img/s eta_seconds=1203.9 gpu_alloc=476.3MiB gpu_reserved=3472.0MiB skipped_batches=0
2026-08-16 16:30:57,742 | INFO | epoch=30 batch=900 global_step=10279 loss_reg_months=2.2759 lr=0.00001508 grad_norm=1.2338 throughput=7.67 img/s eta_seconds=1175.5 gpu_alloc=367.7MiB gpu_reserved=3472.0MiB skipped_batches=0
2026-08-16 16:31:05,800 | INFO | epoch=30 batch=925 global_step=10281 loss_reg_months=2.2848 lr=0.00001508 grad_norm=1.4264 throughput=7.75 img/s eta_seconds=1150.5 gpu_alloc=476.3MiB gpu_reserved=3472.0MiB skipped_batches=0
2026-08-16 16:31:13,229 | INFO | epoch=30 batch=950 global_step=10284 loss_reg_months=2.2912 lr=0.00001508 grad_norm=1.3422 throughput=7.83 img/s eta_seconds=1124.9 gpu_alloc=476.3MiB gpu_reserved=3472.0MiB skipped_batches=0
2026-08-16 16:31:20,800 | INFO | epoch=30 batch=975 global_step=10287 loss_reg_months=2.2841 lr=0.00001508 grad_norm=1.4423 throughput=7.92 img/s eta_seconds=1100.5 gpu_alloc=476.3MiB gpu_reserved=3472.0MiB skipped_batches=0
2026-08-16 16:31:28,181 | INFO | epoch=30 batch=1000 global_step=10290 loss_reg_months=2.2789 lr=0.00001508 grad_norm=1.3972 throughput=8.00 img/s eta_seconds=1076.6 gpu_alloc=476.3MiB gpu_reserved=3472.0MiB skipped_batches=0
2026-08-16 16:31:35,919 | INFO | epoch=30 batch=1025 global_step=10292 loss_reg_months=2.2702 lr=0.00001508 grad_norm=1.1665 throughput=8.07 img/s eta_seconds=1054.2 gpu_alloc=476.3MiB gpu_reserved=3472.0MiB skipped_batches=0
2026-08-16 16:31:46,149 | INFO | epoch=30 batch=1050 global_step=10295 loss_reg_months=2.2665 lr=0.00001508 grad_norm=1.4048 throughput=8.11 img/s eta_seconds=1037.5 gpu_alloc=476.3MiB gpu_reserved=3472.0MiB skipped_batches=0
2026-08-16 16:31:54,013 | INFO | epoch=30 batch=1075 global_step=10298 loss_reg_months=2.2499 lr=0.00001508 grad_norm=1.2085 throughput=8.18 img/s eta_seconds=1016.5 gpu_alloc=476.3MiB gpu_reserved=3472.0MiB skipped_batches=0
2026-08-16 16:32:02,145 | INFO | epoch=30 batch=1100 global_step=10301 loss_reg_months=2.2607 lr=0.00001508 grad_norm=1.3504 throughput=8.24 img/s eta_seconds=996.6 gpu_alloc=476.3MiB gpu_reserved=3472.0MiB skipped_batches=0
2026-08-16 16:32:10,881 | INFO | epoch=30 batch=1125 global_step=10304 loss_reg_months=2.2649 lr=0.00001508 grad_norm=1.1953 throughput=8.29 img/s eta_seconds=978.3 gpu_alloc=367.7MiB gpu_reserved=3472.0MiB skipped_batches=0
2026-08-16 16:32:18,587 | INFO | epoch=30 batch=1150 global_step=10306 loss_reg_months=2.2661 lr=0.00001508 grad_norm=1.3474 throughput=8.36 img/s eta_seconds=958.7 gpu_alloc=476.3MiB gpu_reserved=3472.0MiB skipped_batches=0
2026-08-16 16:32:25,928 | INFO | epoch=30 batch=1175 global_step=10309 loss_reg_months=2.2689 lr=0.00001508 grad_norm=1.3643 throughput=8.43 img/s eta_seconds=938.9 gpu_alloc=476.3MiB gpu_reserved=3472.0MiB skipped_batches=0
2026-08-16 16:32:33,843 | INFO | epoch=30 batch=1200 global_step=10312 loss_reg_months=2.2770 lr=0.00001508 grad_norm=1.2119 throughput=8.48 img/s eta_seconds=920.6 gpu_alloc=476.3MiB gpu_reserved=3472.0MiB skipped_batches=0
2026-08-16 16:32:41,380 | INFO | epoch=30 batch=1225 global_step=10315 loss_reg_months=2.2756 lr=0.00001508 grad_norm=0.8594 throughput=8.55 img/s eta_seconds=902.2 gpu_alloc=476.3MiB gpu_reserved=3472.0MiB skipped_batches=0
2026-08-16 16:32:49,261 | INFO | epoch=30 batch=1250 global_step=10317 loss_reg_months=2.2795 lr=0.00001508 grad_norm=1.0909 throughput=8.60 img/s eta_seconds=884.6 gpu_alloc=476.3MiB gpu_reserved=3472.0MiB skipped_batches=0
2026-08-16 16:32:57,176 | INFO | epoch=30 batch=1275 global_step=10320 loss_reg_months=2.2894 lr=0.00001508 grad_norm=1.2557 throughput=8.66 img/s eta_seconds=867.6 gpu_alloc=476.3MiB gpu_reserved=3472.0MiB skipped_batches=0
2026-08-16 16:33:07,146 | INFO | epoch=30 batch=1300 global_step=10323 loss_reg_months=2.2937 lr=0.00001508 grad_norm=1.4822 throughput=8.68 img/s eta_seconds=853.8 gpu_alloc=476.3MiB gpu_reserved=3472.0MiB skipped_batches=0
2026-08-16 16:33:14,587 | INFO | epoch=30 batch=1325 global_step=10326 loss_reg_months=2.2880 lr=0.00001508 grad_norm=1.5773 throughput=8.74 img/s eta_seconds=836.6 gpu_alloc=476.3MiB gpu_reserved=3472.0MiB skipped_batches=0
2026-08-16 16:33:22,008 | INFO | epoch=30 batch=1350 global_step=10329 loss_reg_months=2.2793 lr=0.00001508 grad_norm=1.1479 throughput=8.80 img/s eta_seconds=819.8 gpu_alloc=367.7MiB gpu_reserved=3472.0MiB skipped_batches=0
2026-08-16 16:33:30,310 | INFO | epoch=30 batch=1375 global_step=10331 loss_reg_months=2.2918 lr=0.00001508 grad_norm=1.4470 throughput=8.84 img/s eta_seconds=804.5 gpu_alloc=476.3MiB gpu_reserved=3472.0MiB skipped_batches=0
2026-08-16 16:33:38,409 | INFO | epoch=30 batch=1400 global_step=10334 loss_reg_months=2.2908 lr=0.00001508 grad_norm=1.4347 throughput=8.88 img/s eta_seconds=789.1 gpu_alloc=476.3MiB gpu_reserved=3472.0MiB skipped_batches=0
2026-08-16 16:33:46,726 | INFO | epoch=30 batch=1425 global_step=10337 loss_reg_months=2.2834 lr=0.00001508 grad_norm=1.1846 throughput=8.93 img/s eta_seconds=774.3 gpu_alloc=476.3MiB gpu_reserved=3472.0MiB skipped_batches=0
2026-08-16 16:33:54,019 | INFO | epoch=30 batch=1450 global_step=10340 loss_reg_months=2.2711 lr=0.00001508 grad_norm=1.5489 throughput=8.98 img/s eta_seconds=758.5 gpu_alloc=476.3MiB gpu_reserved=3472.0MiB skipped_batches=0
2026-08-16 16:34:02,171 | INFO | epoch=30 batch=1475 global_step=10342 loss_reg_months=2.2680 lr=0.00001508 grad_norm=1.0616 throughput=9.02 img/s eta_seconds=744.0 gpu_alloc=476.3MiB gpu_reserved=3472.0MiB skipped_batches=0
2026-08-16 16:34:10,480 | INFO | epoch=30 batch=1500 global_step=10345 loss_reg_months=2.2673 lr=0.00001508 grad_norm=1.7345 throughput=9.06 img/s eta_seconds=729.8 gpu_alloc=476.3MiB gpu_reserved=3472.0MiB skipped_batches=0
2026-08-16 16:34:19,011 | INFO | epoch=30 batch=1525 global_step=10348 loss_reg_months=2.2718 lr=0.00001508 grad_norm=1.3401 throughput=9.09 img/s eta_seconds=716.1 gpu_alloc=476.3MiB gpu_reserved=3472.0MiB skipped_batches=0
2026-08-16 16:34:26,884 | INFO | epoch=30 batch=1550 global_step=10351 loss_reg_months=2.2749 lr=0.00001508 grad_norm=1.5563 throughput=9.13 img/s eta_seconds=701.9 gpu_alloc=476.3MiB gpu_reserved=3472.0MiB skipped_batches=0
2026-08-16 16:34:36,682 | INFO | epoch=30 batch=1575 global_step=10354 loss_reg_months=2.2794 lr=0.00001508 grad_norm=1.3257 throughput=9.15 img/s eta_seconds=689.8 gpu_alloc=367.7MiB gpu_reserved=3472.0MiB skipped_batches=0
2026-08-16 16:34:48,759 | INFO | epoch=30 batch=1600 global_step=10356 loss_reg_months=2.2827 lr=0.00001508 grad_norm=1.4498 throughput=9.13 img/s eta_seconds=680.0 gpu_alloc=476.3MiB gpu_reserved=3472.0MiB skipped_batches=0
2026-08-16 16:34:59,934 | INFO | epoch=30 batch=1625 global_step=10359 loss_reg_months=2.2851 lr=0.00001508 grad_norm=2.0701 throughput=9.13 img/s eta_seconds=669.2 gpu_alloc=476.3MiB gpu_reserved=3472.0MiB skipped_batches=0
2026-08-16 16:35:08,812 | INFO | epoch=30 batch=1650 global_step=10362 loss_reg_months=2.2925 lr=0.00001508 grad_norm=1.3941 throughput=9.16 img/s eta_seconds=656.4 gpu_alloc=476.3MiB gpu_reserved=3472.0MiB skipped_batches=0
2026-08-16 16:35:20,628 | INFO | epoch=30 batch=1675 global_step=10365 loss_reg_months=2.2874 lr=0.00001508 grad_norm=1.3256 throughput=9.15 img/s eta_seconds=646.3 gpu_alloc=476.3MiB gpu_reserved=3472.0MiB skipped_batches=0
2026-08-16 16:35:30,889 | INFO | epoch=30 batch=1700 global_step=10367 loss_reg_months=2.2827 lr=0.00001508 grad_norm=1.6675 throughput=9.15 img/s eta_seconds=634.8 gpu_alloc=476.3MiB gpu_reserved=3472.0MiB skipped_batches=0
2026-08-16 16:35:39,523 | INFO | epoch=30 batch=1725 global_step=10370 loss_reg_months=2.2819 lr=0.00001508 grad_norm=1.4990 throughput=9.18 img/s eta_seconds=621.9 gpu_alloc=476.3MiB gpu_reserved=3472.0MiB skipped_batches=0
2026-08-16 16:35:48,563 | INFO | epoch=30 batch=1750 global_step=10373 loss_reg_months=2.2788 lr=0.00001508 grad_norm=1.2273 throughput=9.20 img/s eta_seconds=609.6 gpu_alloc=476.3MiB gpu_reserved=3472.0MiB skipped_batches=0
2026-08-16 16:35:58,260 | INFO | epoch=30 batch=1775 global_step=10376 loss_reg_months=2.2691 lr=0.00001508 grad_norm=1.3050 throughput=9.22 img/s eta_seconds=597.8 gpu_alloc=476.3MiB gpu_reserved=3472.0MiB skipped_batches=0
2026-08-16 16:36:08,129 | INFO | epoch=30 batch=1800 global_step=10379 loss_reg_months=2.2689 lr=0.00001508 grad_norm=1.4633 throughput=9.23 img/s eta_seconds=586.2 gpu_alloc=367.7MiB gpu_reserved=3472.0MiB skipped_batches=0
2026-08-16 16:36:16,025 | INFO | epoch=30 batch=1825 global_step=10381 loss_reg_months=2.2699 lr=0.00001508 grad_norm=1.6039 throughput=9.26 img/s eta_seconds=573.2 gpu_alloc=476.3MiB gpu_reserved=3472.0MiB skipped_batches=0
2026-08-16 16:36:23,972 | INFO | epoch=30 batch=1850 global_step=10384 loss_reg_months=2.2660 lr=0.00001508 grad_norm=1.2350 throughput=9.30 img/s eta_seconds=560.4 gpu_alloc=476.3MiB gpu_reserved=3472.0MiB skipped_batches=0
2026-08-16 16:36:33,458 | INFO | epoch=30 batch=1875 global_step=10387 loss_reg_months=2.2700 lr=0.00001508 grad_norm=1.3226 throughput=9.31 img/s eta_seconds=548.8 gpu_alloc=476.3MiB gpu_reserved=3472.0MiB skipped_batches=0
2026-08-16 16:36:42,220 | INFO | epoch=30 batch=1900 global_step=10390 loss_reg_months=2.2791 lr=0.00001508 grad_norm=1.5485 throughput=9.34 img/s eta_seconds=536.8 gpu_alloc=476.3MiB gpu_reserved=3472.0MiB skipped_batches=0
2026-08-16 16:36:50,027 | INFO | epoch=30 batch=1925 global_step=10392 loss_reg_months=2.2784 lr=0.00001508 grad_norm=1.2371 throughput=9.37 img/s eta_seconds=524.2 gpu_alloc=476.3MiB gpu_reserved=3472.0MiB skipped_batches=0
2026-08-16 16:36:58,186 | INFO | epoch=30 batch=1950 global_step=10395 loss_reg_months=2.2763 lr=0.00001508 grad_norm=1.4145 throughput=9.40 img/s eta_seconds=512.0 gpu_alloc=476.3MiB gpu_reserved=3472.0MiB skipped_batches=0
2026-08-16 16:37:05,769 | INFO | epoch=30 batch=1975 global_step=10398 loss_reg_months=2.2764 lr=0.00001508 grad_norm=1.1451 throughput=9.43 img/s eta_seconds=499.5 gpu_alloc=476.3MiB gpu_reserved=3472.0MiB skipped_batches=0
2026-08-16 16:37:13,086 | INFO | epoch=30 batch=2000 global_step=10401 loss_reg_months=2.2742 lr=0.00001508 grad_norm=1.2061 throughput=9.47 img/s eta_seconds=487.0 gpu_alloc=476.3MiB gpu_reserved=3472.0MiB skipped_batches=0
2026-08-16 16:37:20,564 | INFO | epoch=30 batch=2025 global_step=10404 loss_reg_months=2.2833 lr=0.00001508 grad_norm=1.5924 throughput=9.50 img/s eta_seconds=474.7 gpu_alloc=367.7MiB gpu_reserved=3472.0MiB skipped_batches=0
2026-08-16 16:37:27,800 | INFO | epoch=30 batch=2050 global_step=10406 loss_reg_months=2.2847 lr=0.00001508 grad_norm=1.4752 throughput=9.54 img/s eta_seconds=462.5 gpu_alloc=476.3MiB gpu_reserved=3472.0MiB skipped_batches=0
2026-08-16 16:37:35,649 | INFO | epoch=30 batch=2075 global_step=10409 loss_reg_months=2.2933 lr=0.00001508 grad_norm=1.3352 throughput=9.57 img/s eta_seconds=450.6 gpu_alloc=476.3MiB gpu_reserved=3472.0MiB skipped_batches=0
2026-08-16 16:37:43,410 | INFO | epoch=30 batch=2100 global_step=10412 loss_reg_months=2.2936 lr=0.00001508 grad_norm=1.2169 throughput=9.60 img/s eta_seconds=438.8 gpu_alloc=476.3MiB gpu_reserved=3472.0MiB skipped_batches=0
2026-08-16 16:37:51,360 | INFO | epoch=30 batch=2125 global_step=10415 loss_reg_months=2.3024 lr=0.00001508 grad_norm=1.4392 throughput=9.62 img/s eta_seconds=427.2 gpu_alloc=476.3MiB gpu_reserved=3472.0MiB skipped_batches=0
2026-08-16 16:37:58,830 | INFO | epoch=30 batch=2150 global_step=10417 loss_reg_months=2.3055 lr=0.00001508 grad_norm=1.6003 throughput=9.65 img/s eta_seconds=415.4 gpu_alloc=476.3MiB gpu_reserved=3472.0MiB skipped_batches=0
2026-08-16 16:38:06,653 | INFO | epoch=30 batch=2175 global_step=10420 loss_reg_months=2.3088 lr=0.00001508 grad_norm=1.6896 throughput=9.68 img/s eta_seconds=403.9 gpu_alloc=476.3MiB gpu_reserved=3472.0MiB skipped_batches=0
2026-08-16 16:38:14,043 | INFO | epoch=30 batch=2200 global_step=10423 loss_reg_months=2.3111 lr=0.00001508 grad_norm=1.5864 throughput=9.71 img/s eta_seconds=392.3 gpu_alloc=476.3MiB gpu_reserved=3472.0MiB skipped_batches=0
2026-08-16 16:38:21,092 | INFO | epoch=30 batch=2225 global_step=10426 loss_reg_months=2.3157 lr=0.00001508 grad_norm=1.5747 throughput=9.75 img/s eta_seconds=380.7 gpu_alloc=476.3MiB gpu_reserved=3472.0MiB skipped_batches=0
2026-08-16 16:38:28,605 | INFO | epoch=30 batch=2250 global_step=10429 loss_reg_months=2.3151 lr=0.00001508 grad_norm=1.2039 throughput=9.78 img/s eta_seconds=369.3 gpu_alloc=367.7MiB gpu_reserved=3472.0MiB skipped_batches=0
2026-08-16 16:38:35,872 | INFO | epoch=30 batch=2275 global_step=10431 loss_reg_months=2.3159 lr=0.00001508 grad_norm=1.6579 throughput=9.81 img/s eta_seconds=358.0 gpu_alloc=476.3MiB gpu_reserved=3472.0MiB skipped_batches=0
2026-08-16 16:38:43,462 | INFO | epoch=30 batch=2300 global_step=10434 loss_reg_months=2.3181 lr=0.00001508 grad_norm=1.4199 throughput=9.84 img/s eta_seconds=346.8 gpu_alloc=476.3MiB gpu_reserved=3472.0MiB skipped_batches=0
2026-08-16 16:38:50,774 | INFO | epoch=30 batch=2325 global_step=10437 loss_reg_months=2.3148 lr=0.00001508 grad_norm=1.4125 throughput=9.87 img/s eta_seconds=335.6 gpu_alloc=476.3MiB gpu_reserved=3472.0MiB skipped_batches=0
2026-08-16 16:38:58,642 | INFO | epoch=30 batch=2350 global_step=10440 loss_reg_months=2.3136 lr=0.00001508 grad_norm=1.4202 throughput=9.89 img/s eta_seconds=324.7 gpu_alloc=476.3MiB gpu_reserved=3472.0MiB skipped_batches=0
2026-08-16 16:39:06,578 | INFO | epoch=30 batch=2375 global_step=10442 loss_reg_months=2.3099 lr=0.00001508 grad_norm=1.3906 throughput=9.91 img/s eta_seconds=313.9 gpu_alloc=476.3MiB gpu_reserved=3472.0MiB skipped_batches=0
2026-08-16 16:39:14,287 | INFO | epoch=30 batch=2400 global_step=10445 loss_reg_months=2.3071 lr=0.00001508 grad_norm=1.1291 throughput=9.94 img/s eta_seconds=303.0 gpu_alloc=476.3MiB gpu_reserved=3472.0MiB skipped_batches=0
2026-08-16 16:39:21,427 | INFO | epoch=30 batch=2425 global_step=10448 loss_reg_months=2.3131 lr=0.00001508 grad_norm=1.3916 throughput=9.97 img/s eta_seconds=292.1 gpu_alloc=476.3MiB gpu_reserved=3472.0MiB skipped_batches=0
2026-08-16 16:39:29,105 | INFO | epoch=30 batch=2450 global_step=10451 loss_reg_months=2.3150 lr=0.00001508 grad_norm=1.0630 throughput=9.99 img/s eta_seconds=281.4 gpu_alloc=476.3MiB gpu_reserved=3472.0MiB skipped_batches=0
2026-08-16 16:39:36,718 | INFO | epoch=30 batch=2475 global_step=10454 loss_reg_months=2.3110 lr=0.00001508 grad_norm=1.5137 throughput=10.01 img/s eta_seconds=270.7 gpu_alloc=367.7MiB gpu_reserved=3472.0MiB skipped_batches=0
2026-08-16 16:39:44,180 | INFO | epoch=30 batch=2500 global_step=10456 loss_reg_months=2.3086 lr=0.00001508 grad_norm=1.2383 throughput=10.04 img/s eta_seconds=260.1 gpu_alloc=476.3MiB gpu_reserved=3472.0MiB skipped_batches=0
2026-08-16 16:39:51,689 | INFO | epoch=30 batch=2525 global_step=10459 loss_reg_months=2.3035 lr=0.00001508 grad_norm=1.4549 throughput=10.06 img/s eta_seconds=249.5 gpu_alloc=476.3MiB gpu_reserved=3472.0MiB skipped_batches=0
2026-08-16 16:39:59,573 | INFO | epoch=30 batch=2550 global_step=10462 loss_reg_months=2.3024 lr=0.00001508 grad_norm=1.4824 throughput=10.08 img/s eta_seconds=239.1 gpu_alloc=476.3MiB gpu_reserved=3472.0MiB skipped_batches=0
2026-08-16 16:40:07,084 | INFO | epoch=30 batch=2575 global_step=10465 loss_reg_months=2.3030 lr=0.00001508 grad_norm=1.7684 throughput=10.11 img/s eta_seconds=228.6 gpu_alloc=476.3MiB gpu_reserved=3472.0MiB skipped_batches=0
2026-08-16 16:40:14,533 | INFO | epoch=30 batch=2600 global_step=10467 loss_reg_months=2.3022 lr=0.00001508 grad_norm=1.4381 throughput=10.13 img/s eta_seconds=218.2 gpu_alloc=476.3MiB gpu_reserved=3472.0MiB skipped_batches=0
2026-08-16 16:40:22,150 | INFO | epoch=30 batch=2625 global_step=10470 loss_reg_months=2.2996 lr=0.00001508 grad_norm=1.1075 throughput=10.15 img/s eta_seconds=207.9 gpu_alloc=476.3MiB gpu_reserved=3472.0MiB skipped_batches=0
2026-08-16 16:40:29,387 | INFO | epoch=30 batch=2650 global_step=10473 loss_reg_months=2.2998 lr=0.00001508 grad_norm=1.4428 throughput=10.18 img/s eta_seconds=197.6 gpu_alloc=476.3MiB gpu_reserved=3472.0MiB skipped_batches=0
2026-08-16 16:40:37,126 | INFO | epoch=30 batch=2675 global_step=10476 loss_reg_months=2.2985 lr=0.00001508 grad_norm=1.3626 throughput=10.20 img/s eta_seconds=187.4 gpu_alloc=476.3MiB gpu_reserved=3472.0MiB skipped_batches=0
2026-08-16 16:40:44,675 | INFO | epoch=30 batch=2700 global_step=10479 loss_reg_months=2.3015 lr=0.00001508 grad_norm=1.2234 throughput=10.22 img/s eta_seconds=177.2 gpu_alloc=367.7MiB gpu_reserved=3472.0MiB skipped_batches=0
2026-08-16 16:40:52,254 | INFO | epoch=30 batch=2725 global_step=10481 loss_reg_months=2.3040 lr=0.00001508 grad_norm=1.6627 throughput=10.24 img/s eta_seconds=167.0 gpu_alloc=476.3MiB gpu_reserved=3472.0MiB skipped_batches=0
2026-08-16 16:40:59,615 | INFO | epoch=30 batch=2750 global_step=10484 loss_reg_months=2.3046 lr=0.00001508 grad_norm=1.2693 throughput=10.27 img/s eta_seconds=156.9 gpu_alloc=476.3MiB gpu_reserved=3472.0MiB skipped_batches=0
2026-08-16 16:41:07,013 | INFO | epoch=30 batch=2775 global_step=10487 loss_reg_months=2.3030 lr=0.00001508 grad_norm=1.1512 throughput=10.29 img/s eta_seconds=146.9 gpu_alloc=476.3MiB gpu_reserved=3472.0MiB skipped_batches=0
2026-08-16 16:41:14,602 | INFO | epoch=30 batch=2800 global_step=10490 loss_reg_months=2.3026 lr=0.00001508 grad_norm=1.1417 throughput=10.31 img/s eta_seconds=136.9 gpu_alloc=476.3MiB gpu_reserved=3472.0MiB skipped_batches=0
2026-08-16 16:41:22,072 | INFO | epoch=30 batch=2825 global_step=10492 loss_reg_months=2.3011 lr=0.00001508 grad_norm=1.1264 throughput=10.33 img/s eta_seconds=126.9 gpu_alloc=476.3MiB gpu_reserved=3472.0MiB skipped_batches=0
2026-08-16 16:41:29,417 | INFO | epoch=30 batch=2850 global_step=10495 loss_reg_months=2.2957 lr=0.00001508 grad_norm=1.8126 throughput=10.35 img/s eta_seconds=117.0 gpu_alloc=476.3MiB gpu_reserved=3472.0MiB skipped_batches=0
2026-08-16 16:41:37,504 | INFO | epoch=30 batch=2875 global_step=10498 loss_reg_months=2.2971 lr=0.00001508 grad_norm=1.5983 throughput=10.37 img/s eta_seconds=107.2 gpu_alloc=476.3MiB gpu_reserved=3472.0MiB skipped_batches=0
2026-08-16 16:41:46,286 | INFO | epoch=30 batch=2900 global_step=10501 loss_reg_months=2.2968 lr=0.00001508 grad_norm=1.5491 throughput=10.37 img/s eta_seconds=97.5 gpu_alloc=476.3MiB gpu_reserved=3472.0MiB skipped_batches=0
2026-08-16 16:41:54,234 | INFO | epoch=30 batch=2925 global_step=10504 loss_reg_months=2.2942 lr=0.00001508 grad_norm=1.3992 throughput=10.39 img/s eta_seconds=87.7 gpu_alloc=367.7MiB gpu_reserved=3472.0MiB skipped_batches=0
2026-08-16 16:42:01,481 | INFO | epoch=30 batch=2950 global_step=10506 loss_reg_months=2.2935 lr=0.00001508 grad_norm=1.6847 throughput=10.41 img/s eta_seconds=77.9 gpu_alloc=476.3MiB gpu_reserved=3472.0MiB skipped_batches=0
2026-08-16 16:42:09,424 | INFO | epoch=30 batch=2975 global_step=10509 loss_reg_months=2.2901 lr=0.00001508 grad_norm=1.2201 throughput=10.43 img/s eta_seconds=68.2 gpu_alloc=476.3MiB gpu_reserved=3472.0MiB skipped_batches=0
2026-08-16 16:42:16,917 | INFO | epoch=30 batch=3000 global_step=10512 loss_reg_months=2.2890 lr=0.00001508 grad_norm=1.5100 throughput=10.45 img/s eta_seconds=58.5 gpu_alloc=476.3MiB gpu_reserved=3472.0MiB skipped_batches=0
2026-08-16 16:42:24,606 | INFO | epoch=30 batch=3025 global_step=10515 loss_reg_months=2.2906 lr=0.00001508 grad_norm=1.3989 throughput=10.46 img/s eta_seconds=48.8 gpu_alloc=476.3MiB gpu_reserved=3472.0MiB skipped_batches=0
2026-08-16 16:42:32,504 | INFO | epoch=30 batch=3050 global_step=10517 loss_reg_months=2.2937 lr=0.00001508 grad_norm=1.3941 throughput=10.48 img/s eta_seconds=39.2 gpu_alloc=476.3MiB gpu_reserved=3472.0MiB skipped_batches=0
2026-08-16 16:42:40,566 | INFO | epoch=30 batch=3075 global_step=10520 loss_reg_months=2.2955 lr=0.00001508 grad_norm=1.1324 throughput=10.49 img/s eta_seconds=29.6 gpu_alloc=476.3MiB gpu_reserved=3472.0MiB skipped_batches=0
2026-08-16 16:42:48,176 | INFO | epoch=30 batch=3100 global_step=10523 loss_reg_months=2.2984 lr=0.00001508 grad_norm=1.1415 throughput=10.51 img/s eta_seconds=20.1 gpu_alloc=476.3MiB gpu_reserved=3472.0MiB skipped_batches=0
2026-08-16 16:42:55,445 | INFO | epoch=30 batch=3125 global_step=10526 loss_reg_months=2.2961 lr=0.00001508 grad_norm=1.6248 throughput=10.53 img/s eta_seconds=10.5 gpu_alloc=476.3MiB gpu_reserved=3472.0MiB skipped_batches=0
2026-08-16 16:43:02,908 | INFO | epoch=30 batch=3150 global_step=10529 loss_reg_months=2.2946 lr=0.00001508 grad_norm=1.2141 throughput=10.55 img/s eta_seconds=1.0 gpu_alloc=367.7MiB gpu_reserved=3472.0MiB skipped_batches=0
2026-08-16 16:44:37,416 | WARNING | STABILITY WARNING [CAM] Prediction vượt nhẹ miền tuổi 0–228: [6.81, 231.00]
2026-08-16 16:44:37,420 | WARNING | STABILITY WARNING [CAM] Validation MAE xấu đi trong khi train loss giảm
2026-08-16 16:44:37,421 | INFO | 
TRAINING REVIEW SNAPSHOT
Run ID / config hash / split hash: P6_D0_CONVNEXT_TINY_768_SEED42 / 0e80cf6f780f / 7328667e6822+f650a20432b5
Epoch / global step: 30 / 10530
Train loss: 2.2937
Validation MAE / RMSE / median AE: 6.3045 / 8.4785 / 5.0000
MAE nam / nữ / age bins: {'F': 6.629026073619632, 'M': 6.030724450194049} / {'0-59': 6.607712765957447, '120-179': 6.056242274412855, '60-119': 7.099619289340102, '180-228': 5.203125}
Learning rate / peak VRAM: 0.00001508 / 3472.0 MiB
Best epoch / best MAE / epochs không cải thiện: 24 / 6.1834 / 6
Cảnh báo hiện tại: CAM: Prediction vượt nhẹ miền tuổi 0–228: [6.81, 231.00] | CAM: Validation MAE xấu đi trong khi train loss giảm
Checkpoint gần nhất: p1_baseline\runs\P6_D0_CONVNEXT_TINY_768_SEED42\last.ckpt
Checkpoint tốt nhất: p1_baseline\runs\P6_D0_CONVNEXT_TINY_768_SEED42\best_mae.ckpt
Đề xuất tự động: THEO DÕI
2026-08-16 16:44:58,135 | INFO | epoch=31 batch=25 global_step=10532 loss_reg_months=2.3242 lr=0.00001085 grad_norm=1.2832 throughput=5.28 img/s eta_seconds=2371.2 gpu_alloc=476.3MiB gpu_reserved=3472.0MiB skipped_batches=0
2026-08-16 16:45:05,598 | INFO | epoch=31 batch=50 global_step=10535 loss_reg_months=2.2712 lr=0.00001085 grad_norm=1.5661 throughput=7.57 img/s eta_seconds=1639.3 gpu_alloc=476.3MiB gpu_reserved=3472.0MiB skipped_batches=0
2026-08-16 16:45:12,739 | INFO | epoch=31 batch=75 global_step=10538 loss_reg_months=2.2744 lr=0.00001085 grad_norm=1.5287 throughput=8.94 img/s eta_seconds=1377.1 gpu_alloc=476.3MiB gpu_reserved=3472.0MiB skipped_batches=0
2026-08-16 16:45:20,171 | INFO | epoch=31 batch=100 global_step=10541 loss_reg_months=2.1764 lr=0.00001085 grad_norm=1.3029 throughput=9.76 img/s eta_seconds=1251.3 gpu_alloc=476.3MiB gpu_reserved=3472.0MiB skipped_batches=0
2026-08-16 16:45:27,862 | INFO | epoch=31 batch=125 global_step=10543 loss_reg_months=2.2382 lr=0.00001085 grad_norm=1.4426 throughput=10.27 img/s eta_seconds=1179.1 gpu_alloc=476.3MiB gpu_reserved=3472.0MiB skipped_batches=0
2026-08-16 16:45:35,330 | INFO | epoch=31 batch=150 global_step=10546 loss_reg_months=2.3207 lr=0.00001085 grad_norm=1.1751 throughput=10.69 img/s eta_seconds=1124.0 gpu_alloc=476.3MiB gpu_reserved=3472.0MiB skipped_batches=0
2026-08-16 16:45:43,191 | INFO | epoch=31 batch=175 global_step=10549 loss_reg_months=2.2537 lr=0.00001085 grad_norm=1.4863 throughput=10.94 img/s eta_seconds=1089.2 gpu_alloc=476.3MiB gpu_reserved=3472.0MiB skipped_batches=0
2026-08-16 16:45:50,644 | INFO | epoch=31 batch=200 global_step=10552 loss_reg_months=2.2392 lr=0.00001085 grad_norm=1.1897 throughput=11.19 img/s eta_seconds=1055.0 gpu_alloc=476.3MiB gpu_reserved=3472.0MiB skipped_batches=0
2026-08-16 16:45:58,034 | INFO | epoch=31 batch=225 global_step=10555 loss_reg_months=2.2719 lr=0.00001085 grad_norm=1.2430 throughput=11.41 img/s eta_seconds=1026.0 gpu_alloc=367.7MiB gpu_reserved=3472.0MiB skipped_batches=0
2026-08-16 16:46:05,305 | INFO | epoch=31 batch=250 global_step=10557 loss_reg_months=2.3107 lr=0.00001085 grad_norm=1.6422 throughput=11.61 img/s eta_seconds=1000.0 gpu_alloc=476.3MiB gpu_reserved=3472.0MiB skipped_batches=0
2026-08-16 16:46:12,770 | INFO | epoch=31 batch=275 global_step=10560 loss_reg_months=2.3129 lr=0.00001085 grad_norm=1.3883 throughput=11.75 img/s eta_seconds=979.4 gpu_alloc=476.3MiB gpu_reserved=3472.0MiB skipped_batches=0
2026-08-16 16:46:20,286 | INFO | epoch=31 batch=300 global_step=10563 loss_reg_months=2.2967 lr=0.00001085 grad_norm=1.4593 throughput=11.87 img/s eta_seconds=961.4 gpu_alloc=476.3MiB gpu_reserved=3472.0MiB skipped_batches=0
2026-08-16 16:46:27,715 | INFO | epoch=31 batch=325 global_step=10566 loss_reg_months=2.3187 lr=0.00001085 grad_norm=1.5554 throughput=11.98 img/s eta_seconds=944.3 gpu_alloc=476.3MiB gpu_reserved=3472.0MiB skipped_batches=0
2026-08-16 16:46:35,654 | INFO | epoch=31 batch=350 global_step=10568 loss_reg_months=2.2885 lr=0.00001085 grad_norm=1.2525 throughput=12.02 img/s eta_seconds=932.7 gpu_alloc=476.3MiB gpu_reserved=3472.0MiB skipped_batches=0
2026-08-16 16:46:43,107 | INFO | epoch=31 batch=375 global_step=10571 loss_reg_months=2.2956 lr=0.00001085 grad_norm=1.9033 throughput=12.10 img/s eta_seconds=918.0 gpu_alloc=476.3MiB gpu_reserved=3472.0MiB skipped_batches=0
2026-08-16 16:46:50,756 | INFO | epoch=31 batch=400 global_step=10574 loss_reg_months=2.3241 lr=0.00001085 grad_norm=1.2721 throughput=12.16 img/s eta_seconds=905.5 gpu_alloc=476.3MiB gpu_reserved=3472.0MiB skipped_batches=0
2026-08-16 16:46:58,826 | INFO | epoch=31 batch=425 global_step=10577 loss_reg_months=2.3199 lr=0.00001085 grad_norm=1.5279 throughput=12.17 img/s eta_seconds=896.3 gpu_alloc=476.3MiB gpu_reserved=3472.0MiB skipped_batches=0
2026-08-16 16:47:06,673 | INFO | epoch=31 batch=450 global_step=10580 loss_reg_months=2.2883 lr=0.00001085 grad_norm=1.3785 throughput=12.20 img/s eta_seconds=885.8 gpu_alloc=367.7MiB gpu_reserved=3472.0MiB skipped_batches=0
2026-08-16 16:47:14,176 | INFO | epoch=31 batch=475 global_step=10582 loss_reg_months=2.2917 lr=0.00001085 grad_norm=1.5377 throughput=12.26 img/s eta_seconds=873.8 gpu_alloc=476.3MiB gpu_reserved=3472.0MiB skipped_batches=0
2026-08-16 16:47:21,356 | INFO | epoch=31 batch=500 global_step=10585 loss_reg_months=2.2772 lr=0.00001085 grad_norm=0.9681 throughput=12.33 img/s eta_seconds=860.4 gpu_alloc=476.3MiB gpu_reserved=3472.0MiB skipped_batches=0
2026-08-16 16:47:29,213 | INFO | epoch=31 batch=525 global_step=10588 loss_reg_months=2.2558 lr=0.00001085 grad_norm=1.1950 throughput=12.35 img/s eta_seconds=851.0 gpu_alloc=476.3MiB gpu_reserved=3472.0MiB skipped_batches=0
2026-08-16 16:47:37,109 | INFO | epoch=31 batch=550 global_step=10591 loss_reg_months=2.2392 lr=0.00001085 grad_norm=1.2864 throughput=12.36 img/s eta_seconds=842.0 gpu_alloc=476.3MiB gpu_reserved=3472.0MiB skipped_batches=0
2026-08-16 16:47:44,550 | INFO | epoch=31 batch=575 global_step=10593 loss_reg_months=2.2211 lr=0.00001085 grad_norm=1.2875 throughput=12.41 img/s eta_seconds=831.0 gpu_alloc=476.3MiB gpu_reserved=3472.0MiB skipped_batches=0
2026-08-16 16:47:52,831 | INFO | epoch=31 batch=600 global_step=10596 loss_reg_months=2.2420 lr=0.00001085 grad_norm=1.4296 throughput=12.39 img/s eta_seconds=823.9 gpu_alloc=476.3MiB gpu_reserved=3472.0MiB skipped_batches=0
2026-08-16 16:48:00,390 | INFO | epoch=31 batch=625 global_step=10599 loss_reg_months=2.2539 lr=0.00001085 grad_norm=1.9240 throughput=12.42 img/s eta_seconds=813.8 gpu_alloc=476.3MiB gpu_reserved=3472.0MiB skipped_batches=0
2026-08-16 16:48:07,661 | INFO | epoch=31 batch=650 global_step=10602 loss_reg_months=2.2484 lr=0.00001085 grad_norm=1.6674 throughput=12.47 img/s eta_seconds=802.7 gpu_alloc=476.3MiB gpu_reserved=3472.0MiB skipped_batches=0
2026-08-16 16:48:15,422 | INFO | epoch=31 batch=675 global_step=10605 loss_reg_months=2.2629 lr=0.00001085 grad_norm=1.3597 throughput=12.49 img/s eta_seconds=793.8 gpu_alloc=367.7MiB gpu_reserved=3472.0MiB skipped_batches=0
2026-08-16 16:48:22,804 | INFO | epoch=31 batch=700 global_step=10607 loss_reg_months=2.2557 lr=0.00001085 grad_norm=1.6148 throughput=12.52 img/s eta_seconds=783.6 gpu_alloc=476.3MiB gpu_reserved=3472.0MiB skipped_batches=0
2026-08-16 16:48:30,009 | INFO | epoch=31 batch=725 global_step=10610 loss_reg_months=2.2603 lr=0.00001085 grad_norm=1.2564 throughput=12.56 img/s eta_seconds=773.0 gpu_alloc=476.3MiB gpu_reserved=3472.0MiB skipped_batches=0
2026-08-16 16:48:37,172 | INFO | epoch=31 batch=750 global_step=10613 loss_reg_months=2.2619 lr=0.00001085 grad_norm=1.4601 throughput=12.61 img/s eta_seconds=762.4 gpu_alloc=476.3MiB gpu_reserved=3472.0MiB skipped_batches=0
2026-08-16 16:48:44,256 | INFO | epoch=31 batch=775 global_step=10616 loss_reg_months=2.2611 lr=0.00001085 grad_norm=1.3996 throughput=12.65 img/s eta_seconds=751.9 gpu_alloc=476.3MiB gpu_reserved=3472.0MiB skipped_batches=0
2026-08-16 16:48:51,376 | INFO | epoch=31 batch=800 global_step=10618 loss_reg_months=2.2516 lr=0.00001085 grad_norm=1.2873 throughput=12.69 img/s eta_seconds=741.7 gpu_alloc=476.3MiB gpu_reserved=3472.0MiB skipped_batches=0
2026-08-16 16:48:58,880 | INFO | epoch=31 batch=825 global_step=10621 loss_reg_months=2.2538 lr=0.00001085 grad_norm=1.0890 throughput=12.71 img/s eta_seconds=732.7 gpu_alloc=476.3MiB gpu_reserved=3472.0MiB skipped_batches=0
2026-08-16 16:49:06,847 | INFO | epoch=31 batch=850 global_step=10624 loss_reg_months=2.2370 lr=0.00001085 grad_norm=1.7036 throughput=12.70 img/s eta_seconds=725.1 gpu_alloc=476.3MiB gpu_reserved=3472.0MiB skipped_batches=0
2026-08-16 16:49:13,969 | INFO | epoch=31 batch=875 global_step=10627 loss_reg_months=2.2313 lr=0.00001085 grad_norm=1.1732 throughput=12.74 img/s eta_seconds=715.3 gpu_alloc=476.3MiB gpu_reserved=3472.0MiB skipped_batches=0
2026-08-16 16:49:21,519 | INFO | epoch=31 batch=900 global_step=10630 loss_reg_months=2.2358 lr=0.00001085 grad_norm=1.3949 throughput=12.75 img/s eta_seconds=706.7 gpu_alloc=367.7MiB gpu_reserved=3472.0MiB skipped_batches=0
2026-08-16 16:49:28,768 | INFO | epoch=31 batch=925 global_step=10632 loss_reg_months=2.2387 lr=0.00001085 grad_norm=1.1691 throughput=12.78 img/s eta_seconds=697.4 gpu_alloc=476.3MiB gpu_reserved=3472.0MiB skipped_batches=0
2026-08-16 16:49:36,510 | INFO | epoch=31 batch=950 global_step=10635 loss_reg_months=2.2323 lr=0.00001085 grad_norm=1.7098 throughput=12.78 img/s eta_seconds=689.4 gpu_alloc=476.3MiB gpu_reserved=3472.0MiB skipped_batches=0
2026-08-16 16:49:43,777 | INFO | epoch=31 batch=975 global_step=10638 loss_reg_months=2.2238 lr=0.00001085 grad_norm=1.4934 throughput=12.80 img/s eta_seconds=680.3 gpu_alloc=476.3MiB gpu_reserved=3472.0MiB skipped_batches=0
2026-08-16 16:49:51,383 | INFO | epoch=31 batch=1000 global_step=10641 loss_reg_months=2.2324 lr=0.00001085 grad_norm=1.9980 throughput=12.81 img/s eta_seconds=672.1 gpu_alloc=476.3MiB gpu_reserved=3472.0MiB skipped_batches=0
2026-08-16 16:49:59,088 | INFO | epoch=31 batch=1025 global_step=10643 loss_reg_months=2.2351 lr=0.00001085 grad_norm=1.0641 throughput=12.82 img/s eta_seconds=664.1 gpu_alloc=476.3MiB gpu_reserved=3472.0MiB skipped_batches=0
2026-08-16 16:50:07,060 | INFO | epoch=31 batch=1050 global_step=10646 loss_reg_months=2.2367 lr=0.00001085 grad_norm=1.4103 throughput=12.81 img/s eta_seconds=656.6 gpu_alloc=476.3MiB gpu_reserved=3472.0MiB skipped_batches=0
2026-08-16 16:50:14,895 | INFO | epoch=31 batch=1075 global_step=10649 loss_reg_months=2.2210 lr=0.00001085 grad_norm=1.5852 throughput=12.81 img/s eta_seconds=648.9 gpu_alloc=476.3MiB gpu_reserved=3472.0MiB skipped_batches=0
2026-08-16 16:50:29,675 | INFO | epoch=31 batch=1100 global_step=10652 loss_reg_months=2.2140 lr=0.00001085 grad_norm=1.3907 throughput=12.55 img/s eta_seconds=654.1 gpu_alloc=476.3MiB gpu_reserved=3472.0MiB skipped_batches=0
2026-08-16 16:50:50,914 | INFO | epoch=31 batch=1125 global_step=10655 loss_reg_months=2.2125 lr=0.00001085 grad_norm=1.3532 throughput=12.11 img/s eta_seconds=670.0 gpu_alloc=367.7MiB gpu_reserved=3472.0MiB skipped_batches=0
2026-08-16 16:51:02,129 | INFO | epoch=31 batch=1150 global_step=10657 loss_reg_months=2.2203 lr=0.00001085 grad_norm=1.6557 throughput=12.01 img/s eta_seconds=666.9 gpu_alloc=476.3MiB gpu_reserved=3472.0MiB skipped_batches=0
2026-08-16 16:51:10,338 | INFO | epoch=31 batch=1175 global_step=10660 loss_reg_months=2.2233 lr=0.00001085 grad_norm=1.4544 throughput=12.02 img/s eta_seconds=658.4 gpu_alloc=476.3MiB gpu_reserved=3472.0MiB skipped_batches=0
2026-08-16 16:51:48,923 | INFO | epoch=31 batch=1200 global_step=10663 loss_reg_months=2.2384 lr=0.00001085 grad_norm=1.3316 throughput=11.17 img/s eta_seconds=699.3 gpu_alloc=476.3MiB gpu_reserved=3472.0MiB skipped_batches=0
2026-08-16 16:52:01,121 | INFO | epoch=31 batch=1225 global_step=10666 loss_reg_months=2.2358 lr=0.00001085 grad_norm=1.5789 throughput=11.09 img/s eta_seconds=695.5 gpu_alloc=476.3MiB gpu_reserved=3472.0MiB skipped_batches=0
2026-08-16 16:52:12,890 | INFO | epoch=31 batch=1250 global_step=10668 loss_reg_months=2.2370 lr=0.00001085 grad_norm=1.4096 throughput=11.02 img/s eta_seconds=690.6 gpu_alloc=476.3MiB gpu_reserved=3472.0MiB skipped_batches=0
2026-08-16 16:52:27,115 | INFO | epoch=31 batch=1275 global_step=10671 loss_reg_months=2.2442 lr=0.00001085 grad_norm=1.7224 throughput=10.90 img/s eta_seconds=689.1 gpu_alloc=476.3MiB gpu_reserved=3472.0MiB skipped_batches=0
2026-08-16 16:52:39,818 | INFO | epoch=31 batch=1300 global_step=10674 loss_reg_months=2.2398 lr=0.00001085 grad_norm=1.3019 throughput=10.82 img/s eta_seconds=685.0 gpu_alloc=476.3MiB gpu_reserved=3472.0MiB skipped_batches=0
2026-08-16 16:52:53,343 | INFO | epoch=31 batch=1325 global_step=10677 loss_reg_months=2.2408 lr=0.00001085 grad_norm=1.1388 throughput=10.73 img/s eta_seconds=681.7 gpu_alloc=476.3MiB gpu_reserved=3472.0MiB skipped_batches=0
2026-08-16 16:53:05,319 | INFO | epoch=31 batch=1350 global_step=10680 loss_reg_months=2.2466 lr=0.00001085 grad_norm=1.3992 throughput=10.67 img/s eta_seconds=675.9 gpu_alloc=367.7MiB gpu_reserved=3472.0MiB skipped_batches=0
2026-08-16 16:53:17,170 | INFO | epoch=31 batch=1375 global_step=10682 loss_reg_months=2.2363 lr=0.00001085 grad_norm=1.2063 throughput=10.62 img/s eta_seconds=669.7 gpu_alloc=476.3MiB gpu_reserved=3472.0MiB skipped_batches=0
2026-08-16 16:53:29,866 | INFO | epoch=31 batch=1400 global_step=10685 loss_reg_months=2.2325 lr=0.00001085 grad_norm=1.2955 throughput=10.55 img/s eta_seconds=664.4 gpu_alloc=476.3MiB gpu_reserved=3472.0MiB skipped_batches=0
2026-08-16 16:53:41,963 | INFO | epoch=31 batch=1425 global_step=10688 loss_reg_months=2.2245 lr=0.00001085 grad_norm=1.2322 throughput=10.50 img/s eta_seconds=658.1 gpu_alloc=476.3MiB gpu_reserved=3472.0MiB skipped_batches=0
2026-08-16 16:53:54,547 | INFO | epoch=31 batch=1450 global_step=10691 loss_reg_months=2.2289 lr=0.00001085 grad_norm=1.7332 throughput=10.44 img/s eta_seconds=652.2 gpu_alloc=476.3MiB gpu_reserved=3472.0MiB skipped_batches=0
2026-08-16 16:54:06,679 | INFO | epoch=31 batch=1475 global_step=10693 loss_reg_months=2.2243 lr=0.00001085 grad_norm=1.3942 throughput=10.40 img/s eta_seconds=645.5 gpu_alloc=476.3MiB gpu_reserved=3472.0MiB skipped_batches=0
2026-08-16 16:54:18,016 | INFO | epoch=31 batch=1500 global_step=10696 loss_reg_months=2.2219 lr=0.00001085 grad_norm=1.4793 throughput=10.37 img/s eta_seconds=637.8 gpu_alloc=476.3MiB gpu_reserved=3472.0MiB skipped_batches=0
2026-08-16 16:54:30,152 | INFO | epoch=31 batch=1525 global_step=10699 loss_reg_months=2.2212 lr=0.00001085 grad_norm=1.5566 throughput=10.32 img/s eta_seconds=630.8 gpu_alloc=476.3MiB gpu_reserved=3472.0MiB skipped_batches=0
2026-08-16 16:54:42,430 | INFO | epoch=31 batch=1550 global_step=10702 loss_reg_months=2.2173 lr=0.00001085 grad_norm=2.0925 throughput=10.28 img/s eta_seconds=623.8 gpu_alloc=476.3MiB gpu_reserved=3472.0MiB skipped_batches=0
2026-08-16 16:54:55,126 | INFO | epoch=31 batch=1575 global_step=10705 loss_reg_months=2.2125 lr=0.00001085 grad_norm=1.1770 throughput=10.23 img/s eta_seconds=617.0 gpu_alloc=367.7MiB gpu_reserved=3472.0MiB skipped_batches=0
2026-08-16 16:55:07,230 | INFO | epoch=31 batch=1600 global_step=10707 loss_reg_months=2.2085 lr=0.00001085 grad_norm=1.8356 throughput=10.19 img/s eta_seconds=609.5 gpu_alloc=476.3MiB gpu_reserved=3472.0MiB skipped_batches=0
2026-08-16 16:55:18,567 | INFO | epoch=31 batch=1625 global_step=10710 loss_reg_months=2.2096 lr=0.00001085 grad_norm=1.6121 throughput=10.17 img/s eta_seconds=601.1 gpu_alloc=476.3MiB gpu_reserved=3472.0MiB skipped_batches=0
2026-08-16 16:55:30,287 | INFO | epoch=31 batch=1650 global_step=10713 loss_reg_months=2.2096 lr=0.00001085 grad_norm=1.3764 throughput=10.14 img/s eta_seconds=593.0 gpu_alloc=476.3MiB gpu_reserved=3472.0MiB skipped_batches=0
2026-08-16 16:55:46,153 | INFO | epoch=31 batch=1675 global_step=10716 loss_reg_months=2.2154 lr=0.00001085 grad_norm=1.4244 throughput=10.05 img/s eta_seconds=588.4 gpu_alloc=476.3MiB gpu_reserved=3472.0MiB skipped_batches=0
2026-08-16 16:55:56,990 | INFO | epoch=31 batch=1700 global_step=10718 loss_reg_months=2.2175 lr=0.00001085 grad_norm=1.2968 throughput=10.03 img/s eta_seconds=579.2 gpu_alloc=476.3MiB gpu_reserved=3472.0MiB skipped_batches=0
2026-08-16 16:56:08,191 | INFO | epoch=31 batch=1725 global_step=10721 loss_reg_months=2.2113 lr=0.00001085 grad_norm=1.3323 throughput=10.01 img/s eta_seconds=570.3 gpu_alloc=476.3MiB gpu_reserved=3472.0MiB skipped_batches=0
2026-08-16 16:56:17,790 | INFO | epoch=31 batch=1750 global_step=10724 loss_reg_months=2.2141 lr=0.00001085 grad_norm=1.4645 throughput=10.02 img/s eta_seconds=560.0 gpu_alloc=476.3MiB gpu_reserved=3472.0MiB skipped_batches=0
2026-08-16 16:56:29,350 | INFO | epoch=31 batch=1775 global_step=10727 loss_reg_months=2.2090 lr=0.00001085 grad_norm=1.5993 throughput=10.00 img/s eta_seconds=551.2 gpu_alloc=476.3MiB gpu_reserved=3472.0MiB skipped_batches=0
2026-08-16 16:56:41,892 | INFO | epoch=31 batch=1800 global_step=10730 loss_reg_months=2.2084 lr=0.00001085 grad_norm=1.2813 throughput=9.96 img/s eta_seconds=543.1 gpu_alloc=367.7MiB gpu_reserved=3472.0MiB skipped_batches=0
2026-08-16 16:56:54,932 | INFO | epoch=31 batch=1825 global_step=10732 loss_reg_months=2.2091 lr=0.00001085 grad_norm=1.4249 throughput=9.92 img/s eta_seconds=535.3 gpu_alloc=476.3MiB gpu_reserved=3472.0MiB skipped_batches=0
2026-08-16 16:57:07,885 | INFO | epoch=31 batch=1850 global_step=10735 loss_reg_months=2.2114 lr=0.00001085 grad_norm=1.5351 throughput=9.88 img/s eta_seconds=527.2 gpu_alloc=476.3MiB gpu_reserved=3472.0MiB skipped_batches=0
2026-08-16 16:57:18,344 | INFO | epoch=31 batch=1875 global_step=10738 loss_reg_months=2.2083 lr=0.00001085 grad_norm=1.3377 throughput=9.88 img/s eta_seconds=517.3 gpu_alloc=476.3MiB gpu_reserved=3472.0MiB skipped_batches=0
2026-08-16 16:57:31,109 | INFO | epoch=31 batch=1900 global_step=10741 loss_reg_months=2.2058 lr=0.00001085 grad_norm=1.3962 throughput=9.85 img/s eta_seconds=509.0 gpu_alloc=476.3MiB gpu_reserved=3472.0MiB skipped_batches=0
2026-08-16 16:57:46,008 | INFO | epoch=31 batch=1925 global_step=10743 loss_reg_months=2.2088 lr=0.00001085 grad_norm=1.2334 throughput=9.79 img/s eta_seconds=501.8 gpu_alloc=476.3MiB gpu_reserved=3472.0MiB skipped_batches=0
2026-08-16 16:57:56,739 | INFO | epoch=31 batch=1950 global_step=10746 loss_reg_months=2.2075 lr=0.00001085 grad_norm=1.5792 throughput=9.78 img/s eta_seconds=491.9 gpu_alloc=476.3MiB gpu_reserved=3472.0MiB skipped_batches=0
2026-08-16 16:58:07,719 | INFO | epoch=31 batch=1975 global_step=10749 loss_reg_months=2.2074 lr=0.00001085 grad_norm=1.2287 throughput=9.77 img/s eta_seconds=482.2 gpu_alloc=476.3MiB gpu_reserved=3472.0MiB skipped_batches=0
2026-08-16 16:58:18,198 | INFO | epoch=31 batch=2000 global_step=10752 loss_reg_months=2.2038 lr=0.00001085 grad_norm=1.2228 throughput=9.77 img/s eta_seconds=472.1 gpu_alloc=476.3MiB gpu_reserved=3472.0MiB skipped_batches=0
2026-08-16 16:58:29,805 | INFO | epoch=31 batch=2025 global_step=10755 loss_reg_months=2.2056 lr=0.00001085 grad_norm=1.6569 throughput=9.75 img/s eta_seconds=462.6 gpu_alloc=367.7MiB gpu_reserved=3472.0MiB skipped_batches=0
2026-08-16 16:58:40,918 | INFO | epoch=31 batch=2050 global_step=10757 loss_reg_months=2.2020 lr=0.00001085 grad_norm=1.7978 throughput=9.74 img/s eta_seconds=452.8 gpu_alloc=476.3MiB gpu_reserved=3472.0MiB skipped_batches=0
2026-08-16 16:58:53,207 | INFO | epoch=31 batch=2075 global_step=10760 loss_reg_months=2.2014 lr=0.00001085 grad_norm=1.3718 throughput=9.72 img/s eta_seconds=443.6 gpu_alloc=476.3MiB gpu_reserved=3472.0MiB skipped_batches=0
2026-08-16 16:59:12,274 | INFO | epoch=31 batch=2100 global_step=10763 loss_reg_months=2.2020 lr=0.00001085 grad_norm=1.1858 throughput=9.62 img/s eta_seconds=437.7 gpu_alloc=476.3MiB gpu_reserved=3472.0MiB skipped_batches=0
2026-08-16 16:59:31,674 | INFO | epoch=31 batch=2125 global_step=10766 loss_reg_months=2.2028 lr=0.00001085 grad_norm=1.4192 throughput=9.52 img/s eta_seconds=431.7 gpu_alloc=476.3MiB gpu_reserved=3472.0MiB skipped_batches=0
2026-08-16 16:59:41,800 | INFO | epoch=31 batch=2150 global_step=10768 loss_reg_months=2.2041 lr=0.00001085 grad_norm=1.6599 throughput=9.53 img/s eta_seconds=421.0 gpu_alloc=476.3MiB gpu_reserved=3472.0MiB skipped_batches=0
2026-08-16 16:59:53,348 | INFO | epoch=31 batch=2175 global_step=10771 loss_reg_months=2.2086 lr=0.00001085 grad_norm=1.5201 throughput=9.52 img/s eta_seconds=411.0 gpu_alloc=476.3MiB gpu_reserved=3472.0MiB skipped_batches=0
2026-08-16 17:00:04,382 | INFO | epoch=31 batch=2200 global_step=10774 loss_reg_months=2.2094 lr=0.00001085 grad_norm=1.5102 throughput=9.51 img/s eta_seconds=400.7 gpu_alloc=476.3MiB gpu_reserved=3472.0MiB skipped_batches=0
2026-08-16 17:00:14,862 | INFO | epoch=31 batch=2225 global_step=10777 loss_reg_months=2.2215 lr=0.00001085 grad_norm=1.4714 throughput=9.51 img/s eta_seconds=390.1 gpu_alloc=476.3MiB gpu_reserved=3472.0MiB skipped_batches=0
2026-08-16 17:00:28,929 | INFO | epoch=31 batch=2250 global_step=10780 loss_reg_months=2.2266 lr=0.00001085 grad_norm=1.5916 throughput=9.48 img/s eta_seconds=381.1 gpu_alloc=367.7MiB gpu_reserved=3472.0MiB skipped_batches=0
2026-08-16 17:00:39,685 | INFO | epoch=31 batch=2275 global_step=10782 loss_reg_months=2.2248 lr=0.00001085 grad_norm=1.7809 throughput=9.47 img/s eta_seconds=370.6 gpu_alloc=476.3MiB gpu_reserved=3472.0MiB skipped_batches=0
2026-08-16 17:00:50,832 | INFO | epoch=31 batch=2300 global_step=10785 loss_reg_months=2.2287 lr=0.00001085 grad_norm=1.4613 throughput=9.47 img/s eta_seconds=360.2 gpu_alloc=476.3MiB gpu_reserved=3472.0MiB skipped_batches=0
2026-08-16 17:01:02,422 | INFO | epoch=31 batch=2325 global_step=10788 loss_reg_months=2.2299 lr=0.00001085 grad_norm=1.2199 throughput=9.46 img/s eta_seconds=350.1 gpu_alloc=476.3MiB gpu_reserved=3472.0MiB skipped_batches=0
2026-08-16 17:01:13,373 | INFO | epoch=31 batch=2350 global_step=10791 loss_reg_months=2.2279 lr=0.00001085 grad_norm=1.3644 throughput=9.45 img/s eta_seconds=339.6 gpu_alloc=476.3MiB gpu_reserved=3472.0MiB skipped_batches=0
2026-08-16 17:01:24,774 | INFO | epoch=31 batch=2375 global_step=10793 loss_reg_months=2.2290 lr=0.00001085 grad_norm=1.3662 throughput=9.45 img/s eta_seconds=329.3 gpu_alloc=476.3MiB gpu_reserved=3472.0MiB skipped_batches=0
2026-08-16 17:01:41,580 | INFO | epoch=31 batch=2400 global_step=10796 loss_reg_months=2.2297 lr=0.00001085 grad_norm=1.5973 throughput=9.39 img/s eta_seconds=320.7 gpu_alloc=476.3MiB gpu_reserved=3472.0MiB skipped_batches=0
2026-08-16 17:02:00,454 | INFO | epoch=31 batch=2425 global_step=10799 loss_reg_months=2.2372 lr=0.00001085 grad_norm=1.6788 throughput=9.32 img/s eta_seconds=312.5 gpu_alloc=476.3MiB gpu_reserved=3472.0MiB skipped_batches=0
2026-08-16 17:02:19,822 | INFO | epoch=31 batch=2450 global_step=10802 loss_reg_months=2.2370 lr=0.00001085 grad_norm=1.4119 throughput=9.24 img/s eta_seconds=304.2 gpu_alloc=476.3MiB gpu_reserved=3472.0MiB skipped_batches=0
2026-08-16 17:02:34,421 | INFO | epoch=31 batch=2475 global_step=10805 loss_reg_months=2.2382 lr=0.00001085 grad_norm=1.2374 throughput=9.21 img/s eta_seconds=294.4 gpu_alloc=367.7MiB gpu_reserved=3472.0MiB skipped_batches=0
2026-08-16 17:02:47,686 | INFO | epoch=31 batch=2500 global_step=10807 loss_reg_months=2.2367 lr=0.00001085 grad_norm=1.3536 throughput=9.19 img/s eta_seconds=284.2 gpu_alloc=476.3MiB gpu_reserved=3472.0MiB skipped_batches=0
2026-08-16 17:03:02,353 | INFO | epoch=31 batch=2525 global_step=10810 loss_reg_months=2.2371 lr=0.00001085 grad_norm=1.8798 throughput=9.16 img/s eta_seconds=274.3 gpu_alloc=476.3MiB gpu_reserved=3472.0MiB skipped_batches=0
2026-08-16 17:03:15,501 | INFO | epoch=31 batch=2550 global_step=10813 loss_reg_months=2.2342 lr=0.00001085 grad_norm=1.3866 throughput=9.14 img/s eta_seconds=263.9 gpu_alloc=476.3MiB gpu_reserved=3472.0MiB skipped_batches=0
2026-08-16 17:03:27,489 | INFO | epoch=31 batch=2575 global_step=10816 loss_reg_months=2.2350 lr=0.00001085 grad_norm=1.7203 throughput=9.13 img/s eta_seconds=253.2 gpu_alloc=476.3MiB gpu_reserved=3472.0MiB skipped_batches=0
2026-08-16 17:03:39,607 | INFO | epoch=31 batch=2600 global_step=10818 loss_reg_months=2.2365 lr=0.00001085 grad_norm=1.7533 throughput=9.12 img/s eta_seconds=242.5 gpu_alloc=476.3MiB gpu_reserved=3472.0MiB skipped_batches=0
2026-08-16 17:03:52,450 | INFO | epoch=31 batch=2625 global_step=10821 loss_reg_months=2.2371 lr=0.00001085 grad_norm=1.5731 throughput=9.10 img/s eta_seconds=231.9 gpu_alloc=476.3MiB gpu_reserved=3472.0MiB skipped_batches=0
2026-08-16 17:04:04,094 | INFO | epoch=31 batch=2650 global_step=10824 loss_reg_months=2.2385 lr=0.00001085 grad_norm=1.7012 throughput=9.10 img/s eta_seconds=221.0 gpu_alloc=476.3MiB gpu_reserved=3472.0MiB skipped_batches=0
2026-08-16 17:04:15,310 | INFO | epoch=31 batch=2675 global_step=10827 loss_reg_months=2.2409 lr=0.00001085 grad_norm=1.1402 throughput=9.10 img/s eta_seconds=210.1 gpu_alloc=476.3MiB gpu_reserved=3472.0MiB skipped_batches=0
2026-08-16 17:04:28,016 | INFO | epoch=31 batch=2700 global_step=10830 loss_reg_months=2.2392 lr=0.00001085 grad_norm=1.4237 throughput=9.08 img/s eta_seconds=199.3 gpu_alloc=367.7MiB gpu_reserved=3472.0MiB skipped_batches=0
2026-08-16 17:04:41,497 | INFO | epoch=31 batch=2725 global_step=10832 loss_reg_months=2.2400 lr=0.00001085 grad_norm=1.8041 throughput=9.07 img/s eta_seconds=188.7 gpu_alloc=476.3MiB gpu_reserved=3472.0MiB skipped_batches=0
2026-08-16 17:04:53,824 | INFO | epoch=31 batch=2750 global_step=10835 loss_reg_months=2.2358 lr=0.00001085 grad_norm=1.3409 throughput=9.06 img/s eta_seconds=177.9 gpu_alloc=476.3MiB gpu_reserved=3472.0MiB skipped_batches=0
2026-08-16 17:05:03,586 | INFO | epoch=31 batch=2775 global_step=10838 loss_reg_months=2.2389 lr=0.00001085 grad_norm=1.4913 throughput=9.07 img/s eta_seconds=166.7 gpu_alloc=476.3MiB gpu_reserved=3472.0MiB skipped_batches=0
2026-08-16 17:05:14,571 | INFO | epoch=31 batch=2800 global_step=10841 loss_reg_months=2.2395 lr=0.00001085 grad_norm=1.5523 throughput=9.07 img/s eta_seconds=155.6 gpu_alloc=476.3MiB gpu_reserved=3472.0MiB skipped_batches=0
2026-08-16 17:05:24,930 | INFO | epoch=31 batch=2825 global_step=10843 loss_reg_months=2.2388 lr=0.00001085 grad_norm=1.5656 throughput=9.07 img/s eta_seconds=144.5 gpu_alloc=476.3MiB gpu_reserved=3472.0MiB skipped_batches=0
2026-08-16 17:05:35,002 | INFO | epoch=31 batch=2850 global_step=10846 loss_reg_months=2.2400 lr=0.00001085 grad_norm=1.3799 throughput=9.08 img/s eta_seconds=133.4 gpu_alloc=476.3MiB gpu_reserved=3472.0MiB skipped_batches=0
2026-08-16 17:05:45,942 | INFO | epoch=31 batch=2875 global_step=10849 loss_reg_months=2.2387 lr=0.00001085 grad_norm=1.5557 throughput=9.08 img/s eta_seconds=122.4 gpu_alloc=476.3MiB gpu_reserved=3472.0MiB skipped_batches=0
2026-08-16 17:05:57,529 | INFO | epoch=31 batch=2900 global_step=10852 loss_reg_months=2.2367 lr=0.00001085 grad_norm=1.3244 throughput=9.07 img/s eta_seconds=111.4 gpu_alloc=476.3MiB gpu_reserved=3472.0MiB skipped_batches=0
2026-08-16 17:06:07,356 | INFO | epoch=31 batch=2925 global_step=10855 loss_reg_months=2.2339 lr=0.00001085 grad_norm=1.9907 throughput=9.08 img/s eta_seconds=100.3 gpu_alloc=367.7MiB gpu_reserved=3472.0MiB skipped_batches=0
2026-08-16 17:06:17,409 | INFO | epoch=31 batch=2950 global_step=10857 loss_reg_months=2.2318 lr=0.00001085 grad_norm=1.7286 throughput=9.09 img/s eta_seconds=89.2 gpu_alloc=476.3MiB gpu_reserved=3472.0MiB skipped_batches=0
2026-08-16 17:06:43,232 | INFO | epoch=31 batch=2975 global_step=10860 loss_reg_months=2.2339 lr=0.00001085 grad_norm=1.2923 throughput=8.99 img/s eta_seconds=79.1 gpu_alloc=476.3MiB gpu_reserved=3472.0MiB skipped_batches=0
2026-08-16 17:06:56,168 | INFO | epoch=31 batch=3000 global_step=10863 loss_reg_months=2.2350 lr=0.00001085 grad_norm=1.3876 throughput=8.98 img/s eta_seconds=68.1 gpu_alloc=476.3MiB gpu_reserved=3472.0MiB skipped_batches=0
2026-08-16 17:07:07,448 | INFO | epoch=31 batch=3025 global_step=10866 loss_reg_months=2.2345 lr=0.00001085 grad_norm=1.0651 throughput=8.97 img/s eta_seconds=56.9 gpu_alloc=476.3MiB gpu_reserved=3472.0MiB skipped_batches=0
2026-08-16 17:07:18,478 | INFO | epoch=31 batch=3050 global_step=10868 loss_reg_months=2.2336 lr=0.00001085 grad_norm=1.4994 throughput=8.98 img/s eta_seconds=45.8 gpu_alloc=476.3MiB gpu_reserved=3472.0MiB skipped_batches=0
2026-08-16 17:07:29,019 | INFO | epoch=31 batch=3075 global_step=10871 loss_reg_months=2.2357 lr=0.00001085 grad_norm=1.8248 throughput=8.98 img/s eta_seconds=34.6 gpu_alloc=476.3MiB gpu_reserved=3472.0MiB skipped_batches=0
2026-08-16 17:07:41,050 | INFO | epoch=31 batch=3100 global_step=10874 loss_reg_months=2.2345 lr=0.00001085 grad_norm=1.4452 throughput=8.97 img/s eta_seconds=23.5 gpu_alloc=476.3MiB gpu_reserved=3472.0MiB skipped_batches=0
2026-08-16 17:08:03,512 | INFO | epoch=31 batch=3125 global_step=10877 loss_reg_months=2.2324 lr=0.00001085 grad_norm=1.1308 throughput=8.90 img/s eta_seconds=12.5 gpu_alloc=476.3MiB gpu_reserved=3472.0MiB skipped_batches=0
2026-08-16 17:08:18,111 | INFO | epoch=31 batch=3150 global_step=10880 loss_reg_months=2.2283 lr=0.00001085 grad_norm=1.3499 throughput=8.88 img/s eta_seconds=1.2 gpu_alloc=367.7MiB gpu_reserved=3472.0MiB skipped_batches=0
2026-08-16 17:10:41,819 | WARNING | STABILITY WARNING [CAM] Prediction vượt nhẹ miền tuổi 0–228: [9.31, 231.00]
2026-08-16 17:10:41,827 | WARNING | STABILITY WARNING [CAM] Validation MAE xấu đi trong khi train loss giảm
2026-08-16 17:10:41,829 | INFO | 
TRAINING REVIEW SNAPSHOT
Run ID / config hash / split hash: P6_D0_CONVNEXT_TINY_768_SEED42 / 0e80cf6f780f / 7328667e6822+f650a20432b5
Epoch / global step: 31 / 10881
Train loss: 2.2277
Validation MAE / RMSE / median AE: 6.3004 / 8.4977 / 5.0000
MAE nam / nữ / age bins: {'F': 6.5944210122699385, 'M': 6.052474126778784} / {'0-59': 6.7938829787234045, '120-179': 6.1118665018541405, '60-119': 7.030456852791878, '180-228': 4.8828125}
Learning rate / peak VRAM: 0.00001085 / 3472.0 MiB
Best epoch / best MAE / epochs không cải thiện: 24 / 6.1834 / 7
Cảnh báo hiện tại: CAM: Prediction vượt nhẹ miền tuổi 0–228: [9.31, 231.00] | CAM: Validation MAE xấu đi trong khi train loss giảm
Checkpoint gần nhất: p1_baseline\runs\P6_D0_CONVNEXT_TINY_768_SEED42\last.ckpt
Checkpoint tốt nhất: p1_baseline\runs\P6_D0_CONVNEXT_TINY_768_SEED42\best_mae.ckpt
Đề xuất tự động: THEO DÕI
2026-08-16 17:11:10,681 | INFO | epoch=32 batch=25 global_step=10883 loss_reg_months=1.7291 lr=0.00000734 grad_norm=1.3076 throughput=4.11 img/s eta_seconds=3044.5 gpu_alloc=476.3MiB gpu_reserved=3472.0MiB skipped_batches=0
2026-08-16 17:11:16,634 | INFO | epoch=32 batch=50 global_step=10886 loss_reg_months=1.8161 lr=0.00000734 grad_norm=1.2596 throughput=6.60 img/s eta_seconds=1879.5 gpu_alloc=476.3MiB gpu_reserved=3472.0MiB skipped_batches=0
2026-08-16 17:11:22,638 | INFO | epoch=32 batch=75 global_step=10889 loss_reg_months=1.8752 lr=0.00000734 grad_norm=1.3670 throughput=8.27 img/s eta_seconds=1489.3 gpu_alloc=476.3MiB gpu_reserved=3472.0MiB skipped_batches=0
2026-08-16 17:11:28,625 | INFO | epoch=32 batch=100 global_step=10892 loss_reg_months=1.9770 lr=0.00000734 grad_norm=1.3667 throughput=9.46 img/s eta_seconds=1290.7 gpu_alloc=476.3MiB gpu_reserved=3472.0MiB skipped_batches=0
2026-08-16 17:11:34,580 | INFO | epoch=32 batch=125 global_step=10894 loss_reg_months=2.0352 lr=0.00000734 grad_norm=1.7057 throughput=10.37 img/s eta_seconds=1168.3 gpu_alloc=476.3MiB gpu_reserved=3472.0MiB skipped_batches=0
2026-08-16 17:11:40,620 | INFO | epoch=32 batch=150 global_step=10897 loss_reg_months=2.0530 lr=0.00000734 grad_norm=1.9725 throughput=11.06 img/s eta_seconds=1086.5 gpu_alloc=476.3MiB gpu_reserved=3472.0MiB skipped_batches=0
2026-08-16 17:11:46,632 | INFO | epoch=32 batch=175 global_step=10900 loss_reg_months=2.1221 lr=0.00000734 grad_norm=1.7026 throughput=11.61 img/s eta_seconds=1025.8 gpu_alloc=476.3MiB gpu_reserved=3472.0MiB skipped_batches=0
2026-08-16 17:11:52,608 | INFO | epoch=32 batch=200 global_step=10903 loss_reg_months=2.1257 lr=0.00000734 grad_norm=1.3365 throughput=12.07 img/s eta_seconds=978.3 gpu_alloc=476.3MiB gpu_reserved=3472.0MiB skipped_batches=0
2026-08-16 17:11:58,591 | INFO | epoch=32 batch=225 global_step=10906 loss_reg_months=2.1638 lr=0.00000734 grad_norm=1.7686 throughput=12.46 img/s eta_seconds=940.1 gpu_alloc=367.7MiB gpu_reserved=3472.0MiB skipped_batches=0
2026-08-16 17:12:04,530 | INFO | epoch=32 batch=250 global_step=10908 loss_reg_months=2.1052 lr=0.00000734 grad_norm=1.4234 throughput=12.79 img/s eta_seconds=907.8 gpu_alloc=476.3MiB gpu_reserved=3472.0MiB skipped_batches=0
2026-08-16 17:12:10,514 | INFO | epoch=32 batch=275 global_step=10911 loss_reg_months=2.1707 lr=0.00000734 grad_norm=1.7122 throughput=13.07 img/s eta_seconds=880.8 gpu_alloc=476.3MiB gpu_reserved=3472.0MiB skipped_batches=0
2026-08-16 17:12:16,490 | INFO | epoch=32 batch=300 global_step=10914 loss_reg_months=2.1784 lr=0.00000734 grad_norm=1.5242 throughput=13.31 img/s eta_seconds=857.2 gpu_alloc=476.3MiB gpu_reserved=3472.0MiB skipped_batches=0
2026-08-16 17:12:22,464 | INFO | epoch=32 batch=325 global_step=10917 loss_reg_months=2.2096 lr=0.00000734 grad_norm=2.1619 throughput=13.52 img/s eta_seconds=836.3 gpu_alloc=476.3MiB gpu_reserved=3472.0MiB skipped_batches=0
2026-08-16 17:12:28,412 | INFO | epoch=32 batch=350 global_step=10919 loss_reg_months=2.2094 lr=0.00000734 grad_norm=1.4599 throughput=13.72 img/s eta_seconds=817.3 gpu_alloc=476.3MiB gpu_reserved=3472.0MiB skipped_batches=0
2026-08-16 17:12:34,381 | INFO | epoch=32 batch=375 global_step=10922 loss_reg_months=2.1831 lr=0.00000734 grad_norm=1.3471 throughput=13.88 img/s eta_seconds=800.2 gpu_alloc=476.3MiB gpu_reserved=3472.0MiB skipped_batches=0
2026-08-16 17:12:40,402 | INFO | epoch=32 batch=400 global_step=10925 loss_reg_months=2.1600 lr=0.00000734 grad_norm=1.4795 throughput=14.03 img/s eta_seconds=784.9 gpu_alloc=476.3MiB gpu_reserved=3472.0MiB skipped_batches=0
2026-08-16 17:12:46,396 | INFO | epoch=32 batch=425 global_step=10928 loss_reg_months=2.1491 lr=0.00000734 grad_norm=1.3906 throughput=14.16 img/s eta_seconds=770.5 gpu_alloc=476.3MiB gpu_reserved=3472.0MiB skipped_batches=0
2026-08-16 17:12:52,387 | INFO | epoch=32 batch=450 global_step=10931 loss_reg_months=2.1819 lr=0.00000734 grad_norm=1.3697 throughput=14.28 img/s eta_seconds=757.0 gpu_alloc=367.7MiB gpu_reserved=3472.0MiB skipped_batches=0
2026-08-16 17:12:58,337 | INFO | epoch=32 batch=475 global_step=10933 loss_reg_months=2.2096 lr=0.00000734 grad_norm=1.3114 throughput=14.39 img/s eta_seconds=744.1 gpu_alloc=476.3MiB gpu_reserved=3472.0MiB skipped_batches=0
2026-08-16 17:13:04,379 | INFO | epoch=32 batch=500 global_step=10936 loss_reg_months=2.2171 lr=0.00000734 grad_norm=1.2700 throughput=14.49 img/s eta_seconds=732.3 gpu_alloc=476.3MiB gpu_reserved=3472.0MiB skipped_batches=0
2026-08-16 17:13:10,360 | INFO | epoch=32 batch=525 global_step=10939 loss_reg_months=2.2097 lr=0.00000734 grad_norm=1.3075 throughput=14.58 img/s eta_seconds=720.8 gpu_alloc=476.3MiB gpu_reserved=3472.0MiB skipped_batches=0
2026-08-16 17:13:16,366 | INFO | epoch=32 batch=550 global_step=10942 loss_reg_months=2.1873 lr=0.00000734 grad_norm=1.2264 throughput=14.66 img/s eta_seconds=709.9 gpu_alloc=476.3MiB gpu_reserved=3472.0MiB skipped_batches=0
2026-08-16 17:13:22,389 | INFO | epoch=32 batch=575 global_step=10944 loss_reg_months=2.1620 lr=0.00000734 grad_norm=1.6787 throughput=14.74 img/s eta_seconds=699.6 gpu_alloc=476.3MiB gpu_reserved=3472.0MiB skipped_batches=0
2026-08-16 17:13:28,402 | INFO | epoch=32 batch=600 global_step=10947 loss_reg_months=2.1804 lr=0.00000734 grad_norm=1.4377 throughput=14.81 img/s eta_seconds=689.5 gpu_alloc=476.3MiB gpu_reserved=3472.0MiB skipped_batches=0
2026-08-16 17:13:34,436 | INFO | epoch=32 batch=625 global_step=10950 loss_reg_months=2.1840 lr=0.00000734 grad_norm=1.2931 throughput=14.87 img/s eta_seconds=679.8 gpu_alloc=476.3MiB gpu_reserved=3472.0MiB skipped_batches=0
2026-08-16 17:13:40,442 | INFO | epoch=32 batch=650 global_step=10953 loss_reg_months=2.1583 lr=0.00000734 grad_norm=1.3977 throughput=14.93 img/s eta_seconds=670.3 gpu_alloc=476.3MiB gpu_reserved=3472.0MiB skipped_batches=0
2026-08-16 17:13:46,444 | INFO | epoch=32 batch=675 global_step=10956 loss_reg_months=2.1576 lr=0.00000734 grad_norm=1.3326 throughput=14.99 img/s eta_seconds=661.1 gpu_alloc=367.7MiB gpu_reserved=3472.0MiB skipped_batches=0
2026-08-16 17:13:52,470 | INFO | epoch=32 batch=700 global_step=10958 loss_reg_months=2.1552 lr=0.00000734 grad_norm=1.5471 throughput=15.04 img/s eta_seconds=652.2 gpu_alloc=476.3MiB gpu_reserved=3472.0MiB skipped_batches=0
2026-08-16 17:13:58,570 | INFO | epoch=32 batch=725 global_step=10961 loss_reg_months=2.1576 lr=0.00000734 grad_norm=1.4878 throughput=15.09 img/s eta_seconds=643.7 gpu_alloc=476.3MiB gpu_reserved=3472.0MiB skipped_batches=0
2026-08-16 17:14:04,675 | INFO | epoch=32 batch=750 global_step=10964 loss_reg_months=2.1520 lr=0.00000734 grad_norm=1.4331 throughput=15.13 img/s eta_seconds=635.4 gpu_alloc=476.3MiB gpu_reserved=3472.0MiB skipped_batches=0
2026-08-16 17:14:10,788 | INFO | epoch=32 batch=775 global_step=10967 loss_reg_months=2.1453 lr=0.00000734 grad_norm=1.6589 throughput=15.16 img/s eta_seconds=627.2 gpu_alloc=476.3MiB gpu_reserved=3472.0MiB skipped_batches=0
2026-08-16 17:14:16,858 | INFO | epoch=32 batch=800 global_step=10969 loss_reg_months=2.1246 lr=0.00000734 grad_norm=1.1529 throughput=15.20 img/s eta_seconds=619.1 gpu_alloc=476.3MiB gpu_reserved=3472.0MiB skipped_batches=0
2026-08-16 17:14:22,837 | INFO | epoch=32 batch=825 global_step=10972 loss_reg_months=2.1374 lr=0.00000734 grad_norm=1.3511 throughput=15.24 img/s eta_seconds=610.8 gpu_alloc=476.3MiB gpu_reserved=3472.0MiB skipped_batches=0
2026-08-16 17:14:28,823 | INFO | epoch=32 batch=850 global_step=10975 loss_reg_months=2.1260 lr=0.00000734 grad_norm=1.7234 throughput=15.28 img/s eta_seconds=602.7 gpu_alloc=476.3MiB gpu_reserved=3472.0MiB skipped_batches=0
2026-08-16 17:14:34,907 | INFO | epoch=32 batch=875 global_step=10978 loss_reg_months=2.1366 lr=0.00000734 grad_norm=1.2295 throughput=15.31 img/s eta_seconds=595.0 gpu_alloc=476.3MiB gpu_reserved=3472.0MiB skipped_batches=0
2026-08-16 17:14:40,927 | INFO | epoch=32 batch=900 global_step=10981 loss_reg_months=2.1189 lr=0.00000734 grad_norm=1.3669 throughput=15.35 img/s eta_seconds=587.2 gpu_alloc=367.7MiB gpu_reserved=3472.0MiB skipped_batches=0
2026-08-16 17:14:46,909 | INFO | epoch=32 batch=925 global_step=10983 loss_reg_months=2.1178 lr=0.00000734 grad_norm=1.2938 throughput=15.38 img/s eta_seconds=579.4 gpu_alloc=476.3MiB gpu_reserved=3472.0MiB skipped_batches=0
2026-08-16 17:14:52,916 | INFO | epoch=32 batch=950 global_step=10986 loss_reg_months=2.1161 lr=0.00000734 grad_norm=1.3820 throughput=15.41 img/s eta_seconds=571.7 gpu_alloc=476.3MiB gpu_reserved=3472.0MiB skipped_batches=0
2026-08-16 17:14:58,928 | INFO | epoch=32 batch=975 global_step=10989 loss_reg_months=2.1180 lr=0.00000734 grad_norm=1.3577 throughput=15.44 img/s eta_seconds=564.2 gpu_alloc=476.3MiB gpu_reserved=3472.0MiB skipped_batches=0
2026-08-16 17:15:04,918 | INFO | epoch=32 batch=1000 global_step=10992 loss_reg_months=2.1129 lr=0.00000734 grad_norm=1.7379 throughput=15.47 img/s eta_seconds=556.6 gpu_alloc=476.3MiB gpu_reserved=3472.0MiB skipped_batches=0
2026-08-16 17:15:10,877 | INFO | epoch=32 batch=1025 global_step=10994 loss_reg_months=2.1147 lr=0.00000734 grad_norm=1.3725 throughput=15.50 img/s eta_seconds=549.1 gpu_alloc=476.3MiB gpu_reserved=3472.0MiB skipped_batches=0
2026-08-16 17:15:16,853 | INFO | epoch=32 batch=1050 global_step=10997 loss_reg_months=2.1191 lr=0.00000734 grad_norm=1.5300 throughput=15.53 img/s eta_seconds=541.7 gpu_alloc=476.3MiB gpu_reserved=3472.0MiB skipped_batches=0
2026-08-16 17:15:23,658 | INFO | epoch=32 batch=1075 global_step=11000 loss_reg_months=2.1200 lr=0.00000734 grad_norm=1.5499 throughput=15.51 img/s eta_seconds=536.0 gpu_alloc=476.3MiB gpu_reserved=3472.0MiB skipped_batches=0
2026-08-16 17:15:29,961 | INFO | epoch=32 batch=1100 global_step=11003 loss_reg_months=2.1224 lr=0.00000734 grad_norm=1.2552 throughput=15.51 img/s eta_seconds=529.3 gpu_alloc=476.3MiB gpu_reserved=3472.0MiB skipped_batches=0
2026-08-16 17:15:35,978 | INFO | epoch=32 batch=1125 global_step=11006 loss_reg_months=2.1233 lr=0.00000734 grad_norm=1.4785 throughput=15.54 img/s eta_seconds=522.0 gpu_alloc=367.7MiB gpu_reserved=3472.0MiB skipped_batches=0
2026-08-16 17:15:41,945 | INFO | epoch=32 batch=1150 global_step=11008 loss_reg_months=2.1207 lr=0.00000734 grad_norm=1.7134 throughput=15.56 img/s eta_seconds=514.8 gpu_alloc=476.3MiB gpu_reserved=3472.0MiB skipped_batches=0
2026-08-16 17:15:48,034 | INFO | epoch=32 batch=1175 global_step=11011 loss_reg_months=2.1254 lr=0.00000734 grad_norm=1.8561 throughput=15.58 img/s eta_seconds=507.8 gpu_alloc=476.3MiB gpu_reserved=3472.0MiB skipped_batches=0
2026-08-16 17:15:54,056 | INFO | epoch=32 batch=1200 global_step=11014 loss_reg_months=2.1221 lr=0.00000734 grad_norm=1.3158 throughput=15.60 img/s eta_seconds=500.7 gpu_alloc=476.3MiB gpu_reserved=3472.0MiB skipped_batches=0
2026-08-16 17:16:00,069 | INFO | epoch=32 batch=1225 global_step=11017 loss_reg_months=2.1201 lr=0.00000734 grad_norm=1.2445 throughput=15.62 img/s eta_seconds=493.7 gpu_alloc=476.3MiB gpu_reserved=3472.0MiB skipped_batches=0
2026-08-16 17:16:06,031 | INFO | epoch=32 batch=1250 global_step=11019 loss_reg_months=2.1181 lr=0.00000734 grad_norm=1.3170 throughput=15.64 img/s eta_seconds=486.6 gpu_alloc=476.3MiB gpu_reserved=3472.0MiB skipped_batches=0
2026-08-16 17:16:12,024 | INFO | epoch=32 batch=1275 global_step=11022 loss_reg_months=2.1322 lr=0.00000734 grad_norm=1.6584 throughput=15.66 img/s eta_seconds=479.6 gpu_alloc=476.3MiB gpu_reserved=3472.0MiB skipped_batches=0
2026-08-16 17:16:18,017 | INFO | epoch=32 batch=1300 global_step=11025 loss_reg_months=2.1300 lr=0.00000734 grad_norm=1.3781 throughput=15.68 img/s eta_seconds=472.7 gpu_alloc=476.3MiB gpu_reserved=3472.0MiB skipped_batches=0
2026-08-16 17:16:24,003 | INFO | epoch=32 batch=1325 global_step=11028 loss_reg_months=2.1435 lr=0.00000734 grad_norm=1.4467 throughput=15.70 img/s eta_seconds=465.8 gpu_alloc=476.3MiB gpu_reserved=3472.0MiB skipped_batches=0
2026-08-16 17:16:30,000 | INFO | epoch=32 batch=1350 global_step=11031 loss_reg_months=2.1386 lr=0.00000734 grad_norm=1.3735 throughput=15.71 img/s eta_seconds=458.9 gpu_alloc=367.7MiB gpu_reserved=3472.0MiB skipped_batches=0
2026-08-16 17:16:35,974 | INFO | epoch=32 batch=1375 global_step=11033 loss_reg_months=2.1414 lr=0.00000734 grad_norm=1.4652 throughput=15.73 img/s eta_seconds=452.0 gpu_alloc=476.3MiB gpu_reserved=3472.0MiB skipped_batches=0
2026-08-16 17:16:42,026 | INFO | epoch=32 batch=1400 global_step=11036 loss_reg_months=2.1426 lr=0.00000734 grad_norm=1.6243 throughput=15.74 img/s eta_seconds=445.3 gpu_alloc=476.3MiB gpu_reserved=3472.0MiB skipped_batches=0
2026-08-16 17:16:48,024 | INFO | epoch=32 batch=1425 global_step=11039 loss_reg_months=2.1426 lr=0.00000734 grad_norm=1.2883 throughput=15.76 img/s eta_seconds=438.5 gpu_alloc=476.3MiB gpu_reserved=3472.0MiB skipped_batches=0
2026-08-16 17:16:54,033 | INFO | epoch=32 batch=1450 global_step=11042 loss_reg_months=2.1451 lr=0.00000734 grad_norm=1.7786 throughput=15.77 img/s eta_seconds=431.8 gpu_alloc=476.3MiB gpu_reserved=3472.0MiB skipped_batches=0
2026-08-16 17:16:59,997 | INFO | epoch=32 batch=1475 global_step=11044 loss_reg_months=2.1385 lr=0.00000734 grad_norm=1.7178 throughput=15.79 img/s eta_seconds=425.0 gpu_alloc=476.3MiB gpu_reserved=3472.0MiB skipped_batches=0
2026-08-16 17:17:06,008 | INFO | epoch=32 batch=1500 global_step=11047 loss_reg_months=2.1348 lr=0.00000734 grad_norm=1.1588 throughput=15.80 img/s eta_seconds=418.3 gpu_alloc=476.3MiB gpu_reserved=3472.0MiB skipped_batches=0
2026-08-16 17:17:11,993 | INFO | epoch=32 batch=1525 global_step=11050 loss_reg_months=2.1404 lr=0.00000734 grad_norm=1.0683 throughput=15.82 img/s eta_seconds=411.6 gpu_alloc=476.3MiB gpu_reserved=3472.0MiB skipped_batches=0
2026-08-16 17:17:17,974 | INFO | epoch=32 batch=1550 global_step=11053 loss_reg_months=2.1504 lr=0.00000734 grad_norm=1.2728 throughput=15.83 img/s eta_seconds=405.0 gpu_alloc=476.3MiB gpu_reserved=3472.0MiB skipped_batches=0
2026-08-16 17:17:23,966 | INFO | epoch=32 batch=1575 global_step=11056 loss_reg_months=2.1501 lr=0.00000734 grad_norm=1.2582 throughput=15.84 img/s eta_seconds=398.3 gpu_alloc=367.7MiB gpu_reserved=3472.0MiB skipped_batches=0
2026-08-16 17:17:29,929 | INFO | epoch=32 batch=1600 global_step=11058 loss_reg_months=2.1453 lr=0.00000734 grad_norm=1.3845 throughput=15.86 img/s eta_seconds=391.7 gpu_alloc=476.3MiB gpu_reserved=3472.0MiB skipped_batches=0
2026-08-16 17:17:35,926 | INFO | epoch=32 batch=1625 global_step=11061 loss_reg_months=2.1510 lr=0.00000734 grad_norm=1.2777 throughput=15.87 img/s eta_seconds=385.1 gpu_alloc=476.3MiB gpu_reserved=3472.0MiB skipped_batches=0
2026-08-16 17:17:41,977 | INFO | epoch=32 batch=1650 global_step=11064 loss_reg_months=2.1559 lr=0.00000734 grad_norm=1.5085 throughput=15.88 img/s eta_seconds=378.5 gpu_alloc=476.3MiB gpu_reserved=3472.0MiB skipped_batches=0
2026-08-16 17:17:47,987 | INFO | epoch=32 batch=1675 global_step=11067 loss_reg_months=2.1584 lr=0.00000734 grad_norm=1.7555 throughput=15.89 img/s eta_seconds=372.0 gpu_alloc=476.3MiB gpu_reserved=3472.0MiB skipped_batches=0
2026-08-16 17:17:53,978 | INFO | epoch=32 batch=1700 global_step=11069 loss_reg_months=2.1571 lr=0.00000734 grad_norm=1.5172 throughput=15.90 img/s eta_seconds=365.4 gpu_alloc=476.3MiB gpu_reserved=3472.0MiB skipped_batches=0
2026-08-16 17:18:00,024 | INFO | epoch=32 batch=1725 global_step=11072 loss_reg_months=2.1615 lr=0.00000734 grad_norm=1.4502 throughput=15.91 img/s eta_seconds=358.9 gpu_alloc=476.3MiB gpu_reserved=3472.0MiB skipped_batches=0
2026-08-16 17:18:06,033 | INFO | epoch=32 batch=1750 global_step=11075 loss_reg_months=2.1606 lr=0.00000734 grad_norm=1.4251 throughput=15.92 img/s eta_seconds=352.4 gpu_alloc=476.3MiB gpu_reserved=3472.0MiB skipped_batches=0
2026-08-16 17:18:12,052 | INFO | epoch=32 batch=1775 global_step=11078 loss_reg_months=2.1564 lr=0.00000734 grad_norm=1.2019 throughput=15.93 img/s eta_seconds=346.0 gpu_alloc=476.3MiB gpu_reserved=3472.0MiB skipped_batches=0
2026-08-16 17:18:18,049 | INFO | epoch=32 batch=1800 global_step=11081 loss_reg_months=2.1524 lr=0.00000734 grad_norm=1.5088 throughput=15.94 img/s eta_seconds=339.5 gpu_alloc=367.7MiB gpu_reserved=3472.0MiB skipped_batches=0
2026-08-16 17:18:24,030 | INFO | epoch=32 batch=1825 global_step=11083 loss_reg_months=2.1484 lr=0.00000734 grad_norm=1.2121 throughput=15.95 img/s eta_seconds=333.0 gpu_alloc=476.3MiB gpu_reserved=3472.0MiB skipped_batches=0
2026-08-16 17:18:30,021 | INFO | epoch=32 batch=1850 global_step=11086 loss_reg_months=2.1522 lr=0.00000734 grad_norm=1.4951 throughput=15.96 img/s eta_seconds=326.5 gpu_alloc=476.3MiB gpu_reserved=3472.0MiB skipped_batches=0
2026-08-16 17:18:36,003 | INFO | epoch=32 batch=1875 global_step=11089 loss_reg_months=2.1551 lr=0.00000734 grad_norm=1.3913 throughput=15.97 img/s eta_seconds=320.1 gpu_alloc=476.3MiB gpu_reserved=3472.0MiB skipped_batches=0
2026-08-16 17:18:41,991 | INFO | epoch=32 batch=1900 global_step=11092 loss_reg_months=2.1485 lr=0.00000734 grad_norm=1.3051 throughput=15.98 img/s eta_seconds=313.6 gpu_alloc=476.3MiB gpu_reserved=3472.0MiB skipped_batches=0
2026-08-16 17:18:47,947 | INFO | epoch=32 batch=1925 global_step=11094 loss_reg_months=2.1507 lr=0.00000734 grad_norm=1.5280 throughput=15.99 img/s eta_seconds=307.2 gpu_alloc=476.3MiB gpu_reserved=3472.0MiB skipped_batches=0
2026-08-16 17:18:53,939 | INFO | epoch=32 batch=1950 global_step=11097 loss_reg_months=2.1477 lr=0.00000734 grad_norm=1.3281 throughput=16.00 img/s eta_seconds=300.7 gpu_alloc=476.3MiB gpu_reserved=3472.0MiB skipped_batches=0
2026-08-16 17:18:59,995 | INFO | epoch=32 batch=1975 global_step=11100 loss_reg_months=2.1405 lr=0.00000734 grad_norm=1.2872 throughput=16.00 img/s eta_seconds=294.4 gpu_alloc=476.3MiB gpu_reserved=3472.0MiB skipped_batches=0
2026-08-16 17:19:05,930 | INFO | epoch=32 batch=2000 global_step=11103 loss_reg_months=2.1408 lr=0.00000734 grad_norm=1.1729 throughput=16.01 img/s eta_seconds=287.9 gpu_alloc=476.3MiB gpu_reserved=3472.0MiB skipped_batches=0
2026-08-16 17:19:11,720 | INFO | epoch=32 batch=2025 global_step=11106 loss_reg_months=2.1436 lr=0.00000734 grad_norm=1.3509 throughput=16.03 img/s eta_seconds=281.4 gpu_alloc=367.7MiB gpu_reserved=3472.0MiB skipped_batches=0
2026-08-16 17:19:17,451 | INFO | epoch=32 batch=2050 global_step=11108 loss_reg_months=2.1485 lr=0.00000734 grad_norm=1.5257 throughput=16.04 img/s eta_seconds=274.9 gpu_alloc=476.3MiB gpu_reserved=3472.0MiB skipped_batches=0
2026-08-16 17:19:23,219 | INFO | epoch=32 batch=2075 global_step=11111 loss_reg_months=2.1535 lr=0.00000734 grad_norm=1.2224 throughput=16.06 img/s eta_seconds=268.5 gpu_alloc=476.3MiB gpu_reserved=3472.0MiB skipped_batches=0
2026-08-16 17:19:28,963 | INFO | epoch=32 batch=2100 global_step=11114 loss_reg_months=2.1627 lr=0.00000734 grad_norm=1.4397 throughput=16.07 img/s eta_seconds=262.0 gpu_alloc=476.3MiB gpu_reserved=3472.0MiB skipped_batches=0
2026-08-16 17:19:34,740 | INFO | epoch=32 batch=2125 global_step=11117 loss_reg_months=2.1579 lr=0.00000734 grad_norm=1.4429 throughput=16.09 img/s eta_seconds=255.6 gpu_alloc=476.3MiB gpu_reserved=3472.0MiB skipped_batches=0
2026-08-16 17:19:40,472 | INFO | epoch=32 batch=2150 global_step=11119 loss_reg_months=2.1537 lr=0.00000734 grad_norm=1.0764 throughput=16.10 img/s eta_seconds=249.1 gpu_alloc=476.3MiB gpu_reserved=3472.0MiB skipped_batches=0
2026-08-16 17:19:46,237 | INFO | epoch=32 batch=2175 global_step=11122 loss_reg_months=2.1526 lr=0.00000734 grad_norm=1.6333 throughput=16.11 img/s eta_seconds=242.7 gpu_alloc=476.3MiB gpu_reserved=3472.0MiB skipped_batches=0
2026-08-16 17:19:51,992 | INFO | epoch=32 batch=2200 global_step=11125 loss_reg_months=2.1560 lr=0.00000734 grad_norm=1.3759 throughput=16.13 img/s eta_seconds=236.3 gpu_alloc=476.3MiB gpu_reserved=3472.0MiB skipped_batches=0
2026-08-16 17:19:57,755 | INFO | epoch=32 batch=2225 global_step=11128 loss_reg_months=2.1562 lr=0.00000734 grad_norm=1.9200 throughput=16.14 img/s eta_seconds=229.9 gpu_alloc=476.3MiB gpu_reserved=3472.0MiB skipped_batches=0
2026-08-16 17:20:03,516 | INFO | epoch=32 batch=2250 global_step=11131 loss_reg_months=2.1467 lr=0.00000734 grad_norm=1.5387 throughput=16.15 img/s eta_seconds=223.5 gpu_alloc=367.7MiB gpu_reserved=3472.0MiB skipped_batches=0
2026-08-16 17:20:09,240 | INFO | epoch=32 batch=2275 global_step=11133 loss_reg_months=2.1472 lr=0.00000734 grad_norm=1.4371 throughput=16.17 img/s eta_seconds=217.2 gpu_alloc=476.3MiB gpu_reserved=3472.0MiB skipped_batches=0
2026-08-16 17:20:14,998 | INFO | epoch=32 batch=2300 global_step=11136 loss_reg_months=2.1495 lr=0.00000734 grad_norm=1.6053 throughput=16.18 img/s eta_seconds=210.8 gpu_alloc=476.3MiB gpu_reserved=3472.0MiB skipped_batches=0
2026-08-16 17:20:21,145 | INFO | epoch=32 batch=2325 global_step=11139 loss_reg_months=2.1484 lr=0.00000734 grad_norm=1.7672 throughput=16.18 img/s eta_seconds=204.6 gpu_alloc=476.3MiB gpu_reserved=3472.0MiB skipped_batches=0
2026-08-16 17:20:32,633 | INFO | epoch=32 batch=2350 global_step=11142 loss_reg_months=2.1557 lr=0.00000734 grad_norm=1.1745 throughput=16.03 img/s eta_seconds=200.3 gpu_alloc=476.3MiB gpu_reserved=3472.0MiB skipped_batches=0
2026-08-16 17:20:41,507 | INFO | epoch=32 batch=2375 global_step=11144 loss_reg_months=2.1561 lr=0.00000734 grad_norm=1.4679 throughput=15.96 img/s eta_seconds=194.9 gpu_alloc=476.3MiB gpu_reserved=3472.0MiB skipped_batches=0
2026-08-16 17:20:48,692 | INFO | epoch=32 batch=2400 global_step=11147 loss_reg_months=2.1595 lr=0.00000734 grad_norm=1.5053 throughput=15.94 img/s eta_seconds=188.9 gpu_alloc=476.3MiB gpu_reserved=3472.0MiB skipped_batches=0
2026-08-16 17:20:56,229 | INFO | epoch=32 batch=2425 global_step=11150 loss_reg_months=2.1677 lr=0.00000734 grad_norm=1.3647 throughput=15.90 img/s eta_seconds=183.0 gpu_alloc=476.3MiB gpu_reserved=3472.0MiB skipped_batches=0
2026-08-16 17:21:03,529 | INFO | epoch=32 batch=2450 global_step=11153 loss_reg_months=2.1703 lr=0.00000734 grad_norm=1.4543 throughput=15.88 img/s eta_seconds=177.0 gpu_alloc=476.3MiB gpu_reserved=3472.0MiB skipped_batches=0
2026-08-16 17:21:10,966 | INFO | epoch=32 batch=2475 global_step=11156 loss_reg_months=2.1667 lr=0.00000734 grad_norm=1.1870 throughput=15.85 img/s eta_seconds=171.0 gpu_alloc=367.7MiB gpu_reserved=3472.0MiB skipped_batches=0
2026-08-16 17:21:18,810 | INFO | epoch=32 batch=2500 global_step=11158 loss_reg_months=2.1721 lr=0.00000734 grad_norm=1.6006 throughput=15.81 img/s eta_seconds=165.1 gpu_alloc=476.3MiB gpu_reserved=3472.0MiB skipped_batches=0
2026-08-16 17:21:26,417 | INFO | epoch=32 batch=2525 global_step=11161 loss_reg_months=2.1693 lr=0.00000734 grad_norm=1.9615 throughput=15.78 img/s eta_seconds=159.1 gpu_alloc=476.3MiB gpu_reserved=3472.0MiB skipped_batches=0
2026-08-16 17:21:34,658 | INFO | epoch=32 batch=2550 global_step=11164 loss_reg_months=2.1780 lr=0.00000734 grad_norm=1.7310 throughput=15.73 img/s eta_seconds=153.2 gpu_alloc=476.3MiB gpu_reserved=3472.0MiB skipped_batches=0
2026-08-16 17:21:43,107 | INFO | epoch=32 batch=2575 global_step=11167 loss_reg_months=2.1730 lr=0.00000734 grad_norm=1.2551 throughput=15.68 img/s eta_seconds=147.4 gpu_alloc=476.3MiB gpu_reserved=3472.0MiB skipped_batches=0
2026-08-16 17:21:50,629 | INFO | epoch=32 batch=2600 global_step=11169 loss_reg_months=2.1757 lr=0.00000734 grad_norm=1.5805 throughput=15.66 img/s eta_seconds=141.2 gpu_alloc=476.3MiB gpu_reserved=3472.0MiB skipped_batches=0
2026-08-16 17:21:57,859 | INFO | epoch=32 batch=2625 global_step=11172 loss_reg_months=2.1763 lr=0.00000734 grad_norm=1.4417 throughput=15.64 img/s eta_seconds=135.0 gpu_alloc=476.3MiB gpu_reserved=3472.0MiB skipped_batches=0
2026-08-16 17:22:05,398 | INFO | epoch=32 batch=2650 global_step=11175 loss_reg_months=2.1794 lr=0.00000734 grad_norm=1.3063 throughput=15.61 img/s eta_seconds=128.8 gpu_alloc=476.3MiB gpu_reserved=3472.0MiB skipped_batches=0
2026-08-16 17:22:13,191 | INFO | epoch=32 batch=2675 global_step=11178 loss_reg_months=2.1816 lr=0.00000734 grad_norm=1.6088 throughput=15.58 img/s eta_seconds=122.7 gpu_alloc=476.3MiB gpu_reserved=3472.0MiB skipped_batches=0
2026-08-16 17:22:20,729 | INFO | epoch=32 batch=2700 global_step=11181 loss_reg_months=2.1806 lr=0.00000734 grad_norm=1.7177 throughput=15.55 img/s eta_seconds=116.4 gpu_alloc=367.7MiB gpu_reserved=3472.0MiB skipped_batches=0
2026-08-16 17:22:28,553 | INFO | epoch=32 batch=2725 global_step=11183 loss_reg_months=2.1777 lr=0.00000734 grad_norm=1.2933 throughput=15.52 img/s eta_seconds=110.2 gpu_alloc=476.3MiB gpu_reserved=3472.0MiB skipped_batches=0
2026-08-16 17:22:36,784 | INFO | epoch=32 batch=2750 global_step=11186 loss_reg_months=2.1764 lr=0.00000734 grad_norm=1.3204 throughput=15.48 img/s eta_seconds=104.0 gpu_alloc=476.3MiB gpu_reserved=3472.0MiB skipped_batches=0
2026-08-16 17:22:44,960 | INFO | epoch=32 batch=2775 global_step=11189 loss_reg_months=2.1725 lr=0.00000734 grad_norm=1.9096 throughput=15.45 img/s eta_seconds=97.8 gpu_alloc=476.3MiB gpu_reserved=3472.0MiB skipped_batches=0
2026-08-16 17:22:53,556 | INFO | epoch=32 batch=2800 global_step=11192 loss_reg_months=2.1761 lr=0.00000734 grad_norm=2.0564 throughput=15.40 img/s eta_seconds=91.6 gpu_alloc=476.3MiB gpu_reserved=3472.0MiB skipped_batches=0
2026-08-16 17:23:01,650 | INFO | epoch=32 batch=2825 global_step=11194 loss_reg_months=2.1767 lr=0.00000734 grad_norm=1.4779 throughput=15.37 img/s eta_seconds=85.3 gpu_alloc=476.3MiB gpu_reserved=3472.0MiB skipped_batches=0
2026-08-16 17:23:09,916 | INFO | epoch=32 batch=2850 global_step=11197 loss_reg_months=2.1697 lr=0.00000734 grad_norm=1.0213 throughput=15.33 img/s eta_seconds=79.0 gpu_alloc=476.3MiB gpu_reserved=3472.0MiB skipped_batches=0
2026-08-16 17:23:17,878 | INFO | epoch=32 batch=2875 global_step=11200 loss_reg_months=2.1714 lr=0.00000734 grad_norm=1.3575 throughput=15.30 img/s eta_seconds=72.6 gpu_alloc=476.3MiB gpu_reserved=3472.0MiB skipped_batches=0
2026-08-16 17:23:25,923 | INFO | epoch=32 batch=2900 global_step=11203 loss_reg_months=2.1706 lr=0.00000734 grad_norm=1.9973 throughput=15.27 img/s eta_seconds=66.2 gpu_alloc=476.3MiB gpu_reserved=3472.0MiB skipped_batches=0
2026-08-16 17:23:33,918 | INFO | epoch=32 batch=2925 global_step=11206 loss_reg_months=2.1712 lr=0.00000734 grad_norm=1.6314 throughput=15.24 img/s eta_seconds=59.8 gpu_alloc=367.7MiB gpu_reserved=3472.0MiB skipped_batches=0
2026-08-16 17:23:41,725 | INFO | epoch=32 batch=2950 global_step=11208 loss_reg_months=2.1677 lr=0.00000734 grad_norm=1.1143 throughput=15.22 img/s eta_seconds=53.3 gpu_alloc=476.3MiB gpu_reserved=3472.0MiB skipped_batches=0
2026-08-16 17:23:49,407 | INFO | epoch=32 batch=2975 global_step=11211 loss_reg_months=2.1672 lr=0.00000734 grad_norm=1.4152 throughput=15.20 img/s eta_seconds=46.8 gpu_alloc=476.3MiB gpu_reserved=3472.0MiB skipped_batches=0
2026-08-16 17:23:57,589 | INFO | epoch=32 batch=3000 global_step=11214 loss_reg_months=2.1661 lr=0.00000734 grad_norm=1.3746 throughput=15.17 img/s eta_seconds=40.3 gpu_alloc=476.3MiB gpu_reserved=3472.0MiB skipped_batches=0
2026-08-16 17:24:05,526 | INFO | epoch=32 batch=3025 global_step=11217 loss_reg_months=2.1653 lr=0.00000734 grad_norm=1.3011 throughput=15.14 img/s eta_seconds=33.8 gpu_alloc=476.3MiB gpu_reserved=3472.0MiB skipped_batches=0
2026-08-16 17:24:13,495 | INFO | epoch=32 batch=3050 global_step=11219 loss_reg_months=2.1632 lr=0.00000734 grad_norm=1.3613 throughput=15.11 img/s eta_seconds=27.2 gpu_alloc=476.3MiB gpu_reserved=3472.0MiB skipped_batches=0
2026-08-16 17:24:21,107 | INFO | epoch=32 batch=3075 global_step=11222 loss_reg_months=2.1626 lr=0.00000734 grad_norm=1.4397 throughput=15.10 img/s eta_seconds=20.6 gpu_alloc=476.3MiB gpu_reserved=3472.0MiB skipped_batches=0
2026-08-16 17:24:29,085 | INFO | epoch=32 batch=3100 global_step=11225 loss_reg_months=2.1626 lr=0.00000734 grad_norm=1.4215 throughput=15.07 img/s eta_seconds=14.0 gpu_alloc=476.3MiB gpu_reserved=3472.0MiB skipped_batches=0
2026-08-16 17:24:37,224 | INFO | epoch=32 batch=3125 global_step=11228 loss_reg_months=2.1642 lr=0.00000734 grad_norm=1.4887 throughput=15.04 img/s eta_seconds=7.4 gpu_alloc=476.3MiB gpu_reserved=3472.0MiB skipped_batches=0
2026-08-16 17:24:45,100 | INFO | epoch=32 batch=3150 global_step=11231 loss_reg_months=2.1614 lr=0.00000734 grad_norm=1.3589 throughput=15.02 img/s eta_seconds=0.7 gpu_alloc=367.7MiB gpu_reserved=3472.0MiB skipped_batches=0
2026-08-16 17:26:22,600 | WARNING | STABILITY WARNING [CAM] Prediction vượt nhẹ miền tuổi 0–228: [7.81, 232.00]
2026-08-16 17:26:22,605 | WARNING | STABILITY WARNING [CAM] Validation MAE xấu đi trong khi train loss giảm
2026-08-16 17:26:22,607 | INFO | 
TRAINING REVIEW SNAPSHOT
Run ID / config hash / split hash: P6_D0_CONVNEXT_TINY_768_SEED42 / 0e80cf6f780f / 7328667e6822+f650a20432b5
Epoch / global step: 32 / 11232
Train loss: 2.1607
Validation MAE / RMSE / median AE: 6.3129 / 8.5301 / 5.0000
MAE nam / nữ / age bins: {'F': 6.595954754601227, 'M': 6.074223803363519} / {'0-59': 6.754654255319149, '120-179': 6.135352286773795, '60-119': 7.062182741116751, '180-228': 4.8046875}
Learning rate / peak VRAM: 0.00000734 / 3472.0 MiB
Best epoch / best MAE / epochs không cải thiện: 24 / 6.1834 / 8
Cảnh báo hiện tại: CAM: Prediction vượt nhẹ miền tuổi 0–228: [7.81, 232.00] | CAM: Validation MAE xấu đi trong khi train loss giảm
Checkpoint gần nhất: p1_baseline\runs\P6_D0_CONVNEXT_TINY_768_SEED42\last.ckpt
Checkpoint tốt nhất: p1_baseline\runs\P6_D0_CONVNEXT_TINY_768_SEED42\best_mae.ckpt
Đề xuất tự động: THEO DÕI
2026-08-16 17:26:24,491 | WARNING | STABILITY WARNING [CAM] Early stopping patience=8
RUN STATUS: early_stopped
