image_id,sex,target_months,clean_prediction_months,artifact_prediction_months,clean_absolute_error,artifact_absolute_error,disagreement_months
1388,F,126.0,125.06964111328125,125.73690795898438,0.93035888671875,0.263092041015625,0.667266845703125
1400,F,132.0,140.67648315429688,141.05078125,8.676483154296875,9.05078125,0.374298095703125
1404,F,159.0,148.51406860351562,148.16799926757812,10.485931396484375,10.832000732421875,0.3460693359375
1406,F,106.0,104.68821716308594,103.84920501708984,1.3117828369140625,2.1507949829101562,0.8390121459960938
1409,M,149.0,163.03573608398438,163.70184326171875,14.035736083984375,14.70184326171875,0.666107177734375
1424,M,120.0,126.5771255493164,129.41819763183594,6.577125549316406,9.418197631835938,2.8410720825195312
1427,M,174.0,168.45114135742188,171.1312255859375,5.548858642578125,2.8687744140625,2.680084228515625
1428,M,33.0,44.25404357910156,41.320037841796875,11.254043579101562,8.320037841796875,2.9340057373046875
1432,M,170.0,171.06211853027344,171.78616333007812,1.0621185302734375,1.786163330078125,0.7240447998046875
1435,M,180.0,176.95053100585938,174.74996948242188,3.049468994140625,5.250030517578125,2.2005615234375
1436,M,108.0,127.41351318359375,128.03321838378906,19.41351318359375,20.033218383789062,0.6197052001953125
1444,F,150.0,145.2880096435547,146.73672485351562,4.7119903564453125,3.263275146484375,1.4487152099609375
1452,F,180.0,177.9918212890625,177.43197631835938,2.0081787109375,2.568023681640625,0.559844970703125
1459,F,84.0,105.25462341308594,114.9371109008789,21.254623413085938,30.937110900878906,9.682487487792969
1466,M,216.0,201.06422424316406,200.7488250732422,14.935775756835938,15.251174926757812,0.315399169921875
1470,F,120.0,128.509765625,129.59890747070312,8.509765625,9.598907470703125,1.089141845703125
1471,F,106.0,118.83494567871094,119.02130889892578,12.834945678710938,13.021308898925781,0.18636322021484375
1474,F,126.0,129.2680206298828,129.55726623535156,3.2680206298828125,3.5572662353515625,0.28924560546875
1481,M,100.0,105.32833862304688,102.60855102539062,5.328338623046875,2.608551025390625,2.71978759765625
1489,M,150.0,168.801513671875,172.28042602539062,18.801513671875,22.280426025390625,3.478912353515625
1495,M,139.0,150.04196166992188,150.359130859375,11.041961669921875,11.359130859375,0.317169189453125
1498,F,174.0,168.31712341308594,169.2551727294922,5.6828765869140625,4.7448272705078125,0.93804931640625
1507,M,90.0,97.82831573486328,93.93551635742188,7.828315734863281,3.935516357421875,3.8927993774414062
1512,F,21.0,14.070587158203125,15.599044799804688,6.929412841796875,5.4009552001953125,1.5284576416015625
1514,F,120.0,122.20100402832031,122.27696990966797,2.2010040283203125,2.2769699096679688,0.07596588134765625
1524,M,108.0,106.40969848632812,107.2293472290039,1.590301513671875,0.7706527709960938,0.8196487426757812
1525,M,60.0,76.65403747558594,71.35523223876953,16.654037475585938,11.355232238769531,5.298805236816406
1531,M,156.0,149.04705810546875,149.61422729492188,6.95294189453125,6.385772705078125,0.567169189453125
1534,M,108.0,112.27300262451172,111.27127838134766,4.273002624511719,3.2712783813476562,1.0017242431640625
1536,F,82.0,89.42988586425781,90.47627258300781,7.4298858642578125,8.476272583007812,1.04638671875
1560,M,120.0,107.4501953125,108.83470153808594,12.5498046875,11.165298461914062,1.3845062255859375
1577,F,132.0,133.6247100830078,133.49185180664062,1.6247100830078125,1.491851806640625,0.1328582763671875
1581,F,36.0,39.00738525390625,40.56037902832031,3.00738525390625,4.5603790283203125,1.5529937744140625
1586,F,36.0,35.934776306152344,37.026512145996094,0.06522369384765625,1.0265121459960938,1.09173583984375
1587,M,138.0,142.23280334472656,141.04437255859375,4.2328033447265625,3.04437255859375,1.1884307861328125
1589,M,192.0,198.8850860595703,199.09017944335938,6.8850860595703125,7.090179443359375,0.2050933837890625
1594,M,64.0,64.62838745117188,66.07215881347656,0.628387451171875,2.0721588134765625,1.4437713623046875
1596,M,96.0,82.56547546386719,82.69261932373047,13.434524536132812,13.307380676269531,0.12714385986328125
1597,M,168.0,166.93946838378906,169.46986389160156,1.0605316162109375,1.4698638916015625,2.5303955078125
1599,F,42.0,63.096656799316406,60.514801025390625,21.096656799316406,18.514801025390625,2.5818557739257812
1600,M,108.0,116.78288269042969,117.93009185791016,8.782882690429688,9.930091857910156,1.1472091674804688
1607,M,162.0,168.71353149414062,167.43446350097656,6.713531494140625,5.4344635009765625,1.2790679931640625
1608,F,159.0,161.17327880859375,161.04513549804688,2.17327880859375,2.045135498046875,0.128143310546875
1621,F,36.0,28.194976806640625,29.167892456054688,7.805023193359375,6.8321075439453125,0.9729156494140625
1625,F,126.0,125.52256774902344,126.87126922607422,0.4774322509765625,0.8712692260742188,1.3487014770507812
1635,F,27.0,23.14112091064453,22.775917053222656,3.8588790893554688,4.224082946777344,0.365203857421875
1637,M,129.0,128.835693359375,126.60092163085938,0.164306640625,2.399078369140625,2.234771728515625
1649,M,156.0,155.31753540039062,155.08099365234375,0.682464599609375,0.91900634765625,0.236541748046875
1650,F,88.0,98.60009765625,96.87628936767578,10.60009765625,8.876289367675781,1.7238082885742188
1651,M,120.0,118.37262725830078,118.94550323486328,1.6273727416992188,1.0544967651367188,0.5728759765625
1660,F,132.0,127.241943359375,126.86639404296875,4.758056640625,5.13360595703125,0.37554931640625
1674,M,150.0,144.2928924560547,143.39022827148438,5.7071075439453125,6.609771728515625,0.9026641845703125
1703,M,132.0,158.08360290527344,157.82484436035156,26.083602905273438,25.824844360351562,0.258758544921875
1705,M,138.0,139.57955932617188,138.30563354492188,1.579559326171875,0.305633544921875,1.27392578125
1708,M,102.0,103.53609466552734,105.14430236816406,1.5360946655273438,3.1443023681640625,1.6082077026367188
1709,F,138.0,135.99124145507812,136.80999755859375,2.008758544921875,1.19000244140625,0.818756103515625
1714,M,138.0,120.51270294189453,125.55558013916016,17.48729705810547,12.444419860839844,5.042877197265625
1733,M,24.0,24.837318420410156,29.261802673339844,0.8373184204101562,5.261802673339844,4.4244842529296875
1746,F,69.0,43.351234436035156,41.68415832519531,25.648765563964844,27.315841674804688,1.6670761108398438
1756,F,132.0,104.71770477294922,111.01783752441406,27.28229522705078,20.982162475585938,6.300132751464844
1765,F,132.0,129.79116821289062,131.0073699951172,2.208831787109375,0.9926300048828125,1.2162017822265625
1767,F,180.0,166.309326171875,167.56997680664062,13.690673828125,12.430023193359375,1.260650634765625
1771,M,180.0,175.10601806640625,175.4788818359375,4.89398193359375,4.5211181640625,0.37286376953125
1776,F,60.0,77.74470520019531,78.27849578857422,17.744705200195312,18.27849578857422,0.5337905883789062
1777,F,120.0,128.77464294433594,128.2431182861328,8.774642944335938,8.243118286132812,0.531524658203125
1781,F,64.0,64.83511352539062,61.97412872314453,0.835113525390625,2.0258712768554688,2.8609848022460938
1783,M,21.0,21.54503631591797,21.709144592285156,0.5450363159179688,0.7091445922851562,0.1641082763671875
1786,M,9.0,19.72498321533203,20.929054260253906,10.724983215332031,11.929054260253906,1.204071044921875
1792,F,120.0,129.8131103515625,129.14149475097656,9.8131103515625,9.141494750976562,0.6716156005859375
1798,M,156.0,158.80006408691406,158.70994567871094,2.8000640869140625,2.7099456787109375,0.090118408203125
1803,F,148.0,140.42698669433594,139.92599487304688,7.5730133056640625,8.074005126953125,0.5009918212890625
1806,F,94.0,100.6360092163086,105.31137084960938,6.636009216308594,11.311370849609375,4.675361633300781
1807,M,159.0,153.30540466308594,152.4651336669922,5.6945953369140625,6.5348663330078125,0.84027099609375
1810,M,180.0,195.01974487304688,195.40957641601562,15.019744873046875,15.409576416015625,0.38983154296875
1818,M,204.0,203.28561401367188,204.1785888671875,0.714385986328125,0.1785888671875,0.892974853515625
1819,F,144.0,147.08323669433594,147.9228515625,3.0832366943359375,3.9228515625,0.8396148681640625
1827,F,126.0,134.89852905273438,133.1811065673828,8.898529052734375,7.1811065673828125,1.7174224853515625
1839,F,132.0,136.41856384277344,137.67478942871094,4.4185638427734375,5.6747894287109375,1.2562255859375
1846,M,168.0,160.82415771484375,160.6759490966797,7.17584228515625,7.3240509033203125,0.1482086181640625
1850,F,100.0,80.14060974121094,79.97892761230469,19.859390258789062,20.021072387695312,0.16168212890625
1855,M,186.0,183.88002014160156,184.1107177734375,2.1199798583984375,1.8892822265625,0.2306976318359375
1857,M,150.0,143.77056884765625,144.36778259277344,6.22943115234375,5.6322174072265625,0.5972137451171875
1868,M,147.0,143.00100708007812,142.48342895507812,3.998992919921875,4.516571044921875,0.517578125
1869,F,106.0,113.81806182861328,113.51310729980469,7.818061828613281,7.5131072998046875,0.30495452880859375
1871,F,120.0,132.02088928222656,131.8363037109375,12.020889282226562,11.8363037109375,0.1845855712890625
1872,M,120.0,118.06539916992188,122.89891052246094,1.934600830078125,2.8989105224609375,4.8335113525390625
1883,M,150.0,160.69236755371094,160.25416564941406,10.692367553710938,10.254165649414062,0.438201904296875
1896,F,94.0,96.94096374511719,97.15208435058594,2.9409637451171875,3.1520843505859375,0.21112060546875
1897,F,165.0,164.098388671875,165.27931213378906,0.901611328125,0.2793121337890625,1.1809234619140625
1899,M,136.0,158.0733184814453,158.6066436767578,22.073318481445312,22.606643676757812,0.5333251953125
1905,M,21.0,26.60272979736328,26.98400115966797,5.602729797363281,5.984001159667969,0.3812713623046875
1906,F,120.0,134.93954467773438,136.91189575195312,14.939544677734375,16.911895751953125,1.97235107421875
1907,F,88.0,100.50965118408203,100.20308685302734,12.509651184082031,12.203086853027344,0.3065643310546875
1913,M,156.0,155.02078247070312,151.22174072265625,0.979217529296875,4.77825927734375,3.799041748046875
1917,M,38.0,49.96403503417969,49.59967041015625,11.964035034179688,11.59967041015625,0.3643646240234375
1925,M,164.0,159.71583557128906,159.9546661376953,4.2841644287109375,4.0453338623046875,0.23883056640625
1928,M,137.0,116.938232421875,118.28145599365234,20.061767578125,18.718544006347656,1.3432235717773438
1933,M,189.0,197.63235473632812,198.97169494628906,8.632354736328125,9.971694946289062,1.3393402099609375
1935,M,156.0,152.36383056640625,152.4544219970703,3.63616943359375,3.5455780029296875,0.0905914306640625
1938,M,138.0,124.00749206542969,124.42227172851562,13.992507934570312,13.577728271484375,0.4147796630859375
1941,M,72.0,78.21989440917969,78.66109466552734,6.2198944091796875,6.661094665527344,0.44120025634765625
1943,M,204.0,198.87222290039062,199.66290283203125,5.127777099609375,4.33709716796875,0.790679931640625
1948,F,84.0,87.05094909667969,86.50776672363281,3.0509490966796875,2.5077667236328125,0.543182373046875
1951,M,168.0,164.87716674804688,165.34498596191406,3.122833251953125,2.6550140380859375,0.4678192138671875
1955,F,106.0,119.95893096923828,121.26806640625,13.958930969238281,15.26806640625,1.3091354370117188
1957,F,150.0,137.88818359375,139.28347778320312,12.11181640625,10.716522216796875,1.395294189453125
1967,F,117.0,111.03450012207031,111.38526916503906,5.9654998779296875,5.6147308349609375,0.35076904296875
1969,M,138.0,108.38650512695312,109.23150634765625,29.613494873046875,28.76849365234375,0.845001220703125
1971,F,24.0,22.951446533203125,23.18621063232422,1.048553466796875,0.8137893676757812,0.23476409912109375
1977,F,120.0,108.79017639160156,114.11516571044922,11.209823608398438,5.884834289550781,5.324989318847656
1980,F,90.0,79.81631469726562,78.92195129394531,10.183685302734375,11.078048706054688,0.8943634033203125
1982,M,198.0,194.84805297851562,193.28720092773438,3.151947021484375,4.712799072265625,1.56085205078125
1986,F,120.0,105.91876220703125,106.3199462890625,14.08123779296875,13.6800537109375,0.40118408203125
2002,F,106.0,102.58016204833984,104.00205993652344,3.4198379516601562,1.9979400634765625,1.4218978881835938
2010,F,24.0,20.138046264648438,19.990219116210938,3.8619537353515625,4.0097808837890625,0.1478271484375
2012,F,36.0,33.63462829589844,36.41844177246094,2.3653717041015625,0.4184417724609375,2.7838134765625
2020,M,172.0,167.9809112548828,170.45901489257812,4.0190887451171875,1.540985107421875,2.4781036376953125
2027,M,60.0,43.38323211669922,42.53350830078125,16.61676788330078,17.46649169921875,0.8497238159179688
2031,M,108.0,127.47238159179688,124.69000244140625,19.472381591796875,16.69000244140625,2.782379150390625
2040,M,168.0,170.36241149902344,171.45590209960938,2.3624114990234375,3.455902099609375,1.0934906005859375
2053,M,132.0,113.14421081542969,113.2647705078125,18.855789184570312,18.7352294921875,0.1205596923828125
2074,F,113.0,82.52033996582031,83.15277862548828,30.479660034179688,29.84722137451172,0.6324386596679688
2085,M,132.0,105.50221252441406,104.20488739013672,26.497787475585938,27.79511260986328,1.2973251342773438
2087,M,84.0,69.33457946777344,69.43162536621094,14.665420532226562,14.568374633789062,0.0970458984375
2093,M,138.0,133.21697998046875,131.52182006835938,4.78302001953125,6.478179931640625,1.695159912109375
2094,F,106.0,108.2220230102539,107.759521484375,2.2220230102539062,1.759521484375,0.46250152587890625
2095,M,168.0,164.2550048828125,164.48190307617188,3.7449951171875,3.518096923828125,0.226898193359375
2097,M,69.0,63.804901123046875,64.6068344116211,5.195098876953125,4.393165588378906,0.8019332885742188
2100,F,113.0,92.50483703613281,91.46913146972656,20.495162963867188,21.530868530273438,1.03570556640625
2111,M,162.0,154.10107421875,153.45945739746094,7.89892578125,8.540542602539062,0.6416168212890625
2112,M,159.0,166.1498260498047,166.3212890625,7.1498260498046875,7.3212890625,0.1714630126953125
2114,M,120.0,150.77056884765625,149.99392700195312,30.77056884765625,29.993927001953125,0.776641845703125
2119,M,138.0,139.44419860839844,136.5907440185547,1.4441986083984375,1.4092559814453125,2.85345458984375
2123,M,214.0,159.436767578125,160.06150817871094,54.563232421875,53.93849182128906,0.6247406005859375
2137,F,136.0,129.29379272460938,129.4082794189453,6.706207275390625,6.5917205810546875,0.1144866943359375
2141,M,150.0,153.72364807128906,153.22650146484375,3.7236480712890625,3.22650146484375,0.4971466064453125
2148,F,140.0,102.91576385498047,103.08802795410156,37.08423614501953,36.91197204589844,0.17226409912109375
2150,M,156.0,157.11697387695312,157.26702880859375,1.116973876953125,1.26702880859375,0.150054931640625
2155,F,132.0,139.87979125976562,140.66575622558594,7.879791259765625,8.665756225585938,0.7859649658203125
2157,M,72.0,70.61549377441406,70.74362182617188,1.3845062255859375,1.256378173828125,0.1281280517578125
2175,M,28.0,31.8028564453125,31.531944274902344,3.8028564453125,3.5319442749023438,0.27091217041015625
2184,M,136.0,139.45115661621094,139.1937255859375,3.4511566162109375,3.1937255859375,0.2574310302734375
2188,M,168.0,162.65951538085938,164.40444946289062,5.340484619140625,3.595550537109375,1.74493408203125
2192,F,132.0,135.26998901367188,134.8137969970703,3.269989013671875,2.8137969970703125,0.4561920166015625
2195,M,96.0,81.40501403808594,81.00172424316406,14.594985961914062,14.998275756835938,0.403289794921875
2200,F,132.0,133.6373748779297,131.13352966308594,1.6373748779296875,0.8664703369140625,2.50384521484375
2203,M,180.0,174.96768188476562,175.59365844726562,5.032318115234375,4.406341552734375,0.6259765625
2210,M,150.0,132.6622314453125,132.8638458251953,17.3377685546875,17.136154174804688,0.2016143798828125
2222,M,72.0,97.63433837890625,99.7755355834961,25.63433837890625,27.775535583496094,2.1411972045898438
2226,F,82.0,86.11837768554688,86.94511413574219,4.118377685546875,4.9451141357421875,0.8267364501953125
2227,M,138.0,150.88790893554688,151.69606018066406,12.887908935546875,13.696060180664062,0.8081512451171875
2229,M,138.0,127.63837432861328,127.09557342529297,10.361625671386719,10.904426574707031,0.5428009033203125
2253,M,162.0,161.54525756835938,161.3136444091797,0.454742431640625,0.6863555908203125,0.2316131591796875
2255,F,144.0,138.9062957763672,138.06396484375,5.0937042236328125,5.93603515625,0.8423309326171875
2259,F,18.0,14.315116882324219,13.649253845214844,3.6848831176757812,4.350746154785156,0.665863037109375
2269,F,144.0,147.1264190673828,148.14842224121094,3.1264190673828125,4.1484222412109375,1.022003173828125
2271,F,137.0,123.32386779785156,124.4427719116211,13.676132202148438,12.557228088378906,1.1189041137695312
2273,M,156.0,158.66961669921875,157.07960510253906,2.66961669921875,1.0796051025390625,1.5900115966796875
2274,M,132.0,129.96604919433594,131.74667358398438,2.0339508056640625,0.253326416015625,1.7806243896484375
2297,M,162.0,162.40228271484375,162.77914428710938,0.40228271484375,0.779144287109375,0.376861572265625
2303,F,144.0,136.6110382080078,137.9378662109375,7.3889617919921875,6.0621337890625,1.3268280029296875
2310,M,168.0,160.994873046875,161.2221221923828,7.005126953125,6.7778778076171875,0.2272491455078125
2317,F,106.0,109.00694274902344,110.0134506225586,3.0069427490234375,4.013450622558594,1.0065078735351562
2318,M,106.0,114.76100158691406,115.08720397949219,8.761001586914062,9.087203979492188,0.326202392578125
2325,M,36.0,50.29728698730469,53.46549987792969,14.297286987304688,17.465499877929688,3.168212890625
2327,M,54.0,85.71424865722656,81.09676361083984,31.714248657226562,27.096763610839844,4.617485046386719
2330,F,174.0,172.62281799316406,174.08273315429688,1.3771820068359375,0.082733154296875,1.4599151611328125
2339,M,186.0,183.04624938964844,183.82522583007812,2.9537506103515625,2.174774169921875,0.7789764404296875
2343,M,132.0,131.1909942626953,130.37222290039062,0.8090057373046875,1.627777099609375,0.8187713623046875
2346,F,180.0,178.71295166015625,179.04067993164062,1.28704833984375,0.959320068359375,0.327728271484375
2348,M,168.0,158.86012268066406,160.60055541992188,9.139877319335938,7.399444580078125,1.7404327392578125
2353,F,50.0,55.21887969970703,55.57563018798828,5.218879699707031,5.575630187988281,0.35675048828125
2354,F,180.0,181.69818115234375,182.40353393554688,1.69818115234375,2.403533935546875,0.705352783203125
2359,F,174.0,174.6236572265625,174.54046630859375,0.6236572265625,0.54046630859375,0.08319091796875
2366,M,168.0,172.82786560058594,172.9563751220703,4.8278656005859375,4.9563751220703125,0.128509521484375
2367,F,180.0,177.7552490234375,179.191162109375,2.2447509765625,0.808837890625,1.4359130859375
2371,M,168.0,165.25531005859375,166.7019500732422,2.74468994140625,1.2980499267578125,1.4466400146484375
2375,F,180.0,177.89205932617188,178.84349060058594,2.107940673828125,1.1565093994140625,0.9514312744140625
2382,M,120.0,122.72329711914062,124.63056945800781,2.723297119140625,4.6305694580078125,1.9072723388671875
2393,M,168.0,160.480224609375,159.50721740722656,7.519775390625,8.492782592773438,0.9730072021484375
2411,M,168.0,165.904541015625,165.86314392089844,2.095458984375,2.1368560791015625,0.0413970947265625
2417,M,156.0,153.56008911132812,154.10128784179688,2.439910888671875,1.898712158203125,0.54119873046875
2421,F,192.0,186.19813537597656,186.50149536132812,5.8018646240234375,5.498504638671875,0.3033599853515625
2424,F,69.0,68.71678161621094,68.70059204101562,0.2832183837890625,0.299407958984375,0.0161895751953125
2429,F,168.0,170.92462158203125,170.8873291015625,2.92462158203125,2.8873291015625,0.03729248046875
2433,M,168.0,168.4508514404297,168.7211151123047,0.4508514404296875,0.7211151123046875,0.270263671875
2438,M,150.0,141.4318389892578,142.86065673828125,8.568161010742188,7.13934326171875,1.4288177490234375
2442,F,168.0,167.36474609375,166.83810424804688,0.63525390625,1.161895751953125,0.526641845703125
2445,M,156.0,156.41485595703125,155.94227600097656,0.41485595703125,0.0577239990234375,0.4725799560546875
2449,F,180.0,177.67288208007812,177.70684814453125,2.327117919921875,2.29315185546875,0.033966064453125
2467,M,186.0,181.61988830566406,181.92970275878906,4.3801116943359375,4.0702972412109375,0.309814453125
2468,F,106.0,124.26167297363281,125.24444580078125,18.261672973632812,19.24444580078125,0.9827728271484375
2476,M,132.0,137.21839904785156,137.43821716308594,5.2183990478515625,5.4382171630859375,0.219818115234375
2482,M,120.0,109.11393737792969,107.96939849853516,10.886062622070312,12.030601501464844,1.1445388793945312
2496,M,168.0,162.81631469726562,162.61770629882812,5.183685302734375,5.382293701171875,0.1986083984375
2497,M,90.0,103.65339660644531,109.31035614013672,13.653396606445312,19.31035614013672,5.656959533691406
2500,M,194.0,201.04034423828125,200.80462646484375,7.04034423828125,6.80462646484375,0.2357177734375
2502,M,132.0,126.66748809814453,120.67001342773438,5.332511901855469,11.329986572265625,5.997474670410156
2515,M,150.0,158.7701416015625,158.74850463867188,8.7701416015625,8.748504638671875,0.021636962890625
2516,F,162.0,160.51141357421875,160.40769958496094,1.48858642578125,1.5923004150390625,0.1037139892578125
2517,F,192.0,180.78155517578125,181.42425537109375,11.21844482421875,10.57574462890625,0.6427001953125
2525,M,144.0,152.59246826171875,152.33580017089844,8.59246826171875,8.335800170898438,0.2566680908203125
2529,M,168.0,175.4670867919922,177.76368713378906,7.4670867919921875,9.763687133789062,2.296600341796875
2532,F,192.0,177.5542755126953,176.08128356933594,14.445724487304688,15.918716430664062,1.472991943359375
2540,M,168.0,161.88107299804688,161.9571990966797,6.118927001953125,6.0428009033203125,0.0761260986328125
2545,M,192.0,177.90713500976562,177.99514770507812,14.092864990234375,14.004852294921875,0.0880126953125
2547,F,132.0,124.38116455078125,124.32050323486328,7.61883544921875,7.679496765136719,0.06066131591796875
2550,F,24.0,15.989593505859375,15.599571228027344,8.010406494140625,8.400428771972656,0.39002227783203125
2562,F,168.0,176.2383270263672,177.57467651367188,8.238327026367188,9.574676513671875,1.3363494873046875
2563,M,150.0,158.5410919189453,157.16299438476562,8.541091918945312,7.162994384765625,1.3780975341796875
2564,M,138.0,148.27902221679688,147.92620849609375,10.279022216796875,9.92620849609375,0.352813720703125
2579,M,156.0,156.85751342773438,158.34988403320312,0.857513427734375,2.349884033203125,1.49237060546875
2588,M,12.0,17.524757385253906,17.93262481689453,5.524757385253906,5.932624816894531,0.407867431640625
2595,F,132.0,133.49281311035156,132.5240478515625,1.4928131103515625,0.5240478515625,0.9687652587890625
2611,M,156.0,155.0906524658203,154.40817260742188,0.9093475341796875,1.591827392578125,0.6824798583984375
2613,M,150.0,146.88621520996094,147.03045654296875,3.1137847900390625,2.96954345703125,0.1442413330078125
2614,M,138.0,149.0981903076172,148.9886932373047,11.098190307617188,10.988693237304688,0.1094970703125
2615,F,106.0,107.57864379882812,105.74028015136719,1.578643798828125,0.2597198486328125,1.8383636474609375
2621,F,180.0,177.97398376464844,178.3056640625,2.0260162353515625,1.6943359375,0.3316802978515625
2622,M,42.0,40.9554443359375,40.9949951171875,1.0445556640625,1.0050048828125,0.03955078125
2627,M,180.0,176.38426208496094,179.8183135986328,3.6157379150390625,0.1816864013671875,3.434051513671875
2638,M,168.0,165.04208374023438,165.72000122070312,2.957916259765625,2.279998779296875,0.67791748046875
2641,M,96.0,94.34442138671875,91.87254333496094,1.65557861328125,4.1274566650390625,2.4718780517578125
2644,F,144.0,138.90542602539062,139.17239379882812,5.094573974609375,4.827606201171875,0.2669677734375
2656,F,168.0,170.9365692138672,171.49212646484375,2.9365692138671875,3.49212646484375,0.5555572509765625
2658,F,180.0,179.79652404785156,179.6378631591797,0.2034759521484375,0.3621368408203125,0.158660888671875
2671,M,132.0,119.19470977783203,120.90602111816406,12.805290222167969,11.093978881835938,1.7113113403320312
2674,F,180.0,173.20361328125,174.37350463867188,6.79638671875,5.626495361328125,1.169891357421875
2677,F,180.0,162.6788330078125,163.42662048339844,17.3211669921875,16.573379516601562,0.7477874755859375
2684,M,192.0,190.53866577148438,190.19430541992188,1.461334228515625,1.805694580078125,0.3443603515625
2687,F,82.0,79.5338363647461,79.55743408203125,2.4661636352539062,2.44256591796875,0.02359771728515625
2691,M,186.0,184.376220703125,184.17471313476562,1.623779296875,1.825286865234375,0.201507568359375
2693,M,180.0,176.10549926757812,175.64064025878906,3.894500732421875,4.3593597412109375,0.4648590087890625
2697,M,42.0,49.150062561035156,50.50032043457031,7.150062561035156,8.500320434570312,1.3502578735351562
2700,F,132.0,134.12295532226562,133.94314575195312,2.122955322265625,1.943145751953125,0.1798095703125
2709,M,48.0,44.86717987060547,46.21906280517578,3.1328201293945312,1.7809371948242188,1.3518829345703125
2710,M,132.0,130.95709228515625,131.0620880126953,1.04290771484375,0.9379119873046875,0.1049957275390625
2722,F,75.0,85.7371826171875,86.76264190673828,10.7371826171875,11.762641906738281,1.0254592895507812
2723,F,180.0,180.86355590820312,181.55670166015625,0.863555908203125,1.55670166015625,0.693145751953125
2728,F,132.0,133.88668823242188,133.38983154296875,1.886688232421875,1.38983154296875,0.496856689453125
2729,F,162.0,143.40325927734375,142.9119873046875,18.59674072265625,19.0880126953125,0.49127197265625
2731,M,216.0,203.0880126953125,203.71652221679688,12.9119873046875,12.283477783203125,0.628509521484375
2732,M,186.0,183.09410095214844,183.01651000976562,2.9058990478515625,2.983489990234375,0.0775909423828125
2737,F,192.0,184.34368896484375,181.39955139160156,7.65631103515625,10.600448608398438,2.9441375732421875
2740,M,156.0,154.4621124267578,153.9596710205078,1.5378875732421875,2.0403289794921875,0.50244140625
2741,F,113.0,121.74514770507812,121.11872863769531,8.745147705078125,8.118728637695312,0.6264190673828125
2742,M,138.0,135.74517822265625,136.2484130859375,2.25482177734375,1.7515869140625,0.50323486328125
2752,F,94.0,96.36221313476562,97.44937896728516,2.362213134765625,3.4493789672851562,1.0871658325195312
2762,F,156.0,158.3603973388672,159.52565002441406,2.3603973388671875,3.5256500244140625,1.165252685546875
2782,F,156.0,132.90194702148438,132.23512268066406,23.098052978515625,23.764877319335938,0.6668243408203125
2786,F,106.0,123.84506225585938,124.00519561767578,17.845062255859375,18.00519561767578,0.16013336181640625
2794,M,186.0,184.0843505859375,184.23748779296875,1.9156494140625,1.76251220703125,0.15313720703125
2799,M,198.0,198.18447875976562,197.91603088378906,0.184478759765625,0.0839691162109375,0.2684478759765625
2823,F,174.0,159.08349609375,159.4538116455078,14.91650390625,14.546188354492188,0.3703155517578125
2827,F,156.0,144.5257568359375,146.5320587158203,11.4742431640625,9.467941284179688,2.0063018798828125
2828,M,108.0,107.063720703125,104.81478881835938,0.936279296875,3.185211181640625,2.248931884765625
2830,M,165.0,172.79080200195312,174.13394165039062,7.790802001953125,9.133941650390625,1.3431396484375
2837,F,114.0,125.10425567626953,125.62979888916016,11.104255676269531,11.629798889160156,0.525543212890625
2839,F,120.0,109.6019287109375,110.10044860839844,10.3980712890625,9.899551391601562,0.4985198974609375
2846,M,108.0,92.54911804199219,93.97516632080078,15.450881958007812,14.024833679199219,1.4260482788085938
2849,M,156.0,143.4424285888672,143.344970703125,12.557571411132812,12.655029296875,0.0974578857421875
2853,M,45.0,43.004905700683594,42.698028564453125,1.9950942993164062,2.301971435546875,0.30687713623046875
2855,M,72.0,66.50411987304688,69.86436462402344,5.495880126953125,2.1356353759765625,3.3602447509765625
2868,M,162.0,155.00450134277344,152.23036193847656,6.9954986572265625,9.769638061523438,2.774139404296875
2873,F,94.0,83.02308654785156,84.99533081054688,10.976913452148438,9.004669189453125,1.9722442626953125
2878,F,168.0,147.84356689453125,150.9241943359375,20.15643310546875,17.0758056640625,3.08062744140625
2883,F,36.0,38.16300964355469,38.92217254638672,2.1630096435546875,2.9221725463867188,0.7591629028320312
2884,M,72.0,82.6630859375,82.43223571777344,10.6630859375,10.432235717773438,0.2308502197265625
2887,M,24.0,35.58892822265625,33.58983612060547,11.58892822265625,9.589836120605469,1.9990921020507812
2889,M,162.0,166.7957763671875,167.7234649658203,4.7957763671875,5.7234649658203125,0.9276885986328125
2895,M,120.0,112.34245300292969,113.52027130126953,7.6575469970703125,6.479728698730469,1.1778182983398438
2897,M,108.0,124.53458404541016,125.59662628173828,16.534584045410156,17.59662628173828,1.062042236328125
2917,F,132.0,130.68589782714844,131.06849670410156,1.3141021728515625,0.9315032958984375,0.382598876953125
2918,M,156.0,150.29632568359375,151.93421936035156,5.70367431640625,4.0657806396484375,1.6378936767578125
2929,M,192.0,189.9701385498047,189.71913146972656,2.0298614501953125,2.2808685302734375,0.251007080078125
2938,M,180.0,179.60662841796875,179.80709838867188,0.39337158203125,0.192901611328125,0.200469970703125
2958,M,168.0,164.8197021484375,164.64434814453125,3.1802978515625,3.35565185546875,0.17535400390625
2962,M,54.0,96.57003021240234,105.64302825927734,42.570030212402344,51.643028259277344,9.072998046875
2963,F,120.0,127.06851196289062,127.9187240600586,7.068511962890625,7.918724060058594,0.8502120971679688
2964,F,69.0,75.23052978515625,77.40569305419922,6.23052978515625,8.405693054199219,2.1751632690429688
2965,M,32.0,32.160850524902344,32.54431915283203,0.16085052490234375,0.5443191528320312,0.3834686279296875
2970,M,147.0,149.72398376464844,149.74691772460938,2.7239837646484375,2.746917724609375,0.0229339599609375
2975,M,186.0,185.426025390625,185.98941040039062,0.573974609375,0.010589599609375,0.563385009765625
2979,M,168.0,167.96533203125,170.068115234375,0.03466796875,2.068115234375,2.102783203125
2984,M,162.0,156.0891876220703,156.7623748779297,5.9108123779296875,5.2376251220703125,0.673187255859375
2987,M,150.0,139.39157104492188,139.6942138671875,10.608428955078125,10.3057861328125,0.302642822265625
2994,M,138.0,140.427734375,140.65261840820312,2.427734375,2.652618408203125,0.224884033203125
3000,M,180.0,175.39874267578125,176.11097717285156,4.60125732421875,3.8890228271484375,0.7122344970703125
3003,F,126.0,137.7207489013672,137.94110107421875,11.720748901367188,11.94110107421875,0.2203521728515625
3004,M,168.0,164.8142852783203,164.6235809326172,3.1857147216796875,3.3764190673828125,0.190704345703125
3025,M,138.0,116.43680572509766,115.52389526367188,21.563194274902344,22.476104736328125,0.9129104614257812
3027,F,120.0,127.55140686035156,127.3536605834961,7.5514068603515625,7.353660583496094,0.19774627685546875
3032,M,162.0,160.13243103027344,160.13418579101562,1.8675689697265625,1.865814208984375,0.0017547607421875
3034,F,113.0,121.34495544433594,121.51760864257812,8.344955444335938,8.517608642578125,0.1726531982421875
3042,F,106.0,99.62051391601562,99.01008605957031,6.379486083984375,6.9899139404296875,0.6104278564453125
3043,M,156.0,150.51763916015625,151.89004516601562,5.48236083984375,4.109954833984375,1.372406005859375
3049,M,54.0,59.98290252685547,60.618995666503906,5.982902526855469,6.618995666503906,0.6360931396484375
3060,M,96.0,121.37698364257812,120.30049896240234,25.376983642578125,24.300498962402344,1.0764846801757812
3064,M,162.0,151.05343627929688,148.51588439941406,10.946563720703125,13.484115600585938,2.5375518798828125
3071,M,186.0,184.53073120117188,184.03736877441406,1.469268798828125,1.9626312255859375,0.4933624267578125
3072,F,162.0,157.8780975341797,158.25704956054688,4.1219024658203125,3.742950439453125,0.3789520263671875
3073,M,168.0,167.53993225097656,164.58352661132812,0.4600677490234375,3.416473388671875,2.9564056396484375
3074,F,120.0,100.34579467773438,100.84992218017578,19.654205322265625,19.15007781982422,0.5041275024414062
3075,F,94.0,88.3647689819336,87.92537689208984,5.635231018066406,6.074623107910156,0.43939208984375
3086,M,132.0,132.19627380371094,132.72462463378906,0.1962738037109375,0.7246246337890625,0.528350830078125
3090,M,168.0,169.90118408203125,172.61390686035156,1.90118408203125,4.6139068603515625,2.7127227783203125
3095,M,108.0,98.45526123046875,98.18456268310547,9.54473876953125,9.815437316894531,0.27069854736328125
3105,M,108.0,111.96205139160156,111.5380859375,3.9620513916015625,3.5380859375,0.4239654541015625
3114,M,168.0,174.66400146484375,177.5522003173828,6.66400146484375,9.552200317382812,2.8881988525390625
3116,F,50.0,63.26611328125,62.69158172607422,13.26611328125,12.691581726074219,0.5745315551757812
3127,M,159.0,162.72947692871094,162.68858337402344,3.7294769287109375,3.6885833740234375,0.0408935546875
3128,M,108.0,127.17218017578125,128.1520233154297,19.17218017578125,20.152023315429688,0.9798431396484375
3129,M,132.0,141.85671997070312,138.6866455078125,9.856719970703125,6.6866455078125,3.170074462890625
3132,M,162.0,161.09445190429688,161.96240234375,0.905548095703125,0.03759765625,0.867950439453125
3146,M,165.0,163.85443115234375,165.85794067382812,1.14556884765625,0.857940673828125,2.003509521484375
3150,F,120.0,134.50576782226562,134.630126953125,14.505767822265625,14.630126953125,0.124359130859375
3152,F,162.0,153.26809692382812,151.40464782714844,8.731903076171875,10.595352172851562,1.8634490966796875
3161,M,168.0,158.45758056640625,159.76779174804688,9.54241943359375,8.232208251953125,1.310211181640625
3164,M,82.0,75.335205078125,74.46180725097656,6.664794921875,7.5381927490234375,0.8733978271484375
3167,M,156.0,161.90545654296875,161.40994262695312,5.90545654296875,5.409942626953125,0.495513916015625
3169,M,120.0,116.84007263183594,115.25897216796875,3.1599273681640625,4.74102783203125,1.5811004638671875
3170,F,36.0,36.863861083984375,35.844459533691406,0.863861083984375,0.15554046630859375,1.0194015502929688
3171,M,138.0,126.53858947753906,124.68872833251953,11.461410522460938,13.311271667480469,1.8498611450195312
3172,F,82.0,90.68336486816406,89.65744018554688,8.683364868164062,7.657440185546875,1.0259246826171875
3173,M,124.0,115.73526000976562,114.14059448242188,8.264739990234375,9.859405517578125,1.59466552734375
3175,F,94.0,95.24083709716797,95.10189819335938,1.2408370971679688,1.101898193359375,0.13893890380859375
3177,M,180.0,175.07122802734375,175.986328125,4.92877197265625,4.013671875,0.91510009765625
3178,M,204.0,199.7101287841797,200.10302734375,4.2898712158203125,3.89697265625,0.3928985595703125
3179,M,192.0,182.4786834716797,182.93185424804688,9.521316528320312,9.068145751953125,0.4531707763671875
3181,M,189.0,188.3804473876953,189.02371215820312,0.6195526123046875,0.023712158203125,0.6432647705078125
3186,M,180.0,175.9938507080078,177.7833709716797,4.0061492919921875,2.2166290283203125,1.789520263671875
3189,M,204.0,208.97711181640625,210.2000274658203,4.97711181640625,6.2000274658203125,1.2229156494140625
3192,M,192.0,202.05934143066406,203.9306640625,10.059341430664062,11.9306640625,1.8713226318359375
3198,M,141.0,142.01031494140625,141.02951049804688,1.01031494140625,0.029510498046875,0.980804443359375
3207,M,180.0,199.10104370117188,199.7481689453125,19.101043701171875,19.7481689453125,0.647125244140625
3214,M,196.0,196.02011108398438,196.42596435546875,0.020111083984375,0.42596435546875,0.405853271484375
3216,F,132.0,140.36106872558594,140.7043914794922,8.361068725585938,8.704391479492188,0.34332275390625
3217,M,150.0,150.29335021972656,150.8128662109375,0.2933502197265625,0.8128662109375,0.5195159912109375
3218,F,165.0,165.3649444580078,166.60366821289062,0.3649444580078125,1.603668212890625,1.2387237548828125
3236,M,165.0,164.74673461914062,164.1541748046875,0.253265380859375,0.8458251953125,0.592559814453125
3237,F,174.0,171.17543029785156,172.1073760986328,2.8245697021484375,1.8926239013671875,0.93194580078125
3242,M,204.0,203.48056030273438,203.25094604492188,0.519439697265625,0.749053955078125,0.2296142578125
3244,F,156.0,131.2458953857422,132.1298370361328,24.754104614257812,23.870162963867188,0.883941650390625
3246,M,198.0,197.46392822265625,197.54229736328125,0.53607177734375,0.45770263671875,0.078369140625
3251,M,162.0,153.2248992919922,154.7530975341797,8.775100708007812,7.2469024658203125,1.5281982421875
3256,F,94.0,101.40487670898438,101.88374328613281,7.404876708984375,7.8837432861328125,0.4788665771484375
3264,M,150.0,160.05648803710938,159.64051818847656,10.056488037109375,9.640518188476562,0.4159698486328125
3271,M,160.0,131.98219299316406,133.3984375,28.017807006835938,26.6015625,1.4162445068359375
3272,M,66.0,67.06385803222656,66.49120330810547,1.0638580322265625,0.49120330810546875,0.5726547241210938
3285,F,192.0,171.8697509765625,173.16783142089844,20.1302490234375,18.832168579101562,1.2980804443359375
3288,M,162.0,159.48260498046875,159.27682495117188,2.51739501953125,2.723175048828125,0.205780029296875
3300,M,156.0,140.98193359375,144.41290283203125,15.01806640625,11.58709716796875,3.43096923828125
3305,M,60.0,81.07848358154297,80.98973083496094,21.07848358154297,20.989730834960938,0.08875274658203125
3318,F,168.0,176.6857452392578,177.30325317382812,8.685745239257812,9.303253173828125,0.6175079345703125
3321,M,162.0,155.68788146972656,155.35818481445312,6.3121185302734375,6.641815185546875,0.3296966552734375
3323,M,168.0,172.4398651123047,173.8128662109375,4.4398651123046875,5.8128662109375,1.3730010986328125
3325,F,18.0,8.266181945800781,9.833984375,9.733818054199219,8.166015625,1.5678024291992188
3331,M,183.0,198.92550659179688,198.89236450195312,15.925506591796875,15.892364501953125,0.03314208984375
3335,F,168.0,173.97088623046875,174.83407592773438,5.97088623046875,6.834075927734375,0.863189697265625
3338,M,114.0,120.14430236816406,122.0091781616211,6.1443023681640625,8.009178161621094,1.8648757934570312
3342,M,156.0,159.9874725341797,160.4859161376953,3.9874725341796875,4.4859161376953125,0.498443603515625
3343,F,156.0,163.76597595214844,164.8889923095703,7.7659759521484375,8.888992309570312,1.123016357421875
3346,M,150.0,153.83828735351562,152.32098388671875,3.838287353515625,2.32098388671875,1.517303466796875
3347,M,186.0,183.788330078125,182.6505889892578,2.211669921875,3.3494110107421875,1.1377410888671875
3348,M,186.0,183.09173583984375,183.49168395996094,2.90826416015625,2.5083160400390625,0.3999481201171875
3351,M,120.0,125.84697723388672,127.23161315917969,5.846977233886719,7.2316131591796875,1.3846359252929688
3353,M,48.0,67.26175689697266,66.30140686035156,19.261756896972656,18.301406860351562,0.9603500366210938
3359,M,174.0,174.55604553222656,172.63258361816406,0.5560455322265625,1.3674163818359375,1.9234619140625
3370,F,42.0,37.37354278564453,40.07672119140625,4.626457214355469,1.92327880859375,2.7031784057617188
3372,M,156.0,155.80148315429688,155.82327270507812,0.198516845703125,0.176727294921875,0.02178955078125
3374,F,180.0,179.6997528076172,179.56105041503906,0.3002471923828125,0.4389495849609375,0.138702392578125
3375,F,156.0,161.88821411132812,160.08404541015625,5.888214111328125,4.08404541015625,1.804168701171875
3378,M,192.0,191.2334747314453,190.42803955078125,0.7665252685546875,1.57196044921875,0.8054351806640625
3380,F,106.0,102.76278686523438,104.08194732666016,3.237213134765625,1.9180526733398438,1.3191604614257812
3400,M,168.0,165.37344360351562,165.5827178955078,2.626556396484375,2.4172821044921875,0.2092742919921875
3407,M,170.0,161.50582885742188,161.52362060546875,8.494171142578125,8.47637939453125,0.017791748046875
3413,M,138.0,124.5115737915039,124.89576721191406,13.488426208496094,13.104232788085938,0.38419342041015625
3418,F,180.0,173.45924377441406,172.98727416992188,6.5407562255859375,7.012725830078125,0.4719696044921875
3423,F,180.0,174.37460327148438,173.4000701904297,5.625396728515625,6.5999298095703125,0.9745330810546875
3426,M,162.0,155.32431030273438,153.99623107910156,6.675689697265625,8.003768920898438,1.3280792236328125
3446,F,144.0,139.6945343017578,139.19960021972656,4.3054656982421875,4.8003997802734375,0.49493408203125
3451,F,162.0,139.68850708007812,140.04095458984375,22.311492919921875,21.95904541015625,0.352447509765625
3456,F,88.0,89.51756286621094,93.93048095703125,1.5175628662109375,5.93048095703125,4.4129180908203125
3459,M,118.0,129.2842559814453,127.72965240478516,11.284255981445312,9.729652404785156,1.5546035766601562
3464,F,180.0,174.4288787841797,174.34429931640625,5.5711212158203125,5.65570068359375,0.0845794677734375
3468,M,124.0,145.85107421875,146.97293090820312,21.85107421875,22.972930908203125,1.121856689453125
3469,F,132.0,137.9405975341797,138.7964324951172,5.9405975341796875,6.7964324951171875,0.8558349609375
3473,M,210.0,203.87973022460938,204.28662109375,6.120269775390625,5.71337890625,0.406890869140625
3477,M,20.0,28.1221923828125,26.503280639648438,8.1221923828125,6.5032806396484375,1.6189117431640625
3485,F,88.0,99.65333557128906,102.02120208740234,11.653335571289062,14.021202087402344,2.3678665161132812
3487,F,36.0,24.167755126953125,24.53217315673828,11.832244873046875,11.467826843261719,0.36441802978515625
3490,F,120.0,130.8238525390625,131.6293487548828,10.8238525390625,11.629348754882812,0.8054962158203125
3511,F,126.0,126.51947021484375,126.9480972290039,0.51947021484375,0.9480972290039062,0.42862701416015625
3515,F,180.0,179.8387451171875,182.33738708496094,0.1612548828125,2.3373870849609375,2.4986419677734375
3517,F,120.0,123.65606689453125,122.86759185791016,3.65606689453125,2.8675918579101562,0.7884750366210938
3518,M,72.0,73.84556579589844,73.48471069335938,1.8455657958984375,1.484710693359375,0.3608551025390625
3524,F,132.0,141.7830352783203,143.5342254638672,9.783035278320312,11.534225463867188,1.751190185546875
3528,M,32.0,25.248329162597656,20.111167907714844,6.751670837402344,11.888832092285156,5.1371612548828125
3529,M,176.0,175.97955322265625,174.7230224609375,0.02044677734375,1.2769775390625,1.25653076171875
3530,F,132.0,119.34222412109375,118.27427673339844,12.65777587890625,13.725723266601562,1.0679473876953125
3531,F,120.0,126.23104095458984,126.9895248413086,6.231040954589844,6.989524841308594,0.75848388671875
3543,M,162.0,171.79278564453125,171.76071166992188,9.79278564453125,9.760711669921875,0.032073974609375
3554,M,150.0,140.2145233154297,141.0888214111328,9.785476684570312,8.911178588867188,0.874298095703125
3556,M,162.0,158.91598510742188,157.0281219482422,3.084014892578125,4.9718780517578125,1.8878631591796875
3563,M,168.0,161.09207153320312,162.9691925048828,6.907928466796875,5.0308074951171875,1.8771209716796875
3564,F,132.0,122.79444885253906,122.76935577392578,9.205551147460938,9.230644226074219,0.02509307861328125
3566,F,120.0,131.5633087158203,127.29060363769531,11.563308715820312,7.2906036376953125,4.272705078125
3573,M,96.0,92.10899353027344,89.95516204833984,3.8910064697265625,6.044837951660156,2.1538314819335938
3593,F,82.0,76.24891662597656,76.94845581054688,5.7510833740234375,5.051544189453125,0.6995391845703125
3596,M,57.0,54.653297424316406,72.55738067626953,2.3467025756835938,15.557380676269531,17.904083251953125
3604,F,94.0,92.08505249023438,92.57896423339844,1.914947509765625,1.4210357666015625,0.4939117431640625
3611,M,162.0,176.5500030517578,177.06756591796875,14.550003051757812,15.06756591796875,0.5175628662109375
3613,M,60.0,68.28392028808594,77.32449340820312,8.283920288085938,17.324493408203125,9.040573120117188
3615,F,106.0,110.25090026855469,112.60181427001953,4.2509002685546875,6.601814270019531,2.3509140014648438
3618,M,162.0,158.2555389404297,158.66326904296875,3.7444610595703125,3.33673095703125,0.4077301025390625
3632,F,144.0,140.49310302734375,141.68392944335938,3.50689697265625,2.316070556640625,1.190826416015625
3639,F,150.0,154.52589416503906,154.74790954589844,4.5258941650390625,4.7479095458984375,0.222015380859375
3645,M,108.0,105.50312042236328,104.26455688476562,2.4968795776367188,3.735443115234375,1.2385635375976562
3651,F,180.0,178.62986755371094,179.25677490234375,1.3701324462890625,0.74322509765625,0.6269073486328125
3658,F,138.0,140.4547576904297,140.44039916992188,2.4547576904296875,2.440399169921875,0.0143585205078125
3670,M,192.0,199.41213989257812,200.47323608398438,7.412139892578125,8.473236083984375,1.06109619140625
3678,F,100.0,100.67598724365234,99.60749053955078,0.6759872436523438,0.39250946044921875,1.0684967041015625
3689,F,120.0,126.33968353271484,125.53095245361328,6.339683532714844,5.530952453613281,0.8087310791015625
3692,F,42.0,53.09339141845703,53.855377197265625,11.093391418457031,11.855377197265625,0.7619857788085938
3698,M,168.0,168.8142852783203,168.2712860107422,0.8142852783203125,0.2712860107421875,0.542999267578125
3707,F,144.0,136.30770874023438,137.49900817871094,7.692291259765625,6.5009918212890625,1.1912994384765625
3710,M,96.0,89.18621826171875,88.86620330810547,6.81378173828125,7.133796691894531,0.32001495361328125
3728,M,88.0,97.39032745361328,98.11302947998047,9.390327453613281,10.113029479980469,0.7227020263671875
3734,M,180.0,211.65187072753906,209.45840454101562,31.651870727539062,29.458404541015625,2.1934661865234375
3740,F,156.0,128.86817932128906,129.64414978027344,27.131820678710938,26.355850219726562,0.775970458984375
3741,M,168.0,166.07733154296875,167.57254028320312,1.92266845703125,0.427459716796875,1.495208740234375
3742,M,144.0,152.9699249267578,152.08155822753906,8.969924926757812,8.081558227539062,0.88836669921875
3745,M,150.0,156.71697998046875,156.8024139404297,6.71697998046875,6.8024139404296875,0.0854339599609375
3747,F,36.0,39.293983459472656,38.08070373535156,3.2939834594726562,2.0807037353515625,1.2132797241210938
3748,F,162.0,163.5186767578125,163.3968505859375,1.5186767578125,1.3968505859375,0.121826171875
3750,M,198.0,196.51571655273438,196.58499145507812,1.484283447265625,1.415008544921875,0.06927490234375
3764,M,54.0,47.65440368652344,46.891517639160156,6.3455963134765625,7.108482360839844,0.7628860473632812
3765,F,162.0,163.50889587402344,163.13624572753906,1.5088958740234375,1.1362457275390625,0.372650146484375
3767,M,114.0,111.41571044921875,111.94609069824219,2.58428955078125,2.0539093017578125,0.5303802490234375
3768,M,168.0,157.43185424804688,157.33682250976562,10.568145751953125,10.663177490234375,0.09503173828125
3777,M,189.0,199.95223999023438,200.5652313232422,10.952239990234375,11.565231323242188,0.6129913330078125
3791,M,120.0,121.6796875,124.27599334716797,1.6796875,4.275993347167969,2.5963058471679688
3799,M,168.0,161.11375427246094,162.57760620117188,6.8862457275390625,5.422393798828125,1.4638519287109375
3801,F,162.0,161.71778869628906,161.7613067626953,0.2822113037109375,0.2386932373046875,0.04351806640625
3815,F,216.0,187.16368103027344,187.00775146484375,28.836318969726562,28.99224853515625,0.1559295654296875
3816,F,132.0,120.62063598632812,123.40340423583984,11.379364013671875,8.596595764160156,2.7827682495117188
3820,M,36.0,58.494346618652344,55.349761962890625,22.494346618652344,19.349761962890625,3.1445846557617188
3823,F,18.0,13.732101440429688,13.946762084960938,4.2678985595703125,4.0532379150390625,0.21466064453125
3824,M,156.0,164.61192321777344,164.876953125,8.611923217773438,8.876953125,0.2650299072265625
3847,F,144.0,134.15524291992188,138.4657745361328,9.844757080078125,5.5342254638671875,4.3105316162109375
3855,M,51.0,60.700477600097656,62.571044921875,9.700477600097656,11.571044921875,1.8705673217773438
3873,M,156.0,159.13136291503906,161.550537109375,3.1313629150390625,5.550537109375,2.4191741943359375
3874,M,210.0,202.96078491210938,205.14849853515625,7.039215087890625,4.85150146484375,2.187713623046875
3877,F,126.0,117.25272369384766,115.83991241455078,8.747276306152344,10.160087585449219,1.412811279296875
3880,M,21.0,20.168060302734375,20.15772247314453,0.831939697265625,0.8422775268554688,0.01033782958984375
3881,M,132.0,137.811279296875,137.8352813720703,5.811279296875,5.8352813720703125,0.0240020751953125
3883,M,120.0,112.69901275634766,112.74559020996094,7.300987243652344,7.2544097900390625,0.04657745361328125
3886,F,82.0,86.10070037841797,84.092041015625,4.100700378417969,2.092041015625,2.0086593627929688
3900,M,212.0,209.3875274658203,213.15899658203125,2.6124725341796875,1.15899658203125,3.7714691162109375
3901,M,150.0,148.94696044921875,148.2410430908203,1.05303955078125,1.7589569091796875,0.7059173583984375
3908,F,106.0,122.61553192138672,123.14205169677734,16.61553192138672,17.142051696777344,0.526519775390625
3910,M,156.0,148.4198760986328,145.9399871826172,7.5801239013671875,10.060012817382812,2.479888916015625
3912,F,113.0,99.46096801757812,100.06588745117188,13.539031982421875,12.934112548828125,0.60491943359375
3913,M,84.0,86.13591766357422,85.37371826171875,2.1359176635742188,1.37371826171875,0.7621994018554688
3925,M,180.0,176.85740661621094,176.86398315429688,3.1425933837890625,3.136016845703125,0.0065765380859375
3929,M,84.0,100.31912231445312,97.89869689941406,16.319122314453125,13.898696899414062,2.4204254150390625
3936,M,183.0,187.97705078125,189.77806091308594,4.97705078125,6.7780609130859375,1.8010101318359375
3938,M,144.0,142.65576171875,140.9049530029297,1.34423828125,3.0950469970703125,1.7508087158203125
3958,M,120.0,157.41358947753906,156.8184051513672,37.41358947753906,36.81840515136719,0.595184326171875
3960,M,60.0,55.12743377685547,54.878562927246094,4.872566223144531,5.121437072753906,0.248870849609375
3963,F,156.0,148.81631469726562,148.34231567382812,7.183685302734375,7.657684326171875,0.4739990234375
3968,M,84.0,93.97944641113281,94.27780151367188,9.979446411132812,10.277801513671875,0.2983551025390625
3970,M,192.0,200.70025634765625,201.4200439453125,8.70025634765625,9.4200439453125,0.71978759765625
3975,M,168.0,182.7486572265625,182.64418029785156,14.7486572265625,14.644180297851562,0.1044769287109375
3976,F,106.0,109.73270416259766,110.55984497070312,3.7327041625976562,4.559844970703125,0.8271408081054688
3978,M,180.0,186.5690460205078,186.67745971679688,6.5690460205078125,6.677459716796875,0.1084136962890625
3983,M,18.0,19.57329559326172,19.571624755859375,1.5732955932617188,1.571624755859375,0.00167083740234375
3991,M,162.0,164.52691650390625,164.98886108398438,2.52691650390625,2.988861083984375,0.461944580078125
3994,M,51.0,56.039306640625,55.631500244140625,5.039306640625,4.631500244140625,0.407806396484375
4000,F,106.0,95.91161346435547,94.99066162109375,10.088386535644531,11.00933837890625,0.9209518432617188
4004,F,180.0,174.2481689453125,173.21351623535156,5.7518310546875,6.7864837646484375,1.0346527099609375
4008,F,106.0,101.36773681640625,101.62600708007812,4.63226318359375,4.373992919921875,0.258270263671875
4010,M,120.0,114.42076873779297,114.71316528320312,5.579231262207031,5.286834716796875,0.29239654541015625
4013,M,132.0,119.58475494384766,120.80744171142578,12.415245056152344,11.192558288574219,1.222686767578125
4014,M,132.0,133.53916931152344,130.6145477294922,1.5391693115234375,1.3854522705078125,2.92462158203125
4027,F,120.0,87.815673828125,87.30770111083984,32.184326171875,32.692298889160156,0.5079727172851562
4030,F,144.0,145.82273864746094,144.13955688476562,1.8227386474609375,0.139556884765625,1.6831817626953125
4034,F,94.0,109.5958251953125,109.42174530029297,15.5958251953125,15.421745300292969,0.17407989501953125
4036,M,150.0,149.77127075195312,150.82537841796875,0.228729248046875,0.82537841796875,1.054107666015625
4038,F,180.0,174.37081909179688,174.2975311279297,5.629180908203125,5.7024688720703125,0.0732879638671875
4042,M,204.0,201.49826049804688,202.72305297851562,2.501739501953125,1.276947021484375,1.22479248046875
4064,F,144.0,159.12721252441406,159.10299682617188,15.127212524414062,15.102996826171875,0.0242156982421875
4066,F,156.0,145.6798095703125,147.1822052001953,10.3201904296875,8.817794799804688,1.5023956298828125
4072,F,24.0,16.208450317382812,15.501380920410156,7.7915496826171875,8.498619079589844,0.7070693969726562
4083,F,180.0,164.40927124023438,164.37252807617188,15.590728759765625,15.627471923828125,0.0367431640625
4089,M,142.0,145.71612548828125,146.7007598876953,3.71612548828125,4.7007598876953125,0.9846343994140625
4090,M,96.0,109.21611022949219,110.55825805664062,13.216110229492188,14.558258056640625,1.3421478271484375
4106,F,144.0,137.0625457763672,136.94654846191406,6.9374542236328125,7.0534515380859375,0.115997314453125
4114,M,156.0,152.11175537109375,152.418212890625,3.88824462890625,3.581787109375,0.30645751953125
4137,F,164.0,168.92733764648438,169.32327270507812,4.927337646484375,5.323272705078125,0.39593505859375
4172,M,54.0,58.35560607910156,57.868309020996094,4.3556060791015625,3.8683090209960938,0.48729705810546875
4177,M,198.0,195.7652587890625,194.61773681640625,2.2347412109375,3.38226318359375,1.14752197265625
4184,M,204.0,210.24667358398438,204.1607666015625,6.246673583984375,0.1607666015625,6.085906982421875
4198,M,156.0,162.1713104248047,162.63400268554688,6.1713104248046875,6.634002685546875,0.4626922607421875
4204,M,132.0,118.43669891357422,128.72254943847656,13.563301086425781,3.2774505615234375,10.285850524902344
4205,M,132.0,135.82228088378906,138.39349365234375,3.8222808837890625,6.39349365234375,2.5712127685546875
4207,M,144.0,141.6631317138672,143.6505889892578,2.3368682861328125,0.3494110107421875,1.987457275390625
4208,F,168.0,168.35848999023438,168.9316864013672,0.358489990234375,0.9316864013671875,0.5731964111328125
4210,F,106.0,99.22400665283203,98.9609603881836,6.775993347167969,7.039039611816406,0.2630462646484375
4222,M,42.0,40.87413024902344,41.87638854980469,1.1258697509765625,0.1236114501953125,1.00225830078125
4225,M,150.0,142.83905029296875,142.20645141601562,7.16094970703125,7.793548583984375,0.632598876953125
4230,F,144.0,98.4307861328125,90.43473052978516,45.5692138671875,53.565269470214844,7.996055603027344
4233,M,156.0,160.25274658203125,159.70339965820312,4.25274658203125,3.703399658203125,0.549346923828125
4237,F,30.0,23.58440399169922,24.432785034179688,6.415596008300781,5.5672149658203125,0.8483810424804688
4238,M,150.0,151.93173217773438,150.94088745117188,1.931732177734375,0.940887451171875,0.9908447265625
4253,M,150.0,146.1051025390625,142.57176208496094,3.8948974609375,7.4282379150390625,3.5333404541015625
4262,M,153.0,155.72808837890625,156.02413940429688,2.72808837890625,3.024139404296875,0.296051025390625
4265,F,132.0,142.62539672851562,142.59371948242188,10.625396728515625,10.593719482421875,0.03167724609375
4268,M,162.0,162.65025329589844,162.5105743408203,0.6502532958984375,0.5105743408203125,0.139678955078125
4296,M,180.0,166.97286987304688,168.61595153808594,13.027130126953125,11.384048461914062,1.6430816650390625
4297,F,94.0,104.80844116210938,104.45660400390625,10.808441162109375,10.45660400390625,0.351837158203125
4299,M,150.0,167.31884765625,166.94667053222656,17.31884765625,16.946670532226562,0.3721771240234375
4301,M,54.0,60.37073516845703,63.81944274902344,6.370735168457031,9.819442749023438,3.4487075805664062
4302,M,159.0,155.06027221679688,153.30035400390625,3.939727783203125,5.69964599609375,1.759918212890625
4305,F,132.0,136.3231964111328,137.1572723388672,4.3231964111328125,5.1572723388671875,0.834075927734375
4306,F,132.0,129.4013214111328,125.71675109863281,2.5986785888671875,6.2832489013671875,3.6845703125
4311,F,156.0,152.7771759033203,155.26205444335938,3.2228240966796875,0.737945556640625,2.4848785400390625
4329,M,180.0,171.97862243652344,172.74252319335938,8.021377563476562,7.257476806640625,0.7639007568359375
4331,F,94.0,103.20601654052734,101.35337829589844,9.206016540527344,7.3533782958984375,1.8526382446289062
4340,F,174.0,191.2198486328125,190.48861694335938,17.2198486328125,16.488616943359375,0.731231689453125
4341,M,162.0,158.9322509765625,158.43333435058594,3.0677490234375,3.5666656494140625,0.4989166259765625
4344,M,162.0,159.47328186035156,160.24871826171875,2.5267181396484375,1.75128173828125,0.7754364013671875
4561,M,108.0,108.95198822021484,106.58738708496094,0.9519882202148438,1.4126129150390625,2.3646011352539062
4570,M,156.0,157.34967041015625,157.3035888671875,1.34967041015625,1.3035888671875,0.04608154296875
4573,F,72.0,85.75212097167969,85.7970962524414,13.752120971679688,13.797096252441406,0.04497528076171875
4574,F,132.0,115.44032287597656,114.27288055419922,16.559677124023438,17.72711944580078,1.1674423217773438
4586,F,36.0,33.446311950683594,33.262489318847656,2.5536880493164062,2.7375106811523438,0.1838226318359375
4591,F,120.0,125.8812255859375,126.22313690185547,5.8812255859375,6.223136901855469,0.34191131591796875
4592,M,138.0,118.98299407958984,118.35030364990234,19.017005920410156,19.649696350097656,0.6326904296875
4604,F,144.0,146.45245361328125,145.444091796875,2.45245361328125,1.444091796875,1.00836181640625
4605,F,106.0,123.9599838256836,128.14039611816406,17.959983825683594,22.140396118164062,4.180412292480469
4608,M,156.0,162.56759643554688,162.06431579589844,6.567596435546875,6.0643157958984375,0.5032806396484375
4627,M,144.0,135.36219787597656,135.16636657714844,8.637802124023438,8.833633422851562,0.195831298828125
4628,M,84.0,89.70278930664062,88.18711853027344,5.702789306640625,4.1871185302734375,1.5156707763671875
4630,F,60.0,68.2277603149414,68.77223205566406,8.227760314941406,8.772232055664062,0.5444717407226562
4635,M,78.0,102.63504791259766,104.79560089111328,24.635047912597656,26.79560089111328,2.160552978515625
4636,M,132.0,141.32138061523438,140.5953826904297,9.321380615234375,8.595382690429688,0.7259979248046875
4650,F,132.0,131.2608184814453,131.90921020507812,0.7391815185546875,0.090789794921875,0.6483917236328125
4660,M,156.0,161.67758178710938,161.55548095703125,5.677581787109375,5.55548095703125,0.122100830078125
4677,F,84.0,90.93190002441406,89.77052307128906,6.9319000244140625,5.7705230712890625,1.161376953125
4681,F,126.0,117.10664367675781,117.83548736572266,8.893356323242188,8.164512634277344,0.7288436889648438
4686,F,72.0,77.96855163574219,79.10270690917969,5.9685516357421875,7.1027069091796875,1.1341552734375
4695,F,132.0,131.82675170898438,130.02203369140625,0.173248291015625,1.97796630859375,1.804718017578125
4725,M,156.0,159.5089111328125,159.29708862304688,3.5089111328125,3.297088623046875,0.211822509765625
4727,F,132.0,129.48175048828125,129.49227905273438,2.51824951171875,2.507720947265625,0.010528564453125
4753,M,102.0,113.90780639648438,119.19059753417969,11.907806396484375,17.190597534179688,5.2827911376953125
4760,F,168.0,170.49530029296875,174.92965698242188,2.49530029296875,6.929656982421875,4.434356689453125
4762,F,156.0,160.54164123535156,159.70843505859375,4.5416412353515625,3.70843505859375,0.8332061767578125
4770,M,156.0,161.08139038085938,161.15208435058594,5.081390380859375,5.1520843505859375,0.0706939697265625
4774,M,72.0,80.36859130859375,80.23617553710938,8.36859130859375,8.236175537109375,0.132415771484375
4777,F,156.0,157.9925079345703,159.93614196777344,1.9925079345703125,3.9361419677734375,1.943634033203125
4779,F,156.0,165.9231719970703,166.9909210205078,9.923171997070312,10.990921020507812,1.0677490234375
4785,M,156.0,166.2231903076172,165.35533142089844,10.223190307617188,9.355331420898438,0.86785888671875
4788,F,55.0,53.03101348876953,57.651145935058594,1.9689865112304688,2.6511459350585938,4.6201324462890625
4790,F,156.0,164.493896484375,164.7116241455078,8.493896484375,8.711624145507812,0.2177276611328125
4796,M,153.0,144.86622619628906,144.3045654296875,8.133773803710938,8.6954345703125,0.5616607666015625
4798,F,106.0,114.04801177978516,116.17627716064453,8.048011779785156,10.176277160644531,2.128265380859375
4803,M,66.0,63.936588287353516,60.162940979003906,2.0634117126464844,5.837059020996094,3.7736473083496094
4824,M,180.0,180.02102661132812,178.6332550048828,0.021026611328125,1.3667449951171875,1.3877716064453125
4827,F,120.0,134.72103881835938,134.0614471435547,14.721038818359375,14.061447143554688,0.6595916748046875
4829,F,120.0,116.75122833251953,115.42662048339844,3.2487716674804688,4.5733795166015625,1.3246078491210938
4838,F,186.0,180.79513549804688,180.71629333496094,5.204864501953125,5.2837066650390625,0.0788421630859375
4841,F,132.0,135.96798706054688,135.80857849121094,3.967987060546875,3.8085784912109375,0.1594085693359375
4848,F,120.0,122.48674774169922,123.83314514160156,2.4867477416992188,3.8331451416015625,1.3463973999023438
4859,F,156.0,162.7321319580078,163.3372039794922,6.7321319580078125,7.3372039794921875,0.605072021484375
4860,M,96.0,97.89959716796875,98.05941772460938,1.89959716796875,2.059417724609375,0.159820556640625
4871,F,150.0,141.2733917236328,142.02508544921875,8.726608276367188,7.97491455078125,0.7516937255859375
4876,M,168.0,166.86952209472656,167.27801513671875,1.1304779052734375,0.72198486328125,0.4084930419921875
4883,F,48.0,49.481712341308594,52.53520202636719,1.4817123413085938,4.5352020263671875,3.0534896850585938
4885,M,96.0,111.31302642822266,112.21003723144531,15.313026428222656,16.210037231445312,0.8970108032226562
4893,M,156.0,166.38812255859375,169.01402282714844,10.38812255859375,13.014022827148438,2.6259002685546875
4895,M,96.0,107.85873413085938,108.09359741210938,11.858734130859375,12.093597412109375,0.23486328125
4899,F,60.0,83.13109588623047,82.7764892578125,23.13109588623047,22.7764892578125,0.35460662841796875
4902,F,84.0,88.46255493164062,88.94217681884766,4.462554931640625,4.942176818847656,0.47962188720703125
4905,F,106.0,112.00176239013672,112.20652770996094,6.001762390136719,6.2065277099609375,0.20476531982421875
4908,F,100.0,109.44805145263672,112.13862609863281,9.448051452636719,12.138626098632812,2.6905746459960938
4909,M,120.0,114.99403381347656,115.02163696289062,5.0059661865234375,4.978363037109375,0.0276031494140625
4922,F,156.0,146.08270263671875,145.4713592529297,9.91729736328125,10.528640747070312,0.6113433837890625
4925,F,84.0,95.21559143066406,94.06790161132812,11.215591430664062,10.067901611328125,1.1476898193359375
4946,M,120.0,120.08802795410156,122.13145446777344,0.0880279541015625,2.1314544677734375,2.043426513671875
4954,F,84.0,88.9296875,88.4469223022461,4.9296875,4.446922302246094,0.48276519775390625
4958,F,88.0,71.14752960205078,70.75584411621094,16.85247039794922,17.244155883789062,0.39168548583984375
4959,M,186.0,179.67234802246094,180.18911743164062,6.3276519775390625,5.810882568359375,0.5167694091796875
4961,M,72.0,62.37898254394531,61.02777099609375,9.621017456054688,10.97222900390625,1.3512115478515625
4965,F,156.0,161.22337341308594,161.7603302001953,5.2233734130859375,5.7603302001953125,0.536956787109375
4972,M,168.0,164.38211059570312,164.7063751220703,3.617889404296875,3.2936248779296875,0.3242645263671875
4977,M,120.0,113.36764526367188,112.40628051757812,6.632354736328125,7.593719482421875,0.96136474609375
4990,F,144.0,140.02163696289062,141.42962646484375,3.978363037109375,2.57037353515625,1.407989501953125
4997,F,84.0,95.13665008544922,95.97891235351562,11.136650085449219,11.978912353515625,0.8422622680664062
5008,M,156.0,163.75457763671875,163.41741943359375,7.75457763671875,7.41741943359375,0.337158203125
5009,F,144.0,138.2440185546875,139.8700714111328,5.7559814453125,4.1299285888671875,1.6260528564453125
5010,M,84.0,84.99642944335938,84.27716064453125,0.996429443359375,0.27716064453125,0.719268798828125
5012,M,168.0,170.98587036132812,170.0015869140625,2.985870361328125,2.0015869140625,0.984283447265625
5019,F,180.0,170.3270263671875,170.32180786132812,9.6729736328125,9.678192138671875,0.005218505859375
5021,M,159.0,157.1252899169922,158.03143310546875,1.8747100830078125,0.96856689453125,0.9061431884765625
5026,M,90.0,90.06982421875,90.15355682373047,0.06982421875,0.15355682373046875,0.08373260498046875
5031,M,168.0,166.0923614501953,166.32833862304688,1.9076385498046875,1.671661376953125,0.2359771728515625
5038,M,168.0,171.22604370117188,171.27554321289062,3.226043701171875,3.275543212890625,0.04949951171875
5045,M,72.0,71.77408599853516,72.44546508789062,0.22591400146484375,0.445465087890625,0.6713790893554688
5048,F,72.0,67.84489440917969,67.45228576660156,4.1551055908203125,4.5477142333984375,0.392608642578125
5054,M,144.0,156.73191833496094,155.51380920410156,12.731918334960938,11.513809204101562,1.218109130859375
5057,F,156.0,159.9513702392578,158.32223510742188,3.9513702392578125,2.322235107421875,1.6291351318359375
5064,M,168.0,160.04708862304688,160.24021911621094,7.952911376953125,7.7597808837890625,0.1931304931640625
5069,M,132.0,111.65444946289062,113.33882141113281,20.345550537109375,18.661178588867188,1.6843719482421875
5074,M,180.0,183.6317596435547,184.671142578125,3.6317596435546875,4.671142578125,1.0393829345703125
5081,F,144.0,135.2208709716797,136.8988037109375,8.779129028320312,7.1011962890625,1.6779327392578125
5082,M,156.0,151.58111572265625,151.99038696289062,4.41888427734375,4.009613037109375,0.409271240234375
5090,M,132.0,114.41217041015625,114.99192810058594,17.58782958984375,17.008071899414062,0.5797576904296875
5100,M,144.0,162.3919677734375,163.517333984375,18.3919677734375,19.517333984375,1.1253662109375
5104,M,120.0,119.33646392822266,120.42926025390625,0.6635360717773438,0.42926025390625,1.0927963256835938
5112,M,84.0,72.76095581054688,68.67652130126953,11.239044189453125,15.323478698730469,4.084434509277344
5113,M,156.0,153.65631103515625,153.57249450683594,2.34368896484375,2.4275054931640625,0.0838165283203125
5116,M,204.0,202.9851837158203,202.66015625,1.0148162841796875,1.33984375,0.3250274658203125
5121,M,120.0,103.88729095458984,103.85380554199219,16.112709045410156,16.146194458007812,0.03348541259765625
5131,M,108.0,110.69541931152344,109.61380767822266,2.6954193115234375,1.6138076782226562,1.0816116333007812
5146,F,94.0,98.03337097167969,98.45240783691406,4.0333709716796875,4.4524078369140625,0.419036865234375
5149,F,36.0,28.750274658203125,30.013259887695312,7.249725341796875,5.9867401123046875,1.2629852294921875
5150,M,174.0,171.8624725341797,174.03868103027344,2.1375274658203125,0.0386810302734375,2.17620849609375
5160,F,132.0,138.7687530517578,139.7591094970703,6.7687530517578125,7.7591094970703125,0.9903564453125
5161,F,132.0,139.56251525878906,141.37240600585938,7.5625152587890625,9.372406005859375,1.8098907470703125
5162,F,180.0,179.66014099121094,179.677978515625,0.3398590087890625,0.322021484375,0.0178375244140625
5167,M,132.0,129.13824462890625,129.8981475830078,2.86175537109375,2.1018524169921875,0.7599029541015625
5174,M,144.0,138.63314819335938,138.62709045410156,5.366851806640625,5.3729095458984375,0.0060577392578125
5175,M,180.0,184.91958618164062,184.0922393798828,4.919586181640625,4.0922393798828125,0.8273468017578125
5178,M,138.0,144.4966583251953,145.4340057373047,6.4966583251953125,7.4340057373046875,0.937347412109375
5186,M,144.0,145.6702423095703,144.20309448242188,1.6702423095703125,0.203094482421875,1.4671478271484375
5188,M,132.0,132.7537078857422,133.0811767578125,0.7537078857421875,1.0811767578125,0.3274688720703125
5200,F,156.0,162.20115661621094,162.09130859375,6.2011566162109375,6.09130859375,0.1098480224609375
5209,M,186.0,178.37399291992188,177.8802490234375,7.626007080078125,8.1197509765625,0.493743896484375
5212,M,144.0,153.9813995361328,153.20809936523438,9.981399536132812,9.208099365234375,0.7733001708984375
5214,F,72.0,78.92877197265625,79.1130142211914,6.92877197265625,7.113014221191406,0.18424224853515625
5216,M,96.0,95.07612609863281,96.20823669433594,0.9238739013671875,0.2082366943359375,1.132110595703125
5220,F,138.0,138.47360229492188,138.55276489257812,0.473602294921875,0.552764892578125,0.07916259765625
5223,M,108.0,99.11341857910156,99.90486145019531,8.886581420898438,8.095138549804688,0.79144287109375
5227,F,84.0,98.82074737548828,99.04954528808594,14.820747375488281,15.049545288085938,0.22879791259765625
5237,F,96.0,101.12337493896484,100.84422302246094,5.123374938964844,4.8442230224609375,0.27915191650390625
5239,M,96.0,74.65312194824219,74.59326171875,21.346878051757812,21.40673828125,0.0598602294921875
5240,F,60.0,66.23638153076172,66.12313842773438,6.236381530761719,6.123138427734375,0.11324310302734375
5255,F,94.0,101.40708923339844,101.27141571044922,7.4070892333984375,7.271415710449219,0.13567352294921875
5256,M,168.0,167.82997131347656,167.57650756835938,0.1700286865234375,0.423492431640625,0.2534637451171875
5269,M,168.0,169.2041473388672,168.55947875976562,1.2041473388671875,0.559478759765625,0.6446685791015625
5271,F,96.0,108.79911804199219,109.73699951171875,12.799118041992188,13.73699951171875,0.9378814697265625
5280,F,156.0,150.33763122558594,149.89144897460938,5.6623687744140625,6.108551025390625,0.4461822509765625
5283,M,156.0,159.29556274414062,158.7469024658203,3.295562744140625,2.7469024658203125,0.5486602783203125
5285,F,120.0,123.09497833251953,122.4453125,3.0949783325195312,2.4453125,0.6496658325195312
5296,F,96.0,97.19271850585938,97.06671142578125,1.192718505859375,1.06671142578125,0.126007080078125
5303,M,72.0,73.87705993652344,73.73786926269531,1.8770599365234375,1.7378692626953125,0.139190673828125
5309,M,156.0,162.81637573242188,163.83091735839844,6.816375732421875,7.8309173583984375,1.0145416259765625
5315,M,84.0,82.80783081054688,81.15274810791016,1.192169189453125,2.8472518920898438,1.6550827026367188
5317,F,132.0,135.33261108398438,134.7769775390625,3.332611083984375,2.7769775390625,0.555633544921875
5319,M,144.0,142.04876708984375,140.38710021972656,1.95123291015625,3.6128997802734375,1.6616668701171875
5326,F,96.0,123.13015747070312,123.76933288574219,27.130157470703125,27.769332885742188,0.6391754150390625
5327,M,156.0,157.53746032714844,156.34877014160156,1.5374603271484375,0.3487701416015625,1.188690185546875
5333,F,132.0,127.0296859741211,127.69428253173828,4.970314025878906,4.305717468261719,0.6645965576171875
5335,M,36.0,54.34046173095703,51.64177703857422,18.34046173095703,15.641777038574219,2.6986846923828125
5342,M,120.0,130.05767822265625,129.42445373535156,10.05767822265625,9.424453735351562,0.6332244873046875
5343,M,216.0,215.7964630126953,214.12391662597656,0.2035369873046875,1.8760833740234375,1.67254638671875
5355,F,147.0,149.3484344482422,149.03536987304688,2.3484344482421875,2.035369873046875,0.3130645751953125
5358,F,120.0,120.28771209716797,120.9930648803711,0.28771209716796875,0.9930648803710938,0.705352783203125
5359,F,94.0,100.87369537353516,101.52732849121094,6.873695373535156,7.5273284912109375,0.6536331176757812
5363,F,156.0,160.96556091308594,161.47268676757812,4.9655609130859375,5.472686767578125,0.5071258544921875
5364,F,84.0,89.79656219482422,89.07505798339844,5.796562194824219,5.0750579833984375,0.7215042114257812
5366,M,16.0,20.31414031982422,19.649520874023438,4.314140319824219,3.6495208740234375,0.6646194458007812
5368,M,132.0,156.02334594726562,155.16159057617188,24.023345947265625,23.161590576171875,0.86175537109375
5378,M,156.0,159.68246459960938,159.8094940185547,3.682464599609375,3.8094940185546875,0.1270294189453125
5387,M,204.0,191.51612854003906,193.5777587890625,12.483871459960938,10.4222412109375,2.0616302490234375
5393,M,132.0,128.97650146484375,128.7284698486328,3.02349853515625,3.2715301513671875,0.2480316162109375
5394,M,96.0,90.4002685546875,93.45028686523438,5.5997314453125,2.549713134765625,3.050018310546875
5395,M,228.0,217.07015991210938,216.9956512451172,10.929840087890625,11.004348754882812,0.0745086669921875
5416,M,198.0,202.23031616210938,203.37281799316406,4.230316162109375,5.3728179931640625,1.1425018310546875
5418,M,132.0,142.86790466308594,142.4628448486328,10.867904663085938,10.462844848632812,0.405059814453125
5420,F,216.0,193.93246459960938,194.28285217285156,22.067535400390625,21.717147827148438,0.3503875732421875
5427,F,144.0,152.8464813232422,151.17141723632812,8.846481323242188,7.171417236328125,1.6750640869140625
5434,M,132.0,146.50827026367188,145.49566650390625,14.508270263671875,13.49566650390625,1.012603759765625
5435,F,156.0,150.93972778320312,149.5619354248047,5.060272216796875,6.4380645751953125,1.3777923583984375
5436,F,144.0,155.46653747558594,155.52854919433594,11.466537475585938,11.528549194335938,0.06201171875
5447,M,180.0,183.1672821044922,183.41229248046875,3.1672821044921875,3.41229248046875,0.2450103759765625
5448,M,168.0,161.19247436523438,161.70370483398438,6.807525634765625,6.296295166015625,0.51123046875
5462,F,72.0,82.8765869140625,82.13206481933594,10.8765869140625,10.132064819335938,0.7445220947265625
5464,M,156.0,149.695068359375,149.73269653320312,6.304931640625,6.267303466796875,0.037628173828125
5474,F,156.0,150.28594970703125,152.67703247070312,5.71405029296875,3.322967529296875,2.391082763671875
5481,F,84.0,83.83853149414062,83.77383422851562,0.161468505859375,0.226165771484375,0.064697265625
5484,M,132.0,122.20585632324219,122.2344741821289,9.794143676757812,9.765525817871094,0.02861785888671875
5493,M,180.0,181.0608673095703,181.08831787109375,1.0608673095703125,1.08831787109375,0.0274505615234375
5494,F,120.0,117.90706634521484,117.29048156738281,2.0929336547851562,2.7095184326171875,0.6165847778320312
5505,M,126.0,118.40809631347656,116.8967514038086,7.5919036865234375,9.103248596191406,1.5113449096679688
5510,M,174.0,176.18936157226562,175.90505981445312,2.189361572265625,1.905059814453125,0.2843017578125
5513,F,24.0,26.082260131835938,27.010520935058594,2.0822601318359375,3.0105209350585938,0.9282608032226562
5514,F,125.0,125.94898986816406,125.19281005859375,0.9489898681640625,0.19281005859375,0.7561798095703125
5516,M,144.0,147.04995727539062,149.44927978515625,3.049957275390625,5.44927978515625,2.399322509765625
5526,F,33.0,28.461708068847656,28.390640258789062,4.538291931152344,4.6093597412109375,0.07106781005859375
5529,M,24.0,39.3231201171875,39.89710998535156,15.3231201171875,15.897109985351562,0.5739898681640625
5536,M,156.0,162.4888916015625,164.14093017578125,6.4888916015625,8.14093017578125,1.65203857421875
5539,F,144.0,146.97129821777344,147.90065002441406,2.9712982177734375,3.9006500244140625,0.929351806640625
5544,M,60.0,71.81388092041016,71.991943359375,11.813880920410156,11.991943359375,0.17806243896484375
5550,M,156.0,160.4443817138672,160.0956268310547,4.4443817138671875,4.0956268310546875,0.3487548828125
5551,M,180.0,189.22750854492188,189.6222381591797,9.227508544921875,9.622238159179688,0.3947296142578125
5552,M,168.0,156.7838134765625,157.06085205078125,11.2161865234375,10.93914794921875,0.27703857421875
5557,F,132.0,119.56306457519531,121.743896484375,12.436935424804688,10.256103515625,2.1808319091796875
5559,M,144.0,148.70083618164062,147.3928985595703,4.700836181640625,3.3928985595703125,1.3079376220703125
5564,M,120.0,129.98220825195312,128.28652954101562,9.982208251953125,8.286529541015625,1.6956787109375
5565,M,72.0,76.23072814941406,75.03414916992188,4.2307281494140625,3.034149169921875,1.1965789794921875
5569,F,60.0,59.78453063964844,57.94971466064453,0.2154693603515625,2.0502853393554688,1.8348159790039062
5571,M,156.0,161.46417236328125,162.7633514404297,5.46417236328125,6.7633514404296875,1.2991790771484375
5573,M,93.0,138.55259704589844,137.87022399902344,45.55259704589844,44.87022399902344,0.682373046875
5576,M,108.0,112.84636688232422,113.18741607666016,4.846366882324219,5.187416076660156,0.3410491943359375
5578,M,144.0,135.2279815673828,135.97640991210938,8.772018432617188,8.023590087890625,0.7484283447265625
5579,F,120.0,131.0645294189453,131.04931640625,11.064529418945312,11.04931640625,0.0152130126953125
5580,M,168.0,166.56109619140625,169.55816650390625,1.43890380859375,1.55816650390625,2.9970703125
5584,M,144.0,149.259765625,148.84890747070312,5.259765625,4.848907470703125,0.410858154296875
5591,F,60.0,75.91192626953125,74.76618957519531,15.91192626953125,14.766189575195312,1.1457366943359375
5593,M,132.0,132.97756958007812,132.44174194335938,0.977569580078125,0.441741943359375,0.53582763671875
5600,F,174.0,177.59242248535156,178.5348663330078,3.5924224853515625,4.5348663330078125,0.94244384765625
5611,M,156.0,158.80072021484375,157.089111328125,2.80072021484375,1.089111328125,1.71160888671875
5622,M,168.0,170.62835693359375,172.05374145507812,2.62835693359375,4.053741455078125,1.425384521484375
5623,M,108.0,96.54991149902344,95.76529693603516,11.450088500976562,12.234703063964844,0.7846145629882812
5625,M,132.0,130.68399047851562,131.38502502441406,1.316009521484375,0.6149749755859375,0.7010345458984375
5633,F,132.0,132.79122924804688,134.396484375,0.791229248046875,2.396484375,1.605255126953125
5647,F,94.0,89.53156280517578,88.50975036621094,4.468437194824219,5.4902496337890625,1.0218124389648438
5648,M,204.0,202.5535430908203,201.6382598876953,1.4464569091796875,2.3617401123046875,0.915283203125
5656,F,168.0,172.697509765625,173.01950073242188,4.697509765625,5.019500732421875,0.321990966796875
5659,M,132.0,138.68479919433594,139.06198120117188,6.6847991943359375,7.061981201171875,0.3771820068359375
5661,M,72.0,72.95738983154297,71.00027465820312,0.9573898315429688,0.999725341796875,1.9571151733398438
5672,F,132.0,135.62953186035156,136.5370635986328,3.6295318603515625,4.5370635986328125,0.90753173828125
5674,M,156.0,160.9501190185547,160.91256713867188,4.9501190185546875,4.912567138671875,0.0375518798828125
5680,M,168.0,165.93495178222656,166.356689453125,2.0650482177734375,1.643310546875,0.4217376708984375
5692,M,66.0,80.5289306640625,80.89176940917969,14.5289306640625,14.891769409179688,0.3628387451171875
5697,F,106.0,98.23784637451172,99.00802612304688,7.762153625488281,6.991973876953125,0.7701797485351562
5705,M,150.0,138.6893768310547,137.96861267089844,11.310623168945312,12.031387329101562,0.72076416015625
5712,M,120.0,125.45339965820312,125.44514465332031,5.453399658203125,5.4451446533203125,0.0082550048828125
5718,M,144.0,144.20555114746094,145.3880615234375,0.2055511474609375,1.3880615234375,1.1825103759765625
5720,F,156.0,151.4169464111328,154.08441162109375,4.5830535888671875,1.91558837890625,2.6674652099609375
5721,M,72.0,63.157508850097656,63.70951843261719,8.842491149902344,8.290481567382812,0.5520095825195312
5724,F,192.0,181.7666473388672,181.16323852539062,10.233352661132812,10.836761474609375,0.6034088134765625
5730,F,96.0,106.06637573242188,105.71726989746094,10.066375732421875,9.717269897460938,0.3491058349609375
5731,F,120.0,135.49327087402344,134.770751953125,15.493270874023438,14.770751953125,0.7225189208984375
5749,F,156.0,152.07400512695312,150.56341552734375,3.925994873046875,5.43658447265625,1.510589599609375
5757,F,48.0,49.328468322753906,48.706031799316406,1.3284683227539062,0.7060317993164062,0.6224365234375
5766,M,96.0,92.310302734375,92.65473937988281,3.689697265625,3.3452606201171875,0.3444366455078125
5773,M,162.0,161.29869079589844,161.94412231445312,0.7013092041015625,0.055877685546875,0.6454315185546875
5779,M,162.0,164.78842163085938,164.3218536376953,2.788421630859375,2.3218536376953125,0.4665679931640625
5780,M,108.0,110.866455078125,108.6505355834961,2.866455078125,0.6505355834960938,2.2159194946289062
5781,F,144.0,135.92169189453125,136.58322143554688,8.07830810546875,7.416778564453125,0.661529541015625
5785,F,94.0,106.1094741821289,107.22753143310547,12.109474182128906,13.227531433105469,1.1180572509765625
5788,F,120.0,117.78777313232422,118.03079986572266,2.2122268676757812,1.9692001342773438,0.2430267333984375
5790,F,36.0,40.79570007324219,42.04638671875,4.7957000732421875,6.04638671875,1.2506866455078125
5792,F,165.0,165.78134155273438,165.1573486328125,0.781341552734375,0.1573486328125,0.623992919921875
5794,M,138.0,133.08160400390625,134.79554748535156,4.91839599609375,3.2044525146484375,1.7139434814453125
5800,F,126.0,138.2099151611328,138.15777587890625,12.209915161132812,12.15777587890625,0.0521392822265625
5806,F,138.0,137.24017333984375,137.0325927734375,0.75982666015625,0.9674072265625,0.20758056640625
5809,M,186.0,185.22421264648438,186.00672912597656,0.775787353515625,0.0067291259765625,0.7825164794921875
5810,M,120.0,115.22464752197266,115.36526489257812,4.775352478027344,4.634735107421875,0.14061737060546875
5811,M,132.0,135.98239135742188,138.83853149414062,3.982391357421875,6.838531494140625,2.85614013671875
5817,F,94.0,90.47114562988281,90.15504455566406,3.5288543701171875,3.8449554443359375,0.31610107421875
5825,M,51.0,51.46684265136719,50.561767578125,0.4668426513671875,0.438232421875,0.9050750732421875
5826,M,192.0,186.7540740966797,187.6396484375,5.2459259033203125,4.3603515625,0.8855743408203125
5829,F,69.0,64.12687683105469,67.47238159179688,4.8731231689453125,1.527618408203125,3.3455047607421875
5831,M,132.0,121.56643676757812,124.18184661865234,10.433563232421875,7.818153381347656,2.6154098510742188
5839,M,162.0,155.7666473388672,156.65884399414062,6.2333526611328125,5.341156005859375,0.8921966552734375
5843,M,48.0,53.10350799560547,54.25884246826172,5.103507995605469,6.258842468261719,1.15533447265625
5844,F,106.0,106.4224624633789,108.94131469726562,0.42246246337890625,2.941314697265625,2.5188522338867188
5845,M,192.0,196.8163604736328,196.5543975830078,4.8163604736328125,4.5543975830078125,0.261962890625
5851,M,78.0,83.18263244628906,80.80133056640625,5.1826324462890625,2.80133056640625,2.3813018798828125
5862,F,144.0,143.00473022460938,143.9559783935547,0.995269775390625,0.0440216064453125,0.9512481689453125
5867,M,90.0,81.61932373046875,80.78024291992188,8.38067626953125,9.219757080078125,0.839080810546875
5868,F,106.0,104.95591735839844,105.95459747314453,1.0440826416015625,0.04540252685546875,0.9986801147460938
5870,F,106.0,109.47663879394531,108.97412872314453,3.4766387939453125,2.9741287231445312,0.5025100708007812
5884,F,94.0,89.97386169433594,89.34521484375,4.0261383056640625,4.65478515625,0.6286468505859375
5893,M,156.0,160.6208038330078,161.52365112304688,4.6208038330078125,5.523651123046875,0.9028472900390625
5899,M,162.0,154.9297637939453,156.57659912109375,7.0702362060546875,5.42340087890625,1.6468353271484375
5901,F,180.0,173.4983367919922,173.93162536621094,6.5016632080078125,6.0683746337890625,0.43328857421875
5902,F,132.0,139.1505889892578,140.063232421875,7.1505889892578125,8.063232421875,0.9126434326171875
5907,F,198.0,189.69891357421875,184.77503967285156,8.30108642578125,13.224960327148438,4.9238739013671875
5913,F,69.0,72.1457290649414,73.34857177734375,3.1457290649414062,4.34857177734375,1.2028427124023438
5917,F,69.0,55.264869689941406,54.62236022949219,13.735130310058594,14.377639770507812,0.6425094604492188
5921,F,69.0,63.50258255004883,58.97362518310547,5.497417449951172,10.026374816894531,4.528957366943359
5923,F,144.0,146.2840576171875,145.7008056640625,2.2840576171875,1.7008056640625,0.583251953125
5925,M,78.0,64.9758071899414,60.568115234375,13.024192810058594,17.431884765625,4.407691955566406
5930,M,204.0,201.38763427734375,201.43048095703125,2.61236572265625,2.56951904296875,0.0428466796875
5935,F,106.0,96.09257507324219,98.76211547851562,9.907424926757812,7.237884521484375,2.6695404052734375
5940,F,144.0,148.5523223876953,148.79901123046875,4.5523223876953125,4.79901123046875,0.2466888427734375
5942,F,120.0,119.17864227294922,121.1741714477539,0.8213577270507812,1.1741714477539062,1.9955291748046875
5945,F,120.0,128.6764678955078,129.8736572265625,8.676467895507812,9.8736572265625,1.1971893310546875
5955,F,82.0,88.77890014648438,88.82793426513672,6.778900146484375,6.827934265136719,0.04903411865234375
5959,F,132.0,141.6812286376953,140.01605224609375,9.681228637695312,8.01605224609375,1.6651763916015625
5960,M,60.0,49.372528076171875,49.886390686035156,10.627471923828125,10.113609313964844,0.5138626098632812
5962,F,94.0,93.62387084960938,92.88400268554688,0.376129150390625,1.115997314453125,0.7398681640625
5968,F,50.0,46.11176300048828,46.253326416015625,3.8882369995117188,3.746673583984375,0.14156341552734375
5978,M,138.0,129.39041137695312,129.05050659179688,8.609588623046875,8.949493408203125,0.33990478515625
5980,M,159.0,154.53778076171875,152.66552734375,4.46221923828125,6.33447265625,1.87225341796875
5982,M,138.0,145.47779846191406,147.3928680419922,7.4777984619140625,9.392868041992188,1.915069580078125
5988,M,132.0,135.02053833007812,135.31625366210938,3.020538330078125,3.316253662109375,0.29571533203125
5991,F,50.0,51.69841003417969,52.30828857421875,1.6984100341796875,2.30828857421875,0.6098785400390625
5992,F,94.0,85.43489074707031,86.42878723144531,8.565109252929688,7.5712127685546875,0.993896484375
6024,M,42.0,33.65906524658203,34.36957550048828,8.340934753417969,7.630424499511719,0.71051025390625
6026,F,94.0,95.59016418457031,95.79330444335938,1.5901641845703125,1.793304443359375,0.2031402587890625
6027,F,50.0,59.97697448730469,61.096397399902344,9.976974487304688,11.096397399902344,1.1194229125976562
6034,M,72.0,73.33978271484375,73.11515808105469,1.33978271484375,1.1151580810546875,0.2246246337890625
6035,F,144.0,133.01287841796875,135.7574920654297,10.98712158203125,8.242507934570312,2.7446136474609375
6041,M,162.0,162.99639892578125,163.0331573486328,0.99639892578125,1.0331573486328125,0.0367584228515625
6046,F,82.0,94.93875122070312,95.36539459228516,12.938751220703125,13.365394592285156,0.42664337158203125
6049,M,96.0,100.93155670166016,103.52957153320312,4.931556701660156,7.529571533203125,2.5980148315429688
6051,M,162.0,162.18190002441406,162.66510009765625,0.1819000244140625,0.66510009765625,0.4832000732421875
6055,F,144.0,140.40353393554688,140.21693420410156,3.596466064453125,3.7830657958984375,0.1865997314453125
6057,F,132.0,134.59803771972656,134.88392639160156,2.5980377197265625,2.8839263916015625,0.285888671875
6060,M,162.0,153.71536254882812,152.41775512695312,8.284637451171875,9.582244873046875,1.297607421875
6061,F,138.0,139.3446044921875,138.5920867919922,1.3446044921875,0.5920867919921875,0.7525177001953125
6065,M,168.0,168.2364501953125,169.25221252441406,0.2364501953125,1.2522125244140625,1.0157623291015625
6071,F,132.0,139.5525665283203,138.87820434570312,7.5525665283203125,6.878204345703125,0.6743621826171875
6082,M,156.0,156.99057006835938,157.19113159179688,0.990570068359375,1.191131591796875,0.2005615234375
6094,F,94.0,89.77191162109375,94.06330108642578,4.22808837890625,0.06330108642578125,4.291389465332031
6096,F,106.0,117.81902313232422,117.7940673828125,11.819023132324219,11.7940673828125,0.02495574951171875
6099,M,162.0,161.10983276367188,161.40060424804688,0.890167236328125,0.599395751953125,0.290771484375
6103,F,180.0,178.58360290527344,178.55238342285156,1.4163970947265625,1.4476165771484375,0.031219482421875
6104,F,82.0,86.19941711425781,85.62911224365234,4.1994171142578125,3.6291122436523438,0.5703048706054688
6108,M,138.0,132.25770568847656,133.33505249023438,5.7422943115234375,4.664947509765625,1.0773468017578125
6111,M,156.0,128.548095703125,128.9647674560547,27.451904296875,27.035232543945312,0.4166717529296875
6112,M,138.0,137.00027465820312,137.12167358398438,0.999725341796875,0.878326416015625,0.12139892578125
6122,M,180.0,181.26641845703125,180.95916748046875,1.26641845703125,0.95916748046875,0.3072509765625
6125,M,162.0,159.66598510742188,160.0115966796875,2.334014892578125,1.9884033203125,0.345611572265625
6129,M,150.0,157.08843994140625,157.37078857421875,7.08843994140625,7.37078857421875,0.2823486328125
6135,F,120.0,129.3086700439453,129.5956268310547,9.308670043945312,9.595626831054688,0.286956787109375
6138,F,156.0,145.5639190673828,145.23497009277344,10.436080932617188,10.765029907226562,0.328948974609375
6144,M,150.0,152.90045166015625,154.26634216308594,2.90045166015625,4.2663421630859375,1.3658905029296875
6145,F,132.0,138.62130737304688,137.682861328125,6.621307373046875,5.682861328125,0.938446044921875
6151,M,156.0,158.97372436523438,159.5693817138672,2.973724365234375,3.5693817138671875,0.5956573486328125
6161,F,126.0,126.46198272705078,126.92680358886719,0.46198272705078125,0.9268035888671875,0.46482086181640625
6163,F,168.0,165.93331909179688,171.4786376953125,2.066680908203125,3.4786376953125,5.545318603515625
6166,M,168.0,174.05340576171875,173.15493774414062,6.05340576171875,5.154937744140625,0.898468017578125
6168,M,108.0,121.42484283447266,122.84738159179688,13.424842834472656,14.847381591796875,1.4225387573242188
6169,M,84.0,86.3028793334961,85.2411117553711,2.3028793334960938,1.2411117553710938,1.061767578125
6170,M,150.0,147.70098876953125,147.56802368164062,2.29901123046875,2.431976318359375,0.132965087890625
6203,M,66.0,62.881858825683594,64.16271209716797,3.1181411743164062,1.8372879028320312,1.280853271484375
6206,M,168.0,174.95980834960938,176.80601501464844,6.959808349609375,8.806015014648438,1.8462066650390625
6207,M,45.0,47.10441589355469,45.997589111328125,2.1044158935546875,0.997589111328125,1.1068267822265625
6214,F,82.0,94.57730865478516,98.38846588134766,12.577308654785156,16.388465881347656,3.8111572265625
6216,M,120.0,134.18548583984375,129.8263397216797,14.18548583984375,9.826339721679688,4.3591461181640625
6224,F,168.0,176.2808380126953,176.94786071777344,8.280838012695312,8.947860717773438,0.667022705078125
6235,F,156.0,148.8325653076172,149.3170623779297,7.1674346923828125,6.6829376220703125,0.4844970703125
6238,M,168.0,168.57589721679688,167.37796020507812,0.575897216796875,0.622039794921875,1.19793701171875
6247,M,153.0,156.77581787109375,158.07652282714844,3.77581787109375,5.0765228271484375,1.3007049560546875
6254,M,168.0,175.5918731689453,176.9456787109375,7.5918731689453125,8.9456787109375,1.3538055419921875
6265,F,82.0,80.45219421386719,79.62854766845703,1.5478057861328125,2.3714523315429688,0.8236465454101562
6286,M,24.0,25.9688720703125,25.771530151367188,1.9688720703125,1.7715301513671875,0.1973419189453125
6306,M,114.0,93.20857238769531,92.2691879272461,20.791427612304688,21.730812072753906,0.9393844604492188
6312,M,168.0,172.02178955078125,175.17311096191406,4.02178955078125,7.1731109619140625,3.1513214111328125
6314,M,120.0,137.6730194091797,136.07435607910156,17.673019409179688,16.074356079101562,1.598663330078125
6320,M,72.0,63.9535026550293,63.51327133178711,8.046497344970703,8.48672866821289,0.4402313232421875
6330,M,156.0,161.69496154785156,161.39004516601562,5.6949615478515625,5.390045166015625,0.3049163818359375
6343,F,198.0,183.01626586914062,182.16397094726562,14.983734130859375,15.836029052734375,0.852294921875
6349,F,69.0,60.78242492675781,59.330406188964844,8.217575073242188,9.669593811035156,1.4520187377929688
6351,M,162.0,162.28334045410156,162.83299255371094,0.2833404541015625,0.8329925537109375,0.549652099609375
6354,M,84.0,85.01473999023438,82.95252990722656,1.014739990234375,1.0474700927734375,2.0622100830078125
6366,M,126.0,125.67522430419922,124.15035247802734,0.32477569580078125,1.8496475219726562,1.524871826171875
6370,F,94.0,104.7206039428711,103.45867919921875,10.720603942871094,9.45867919921875,1.2619247436523438
6376,M,96.0,101.58258056640625,101.45076751708984,5.58258056640625,5.450767517089844,0.13181304931640625
6385,M,60.0,69.21649932861328,68.96267700195312,9.216499328613281,8.962677001953125,0.25382232666015625
6389,M,165.0,159.01942443847656,158.84388732910156,5.9805755615234375,6.1561126708984375,0.175537109375
6398,M,60.0,61.98493194580078,61.371482849121094,1.9849319458007812,1.3714828491210938,0.6134490966796875
6399,M,120.0,115.38985443115234,114.64900207519531,4.610145568847656,5.3509979248046875,0.7408523559570312
6400,F,106.0,120.46615600585938,121.02069854736328,14.466156005859375,15.020698547363281,0.5545425415039062
6409,F,216.0,197.03684997558594,196.41461181640625,18.963150024414062,19.58538818359375,0.6222381591796875
6411,M,108.0,96.80014038085938,94.01084899902344,11.199859619140625,13.989151000976562,2.7892913818359375
6414,M,150.0,148.24205017089844,150.1288604736328,1.7579498291015625,0.1288604736328125,1.886810302734375
6416,M,108.0,94.46525573730469,95.4443588256836,13.534744262695312,12.555641174316406,0.9791030883789062
6420,M,96.0,92.24130249023438,95.85435485839844,3.758697509765625,0.1456451416015625,3.6130523681640625
6423,M,138.0,121.65874481201172,121.9929428100586,16.34125518798828,16.007057189941406,0.334197998046875
6424,M,84.0,91.56381225585938,94.38270568847656,7.563812255859375,10.382705688476562,2.8188934326171875
6425,M,84.0,63.127960205078125,62.987876892089844,20.872039794921875,21.012123107910156,0.14008331298828125
6430,M,162.0,164.29476928710938,162.9742431640625,2.294769287109375,0.9742431640625,1.320526123046875
6432,M,120.0,110.30970764160156,109.78690338134766,9.690292358398438,10.213096618652344,0.5228042602539062
6435,F,180.0,174.3826904296875,173.4603729248047,5.6173095703125,6.5396270751953125,0.9223175048828125
6436,F,106.0,109.38751983642578,111.62431335449219,3.3875198364257812,5.6243133544921875,2.2367935180664062
6446,M,138.0,123.02532196044922,127.13623046875,14.974678039550781,10.86376953125,4.110908508300781
6453,M,42.0,33.139625549316406,33.49397277832031,8.860374450683594,8.506027221679688,0.35434722900390625
6464,M,168.0,168.56546020507812,167.28790283203125,0.565460205078125,0.71209716796875,1.277557373046875
6470,F,69.0,74.78436279296875,70.75975036621094,5.78436279296875,1.7597503662109375,4.0246124267578125
6471,M,168.0,161.91995239257812,161.38670349121094,6.080047607421875,6.6132965087890625,0.5332489013671875
6473,F,120.0,112.56986999511719,113.17349243164062,7.4301300048828125,6.826507568359375,0.6036224365234375
6476,F,94.0,97.993408203125,95.7850341796875,3.993408203125,1.7850341796875,2.2083740234375
6482,F,180.0,179.8506622314453,179.93218994140625,0.1493377685546875,0.06781005859375,0.0815277099609375
6483,M,138.0,136.5643310546875,137.72799682617188,1.4356689453125,0.272003173828125,1.163665771484375
6484,F,106.0,114.27690124511719,113.4526596069336,8.276901245117188,7.452659606933594,0.8242416381835938
6486,F,113.0,124.08377075195312,125.79937744140625,11.083770751953125,12.79937744140625,1.715606689453125
6487,M,156.0,155.50216674804688,155.37106323242188,0.497833251953125,0.628936767578125,0.131103515625
6490,M,162.0,138.46902465820312,136.21481323242188,23.530975341796875,25.785186767578125,2.25421142578125
6491,F,144.0,140.8834991455078,141.02020263671875,3.1165008544921875,2.97979736328125,0.1367034912109375
6511,F,156.0,156.6968994140625,155.21839904785156,0.6968994140625,0.7816009521484375,1.4785003662109375
6516,F,138.0,140.16094970703125,140.3271484375,2.16094970703125,2.3271484375,0.16619873046875
6520,F,106.0,101.34014129638672,102.35594177246094,4.659858703613281,3.6440582275390625,1.0158004760742188
6523,F,132.0,126.09058380126953,126.68863677978516,5.909416198730469,5.311363220214844,0.598052978515625
6525,M,204.0,196.3076171875,194.90060424804688,7.6923828125,9.099395751953125,1.407012939453125
6527,M,96.0,98.05612182617188,96.94104766845703,2.056121826171875,0.9410476684570312,1.1150741577148438
6532,M,174.0,172.3909149169922,172.6063232421875,1.6090850830078125,1.3936767578125,0.2154083251953125
6533,M,120.0,115.34319305419922,115.58338165283203,4.656806945800781,4.416618347167969,0.2401885986328125
6539,M,138.0,149.87179565429688,150.80496215820312,11.871795654296875,12.804962158203125,0.93316650390625
6546,F,42.0,46.83717346191406,47.684234619140625,4.8371734619140625,5.684234619140625,0.8470611572265625
6547,M,78.0,84.12664794921875,82.32676696777344,6.12664794921875,4.3267669677734375,1.7998809814453125
6549,M,192.0,185.4793701171875,182.80003356933594,6.5206298828125,9.199966430664062,2.6793365478515625
6552,M,156.0,152.91407775878906,150.36138916015625,3.0859222412109375,5.63861083984375,2.5526885986328125
6553,F,132.0,139.415283203125,139.6117706298828,7.415283203125,7.6117706298828125,0.1964874267578125
6554,F,94.0,98.90377807617188,95.93614196777344,4.903778076171875,1.9361419677734375,2.9676361083984375
6561,M,150.0,154.1361083984375,150.22215270996094,4.1361083984375,0.2221527099609375,3.9139556884765625
6562,M,168.0,165.37069702148438,165.50071716308594,2.629302978515625,2.4992828369140625,0.1300201416015625
6573,F,144.0,138.57949829101562,138.95236206054688,5.420501708984375,5.047637939453125,0.37286376953125
6596,M,48.0,48.629486083984375,48.01860046386719,0.629486083984375,0.0186004638671875,0.6108856201171875
6604,M,168.0,172.50482177734375,172.3943634033203,4.50482177734375,4.3943634033203125,0.1104583740234375
6606,F,138.0,136.72947692871094,140.02099609375,1.2705230712890625,2.02099609375,3.2915191650390625
6609,M,108.0,107.88948059082031,105.40013885498047,0.1105194091796875,2.5998611450195312,2.4893417358398438
6612,F,69.0,80.61903381347656,82.5811767578125,11.619033813476562,13.5811767578125,1.9621429443359375
6614,M,108.0,100.88421630859375,109.128173828125,7.11578369140625,1.128173828125,8.24395751953125
6619,M,126.0,130.78036499023438,132.8847198486328,4.780364990234375,6.8847198486328125,2.1043548583984375
6620,F,144.0,142.50523376464844,143.1706085205078,1.4947662353515625,0.8293914794921875,0.665374755859375
6625,M,144.0,140.74490356445312,141.99066162109375,3.255096435546875,2.00933837890625,1.245758056640625
6632,M,60.0,45.981834411621094,47.7197265625,14.018165588378906,12.2802734375,1.7378921508789062
6634,M,144.0,139.3296661376953,136.78662109375,4.6703338623046875,7.21337890625,2.5430450439453125
6637,F,150.0,144.860595703125,144.9072265625,5.139404296875,5.0927734375,0.046630859375
6640,F,120.0,114.11090087890625,115.66552734375,5.88909912109375,4.33447265625,1.55462646484375
6641,F,60.0,54.317596435546875,54.424354553222656,5.682403564453125,5.575645446777344,0.10675811767578125
6647,M,168.0,161.58169555664062,162.3522491455078,6.418304443359375,5.6477508544921875,0.7705535888671875
6650,F,156.0,151.2938995361328,151.46414184570312,4.7061004638671875,4.535858154296875,0.1702423095703125
6652,M,132.0,133.67465209960938,132.9049072265625,1.674652099609375,0.9049072265625,0.769744873046875
6662,M,162.0,161.4618377685547,161.78224182128906,0.5381622314453125,0.2177581787109375,0.320404052734375
6665,F,156.0,145.72732543945312,145.16928100585938,10.272674560546875,10.830718994140625,0.55804443359375
6668,M,84.0,76.33428955078125,74.08055114746094,7.66571044921875,9.919448852539062,2.2537384033203125
6671,F,138.0,141.42758178710938,139.79998779296875,3.427581787109375,1.79998779296875,1.627593994140625
6673,M,102.0,91.239501953125,91.61038208007812,10.760498046875,10.389617919921875,0.370880126953125
6687,F,120.0,126.38740539550781,127.21240997314453,6.3874053955078125,7.212409973144531,0.8250045776367188
6688,F,88.0,98.69923400878906,97.3751449584961,10.699234008789062,9.375144958496094,1.3240890502929688
6691,M,120.0,114.90612030029297,115.03533935546875,5.093879699707031,4.96466064453125,0.12921905517578125
6693,M,150.0,151.43118286132812,151.62039184570312,1.431182861328125,1.620391845703125,0.189208984375
6702,M,162.0,157.56788635253906,157.29510498046875,4.4321136474609375,4.70489501953125,0.2727813720703125
6705,M,180.0,180.05885314941406,179.3128204345703,0.0588531494140625,0.6871795654296875,0.74603271484375
6709,F,106.0,119.48526763916016,119.02532958984375,13.485267639160156,13.02532958984375,0.45993804931640625
6715,M,114.0,113.6511459350586,114.4163818359375,0.34885406494140625,0.4163818359375,0.7652359008789062
6719,M,120.0,125.85664367675781,125.85736083984375,5.8566436767578125,5.85736083984375,0.0007171630859375
6723,M,54.0,57.66710662841797,58.016075134277344,3.6671066284179688,4.016075134277344,0.348968505859375
6725,F,120.0,115.33699798583984,115.78396606445312,4.663002014160156,4.216033935546875,0.44696807861328125
6737,M,120.0,120.06742858886719,120.47218322753906,0.0674285888671875,0.4721832275390625,0.404754638671875
6738,M,162.0,162.6031494140625,162.3856201171875,0.6031494140625,0.3856201171875,0.217529296875
6743,M,204.0,205.54135131835938,207.06103515625,1.541351318359375,3.06103515625,1.519683837890625
6768,M,150.0,137.39132690429688,137.27215576171875,12.608673095703125,12.72784423828125,0.119171142578125
6769,M,168.0,175.32376098632812,172.7105255126953,7.323760986328125,4.7105255126953125,2.6132354736328125
6771,M,150.0,141.88885498046875,140.51132202148438,8.11114501953125,9.488677978515625,1.377532958984375
6776,M,162.0,161.9185791015625,161.2943572998047,0.0814208984375,0.7056427001953125,0.6242218017578125
6779,F,132.0,146.31289672851562,146.1722412109375,14.312896728515625,14.1722412109375,0.140655517578125
6782,M,72.0,83.93087768554688,83.08238220214844,11.930877685546875,11.082382202148438,0.8484954833984375
6783,F,82.0,81.02330017089844,80.68727111816406,0.9766998291015625,1.3127288818359375,0.336029052734375
6784,F,180.0,146.7783203125,145.088623046875,33.2216796875,34.911376953125,1.689697265625
6795,M,72.0,74.73590087890625,72.11019897460938,2.73590087890625,0.110198974609375,2.625701904296875
6798,F,82.0,79.70257568359375,80.13691711425781,2.29742431640625,1.8630828857421875,0.4343414306640625
6805,F,132.0,132.1675262451172,131.9459991455078,0.1675262451171875,0.0540008544921875,0.221527099609375
6817,F,82.0,77.18379211425781,80.6173324584961,4.8162078857421875,1.3826675415039062,3.4335403442382812
6826,F,132.0,127.04230499267578,125.98563385009766,4.957695007324219,6.014366149902344,1.056671142578125
6841,M,120.0,126.0765609741211,125.69294738769531,6.076560974121094,5.6929473876953125,0.38361358642578125
6878,F,156.0,143.94850158691406,143.19317626953125,12.051498413085938,12.80682373046875,0.7553253173828125
6881,M,159.0,158.44789123535156,158.29847717285156,0.5521087646484375,0.7015228271484375,0.1494140625
6883,F,132.0,127.49494171142578,127.87142944335938,4.505058288574219,4.128570556640625,0.37648773193359375
6887,M,162.0,164.02127075195312,163.79208374023438,2.021270751953125,1.792083740234375,0.22918701171875
6888,M,150.0,144.882080078125,146.76663208007812,5.117919921875,3.233367919921875,1.884552001953125
6896,F,60.0,68.28945922851562,68.005859375,8.289459228515625,8.005859375,0.283599853515625
6935,M,108.0,95.489501953125,97.67450714111328,12.510498046875,10.325492858886719,2.1850051879882812
6936,F,144.0,135.13539123535156,139.382568359375,8.864608764648438,4.617431640625,4.2471771240234375
6941,F,94.0,88.88775634765625,87.34794616699219,5.11224365234375,6.6520538330078125,1.5398101806640625
6943,M,216.0,202.62908935546875,202.51077270507812,13.37091064453125,13.489227294921875,0.118316650390625
6949,M,150.0,138.3250274658203,140.22463989257812,11.674972534179688,9.775360107421875,1.8996124267578125
6952,F,132.0,125.87881469726562,126.96681213378906,6.121185302734375,5.0331878662109375,1.0879974365234375
6959,M,84.0,101.12725067138672,101.02992248535156,17.12725067138672,17.029922485351562,0.09732818603515625
6964,F,94.0,106.98665618896484,107.93993377685547,12.986656188964844,13.939933776855469,0.953277587890625
6967,M,174.0,182.73562622070312,185.30303955078125,8.735626220703125,11.30303955078125,2.567413330078125
6974,F,132.0,137.5363006591797,138.48745727539062,5.5363006591796875,6.487457275390625,0.9511566162109375
6977,F,132.0,128.52894592285156,128.4502716064453,3.4710540771484375,3.5497283935546875,0.07867431640625
6983,F,132.0,139.32643127441406,138.35157775878906,7.3264312744140625,6.3515777587890625,0.974853515625
6985,M,150.0,156.2053985595703,157.25621032714844,6.2053985595703125,7.2562103271484375,1.050811767578125
6989,F,120.0,134.6255340576172,134.63082885742188,14.625534057617188,14.630828857421875,0.0052947998046875
6990,M,156.0,161.6690673828125,163.1580047607422,5.6690673828125,7.1580047607421875,1.4889373779296875
6996,M,162.0,165.03826904296875,165.25616455078125,3.03826904296875,3.25616455078125,0.2178955078125
6999,M,66.0,64.03008270263672,64.00241088867188,1.9699172973632812,1.997589111328125,0.02767181396484375
7001,F,132.0,136.529052734375,136.45106506347656,4.529052734375,4.4510650634765625,0.0779876708984375
7002,M,60.0,58.21324920654297,58.424232482910156,1.7867507934570312,1.5757675170898438,0.2109832763671875
7005,M,150.0,153.31813049316406,154.21157836914062,3.3181304931640625,4.211578369140625,0.8934478759765625
7009,M,138.0,141.315673828125,141.898681640625,3.315673828125,3.898681640625,0.5830078125
7012,F,88.0,93.735107421875,94.63478088378906,5.735107421875,6.6347808837890625,0.8996734619140625
7018,M,150.0,148.42198181152344,149.05172729492188,1.5780181884765625,0.948272705078125,0.6297454833984375
7020,M,132.0,141.4932403564453,142.0544891357422,9.493240356445312,10.054489135742188,0.561248779296875
7022,F,82.0,81.9609603881836,81.42929077148438,0.03903961181640625,0.570709228515625,0.5316696166992188
7026,F,120.0,128.4740447998047,127.04630279541016,8.474044799804688,7.046302795410156,1.4277420043945312
7028,M,150.0,148.0213165283203,149.24740600585938,1.9786834716796875,0.752593994140625,1.2260894775390625
7033,M,156.0,157.74229431152344,157.1015625,1.7422943115234375,1.1015625,0.6407318115234375
7035,F,82.0,67.52042388916016,67.73698425292969,14.479576110839844,14.263015747070312,0.21656036376953125
7042,M,16.0,19.95459747314453,20.218368530273438,3.9545974731445312,4.2183685302734375,0.26377105712890625
7043,F,156.0,144.491943359375,145.28042602539062,11.508056640625,10.719573974609375,0.788482666015625
7045,M,132.0,119.44023132324219,122.32954406738281,12.559768676757812,9.670455932617188,2.889312744140625
7055,F,168.0,167.92251586914062,168.63485717773438,0.077484130859375,0.634857177734375,0.71234130859375
7064,M,150.0,140.677001953125,142.29745483398438,9.322998046875,7.702545166015625,1.620452880859375
7071,F,180.0,171.29205322265625,171.4071044921875,8.70794677734375,8.5928955078125,0.11505126953125
7074,F,82.0,80.20269775390625,81.25696563720703,1.79730224609375,0.7430343627929688,1.0542678833007812
7083,M,138.0,140.89794921875,141.43801879882812,2.89794921875,3.438018798828125,0.540069580078125
7092,F,69.0,64.46791076660156,65.5599365234375,4.5320892333984375,3.4400634765625,1.0920257568359375
7094,F,82.0,72.35633850097656,68.8016357421875,9.643661499023438,13.1983642578125,3.5547027587890625
7099,F,60.0,76.8375244140625,76.54548645019531,16.8375244140625,16.545486450195312,0.2920379638671875
7102,F,144.0,141.7393798828125,141.6597900390625,2.2606201171875,2.3402099609375,0.07958984375
7114,M,150.0,133.11679077148438,136.80258178710938,16.883209228515625,13.197418212890625,3.685791015625
7115,F,94.0,86.93757629394531,87.2724380493164,7.0624237060546875,6.727561950683594,0.33486175537109375
7130,M,180.0,174.27944946289062,174.20806884765625,5.720550537109375,5.79193115234375,0.071380615234375
7131,M,96.0,130.11558532714844,130.39129638671875,34.11558532714844,34.39129638671875,0.2757110595703125
7132,F,132.0,137.76028442382812,137.52224731445312,5.760284423828125,5.522247314453125,0.238037109375
7133,F,156.0,144.55160522460938,146.40321350097656,11.448394775390625,9.596786499023438,1.8516082763671875
7142,M,204.0,204.55789184570312,204.47781372070312,0.557891845703125,0.477813720703125,0.080078125
7147,M,120.0,114.11849212646484,110.94537353515625,5.881507873535156,9.05462646484375,3.1731185913085938
7162,M,150.0,155.833251953125,154.997802734375,5.833251953125,4.997802734375,0.83544921875
7166,F,132.0,134.5162353515625,138.0128936767578,2.5162353515625,6.0128936767578125,3.4966583251953125
7179,M,150.0,149.66554260253906,148.44027709960938,0.3344573974609375,1.559722900390625,1.2252655029296875
7180,F,120.0,123.56793975830078,123.1720962524414,3.5679397583007812,3.1720962524414062,0.395843505859375
7182,F,106.0,106.51358032226562,107.01005554199219,0.513580322265625,1.0100555419921875,0.4964752197265625
7189,M,66.0,63.72885513305664,62.82225036621094,2.2711448669433594,3.1777496337890625,0.9066047668457031
7193,F,94.0,85.53164672851562,87.99592590332031,8.468353271484375,6.0040740966796875,2.4642791748046875
7197,F,100.0,99.18079376220703,99.054931640625,0.8192062377929688,0.945068359375,0.12586212158203125
7204,M,168.0,163.20606994628906,161.96397399902344,4.7939300537109375,6.0360260009765625,1.242095947265625
7212,F,82.0,77.53395080566406,78.26700592041016,4.4660491943359375,3.7329940795898438,0.7330551147460938
7215,F,82.0,89.68283081054688,89.75558471679688,7.682830810546875,7.755584716796875,0.07275390625
7224,M,156.0,147.39920043945312,149.63648986816406,8.600799560546875,6.3635101318359375,2.2372894287109375
7233,M,153.0,150.5831756591797,151.38873291015625,2.4168243408203125,1.61126708984375,0.8055572509765625
7238,F,94.0,89.4358901977539,93.44883728027344,4.564109802246094,0.5511627197265625,4.012947082519531
7264,M,174.0,174.41455078125,174.2806854248047,0.41455078125,0.2806854248046875,0.1338653564453125
7265,F,137.0,157.10812377929688,159.29254150390625,20.108123779296875,22.29254150390625,2.184417724609375
7273,F,94.0,104.28707885742188,109.64546203613281,10.287078857421875,15.645462036132812,5.3583831787109375
7281,F,144.0,131.87351989746094,131.7049102783203,12.126480102539062,12.295089721679688,0.168609619140625
7282,M,114.0,100.15995788574219,101.58969116210938,13.840042114257812,12.410308837890625,1.4297332763671875
7284,F,94.0,90.16696166992188,90.26397705078125,3.833038330078125,3.73602294921875,0.097015380859375
7285,F,106.0,109.68683624267578,108.25812530517578,3.6868362426757812,2.2581253051757812,1.4287109375
7286,F,100.0,109.29806518554688,106.3738784790039,9.298065185546875,6.373878479003906,2.9241867065429688
7295,M,96.0,105.80178833007812,106.08988189697266,9.801788330078125,10.089881896972656,0.28809356689453125
7306,M,84.0,85.25613403320312,83.76026916503906,1.256134033203125,0.2397308349609375,1.4958648681640625
7307,M,108.0,117.4837875366211,120.68936157226562,9.483787536621094,12.689361572265625,3.2055740356445312
7316,F,120.0,121.5829086303711,118.76154327392578,1.5829086303710938,1.2384567260742188,2.8213653564453125
7317,M,108.0,124.41673278808594,127.05715942382812,16.416732788085938,19.057159423828125,2.6404266357421875
7329,F,82.0,75.07212829589844,75.20381927490234,6.9278717041015625,6.796180725097656,0.13169097900390625
7339,F,138.0,140.10159301757812,143.24017333984375,2.101593017578125,5.24017333984375,3.138580322265625
7342,M,138.0,135.4769744873047,136.07374572753906,2.5230255126953125,1.9262542724609375,0.596771240234375
7343,M,156.0,143.2386016845703,142.97335815429688,12.761398315429688,13.026641845703125,0.2652435302734375
7351,F,120.0,115.4991455078125,117.8213119506836,4.5008544921875,2.1786880493164062,2.3221664428710938
7355,F,69.0,68.99451446533203,69.5733642578125,0.00548553466796875,0.5733642578125,0.5788497924804688
7357,F,132.0,126.03311920166016,124.86959075927734,5.966880798339844,7.130409240722656,1.1635284423828125
7360,M,156.0,163.5440673828125,163.39610290527344,7.5440673828125,7.3961029052734375,0.1479644775390625
7363,M,114.0,115.72882080078125,116.62147521972656,1.72882080078125,2.6214752197265625,0.8926544189453125
7366,F,120.0,98.87614440917969,98.9323959350586,21.123855590820312,21.067604064941406,0.05625152587890625
7370,F,132.0,138.13902282714844,140.83995056152344,6.1390228271484375,8.839950561523438,2.700927734375
7386,M,150.0,159.56703186035156,159.54566955566406,9.567031860351562,9.545669555664062,0.0213623046875
7391,M,138.0,147.19749450683594,147.51715087890625,9.197494506835938,9.51715087890625,0.3196563720703125
7403,F,94.0,98.89878845214844,98.46195983886719,4.8987884521484375,4.4619598388671875,0.43682861328125
7404,M,150.0,151.28338623046875,151.22222900390625,1.28338623046875,1.22222900390625,0.0611572265625
7414,F,132.0,117.04198455810547,117.94215393066406,14.958015441894531,14.057846069335938,0.9001693725585938
7416,M,78.0,78.04928588867188,75.32881164550781,0.049285888671875,2.6711883544921875,2.7204742431640625
7427,M,120.0,94.01680755615234,95.22317504882812,25.983192443847656,24.776824951171875,1.2063674926757812
7429,M,168.0,165.20005798339844,165.72412109375,2.7999420166015625,2.27587890625,0.5240631103515625
7438,M,168.0,167.36131286621094,167.3249969482422,0.6386871337890625,0.6750030517578125,0.03631591796875
7446,F,106.0,99.99756622314453,99.29808044433594,6.002433776855469,6.7019195556640625,0.6994857788085938
7449,M,32.0,32.39253234863281,31.771682739257812,0.3925323486328125,0.2283172607421875,0.620849609375
7458,M,168.0,164.4417266845703,165.5897216796875,3.5582733154296875,2.4102783203125,1.1479949951171875
7461,M,150.0,152.6222686767578,152.49783325195312,2.6222686767578125,2.497833251953125,0.1244354248046875
7464,M,180.0,183.47607421875,183.5424346923828,3.47607421875,3.5424346923828125,0.0663604736328125
7465,F,126.0,130.5203857421875,130.3782958984375,4.5203857421875,4.3782958984375,0.14208984375
7470,M,48.0,50.72772979736328,48.1051025390625,2.7277297973632812,0.1051025390625,2.6226272583007812
7471,M,72.0,99.1993179321289,99.56941223144531,27.199317932128906,27.569412231445312,0.37009429931640625
7472,M,228.0,216.981201171875,217.49652099609375,11.018798828125,10.50347900390625,0.51531982421875
7473,M,120.0,123.28034210205078,123.32171630859375,3.2803421020507812,3.32171630859375,0.04137420654296875
7482,M,156.0,154.82376098632812,155.0952606201172,1.176239013671875,0.9047393798828125,0.2714996337890625
7485,M,108.0,110.3782730102539,111.22842407226562,2.3782730102539062,3.228424072265625,0.8501510620117188
7487,M,96.0,91.36334228515625,90.02587890625,4.63665771484375,5.97412109375,1.33746337890625
7493,M,156.0,155.22967529296875,155.45382690429688,0.77032470703125,0.546173095703125,0.224151611328125
7495,M,108.0,114.88042449951172,111.491943359375,6.880424499511719,3.491943359375,3.3884811401367188
7505,M,156.0,155.2541046142578,155.9868621826172,0.7458953857421875,0.0131378173828125,0.732757568359375
7506,M,156.0,154.30648803710938,154.2421875,1.693511962890625,1.7578125,0.064300537109375
7520,F,168.0,169.26544189453125,168.67401123046875,1.26544189453125,0.67401123046875,0.5914306640625
7523,M,96.0,87.28326416015625,88.27274322509766,8.71673583984375,7.727256774902344,0.9894790649414062
7529,F,144.0,145.9947509765625,146.34986877441406,1.9947509765625,2.3498687744140625,0.3551177978515625
7538,F,132.0,136.201416015625,135.74278259277344,4.201416015625,3.7427825927734375,0.4586334228515625
7556,F,76.0,79.00984954833984,77.50445556640625,3.0098495483398438,1.50445556640625,1.5053939819335938
7557,M,168.0,166.167236328125,166.82334899902344,1.832763671875,1.1766510009765625,0.6561126708984375
7561,F,156.0,151.43650817871094,150.94081115722656,4.5634918212890625,5.0591888427734375,0.495697021484375
7562,F,165.0,158.88516235351562,158.20587158203125,6.114837646484375,6.79412841796875,0.679290771484375
7563,M,78.0,82.54096984863281,82.85136413574219,4.5409698486328125,4.8513641357421875,0.310394287109375
7564,F,82.0,87.77456665039062,87.94598388671875,5.774566650390625,5.94598388671875,0.171417236328125
7575,M,84.0,94.66902160644531,93.43534851074219,10.669021606445312,9.435348510742188,1.233673095703125
7582,M,90.0,86.76774597167969,86.03522491455078,3.2322540283203125,3.9647750854492188,0.7325210571289062
7586,M,156.0,151.96792602539062,150.66793823242188,4.032073974609375,5.332061767578125,1.29998779296875
7590,M,168.0,164.6212921142578,164.47921752929688,3.3787078857421875,3.520782470703125,0.1420745849609375
7591,F,156.0,158.66871643066406,158.92547607421875,2.6687164306640625,2.92547607421875,0.2567596435546875
7592,F,168.0,167.35345458984375,167.81591796875,0.64654541015625,0.18408203125,0.46246337890625
7604,M,174.0,169.05067443847656,171.1249542236328,4.9493255615234375,2.8750457763671875,2.07427978515625
7605,M,162.0,160.9984130859375,161.41761779785156,1.0015869140625,0.5823822021484375,0.4192047119140625
7616,F,144.0,136.37330627441406,135.19830322265625,7.6266937255859375,8.80169677734375,1.1750030517578125
7618,M,156.0,153.16383361816406,153.82740783691406,2.8361663818359375,2.1725921630859375,0.66357421875
7619,M,204.0,200.5281982421875,200.32211303710938,3.4718017578125,3.677886962890625,0.206085205078125
7622,F,168.0,164.9026641845703,166.41229248046875,3.0973358154296875,1.58770751953125,1.5096282958984375
7624,F,94.0,88.28956604003906,87.98272705078125,5.7104339599609375,6.01727294921875,0.3068389892578125
7626,M,120.0,119.11257934570312,122.20291137695312,0.887420654296875,2.202911376953125,3.09033203125
7631,F,132.0,146.33758544921875,145.64657592773438,14.33758544921875,13.646575927734375,0.691009521484375
7635,F,94.0,104.655517578125,104.56874084472656,10.655517578125,10.568740844726562,0.0867767333984375
7640,F,144.0,146.1079864501953,146.36036682128906,2.1079864501953125,2.3603668212890625,0.25238037109375
7642,M,72.0,64.98098754882812,63.75801086425781,7.019012451171875,8.241989135742188,1.2229766845703125
7653,F,162.0,163.8050537109375,163.2727508544922,1.8050537109375,1.2727508544921875,0.5323028564453125
7661,F,120.0,128.3813018798828,130.39260864257812,8.381301879882812,10.392608642578125,2.0113067626953125
7667,M,138.0,136.2954864501953,135.357421875,1.7045135498046875,2.642578125,0.9380645751953125
7688,F,82.0,82.16663360595703,81.28080749511719,0.16663360595703125,0.7191925048828125,0.8858261108398438
7697,F,120.0,120.31437683105469,120.62742614746094,0.3143768310546875,0.6274261474609375,0.31304931640625
7702,M,120.0,122.99212646484375,122.96308898925781,2.99212646484375,2.9630889892578125,0.0290374755859375
7706,M,132.0,137.20013427734375,136.31512451171875,5.20013427734375,4.31512451171875,0.885009765625
7711,M,138.0,144.33291625976562,143.99359130859375,6.332916259765625,5.99359130859375,0.339324951171875
7721,M,138.0,149.1125030517578,148.29931640625,11.112503051757812,10.29931640625,0.8131866455078125
7735,M,72.0,74.86993408203125,73.24063873291016,2.86993408203125,1.2406387329101562,1.6292953491210938
7736,F,180.0,175.8015594482422,176.69805908203125,4.1984405517578125,3.30194091796875,0.8964996337890625
7737,F,82.0,84.84527587890625,80.1092300415039,2.84527587890625,1.8907699584960938,4.736045837402344
7741,M,78.0,84.0909423828125,84.11567687988281,6.0909423828125,6.1156768798828125,0.0247344970703125
7745,M,120.0,130.23204040527344,127.37971496582031,10.232040405273438,7.3797149658203125,2.852325439453125
7746,F,69.0,63.064857482910156,65.29531860351562,5.935142517089844,3.704681396484375,2.2304611206054688
7752,M,120.0,118.60722351074219,118.89212036132812,1.3927764892578125,1.107879638671875,0.2848968505859375
7760,M,120.0,122.37457275390625,120.90019989013672,2.37457275390625,0.9001998901367188,1.4743728637695312
7762,F,132.0,136.397705078125,140.92919921875,4.397705078125,8.92919921875,4.531494140625
7764,F,120.0,117.7416763305664,117.847900390625,2.2583236694335938,2.152099609375,0.10622406005859375
7766,F,126.0,123.14549255371094,122.49766540527344,2.8545074462890625,3.5023345947265625,0.6478271484375
7772,M,150.0,140.3693389892578,140.78309631347656,9.630661010742188,9.216903686523438,0.41375732421875
7787,M,192.0,202.37208557128906,204.59783935546875,10.372085571289062,12.59783935546875,2.2257537841796875
7789,F,132.0,123.87109375,123.41917419433594,8.12890625,8.580825805664062,0.4519195556640625
7796,F,120.0,127.97865295410156,127.25900268554688,7.9786529541015625,7.259002685546875,0.7196502685546875
7797,F,144.0,142.8014678955078,143.028076171875,1.1985321044921875,0.971923828125,0.2266082763671875
7800,M,72.0,71.41938781738281,73.74629211425781,0.5806121826171875,1.7462921142578125,2.326904296875
7813,M,162.0,165.44461059570312,166.96688842773438,3.444610595703125,4.966888427734375,1.52227783203125
7815,M,180.0,185.2926788330078,184.24476623535156,5.2926788330078125,4.2447662353515625,1.04791259765625
7819,F,120.0,125.96163177490234,126.82048034667969,5.961631774902344,6.8204803466796875,0.8588485717773438
7827,M,168.0,169.51776123046875,169.49249267578125,1.51776123046875,1.49249267578125,0.0252685546875
7828,F,120.0,114.0229263305664,112.87981414794922,5.977073669433594,7.120185852050781,1.1431121826171875
7831,F,132.0,143.24761962890625,145.6664581298828,11.24761962890625,13.666458129882812,2.4188385009765625
7841,M,138.0,138.75538635253906,137.4586944580078,0.7553863525390625,0.5413055419921875,1.29669189453125
7842,F,120.0,125.95982360839844,124.45443725585938,5.9598236083984375,4.454437255859375,1.5053863525390625
7859,F,94.0,86.04478454589844,86.08049011230469,7.9552154541015625,7.9195098876953125,0.03570556640625
7860,M,132.0,119.45213317871094,119.18294525146484,12.547866821289062,12.817054748535156,0.26918792724609375
7866,F,180.0,179.35107421875,181.88107299804688,0.64892578125,1.881072998046875,2.529998779296875
7873,M,150.0,153.50384521484375,154.24270629882812,3.50384521484375,4.242706298828125,0.738861083984375
7876,M,108.0,102.06706237792969,101.74324035644531,5.9329376220703125,6.2567596435546875,0.323822021484375
7880,M,84.0,69.94937133789062,70.29476928710938,14.050628662109375,13.705230712890625,0.34539794921875
7886,F,81.0,75.8826675415039,75.638671875,5.117332458496094,5.361328125,0.24399566650390625
7890,M,78.0,82.54025268554688,82.20891571044922,4.540252685546875,4.208915710449219,0.33133697509765625
7892,F,106.0,96.6723403930664,99.43995666503906,9.327659606933594,6.5600433349609375,2.7676162719726562
7909,F,120.0,99.76087188720703,99.54835510253906,20.23912811279297,20.451644897460938,0.21251678466796875
7917,F,94.0,89.22624206542969,88.84445190429688,4.7737579345703125,5.155548095703125,0.3817901611328125
7920,F,159.0,163.48648071289062,162.91957092285156,4.486480712890625,3.9195709228515625,0.5669097900390625
7930,M,120.0,113.91270446777344,113.02657318115234,6.0872955322265625,6.973426818847656,0.8861312866210938
7931,M,150.0,153.2128448486328,152.02438354492188,3.2128448486328125,2.024383544921875,1.1884613037109375
7955,M,162.0,163.98760986328125,164.66798400878906,1.98760986328125,2.6679840087890625,0.6803741455078125
7968,F,106.0,98.7365951538086,98.9281005859375,7.263404846191406,7.0718994140625,0.19150543212890625
7973,M,126.0,125.90919494628906,127.6463394165039,0.0908050537109375,1.6463394165039062,1.7371444702148438
7974,F,94.0,88.66192626953125,91.66139221191406,5.33807373046875,2.3386077880859375,2.9994659423828125
7979,M,138.0,143.4257049560547,145.1875762939453,5.4257049560546875,7.1875762939453125,1.761871337890625
7994,M,114.0,114.86460876464844,116.4125747680664,0.8646087646484375,2.4125747680664062,1.5479660034179688
7995,F,94.0,117.4427490234375,117.06339263916016,23.4427490234375,23.063392639160156,0.37935638427734375
7997,M,78.0,71.31295776367188,71.52195739746094,6.687042236328125,6.4780426025390625,0.2089996337890625
7999,M,90.0,89.95793151855469,87.71875,0.0420684814453125,2.28125,2.2391815185546875
8002,F,82.0,84.85121154785156,84.94723510742188,2.8512115478515625,2.947235107421875,0.0960235595703125
8004,M,96.0,97.91105651855469,98.88619995117188,1.9110565185546875,2.886199951171875,0.9751434326171875
8007,M,204.0,202.0476531982422,201.75726318359375,1.9523468017578125,2.24273681640625,0.2903900146484375
8021,F,82.0,76.864501953125,74.50398254394531,5.135498046875,7.4960174560546875,2.3605194091796875
8025,M,156.0,159.24319458007812,159.2787322998047,3.243194580078125,3.2787322998046875,0.0355377197265625
8036,M,150.0,151.4402313232422,153.16709899902344,1.4402313232421875,3.1670989990234375,1.72686767578125
8042,M,150.0,137.674560546875,137.31423950195312,12.325439453125,12.685760498046875,0.360321044921875
8044,M,60.0,61.816123962402344,62.98621368408203,1.8161239624023438,2.9862136840820312,1.1700897216796875
8048,M,132.0,142.2508544921875,143.04733276367188,10.2508544921875,11.047332763671875,0.796478271484375
8052,M,21.0,20.261978149414062,17.76642608642578,0.7380218505859375,3.2335739135742188,2.4955520629882812
8056,M,156.0,157.78652954101562,158.2178955078125,1.786529541015625,2.2178955078125,0.431365966796875
8058,F,94.0,99.03937530517578,98.08987426757812,5.039375305175781,4.089874267578125,0.9495010375976562
8064,M,72.0,76.11266326904297,76.60721588134766,4.112663269042969,4.607215881347656,0.4945526123046875
8066,F,69.0,69.13223266601562,70.11128234863281,0.132232666015625,1.1112823486328125,0.9790496826171875
8071,M,204.0,201.02828979492188,200.81637573242188,2.971710205078125,3.183624267578125,0.2119140625
8073,F,216.0,193.05245971679688,192.5296630859375,22.947540283203125,23.4703369140625,0.522796630859375
8075,M,72.0,61.815223693847656,61.555992126464844,10.184776306152344,10.444007873535156,0.2592315673828125
8077,M,150.0,149.11126708984375,149.4508819580078,0.88873291015625,0.5491180419921875,0.3396148681640625
8085,F,42.0,43.698646545410156,43.480812072753906,1.6986465454101562,1.4808120727539062,0.21783447265625
8093,F,144.0,142.1821746826172,143.4734344482422,1.8178253173828125,0.5265655517578125,1.291259765625
8100,F,88.0,100.40524291992188,100.23828887939453,12.405242919921875,12.238288879394531,0.16695404052734375
8109,M,96.0,104.08502197265625,103.85023498535156,8.08502197265625,7.8502349853515625,0.2347869873046875
8115,M,165.0,161.2388153076172,161.5906524658203,3.7611846923828125,3.4093475341796875,0.351837158203125
8119,M,168.0,170.5167999267578,170.7443084716797,2.5167999267578125,2.7443084716796875,0.227508544921875
8125,M,156.0,143.2753448486328,142.2041473388672,12.724655151367188,13.795852661132812,1.071197509765625
8128,M,42.0,31.61400604248047,34.06531524658203,10.385993957519531,7.934684753417969,2.4513092041015625
8132,F,144.0,155.80970764160156,153.58070373535156,11.809707641601562,9.580703735351562,2.22900390625
8139,M,150.0,148.84609985351562,148.99520874023438,1.153900146484375,1.004791259765625,0.14910888671875
8141,F,144.0,146.4088592529297,148.99822998046875,2.4088592529296875,4.99822998046875,2.5893707275390625
8144,M,120.0,123.61210632324219,124.2655258178711,3.6121063232421875,4.265525817871094,0.6534194946289062
8151,F,168.0,171.23001098632812,170.98846435546875,3.230010986328125,2.98846435546875,0.241546630859375
8160,F,144.0,138.58668518066406,138.72561645507812,5.4133148193359375,5.274383544921875,0.1389312744140625
8161,F,156.0,145.63389587402344,148.60769653320312,10.366104125976562,7.392303466796875,2.9738006591796875
8163,M,156.0,158.8786163330078,157.9825897216797,2.8786163330078125,1.9825897216796875,0.896026611328125
8165,M,42.0,43.971107482910156,46.57505798339844,1.9711074829101562,4.5750579833984375,2.6039505004882812
8167,F,180.0,181.36097717285156,182.02891540527344,1.3609771728515625,2.0289154052734375,0.667938232421875
8175,M,162.0,159.8056182861328,159.55551147460938,2.1943817138671875,2.444488525390625,0.2501068115234375
8180,F,69.0,73.4921875,73.7523193359375,4.4921875,4.7523193359375,0.2601318359375
8185,M,168.0,161.57733154296875,157.3998260498047,6.42266845703125,10.600173950195312,4.1775054931640625
8186,M,132.0,139.2667999267578,139.4853515625,7.2667999267578125,7.4853515625,0.2185516357421875
8190,F,138.0,135.3997802734375,134.8504638671875,2.6002197265625,3.1495361328125,0.54931640625
8194,F,24.0,21.544952392578125,21.740753173828125,2.455047607421875,2.259246826171875,0.19580078125
8198,M,120.0,128.22348022460938,128.7181854248047,8.223480224609375,8.718185424804688,0.4947052001953125
8210,F,120.0,112.93714904785156,112.88468933105469,7.0628509521484375,7.1153106689453125,0.052459716796875
8224,M,156.0,138.3296661376953,142.92210388183594,17.670333862304688,13.077896118164062,4.592437744140625
8237,F,132.0,134.10476684570312,134.46299743652344,2.104766845703125,2.4629974365234375,0.3582305908203125
8240,M,96.0,96.46380615234375,95.95940399169922,0.46380615234375,0.04059600830078125,0.5044021606445312
8241,F,106.0,116.00955200195312,115.26912689208984,10.009552001953125,9.269126892089844,0.7404251098632812
8245,M,60.0,78.24810791015625,77.7861328125,18.24810791015625,17.7861328125,0.46197509765625
8250,M,78.0,83.1699447631836,83.92060852050781,5.169944763183594,5.9206085205078125,0.7506637573242188
8253,F,76.0,78.59526062011719,77.76792907714844,2.5952606201171875,1.7679290771484375,0.82733154296875
8257,F,144.0,136.91714477539062,135.81271362304688,7.082855224609375,8.187286376953125,1.10443115234375
8258,M,165.0,167.2042694091797,166.95120239257812,2.2042694091796875,1.951202392578125,0.2530670166015625
8263,F,168.0,167.709228515625,168.4789276123047,0.290771484375,0.4789276123046875,0.7696990966796875
8273,F,120.0,120.25804138183594,119.61723327636719,0.2580413818359375,0.3827667236328125,0.64080810546875
8275,M,168.0,176.49586486816406,179.58493041992188,8.495864868164062,11.584930419921875,3.0890655517578125
8285,F,126.0,126.26313781738281,124.26786041259766,0.2631378173828125,1.7321395874023438,1.9952774047851562
8288,F,82.0,93.90963745117188,93.86099243164062,11.909637451171875,11.860992431640625,0.04864501953125
8291,M,150.0,135.9861297607422,135.09457397460938,14.013870239257812,14.905426025390625,0.8915557861328125
8313,M,48.0,53.468055725097656,46.41417694091797,5.468055725097656,1.5858230590820312,7.0538787841796875
8318,M,168.0,162.3435516357422,162.4625701904297,5.6564483642578125,5.5374298095703125,0.1190185546875
8328,M,156.0,154.13438415527344,154.09446716308594,1.8656158447265625,1.9055328369140625,0.0399169921875
8330,F,120.0,130.08602905273438,130.24053955078125,10.086029052734375,10.24053955078125,0.154510498046875
8349,F,186.0,180.44815063476562,182.717529296875,5.551849365234375,3.282470703125,2.269378662109375
8356,F,144.0,142.4829559326172,141.30630493164062,1.5170440673828125,2.693695068359375,1.1766510009765625
8359,F,106.0,109.26332092285156,108.4178237915039,3.2633209228515625,2.4178237915039062,0.8454971313476562
8363,M,192.0,194.51763916015625,195.17271423339844,2.51763916015625,3.1727142333984375,0.6550750732421875
8373,F,106.0,104.61308288574219,105.81594848632812,1.3869171142578125,0.184051513671875,1.2028656005859375
8375,M,168.0,166.5169219970703,166.30868530273438,1.4830780029296875,1.691314697265625,0.2082366943359375
8381,M,120.0,123.26861572265625,123.07129669189453,3.26861572265625,3.0712966918945312,0.19731903076171875
8392,F,132.0,137.97979736328125,138.67312622070312,5.97979736328125,6.673126220703125,0.693328857421875
8396,F,162.0,164.51231384277344,165.04330444335938,2.5123138427734375,3.043304443359375,0.5309906005859375
8402,F,156.0,162.582275390625,163.51385498046875,6.582275390625,7.51385498046875,0.93157958984375
8406,M,120.0,127.44698333740234,129.11489868164062,7.446983337402344,9.114898681640625,1.6679153442382812
8407,M,120.0,117.77633666992188,118.84334564208984,2.223663330078125,1.1566543579101562,1.0670089721679688
8408,F,60.0,68.81834411621094,67.79647827148438,8.818344116210938,7.796478271484375,1.0218658447265625
8420,M,72.0,80.17670440673828,78.63060760498047,8.176704406738281,6.630607604980469,1.5460968017578125
8422,M,120.0,118.18323516845703,118.28507995605469,1.8167648315429688,1.7149200439453125,0.10184478759765625
8432,M,168.0,161.40386962890625,161.47958374023438,6.59613037109375,6.520416259765625,0.075714111328125
8437,F,69.0,57.59252166748047,56.31300354003906,11.407478332519531,12.686996459960938,1.2795181274414062
8439,F,106.0,112.78215789794922,112.2956771850586,6.782157897949219,6.295677185058594,0.486480712890625
8441,M,168.0,167.47491455078125,169.02142333984375,0.52508544921875,1.02142333984375,1.5465087890625
8446,M,132.0,138.47344970703125,134.56326293945312,6.47344970703125,2.563262939453125,3.910186767578125
8454,F,82.0,83.37944030761719,83.08927917480469,1.3794403076171875,1.0892791748046875,0.2901611328125
8464,M,120.0,101.6573715209961,103.7928466796875,18.342628479003906,16.2071533203125,2.1354751586914062
8467,M,168.0,170.48855590820312,170.63987731933594,2.488555908203125,2.6398773193359375,0.1513214111328125
8471,M,168.0,162.62176513671875,162.54763793945312,5.37823486328125,5.452362060546875,0.074127197265625
8472,M,162.0,160.34439086914062,160.248046875,1.655609130859375,1.751953125,0.096343994140625
8475,F,144.0,146.6178436279297,147.58302307128906,2.6178436279296875,3.5830230712890625,0.965179443359375
8484,F,144.0,145.38966369628906,147.55276489257812,1.3896636962890625,3.552764892578125,2.1631011962890625
8487,M,132.0,141.50601196289062,141.11106872558594,9.506011962890625,9.111068725585938,0.3949432373046875
8493,M,162.0,150.99517822265625,151.32998657226562,11.00482177734375,10.670013427734375,0.334808349609375
8498,M,168.0,172.63743591308594,173.46871948242188,4.6374359130859375,5.468719482421875,0.8312835693359375
8505,M,138.0,143.8392333984375,146.9818115234375,5.8392333984375,8.9818115234375,3.142578125
8515,F,132.0,138.3693084716797,138.12844848632812,6.3693084716796875,6.128448486328125,0.2408599853515625
8530,F,180.0,180.49884033203125,180.19898986816406,0.49884033203125,0.1989898681640625,0.2998504638671875
8531,F,144.0,146.65155029296875,146.67835998535156,2.65155029296875,2.6783599853515625,0.0268096923828125
8541,M,72.0,80.98895263671875,82.528564453125,8.98895263671875,10.528564453125,1.53961181640625
8560,M,168.0,171.78298950195312,171.97457885742188,3.782989501953125,3.974578857421875,0.19158935546875
8571,F,82.0,90.45816040039062,89.279052734375,8.458160400390625,7.279052734375,1.179107666015625
8572,M,168.0,167.855712890625,169.1761016845703,0.144287109375,1.1761016845703125,1.3203887939453125
8579,F,76.0,51.74169158935547,51.64850616455078,24.25830841064453,24.35149383544922,0.0931854248046875
8580,M,162.0,152.13185119628906,151.984130859375,9.868148803710938,10.015869140625,0.1477203369140625
8585,F,69.0,57.13990020751953,57.93095397949219,11.860099792480469,11.069046020507812,0.7910537719726562
8586,M,162.0,155.5497589111328,155.5706329345703,6.4502410888671875,6.4293670654296875,0.0208740234375
8600,F,180.0,177.94723510742188,177.37010192871094,2.052764892578125,2.6298980712890625,0.5771331787109375
8602,F,126.0,127.58902740478516,126.95320892333984,1.5890274047851562,0.9532089233398438,0.6358184814453125
8606,M,150.0,153.9072265625,153.92837524414062,3.9072265625,3.928375244140625,0.021148681640625
8610,M,138.0,153.1342315673828,152.96768188476562,15.134231567382812,14.967681884765625,0.1665496826171875
8615,M,132.0,132.54624938964844,132.1517791748047,0.5462493896484375,0.1517791748046875,0.39447021484375
8618,F,138.0,140.54461669921875,142.74169921875,2.54461669921875,4.74169921875,2.19708251953125
8623,M,132.0,127.5827407836914,128.7183074951172,4.417259216308594,3.2816925048828125,1.1355667114257812
8630,F,132.0,137.1507568359375,136.87966918945312,5.1507568359375,4.879669189453125,0.271087646484375
8638,M,48.0,63.040771484375,62.303550720214844,15.040771484375,14.303550720214844,0.7372207641601562
8641,F,120.0,117.02600860595703,117.84095764160156,2.9739913940429688,2.1590423583984375,0.8149490356445312
8647,M,180.0,178.3836669921875,178.1320037841797,1.6163330078125,1.8679962158203125,0.2516632080078125
8648,M,120.0,114.21263885498047,116.91273498535156,5.787361145019531,3.0872650146484375,2.7000961303710938
8653,F,60.0,39.06737518310547,40.31158447265625,20.93262481689453,19.68841552734375,1.2442092895507812
8654,F,132.0,136.9510040283203,137.55770874023438,4.9510040283203125,5.557708740234375,0.6067047119140625
8655,F,120.0,127.06507110595703,128.21728515625,7.065071105957031,8.21728515625,1.1522140502929688
8656,F,156.0,149.84060668945312,149.28823852539062,6.159393310546875,6.711761474609375,0.5523681640625
8662,F,144.0,134.296630859375,133.6193389892578,9.703369140625,10.380661010742188,0.6772918701171875
8683,M,186.0,179.7106170654297,180.3065185546875,6.2893829345703125,5.6934814453125,0.5959014892578125
8685,M,54.0,59.66815185546875,61.159507751464844,5.66815185546875,7.159507751464844,1.4913558959960938
8692,F,120.0,128.66925048828125,126.94066619873047,8.66925048828125,6.940666198730469,1.7285842895507812
8696,M,156.0,156.2147979736328,155.4636993408203,0.2147979736328125,0.5363006591796875,0.7510986328125
8704,F,69.0,73.50269317626953,73.86915588378906,4.502693176269531,4.8691558837890625,0.36646270751953125
8708,M,162.0,161.598876953125,161.1759033203125,0.401123046875,0.8240966796875,0.4229736328125
8709,F,106.0,107.40247344970703,107.26651000976562,1.4024734497070312,1.266510009765625,0.13596343994140625
8714,M,156.0,159.26248168945312,159.74365234375,3.262481689453125,3.74365234375,0.481170654296875
8718,F,150.0,162.33267211914062,163.7549591064453,12.332672119140625,13.754959106445312,1.4222869873046875
8720,F,94.0,94.01431274414062,95.38053894042969,0.014312744140625,1.3805389404296875,1.3662261962890625
8730,F,126.0,124.49103546142578,125.43780517578125,1.5089645385742188,0.56219482421875,0.9467697143554688
8749,F,120.0,110.98655700683594,111.73760986328125,9.013442993164062,8.26239013671875,0.7510528564453125
8751,F,60.0,62.34343719482422,64.584716796875,2.3434371948242188,4.584716796875,2.2412796020507812
8757,M,186.0,185.75608825683594,185.3843994140625,0.2439117431640625,0.6156005859375,0.3716888427734375
8761,F,94.0,92.1878662109375,91.80680847167969,1.8121337890625,2.1931915283203125,0.3810577392578125
8763,M,138.0,155.5634765625,156.92271423339844,17.5634765625,18.922714233398438,1.3592376708984375
8764,F,156.0,148.85581970214844,147.66897583007812,7.1441802978515625,8.331024169921875,1.1868438720703125
8772,F,50.0,58.649192810058594,59.86376953125,8.649192810058594,9.86376953125,1.2145767211914062
8779,M,36.0,39.784095764160156,39.67701721191406,3.7840957641601562,3.6770172119140625,0.10707855224609375
8785,M,192.0,184.420654296875,185.164306640625,7.579345703125,6.835693359375,0.74365234375
8791,M,132.0,135.3084259033203,136.50486755371094,3.3084259033203125,4.5048675537109375,1.196441650390625
8795,M,162.0,163.18295288085938,164.38723754882812,1.182952880859375,2.387237548828125,1.20428466796875
8798,M,159.0,164.49951171875,164.188232421875,5.49951171875,5.188232421875,0.311279296875
8801,M,132.0,135.88198852539062,133.5737762451172,3.881988525390625,1.5737762451171875,2.3082122802734375
8803,M,132.0,154.9143829345703,154.5802001953125,22.914382934570312,22.5802001953125,0.3341827392578125
8810,F,144.0,133.7632293701172,137.62066650390625,10.236770629882812,6.37933349609375,3.8574371337890625
8812,F,94.0,114.27136993408203,115.97266387939453,20.27136993408203,21.97266387939453,1.7012939453125
8819,M,156.0,155.2275390625,154.5170135498047,0.7724609375,1.4829864501953125,0.7105255126953125
8830,M,168.0,153.6144256591797,152.63128662109375,14.385574340820312,15.36871337890625,0.9831390380859375
8833,F,180.0,181.40481567382812,182.6695556640625,1.404815673828125,2.6695556640625,1.264739990234375
8837,F,144.0,149.90533447265625,151.24415588378906,5.90533447265625,7.2441558837890625,1.3388214111328125
8846,M,150.0,153.66183471679688,153.4578857421875,3.661834716796875,3.4578857421875,0.203948974609375
8862,M,138.0,145.25457763671875,145.10350036621094,7.25457763671875,7.1035003662109375,0.1510772705078125
8870,F,180.0,181.14910888671875,181.06008911132812,1.14910888671875,1.060089111328125,0.089019775390625
8889,F,180.0,180.95399475097656,180.01197814941406,0.9539947509765625,0.0119781494140625,0.9420166015625
8890,M,138.0,147.8732147216797,148.4049072265625,9.873214721679688,10.4049072265625,0.5316925048828125
8898,F,50.0,50.984230041503906,50.42436218261719,0.9842300415039062,0.4243621826171875,0.5598678588867188
8902,M,156.0,158.5879364013672,158.67259216308594,2.5879364013671875,2.6725921630859375,0.08465576171875
8910,M,192.0,198.92498779296875,200.32952880859375,6.92498779296875,8.32952880859375,1.404541015625
8916,M,72.0,72.77413940429688,73.62623596191406,0.774139404296875,1.6262359619140625,0.8520965576171875
8921,M,24.0,27.49481201171875,28.241500854492188,3.49481201171875,4.2415008544921875,0.7466888427734375
8925,M,156.0,144.59384155273438,146.19407653808594,11.406158447265625,9.805923461914062,1.6002349853515625
8928,M,162.0,156.72695922851562,156.89630126953125,5.273040771484375,5.10369873046875,0.169342041015625
8937,M,150.0,144.9142608642578,145.4014129638672,5.0857391357421875,4.5985870361328125,0.487152099609375
8951,M,159.0,160.30392456054688,159.94471740722656,1.303924560546875,0.9447174072265625,0.3592071533203125
8956,F,82.0,76.11436462402344,74.50900268554688,5.8856353759765625,7.490997314453125,1.6053619384765625
8957,M,162.0,162.6551971435547,165.79531860351562,0.6551971435546875,3.795318603515625,3.1401214599609375
8960,M,120.0,127.97985076904297,127.06631469726562,7.979850769042969,7.066314697265625,0.9135360717773438
8964,F,138.0,146.24636840820312,146.25006103515625,8.246368408203125,8.25006103515625,0.003692626953125
8967,M,96.0,92.87413024902344,90.19546508789062,3.1258697509765625,5.804534912109375,2.6786651611328125
8969,F,106.0,101.5787124633789,102.36023712158203,4.421287536621094,3.6397628784179688,0.781524658203125
8977,F,165.0,156.5096893310547,156.1055145263672,8.490310668945312,8.894485473632812,0.4041748046875
8979,F,120.0,135.7416229248047,137.14239501953125,15.741622924804688,17.14239501953125,1.4007720947265625
8982,M,168.0,167.3668212890625,167.18563842773438,0.6331787109375,0.814361572265625,0.181182861328125
8986,F,106.0,109.99885559082031,112.15507507324219,3.9988555908203125,6.1550750732421875,2.156219482421875
8988,F,132.0,136.66639709472656,142.7686767578125,4.6663970947265625,10.7686767578125,6.1022796630859375
8992,M,156.0,153.9022979736328,155.85523986816406,2.0977020263671875,0.1447601318359375,1.95294189453125
8993,F,69.0,69.06208038330078,70.47695922851562,0.06208038330078125,1.476959228515625,1.4148788452148438
8994,M,156.0,162.04185485839844,163.88038635253906,6.0418548583984375,7.8803863525390625,1.838531494140625
8997,M,168.0,164.67799377441406,164.89002990722656,3.3220062255859375,3.1099700927734375,0.2120361328125
9006,F,132.0,128.88455200195312,132.3516082763672,3.115447998046875,0.3516082763671875,3.4670562744140625
9008,F,120.0,113.05421447753906,110.83688354492188,6.9457855224609375,9.163116455078125,2.2173309326171875
9012,M,186.0,186.4945068359375,187.10548400878906,0.4945068359375,1.1054840087890625,0.6109771728515625
9018,F,168.0,167.68360900878906,167.59600830078125,0.3163909912109375,0.40399169921875,0.0876007080078125
9020,M,120.0,131.37059020996094,130.05039978027344,11.370590209960938,10.050399780273438,1.3201904296875
9031,F,69.0,81.03424072265625,79.0225830078125,12.03424072265625,10.0225830078125,2.01165771484375
9033,F,106.0,114.58513641357422,115.75981903076172,8.585136413574219,9.759819030761719,1.1746826171875
9035,F,106.0,100.88361358642578,101.3440933227539,5.116386413574219,4.655906677246094,0.460479736328125
9040,F,94.0,93.96134948730469,93.56123352050781,0.0386505126953125,0.4387664794921875,0.400115966796875
9055,F,50.0,48.41668701171875,45.4373779296875,1.58331298828125,4.5626220703125,2.97930908203125
9056,M,156.0,152.85653686523438,152.39138793945312,3.143463134765625,3.608612060546875,0.46514892578125
9059,F,50.0,53.46361541748047,53.09294128417969,3.4636154174804688,3.0929412841796875,0.37067413330078125
9063,F,162.0,162.73118591308594,161.8180389404297,0.7311859130859375,0.1819610595703125,0.91314697265625
9064,F,106.0,104.39908599853516,106.61715698242188,1.6009140014648438,0.617156982421875,2.2180709838867188
9075,M,108.0,121.70537567138672,123.84086608886719,13.705375671386719,15.840866088867188,2.1354904174804688
9077,M,132.0,128.90940856933594,131.72552490234375,3.0905914306640625,0.27447509765625,2.8161163330078125
9085,M,138.0,142.27757263183594,141.99526977539062,4.2775726318359375,3.995269775390625,0.2823028564453125
9086,F,168.0,164.68870544433594,164.82894897460938,3.3112945556640625,3.171051025390625,0.1402435302734375
9090,F,144.0,139.16810607910156,137.3697509765625,4.8318939208984375,6.6302490234375,1.7983551025390625
9098,M,96.0,117.05069732666016,116.5381851196289,21.050697326660156,20.538185119628906,0.51251220703125
9100,M,162.0,166.04745483398438,165.14645385742188,4.047454833984375,3.146453857421875,0.9010009765625
9104,F,156.0,153.3677520751953,153.47169494628906,2.6322479248046875,2.5283050537109375,0.10394287109375
9105,F,132.0,144.9436492919922,145.24139404296875,12.943649291992188,13.24139404296875,0.2977447509765625
9107,F,156.0,145.72828674316406,145.58181762695312,10.271713256835938,10.418182373046875,0.1464691162109375
9114,M,120.0,119.43184661865234,119.6249008178711,0.5681533813476562,0.37509918212890625,0.19305419921875
9115,F,94.0,86.72297668457031,87.80134582519531,7.2770233154296875,6.1986541748046875,1.078369140625
9125,M,72.0,90.33755493164062,89.8647689819336,18.337554931640625,17.864768981933594,0.47278594970703125
9129,M,165.0,161.40362548828125,161.93556213378906,3.59637451171875,3.0644378662109375,0.5319366455078125
9133,M,84.0,79.64404296875,79.07275390625,4.35595703125,4.92724609375,0.5712890625
9134,F,156.0,143.20669555664062,142.8595428466797,12.793304443359375,13.140457153320312,0.3471527099609375
9142,F,120.0,125.98909759521484,128.53811645507812,5.989097595214844,8.538116455078125,2.5490188598632812
9146,F,120.0,109.09500885009766,109.65255737304688,10.904991149902344,10.347442626953125,0.5575485229492188
9147,F,94.0,89.83076477050781,89.97705841064453,4.1692352294921875,4.022941589355469,0.14629364013671875
9151,M,168.0,171.3050994873047,173.00103759765625,3.3050994873046875,5.00103759765625,1.6959381103515625
9163,M,132.0,130.06002807617188,130.4727020263672,1.939971923828125,1.5272979736328125,0.4126739501953125
9171,F,132.0,118.25440979003906,118.93057250976562,13.745590209960938,13.069427490234375,0.6761627197265625
9176,M,150.0,153.55902099609375,153.73629760742188,3.55902099609375,3.736297607421875,0.177276611328125
9187,M,54.0,68.21686553955078,69.61323547363281,14.216865539550781,15.613235473632812,1.3963699340820312
9192,F,144.0,148.05899047851562,148.19630432128906,4.058990478515625,4.1963043212890625,0.1373138427734375
9195,M,156.0,155.4691925048828,155.24424743652344,0.5308074951171875,0.7557525634765625,0.224945068359375
9196,M,156.0,162.55575561523438,162.9893798828125,6.555755615234375,6.9893798828125,0.433624267578125
9207,M,168.0,159.3968505859375,158.9539794921875,8.6031494140625,9.0460205078125,0.44287109375
9216,F,88.0,78.546875,77.08534240722656,9.453125,10.914657592773438,1.4615325927734375
9219,F,50.0,45.79496765136719,42.643104553222656,4.2050323486328125,7.356895446777344,3.1518630981445312
9224,M,96.0,95.89488983154297,110.96107482910156,0.10511016845703125,14.961074829101562,15.066184997558594
9227,F,144.0,143.32676696777344,143.43008422851562,0.6732330322265625,0.569915771484375,0.1033172607421875
9229,F,60.0,63.10597229003906,62.85828399658203,3.1059722900390625,2.8582839965820312,0.24768829345703125
9234,F,144.0,145.3812255859375,145.62838745117188,1.3812255859375,1.628387451171875,0.247161865234375
9239,M,162.0,161.0089569091797,160.2820587158203,0.9910430908203125,1.7179412841796875,0.726898193359375
9245,F,94.0,83.13116455078125,84.04441833496094,10.86883544921875,9.955581665039062,0.9132537841796875
9248,M,150.0,130.03005981445312,130.81373596191406,19.969940185546875,19.186264038085938,0.7836761474609375
9251,M,156.0,160.50779724121094,160.93878173828125,4.5077972412109375,4.93878173828125,0.4309844970703125
9259,M,168.0,161.28321838378906,160.8467559814453,6.7167816162109375,7.1532440185546875,0.43646240234375
9264,M,168.0,164.09938049316406,164.59341430664062,3.9006195068359375,3.406585693359375,0.4940338134765625
9265,M,192.0,186.50692749023438,184.9754638671875,5.493072509765625,7.0245361328125,1.531463623046875
9275,F,180.0,176.90118408203125,177.1298370361328,3.09881591796875,2.8701629638671875,0.2286529541015625
9279,F,50.0,49.955955505371094,50.933555603027344,0.04404449462890625,0.9335556030273438,0.97760009765625
9303,M,168.0,157.1027374267578,157.1940155029297,10.897262573242188,10.805984497070312,0.091278076171875
9310,F,106.0,102.08540344238281,104.17945861816406,3.9145965576171875,1.8205413818359375,2.09405517578125
9315,M,132.0,122.60603332519531,125.38397979736328,9.393966674804688,6.616020202636719,2.7779464721679688
9323,F,50.0,49.802734375,49.21797180175781,0.197265625,0.7820281982421875,0.5847625732421875
9336,M,54.0,54.884498596191406,54.84363555908203,0.8844985961914062,0.8436355590820312,0.040863037109375
9337,M,132.0,121.345458984375,121.04007720947266,10.654541015625,10.959922790527344,0.30538177490234375
9357,F,82.0,88.28205871582031,89.11039733886719,6.2820587158203125,7.1103973388671875,0.828338623046875
9366,M,168.0,167.0870819091797,167.98858642578125,0.9129180908203125,0.01141357421875,0.9015045166015625
9367,M,156.0,153.69100952148438,153.25961303710938,2.308990478515625,2.740386962890625,0.431396484375
9369,F,144.0,136.14312744140625,136.76820373535156,7.85687255859375,7.2317962646484375,0.6250762939453125
9378,M,156.0,160.06919860839844,160.38565063476562,4.0691986083984375,4.385650634765625,0.3164520263671875
9380,M,108.0,102.52061462402344,104.15450286865234,5.4793853759765625,3.8454971313476562,1.6338882446289062
9381,F,120.0,125.78669738769531,125.55970001220703,5.7866973876953125,5.559700012207031,0.22699737548828125
9390,F,82.0,80.22279357910156,80.30168151855469,1.7772064208984375,1.6983184814453125,0.078887939453125
9391,M,204.0,202.29550170898438,201.6702880859375,1.704498291015625,2.3297119140625,0.625213623046875
9392,M,204.0,196.0846405029297,197.52545166015625,7.9153594970703125,6.47454833984375,1.4408111572265625
9396,M,162.0,162.818115234375,162.2010040283203,0.818115234375,0.2010040283203125,0.6171112060546875
9401,F,132.0,146.8467559814453,147.2222900390625,14.846755981445312,15.2222900390625,0.3755340576171875
9409,M,96.0,95.99370574951172,95.49880981445312,0.00629425048828125,0.501190185546875,0.49489593505859375
9410,M,186.0,182.1355743408203,183.27247619628906,3.8644256591796875,2.7275238037109375,1.13690185546875
9424,M,150.0,143.85397338867188,145.24859619140625,6.146026611328125,4.75140380859375,1.394622802734375
9428,F,94.0,106.87370300292969,108.97330474853516,12.873703002929688,14.973304748535156,2.0996017456054688
9429,M,150.0,129.58033752441406,127.90371704101562,20.419662475585938,22.096282958984375,1.6766204833984375
9433,M,162.0,162.9019775390625,162.76446533203125,0.9019775390625,0.76446533203125,0.13751220703125
9440,M,162.0,163.49716186523438,163.9324188232422,1.497161865234375,1.9324188232421875,0.4352569580078125
9443,M,120.0,108.30594635009766,108.18736267089844,11.694053649902344,11.812637329101562,0.11858367919921875
9451,M,162.0,159.34951782226562,158.9575653076172,2.650482177734375,3.0424346923828125,0.3919525146484375
9456,F,94.0,93.97647094726562,94.46235656738281,0.023529052734375,0.4623565673828125,0.4858856201171875
9459,M,162.0,143.2392578125,144.73890686035156,18.7607421875,17.261093139648438,1.4996490478515625
9461,F,132.0,128.83502197265625,128.90965270996094,3.16497802734375,3.0903472900390625,0.0746307373046875
9470,M,60.0,60.33782196044922,58.41389465332031,0.33782196044921875,1.5861053466796875,1.9239273071289062
9471,F,156.0,143.68154907226562,143.62738037109375,12.318450927734375,12.37261962890625,0.054168701171875
9476,F,168.0,166.8997344970703,167.22821044921875,1.1002655029296875,0.77178955078125,0.3284759521484375
9481,M,156.0,158.63369750976562,158.27622985839844,2.633697509765625,2.2762298583984375,0.3574676513671875
9484,F,94.0,91.81990051269531,91.94869995117188,2.1800994873046875,2.051300048828125,0.1287994384765625
9485,M,156.0,158.40821838378906,159.55267333984375,2.4082183837890625,3.55267333984375,1.1444549560546875
9489,F,144.0,148.62960815429688,147.8160400390625,4.629608154296875,3.8160400390625,0.813568115234375
9494,F,126.0,133.6199951171875,133.16763305664062,7.6199951171875,7.167633056640625,0.452362060546875
9504,M,156.0,153.16836547851562,152.8939208984375,2.831634521484375,3.1060791015625,0.274444580078125
9506,F,106.0,145.37115478515625,147.7158966064453,39.37115478515625,41.71589660644531,2.3447418212890625
9519,M,138.0,130.65020751953125,133.79385375976562,7.34979248046875,4.206146240234375,3.143646240234375
9527,F,156.0,150.41737365722656,151.1439666748047,5.5826263427734375,4.8560333251953125,0.726593017578125
9528,M,150.0,138.6829376220703,134.08518981933594,11.317062377929688,15.914810180664062,4.597747802734375
9529,F,50.0,50.65757751464844,51.02124786376953,0.6575775146484375,1.0212478637695312,0.36367034912109375
9532,M,150.0,153.0730743408203,152.73138427734375,3.0730743408203125,2.73138427734375,0.3416900634765625
9549,F,132.0,121.388427734375,119.9248046875,10.611572265625,12.0751953125,1.463623046875
9563,M,168.0,167.9691925048828,168.6490936279297,0.0308074951171875,0.6490936279296875,0.679901123046875
9573,M,42.0,38.5372314453125,39.27466583251953,3.4627685546875,2.7253341674804688,0.7374343872070312
9575,M,156.0,154.90121459960938,155.12649536132812,1.098785400390625,0.873504638671875,0.22528076171875
9589,M,120.0,130.72752380371094,133.07492065429688,10.727523803710938,13.074920654296875,2.3473968505859375
9593,M,156.0,152.4439697265625,153.3426513671875,3.5560302734375,2.6573486328125,0.898681640625
9595,F,138.0,134.30287170410156,134.15017700195312,3.6971282958984375,3.849822998046875,0.1526947021484375
9601,F,94.0,87.85545349121094,89.05253601074219,6.1445465087890625,4.9474639892578125,1.19708251953125
9602,F,150.0,143.05535888671875,145.58055114746094,6.94464111328125,4.4194488525390625,2.5251922607421875
9614,M,84.0,77.36589050292969,76.44003295898438,6.6341094970703125,7.559967041015625,0.9258575439453125
9616,M,72.0,76.47313690185547,77.1668472290039,4.473136901855469,5.166847229003906,0.6937103271484375
9620,M,120.0,95.64730834960938,103.82918548583984,24.352691650390625,16.170814514160156,8.181877136230469
9628,M,138.0,135.08119201660156,136.0000457763672,2.9188079833984375,1.9999542236328125,0.918853759765625
9636,M,138.0,134.11183166503906,133.47164916992188,3.8881683349609375,4.528350830078125,0.6401824951171875
9655,M,54.0,57.39131164550781,57.976600646972656,3.3913116455078125,3.9766006469726562,0.5852890014648438
9667,F,69.0,74.76207733154297,74.74034118652344,5.762077331542969,5.7403411865234375,0.02173614501953125
9670,F,132.0,124.02493286132812,125.16570281982422,7.975067138671875,6.834297180175781,1.1407699584960938
9676,F,132.0,132.9141082763672,135.91957092285156,0.9141082763671875,3.9195709228515625,3.005462646484375
9678,M,132.0,126.25688171386719,125.71550750732422,5.7431182861328125,6.284492492675781,0.5413742065429688
9687,F,144.0,145.9139404296875,145.14129638671875,1.9139404296875,1.14129638671875,0.77264404296875
9695,M,192.0,179.61544799804688,179.94512939453125,12.384552001953125,12.05487060546875,0.329681396484375
9696,M,144.0,150.17799377441406,147.5368194580078,6.1779937744140625,3.5368194580078125,2.64117431640625
9704,F,156.0,155.07949829101562,153.6612548828125,0.920501708984375,2.3387451171875,1.418243408203125
9707,M,150.0,147.22607421875,149.55303955078125,2.77392578125,0.44696044921875,2.32696533203125
9709,F,144.0,145.67469787597656,147.36451721191406,1.6746978759765625,3.3645172119140625,1.6898193359375
9710,M,132.0,126.16004180908203,127.21197509765625,5.839958190917969,4.78802490234375,1.0519332885742188
9711,M,96.0,103.67655944824219,102.76905822753906,7.6765594482421875,6.7690582275390625,0.907501220703125
9716,M,168.0,159.52252197265625,159.99227905273438,8.47747802734375,8.007720947265625,0.469757080078125
9725,M,168.0,175.0085906982422,176.13328552246094,7.0085906982421875,8.133285522460938,1.12469482421875
9737,M,150.0,157.72164916992188,157.82215881347656,7.721649169921875,7.8221588134765625,0.1005096435546875
9739,M,156.0,157.5916290283203,157.44192504882812,1.5916290283203125,1.441925048828125,0.1497039794921875
9747,M,168.0,166.08914184570312,165.73460388183594,1.910858154296875,2.2653961181640625,0.3545379638671875
9754,M,156.0,163.2179718017578,162.8413543701172,7.2179718017578125,6.8413543701171875,0.376617431640625
9756,F,120.0,102.1673812866211,101.18994140625,17.832618713378906,18.81005859375,0.9774398803710938
9759,M,102.0,102.7181167602539,100.31475067138672,0.7181167602539062,1.6852493286132812,2.4033660888671875
9761,M,186.0,184.66726684570312,185.06036376953125,1.332733154296875,0.93963623046875,0.393096923828125
9773,M,162.0,162.2556610107422,161.59906005859375,0.2556610107421875,0.40093994140625,0.6566009521484375
9775,F,60.0,54.01768493652344,56.409278869628906,5.9823150634765625,3.5907211303710938,2.3915939331054688
9777,M,120.0,107.3968505859375,106.61957550048828,12.6031494140625,13.380424499511719,0.7772750854492188
9781,F,180.0,180.68919372558594,179.69784545898438,0.6891937255859375,0.302154541015625,0.9913482666015625
9789,F,33.0,39.98676300048828,40.57176208496094,6.986763000488281,7.5717620849609375,0.5849990844726562
9791,F,132.0,134.71023559570312,133.1959991455078,2.710235595703125,1.1959991455078125,1.5142364501953125
9808,F,88.0,101.4250259399414,101.44395446777344,13.425025939941406,13.443954467773438,0.01892852783203125
9813,M,96.0,92.79653930664062,92.04520416259766,3.203460693359375,3.9547958374023438,0.7513351440429688
9814,M,204.0,204.09605407714844,204.3870849609375,0.0960540771484375,0.3870849609375,0.2910308837890625
9817,M,96.0,114.40831756591797,114.11312866210938,18.40831756591797,18.113128662109375,0.29518890380859375
9822,F,36.0,47.553619384765625,49.88947296142578,11.553619384765625,13.889472961425781,2.3358535766601562
9824,F,144.0,139.0374755859375,139.57733154296875,4.9625244140625,4.42266845703125,0.53985595703125
9826,M,114.0,113.22337341308594,111.43602752685547,0.7766265869140625,2.5639724731445312,1.7873458862304688
9837,F,106.0,98.2222900390625,99.07699584960938,7.7777099609375,6.923004150390625,0.854705810546875
9847,F,82.0,71.93882751464844,73.11033630371094,10.061172485351562,8.889663696289062,1.1715087890625
9857,M,72.0,70.03965759277344,70.01806640625,1.9603424072265625,1.98193359375,0.0215911865234375
9864,M,108.0,102.49903869628906,102.45878601074219,5.5009613037109375,5.5412139892578125,0.040252685546875
9870,M,204.0,202.71340942382812,202.1166229248047,1.286590576171875,1.8833770751953125,0.5967864990234375
9872,F,144.0,133.33912658691406,133.63943481445312,10.660873413085938,10.360565185546875,0.3003082275390625
9873,M,168.0,181.21487426757812,179.84814453125,13.214874267578125,11.84814453125,1.366729736328125
9875,F,144.0,143.44869995117188,144.08892822265625,0.551300048828125,0.08892822265625,0.640228271484375
9888,M,120.0,112.4433364868164,113.09075164794922,7.556663513183594,6.909248352050781,0.6474151611328125
9917,M,156.0,167.65786743164062,169.6571807861328,11.657867431640625,13.657180786132812,1.9993133544921875
9919,F,94.0,84.75375366210938,85.07772827148438,9.246246337890625,8.922271728515625,0.323974609375
9927,F,88.0,83.16453552246094,83.36068725585938,4.8354644775390625,4.639312744140625,0.1961517333984375
9930,F,82.0,54.99396514892578,57.908782958984375,27.00603485107422,24.091217041015625,2.9148178100585938
9936,F,60.0,60.00568389892578,59.61119079589844,0.00568389892578125,0.3888092041015625,0.39449310302734375
9939,F,106.0,108.49517822265625,107.40447998046875,2.49517822265625,1.40447998046875,1.0906982421875
9942,F,120.0,111.4595718383789,113.13279724121094,8.540428161621094,6.8672027587890625,1.6732254028320312
9948,F,106.0,101.17391967773438,100.91336822509766,4.826080322265625,5.086631774902344,0.26055145263671875
9951,M,168.0,164.9129638671875,165.05215454101562,3.0870361328125,2.947845458984375,0.139190673828125
9959,F,82.0,83.22815704345703,80.66195678710938,1.2281570434570312,1.338043212890625,2.5662002563476562
9960,F,132.0,136.75604248046875,137.1822967529297,4.75604248046875,5.1822967529296875,0.4262542724609375
9962,M,96.0,93.5859375,93.82133483886719,2.4140625,2.1786651611328125,0.2353973388671875
9963,M,150.0,147.36705017089844,146.53567504882812,2.6329498291015625,3.464324951171875,0.8313751220703125
9964,M,156.0,162.30682373046875,159.33633422851562,6.30682373046875,3.336334228515625,2.970489501953125
9981,F,94.0,113.08882904052734,114.15921020507812,19.088829040527344,20.159210205078125,1.0703811645507812
9987,M,120.0,121.95237731933594,122.66924285888672,1.9523773193359375,2.6692428588867188,0.7168655395507812
9993,M,156.0,161.52706909179688,161.2744140625,5.527069091796875,5.2744140625,0.252655029296875
10000,M,96.0,98.21063232421875,98.28539276123047,2.21063232421875,2.2853927612304688,0.07476043701171875
10001,M,168.0,172.95896911621094,172.9054412841797,4.9589691162109375,4.9054412841796875,0.05352783203125
10002,M,168.0,169.7395782470703,170.0220947265625,1.7395782470703125,2.0220947265625,0.2825164794921875
10004,M,135.0,137.7547607421875,137.76058959960938,2.7547607421875,2.760589599609375,0.005828857421875
10007,M,168.0,172.2771453857422,177.13880920410156,4.2771453857421875,9.138809204101562,4.861663818359375
10009,F,82.0,84.14796447753906,83.51838684082031,2.1479644775390625,1.5183868408203125,0.62957763671875
10015,M,78.0,80.52432250976562,80.06820678710938,2.524322509765625,2.068206787109375,0.45611572265625
10017,F,82.0,79.69380187988281,79.42975616455078,2.3061981201171875,2.5702438354492188,0.26404571533203125
10031,M,150.0,151.39002990722656,153.1248779296875,1.3900299072265625,3.1248779296875,1.7348480224609375
10039,M,96.0,94.69374084472656,94.043701171875,1.3062591552734375,1.956298828125,0.6500396728515625
10053,M,84.0,87.60342407226562,89.35084533691406,3.603424072265625,5.3508453369140625,1.7474212646484375
10054,F,180.0,181.07907104492188,181.69973754882812,1.079071044921875,1.699737548828125,0.62066650390625
10062,F,132.0,137.1842041015625,135.61839294433594,5.1842041015625,3.6183929443359375,1.5658111572265625
10063,M,204.0,199.4450225830078,199.24761962890625,4.5549774169921875,4.75238037109375,0.1974029541015625
10085,F,120.0,136.50457763671875,136.40878295898438,16.50457763671875,16.408782958984375,0.095794677734375
10089,M,168.0,169.63479614257812,170.58917236328125,1.634796142578125,2.58917236328125,0.954376220703125
10090,M,168.0,178.28892517089844,178.00515747070312,10.288925170898438,10.005157470703125,0.2837677001953125
10091,M,168.0,163.3895263671875,163.1717071533203,4.6104736328125,4.8282928466796875,0.2178192138671875
10093,M,60.0,66.96664428710938,66.27898406982422,6.966644287109375,6.278984069824219,0.6876602172851562
10095,M,204.0,204.73892211914062,204.30267333984375,0.738922119140625,0.30267333984375,0.436248779296875
10096,M,42.0,41.96692657470703,42.22942352294922,0.03307342529296875,0.22942352294921875,0.2624969482421875
10099,F,144.0,138.93043518066406,138.07566833496094,5.0695648193359375,5.9243316650390625,0.854766845703125
10104,M,168.0,168.87741088867188,169.82278442382812,0.877410888671875,1.822784423828125,0.94537353515625
10106,M,162.0,156.8138427734375,156.28932189941406,5.1861572265625,5.7106781005859375,0.5245208740234375
10108,M,168.0,170.24183654785156,170.82156372070312,2.2418365478515625,2.821563720703125,0.5797271728515625
10110,F,69.0,76.82546997070312,77.00751495361328,7.825469970703125,8.007514953613281,0.18204498291015625
10117,F,132.0,121.56561279296875,122.8940200805664,10.43438720703125,9.105979919433594,1.3284072875976562
10118,F,69.0,52.518577575683594,53.089576721191406,16.481422424316406,15.910423278808594,0.5709991455078125
10136,F,144.0,148.474609375,148.03480529785156,4.474609375,4.0348052978515625,0.4398040771484375
10138,F,94.0,89.89361572265625,90.06578826904297,4.10638427734375,3.9342117309570312,0.17217254638671875
10144,M,135.0,134.7244415283203,134.34181213378906,0.2755584716796875,0.6581878662109375,0.38262939453125
10152,M,138.0,143.04469299316406,142.79098510742188,5.0446929931640625,4.790985107421875,0.2537078857421875
10156,M,138.0,132.6177215576172,131.79161071777344,5.3822784423828125,6.2083892822265625,0.82611083984375
10157,F,192.0,180.56320190429688,183.39739990234375,11.436798095703125,8.60260009765625,2.834197998046875
10158,M,204.0,203.80648803710938,203.66912841796875,0.193511962890625,0.33087158203125,0.137359619140625
10164,F,144.0,133.38685607910156,132.05850219726562,10.613143920898438,11.941497802734375,1.3283538818359375
10165,M,108.0,109.65203094482422,109.99945068359375,1.6520309448242188,1.99945068359375,0.34741973876953125
10168,M,144.0,138.00787353515625,137.8063507080078,5.99212646484375,6.1936492919921875,0.2015228271484375
10174,M,84.0,96.24822998046875,96.60235595703125,12.24822998046875,12.60235595703125,0.3541259765625
10177,M,84.0,92.18488311767578,95.8668212890625,8.184883117675781,11.8668212890625,3.6819381713867188
10178,M,162.0,163.73585510253906,165.63551330566406,1.7358551025390625,3.6355133056640625,1.899658203125
10179,M,102.0,104.83931732177734,105.59961700439453,2.8393173217773438,3.5996170043945312,0.7602996826171875
10186,M,10.0,19.769287109375,19.79467010498047,9.769287109375,9.794670104980469,0.02538299560546875
10197,M,168.0,165.00347900390625,164.9913787841797,2.99652099609375,3.0086212158203125,0.0121002197265625
10199,F,120.0,109.75184631347656,110.14146423339844,10.248153686523438,9.858535766601562,0.389617919921875
10204,F,132.0,133.39988708496094,134.99728393554688,1.3998870849609375,2.997283935546875,1.5973968505859375
10225,M,168.0,158.7627716064453,158.10691833496094,9.237228393554688,9.893081665039062,0.655853271484375
10226,M,204.0,202.457763671875,202.19400024414062,1.542236328125,1.805999755859375,0.263763427734375
10227,F,144.0,138.76181030273438,139.9017791748047,5.238189697265625,4.0982208251953125,1.1399688720703125
10233,M,204.0,201.4507293701172,201.06607055664062,2.5492706298828125,2.933929443359375,0.3846588134765625
10243,F,132.0,136.95465087890625,137.00743103027344,4.95465087890625,5.0074310302734375,0.0527801513671875
10249,F,120.0,101.7818832397461,97.44203186035156,18.218116760253906,22.557968139648438,4.339851379394531
10251,M,162.0,166.92037963867188,163.16835021972656,4.920379638671875,1.1683502197265625,3.7520294189453125
10267,F,120.0,132.5118865966797,131.17138671875,12.511886596679688,11.17138671875,1.3404998779296875
10271,M,54.0,49.86015319824219,46.32719421386719,4.1398468017578125,7.6728057861328125,3.532958984375
10274,M,132.0,122.23957824707031,117.04977416992188,9.760421752929688,14.950225830078125,5.1898040771484375
10277,M,84.0,98.19760131835938,94.06692504882812,14.197601318359375,10.066925048828125,4.13067626953125
10282,F,82.0,82.20280456542969,81.724853515625,0.2028045654296875,0.275146484375,0.4779510498046875
10291,F,60.0,66.78579711914062,67.16184997558594,6.785797119140625,7.1618499755859375,0.3760528564453125
10292,F,120.0,128.3827362060547,128.43882751464844,8.382736206054688,8.438827514648438,0.05609130859375
10321,F,82.0,83.85578918457031,82.9073486328125,1.8557891845703125,0.9073486328125,0.9484405517578125
10324,M,114.0,111.83049011230469,111.40985870361328,2.1695098876953125,2.5901412963867188,0.42063140869140625
10327,F,82.0,88.32460021972656,89.02670288085938,6.3246002197265625,7.026702880859375,0.7021026611328125
10329,M,138.0,129.86793518066406,130.92086791992188,8.132064819335938,7.079132080078125,1.0529327392578125
10331,F,94.0,102.26461029052734,102.21146392822266,8.264610290527344,8.211463928222656,0.0531463623046875
10338,F,144.0,133.9888458251953,135.48907470703125,10.011154174804688,8.51092529296875,1.5002288818359375
10342,F,126.0,119.0827407836914,119.08863830566406,6.917259216308594,6.9113616943359375,0.00589752197265625
10345,M,120.0,120.62384033203125,119.74588775634766,0.62384033203125,0.25411224365234375,0.8779525756835938
10347,F,69.0,58.324127197265625,59.650299072265625,10.675872802734375,9.349700927734375,1.326171875
10348,M,150.0,158.09323120117188,157.88291931152344,8.093231201171875,7.8829193115234375,0.2103118896484375
10353,F,82.0,81.98353576660156,82.03677368164062,0.0164642333984375,0.036773681640625,0.0532379150390625
10357,M,108.0,113.8078384399414,113.26557159423828,5.807838439941406,5.265571594238281,0.542266845703125
10366,M,162.0,167.93954467773438,167.9864501953125,5.939544677734375,5.9864501953125,0.046905517578125
10367,F,120.0,126.642822265625,127.02486419677734,6.642822265625,7.024864196777344,0.38204193115234375
10370,F,120.0,113.1244888305664,114.09339141845703,6.875511169433594,5.906608581542969,0.968902587890625
10376,M,102.0,109.03917694091797,110.08049011230469,7.039176940917969,8.080490112304688,1.0413131713867188
10382,F,168.0,165.50779724121094,166.4159698486328,2.4922027587890625,1.5840301513671875,0.908172607421875
10387,M,84.0,80.5724868774414,81.57670593261719,3.4275131225585938,2.4232940673828125,1.0042190551757812
10396,F,106.0,117.3917236328125,119.61024475097656,11.3917236328125,13.610244750976562,2.2185211181640625
10397,M,156.0,160.51300048828125,160.8617401123047,4.51300048828125,4.8617401123046875,0.3487396240234375
10402,F,132.0,125.29776000976562,125.51862335205078,6.702239990234375,6.481376647949219,0.22086334228515625
10405,F,120.0,124.39391326904297,123.01948547363281,4.393913269042969,3.0194854736328125,1.3744277954101562
10412,M,108.0,102.49418640136719,101.85826873779297,5.5058135986328125,6.141731262207031,0.6359176635742188
10417,F,94.0,93.306884765625,94.10102844238281,0.693115234375,0.1010284423828125,0.7941436767578125
10440,M,72.0,76.00313568115234,74.81268310546875,4.003135681152344,2.81268310546875,1.1904525756835938
10449,F,150.0,148.47901916503906,147.43495178222656,1.5209808349609375,2.5650482177734375,1.0440673828125
10454,M,138.0,131.70318603515625,131.41273498535156,6.29681396484375,6.5872650146484375,0.2904510498046875
10472,F,120.0,116.93335723876953,118.02206420898438,3.0666427612304688,1.977935791015625,1.0887069702148438
10475,F,132.0,135.57330322265625,134.70494079589844,3.57330322265625,2.7049407958984375,0.8683624267578125
10478,F,94.0,97.92372131347656,98.58039855957031,3.9237213134765625,4.5803985595703125,0.65667724609375
10482,F,120.0,120.8910903930664,120.5891342163086,0.8910903930664062,0.5891342163085938,0.3019561767578125
10484,F,144.0,146.00271606445312,147.6842041015625,2.002716064453125,3.6842041015625,1.681488037109375
10487,F,132.0,133.6304168701172,134.4200897216797,1.6304168701171875,2.4200897216796875,0.7896728515625
10488,F,106.0,116.20435333251953,116.71662139892578,10.204353332519531,10.716621398925781,0.51226806640625
10503,F,132.0,133.3275909423828,133.55191040039062,1.3275909423828125,1.551910400390625,0.2243194580078125
10521,F,60.0,67.00965881347656,68.19294738769531,7.0096588134765625,8.192947387695312,1.18328857421875
10523,F,120.0,110.2605209350586,108.94734954833984,9.739479064941406,11.052650451660156,1.31317138671875
10527,F,144.0,146.39906311035156,146.537353515625,2.3990631103515625,2.537353515625,0.1382904052734375
10537,M,150.0,150.23464965820312,151.1969451904297,0.234649658203125,1.1969451904296875,0.9622955322265625
10544,M,150.0,149.49903869628906,149.3572998046875,0.5009613037109375,0.6427001953125,0.1417388916015625
10547,M,120.0,127.04454803466797,127.78900909423828,7.044548034667969,7.789009094238281,0.7444610595703125
10548,F,132.0,119.51301574707031,120.33965301513672,12.486984252929688,11.660346984863281,0.8266372680664062
10555,M,144.0,143.6211700439453,146.16014099121094,0.3788299560546875,2.1601409912109375,2.538970947265625
10556,M,138.0,138.09938049316406,139.86831665039062,0.0993804931640625,1.868316650390625,1.7689361572265625
10562,M,150.0,144.41571044921875,145.02117919921875,5.58428955078125,4.97882080078125,0.60546875
10576,F,120.0,127.0634536743164,126.8254165649414,7.063453674316406,6.825416564941406,0.238037109375
10577,F,94.0,87.658203125,87.49114990234375,6.341796875,6.50885009765625,0.16705322265625
10578,F,50.0,42.339149475097656,43.47227478027344,7.660850524902344,6.5277252197265625,1.1331253051757812
10582,M,156.0,152.86517333984375,153.59329223632812,3.13482666015625,2.406707763671875,0.728118896484375
10583,M,162.0,162.4209442138672,163.5010986328125,0.4209442138671875,1.5010986328125,1.0801544189453125
10592,F,106.0,111.08150482177734,112.16451263427734,5.081504821777344,6.164512634277344,1.0830078125
10595,M,150.0,152.0425567626953,153.6415557861328,2.0425567626953125,3.6415557861328125,1.5989990234375
10597,F,69.0,69.99551391601562,70.14836120605469,0.995513916015625,1.1483612060546875,0.1528472900390625
10599,F,60.0,58.72234344482422,59.62547302246094,1.2776565551757812,0.3745269775390625,0.9031295776367188
10605,F,82.0,87.91290283203125,88.66741180419922,5.91290283203125,6.667411804199219,0.7545089721679688
10607,F,180.0,174.18478393554688,174.51795959472656,5.815216064453125,5.4820404052734375,0.3331756591796875
10615,M,72.0,75.60263061523438,75.53241729736328,3.602630615234375,3.5324172973632812,0.07021331787109375
10616,M,168.0,161.3448486328125,162.71414184570312,6.6551513671875,5.285858154296875,1.369293212890625
10618,F,69.0,78.07742309570312,78.90354919433594,9.077423095703125,9.903549194335938,0.8261260986328125
10626,M,156.0,149.10586547851562,150.49542236328125,6.894134521484375,5.50457763671875,1.389556884765625
10631,M,162.0,163.74398803710938,164.49496459960938,1.743988037109375,2.494964599609375,0.7509765625
10633,M,150.0,151.98594665527344,151.87319946289062,1.9859466552734375,1.873199462890625,0.1127471923828125
10634,F,120.0,123.25053405761719,124.2740478515625,3.2505340576171875,4.2740478515625,1.0235137939453125
10637,M,132.0,142.07879638671875,145.47303771972656,10.07879638671875,13.473037719726562,3.3942413330078125
10638,M,180.0,179.09637451171875,179.42599487304688,0.90362548828125,0.574005126953125,0.329620361328125
10640,M,48.0,64.85415649414062,66.0396728515625,16.854156494140625,18.0396728515625,1.185516357421875
10644,F,138.0,140.014892578125,140.0132293701172,2.014892578125,2.0132293701171875,0.0016632080078125
10647,F,106.0,110.4205551147461,109.15985107421875,4.420555114746094,3.15985107421875,1.2607040405273438
10650,F,120.0,124.68416595458984,124.47306060791016,4.684165954589844,4.473060607910156,0.2111053466796875
10662,F,132.0,128.4921112060547,129.1179962158203,3.5078887939453125,2.8820037841796875,0.625885009765625
10669,F,94.0,83.05595397949219,84.58528137207031,10.944046020507812,9.414718627929688,1.529327392578125
10670,M,180.0,173.59869384765625,170.50436401367188,6.40130615234375,9.495635986328125,3.094329833984375
10677,F,30.0,25.00749969482422,24.875152587890625,4.992500305175781,5.124847412109375,0.13234710693359375
10680,M,156.0,153.97097778320312,154.1515350341797,2.029022216796875,1.8484649658203125,0.1805572509765625
10681,M,168.0,165.82040405273438,165.96255493164062,2.179595947265625,2.037445068359375,0.14215087890625
10682,M,162.0,163.13629150390625,165.222412109375,1.13629150390625,3.222412109375,2.08612060546875
10685,F,69.0,81.20626831054688,80.47107696533203,12.206268310546875,11.471076965332031,0.7351913452148438
10688,F,120.0,127.95714569091797,127.33721923828125,7.957145690917969,7.33721923828125,0.6199264526367188
10694,M,96.0,87.752685546875,87.53147888183594,8.247314453125,8.468521118164062,0.2212066650390625
10696,F,120.0,111.94792175292969,111.19599151611328,8.052078247070312,8.804008483886719,0.7519302368164062
10698,F,94.0,102.70137786865234,104.00157928466797,8.701377868652344,10.001579284667969,1.300201416015625
10700,M,120.0,116.64015197753906,117.16409301757812,3.3598480224609375,2.835906982421875,0.5239410400390625
10712,F,42.0,43.19512939453125,43.300575256347656,1.19512939453125,1.3005752563476562,0.10544586181640625
10713,M,168.0,162.79864501953125,163.63758850097656,5.20135498046875,4.3624114990234375,0.8389434814453125
10724,F,82.0,91.5215072631836,91.08480834960938,9.521507263183594,9.084808349609375,0.43669891357421875
10726,M,84.0,75.65603637695312,77.07969665527344,8.343963623046875,6.9203033447265625,1.4236602783203125
10727,F,115.0,105.15420532226562,105.57777404785156,9.845794677734375,9.422225952148438,0.4235687255859375
10731,M,132.0,119.65152740478516,119.02680969238281,12.348472595214844,12.973190307617188,0.6247177124023438
10739,M,186.0,190.04067993164062,190.62059020996094,4.040679931640625,4.6205902099609375,0.5799102783203125
10747,M,120.0,109.36119842529297,108.9359130859375,10.638801574707031,11.0640869140625,0.42528533935546875
10749,M,156.0,172.29129028320312,172.78053283691406,16.291290283203125,16.780532836914062,0.4892425537109375
10759,F,144.0,145.1929931640625,147.37884521484375,1.1929931640625,3.37884521484375,2.18585205078125
10763,M,162.0,157.67625427246094,156.76625061035156,4.3237457275390625,5.2337493896484375,0.910003662109375
10786,F,162.0,158.9091796875,158.48219299316406,3.0908203125,3.5178070068359375,0.4269866943359375
10789,M,132.0,132.5608673095703,133.96229553222656,0.5608673095703125,1.9622955322265625,1.40142822265625
10794,F,156.0,150.49026489257812,150.92088317871094,5.509735107421875,5.0791168212890625,0.4306182861328125
10798,M,84.0,78.66311645507812,76.18242645263672,5.336883544921875,7.817573547363281,2.4806900024414062
10799,F,126.0,130.66871643066406,130.79747009277344,4.6687164306640625,4.7974700927734375,0.128753662109375
10811,F,132.0,139.6690216064453,141.90408325195312,7.6690216064453125,9.904083251953125,2.2350616455078125
10813,F,94.0,99.9823226928711,102.35690307617188,5.982322692871094,8.356903076171875,2.3745803833007812
10818,F,106.0,112.62149810791016,113.54060363769531,6.621498107910156,7.5406036376953125,0.9191055297851562
10821,F,88.0,72.37669372558594,72.58982849121094,15.623306274414062,15.410171508789062,0.213134765625
10830,M,102.0,108.93186950683594,108.73546600341797,6.9318695068359375,6.735466003417969,0.19640350341796875
10836,F,106.0,89.62371826171875,89.3228759765625,16.37628173828125,16.6771240234375,0.30084228515625
10849,M,120.0,128.29238891601562,130.31149291992188,8.292388916015625,10.311492919921875,2.01910400390625
10857,M,150.0,153.25782775878906,152.16790771484375,3.2578277587890625,2.16790771484375,1.0899200439453125
10864,M,150.0,138.20028686523438,142.3663787841797,11.799713134765625,7.6336212158203125,4.1660919189453125
10870,M,114.0,118.87850952148438,117.10106658935547,4.878509521484375,3.1010665893554688,1.7774429321289062
10878,M,120.0,117.08111572265625,117.43755340576172,2.91888427734375,2.5624465942382812,0.35643768310546875
10885,F,192.0,183.59796142578125,183.86631774902344,8.40203857421875,8.133682250976562,0.2683563232421875
10886,F,120.0,134.6909942626953,134.10079956054688,14.690994262695312,14.100799560546875,0.5901947021484375
10894,M,174.0,181.70974731445312,183.49391174316406,7.709747314453125,9.493911743164062,1.7841644287109375
10897,M,84.0,82.53495025634766,82.01942443847656,1.4650497436523438,1.9805755615234375,0.5155258178710938
10942,M,108.0,121.58436584472656,124.0673599243164,13.584365844726562,16.067359924316406,2.4829940795898438
10947,F,120.0,96.06937408447266,94.7476577758789,23.930625915527344,25.252342224121094,1.32171630859375
10948,M,150.0,148.73956298828125,147.70059204101562,1.26043701171875,2.299407958984375,1.038970947265625
10950,M,150.0,154.29173278808594,154.6885223388672,4.2917327880859375,4.6885223388671875,0.39678955078125
10955,F,156.0,148.90087890625,150.49868774414062,7.09912109375,5.501312255859375,1.597808837890625
10956,F,132.0,131.76441955566406,132.0302734375,0.2355804443359375,0.0302734375,0.2658538818359375
10964,M,132.0,122.20465850830078,122.42442321777344,9.795341491699219,9.575576782226562,0.21976470947265625
10971,M,150.0,149.53213500976562,148.1783447265625,0.467864990234375,1.8216552734375,1.353790283203125
10979,M,168.0,169.5771942138672,169.32000732421875,1.5771942138671875,1.32000732421875,0.2571868896484375
10986,F,126.0,138.14813232421875,136.93321228027344,12.14813232421875,10.933212280273438,1.2149200439453125
10988,M,60.0,53.54521179199219,53.772544860839844,6.4547882080078125,6.227455139160156,0.22733306884765625
10995,M,150.0,158.72921752929688,157.97491455078125,8.729217529296875,7.97491455078125,0.754302978515625
11008,F,180.0,179.41111755371094,178.45474243164062,0.5888824462890625,1.545257568359375,0.9563751220703125
11011,M,210.0,205.3681182861328,205.31117248535156,4.6318817138671875,4.6888275146484375,0.05694580078125
11014,M,168.0,174.36155700683594,173.8775634765625,6.3615570068359375,5.8775634765625,0.4839935302734375
11015,F,94.0,93.77157592773438,94.4231948852539,0.228424072265625,0.42319488525390625,0.6516189575195312
11019,F,144.0,147.69427490234375,147.23841857910156,3.69427490234375,3.2384185791015625,0.4558563232421875
11021,F,156.0,151.82467651367188,153.91754150390625,4.175323486328125,2.08245849609375,2.092864990234375
11022,M,150.0,145.9208526611328,145.91387939453125,4.0791473388671875,4.08612060546875,0.0069732666015625
11026,M,96.0,103.6304931640625,104.88094329833984,7.6304931640625,8.880943298339844,1.2504501342773438
11029,M,54.0,46.065208435058594,46.042816162109375,7.934791564941406,7.957183837890625,0.02239227294921875
11033,F,150.0,126.49408721923828,126.36378479003906,23.50591278076172,23.636215209960938,0.13030242919921875
11034,F,120.0,129.89462280273438,130.0133819580078,9.894622802734375,10.013381958007812,0.1187591552734375
11042,M,180.0,174.56246948242188,174.2448272705078,5.437530517578125,5.7551727294921875,0.3176422119140625
11046,M,168.0,176.37176513671875,177.82493591308594,8.37176513671875,9.824935913085938,1.4531707763671875
11057,M,186.0,185.3878173828125,186.86102294921875,0.6121826171875,0.86102294921875,1.47320556640625
11071,M,78.0,66.43389892578125,66.37588500976562,11.56610107421875,11.624114990234375,0.058013916015625
11075,F,42.0,41.464195251464844,41.86035919189453,0.5358047485351562,0.13964080810546875,0.3961639404296875
11096,F,132.0,142.41067504882812,142.41238403320312,10.410675048828125,10.412384033203125,0.001708984375
11097,M,168.0,162.791015625,162.49868774414062,5.208984375,5.501312255859375,0.292327880859375
11098,M,156.0,162.02764892578125,162.32339477539062,6.02764892578125,6.323394775390625,0.295745849609375
11102,F,120.0,91.72392272949219,93.06277465820312,28.276077270507812,26.937225341796875,1.3388519287109375
11106,F,36.0,30.284164428710938,31.15264129638672,5.7158355712890625,4.847358703613281,0.8684768676757812
11119,M,72.0,72.18142700195312,76.47022247314453,0.181427001953125,4.470222473144531,4.288795471191406
11120,M,108.0,102.47438049316406,101.55307006835938,5.5256195068359375,6.446929931640625,0.9213104248046875
11124,F,106.0,101.82034301757812,102.8443603515625,4.179656982421875,3.1556396484375,1.024017333984375
11127,M,60.0,63.47764205932617,63.55340576171875,3.477642059326172,3.55340576171875,0.07576370239257812
11130,F,144.0,147.4735107421875,148.00054931640625,3.4735107421875,4.00054931640625,0.52703857421875
11150,F,94.0,96.86444854736328,96.14378356933594,2.8644485473632812,2.1437835693359375,0.7206649780273438
11162,F,30.0,24.21031951904297,25.521240234375,5.789680480957031,4.478759765625,1.3109207153320312
11163,M,84.0,90.49057006835938,89.71086120605469,6.490570068359375,5.7108612060546875,0.7797088623046875
11164,F,106.0,116.86724853515625,118.255859375,10.86724853515625,12.255859375,1.38861083984375
11166,M,156.0,149.74993896484375,148.77345275878906,6.25006103515625,7.2265472412109375,0.9764862060546875
11180,F,156.0,167.86354064941406,167.3480682373047,11.863540649414062,11.348068237304688,0.515472412109375
11181,F,132.0,126.24994659423828,126.30473327636719,5.750053405761719,5.6952667236328125,0.05478668212890625
11185,M,48.0,59.12104797363281,59.19689178466797,11.121047973632812,11.196891784667969,0.07584381103515625
11203,M,156.0,151.5216064453125,153.00975036621094,4.4783935546875,2.9902496337890625,1.4881439208984375
11217,M,168.0,179.99658203125,180.31118774414062,11.99658203125,12.311187744140625,0.314605712890625
11225,M,228.0,213.281005859375,209.389404296875,14.718994140625,18.610595703125,3.8916015625
11227,F,106.0,113.18058776855469,114.21708679199219,7.1805877685546875,8.217086791992188,1.0364990234375
11234,M,162.0,162.1384735107422,162.0919189453125,0.1384735107421875,0.0919189453125,0.0465545654296875
11235,M,60.0,64.75178527832031,65.44324493408203,4.7517852783203125,5.443244934082031,0.6914596557617188
11236,M,156.0,158.7262725830078,157.6795196533203,2.7262725830078125,1.6795196533203125,1.0467529296875
11237,M,57.0,55.77027893066406,54.57427215576172,1.2297210693359375,2.4257278442382812,1.1960067749023438
11244,F,114.0,100.49887084960938,101.1321792602539,13.501129150390625,12.867820739746094,0.6333084106445312
11248,M,120.0,121.97162628173828,117.24274444580078,1.9716262817382812,2.7572555541992188,4.7288818359375
11252,M,198.0,196.7247314453125,197.10153198242188,1.2752685546875,0.898468017578125,0.376800537109375
11256,M,150.0,148.56198120117188,145.83399963378906,1.438018798828125,4.1660003662109375,2.7279815673828125
11264,M,120.0,125.3365707397461,123.51472473144531,5.336570739746094,3.5147247314453125,1.8218460083007812
11269,F,144.0,135.22100830078125,132.95701599121094,8.77899169921875,11.042984008789062,2.2639923095703125
11277,M,132.0,130.28208923339844,129.89466857910156,1.7179107666015625,2.1053314208984375,0.387420654296875
11279,F,106.0,99.68721008300781,99.40345764160156,6.3127899169921875,6.5965423583984375,0.28375244140625
11283,M,135.0,122.94424438476562,122.38391876220703,12.055755615234375,12.616081237792969,0.5603256225585938
11293,F,132.0,133.3726043701172,132.2419891357422,1.3726043701171875,0.2419891357421875,1.130615234375
11299,M,138.0,135.7947235107422,137.36563110351562,2.2052764892578125,0.634368896484375,1.5709075927734375
11300,M,168.0,163.05810546875,163.48550415039062,4.94189453125,4.514495849609375,0.427398681640625
11305,F,94.0,94.59749603271484,95.52731323242188,0.5974960327148438,1.527313232421875,0.9298171997070312
11308,M,96.0,102.83407592773438,102.92918395996094,6.834075927734375,6.9291839599609375,0.0951080322265625
11320,F,138.0,144.48753356933594,143.8424530029297,6.4875335693359375,5.8424530029296875,0.64508056640625
11327,F,168.0,172.21202087402344,174.61993408203125,4.2120208740234375,6.61993408203125,2.4079132080078125
11340,F,88.0,82.80846405029297,79.89838409423828,5.191535949707031,8.101615905761719,2.9100799560546875
11343,F,156.0,127.2991943359375,127.51142883300781,28.7008056640625,28.488571166992188,0.2122344970703125
11348,F,120.0,135.72264099121094,135.49819946289062,15.722640991210938,15.498199462890625,0.2244415283203125
11349,M,162.0,159.70651245117188,160.0380859375,2.293487548828125,1.9619140625,0.331573486328125
11352,F,106.0,118.92754364013672,114.18518829345703,12.927543640136719,8.185188293457031,4.7423553466796875
11365,M,132.0,142.65609741210938,143.00765991210938,10.656097412109375,11.007659912109375,0.3515625
11367,F,132.0,124.9327392578125,124.6683578491211,7.0672607421875,7.331642150878906,0.26438140869140625
11368,M,162.0,164.8028564453125,166.13330078125,2.8028564453125,4.13330078125,1.3304443359375
11373,F,180.0,180.6226806640625,180.8089141845703,0.6226806640625,0.8089141845703125,0.1862335205078125
11378,F,174.0,169.2517852783203,168.7123260498047,4.7482147216796875,5.2876739501953125,0.539459228515625
11381,F,94.0,84.32711791992188,84.24877166748047,9.672882080078125,9.751228332519531,0.07834625244140625
11397,F,138.0,141.3278350830078,141.56484985351562,3.3278350830078125,3.564849853515625,0.2370147705078125
11399,M,72.0,83.53431701660156,82.57133483886719,11.534317016601562,10.571334838867188,0.962982177734375
11400,M,96.0,101.10926818847656,102.73307800292969,5.1092681884765625,6.7330780029296875,1.623809814453125
11401,M,168.0,156.83177185058594,157.7955780029297,11.168228149414062,10.204421997070312,0.96380615234375
11402,F,69.0,67.11680603027344,69.14147186279297,1.8831939697265625,0.14147186279296875,2.0246658325195312
11404,F,156.0,153.40277099609375,155.20469665527344,2.59722900390625,0.7953033447265625,1.8019256591796875
11405,F,132.0,138.09559631347656,136.92726135253906,6.0955963134765625,4.9272613525390625,1.1683349609375
11406,F,69.0,68.33540344238281,67.30862426757812,0.6645965576171875,1.691375732421875,1.0267791748046875
11407,F,50.0,49.573829650878906,49.502403259277344,0.42617034912109375,0.49759674072265625,0.0714263916015625
11409,F,132.0,126.75306701660156,128.47671508789062,5.2469329833984375,3.523284912109375,1.7236480712890625
11410,M,216.0,203.70394897460938,203.34823608398438,12.296051025390625,12.651763916015625,0.355712890625
11416,M,32.0,46.279747009277344,46.07765197753906,14.279747009277344,14.077651977539062,0.20209503173828125
11446,F,120.0,129.2819061279297,129.94158935546875,9.281906127929688,9.94158935546875,0.6596832275390625
11451,M,120.0,130.82627868652344,128.44520568847656,10.826278686523438,8.445205688476562,2.381072998046875
11456,M,138.0,122.40861511230469,123.28507232666016,15.591384887695312,14.714927673339844,0.8764572143554688
11463,M,162.0,166.81199645996094,167.30084228515625,4.8119964599609375,5.30084228515625,0.4888458251953125
11465,M,150.0,156.2373046875,155.6471710205078,6.2373046875,5.6471710205078125,0.5901336669921875
11467,M,120.0,108.66918182373047,107.29714965820312,11.330818176269531,12.702850341796875,1.3720321655273438
11479,F,106.0,106.01107025146484,106.9255599975586,0.01107025146484375,0.9255599975585938,0.91448974609375
11480,F,69.0,72.43746948242188,72.32396697998047,3.437469482421875,3.3239669799804688,0.11350250244140625
11484,F,113.0,119.42133331298828,116.64576721191406,6.421333312988281,3.6457672119140625,2.7755661010742188
11496,F,106.0,90.6723861694336,90.97418975830078,15.327613830566406,15.025810241699219,0.3018035888671875
11508,M,150.0,145.0047149658203,144.3503875732422,4.9952850341796875,5.6496124267578125,0.654327392578125
11513,F,144.0,143.79356384277344,144.58102416992188,0.2064361572265625,0.581024169921875,0.7874603271484375
11514,F,106.0,109.88871765136719,112.05680847167969,3.8887176513671875,6.0568084716796875,2.1680908203125
11522,F,120.0,128.96902465820312,130.95822143554688,8.969024658203125,10.958221435546875,1.98919677734375
11539,F,204.0,190.6246337890625,191.28201293945312,13.3753662109375,12.717987060546875,0.657379150390625
11540,F,144.0,135.47789001464844,135.60354614257812,8.522109985351562,8.396453857421875,0.1256561279296875
11545,M,132.0,136.51611328125,132.93994140625,4.51611328125,0.93994140625,3.576171875
11554,F,156.0,160.30764770507812,160.42819213867188,4.307647705078125,4.428192138671875,0.12054443359375
11560,M,168.0,169.37831115722656,169.31979370117188,1.3783111572265625,1.319793701171875,0.0585174560546875
11561,F,156.0,174.48770141601562,175.16845703125,18.487701416015625,19.16845703125,0.680755615234375
11568,F,69.0,84.25318908691406,83.94464874267578,15.253189086914062,14.944648742675781,0.30854034423828125
11571,M,150.0,152.8023681640625,151.38299560546875,2.8023681640625,1.38299560546875,1.41937255859375
11574,M,150.0,137.98388671875,138.2740936279297,12.01611328125,11.725906372070312,0.2902069091796875
11578,M,150.0,139.2669219970703,142.1857147216797,10.733078002929688,7.8142852783203125,2.918792724609375
11582,F,88.0,98.01579284667969,100.25853729248047,10.015792846679688,12.258537292480469,2.2427444458007812
11583,M,150.0,136.56072998046875,137.242919921875,13.43927001953125,12.757080078125,0.68218994140625
11585,F,204.0,193.21539306640625,186.7919921875,10.78460693359375,17.2080078125,6.42340087890625
11594,M,165.0,164.0570526123047,164.05465698242188,0.9429473876953125,0.945343017578125,0.0023956298828125
11595,F,162.0,163.25180053710938,163.18405151367188,1.251800537109375,1.184051513671875,0.0677490234375
11603,M,66.0,67.0597915649414,66.91799926757812,1.0597915649414062,0.917999267578125,0.14179229736328125
11607,M,32.0,43.332061767578125,43.42527770996094,11.332061767578125,11.425277709960938,0.0932159423828125
11610,M,108.0,106.01036071777344,107.1357421875,1.9896392822265625,0.8642578125,1.1253814697265625
11611,M,156.0,161.7875213623047,164.2038116455078,5.7875213623046875,8.203811645507812,2.416290283203125
11613,F,50.0,43.88188171386719,42.53746032714844,6.1181182861328125,7.4625396728515625,1.34442138671875
11621,F,106.0,108.14291381835938,109.59049987792969,2.142913818359375,3.5904998779296875,1.4475860595703125
11622,F,120.0,128.19187927246094,127.26665496826172,8.191879272460938,7.266654968261719,0.9252243041992188
11630,F,46.0,40.565635681152344,40.32960510253906,5.434364318847656,5.6703948974609375,0.23603057861328125
11635,M,192.0,199.590576171875,201.19775390625,7.590576171875,9.19775390625,1.607177734375
11647,M,168.0,165.38963317871094,165.18215942382812,2.6103668212890625,2.817840576171875,0.2074737548828125
11653,F,180.0,181.24612426757812,181.9208526611328,1.246124267578125,1.9208526611328125,0.6747283935546875
11654,M,126.0,126.94921875,125.89195251464844,0.94921875,0.1080474853515625,1.0572662353515625
11669,M,120.0,115.82115936279297,118.83407592773438,4.178840637207031,1.165924072265625,3.0129165649414062
11672,F,106.0,92.59872436523438,94.12001037597656,13.401275634765625,11.879989624023438,1.5212860107421875
11675,M,42.0,41.02964782714844,40.0340576171875,0.9703521728515625,1.9659423828125,0.9955902099609375
11679,M,150.0,152.73573303222656,154.01565551757812,2.7357330322265625,4.015655517578125,1.2799224853515625
11682,M,138.0,128.9195556640625,130.52243041992188,9.0804443359375,7.477569580078125,1.602874755859375
11683,M,180.0,183.99880981445312,184.57696533203125,3.998809814453125,4.57696533203125,0.578155517578125
11685,F,132.0,148.24887084960938,149.2640380859375,16.248870849609375,17.2640380859375,1.015167236328125
11687,F,132.0,132.76551818847656,134.12379455566406,0.7655181884765625,2.1237945556640625,1.3582763671875
11689,M,150.0,136.15884399414062,137.70358276367188,13.841156005859375,12.296417236328125,1.54473876953125
11690,M,150.0,153.26751708984375,153.52162170410156,3.26751708984375,3.5216217041015625,0.2541046142578125
11697,F,120.0,129.27536010742188,128.21522521972656,9.275360107421875,8.215225219726562,1.0601348876953125
11699,F,162.0,155.95872497558594,155.4718780517578,6.0412750244140625,6.5281219482421875,0.486846923828125
11704,F,132.0,130.60191345214844,129.90492248535156,1.3980865478515625,2.0950775146484375,0.696990966796875
11707,M,120.0,113.03707122802734,113.67184448242188,6.962928771972656,6.328155517578125,0.6347732543945312
11710,M,84.0,80.05964660644531,79.83291625976562,3.9403533935546875,4.167083740234375,0.2267303466796875
11719,M,168.0,165.51156616210938,165.5772705078125,2.488433837890625,2.4227294921875,0.065704345703125
11723,M,132.0,136.3131561279297,134.96717834472656,4.3131561279296875,2.9671783447265625,1.345977783203125
11724,M,162.0,162.86720275878906,163.55746459960938,0.8672027587890625,1.557464599609375,0.6902618408203125
11725,F,60.0,46.8343505859375,47.1868896484375,13.1656494140625,12.8131103515625,0.3525390625
11737,F,144.0,144.68435668945312,144.9018096923828,0.684356689453125,0.9018096923828125,0.2174530029296875
11741,F,144.0,138.44744873046875,139.3385467529297,5.55255126953125,4.6614532470703125,0.8910980224609375
11746,F,156.0,156.28274536132812,156.7674560546875,0.282745361328125,0.7674560546875,0.484710693359375
11751,F,108.0,97.74946594238281,98.20500183105469,10.250534057617188,9.794998168945312,0.455535888671875
11752,F,150.0,150.9715118408203,151.1510772705078,0.9715118408203125,1.1510772705078125,0.1795654296875
11755,M,96.0,98.06967163085938,96.40100860595703,2.069671630859375,0.40100860595703125,1.6686630249023438
11758,F,132.0,130.23291015625,129.61241149902344,1.76708984375,2.3875885009765625,0.6204986572265625
11760,M,156.0,156.4785614013672,157.795166015625,0.4785614013671875,1.795166015625,1.3166046142578125
11765,F,120.0,121.31158447265625,123.53010559082031,1.31158447265625,3.5301055908203125,2.2185211181640625
11777,M,150.0,146.4081573486328,148.2829132080078,3.5918426513671875,1.7170867919921875,1.874755859375
11784,M,135.0,137.81748962402344,143.72076416015625,2.8174896240234375,8.72076416015625,5.9032745361328125
11800,M,162.0,156.78782653808594,156.20443725585938,5.2121734619140625,5.795562744140625,0.5833892822265625
11805,F,106.0,98.23538208007812,97.01436614990234,7.764617919921875,8.985633850097656,1.2210159301757812
11807,M,156.0,158.1553497314453,157.82476806640625,2.1553497314453125,1.82476806640625,0.3305816650390625
11812,F,60.0,57.406761169433594,58.025672912597656,2.5932388305664062,1.9743270874023438,0.6189117431640625
11813,F,180.0,172.73291015625,172.39512634277344,7.26708984375,7.6048736572265625,0.3377838134765625
11815,M,120.0,109.76582336425781,109.7264175415039,10.234176635742188,10.273582458496094,0.03940582275390625
11816,M,186.0,186.24691772460938,187.115966796875,0.246917724609375,1.115966796875,0.869049072265625
11827,F,106.0,112.21556091308594,116.6337890625,6.2155609130859375,10.6337890625,4.4182281494140625
11851,M,150.0,146.3689727783203,146.5633544921875,3.6310272216796875,3.4366455078125,0.1943817138671875
11856,F,120.0,102.72636413574219,100.33769226074219,17.273635864257812,19.662307739257812,2.388671875
11866,M,168.0,167.87710571289062,167.59109497070312,0.122894287109375,0.408905029296875,0.2860107421875
11867,F,88.0,90.5368881225586,91.28237915039062,2.5368881225585938,3.282379150390625,0.7454910278320312
11880,M,138.0,138.0878143310547,139.58944702148438,0.0878143310546875,1.589447021484375,1.5016326904296875
11890,F,132.0,138.2176513671875,140.91172790527344,6.2176513671875,8.911727905273438,2.6940765380859375
11892,F,42.0,34.87212371826172,36.37322235107422,7.127876281738281,5.626777648925781,1.5010986328125
11894,M,150.0,144.61004638671875,145.7971649169922,5.38995361328125,4.2028350830078125,1.1871185302734375
11897,M,150.0,163.22987365722656,163.09400939941406,13.229873657226562,13.094009399414062,0.1358642578125
11902,F,144.0,144.7547607421875,145.1804962158203,0.7547607421875,1.1804962158203125,0.4257354736328125
11908,F,106.0,117.9231185913086,117.32633209228516,11.923118591308594,11.326332092285156,0.5967864990234375
11915,M,168.0,157.43585205078125,156.48175048828125,10.56414794921875,11.51824951171875,0.9541015625
11920,M,150.0,154.3013458251953,153.93624877929688,4.3013458251953125,3.936248779296875,0.3650970458984375
11924,F,144.0,147.03610229492188,147.4083709716797,3.036102294921875,3.4083709716796875,0.3722686767578125
11935,F,120.0,136.26304626464844,138.62918090820312,16.263046264648438,18.629180908203125,2.3661346435546875
11944,F,162.0,156.927734375,160.22958374023438,5.072265625,1.770416259765625,3.301849365234375
11951,M,60.0,72.31350708007812,71.1668701171875,12.313507080078125,11.1668701171875,1.146636962890625
11953,M,138.0,136.65696716308594,135.80111694335938,1.3430328369140625,2.198883056640625,0.8558502197265625
11968,F,144.0,141.69776916503906,141.90155029296875,2.3022308349609375,2.09844970703125,0.2037811279296875
11973,F,69.0,50.49396514892578,49.82843017578125,18.50603485107422,19.17156982421875,0.6655349731445312
11978,F,106.0,110.66837310791016,112.79618835449219,4.668373107910156,6.7961883544921875,2.1278152465820312
11982,F,82.0,69.68121337890625,67.89837646484375,12.31878662109375,14.10162353515625,1.7828369140625
11986,M,84.0,93.98228454589844,93.29147338867188,9.982284545898438,9.291473388671875,0.6908111572265625
11993,M,168.0,170.57870483398438,171.0152130126953,2.578704833984375,3.0152130126953125,0.4365081787109375
11995,F,132.0,134.75514221191406,136.00686645507812,2.7551422119140625,4.006866455078125,1.2517242431640625
11998,F,132.0,128.28057861328125,127.80020904541016,3.71942138671875,4.199790954589844,0.48036956787109375
12000,M,168.0,161.59576416015625,161.08627319335938,6.40423583984375,6.913726806640625,0.509490966796875
12005,F,69.0,76.90325927734375,76.95720672607422,7.90325927734375,7.957206726074219,0.05394744873046875
12020,M,150.0,157.46286010742188,155.6044158935547,7.462860107421875,5.6044158935546875,1.8584442138671875
12022,M,138.0,140.4631805419922,142.61228942871094,2.4631805419921875,4.6122894287109375,2.14910888671875
12023,F,6.0,4.877159118652344,3.0312957763671875,1.1228408813476562,2.9687042236328125,1.8458633422851562
12024,M,138.0,146.1301727294922,146.4923553466797,8.130172729492188,8.492355346679688,0.3621826171875
12025,F,168.0,168.83018493652344,168.5102081298828,0.8301849365234375,0.5102081298828125,0.319976806640625
12031,M,156.0,153.7206573486328,155.38511657714844,2.2793426513671875,0.6148834228515625,1.664459228515625
12057,M,168.0,163.72970581054688,164.8115692138672,4.270294189453125,3.1884307861328125,1.0818634033203125
12060,F,82.0,85.03826904296875,83.4820556640625,3.03826904296875,1.4820556640625,1.55621337890625
12061,M,216.0,215.7548828125,216.1475372314453,0.2451171875,0.1475372314453125,0.3926544189453125
12063,F,82.0,77.56403350830078,73.74919128417969,4.435966491699219,8.250808715820312,3.8148422241210938
12070,M,120.0,119.48412322998047,119.99095153808594,0.5158767700195312,0.0090484619140625,0.5068283081054688
12074,M,57.0,50.697410583496094,49.083984375,6.302589416503906,7.916015625,1.6134262084960938
12091,F,94.0,100.84321594238281,99.67756652832031,6.8432159423828125,5.6775665283203125,1.1656494140625
12093,F,144.0,144.83567810058594,148.4514617919922,0.8356781005859375,4.4514617919921875,3.61578369140625
12099,M,120.0,130.6385040283203,131.17723083496094,10.638504028320312,11.177230834960938,0.538726806640625
12108,F,106.0,117.524169921875,116.32196044921875,11.524169921875,10.32196044921875,1.20220947265625
12116,M,168.0,169.29864501953125,168.8223114013672,1.29864501953125,0.8223114013671875,0.4763336181640625
12125,F,82.0,85.19193267822266,84.10218811035156,3.1919326782226562,2.1021881103515625,1.0897445678710938
12138,F,132.0,116.85420227050781,117.41656494140625,15.145797729492188,14.58343505859375,0.5623626708984375
12140,M,162.0,158.97491455078125,159.01702880859375,3.02508544921875,2.98297119140625,0.0421142578125
12151,M,126.0,141.00314331054688,143.37318420410156,15.003143310546875,17.373184204101562,2.3700408935546875
12158,M,174.0,166.376953125,166.11891174316406,7.623046875,7.8810882568359375,0.2580413818359375
12160,M,132.0,119.55858612060547,120.72938537597656,12.441413879394531,11.270614624023438,1.1707992553710938
12164,F,132.0,140.55812072753906,140.26947021484375,8.558120727539062,8.26947021484375,0.2886505126953125
12168,M,150.0,155.3730926513672,156.67640686035156,5.3730926513671875,6.6764068603515625,1.303314208984375
12174,F,69.0,71.02058410644531,70.37274169921875,2.0205841064453125,1.37274169921875,0.6478424072265625
12178,M,138.0,145.65625,146.95425415039062,7.65625,8.954254150390625,1.298004150390625
12184,F,106.0,103.96468353271484,104.14372253417969,2.0353164672851562,1.8562774658203125,0.17903900146484375
12186,M,156.0,154.8431396484375,152.959228515625,1.1568603515625,3.040771484375,1.8839111328125
12197,F,82.0,77.39707946777344,77.91261291503906,4.6029205322265625,4.0873870849609375,0.515533447265625
12208,F,132.0,141.09304809570312,140.64697265625,9.093048095703125,8.64697265625,0.446075439453125
12209,F,50.0,44.07746124267578,43.712318420410156,5.922538757324219,6.287681579589844,0.365142822265625
12210,F,82.0,85.63755798339844,88.36196899414062,3.6375579833984375,6.361968994140625,2.7244110107421875
12218,F,94.0,84.1480941772461,83.56049346923828,9.851905822753906,10.439506530761719,0.5876007080078125
12224,F,156.0,158.2587890625,158.51785278320312,2.2587890625,2.517852783203125,0.259063720703125
12229,M,120.0,108.45825958251953,107.90936279296875,11.541740417480469,12.09063720703125,0.5488967895507812
12235,F,156.0,160.54359436035156,159.46949768066406,4.5435943603515625,3.4694976806640625,1.0740966796875
12240,M,162.0,167.1509552001953,167.754638671875,5.1509552001953125,5.754638671875,0.6036834716796875
12249,M,162.0,160.08901977539062,159.86244201660156,1.910980224609375,2.1375579833984375,0.2265777587890625
12250,F,144.0,146.23272705078125,147.68023681640625,2.23272705078125,3.68023681640625,1.447509765625
12254,M,180.0,186.8901824951172,187.02096557617188,6.8901824951171875,7.020965576171875,0.1307830810546875
12255,M,162.0,161.07640075683594,161.2479705810547,0.9235992431640625,0.7520294189453125,0.17156982421875
12260,F,106.0,90.64129638671875,89.93236541748047,15.35870361328125,16.06763458251953,0.7089309692382812
12261,M,156.0,145.85195922851562,145.76316833496094,10.148040771484375,10.236831665039062,0.0887908935546875
12264,M,150.0,147.38670349121094,146.80062866210938,2.6132965087890625,3.199371337890625,0.5860748291015625
12268,M,156.0,153.44459533691406,153.2379150390625,2.5554046630859375,2.7620849609375,0.2066802978515625
12275,M,180.0,174.58697509765625,175.61459350585938,5.41302490234375,4.385406494140625,1.027618408203125
12277,M,96.0,96.02313232421875,93.36029052734375,0.02313232421875,2.63970947265625,2.662841796875
12284,M,138.0,113.16899871826172,113.21113586425781,24.83100128173828,24.788864135742188,0.04213714599609375
12291,M,150.0,138.582275390625,139.0028533935547,11.417724609375,10.997146606445312,0.4205780029296875
12300,F,162.0,165.65103149414062,167.2482147216797,3.651031494140625,5.2482147216796875,1.5971832275390625
12308,M,162.0,156.49769592285156,156.19923400878906,5.5023040771484375,5.8007659912109375,0.2984619140625
12310,F,106.0,98.05926513671875,95.08796691894531,7.94073486328125,10.912033081054688,2.9712982177734375
12312,M,108.0,119.16980743408203,122.1966781616211,11.169807434082031,14.196678161621094,3.0268707275390625
12314,M,168.0,166.26463317871094,168.07257080078125,1.7353668212890625,0.07257080078125,1.8079376220703125
12315,F,132.0,122.40658569335938,123.05261993408203,9.593414306640625,8.947380065917969,0.6460342407226562
12329,F,75.0,88.46442413330078,88.53616333007812,13.464424133300781,13.536163330078125,0.07173919677734375
12330,F,132.0,126.93865966796875,126.78377532958984,5.06134033203125,5.216224670410156,0.15488433837890625
12353,M,168.0,165.41270446777344,169.4311981201172,2.5872955322265625,1.4311981201171875,4.01849365234375
12355,M,138.0,146.06602478027344,146.02696228027344,8.066024780273438,8.026962280273438,0.0390625
12356,F,120.0,117.48255920410156,118.35783386230469,2.5174407958984375,1.6421661376953125,0.875274658203125
12370,M,132.0,129.37997436523438,128.9003448486328,2.620025634765625,3.0996551513671875,0.4796295166015625
12380,M,156.0,153.06256103515625,152.74392700195312,2.93743896484375,3.256072998046875,0.318634033203125
12388,M,84.0,79.20983123779297,78.21451568603516,4.790168762207031,5.785484313964844,0.9953155517578125
12394,F,162.0,167.52224731445312,167.5548095703125,5.522247314453125,5.5548095703125,0.032562255859375
12399,M,138.0,145.1735076904297,144.95530700683594,7.1735076904296875,6.9553070068359375,0.21820068359375
12402,M,132.0,122.56391906738281,125.41099548339844,9.436080932617188,6.5890045166015625,2.847076416015625
12408,F,94.0,89.43118286132812,89.9669189453125,4.568817138671875,4.0330810546875,0.535736083984375
12410,F,120.0,135.0375213623047,136.09466552734375,15.037521362304688,16.09466552734375,1.0571441650390625
12412,M,72.0,65.26190185546875,64.35540771484375,6.73809814453125,7.64459228515625,0.906494140625
12416,F,132.0,133.33154296875,136.1461944580078,1.33154296875,4.1461944580078125,2.8146514892578125
12419,M,174.0,170.42149353027344,173.17990112304688,3.5785064697265625,0.820098876953125,2.7584075927734375
12422,M,156.0,156.11968994140625,156.22781372070312,0.11968994140625,0.227813720703125,0.108123779296875
12423,F,156.0,143.08851623535156,143.59628295898438,12.911483764648438,12.403717041015625,0.5077667236328125
12432,M,180.0,178.7131805419922,177.94235229492188,1.2868194580078125,2.057647705078125,0.7708282470703125
12433,M,204.0,201.61181640625,203.3065948486328,2.38818359375,0.6934051513671875,1.6947784423828125
12434,M,54.0,55.277183532714844,55.85920715332031,1.2771835327148438,1.8592071533203125,0.5820236206054688
12459,M,120.0,122.5428695678711,121.50419616699219,2.5428695678710938,1.5041961669921875,1.0386734008789062
12469,M,156.0,147.67742919921875,148.66204833984375,8.32257080078125,7.33795166015625,0.984619140625
12486,F,75.0,65.83551025390625,64.33810424804688,9.16448974609375,10.661895751953125,1.497406005859375
12490,M,138.0,155.91986083984375,155.70022583007812,17.91986083984375,17.700225830078125,0.219635009765625
12502,M,162.0,164.44886779785156,165.78115844726562,2.4488677978515625,3.781158447265625,1.3322906494140625
12504,F,138.0,141.432373046875,142.56600952148438,3.432373046875,4.566009521484375,1.133636474609375
12505,M,168.0,162.86813354492188,162.25985717773438,5.131866455078125,5.740142822265625,0.6082763671875
12506,F,126.0,143.2528839111328,142.68301391601562,17.252883911132812,16.683013916015625,0.5698699951171875
12509,F,144.0,139.93600463867188,142.28079223632812,4.063995361328125,1.719207763671875,2.34478759765625
12514,F,132.0,130.7826690673828,131.59925842285156,1.2173309326171875,0.4007415771484375,0.81658935546875
12521,F,144.0,129.14627075195312,128.93898010253906,14.853729248046875,15.061019897460938,0.2072906494140625
12531,F,30.0,21.804115295410156,22.423812866210938,8.195884704589844,7.5761871337890625,0.6196975708007812
12535,F,144.0,143.79144287109375,143.12371826171875,0.20855712890625,0.87628173828125,0.667724609375
12539,M,120.0,124.45281219482422,123.05000305175781,4.452812194824219,3.0500030517578125,1.4028091430664062
12540,M,156.0,155.65670776367188,156.8206329345703,0.343292236328125,0.8206329345703125,1.1639251708984375
12541,M,120.0,115.3782730102539,114.55223846435547,4.621726989746094,5.447761535644531,0.8260345458984375
12544,M,138.0,123.67512512207031,126.27656555175781,14.324874877929688,11.723434448242188,2.6014404296875
12557,M,168.0,170.52313232421875,169.99636840820312,2.52313232421875,1.996368408203125,0.526763916015625
12563,M,150.0,132.71519470214844,125.81275177001953,17.284805297851562,24.18724822998047,6.902442932128906
12570,F,162.0,162.37355041503906,160.97756958007812,0.3735504150390625,1.022430419921875,1.3959808349609375
12594,M,96.0,95.48783111572266,96.1142578125,0.5121688842773438,0.1142578125,0.6264266967773438
12600,F,82.0,97.08375549316406,98.48248291015625,15.083755493164062,16.48248291015625,1.3987274169921875
12604,M,186.0,184.2494354248047,183.7491912841797,1.7505645751953125,2.2508087158203125,0.500244140625
12608,F,162.0,157.57763671875,158.04159545898438,4.42236328125,3.958404541015625,0.463958740234375
12610,F,156.0,148.1552734375,148.26234436035156,7.8447265625,7.7376556396484375,0.1070709228515625
12620,M,150.0,140.94747924804688,144.3122100830078,9.052520751953125,5.6877899169921875,3.3647308349609375
12625,F,82.0,82.19464111328125,82.07081604003906,0.19464111328125,0.0708160400390625,0.1238250732421875
12628,F,138.0,138.2582244873047,139.22305297851562,0.2582244873046875,1.223052978515625,0.9648284912109375
12636,F,132.0,133.98934936523438,134.56204223632812,1.989349365234375,2.562042236328125,0.57269287109375
12640,F,82.0,73.86823272705078,71.9603042602539,8.131767272949219,10.039695739746094,1.907928466796875
12641,M,138.0,146.12890625,148.1360626220703,8.12890625,10.136062622070312,2.0071563720703125
12642,F,50.0,49.72058868408203,53.14338684082031,0.27941131591796875,3.1433868408203125,3.4227981567382812
12650,M,144.0,144.4254150390625,145.77357482910156,0.4254150390625,1.7735748291015625,1.3481597900390625
12665,F,94.0,87.10673522949219,86.20726013183594,6.8932647705078125,7.7927398681640625,0.89947509765625
12673,M,84.0,96.8837661743164,99.93514251708984,12.883766174316406,15.935142517089844,3.0513763427734375
12681,F,132.0,144.37301635742188,150.65383911132812,12.373016357421875,18.653839111328125,6.28082275390625
12684,F,144.0,133.05453491210938,133.14283752441406,10.945465087890625,10.857162475585938,0.0883026123046875
12690,F,144.0,132.99728393554688,132.24615478515625,11.002716064453125,11.75384521484375,0.751129150390625
12700,M,186.0,189.24981689453125,189.88726806640625,3.24981689453125,3.88726806640625,0.637451171875
12705,M,156.0,157.13706970214844,156.029052734375,1.1370697021484375,0.029052734375,1.1080169677734375
12718,F,94.0,93.43839263916016,92.61223602294922,0.5616073608398438,1.3877639770507812,0.8261566162109375
12720,F,150.0,152.7997283935547,152.82943725585938,2.7997283935546875,2.829437255859375,0.0297088623046875
12730,M,138.0,127.71212768554688,131.86976623535156,10.287872314453125,6.1302337646484375,4.1576385498046875
12732,F,60.0,58.703125,58.97541809082031,1.296875,1.0245819091796875,0.2722930908203125
12735,M,156.0,154.28697204589844,154.45169067382812,1.7130279541015625,1.548309326171875,0.1647186279296875
12742,F,94.0,97.28942108154297,95.655029296875,3.2894210815429688,1.655029296875,1.6343917846679688
12747,M,156.0,144.89199829101562,144.131591796875,11.108001708984375,11.868408203125,0.760406494140625
12753,M,84.0,84.61308288574219,85.598876953125,0.6130828857421875,1.598876953125,0.9857940673828125
12762,F,144.0,143.55482482910156,144.44107055664062,0.4451751708984375,0.441070556640625,0.8862457275390625
12767,M,102.0,91.40821838378906,90.45623779296875,10.591781616210938,11.54376220703125,0.9519805908203125
12769,M,138.0,139.2376708984375,136.37982177734375,1.2376708984375,1.62017822265625,2.85784912109375
12770,F,82.0,66.6365966796875,65.39022827148438,15.3634033203125,16.609771728515625,1.246368408203125
12786,F,138.0,138.00106811523438,137.84507751464844,0.001068115234375,0.1549224853515625,0.1559906005859375
12793,M,84.0,90.97950744628906,92.29496002197266,6.9795074462890625,8.294960021972656,1.3154525756835938
12794,M,216.0,207.1223602294922,205.8660888671875,8.877639770507812,10.1339111328125,1.2562713623046875
12798,M,96.0,100.3499526977539,100.35855102539062,4.349952697753906,4.358551025390625,0.00859832763671875
12808,F,120.0,128.5082244873047,129.7080078125,8.508224487304688,9.7080078125,1.1997833251953125
12813,M,96.0,89.986328125,89.47175598144531,6.013671875,6.5282440185546875,0.5145721435546875
12828,F,120.0,111.70347595214844,113.42823028564453,8.296524047851562,6.571769714355469,1.7247543334960938
12838,M,84.0,104.84203338623047,105.53044891357422,20.84203338623047,21.53044891357422,0.68841552734375
12841,M,108.0,122.9123764038086,118.88676452636719,14.912376403808594,10.886764526367188,4.025611877441406
12867,M,156.0,162.97669982910156,163.78826904296875,6.9766998291015625,7.78826904296875,0.8115692138671875
12874,F,106.0,123.09135437011719,123.50802612304688,17.091354370117188,17.508026123046875,0.4166717529296875
12875,M,96.0,95.7715835571289,94.2122802734375,0.22841644287109375,1.7877197265625,1.5593032836914062
12885,M,162.0,168.67379760742188,168.47645568847656,6.673797607421875,6.4764556884765625,0.1973419189453125
12891,M,150.0,135.2745819091797,136.121337890625,14.725418090820312,13.878662109375,0.8467559814453125
12892,F,60.0,61.751182556152344,62.25396728515625,1.7511825561523438,2.25396728515625,0.5027847290039062
12895,M,168.0,166.6642608642578,167.3359375,1.3357391357421875,0.6640625,0.6716766357421875
12907,F,156.0,151.12892150878906,151.04949951171875,4.8710784912109375,4.95050048828125,0.0794219970703125
12908,M,150.0,141.93421936035156,141.86135864257812,8.065780639648438,8.138641357421875,0.0728607177734375
12911,F,156.0,151.02203369140625,151.15719604492188,4.97796630859375,4.842803955078125,0.135162353515625
12918,F,144.0,134.01048278808594,134.0964813232422,9.989517211914062,9.903518676757812,0.08599853515625
12920,M,94.0,127.91730499267578,129.18783569335938,33.91730499267578,35.187835693359375,1.2705307006835938
12929,M,132.0,117.1390151977539,118.53848266601562,14.860984802246094,13.461517333984375,1.3994674682617188
12931,M,156.0,153.051025390625,153.68490600585938,2.948974609375,2.315093994140625,0.633880615234375
12940,F,150.0,147.21786499023438,148.61619567871094,2.782135009765625,1.3838043212890625,1.3983306884765625
12941,M,36.0,25.73394775390625,26.241004943847656,10.26605224609375,9.758995056152344,0.5070571899414062
12945,M,138.0,146.71041870117188,151.2455291748047,8.710418701171875,13.245529174804688,4.5351104736328125
12967,F,69.0,68.02008056640625,67.76866149902344,0.97991943359375,1.2313385009765625,0.2514190673828125
12968,M,168.0,168.80059814453125,169.28472900390625,0.80059814453125,1.28472900390625,0.484130859375
12974,M,48.0,47.08135986328125,46.44568634033203,0.91864013671875,1.5543136596679688,0.6356735229492188
12976,M,150.0,155.36041259765625,155.40829467773438,5.36041259765625,5.408294677734375,0.047882080078125
12988,M,186.0,196.49269104003906,197.75537109375,10.492691040039062,11.75537109375,1.2626800537109375
12990,F,120.0,126.34675598144531,126.62115478515625,6.3467559814453125,6.62115478515625,0.2743988037109375
13000,M,156.0,157.97657775878906,157.5131378173828,1.9765777587890625,1.5131378173828125,0.46343994140625
13008,F,42.0,56.442283630371094,52.04692840576172,14.442283630371094,10.046928405761719,4.395355224609375
13012,M,84.0,78.17060089111328,74.84861755371094,5.829399108886719,9.151382446289062,3.3219833374023438
13013,F,106.0,111.16189575195312,111.26947021484375,5.161895751953125,5.26947021484375,0.107574462890625
13015,M,84.0,91.35050201416016,89.98770141601562,7.350502014160156,5.987701416015625,1.3628005981445312
13020,F,69.0,69.18156433105469,68.57223510742188,0.1815643310546875,0.427764892578125,0.6093292236328125
13022,M,168.0,163.53392028808594,163.9940643310547,4.4660797119140625,4.0059356689453125,0.46014404296875
13023,F,156.0,150.98011779785156,151.6812286376953,5.0198822021484375,4.3187713623046875,0.70111083984375
13024,F,69.0,59.47955322265625,59.45750427246094,9.52044677734375,9.542495727539062,0.0220489501953125
13028,F,120.0,109.09161376953125,107.77188110351562,10.90838623046875,12.228118896484375,1.319732666015625
13037,F,168.0,167.30821228027344,167.72703552246094,0.6917877197265625,0.2729644775390625,0.4188232421875
13040,M,72.0,78.14804077148438,77.94232177734375,6.148040771484375,5.94232177734375,0.205718994140625
13041,F,132.0,140.09603881835938,139.511474609375,8.096038818359375,7.511474609375,0.584564208984375
13042,F,144.0,141.08856201171875,139.89926147460938,2.91143798828125,4.100738525390625,1.189300537109375
13043,M,228.0,210.4622344970703,208.51312255859375,17.537765502929688,19.48687744140625,1.9491119384765625
13050,F,106.0,107.7828369140625,109.16981506347656,1.7828369140625,3.1698150634765625,1.3869781494140625
13051,M,186.0,185.40008544921875,185.32949829101562,0.59991455078125,0.670501708984375,0.070587158203125
13054,M,150.0,133.39675903320312,140.83892822265625,16.603240966796875,9.16107177734375,7.442169189453125
13057,M,156.0,152.4676513671875,151.19573974609375,3.5323486328125,4.80426025390625,1.27191162109375
13069,M,156.0,155.54891967773438,155.66787719726562,0.451080322265625,0.332122802734375,0.11895751953125
13075,F,82.0,77.01704406738281,78.23361206054688,4.9829559326171875,3.766387939453125,1.2165679931640625
13087,M,54.0,60.333953857421875,62.34196472167969,6.333953857421875,8.341964721679688,2.0080108642578125
13100,M,150.0,156.01109313964844,155.96832275390625,6.0110931396484375,5.96832275390625,0.0427703857421875
13106,F,106.0,114.42818450927734,114.77373504638672,8.428184509277344,8.773735046386719,0.345550537109375
13116,F,69.0,63.06617736816406,63.37196731567383,5.9338226318359375,5.628032684326172,0.3057899475097656
13138,F,69.0,75.55172729492188,75.4724349975586,6.551727294921875,6.472434997558594,0.07929229736328125
13140,F,144.0,132.15283203125,131.69650268554688,11.84716796875,12.303497314453125,0.456329345703125
13144,M,162.0,155.78001403808594,155.3583984375,6.2199859619140625,6.6416015625,0.4216156005859375
13164,M,162.0,168.5658721923828,168.50271606445312,6.5658721923828125,6.502716064453125,0.0631561279296875
13166,F,120.0,126.56080627441406,124.91181945800781,6.5608062744140625,4.9118194580078125,1.64898681640625
13178,M,156.0,149.71817016601562,150.56454467773438,6.281829833984375,5.435455322265625,0.84637451171875
13179,F,216.0,188.86375427246094,188.0086669921875,27.136245727539062,27.9913330078125,0.8550872802734375
13182,F,159.0,164.42529296875,164.33218383789062,5.42529296875,5.332183837890625,0.093109130859375
13183,F,216.0,195.07025146484375,194.83612060546875,20.92974853515625,21.16387939453125,0.234130859375
13186,F,106.0,114.09390258789062,114.84300231933594,8.093902587890625,8.843002319335938,0.7490997314453125
13194,M,138.0,159.20262145996094,159.93533325195312,21.202621459960938,21.935333251953125,0.7327117919921875
13199,F,120.0,133.12530517578125,136.11087036132812,13.12530517578125,16.110870361328125,2.985565185546875
13203,M,156.0,159.95591735839844,159.88894653320312,3.9559173583984375,3.888946533203125,0.0669708251953125
13221,M,21.0,24.624786376953125,24.153419494628906,3.624786376953125,3.1534194946289062,0.47136688232421875
13227,M,186.0,182.73031616210938,183.6521759033203,3.269683837890625,2.3478240966796875,0.9218597412109375
13230,F,132.0,126.13853454589844,125.52600860595703,5.8614654541015625,6.473991394042969,0.6125259399414062
13241,M,150.0,152.3857421875,152.24932861328125,2.3857421875,2.24932861328125,0.13641357421875
13244,F,156.0,148.85018920898438,148.96597290039062,7.149810791015625,7.034027099609375,0.11578369140625
13246,F,132.0,117.25318908691406,117.38478088378906,14.746810913085938,14.615219116210938,0.131591796875
13253,F,88.0,95.81314849853516,94.821533203125,7.813148498535156,6.821533203125,0.9916152954101562
13254,F,106.0,120.99412536621094,121.33716583251953,14.994125366210938,15.337165832519531,0.34304046630859375
13264,M,96.0,94.58634948730469,94.2337417602539,1.4136505126953125,1.7662582397460938,0.35260772705078125
13265,M,168.0,160.41722106933594,160.2964324951172,7.5827789306640625,7.7035675048828125,0.12078857421875
13280,M,168.0,169.178955078125,168.94577026367188,1.178955078125,0.945770263671875,0.233184814453125
13283,F,82.0,91.19042205810547,93.7518310546875,9.190422058105469,11.7518310546875,2.5614089965820312
13285,M,96.0,89.63921356201172,92.14898681640625,6.360786437988281,3.85101318359375,2.5097732543945312
13286,F,94.0,85.34068298339844,85.46183776855469,8.659317016601562,8.538162231445312,0.12115478515625
13290,M,156.0,153.32138061523438,153.0098419189453,2.678619384765625,2.9901580810546875,0.3115386962890625
13291,F,144.0,142.17919921875,141.821533203125,1.82080078125,2.178466796875,0.357666015625
13297,F,156.0,151.76959228515625,150.5298309326172,4.23040771484375,5.4701690673828125,1.2397613525390625
13309,M,168.0,161.21231079101562,161.0733642578125,6.787689208984375,6.9266357421875,0.138946533203125
13316,M,72.0,61.871368408203125,61.85120391845703,10.128631591796875,10.148796081542969,0.02016448974609375
13322,M,216.0,214.0361785888672,213.51626586914062,1.9638214111328125,2.483734130859375,0.5199127197265625
13326,F,144.0,139.66751098632812,139.74313354492188,4.332489013671875,4.256866455078125,0.07562255859375
13331,M,168.0,165.71194458007812,171.33351135253906,2.288055419921875,3.3335113525390625,5.6215667724609375
13335,F,120.0,116.48204040527344,117.59166717529297,3.5179595947265625,2.4083328247070312,1.1096267700195312
13346,F,94.0,92.92613220214844,94.47874450683594,1.0738677978515625,0.4787445068359375,1.5526123046875
13347,F,162.0,162.4775390625,163.54690551757812,0.4775390625,1.546905517578125,1.069366455078125
13350,F,94.0,93.0672378540039,93.52630615234375,0.9327621459960938,0.47369384765625,0.45906829833984375
13358,F,94.0,96.54727172851562,97.54645538330078,2.547271728515625,3.5464553833007812,0.9991836547851562
13360,F,156.0,152.08856201171875,151.8145751953125,3.91143798828125,4.1854248046875,0.27398681640625
13368,F,82.0,86.12812805175781,85.9356689453125,4.1281280517578125,3.9356689453125,0.1924591064453125
13371,M,72.0,56.337646484375,59.268714904785156,15.662353515625,12.731285095214844,2.9310684204101562
13375,F,50.0,58.96238708496094,57.92707824707031,8.962387084960938,7.9270782470703125,1.035308837890625
13379,F,156.0,152.31201171875,153.07077026367188,3.68798828125,2.929229736328125,0.758758544921875
13391,F,144.0,142.5011749267578,141.717041015625,1.4988250732421875,2.282958984375,0.7841339111328125
13396,M,84.0,85.53915405273438,83.24211120605469,1.539154052734375,0.7578887939453125,2.2970428466796875
13407,M,96.0,100.27557373046875,99.36058044433594,4.27557373046875,3.3605804443359375,0.9149932861328125
13408,F,120.0,111.62440490722656,110.99209594726562,8.375595092773438,9.007904052734375,0.6323089599609375
13414,M,108.0,121.28486633300781,120.04862213134766,13.284866333007812,12.048622131347656,1.2362442016601562
13424,M,162.0,168.8375701904297,169.96261596679688,6.8375701904296875,7.962615966796875,1.1250457763671875
13426,F,144.0,140.43141174316406,139.2043914794922,3.5685882568359375,4.7956085205078125,1.227020263671875
13431,F,132.0,126.62522888183594,127.59591674804688,5.3747711181640625,4.404083251953125,0.9706878662109375
13441,M,54.0,58.633323669433594,61.14110565185547,4.633323669433594,7.141105651855469,2.507781982421875
13446,F,106.0,104.3163833618164,104.26236724853516,1.6836166381835938,1.7376327514648438,0.05401611328125
13450,M,72.0,85.80960083007812,86.83770751953125,13.809600830078125,14.83770751953125,1.028106689453125
13453,M,168.0,165.56268310546875,165.76632690429688,2.43731689453125,2.233673095703125,0.203643798828125
13461,F,192.0,191.32191467285156,183.4693603515625,0.6780853271484375,8.5306396484375,7.8525543212890625
13472,M,96.0,99.11117553710938,100.99667358398438,3.111175537109375,4.996673583984375,1.885498046875
13498,M,156.0,147.70126342773438,144.8794403076172,8.298736572265625,11.120559692382812,2.8218231201171875
13499,M,120.0,130.7859649658203,132.5399627685547,10.785964965820312,12.539962768554688,1.753997802734375
13501,M,156.0,156.40338134765625,156.6637725830078,0.40338134765625,0.6637725830078125,0.2603912353515625
13515,F,94.0,75.51930236816406,75.55841064453125,18.480697631835938,18.44158935546875,0.0391082763671875
13518,F,54.0,43.98365020751953,44.68792724609375,10.016349792480469,9.31207275390625,0.7042770385742188
13519,M,216.0,202.7282257080078,202.648681640625,13.271774291992188,13.351318359375,0.0795440673828125
13526,M,78.0,78.76976776123047,78.04640197753906,0.7697677612304688,0.0464019775390625,0.7233657836914062
13528,M,54.0,59.61035919189453,60.20466613769531,5.610359191894531,6.2046661376953125,0.5943069458007812
13547,M,108.0,100.08819580078125,100.43305969238281,7.91180419921875,7.5669403076171875,0.3448638916015625
13549,M,150.0,152.26637268066406,152.7489013671875,2.2663726806640625,2.7489013671875,0.4825286865234375
13551,F,132.0,124.75353240966797,125.82372283935547,7.246467590332031,6.176277160644531,1.0701904296875
13557,F,82.0,81.69601440429688,82.48736572265625,0.303985595703125,0.48736572265625,0.791351318359375
13560,M,138.0,150.4899444580078,150.8106689453125,12.489944458007812,12.8106689453125,0.3207244873046875
13561,F,144.0,143.5210723876953,147.63185119628906,0.4789276123046875,3.6318511962890625,4.11077880859375
13562,M,96.0,109.5220718383789,109.57833862304688,13.522071838378906,13.578338623046875,0.05626678466796875
13565,F,106.0,107.99319458007812,108.92443084716797,1.993194580078125,2.9244308471679688,0.9312362670898438
13566,F,94.0,107.20154571533203,107.16043853759766,13.201545715332031,13.160438537597656,0.041107177734375
13568,M,138.0,137.73953247070312,137.9801788330078,0.260467529296875,0.0198211669921875,0.2406463623046875
13578,F,120.0,120.78238677978516,120.02191925048828,0.7823867797851562,0.02191925048828125,0.760467529296875
13588,M,108.0,107.94574737548828,106.96598815917969,0.05425262451171875,1.0340118408203125,0.9797592163085938
13597,M,150.0,154.87493896484375,154.90560913085938,4.87493896484375,4.905609130859375,0.030670166015625
13606,M,156.0,162.08677673339844,161.4541015625,6.0867767333984375,5.4541015625,0.6326751708984375
13615,M,150.0,155.1978759765625,154.7917938232422,5.1978759765625,4.7917938232421875,0.4060821533203125
13628,M,32.0,47.293663024902344,48.33280944824219,15.293663024902344,16.332809448242188,1.0391464233398438
13629,F,138.0,141.63150024414062,143.06985473632812,3.631500244140625,5.069854736328125,1.4383544921875
13630,M,135.0,133.2496795654297,133.92677307128906,1.7503204345703125,1.0732269287109375,0.677093505859375
13631,F,120.0,106.57816314697266,107.5101318359375,13.421836853027344,12.4898681640625,0.9319686889648438
13635,M,132.0,116.8630599975586,120.50822448730469,15.136940002441406,11.491775512695312,3.6451644897460938
13653,M,84.0,88.00334167480469,88.01068115234375,4.0033416748046875,4.01068115234375,0.0073394775390625
13656,M,78.0,76.06480407714844,76.83035278320312,1.9351959228515625,1.169647216796875,0.7655487060546875
13663,M,180.0,174.6847686767578,174.3506622314453,5.3152313232421875,5.6493377685546875,0.3341064453125
13670,F,82.0,72.39996337890625,72.76233673095703,9.60003662109375,9.237663269042969,0.36237335205078125
13672,M,150.0,152.05970764160156,151.97840881347656,2.0597076416015625,1.9784088134765625,0.081298828125
13675,F,144.0,143.88890075683594,144.69569396972656,0.1110992431640625,0.6956939697265625,0.806793212890625
13686,F,120.0,118.41221618652344,119.1270980834961,1.5877838134765625,0.8729019165039062,0.7148818969726562
13700,M,186.0,183.30255126953125,183.82745361328125,2.69744873046875,2.17254638671875,0.52490234375
13706,M,156.0,154.115234375,154.74349975585938,1.884765625,1.256500244140625,0.628265380859375
13721,F,120.0,130.27110290527344,129.2841339111328,10.271102905273438,9.284133911132812,0.986968994140625
13728,F,132.0,132.62722778320312,132.78350830078125,0.627227783203125,0.78350830078125,0.156280517578125
13730,M,162.0,161.333251953125,161.25933837890625,0.666748046875,0.74066162109375,0.07391357421875
13731,M,120.0,120.76128387451172,120.21170806884766,0.7612838745117188,0.21170806884765625,0.5495758056640625
13748,F,132.0,136.771728515625,137.6009979248047,4.771728515625,5.6009979248046875,0.8292694091796875
13755,F,132.0,128.57301330566406,131.39695739746094,3.4269866943359375,0.6030426025390625,2.823944091796875
13760,M,132.0,150.86924743652344,151.28843688964844,18.869247436523438,19.288436889648438,0.419189453125
13791,F,132.0,133.01559448242188,133.73056030273438,1.015594482421875,1.730560302734375,0.7149658203125
13792,F,162.0,163.9056854248047,164.06069946289062,1.9056854248046875,2.060699462890625,0.1550140380859375
13797,M,96.0,100.72314453125,109.43956756591797,4.72314453125,13.439567565917969,8.716423034667969
13803,M,162.0,161.80677795410156,161.88031005859375,0.1932220458984375,0.11968994140625,0.0735321044921875
13807,F,120.0,122.14530944824219,119.34273529052734,2.1453094482421875,0.6572647094726562,2.8025741577148438
13810,F,120.0,127.50646209716797,128.11866760253906,7.506462097167969,8.118667602539062,0.6122055053710938
13830,F,36.0,25.17888641357422,25.20020294189453,10.821113586425781,10.799797058105469,0.0213165283203125
13833,M,156.0,159.7587127685547,159.47845458984375,3.7587127685546875,3.47845458984375,0.2802581787109375
13843,F,82.0,86.12664794921875,87.27200317382812,4.12664794921875,5.272003173828125,1.145355224609375
13856,F,132.0,127.98477935791016,128.84031677246094,4.015220642089844,3.1596832275390625,0.8555374145507812
13860,F,120.0,127.26730346679688,127.1208267211914,7.267303466796875,7.120826721191406,0.14647674560546875
13861,M,156.0,155.7879638671875,155.52938842773438,0.2120361328125,0.470611572265625,0.258575439453125
13862,M,120.0,127.76483917236328,127.03250122070312,7.764839172363281,7.032501220703125,0.7323379516601562
13872,F,120.0,129.87063598632812,130.70156860351562,9.870635986328125,10.701568603515625,0.8309326171875
13875,M,120.0,141.2017822265625,141.90159606933594,21.2017822265625,21.901596069335938,0.6998138427734375
13888,M,60.0,48.944923400878906,48.52721405029297,11.055076599121094,11.472785949707031,0.4177093505859375
13890,F,94.0,95.0462417602539,94.5452880859375,1.0462417602539062,0.5452880859375,0.5009536743164062
13898,M,138.0,157.08541870117188,157.32891845703125,19.085418701171875,19.32891845703125,0.243499755859375
13904,F,120.0,130.58132934570312,130.7295684814453,10.581329345703125,10.729568481445312,0.1482391357421875
13910,M,96.0,108.77340698242188,107.77603912353516,12.773406982421875,11.776039123535156,0.9973678588867188
13913,F,132.0,127.554443359375,126.91764068603516,4.445556640625,5.082359313964844,0.6368026733398438
13915,F,120.0,129.10986328125,129.33584594726562,9.10986328125,9.335845947265625,0.225982666015625
13916,F,106.0,104.83216857910156,103.18820190429688,1.1678314208984375,2.811798095703125,1.6439666748046875
13936,M,72.0,68.51385498046875,70.24310302734375,3.48614501953125,1.75689697265625,1.729248046875
13952,F,120.0,132.056396484375,132.57406616210938,12.056396484375,12.574066162109375,0.517669677734375
13959,M,150.0,152.8809051513672,152.3649139404297,2.8809051513671875,2.3649139404296875,0.5159912109375
13965,M,150.0,138.6738739013672,139.93179321289062,11.326126098632812,10.068206787109375,1.2579193115234375
13967,F,180.0,177.79287719726562,178.07781982421875,2.207122802734375,1.92218017578125,0.284942626953125
13969,M,168.0,168.2075958251953,169.5811004638672,0.2075958251953125,1.5811004638671875,1.373504638671875
13973,F,144.0,156.68882751464844,152.99465942382812,12.688827514648438,8.994659423828125,3.6941680908203125
13976,F,162.0,164.8031463623047,165.0436248779297,2.8031463623046875,3.0436248779296875,0.240478515625
13991,F,174.0,164.69789123535156,163.87135314941406,9.302108764648438,10.128646850585938,0.8265380859375
13994,M,72.0,63.026336669921875,62.652549743652344,8.973663330078125,9.347450256347656,0.37378692626953125
13998,M,156.0,154.38912963867188,155.97964477539062,1.610870361328125,0.020355224609375,1.59051513671875
14002,F,144.0,138.39508056640625,144.04412841796875,5.60491943359375,0.04412841796875,5.6490478515625
14006,M,204.0,197.13427734375,197.05845642089844,6.86572265625,6.9415435791015625,0.0758209228515625
14007,F,82.0,73.99112701416016,73.09774780273438,8.008872985839844,8.902252197265625,0.8933792114257812
14009,M,120.0,119.2704849243164,121.32772064208984,0.7295150756835938,1.3277206420898438,2.0572357177734375
14010,F,120.0,132.12986755371094,131.88807678222656,12.129867553710938,11.888076782226562,0.241790771484375
14011,M,138.0,128.67013549804688,126.77091979980469,9.329864501953125,11.229080200195312,1.8992156982421875
14012,M,180.0,177.9232635498047,176.96983337402344,2.0767364501953125,3.0301666259765625,0.95343017578125
14017,F,138.0,141.26678466796875,141.5635528564453,3.26678466796875,3.5635528564453125,0.2967681884765625
14021,F,120.0,122.55656433105469,124.40959167480469,2.5565643310546875,4.4095916748046875,1.85302734375
14029,M,132.0,132.7415771484375,134.29554748535156,0.7415771484375,2.2955474853515625,1.5539703369140625
14036,M,180.0,176.10427856445312,177.61004638671875,3.895721435546875,2.38995361328125,1.505767822265625
14042,M,96.0,109.13663482666016,105.97622680664062,13.136634826660156,9.976226806640625,3.1604080200195312
14043,F,106.0,93.27764892578125,94.25456237792969,12.72235107421875,11.745437622070312,0.9769134521484375
14048,M,204.0,199.21710205078125,201.12973022460938,4.78289794921875,2.870269775390625,1.912628173828125
14053,F,30.0,20.845458984375,21.2449951171875,9.154541015625,8.7550048828125,0.3995361328125
14055,M,156.0,152.6860809326172,152.83575439453125,3.3139190673828125,3.16424560546875,0.1496734619140625
14057,F,150.0,149.1869659423828,149.31491088867188,0.8130340576171875,0.685089111328125,0.1279449462890625
14072,M,144.0,137.2278289794922,138.6672821044922,6.7721710205078125,5.3327178955078125,1.439453125
14073,M,108.0,98.14472961425781,103.78547668457031,9.855270385742188,4.2145233154296875,5.6407470703125
14077,F,180.0,181.89736938476562,182.3870086669922,1.897369384765625,2.3870086669921875,0.4896392822265625
14093,F,36.0,40.90052795410156,36.17701721191406,4.9005279541015625,0.1770172119140625,4.7235107421875
14099,F,126.0,126.29969024658203,126.45452117919922,0.29969024658203125,0.45452117919921875,0.1548309326171875
14100,M,162.0,159.79949951171875,161.3837890625,2.20050048828125,0.6162109375,1.58428955078125
14103,F,144.0,148.83677673339844,153.157958984375,4.8367767333984375,9.157958984375,4.3211822509765625
14104,F,144.0,147.68873596191406,148.62554931640625,3.6887359619140625,4.62554931640625,0.9368133544921875
14118,F,156.0,157.22914123535156,156.14219665527344,1.2291412353515625,0.1421966552734375,1.086944580078125
14126,M,24.0,25.61016845703125,25.457374572753906,1.61016845703125,1.4573745727539062,0.15279388427734375
14130,F,156.0,149.26144409179688,151.24598693847656,6.738555908203125,4.7540130615234375,1.9845428466796875
14131,M,96.0,117.44609069824219,117.76815032958984,21.446090698242188,21.768150329589844,0.32205963134765625
14133,F,120.0,126.18228912353516,127.00617218017578,6.182289123535156,7.006172180175781,0.823883056640625
14134,M,156.0,156.59263610839844,157.60084533691406,0.5926361083984375,1.6008453369140625,1.008209228515625
14139,F,120.0,118.22550201416016,120.92597961425781,1.7744979858398438,0.9259796142578125,2.7004776000976562
14143,M,162.0,155.69638061523438,156.32969665527344,6.303619384765625,5.6703033447265625,0.6333160400390625
14145,F,120.0,121.69549560546875,122.99537658691406,1.69549560546875,2.9953765869140625,1.2998809814453125
14153,M,150.0,161.1350860595703,161.95135498046875,11.135086059570312,11.95135498046875,0.8162689208984375
14159,F,132.0,128.53292846679688,128.99652099609375,3.467071533203125,3.00347900390625,0.463592529296875
14162,F,120.0,123.17584228515625,126.47496795654297,3.17584228515625,6.474967956542969,3.2991256713867188
14163,F,132.0,128.40927124023438,130.73825073242188,3.590728759765625,1.261749267578125,2.3289794921875
14172,F,82.0,78.3973388671875,80.55818176269531,3.6026611328125,1.4418182373046875,2.1608428955078125
14173,M,150.0,159.5157012939453,160.0055389404297,9.515701293945312,10.005538940429688,0.489837646484375
14182,F,156.0,152.85693359375,151.47474670410156,3.14306640625,4.5252532958984375,1.3821868896484375
14183,M,168.0,162.80517578125,164.947021484375,5.19482421875,3.052978515625,2.141845703125
14189,M,60.0,51.98480224609375,52.63238525390625,8.01519775390625,7.36761474609375,0.6475830078125
14197,F,94.0,96.211181640625,97.95118713378906,2.211181640625,3.9511871337890625,1.7400054931640625
14198,F,106.0,101.71122741699219,102.96927642822266,4.2887725830078125,3.0307235717773438,1.2580490112304688
14200,F,138.0,138.92462158203125,139.722412109375,0.92462158203125,1.722412109375,0.79779052734375
14202,F,126.0,129.60443115234375,129.56275939941406,3.60443115234375,3.5627593994140625,0.0416717529296875
14208,M,180.0,171.45799255371094,173.07174682617188,8.542007446289062,6.928253173828125,1.6137542724609375
14209,M,120.0,95.40487670898438,93.13629150390625,24.595123291015625,26.86370849609375,2.268585205078125
14216,M,138.0,140.50814819335938,141.9235382080078,2.508148193359375,3.9235382080078125,1.4153900146484375
14226,F,120.0,120.8536605834961,121.02027893066406,0.8536605834960938,1.0202789306640625,0.16661834716796875
14227,M,165.0,159.26968383789062,158.74855041503906,5.730316162109375,6.2514495849609375,0.5211334228515625
14228,F,120.0,124.70634460449219,125.90060424804688,4.7063446044921875,5.900604248046875,1.1942596435546875
14237,M,120.0,127.94293212890625,127.5514144897461,7.94293212890625,7.551414489746094,0.39151763916015625
14258,F,82.0,83.50596618652344,82.73696899414062,1.5059661865234375,0.736968994140625,0.7689971923828125
14260,F,156.0,163.08255004882812,162.4949951171875,7.082550048828125,6.4949951171875,0.587554931640625
14275,F,106.0,111.63874816894531,111.72498321533203,5.6387481689453125,5.724983215332031,0.08623504638671875
14276,F,138.0,141.1487274169922,141.59751892089844,3.1487274169921875,3.5975189208984375,0.44879150390625
14278,M,180.0,191.09429931640625,188.953857421875,11.09429931640625,8.953857421875,2.14044189453125
14292,F,82.0,82.84717559814453,82.15234375,0.8471755981445312,0.15234375,0.6948318481445312
14299,M,156.0,163.25694274902344,164.09725952148438,7.2569427490234375,8.097259521484375,0.8403167724609375
14308,F,168.0,166.03985595703125,166.07286071777344,1.96014404296875,1.9271392822265625,0.0330047607421875
14312,F,94.0,94.09565734863281,92.64533233642578,0.0956573486328125,1.3546676635742188,1.4503250122070312
14314,F,106.0,106.80374145507812,108.18476867675781,0.803741455078125,2.1847686767578125,1.3810272216796875
14323,M,168.0,165.8013916015625,164.7835693359375,2.1986083984375,3.2164306640625,1.017822265625
14332,M,60.0,63.599552154541016,63.74827194213867,3.5995521545410156,3.748271942138672,0.14871978759765625
14334,M,156.0,152.2992706298828,152.399658203125,3.7007293701171875,3.600341796875,0.1003875732421875
14348,F,120.0,124.91153717041016,126.10942840576172,4.911537170410156,6.109428405761719,1.1978912353515625
14376,F,39.0,25.921714782714844,28.391136169433594,13.078285217285156,10.608863830566406,2.46942138671875
14382,F,132.0,133.36788940429688,133.7130126953125,1.367889404296875,1.7130126953125,0.345123291015625
14402,F,82.0,83.72942352294922,85.39794921875,1.7294235229492188,3.39794921875,1.6685256958007812
14404,M,204.0,197.18186950683594,197.70895385742188,6.8181304931640625,6.291046142578125,0.5270843505859375
14406,F,120.0,131.02655029296875,130.75723266601562,11.02655029296875,10.757232666015625,0.269317626953125
14409,M,180.0,178.00717163085938,179.188720703125,1.992828369140625,0.811279296875,1.181549072265625
14411,M,168.0,164.7239990234375,164.10252380371094,3.2760009765625,3.8974761962890625,0.6214752197265625
14412,F,144.0,147.5191650390625,146.45074462890625,3.5191650390625,2.45074462890625,1.06842041015625
14416,M,60.0,51.74345397949219,50.51292419433594,8.256546020507812,9.487075805664062,1.23052978515625
14424,F,120.0,128.8966522216797,128.91075134277344,8.896652221679688,8.910751342773438,0.01409912109375
14425,M,120.0,133.0353240966797,136.77723693847656,13.035324096679688,16.777236938476562,3.741912841796875
14428,M,120.0,134.0710906982422,135.00942993164062,14.071090698242188,15.009429931640625,0.9383392333984375
14429,M,84.0,78.17666625976562,77.08364868164062,5.823333740234375,6.916351318359375,1.093017578125
14430,M,42.0,36.31450653076172,37.645782470703125,5.685493469238281,4.354217529296875,1.3312759399414062
14441,F,82.0,82.47113037109375,84.25516510009766,0.47113037109375,2.2551651000976562,1.7840347290039062
14445,M,84.0,97.15615844726562,96.7171401977539,13.156158447265625,12.717140197753906,0.43901824951171875
14453,M,186.0,182.6236572265625,182.87506103515625,3.3763427734375,3.12493896484375,0.25140380859375
14460,M,96.0,119.69440460205078,121.90234375,23.69440460205078,25.90234375,2.2079391479492188
14461,F,144.0,150.01324462890625,150.82070922851562,6.01324462890625,6.820709228515625,0.807464599609375
14473,F,106.0,108.59815979003906,107.31793212890625,2.5981597900390625,1.31793212890625,1.2802276611328125
14478,F,120.0,122.58560943603516,123.28588104248047,2.5856094360351562,3.2858810424804688,0.7002716064453125
14483,F,94.0,97.1462173461914,97.91899871826172,3.1462173461914062,3.9189987182617188,0.7727813720703125
14487,M,108.0,101.24806213378906,102.50971984863281,6.7519378662109375,5.4902801513671875,1.26165771484375
14489,M,84.0,82.85038757324219,82.19223022460938,1.1496124267578125,1.807769775390625,0.6581573486328125
14494,F,69.0,93.71411895751953,93.99022674560547,24.71411895751953,24.99022674560547,0.2761077880859375
14501,F,132.0,131.68896484375,135.26219177246094,0.31103515625,3.2621917724609375,3.5732269287109375
14507,M,168.0,157.6429443359375,157.72254943847656,10.3570556640625,10.277450561523438,0.0796051025390625
14512,M,150.0,153.0425567626953,154.0965576171875,3.0425567626953125,4.0965576171875,1.0540008544921875
14513,M,138.0,137.10055541992188,137.52671813964844,0.899444580078125,0.4732818603515625,0.4261627197265625
14515,F,132.0,147.07571411132812,147.05438232421875,15.075714111328125,15.05438232421875,0.021331787109375
14521,M,162.0,157.78797912597656,157.14437866210938,4.2120208740234375,4.855621337890625,0.6436004638671875
14546,M,12.0,19.606155395507812,18.90369415283203,7.6061553955078125,6.903694152832031,0.7024612426757812
14553,F,144.0,140.31600952148438,139.25924682617188,3.683990478515625,4.740753173828125,1.0567626953125
14555,F,94.0,74.78253936767578,74.71601104736328,19.21746063232422,19.28398895263672,0.0665283203125
14556,F,94.0,85.91954040527344,88.0750732421875,8.080459594726562,5.9249267578125,2.1555328369140625
14558,M,126.0,117.19854736328125,113.17618560791016,8.80145263671875,12.823814392089844,4.022361755371094
14561,M,156.0,158.37979125976562,157.50619506835938,2.379791259765625,1.506195068359375,0.87359619140625
14569,M,96.0,96.5899429321289,94.17861938476562,0.5899429321289062,1.821380615234375,2.4113235473632812
14572,F,132.0,132.84896850585938,133.00570678710938,0.848968505859375,1.005706787109375,0.15673828125
14576,M,120.0,131.42709350585938,131.56350708007812,11.427093505859375,11.563507080078125,0.13641357421875
14579,F,94.0,94.76333618164062,94.08079528808594,0.763336181640625,0.0807952880859375,0.6825408935546875
14581,F,162.0,161.35427856445312,161.38943481445312,0.645721435546875,0.610565185546875,0.03515625
14582,F,60.0,57.91278839111328,58.26136779785156,2.0872116088867188,1.7386322021484375,0.34857940673828125
14589,F,50.0,54.295204162597656,53.663482666015625,4.295204162597656,3.663482666015625,0.6317214965820312
14593,M,168.0,164.46958923339844,165.266845703125,3.5304107666015625,2.733154296875,0.7972564697265625
14606,F,94.0,107.06900024414062,105.7093276977539,13.069000244140625,11.709327697753906,1.3596725463867188
14616,F,120.0,119.59661865234375,118.76304626464844,0.40338134765625,1.2369537353515625,0.8335723876953125
14618,F,144.0,152.525390625,153.70806884765625,8.525390625,9.70806884765625,1.18267822265625
14622,F,156.0,150.367919921875,150.66403198242188,5.632080078125,5.335968017578125,0.296112060546875
14649,F,150.0,156.538818359375,157.188232421875,6.538818359375,7.188232421875,0.6494140625
14672,F,162.0,164.21755981445312,165.08323669433594,2.217559814453125,3.0832366943359375,0.8656768798828125
14679,M,159.0,156.55181884765625,156.22003173828125,2.44818115234375,2.77996826171875,0.331787109375
14683,M,120.0,116.6213607788086,118.85758972167969,3.3786392211914062,1.1424102783203125,2.2362289428710938
14685,F,94.0,105.32545471191406,107.89066314697266,11.325454711914062,13.890663146972656,2.5652084350585938
14691,M,72.0,66.31489562988281,65.14242553710938,5.6851043701171875,6.857574462890625,1.1724700927734375
14693,M,150.0,151.24343872070312,150.89288330078125,1.243438720703125,0.89288330078125,0.350555419921875
14698,M,168.0,167.07797241210938,166.92135620117188,0.922027587890625,1.078643798828125,0.1566162109375
14699,F,94.0,99.78758239746094,100.69828033447266,5.7875823974609375,6.698280334472656,0.9106979370117188
14700,M,48.0,48.20654296875,49.113525390625,0.20654296875,1.113525390625,0.906982421875
14715,M,84.0,92.289794921875,92.62956237792969,8.289794921875,8.629562377929688,0.3397674560546875
14728,M,54.0,53.92853546142578,56.04158020019531,0.07146453857421875,2.0415802001953125,2.1130447387695312
14735,F,132.0,127.7491226196289,129.09542846679688,4.250877380371094,2.904571533203125,1.3463058471679688
14737,F,132.0,118.83722686767578,118.58081817626953,13.162773132324219,13.419181823730469,0.25640869140625
14738,M,72.0,55.20030212402344,55.52422332763672,16.799697875976562,16.47577667236328,0.32392120361328125
14739,M,72.0,69.56240844726562,66.63726043701172,2.437591552734375,5.362739562988281,2.9251480102539062
14747,M,132.0,142.13571166992188,143.93826293945312,10.135711669921875,11.938262939453125,1.80255126953125
14752,F,42.0,44.83636474609375,43.93101501464844,2.83636474609375,1.9310150146484375,0.9053497314453125
14753,M,96.0,114.61243438720703,114.69509887695312,18.61243438720703,18.695098876953125,0.08266448974609375
14760,M,162.0,163.13665771484375,163.35552978515625,1.13665771484375,1.35552978515625,0.2188720703125
14763,F,82.0,81.71592712402344,81.76432800292969,0.2840728759765625,0.2356719970703125,0.04840087890625
14770,M,180.0,183.40040588378906,182.505126953125,3.4004058837890625,2.505126953125,0.8952789306640625
14780,M,96.0,99.01354217529297,97.03382873535156,3.0135421752929688,1.0338287353515625,1.9797134399414062
14787,F,82.0,78.3869400024414,78.41730499267578,3.6130599975585938,3.5826950073242188,0.030364990234375
14790,F,106.0,78.84368896484375,78.26036071777344,27.15631103515625,27.739639282226562,0.5833282470703125
14796,F,144.0,138.18911743164062,139.01275634765625,5.810882568359375,4.98724365234375,0.823638916015625
14798,M,216.0,208.62957763671875,209.95591735839844,7.37042236328125,6.0440826416015625,1.3263397216796875
14800,F,94.0,92.56611633300781,92.95877838134766,1.4338836669921875,1.0412216186523438,0.39266204833984375
14817,M,132.0,137.83033752441406,137.07177734375,5.8303375244140625,5.07177734375,0.7585601806640625
14826,F,94.0,88.18692016601562,88.82048034667969,5.813079833984375,5.1795196533203125,0.6335601806640625
14828,F,94.0,92.58282470703125,92.23297119140625,1.41717529296875,1.76702880859375,0.349853515625
14832,F,144.0,146.4561309814453,145.06033325195312,2.4561309814453125,1.060333251953125,1.3957977294921875
14833,M,138.0,144.42001342773438,143.36517333984375,6.420013427734375,5.36517333984375,1.054840087890625
14841,M,132.0,135.2169189453125,135.41217041015625,3.2169189453125,3.41217041015625,0.19525146484375
14846,M,72.0,59.955108642578125,61.52702331542969,12.044891357421875,10.472976684570312,1.5719146728515625
14847,M,162.0,157.9513702392578,158.3863067626953,4.0486297607421875,3.6136932373046875,0.4349365234375
14848,F,94.0,81.42694854736328,81.46638488769531,12.573051452636719,12.533615112304688,0.03943634033203125
14852,M,168.0,165.51129150390625,166.58798217773438,2.48870849609375,1.412017822265625,1.076690673828125
14854,F,156.0,161.83697509765625,161.91317749023438,5.83697509765625,5.913177490234375,0.076202392578125
14862,M,144.0,155.3319549560547,155.36746215820312,11.331954956054688,11.367462158203125,0.0355072021484375
14869,M,162.0,159.12347412109375,157.79537963867188,2.87652587890625,4.204620361328125,1.328094482421875
14874,M,102.0,86.96375274658203,85.990966796875,15.036247253417969,16.009033203125,0.9727859497070312
14875,M,180.0,179.48606872558594,179.66806030273438,0.5139312744140625,0.331939697265625,0.1819915771484375
14878,M,132.0,153.84339904785156,153.906005859375,21.843399047851562,21.906005859375,0.0626068115234375
14885,M,186.0,181.25244140625,179.20272827148438,4.74755859375,6.797271728515625,2.049713134765625
14898,F,113.0,105.76129150390625,107.1108169555664,7.23870849609375,5.889183044433594,1.3495254516601562
14900,M,192.0,198.41465759277344,197.46214294433594,6.4146575927734375,5.4621429443359375,0.9525146484375
14903,M,150.0,144.89883422851562,143.62530517578125,5.101165771484375,6.37469482421875,1.273529052734375
14908,F,120.0,125.44696044921875,124.8031234741211,5.44696044921875,4.803123474121094,0.6438369750976562
14911,F,69.0,67.92538452148438,69.68289184570312,1.074615478515625,0.682891845703125,1.75750732421875
14912,F,138.0,143.36671447753906,144.5405731201172,5.3667144775390625,6.5405731201171875,1.173858642578125
14923,M,84.0,83.34191131591797,79.23497009277344,0.6580886840820312,4.7650299072265625,4.106941223144531
14927,M,156.0,147.67230224609375,146.33094787597656,8.32769775390625,9.669052124023438,1.3413543701171875
14929,F,120.0,124.94989776611328,125.94831085205078,4.949897766113281,5.948310852050781,0.9984130859375
14931,M,84.0,83.12379455566406,81.80570220947266,0.8762054443359375,2.1942977905273438,1.3180923461914062
14932,M,138.0,144.22076416015625,146.03656005859375,6.22076416015625,8.03656005859375,1.8157958984375
14939,M,108.0,132.17922973632812,132.24755859375,24.179229736328125,24.24755859375,0.068328857421875
14953,M,156.0,156.59730529785156,158.5088653564453,0.5973052978515625,2.5088653564453125,1.91156005859375
14960,F,94.0,84.202392578125,81.26874542236328,9.797607421875,12.731254577636719,2.9336471557617188
14973,F,113.0,116.27306365966797,115.4936294555664,3.2730636596679688,2.4936294555664062,0.7794342041015625
14976,F,82.0,87.2593002319336,87.09105682373047,5.259300231933594,5.091056823730469,0.168243408203125
14984,M,150.0,145.79469299316406,146.81661987304688,4.2053070068359375,3.183380126953125,1.0219268798828125
14993,F,132.0,138.6197509765625,138.22984313964844,6.6197509765625,6.2298431396484375,0.3899078369140625
14995,M,150.0,150.69932556152344,152.0252685546875,0.6993255615234375,2.0252685546875,1.3259429931640625
14997,M,168.0,166.9703369140625,167.189208984375,1.0296630859375,0.810791015625,0.2188720703125
15006,F,156.0,157.50096130371094,157.62815856933594,1.5009613037109375,1.6281585693359375,0.127197265625
15012,F,120.0,129.97622680664062,130.0947723388672,9.976226806640625,10.094772338867188,0.1185455322265625
15013,F,106.0,118.48086547851562,120.7018051147461,12.480865478515625,14.701805114746094,2.2209396362304688
15021,F,120.0,112.80657958984375,112.3577880859375,7.19342041015625,7.6422119140625,0.44879150390625
15022,F,69.0,71.46308898925781,70.79304504394531,2.4630889892578125,1.7930450439453125,0.6700439453125
15023,F,132.0,140.28956604003906,141.33241271972656,8.289566040039062,9.332412719726562,1.0428466796875
15029,M,150.0,151.38441467285156,152.7208251953125,1.3844146728515625,2.7208251953125,1.3364105224609375
15030,F,69.0,83.36902618408203,84.12973022460938,14.369026184082031,15.129730224609375,0.7607040405273438
15033,M,162.0,164.4073486328125,165.40167236328125,2.4073486328125,3.40167236328125,0.99432373046875
15040,M,108.0,115.68197631835938,115.8777847290039,7.681976318359375,7.877784729003906,0.19580841064453125
15044,F,18.0,30.43250274658203,30.268768310546875,12.432502746582031,12.268768310546875,0.16373443603515625
15050,F,94.0,121.53671264648438,119.08438110351562,27.536712646484375,25.084381103515625,2.45233154296875
15054,F,106.0,108.45001220703125,108.88488006591797,2.45001220703125,2.8848800659179688,0.43486785888671875
15056,M,156.0,156.8648223876953,155.2440643310547,0.8648223876953125,0.7559356689453125,1.620758056640625
15061,F,94.0,76.00643157958984,76.11502838134766,17.993568420410156,17.884971618652344,0.1085968017578125
15071,M,108.0,111.01100158691406,108.4786605834961,3.0110015869140625,0.47866058349609375,2.5323410034179688
15072,M,150.0,163.26260375976562,164.1618194580078,13.262603759765625,14.161819458007812,0.8992156982421875
15074,F,82.0,79.01826477050781,78.84922790527344,2.9817352294921875,3.1507720947265625,0.169036865234375
15079,F,60.0,66.3157958984375,66.07987976074219,6.3157958984375,6.0798797607421875,0.2359161376953125
15080,F,132.0,134.14508056640625,135.1795196533203,2.14508056640625,3.1795196533203125,1.0344390869140625
15081,M,168.0,169.1668701171875,168.9936981201172,1.1668701171875,0.9936981201171875,0.1731719970703125
15088,F,120.0,121.15605926513672,120.6220703125,1.1560592651367188,0.6220703125,0.5339889526367188
15102,M,84.0,93.27333068847656,93.669677734375,9.273330688476562,9.669677734375,0.3963470458984375
15106,M,96.0,108.78748321533203,107.40625,12.787483215332031,11.40625,1.3812332153320312
15108,F,106.0,115.02498626708984,113.78585815429688,9.024986267089844,7.785858154296875,1.2391281127929688
15109,M,132.0,132.11888122558594,130.7078094482422,0.1188812255859375,1.2921905517578125,1.41107177734375
15111,M,132.0,135.7472381591797,135.91586303710938,3.7472381591796875,3.915863037109375,0.1686248779296875
15114,M,120.0,108.94705200195312,108.28649139404297,11.052947998046875,11.713508605957031,0.6605606079101562
15129,M,72.0,62.068275451660156,60.75731658935547,9.931724548339844,11.242683410644531,1.3109588623046875
15130,M,108.0,108.02252960205078,108.05075073242188,0.02252960205078125,0.050750732421875,0.02822113037109375
15147,F,132.0,135.27084350585938,133.64547729492188,3.270843505859375,1.645477294921875,1.6253662109375
15148,F,69.0,73.6895751953125,73.03048706054688,4.6895751953125,4.030487060546875,0.659088134765625
15150,M,162.0,158.26931762695312,158.7060546875,3.730682373046875,3.2939453125,0.436737060546875
15151,M,108.0,128.24693298339844,128.53797912597656,20.246932983398438,20.537979125976562,0.291046142578125
15156,F,94.0,101.65164184570312,97.44216918945312,7.651641845703125,3.442169189453125,4.20947265625
15164,F,60.0,65.87080383300781,65.57950592041016,5.8708038330078125,5.579505920410156,0.29129791259765625
15174,F,50.0,50.689125061035156,47.177520751953125,0.6891250610351562,2.822479248046875,3.5116043090820312
15177,F,42.0,35.40745544433594,35.438819885253906,6.5925445556640625,6.561180114746094,0.03136444091796875
15185,M,108.0,116.74176788330078,115.19336700439453,8.741767883300781,7.193367004394531,1.54840087890625
15188,F,50.0,45.10193634033203,46.008575439453125,4.898063659667969,3.991424560546875,0.9066390991210938
15191,F,82.0,75.60572052001953,75.62669372558594,6.394279479980469,6.3733062744140625,0.02097320556640625
15199,M,84.0,86.97186279296875,86.77119445800781,2.97186279296875,2.7711944580078125,0.2006683349609375
15201,M,135.0,134.91920471191406,134.1157989501953,0.0807952880859375,0.8842010498046875,0.80340576171875
15212,M,156.0,149.6046142578125,150.20127868652344,6.3953857421875,5.7987213134765625,0.5966644287109375
15227,M,168.0,174.90768432617188,171.0215301513672,6.907684326171875,3.0215301513671875,3.8861541748046875
15229,M,156.0,155.79714965820312,156.2451934814453,0.202850341796875,0.2451934814453125,0.4480438232421875
15234,F,106.0,106.73526000976562,103.1678695678711,0.735260009765625,2.8321304321289062,3.5673904418945312
15242,M,150.0,142.2806854248047,141.82508850097656,7.7193145751953125,8.174911499023438,0.455596923828125
15247,F,94.0,89.36394500732422,91.49259948730469,4.636054992675781,2.5074005126953125,2.1286544799804688
15257,M,60.0,67.12860107421875,68.58023071289062,7.12860107421875,8.580230712890625,1.451629638671875
15258,F,60.0,65.05024719238281,64.1499252319336,5.0502471923828125,4.149925231933594,0.9003219604492188
15267,F,162.0,162.60006713867188,161.86231994628906,0.600067138671875,0.1376800537109375,0.7377471923828125
15287,F,106.0,114.84516906738281,114.95281219482422,8.845169067382812,8.952812194824219,0.10764312744140625
15289,F,94.0,99.97062683105469,98.3953857421875,5.9706268310546875,4.3953857421875,1.5752410888671875
15296,F,82.0,84.97693634033203,84.44122314453125,2.9769363403320312,2.44122314453125,0.5357131958007812
15302,F,132.0,144.96875,144.7779998779297,12.96875,12.777999877929688,0.1907501220703125
15314,F,106.0,111.97579193115234,110.6610336303711,5.975791931152344,4.661033630371094,1.31475830078125
15315,M,168.0,160.58963012695312,160.4930877685547,7.410369873046875,7.5069122314453125,0.0965423583984375
15316,M,168.0,167.26504516601562,168.69667053222656,0.734954833984375,0.6966705322265625,1.4316253662109375
15321,F,82.0,71.84225463867188,69.59832763671875,10.157745361328125,12.40167236328125,2.243927001953125
15325,F,132.0,125.79314422607422,126.05284881591797,6.206855773925781,5.947151184082031,0.25970458984375
15331,F,126.0,131.56463623046875,131.03030395507812,5.56463623046875,5.030303955078125,0.534332275390625
15332,F,180.0,179.61773681640625,179.79486083984375,0.38226318359375,0.20513916015625,0.1771240234375
15336,F,144.0,141.45799255371094,142.4783172607422,2.5420074462890625,1.5216827392578125,1.02032470703125
15337,F,162.0,162.96231079101562,161.9015350341797,0.962310791015625,0.0984649658203125,1.0607757568359375
15338,F,126.0,139.6897430419922,138.11221313476562,13.689743041992188,12.112213134765625,1.5775299072265625
15341,F,94.0,83.10608673095703,82.15292358398438,10.893913269042969,11.847076416015625,0.9531631469726562
15360,M,72.0,62.851402282714844,64.92543029785156,9.148597717285156,7.0745697021484375,2.0740280151367188
15365,F,120.0,122.81226348876953,122.74297332763672,2.8122634887695312,2.7429733276367188,0.0692901611328125
15373,M,156.0,160.37457275390625,159.81158447265625,4.37457275390625,3.81158447265625,0.56298828125
15374,M,162.0,158.18980407714844,157.977783203125,3.8101959228515625,4.022216796875,0.2120208740234375
15379,F,168.0,172.38742065429688,172.80303955078125,4.387420654296875,4.80303955078125,0.415618896484375
15386,F,69.0,70.8343505859375,71.62825775146484,1.8343505859375,2.6282577514648438,0.7939071655273438
15391,F,132.0,139.9504852294922,140.65866088867188,7.9504852294921875,8.658660888671875,0.7081756591796875
15392,M,108.0,90.16395568847656,88.54258728027344,17.836044311523438,19.457412719726562,1.621368408203125
15397,M,150.0,149.59976196289062,151.38153076171875,0.400238037109375,1.38153076171875,1.781768798828125
15403,M,72.0,71.0953369140625,74.31648254394531,0.9046630859375,2.3164825439453125,3.2211456298828125
15408,M,108.0,132.74217224121094,134.34544372558594,24.742172241210938,26.345443725585938,1.603271484375
15424,M,168.0,176.4414520263672,177.0753173828125,8.441452026367188,9.0753173828125,0.6338653564453125
15426,M,156.0,159.9222412109375,160.36611938476562,3.9222412109375,4.366119384765625,0.443878173828125
15442,M,96.0,92.87884521484375,92.89552307128906,3.12115478515625,3.1044769287109375,0.0166778564453125
15464,F,120.0,125.43020629882812,126.12577819824219,5.430206298828125,6.1257781982421875,0.6955718994140625
15516,M,156.0,150.57667541503906,151.35455322265625,5.4233245849609375,4.64544677734375,0.7778778076171875
15517,F,69.0,57.04974365234375,57.44512939453125,11.95025634765625,11.55487060546875,0.3953857421875
15518,M,150.0,150.8928680419922,150.35943603515625,0.8928680419921875,0.35943603515625,0.5334320068359375
15533,M,108.0,101.62750244140625,100.92559051513672,6.37249755859375,7.074409484863281,0.7019119262695312
15541,M,162.0,158.79644775390625,158.4176788330078,3.20355224609375,3.5823211669921875,0.3787689208984375
15545,M,150.0,125.06536865234375,123.3856430053711,24.93463134765625,26.614356994628906,1.6797256469726562
15561,F,144.0,147.2010498046875,147.59584045410156,3.2010498046875,3.5958404541015625,0.3947906494140625
15567,F,144.0,145.7907257080078,146.18746948242188,1.7907257080078125,2.187469482421875,0.3967437744140625
15583,M,132.0,127.1838607788086,126.57959747314453,4.816139221191406,5.420402526855469,0.6042633056640625
15585,M,162.0,163.31114196777344,163.17562866210938,1.3111419677734375,1.175628662109375,0.1355133056640625
15595,M,78.0,81.67729187011719,80.56798553466797,3.6772918701171875,2.5679855346679688,1.1093063354492188
15600,F,144.0,134.46475219726562,134.88768005371094,9.535247802734375,9.112319946289062,0.4229278564453125
15604,M,168.0,179.08837890625,180.53439331054688,11.08837890625,12.534393310546875,1.446014404296875
1465,F,39.0,38.375396728515625,39.713218688964844,0.624603271484375,0.7132186889648438,1.3378219604492188
1506,M,51.0,41.93836212158203,39.59215545654297,9.061637878417969,11.407844543457031,2.3462066650390625
1528,F,156.0,149.14810180664062,150.81629943847656,6.851898193359375,5.1837005615234375,1.6681976318359375
1693,M,192.0,196.00563049316406,196.36972045898438,4.0056304931640625,4.369720458984375,0.3640899658203125
1731,M,96.0,98.95413970947266,99.04474639892578,2.9541397094726562,3.0447463989257812,0.090606689453125
1740,F,132.0,128.6267852783203,129.46484375,3.3732147216796875,2.53515625,0.8380584716796875
1805,M,210.0,209.75257873535156,213.52618408203125,0.2474212646484375,3.52618408203125,3.7736053466796875
1836,F,120.0,113.46279907226562,114.16732788085938,6.537200927734375,5.832672119140625,0.70452880859375
1881,F,76.0,88.4080810546875,87.63822937011719,12.4080810546875,11.638229370117188,0.7698516845703125
1900,F,152.0,160.90533447265625,157.51536560058594,8.90533447265625,5.5153656005859375,3.3899688720703125
1914,M,76.0,100.09892272949219,103.74759674072266,24.098922729492188,27.747596740722656,3.6486740112304688
1950,M,38.0,50.79889678955078,48.79150390625,12.798896789550781,10.79150390625,2.0073928833007812
1970,M,192.0,199.51763916015625,200.30101013183594,7.51763916015625,8.301010131835938,0.7833709716796875
1981,M,150.0,131.51388549804688,138.14505004882812,18.486114501953125,11.854949951171875,6.63116455078125
2036,M,159.0,148.4040069580078,149.392578125,10.595993041992188,9.607421875,0.9885711669921875
2054,M,24.0,29.649444580078125,28.936546325683594,5.649444580078125,4.936546325683594,0.7128982543945312
2190,M,138.0,144.65042114257812,146.69839477539062,6.650421142578125,8.698394775390625,2.0479736328125
2215,M,162.0,158.4811553955078,157.85000610351562,3.5188446044921875,4.149993896484375,0.6311492919921875
2335,M,168.0,172.19692993164062,173.23374938964844,4.196929931640625,5.2337493896484375,1.0368194580078125
2426,M,15.0,22.84661865234375,24.931182861328125,7.84661865234375,9.931182861328125,2.084564208984375
2548,M,150.0,148.56378173828125,147.9614715576172,1.43621826171875,2.0385284423828125,0.6023101806640625
2561,M,72.0,89.1999282836914,89.69725036621094,17.199928283691406,17.697250366210938,0.49732208251953125
2634,M,138.0,143.8939208984375,145.00193786621094,5.8939208984375,7.0019378662109375,1.1080169677734375
2676,M,162.0,160.29771423339844,160.55517578125,1.7022857666015625,1.44482421875,0.2574615478515625
2763,F,69.0,83.83785247802734,83.83265686035156,14.837852478027344,14.832656860351562,0.00519561767578125
2840,M,147.0,150.05917358398438,151.35928344726562,3.059173583984375,4.359283447265625,1.30010986328125
2860,M,192.0,189.49468994140625,189.4923553466797,2.50531005859375,2.5076446533203125,0.0023345947265625
2891,F,94.0,110.68205261230469,113.07740783691406,16.682052612304688,19.077407836914062,2.395355224609375
2915,F,132.0,137.04991149902344,137.156494140625,5.0499114990234375,5.156494140625,0.1065826416015625
2940,F,144.0,142.40589904785156,142.37631225585938,1.5941009521484375,1.623687744140625,0.0295867919921875
2941,M,132.0,154.21725463867188,154.5793914794922,22.217254638671875,22.579391479492188,0.3621368408203125
2967,M,204.0,198.74539184570312,199.68377685546875,5.254608154296875,4.31622314453125,0.938385009765625
2995,M,168.0,173.94119262695312,175.90667724609375,5.941192626953125,7.90667724609375,1.965484619140625
3067,M,167.0,145.36264038085938,144.34698486328125,21.637359619140625,22.65301513671875,1.015655517578125
3106,F,176.0,176.0522003173828,176.5166778564453,0.0522003173828125,0.5166778564453125,0.4644775390625
3326,M,180.0,170.29029846191406,169.67828369140625,9.709701538085938,10.32171630859375,0.6120147705078125
3336,M,180.0,184.5269317626953,184.27728271484375,4.5269317626953125,4.27728271484375,0.2496490478515625
3358,F,168.0,179.1239013671875,178.4945068359375,11.1239013671875,10.4945068359375,0.62939453125
3428,F,156.0,159.94129943847656,161.89736938476562,3.9412994384765625,5.897369384765625,1.9560699462890625
3458,F,100.0,99.78531646728516,100.52086639404297,0.21468353271484375,0.5208663940429688,0.7355499267578125
3496,F,162.0,160.76455688476562,160.65667724609375,1.235443115234375,1.34332275390625,0.107879638671875
3500,M,150.0,146.98622131347656,147.0592041015625,3.0137786865234375,2.9407958984375,0.0729827880859375
3538,M,60.0,61.237449645996094,61.68267822265625,1.2374496459960938,1.68267822265625,0.44522857666015625
3570,F,120.0,120.44680786132812,119.46923828125,0.446807861328125,0.53076171875,0.977569580078125
3608,F,106.0,95.2659912109375,94.76849365234375,10.7340087890625,11.23150634765625,0.49749755859375
3814,F,138.0,145.5021209716797,149.00897216796875,7.5021209716796875,11.00897216796875,3.5068511962890625
3853,F,107.0,119.23234558105469,116.79263305664062,12.232345581054688,9.792633056640625,2.4397125244140625
3862,M,34.0,41.58403015136719,42.0919189453125,7.5840301513671875,8.0919189453125,0.5078887939453125
3869,F,160.0,167.59373474121094,170.9921417236328,7.5937347412109375,10.992141723632812,3.398406982421875
3895,M,84.0,78.0108642578125,77.3146743774414,5.9891357421875,6.685325622558594,0.6961898803710938
3948,F,144.0,136.00119018554688,137.06150817871094,7.998809814453125,6.9384918212890625,1.0603179931640625
4051,M,88.0,96.84954071044922,96.91670227050781,8.849540710449219,8.916702270507812,0.06716156005859375
4088,F,120.0,116.88096618652344,117.02001953125,3.1190338134765625,2.97998046875,0.1390533447265625
4095,M,180.0,182.51153564453125,184.47145080566406,2.51153564453125,4.4714508056640625,1.9599151611328125
4158,F,114.0,125.3991928100586,126.6295166015625,11.399192810058594,12.6295166015625,1.2303237915039062
4251,F,162.0,149.72872924804688,151.57272338867188,12.271270751953125,10.427276611328125,1.843994140625
4261,F,106.0,132.61988830566406,131.57679748535156,26.619888305664062,25.576797485351562,1.0430908203125
4267,F,156.0,144.86886596679688,145.33590698242188,11.131134033203125,10.664093017578125,0.467041015625
4274,F,24.0,14.110679626464844,14.201148986816406,9.889320373535156,9.798851013183594,0.0904693603515625
4283,F,174.0,177.03326416015625,177.11880493164062,3.03326416015625,3.118804931640625,0.085540771484375
4348,F,160.0,140.11895751953125,140.69688415527344,19.88104248046875,19.303115844726562,0.5779266357421875
4581,F,48.0,42.43023681640625,41.900245666503906,5.56976318359375,6.099754333496094,0.5299911499023438
4726,M,120.0,126.35657501220703,125.67203521728516,6.356575012207031,5.672035217285156,0.684539794921875
4733,M,144.0,146.3563232421875,147.2440185546875,2.3563232421875,3.2440185546875,0.8876953125
4756,F,120.0,137.41612243652344,137.72201538085938,17.416122436523438,17.722015380859375,0.3058929443359375
4862,F,126.0,132.8829803466797,132.99131774902344,6.8829803466796875,6.9913177490234375,0.10833740234375
4863,F,72.0,77.07551574707031,78.120849609375,5.0755157470703125,6.120849609375,1.0453338623046875
4926,M,168.0,170.00050354003906,169.33944702148438,2.0005035400390625,1.339447021484375,0.6610565185546875
4975,M,186.0,184.671142578125,184.77371215820312,1.328857421875,1.226287841796875,0.102569580078125
5018,M,126.0,113.59506225585938,114.28907775878906,12.404937744140625,11.710922241210938,0.6940155029296875
5071,M,144.0,137.27650451660156,138.03489685058594,6.7234954833984375,5.9651031494140625,0.758392333984375
5114,M,156.0,148.36981201171875,149.08035278320312,7.63018798828125,6.919647216796875,0.710540771484375
5125,F,168.0,170.340087890625,169.79693603515625,2.340087890625,1.79693603515625,0.54315185546875
5204,M,120.0,127.53605651855469,127.81478118896484,7.5360565185546875,7.814781188964844,0.27872467041015625
5266,M,48.0,47.11763000488281,46.50593566894531,0.8823699951171875,1.4940643310546875,0.6116943359375
5392,M,156.0,164.06842041015625,164.4052734375,8.06842041015625,8.4052734375,0.33685302734375
5419,F,144.0,138.1058349609375,139.5355224609375,5.8941650390625,4.4644775390625,1.4296875
5523,M,150.0,141.5020751953125,143.91868591308594,8.4979248046875,6.0813140869140625,2.4166107177734375
5607,F,144.0,139.6500701904297,137.2035675048828,4.3499298095703125,6.7964324951171875,2.446502685546875
5609,F,24.0,17.98210906982422,18.710227966308594,6.017890930175781,5.289772033691406,0.728118896484375
5637,M,60.0,59.10511016845703,58.61272430419922,0.8948898315429688,1.3872756958007812,0.4923858642578125
5695,F,120.0,125.2542495727539,125.35386657714844,5.254249572753906,5.3538665771484375,0.09961700439453125
5722,F,48.0,49.24969482421875,49.73979949951172,1.24969482421875,1.7397994995117188,0.49010467529296875
5865,F,156.0,156.60023498535156,157.834228515625,0.6002349853515625,1.834228515625,1.2339935302734375
5924,F,106.0,122.22927856445312,121.17936706542969,16.229278564453125,15.179367065429688,1.0499114990234375
6012,M,120.0,107.6335678100586,112.62086486816406,12.366432189941406,7.3791351318359375,4.987297058105469
6087,M,138.0,118.372314453125,119.2649917602539,19.627685546875,18.735008239746094,0.8926773071289062
6165,F,192.0,181.66009521484375,182.40846252441406,10.33990478515625,9.591537475585938,0.7483673095703125
6202,F,82.0,78.18991088867188,78.79720306396484,3.810089111328125,3.2027969360351562,0.6072921752929688
6211,F,84.0,60.62709045410156,60.89448547363281,23.372909545898438,23.105514526367188,0.26739501953125
6267,M,132.0,146.52926635742188,145.88043212890625,14.529266357421875,13.88043212890625,0.648834228515625
6290,M,156.0,161.61810302734375,160.75457763671875,5.61810302734375,4.75457763671875,0.863525390625
6324,M,204.0,202.21267700195312,202.026123046875,1.787322998046875,1.973876953125,0.186553955078125
6333,M,60.0,79.20449829101562,78.43409729003906,19.204498291015625,18.434097290039062,0.7704010009765625
6367,F,156.0,146.53237915039062,147.26113891601562,9.467620849609375,8.738861083984375,0.728759765625
6373,M,162.0,165.2984161376953,165.76516723632812,3.2984161376953125,3.765167236328125,0.4667510986328125
6448,F,82.0,80.56486511230469,78.40708923339844,1.4351348876953125,3.5929107666015625,2.15777587890625
6459,M,150.0,151.61480712890625,152.52267456054688,1.61480712890625,2.522674560546875,0.907867431640625
6507,M,156.0,156.8457489013672,157.263427734375,0.8457489013671875,1.263427734375,0.4176788330078125
6633,F,186.0,180.52369689941406,180.0354461669922,5.4763031005859375,5.9645538330078125,0.488250732421875
6639,M,135.0,144.4975128173828,145.15049743652344,9.497512817382812,10.150497436523438,0.652984619140625
6649,M,138.0,144.47308349609375,145.23760986328125,6.47308349609375,7.23760986328125,0.7645263671875
6657,M,156.0,153.75328063964844,154.0157012939453,2.2467193603515625,1.9842987060546875,0.262420654296875
6670,M,150.0,152.4663848876953,149.6330108642578,2.4663848876953125,0.3669891357421875,2.8333740234375
6696,M,48.0,46.29944610595703,46.53718566894531,1.7005538940429688,1.4628143310546875,0.23773956298828125
6730,M,96.0,100.12078857421875,100.00608825683594,4.12078857421875,4.0060882568359375,0.1147003173828125
6797,M,120.0,107.26864624023438,105.16580963134766,12.731353759765625,14.834190368652344,2.1028366088867188
6823,M,150.0,132.32586669921875,130.87939453125,17.67413330078125,19.12060546875,1.44647216796875
6849,M,138.0,139.4922332763672,139.370849609375,1.4922332763671875,1.370849609375,0.1213836669921875
6919,M,78.0,78.37315368652344,78.19915008544922,0.3731536865234375,0.19915008544921875,0.17400360107421875
6928,F,132.0,136.86346435546875,136.62594604492188,4.86346435546875,4.625946044921875,0.237518310546875
6970,M,150.0,145.760498046875,146.59239196777344,4.239501953125,3.4076080322265625,0.8318939208984375
7039,M,204.0,202.99630737304688,203.20074462890625,1.003692626953125,0.79925537109375,0.204437255859375
7196,F,94.0,112.84529113769531,116.29631805419922,18.845291137695312,22.29631805419922,3.4510269165039062
7200,M,150.0,149.4931640625,146.7236785888672,0.5068359375,3.2763214111328125,2.7694854736328125
7226,M,159.0,157.88677978515625,157.5594482421875,1.11322021484375,1.4405517578125,0.32733154296875
7247,F,120.0,120.64852905273438,119.29279327392578,0.648529052734375,0.7072067260742188,1.3557357788085938
7407,M,120.0,119.59236907958984,120.00703430175781,0.40763092041015625,0.0070343017578125,0.41466522216796875
7408,M,156.0,158.12847900390625,157.30899047851562,2.12847900390625,1.308990478515625,0.819488525390625
7417,M,168.0,167.97958374023438,169.19705200195312,0.020416259765625,1.197052001953125,1.21746826171875
7432,M,156.0,155.90789794921875,154.88758850097656,0.09210205078125,1.1124114990234375,1.0203094482421875
7508,M,102.0,96.61573028564453,94.39506530761719,5.384269714355469,7.6049346923828125,2.2206649780273438
7521,M,168.0,175.8922119140625,179.13096618652344,7.8922119140625,11.130966186523438,3.2387542724609375
7528,F,106.0,95.86128997802734,96.79558563232422,10.138710021972656,9.204414367675781,0.934295654296875
7533,F,126.0,120.89678192138672,120.61022186279297,5.103218078613281,5.389778137207031,0.28656005859375
7668,F,94.0,87.78385925292969,87.56621551513672,6.2161407470703125,6.433784484863281,0.21764373779296875
7699,M,168.0,173.43276977539062,174.3992462158203,5.432769775390625,6.3992462158203125,0.9664764404296875
7777,M,96.0,108.1015625,108.02245330810547,12.1015625,12.022453308105469,0.07910919189453125
7786,F,94.0,98.00491333007812,97.05608367919922,4.004913330078125,3.0560836791992188,0.9488296508789062
7803,F,60.0,60.76531982421875,61.59651184082031,0.76531982421875,1.5965118408203125,0.8311920166015625
7900,F,132.0,137.85374450683594,137.92498779296875,5.8537445068359375,5.92498779296875,0.0712432861328125
7957,M,48.0,53.14702606201172,53.23613739013672,5.147026062011719,5.236137390136719,0.089111328125
8262,F,120.0,120.86296081542969,121.48625946044922,0.8629608154296875,1.4862594604492188,0.6232986450195312
8281,M,156.0,151.6476287841797,150.00184631347656,4.3523712158203125,5.9981536865234375,1.645782470703125
8300,F,132.0,144.6957550048828,144.7893524169922,12.695755004882812,12.789352416992188,0.093597412109375
8306,F,120.0,121.78755187988281,122.24346923828125,1.7875518798828125,2.24346923828125,0.4559173583984375
8372,F,132.0,140.8470001220703,141.32020568847656,8.847000122070312,9.320205688476562,0.47320556640625
8384,F,120.0,128.64056396484375,129.83914184570312,8.64056396484375,9.839141845703125,1.198577880859375
8468,M,168.0,166.63641357421875,167.91226196289062,1.36358642578125,0.087738037109375,1.275848388671875
8486,M,153.0,155.9751739501953,157.5996551513672,2.9751739501953125,4.5996551513671875,1.624481201171875
8492,M,156.0,161.55575561523438,160.18408203125,5.555755615234375,4.18408203125,1.371673583984375
8569,F,88.0,83.01678466796875,82.50035095214844,4.98321533203125,5.4996490478515625,0.5164337158203125
8665,M,114.0,98.65864562988281,98.39675903320312,15.341354370117188,15.603240966796875,0.2618865966796875
8690,F,106.0,103.81283569335938,101.31594848632812,2.187164306640625,4.684051513671875,2.49688720703125
8725,M,168.0,165.4647216796875,165.55873107910156,2.5352783203125,2.4412689208984375,0.0940093994140625
8733,F,192.0,180.6942138671875,180.3621368408203,11.3057861328125,11.637863159179688,0.3320770263671875
8804,M,150.0,146.37420654296875,147.69488525390625,3.62579345703125,2.30511474609375,1.3206787109375
9014,M,168.0,164.2752685546875,166.53575134277344,3.7247314453125,1.4642486572265625,2.2604827880859375
9050,F,120.0,123.13272094726562,121.92142486572266,3.132720947265625,1.9214248657226562,1.2112960815429688
9069,F,144.0,149.5204315185547,149.58688354492188,5.5204315185546875,5.586883544921875,0.0664520263671875
9079,M,183.0,182.8148193359375,183.06207275390625,0.1851806640625,0.06207275390625,0.24725341796875
9102,M,150.0,152.73829650878906,151.82550048828125,2.7382965087890625,1.82550048828125,0.9127960205078125
9180,F,88.0,85.56401062011719,87.01210021972656,2.4359893798828125,0.9878997802734375,1.448089599609375
9231,F,106.0,80.17897033691406,80.7613525390625,25.821029663085938,25.2386474609375,0.5823822021484375
9240,M,156.0,157.02732849121094,158.06500244140625,1.0273284912109375,2.06500244140625,1.0376739501953125
9327,M,132.0,150.28652954101562,151.97897338867188,18.286529541015625,19.978973388671875,1.69244384765625
9330,F,132.0,131.49171447753906,131.5840606689453,0.5082855224609375,0.4159393310546875,0.09234619140625
9482,F,132.0,137.0507049560547,137.26031494140625,5.0507049560546875,5.26031494140625,0.2096099853515625
9483,F,210.0,185.4800262451172,186.98281860351562,24.519973754882812,23.017181396484375,1.5027923583984375
9490,F,120.0,123.50823974609375,122.45158386230469,3.50823974609375,2.4515838623046875,1.0566558837890625
9515,F,132.0,137.53964233398438,139.36834716796875,5.539642333984375,7.36834716796875,1.828704833984375
9637,M,108.0,90.10823059082031,89.0395278930664,17.891769409179688,18.960472106933594,1.0687026977539062
9679,F,94.0,94.06120300292969,97.62144470214844,0.0612030029296875,3.6214447021484375,3.56024169921875
9743,F,113.0,113.50666809082031,109.88584899902344,0.5066680908203125,3.1141510009765625,3.620819091796875
9782,M,138.0,143.32275390625,143.803466796875,5.32275390625,5.803466796875,0.480712890625
9858,M,156.0,156.11488342285156,156.35195922851562,0.1148834228515625,0.351959228515625,0.2370758056640625
9885,F,120.0,124.53025817871094,125.21217346191406,4.5302581787109375,5.2121734619140625,0.681915283203125
9973,M,150.0,167.73321533203125,168.72482299804688,17.73321533203125,18.724822998046875,0.991607666015625
9983,F,144.0,137.51588439941406,139.3831329345703,6.4841156005859375,4.6168670654296875,1.86724853515625
10018,M,108.0,104.72496795654297,106.4173583984375,3.2750320434570312,1.5826416015625,1.6923904418945312
10028,M,150.0,151.03956604003906,149.54156494140625,1.0395660400390625,0.45843505859375,1.4980010986328125
10032,F,156.0,132.29385375976562,136.23631286621094,23.706146240234375,19.763687133789062,3.9424591064453125
10098,M,156.0,158.675537109375,158.55992126464844,2.675537109375,2.5599212646484375,0.1156158447265625
10119,M,138.0,120.33468627929688,117.20647430419922,17.665313720703125,20.79352569580078,3.1282119750976562
10127,F,144.0,135.6088409423828,136.32760620117188,8.391159057617188,7.672393798828125,0.7187652587890625
10173,F,144.0,143.2722930908203,142.95823669433594,0.7277069091796875,1.0417633056640625,0.314056396484375
10189,M,150.0,157.42666625976562,157.29934692382812,7.426666259765625,7.299346923828125,0.1273193359375
10213,F,132.0,138.887451171875,141.45755004882812,6.887451171875,9.457550048828125,2.570098876953125
10215,M,168.0,165.26046752929688,165.7820587158203,2.739532470703125,2.2179412841796875,0.5215911865234375
10218,M,72.0,49.88871765136719,49.35883331298828,22.111282348632812,22.64116668701172,0.5298843383789062
10255,F,156.0,151.67913818359375,154.5148468017578,4.32086181640625,1.4851531982421875,2.8357086181640625
10269,M,168.0,158.40866088867188,157.59588623046875,9.591339111328125,10.40411376953125,0.812774658203125
10283,F,88.0,88.74146270751953,89.01293182373047,0.7414627075195312,1.0129318237304688,0.2714691162109375
10317,M,114.0,112.28089904785156,110.97048950195312,1.7191009521484375,3.029510498046875,1.3104095458984375
10409,F,168.0,163.6329345703125,163.06741333007812,4.3670654296875,4.932586669921875,0.565521240234375
10445,M,162.0,159.7027587890625,158.94439697265625,2.2972412109375,3.05560302734375,0.75836181640625
10473,F,132.0,128.51651000976562,129.4839324951172,3.483489990234375,2.5160675048828125,0.9674224853515625
10507,F,50.0,61.904579162597656,62.370704650878906,11.904579162597656,12.370704650878906,0.46612548828125
10516,F,159.0,158.39666748046875,159.7083282470703,0.60333251953125,0.7083282470703125,1.3116607666015625
10546,F,106.0,117.76175689697266,118.82300567626953,11.761756896972656,12.823005676269531,1.061248779296875
10560,M,120.0,131.70423889160156,132.1992950439453,11.704238891601562,12.199295043945312,0.49505615234375
10587,F,106.0,96.586181640625,96.25922393798828,9.413818359375,9.740776062011719,0.32695770263671875
10596,M,120.0,117.31058502197266,117.07750701904297,2.6894149780273438,2.9224929809570312,0.2330780029296875
10601,F,156.0,154.3424530029297,150.45535278320312,1.6575469970703125,5.544647216796875,3.8871002197265625
10649,M,36.0,46.38688659667969,46.065711975097656,10.386886596679688,10.065711975097656,0.32117462158203125
10770,F,144.0,133.6063690185547,132.8745574951172,10.393630981445312,11.125442504882812,0.7318115234375
10778,F,48.0,43.287864685058594,44.03204345703125,4.712135314941406,3.96795654296875,0.7441787719726562
10795,F,156.0,150.368408203125,150.71343994140625,5.631591796875,5.28656005859375,0.34503173828125
10805,M,153.0,159.57131958007812,158.75296020507812,6.571319580078125,5.752960205078125,0.818359375
10808,F,162.0,160.03778076171875,159.52548217773438,1.96221923828125,2.474517822265625,0.512298583984375
11031,M,96.0,101.35538482666016,101.54441833496094,5.355384826660156,5.5444183349609375,0.18903350830078125
11047,F,132.0,137.91818237304688,138.5352783203125,5.918182373046875,6.5352783203125,0.617095947265625
11125,F,94.0,94.75398254394531,96.38717651367188,0.7539825439453125,2.387176513671875,1.6331939697265625
11140,F,94.0,96.59553527832031,94.52081298828125,2.5955352783203125,0.52081298828125,2.0747222900390625
11188,F,94.0,89.11546325683594,89.40567016601562,4.8845367431640625,4.594329833984375,0.2902069091796875
11260,M,72.0,72.93345642089844,72.20893859863281,0.9334564208984375,0.2089385986328125,0.724517822265625
11272,M,174.0,179.62884521484375,179.928955078125,5.62884521484375,5.928955078125,0.30010986328125
11337,M,42.0,40.976600646972656,40.49351501464844,1.0233993530273438,1.5064849853515625,0.48308563232421875
11359,M,156.0,155.5634765625,155.9013671875,0.4365234375,0.0986328125,0.337890625
11429,M,126.0,95.05390930175781,94.96903228759766,30.946090698242188,31.030967712402344,0.08487701416015625
11438,M,168.0,171.38905334472656,178.12843322753906,3.3890533447265625,10.128433227539062,6.7393798828125
11493,F,94.0,86.59548950195312,88.04611206054688,7.404510498046875,5.953887939453125,1.45062255859375
11499,F,106.0,101.42166137695312,102.0209732055664,4.578338623046875,3.9790267944335938,0.5993118286132812
11506,F,106.0,108.27230834960938,107.53128814697266,2.272308349609375,1.5312881469726562,0.7410202026367188
11515,M,156.0,153.95826721191406,153.84373474121094,2.0417327880859375,2.1562652587890625,0.114532470703125
11535,F,162.0,162.55479431152344,164.46701049804688,0.5547943115234375,2.467010498046875,1.9122161865234375
11599,M,174.0,172.01248168945312,171.68592834472656,1.987518310546875,2.3140716552734375,0.3265533447265625
11600,F,94.0,118.4373550415039,119.90518951416016,24.437355041503906,25.905189514160156,1.46783447265625
11659,M,108.0,103.08805084228516,104.43003845214844,4.911949157714844,3.5699615478515625,1.3419876098632812
11694,M,162.0,153.31478881835938,153.35321044921875,8.685211181640625,8.64678955078125,0.038421630859375
11702,M,120.0,124.89934539794922,125.3970947265625,4.899345397949219,5.3970947265625,0.49774932861328125
11871,M,162.0,165.00906372070312,166.44467163085938,3.009063720703125,4.444671630859375,1.43560791015625
11884,M,72.0,83.53360748291016,84.31390380859375,11.533607482910156,12.31390380859375,0.7802963256835938
11903,F,168.0,170.1821746826172,170.86671447753906,2.1821746826171875,2.8667144775390625,0.684539794921875
11976,M,24.0,26.49944305419922,26.15349578857422,2.4994430541992188,2.1534957885742188,0.345947265625
11985,M,138.0,138.4636688232422,138.8433074951172,0.4636688232421875,0.8433074951171875,0.379638671875
12066,M,84.0,95.04862976074219,95.48159790039062,11.048629760742188,11.481597900390625,0.4329681396484375
12110,M,28.0,33.8048095703125,33.896026611328125,5.8048095703125,5.896026611328125,0.091217041015625
12117,M,168.0,158.72647094726562,159.09934997558594,9.273529052734375,8.900650024414062,0.3728790283203125
12134,F,132.0,140.4312286376953,143.08258056640625,8.431228637695312,11.08258056640625,2.6513519287109375
12185,F,39.0,36.355247497558594,34.788902282714844,2.6447525024414062,4.211097717285156,1.56634521484375
12365,F,106.0,102.91204833984375,102.7134017944336,3.08795166015625,3.2865982055664062,0.19864654541015625
12378,M,156.0,159.65945434570312,159.4079132080078,3.659454345703125,3.4079132080078125,0.2515411376953125
12400,M,48.0,54.77586364746094,54.20964050292969,6.7758636474609375,6.2096405029296875,0.56622314453125
12406,M,162.0,154.11956787109375,154.29766845703125,7.88043212890625,7.70233154296875,0.1781005859375
12428,M,192.0,193.50674438476562,193.27462768554688,1.506744384765625,1.274627685546875,0.23211669921875
12468,F,113.0,108.77958679199219,107.95880126953125,4.2204132080078125,5.04119873046875,0.8207855224609375
12494,M,180.0,168.30516052246094,168.62844848632812,11.694839477539062,11.371551513671875,0.3232879638671875
12508,F,132.0,139.6454315185547,143.07928466796875,7.6454315185546875,11.07928466796875,3.4338531494140625
12510,F,106.0,100.37825012207031,100.53667449951172,5.6217498779296875,5.463325500488281,0.15842437744140625
12645,M,216.0,204.3963623046875,205.5193634033203,11.6036376953125,10.480636596679688,1.1230010986328125
12783,F,82.0,87.50193786621094,84.3167953491211,5.5019378662109375,2.3167953491210938,3.1851425170898438
12806,M,156.0,154.715576171875,154.4822540283203,1.284423828125,1.5177459716796875,0.2333221435546875
12815,M,60.0,62.11650085449219,62.32139587402344,2.1165008544921875,2.3213958740234375,0.20489501953125
12839,M,168.0,166.5865020751953,166.78594970703125,1.4134979248046875,1.21405029296875,0.1994476318359375
12903,F,144.0,136.34393310546875,136.5010528564453,7.65606689453125,7.4989471435546875,0.1571197509765625
13002,M,108.0,89.63406372070312,86.70689392089844,18.365936279296875,21.293106079101562,2.9271697998046875
13019,F,120.0,125.51460266113281,128.49217224121094,5.5146026611328125,8.492172241210938,2.977569580078125
13121,M,156.0,160.36741638183594,160.3308868408203,4.3674163818359375,4.3308868408203125,0.036529541015625
13141,M,54.0,45.0020751953125,45.11852264404297,8.9979248046875,8.881477355957031,0.11644744873046875
13200,M,138.0,146.0225067138672,145.89271545410156,8.022506713867188,7.8927154541015625,0.129791259765625
13213,M,192.0,190.8002471923828,189.23480224609375,1.1997528076171875,2.76519775390625,1.5654449462890625
13235,F,106.0,104.2568359375,105.3206558227539,1.7431640625,0.6793441772460938,1.0638198852539062
13250,M,150.0,149.63389587402344,150.1542205810547,0.3661041259765625,0.1542205810546875,0.52032470703125
13281,F,162.0,164.02703857421875,164.18255615234375,2.02703857421875,2.18255615234375,0.155517578125
13289,F,132.0,131.90133666992188,132.16806030273438,0.098663330078125,0.168060302734375,0.2667236328125
13337,M,156.0,154.65721130371094,154.70022583007812,1.3427886962890625,1.299774169921875,0.0430145263671875
13354,M,102.0,112.32791137695312,111.62191009521484,10.327911376953125,9.621910095214844,0.7060012817382812
13494,F,60.0,66.0926742553711,70.77558898925781,6.092674255371094,10.775588989257812,4.682914733886719
13545,M,186.0,182.158203125,181.77865600585938,3.841796875,4.221343994140625,0.379547119140625
13570,M,120.0,112.66241455078125,113.2668685913086,7.33758544921875,6.733131408691406,0.6044540405273438
13621,M,78.0,70.21806335449219,71.34675598144531,7.7819366455078125,6.6532440185546875,1.128692626953125
13650,F,94.0,93.05316162109375,93.51806640625,0.94683837890625,0.48193359375,0.46490478515625
13688,F,94.0,80.90608215332031,80.80033874511719,13.093917846679688,13.199661254882812,0.105743408203125
13757,F,144.0,107.18655395507812,107.65921020507812,36.813446044921875,36.340789794921875,0.47265625
13762,F,82.0,85.28961944580078,84.22598266601562,3.2896194458007812,2.225982666015625,1.0636367797851562
13892,F,120.0,123.92413330078125,124.7481689453125,3.92413330078125,4.7481689453125,0.82403564453125
13946,F,82.0,85.94993591308594,86.13418579101562,3.9499359130859375,4.134185791015625,0.1842498779296875
14020,F,144.0,138.98809814453125,137.6290740966797,5.01190185546875,6.3709259033203125,1.3590240478515625
14068,M,108.0,107.04010009765625,107.1528091430664,0.95989990234375,0.8471908569335938,0.11270904541015625
14070,M,162.0,156.5316619873047,155.06094360351562,5.4683380126953125,6.939056396484375,1.4707183837890625
14108,F,144.0,143.82647705078125,144.38916015625,0.17352294921875,0.38916015625,0.56268310546875
14185,F,106.0,96.4471435546875,96.57319641113281,9.5528564453125,9.426803588867188,0.1260528564453125
14199,F,132.0,131.45225524902344,134.197998046875,0.5477447509765625,2.197998046875,2.7457427978515625
14203,F,106.0,107.40670776367188,107.00774383544922,1.406707763671875,1.0077438354492188,0.39896392822265625
14210,M,150.0,153.068359375,150.84213256835938,3.068359375,0.842132568359375,2.226226806640625
14230,F,162.0,152.1392059326172,152.893798828125,9.860794067382812,9.106201171875,0.7545928955078125
14329,F,36.0,23.85211944580078,24.16522216796875,12.147880554199219,11.83477783203125,0.31310272216796875
14378,F,94.0,100.24041748046875,100.01271057128906,6.24041748046875,6.0127105712890625,0.2277069091796875
14393,F,132.0,136.85372924804688,137.4873046875,4.853729248046875,5.4873046875,0.633575439453125
14457,F,82.0,72.32957458496094,70.56591796875,9.670425415039062,11.43408203125,1.7636566162109375
14498,F,162.0,162.60226440429688,162.56675720214844,0.602264404296875,0.5667572021484375,0.0355072021484375
14564,M,96.0,91.81748962402344,93.39529418945312,4.1825103759765625,2.604705810546875,1.5778045654296875
14580,F,120.0,127.67999267578125,128.0437774658203,7.67999267578125,8.043777465820312,0.3637847900390625
14583,M,162.0,165.96246337890625,167.3234100341797,3.96246337890625,5.3234100341796875,1.3609466552734375
14611,F,165.0,168.04705810546875,168.43780517578125,3.04705810546875,3.43780517578125,0.3907470703125
14650,M,120.0,110.7326889038086,114.04767608642578,9.267311096191406,5.952323913574219,3.3149871826171875
14730,F,88.0,93.50753784179688,95.28643798828125,5.507537841796875,7.28643798828125,1.778900146484375
14734,F,132.0,136.80902099609375,137.40939331054688,4.80902099609375,5.409393310546875,0.600372314453125
14764,F,144.0,144.77850341796875,146.68505859375,0.77850341796875,2.68505859375,1.90655517578125
14774,F,132.0,124.70430755615234,124.02465057373047,7.295692443847656,7.975349426269531,0.679656982421875
14821,F,82.0,77.99781799316406,77.9493408203125,4.0021820068359375,4.0506591796875,0.0484771728515625
14888,F,94.0,95.53984069824219,95.74618530273438,1.5398406982421875,1.746185302734375,0.2063446044921875
15017,F,94.0,99.51668548583984,100.73116302490234,5.516685485839844,6.731163024902344,1.2144775390625
15058,F,94.0,99.78337860107422,99.03802490234375,5.783378601074219,5.03802490234375,0.7453536987304688
15205,F,88.0,89.78746032714844,91.43256378173828,1.7874603271484375,3.4325637817382812,1.6451034545898438
15219,M,120.0,131.31292724609375,130.7469482421875,11.31292724609375,10.7469482421875,0.56597900390625
15366,M,72.0,70.47282409667969,70.89080810546875,1.5271759033203125,1.10919189453125,0.4179840087890625
15394,F,69.0,71.35813903808594,71.37060546875,2.3581390380859375,2.37060546875,0.0124664306640625
15456,M,138.0,130.68431091308594,132.2452392578125,7.3156890869140625,5.7547607421875,1.5609283447265625
15466,M,165.0,162.8289794921875,163.50619506835938,2.1710205078125,1.493804931640625,0.677215576171875
15521,F,88.0,79.24040985107422,79.03047180175781,8.759590148925781,8.969528198242188,0.20993804931640625
15547,M,168.0,172.35031127929688,173.11520385742188,4.350311279296875,5.115203857421875,0.764892578125
15554,M,204.0,202.70413208007812,203.45755004882812,1.295867919921875,0.542449951171875,0.75341796875
15592,F,42.0,41.221046447753906,43.04871368408203,0.7789535522460938,1.0487136840820312,1.827667236328125
15611,F,120.0,135.72410583496094,134.81224060058594,15.724105834960938,14.812240600585938,0.911865234375
