2026-09-14 05:49:36,203 | INFO | Run=C3_Z26_C3_ROI_V2_PILOT_C_V2_FOLD_3_SEED_42 device=cuda config_hash=863e9613a6d2ced189319b8e4c0205991c5f14d267e1986682003dad82e3c21e
2026-09-14 05:49:36,203 | INFO | Split hash train=896d4fd4efb43a0726d57a3084ba597364d9aedb73551774f34b58fec213be9e validation=c894202bb22f453ffef0eff9dcbd5a3e2f72c5b090073951388b7ed19a6ab82b
2026-09-14 05:50:04,992 | INFO | epoch=1 batch=25 global_step=12 loss_reg_months=31.0479 artifact_factor=0.00 lr=0.00020000 grad_norm=6.0233 throughput=15.63 img/s eta_seconds=689.4 gpu_alloc=508.6MiB gpu_reserved=6230.0MiB skipped_batches=0
2026-09-14 05:50:17,952 | INFO | epoch=1 batch=50 global_step=25 loss_reg_months=27.3511 artifact_factor=0.00 lr=0.00020000 grad_norm=3.1150 throughput=21.56 img/s eta_seconds=479.1 gpu_alloc=398.7MiB gpu_reserved=6230.0MiB skipped_batches=0
2026-09-14 05:50:30,849 | INFO | epoch=1 batch=75 global_step=37 loss_reg_months=24.5651 artifact_factor=0.00 lr=0.00020000 grad_norm=5.1062 throughput=24.71 img/s eta_seconds=399.9 gpu_alloc=508.6MiB gpu_reserved=6230.0MiB skipped_batches=0
2026-09-14 05:50:43,374 | INFO | epoch=1 batch=100 global_step=50 loss_reg_months=22.7735 artifact_factor=0.00 lr=0.00020000 grad_norm=3.7605 throughput=26.80 img/s eta_seconds=351.8 gpu_alloc=398.7MiB gpu_reserved=6230.0MiB skipped_batches=0
2026-09-14 05:50:55,110 | INFO | epoch=1 batch=125 global_step=62 loss_reg_months=21.0786 artifact_factor=0.00 lr=0.00020000 grad_norm=10.4186 throughput=28.52 img/s eta_seconds=314.9 gpu_alloc=508.6MiB gpu_reserved=6230.0MiB skipped_batches=0
2026-09-14 05:51:07,966 | INFO | epoch=1 batch=150 global_step=75 loss_reg_months=20.0896 artifact_factor=0.00 lr=0.00020000 grad_norm=4.8710 throughput=29.43 img/s eta_seconds=289.9 gpu_alloc=398.7MiB gpu_reserved=6230.0MiB skipped_batches=0
2026-09-14 05:51:21,074 | INFO | epoch=1 batch=175 global_step=87 loss_reg_months=19.2702 artifact_factor=0.00 lr=0.00020000 grad_norm=5.1518 throughput=30.04 img/s eta_seconds=269.0 gpu_alloc=508.6MiB gpu_reserved=6230.0MiB skipped_batches=0
2026-09-14 05:51:33,775 | INFO | epoch=1 batch=200 global_step=100 loss_reg_months=18.5757 artifact_factor=0.00 lr=0.00020000 grad_norm=5.8852 throughput=30.62 img/s eta_seconds=249.1 gpu_alloc=398.7MiB gpu_reserved=6230.0MiB skipped_batches=0
2026-09-14 05:51:46,402 | INFO | epoch=1 batch=225 global_step=112 loss_reg_months=17.7759 artifact_factor=0.00 lr=0.00020000 grad_norm=3.1254 throughput=31.11 img/s eta_seconds=230.8 gpu_alloc=508.6MiB gpu_reserved=6230.0MiB skipped_batches=0
2026-09-14 05:51:59,205 | INFO | epoch=1 batch=250 global_step=125 loss_reg_months=17.1301 artifact_factor=0.00 lr=0.00020000 grad_norm=3.4280 throughput=31.47 img/s eta_seconds=213.8 gpu_alloc=398.7MiB gpu_reserved=6230.0MiB skipped_batches=0
2026-09-14 05:52:12,061 | INFO | epoch=1 batch=275 global_step=137 loss_reg_months=16.6005 artifact_factor=0.00 lr=0.00020000 grad_norm=4.0968 throughput=31.76 img/s eta_seconds=197.7 gpu_alloc=508.6MiB gpu_reserved=6230.0MiB skipped_batches=0
2026-09-14 05:52:24,222 | INFO | epoch=1 batch=300 global_step=150 loss_reg_months=15.9469 artifact_factor=0.00 lr=0.00020000 grad_norm=4.5181 throughput=32.14 img/s eta_seconds=181.4 gpu_alloc=398.7MiB gpu_reserved=6230.0MiB skipped_batches=0
2026-09-14 05:52:36,556 | INFO | epoch=1 batch=325 global_step=162 loss_reg_months=15.5297 artifact_factor=0.00 lr=0.00020000 grad_norm=3.0271 throughput=32.44 img/s eta_seconds=165.8 gpu_alloc=508.6MiB gpu_reserved=6230.0MiB skipped_batches=0
2026-09-14 05:52:49,429 | INFO | epoch=1 batch=350 global_step=175 loss_reg_months=15.0599 artifact_factor=0.00 lr=0.00020000 grad_norm=2.2040 throughput=32.61 img/s eta_seconds=151.2 gpu_alloc=398.7MiB gpu_reserved=6230.0MiB skipped_batches=0
2026-09-14 05:53:02,991 | INFO | epoch=1 batch=375 global_step=187 loss_reg_months=14.6394 artifact_factor=0.00 lr=0.00020000 grad_norm=3.9215 throughput=32.64 img/s eta_seconds=137.2 gpu_alloc=508.6MiB gpu_reserved=6230.0MiB skipped_batches=0
2026-09-14 05:53:16,076 | INFO | epoch=1 batch=400 global_step=200 loss_reg_months=14.2904 artifact_factor=0.00 lr=0.00020000 grad_norm=3.6345 throughput=32.75 img/s eta_seconds=123.0 gpu_alloc=398.7MiB gpu_reserved=6230.0MiB skipped_batches=0
2026-09-14 05:53:29,229 | INFO | epoch=1 batch=425 global_step=212 loss_reg_months=13.9393 artifact_factor=0.00 lr=0.00020000 grad_norm=2.8929 throughput=32.83 img/s eta_seconds=109.0 gpu_alloc=508.6MiB gpu_reserved=6230.0MiB skipped_batches=0
2026-09-14 05:53:42,079 | INFO | epoch=1 batch=450 global_step=225 loss_reg_months=13.6331 artifact_factor=0.00 lr=0.00020000 grad_norm=2.5115 throughput=32.94 img/s eta_seconds=95.0 gpu_alloc=398.7MiB gpu_reserved=6230.0MiB skipped_batches=0
2026-09-14 05:53:54,907 | INFO | epoch=1 batch=475 global_step=237 loss_reg_months=13.3462 artifact_factor=0.00 lr=0.00020000 grad_norm=3.7902 throughput=33.05 img/s eta_seconds=81.1 gpu_alloc=508.6MiB gpu_reserved=6230.0MiB skipped_batches=0
2026-09-14 05:54:11,105 | INFO | epoch=1 batch=500 global_step=250 loss_reg_months=13.0996 artifact_factor=0.00 lr=0.00020000 grad_norm=7.5584 throughput=32.74 img/s eta_seconds=68.1 gpu_alloc=398.7MiB gpu_reserved=6230.0MiB skipped_batches=0
2026-09-14 05:54:23,980 | INFO | epoch=1 batch=525 global_step=262 loss_reg_months=12.8543 artifact_factor=0.00 lr=0.00020000 grad_norm=3.6621 throughput=32.84 img/s eta_seconds=54.2 gpu_alloc=508.6MiB gpu_reserved=6230.0MiB skipped_batches=0
2026-09-14 05:54:37,780 | INFO | epoch=1 batch=550 global_step=275 loss_reg_months=12.6377 artifact_factor=0.00 lr=0.00020000 grad_norm=3.3033 throughput=32.83 img/s eta_seconds=40.5 gpu_alloc=398.7MiB gpu_reserved=6230.0MiB skipped_batches=0
2026-09-14 05:54:49,732 | INFO | epoch=1 batch=575 global_step=287 loss_reg_months=12.4416 artifact_factor=0.00 lr=0.00020000 grad_norm=2.0133 throughput=33.01 img/s eta_seconds=26.6 gpu_alloc=508.6MiB gpu_reserved=6230.0MiB skipped_batches=0
2026-09-14 05:55:02,412 | INFO | epoch=1 batch=600 global_step=300 loss_reg_months=12.2314 artifact_factor=0.00 lr=0.00020000 grad_norm=1.3226 throughput=33.11 img/s eta_seconds=13.0 gpu_alloc=398.7MiB gpu_reserved=6230.0MiB skipped_batches=0
2026-09-14 05:56:10,567 | INFO | 
TRAINING REVIEW SNAPSHOT
Run ID / config hash / split hash: C3_Z26_C3_ROI_V2_PILOT_C_V2_FOLD_3_SEED_42 / 863e9613a6d2 / 896d4fd4efb4+c894202bb22f
Epoch / global step: 1 / 312
Train loss: 12.0644
Validation MAE / RMSE / median AE: 7.5125 / 9.8401 / 6.0000
MAE nam / nữ / age bins: {'F': 7.811458130832038, 'M': 7.259687294543064} / {'120-179': 6.721707658779577, '60-119': 9.296593105670103, '0-59': 7.234920565642458, '180-228': 7.248983739837398}
Learning rate / peak VRAM: 0.00020000 / 6238.0 MiB
Best epoch / best MAE / epochs không cải thiện: 1 / 7.5125 / 0
Cảnh báo hiện tại: KHÔNG
Checkpoint gần nhất: /content/C3_Z26_C3_ROI_V2_PILOTS/runs/C3_Z26_C3_ROI_V2_PILOT_C_V2_FOLD_3_SEED_42/last.ckpt
Checkpoint tốt nhất: /content/C3_Z26_C3_ROI_V2_PILOTS/runs/C3_Z26_C3_ROI_V2_PILOT_C_V2_FOLD_3_SEED_42/best_mae.ckpt
Đề xuất tự động: TIẾP TỤC
2026-09-14 05:56:34,065 | INFO | epoch=2 batch=25 global_step=324 loss_reg_months=6.9817 artifact_factor=0.00 lr=0.00019960 grad_norm=2.1373 throughput=31.24 img/s eta_seconds=345.1 gpu_alloc=508.6MiB gpu_reserved=6238.0MiB skipped_batches=0
2026-09-14 05:56:47,318 | INFO | epoch=2 batch=50 global_step=337 loss_reg_months=8.1214 artifact_factor=0.00 lr=0.00019960 grad_norm=4.4898 throughput=32.54 img/s eta_seconds=317.4 gpu_alloc=398.7MiB gpu_reserved=6238.0MiB skipped_batches=0
2026-09-14 05:57:02,993 | INFO | epoch=2 batch=75 global_step=349 loss_reg_months=8.2433 artifact_factor=0.00 lr=0.00019960 grad_norm=2.5317 throughput=31.15 img/s eta_seconds=317.1 gpu_alloc=508.6MiB gpu_reserved=6238.0MiB skipped_batches=0
2026-09-14 05:57:16,965 | INFO | epoch=2 batch=100 global_step=362 loss_reg_months=7.9069 artifact_factor=0.00 lr=0.00019960 grad_norm=1.8676 throughput=31.41 img/s eta_seconds=300.2 gpu_alloc=398.7MiB gpu_reserved=6238.0MiB skipped_batches=0
2026-09-14 05:57:29,597 | INFO | epoch=2 batch=125 global_step=374 loss_reg_months=7.5988 artifact_factor=0.00 lr=0.00019960 grad_norm=1.9362 throughput=32.17 img/s eta_seconds=279.1 gpu_alloc=508.6MiB gpu_reserved=6238.0MiB skipped_batches=0
2026-09-14 05:57:41,042 | INFO | epoch=2 batch=150 global_step=387 loss_reg_months=7.4572 artifact_factor=0.00 lr=0.00019960 grad_norm=3.0442 throughput=33.18 img/s eta_seconds=257.1 gpu_alloc=398.7MiB gpu_reserved=6238.0MiB skipped_batches=0
2026-09-14 05:57:53,168 | INFO | epoch=2 batch=175 global_step=399 loss_reg_months=7.4206 artifact_factor=0.00 lr=0.00019960 grad_norm=1.8374 throughput=33.69 img/s eta_seconds=239.8 gpu_alloc=508.6MiB gpu_reserved=6238.0MiB skipped_batches=0
2026-09-14 05:58:05,500 | INFO | epoch=2 batch=200 global_step=412 loss_reg_months=7.4462 artifact_factor=0.00 lr=0.00019960 grad_norm=3.8046 throughput=34.01 img/s eta_seconds=224.3 gpu_alloc=398.7MiB gpu_reserved=6238.0MiB skipped_batches=0
2026-09-14 05:58:17,841 | INFO | epoch=2 batch=225 global_step=424 loss_reg_months=7.4098 artifact_factor=0.00 lr=0.00019960 grad_norm=2.5023 throughput=34.27 img/s eta_seconds=209.5 gpu_alloc=508.6MiB gpu_reserved=6238.0MiB skipped_batches=0
2026-09-14 05:58:30,384 | INFO | epoch=2 batch=250 global_step=437 loss_reg_months=7.3292 artifact_factor=0.00 lr=0.00019960 grad_norm=1.6247 throughput=34.42 img/s eta_seconds=195.5 gpu_alloc=398.7MiB gpu_reserved=6238.0MiB skipped_batches=0
2026-09-14 05:58:42,531 | INFO | epoch=2 batch=275 global_step=449 loss_reg_months=7.2684 artifact_factor=0.00 lr=0.00019960 grad_norm=3.6624 throughput=34.65 img/s eta_seconds=181.2 gpu_alloc=508.6MiB gpu_reserved=6238.0MiB skipped_batches=0
2026-09-14 05:58:54,125 | INFO | epoch=2 batch=300 global_step=462 loss_reg_months=7.2355 artifact_factor=0.00 lr=0.00019960 grad_norm=1.4769 throughput=34.96 img/s eta_seconds=166.7 gpu_alloc=398.7MiB gpu_reserved=6238.0MiB skipped_batches=0
2026-09-14 05:59:06,533 | INFO | epoch=2 batch=325 global_step=474 loss_reg_months=7.2272 artifact_factor=0.00 lr=0.00019960 grad_norm=2.6278 throughput=35.06 img/s eta_seconds=153.4 gpu_alloc=508.6MiB gpu_reserved=6238.0MiB skipped_batches=0
2026-09-14 05:59:18,752 | INFO | epoch=2 batch=350 global_step=487 loss_reg_months=7.1838 artifact_factor=0.00 lr=0.00019960 grad_norm=1.5822 throughput=35.18 img/s eta_seconds=140.1 gpu_alloc=398.7MiB gpu_reserved=6238.0MiB skipped_batches=0
2026-09-14 05:59:30,917 | INFO | epoch=2 batch=375 global_step=499 loss_reg_months=7.1164 artifact_factor=0.00 lr=0.00019960 grad_norm=3.2869 throughput=35.29 img/s eta_seconds=126.9 gpu_alloc=508.6MiB gpu_reserved=6238.0MiB skipped_batches=0
2026-09-14 05:59:46,034 | INFO | epoch=2 batch=400 global_step=512 loss_reg_months=7.1288 artifact_factor=0.00 lr=0.00019960 grad_norm=2.7277 throughput=34.89 img/s eta_seconds=115.5 gpu_alloc=398.7MiB gpu_reserved=6238.0MiB skipped_batches=0
2026-09-14 06:00:01,630 | INFO | epoch=2 batch=425 global_step=524 loss_reg_months=7.0942 artifact_factor=0.00 lr=0.00019960 grad_norm=2.9183 throughput=34.46 img/s eta_seconds=103.8 gpu_alloc=508.6MiB gpu_reserved=6238.0MiB skipped_batches=0
2026-09-14 06:00:15,838 | INFO | epoch=2 batch=450 global_step=537 loss_reg_months=7.0827 artifact_factor=0.00 lr=0.00019960 grad_norm=1.4567 throughput=34.30 img/s eta_seconds=91.2 gpu_alloc=398.7MiB gpu_reserved=6238.0MiB skipped_batches=0
2026-09-14 06:00:28,563 | INFO | epoch=2 batch=475 global_step=549 loss_reg_months=7.0867 artifact_factor=0.00 lr=0.00019960 grad_norm=1.5329 throughput=34.35 img/s eta_seconds=78.0 gpu_alloc=508.6MiB gpu_reserved=6238.0MiB skipped_batches=0
2026-09-14 06:00:40,552 | INFO | epoch=2 batch=500 global_step=562 loss_reg_months=7.1032 artifact_factor=0.00 lr=0.00019960 grad_norm=2.8745 throughput=34.50 img/s eta_seconds=64.6 gpu_alloc=398.7MiB gpu_reserved=6238.0MiB skipped_batches=0
2026-09-14 06:00:52,075 | INFO | epoch=2 batch=525 global_step=574 loss_reg_months=7.1384 artifact_factor=0.00 lr=0.00019960 grad_norm=3.1323 throughput=34.69 img/s eta_seconds=51.3 gpu_alloc=508.6MiB gpu_reserved=6238.0MiB skipped_batches=0
2026-09-14 06:01:03,939 | INFO | epoch=2 batch=550 global_step=587 loss_reg_months=7.1027 artifact_factor=0.00 lr=0.00019960 grad_norm=2.9786 throughput=34.83 img/s eta_seconds=38.2 gpu_alloc=398.7MiB gpu_reserved=6238.0MiB skipped_batches=0
2026-09-14 06:01:16,162 | INFO | epoch=2 batch=575 global_step=599 loss_reg_months=7.1114 artifact_factor=0.00 lr=0.00019960 grad_norm=4.2390 throughput=34.91 img/s eta_seconds=25.2 gpu_alloc=508.6MiB gpu_reserved=6238.0MiB skipped_batches=0
2026-09-14 06:01:28,496 | INFO | epoch=2 batch=600 global_step=612 loss_reg_months=7.0925 artifact_factor=0.00 lr=0.00019960 grad_norm=1.3885 throughput=34.97 img/s eta_seconds=12.3 gpu_alloc=398.7MiB gpu_reserved=6238.0MiB skipped_batches=0
2026-09-14 06:02:14,407 | INFO | 
TRAINING REVIEW SNAPSHOT
Run ID / config hash / split hash: C3_Z26_C3_ROI_V2_PILOT_C_V2_FOLD_3_SEED_42 / 863e9613a6d2 / 896d4fd4efb4+c894202bb22f
Epoch / global step: 2 / 624
Train loss: 7.0515
Validation MAE / RMSE / median AE: 7.0496 / 9.4134 / 5.3281
MAE nam / nữ / age bins: {'F': 7.306066533825817, 'M': 6.832696416831032} / {'120-179': 6.222875155666252, '60-119': 8.620409149484535, '0-59': 6.793339734636872, '180-228': 7.6778455284552845}
Learning rate / peak VRAM: 0.00019960 / 6238.0 MiB
Best epoch / best MAE / epochs không cải thiện: 2 / 7.0496 / 0
Cảnh báo hiện tại: KHÔNG
Checkpoint gần nhất: /content/C3_Z26_C3_ROI_V2_PILOTS/runs/C3_Z26_C3_ROI_V2_PILOT_C_V2_FOLD_3_SEED_42/last.ckpt
Checkpoint tốt nhất: /content/C3_Z26_C3_ROI_V2_PILOTS/runs/C3_Z26_C3_ROI_V2_PILOT_C_V2_FOLD_3_SEED_42/best_mae.ckpt
Đề xuất tự động: TIẾP TỤC
2026-09-14 06:02:48,987 | INFO | epoch=3 batch=25 global_step=636 loss_reg_months=6.0624 artifact_factor=0.00 lr=0.00019840 grad_norm=2.7195 throughput=32.71 img/s eta_seconds=329.5 gpu_alloc=508.6MiB gpu_reserved=6238.0MiB skipped_batches=0
2026-09-14 06:03:02,932 | INFO | epoch=3 batch=50 global_step=649 loss_reg_months=6.5097 artifact_factor=0.00 lr=0.00019840 grad_norm=2.6087 throughput=32.49 img/s eta_seconds=317.9 gpu_alloc=398.7MiB gpu_reserved=6238.0MiB skipped_batches=0
2026-09-14 06:03:18,054 | INFO | epoch=3 batch=75 global_step=661 loss_reg_months=6.5247 artifact_factor=0.00 lr=0.00019840 grad_norm=4.0217 throughput=31.53 img/s eta_seconds=313.4 gpu_alloc=508.6MiB gpu_reserved=6238.0MiB skipped_batches=0
2026-09-14 06:03:30,683 | INFO | epoch=3 batch=100 global_step=674 loss_reg_months=6.4524 artifact_factor=0.00 lr=0.00019840 grad_norm=2.7751 throughput=32.46 img/s eta_seconds=290.4 gpu_alloc=398.7MiB gpu_reserved=6238.0MiB skipped_batches=0
2026-09-14 06:03:43,006 | INFO | epoch=3 batch=125 global_step=686 loss_reg_months=6.6850 artifact_factor=0.00 lr=0.00019840 grad_norm=2.4857 throughput=33.20 img/s eta_seconds=270.5 gpu_alloc=508.6MiB gpu_reserved=6238.0MiB skipped_batches=0
2026-09-14 06:03:55,417 | INFO | epoch=3 batch=150 global_step=699 loss_reg_months=6.5990 artifact_factor=0.00 lr=0.00019840 grad_norm=1.8834 throughput=33.67 img/s eta_seconds=253.3 gpu_alloc=398.7MiB gpu_reserved=6238.0MiB skipped_batches=0
2026-09-14 06:04:07,575 | INFO | epoch=3 batch=175 global_step=711 loss_reg_months=6.4939 artifact_factor=0.00 lr=0.00019840 grad_norm=1.7199 throughput=34.11 img/s eta_seconds=236.8 gpu_alloc=508.6MiB gpu_reserved=6238.0MiB skipped_batches=0
2026-09-14 06:04:20,089 | INFO | epoch=3 batch=200 global_step=724 loss_reg_months=6.4586 artifact_factor=0.00 lr=0.00019840 grad_norm=1.8889 throughput=34.33 img/s eta_seconds=222.2 gpu_alloc=398.7MiB gpu_reserved=6238.0MiB skipped_batches=0
2026-09-14 06:04:32,862 | INFO | epoch=3 batch=225 global_step=736 loss_reg_months=6.3630 artifact_factor=0.00 lr=0.00019840 grad_norm=1.8548 throughput=34.43 img/s eta_seconds=208.5 gpu_alloc=508.6MiB gpu_reserved=6238.0MiB skipped_batches=0
2026-09-14 06:04:44,449 | INFO | epoch=3 batch=250 global_step=749 loss_reg_months=6.3320 artifact_factor=0.00 lr=0.00019840 grad_norm=1.5614 throughput=34.83 img/s eta_seconds=193.2 gpu_alloc=398.7MiB gpu_reserved=6238.0MiB skipped_batches=0
2026-09-14 06:05:03,708 | INFO | epoch=3 batch=275 global_step=761 loss_reg_months=6.3712 artifact_factor=0.00 lr=0.00019840 grad_norm=1.9842 throughput=33.34 img/s eta_seconds=188.3 gpu_alloc=508.6MiB gpu_reserved=6238.0MiB skipped_batches=0
2026-09-14 06:05:18,716 | INFO | epoch=3 batch=300 global_step=774 loss_reg_months=6.3877 artifact_factor=0.00 lr=0.00019840 grad_norm=2.7636 throughput=33.03 img/s eta_seconds=176.5 gpu_alloc=398.7MiB gpu_reserved=6238.0MiB skipped_batches=0
2026-09-14 06:05:32,759 | INFO | epoch=3 batch=325 global_step=786 loss_reg_months=6.4191 artifact_factor=0.00 lr=0.00019840 grad_norm=1.6242 throughput=32.95 img/s eta_seconds=163.2 gpu_alloc=508.6MiB gpu_reserved=6238.0MiB skipped_batches=0
2026-09-14 06:05:44,777 | INFO | epoch=3 batch=350 global_step=799 loss_reg_months=6.4199 artifact_factor=0.00 lr=0.00019840 grad_norm=2.1461 throughput=33.24 img/s eta_seconds=148.3 gpu_alloc=398.7MiB gpu_reserved=6238.0MiB skipped_batches=0
2026-09-14 06:05:56,645 | INFO | epoch=3 batch=375 global_step=811 loss_reg_months=6.3840 artifact_factor=0.00 lr=0.00019840 grad_norm=1.5451 throughput=33.51 img/s eta_seconds=133.6 gpu_alloc=508.6MiB gpu_reserved=6238.0MiB skipped_batches=0
2026-09-14 06:06:08,820 | INFO | epoch=3 batch=400 global_step=824 loss_reg_months=6.3932 artifact_factor=0.00 lr=0.00019840 grad_norm=1.9197 throughput=33.71 img/s eta_seconds=119.5 gpu_alloc=398.7MiB gpu_reserved=6238.0MiB skipped_batches=0
2026-09-14 06:06:21,204 | INFO | epoch=3 batch=425 global_step=836 loss_reg_months=6.4497 artifact_factor=0.00 lr=0.00019840 grad_norm=2.1874 throughput=33.85 img/s eta_seconds=105.7 gpu_alloc=508.6MiB gpu_reserved=6238.0MiB skipped_batches=0
2026-09-14 06:06:33,815 | INFO | epoch=3 batch=450 global_step=849 loss_reg_months=6.4858 artifact_factor=0.00 lr=0.00019840 grad_norm=1.2229 throughput=33.95 img/s eta_seconds=92.2 gpu_alloc=398.7MiB gpu_reserved=6238.0MiB skipped_batches=0
2026-09-14 06:06:46,244 | INFO | epoch=3 batch=475 global_step=861 loss_reg_months=6.4554 artifact_factor=0.00 lr=0.00019840 grad_norm=1.3979 throughput=34.06 img/s eta_seconds=78.7 gpu_alloc=508.6MiB gpu_reserved=6238.0MiB skipped_batches=0
2026-09-14 06:06:58,439 | INFO | epoch=3 batch=500 global_step=874 loss_reg_months=6.4307 artifact_factor=0.00 lr=0.00019840 grad_norm=1.4245 throughput=34.19 img/s eta_seconds=65.2 gpu_alloc=398.7MiB gpu_reserved=6238.0MiB skipped_batches=0
2026-09-14 06:07:10,259 | INFO | epoch=3 batch=525 global_step=886 loss_reg_months=6.4192 artifact_factor=0.00 lr=0.00019840 grad_norm=1.6406 throughput=34.36 img/s eta_seconds=51.8 gpu_alloc=508.6MiB gpu_reserved=6238.0MiB skipped_batches=0
2026-09-14 06:07:22,697 | INFO | epoch=3 batch=550 global_step=899 loss_reg_months=6.3894 artifact_factor=0.00 lr=0.00019840 grad_norm=1.8402 throughput=34.44 img/s eta_seconds=38.6 gpu_alloc=398.7MiB gpu_reserved=6238.0MiB skipped_batches=0
2026-09-14 06:07:35,151 | INFO | epoch=3 batch=575 global_step=911 loss_reg_months=6.3885 artifact_factor=0.00 lr=0.00019840 grad_norm=1.2868 throughput=34.51 img/s eta_seconds=25.5 gpu_alloc=508.6MiB gpu_reserved=6238.0MiB skipped_batches=0
2026-09-14 06:07:47,950 | INFO | epoch=3 batch=600 global_step=924 loss_reg_months=6.3654 artifact_factor=0.00 lr=0.00019840 grad_norm=1.9759 throughput=34.54 img/s eta_seconds=12.4 gpu_alloc=398.7MiB gpu_reserved=6238.0MiB skipped_batches=0
2026-09-14 06:08:30,546 | WARNING | STABILITY WARNING [CAM] Prediction vượt nhẹ miền tuổi 0–228: [-9.63, 213.62]
2026-09-14 06:08:30,549 | INFO | 
TRAINING REVIEW SNAPSHOT
Run ID / config hash / split hash: C3_Z26_C3_ROI_V2_PILOT_C_V2_FOLD_3_SEED_42 / 863e9613a6d2 / 896d4fd4efb4+c894202bb22f
Epoch / global step: 3 / 936
Train loss: 6.3600
Validation MAE / RMSE / median AE: 7.3515 / 9.8025 / 5.7500
MAE nam / nữ / age bins: {'F': 7.889285453926905, 'M': 6.896832367685733} / {'120-179': 6.277942092154421, '60-119': 9.916237113402062, '0-59': 7.652671089385475, '180-228': 6.050813008130081}
Learning rate / peak VRAM: 0.00019840 / 6238.0 MiB
Best epoch / best MAE / epochs không cải thiện: 2 / 7.0496 / 1
Cảnh báo hiện tại: CAM: Prediction vượt nhẹ miền tuổi 0–228: [-9.63, 213.62]
Checkpoint gần nhất: /content/C3_Z26_C3_ROI_V2_PILOTS/runs/C3_Z26_C3_ROI_V2_PILOT_C_V2_FOLD_3_SEED_42/last.ckpt
Checkpoint tốt nhất: /content/C3_Z26_C3_ROI_V2_PILOTS/runs/C3_Z26_C3_ROI_V2_PILOT_C_V2_FOLD_3_SEED_42/best_mae.ckpt
Đề xuất tự động: THEO DÕI
2026-09-14 06:09:25,496 | INFO | epoch=4 batch=25 global_step=948 loss_reg_months=5.9649 disagreement_months=3.4517 artifact_factor=0.20 lr=0.00019641 grad_norm=1.3091 throughput=9.63 img/s eta_seconds=1119.4 gpu_alloc=561.7MiB gpu_reserved=12288.0MiB skipped_batches=0
2026-09-14 06:09:48,523 | INFO | epoch=4 batch=50 global_step=961 loss_reg_months=5.7636 disagreement_months=3.9502 artifact_factor=0.20 lr=0.00019641 grad_norm=1.5909 throughput=12.90 img/s eta_seconds=800.6 gpu_alloc=452.7MiB gpu_reserved=12288.0MiB skipped_batches=0
2026-09-14 06:10:10,735 | INFO | epoch=4 batch=75 global_step=973 loss_reg_months=5.9630 disagreement_months=3.4164 artifact_factor=0.20 lr=0.00019641 grad_norm=1.6113 throughput=14.68 img/s eta_seconds=673.0 gpu_alloc=561.7MiB gpu_reserved=12288.0MiB skipped_batches=0
2026-09-14 06:10:32,637 | INFO | epoch=4 batch=100 global_step=986 loss_reg_months=6.1019 disagreement_months=3.2402 artifact_factor=0.20 lr=0.00019641 grad_norm=2.2346 throughput=15.81 img/s eta_seconds=596.5 gpu_alloc=452.7MiB gpu_reserved=12288.0MiB skipped_batches=0
2026-09-14 06:10:54,695 | INFO | epoch=4 batch=125 global_step=998 loss_reg_months=6.1666 disagreement_months=3.4164 artifact_factor=0.20 lr=0.00019641 grad_norm=1.2889 throughput=16.55 img/s eta_seconds=542.5 gpu_alloc=561.7MiB gpu_reserved=12288.0MiB skipped_batches=0
2026-09-14 06:11:24,237 | INFO | epoch=4 batch=150 global_step=1011 loss_reg_months=6.2717 disagreement_months=4.2875 artifact_factor=0.20 lr=0.00019641 grad_norm=1.6974 throughput=16.32 img/s eta_seconds=522.7 gpu_alloc=452.7MiB gpu_reserved=12288.0MiB skipped_batches=0
2026-09-14 06:11:49,190 | INFO | epoch=4 batch=175 global_step=1023 loss_reg_months=6.2108 disagreement_months=4.3656 artifact_factor=0.20 lr=0.00019641 grad_norm=1.7065 throughput=16.54 img/s eta_seconds=488.4 gpu_alloc=561.7MiB gpu_reserved=12288.0MiB skipped_batches=0
2026-09-14 06:12:11,251 | INFO | epoch=4 batch=200 global_step=1036 loss_reg_months=6.1896 disagreement_months=3.8998 artifact_factor=0.20 lr=0.00019641 grad_norm=2.6936 throughput=16.94 img/s eta_seconds=450.3 gpu_alloc=452.7MiB gpu_reserved=12288.0MiB skipped_batches=0
2026-09-14 06:12:33,354 | INFO | epoch=4 batch=225 global_step=1048 loss_reg_months=6.1925 disagreement_months=5.8107 artifact_factor=0.20 lr=0.00019641 grad_norm=1.6260 throughput=17.26 img/s eta_seconds=415.8 gpu_alloc=561.7MiB gpu_reserved=12288.0MiB skipped_batches=0
2026-09-14 06:12:55,445 | INFO | epoch=4 batch=250 global_step=1061 loss_reg_months=6.1533 disagreement_months=3.3258 artifact_factor=0.20 lr=0.00019641 grad_norm=1.2833 throughput=17.53 img/s eta_seconds=383.8 gpu_alloc=452.7MiB gpu_reserved=12288.0MiB skipped_batches=0
2026-09-14 06:13:17,687 | INFO | epoch=4 batch=275 global_step=1073 loss_reg_months=6.1936 disagreement_months=2.8072 artifact_factor=0.20 lr=0.00019641 grad_norm=2.0286 throughput=17.75 img/s eta_seconds=353.8 gpu_alloc=561.7MiB gpu_reserved=12288.0MiB skipped_batches=0
2026-09-14 06:13:39,772 | INFO | epoch=4 batch=300 global_step=1086 loss_reg_months=6.2369 disagreement_months=4.3807 artifact_factor=0.20 lr=0.00019641 grad_norm=2.1690 throughput=17.94 img/s eta_seconds=324.9 gpu_alloc=452.7MiB gpu_reserved=12288.0MiB skipped_batches=0
2026-09-14 06:14:01,904 | INFO | epoch=4 batch=325 global_step=1098 loss_reg_months=6.2645 disagreement_months=4.2246 artifact_factor=0.20 lr=0.00019641 grad_norm=1.7140 throughput=18.10 img/s eta_seconds=297.1 gpu_alloc=561.7MiB gpu_reserved=12288.0MiB skipped_batches=0
2026-09-14 06:14:24,078 | INFO | epoch=4 batch=350 global_step=1111 loss_reg_months=6.2428 disagreement_months=2.7618 artifact_factor=0.20 lr=0.00019641 grad_norm=2.9881 throughput=18.24 img/s eta_seconds=270.2 gpu_alloc=452.7MiB gpu_reserved=12288.0MiB skipped_batches=0
2026-09-14 06:14:46,288 | INFO | epoch=4 batch=375 global_step=1123 loss_reg_months=6.2339 disagreement_months=3.2452 artifact_factor=0.20 lr=0.00019641 grad_norm=1.6325 throughput=18.37 img/s eta_seconds=243.9 gpu_alloc=561.7MiB gpu_reserved=12288.0MiB skipped_batches=0
2026-09-14 06:15:08,442 | INFO | epoch=4 batch=400 global_step=1136 loss_reg_months=6.2367 disagreement_months=4.4260 artifact_factor=0.20 lr=0.00019641 grad_norm=2.3183 throughput=18.48 img/s eta_seconds=218.1 gpu_alloc=452.7MiB gpu_reserved=12288.0MiB skipped_batches=0
2026-09-14 06:15:30,651 | INFO | epoch=4 batch=425 global_step=1148 loss_reg_months=6.2107 disagreement_months=4.8993 artifact_factor=0.20 lr=0.00019641 grad_norm=1.2771 throughput=18.57 img/s eta_seconds=192.7 gpu_alloc=561.7MiB gpu_reserved=12288.0MiB skipped_batches=0
2026-09-14 06:15:52,843 | INFO | epoch=4 batch=450 global_step=1161 loss_reg_months=6.1591 disagreement_months=3.6984 artifact_factor=0.20 lr=0.00019641 grad_norm=1.5473 throughput=18.66 img/s eta_seconds=167.7 gpu_alloc=452.7MiB gpu_reserved=12288.0MiB skipped_batches=0
2026-09-14 06:16:17,899 | INFO | epoch=4 batch=475 global_step=1173 loss_reg_months=6.1770 disagreement_months=5.0252 artifact_factor=0.20 lr=0.00019641 grad_norm=1.8369 throughput=18.62 img/s eta_seconds=143.9 gpu_alloc=561.7MiB gpu_reserved=12288.0MiB skipped_batches=0
2026-09-14 06:16:41,219 | INFO | epoch=4 batch=500 global_step=1186 loss_reg_months=6.1781 disagreement_months=3.3006 artifact_factor=0.20 lr=0.00019641 grad_norm=1.4243 throughput=18.65 img/s eta_seconds=119.5 gpu_alloc=452.7MiB gpu_reserved=12288.0MiB skipped_batches=0
2026-09-14 06:17:03,327 | INFO | epoch=4 batch=525 global_step=1198 loss_reg_months=6.1760 disagreement_months=2.3213 artifact_factor=0.20 lr=0.00019641 grad_norm=1.4550 throughput=18.73 img/s eta_seconds=95.0 gpu_alloc=561.7MiB gpu_reserved=12288.0MiB skipped_batches=0
2026-09-14 06:17:25,469 | INFO | epoch=4 batch=550 global_step=1211 loss_reg_months=6.1454 disagreement_months=3.0564 artifact_factor=0.20 lr=0.00019641 grad_norm=1.7280 throughput=18.80 img/s eta_seconds=70.7 gpu_alloc=452.7MiB gpu_reserved=12288.0MiB skipped_batches=0
2026-09-14 06:17:47,538 | INFO | epoch=4 batch=575 global_step=1223 loss_reg_months=6.1354 disagreement_months=3.7790 artifact_factor=0.20 lr=0.00019641 grad_norm=1.4610 throughput=18.86 img/s eta_seconds=46.6 gpu_alloc=561.7MiB gpu_reserved=12288.0MiB skipped_batches=0
2026-09-14 06:18:09,684 | INFO | epoch=4 batch=600 global_step=1236 loss_reg_months=6.1115 disagreement_months=3.5549 artifact_factor=0.20 lr=0.00019641 grad_norm=1.0670 throughput=18.92 img/s eta_seconds=22.7 gpu_alloc=452.7MiB gpu_reserved=12288.0MiB skipped_batches=0
2026-09-14 06:19:18,981 | INFO | 
TRAINING REVIEW SNAPSHOT
Run ID / config hash / split hash: C3_Z26_C3_ROI_V2_PILOT_C_V2_FOLD_3_SEED_42 / 863e9613a6d2 / 896d4fd4efb4+c894202bb22f
Epoch / global step: 4 / 1248
Train loss: 6.0991
Validation MAE / RMSE / median AE: 7.0151 / 9.2281 / 5.5625
MAE nam / nữ / age bins: {'F': 7.181771238335926, 'M': 6.874157626561472} / {'120-179': 6.43333592777086, '60-119': 8.218065399484535, '0-59': 5.989219622905028, '180-228': 7.7647357723577235}
Learning rate / peak VRAM: 0.00019641 / 12288.0 MiB
Best epoch / best MAE / epochs không cải thiện: 4 / 7.0151 / 0
Cảnh báo hiện tại: KHÔNG
Checkpoint gần nhất: /content/C3_Z26_C3_ROI_V2_PILOTS/runs/C3_Z26_C3_ROI_V2_PILOT_C_V2_FOLD_3_SEED_42/last.ckpt
Checkpoint tốt nhất: /content/C3_Z26_C3_ROI_V2_PILOTS/runs/C3_Z26_C3_ROI_V2_PILOT_C_V2_FOLD_3_SEED_42/best_mae.ckpt
Đề xuất tự động: TIẾP TỤC
2026-09-14 06:20:08,248 | INFO | epoch=5 batch=25 global_step=1260 loss_reg_months=5.9137 disagreement_months=4.5041 artifact_factor=0.40 lr=0.00019366 grad_norm=1.3311 throughput=13.64 img/s eta_seconds=790.1 gpu_alloc=561.7MiB gpu_reserved=12288.0MiB skipped_batches=0
2026-09-14 06:20:31,931 | INFO | epoch=5 batch=50 global_step=1273 loss_reg_months=5.9653 disagreement_months=4.3278 artifact_factor=0.40 lr=0.00019366 grad_norm=1.6084 throughput=15.88 img/s eta_seconds=650.4 gpu_alloc=452.7MiB gpu_reserved=12288.0MiB skipped_batches=0
2026-09-14 06:20:53,795 | INFO | epoch=5 batch=75 global_step=1285 loss_reg_months=5.7587 disagreement_months=3.3913 artifact_factor=0.40 lr=0.00019366 grad_norm=2.3261 throughput=17.19 img/s eta_seconds=574.7 gpu_alloc=561.7MiB gpu_reserved=12288.0MiB skipped_batches=0
2026-09-14 06:21:15,671 | INFO | epoch=5 batch=100 global_step=1298 loss_reg_months=5.9551 disagreement_months=3.0338 artifact_factor=0.40 lr=0.00019366 grad_norm=1.2482 throughput=17.93 img/s eta_seconds=526.0 gpu_alloc=452.7MiB gpu_reserved=12288.0MiB skipped_batches=0
2026-09-14 06:21:37,985 | INFO | epoch=5 batch=125 global_step=1310 loss_reg_months=5.9453 disagreement_months=2.0405 artifact_factor=0.40 lr=0.00019366 grad_norm=2.2967 throughput=18.33 img/s eta_seconds=489.8 gpu_alloc=561.7MiB gpu_reserved=12288.0MiB skipped_batches=0
2026-09-14 06:22:00,197 | INFO | epoch=5 batch=150 global_step=1323 loss_reg_months=5.8652 disagreement_months=4.4084 artifact_factor=0.40 lr=0.00019366 grad_norm=1.8719 throughput=18.63 img/s eta_seconds=457.8 gpu_alloc=452.7MiB gpu_reserved=12288.0MiB skipped_batches=0
2026-09-14 06:22:22,314 | INFO | epoch=5 batch=175 global_step=1335 loss_reg_months=5.8305 disagreement_months=3.1395 artifact_factor=0.40 lr=0.00019366 grad_norm=1.4324 throughput=18.86 img/s eta_seconds=428.5 gpu_alloc=561.7MiB gpu_reserved=12288.0MiB skipped_batches=0
2026-09-14 06:22:44,407 | INFO | epoch=5 batch=200 global_step=1348 loss_reg_months=5.9210 disagreement_months=3.6783 artifact_factor=0.40 lr=0.00019366 grad_norm=2.7849 throughput=19.03 img/s eta_seconds=400.8 gpu_alloc=452.7MiB gpu_reserved=12288.0MiB skipped_batches=0
2026-09-14 06:23:06,631 | INFO | epoch=5 batch=225 global_step=1360 loss_reg_months=6.0159 disagreement_months=2.8474 artifact_factor=0.40 lr=0.00019366 grad_norm=1.2526 throughput=19.16 img/s eta_seconds=374.7 gpu_alloc=561.7MiB gpu_reserved=12288.0MiB skipped_batches=0
2026-09-14 06:23:28,806 | INFO | epoch=5 batch=250 global_step=1373 loss_reg_months=6.0516 disagreement_months=3.6455 artifact_factor=0.40 lr=0.00019366 grad_norm=2.3802 throughput=19.27 img/s eta_seconds=349.2 gpu_alloc=452.7MiB gpu_reserved=12288.0MiB skipped_batches=0
2026-09-14 06:23:51,012 | INFO | epoch=5 batch=275 global_step=1385 loss_reg_months=6.1061 disagreement_months=3.7664 artifact_factor=0.40 lr=0.00019366 grad_norm=1.0746 throughput=19.35 img/s eta_seconds=324.4 gpu_alloc=561.7MiB gpu_reserved=12288.0MiB skipped_batches=0
2026-09-14 06:24:13,060 | INFO | epoch=5 batch=300 global_step=1398 loss_reg_months=6.1423 disagreement_months=3.5952 artifact_factor=0.40 lr=0.00019366 grad_norm=3.0431 throughput=19.44 img/s eta_seconds=299.9 gpu_alloc=452.7MiB gpu_reserved=12288.0MiB skipped_batches=0
2026-09-14 06:24:35,206 | INFO | epoch=5 batch=325 global_step=1410 loss_reg_months=6.1478 disagreement_months=3.2981 artifact_factor=0.40 lr=0.00019366 grad_norm=1.2235 throughput=19.50 img/s eta_seconds=275.8 gpu_alloc=561.7MiB gpu_reserved=12288.0MiB skipped_batches=0
2026-09-14 06:25:00,507 | INFO | epoch=5 batch=350 global_step=1423 loss_reg_months=6.1431 disagreement_months=3.2805 artifact_factor=0.40 lr=0.00019366 grad_norm=2.2902 throughput=19.37 img/s eta_seconds=254.5 gpu_alloc=452.7MiB gpu_reserved=12288.0MiB skipped_batches=0
2026-09-14 06:25:24,768 | INFO | epoch=5 batch=375 global_step=1435 loss_reg_months=6.0784 disagreement_months=2.1614 artifact_factor=0.40 lr=0.00019366 grad_norm=1.6889 throughput=19.31 img/s eta_seconds=231.9 gpu_alloc=561.7MiB gpu_reserved=12288.0MiB skipped_batches=0
2026-09-14 06:25:46,881 | INFO | epoch=5 batch=400 global_step=1448 loss_reg_months=6.0527 disagreement_months=3.0111 artifact_factor=0.40 lr=0.00019366 grad_norm=1.2314 throughput=19.37 img/s eta_seconds=208.0 gpu_alloc=452.7MiB gpu_reserved=12288.0MiB skipped_batches=0
2026-09-14 06:26:09,028 | INFO | epoch=5 batch=425 global_step=1460 loss_reg_months=6.0103 disagreement_months=2.5781 artifact_factor=0.40 lr=0.00019366 grad_norm=1.7979 throughput=19.43 img/s eta_seconds=184.2 gpu_alloc=561.7MiB gpu_reserved=12288.0MiB skipped_batches=0
2026-09-14 06:26:31,055 | INFO | epoch=5 batch=450 global_step=1473 loss_reg_months=5.9709 disagreement_months=2.5189 artifact_factor=0.40 lr=0.00019366 grad_norm=1.8477 throughput=19.48 img/s eta_seconds=160.6 gpu_alloc=452.7MiB gpu_reserved=12288.0MiB skipped_batches=0
2026-09-14 06:26:53,158 | INFO | epoch=5 batch=475 global_step=1485 loss_reg_months=5.9493 disagreement_months=2.9758 artifact_factor=0.40 lr=0.00019366 grad_norm=1.0973 throughput=19.52 img/s eta_seconds=137.2 gpu_alloc=561.7MiB gpu_reserved=12288.0MiB skipped_batches=0
2026-09-14 06:27:15,294 | INFO | epoch=5 batch=500 global_step=1498 loss_reg_months=5.9461 disagreement_months=3.6229 artifact_factor=0.40 lr=0.00019366 grad_norm=1.9471 throughput=19.56 img/s eta_seconds=113.9 gpu_alloc=452.7MiB gpu_reserved=12288.0MiB skipped_batches=0
2026-09-14 06:27:43,819 | INFO | epoch=5 batch=525 global_step=1510 loss_reg_months=5.9345 disagreement_months=2.1387 artifact_factor=0.40 lr=0.00019366 grad_norm=1.1672 throughput=19.34 img/s eta_seconds=92.0 gpu_alloc=561.7MiB gpu_reserved=12288.0MiB skipped_batches=0
2026-09-14 06:28:07,630 | INFO | epoch=5 batch=550 global_step=1523 loss_reg_months=5.9324 disagreement_months=2.0355 artifact_factor=0.40 lr=0.00019366 grad_norm=1.1336 throughput=19.32 img/s eta_seconds=68.8 gpu_alloc=452.7MiB gpu_reserved=12288.0MiB skipped_batches=0
2026-09-14 06:28:29,782 | INFO | epoch=5 batch=575 global_step=1535 loss_reg_months=5.9136 disagreement_months=3.1697 artifact_factor=0.40 lr=0.00019366 grad_norm=1.1911 throughput=19.36 img/s eta_seconds=45.4 gpu_alloc=561.7MiB gpu_reserved=12288.0MiB skipped_batches=0
2026-09-14 06:28:51,836 | INFO | epoch=5 batch=600 global_step=1548 loss_reg_months=5.8922 disagreement_months=3.4366 artifact_factor=0.40 lr=0.00019366 grad_norm=1.8268 throughput=19.40 img/s eta_seconds=22.1 gpu_alloc=452.7MiB gpu_reserved=12288.0MiB skipped_batches=0
2026-09-14 06:29:43,715 | WARNING | STABILITY WARNING [CAM] Prediction vượt nhẹ miền tuổi 0–228: [-7.01, 217.00]
2026-09-14 06:30:13,707 | INFO | 
TRAINING REVIEW SNAPSHOT
Run ID / config hash / split hash: C3_Z26_C3_ROI_V2_PILOT_C_V2_FOLD_3_SEED_42 / 863e9613a6d2 / 896d4fd4efb4+c894202bb22f
Epoch / global step: 5 / 1560
Train loss: 5.8956
Validation MAE / RMSE / median AE: 6.6344 / 8.9089 / 5.1250
MAE nam / nữ / age bins: {'F': 6.8780374719788835, 'M': 6.428385416666667} / {'120-179': 6.03125, '60-119': 7.968266752577319, '0-59': 6.986273227457228, '180-228': 6.108231707317073}
Learning rate / peak VRAM: 0.00019366 / 12288.0 MiB
Best epoch / best MAE / epochs không cải thiện: 5 / 6.6344 / 0
Cảnh báo hiện tại: CAM: Prediction vượt nhẹ miền tuổi 0–228: [-7.01, 217.00]
Checkpoint gần nhất: /content/C3_Z26_C3_ROI_V2_PILOTS/runs/C3_Z26_C3_ROI_V2_PILOT_C_V2_FOLD_3_SEED_42/last.ckpt
Checkpoint tốt nhất: /content/C3_Z26_C3_ROI_V2_PILOTS/runs/C3_Z26_C3_ROI_V2_PILOT_C_V2_FOLD_3_SEED_42/best_mae.ckpt
Đề xuất tự động: THEO DÕI
2026-09-14 06:31:05,657 | INFO | epoch=6 batch=25 global_step=1572 loss_reg_months=5.5609 disagreement_months=2.2722 artifact_factor=0.60 lr=0.00019015 grad_norm=1.2311 throughput=16.27 img/s eta_seconds=662.7 gpu_alloc=561.7MiB gpu_reserved=12288.0MiB skipped_batches=0
2026-09-14 06:31:28,601 | INFO | epoch=6 batch=50 global_step=1585 loss_reg_months=5.6235 disagreement_months=2.2822 artifact_factor=0.60 lr=0.00019015 grad_norm=1.8973 throughput=17.78 img/s eta_seconds=580.8 gpu_alloc=452.7MiB gpu_reserved=12288.0MiB skipped_batches=0
2026-09-14 06:31:50,731 | INFO | epoch=6 batch=75 global_step=1597 loss_reg_months=5.7405 disagreement_months=3.0942 artifact_factor=0.60 lr=0.00019015 grad_norm=1.3568 throughput=18.56 img/s eta_seconds=532.3 gpu_alloc=561.7MiB gpu_reserved=12288.0MiB skipped_batches=0
2026-09-14 06:32:12,404 | INFO | epoch=6 batch=100 global_step=1610 loss_reg_months=5.7318 disagreement_months=3.0061 artifact_factor=0.60 lr=0.00019015 grad_norm=1.3445 throughput=19.07 img/s eta_seconds=494.6 gpu_alloc=452.7MiB gpu_reserved=12288.0MiB skipped_batches=0
2026-09-14 06:32:34,628 | INFO | epoch=6 batch=125 global_step=1622 loss_reg_months=5.6661 disagreement_months=3.9401 artifact_factor=0.60 lr=0.00019015 grad_norm=1.5394 throughput=19.29 img/s eta_seconds=465.5 gpu_alloc=561.7MiB gpu_reserved=12288.0MiB skipped_batches=0
2026-09-14 06:32:56,826 | INFO | epoch=6 batch=150 global_step=1635 loss_reg_months=5.6884 disagreement_months=2.4925 artifact_factor=0.60 lr=0.00019015 grad_norm=2.6094 throughput=19.45 img/s eta_seconds=438.6 gpu_alloc=452.7MiB gpu_reserved=12288.0MiB skipped_batches=0
2026-09-14 06:33:18,924 | INFO | epoch=6 batch=175 global_step=1647 loss_reg_months=5.8047 disagreement_months=3.0061 artifact_factor=0.60 lr=0.00019015 grad_norm=2.7336 throughput=19.57 img/s eta_seconds=412.8 gpu_alloc=561.7MiB gpu_reserved=12288.0MiB skipped_batches=0
2026-09-14 06:33:40,971 | INFO | epoch=6 batch=200 global_step=1660 loss_reg_months=5.8810 disagreement_months=2.0959 artifact_factor=0.60 lr=0.00019015 grad_norm=2.6211 throughput=19.67 img/s eta_seconds=387.8 gpu_alloc=452.7MiB gpu_reserved=12288.0MiB skipped_batches=0
2026-09-14 06:34:03,026 | INFO | epoch=6 batch=225 global_step=1672 loss_reg_months=5.8004 disagreement_months=3.7991 artifact_factor=0.60 lr=0.00019015 grad_norm=1.4270 throughput=19.75 img/s eta_seconds=363.4 gpu_alloc=561.7MiB gpu_reserved=12288.0MiB skipped_batches=0
2026-09-14 06:34:25,150 | INFO | epoch=6 batch=250 global_step=1685 loss_reg_months=5.7352 disagreement_months=3.7563 artifact_factor=0.60 lr=0.00019015 grad_norm=1.3359 throughput=19.81 img/s eta_seconds=339.7 gpu_alloc=452.7MiB gpu_reserved=12288.0MiB skipped_batches=0
2026-09-14 06:34:47,212 | INFO | epoch=6 batch=275 global_step=1697 loss_reg_months=5.7224 disagreement_months=2.8701 artifact_factor=0.60 lr=0.00019015 grad_norm=2.2785 throughput=19.86 img/s eta_seconds=316.1 gpu_alloc=561.7MiB gpu_reserved=12288.0MiB skipped_batches=0
2026-09-14 06:35:09,365 | INFO | epoch=6 batch=300 global_step=1710 loss_reg_months=5.7403 disagreement_months=3.0312 artifact_factor=0.60 lr=0.00019015 grad_norm=1.7002 throughput=19.90 img/s eta_seconds=292.9 gpu_alloc=452.7MiB gpu_reserved=12288.0MiB skipped_batches=0
2026-09-14 06:35:37,715 | INFO | epoch=6 batch=325 global_step=1722 loss_reg_months=5.7812 disagreement_months=1.8253 artifact_factor=0.60 lr=0.00019015 grad_norm=1.7211 throughput=19.52 img/s eta_seconds=275.6 gpu_alloc=561.7MiB gpu_reserved=12288.0MiB skipped_batches=0
2026-09-14 06:36:01,650 | INFO | epoch=6 batch=350 global_step=1735 loss_reg_months=5.7688 disagreement_months=2.7996 artifact_factor=0.60 lr=0.00019015 grad_norm=1.8067 throughput=19.46 img/s eta_seconds=253.2 gpu_alloc=452.7MiB gpu_reserved=12288.0MiB skipped_batches=0
2026-09-14 06:36:24,256 | INFO | epoch=6 batch=375 global_step=1747 loss_reg_months=5.7534 disagreement_months=1.7384 artifact_factor=0.60 lr=0.00019015 grad_norm=1.5217 throughput=19.49 img/s eta_seconds=229.8 gpu_alloc=561.7MiB gpu_reserved=12288.0MiB skipped_batches=0
2026-09-14 06:36:53,846 | INFO | epoch=6 batch=400 global_step=1760 loss_reg_months=5.7534 disagreement_months=2.7845 artifact_factor=0.60 lr=0.00019015 grad_norm=1.5692 throughput=19.16 img/s eta_seconds=210.3 gpu_alloc=452.7MiB gpu_reserved=12288.0MiB skipped_batches=0
2026-09-14 06:37:18,264 | INFO | epoch=6 batch=425 global_step=1772 loss_reg_months=5.7228 disagreement_months=2.9834 artifact_factor=0.60 lr=0.00019015 grad_norm=1.2455 throughput=19.11 img/s eta_seconds=187.3 gpu_alloc=561.7MiB gpu_reserved=12288.0MiB skipped_batches=0
2026-09-14 06:37:40,487 | INFO | epoch=6 batch=450 global_step=1785 loss_reg_months=5.7249 disagreement_months=1.9688 artifact_factor=0.60 lr=0.00019015 grad_norm=1.6655 throughput=19.17 img/s eta_seconds=163.2 gpu_alloc=452.7MiB gpu_reserved=12288.0MiB skipped_batches=0
2026-09-14 06:38:02,399 | INFO | epoch=6 batch=475 global_step=1797 loss_reg_months=5.7120 disagreement_months=3.4265 artifact_factor=0.60 lr=0.00019015 grad_norm=0.9162 throughput=19.24 img/s eta_seconds=139.2 gpu_alloc=561.7MiB gpu_reserved=12288.0MiB skipped_batches=0
2026-09-14 06:38:24,304 | INFO | epoch=6 batch=500 global_step=1810 loss_reg_months=5.7060 disagreement_months=3.2251 artifact_factor=0.60 lr=0.00019015 grad_norm=1.5269 throughput=19.30 img/s eta_seconds=115.5 gpu_alloc=452.7MiB gpu_reserved=12288.0MiB skipped_batches=0
2026-09-14 06:38:46,525 | INFO | epoch=6 batch=525 global_step=1822 loss_reg_months=5.7130 disagreement_months=2.6964 artifact_factor=0.60 lr=0.00019015 grad_norm=2.1759 throughput=19.34 img/s eta_seconds=92.0 gpu_alloc=561.7MiB gpu_reserved=12288.0MiB skipped_batches=0
2026-09-14 06:39:08,612 | INFO | epoch=6 batch=550 global_step=1835 loss_reg_months=5.7001 disagreement_months=2.5504 artifact_factor=0.60 lr=0.00019015 grad_norm=1.3589 throughput=19.39 img/s eta_seconds=68.5 gpu_alloc=452.7MiB gpu_reserved=12288.0MiB skipped_batches=0
2026-09-14 06:39:30,743 | INFO | epoch=6 batch=575 global_step=1847 loss_reg_months=5.6882 disagreement_months=3.2251 artifact_factor=0.60 lr=0.00019015 grad_norm=1.3335 throughput=19.43 img/s eta_seconds=45.2 gpu_alloc=561.7MiB gpu_reserved=12288.0MiB skipped_batches=0
2026-09-14 06:39:52,927 | INFO | epoch=6 batch=600 global_step=1860 loss_reg_months=5.6987 disagreement_months=2.4459 artifact_factor=0.60 lr=0.00019015 grad_norm=1.0833 throughput=19.46 img/s eta_seconds=22.0 gpu_alloc=452.7MiB gpu_reserved=12288.0MiB skipped_batches=0
2026-09-14 06:40:44,642 | WARNING | STABILITY WARNING [CAM] Prediction vượt nhẹ miền tuổi 0–228: [10.37, 230.12]
2026-09-14 06:40:44,645 | INFO | 
TRAINING REVIEW SNAPSHOT
Run ID / config hash / split hash: C3_Z26_C3_ROI_V2_PILOT_C_V2_FOLD_3_SEED_42 / 863e9613a6d2 / 896d4fd4efb4+c894202bb22f
Epoch / global step: 6 / 1872
Train loss: 5.7023
Validation MAE / RMSE / median AE: 6.7544 / 8.9740 / 5.2500
MAE nam / nữ / age bins: {'F': 6.731070178849144, 'M': 6.774141190006574} / {'120-179': 5.9928004358655045, '60-119': 7.920465528350515, '0-59': 8.28788407821229, '180-228': 6.932418699186992}
Learning rate / peak VRAM: 0.00019015 / 12288.0 MiB
Best epoch / best MAE / epochs không cải thiện: 5 / 6.6344 / 1
Cảnh báo hiện tại: CAM: Prediction vượt nhẹ miền tuổi 0–228: [10.37, 230.12]
Checkpoint gần nhất: /content/C3_Z26_C3_ROI_V2_PILOTS/runs/C3_Z26_C3_ROI_V2_PILOT_C_V2_FOLD_3_SEED_42/last.ckpt
Checkpoint tốt nhất: /content/C3_Z26_C3_ROI_V2_PILOTS/runs/C3_Z26_C3_ROI_V2_PILOT_C_V2_FOLD_3_SEED_42/best_mae.ckpt
Đề xuất tự động: THEO DÕI
2026-09-14 06:41:27,550 | INFO | epoch=7 batch=25 global_step=1884 loss_reg_months=5.5170 disagreement_months=2.8046 artifact_factor=0.80 lr=0.00018592 grad_norm=1.3841 throughput=18.89 img/s eta_seconds=570.7 gpu_alloc=561.7MiB gpu_reserved=12288.0MiB skipped_batches=0
2026-09-14 06:41:50,382 | INFO | epoch=7 batch=50 global_step=1897 loss_reg_months=5.5694 disagreement_months=2.8575 artifact_factor=0.80 lr=0.00018592 grad_norm=1.1881 throughput=19.29 img/s eta_seconds=535.5 gpu_alloc=452.7MiB gpu_reserved=12288.0MiB skipped_batches=0
2026-09-14 06:42:12,495 | INFO | epoch=7 batch=75 global_step=1909 loss_reg_months=5.5833 disagreement_months=3.2528 artifact_factor=0.80 lr=0.00018592 grad_norm=1.4722 throughput=19.63 img/s eta_seconds=503.3 gpu_alloc=561.7MiB gpu_reserved=12288.0MiB skipped_batches=0
2026-09-14 06:42:34,378 | INFO | epoch=7 batch=100 global_step=1922 loss_reg_months=5.5743 disagreement_months=2.0972 artifact_factor=0.80 lr=0.00018592 grad_norm=1.2099 throughput=19.85 img/s eta_seconds=474.9 gpu_alloc=452.7MiB gpu_reserved=12288.0MiB skipped_batches=0
2026-09-14 06:42:56,590 | INFO | epoch=7 batch=125 global_step=1934 loss_reg_months=5.5810 disagreement_months=3.9325 artifact_factor=0.80 lr=0.00018592 grad_norm=1.9437 throughput=19.93 img/s eta_seconds=450.4 gpu_alloc=561.7MiB gpu_reserved=12288.0MiB skipped_batches=0
2026-09-14 06:43:18,902 | INFO | epoch=7 batch=150 global_step=1947 loss_reg_months=5.5620 disagreement_months=3.0287 artifact_factor=0.80 lr=0.00018592 grad_norm=2.0248 throughput=19.97 img/s eta_seconds=427.0 gpu_alloc=452.7MiB gpu_reserved=12288.0MiB skipped_batches=0
2026-09-14 06:43:41,078 | INFO | epoch=7 batch=175 global_step=1959 loss_reg_months=5.6107 disagreement_months=2.2822 artifact_factor=0.80 lr=0.00018592 grad_norm=1.3410 throughput=20.02 img/s eta_seconds=403.6 gpu_alloc=561.7MiB gpu_reserved=12288.0MiB skipped_batches=0
2026-09-14 06:44:03,104 | INFO | epoch=7 batch=200 global_step=1972 loss_reg_months=5.5486 disagreement_months=2.0267 artifact_factor=0.80 lr=0.00018592 grad_norm=1.2997 throughput=20.07 img/s eta_seconds=380.1 gpu_alloc=452.7MiB gpu_reserved=12288.0MiB skipped_batches=0
2026-09-14 06:44:25,218 | INFO | epoch=7 batch=225 global_step=1984 loss_reg_months=5.5430 disagreement_months=2.2193 artifact_factor=0.80 lr=0.00018592 grad_norm=1.7390 throughput=20.10 img/s eta_seconds=357.2 gpu_alloc=561.7MiB gpu_reserved=12288.0MiB skipped_batches=0
2026-09-14 06:44:47,418 | INFO | epoch=7 batch=250 global_step=1997 loss_reg_months=5.5172 disagreement_months=2.9431 artifact_factor=0.80 lr=0.00018592 grad_norm=1.1666 throughput=20.12 img/s eta_seconds=334.5 gpu_alloc=452.7MiB gpu_reserved=12288.0MiB skipped_batches=0
2026-09-14 06:45:16,750 | INFO | epoch=7 batch=275 global_step=2009 loss_reg_months=5.5317 disagreement_months=2.8827 artifact_factor=0.80 lr=0.00018592 grad_norm=2.1771 throughput=19.56 img/s eta_seconds=321.0 gpu_alloc=561.7MiB gpu_reserved=12288.0MiB skipped_batches=0
2026-09-14 06:45:41,240 | INFO | epoch=7 batch=300 global_step=2022 loss_reg_months=5.5453 disagreement_months=2.9406 artifact_factor=0.80 lr=0.00018592 grad_norm=1.5616 throughput=19.46 img/s eta_seconds=299.6 gpu_alloc=452.7MiB gpu_reserved=12288.0MiB skipped_batches=0
2026-09-14 06:46:03,456 | INFO | epoch=7 batch=325 global_step=2034 loss_reg_months=5.5577 disagreement_months=2.8424 artifact_factor=0.80 lr=0.00018592 grad_norm=1.5946 throughput=19.52 img/s eta_seconds=275.6 gpu_alloc=561.7MiB gpu_reserved=12288.0MiB skipped_batches=0
2026-09-14 06:46:25,696 | INFO | epoch=7 batch=350 global_step=2047 loss_reg_months=5.6064 disagreement_months=2.1966 artifact_factor=0.80 lr=0.00018592 grad_norm=1.3364 throughput=19.57 img/s eta_seconds=251.9 gpu_alloc=452.7MiB gpu_reserved=12288.0MiB skipped_batches=0
2026-09-14 06:46:47,807 | INFO | epoch=7 batch=375 global_step=2059 loss_reg_months=5.5753 disagreement_months=1.6440 artifact_factor=0.80 lr=0.00018592 grad_norm=1.7298 throughput=19.62 img/s eta_seconds=228.3 gpu_alloc=561.7MiB gpu_reserved=12288.0MiB skipped_batches=0
2026-09-14 06:47:10,141 | INFO | epoch=7 batch=400 global_step=2072 loss_reg_months=5.5877 disagreement_months=3.0413 artifact_factor=0.80 lr=0.00018592 grad_norm=1.1991 throughput=19.65 img/s eta_seconds=205.0 gpu_alloc=452.7MiB gpu_reserved=12288.0MiB skipped_batches=0
2026-09-14 06:47:32,279 | INFO | epoch=7 batch=425 global_step=2084 loss_reg_months=5.5700 disagreement_months=2.3704 artifact_factor=0.80 lr=0.00018592 grad_norm=1.9437 throughput=19.69 img/s eta_seconds=181.8 gpu_alloc=561.7MiB gpu_reserved=12288.0MiB skipped_batches=0
2026-09-14 06:47:54,400 | INFO | epoch=7 batch=450 global_step=2097 loss_reg_months=5.5732 disagreement_months=1.7309 artifact_factor=0.80 lr=0.00018592 grad_norm=1.0447 throughput=19.72 img/s eta_seconds=158.6 gpu_alloc=452.7MiB gpu_reserved=12288.0MiB skipped_batches=0
2026-09-14 06:48:16,481 | INFO | epoch=7 batch=475 global_step=2109 loss_reg_months=5.5444 disagreement_months=2.0695 artifact_factor=0.80 lr=0.00018592 grad_norm=1.3190 throughput=19.76 img/s eta_seconds=135.6 gpu_alloc=561.7MiB gpu_reserved=12288.0MiB skipped_batches=0
2026-09-14 06:48:38,782 | INFO | epoch=7 batch=500 global_step=2122 loss_reg_months=5.5378 disagreement_months=2.1450 artifact_factor=0.80 lr=0.00018592 grad_norm=1.3883 throughput=19.78 img/s eta_seconds=112.7 gpu_alloc=452.7MiB gpu_reserved=12288.0MiB skipped_batches=0
2026-09-14 06:49:00,908 | INFO | epoch=7 batch=525 global_step=2134 loss_reg_months=5.5519 disagreement_months=1.9701 artifact_factor=0.80 lr=0.00018592 grad_norm=1.0142 throughput=19.80 img/s eta_seconds=89.8 gpu_alloc=561.7MiB gpu_reserved=12288.0MiB skipped_batches=0
2026-09-14 06:49:23,138 | INFO | epoch=7 batch=550 global_step=2147 loss_reg_months=5.5561 disagreement_months=2.0431 artifact_factor=0.80 lr=0.00018592 grad_norm=1.5942 throughput=19.82 img/s eta_seconds=67.0 gpu_alloc=452.7MiB gpu_reserved=12288.0MiB skipped_batches=0
2026-09-14 06:49:45,285 | INFO | epoch=7 batch=575 global_step=2159 loss_reg_months=5.5832 disagreement_months=2.7921 artifact_factor=0.80 lr=0.00018592 grad_norm=2.2303 throughput=19.84 img/s eta_seconds=44.3 gpu_alloc=561.7MiB gpu_reserved=12288.0MiB skipped_batches=0
2026-09-14 06:50:10,867 | INFO | epoch=7 batch=600 global_step=2172 loss_reg_months=5.6149 disagreement_months=2.5491 artifact_factor=0.80 lr=0.00018592 grad_norm=1.5111 throughput=19.74 img/s eta_seconds=21.7 gpu_alloc=452.7MiB gpu_reserved=12288.0MiB skipped_batches=0
2026-09-14 06:51:04,768 | WARNING | STABILITY WARNING [CAM] Prediction vượt nhẹ miền tuổi 0–228: [-1.14, 217.25]
2026-09-14 06:51:04,771 | INFO | 
TRAINING REVIEW SNAPSHOT
Run ID / config hash / split hash: C3_Z26_C3_ROI_V2_PILOT_C_V2_FOLD_3_SEED_42 / 863e9613a6d2 / 896d4fd4efb4+c894202bb22f
Epoch / global step: 7 / 2184
Train loss: 5.6118
Validation MAE / RMSE / median AE: 6.7340 / 8.9699 / 5.2500
MAE nam / nữ / age bins: {'F': 7.002344965007776, 'M': 6.50706771860618} / {'120-179': 5.921388542963886, '60-119': 7.829695554123711, '0-59': 6.591742318435754, '180-228': 8.685975609756097}
Learning rate / peak VRAM: 0.00018592 / 12288.0 MiB
Best epoch / best MAE / epochs không cải thiện: 5 / 6.6344 / 2
Cảnh báo hiện tại: CAM: Prediction vượt nhẹ miền tuổi 0–228: [-1.14, 217.25]
Checkpoint gần nhất: /content/C3_Z26_C3_ROI_V2_PILOTS/runs/C3_Z26_C3_ROI_V2_PILOT_C_V2_FOLD_3_SEED_42/last.ckpt
Checkpoint tốt nhất: /content/C3_Z26_C3_ROI_V2_PILOTS/runs/C3_Z26_C3_ROI_V2_PILOT_C_V2_FOLD_3_SEED_42/best_mae.ckpt
Đề xuất tự động: THEO DÕI
2026-09-14 06:51:53,087 | INFO | epoch=8 batch=25 global_step=2196 loss_reg_months=5.4838 disagreement_months=2.0040 artifact_factor=1.00 lr=0.00018100 grad_norm=1.3666 throughput=18.32 img/s eta_seconds=588.3 gpu_alloc=561.7MiB gpu_reserved=12288.0MiB skipped_batches=0
2026-09-14 06:52:16,124 | INFO | epoch=8 batch=50 global_step=2209 loss_reg_months=5.3941 disagreement_months=2.8198 artifact_factor=1.00 lr=0.00018100 grad_norm=1.1899 throughput=18.91 img/s eta_seconds=546.3 gpu_alloc=452.7MiB gpu_reserved=12288.0MiB skipped_batches=0
2026-09-14 06:52:38,274 | INFO | epoch=8 batch=75 global_step=2221 loss_reg_months=5.5524 disagreement_months=2.1652 artifact_factor=1.00 lr=0.00018100 grad_norm=2.3628 throughput=19.36 img/s eta_seconds=510.4 gpu_alloc=561.7MiB gpu_reserved=12288.0MiB skipped_batches=0
2026-09-14 06:53:00,168 | INFO | epoch=8 batch=100 global_step=2234 loss_reg_months=5.6170 disagreement_months=2.5592 artifact_factor=1.00 lr=0.00018100 grad_norm=2.1442 throughput=19.64 img/s eta_seconds=480.1 gpu_alloc=452.7MiB gpu_reserved=12288.0MiB skipped_batches=0
2026-09-14 06:53:22,531 | INFO | epoch=8 batch=125 global_step=2246 loss_reg_months=5.5094 disagreement_months=1.5219 artifact_factor=1.00 lr=0.00018100 grad_norm=1.1734 throughput=19.74 img/s eta_seconds=455.0 gpu_alloc=561.7MiB gpu_reserved=12288.0MiB skipped_batches=0
2026-09-14 06:53:47,938 | INFO | epoch=8 batch=150 global_step=2259 loss_reg_months=5.5438 disagreement_months=2.0645 artifact_factor=1.00 lr=0.00018100 grad_norm=1.3877 throughput=19.37 img/s eta_seconds=440.4 gpu_alloc=452.7MiB gpu_reserved=12288.0MiB skipped_batches=0
2026-09-14 06:54:12,175 | INFO | epoch=8 batch=175 global_step=2271 loss_reg_months=5.6225 disagreement_months=2.7140 artifact_factor=1.00 lr=0.00018100 grad_norm=1.5716 throughput=19.25 img/s eta_seconds=419.7 gpu_alloc=561.7MiB gpu_reserved=12288.0MiB skipped_batches=0
2026-09-14 06:54:34,387 | INFO | epoch=8 batch=200 global_step=2284 loss_reg_months=5.6518 disagreement_months=2.9935 artifact_factor=1.00 lr=0.00018100 grad_norm=1.8310 throughput=19.37 img/s eta_seconds=393.9 gpu_alloc=452.7MiB gpu_reserved=12288.0MiB skipped_batches=0
2026-09-14 06:54:56,672 | INFO | epoch=8 batch=225 global_step=2296 loss_reg_months=5.6124 disagreement_months=2.4723 artifact_factor=1.00 lr=0.00018100 grad_norm=1.3763 throughput=19.46 img/s eta_seconds=369.0 gpu_alloc=561.7MiB gpu_reserved=12288.0MiB skipped_batches=0
2026-09-14 06:55:18,799 | INFO | epoch=8 batch=250 global_step=2309 loss_reg_months=5.6094 disagreement_months=2.6309 artifact_factor=1.00 lr=0.00018100 grad_norm=1.8380 throughput=19.54 img/s eta_seconds=344.3 gpu_alloc=452.7MiB gpu_reserved=12288.0MiB skipped_batches=0
2026-09-14 06:55:40,985 | INFO | epoch=8 batch=275 global_step=2321 loss_reg_months=5.5624 disagreement_months=1.9373 artifact_factor=1.00 lr=0.00018100 grad_norm=0.8927 throughput=19.61 img/s eta_seconds=320.2 gpu_alloc=561.7MiB gpu_reserved=12288.0MiB skipped_batches=0
2026-09-14 06:56:03,125 | INFO | epoch=8 batch=300 global_step=2334 loss_reg_months=5.5369 disagreement_months=3.2024 artifact_factor=1.00 lr=0.00018100 grad_norm=1.6787 throughput=19.67 img/s eta_seconds=296.4 gpu_alloc=452.7MiB gpu_reserved=12288.0MiB skipped_batches=0
2026-09-14 06:56:25,172 | INFO | epoch=8 batch=325 global_step=2346 loss_reg_months=5.5482 disagreement_months=2.2432 artifact_factor=1.00 lr=0.00018100 grad_norm=2.3479 throughput=19.72 img/s eta_seconds=272.8 gpu_alloc=561.7MiB gpu_reserved=12288.0MiB skipped_batches=0
2026-09-14 06:56:47,335 | INFO | epoch=8 batch=350 global_step=2359 loss_reg_months=5.5400 disagreement_months=1.5572 artifact_factor=1.00 lr=0.00018100 grad_norm=1.3451 throughput=19.76 img/s eta_seconds=249.4 gpu_alloc=452.7MiB gpu_reserved=12288.0MiB skipped_batches=0
2026-09-14 06:57:09,573 | INFO | epoch=8 batch=375 global_step=2371 loss_reg_months=5.5185 disagreement_months=1.8895 artifact_factor=1.00 lr=0.00018100 grad_norm=1.2708 throughput=19.79 img/s eta_seconds=226.3 gpu_alloc=561.7MiB gpu_reserved=12288.0MiB skipped_batches=0
2026-09-14 06:57:31,776 | INFO | epoch=8 batch=400 global_step=2384 loss_reg_months=5.5089 disagreement_months=1.7863 artifact_factor=1.00 lr=0.00018100 grad_norm=2.4717 throughput=19.82 img/s eta_seconds=203.3 gpu_alloc=452.7MiB gpu_reserved=12288.0MiB skipped_batches=0
2026-09-14 06:57:53,989 | INFO | epoch=8 batch=425 global_step=2396 loss_reg_months=5.5130 disagreement_months=3.0186 artifact_factor=1.00 lr=0.00018100 grad_norm=0.8489 throughput=19.85 img/s eta_seconds=180.3 gpu_alloc=561.7MiB gpu_reserved=12288.0MiB skipped_batches=0
2026-09-14 06:58:16,216 | INFO | epoch=8 batch=450 global_step=2409 loss_reg_months=5.5269 disagreement_months=1.9537 artifact_factor=1.00 lr=0.00018100 grad_norm=1.3217 throughput=19.87 img/s eta_seconds=157.5 gpu_alloc=452.7MiB gpu_reserved=12288.0MiB skipped_batches=0
2026-09-14 06:58:51,608 | INFO | epoch=8 batch=475 global_step=2421 loss_reg_months=5.5011 disagreement_months=2.4371 artifact_factor=1.00 lr=0.00018100 grad_norm=1.4218 throughput=19.30 img/s eta_seconds=138.8 gpu_alloc=561.7MiB gpu_reserved=12288.0MiB skipped_batches=0
2026-09-14 06:59:14,522 | INFO | epoch=8 batch=500 global_step=2434 loss_reg_months=5.5202 disagreement_months=1.8291 artifact_factor=1.00 lr=0.00018100 grad_norm=1.4716 throughput=19.31 img/s eta_seconds=115.4 gpu_alloc=452.7MiB gpu_reserved=12288.0MiB skipped_batches=0
2026-09-14 06:59:38,425 | INFO | epoch=8 batch=525 global_step=2446 loss_reg_months=5.5201 disagreement_months=2.0733 artifact_factor=1.00 lr=0.00018100 grad_norm=1.5120 throughput=19.29 img/s eta_seconds=92.2 gpu_alloc=561.7MiB gpu_reserved=12288.0MiB skipped_batches=0
2026-09-14 07:00:00,458 | INFO | epoch=8 batch=550 global_step=2459 loss_reg_months=5.5436 disagreement_months=1.9814 artifact_factor=1.00 lr=0.00018100 grad_norm=1.6422 throughput=19.34 img/s eta_seconds=68.7 gpu_alloc=452.7MiB gpu_reserved=12288.0MiB skipped_batches=0
2026-09-14 07:00:22,498 | INFO | epoch=8 batch=575 global_step=2471 loss_reg_months=5.5605 disagreement_months=2.1803 artifact_factor=1.00 lr=0.00018100 grad_norm=2.2359 throughput=19.38 img/s eta_seconds=45.3 gpu_alloc=561.7MiB gpu_reserved=12288.0MiB skipped_batches=0
2026-09-14 07:00:44,847 | INFO | epoch=8 batch=600 global_step=2484 loss_reg_months=5.5625 disagreement_months=2.1652 artifact_factor=1.00 lr=0.00018100 grad_norm=1.2940 throughput=19.41 img/s eta_seconds=22.1 gpu_alloc=452.7MiB gpu_reserved=12288.0MiB skipped_batches=0
2026-09-14 07:01:36,871 | WARNING | STABILITY WARNING [CAM] Prediction vượt nhẹ miền tuổi 0–228: [-14.38, 228.88]
2026-09-14 07:01:36,873 | WARNING | STABILITY WARNING [CAM] Validation MAE xấu đi trong khi train loss giảm
2026-09-14 07:01:36,874 | INFO | 
TRAINING REVIEW SNAPSHOT
Run ID / config hash / split hash: C3_Z26_C3_ROI_V2_PILOT_C_V2_FOLD_3_SEED_42 / 863e9613a6d2 / 896d4fd4efb4+c894202bb22f
Epoch / global step: 8 / 2496
Train loss: 5.5605
Validation MAE / RMSE / median AE: 7.9010 / 10.4923 / 6.1250
MAE nam / nữ / age bins: {'F': 7.982339861975117, 'M': 7.832208416479188} / {'120-179': 7.004981320049813, '60-119': 9.908263530927835, '0-59': 10.256371865725384, '180-228': 5.704776422764228}
Learning rate / peak VRAM: 0.00018100 / 12288.0 MiB
Best epoch / best MAE / epochs không cải thiện: 5 / 6.6344 / 3
Cảnh báo hiện tại: CAM: Prediction vượt nhẹ miền tuổi 0–228: [-14.38, 228.88] | CAM: Validation MAE xấu đi trong khi train loss giảm
Checkpoint gần nhất: /content/C3_Z26_C3_ROI_V2_PILOTS/runs/C3_Z26_C3_ROI_V2_PILOT_C_V2_FOLD_3_SEED_42/last.ckpt
Checkpoint tốt nhất: /content/C3_Z26_C3_ROI_V2_PILOTS/runs/C3_Z26_C3_ROI_V2_PILOT_C_V2_FOLD_3_SEED_42/best_mae.ckpt
Đề xuất tự động: THEO DÕI
2026-09-14 07:02:21,309 | INFO | epoch=9 batch=25 global_step=2508 loss_reg_months=5.4888 disagreement_months=2.4119 artifact_factor=1.00 lr=0.00017543 grad_norm=0.9552 throughput=13.28 img/s eta_seconds=811.7 gpu_alloc=561.7MiB gpu_reserved=12288.0MiB skipped_batches=0
2026-09-14 07:02:46,508 | INFO | epoch=9 batch=50 global_step=2521 loss_reg_months=5.5738 disagreement_months=2.0343 artifact_factor=1.00 lr=0.00017543 grad_norm=1.7931 throughput=15.23 img/s eta_seconds=678.1 gpu_alloc=452.7MiB gpu_reserved=12288.0MiB skipped_batches=0
2026-09-14 07:03:10,807 | INFO | epoch=9 batch=75 global_step=2533 loss_reg_months=5.6881 disagreement_months=2.3754 artifact_factor=1.00 lr=0.00017543 grad_norm=1.1673 throughput=16.19 img/s eta_seconds=610.2 gpu_alloc=561.7MiB gpu_reserved=12288.0MiB skipped_batches=0
2026-09-14 07:03:33,145 | INFO | epoch=9 batch=100 global_step=2546 loss_reg_months=5.5348 disagreement_months=2.0544 artifact_factor=1.00 lr=0.00017543 grad_norm=1.2326 throughput=17.03 img/s eta_seconds=553.8 gpu_alloc=452.7MiB gpu_reserved=12288.0MiB skipped_batches=0
2026-09-14 07:03:55,313 | INFO | epoch=9 batch=125 global_step=2558 loss_reg_months=5.6053 disagreement_months=1.9298 artifact_factor=1.00 lr=0.00017543 grad_norm=1.6366 throughput=17.59 img/s eta_seconds=510.4 gpu_alloc=561.7MiB gpu_reserved=12288.0MiB skipped_batches=0
2026-09-14 07:04:17,552 | INFO | epoch=9 batch=150 global_step=2571 loss_reg_months=5.5575 disagreement_months=3.2452 artifact_factor=1.00 lr=0.00017543 grad_norm=2.0600 throughput=17.98 img/s eta_seconds=474.3 gpu_alloc=452.7MiB gpu_reserved=12288.0MiB skipped_batches=0
2026-09-14 07:04:39,729 | INFO | epoch=9 batch=175 global_step=2583 loss_reg_months=5.5887 disagreement_months=2.5050 artifact_factor=1.00 lr=0.00017543 grad_norm=1.5351 throughput=18.28 img/s eta_seconds=441.9 gpu_alloc=561.7MiB gpu_reserved=12288.0MiB skipped_batches=0
2026-09-14 07:05:02,116 | INFO | epoch=9 batch=200 global_step=2596 loss_reg_months=5.5598 disagreement_months=3.3963 artifact_factor=1.00 lr=0.00017543 grad_norm=1.5278 throughput=18.49 img/s eta_seconds=412.6 gpu_alloc=452.7MiB gpu_reserved=12288.0MiB skipped_batches=0
2026-09-14 07:05:24,195 | INFO | epoch=9 batch=225 global_step=2608 loss_reg_months=5.5860 disagreement_months=3.3409 artifact_factor=1.00 lr=0.00017543 grad_norm=1.0491 throughput=18.68 img/s eta_seconds=384.3 gpu_alloc=561.7MiB gpu_reserved=12288.0MiB skipped_batches=0
2026-09-14 07:05:46,361 | INFO | epoch=9 batch=250 global_step=2621 loss_reg_months=5.6216 disagreement_months=3.5499 artifact_factor=1.00 lr=0.00017543 grad_norm=2.3147 throughput=18.83 img/s eta_seconds=357.3 gpu_alloc=452.7MiB gpu_reserved=12288.0MiB skipped_batches=0
2026-09-14 07:06:08,507 | INFO | epoch=9 batch=275 global_step=2633 loss_reg_months=5.5453 disagreement_months=2.5025 artifact_factor=1.00 lr=0.00017543 grad_norm=0.9804 throughput=18.96 img/s eta_seconds=331.2 gpu_alloc=561.7MiB gpu_reserved=12288.0MiB skipped_batches=0
2026-09-14 07:06:30,705 | INFO | epoch=9 batch=300 global_step=2646 loss_reg_months=5.5191 disagreement_months=2.4459 artifact_factor=1.00 lr=0.00017543 grad_norm=1.7425 throughput=19.06 img/s eta_seconds=305.8 gpu_alloc=452.7MiB gpu_reserved=12288.0MiB skipped_batches=0
2026-09-14 07:06:52,842 | INFO | epoch=9 batch=325 global_step=2658 loss_reg_months=5.5326 disagreement_months=2.6309 artifact_factor=1.00 lr=0.00017543 grad_norm=2.1163 throughput=19.15 img/s eta_seconds=280.8 gpu_alloc=561.7MiB gpu_reserved=12288.0MiB skipped_batches=0
2026-09-14 07:07:20,389 | INFO | epoch=9 batch=350 global_step=2671 loss_reg_months=5.5026 disagreement_months=1.7208 artifact_factor=1.00 lr=0.00017543 grad_norm=1.7712 throughput=18.92 img/s eta_seconds=260.5 gpu_alloc=452.7MiB gpu_reserved=12288.0MiB skipped_batches=0
2026-09-14 07:07:44,343 | INFO | epoch=9 batch=375 global_step=2683 loss_reg_months=5.5206 disagreement_months=2.1463 artifact_factor=1.00 lr=0.00017543 grad_norm=1.4598 throughput=18.91 img/s eta_seconds=236.8 gpu_alloc=561.7MiB gpu_reserved=12288.0MiB skipped_batches=0
2026-09-14 07:08:06,533 | INFO | epoch=9 batch=400 global_step=2696 loss_reg_months=5.5269 disagreement_months=2.6838 artifact_factor=1.00 lr=0.00017543 grad_norm=1.5485 throughput=18.99 img/s eta_seconds=212.1 gpu_alloc=452.7MiB gpu_reserved=12288.0MiB skipped_batches=0
2026-09-14 07:08:28,667 | INFO | epoch=9 batch=425 global_step=2708 loss_reg_months=5.5176 disagreement_months=2.5856 artifact_factor=1.00 lr=0.00017543 grad_norm=1.5493 throughput=19.07 img/s eta_seconds=187.7 gpu_alloc=561.7MiB gpu_reserved=12288.0MiB skipped_batches=0
2026-09-14 07:08:50,867 | INFO | epoch=9 batch=450 global_step=2721 loss_reg_months=5.4732 disagreement_months=1.9864 artifact_factor=1.00 lr=0.00017543 grad_norm=1.3571 throughput=19.13 img/s eta_seconds=163.6 gpu_alloc=452.7MiB gpu_reserved=12288.0MiB skipped_batches=0
2026-09-14 07:09:13,088 | INFO | epoch=9 batch=475 global_step=2733 loss_reg_months=5.4600 disagreement_months=2.7694 artifact_factor=1.00 lr=0.00017543 grad_norm=1.5311 throughput=19.18 img/s eta_seconds=139.6 gpu_alloc=561.7MiB gpu_reserved=12288.0MiB skipped_batches=0
2026-09-14 07:09:35,449 | INFO | epoch=9 batch=500 global_step=2746 loss_reg_months=5.4738 disagreement_months=2.3754 artifact_factor=1.00 lr=0.00017543 grad_norm=1.7415 throughput=19.23 img/s eta_seconds=115.9 gpu_alloc=452.7MiB gpu_reserved=12288.0MiB skipped_batches=0
2026-09-14 07:10:04,115 | INFO | epoch=9 batch=525 global_step=2758 loss_reg_months=5.4467 disagreement_months=3.0061 artifact_factor=1.00 lr=0.00017543 grad_norm=1.4518 throughput=19.03 img/s eta_seconds=93.5 gpu_alloc=561.7MiB gpu_reserved=12288.0MiB skipped_batches=0
2026-09-14 07:10:28,626 | INFO | epoch=9 batch=550 global_step=2771 loss_reg_months=5.4466 disagreement_months=2.4887 artifact_factor=1.00 lr=0.00017543 grad_norm=1.0099 throughput=18.99 img/s eta_seconds=70.0 gpu_alloc=452.7MiB gpu_reserved=12288.0MiB skipped_batches=0
2026-09-14 07:10:50,607 | INFO | epoch=9 batch=575 global_step=2783 loss_reg_months=5.4405 disagreement_months=2.5076 artifact_factor=1.00 lr=0.00017543 grad_norm=1.0434 throughput=19.05 img/s eta_seconds=46.1 gpu_alloc=561.7MiB gpu_reserved=12288.0MiB skipped_batches=0
2026-09-14 07:11:12,906 | INFO | epoch=9 batch=600 global_step=2796 loss_reg_months=5.4602 disagreement_months=1.8379 artifact_factor=1.00 lr=0.00017543 grad_norm=1.5456 throughput=19.10 img/s eta_seconds=22.5 gpu_alloc=452.7MiB gpu_reserved=12288.0MiB skipped_batches=0
2026-09-14 07:12:04,207 | WARNING | STABILITY WARNING [CAM] Validation MAE xấu đi trong khi train loss giảm
2026-09-14 07:12:04,208 | INFO | 
TRAINING REVIEW SNAPSHOT
Run ID / config hash / split hash: C3_Z26_C3_ROI_V2_PILOT_C_V2_FOLD_3_SEED_42 / 863e9613a6d2 / 896d4fd4efb4+c894202bb22f
Epoch / global step: 9 / 2808
Train loss: 5.4709
Validation MAE / RMSE / median AE: 7.3028 / 9.6160 / 5.7500
MAE nam / nữ / age bins: {'F': 7.50683441874028, 'M': 7.130331607495069} / {'120-179': 6.505642901618929, '60-119': 9.257973582474227, '0-59': 6.655857192737431, '180-228': 6.810467479674797}
Learning rate / peak VRAM: 0.00017543 / 12288.0 MiB
Best epoch / best MAE / epochs không cải thiện: 5 / 6.6344 / 4
Cảnh báo hiện tại: CAM: Validation MAE xấu đi trong khi train loss giảm
Checkpoint gần nhất: /content/C3_Z26_C3_ROI_V2_PILOTS/runs/C3_Z26_C3_ROI_V2_PILOT_C_V2_FOLD_3_SEED_42/last.ckpt
Checkpoint tốt nhất: /content/C3_Z26_C3_ROI_V2_PILOTS/runs/C3_Z26_C3_ROI_V2_PILOT_C_V2_FOLD_3_SEED_42/best_mae.ckpt
Đề xuất tự động: THEO DÕI
2026-09-14 07:12:43,429 | INFO | epoch=10 batch=25 global_step=2820 loss_reg_months=5.3556 disagreement_months=2.5013 artifact_factor=1.00 lr=0.00016926 grad_norm=1.4485 throughput=16.60 img/s eta_seconds=649.5 gpu_alloc=561.7MiB gpu_reserved=12288.0MiB skipped_batches=0
2026-09-14 07:13:06,596 | INFO | epoch=10 batch=50 global_step=2833 loss_reg_months=5.4723 disagreement_months=1.7737 artifact_factor=1.00 lr=0.00016926 grad_norm=0.8892 throughput=17.90 img/s eta_seconds=577.0 gpu_alloc=452.7MiB gpu_reserved=12288.0MiB skipped_batches=0
2026-09-14 07:13:28,598 | INFO | epoch=10 batch=75 global_step=2845 loss_reg_months=5.3610 disagreement_months=2.4585 artifact_factor=1.00 lr=0.00016926 grad_norm=1.2226 throughput=18.68 img/s eta_seconds=529.0 gpu_alloc=561.7MiB gpu_reserved=12288.0MiB skipped_batches=0
2026-09-14 07:13:50,536 | INFO | epoch=10 batch=100 global_step=2858 loss_reg_months=5.3960 disagreement_months=2.4497 artifact_factor=1.00 lr=0.00016926 grad_norm=1.4731 throughput=19.10 img/s eta_seconds=493.6 gpu_alloc=452.7MiB gpu_reserved=12288.0MiB skipped_batches=0
2026-09-14 07:14:12,735 | INFO | epoch=10 batch=125 global_step=2870 loss_reg_months=5.3679 disagreement_months=2.7367 artifact_factor=1.00 lr=0.00016926 grad_norm=2.0521 throughput=19.33 img/s eta_seconds=464.6 gpu_alloc=561.7MiB gpu_reserved=12288.0MiB skipped_batches=0
2026-09-14 07:14:34,966 | INFO | epoch=10 batch=150 global_step=2883 loss_reg_months=5.3703 disagreement_months=3.1773 artifact_factor=1.00 lr=0.00016926 grad_norm=1.3622 throughput=19.47 img/s eta_seconds=438.0 gpu_alloc=452.7MiB gpu_reserved=12288.0MiB skipped_batches=0
2026-09-14 07:14:57,197 | INFO | epoch=10 batch=175 global_step=2895 loss_reg_months=5.3573 disagreement_months=2.2394 artifact_factor=1.00 lr=0.00016926 grad_norm=0.8796 throughput=19.58 img/s eta_seconds=412.6 gpu_alloc=561.7MiB gpu_reserved=12288.0MiB skipped_batches=0
2026-09-14 07:15:19,308 | INFO | epoch=10 batch=200 global_step=2908 loss_reg_months=5.3692 disagreement_months=1.9915 artifact_factor=1.00 lr=0.00016926 grad_norm=1.2558 throughput=19.67 img/s eta_seconds=387.8 gpu_alloc=452.7MiB gpu_reserved=12288.0MiB skipped_batches=0
2026-09-14 07:15:41,557 | INFO | epoch=10 batch=225 global_step=2920 loss_reg_months=5.3608 disagreement_months=8.0967 artifact_factor=1.00 lr=0.00016926 grad_norm=1.7749 throughput=19.73 img/s eta_seconds=363.8 gpu_alloc=561.7MiB gpu_reserved=12288.0MiB skipped_batches=0
2026-09-14 07:16:03,730 | INFO | epoch=10 batch=250 global_step=2933 loss_reg_months=5.3544 disagreement_months=1.9688 artifact_factor=1.00 lr=0.00016926 grad_norm=1.3960 throughput=19.79 img/s eta_seconds=340.1 gpu_alloc=452.7MiB gpu_reserved=12288.0MiB skipped_batches=0
2026-09-14 07:16:25,999 | INFO | epoch=10 batch=275 global_step=2945 loss_reg_months=5.3543 disagreement_months=1.3331 artifact_factor=1.00 lr=0.00016926 grad_norm=0.9455 throughput=19.82 img/s eta_seconds=316.7 gpu_alloc=561.7MiB gpu_reserved=12288.0MiB skipped_batches=0
2026-09-14 07:16:48,120 | INFO | epoch=10 batch=300 global_step=2958 loss_reg_months=5.3696 disagreement_months=1.7699 artifact_factor=1.00 lr=0.00016926 grad_norm=1.2732 throughput=19.87 img/s eta_seconds=293.4 gpu_alloc=452.7MiB gpu_reserved=12288.0MiB skipped_batches=0
2026-09-14 07:17:22,534 | INFO | epoch=10 batch=325 global_step=2970 loss_reg_months=5.3264 disagreement_months=2.0254 artifact_factor=1.00 lr=0.00016926 grad_norm=1.5315 throughput=19.10 img/s eta_seconds=281.6 gpu_alloc=561.7MiB gpu_reserved=12288.0MiB skipped_batches=0
2026-09-14 07:17:45,300 | INFO | epoch=10 batch=350 global_step=2983 loss_reg_months=5.3080 disagreement_months=1.9776 artifact_factor=1.00 lr=0.00016926 grad_norm=1.2911 throughput=19.15 img/s eta_seconds=257.4 gpu_alloc=452.7MiB gpu_reserved=12288.0MiB skipped_batches=0
2026-09-14 07:18:08,611 | INFO | epoch=10 batch=375 global_step=2995 loss_reg_months=5.3191 disagreement_months=1.7837 artifact_factor=1.00 lr=0.00016926 grad_norm=1.5825 throughput=19.16 img/s eta_seconds=233.8 gpu_alloc=561.7MiB gpu_reserved=12288.0MiB skipped_batches=0
2026-09-14 07:18:34,433 | INFO | epoch=10 batch=400 global_step=3008 loss_reg_months=5.3096 disagreement_months=3.4592 artifact_factor=1.00 lr=0.00016926 grad_norm=1.2309 throughput=19.04 img/s eta_seconds=211.6 gpu_alloc=452.7MiB gpu_reserved=12288.0MiB skipped_batches=0
2026-09-14 07:18:58,438 | INFO | epoch=10 batch=425 global_step=3020 loss_reg_months=5.2818 disagreement_months=1.7221 artifact_factor=1.00 lr=0.00016926 grad_norm=1.0225 throughput=19.02 img/s eta_seconds=188.1 gpu_alloc=561.7MiB gpu_reserved=12288.0MiB skipped_batches=0
2026-09-14 07:19:20,958 | INFO | epoch=10 batch=450 global_step=3033 loss_reg_months=5.2942 disagreement_months=2.1564 artifact_factor=1.00 lr=0.00016926 grad_norm=1.5731 throughput=19.07 img/s eta_seconds=164.0 gpu_alloc=452.7MiB gpu_reserved=12288.0MiB skipped_batches=0
2026-09-14 07:19:43,036 | INFO | epoch=10 batch=475 global_step=3045 loss_reg_months=5.3030 disagreement_months=2.2734 artifact_factor=1.00 lr=0.00016926 grad_norm=1.5261 throughput=19.14 img/s eta_seconds=140.0 gpu_alloc=561.7MiB gpu_reserved=12288.0MiB skipped_batches=0
2026-09-14 07:20:05,087 | INFO | epoch=10 batch=500 global_step=3058 loss_reg_months=5.2917 disagreement_months=2.4912 artifact_factor=1.00 lr=0.00016926 grad_norm=0.9885 throughput=19.20 img/s eta_seconds=116.1 gpu_alloc=452.7MiB gpu_reserved=12288.0MiB skipped_batches=0
2026-09-14 07:20:27,157 | INFO | epoch=10 batch=525 global_step=3070 loss_reg_months=5.2885 disagreement_months=1.8265 artifact_factor=1.00 lr=0.00016926 grad_norm=1.6038 throughput=19.25 img/s eta_seconds=92.4 gpu_alloc=561.7MiB gpu_reserved=12288.0MiB skipped_batches=0
2026-09-14 07:20:49,531 | INFO | epoch=10 batch=550 global_step=3083 loss_reg_months=5.2945 disagreement_months=2.7216 artifact_factor=1.00 lr=0.00016926 grad_norm=1.3960 throughput=19.29 img/s eta_seconds=68.9 gpu_alloc=452.7MiB gpu_reserved=12288.0MiB skipped_batches=0
2026-09-14 07:21:11,690 | INFO | epoch=10 batch=575 global_step=3095 loss_reg_months=5.2784 disagreement_months=2.2155 artifact_factor=1.00 lr=0.00016926 grad_norm=1.0691 throughput=19.33 img/s eta_seconds=45.5 gpu_alloc=561.7MiB gpu_reserved=12288.0MiB skipped_batches=0
2026-09-14 07:21:33,814 | INFO | epoch=10 batch=600 global_step=3108 loss_reg_months=5.2772 disagreement_months=2.1199 artifact_factor=1.00 lr=0.00016926 grad_norm=0.9779 throughput=19.37 img/s eta_seconds=22.1 gpu_alloc=452.7MiB gpu_reserved=12288.0MiB skipped_batches=0
2026-09-14 07:22:25,724 | WARNING | STABILITY WARNING [CAM] Prediction vượt nhẹ miền tuổi 0–228: [-2.39, 231.25]
2026-09-14 07:22:25,727 | WARNING | STABILITY WARNING [CAM] Validation MAE xấu đi trong khi train loss giảm
2026-09-14 07:22:25,727 | INFO | 
TRAINING REVIEW SNAPSHOT
Run ID / config hash / split hash: C3_Z26_C3_ROI_V2_PILOT_C_V2_FOLD_3_SEED_42 / 863e9613a6d2 / 896d4fd4efb4+c894202bb22f
Epoch / global step: 10 / 3120
Train loss: 5.2850
Validation MAE / RMSE / median AE: 6.8019 / 9.0626 / 5.3750
MAE nam / nữ / age bins: {'F': 6.945865328538103, 'M': 6.680237097304405} / {'120-179': 6.127646326276463, '60-119': 8.337951030927835, '0-59': 6.708929818435754, '180-228': 6.4263211382113825}
Learning rate / peak VRAM: 0.00016926 / 12288.0 MiB
Best epoch / best MAE / epochs không cải thiện: 5 / 6.6344 / 5
Cảnh báo hiện tại: CAM: Prediction vượt nhẹ miền tuổi 0–228: [-2.39, 231.25] | CAM: Validation MAE xấu đi trong khi train loss giảm
Checkpoint gần nhất: /content/C3_Z26_C3_ROI_V2_PILOTS/runs/C3_Z26_C3_ROI_V2_PILOT_C_V2_FOLD_3_SEED_42/last.ckpt
Checkpoint tốt nhất: /content/C3_Z26_C3_ROI_V2_PILOTS/runs/C3_Z26_C3_ROI_V2_PILOT_C_V2_FOLD_3_SEED_42/best_mae.ckpt
Đề xuất tự động: THEO DÕI
2026-09-14 07:23:09,912 | INFO | epoch=11 batch=25 global_step=3132 loss_reg_months=4.8294 disagreement_months=1.8857 artifact_factor=1.00 lr=0.00016254 grad_norm=1.2658 throughput=19.02 img/s eta_seconds=566.7 gpu_alloc=561.7MiB gpu_reserved=12288.0MiB skipped_batches=0
2026-09-14 07:23:33,030 | INFO | epoch=11 batch=50 global_step=3145 loss_reg_months=4.8874 disagreement_months=2.6209 artifact_factor=1.00 lr=0.00016254 grad_norm=1.6956 throughput=19.24 img/s eta_seconds=536.8 gpu_alloc=452.7MiB gpu_reserved=12288.0MiB skipped_batches=0
2026-09-14 07:23:55,131 | INFO | epoch=11 batch=75 global_step=3157 loss_reg_months=5.2255 disagreement_months=3.6380 artifact_factor=1.00 lr=0.00016254 grad_norm=1.0397 throughput=19.60 img/s eta_seconds=504.0 gpu_alloc=561.7MiB gpu_reserved=12288.0MiB skipped_batches=0
2026-09-14 07:24:17,067 | INFO | epoch=11 batch=100 global_step=3170 loss_reg_months=5.2309 disagreement_months=2.5126 artifact_factor=1.00 lr=0.00016254 grad_norm=1.6093 throughput=19.82 img/s eta_seconds=475.7 gpu_alloc=452.7MiB gpu_reserved=12288.0MiB skipped_batches=0
2026-09-14 07:24:39,276 | INFO | epoch=11 batch=125 global_step=3182 loss_reg_months=5.2147 disagreement_months=1.8127 artifact_factor=1.00 lr=0.00016254 grad_norm=1.3654 throughput=19.91 img/s eta_seconds=451.0 gpu_alloc=561.7MiB gpu_reserved=12288.0MiB skipped_batches=0
2026-09-14 07:25:01,631 | INFO | epoch=11 batch=150 global_step=3195 loss_reg_months=5.1340 disagreement_months=1.9638 artifact_factor=1.00 lr=0.00016254 grad_norm=2.4098 throughput=19.94 img/s eta_seconds=427.6 gpu_alloc=452.7MiB gpu_reserved=12288.0MiB skipped_batches=0
2026-09-14 07:25:23,768 | INFO | epoch=11 batch=175 global_step=3207 loss_reg_months=5.1718 disagreement_months=2.1664 artifact_factor=1.00 lr=0.00016254 grad_norm=1.1470 throughput=20.00 img/s eta_seconds=404.0 gpu_alloc=561.7MiB gpu_reserved=12288.0MiB skipped_batches=0
2026-09-14 07:25:45,939 | INFO | epoch=11 batch=200 global_step=3220 loss_reg_months=5.2297 disagreement_months=1.9902 artifact_factor=1.00 lr=0.00016254 grad_norm=1.5637 throughput=20.04 img/s eta_seconds=380.8 gpu_alloc=452.7MiB gpu_reserved=12288.0MiB skipped_batches=0
2026-09-14 07:26:08,120 | INFO | epoch=11 batch=225 global_step=3232 loss_reg_months=5.2330 disagreement_months=2.1249 artifact_factor=1.00 lr=0.00016254 grad_norm=1.1345 throughput=20.06 img/s eta_seconds=357.8 gpu_alloc=561.7MiB gpu_reserved=12288.0MiB skipped_batches=0
2026-09-14 07:26:30,306 | INFO | epoch=11 batch=250 global_step=3245 loss_reg_months=5.2845 disagreement_months=2.6989 artifact_factor=1.00 lr=0.00016254 grad_norm=1.1583 throughput=20.08 img/s eta_seconds=335.0 gpu_alloc=452.7MiB gpu_reserved=12288.0MiB skipped_batches=0
2026-09-14 07:27:01,467 | INFO | epoch=11 batch=275 global_step=3257 loss_reg_months=5.3080 disagreement_months=2.2797 artifact_factor=1.00 lr=0.00016254 grad_norm=0.9876 throughput=19.40 img/s eta_seconds=323.7 gpu_alloc=561.7MiB gpu_reserved=12288.0MiB skipped_batches=0
2026-09-14 07:27:24,880 | INFO | epoch=11 batch=300 global_step=3270 loss_reg_months=5.3166 disagreement_months=3.7865 artifact_factor=1.00 lr=0.00016254 grad_norm=1.6960 throughput=19.38 img/s eta_seconds=300.8 gpu_alloc=452.7MiB gpu_reserved=12288.0MiB skipped_batches=0
2026-09-14 07:27:48,280 | INFO | epoch=11 batch=325 global_step=3282 loss_reg_months=5.3394 disagreement_months=2.6737 artifact_factor=1.00 lr=0.00016254 grad_norm=1.6336 throughput=19.37 img/s eta_seconds=277.7 gpu_alloc=561.7MiB gpu_reserved=12288.0MiB skipped_batches=0
2026-09-14 07:28:10,374 | INFO | epoch=11 batch=350 global_step=3295 loss_reg_months=5.3277 disagreement_months=1.9562 artifact_factor=1.00 lr=0.00016254 grad_norm=1.3258 throughput=19.44 img/s eta_seconds=253.6 gpu_alloc=452.7MiB gpu_reserved=12288.0MiB skipped_batches=0
2026-09-14 07:28:32,652 | INFO | epoch=11 batch=375 global_step=3307 loss_reg_months=5.3108 disagreement_months=1.8442 artifact_factor=1.00 lr=0.00016254 grad_norm=1.0308 throughput=19.49 img/s eta_seconds=229.9 gpu_alloc=561.7MiB gpu_reserved=12288.0MiB skipped_batches=0
2026-09-14 07:28:54,903 | INFO | epoch=11 batch=400 global_step=3320 loss_reg_months=5.3035 disagreement_months=2.1123 artifact_factor=1.00 lr=0.00016254 grad_norm=1.0002 throughput=19.53 img/s eta_seconds=206.3 gpu_alloc=452.7MiB gpu_reserved=12288.0MiB skipped_batches=0
2026-09-14 07:29:17,149 | INFO | epoch=11 batch=425 global_step=3332 loss_reg_months=5.2952 disagreement_months=2.4925 artifact_factor=1.00 lr=0.00016254 grad_norm=1.5979 throughput=19.57 img/s eta_seconds=182.9 gpu_alloc=561.7MiB gpu_reserved=12288.0MiB skipped_batches=0
2026-09-14 07:29:39,339 | INFO | epoch=11 batch=450 global_step=3345 loss_reg_months=5.2845 disagreement_months=2.2533 artifact_factor=1.00 lr=0.00016254 grad_norm=1.0017 throughput=19.61 img/s eta_seconds=159.6 gpu_alloc=452.7MiB gpu_reserved=12288.0MiB skipped_batches=0
2026-09-14 07:30:01,511 | INFO | epoch=11 batch=475 global_step=3357 loss_reg_months=5.2503 disagreement_months=2.2432 artifact_factor=1.00 lr=0.00016254 grad_norm=1.5752 throughput=19.64 img/s eta_seconds=136.4 gpu_alloc=561.7MiB gpu_reserved=12288.0MiB skipped_batches=0
2026-09-14 07:30:23,692 | INFO | epoch=11 batch=500 global_step=3370 loss_reg_months=5.2413 disagreement_months=1.6856 artifact_factor=1.00 lr=0.00016254 grad_norm=0.8401 throughput=19.67 img/s eta_seconds=113.3 gpu_alloc=452.7MiB gpu_reserved=12288.0MiB skipped_batches=0
2026-09-14 07:30:45,964 | INFO | epoch=11 batch=525 global_step=3382 loss_reg_months=5.2382 disagreement_months=2.1702 artifact_factor=1.00 lr=0.00016254 grad_norm=1.4837 throughput=19.70 img/s eta_seconds=90.3 gpu_alloc=561.7MiB gpu_reserved=12288.0MiB skipped_batches=0
2026-09-14 07:31:08,130 | INFO | epoch=11 batch=550 global_step=3395 loss_reg_months=5.2222 disagreement_months=2.4497 artifact_factor=1.00 lr=0.00016254 grad_norm=1.2023 throughput=19.73 img/s eta_seconds=67.4 gpu_alloc=452.7MiB gpu_reserved=12288.0MiB skipped_batches=0
2026-09-14 07:31:30,340 | INFO | epoch=11 batch=575 global_step=3407 loss_reg_months=5.2088 disagreement_months=2.1966 artifact_factor=1.00 lr=0.00016254 grad_norm=1.0206 throughput=19.75 img/s eta_seconds=44.5 gpu_alloc=561.7MiB gpu_reserved=12288.0MiB skipped_batches=0
2026-09-14 07:31:56,073 | INFO | epoch=11 batch=600 global_step=3420 loss_reg_months=5.2292 disagreement_months=3.4290 artifact_factor=1.00 lr=0.00016254 grad_norm=1.7522 throughput=19.64 img/s eta_seconds=21.8 gpu_alloc=452.7MiB gpu_reserved=12288.0MiB skipped_batches=0
2026-09-14 07:32:51,850 | WARNING | STABILITY WARNING [CAM] Prediction vượt nhẹ miền tuổi 0–228: [-3.64, 220.25]
2026-09-14 07:32:51,852 | INFO | 
TRAINING REVIEW SNAPSHOT
Run ID / config hash / split hash: C3_Z26_C3_ROI_V2_PILOT_C_V2_FOLD_3_SEED_42 / 863e9613a6d2 / 896d4fd4efb4+c894202bb22f
Epoch / global step: 11 / 3432
Train loss: 5.2148
Validation MAE / RMSE / median AE: 6.7701 / 9.0667 / 5.3750
MAE nam / nữ / age bins: {'F': 6.968920101088647, 'M': 6.601927186061801} / {'120-179': 6.284557907845579, '60-119': 7.71899162371134, '0-59': 7.337988826815643, '180-228': 6.533028455284553}
Learning rate / peak VRAM: 0.00016254 / 12288.0 MiB
Best epoch / best MAE / epochs không cải thiện: 5 / 6.6344 / 6
Cảnh báo hiện tại: CAM: Prediction vượt nhẹ miền tuổi 0–228: [-3.64, 220.25]
Checkpoint gần nhất: /content/C3_Z26_C3_ROI_V2_PILOTS/runs/C3_Z26_C3_ROI_V2_PILOT_C_V2_FOLD_3_SEED_42/last.ckpt
Checkpoint tốt nhất: /content/C3_Z26_C3_ROI_V2_PILOTS/runs/C3_Z26_C3_ROI_V2_PILOT_C_V2_FOLD_3_SEED_42/best_mae.ckpt
Đề xuất tự động: THEO DÕI
2026-09-14 07:33:40,199 | INFO | epoch=12 batch=25 global_step=3444 loss_reg_months=4.8191 disagreement_months=1.8719 artifact_factor=1.00 lr=0.00015531 grad_norm=1.2755 throughput=19.20 img/s eta_seconds=561.3 gpu_alloc=561.7MiB gpu_reserved=12288.0MiB skipped_batches=0
2026-09-14 07:34:03,161 | INFO | epoch=12 batch=50 global_step=3457 loss_reg_months=4.9763 disagreement_months=1.9814 artifact_factor=1.00 lr=0.00015531 grad_norm=1.5187 throughput=19.40 img/s eta_seconds=532.5 gpu_alloc=452.7MiB gpu_reserved=12288.0MiB skipped_batches=0
2026-09-14 07:34:25,465 | INFO | epoch=12 batch=75 global_step=3469 loss_reg_months=5.0768 disagreement_months=2.0695 artifact_factor=1.00 lr=0.00015531 grad_norm=1.4984 throughput=19.65 img/s eta_seconds=502.7 gpu_alloc=561.7MiB gpu_reserved=12288.0MiB skipped_batches=0
2026-09-14 07:34:47,375 | INFO | epoch=12 batch=100 global_step=3482 loss_reg_months=5.0838 disagreement_months=2.4270 artifact_factor=1.00 lr=0.00015531 grad_norm=0.9511 throughput=19.87 img/s eta_seconds=474.7 gpu_alloc=452.7MiB gpu_reserved=12288.0MiB skipped_batches=0
2026-09-14 07:35:09,560 | INFO | epoch=12 batch=125 global_step=3494 loss_reg_months=5.0143 disagreement_months=1.7498 artifact_factor=1.00 lr=0.00015531 grad_norm=1.0287 throughput=19.95 img/s eta_seconds=450.1 gpu_alloc=561.7MiB gpu_reserved=12288.0MiB skipped_batches=0
2026-09-14 07:35:35,614 | INFO | epoch=12 batch=150 global_step=3507 loss_reg_months=4.9534 disagreement_months=1.3746 artifact_factor=1.00 lr=0.00015531 grad_norm=1.0167 throughput=19.45 img/s eta_seconds=438.6 gpu_alloc=452.7MiB gpu_reserved=12288.0MiB skipped_batches=0
2026-09-14 07:36:00,333 | INFO | epoch=12 batch=175 global_step=3519 loss_reg_months=4.9336 disagreement_months=2.3691 artifact_factor=1.00 lr=0.00015531 grad_norm=1.0780 throughput=19.26 img/s eta_seconds=419.5 gpu_alloc=561.7MiB gpu_reserved=12288.0MiB skipped_batches=0
2026-09-14 07:36:22,588 | INFO | epoch=12 batch=200 global_step=3532 loss_reg_months=4.9482 disagreement_months=2.6586 artifact_factor=1.00 lr=0.00015531 grad_norm=0.9477 throughput=19.37 img/s eta_seconds=393.8 gpu_alloc=452.7MiB gpu_reserved=12288.0MiB skipped_batches=0
2026-09-14 07:36:44,701 | INFO | epoch=12 batch=225 global_step=3544 loss_reg_months=4.9710 disagreement_months=2.6939 artifact_factor=1.00 lr=0.00015531 grad_norm=0.8478 throughput=19.48 img/s eta_seconds=368.6 gpu_alloc=561.7MiB gpu_reserved=12288.0MiB skipped_batches=0
2026-09-14 07:37:06,834 | INFO | epoch=12 batch=250 global_step=3557 loss_reg_months=4.9626 disagreement_months=2.7770 artifact_factor=1.00 lr=0.00015531 grad_norm=1.2689 throughput=19.56 img/s eta_seconds=344.0 gpu_alloc=452.7MiB gpu_reserved=12288.0MiB skipped_batches=0
2026-09-14 07:37:29,088 | INFO | epoch=12 batch=275 global_step=3569 loss_reg_months=4.9634 disagreement_months=2.1601 artifact_factor=1.00 lr=0.00015531 grad_norm=2.0534 throughput=19.62 img/s eta_seconds=320.1 gpu_alloc=561.7MiB gpu_reserved=12288.0MiB skipped_batches=0
2026-09-14 07:37:51,264 | INFO | epoch=12 batch=300 global_step=3582 loss_reg_months=4.9779 disagreement_months=1.8215 artifact_factor=1.00 lr=0.00015531 grad_norm=1.3024 throughput=19.67 img/s eta_seconds=296.3 gpu_alloc=452.7MiB gpu_reserved=12288.0MiB skipped_batches=0
2026-09-14 07:38:13,561 | INFO | epoch=12 batch=325 global_step=3594 loss_reg_months=4.9785 disagreement_months=2.4799 artifact_factor=1.00 lr=0.00015531 grad_norm=1.4901 throughput=19.71 img/s eta_seconds=272.9 gpu_alloc=561.7MiB gpu_reserved=12288.0MiB skipped_batches=0
2026-09-14 07:38:35,638 | INFO | epoch=12 batch=350 global_step=3607 loss_reg_months=5.0269 disagreement_months=2.9079 artifact_factor=1.00 lr=0.00015531 grad_norm=1.2182 throughput=19.76 img/s eta_seconds=249.5 gpu_alloc=452.7MiB gpu_reserved=12288.0MiB skipped_batches=0
2026-09-14 07:38:57,949 | INFO | epoch=12 batch=375 global_step=3619 loss_reg_months=5.0722 disagreement_months=1.9839 artifact_factor=1.00 lr=0.00015531 grad_norm=1.5048 throughput=19.78 img/s eta_seconds=226.4 gpu_alloc=561.7MiB gpu_reserved=12288.0MiB skipped_batches=0
2026-09-14 07:39:20,153 | INFO | epoch=12 batch=400 global_step=3632 loss_reg_months=5.0810 disagreement_months=1.4514 artifact_factor=1.00 lr=0.00015531 grad_norm=1.4795 throughput=19.81 img/s eta_seconds=203.3 gpu_alloc=452.7MiB gpu_reserved=12288.0MiB skipped_batches=0
2026-09-14 07:39:42,427 | INFO | epoch=12 batch=425 global_step=3644 loss_reg_months=5.0916 disagreement_months=2.3288 artifact_factor=1.00 lr=0.00015531 grad_norm=1.0398 throughput=19.84 img/s eta_seconds=180.4 gpu_alloc=561.7MiB gpu_reserved=12288.0MiB skipped_batches=0
2026-09-14 07:40:04,653 | INFO | epoch=12 batch=450 global_step=3657 loss_reg_months=5.0890 disagreement_months=2.1287 artifact_factor=1.00 lr=0.00015531 grad_norm=1.5097 throughput=19.86 img/s eta_seconds=157.6 gpu_alloc=452.7MiB gpu_reserved=12288.0MiB skipped_batches=0
2026-09-14 07:40:32,362 | INFO | epoch=12 batch=475 global_step=3669 loss_reg_months=5.0848 disagreement_months=3.5272 artifact_factor=1.00 lr=0.00015531 grad_norm=1.2944 throughput=19.63 img/s eta_seconds=136.5 gpu_alloc=561.7MiB gpu_reserved=12288.0MiB skipped_batches=0
2026-09-14 07:40:56,593 | INFO | epoch=12 batch=500 global_step=3682 loss_reg_months=5.0765 disagreement_months=1.7598 artifact_factor=1.00 lr=0.00015531 grad_norm=1.1168 throughput=19.57 img/s eta_seconds=113.9 gpu_alloc=452.7MiB gpu_reserved=12288.0MiB skipped_batches=0
2026-09-14 07:41:19,188 | INFO | epoch=12 batch=525 global_step=3694 loss_reg_months=5.0867 disagreement_months=2.7493 artifact_factor=1.00 lr=0.00015531 grad_norm=1.3024 throughput=19.59 img/s eta_seconds=90.8 gpu_alloc=561.7MiB gpu_reserved=12288.0MiB skipped_batches=0
2026-09-14 07:41:41,511 | INFO | epoch=12 batch=550 global_step=3707 loss_reg_months=5.0649 disagreement_months=2.2785 artifact_factor=1.00 lr=0.00015531 grad_norm=1.1662 throughput=19.61 img/s eta_seconds=67.8 gpu_alloc=452.7MiB gpu_reserved=12288.0MiB skipped_batches=0
2026-09-14 07:42:03,665 | INFO | epoch=12 batch=575 global_step=3719 loss_reg_months=5.0734 disagreement_months=2.2092 artifact_factor=1.00 lr=0.00015531 grad_norm=1.3981 throughput=19.64 img/s eta_seconds=44.7 gpu_alloc=561.7MiB gpu_reserved=12288.0MiB skipped_batches=0
2026-09-14 07:42:25,914 | INFO | epoch=12 batch=600 global_step=3732 loss_reg_months=5.0700 disagreement_months=2.8474 artifact_factor=1.00 lr=0.00015531 grad_norm=1.6697 throughput=19.67 img/s eta_seconds=21.8 gpu_alloc=452.7MiB gpu_reserved=12288.0MiB skipped_batches=0
2026-09-14 07:43:24,529 | INFO | 
TRAINING REVIEW SNAPSHOT
Run ID / config hash / split hash: C3_Z26_C3_ROI_V2_PILOT_C_V2_FOLD_3_SEED_42 / 863e9613a6d2 / 896d4fd4efb4+c894202bb22f
Epoch / global step: 12 / 3744
Train loss: 5.0679
Validation MAE / RMSE / median AE: 6.5845 / 8.9429 / 5.0000
MAE nam / nữ / age bins: {'F': 6.621713403965785, 'M': 6.552956525312294} / {'120-179': 5.996653175591532, '60-119': 7.786163015463917, '0-59': 7.684401187150838, '180-228': 5.8307926829268295}
Learning rate / peak VRAM: 0.00015531 / 12288.0 MiB
Best epoch / best MAE / epochs không cải thiện: 12 / 6.5845 / 0
Cảnh báo hiện tại: KHÔNG
Checkpoint gần nhất: /content/C3_Z26_C3_ROI_V2_PILOTS/runs/C3_Z26_C3_ROI_V2_PILOT_C_V2_FOLD_3_SEED_42/last.ckpt
Checkpoint tốt nhất: /content/C3_Z26_C3_ROI_V2_PILOTS/runs/C3_Z26_C3_ROI_V2_PILOT_C_V2_FOLD_3_SEED_42/best_mae.ckpt
Đề xuất tự động: TIẾP TỤC
2026-09-14 07:44:05,648 | INFO | epoch=13 batch=25 global_step=3756 loss_reg_months=4.4770 disagreement_months=2.7895 artifact_factor=1.00 lr=0.00014765 grad_norm=1.0974 throughput=13.01 img/s eta_seconds=828.8 gpu_alloc=561.7MiB gpu_reserved=12288.0MiB skipped_batches=0
2026-09-14 07:44:28,984 | INFO | epoch=13 batch=50 global_step=3769 loss_reg_months=4.6367 disagreement_months=1.7649 artifact_factor=1.00 lr=0.00014765 grad_norm=1.3514 throughput=15.53 img/s eta_seconds=665.0 gpu_alloc=452.7MiB gpu_reserved=12288.0MiB skipped_batches=0
2026-09-14 07:44:53,152 | INFO | epoch=13 batch=75 global_step=3781 loss_reg_months=4.7019 disagreement_months=3.1445 artifact_factor=1.00 lr=0.00014765 grad_norm=1.0542 throughput=16.44 img/s eta_seconds=600.9 gpu_alloc=561.7MiB gpu_reserved=12288.0MiB skipped_batches=0
2026-09-14 07:45:15,119 | INFO | epoch=13 batch=100 global_step=3794 loss_reg_months=4.7257 disagreement_months=2.0330 artifact_factor=1.00 lr=0.00014765 grad_norm=1.6967 throughput=17.29 img/s eta_seconds=545.2 gpu_alloc=452.7MiB gpu_reserved=12288.0MiB skipped_batches=0
2026-09-14 07:45:37,555 | INFO | epoch=13 batch=125 global_step=3806 loss_reg_months=4.8678 disagreement_months=2.1136 artifact_factor=1.00 lr=0.00014765 grad_norm=1.5060 throughput=17.78 img/s eta_seconds=504.9 gpu_alloc=561.7MiB gpu_reserved=12288.0MiB skipped_batches=0
2026-09-14 07:45:59,873 | INFO | epoch=13 batch=150 global_step=3819 loss_reg_months=5.0337 disagreement_months=2.0909 artifact_factor=1.00 lr=0.00014765 grad_norm=1.4735 throughput=18.14 img/s eta_seconds=470.1 gpu_alloc=452.7MiB gpu_reserved=12288.0MiB skipped_batches=0
2026-09-14 07:46:22,104 | INFO | epoch=13 batch=175 global_step=3831 loss_reg_months=5.0328 disagreement_months=1.8492 artifact_factor=1.00 lr=0.00014765 grad_norm=1.8501 throughput=18.41 img/s eta_seconds=438.7 gpu_alloc=561.7MiB gpu_reserved=12288.0MiB skipped_batches=0
2026-09-14 07:46:44,350 | INFO | epoch=13 batch=200 global_step=3844 loss_reg_months=5.0717 disagreement_months=3.1168 artifact_factor=1.00 lr=0.00014765 grad_norm=1.1362 throughput=18.62 img/s eta_seconds=409.7 gpu_alloc=452.7MiB gpu_reserved=12288.0MiB skipped_batches=0
2026-09-14 07:47:06,547 | INFO | epoch=13 batch=225 global_step=3856 loss_reg_months=5.1050 disagreement_months=2.4534 artifact_factor=1.00 lr=0.00014765 grad_norm=0.9496 throughput=18.79 img/s eta_seconds=382.0 gpu_alloc=561.7MiB gpu_reserved=12288.0MiB skipped_batches=0
2026-09-14 07:47:28,634 | INFO | epoch=13 batch=250 global_step=3869 loss_reg_months=5.1195 disagreement_months=2.8449 artifact_factor=1.00 lr=0.00014765 grad_norm=1.2109 throughput=18.94 img/s eta_seconds=355.3 gpu_alloc=452.7MiB gpu_reserved=12288.0MiB skipped_batches=0
2026-09-14 07:47:50,818 | INFO | epoch=13 batch=275 global_step=3881 loss_reg_months=5.1379 disagreement_months=3.3610 artifact_factor=1.00 lr=0.00014765 grad_norm=1.8062 throughput=19.05 img/s eta_seconds=329.5 gpu_alloc=561.7MiB gpu_reserved=12288.0MiB skipped_batches=0
2026-09-14 07:48:12,916 | INFO | epoch=13 batch=300 global_step=3894 loss_reg_months=5.1243 disagreement_months=2.2860 artifact_factor=1.00 lr=0.00014765 grad_norm=1.2576 throughput=19.16 img/s eta_seconds=304.3 gpu_alloc=452.7MiB gpu_reserved=12288.0MiB skipped_batches=0
2026-09-14 07:48:35,164 | INFO | epoch=13 batch=325 global_step=3906 loss_reg_months=5.1019 disagreement_months=2.1639 artifact_factor=1.00 lr=0.00014765 grad_norm=1.1905 throughput=19.24 img/s eta_seconds=279.6 gpu_alloc=561.7MiB gpu_reserved=12288.0MiB skipped_batches=0
2026-09-14 07:49:00,934 | INFO | epoch=13 batch=350 global_step=3919 loss_reg_months=5.0982 disagreement_months=2.3540 artifact_factor=1.00 lr=0.00014765 grad_norm=2.6154 throughput=19.10 img/s eta_seconds=258.1 gpu_alloc=452.7MiB gpu_reserved=12288.0MiB skipped_batches=0
2026-09-14 07:49:26,092 | INFO | epoch=13 batch=375 global_step=3931 loss_reg_months=5.0684 disagreement_months=2.2885 artifact_factor=1.00 lr=0.00014765 grad_norm=0.7837 throughput=19.01 img/s eta_seconds=235.6 gpu_alloc=561.7MiB gpu_reserved=12288.0MiB skipped_batches=0
2026-09-14 07:49:48,395 | INFO | epoch=13 batch=400 global_step=3944 loss_reg_months=5.0483 disagreement_months=1.8631 artifact_factor=1.00 lr=0.00014765 grad_norm=1.6612 throughput=19.08 img/s eta_seconds=211.2 gpu_alloc=452.7MiB gpu_reserved=12288.0MiB skipped_batches=0
2026-09-14 07:50:10,757 | INFO | epoch=13 batch=425 global_step=3956 loss_reg_months=5.0507 disagreement_months=2.8097 artifact_factor=1.00 lr=0.00014765 grad_norm=1.2843 throughput=19.14 img/s eta_seconds=187.0 gpu_alloc=561.7MiB gpu_reserved=12288.0MiB skipped_batches=0
2026-09-14 07:50:33,080 | INFO | epoch=13 batch=450 global_step=3969 loss_reg_months=5.0470 disagreement_months=1.7435 artifact_factor=1.00 lr=0.00014765 grad_norm=1.3343 throughput=19.19 img/s eta_seconds=163.0 gpu_alloc=452.7MiB gpu_reserved=12288.0MiB skipped_batches=0
2026-09-14 07:50:55,390 | INFO | epoch=13 batch=475 global_step=3981 loss_reg_months=5.0688 disagreement_months=2.5403 artifact_factor=1.00 lr=0.00014765 grad_norm=2.0435 throughput=19.24 img/s eta_seconds=139.2 gpu_alloc=561.7MiB gpu_reserved=12288.0MiB skipped_batches=0
2026-09-14 07:51:17,625 | INFO | epoch=13 batch=500 global_step=3994 loss_reg_months=5.0752 disagreement_months=2.0947 artifact_factor=1.00 lr=0.00014765 grad_norm=1.2388 throughput=19.29 img/s eta_seconds=115.6 gpu_alloc=452.7MiB gpu_reserved=12288.0MiB skipped_batches=0
2026-09-14 07:51:42,540 | INFO | epoch=13 batch=525 global_step=4006 loss_reg_months=5.0839 disagreement_months=1.7636 artifact_factor=1.00 lr=0.00014765 grad_norm=1.4794 throughput=19.23 img/s eta_seconds=92.5 gpu_alloc=561.7MiB gpu_reserved=12288.0MiB skipped_batches=0
2026-09-14 07:52:07,796 | INFO | epoch=13 batch=550 global_step=4019 loss_reg_months=5.0737 disagreement_months=2.4182 artifact_factor=1.00 lr=0.00014765 grad_norm=0.9097 throughput=19.16 img/s eta_seconds=69.4 gpu_alloc=452.7MiB gpu_reserved=12288.0MiB skipped_batches=0
2026-09-14 07:52:30,265 | INFO | epoch=13 batch=575 global_step=4031 loss_reg_months=5.0726 disagreement_months=2.6158 artifact_factor=1.00 lr=0.00014765 grad_norm=0.9912 throughput=19.19 img/s eta_seconds=45.8 gpu_alloc=561.7MiB gpu_reserved=12288.0MiB skipped_batches=0
2026-09-14 07:52:52,612 | INFO | epoch=13 batch=600 global_step=4044 loss_reg_months=5.0800 disagreement_months=1.5924 artifact_factor=1.00 lr=0.00014765 grad_norm=1.4822 throughput=19.23 img/s eta_seconds=22.3 gpu_alloc=452.7MiB gpu_reserved=12288.0MiB skipped_batches=0
2026-09-14 07:53:45,291 | INFO | 
TRAINING REVIEW SNAPSHOT
Run ID / config hash / split hash: C3_Z26_C3_ROI_V2_PILOT_C_V2_FOLD_3_SEED_42 / 863e9613a6d2 / 896d4fd4efb4+c894202bb22f
Epoch / global step: 13 / 4056
Train loss: 5.0844
Validation MAE / RMSE / median AE: 6.9090 / 9.2773 / 5.2500
MAE nam / nữ / age bins: {'F': 7.1335293545878695, 'M': 6.719160913872452} / {'120-179': 6.211122353673724, '60-119': 8.744201030927835, '0-59': 6.404329608938547, '180-228': 6.043191056910569}
Learning rate / peak VRAM: 0.00014765 / 12288.0 MiB
Best epoch / best MAE / epochs không cải thiện: 12 / 6.5845 / 1
Cảnh báo hiện tại: KHÔNG
Checkpoint gần nhất: /content/C3_Z26_C3_ROI_V2_PILOTS/runs/C3_Z26_C3_ROI_V2_PILOT_C_V2_FOLD_3_SEED_42/last.ckpt
Checkpoint tốt nhất: /content/C3_Z26_C3_ROI_V2_PILOTS/runs/C3_Z26_C3_ROI_V2_PILOT_C_V2_FOLD_3_SEED_42/best_mae.ckpt
Đề xuất tự động: TIẾP TỤC
2026-09-14 07:54:17,303 | INFO | epoch=14 batch=25 global_step=4068 loss_reg_months=5.2352 disagreement_months=2.0003 artifact_factor=1.00 lr=0.00013961 grad_norm=1.0765 throughput=18.80 img/s eta_seconds=573.2 gpu_alloc=561.7MiB gpu_reserved=12288.0MiB skipped_batches=0
2026-09-14 07:54:42,600 | INFO | epoch=14 batch=50 global_step=4081 loss_reg_months=5.0730 disagreement_months=2.8172 artifact_factor=1.00 lr=0.00013961 grad_norm=1.1505 throughput=18.28 img/s eta_seconds=565.0 gpu_alloc=452.7MiB gpu_reserved=12288.0MiB skipped_batches=0
2026-09-14 07:55:04,678 | INFO | epoch=14 batch=75 global_step=4093 loss_reg_months=5.1882 disagreement_months=1.7712 artifact_factor=1.00 lr=0.00013961 grad_norm=1.3824 throughput=18.93 img/s eta_seconds=521.8 gpu_alloc=561.7MiB gpu_reserved=12288.0MiB skipped_batches=0
2026-09-14 07:55:26,794 | INFO | epoch=14 batch=100 global_step=4106 loss_reg_months=5.0766 disagreement_months=2.7442 artifact_factor=1.00 lr=0.00013961 grad_norm=1.8281 throughput=19.27 img/s eta_seconds=489.4 gpu_alloc=452.7MiB gpu_reserved=12288.0MiB skipped_batches=0
2026-09-14 07:55:48,989 | INFO | epoch=14 batch=125 global_step=4118 loss_reg_months=5.0788 disagreement_months=2.6385 artifact_factor=1.00 lr=0.00013961 grad_norm=2.1260 throughput=19.46 img/s eta_seconds=461.4 gpu_alloc=561.7MiB gpu_reserved=12288.0MiB skipped_batches=0
2026-09-14 07:56:11,351 | INFO | epoch=14 batch=150 global_step=4131 loss_reg_months=5.0670 disagreement_months=1.8454 artifact_factor=1.00 lr=0.00013961 grad_norm=1.3162 throughput=19.57 img/s eta_seconds=435.9 gpu_alloc=452.7MiB gpu_reserved=12288.0MiB skipped_batches=0
2026-09-14 07:56:33,598 | INFO | epoch=14 batch=175 global_step=4143 loss_reg_months=5.0872 disagreement_months=3.1420 artifact_factor=1.00 lr=0.00013961 grad_norm=0.7714 throughput=19.66 img/s eta_seconds=411.0 gpu_alloc=561.7MiB gpu_reserved=12288.0MiB skipped_batches=0
2026-09-14 07:56:55,875 | INFO | epoch=14 batch=200 global_step=4156 loss_reg_months=5.0382 disagreement_months=1.9524 artifact_factor=1.00 lr=0.00013961 grad_norm=2.0498 throughput=19.73 img/s eta_seconds=386.8 gpu_alloc=452.7MiB gpu_reserved=12288.0MiB skipped_batches=0
2026-09-14 07:57:18,074 | INFO | epoch=14 batch=225 global_step=4168 loss_reg_months=5.0128 disagreement_months=2.9179 artifact_factor=1.00 lr=0.00013961 grad_norm=0.8186 throughput=19.78 img/s eta_seconds=362.9 gpu_alloc=561.7MiB gpu_reserved=12288.0MiB skipped_batches=0
2026-09-14 07:57:40,333 | INFO | epoch=14 batch=250 global_step=4181 loss_reg_months=4.9918 disagreement_months=2.3452 artifact_factor=1.00 lr=0.00013961 grad_norm=1.4046 throughput=19.83 img/s eta_seconds=339.4 gpu_alloc=452.7MiB gpu_reserved=12288.0MiB skipped_batches=0
2026-09-14 07:58:02,425 | INFO | epoch=14 batch=275 global_step=4193 loss_reg_months=5.0159 disagreement_months=1.9059 artifact_factor=1.00 lr=0.00013961 grad_norm=1.1400 throughput=19.88 img/s eta_seconds=315.9 gpu_alloc=561.7MiB gpu_reserved=12288.0MiB skipped_batches=0
2026-09-14 07:58:24,656 | INFO | epoch=14 batch=300 global_step=4206 loss_reg_months=5.0204 disagreement_months=3.7765 artifact_factor=1.00 lr=0.00013961 grad_norm=1.1713 throughput=19.91 img/s eta_seconds=292.8 gpu_alloc=452.7MiB gpu_reserved=12288.0MiB skipped_batches=0
2026-09-14 07:58:46,879 | INFO | epoch=14 batch=325 global_step=4218 loss_reg_months=5.0095 disagreement_months=2.5151 artifact_factor=1.00 lr=0.00013961 grad_norm=1.3959 throughput=19.93 img/s eta_seconds=269.9 gpu_alloc=561.7MiB gpu_reserved=12288.0MiB skipped_batches=0
2026-09-14 07:59:16,107 | INFO | epoch=14 batch=350 global_step=4231 loss_reg_months=5.0064 disagreement_months=3.9678 artifact_factor=1.00 lr=0.00013961 grad_norm=1.1051 throughput=19.52 img/s eta_seconds=252.5 gpu_alloc=452.7MiB gpu_reserved=12288.0MiB skipped_batches=0
2026-09-14 07:59:40,816 | INFO | epoch=14 batch=375 global_step=4243 loss_reg_months=4.9961 disagreement_months=2.6284 artifact_factor=1.00 lr=0.00013961 grad_norm=1.7992 throughput=19.43 img/s eta_seconds=230.6 gpu_alloc=561.7MiB gpu_reserved=12288.0MiB skipped_batches=0
2026-09-14 08:00:08,424 | INFO | epoch=14 batch=400 global_step=4256 loss_reg_months=4.9982 disagreement_months=2.1136 artifact_factor=1.00 lr=0.00013961 grad_norm=1.5257 throughput=19.20 img/s eta_seconds=209.9 gpu_alloc=452.7MiB gpu_reserved=12288.0MiB skipped_batches=0
2026-09-14 08:00:33,444 | INFO | epoch=14 batch=425 global_step=4268 loss_reg_months=4.9771 disagreement_months=1.4854 artifact_factor=1.00 lr=0.00013961 grad_norm=0.8498 throughput=19.12 img/s eta_seconds=187.2 gpu_alloc=561.7MiB gpu_reserved=12288.0MiB skipped_batches=0
2026-09-14 08:00:56,949 | INFO | epoch=14 batch=450 global_step=4281 loss_reg_months=4.9743 disagreement_months=2.6712 artifact_factor=1.00 lr=0.00013961 grad_norm=1.3303 throughput=19.12 img/s eta_seconds=163.6 gpu_alloc=452.7MiB gpu_reserved=12288.0MiB skipped_batches=0
2026-09-14 08:01:19,057 | INFO | epoch=14 batch=475 global_step=4293 loss_reg_months=4.9664 disagreement_months=3.9804 artifact_factor=1.00 lr=0.00013961 grad_norm=1.3008 throughput=19.18 img/s eta_seconds=139.6 gpu_alloc=561.7MiB gpu_reserved=12288.0MiB skipped_batches=0
2026-09-14 08:01:41,192 | INFO | epoch=14 batch=500 global_step=4306 loss_reg_months=4.9473 disagreement_months=3.2880 artifact_factor=1.00 lr=0.00013961 grad_norm=2.2890 throughput=19.24 img/s eta_seconds=115.9 gpu_alloc=452.7MiB gpu_reserved=12288.0MiB skipped_batches=0
2026-09-14 08:02:03,242 | INFO | epoch=14 batch=525 global_step=4318 loss_reg_months=4.9157 disagreement_months=2.8902 artifact_factor=1.00 lr=0.00013961 grad_norm=1.3173 throughput=19.29 img/s eta_seconds=92.2 gpu_alloc=561.7MiB gpu_reserved=12288.0MiB skipped_batches=0
2026-09-14 08:02:25,493 | INFO | epoch=14 batch=550 global_step=4331 loss_reg_months=4.8994 disagreement_months=2.2608 artifact_factor=1.00 lr=0.00013961 grad_norm=0.8688 throughput=19.33 img/s eta_seconds=68.7 gpu_alloc=452.7MiB gpu_reserved=12288.0MiB skipped_batches=0
2026-09-14 08:02:47,713 | INFO | epoch=14 batch=575 global_step=4343 loss_reg_months=4.8985 disagreement_months=2.1211 artifact_factor=1.00 lr=0.00013961 grad_norm=1.6503 throughput=19.37 img/s eta_seconds=45.4 gpu_alloc=561.7MiB gpu_reserved=12288.0MiB skipped_batches=0
2026-09-14 08:03:10,071 | INFO | epoch=14 batch=600 global_step=4356 loss_reg_months=4.8914 disagreement_months=2.9960 artifact_factor=1.00 lr=0.00013961 grad_norm=2.3194 throughput=19.40 img/s eta_seconds=22.1 gpu_alloc=452.7MiB gpu_reserved=12288.0MiB skipped_batches=0
2026-09-14 08:04:02,707 | INFO | 
TRAINING REVIEW SNAPSHOT
Run ID / config hash / split hash: C3_Z26_C3_ROI_V2_PILOT_C_V2_FOLD_3_SEED_42 / 863e9613a6d2 / 896d4fd4efb4+c894202bb22f
Epoch / global step: 14 / 4368
Train loss: 4.9273
Validation MAE / RMSE / median AE: 7.1335 / 9.5629 / 5.5000
MAE nam / nữ / age bins: {'F': 7.083823386469674, 'M': 7.175552679158448} / {'120-179': 5.7015488792029885, '60-119': 9.03125, '0-59': 12.331703910614525, '180-228': 6.713414634146342}
Learning rate / peak VRAM: 0.00013961 / 12288.0 MiB
Best epoch / best MAE / epochs không cải thiện: 12 / 6.5845 / 2
Cảnh báo hiện tại: KHÔNG
Checkpoint gần nhất: /content/C3_Z26_C3_ROI_V2_PILOTS/runs/C3_Z26_C3_ROI_V2_PILOT_C_V2_FOLD_3_SEED_42/last.ckpt
Checkpoint tốt nhất: /content/C3_Z26_C3_ROI_V2_PILOTS/runs/C3_Z26_C3_ROI_V2_PILOT_C_V2_FOLD_3_SEED_42/best_mae.ckpt
Đề xuất tự động: TIẾP TỤC
2026-09-14 08:04:39,581 | INFO | epoch=15 batch=25 global_step=4380 loss_reg_months=4.6185 disagreement_months=1.7460 artifact_factor=1.00 lr=0.00013125 grad_norm=1.1809 throughput=16.24 img/s eta_seconds=663.9 gpu_alloc=561.7MiB gpu_reserved=12288.0MiB skipped_batches=0
2026-09-14 08:05:03,256 | INFO | epoch=15 batch=50 global_step=4393 loss_reg_months=4.8886 disagreement_months=2.9910 artifact_factor=1.00 lr=0.00013125 grad_norm=1.1087 throughput=17.51 img/s eta_seconds=589.8 gpu_alloc=452.7MiB gpu_reserved=12288.0MiB skipped_batches=0
2026-09-14 08:05:25,280 | INFO | epoch=15 batch=75 global_step=4405 loss_reg_months=4.7043 disagreement_months=1.7762 artifact_factor=1.00 lr=0.00013125 grad_norm=1.8623 throughput=18.39 img/s eta_seconds=537.2 gpu_alloc=561.7MiB gpu_reserved=12288.0MiB skipped_batches=0
2026-09-14 08:05:47,474 | INFO | epoch=15 batch=100 global_step=4418 loss_reg_months=4.6880 disagreement_months=2.6964 artifact_factor=1.00 lr=0.00013125 grad_norm=2.2392 throughput=18.83 img/s eta_seconds=500.8 gpu_alloc=452.7MiB gpu_reserved=12288.0MiB skipped_batches=0
2026-09-14 08:06:09,814 | INFO | epoch=15 batch=125 global_step=4430 loss_reg_months=4.6194 disagreement_months=2.2457 artifact_factor=1.00 lr=0.00013125 grad_norm=1.0142 throughput=19.08 img/s eta_seconds=470.7 gpu_alloc=561.7MiB gpu_reserved=12288.0MiB skipped_batches=0
2026-09-14 08:06:32,127 | INFO | epoch=15 batch=150 global_step=4443 loss_reg_months=4.6815 disagreement_months=2.3351 artifact_factor=1.00 lr=0.00013125 grad_norm=1.2091 throughput=19.25 img/s eta_seconds=443.1 gpu_alloc=452.7MiB gpu_reserved=12288.0MiB skipped_batches=0
2026-09-14 08:06:54,302 | INFO | epoch=15 batch=175 global_step=4455 loss_reg_months=4.7467 disagreement_months=2.2508 artifact_factor=1.00 lr=0.00013125 grad_norm=1.4507 throughput=19.39 img/s eta_seconds=416.6 gpu_alloc=561.7MiB gpu_reserved=12288.0MiB skipped_batches=0
2026-09-14 08:07:16,420 | INFO | epoch=15 batch=200 global_step=4468 loss_reg_months=4.7254 disagreement_months=2.6209 artifact_factor=1.00 lr=0.00013125 grad_norm=1.2051 throughput=19.51 img/s eta_seconds=391.1 gpu_alloc=452.7MiB gpu_reserved=12288.0MiB skipped_batches=0
2026-09-14 08:07:38,615 | INFO | epoch=15 batch=225 global_step=4480 loss_reg_months=4.6904 disagreement_months=2.7266 artifact_factor=1.00 lr=0.00013125 grad_norm=0.8790 throughput=19.59 img/s eta_seconds=366.5 gpu_alloc=561.7MiB gpu_reserved=12288.0MiB skipped_batches=0
2026-09-14 08:08:00,768 | INFO | epoch=15 batch=250 global_step=4493 loss_reg_months=4.7079 disagreement_months=2.9230 artifact_factor=1.00 lr=0.00013125 grad_norm=1.4763 throughput=19.66 img/s eta_seconds=342.3 gpu_alloc=452.7MiB gpu_reserved=12288.0MiB skipped_batches=0
2026-09-14 08:08:27,439 | INFO | epoch=15 batch=275 global_step=4505 loss_reg_months=4.7098 disagreement_months=1.9839 artifact_factor=1.00 lr=0.00013125 grad_norm=1.5778 throughput=19.37 img/s eta_seconds=324.2 gpu_alloc=561.7MiB gpu_reserved=12288.0MiB skipped_batches=0
2026-09-14 08:08:52,281 | INFO | epoch=15 batch=300 global_step=4518 loss_reg_months=4.7306 disagreement_months=2.5932 artifact_factor=1.00 lr=0.00013125 grad_norm=1.3376 throughput=19.26 img/s eta_seconds=302.7 gpu_alloc=452.7MiB gpu_reserved=12288.0MiB skipped_batches=0
2026-09-14 08:09:15,067 | INFO | epoch=15 batch=325 global_step=4530 loss_reg_months=4.7528 disagreement_months=2.0594 artifact_factor=1.00 lr=0.00013125 grad_norm=1.3405 throughput=19.29 img/s eta_seconds=278.8 gpu_alloc=561.7MiB gpu_reserved=12288.0MiB skipped_batches=0
2026-09-14 08:09:37,234 | INFO | epoch=15 batch=350 global_step=4543 loss_reg_months=4.7649 disagreement_months=2.7115 artifact_factor=1.00 lr=0.00013125 grad_norm=1.7546 throughput=19.36 img/s eta_seconds=254.6 gpu_alloc=452.7MiB gpu_reserved=12288.0MiB skipped_batches=0
2026-09-14 08:09:59,468 | INFO | epoch=15 batch=375 global_step=4555 loss_reg_months=4.7720 disagreement_months=2.1501 artifact_factor=1.00 lr=0.00013125 grad_norm=2.4311 throughput=19.42 img/s eta_seconds=230.7 gpu_alloc=561.7MiB gpu_reserved=12288.0MiB skipped_batches=0
2026-09-14 08:10:21,719 | INFO | epoch=15 batch=400 global_step=4568 loss_reg_months=4.7855 disagreement_months=2.3313 artifact_factor=1.00 lr=0.00013125 grad_norm=1.2403 throughput=19.47 img/s eta_seconds=207.0 gpu_alloc=452.7MiB gpu_reserved=12288.0MiB skipped_batches=0
2026-09-14 08:10:43,885 | INFO | epoch=15 batch=425 global_step=4580 loss_reg_months=4.7827 disagreement_months=2.6183 artifact_factor=1.00 lr=0.00013125 grad_norm=1.2185 throughput=19.51 img/s eta_seconds=183.4 gpu_alloc=561.7MiB gpu_reserved=12288.0MiB skipped_batches=0
2026-09-14 08:11:06,192 | INFO | epoch=15 batch=450 global_step=4593 loss_reg_months=4.7522 disagreement_months=1.8958 artifact_factor=1.00 lr=0.00013125 grad_norm=1.0587 throughput=19.55 img/s eta_seconds=160.1 gpu_alloc=452.7MiB gpu_reserved=12288.0MiB skipped_batches=0
2026-09-14 08:11:28,563 | INFO | epoch=15 batch=475 global_step=4605 loss_reg_months=4.7590 disagreement_months=1.8215 artifact_factor=1.00 lr=0.00013125 grad_norm=1.4257 throughput=19.58 img/s eta_seconds=136.8 gpu_alloc=561.7MiB gpu_reserved=12288.0MiB skipped_batches=0
2026-09-14 08:11:50,713 | INFO | epoch=15 batch=500 global_step=4618 loss_reg_months=4.7688 disagreement_months=1.7561 artifact_factor=1.00 lr=0.00013125 grad_norm=1.4079 throughput=19.61 img/s eta_seconds=113.6 gpu_alloc=452.7MiB gpu_reserved=12288.0MiB skipped_batches=0
2026-09-14 08:12:13,086 | INFO | epoch=15 batch=525 global_step=4630 loss_reg_months=4.7866 disagreement_months=1.9398 artifact_factor=1.00 lr=0.00013125 grad_norm=0.8062 throughput=19.64 img/s eta_seconds=90.6 gpu_alloc=561.7MiB gpu_reserved=12288.0MiB skipped_batches=0
2026-09-14 08:12:35,203 | INFO | epoch=15 batch=550 global_step=4643 loss_reg_months=4.8025 disagreement_months=1.6025 artifact_factor=1.00 lr=0.00013125 grad_norm=1.1989 throughput=19.67 img/s eta_seconds=67.6 gpu_alloc=452.7MiB gpu_reserved=12288.0MiB skipped_batches=0
2026-09-14 08:12:57,348 | INFO | epoch=15 batch=575 global_step=4655 loss_reg_months=4.7979 disagreement_months=2.0254 artifact_factor=1.00 lr=0.00013125 grad_norm=1.7639 throughput=19.70 img/s eta_seconds=44.6 gpu_alloc=561.7MiB gpu_reserved=12288.0MiB skipped_batches=0
2026-09-14 08:13:22,205 | INFO | epoch=15 batch=600 global_step=4668 loss_reg_months=4.8025 disagreement_months=2.1287 artifact_factor=1.00 lr=0.00013125 grad_norm=1.2468 throughput=19.62 img/s eta_seconds=21.9 gpu_alloc=452.7MiB gpu_reserved=12288.0MiB skipped_batches=0
2026-09-14 08:14:23,956 | INFO | 
TRAINING REVIEW SNAPSHOT
Run ID / config hash / split hash: C3_Z26_C3_ROI_V2_PILOT_C_V2_FOLD_3_SEED_42 / 863e9613a6d2 / 896d4fd4efb4+c894202bb22f
Epoch / global step: 15 / 4680
Train loss: 4.8101
Validation MAE / RMSE / median AE: 6.4488 / 8.7170 / 5.0000
MAE nam / nữ / age bins: {'F': 6.655481507581649, 'M': 6.2740590072320845} / {'120-179': 6.04292496886675, '60-119': 7.540794136597938, '0-59': 6.105163233240224, '180-228': 5.903963414634147}
Learning rate / peak VRAM: 0.00013125 / 12288.0 MiB
Best epoch / best MAE / epochs không cải thiện: 15 / 6.4488 / 0
Cảnh báo hiện tại: KHÔNG
Checkpoint gần nhất: /content/C3_Z26_C3_ROI_V2_PILOTS/runs/C3_Z26_C3_ROI_V2_PILOT_C_V2_FOLD_3_SEED_42/last.ckpt
Checkpoint tốt nhất: /content/C3_Z26_C3_ROI_V2_PILOTS/runs/C3_Z26_C3_ROI_V2_PILOT_C_V2_FOLD_3_SEED_42/best_mae.ckpt
Đề xuất tự động: TIẾP TỤC
2026-09-14 08:15:03,930 | INFO | epoch=16 batch=25 global_step=4692 loss_reg_months=4.6477 disagreement_months=2.2092 artifact_factor=1.00 lr=0.00012264 grad_norm=0.8466 throughput=18.72 img/s eta_seconds=575.9 gpu_alloc=561.7MiB gpu_reserved=12288.0MiB skipped_batches=0
2026-09-14 08:15:28,600 | INFO | epoch=16 batch=50 global_step=4705 loss_reg_months=4.5275 disagreement_months=2.1715 artifact_factor=1.00 lr=0.00012264 grad_norm=1.1088 throughput=18.48 img/s eta_seconds=559.0 gpu_alloc=452.7MiB gpu_reserved=12288.0MiB skipped_batches=0
2026-09-14 08:15:50,686 | INFO | epoch=16 batch=75 global_step=4717 loss_reg_months=4.5214 disagreement_months=1.3117 artifact_factor=1.00 lr=0.00012264 grad_norm=0.7799 throughput=19.07 img/s eta_seconds=518.1 gpu_alloc=561.7MiB gpu_reserved=12288.0MiB skipped_batches=0
2026-09-14 08:16:12,571 | INFO | epoch=16 batch=100 global_step=4730 loss_reg_months=4.5588 disagreement_months=1.8542 artifact_factor=1.00 lr=0.00012264 grad_norm=0.8183 throughput=19.42 img/s eta_seconds=485.5 gpu_alloc=452.7MiB gpu_reserved=12288.0MiB skipped_batches=0
2026-09-14 08:16:34,973 | INFO | epoch=16 batch=125 global_step=4742 loss_reg_months=4.5858 disagreement_months=1.5345 artifact_factor=1.00 lr=0.00012264 grad_norm=1.3022 throughput=19.55 img/s eta_seconds=459.3 gpu_alloc=561.7MiB gpu_reserved=12288.0MiB skipped_batches=0
2026-09-14 08:17:04,627 | INFO | epoch=16 batch=150 global_step=4755 loss_reg_months=4.6145 disagreement_months=2.1841 artifact_factor=1.00 lr=0.00012264 grad_norm=1.9147 throughput=18.65 img/s eta_seconds=457.2 gpu_alloc=452.7MiB gpu_reserved=12288.0MiB skipped_batches=0
2026-09-14 08:17:28,359 | INFO | epoch=16 batch=175 global_step=4767 loss_reg_months=4.6139 disagreement_months=2.4169 artifact_factor=1.00 lr=0.00012264 grad_norm=1.2955 throughput=18.70 img/s eta_seconds=432.1 gpu_alloc=561.7MiB gpu_reserved=12288.0MiB skipped_batches=0
2026-09-14 08:17:51,877 | INFO | epoch=16 batch=200 global_step=4780 loss_reg_months=4.6856 disagreement_months=2.2671 artifact_factor=1.00 lr=0.00012264 grad_norm=1.7427 throughput=18.75 img/s eta_seconds=406.9 gpu_alloc=452.7MiB gpu_reserved=12288.0MiB skipped_batches=0
2026-09-14 08:18:14,066 | INFO | epoch=16 batch=225 global_step=4792 loss_reg_months=4.7182 disagreement_months=2.7921 artifact_factor=1.00 lr=0.00012264 grad_norm=0.8823 throughput=18.91 img/s eta_seconds=379.6 gpu_alloc=561.7MiB gpu_reserved=12288.0MiB skipped_batches=0
2026-09-14 08:18:36,301 | INFO | epoch=16 batch=250 global_step=4805 loss_reg_months=4.7116 disagreement_months=2.3515 artifact_factor=1.00 lr=0.00012264 grad_norm=1.2006 throughput=19.03 img/s eta_seconds=353.5 gpu_alloc=452.7MiB gpu_reserved=12288.0MiB skipped_batches=0
2026-09-14 08:18:58,572 | INFO | epoch=16 batch=275 global_step=4817 loss_reg_months=4.6997 disagreement_months=2.1475 artifact_factor=1.00 lr=0.00012264 grad_norm=1.5844 throughput=19.14 img/s eta_seconds=328.1 gpu_alloc=561.7MiB gpu_reserved=12288.0MiB skipped_batches=0
2026-09-14 08:19:20,799 | INFO | epoch=16 batch=300 global_step=4830 loss_reg_months=4.6586 disagreement_months=2.1564 artifact_factor=1.00 lr=0.00012264 grad_norm=1.2183 throughput=19.22 img/s eta_seconds=303.2 gpu_alloc=452.7MiB gpu_reserved=12288.0MiB skipped_batches=0
2026-09-14 08:19:42,999 | INFO | epoch=16 batch=325 global_step=4842 loss_reg_months=4.6467 disagreement_months=2.2117 artifact_factor=1.00 lr=0.00012264 grad_norm=0.9743 throughput=19.30 img/s eta_seconds=278.7 gpu_alloc=561.7MiB gpu_reserved=12288.0MiB skipped_batches=0
2026-09-14 08:20:05,227 | INFO | epoch=16 batch=350 global_step=4855 loss_reg_months=4.6457 disagreement_months=1.4250 artifact_factor=1.00 lr=0.00012264 grad_norm=0.9296 throughput=19.36 img/s eta_seconds=254.5 gpu_alloc=452.7MiB gpu_reserved=12288.0MiB skipped_batches=0
2026-09-14 08:20:27,352 | INFO | epoch=16 batch=375 global_step=4867 loss_reg_months=4.6490 disagreement_months=1.9474 artifact_factor=1.00 lr=0.00012264 grad_norm=1.1052 throughput=19.43 img/s eta_seconds=230.6 gpu_alloc=561.7MiB gpu_reserved=12288.0MiB skipped_batches=0
2026-09-14 08:20:49,597 | INFO | epoch=16 batch=400 global_step=4880 loss_reg_months=4.6548 disagreement_months=1.3469 artifact_factor=1.00 lr=0.00012264 grad_norm=1.3270 throughput=19.47 img/s eta_seconds=206.9 gpu_alloc=452.7MiB gpu_reserved=12288.0MiB skipped_batches=0
2026-09-14 08:21:11,797 | INFO | epoch=16 batch=425 global_step=4892 loss_reg_months=4.6485 disagreement_months=2.6486 artifact_factor=1.00 lr=0.00012264 grad_norm=1.3290 throughput=19.52 img/s eta_seconds=183.4 gpu_alloc=561.7MiB gpu_reserved=12288.0MiB skipped_batches=0
2026-09-14 08:21:33,993 | INFO | epoch=16 batch=450 global_step=4905 loss_reg_months=4.6280 disagreement_months=1.6188 artifact_factor=1.00 lr=0.00012264 grad_norm=1.0460 throughput=19.56 img/s eta_seconds=160.0 gpu_alloc=452.7MiB gpu_reserved=12288.0MiB skipped_batches=0
2026-09-14 08:21:59,851 | INFO | epoch=16 batch=475 global_step=4917 loss_reg_months=4.6332 disagreement_months=3.7387 artifact_factor=1.00 lr=0.00012264 grad_norm=1.0952 throughput=19.43 img/s eta_seconds=137.9 gpu_alloc=561.7MiB gpu_reserved=12288.0MiB skipped_batches=0
2026-09-14 08:22:23,358 | INFO | epoch=16 batch=500 global_step=4930 loss_reg_months=4.6471 disagreement_months=1.9172 artifact_factor=1.00 lr=0.00012264 grad_norm=1.1164 throughput=19.42 img/s eta_seconds=114.8 gpu_alloc=452.7MiB gpu_reserved=12288.0MiB skipped_batches=0
2026-09-14 08:22:46,486 | INFO | epoch=16 batch=525 global_step=4942 loss_reg_months=4.6401 disagreement_months=2.9809 artifact_factor=1.00 lr=0.00012264 grad_norm=1.5547 throughput=19.42 img/s eta_seconds=91.6 gpu_alloc=561.7MiB gpu_reserved=12288.0MiB skipped_batches=0
2026-09-14 08:23:08,676 | INFO | epoch=16 batch=550 global_step=4955 loss_reg_months=4.6351 disagreement_months=1.6188 artifact_factor=1.00 lr=0.00012264 grad_norm=1.1589 throughput=19.46 img/s eta_seconds=68.3 gpu_alloc=452.7MiB gpu_reserved=12288.0MiB skipped_batches=0
2026-09-14 08:23:30,857 | INFO | epoch=16 batch=575 global_step=4967 loss_reg_months=4.6489 disagreement_months=1.5496 artifact_factor=1.00 lr=0.00012264 grad_norm=0.9503 throughput=19.49 img/s eta_seconds=45.1 gpu_alloc=561.7MiB gpu_reserved=12288.0MiB skipped_batches=0
2026-09-14 08:23:53,196 | INFO | epoch=16 batch=600 global_step=4980 loss_reg_months=4.6378 disagreement_months=2.1677 artifact_factor=1.00 lr=0.00012264 grad_norm=1.0530 throughput=19.52 img/s eta_seconds=22.0 gpu_alloc=452.7MiB gpu_reserved=12288.0MiB skipped_batches=0
2026-09-14 08:24:45,142 | INFO | 
TRAINING REVIEW SNAPSHOT
Run ID / config hash / split hash: C3_Z26_C3_ROI_V2_PILOT_C_V2_FOLD_3_SEED_42 / 863e9613a6d2 / 896d4fd4efb4+c894202bb22f
Epoch / global step: 16 / 4992
Train loss: 4.6397
Validation MAE / RMSE / median AE: 6.8050 / 9.0331 / 5.3750
MAE nam / nữ / age bins: {'F': 6.968148571150856, 'M': 6.667036489151874} / {'120-179': 5.899828767123288, '60-119': 7.939916237113402, '0-59': 9.329478002793296, '180-228': 7.297256097560975}
Learning rate / peak VRAM: 0.00012264 / 12288.0 MiB
Best epoch / best MAE / epochs không cải thiện: 15 / 6.4488 / 1
Cảnh báo hiện tại: KHÔNG
Checkpoint gần nhất: /content/C3_Z26_C3_ROI_V2_PILOTS/runs/C3_Z26_C3_ROI_V2_PILOT_C_V2_FOLD_3_SEED_42/last.ckpt
Checkpoint tốt nhất: /content/C3_Z26_C3_ROI_V2_PILOTS/runs/C3_Z26_C3_ROI_V2_PILOT_C_V2_FOLD_3_SEED_42/best_mae.ckpt
Đề xuất tự động: TIẾP TỤC
2026-09-14 08:25:26,893 | INFO | epoch=17 batch=25 global_step=5004 loss_reg_months=4.4424 disagreement_months=2.2759 artifact_factor=1.00 lr=0.00011386 grad_norm=1.0688 throughput=13.89 img/s eta_seconds=776.2 gpu_alloc=561.7MiB gpu_reserved=12288.0MiB skipped_batches=0
2026-09-14 08:25:51,064 | INFO | epoch=17 batch=50 global_step=5017 loss_reg_months=4.4994 disagreement_months=2.1073 artifact_factor=1.00 lr=0.00011386 grad_norm=1.3277 throughput=15.91 img/s eta_seconds=649.3 gpu_alloc=452.7MiB gpu_reserved=12288.0MiB skipped_batches=0
2026-09-14 08:26:15,256 | INFO | epoch=17 batch=75 global_step=5029 loss_reg_months=4.4321 disagreement_months=2.2105 artifact_factor=1.00 lr=0.00011386 grad_norm=1.4748 throughput=16.71 img/s eta_seconds=591.0 gpu_alloc=561.7MiB gpu_reserved=12288.0MiB skipped_batches=0
2026-09-14 08:26:38,885 | INFO | epoch=17 batch=100 global_step=5042 loss_reg_months=4.4488 disagreement_months=1.9147 artifact_factor=1.00 lr=0.00011386 grad_norm=1.0844 throughput=17.24 img/s eta_seconds=546.9 gpu_alloc=452.7MiB gpu_reserved=12288.0MiB skipped_batches=0
2026-09-14 08:27:01,192 | INFO | epoch=17 batch=125 global_step=5054 loss_reg_months=4.5148 disagreement_months=2.6083 artifact_factor=1.00 lr=0.00011386 grad_norm=1.4946 throughput=17.76 img/s eta_seconds=505.6 gpu_alloc=561.7MiB gpu_reserved=12288.0MiB skipped_batches=0
2026-09-14 08:27:23,476 | INFO | epoch=17 batch=150 global_step=5067 loss_reg_months=4.4936 disagreement_months=1.8958 artifact_factor=1.00 lr=0.00011386 grad_norm=1.1597 throughput=18.12 img/s eta_seconds=470.6 gpu_alloc=452.7MiB gpu_reserved=12288.0MiB skipped_batches=0
2026-09-14 08:27:45,594 | INFO | epoch=17 batch=175 global_step=5079 loss_reg_months=4.4264 disagreement_months=1.5055 artifact_factor=1.00 lr=0.00011386 grad_norm=1.3297 throughput=18.41 img/s eta_seconds=438.8 gpu_alloc=561.7MiB gpu_reserved=12288.0MiB skipped_batches=0
2026-09-14 08:28:07,886 | INFO | epoch=17 batch=200 global_step=5092 loss_reg_months=4.4141 disagreement_months=1.8177 artifact_factor=1.00 lr=0.00011386 grad_norm=1.4161 throughput=18.61 img/s eta_seconds=409.8 gpu_alloc=452.7MiB gpu_reserved=12288.0MiB skipped_batches=0
2026-09-14 08:28:29,969 | INFO | epoch=17 batch=225 global_step=5104 loss_reg_months=4.4078 disagreement_months=2.6234 artifact_factor=1.00 lr=0.00011386 grad_norm=1.0518 throughput=18.80 img/s eta_seconds=382.0 gpu_alloc=561.7MiB gpu_reserved=12288.0MiB skipped_batches=0
2026-09-14 08:28:52,224 | INFO | epoch=17 batch=250 global_step=5117 loss_reg_months=4.3965 disagreement_months=1.5358 artifact_factor=1.00 lr=0.00011386 grad_norm=1.5195 throughput=18.93 img/s eta_seconds=355.5 gpu_alloc=452.7MiB gpu_reserved=12288.0MiB skipped_batches=0
2026-09-14 08:29:14,432 | INFO | epoch=17 batch=275 global_step=5129 loss_reg_months=4.4330 disagreement_months=2.5264 artifact_factor=1.00 lr=0.00011386 grad_norm=1.0965 throughput=19.04 img/s eta_seconds=329.7 gpu_alloc=561.7MiB gpu_reserved=12288.0MiB skipped_batches=0
2026-09-14 08:29:36,715 | INFO | epoch=17 batch=300 global_step=5142 loss_reg_months=4.4306 disagreement_months=3.0640 artifact_factor=1.00 lr=0.00011386 grad_norm=1.0304 throughput=19.13 img/s eta_seconds=304.6 gpu_alloc=452.7MiB gpu_reserved=12288.0MiB skipped_batches=0
2026-09-14 08:29:58,976 | INFO | epoch=17 batch=325 global_step=5154 loss_reg_months=4.4299 disagreement_months=2.3930 artifact_factor=1.00 lr=0.00011386 grad_norm=0.8888 throughput=19.21 img/s eta_seconds=280.0 gpu_alloc=561.7MiB gpu_reserved=12288.0MiB skipped_batches=0
2026-09-14 08:30:27,437 | INFO | epoch=17 batch=350 global_step=5167 loss_reg_months=4.4565 disagreement_months=3.2075 artifact_factor=1.00 lr=0.00011386 grad_norm=1.7095 throughput=18.92 img/s eta_seconds=260.5 gpu_alloc=452.7MiB gpu_reserved=12288.0MiB skipped_batches=0
2026-09-14 08:30:51,473 | INFO | epoch=17 batch=375 global_step=5179 loss_reg_months=4.4633 disagreement_months=1.8656 artifact_factor=1.00 lr=0.00011386 grad_norm=1.3915 throughput=18.91 img/s eta_seconds=236.9 gpu_alloc=561.7MiB gpu_reserved=12288.0MiB skipped_batches=0
2026-09-14 08:31:14,272 | INFO | epoch=17 batch=400 global_step=5192 loss_reg_months=4.4877 disagreement_months=1.8933 artifact_factor=1.00 lr=0.00011386 grad_norm=1.0106 throughput=18.96 img/s eta_seconds=212.5 gpu_alloc=452.7MiB gpu_reserved=12288.0MiB skipped_batches=0
2026-09-14 08:31:36,343 | INFO | epoch=17 batch=425 global_step=5204 loss_reg_months=4.4962 disagreement_months=1.8505 artifact_factor=1.00 lr=0.00011386 grad_norm=1.4437 throughput=19.04 img/s eta_seconds=188.0 gpu_alloc=561.7MiB gpu_reserved=12288.0MiB skipped_batches=0
2026-09-14 08:31:58,566 | INFO | epoch=17 batch=450 global_step=5217 loss_reg_months=4.5174 disagreement_months=2.2105 artifact_factor=1.00 lr=0.00011386 grad_norm=1.2732 throughput=19.10 img/s eta_seconds=163.8 gpu_alloc=452.7MiB gpu_reserved=12288.0MiB skipped_batches=0
2026-09-14 08:32:20,835 | INFO | epoch=17 batch=475 global_step=5229 loss_reg_months=4.5203 disagreement_months=1.7535 artifact_factor=1.00 lr=0.00011386 grad_norm=0.8641 throughput=19.16 img/s eta_seconds=139.9 gpu_alloc=561.7MiB gpu_reserved=12288.0MiB skipped_batches=0
2026-09-14 08:32:43,161 | INFO | epoch=17 batch=500 global_step=5242 loss_reg_months=4.5417 disagreement_months=2.7115 artifact_factor=1.00 lr=0.00011386 grad_norm=0.8558 throughput=19.20 img/s eta_seconds=116.1 gpu_alloc=452.7MiB gpu_reserved=12288.0MiB skipped_batches=0
2026-09-14 08:33:11,888 | INFO | epoch=17 batch=525 global_step=5254 loss_reg_months=4.5408 disagreement_months=3.1496 artifact_factor=1.00 lr=0.00011386 grad_norm=1.4606 throughput=19.00 img/s eta_seconds=93.6 gpu_alloc=561.7MiB gpu_reserved=12288.0MiB skipped_batches=0
2026-09-14 08:33:35,911 | INFO | epoch=17 batch=550 global_step=5267 loss_reg_months=4.5489 disagreement_months=4.1994 artifact_factor=1.00 lr=0.00011386 grad_norm=1.2145 throughput=18.99 img/s eta_seconds=70.0 gpu_alloc=452.7MiB gpu_reserved=12288.0MiB skipped_batches=0
2026-09-14 08:33:58,765 | INFO | epoch=17 batch=575 global_step=5279 loss_reg_months=4.5754 disagreement_months=3.2855 artifact_factor=1.00 lr=0.00011386 grad_norm=1.2431 throughput=19.02 img/s eta_seconds=46.2 gpu_alloc=561.7MiB gpu_reserved=12288.0MiB skipped_batches=0
2026-09-14 08:34:20,907 | INFO | epoch=17 batch=600 global_step=5292 loss_reg_months=4.5839 disagreement_months=1.9902 artifact_factor=1.00 lr=0.00011386 grad_norm=1.0377 throughput=19.07 img/s eta_seconds=22.5 gpu_alloc=452.7MiB gpu_reserved=12288.0MiB skipped_batches=0
2026-09-14 08:35:13,124 | INFO | 
TRAINING REVIEW SNAPSHOT
Run ID / config hash / split hash: C3_Z26_C3_ROI_V2_PILOT_C_V2_FOLD_3_SEED_42 / 863e9613a6d2 / 896d4fd4efb4+c894202bb22f
Epoch / global step: 17 / 5304
Train loss: 4.5671
Validation MAE / RMSE / median AE: 6.5157 / 8.7097 / 5.0000
MAE nam / nữ / age bins: {'F': 6.586326302488336, 'M': 6.456052761341223} / {'120-179': 6.186060087173101, '60-119': 7.242872100515464, '0-59': 5.778020251396648, '180-228': 6.911077235772358}
Learning rate / peak VRAM: 0.00011386 / 12288.0 MiB
Best epoch / best MAE / epochs không cải thiện: 15 / 6.4488 / 2
Cảnh báo hiện tại: KHÔNG
Checkpoint gần nhất: /content/C3_Z26_C3_ROI_V2_PILOTS/runs/C3_Z26_C3_ROI_V2_PILOT_C_V2_FOLD_3_SEED_42/last.ckpt
Checkpoint tốt nhất: /content/C3_Z26_C3_ROI_V2_PILOTS/runs/C3_Z26_C3_ROI_V2_PILOT_C_V2_FOLD_3_SEED_42/best_mae.ckpt
Đề xuất tự động: TIẾP TỤC
2026-09-14 08:35:52,921 | INFO | epoch=18 batch=25 global_step=5316 loss_reg_months=4.6356 disagreement_months=2.1727 artifact_factor=1.00 lr=0.00010496 grad_norm=2.0036 throughput=16.47 img/s eta_seconds=654.3 gpu_alloc=561.7MiB gpu_reserved=12288.0MiB skipped_batches=0
2026-09-14 08:36:16,328 | INFO | epoch=18 batch=50 global_step=5329 loss_reg_months=4.7280 disagreement_months=1.2532 artifact_factor=1.00 lr=0.00010496 grad_norm=0.9731 throughput=17.74 img/s eta_seconds=582.1 gpu_alloc=452.7MiB gpu_reserved=12288.0MiB skipped_batches=0
2026-09-14 08:36:38,333 | INFO | epoch=18 batch=75 global_step=5341 loss_reg_months=4.6825 disagreement_months=2.0305 artifact_factor=1.00 lr=0.00010496 grad_norm=1.0873 throughput=18.56 img/s eta_seconds=532.2 gpu_alloc=561.7MiB gpu_reserved=12288.0MiB skipped_batches=0
2026-09-14 08:37:00,270 | INFO | epoch=18 batch=100 global_step=5354 loss_reg_months=4.7083 disagreement_months=2.8072 artifact_factor=1.00 lr=0.00010496 grad_norm=1.4055 throughput=19.01 img/s eta_seconds=495.9 gpu_alloc=452.7MiB gpu_reserved=12288.0MiB skipped_batches=0
2026-09-14 08:37:22,492 | INFO | epoch=18 batch=125 global_step=5366 loss_reg_months=4.6207 disagreement_months=2.2331 artifact_factor=1.00 lr=0.00010496 grad_norm=1.1197 throughput=19.25 img/s eta_seconds=466.5 gpu_alloc=561.7MiB gpu_reserved=12288.0MiB skipped_batches=0
2026-09-14 08:37:44,742 | INFO | epoch=18 batch=150 global_step=5379 loss_reg_months=4.5834 disagreement_months=2.5327 artifact_factor=1.00 lr=0.00010496 grad_norm=1.0924 throughput=19.41 img/s eta_seconds=439.5 gpu_alloc=452.7MiB gpu_reserved=12288.0MiB skipped_batches=0
2026-09-14 08:38:06,792 | INFO | epoch=18 batch=175 global_step=5391 loss_reg_months=4.5243 disagreement_months=2.4698 artifact_factor=1.00 lr=0.00010496 grad_norm=0.8984 throughput=19.54 img/s eta_seconds=413.4 gpu_alloc=561.7MiB gpu_reserved=12288.0MiB skipped_batches=0
2026-09-14 08:38:28,969 | INFO | epoch=18 batch=200 global_step=5404 loss_reg_months=4.5041 disagreement_months=2.1903 artifact_factor=1.00 lr=0.00010496 grad_norm=1.3339 throughput=19.63 img/s eta_seconds=388.6 gpu_alloc=452.7MiB gpu_reserved=12288.0MiB skipped_batches=0
2026-09-14 08:38:51,127 | INFO | epoch=18 batch=225 global_step=5416 loss_reg_months=4.4409 disagreement_months=2.3804 artifact_factor=1.00 lr=0.00010496 grad_norm=1.0216 throughput=19.71 img/s eta_seconds=364.3 gpu_alloc=561.7MiB gpu_reserved=12288.0MiB skipped_batches=0
2026-09-14 08:39:13,413 | INFO | epoch=18 batch=250 global_step=5429 loss_reg_months=4.4414 disagreement_months=1.7611 artifact_factor=1.00 lr=0.00010496 grad_norm=1.1359 throughput=19.75 img/s eta_seconds=340.6 gpu_alloc=452.7MiB gpu_reserved=12288.0MiB skipped_batches=0
2026-09-14 08:39:35,633 | INFO | epoch=18 batch=275 global_step=5441 loss_reg_months=4.4382 disagreement_months=1.9222 artifact_factor=1.00 lr=0.00010496 grad_norm=1.1499 throughput=19.80 img/s eta_seconds=317.2 gpu_alloc=561.7MiB gpu_reserved=12288.0MiB skipped_batches=0
2026-09-14 08:39:57,936 | INFO | epoch=18 batch=300 global_step=5454 loss_reg_months=4.4277 disagreement_months=2.5856 artifact_factor=1.00 lr=0.00010496 grad_norm=1.2957 throughput=19.83 img/s eta_seconds=294.0 gpu_alloc=452.7MiB gpu_reserved=12288.0MiB skipped_batches=0
2026-09-14 08:40:23,562 | INFO | epoch=18 batch=325 global_step=5466 loss_reg_months=4.4622 disagreement_months=1.4527 artifact_factor=1.00 lr=0.00010496 grad_norm=1.7964 throughput=19.63 img/s eta_seconds=274.0 gpu_alloc=561.7MiB gpu_reserved=12288.0MiB skipped_batches=0
2026-09-14 08:40:47,154 | INFO | epoch=18 batch=350 global_step=5479 loss_reg_months=4.4587 disagreement_months=3.1521 artifact_factor=1.00 lr=0.00010496 grad_norm=0.9383 throughput=19.59 img/s eta_seconds=251.6 gpu_alloc=452.7MiB gpu_reserved=12288.0MiB skipped_batches=0
2026-09-14 08:41:10,397 | INFO | epoch=18 batch=375 global_step=5491 loss_reg_months=4.4507 disagreement_months=1.8643 artifact_factor=1.00 lr=0.00010496 grad_norm=1.5063 throughput=19.58 img/s eta_seconds=228.8 gpu_alloc=561.7MiB gpu_reserved=12288.0MiB skipped_batches=0
2026-09-14 08:41:36,672 | INFO | epoch=18 batch=400 global_step=5504 loss_reg_months=4.4446 disagreement_months=2.3565 artifact_factor=1.00 lr=0.00010496 grad_norm=1.3848 throughput=19.40 img/s eta_seconds=207.6 gpu_alloc=452.7MiB gpu_reserved=12288.0MiB skipped_batches=0
2026-09-14 08:42:01,353 | INFO | epoch=18 batch=425 global_step=5516 loss_reg_months=4.4445 disagreement_months=3.5876 artifact_factor=1.00 lr=0.00010496 grad_norm=1.3375 throughput=19.33 img/s eta_seconds=185.1 gpu_alloc=561.7MiB gpu_reserved=12288.0MiB skipped_batches=0
2026-09-14 08:42:23,664 | INFO | epoch=18 batch=450 global_step=5529 loss_reg_months=4.4495 disagreement_months=2.4799 artifact_factor=1.00 lr=0.00010496 grad_norm=1.6717 throughput=19.38 img/s eta_seconds=161.5 gpu_alloc=452.7MiB gpu_reserved=12288.0MiB skipped_batches=0
2026-09-14 08:42:45,747 | INFO | epoch=18 batch=475 global_step=5541 loss_reg_months=4.4478 disagreement_months=1.8127 artifact_factor=1.00 lr=0.00010496 grad_norm=1.8192 throughput=19.43 img/s eta_seconds=137.9 gpu_alloc=561.7MiB gpu_reserved=12288.0MiB skipped_batches=0
2026-09-14 08:43:07,894 | INFO | epoch=18 batch=500 global_step=5554 loss_reg_months=4.4430 disagreement_months=2.5214 artifact_factor=1.00 lr=0.00010496 grad_norm=0.9130 throughput=19.47 img/s eta_seconds=114.5 gpu_alloc=452.7MiB gpu_reserved=12288.0MiB skipped_batches=0
2026-09-14 08:43:30,206 | INFO | epoch=18 batch=525 global_step=5566 loss_reg_months=4.4355 disagreement_months=2.0670 artifact_factor=1.00 lr=0.00010496 grad_norm=1.3583 throughput=19.50 img/s eta_seconds=91.2 gpu_alloc=561.7MiB gpu_reserved=12288.0MiB skipped_batches=0
2026-09-14 08:43:52,313 | INFO | epoch=18 batch=550 global_step=5579 loss_reg_months=4.4176 disagreement_months=2.7845 artifact_factor=1.00 lr=0.00010496 grad_norm=1.5779 throughput=19.54 img/s eta_seconds=68.0 gpu_alloc=452.7MiB gpu_reserved=12288.0MiB skipped_batches=0
2026-09-14 08:44:14,521 | INFO | epoch=18 batch=575 global_step=5591 loss_reg_months=4.4283 disagreement_months=2.9028 artifact_factor=1.00 lr=0.00010496 grad_norm=1.1576 throughput=19.57 img/s eta_seconds=44.9 gpu_alloc=561.7MiB gpu_reserved=12288.0MiB skipped_batches=0
2026-09-14 08:44:36,727 | INFO | epoch=18 batch=600 global_step=5604 loss_reg_months=4.4118 disagreement_months=1.9273 artifact_factor=1.00 lr=0.00010496 grad_norm=1.0603 throughput=19.60 img/s eta_seconds=21.9 gpu_alloc=452.7MiB gpu_reserved=12288.0MiB skipped_batches=0
2026-09-14 08:45:28,564 | WARNING | STABILITY WARNING [CAM] Prediction vượt nhẹ miền tuổi 0–228: [-5.14, 223.12]
2026-09-14 08:45:28,566 | WARNING | STABILITY WARNING [CAM] Validation MAE xấu đi trong khi train loss giảm
2026-09-14 08:45:28,567 | INFO | 
TRAINING REVIEW SNAPSHOT
Run ID / config hash / split hash: C3_Z26_C3_ROI_V2_PILOT_C_V2_FOLD_3_SEED_42 / 863e9613a6d2 / 896d4fd4efb4+c894202bb22f
Epoch / global step: 18 / 5616
Train loss: 4.3997
Validation MAE / RMSE / median AE: 6.4767 / 8.7084 / 4.8750
MAE nam / nữ / age bins: {'F': 6.684255929237947, 'M': 6.301184459237344} / {'120-179': 6.068765566625156, '60-119': 7.482160115979381, '0-59': 6.475340432960894, '180-228': 5.96900406504065}
Learning rate / peak VRAM: 0.00010496 / 12288.0 MiB
Best epoch / best MAE / epochs không cải thiện: 15 / 6.4488 / 3
Cảnh báo hiện tại: CAM: Prediction vượt nhẹ miền tuổi 0–228: [-5.14, 223.12] | CAM: Validation MAE xấu đi trong khi train loss giảm
Checkpoint gần nhất: /content/C3_Z26_C3_ROI_V2_PILOTS/runs/C3_Z26_C3_ROI_V2_PILOT_C_V2_FOLD_3_SEED_42/last.ckpt
Checkpoint tốt nhất: /content/C3_Z26_C3_ROI_V2_PILOTS/runs/C3_Z26_C3_ROI_V2_PILOT_C_V2_FOLD_3_SEED_42/best_mae.ckpt
Đề xuất tự động: THEO DÕI
2026-09-14 08:46:03,984 | INFO | epoch=19 batch=25 global_step=5628 loss_reg_months=4.1366 disagreement_months=1.7183 artifact_factor=1.00 lr=0.00009604 grad_norm=1.6464 throughput=18.32 img/s eta_seconds=588.3 gpu_alloc=561.7MiB gpu_reserved=12288.0MiB skipped_batches=0
2026-09-14 08:46:28,271 | INFO | epoch=19 batch=50 global_step=5641 loss_reg_months=4.0162 disagreement_months=1.7347 artifact_factor=1.00 lr=0.00009604 grad_norm=1.6133 throughput=18.42 img/s eta_seconds=560.7 gpu_alloc=452.7MiB gpu_reserved=12288.0MiB skipped_batches=0
2026-09-14 08:46:50,446 | INFO | epoch=19 batch=75 global_step=5653 loss_reg_months=3.9961 disagreement_months=2.3477 artifact_factor=1.00 lr=0.00009604 grad_norm=1.0190 throughput=19.01 img/s eta_seconds=519.8 gpu_alloc=561.7MiB gpu_reserved=12288.0MiB skipped_batches=0
2026-09-14 08:47:12,605 | INFO | epoch=19 batch=100 global_step=5666 loss_reg_months=3.9767 disagreement_months=1.6944 artifact_factor=1.00 lr=0.00009604 grad_norm=1.4764 throughput=19.32 img/s eta_seconds=488.1 gpu_alloc=452.7MiB gpu_reserved=12288.0MiB skipped_batches=0
2026-09-14 08:47:34,808 | INFO | epoch=19 batch=125 global_step=5678 loss_reg_months=3.9888 disagreement_months=2.0884 artifact_factor=1.00 lr=0.00009604 grad_norm=1.0705 throughput=19.50 img/s eta_seconds=460.5 gpu_alloc=561.7MiB gpu_reserved=12288.0MiB skipped_batches=0
2026-09-14 08:47:57,119 | INFO | epoch=19 batch=150 global_step=5691 loss_reg_months=4.0007 disagreement_months=2.0758 artifact_factor=1.00 lr=0.00009604 grad_norm=1.9069 throughput=19.61 img/s eta_seconds=435.0 gpu_alloc=452.7MiB gpu_reserved=12288.0MiB skipped_batches=0
2026-09-14 08:48:19,239 | INFO | epoch=19 batch=175 global_step=5703 loss_reg_months=4.0972 disagreement_months=1.8127 artifact_factor=1.00 lr=0.00009604 grad_norm=1.4710 throughput=19.71 img/s eta_seconds=409.9 gpu_alloc=561.7MiB gpu_reserved=12288.0MiB skipped_batches=0
2026-09-14 08:48:41,459 | INFO | epoch=19 batch=200 global_step=5716 loss_reg_months=4.1025 disagreement_months=2.5781 artifact_factor=1.00 lr=0.00009604 grad_norm=0.9312 throughput=19.78 img/s eta_seconds=385.8 gpu_alloc=452.7MiB gpu_reserved=12288.0MiB skipped_batches=0
2026-09-14 08:49:03,615 | INFO | epoch=19 batch=225 global_step=5728 loss_reg_months=4.1522 disagreement_months=2.5252 artifact_factor=1.00 lr=0.00009604 grad_norm=1.1375 throughput=19.83 img/s eta_seconds=362.0 gpu_alloc=561.7MiB gpu_reserved=12288.0MiB skipped_batches=0
2026-09-14 08:49:25,892 | INFO | epoch=19 batch=250 global_step=5741 loss_reg_months=4.1839 disagreement_months=1.9801 artifact_factor=1.00 lr=0.00009604 grad_norm=1.7234 throughput=19.87 img/s eta_seconds=338.6 gpu_alloc=452.7MiB gpu_reserved=12288.0MiB skipped_batches=0
2026-09-14 08:49:55,667 | INFO | epoch=19 batch=275 global_step=5753 loss_reg_months=4.2057 disagreement_months=2.8600 artifact_factor=1.00 lr=0.00009604 grad_norm=1.0612 throughput=19.32 img/s eta_seconds=325.0 gpu_alloc=561.7MiB gpu_reserved=12288.0MiB skipped_batches=0
2026-09-14 08:50:18,458 | INFO | epoch=19 batch=300 global_step=5766 loss_reg_months=4.2124 disagreement_months=2.2835 artifact_factor=1.00 lr=0.00009604 grad_norm=0.9696 throughput=19.35 img/s eta_seconds=301.2 gpu_alloc=452.7MiB gpu_reserved=12288.0MiB skipped_batches=0
2026-09-14 08:50:42,259 | INFO | epoch=19 batch=325 global_step=5778 loss_reg_months=4.2147 disagreement_months=1.7258 artifact_factor=1.00 lr=0.00009604 grad_norm=1.5110 throughput=19.32 img/s eta_seconds=278.5 gpu_alloc=561.7MiB gpu_reserved=12288.0MiB skipped_batches=0
2026-09-14 08:51:04,331 | INFO | epoch=19 batch=350 global_step=5791 loss_reg_months=4.2246 disagreement_months=2.9884 artifact_factor=1.00 lr=0.00009604 grad_norm=1.5564 throughput=19.39 img/s eta_seconds=254.2 gpu_alloc=452.7MiB gpu_reserved=12288.0MiB skipped_batches=0
2026-09-14 08:51:26,523 | INFO | epoch=19 batch=375 global_step=5803 loss_reg_months=4.2188 disagreement_months=2.8600 artifact_factor=1.00 lr=0.00009604 grad_norm=1.3039 throughput=19.45 img/s eta_seconds=230.3 gpu_alloc=561.7MiB gpu_reserved=12288.0MiB skipped_batches=0
2026-09-14 08:51:48,662 | INFO | epoch=19 batch=400 global_step=5816 loss_reg_months=4.2136 disagreement_months=2.9507 artifact_factor=1.00 lr=0.00009604 grad_norm=1.7722 throughput=19.50 img/s eta_seconds=206.6 gpu_alloc=452.7MiB gpu_reserved=12288.0MiB skipped_batches=0
2026-09-14 08:52:10,846 | INFO | epoch=19 batch=425 global_step=5828 loss_reg_months=4.1815 disagreement_months=1.7107 artifact_factor=1.00 lr=0.00009604 grad_norm=0.8324 throughput=19.54 img/s eta_seconds=183.1 gpu_alloc=561.7MiB gpu_reserved=12288.0MiB skipped_batches=0
2026-09-14 08:52:33,046 | INFO | epoch=19 batch=450 global_step=5841 loss_reg_months=4.1927 disagreement_months=1.8140 artifact_factor=1.00 lr=0.00009604 grad_norm=1.7617 throughput=19.58 img/s eta_seconds=159.8 gpu_alloc=452.7MiB gpu_reserved=12288.0MiB skipped_batches=0
2026-09-14 08:52:55,262 | INFO | epoch=19 batch=475 global_step=5853 loss_reg_months=4.2150 disagreement_months=1.9826 artifact_factor=1.00 lr=0.00009604 grad_norm=1.2983 throughput=19.62 img/s eta_seconds=136.6 gpu_alloc=561.7MiB gpu_reserved=12288.0MiB skipped_batches=0
2026-09-14 08:53:17,402 | INFO | epoch=19 batch=500 global_step=5866 loss_reg_months=4.2277 disagreement_months=1.0505 artifact_factor=1.00 lr=0.00009604 grad_norm=1.4954 throughput=19.65 img/s eta_seconds=113.4 gpu_alloc=452.7MiB gpu_reserved=12288.0MiB skipped_batches=0
2026-09-14 08:53:39,648 | INFO | epoch=19 batch=525 global_step=5878 loss_reg_months=4.2441 disagreement_months=1.5597 artifact_factor=1.00 lr=0.00009604 grad_norm=1.0221 throughput=19.68 img/s eta_seconds=90.4 gpu_alloc=561.7MiB gpu_reserved=12288.0MiB skipped_batches=0
2026-09-14 08:54:01,833 | INFO | epoch=19 batch=550 global_step=5891 loss_reg_months=4.2444 disagreement_months=2.9154 artifact_factor=1.00 lr=0.00009604 grad_norm=1.5824 throughput=19.70 img/s eta_seconds=67.4 gpu_alloc=452.7MiB gpu_reserved=12288.0MiB skipped_batches=0
2026-09-14 08:54:24,174 | INFO | epoch=19 batch=575 global_step=5903 loss_reg_months=4.2222 disagreement_months=1.2915 artifact_factor=1.00 lr=0.00009604 grad_norm=1.0318 throughput=19.72 img/s eta_seconds=44.6 gpu_alloc=561.7MiB gpu_reserved=12288.0MiB skipped_batches=0
2026-09-14 08:54:50,853 | INFO | epoch=19 batch=600 global_step=5916 loss_reg_months=4.2192 disagreement_months=2.0708 artifact_factor=1.00 lr=0.00009604 grad_norm=1.4424 throughput=19.59 img/s eta_seconds=21.9 gpu_alloc=452.7MiB gpu_reserved=12288.0MiB skipped_batches=0
2026-09-14 08:55:46,664 | WARNING | STABILITY WARNING [CAM] Prediction vượt nhẹ miền tuổi 0–228: [4.93, 229.25]
2026-09-14 08:55:46,666 | WARNING | STABILITY WARNING [CAM] Validation MAE xấu đi trong khi train loss giảm
2026-09-14 08:55:46,667 | INFO | 
TRAINING REVIEW SNAPSHOT
Run ID / config hash / split hash: C3_Z26_C3_ROI_V2_PILOT_C_V2_FOLD_3_SEED_42 / 863e9613a6d2 / 896d4fd4efb4+c894202bb22f
Epoch / global step: 19 / 5928
Train loss: 4.2279
Validation MAE / RMSE / median AE: 6.6644 / 9.0129 / 5.0625
MAE nam / nữ / age bins: {'F': 6.729542306570762, 'M': 6.609261998685076} / {'120-179': 6.642045454545454, '60-119': 7.020699097938144, '0-59': 6.018527409217877, '180-228': 6.15599593495935}
Learning rate / peak VRAM: 0.00009604 / 12288.0 MiB
Best epoch / best MAE / epochs không cải thiện: 15 / 6.4488 / 4
Cảnh báo hiện tại: CAM: Prediction vượt nhẹ miền tuổi 0–228: [4.93, 229.25] | CAM: Validation MAE xấu đi trong khi train loss giảm
Checkpoint gần nhất: /content/C3_Z26_C3_ROI_V2_PILOTS/runs/C3_Z26_C3_ROI_V2_PILOT_C_V2_FOLD_3_SEED_42/last.ckpt
Checkpoint tốt nhất: /content/C3_Z26_C3_ROI_V2_PILOTS/runs/C3_Z26_C3_ROI_V2_PILOT_C_V2_FOLD_3_SEED_42/best_mae.ckpt
Đề xuất tự động: THEO DÕI
2026-09-14 08:56:34,369 | INFO | epoch=20 batch=25 global_step=5940 loss_reg_months=4.2746 disagreement_months=1.4653 artifact_factor=1.00 lr=0.00008714 grad_norm=1.0148 throughput=18.52 img/s eta_seconds=581.9 gpu_alloc=561.7MiB gpu_reserved=12288.0MiB skipped_batches=0
2026-09-14 08:56:57,426 | INFO | epoch=20 batch=50 global_step=5953 loss_reg_months=4.1822 disagreement_months=2.0619 artifact_factor=1.00 lr=0.00008714 grad_norm=0.9833 throughput=19.01 img/s eta_seconds=543.5 gpu_alloc=452.7MiB gpu_reserved=12288.0MiB skipped_batches=0
2026-09-14 08:57:19,569 | INFO | epoch=20 batch=75 global_step=5965 loss_reg_months=4.1874 disagreement_months=2.5932 artifact_factor=1.00 lr=0.00008714 grad_norm=1.1676 throughput=19.43 img/s eta_seconds=508.6 gpu_alloc=561.7MiB gpu_reserved=12288.0MiB skipped_batches=0
2026-09-14 08:57:41,524 | INFO | epoch=20 batch=100 global_step=5978 loss_reg_months=4.2079 disagreement_months=2.3792 artifact_factor=1.00 lr=0.00008714 grad_norm=1.2020 throughput=19.68 img/s eta_seconds=479.1 gpu_alloc=452.7MiB gpu_reserved=12288.0MiB skipped_batches=0
2026-09-14 08:58:03,816 | INFO | epoch=20 batch=125 global_step=5990 loss_reg_months=4.2684 disagreement_months=1.9688 artifact_factor=1.00 lr=0.00008714 grad_norm=0.9709 throughput=19.78 img/s eta_seconds=453.9 gpu_alloc=561.7MiB gpu_reserved=12288.0MiB skipped_batches=0
2026-09-14 08:58:31,088 | INFO | epoch=20 batch=150 global_step=6003 loss_reg_months=4.2553 disagreement_months=2.0053 artifact_factor=1.00 lr=0.00008714 grad_norm=1.3863 throughput=19.15 img/s eta_seconds=445.4 gpu_alloc=452.7MiB gpu_reserved=12288.0MiB skipped_batches=0
2026-09-14 08:58:53,968 | INFO | epoch=20 batch=175 global_step=6015 loss_reg_months=4.2469 disagreement_months=1.8593 artifact_factor=1.00 lr=0.00008714 grad_norm=1.1450 throughput=19.22 img/s eta_seconds=420.3 gpu_alloc=561.7MiB gpu_reserved=12288.0MiB skipped_batches=0
2026-09-14 08:59:17,504 | INFO | epoch=20 batch=200 global_step=6028 loss_reg_months=4.1793 disagreement_months=2.0670 artifact_factor=1.00 lr=0.00008714 grad_norm=1.0831 throughput=19.21 img/s eta_seconds=397.2 gpu_alloc=452.7MiB gpu_reserved=12288.0MiB skipped_batches=0
2026-09-14 08:59:39,783 | INFO | epoch=20 batch=225 global_step=6040 loss_reg_months=4.1777 disagreement_months=2.1727 artifact_factor=1.00 lr=0.00008714 grad_norm=1.4535 throughput=19.31 img/s eta_seconds=371.7 gpu_alloc=561.7MiB gpu_reserved=12288.0MiB skipped_batches=0
2026-09-14 09:00:02,112 | INFO | epoch=20 batch=250 global_step=6053 loss_reg_months=4.1479 disagreement_months=1.8719 artifact_factor=1.00 lr=0.00008714 grad_norm=0.8311 throughput=19.39 img/s eta_seconds=347.0 gpu_alloc=452.7MiB gpu_reserved=12288.0MiB skipped_batches=0
2026-09-14 09:00:24,329 | INFO | epoch=20 batch=275 global_step=6065 loss_reg_months=4.1263 disagreement_months=2.0066 artifact_factor=1.00 lr=0.00008714 grad_norm=1.4937 throughput=19.47 img/s eta_seconds=322.5 gpu_alloc=561.7MiB gpu_reserved=12288.0MiB skipped_batches=0
2026-09-14 09:00:46,598 | INFO | epoch=20 batch=300 global_step=6078 loss_reg_months=4.1374 disagreement_months=1.5269 artifact_factor=1.00 lr=0.00008714 grad_norm=1.5803 throughput=19.53 img/s eta_seconds=298.5 gpu_alloc=452.7MiB gpu_reserved=12288.0MiB skipped_batches=0
2026-09-14 09:01:08,866 | INFO | epoch=20 batch=325 global_step=6090 loss_reg_months=4.1553 disagreement_months=2.7971 artifact_factor=1.00 lr=0.00008714 grad_norm=1.1936 throughput=19.58 img/s eta_seconds=274.7 gpu_alloc=561.7MiB gpu_reserved=12288.0MiB skipped_batches=0
2026-09-14 09:01:31,382 | INFO | epoch=20 batch=350 global_step=6103 loss_reg_months=4.1420 disagreement_months=3.0715 artifact_factor=1.00 lr=0.00008714 grad_norm=1.1067 throughput=19.61 img/s eta_seconds=251.4 gpu_alloc=452.7MiB gpu_reserved=12288.0MiB skipped_batches=0
2026-09-14 09:01:53,601 | INFO | epoch=20 batch=375 global_step=6115 loss_reg_months=4.1180 disagreement_months=2.4383 artifact_factor=1.00 lr=0.00008714 grad_norm=1.0784 throughput=19.65 img/s eta_seconds=228.0 gpu_alloc=561.7MiB gpu_reserved=12288.0MiB skipped_batches=0
2026-09-14 09:02:15,825 | INFO | epoch=20 batch=400 global_step=6128 loss_reg_months=4.1131 disagreement_months=2.0015 artifact_factor=1.00 lr=0.00008714 grad_norm=1.4528 throughput=19.69 img/s eta_seconds=204.7 gpu_alloc=452.7MiB gpu_reserved=12288.0MiB skipped_batches=0
2026-09-14 09:02:37,998 | INFO | epoch=20 batch=425 global_step=6140 loss_reg_months=4.1307 disagreement_months=2.2206 artifact_factor=1.00 lr=0.00008714 grad_norm=0.8838 throughput=19.72 img/s eta_seconds=181.5 gpu_alloc=561.7MiB gpu_reserved=12288.0MiB skipped_batches=0
2026-09-14 09:03:00,179 | INFO | epoch=20 batch=450 global_step=6153 loss_reg_months=4.0996 disagreement_months=2.0141 artifact_factor=1.00 lr=0.00008714 grad_norm=1.3966 throughput=19.75 img/s eta_seconds=158.4 gpu_alloc=452.7MiB gpu_reserved=12288.0MiB skipped_batches=0
2026-09-14 09:03:22,370 | INFO | epoch=20 batch=475 global_step=6165 loss_reg_months=4.0854 disagreement_months=2.3326 artifact_factor=1.00 lr=0.00008714 grad_norm=1.2402 throughput=19.78 img/s eta_seconds=135.5 gpu_alloc=561.7MiB gpu_reserved=12288.0MiB skipped_batches=0
2026-09-14 09:03:50,570 | INFO | epoch=20 batch=500 global_step=6178 loss_reg_months=4.0942 disagreement_months=1.8127 artifact_factor=1.00 lr=0.00008714 grad_norm=1.3088 throughput=19.54 img/s eta_seconds=114.0 gpu_alloc=452.7MiB gpu_reserved=12288.0MiB skipped_batches=0
2026-09-14 09:04:14,319 | INFO | epoch=20 batch=525 global_step=6190 loss_reg_months=4.0929 disagreement_months=2.7845 artifact_factor=1.00 lr=0.00008714 grad_norm=1.1643 throughput=19.51 img/s eta_seconds=91.2 gpu_alloc=561.7MiB gpu_reserved=12288.0MiB skipped_batches=0
2026-09-14 09:04:36,654 | INFO | epoch=20 batch=550 global_step=6203 loss_reg_months=4.0990 disagreement_months=2.4006 artifact_factor=1.00 lr=0.00008714 grad_norm=1.3119 throughput=19.54 img/s eta_seconds=68.0 gpu_alloc=452.7MiB gpu_reserved=12288.0MiB skipped_batches=0
2026-09-14 09:04:58,825 | INFO | epoch=20 batch=575 global_step=6215 loss_reg_months=4.1073 disagreement_months=2.3049 artifact_factor=1.00 lr=0.00008714 grad_norm=1.6848 throughput=19.57 img/s eta_seconds=44.9 gpu_alloc=561.7MiB gpu_reserved=12288.0MiB skipped_batches=0
2026-09-14 09:05:21,088 | INFO | epoch=20 batch=600 global_step=6228 loss_reg_months=4.1202 disagreement_months=2.2533 artifact_factor=1.00 lr=0.00008714 grad_norm=1.3165 throughput=19.60 img/s eta_seconds=21.9 gpu_alloc=452.7MiB gpu_reserved=12288.0MiB skipped_batches=0
2026-09-14 09:06:14,339 | WARNING | STABILITY WARNING [CAM] Prediction vượt nhẹ miền tuổi 0–228: [7.55, 232.75]
2026-09-14 09:06:14,342 | WARNING | STABILITY WARNING [CAM] Validation MAE xấu đi trong khi train loss giảm
2026-09-14 09:06:14,343 | INFO | 
TRAINING REVIEW SNAPSHOT
Run ID / config hash / split hash: C3_Z26_C3_ROI_V2_PILOT_C_V2_FOLD_3_SEED_42 / 863e9613a6d2 / 896d4fd4efb4+c894202bb22f
Epoch / global step: 20 / 6240
Train loss: 4.1206
Validation MAE / RMSE / median AE: 6.6313 / 8.8889 / 5.1250
MAE nam / nữ / age bins: {'F': 6.782176443429238, 'M': 6.50377013477975} / {'120-179': 6.051369863013699, '60-119': 8.002214884020619, '0-59': 5.799690118715084, '180-228': 6.698170731707317}
Learning rate / peak VRAM: 0.00008714 / 12288.0 MiB
Best epoch / best MAE / epochs không cải thiện: 15 / 6.4488 / 5
Cảnh báo hiện tại: CAM: Prediction vượt nhẹ miền tuổi 0–228: [7.55, 232.75] | CAM: Validation MAE xấu đi trong khi train loss giảm
Checkpoint gần nhất: /content/C3_Z26_C3_ROI_V2_PILOTS/runs/C3_Z26_C3_ROI_V2_PILOT_C_V2_FOLD_3_SEED_42/last.ckpt
Checkpoint tốt nhất: /content/C3_Z26_C3_ROI_V2_PILOTS/runs/C3_Z26_C3_ROI_V2_PILOT_C_V2_FOLD_3_SEED_42/best_mae.ckpt
Đề xuất tự động: THEO DÕI
2026-09-14 09:07:00,358 | INFO | epoch=21 batch=25 global_step=6252 loss_reg_months=3.8884 disagreement_months=2.0682 artifact_factor=1.00 lr=0.00007836 grad_norm=0.9745 throughput=13.52 img/s eta_seconds=797.4 gpu_alloc=561.7MiB gpu_reserved=12288.0MiB skipped_batches=0
2026-09-14 09:07:24,311 | INFO | epoch=21 batch=50 global_step=6265 loss_reg_months=4.1716 disagreement_months=1.9461 artifact_factor=1.00 lr=0.00007836 grad_norm=1.4796 throughput=15.72 img/s eta_seconds=657.0 gpu_alloc=452.7MiB gpu_reserved=12288.0MiB skipped_batches=0
2026-09-14 09:07:49,545 | INFO | epoch=21 batch=75 global_step=6277 loss_reg_months=4.1646 disagreement_months=2.5038 artifact_factor=1.00 lr=0.00007836 grad_norm=1.0975 throughput=16.37 img/s eta_seconds=603.5 gpu_alloc=561.7MiB gpu_reserved=12288.0MiB skipped_batches=0
2026-09-14 09:08:13,040 | INFO | epoch=21 batch=100 global_step=6290 loss_reg_months=4.1193 disagreement_months=1.7900 artifact_factor=1.00 lr=0.00007836 grad_norm=0.9420 throughput=16.99 img/s eta_seconds=555.1 gpu_alloc=452.7MiB gpu_reserved=12288.0MiB skipped_batches=0
2026-09-14 09:08:35,569 | INFO | epoch=21 batch=125 global_step=6302 loss_reg_months=4.1357 disagreement_months=1.7938 artifact_factor=1.00 lr=0.00007836 grad_norm=1.2182 throughput=17.51 img/s eta_seconds=512.8 gpu_alloc=561.7MiB gpu_reserved=12288.0MiB skipped_batches=0
2026-09-14 09:08:57,810 | INFO | epoch=21 batch=150 global_step=6315 loss_reg_months=4.1207 disagreement_months=2.3540 artifact_factor=1.00 lr=0.00007836 grad_norm=1.2190 throughput=17.91 img/s eta_seconds=476.2 gpu_alloc=452.7MiB gpu_reserved=12288.0MiB skipped_batches=0
2026-09-14 09:09:19,943 | INFO | epoch=21 batch=175 global_step=6327 loss_reg_months=4.0856 disagreement_months=2.2269 artifact_factor=1.00 lr=0.00007836 grad_norm=1.1442 throughput=18.22 img/s eta_seconds=443.4 gpu_alloc=561.7MiB gpu_reserved=12288.0MiB skipped_batches=0
2026-09-14 09:09:42,124 | INFO | epoch=21 batch=200 global_step=6340 loss_reg_months=4.0330 disagreement_months=2.3930 artifact_factor=1.00 lr=0.00007836 grad_norm=2.0504 throughput=18.46 img/s eta_seconds=413.4 gpu_alloc=452.7MiB gpu_reserved=12288.0MiB skipped_batches=0
2026-09-14 09:10:04,486 | INFO | epoch=21 batch=225 global_step=6352 loss_reg_months=4.0348 disagreement_months=2.6914 artifact_factor=1.00 lr=0.00007836 grad_norm=1.0907 throughput=18.63 img/s eta_seconds=385.4 gpu_alloc=561.7MiB gpu_reserved=12288.0MiB skipped_batches=0
2026-09-14 09:10:26,763 | INFO | epoch=21 batch=250 global_step=6365 loss_reg_months=4.0331 disagreement_months=2.5655 artifact_factor=1.00 lr=0.00007836 grad_norm=1.7748 throughput=18.77 img/s eta_seconds=358.4 gpu_alloc=452.7MiB gpu_reserved=12288.0MiB skipped_batches=0
2026-09-14 09:10:49,076 | INFO | epoch=21 batch=275 global_step=6377 loss_reg_months=4.0069 disagreement_months=2.0217 artifact_factor=1.00 lr=0.00007836 grad_norm=1.1239 throughput=18.89 img/s eta_seconds=332.4 gpu_alloc=561.7MiB gpu_reserved=12288.0MiB skipped_batches=0
2026-09-14 09:11:11,314 | INFO | epoch=21 batch=300 global_step=6390 loss_reg_months=3.9938 disagreement_months=2.7291 artifact_factor=1.00 lr=0.00007836 grad_norm=0.9816 throughput=19.00 img/s eta_seconds=306.8 gpu_alloc=452.7MiB gpu_reserved=12288.0MiB skipped_batches=0
2026-09-14 09:11:33,669 | INFO | epoch=21 batch=325 global_step=6402 loss_reg_months=3.9837 disagreement_months=2.2117 artifact_factor=1.00 lr=0.00007836 grad_norm=1.5585 throughput=19.08 img/s eta_seconds=281.9 gpu_alloc=561.7MiB gpu_reserved=12288.0MiB skipped_batches=0
2026-09-14 09:12:02,641 | INFO | epoch=21 batch=350 global_step=6415 loss_reg_months=3.9678 disagreement_months=1.8983 artifact_factor=1.00 lr=0.00007836 grad_norm=1.0292 throughput=18.77 img/s eta_seconds=262.5 gpu_alloc=452.7MiB gpu_reserved=12288.0MiB skipped_batches=0
2026-09-14 09:12:25,188 | INFO | epoch=21 batch=375 global_step=6427 loss_reg_months=3.9808 disagreement_months=1.4678 artifact_factor=1.00 lr=0.00007836 grad_norm=1.6911 throughput=18.85 img/s eta_seconds=237.6 gpu_alloc=561.7MiB gpu_reserved=12288.0MiB skipped_batches=0
2026-09-14 09:12:49,947 | INFO | epoch=21 batch=400 global_step=6440 loss_reg_months=3.9954 disagreement_months=2.0129 artifact_factor=1.00 lr=0.00007836 grad_norm=0.9029 throughput=18.80 img/s eta_seconds=214.3 gpu_alloc=452.7MiB gpu_reserved=12288.0MiB skipped_batches=0
2026-09-14 09:13:12,269 | INFO | epoch=21 batch=425 global_step=6452 loss_reg_months=3.9850 disagreement_months=1.5647 artifact_factor=1.00 lr=0.00007836 grad_norm=1.3678 throughput=18.88 img/s eta_seconds=189.6 gpu_alloc=561.7MiB gpu_reserved=12288.0MiB skipped_batches=0
2026-09-14 09:13:34,466 | INFO | epoch=21 batch=450 global_step=6465 loss_reg_months=3.9882 disagreement_months=2.2180 artifact_factor=1.00 lr=0.00007836 grad_norm=1.2523 throughput=18.95 img/s eta_seconds=165.1 gpu_alloc=452.7MiB gpu_reserved=12288.0MiB skipped_batches=0
2026-09-14 09:13:56,760 | INFO | epoch=21 batch=475 global_step=6477 loss_reg_months=3.9900 disagreement_months=1.8291 artifact_factor=1.00 lr=0.00007836 grad_norm=1.6575 throughput=19.01 img/s eta_seconds=140.9 gpu_alloc=561.7MiB gpu_reserved=12288.0MiB skipped_batches=0
2026-09-14 09:14:19,099 | INFO | epoch=21 batch=500 global_step=6490 loss_reg_months=3.9639 disagreement_months=1.9965 artifact_factor=1.00 lr=0.00007836 grad_norm=1.1146 throughput=19.07 img/s eta_seconds=116.9 gpu_alloc=452.7MiB gpu_reserved=12288.0MiB skipped_batches=0
2026-09-14 09:14:46,932 | INFO | epoch=21 batch=525 global_step=6502 loss_reg_months=3.9641 disagreement_months=2.3641 artifact_factor=1.00 lr=0.00007836 grad_norm=1.2974 throughput=18.91 img/s eta_seconds=94.1 gpu_alloc=561.7MiB gpu_reserved=12288.0MiB skipped_batches=0
2026-09-14 09:15:10,713 | INFO | epoch=21 batch=550 global_step=6515 loss_reg_months=3.9668 disagreement_months=2.1438 artifact_factor=1.00 lr=0.00007836 grad_norm=1.8117 throughput=18.91 img/s eta_seconds=70.3 gpu_alloc=452.7MiB gpu_reserved=12288.0MiB skipped_batches=0
2026-09-14 09:15:34,579 | INFO | epoch=21 batch=575 global_step=6527 loss_reg_months=3.9633 disagreement_months=1.8845 artifact_factor=1.00 lr=0.00007836 grad_norm=0.8972 throughput=18.90 img/s eta_seconds=46.5 gpu_alloc=561.7MiB gpu_reserved=12288.0MiB skipped_batches=0
2026-09-14 09:15:56,858 | INFO | epoch=21 batch=600 global_step=6540 loss_reg_months=3.9635 disagreement_months=2.4597 artifact_factor=1.00 lr=0.00007836 grad_norm=1.3337 throughput=18.95 img/s eta_seconds=22.6 gpu_alloc=452.7MiB gpu_reserved=12288.0MiB skipped_batches=0
2026-09-14 09:16:48,882 | WARNING | STABILITY WARNING [CAM] Validation MAE xấu đi trong khi train loss giảm
2026-09-14 09:16:48,883 | INFO | 
TRAINING REVIEW SNAPSHOT
Run ID / config hash / split hash: C3_Z26_C3_ROI_V2_PILOT_C_V2_FOLD_3_SEED_42 / 863e9613a6d2 / 896d4fd4efb4+c894202bb22f
Epoch / global step: 21 / 6552
Train loss: 3.9712
Validation MAE / RMSE / median AE: 6.7034 / 8.9944 / 5.0000
MAE nam / nữ / age bins: {'F': 6.854912883942458, 'M': 6.575330785667324} / {'120-179': 6.585032689912827, '60-119': 7.231354703608248, '0-59': 6.043448847765363, '180-228': 6.291158536585366}
Learning rate / peak VRAM: 0.00007836 / 12288.0 MiB
Best epoch / best MAE / epochs không cải thiện: 15 / 6.4488 / 6
Cảnh báo hiện tại: CAM: Validation MAE xấu đi trong khi train loss giảm
Checkpoint gần nhất: /content/C3_Z26_C3_ROI_V2_PILOTS/runs/C3_Z26_C3_ROI_V2_PILOT_C_V2_FOLD_3_SEED_42/last.ckpt
Checkpoint tốt nhất: /content/C3_Z26_C3_ROI_V2_PILOTS/runs/C3_Z26_C3_ROI_V2_PILOT_C_V2_FOLD_3_SEED_42/best_mae.ckpt
Đề xuất tự động: THEO DÕI
2026-09-14 09:17:27,492 | INFO | epoch=22 batch=25 global_step=6564 loss_reg_months=4.0672 disagreement_months=2.3842 artifact_factor=1.00 lr=0.00006975 grad_norm=1.6197 throughput=17.35 img/s eta_seconds=621.4 gpu_alloc=561.7MiB gpu_reserved=12288.0MiB skipped_batches=0
2026-09-14 09:17:50,682 | INFO | epoch=22 batch=50 global_step=6577 loss_reg_months=4.0401 disagreement_months=2.6183 artifact_factor=1.00 lr=0.00006975 grad_norm=1.0953 throughput=18.32 img/s eta_seconds=563.9 gpu_alloc=452.7MiB gpu_reserved=12288.0MiB skipped_batches=0
2026-09-14 09:18:12,766 | INFO | epoch=22 batch=75 global_step=6589 loss_reg_months=4.0065 disagreement_months=2.2017 artifact_factor=1.00 lr=0.00006975 grad_norm=1.2706 throughput=18.96 img/s eta_seconds=521.2 gpu_alloc=561.7MiB gpu_reserved=12288.0MiB skipped_batches=0
2026-09-14 09:18:34,699 | INFO | epoch=22 batch=100 global_step=6602 loss_reg_months=3.8707 disagreement_months=2.9809 artifact_factor=1.00 lr=0.00006975 grad_norm=1.8841 throughput=19.32 img/s eta_seconds=488.0 gpu_alloc=452.7MiB gpu_reserved=12288.0MiB skipped_batches=0
2026-09-14 09:18:56,988 | INFO | epoch=22 batch=125 global_step=6614 loss_reg_months=3.8562 disagreement_months=2.0934 artifact_factor=1.00 lr=0.00006975 grad_norm=1.3387 throughput=19.49 img/s eta_seconds=460.7 gpu_alloc=561.7MiB gpu_reserved=12288.0MiB skipped_batches=0
2026-09-14 09:19:19,385 | INFO | epoch=22 batch=150 global_step=6627 loss_reg_months=3.8754 disagreement_months=2.1727 artifact_factor=1.00 lr=0.00006975 grad_norm=1.1692 throughput=19.59 img/s eta_seconds=435.4 gpu_alloc=452.7MiB gpu_reserved=12288.0MiB skipped_batches=0
2026-09-14 09:19:41,554 | INFO | epoch=22 batch=175 global_step=6639 loss_reg_months=3.9635 disagreement_months=3.5902 artifact_factor=1.00 lr=0.00006975 grad_norm=1.5484 throughput=19.69 img/s eta_seconds=410.4 gpu_alloc=561.7MiB gpu_reserved=12288.0MiB skipped_batches=0
2026-09-14 09:20:03,754 | INFO | epoch=22 batch=200 global_step=6652 loss_reg_months=3.9404 disagreement_months=2.1438 artifact_factor=1.00 lr=0.00006975 grad_norm=1.4791 throughput=19.76 img/s eta_seconds=386.1 gpu_alloc=452.7MiB gpu_reserved=12288.0MiB skipped_batches=0
2026-09-14 09:20:25,931 | INFO | epoch=22 batch=225 global_step=6664 loss_reg_months=3.9199 disagreement_months=2.0557 artifact_factor=1.00 lr=0.00006975 grad_norm=1.2134 throughput=19.82 img/s eta_seconds=362.3 gpu_alloc=561.7MiB gpu_reserved=12288.0MiB skipped_batches=0
2026-09-14 09:20:48,135 | INFO | epoch=22 batch=250 global_step=6677 loss_reg_months=3.8555 disagreement_months=2.6334 artifact_factor=1.00 lr=0.00006975 grad_norm=1.8861 throughput=19.86 img/s eta_seconds=338.8 gpu_alloc=452.7MiB gpu_reserved=12288.0MiB skipped_batches=0
2026-09-14 09:21:10,482 | INFO | epoch=22 batch=275 global_step=6689 loss_reg_months=3.8782 disagreement_months=1.9134 artifact_factor=1.00 lr=0.00006975 grad_norm=1.1946 throughput=19.88 img/s eta_seconds=315.8 gpu_alloc=561.7MiB gpu_reserved=12288.0MiB skipped_batches=0
2026-09-14 09:21:32,700 | INFO | epoch=22 batch=300 global_step=6702 loss_reg_months=3.8955 disagreement_months=1.2613 artifact_factor=1.00 lr=0.00006975 grad_norm=1.6445 throughput=19.92 img/s eta_seconds=292.7 gpu_alloc=452.7MiB gpu_reserved=12288.0MiB skipped_batches=0
2026-09-14 09:22:01,133 | INFO | epoch=22 batch=325 global_step=6714 loss_reg_months=3.9392 disagreement_months=3.0413 artifact_factor=1.00 lr=0.00006975 grad_norm=1.3835 throughput=19.53 img/s eta_seconds=275.5 gpu_alloc=561.7MiB gpu_reserved=12288.0MiB skipped_batches=0
2026-09-14 09:22:23,892 | INFO | epoch=22 batch=350 global_step=6727 loss_reg_months=3.9275 disagreement_months=2.6309 artifact_factor=1.00 lr=0.00006975 grad_norm=1.6764 throughput=19.54 img/s eta_seconds=252.2 gpu_alloc=452.7MiB gpu_reserved=12288.0MiB skipped_batches=0
2026-09-14 09:22:46,937 | INFO | epoch=22 batch=375 global_step=6739 loss_reg_months=3.9284 disagreement_months=1.6730 artifact_factor=1.00 lr=0.00006975 grad_norm=1.2899 throughput=19.54 img/s eta_seconds=229.2 gpu_alloc=561.7MiB gpu_reserved=12288.0MiB skipped_batches=0
2026-09-14 09:23:12,657 | INFO | epoch=22 batch=400 global_step=6752 loss_reg_months=3.8922 disagreement_months=2.3968 artifact_factor=1.00 lr=0.00006975 grad_norm=1.3462 throughput=19.40 img/s eta_seconds=207.7 gpu_alloc=452.7MiB gpu_reserved=12288.0MiB skipped_batches=0
2026-09-14 09:23:35,205 | INFO | epoch=22 batch=425 global_step=6764 loss_reg_months=3.9129 disagreement_months=1.7611 artifact_factor=1.00 lr=0.00006975 grad_norm=1.0699 throughput=19.43 img/s eta_seconds=184.2 gpu_alloc=561.7MiB gpu_reserved=12288.0MiB skipped_batches=0
2026-09-14 09:23:59,008 | INFO | epoch=22 batch=450 global_step=6777 loss_reg_months=3.8831 disagreement_months=2.2860 artifact_factor=1.00 lr=0.00006975 grad_norm=0.9046 throughput=19.40 img/s eta_seconds=161.3 gpu_alloc=452.7MiB gpu_reserved=12288.0MiB skipped_batches=0
2026-09-14 09:24:21,204 | INFO | epoch=22 batch=475 global_step=6789 loss_reg_months=3.8708 disagreement_months=2.4106 artifact_factor=1.00 lr=0.00006975 grad_norm=1.5993 throughput=19.45 img/s eta_seconds=137.8 gpu_alloc=561.7MiB gpu_reserved=12288.0MiB skipped_batches=0
2026-09-14 09:24:43,353 | INFO | epoch=22 batch=500 global_step=6802 loss_reg_months=3.8763 disagreement_months=1.8177 artifact_factor=1.00 lr=0.00006975 grad_norm=1.2841 throughput=19.49 img/s eta_seconds=114.4 gpu_alloc=452.7MiB gpu_reserved=12288.0MiB skipped_batches=0
2026-09-14 09:25:05,644 | INFO | epoch=22 batch=525 global_step=6814 loss_reg_months=3.8632 disagreement_months=1.6579 artifact_factor=1.00 lr=0.00006975 grad_norm=1.2400 throughput=19.52 img/s eta_seconds=91.1 gpu_alloc=561.7MiB gpu_reserved=12288.0MiB skipped_batches=0
2026-09-14 09:25:27,885 | INFO | epoch=22 batch=550 global_step=6827 loss_reg_months=3.8567 disagreement_months=2.9154 artifact_factor=1.00 lr=0.00006975 grad_norm=1.2591 throughput=19.55 img/s eta_seconds=68.0 gpu_alloc=452.7MiB gpu_reserved=12288.0MiB skipped_batches=0
2026-09-14 09:25:50,083 | INFO | epoch=22 batch=575 global_step=6839 loss_reg_months=3.8402 disagreement_months=2.0771 artifact_factor=1.00 lr=0.00006975 grad_norm=1.3700 throughput=19.58 img/s eta_seconds=44.9 gpu_alloc=561.7MiB gpu_reserved=12288.0MiB skipped_batches=0
2026-09-14 09:26:12,380 | INFO | epoch=22 batch=600 global_step=6852 loss_reg_months=3.8412 disagreement_months=2.2206 artifact_factor=1.00 lr=0.00006975 grad_norm=1.4933 throughput=19.61 img/s eta_seconds=21.9 gpu_alloc=452.7MiB gpu_reserved=12288.0MiB skipped_batches=0
2026-09-14 09:27:04,566 | INFO | 
TRAINING REVIEW SNAPSHOT
Run ID / config hash / split hash: C3_Z26_C3_ROI_V2_PILOT_C_V2_FOLD_3_SEED_42 / 863e9613a6d2 / 896d4fd4efb4+c894202bb22f
Epoch / global step: 22 / 6864
Train loss: 3.8407
Validation MAE / RMSE / median AE: 6.5153 / 8.7893 / 5.0000
MAE nam / nữ / age bins: {'F': 6.657097467923795, 'M': 6.3954532380013145} / {'120-179': 5.946606475716065, '60-119': 7.938708118556701, '0-59': 5.749017981843576, '180-228': 6.295731707317073}
Learning rate / peak VRAM: 0.00006975 / 12288.0 MiB
Best epoch / best MAE / epochs không cải thiện: 15 / 6.4488 / 7
Cảnh báo hiện tại: KHÔNG
Checkpoint gần nhất: /content/C3_Z26_C3_ROI_V2_PILOTS/runs/C3_Z26_C3_ROI_V2_PILOT_C_V2_FOLD_3_SEED_42/last.ckpt
Checkpoint tốt nhất: /content/C3_Z26_C3_ROI_V2_PILOTS/runs/C3_Z26_C3_ROI_V2_PILOT_C_V2_FOLD_3_SEED_42/best_mae.ckpt
Đề xuất tự động: TIẾP TỤC
2026-09-14 09:27:39,290 | INFO | epoch=23 batch=25 global_step=6876 loss_reg_months=3.9954 disagreement_months=1.9033 artifact_factor=1.00 lr=0.00006139 grad_norm=0.9915 throughput=17.10 img/s eta_seconds=630.2 gpu_alloc=561.7MiB gpu_reserved=12288.0MiB skipped_batches=0
2026-09-14 09:28:02,325 | INFO | epoch=23 batch=50 global_step=6889 loss_reg_months=3.8973 disagreement_months=4.2598 artifact_factor=1.00 lr=0.00006139 grad_norm=1.6810 throughput=18.24 img/s eta_seconds=566.3 gpu_alloc=452.7MiB gpu_reserved=12288.0MiB skipped_batches=0
2026-09-14 09:28:24,430 | INFO | epoch=23 batch=75 global_step=6901 loss_reg_months=3.8156 disagreement_months=2.6385 artifact_factor=1.00 lr=0.00006139 grad_norm=1.0635 throughput=18.89 img/s eta_seconds=522.9 gpu_alloc=561.7MiB gpu_reserved=12288.0MiB skipped_batches=0
2026-09-14 09:28:46,546 | INFO | epoch=23 batch=100 global_step=6914 loss_reg_months=3.7742 disagreement_months=2.9809 artifact_factor=1.00 lr=0.00006139 grad_norm=1.0695 throughput=19.24 img/s eta_seconds=490.1 gpu_alloc=452.7MiB gpu_reserved=12288.0MiB skipped_batches=0
2026-09-14 09:29:08,939 | INFO | epoch=23 batch=125 global_step=6926 loss_reg_months=3.7773 disagreement_months=2.6813 artifact_factor=1.00 lr=0.00006139 grad_norm=1.9037 throughput=19.40 img/s eta_seconds=462.8 gpu_alloc=561.7MiB gpu_reserved=12288.0MiB skipped_batches=0
2026-09-14 09:29:31,195 | INFO | epoch=23 batch=150 global_step=6939 loss_reg_months=3.7536 disagreement_months=2.0267 artifact_factor=1.00 lr=0.00006139 grad_norm=1.0615 throughput=19.53 img/s eta_seconds=436.6 gpu_alloc=452.7MiB gpu_reserved=12288.0MiB skipped_batches=0
2026-09-14 09:29:53,405 | INFO | epoch=23 batch=175 global_step=6951 loss_reg_months=3.7807 disagreement_months=2.7820 artifact_factor=1.00 lr=0.00006139 grad_norm=1.4128 throughput=19.64 img/s eta_seconds=411.5 gpu_alloc=561.7MiB gpu_reserved=12288.0MiB skipped_batches=0
2026-09-14 09:30:15,521 | INFO | epoch=23 batch=200 global_step=6964 loss_reg_months=3.7887 disagreement_months=2.3036 artifact_factor=1.00 lr=0.00006139 grad_norm=1.1044 throughput=19.72 img/s eta_seconds=386.8 gpu_alloc=452.7MiB gpu_reserved=12288.0MiB skipped_batches=0
2026-09-14 09:30:37,778 | INFO | epoch=23 batch=225 global_step=6976 loss_reg_months=3.7542 disagreement_months=2.4711 artifact_factor=1.00 lr=0.00006139 grad_norm=1.1969 throughput=19.78 img/s eta_seconds=363.0 gpu_alloc=561.7MiB gpu_reserved=12288.0MiB skipped_batches=0
2026-09-14 09:30:59,912 | INFO | epoch=23 batch=250 global_step=6989 loss_reg_months=3.7500 disagreement_months=3.1445 artifact_factor=1.00 lr=0.00006139 grad_norm=0.9769 throughput=19.83 img/s eta_seconds=339.3 gpu_alloc=452.7MiB gpu_reserved=12288.0MiB skipped_batches=0
2026-09-14 09:31:28,786 | INFO | epoch=23 batch=275 global_step=7001 loss_reg_months=3.7471 disagreement_months=1.6365 artifact_factor=1.00 lr=0.00006139 grad_norm=1.3343 throughput=19.35 img/s eta_seconds=324.5 gpu_alloc=561.7MiB gpu_reserved=12288.0MiB skipped_batches=0
2026-09-14 09:31:51,416 | INFO | epoch=23 batch=300 global_step=7014 loss_reg_months=3.7523 disagreement_months=2.5516 artifact_factor=1.00 lr=0.00006139 grad_norm=1.2421 throughput=19.39 img/s eta_seconds=300.6 gpu_alloc=452.7MiB gpu_reserved=12288.0MiB skipped_batches=0
2026-09-14 09:32:14,677 | INFO | epoch=23 batch=325 global_step=7026 loss_reg_months=3.7177 disagreement_months=1.6994 artifact_factor=1.00 lr=0.00006139 grad_norm=1.0961 throughput=19.39 img/s eta_seconds=277.4 gpu_alloc=561.7MiB gpu_reserved=12288.0MiB skipped_batches=0
2026-09-14 09:32:36,827 | INFO | epoch=23 batch=350 global_step=7039 loss_reg_months=3.7260 disagreement_months=1.3834 artifact_factor=1.00 lr=0.00006139 grad_norm=1.2821 throughput=19.45 img/s eta_seconds=253.4 gpu_alloc=452.7MiB gpu_reserved=12288.0MiB skipped_batches=0
2026-09-14 09:32:58,972 | INFO | epoch=23 batch=375 global_step=7051 loss_reg_months=3.7098 disagreement_months=2.3062 artifact_factor=1.00 lr=0.00006139 grad_norm=1.2945 throughput=19.51 img/s eta_seconds=229.6 gpu_alloc=561.7MiB gpu_reserved=12288.0MiB skipped_batches=0
2026-09-14 09:33:21,379 | INFO | epoch=23 batch=400 global_step=7064 loss_reg_months=3.6938 disagreement_months=2.1060 artifact_factor=1.00 lr=0.00006139 grad_norm=0.8586 throughput=19.54 img/s eta_seconds=206.2 gpu_alloc=452.7MiB gpu_reserved=12288.0MiB skipped_batches=0
2026-09-14 09:33:43,535 | INFO | epoch=23 batch=425 global_step=7076 loss_reg_months=3.6798 disagreement_months=2.4874 artifact_factor=1.00 lr=0.00006139 grad_norm=0.9484 throughput=19.59 img/s eta_seconds=182.7 gpu_alloc=561.7MiB gpu_reserved=12288.0MiB skipped_batches=0
2026-09-14 09:34:05,837 | INFO | epoch=23 batch=450 global_step=7089 loss_reg_months=3.6900 disagreement_months=3.1294 artifact_factor=1.00 lr=0.00006139 grad_norm=1.0657 throughput=19.62 img/s eta_seconds=159.5 gpu_alloc=452.7MiB gpu_reserved=12288.0MiB skipped_batches=0
2026-09-14 09:34:27,986 | INFO | epoch=23 batch=475 global_step=7101 loss_reg_months=3.7044 disagreement_months=2.6863 artifact_factor=1.00 lr=0.00006139 grad_norm=1.5404 throughput=19.65 img/s eta_seconds=136.3 gpu_alloc=561.7MiB gpu_reserved=12288.0MiB skipped_batches=0
2026-09-14 09:34:50,102 | INFO | epoch=23 batch=500 global_step=7114 loss_reg_months=3.7114 disagreement_months=2.4950 artifact_factor=1.00 lr=0.00006139 grad_norm=1.5338 throughput=19.69 img/s eta_seconds=113.2 gpu_alloc=452.7MiB gpu_reserved=12288.0MiB skipped_batches=0
2026-09-14 09:35:12,221 | INFO | epoch=23 batch=525 global_step=7126 loss_reg_months=3.7055 disagreement_months=1.4867 artifact_factor=1.00 lr=0.00006139 grad_norm=0.9914 throughput=19.72 img/s eta_seconds=90.2 gpu_alloc=561.7MiB gpu_reserved=12288.0MiB skipped_batches=0
2026-09-14 09:35:34,639 | INFO | epoch=23 batch=550 global_step=7139 loss_reg_months=3.6940 disagreement_months=2.1903 artifact_factor=1.00 lr=0.00006139 grad_norm=1.0902 throughput=19.73 img/s eta_seconds=67.3 gpu_alloc=452.7MiB gpu_reserved=12288.0MiB skipped_batches=0
2026-09-14 09:35:56,842 | INFO | epoch=23 batch=575 global_step=7151 loss_reg_months=3.6915 disagreement_months=2.0859 artifact_factor=1.00 lr=0.00006139 grad_norm=1.0296 throughput=19.76 img/s eta_seconds=44.5 gpu_alloc=561.7MiB gpu_reserved=12288.0MiB skipped_batches=0
2026-09-14 09:36:19,213 | INFO | epoch=23 batch=600 global_step=7164 loss_reg_months=3.7023 disagreement_months=2.4106 artifact_factor=1.00 lr=0.00006139 grad_norm=1.1543 throughput=19.77 img/s eta_seconds=21.7 gpu_alloc=452.7MiB gpu_reserved=12288.0MiB skipped_batches=0
2026-09-14 09:37:17,758 | WARNING | STABILITY WARNING [CAM] Prediction vượt nhẹ miền tuổi 0–228: [5.24, 229.62]
2026-09-14 09:37:17,760 | WARNING | STABILITY WARNING [CAM] Validation MAE xấu đi trong khi train loss giảm
2026-09-14 09:37:17,761 | INFO | 
TRAINING REVIEW SNAPSHOT
Run ID / config hash / split hash: C3_Z26_C3_ROI_V2_PILOT_C_V2_FOLD_3_SEED_42 / 863e9613a6d2 / 896d4fd4efb4+c894202bb22f
Epoch / global step: 23 / 7176
Train loss: 3.7123
Validation MAE / RMSE / median AE: 6.5187 / 8.7625 / 4.8750
MAE nam / nữ / age bins: {'F': 6.59253195470451, 'M': 6.456206854043392} / {'120-179': 6.102545143212952, '60-119': 7.520618556701031, '0-59': 6.752509601955308, '180-228': 5.904471544715447}
Learning rate / peak VRAM: 0.00006139 / 12288.0 MiB
Best epoch / best MAE / epochs không cải thiện: 15 / 6.4488 / 8
Cảnh báo hiện tại: CAM: Prediction vượt nhẹ miền tuổi 0–228: [5.24, 229.62] | CAM: Validation MAE xấu đi trong khi train loss giảm
Checkpoint gần nhất: /content/C3_Z26_C3_ROI_V2_PILOTS/runs/C3_Z26_C3_ROI_V2_PILOT_C_V2_FOLD_3_SEED_42/last.ckpt
Checkpoint tốt nhất: /content/C3_Z26_C3_ROI_V2_PILOTS/runs/C3_Z26_C3_ROI_V2_PILOT_C_V2_FOLD_3_SEED_42/best_mae.ckpt
Đề xuất tự động: THEO DÕI
2026-09-14 09:37:32,911 | WARNING | STABILITY WARNING [CAM] Early stopping patience=8
