image_id,target_months,sex,fold,attention_prediction_months,c3_prediction_months
1377,180.0,F,5,185.875,185.25
1378,12.0,F,1,16.484375,17.359375
1379,94.0,F,4,100.75,98.875
1380,120.0,M,5,156.75,158.5
1381,82.0,F,4,60.8125,56.125
1382,138.0,M,5,150.375,152.25
1383,150.0,M,4,147.625,147.75
1384,156.0,M,1,141.5,138.625
1385,36.0,M,5,34.1875,35.75
1386,30.0,F,2,36.375,35.875
1387,138.0,M,1,138.625,140.25
1388,126.0,F,3,120.8125,119.8125
1389,138.0,M,5,141.25,143.125
1390,156.0,M,5,161.75,161.625
1391,180.0,M,5,184.0,185.0
1392,162.0,M,1,166.375,168.75
1393,132.0,F,1,126.5625,120.9375
1394,57.0,M,2,75.375,80.0
1395,120.0,F,5,110.125,109.875
1396,188.0,F,1,176.875,181.125
1397,18.0,F,2,11.3046875,6.80078125
1398,4.0,F,1,8.2421875,16.609375
1399,36.0,F,1,37.1875,35.875
1400,132.0,F,3,142.125,141.625
1401,132.0,F,1,129.75,130.75
1402,24.0,F,5,27.171875,23.921875
1403,60.0,F,1,63.40625,68.875
1404,159.0,F,3,142.5,145.625
1405,120.0,F,1,126.8125,125.75
1406,106.0,F,3,102.5,103.9375
1407,30.0,F,5,33.125,35.5625
1408,126.0,M,2,138.75,140.25
1409,149.0,M,3,159.75,160.625
1410,57.0,M,1,73.75,73.9375
1411,33.0,F,4,36.375,35.5625
1412,156.0,F,5,138.625,136.375
1413,150.0,M,2,168.0,168.75
1414,78.0,M,5,87.0625,88.625
1415,88.0,F,1,90.0625,87.9375
1416,162.0,F,5,161.125,167.625
1417,162.0,M,5,173.625,174.375
1418,24.0,F,2,19.359375,14.8046875
1419,126.0,M,2,139.75,141.5
1420,88.0,M,1,107.4375,113.125
1421,24.0,M,4,24.734375,30.796875
1422,32.0,M,4,32.6875,35.1875
1423,94.0,F,4,92.1875,86.5
1424,120.0,M,3,126.0,120.0625
1425,156.0,M,5,153.75,153.5
1426,54.0,M,5,51.75,48.0
1427,174.0,M,3,167.5,169.75
1428,33.0,M,3,37.1875,40.8125
1429,54.0,M,5,51.1875,52.625
1430,144.0,F,5,140.25,140.25
1431,27.0,F,4,26.609375,26.609375
1432,170.0,M,3,172.875,170.375
1433,24.0,F,1,30.546875,30.984375
1434,113.0,F,1,86.875,86.875
1435,180.0,M,3,176.25,178.25
1436,108.0,M,3,128.125,130.5
1437,136.0,F,4,148.5,154.25
1438,165.0,M,5,168.375,166.75
1439,60.0,M,5,60.1875,60.1875
1440,42.0,M,4,44.0,42.6875
1441,42.0,F,2,43.8125,47.8125
1442,156.0,F,2,148.5,155.0
1443,94.0,F,2,91.8125,83.5625
1444,150.0,F,3,152.5,150.5
1445,21.0,M,2,26.421875,19.734375
1446,132.0,M,2,132.5,133.125
1447,69.0,F,4,71.875,63.8125
1448,50.0,F,2,54.0,51.9375
1449,120.0,F,4,101.1875,99.6875
1450,16.0,M,1,20.109375,22.796875
1451,90.0,M,5,109.0,104.625
1452,180.0,F,3,178.875,179.25
1453,192.0,M,4,204.5,199.875
1454,21.0,F,5,28.921875,28.734375
1455,32.0,M,4,30.796875,29.484375
1456,120.0,M,2,148.0,150.375
1457,126.0,F,5,127.0625,127.0625
1458,84.0,M,5,87.75,87.375
1459,84.0,F,3,100.1875,101.25
1460,96.0,M,1,103.6875,106.375
1461,96.0,M,5,94.25,95.1875
1462,120.0,M,4,139.375,136.75
1463,120.0,F,1,146.125,146.75
1464,94.0,F,2,100.0625,97.3125
1465,39.0,F,3,29.296875,35.4375
1466,216.0,M,3,205.5,205.0
1467,54.0,M,2,54.8125,59.6875
1468,180.0,F,5,180.625,181.375
1469,106.0,F,5,93.1875,92.5625
1470,120.0,F,3,127.125,120.5
1471,106.0,F,3,120.6875,112.0
1472,60.0,M,2,51.625,55.6875
1473,12.0,F,5,24.296875,20.796875
1474,126.0,F,3,123.5625,124.0
1475,36.0,M,2,37.4375,43.25
1476,138.0,F,5,137.125,134.75
1477,138.0,M,4,142.875,138.75
1478,162.0,F,1,152.625,159.25
1479,140.0,F,4,119.0,117.375
1480,100.0,F,2,97.75,97.75
1481,100.0,M,3,101.875,108.1875
1482,72.0,M,4,82.25,74.6875
1483,120.0,F,1,145.625,145.375
1484,156.0,M,1,157.0,154.875
1485,168.0,F,4,167.375,164.625
1486,168.0,F,4,165.875,164.75
1487,106.0,F,1,109.25,109.0
1488,94.0,F,2,102.625,107.0625
1489,150.0,M,3,167.875,169.625
1490,24.0,M,4,28.359375,30.546875
1491,48.0,M,4,55.25,51.1875
1492,162.0,M,2,160.625,164.0
1493,138.0,M,2,140.875,145.0
1494,24.0,F,2,12.4296875,8.1796875
1495,139.0,M,3,148.0,150.375
1496,82.0,F,4,88.6875,85.4375
1497,24.0,M,5,32.9375,31.609375
1498,174.0,F,3,168.125,168.5
1499,106.0,F,5,115.3125,112.3125
1500,82.0,F,2,77.625,79.875
1501,21.0,F,2,16.296875,12.0546875
1502,156.0,M,4,158.625,159.625
1503,120.0,M,2,109.375,110.6875
1504,69.0,F,2,78.9375,82.0625
1505,69.0,M,5,63.28125,60.5625
1506,51.0,M,3,34.625,40.1875
1507,90.0,M,3,92.8125,97.625
1508,186.0,M,1,187.875,189.25
1509,106.0,F,1,98.0,103.25
1510,50.0,F,2,50.125,55.8125
1511,60.0,M,2,69.0,78.75
1512,21.0,F,3,14.0546875,15.2421875
1513,138.0,M,5,140.875,142.5
1514,120.0,F,3,122.75,119.9375
1515,106.0,F,5,126.875,128.375
1516,132.0,M,1,134.375,131.0
1517,138.0,M,1,146.0,142.625
1518,13.0,M,2,27.109375,19.296875
1519,126.0,F,2,102.6875,102.1875
1520,135.0,M,2,144.125,144.375
1521,106.0,F,1,115.125,110.6875
1522,30.0,F,2,18.046875,19.734375
1523,84.0,M,4,117.3125,111.75
1524,108.0,M,3,97.1875,99.875
1525,60.0,M,3,71.0625,75.9375
1526,96.0,M,5,97.5,96.0625
1527,90.0,F,4,96.625,90.4375
1528,156.0,F,3,148.5,141.375
1529,82.0,F,2,83.375,83.0625
1530,186.0,M,2,180.75,190.25
1531,156.0,M,3,147.5,149.25
1532,6.0,M,1,12.9921875,17.171875
1533,84.0,M,1,82.375,80.4375
1534,108.0,M,3,107.1875,109.3125
1535,60.0,F,4,62.25,51.0625
1536,82.0,F,3,82.4375,86.75
1537,120.0,M,1,134.125,129.875
1538,146.0,M,2,155.25,159.5
1539,156.0,F,5,158.25,157.75
1540,132.0,M,5,129.625,128.375
1541,24.0,M,1,27.234375,30.984375
1542,189.0,M,1,182.0,188.5
1543,150.0,M,5,152.625,151.25
1544,54.0,M,2,39.75,39.375
1545,12.0,M,1,14.3046875,21.546875
1546,120.0,F,2,128.5,127.4375
1547,126.0,M,5,117.25,122.6875
1548,156.0,F,2,162.5,164.75
1549,135.0,M,4,133.5,130.5
1550,72.0,M,2,74.8125,73.625
1551,106.0,F,1,96.25,99.5625
1552,94.0,F,1,98.375,97.25
1553,180.0,F,1,172.875,173.875
1554,94.0,F,4,108.4375,108.1875
1555,42.0,M,2,35.875,38.125
1556,27.0,M,1,38.625,36.1875
1557,150.0,M,1,147.0,148.375
1558,82.0,F,1,89.25,88.375
1559,21.0,F,2,19.734375,16.359375
1560,120.0,M,3,101.8125,96.25
1561,106.0,F,1,107.0625,112.75
1562,144.0,M,5,132.625,128.375
1563,192.0,F,5,192.5,195.5
1564,204.0,M,5,203.125,203.25
1565,51.0,M,2,52.3125,54.125
1566,108.0,M,5,84.875,90.25
1567,69.0,F,4,73.3125,68.4375
1568,106.0,F,1,103.3125,102.125
1569,120.0,F,5,101.25,104.4375
1570,150.0,F,1,146.375,143.625
1571,102.0,M,2,130.25,125.0625
1572,134.0,M,1,131.0,131.0
1573,78.0,M,5,82.8125,84.625
1574,132.0,M,2,134.5,129.625
1575,138.0,F,2,131.0,130.75
1576,33.0,F,1,35.0625,37.5625
1577,132.0,F,3,127.5,127.8125
1578,54.0,M,2,62.6875,63.375
1579,132.0,F,4,110.9375,110.4375
1580,132.0,F,2,132.5,130.75
1581,36.0,F,3,27.546875,28.609375
1582,72.0,M,2,72.4375,80.5625
1583,48.0,F,5,59.75,47.875
1584,94.0,F,1,72.5625,75.375
1585,144.0,F,5,128.125,126.875
1586,36.0,F,3,35.0,36.4375
1587,138.0,M,3,143.875,145.375
1588,82.0,F,1,78.375,81.75
1589,192.0,M,3,205.0,206.25
1590,33.0,F,1,29.859375,26.234375
1591,156.0,M,4,153.0,154.75
1592,39.0,F,2,41.6875,35.8125
1593,168.0,M,5,171.375,168.75
1594,64.0,M,3,63.65625,68.6875
1595,165.0,F,4,164.5,163.625
1596,96.0,M,3,81.25,84.5
1597,168.0,M,3,165.875,167.75
1598,84.0,M,5,84.5,85.0
1599,42.0,F,3,58.5,60.5625
1600,108.0,M,3,120.625,110.5625
1601,69.0,F,5,56.1875,56.9375
1602,162.0,F,5,161.875,163.125
1603,24.0,F,1,22.734375,22.984375
1604,60.0,F,1,57.75,58.0
1605,27.0,M,2,41.875,38.3125
1606,189.0,M,4,192.375,186.875
1607,162.0,M,3,163.25,164.5
1608,159.0,F,3,162.125,161.125
1609,42.0,F,4,38.4375,41.4375
1610,156.0,M,4,157.375,160.75
1611,148.0,M,1,149.375,151.25
1612,39.0,F,1,46.8125,45.375
1613,174.0,F,4,169.75,165.75
1614,113.0,F,2,103.625,100.375
1615,174.0,M,1,176.625,184.875
1616,48.0,M,2,50.25,48.4375
1617,192.0,F,2,178.125,194.125
1618,106.0,F,2,109.6875,104.375
1619,106.0,F,5,99.0,97.0
1620,120.0,F,4,105.0,108.625
1621,36.0,F,3,32.1875,29.984375
1622,94.0,F,5,80.8125,82.0625
1623,100.0,F,4,103.1875,104.4375
1624,168.0,F,5,172.75,174.375
1625,126.0,F,3,128.625,127.4375
1626,84.0,F,4,94.4375,95.5625
1627,120.0,M,5,119.75,119.0625
1628,104.0,F,4,101.375,96.125
1629,42.0,F,2,42.0625,43.0625
1630,120.0,F,5,118.5,118.8125
1631,90.0,M,1,101.375,101.3125
1632,126.0,M,4,142.25,142.875
1633,180.0,F,4,173.0,171.25
1634,82.0,F,1,93.3125,94.0
1635,27.0,F,3,22.671875,23.359375
1636,120.0,F,4,108.5625,112.75
1637,129.0,M,3,128.625,125.3125
1638,168.0,F,1,163.875,167.875
1639,132.0,F,2,149.875,152.25
1640,120.0,F,2,135.75,136.875
1641,106.0,F,4,112.0,110.625
1642,120.0,F,1,117.5,118.75
1643,57.0,M,4,63.75,61.6875
1644,54.0,M,2,49.8125,52.875
1645,132.0,F,5,141.25,142.375
1646,108.0,M,4,82.5,77.8125
1647,147.0,M,2,142.75,141.375
1648,144.0,F,5,154.5,151.0
1649,156.0,M,3,152.5,151.5
1650,88.0,F,3,97.0625,95.125
1651,120.0,M,3,123.5625,119.5625
1652,156.0,M,2,153.875,154.75
1653,138.0,M,5,136.875,136.0
1654,14.0,M,1,17.671875,22.359375
1655,144.0,M,2,161.875,163.875
1656,144.0,F,4,138.375,141.25
1657,102.0,M,1,104.9375,110.375
1658,94.0,F,2,88.1875,90.5625
1659,165.0,M,2,159.5,162.125
1660,132.0,F,3,128.125,129.25
1661,120.0,M,4,121.375,118.875
1662,45.0,M,5,42.6875,47.875
1663,48.0,M,1,53.8125,47.9375
1664,138.0,M,5,143.75,145.875
1665,150.0,F,5,140.875,139.5
1666,192.0,M,2,188.25,191.75
1667,192.0,F,4,199.625,200.125
1668,126.0,F,4,109.0,109.8125
1669,138.0,M,1,146.75,147.625
1670,106.0,F,1,93.1875,92.0625
1671,156.0,M,1,156.625,159.375
1672,28.0,M,1,22.484375,23.234375
1673,12.0,M,2,34.625,26.421875
1674,150.0,M,3,146.875,141.375
1675,96.0,M,4,97.125,91.1875
1676,188.0,M,4,182.75,180.625
1677,57.0,M,5,59.625,60.3125
1678,132.0,F,5,110.875,115.25
1679,128.0,M,1,137.0,136.75
1680,180.0,M,2,179.875,182.0
1681,120.0,M,2,128.0,130.125
1682,106.0,F,1,91.875,94.9375
1683,18.0,F,1,5.36328125,12.4921875
1684,32.0,M,4,23.484375,33.5625
1685,149.0,M,1,135.875,138.25
1686,138.0,M,5,144.0,144.375
1687,162.0,M,5,161.875,161.25
1688,186.0,M,4,178.625,176.625
1689,86.0,F,1,87.4375,93.5
1690,126.0,F,5,102.625,103.1875
1691,153.0,F,1,126.125,125.8125
1692,82.0,F,5,73.4375,81.1875
1693,192.0,M,3,200.375,202.25
1694,132.0,F,1,148.0,150.75
1695,132.0,F,5,136.625,135.125
1696,120.0,F,1,135.875,137.25
1697,192.0,F,5,191.0,193.875
1698,69.0,F,2,68.1875,69.9375
1699,110.0,F,4,117.25,117.75
1700,90.0,M,5,91.375,95.125
1701,210.0,M,4,204.625,202.875
1702,45.0,M,5,44.8125,46.9375
1703,132.0,M,3,160.125,159.125
1704,82.0,F,4,99.8125,97.6875
1705,138.0,M,3,138.625,135.5
1706,60.0,M,5,56.1875,56.6875
1707,106.0,F,5,94.25,94.75
1708,102.0,M,3,107.625,102.625
1709,138.0,F,3,133.75,134.75
1710,120.0,F,5,122.6875,123.75
1711,55.0,F,2,48.9375,55.375
1712,138.0,M,5,144.625,144.125
1713,222.0,M,5,213.625,220.0
1714,138.0,M,3,133.5,127.3125
1715,106.0,F,5,109.75,113.875
1716,132.0,F,5,138.25,138.125
1717,102.0,M,2,99.9375,101.875
1718,120.0,M,2,127.5625,128.125
1719,138.0,F,5,138.25,135.5
1720,106.0,F,4,101.75,104.0625
1721,66.0,M,1,75.125,74.3125
1722,198.0,M,1,199.625,202.75
1723,54.0,F,4,52.1875,52.25
1724,138.0,M,1,143.375,146.25
1725,126.0,F,1,113.625,110.9375
1726,120.0,M,1,143.875,146.125
1727,156.0,F,5,143.25,142.875
1728,186.0,F,2,186.25,197.25
1729,48.0,M,1,47.125,47.125
1730,113.0,F,1,103.6875,108.75
1731,96.0,M,3,90.3125,95.9375
1732,159.0,F,1,161.125,163.25
1733,24.0,M,3,26.546875,24.359375
1734,138.0,M,4,135.125,131.0
1735,141.0,M,5,153.625,151.75
1736,150.0,M,4,139.5,137.0
1737,24.0,F,5,31.921875,31.046875
1738,24.0,M,2,27.734375,22.734375
1739,162.0,M,5,159.5,158.625
1740,132.0,F,3,116.1875,116.75
1741,168.0,F,4,164.875,165.125
1742,174.0,F,1,177.25,182.375
1743,64.0,F,4,65.4375,62.375
1744,150.0,M,4,140.875,141.75
1745,132.0,F,2,130.5,134.5
1746,69.0,F,3,42.4375,43.125
1747,120.0,F,5,142.25,142.75
1748,200.0,M,1,204.875,207.125
1749,26.0,F,1,26.984375,27.171875
1750,174.0,M,2,167.5,167.0
1751,162.0,M,1,165.625,168.75
1752,120.0,M,2,137.0,136.875
1753,96.0,M,2,73.0,77.625
1754,180.0,F,4,181.0,179.0
1755,120.0,F,2,110.875,113.5625
1756,132.0,F,3,106.3125,100.125
1757,120.0,F,1,109.125,112.125
1758,144.0,M,2,138.75,137.625
1759,60.0,M,2,57.5,60.375
1760,102.0,M,1,111.3125,113.5625
1761,42.0,M,2,38.0,38.9375
1762,109.0,F,4,102.0,101.125
1763,100.0,F,2,115.4375,109.75
1764,156.0,M,5,159.125,159.375
1765,132.0,F,3,128.75,128.625
1766,156.0,M,4,146.25,144.0
1767,180.0,F,3,162.0,162.125
1768,138.0,M,4,131.375,127.8125
1769,168.0,M,1,169.5,172.75
1770,159.0,M,5,161.0,159.5
1771,180.0,M,3,171.375,171.125
1772,48.0,M,4,43.6875,42.75
1773,116.0,M,2,115.625,108.5625
1774,78.0,M,2,70.375,74.9375
1775,104.0,M,2,118.0625,121.0625
1776,60.0,F,3,68.25,73.0
1777,120.0,F,3,125.9375,125.875
1778,132.0,F,1,129.125,132.5
1779,54.0,F,1,63.0,67.6875
1780,156.0,M,4,151.75,151.375
1781,64.0,F,3,62.6875,65.6875
1782,80.0,M,5,93.5625,92.5625
1783,21.0,M,3,17.734375,15.8046875
1784,33.0,F,5,43.875,48.5
1785,94.0,F,4,85.6875,81.25
1786,9.0,M,3,12.9296875,11.9296875
1787,94.0,F,4,96.5625,90.8125
1788,156.0,M,5,138.0,139.125
1789,174.0,F,1,183.625,185.75
1790,114.0,M,2,117.625,117.25
1791,112.0,M,5,132.875,135.125
1792,120.0,F,3,128.75,124.875
1793,180.0,F,4,186.625,186.125
1794,204.0,M,4,200.0,197.125
1795,162.0,F,2,153.25,158.875
1796,162.0,M,4,159.0,160.625
1797,162.0,M,2,156.5,156.125
1798,156.0,M,3,156.75,156.75
1799,9.0,M,2,30.546875,18.796875
1800,94.0,F,2,96.25,92.875
1801,198.0,M,5,205.875,205.875
1802,156.0,F,4,145.25,148.25
1803,148.0,F,3,136.875,136.25
1804,138.0,F,2,145.125,144.125
1805,210.0,M,3,215.875,216.75
1806,94.0,F,3,95.25,94.5
1807,159.0,M,3,150.625,150.75
1808,66.0,M,2,62.1875,60.75
1809,138.0,M,1,138.5,136.125
1810,180.0,M,3,195.75,195.375
1811,69.0,F,1,80.5,83.9375
1812,168.0,F,2,162.75,163.25
1813,156.0,F,1,142.125,145.75
1814,54.0,M,2,61.1875,47.875
1815,69.0,F,1,73.5,77.375
1816,154.0,M,2,155.25,155.0
1817,82.0,F,1,86.0625,90.6875
1818,204.0,M,3,208.0,205.5
1819,144.0,F,3,144.125,144.625
1820,48.0,M,5,45.75,44.4375
1821,150.0,F,2,141.375,142.0
1822,60.0,M,4,64.625,57.5
1823,150.0,M,4,149.375,150.125
1824,94.0,F,4,101.5,98.6875
1825,132.0,F,1,119.25,118.625
1826,24.0,F,1,21.109375,24.171875
1827,126.0,F,3,133.5,133.375
1828,126.0,M,2,153.625,152.75
1829,156.0,M,5,154.0,153.125
1830,126.0,F,2,126.4375,126.9375
1831,120.0,M,4,119.25,109.6875
1832,58.0,M,4,64.9375,63.9375
1833,165.0,M,4,158.625,162.75
1834,192.0,M,1,201.75,204.0
1835,42.0,M,2,36.0,38.0625
1836,120.0,F,3,119.5625,114.1875
1837,216.0,M,5,215.125,216.5
1838,66.0,M,1,94.9375,88.4375
1839,132.0,F,3,132.625,137.0
1840,13.0,F,1,6.92578125,5.48828125
1841,102.0,F,1,100.1875,99.8125
1842,100.0,M,4,111.875,103.5
1843,67.0,M,2,70.8125,80.8125
1844,116.0,M,5,150.375,147.5
1845,118.0,F,2,128.375,132.25
1846,168.0,M,3,161.25,161.5
1847,66.0,M,5,82.0625,81.0
1848,96.0,M,5,99.4375,101.8125
1849,101.0,M,4,103.75,98.3125
1850,100.0,F,3,81.5,82.625
1851,57.0,M,4,74.625,69.75
1852,144.0,F,5,155.25,157.5
1853,132.0,M,2,149.25,150.25
1854,198.0,M,1,205.375,210.25
1855,186.0,M,3,180.625,182.875
1856,36.0,M,2,34.5,36.75
1857,150.0,M,3,141.875,139.875
1858,168.0,F,1,176.375,180.125
1859,90.0,M,4,81.25,70.125
1860,106.0,F,5,119.9375,118.1875
1861,132.0,F,1,133.0,137.75
1862,96.0,M,1,113.1875,119.9375
1863,9.0,F,1,9.6796875,12.3671875
1864,82.0,F,4,72.625,61.25
1865,139.0,F,4,132.875,136.875
1866,111.0,F,4,95.25,92.6875
1867,124.0,M,2,139.875,140.125
1868,147.0,M,3,143.625,140.875
1869,106.0,F,3,114.5625,110.5625
1870,100.0,F,4,97.5,95.25
1871,120.0,F,3,128.125,126.5625
1872,120.0,M,3,109.0,108.4375
1873,128.0,M,4,121.375,123.75
1874,94.0,F,2,87.9375,83.4375
1875,108.0,M,1,91.0625,93.8125
1876,132.0,M,4,154.25,157.375
1877,56.0,M,2,54.875,52.0625
1878,132.0,M,2,140.375,138.0
1879,130.0,M,5,130.875,131.875
1880,72.0,M,2,80.75,81.9375
1881,76.0,F,3,85.5625,87.1875
1882,162.0,M,5,157.5,159.5
1883,150.0,M,3,161.75,161.5
1884,27.0,M,2,36.0,32.4375
1885,150.0,M,2,149.5,152.75
1886,162.0,M,4,162.75,163.75
1887,132.0,M,5,130.875,125.5625
1888,174.0,M,5,170.5,168.75
1889,156.0,M,2,159.75,164.0
1890,184.0,M,4,185.625,184.25
1891,186.0,M,1,178.75,184.5
1892,78.0,M,5,105.0,110.4375
1893,158.0,M,1,169.5,173.25
1894,156.0,F,5,156.875,154.0
1895,120.0,F,2,121.4375,115.0
1896,94.0,F,3,98.5,95.5625
1897,165.0,F,3,162.25,162.0
1898,126.0,M,2,138.0,137.875
1899,136.0,M,3,156.375,156.25
1900,152.0,F,3,156.75,158.125
1901,162.0,M,5,145.75,145.75
1902,228.0,M,1,219.125,218.375
1903,123.0,F,1,117.3125,117.5625
1904,60.0,M,1,65.0625,64.875
1905,21.0,M,3,19.421875,19.859375
1906,120.0,F,3,135.75,133.875
1907,88.0,F,3,100.9375,96.25
1908,120.0,F,5,85.4375,85.25
1909,84.0,M,4,106.875,106.1875
1910,168.0,M,4,159.125,159.625
1911,138.0,F,1,132.625,136.75
1912,30.0,F,4,40.5625,39.25
1913,156.0,M,3,157.875,158.375
1914,76.0,M,3,87.5,94.4375
1915,156.0,M,1,166.875,168.25
1916,168.0,M,2,197.0,204.0
1917,38.0,M,3,43.0,45.125
1918,120.0,F,4,116.1875,115.4375
1919,29.0,F,2,26.359375,25.484375
1920,50.0,F,2,71.4375,68.3125
1921,72.0,M,2,68.9375,68.0
1922,104.0,F,2,99.125,92.9375
1923,168.0,M,4,149.25,144.875
1924,43.0,F,1,45.625,45.0625
1925,164.0,M,3,158.5,154.625
1926,156.0,F,5,160.375,153.875
1927,60.0,M,2,74.4375,75.6875
1928,137.0,M,3,110.0625,108.625
1929,120.0,F,1,106.125,110.25
1930,150.0,M,1,141.25,142.25
1931,210.0,F,1,195.375,198.625
1932,132.0,F,4,127.875,128.25
1933,189.0,M,3,201.0,199.75
1934,159.0,F,5,158.125,156.875
1935,156.0,M,3,154.0,153.25
1936,56.0,M,5,73.6875,68.5625
1937,88.0,F,2,84.0625,84.25
1938,138.0,M,3,130.125,125.1875
1939,138.0,M,5,134.0,130.5
1940,150.0,M,5,174.125,172.75
1941,72.0,M,3,71.1875,73.875
1942,94.0,F,5,99.5,99.4375
1943,204.0,M,3,201.875,203.125
1944,27.0,F,5,42.8125,43.3125
1945,162.0,M,4,159.375,156.75
1946,144.0,F,4,150.375,151.625
1947,120.0,M,4,133.5,136.375
1948,84.0,F,3,78.0,76.9375
1949,162.0,M,2,157.0,156.5
1950,38.0,M,3,42.25,44.4375
1951,168.0,M,3,163.25,163.375
1952,174.0,M,5,169.375,168.375
1953,162.0,M,1,148.625,154.875
1954,126.0,M,4,116.4375,107.5625
1955,106.0,F,3,117.25,113.125
1956,132.0,F,5,132.5,136.75
1957,150.0,F,3,134.25,134.875
1958,150.0,M,4,156.375,158.5
1959,138.0,M,5,146.0,147.0
1960,159.0,M,5,168.875,170.25
1961,168.0,M,2,177.5,179.5
1962,120.0,F,2,109.5,109.4375
1963,96.0,M,4,114.1875,106.4375
1964,164.0,M,4,157.875,158.125
1965,162.0,M,5,145.0,147.75
1966,144.0,F,2,138.125,136.625
1967,117.0,F,3,109.4375,108.25
1968,60.0,M,2,65.875,68.3125
1969,138.0,M,3,108.8125,102.1875
1970,192.0,M,3,206.125,205.25
1971,24.0,F,3,19.859375,20.171875
1972,82.0,F,2,96.75,96.5
1973,24.0,M,2,32.6875,27.234375
1974,84.0,M,2,97.0625,89.375
1975,94.0,F,1,76.75,81.75
1976,168.0,M,5,184.375,185.25
1977,120.0,F,3,107.1875,100.9375
1978,106.0,F,1,98.75,102.4375
1979,96.0,M,5,85.125,84.0
1980,90.0,F,3,77.1875,77.375
1981,150.0,M,3,122.5,129.125
1982,198.0,M,3,192.5,192.0
1983,150.0,M,4,153.25,155.875
1984,108.0,M,1,114.6875,121.1875
1985,94.0,F,1,83.9375,86.0
1986,120.0,F,3,115.875,111.0625
1987,82.0,F,4,84.625,81.875
1988,162.0,M,1,157.375,157.625
1989,192.0,F,1,177.125,180.5
1990,150.0,M,1,122.625,122.625
1991,156.0,M,4,151.5,153.5
1992,96.0,M,2,85.5625,83.25
1993,144.0,F,1,138.0,140.125
1994,94.0,F,5,97.0625,98.6875
1995,106.0,F,2,100.1875,98.6875
1996,72.0,M,1,69.8125,65.25
1997,138.0,M,5,133.125,136.0
1998,15.0,M,2,27.171875,15.7421875
1999,138.0,M,5,131.25,133.875
2000,150.0,F,4,153.25,157.625
2001,120.0,F,2,116.875,120.1875
2002,106.0,F,3,105.9375,102.9375
2003,108.0,M,1,114.5625,120.4375
2004,168.0,M,5,164.75,164.625
2005,108.0,M,5,102.625,99.125
2006,102.0,M,2,132.25,124.9375
2007,60.0,M,2,69.25,72.875
2008,106.0,F,1,116.1875,120.6875
2009,138.0,M,5,145.375,145.875
2010,24.0,F,3,17.484375,25.546875
2011,138.0,F,5,170.375,170.375
2012,36.0,F,3,30.609375,33.125
2013,156.0,M,4,155.375,157.75
2014,82.0,F,4,89.5,86.5
2015,144.0,F,4,134.75,141.0
2016,120.0,M,5,98.625,98.6875
2017,136.0,F,4,131.125,129.5
2018,106.0,F,1,102.6875,106.0625
2019,192.0,F,4,174.125,171.25
2020,172.0,M,3,165.75,166.875
2021,144.0,F,2,139.625,139.125
2022,114.0,M,5,117.25,116.375
2023,156.0,F,5,158.125,155.625
2024,126.0,M,5,115.5625,116.3125
2025,150.0,M,4,151.0,153.5
2026,108.0,M,4,76.1875,72.6875
2027,60.0,M,3,41.625,44.75
2028,138.0,M,4,116.5,107.5
2029,88.0,F,5,63.375,65.9375
2030,24.0,F,5,29.984375,30.796875
2031,108.0,M,3,127.75,125.875
2032,94.0,F,1,84.375,89.4375
2033,120.0,F,4,122.5,122.25
2034,18.0,M,5,19.109375,22.484375
2035,186.0,F,2,183.625,193.125
2036,159.0,M,3,153.375,152.25
2037,120.0,F,5,127.625,130.25
2038,106.0,F,4,103.8125,103.5625
2039,126.0,M,2,103.5,96.3125
2040,168.0,M,3,169.75,170.875
2041,150.0,M,2,132.5,130.5
2042,156.0,F,4,154.25,156.5
2043,120.0,F,1,105.1875,105.0
2044,156.0,F,5,166.875,167.5
2045,135.0,M,1,135.875,132.875
2046,108.0,F,5,62.875,65.9375
2047,132.0,F,4,141.5,147.125
2048,132.0,M,2,134.875,130.75
2049,84.0,M,4,80.25,77.6875
2050,156.0,F,1,166.625,168.25
2051,162.0,F,1,147.25,146.625
2052,168.0,M,4,161.875,162.625
2053,132.0,M,3,114.1875,111.4375
2054,24.0,M,3,21.859375,23.921875
2055,113.0,F,5,110.1875,108.6875
2056,138.0,M,2,141.375,142.875
2057,36.0,M,4,33.375,34.125
2058,12.0,M,2,29.109375,20.734375
2059,120.0,F,4,126.875,133.0
2060,84.0,F,1,79.1875,80.375
2061,54.0,M,5,67.875,67.75
2062,84.0,M,2,81.1875,82.375
2063,84.0,M,2,79.1875,75.9375
2064,192.0,M,4,193.75,188.125
2065,168.0,M,1,169.5,170.0
2066,168.0,M,5,165.5,166.125
2067,108.0,M,4,85.875,85.8125
2068,160.0,M,4,159.25,161.0
2069,144.0,M,4,164.875,167.375
2070,58.0,M,1,68.875,63.53125
2071,180.0,F,5,177.875,178.375
2072,144.0,F,1,137.0,139.5
2073,94.0,F,2,100.875,92.6875
2074,113.0,F,3,87.5,85.375
2075,159.0,F,1,161.125,163.875
2076,120.0,F,5,113.1875,114.25
2077,184.0,M,1,197.875,202.25
2078,82.0,F,5,95.0625,93.25
2079,132.0,F,4,140.875,146.125
2080,82.0,F,5,98.875,100.0625
2081,138.0,M,4,146.25,150.25
2082,50.0,F,5,51.1875,54.75
2083,108.0,M,1,81.25,83.6875
2084,192.0,M,2,189.375,198.0
2085,132.0,M,3,112.25,107.6875
2086,168.0,M,1,166.625,166.75
2087,84.0,M,3,67.4375,70.0
2088,150.0,M,5,140.0,135.375
2089,82.0,F,2,91.5,89.3125
2090,120.0,M,1,119.375,123.4375
2091,84.0,M,4,96.9375,91.1875
2092,144.0,F,2,149.5,153.0
2093,138.0,M,3,134.0,131.5
2094,106.0,F,3,107.5,102.375
2095,168.0,M,3,163.625,163.75
2096,143.0,M,4,142.875,142.375
2097,69.0,M,3,65.875,71.125
2098,150.0,M,5,150.375,148.75
2099,156.0,M,5,145.875,145.25
2100,113.0,F,3,94.0625,95.0625
2101,76.0,M,4,109.75,101.0625
2102,54.0,M,5,57.25,54.4375
2103,169.0,M,5,142.875,140.625
2104,121.0,M,1,127.875,129.875
2105,150.0,M,5,146.0,149.375
2106,94.0,F,5,99.5,96.9375
2107,168.0,M,5,170.0,169.5
2108,169.0,F,1,152.375,149.0
2109,156.0,M,5,169.375,167.375
2110,120.0,F,1,122.125,123.75
2111,162.0,M,3,151.625,149.125
2112,159.0,M,3,163.5,164.25
2113,138.0,F,4,126.0,126.6875
2114,120.0,M,3,150.375,150.25
2115,138.0,F,5,140.125,138.375
2116,162.0,M,2,159.0,158.875
2117,150.0,M,5,154.875,158.75
2118,156.0,F,4,152.375,156.625
2119,138.0,M,3,136.375,132.0
2120,120.0,M,1,130.375,130.875
2121,150.0,M,5,151.25,151.375
2122,156.0,M,4,159.125,161.5
2123,214.0,M,3,159.625,158.375
2124,156.0,F,4,146.375,145.5
2125,108.0,M,1,100.6875,106.8125
2126,150.0,M,5,157.0,157.375
2127,150.0,F,2,137.5,140.625
2128,120.0,F,4,136.875,136.75
2129,156.0,M,1,147.5,148.625
2130,150.0,M,2,146.25,146.5
2131,120.0,F,5,110.25,111.125
2132,138.0,F,5,126.8125,127.25
2133,15.0,M,5,23.296875,30.984375
2134,150.0,M,1,137.5,137.75
2135,60.0,M,1,53.625,45.6875
2136,115.0,M,5,107.5,113.4375
2137,136.0,F,3,126.875,126.25
2138,168.0,M,1,163.125,165.5
2139,162.0,M,5,164.875,164.375
2140,150.0,M,1,146.875,151.0
2141,150.0,M,3,152.375,151.5
2142,150.0,M,5,142.75,143.125
2143,120.0,F,4,121.6875,125.3125
2144,144.0,F,5,146.875,147.875
2145,30.0,F,1,40.75,37.8125
2146,48.0,M,2,37.75,41.625
2147,162.0,M,2,179.625,182.125
2148,140.0,F,3,100.6875,102.0
2149,94.0,F,4,114.0,112.625
2150,156.0,M,3,154.125,153.625
2151,144.0,F,1,143.25,140.25
2152,156.0,F,2,153.25,159.75
2153,180.0,M,2,172.0,175.0
2154,150.0,M,2,152.125,153.625
2155,132.0,F,3,138.0,137.125
2156,132.0,F,1,130.75,131.875
2157,72.0,M,3,68.5625,77.0
2158,108.0,M,2,130.75,119.8125
2159,21.0,M,5,27.546875,35.3125
2160,123.0,F,5,141.875,140.875
2161,90.0,F,2,100.1875,96.1875
2162,75.0,M,4,91.25,88.5625
2163,100.0,F,1,103.4375,105.1875
2164,156.0,F,4,148.625,153.875
2165,156.0,F,4,165.125,162.0
2166,162.0,M,5,171.375,174.0
2167,166.0,F,4,162.875,161.75
2168,146.0,M,5,139.75,141.0
2169,156.0,M,4,154.0,150.875
2170,106.0,F,5,108.8125,107.5625
2171,168.0,M,2,168.25,173.5
2172,106.0,F,4,114.1875,113.0625
2173,192.0,F,5,187.5,188.625
2174,150.0,M,5,153.875,152.625
2175,28.0,M,3,25.734375,25.671875
2176,130.0,F,2,86.5625,80.0625
2177,162.0,F,2,159.0,160.625
2178,30.0,F,2,31.921875,21.609375
2179,150.0,M,2,142.75,140.5
2180,24.0,M,1,26.609375,24.046875
2181,150.0,M,4,153.875,152.75
2182,69.0,F,2,69.0,71.375
2183,106.0,F,2,113.4375,111.0
2184,136.0,M,3,135.375,129.75
2185,60.0,M,2,89.75,85.8125
2186,132.0,F,2,139.5,140.625
2187,144.0,M,5,146.5,146.5
2188,168.0,M,3,163.5,161.25
2189,144.0,F,2,133.125,133.0
2190,138.0,M,3,133.0,139.5
2191,144.0,F,5,142.0,142.875
2192,132.0,F,3,129.25,129.0
2193,17.0,M,1,32.4375,24.421875
2194,39.0,F,5,44.75,44.8125
2195,96.0,M,3,71.75,75.8125
2196,42.0,F,2,43.25,41.3125
2197,168.0,M,4,169.25,174.25
2198,132.0,M,2,131.125,127.3125
2199,168.0,M,2,165.0,174.125
2200,132.0,F,3,131.75,128.75
2201,168.0,M,1,170.875,168.875
2202,48.0,M,1,49.875,38.9375
2203,180.0,M,3,175.0,176.0
2204,96.0,M,4,85.5625,79.3125
2205,94.0,F,5,114.9375,114.5
2206,94.0,F,1,95.875,96.75
2207,120.0,F,4,110.125,107.0
2208,162.0,M,4,163.375,165.625
2209,24.0,F,5,34.8125,38.25
2210,150.0,M,3,138.5,140.125
2211,150.0,M,5,138.25,142.75
2212,94.0,F,5,95.0625,94.75
2213,28.0,M,5,24.484375,26.984375
2214,168.0,M,2,175.625,178.75
2215,162.0,M,3,157.25,155.0
2216,132.0,F,4,144.5,148.75
2217,120.0,M,1,111.75,111.25
2218,72.0,M,5,58.625,59.875
2219,106.0,F,5,114.6875,114.8125
2220,180.0,F,2,175.0,177.125
2221,144.0,F,5,137.875,137.75
2222,72.0,M,3,84.1875,87.8125
2223,72.0,M,2,82.0625,79.625
2224,138.0,M,1,145.0,146.875
2225,168.0,F,1,170.625,169.375
2226,82.0,F,3,85.1875,82.5625
2227,138.0,M,3,147.875,146.625
2228,132.0,F,2,146.5,150.375
2229,138.0,M,3,131.25,122.4375
2230,114.0,M,1,120.75,121.1875
2231,144.0,F,4,128.5,129.375
2232,84.0,M,5,82.9375,80.5625
2233,159.0,M,4,157.375,158.875
2234,82.0,F,1,92.9375,94.9375
2235,168.0,M,5,167.0,167.25
2236,168.0,M,4,157.625,160.0
2237,186.0,M,2,181.375,183.875
2238,186.0,M,5,188.375,188.25
2239,162.0,M,4,162.5,163.75
2240,60.0,M,2,57.375,60.5
2241,168.0,M,1,169.125,171.125
2242,132.0,M,5,131.375,130.875
2243,120.0,M,4,127.75,130.25
2244,96.0,M,5,72.0,72.75
2245,168.0,M,1,164.0,165.875
2246,216.0,M,4,211.75,200.75
2247,156.0,M,1,156.75,158.875
2248,112.0,F,5,113.3125,118.625
2249,165.0,M,1,171.375,172.25
2250,180.0,M,4,168.625,173.25
2251,138.0,M,1,138.25,137.375
2252,156.0,M,4,151.375,153.125
2253,162.0,M,3,161.875,161.375
2254,168.0,M,2,163.75,163.125
2255,144.0,F,3,143.0,143.75
2256,132.0,F,4,138.625,146.875
2257,138.0,M,1,145.0,145.375
2258,165.0,F,1,160.625,170.375
2259,18.0,F,3,13.0546875,14.8671875
2260,135.0,M,5,137.0,135.625
2261,168.0,M,2,164.625,165.375
2262,108.0,M,1,112.1875,118.375
2263,72.0,M,4,86.4375,78.625
2264,138.0,M,2,149.875,151.5
2265,126.0,F,2,140.875,142.625
2266,180.0,F,1,175.75,179.125
2267,156.0,M,5,164.75,164.75
2268,168.0,F,5,168.0,170.75
2269,144.0,F,3,144.375,140.625
2270,180.0,F,4,174.0,168.0
2271,137.0,F,3,125.5625,123.9375
2272,162.0,F,4,162.875,161.875
2273,156.0,M,3,157.875,158.25
2274,132.0,M,3,134.25,132.5
2275,156.0,F,4,139.875,147.5
2276,156.0,M,4,156.75,157.375
2277,72.0,M,4,74.125,71.5
2278,192.0,F,1,193.625,189.25
2279,162.0,M,4,162.625,164.0
2280,138.0,M,5,124.3125,119.5
2281,162.0,M,1,165.5,165.625
2282,120.0,M,2,119.25,109.6875
2283,168.0,M,1,169.125,169.25
2284,156.0,F,4,129.25,130.75
2285,168.0,F,2,168.625,175.375
2286,192.0,M,2,211.75,212.25
2287,162.0,M,2,164.375,165.5
2288,168.0,M,5,167.125,166.125
2289,168.0,M,5,173.625,176.125
2290,132.0,F,2,135.5,135.5
2291,132.0,F,5,139.875,135.5
2292,162.0,M,1,162.875,165.625
2293,150.0,M,1,146.375,148.625
2294,180.0,F,2,174.125,179.25
2295,180.0,F,2,179.625,185.25
2296,156.0,M,4,169.75,148.125
2297,162.0,M,3,164.375,161.625
2298,54.0,M,4,65.875,58.25
2299,180.0,M,2,181.0,182.75
2300,132.0,F,5,128.125,130.0
2301,180.0,M,2,186.125,188.625
2302,204.0,F,4,190.625,191.75
2303,144.0,F,3,128.5,131.0
2304,106.0,F,5,85.5,78.5625
2305,18.0,M,2,31.671875,25.546875
2306,150.0,M,2,139.25,141.375
2307,34.0,M,2,40.625,34.0625
2308,168.0,F,2,164.5,167.25
2309,180.0,F,1,172.5,179.5
2310,168.0,M,3,162.75,162.25
2311,162.0,M,1,153.625,153.625
2312,18.0,F,1,15.9296875,13.7421875
2313,180.0,F,5,178.25,178.125
2314,168.0,M,1,167.875,173.375
2315,186.0,M,2,178.0,180.75
2316,168.0,F,2,166.625,171.0
2317,106.0,F,3,113.0625,111.0625
2318,106.0,M,3,131.0,121.0625
2319,180.0,F,5,183.375,184.375
2320,180.0,F,1,167.25,171.5
2321,132.0,F,1,127.9375,133.625
2322,30.0,F,1,24.296875,19.859375
2323,198.0,M,2,194.25,201.625
2324,144.0,M,4,162.25,164.875
2325,36.0,M,3,40.625,46.4375
2326,132.0,F,4,129.25,132.5
2327,54.0,M,3,72.9375,94.4375
2328,168.0,M,5,171.5,174.125
2329,120.0,M,1,138.625,144.625
2330,174.0,F,3,172.25,172.125
2331,168.0,F,5,178.375,177.5
2332,162.0,F,1,158.875,160.125
2333,162.0,M,1,165.0,166.25
2334,162.0,M,5,171.0,167.625
2335,168.0,M,3,170.125,170.625
2336,120.0,M,1,136.75,137.75
2337,132.0,M,1,135.375,137.5
2338,168.0,F,4,155.125,155.5
2339,186.0,M,3,184.875,185.0
2340,180.0,F,5,180.0,181.625
2341,132.0,F,1,124.9375,123.875
2342,156.0,M,5,162.375,164.75
2343,132.0,M,3,140.875,135.5
2344,204.0,F,4,184.25,184.125
2345,180.0,F,4,184.0,178.75
2346,180.0,F,3,178.75,177.375
2347,60.0,M,2,51.5,52.3125
2348,168.0,M,3,161.25,161.0
2349,192.0,M,5,200.875,198.625
2350,144.0,F,2,134.0,131.125
2351,144.0,F,2,142.875,141.25
2352,15.0,F,4,1.05078125,11.1796875
2353,50.0,F,3,48.375,57.1875
2354,180.0,F,3,183.875,183.0
2355,180.0,F,2,169.875,177.25
2356,180.0,F,2,173.75,180.375
2357,192.0,M,5,184.875,184.5
2358,192.0,M,5,187.375,192.75
2359,174.0,F,3,176.75,178.875
2360,162.0,F,4,147.125,147.375
2361,168.0,M,1,167.625,167.5
2362,168.0,M,1,174.75,179.875
2363,72.0,M,1,90.5,83.3125
2364,132.0,M,1,125.5625,123.375
2365,156.0,M,2,148.75,145.75
2366,168.0,M,3,169.375,170.625
2367,180.0,F,3,178.5,179.25
2368,162.0,F,2,164.5,165.25
2369,180.0,F,5,183.875,183.125
2370,150.0,F,1,146.25,146.125
2371,168.0,M,3,163.75,166.0
2372,84.0,M,1,84.25,104.8125
2373,156.0,F,4,155.25,157.25
2374,168.0,F,4,176.125,170.25
2375,180.0,F,3,182.125,180.125
2376,150.0,M,2,139.875,137.375
2377,180.0,F,1,179.75,182.0
2378,180.0,F,5,181.5,181.125
2379,168.0,M,5,176.75,175.625
2380,106.0,F,5,99.625,96.0625
2381,168.0,M,2,157.875,157.375
2382,120.0,M,3,111.875,108.3125
2383,168.0,M,4,165.5,168.875
2384,180.0,M,5,183.75,183.875
2385,78.0,F,5,64.8125,65.9375
2386,150.0,M,5,153.125,152.875
2387,168.0,M,5,157.375,158.5
2388,168.0,M,2,159.5,160.75
2389,192.0,M,4,211.875,198.875
2390,156.0,M,4,152.625,151.875
2391,180.0,M,4,172.5,176.375
2392,156.0,M,1,155.875,159.375
2393,168.0,M,3,162.25,160.375
2394,94.0,F,4,100.625,101.875
2395,180.0,F,2,173.625,180.375
2396,132.0,F,5,148.375,149.5
2397,132.0,M,2,125.5625,111.0625
2398,94.0,F,2,93.75,87.6875
2399,168.0,M,4,159.25,160.125
2400,180.0,M,5,161.375,163.5
2401,156.0,M,5,156.25,155.625
2402,204.0,F,5,181.5,181.5
2403,204.0,M,1,191.5,199.625
2404,144.0,F,1,152.875,152.0
2405,84.0,M,4,95.6875,85.5
2406,150.0,M,4,148.625,150.0
2407,150.0,F,1,161.375,164.625
2408,120.0,M,5,119.5625,114.5
2409,168.0,F,4,169.875,164.5
2410,168.0,M,2,170.375,170.5
2411,168.0,M,3,168.25,167.5
2412,162.0,M,4,166.375,168.625
2413,162.0,M,4,163.5,164.0
2414,36.0,M,2,40.0,29.109375
2415,192.0,M,1,182.5,185.0
2416,150.0,M,4,157.125,157.375
2417,156.0,M,3,153.625,151.75
2418,204.0,M,5,218.0,216.375
2419,162.0,M,2,157.125,156.625
2420,132.0,M,5,123.75,123.5625
2421,192.0,F,3,194.875,191.25
2422,150.0,M,4,152.0,151.5
2423,168.0,M,5,161.375,159.125
2424,69.0,F,3,64.5,66.125
2425,150.0,M,4,152.0,151.75
2426,15.0,M,3,14.6171875,13.1796875
2427,180.0,F,2,175.375,182.5
2428,192.0,M,5,201.625,200.5
2429,168.0,F,3,170.375,170.5
2430,168.0,F,4,174.75,172.875
2431,156.0,M,4,163.375,165.25
2432,180.0,F,1,173.125,174.375
2433,168.0,M,3,166.5,167.0
2434,82.0,F,5,82.9375,83.625
2435,168.0,M,5,163.875,162.625
2436,156.0,F,1,152.625,155.625
2437,192.0,M,1,193.5,198.5
2438,150.0,M,3,144.875,144.125
2439,186.0,M,4,183.625,183.0
2440,106.0,F,2,110.5625,108.75
2441,138.0,M,2,143.375,141.125
2442,168.0,F,3,158.75,159.5
2443,150.0,M,2,147.0,149.125
2444,156.0,M,5,151.625,151.625
2445,156.0,M,3,159.25,157.0
2446,156.0,F,1,152.125,153.75
2447,168.0,M,4,161.0,162.5
2448,132.0,F,4,133.5,136.125
2449,180.0,F,3,180.5,185.875
2450,106.0,F,2,105.75,93.4375
2451,72.0,M,4,69.1875,73.4375
2452,151.0,M,5,158.375,156.625
2453,106.0,F,1,117.8125,115.0625
2454,150.0,M,1,146.25,147.0
2455,180.0,F,5,183.125,182.0
2456,180.0,F,1,182.75,183.5
2457,180.0,M,2,198.75,202.375
2458,186.0,M,5,186.0,186.25
2459,204.0,M,4,201.125,192.625
2460,94.0,F,4,99.6875,96.8125
2461,168.0,M,4,167.375,168.25
2462,51.0,M,1,71.0625,67.0
2463,132.0,M,2,138.5,143.125
2464,192.0,M,5,205.125,204.125
2465,156.0,M,2,156.75,158.5
2466,120.0,F,1,122.6875,123.1875
2467,186.0,M,3,176.875,177.75
2468,106.0,F,3,126.25,124.8125
2469,150.0,M,4,147.25,147.5
2470,162.0,M,4,156.125,156.875
2471,144.0,M,5,145.875,143.75
2472,156.0,M,2,156.5,158.375
2473,204.0,M,5,205.875,205.625
2474,144.0,M,4,131.875,124.4375
2475,180.0,F,4,186.75,180.0
2476,132.0,M,3,144.125,135.25
2477,180.0,F,4,181.125,175.625
2478,180.0,F,2,182.625,184.375
2479,180.0,F,1,165.25,170.25
2480,168.0,F,4,165.875,160.625
2481,156.0,M,5,157.75,159.0
2482,120.0,M,3,91.625,107.5625
2483,168.0,M,1,162.375,163.0
2484,163.0,F,5,170.625,173.625
2485,82.0,F,1,79.0,77.625
2486,150.0,M,5,139.875,140.375
2487,120.0,F,2,116.9375,117.8125
2488,138.0,M,2,130.5,122.375
2489,156.0,M,5,166.875,165.625
2490,168.0,M,1,169.125,170.125
2491,60.0,M,5,54.1875,59.0625
2492,120.0,M,1,120.3125,128.875
2493,186.0,M,5,191.5,189.5
2494,150.0,M,2,156.0,156.125
2495,162.0,M,5,164.625,163.125
2496,168.0,M,3,161.5,158.875
2497,90.0,M,3,97.3125,85.5625
2498,162.0,M,2,153.5,156.0
2499,60.0,M,2,62.25,60.8125
2500,194.0,M,3,207.125,205.375
2501,132.0,F,4,133.25,133.125
2502,132.0,M,3,136.625,136.375
2503,150.0,M,4,144.5,145.875
2504,204.0,M,2,194.125,199.625
2505,18.0,M,1,28.859375,25.984375
2506,180.0,F,2,176.625,181.5
2507,189.0,M,4,185.0,182.625
2508,180.0,F,2,173.25,181.625
2509,162.0,M,5,157.875,155.375
2510,192.0,M,4,187.375,189.875
2511,144.0,M,1,139.0,139.375
2512,156.0,M,4,151.75,150.25
2513,168.0,M,5,164.625,163.75
2514,150.0,M,2,154.875,156.375
2515,150.0,M,3,158.0,154.75
2516,162.0,F,3,159.0,156.75
2517,192.0,F,3,189.375,186.5
2518,82.0,F,4,78.8125,71.0
2519,138.0,M,1,150.5,148.875
2520,150.0,F,1,114.3125,116.125
2521,156.0,F,2,148.0,148.5
2522,150.0,M,5,149.0,148.25
2523,180.0,F,2,166.0,170.25
2524,168.0,M,2,166.375,165.375
2525,144.0,M,3,148.125,145.25
2526,106.0,F,4,117.0,116.375
2527,174.0,M,1,177.125,179.875
2528,204.0,F,4,189.875,183.5
2529,168.0,M,3,168.75,172.625
2530,156.0,M,2,156.0,159.0
2531,204.0,M,4,155.625,155.5
2532,192.0,F,3,179.875,181.375
2533,156.0,M,5,162.375,160.125
2534,120.0,F,4,109.3125,106.0
2535,36.0,F,5,43.25,46.6875
2536,180.0,F,4,180.125,176.0
2537,94.0,F,2,93.25,89.375
2538,108.0,M,2,100.0,96.875
2539,180.0,F,1,178.0,182.375
2540,168.0,M,3,160.375,160.0
2541,108.0,M,2,98.75,95.25
2542,138.0,M,1,129.125,128.75
2543,150.0,M,5,157.5,157.125
2544,168.0,F,4,169.375,168.125
2545,192.0,M,3,177.0,175.125
2546,156.0,M,1,155.625,156.5
2547,132.0,F,3,126.0625,125.0625
2548,150.0,M,3,148.75,149.125
2549,24.0,F,1,29.609375,26.046875
2550,24.0,F,3,14.8046875,17.234375
2551,168.0,M,5,157.5,155.25
2552,156.0,M,1,142.875,148.375
2553,120.0,F,4,115.8125,116.375
2554,180.0,F,4,178.5,178.0
2555,168.0,F,2,175.375,179.75
2556,150.0,M,5,146.625,145.25
2557,180.0,F,4,178.375,176.75
2558,156.0,M,5,164.25,162.125
2559,144.0,F,4,140.875,142.625
2560,132.0,M,2,119.1875,114.1875
2561,72.0,M,3,81.8125,86.5625
2562,168.0,F,3,171.125,174.75
2563,150.0,M,3,154.75,157.875
2564,138.0,M,3,151.5,150.375
2565,144.0,F,4,145.875,148.625
2566,186.0,M,1,188.5,193.125
2567,192.0,F,1,193.5,196.625
2568,168.0,F,4,174.0,169.375
2569,150.0,M,2,147.75,141.5
2570,120.0,M,2,120.125,114.9375
2571,156.0,F,1,147.375,160.75
2572,54.0,M,5,32.1875,37.5
2573,162.0,F,4,159.375,161.625
2574,180.0,F,5,183.125,183.125
2575,57.0,M,4,68.3125,66.3125
2576,180.0,F,5,182.375,181.5
2577,204.0,F,4,194.0,192.75
2578,168.0,M,5,166.75,166.25
2579,156.0,M,3,155.5,154.875
2580,144.0,F,5,147.375,145.5
2581,36.0,M,2,43.0625,41.5
2582,132.0,M,1,117.0,115.8125
2583,162.0,F,1,156.0,154.75
2584,106.0,F,1,115.125,121.875
2585,24.0,F,4,17.109375,23.859375
2586,132.0,F,4,120.4375,121.0625
2587,186.0,M,2,188.875,195.0
2588,12.0,M,3,13.0546875,11.1796875
2589,204.0,M,5,206.5,203.625
2590,132.0,M,1,140.5,142.375
2591,186.0,M,4,178.5,180.125
2592,204.0,M,5,203.125,201.625
2593,60.0,F,2,62.625,56.5625
2594,69.0,F,2,73.5625,70.9375
2595,132.0,F,3,131.375,131.625
2596,54.0,M,5,50.875,50.8125
2597,186.0,M,1,181.375,182.75
2598,192.0,F,1,181.875,189.375
2599,186.0,M,5,183.125,184.125
2600,120.0,F,5,123.5625,128.625
2601,94.0,F,1,93.8125,95.75
2602,138.0,M,4,148.75,147.25
2603,138.0,M,4,135.875,135.375
2604,150.0,M,4,140.625,138.625
2605,144.0,M,2,144.375,147.375
2606,144.0,F,2,144.0,139.375
2607,94.0,F,2,92.8125,93.4375
2608,94.0,F,1,91.25,93.125
2609,156.0,M,4,159.375,160.75
2610,180.0,F,5,182.375,180.75
2611,156.0,M,3,156.125,165.125
2612,106.0,F,5,111.625,116.6875
2613,150.0,M,3,150.625,148.125
2614,138.0,M,3,146.25,140.0
2615,106.0,F,3,114.9375,103.8125
2616,120.0,F,5,118.3125,117.1875
2617,156.0,F,1,153.625,153.25
2618,168.0,M,4,163.625,164.875
2619,180.0,M,1,177.375,183.0
2620,150.0,M,2,152.25,153.25
2621,180.0,F,3,181.125,179.625
2622,42.0,M,3,41.75,43.125
2623,138.0,M,2,152.875,152.625
2624,84.0,M,4,76.75,73.5625
2625,150.0,M,4,149.75,144.375
2626,15.0,M,5,19.046875,22.109375
2627,180.0,M,3,172.0,175.375
2628,180.0,F,5,183.25,183.25
2629,138.0,M,5,141.375,138.125
2630,106.0,F,4,101.625,101.625
2631,132.0,M,1,117.25,111.4375
2632,106.0,F,5,92.8125,90.75
2633,162.0,M,2,165.375,167.125
2634,138.0,M,3,145.5,141.5
2635,168.0,F,2,168.75,171.25
2636,162.0,M,1,166.125,167.125
2637,204.0,M,2,192.0,199.75
2638,168.0,M,3,165.625,165.375
2639,168.0,F,4,168.875,164.75
2640,168.0,M,1,165.25,169.5
2641,96.0,M,3,100.125,98.8125
2642,84.0,F,4,103.875,98.0625
2643,120.0,M,4,111.6875,103.75
2644,144.0,F,3,140.375,141.5
2645,162.0,F,5,161.875,161.75
2646,168.0,M,4,165.0,167.0
2647,150.0,M,4,143.875,145.875
2648,177.0,M,4,169.75,173.25
2649,186.0,M,1,189.125,191.125
2650,180.0,M,5,179.625,181.125
2651,162.0,M,5,158.125,158.875
2652,168.0,M,5,174.125,174.625
2653,168.0,M,5,170.5,170.25
2654,162.0,M,4,159.625,161.625
2655,168.0,M,2,164.125,163.25
2656,168.0,F,3,171.875,171.375
2657,192.0,M,1,185.375,189.75
2658,180.0,F,3,177.5,178.75
2659,94.0,F,5,102.0,102.625
2660,180.0,F,4,184.125,180.5
2661,174.0,M,1,168.25,172.625
2662,125.0,F,2,133.0,131.875
2663,180.0,M,2,184.875,188.0
2664,156.0,M,5,159.625,158.875
2665,132.0,M,5,129.5,128.25
2666,168.0,M,5,168.75,168.125
2667,168.0,F,2,175.875,177.625
2668,204.0,M,1,202.75,209.625
2669,168.0,F,2,178.0,180.125
2670,216.0,M,5,207.375,207.75
2671,132.0,M,3,128.75,129.375
2672,138.0,F,5,109.75,110.1875
2673,84.0,M,4,81.0,77.75
2674,180.0,F,3,171.0,171.625
2675,204.0,M,1,192.5,201.0
2676,162.0,M,3,162.5,161.625
2677,180.0,F,3,157.25,157.875
2678,144.0,F,4,127.1875,126.3125
2679,144.0,F,1,135.25,137.375
2680,132.0,F,4,128.875,126.6875
2681,156.0,M,5,151.375,152.375
2682,192.0,F,2,179.5,188.125
2683,156.0,M,1,158.875,156.25
2684,192.0,M,3,191.875,193.0
2685,132.0,M,1,129.0,128.125
2686,144.0,F,2,157.5,156.25
2687,82.0,F,3,82.0625,79.6875
2688,180.0,M,1,181.375,185.5
2689,150.0,M,4,146.875,142.25
2690,84.0,M,2,107.5,107.25
2691,186.0,M,3,184.125,183.5
2692,192.0,M,4,187.75,183.0
2693,180.0,M,3,176.5,175.0
2694,74.0,F,5,71.0,71.75
2695,168.0,M,4,164.625,167.25
2696,168.0,M,4,165.875,169.625
2697,42.0,M,3,44.9375,49.4375
2698,144.0,F,1,139.0,143.5
2699,162.0,F,4,163.375,161.375
2700,132.0,F,3,132.5,129.5
2701,156.0,F,1,148.0,148.625
2702,186.0,M,2,180.375,185.0
2703,156.0,M,1,154.875,158.375
2704,168.0,M,2,164.625,165.375
2705,108.0,M,2,102.0625,94.625
2706,120.0,F,1,118.1875,118.6875
2707,82.0,F,1,95.4375,95.75
2708,180.0,F,2,180.625,185.25
2709,48.0,M,3,40.75,40.5625
2710,132.0,M,3,135.75,128.625
2711,168.0,F,2,162.25,166.25
2712,186.0,M,5,184.25,184.625
2713,162.0,F,1,165.0,165.625
2714,150.0,M,5,156.375,156.125
2715,132.0,M,1,111.5,117.0625
2716,120.0,M,2,117.4375,114.3125
2717,186.0,M,5,184.125,185.375
2718,156.0,F,4,141.875,143.25
2719,156.0,M,1,153.5,160.875
2720,120.0,M,5,129.75,129.875
2721,96.0,F,5,114.0625,114.1875
2722,75.0,F,3,83.625,77.875
2723,180.0,F,3,183.875,185.375
2724,180.0,F,2,177.625,182.875
2725,162.0,M,2,162.625,159.25
2726,162.0,F,2,163.375,167.0
2727,162.0,M,4,160.5,160.75
2728,132.0,F,3,132.125,130.875
2729,162.0,F,3,139.125,138.75
2730,162.0,F,2,160.625,162.875
2731,216.0,M,3,212.5,216.625
2732,186.0,M,3,183.75,182.0
2733,82.0,F,5,90.25,87.75
2734,204.0,M,2,196.25,202.125
2735,156.0,M,2,157.625,157.75
2736,180.0,F,5,183.625,182.75
2737,192.0,F,3,187.625,191.25
2738,156.0,F,5,144.125,140.875
2739,144.0,F,5,150.125,152.125
2740,156.0,M,3,151.375,152.625
2741,113.0,F,3,112.25,109.3125
2742,138.0,M,3,135.75,132.125
2743,120.0,M,1,126.625,134.25
2744,168.0,M,2,161.625,162.625
2745,192.0,M,2,188.0,191.0
2746,216.0,M,4,212.75,199.0
2747,162.0,M,5,153.25,152.75
2748,162.0,M,2,160.75,159.375
2749,132.0,M,1,134.625,133.625
2750,204.0,M,5,205.375,203.875
2751,69.0,F,5,82.5,82.9375
2752,94.0,F,3,101.5,96.625
2753,60.0,F,2,56.0625,58.8125
2754,180.0,M,1,169.625,169.0
2755,162.0,M,4,163.5,164.75
2756,168.0,M,5,170.625,170.25
2757,180.0,F,5,184.875,185.125
2758,204.0,M,4,203.5,197.25
2759,106.0,F,5,106.125,107.0625
2760,132.0,F,1,149.375,154.0
2761,106.0,F,4,108.5625,104.0
2762,156.0,F,3,156.625,157.875
2763,69.0,F,3,76.1875,76.8125
2764,204.0,M,2,192.625,201.25
2765,96.0,F,4,78.5625,78.4375
2766,192.0,F,1,175.375,177.125
2767,106.0,F,4,101.0625,99.4375
2768,180.0,M,1,166.625,167.0
2769,120.0,F,2,135.5,138.0
2770,96.0,M,1,102.375,97.0
2771,168.0,F,5,176.75,177.5
2772,162.0,M,2,163.75,171.625
2773,192.0,F,4,182.375,177.625
2774,144.0,F,1,137.875,137.375
2775,132.0,F,2,128.875,128.5
2776,180.0,M,4,177.5,178.0
2777,162.0,F,4,161.125,160.875
2778,162.0,M,1,156.5,153.0
2779,168.0,M,4,165.125,168.25
2780,94.0,F,4,103.4375,100.25
2781,162.0,M,4,166.5,166.25
2782,156.0,F,3,134.25,132.0
2783,132.0,F,2,124.875,121.5
2784,120.0,F,1,103.5,104.0625
2785,180.0,M,5,191.875,193.0
2786,106.0,F,3,122.1875,122.625
2787,156.0,F,5,159.5,159.375
2788,84.0,M,2,100.8125,95.625
2789,144.0,F,1,145.25,145.25
2790,132.0,F,4,130.875,131.875
2791,180.0,F,5,183.25,181.75
2792,156.0,M,1,154.0,157.875
2793,174.0,M,5,169.625,169.875
2794,186.0,M,3,185.75,186.5
2795,120.0,F,4,103.6875,107.3125
2796,156.0,M,5,156.125,155.5
2797,140.0,F,5,142.125,140.0
2798,132.0,M,2,126.6875,125.625
2799,198.0,M,3,197.75,198.375
2800,138.0,M,2,138.25,136.375
2801,156.0,M,1,161.0,160.0
2802,108.0,M,1,104.5,100.125
2803,138.0,M,2,148.25,148.875
2804,156.0,F,1,123.8125,124.0
2805,132.0,F,5,129.5,131.25
2806,180.0,F,2,171.5,176.625
2807,180.0,F,2,175.375,179.0
2808,9.0,M,2,25.546875,13.7421875
2809,162.0,M,1,154.625,156.25
2810,168.0,M,4,164.125,165.75
2811,156.0,M,2,152.0,156.25
2812,144.0,F,2,130.375,131.75
2813,120.0,F,5,116.4375,119.1875
2814,180.0,F,4,179.875,176.625
2815,168.0,F,2,163.75,165.25
2816,168.0,F,4,169.5,166.25
2817,94.0,F,2,94.1875,90.75
2818,168.0,M,1,171.625,172.25
2819,120.0,F,2,126.6875,119.125
2820,108.0,F,5,118.875,121.375
2821,144.0,F,1,140.0,140.375
2822,153.0,M,2,154.375,150.125
2823,174.0,F,3,156.375,154.625
2824,156.0,M,1,151.5,153.375
2825,138.0,F,4,141.875,147.875
2826,168.0,M,4,159.125,159.625
2827,156.0,F,3,142.0,138.75
2828,108.0,M,3,107.125,106.625
2829,165.0,F,1,166.875,170.75
2830,165.0,M,3,168.875,168.75
2831,94.0,F,1,88.8125,94.875
2832,144.0,F,1,141.125,144.875
2833,156.0,M,5,161.625,161.875
2834,184.0,M,2,210.25,216.125
2835,81.0,M,4,156.875,157.875
2836,126.0,M,5,127.25,130.375
2837,114.0,F,3,121.8125,122.625
2838,158.0,M,1,160.375,160.25
2839,120.0,F,3,115.4375,110.75
2840,147.0,M,3,149.25,145.625
2841,108.0,M,4,114.4375,105.625
2842,150.0,F,1,142.0,142.875
2843,162.0,M,4,159.375,161.0
2844,91.0,F,5,88.25,88.5625
2845,54.0,M,1,57.875,51.9375
2846,108.0,M,3,89.0,90.8125
2847,96.0,M,2,103.375,98.625
2848,180.0,M,1,185.25,183.375
2849,156.0,M,3,145.125,143.5
2850,106.0,F,2,113.0625,110.75
2851,168.0,M,4,164.75,167.0
2852,94.0,F,1,93.3125,97.5
2853,45.0,M,3,40.25,40.5
2854,159.0,M,4,154.625,153.875
2855,72.0,M,3,66.5625,76.3125
2856,132.0,M,5,131.5,131.375
2857,120.0,F,2,113.0625,106.5625
2858,34.0,M,1,36.0625,34.9375
2859,138.0,F,5,132.25,131.25
2860,192.0,M,3,190.75,193.625
2861,150.0,M,1,126.5625,133.0
2862,180.0,F,2,174.875,179.5
2863,168.0,M,5,173.75,175.75
2864,174.0,F,4,177.125,172.875
2865,150.0,M,1,143.5,144.0
2866,132.0,F,5,131.375,134.625
2867,135.0,F,4,128.375,129.875
2868,162.0,M,3,160.375,161.625
2869,192.0,F,5,191.375,189.125
2870,106.0,F,1,103.0625,107.625
2871,51.0,M,1,64.3125,59.75
2872,132.0,M,2,146.375,139.5
2873,94.0,F,3,75.5,80.4375
2874,75.0,F,4,90.75,84.75
2875,144.0,F,2,153.5,161.5
2876,120.0,M,2,129.375,127.6875
2877,150.0,M,4,150.625,147.5
2878,168.0,F,3,147.875,145.625
2879,168.0,M,1,163.0,167.0
2880,168.0,F,2,169.875,173.625
2881,186.0,M,2,187.25,188.875
2882,82.0,F,4,100.25,98.5
2883,36.0,F,3,33.375,35.5625
2884,72.0,M,3,72.0,73.3125
2885,150.0,F,4,156.875,160.125
2886,126.0,F,4,118.875,118.125
2887,24.0,M,3,28.234375,33.25
2888,132.0,F,2,135.875,134.375
2889,162.0,M,3,165.375,164.5
2890,120.0,F,2,137.0,131.875
2891,94.0,F,3,111.6875,111.125
2892,168.0,M,4,165.125,170.375
2893,156.0,F,1,141.625,149.25
2894,132.0,M,2,136.75,134.0
2895,120.0,M,3,120.0,103.8125
2896,204.0,M,5,205.125,205.0
2897,108.0,M,3,129.375,131.75
2898,144.0,F,1,144.375,147.875
2899,138.0,M,4,133.125,131.25
2900,82.0,F,4,91.75,86.25
2901,106.0,F,5,104.5,104.875
2902,120.0,F,4,109.0625,106.9375
2903,186.0,M,4,198.5,195.0
2904,126.0,F,5,128.125,126.6875
2905,150.0,M,2,147.375,147.125
2906,126.0,M,4,138.125,139.125
2907,162.0,M,1,165.875,167.375
2908,192.0,M,2,197.5,204.125
2909,162.0,M,5,158.375,157.75
2910,156.0,M,2,161.75,165.125
2911,168.0,M,4,166.25,170.5
2912,132.0,F,1,124.4375,125.6875
2913,144.0,F,4,130.5,133.5
2914,108.0,M,1,99.4375,109.6875
2915,132.0,F,3,139.375,135.0
2916,156.0,M,1,165.375,168.125
2917,132.0,F,3,130.75,129.125
2918,156.0,M,3,151.625,152.125
2919,72.0,M,1,74.75,69.375
2920,186.0,M,4,176.0,179.25
2921,198.0,M,1,190.75,198.375
2922,132.0,F,1,140.25,140.75
2923,60.0,M,1,56.125,55.1875
2924,168.0,M,1,163.875,165.75
2925,150.0,M,5,135.875,142.5
2926,150.0,F,4,129.25,131.125
2927,150.0,M,5,129.5,131.125
2928,162.0,M,1,168.375,168.75
2929,192.0,M,3,187.375,189.125
2930,120.0,F,1,111.875,112.9375
2931,165.0,M,4,156.875,158.5
2932,162.0,M,2,166.0,163.875
2933,42.0,F,5,48.625,48.6875
2934,210.0,M,2,212.125,217.125
2935,168.0,M,4,171.375,175.375
2936,120.0,F,2,126.75,124.8125
2937,204.0,M,2,192.375,198.375
2938,180.0,M,3,175.125,176.25
2939,180.0,M,5,180.25,180.0
2940,144.0,F,3,137.0,136.25
2941,132.0,M,3,155.5,153.25
2942,82.0,F,2,82.625,78.1875
2943,204.0,F,5,194.75,196.875
2944,186.0,M,1,190.75,195.5
2945,132.0,F,2,136.125,135.875
2946,162.0,F,2,162.375,163.375
2947,180.0,F,1,184.625,185.625
2948,156.0,F,1,150.875,153.75
2949,84.0,M,5,61.25,60.8125
2950,138.0,M,4,153.5,151.375
2951,132.0,M,1,159.125,162.25
2952,150.0,M,1,145.75,145.125
2953,126.0,M,5,130.25,132.375
2954,192.0,M,1,186.5,193.625
2955,168.0,M,5,166.375,163.625
2956,156.0,M,5,151.375,151.0
2957,24.0,M,4,20.234375,31.671875
2958,168.0,M,3,163.875,162.125
2959,168.0,M,1,162.75,164.75
2960,156.0,M,4,153.625,155.375
2961,120.0,F,4,114.5,112.0
2962,54.0,M,3,61.75,62.4375
2963,120.0,F,3,122.6875,117.4375
2964,69.0,F,3,62.5,63.75
2965,32.0,M,3,29.046875,31.359375
2966,162.0,M,1,157.75,156.625
2967,204.0,M,3,203.25,205.375
2968,120.0,M,5,168.125,167.875
2969,108.0,M,4,117.375,113.375
2970,147.0,M,3,152.5,150.125
2971,186.0,M,5,179.25,175.875
2972,210.0,F,1,188.25,185.25
2973,156.0,F,1,152.75,152.125
2974,69.0,F,1,61.0,58.625
2975,186.0,M,3,186.0,186.0
2976,126.0,M,4,159.0,158.875
2977,87.0,F,2,93.6875,94.8125
2978,216.0,M,1,211.75,214.875
2979,168.0,M,3,165.625,165.125
2980,156.0,M,5,161.25,162.75
2981,21.0,F,1,14.1796875,8.8671875
2982,228.0,M,2,204.25,211.25
2983,94.0,F,5,104.0,102.8125
2984,162.0,M,3,158.125,157.375
2985,105.0,M,1,114.1875,122.0
2986,162.0,M,2,160.375,161.25
2987,150.0,M,3,144.25,143.375
2988,69.0,F,4,81.6875,86.1875
2989,156.0,F,4,149.125,153.0
2990,132.0,M,4,166.25,165.0
2991,132.0,M,1,141.375,141.75
2992,150.0,M,1,142.875,142.5
2993,156.0,F,2,147.375,147.0
2994,138.0,M,3,144.75,149.0
2995,168.0,M,3,172.375,169.875
2996,192.0,M,5,189.375,191.375
2997,180.0,M,5,160.75,159.75
2998,168.0,F,2,165.125,167.625
2999,106.0,F,4,106.3125,110.5
3000,180.0,M,3,169.125,174.0
3001,162.0,M,4,156.5,158.375
3002,186.0,M,2,183.125,187.75
3003,126.0,F,3,135.0,133.125
3004,168.0,M,3,165.0,164.875
3005,94.0,F,4,108.1875,104.9375
3006,180.0,M,1,171.5,173.5
3007,162.0,M,2,156.625,160.125
3008,82.0,F,5,103.0,105.6875
3009,132.0,F,5,145.5,146.125
3010,150.0,M,1,153.875,156.0
3011,180.0,M,2,196.625,201.625
3012,168.0,M,1,170.25,174.125
3013,168.0,M,4,166.25,167.625
3014,114.0,M,5,126.375,124.25
3015,120.0,M,4,106.875,111.5
3016,69.0,F,4,79.875,86.3125
3017,120.0,F,1,118.5625,118.5625
3018,162.0,M,2,160.5,161.5
3019,138.0,M,5,141.125,135.875
3020,15.0,F,2,16.359375,5.42578125
3021,156.0,M,5,159.375,159.125
3022,108.0,M,1,127.625,128.25
3023,94.0,F,5,80.125,82.375
3024,156.0,M,2,159.75,160.5
3025,138.0,M,3,100.0625,107.0
3026,60.0,M,1,59.0625,51.0625
3027,120.0,F,3,128.125,125.0
3028,144.0,F,1,140.25,141.375
3029,180.0,M,5,189.625,191.875
3030,120.0,M,5,117.875,115.5625
3031,60.0,F,4,76.125,80.75
3032,162.0,M,3,157.5,156.875
3033,168.0,M,4,163.0,165.0
3034,113.0,F,3,115.1875,115.5
3035,150.0,M,5,153.875,153.125
3036,168.0,M,4,158.375,160.875
3037,132.0,F,4,130.125,131.875
3038,132.0,M,4,147.375,148.75
3039,120.0,M,2,131.25,122.1875
3040,27.0,F,4,20.171875,27.921875
3041,34.0,M,1,48.0,43.125
3042,106.0,F,3,97.75,97.5
3043,156.0,M,3,151.375,148.875
3044,82.0,F,2,70.4375,62.5
3045,120.0,F,5,120.75,117.625
3046,156.0,M,4,164.0,165.75
3047,84.0,M,4,103.625,102.375
3048,42.0,M,4,56.375,58.625
3049,54.0,M,3,47.25,49.375
3050,126.0,M,5,146.25,147.0
3051,183.0,M,4,176.5,178.875
3052,186.0,F,2,176.125,182.25
3053,152.0,M,1,151.25,154.5
3054,156.0,M,1,163.375,165.0
3055,30.0,F,5,20.734375,25.546875
3056,144.0,F,4,147.375,151.0
3057,120.0,F,1,130.5,131.375
3058,165.0,M,4,159.375,159.125
3059,120.0,F,1,122.875,128.5
3060,96.0,M,3,125.4375,117.4375
3061,30.0,F,1,33.9375,25.796875
3062,69.0,F,4,72.3125,71.5625
3063,192.0,M,1,201.375,200.875
3064,162.0,M,3,151.75,147.875
3065,82.0,F,5,85.9375,82.25
3066,60.0,M,5,48.125,50.9375
3067,167.0,M,3,149.75,152.875
3068,168.0,M,2,179.75,187.625
3069,168.0,F,5,179.5,179.0
3070,84.0,M,2,85.25,82.875
3071,186.0,M,3,184.625,185.875
3072,162.0,F,3,159.375,156.625
3073,168.0,M,3,163.5,161.25
3074,120.0,F,3,109.875,101.25
3075,94.0,F,3,89.875,85.25
3076,138.0,M,2,152.625,151.875
3077,60.0,M,1,80.6875,75.375
3078,168.0,M,5,168.0,167.5
3079,16.0,F,2,43.625,19.921875
3080,174.0,M,4,171.125,173.125
3081,78.0,M,5,60.125,60.6875
3082,120.0,M,4,138.5,137.5
3083,150.0,M,5,153.625,152.125
3084,168.0,M,4,165.875,168.625
3085,128.0,F,2,129.375,131.5
3086,132.0,M,3,140.875,143.125
3087,106.0,F,2,126.4375,125.875
3088,24.0,F,2,24.046875,17.734375
3089,162.0,M,2,163.75,166.5
3090,168.0,M,3,168.25,170.125
3091,162.0,F,1,157.75,163.875
3092,162.0,M,5,162.0,159.5
3093,120.0,M,2,138.875,136.75
3094,168.0,M,1,162.375,163.5
3095,108.0,M,3,97.75,102.1875
3096,132.0,F,2,140.375,141.875
3097,150.0,M,4,157.875,157.5
3098,156.0,M,4,157.125,156.625
3099,180.0,M,1,184.75,191.625
3100,15.0,M,2,50.3125,14.6171875
3101,132.0,M,4,127.6875,124.875
3102,120.0,F,2,124.625,126.0625
3103,156.0,F,2,147.25,146.875
3104,51.0,M,1,57.8125,48.25
3105,108.0,M,3,124.625,117.9375
3106,176.0,F,3,178.0,178.875
3107,168.0,M,4,160.625,161.875
3108,126.0,F,4,124.625,121.9375
3109,156.0,M,4,147.75,149.25
3110,156.0,F,1,149.875,152.5
3111,168.0,M,4,158.625,159.375
3112,168.0,M,1,172.375,172.25
3113,156.0,F,1,156.75,162.5
3114,168.0,M,3,173.375,177.25
3115,168.0,M,4,165.0,167.25
3116,50.0,F,3,64.0625,59.8125
3117,159.0,M,2,174.5,178.75
3118,132.0,F,4,122.8125,123.8125
3119,144.0,F,4,142.375,144.875
3120,111.0,F,4,86.25,87.6875
3121,125.0,M,5,119.4375,120.125
3122,120.0,F,5,102.0,103.25
3123,156.0,F,2,142.5,138.0
3124,162.0,M,2,157.625,158.375
3125,120.0,M,5,136.75,137.125
3126,126.0,M,2,145.25,142.375
3127,159.0,M,3,162.0,161.25
3128,108.0,M,3,128.875,120.25
3129,132.0,M,3,142.25,142.375
3130,24.0,F,1,25.734375,20.296875
3131,18.0,F,5,20.171875,25.296875
3132,162.0,M,3,163.375,163.75
3133,82.0,F,2,93.5625,92.3125
3134,156.0,M,2,161.0,159.75
3135,94.0,F,5,85.25,82.375
3136,174.0,M,5,176.0,176.125
3137,144.0,F,5,127.1875,132.125
3138,162.0,M,1,171.75,172.75
3139,180.0,F,2,177.0,184.125
3140,176.0,M,4,182.5,181.25
3141,133.0,M,1,126.1875,133.375
3142,156.0,M,4,168.75,172.0
3143,156.0,M,1,161.5,161.25
3144,114.0,M,4,128.0,128.75
3145,36.0,F,5,41.5,41.4375
3146,165.0,M,3,162.125,161.25
3147,168.0,M,1,181.875,183.125
3148,180.0,M,5,177.0,178.25
3149,82.0,F,2,96.1875,88.875
3150,120.0,F,3,136.5,136.5
3151,150.0,M,5,160.0,154.375
3152,162.0,F,3,150.25,148.5
3153,162.0,F,4,162.375,158.0
3154,156.0,M,2,149.375,148.125
3155,165.0,M,2,164.875,167.0
3156,36.0,F,2,70.9375,53.875
3157,165.0,M,1,103.5625,85.25
3158,144.0,M,2,127.4375,122.5625
3159,156.0,F,4,153.875,155.75
3160,150.0,M,4,159.0,160.75
3161,168.0,M,3,158.375,157.125
3162,165.0,M,4,158.5,154.0
3163,153.0,M,4,156.25,159.25
3164,82.0,M,3,67.5,70.3125
3165,94.0,F,2,88.625,81.9375
3166,106.0,F,4,121.8125,111.125
3167,156.0,M,3,159.375,160.125
3168,192.0,F,4,175.0,170.625
3169,120.0,M,3,121.0625,119.125
3170,36.0,F,3,38.125,39.4375
3171,138.0,M,3,138.25,133.125
3172,82.0,F,3,83.375,82.8125
3173,124.0,M,3,121.5,113.6875
3174,152.0,F,5,137.5,136.875
3175,94.0,F,3,102.3125,99.5
3176,153.0,M,2,149.875,150.25
3177,180.0,M,3,171.0,170.875
3178,204.0,M,3,202.75,202.75
3179,192.0,M,3,181.625,182.75
3180,162.0,M,4,154.25,150.125
3181,189.0,M,3,189.25,188.875
3182,168.0,F,5,163.875,164.5
3183,132.0,F,1,119.875,130.75
3184,96.0,M,2,119.75,109.4375
3185,168.0,M,5,163.0,162.375
3186,180.0,M,3,172.875,173.625
3187,87.0,F,4,82.8125,81.8125
3188,168.0,M,4,161.75,162.75
3189,204.0,M,3,213.125,217.25
3190,94.0,F,2,93.0,84.9375
3191,156.0,F,4,119.6875,115.6875
3192,192.0,M,3,204.625,206.25
3193,168.0,M,1,166.125,166.625
3194,168.0,M,5,176.125,175.75
3195,114.0,M,1,106.375,112.9375
3196,152.0,M,1,152.25,149.375
3197,159.0,M,2,165.0,164.75
3198,141.0,M,3,142.75,140.75
3199,156.0,F,2,154.0,153.5
3200,144.0,M,1,143.75,147.25
3201,192.0,M,2,181.25,183.125
3202,60.0,M,4,42.1875,47.1875
3203,162.0,M,2,163.125,166.625
3204,120.0,M,1,140.875,137.75
3205,168.0,M,2,163.125,165.0
3206,150.0,M,1,148.875,152.5
3207,180.0,M,3,207.0,203.875
3208,120.0,F,5,129.125,133.0
3209,216.0,M,5,209.0,210.125
3210,156.0,M,1,157.375,158.0
3211,173.0,M,2,169.625,170.125
3212,139.0,M,1,126.5625,128.5
3213,156.0,M,4,158.0,156.75
3214,196.0,M,3,194.375,194.25
3215,159.0,M,2,155.625,157.0
3216,132.0,F,3,137.875,135.75
3217,150.0,M,3,149.375,149.375
3218,165.0,F,3,166.75,166.875
3219,72.0,F,4,47.5,51.75
3220,94.0,F,1,90.75,91.8125
3221,180.0,M,4,173.25,176.625
3222,120.0,F,1,116.875,122.0625
3223,162.0,F,4,134.625,136.875
3224,120.0,F,2,120.6875,106.375
3225,36.0,F,5,35.8125,41.0625
3226,94.0,F,4,103.4375,98.8125
3227,50.0,F,2,49.375,45.125
3228,120.0,M,1,116.5625,114.125
3229,165.0,M,4,156.5,155.875
3230,132.0,F,1,131.25,135.625
3231,114.0,F,2,109.875,110.1875
3232,174.0,M,4,178.625,179.25
3233,168.0,M,4,166.75,170.25
3234,156.0,F,1,137.75,139.875
3235,144.0,F,1,131.625,131.0
3236,165.0,M,3,165.625,167.375
3237,174.0,F,3,170.875,172.375
3238,216.0,M,4,213.0,202.0
3239,180.0,M,1,172.75,173.75
3240,168.0,M,1,169.75,171.5
3241,132.0,F,5,139.625,140.0
3242,204.0,M,3,214.5,218.625
3243,138.0,M,2,128.625,123.6875
3244,156.0,F,3,129.75,126.75
3245,96.0,M,4,78.0,75.0
3246,198.0,M,3,200.625,201.0
3247,192.0,M,4,187.5,188.0
3248,204.0,M,2,192.625,201.5
3249,113.0,F,2,96.3125,97.0
3250,162.0,M,5,163.25,163.125
3251,162.0,M,3,152.75,145.625
3252,204.0,M,1,217.875,216.625
3253,132.0,M,1,109.875,119.4375
3254,168.0,M,4,160.625,162.125
3255,180.0,M,5,176.375,178.875
3256,94.0,F,3,104.25,90.375
3257,156.0,M,1,163.25,167.25
3258,132.0,F,5,145.125,142.125
3259,180.0,F,1,180.0,185.625
3260,32.0,F,4,28.359375,21.796875
3261,156.0,M,1,163.5,166.25
3262,120.0,F,2,120.0625,116.75
3263,168.0,M,2,166.875,169.375
3264,150.0,M,3,160.5,157.0
3265,132.0,F,4,126.6875,127.625
3266,108.0,M,1,99.5625,102.4375
3267,162.0,F,2,164.5,166.625
3268,204.0,M,4,197.375,194.75
3269,113.0,F,5,104.0,104.8125
3270,82.0,F,5,90.4375,85.3125
3271,160.0,M,3,139.25,139.125
3272,66.0,M,3,61.25,68.6875
3273,204.0,F,5,190.875,195.375
3274,144.0,M,4,152.125,152.75
3275,156.0,M,4,160.0,161.625
3276,168.0,M,5,160.875,160.0
3277,138.0,M,4,133.625,128.375
3278,162.0,M,2,163.375,163.375
3279,192.0,M,4,195.0,190.625
3280,120.0,F,5,126.75,126.125
3281,106.0,F,4,105.8125,103.3125
3282,156.0,M,4,155.375,157.0
3283,168.0,F,5,172.5,172.75
3284,132.0,M,1,129.75,136.0
3285,192.0,F,3,170.125,174.5
3286,120.0,F,2,94.75,91.75
3287,180.0,M,4,176.125,177.875
3288,162.0,M,3,160.5,157.625
3289,106.0,F,4,108.9375,104.5
3290,60.0,F,4,72.4375,74.9375
3291,132.0,M,4,136.75,129.125
3292,192.0,M,5,203.125,204.0
3293,174.0,M,5,173.125,175.375
3294,186.0,M,5,189.875,190.75
3295,168.0,F,5,175.5,175.125
3296,108.0,M,2,105.3125,97.0
3297,180.0,M,2,180.5,181.625
3298,144.0,M,5,151.5,149.125
3299,156.0,F,4,135.0,135.75
3300,156.0,M,3,137.875,131.75
3301,84.0,M,5,96.625,101.6875
3302,216.0,M,2,202.25,208.0
3303,168.0,F,1,179.0,183.75
3304,138.0,M,2,132.625,131.625
3305,60.0,M,3,71.4375,74.375
3306,192.0,M,1,184.5,188.875
3307,156.0,M,5,167.5,167.125
3308,168.0,M,1,165.75,165.875
3309,180.0,F,4,183.75,180.625
3310,174.0,M,5,175.0,175.375
3311,180.0,F,2,172.375,178.25
3312,192.0,M,1,185.625,189.5
3313,180.0,F,1,189.125,188.25
3314,180.0,F,5,184.875,183.125
3315,82.0,F,4,85.0625,82.5625
3316,162.0,M,2,153.75,156.25
3317,132.0,M,4,128.125,126.75
3318,168.0,F,3,187.375,188.0
3319,138.0,M,5,126.25,123.875
3320,162.0,M,5,170.75,169.5
3321,162.0,M,3,155.375,151.625
3322,60.0,M,5,65.1875,65.375
3323,168.0,M,3,167.75,167.75
3324,180.0,F,5,179.25,179.375
3325,18.0,F,3,8.4296875,7.86328125
3326,180.0,M,3,170.0,170.625
3327,120.0,M,1,122.1875,132.625
3328,159.0,M,1,167.5,171.0
3329,159.0,M,2,159.875,161.0
3330,197.0,F,5,182.375,182.875
3331,183.0,M,3,202.375,202.875
3332,180.0,M,4,171.375,173.25
3333,180.0,F,5,182.25,182.0
3334,162.0,F,5,161.75,161.0
3335,168.0,F,3,174.875,174.625
3336,180.0,M,3,182.75,182.375
3337,18.0,M,5,85.125,67.375
3338,114.0,M,3,113.5,110.625
3339,120.0,F,4,126.625,131.375
3340,168.0,F,1,162.0,163.125
3341,162.0,F,2,160.875,162.625
3342,156.0,M,3,160.375,158.5
3343,156.0,F,3,162.0,163.0
3344,171.0,F,2,170.25,176.25
3345,180.0,F,2,176.75,184.0
3346,150.0,M,3,145.625,142.125
3347,186.0,M,3,181.25,184.0
3348,186.0,M,3,183.125,182.125
3349,168.0,M,1,164.375,169.0
3350,144.0,F,4,146.625,147.875
3351,120.0,M,3,130.25,129.125
3352,50.0,F,5,51.625,53.9375
3353,48.0,M,3,62.5,69.6875
3354,135.0,M,5,112.5625,109.6875
3355,132.0,F,1,134.5,137.75
3356,192.0,M,1,186.125,189.0
3357,94.0,F,4,109.75,107.25
3358,168.0,F,3,177.375,176.25
3359,174.0,M,3,166.875,165.625
3360,84.0,M,2,107.0,102.25
3361,106.0,F,1,103.5625,104.0
3362,144.0,M,1,128.375,136.25
3363,150.0,M,1,136.625,135.125
3364,156.0,M,4,152.75,154.875
3365,120.0,F,1,124.75,122.5625
3366,50.0,F,2,70.3125,68.625
3367,156.0,M,5,160.5,162.25
3368,126.0,F,4,149.0,151.25
3369,180.0,M,5,186.875,185.875
3370,42.0,F,3,37.75,38.8125
3371,144.0,F,4,146.875,150.125
3372,156.0,M,3,151.375,150.25
3373,132.0,M,5,131.125,131.125
3374,180.0,F,3,180.0,180.0
3375,156.0,F,3,159.625,159.875
3376,138.0,M,2,146.875,149.0
3377,156.0,M,1,160.5,163.125
3378,192.0,M,3,191.25,193.625
3379,168.0,F,4,162.875,161.25
3380,106.0,F,3,110.625,106.625
3381,180.0,F,4,181.625,176.5
3382,186.0,M,1,186.25,188.75
3383,168.0,M,5,166.25,164.0
3384,174.0,M,1,168.0,170.75
3385,120.0,F,2,107.3125,107.6875
3386,60.0,M,4,58.9375,52.1875
3387,75.0,F,2,77.25,74.4375
3388,24.0,M,4,38.4375,43.875
3389,180.0,F,5,184.125,184.125
3390,144.0,F,5,150.5,150.0
3391,144.0,F,4,130.625,130.125
3392,153.0,M,5,150.25,147.375
3393,132.0,F,5,136.875,136.75
3394,168.0,M,4,158.875,160.5
3395,94.0,F,4,110.5,114.8125
3396,168.0,M,1,167.25,168.875
3397,138.0,F,1,129.75,132.125
3398,132.0,M,2,132.875,125.875
3399,192.0,F,4,197.75,199.625
3400,168.0,M,3,165.625,164.875
3401,168.0,M,5,171.25,170.375
3402,54.0,F,1,68.875,71.75
3403,174.0,F,5,184.0,183.25
3404,180.0,F,4,186.25,180.375
3405,189.0,M,5,204.25,203.0
3406,167.0,F,1,170.125,171.375
3407,170.0,M,3,160.75,157.375
3408,168.0,M,1,153.875,158.375
3409,144.0,F,2,134.75,131.5
3410,156.0,M,5,156.125,155.25
3411,168.0,M,4,158.0,159.375
3412,106.0,F,4,113.875,112.625
3413,138.0,M,3,135.0,131.25
3414,186.0,M,5,183.0,183.875
3415,168.0,F,5,168.375,169.75
3416,192.0,F,4,190.5,188.625
3417,180.0,F,5,185.625,182.875
3418,180.0,F,3,173.75,178.125
3419,180.0,F,5,185.625,184.625
3420,192.0,M,5,207.0,202.875
3421,176.0,M,5,190.5,190.125
3422,180.0,M,5,184.75,187.375
3423,180.0,F,3,172.25,175.625
3424,180.0,M,5,183.0,181.5
3425,60.0,F,5,67.0,67.0
3426,162.0,M,3,156.375,156.25
3427,180.0,F,2,177.0,180.625
3428,156.0,F,3,156.875,156.875
3429,106.0,F,4,105.6875,109.1875
3430,94.0,F,5,70.8125,73.6875
3431,32.0,M,4,29.734375,38.4375
3432,156.0,F,1,166.375,160.375
3433,144.0,F,1,146.25,149.75
3434,168.0,M,1,161.0,160.25
3435,42.0,M,5,44.125,48.125
3436,196.0,M,1,165.125,166.875
3437,106.0,M,1,147.125,147.375
3438,84.0,M,2,119.0,114.3125
3439,58.0,M,5,49.125,49.8125
3440,60.0,M,1,62.9375,61.625
3441,96.0,M,4,116.5625,107.6875
3442,216.0,M,2,201.875,209.125
3443,162.0,M,1,159.625,159.125
3444,82.0,F,4,81.375,72.1875
3445,120.0,F,5,128.125,131.375
3446,144.0,F,3,132.0,132.25
3447,125.0,F,1,114.6875,119.5
3448,121.0,F,2,130.75,130.0
3449,18.0,M,5,31.671875,35.25
3450,138.0,M,5,124.5625,125.4375
3451,162.0,F,3,140.5,138.875
3452,138.0,M,4,131.0,130.25
3453,132.0,F,2,129.25,128.125
3454,57.0,M,2,66.5,64.875
3455,106.0,F,2,106.875,98.4375
3456,88.0,F,3,82.8125,81.3125
3457,75.0,M,5,67.125,63.4375
3458,100.0,F,3,104.25,102.4375
3459,118.0,M,3,135.125,140.0
3460,125.0,F,4,123.25,128.5
3461,150.0,F,5,122.1875,124.25
3462,24.0,M,5,37.6875,38.9375
3463,192.0,M,4,204.0,198.625
3464,180.0,F,3,167.875,171.75
3465,39.0,F,5,47.4375,50.8125
3466,162.0,M,4,152.75,154.375
3467,132.0,F,1,142.25,142.625
3468,124.0,M,3,150.0,142.0
3469,132.0,F,3,136.75,135.625
3470,82.0,F,1,77.8125,81.0
3471,108.0,M,2,114.9375,106.625
3472,82.0,F,2,84.375,76.5
3473,210.0,M,3,209.375,216.5
3474,144.0,F,1,147.125,146.125
3475,24.0,M,5,26.296875,30.484375
3476,132.0,F,2,152.75,152.875
3477,20.0,M,3,22.984375,22.734375
3478,162.0,F,4,145.625,150.875
3479,150.0,M,1,163.125,163.125
3480,57.0,M,4,55.1875,54.125
3481,36.0,M,2,47.625,50.625
3482,168.0,M,2,173.125,177.125
3483,62.0,M,5,99.75,99.375
3484,90.0,M,1,101.0,110.4375
3485,88.0,F,3,94.3125,91.5625
3486,144.0,F,5,137.625,136.375
3487,36.0,F,3,18.046875,20.734375
3488,156.0,F,4,154.5,156.0
3489,168.0,M,5,170.375,172.75
3490,120.0,F,3,132.25,129.625
3491,108.0,M,4,126.6875,119.6875
3492,66.0,M,1,44.375,38.3125
3493,137.0,F,2,146.875,144.5
3494,108.0,M,1,95.625,100.5625
3495,102.0,M,2,120.875,113.375
3496,162.0,F,3,159.125,160.875
3497,18.0,M,1,22.421875,18.484375
3498,15.0,M,2,32.5625,16.671875
3499,189.0,M,5,187.25,186.625
3500,150.0,M,3,146.5,139.25
3501,36.0,F,4,44.6875,46.8125
3502,138.0,M,1,141.75,135.5
3503,160.0,M,1,166.75,170.125
3504,120.0,F,2,125.4375,127.75
3505,144.0,F,4,146.125,148.625
3506,96.0,M,2,89.125,89.3125
3507,120.0,F,4,122.6875,122.0
3508,162.0,M,2,157.25,156.125
3509,144.0,F,1,137.625,139.75
3510,210.0,M,2,199.5,212.125
3511,126.0,F,3,123.5625,123.0625
3512,144.0,F,1,136.125,137.375
3513,138.0,M,2,144.375,139.0
3514,132.0,F,5,126.25,123.6875
3515,180.0,F,3,183.75,181.0
3516,120.0,F,4,126.625,129.375
3517,120.0,F,3,124.5,120.6875
3518,72.0,M,3,75.0,77.75
3519,150.0,F,5,156.625,155.5
3520,125.0,M,4,115.5,106.6875
3521,124.0,M,1,131.5,137.25
3522,165.0,M,4,176.375,177.125
3523,192.0,M,2,192.875,199.625
3524,132.0,F,3,143.625,143.625
3525,186.0,M,2,178.875,185.875
3526,156.0,M,4,155.0,151.875
3527,156.0,M,5,165.0,165.375
3528,32.0,M,3,36.125,30.796875
3529,176.0,M,3,175.875,175.125
3530,132.0,F,3,123.0,124.3125
3531,120.0,F,3,128.125,125.6875
3532,132.0,F,4,134.875,138.25
3533,132.0,M,2,131.625,131.125
3534,180.0,F,5,183.25,181.625
3535,115.0,F,1,100.0625,106.0625
3536,106.0,F,4,111.9375,110.75
3537,168.0,M,2,160.25,163.625
3538,60.0,M,3,57.75,62.875
3539,82.0,F,2,83.1875,79.0
3540,138.0,F,5,114.9375,117.5625
3541,132.0,F,5,150.625,143.625
3542,120.0,F,5,116.9375,116.125
3543,162.0,M,3,167.0,166.625
3544,156.0,M,1,153.25,151.375
3545,120.0,F,1,124.0625,127.375
3546,180.0,M,4,167.75,172.375
3547,134.0,M,4,140.625,140.375
3548,138.0,M,2,137.25,127.125
3549,69.0,F,2,62.25,67.0625
3550,120.0,M,5,128.0,125.4375
3551,162.0,F,5,161.125,158.5
3552,180.0,M,2,180.875,183.125
3553,132.0,F,1,144.375,150.0
3554,150.0,M,3,145.75,134.125
3555,69.0,F,5,82.375,76.5625
3556,162.0,M,3,160.625,157.125
3557,132.0,M,4,126.0,124.25
3558,138.0,M,1,140.5,141.125
3559,192.0,F,2,178.25,184.875
3560,106.0,F,5,104.375,104.375
3561,162.0,M,1,148.625,156.0
3562,162.0,M,5,159.75,161.125
3563,168.0,M,3,163.75,163.5
3564,132.0,F,3,119.25,119.625
3565,64.0,F,1,54.625,49.9375
3566,120.0,F,3,125.5625,117.75
3567,135.0,M,1,132.0,133.0
3568,222.0,M,2,193.625,209.125
3569,156.0,M,2,153.5,155.375
3570,120.0,F,3,113.375,105.125
3571,150.0,M,5,149.125,150.5
3572,174.0,M,5,201.625,201.25
3573,96.0,M,3,88.0625,90.9375
3574,72.0,M,5,60.875,59.625
3575,180.0,F,1,179.25,180.5
3576,192.0,M,4,192.25,189.0
3577,96.0,M,5,122.0,123.75
3578,150.0,M,4,153.25,153.625
3579,152.0,F,1,155.125,155.375
3580,120.0,M,2,127.5625,120.4375
3581,186.0,M,4,179.5,179.75
3582,120.0,F,1,116.4375,116.125
3583,30.0,F,5,35.1875,35.5625
3584,120.0,F,1,106.75,107.5625
3585,94.0,F,2,105.0625,103.5
3586,108.0,M,4,113.0625,108.9375
3587,216.0,F,1,194.125,187.25
3588,132.0,M,2,134.0,125.5625
3589,180.0,M,2,176.25,180.0
3590,62.0,M,5,57.1875,61.375
3591,50.0,F,2,48.875,49.5
3592,150.0,M,1,146.5,150.75
3593,82.0,F,3,81.5,80.0
3594,150.0,M,5,145.75,144.75
3595,57.0,M,4,62.4375,57.8125
3596,57.0,M,3,53.1875,51.75
3597,156.0,M,5,155.25,154.125
3598,144.0,M,4,145.375,143.375
3599,120.0,F,4,114.6875,115.1875
3600,162.0,M,1,164.0,165.125
3601,156.0,M,1,147.75,153.375
3602,154.0,M,1,139.875,142.5
3603,132.0,F,4,130.75,134.0
3604,94.0,F,3,86.3125,86.9375
3605,204.0,M,4,202.875,195.625
3606,106.0,F,1,97.5625,106.6875
3607,156.0,M,4,152.75,153.625
3608,106.0,F,3,100.125,94.625
3609,168.0,M,2,167.25,167.25
3610,144.0,M,2,135.0,134.0
3611,162.0,M,3,172.5,171.5
3612,159.0,F,4,147.875,151.0
3613,60.0,M,3,60.5625,66.625
3614,94.0,F,1,90.125,92.125
3615,106.0,F,3,106.625,103.75
3616,50.0,F,5,38.3125,44.375
3617,126.0,F,5,121.0625,121.4375
3618,162.0,M,3,153.75,153.125
3619,144.0,F,2,153.25,154.875
3620,150.0,M,4,151.375,153.0
3621,96.0,M,2,85.8125,90.875
3622,108.0,M,5,101.8125,103.25
3623,24.0,F,5,24.921875,24.171875
3624,138.0,M,2,150.375,149.875
3625,36.0,M,1,35.4375,36.3125
3626,132.0,F,5,131.75,134.0
3627,156.0,F,2,146.625,150.0
3628,36.0,F,4,58.8125,57.4375
3629,120.0,F,2,120.625,113.875
3630,120.0,M,5,125.3125,125.9375
3631,36.0,F,1,40.8125,44.8125
3632,144.0,F,3,136.5,137.25
3633,66.0,M,2,109.125,95.0
3634,132.0,F,4,120.75,122.0625
3635,156.0,F,5,157.25,154.25
3636,162.0,F,4,159.375,158.25
3637,132.0,F,2,158.625,159.5
3638,138.0,M,4,139.125,136.0
3639,150.0,F,3,147.875,149.75
3640,186.0,M,5,185.625,187.625
3641,84.0,M,4,124.1875,121.1875
3642,108.0,M,4,121.8125,117.1875
3643,164.0,M,1,167.375,170.75
3644,150.0,M,2,157.125,159.5
3645,108.0,M,3,98.6875,97.6875
3646,156.0,M,1,149.25,155.125
3647,186.0,M,2,185.875,189.0
3648,132.0,F,1,133.875,138.75
3649,84.0,M,4,86.4375,79.125
3650,144.0,F,2,133.875,132.375
3651,180.0,F,3,183.375,181.875
3652,144.0,M,5,125.125,125.5625
3653,162.0,F,4,138.75,121.25
3654,66.0,M,5,69.375,69.5
3655,15.0,F,2,15.1171875,7.42578125
3656,132.0,F,4,143.375,146.625
3657,150.0,M,2,142.5,138.0
3658,138.0,F,3,139.25,137.625
3659,150.0,M,1,150.875,155.0
3660,153.0,M,4,149.875,153.75
3661,138.0,F,5,144.875,143.625
3662,144.0,F,2,137.75,139.375
3663,156.0,M,4,150.0,150.875
3664,156.0,M,2,167.75,171.75
3665,152.0,F,2,159.75,161.875
3666,144.0,F,5,155.0,154.625
3667,132.0,F,4,131.25,131.75
3668,174.0,M,1,168.75,176.125
3669,204.0,M,4,199.125,197.375
3670,192.0,M,3,199.75,197.75
3671,82.0,M,4,93.1875,90.0625
3672,78.0,M,4,84.5625,80.375
3673,180.0,M,2,176.0,181.0
3674,138.0,M,1,138.5,143.375
3675,106.0,F,4,114.25,113.6875
3676,144.0,F,5,141.5,140.75
3677,48.0,M,1,74.125,72.0625
3678,100.0,F,3,111.625,103.9375
3679,132.0,F,2,122.9375,120.5625
3680,42.0,F,4,52.5625,51.625
3681,36.0,F,5,41.375,45.1875
3682,144.0,F,2,131.125,132.125
3683,150.0,M,5,142.0,143.0
3684,156.0,M,2,155.125,154.875
3685,132.0,F,4,121.125,119.125
3686,147.0,M,4,150.625,148.5
3687,60.0,M,5,56.9375,60.5
3688,15.0,M,1,17.171875,19.171875
3689,120.0,F,3,133.75,132.375
3690,72.0,M,5,65.8125,68.5
3691,132.0,F,5,121.0625,119.4375
3692,42.0,F,3,38.9375,46.6875
3693,144.0,F,1,127.1875,127.0625
3694,204.0,M,5,208.625,205.25
3695,42.0,F,1,49.625,57.625
3696,132.0,F,2,132.75,131.75
3697,156.0,F,2,149.375,150.25
3698,168.0,M,3,166.375,167.25
3699,156.0,F,2,141.25,142.375
3700,200.0,M,4,183.25,182.875
3701,138.0,F,5,123.75,122.125
3702,168.0,M,1,158.875,160.5
3703,106.0,F,2,105.0,107.5625
3704,108.0,M,1,105.25,111.0
3705,138.0,M,2,146.5,148.25
3706,192.0,M,4,201.75,196.625
3707,144.0,F,3,140.75,136.125
3708,144.0,F,5,137.625,133.125
3709,55.0,F,5,68.0,72.5
3710,96.0,M,3,108.0625,99.6875
3711,24.0,F,2,31.859375,31.171875
3712,106.0,F,2,130.375,129.5
3713,150.0,M,2,144.0,144.25
3714,54.0,M,5,44.5,48.5625
3715,120.0,F,4,120.625,122.25
3716,106.0,F,2,88.25,84.0625
3717,120.0,F,4,113.375,114.8125
3718,150.0,M,1,152.0,150.0
3719,138.0,F,1,143.375,145.25
3720,126.0,M,2,121.875,116.875
3721,150.0,M,4,144.875,143.0
3722,42.0,M,1,45.25,42.1875
3723,156.0,F,2,148.875,148.375
3724,48.0,M,2,45.6875,44.0
3725,100.0,F,4,106.5625,104.625
3726,162.0,F,1,162.375,167.375
3727,168.0,M,5,165.375,163.75
3728,88.0,M,3,99.375,103.0625
3729,212.0,M,1,203.375,207.125
3730,60.0,F,1,63.125,69.5
3731,150.0,M,2,157.5,159.0
3732,30.0,F,4,32.125,36.1875
3733,120.0,F,2,130.125,128.625
3734,180.0,M,3,210.375,206.125
3735,54.0,M,5,67.9375,62.0625
3736,100.0,F,2,92.8125,85.4375
3737,180.0,F,1,130.875,139.625
3738,132.0,F,2,148.625,147.25
3739,158.0,M,4,156.75,156.75
3740,156.0,F,3,126.5625,126.875
3741,168.0,M,3,164.0,165.0
3742,144.0,M,3,149.125,146.875
3743,120.0,F,5,126.0625,134.375
3744,168.0,M,4,161.75,162.375
3745,150.0,M,3,155.25,154.125
3746,120.0,F,5,122.6875,118.125
3747,36.0,F,3,29.859375,33.125
3748,162.0,F,3,154.125,157.125
3749,168.0,M,4,157.875,159.75
3750,198.0,M,3,196.5,196.625
3751,159.0,F,1,158.125,162.125
3752,162.0,F,2,167.125,166.75
3753,150.0,F,5,148.75,147.625
3754,132.0,M,2,122.625,123.625
3755,154.0,M,4,157.25,155.5
3756,36.0,F,5,37.0,41.75
3757,138.0,M,2,128.0,121.6875
3758,156.0,M,2,158.875,163.125
3759,120.0,M,5,122.75,125.625
3760,144.0,F,4,126.3125,126.8125
3761,138.0,F,4,135.75,141.125
3762,132.0,M,4,143.375,142.75
3763,36.0,F,5,42.0,41.6875
3764,54.0,M,3,35.0625,41.0625
3765,162.0,F,3,151.5,150.875
3766,28.0,M,4,35.625,39.1875
3767,114.0,M,3,118.75,116.875
3768,168.0,M,3,147.75,143.0
3769,108.0,M,1,93.875,90.875
3770,144.0,M,5,142.625,144.5
3771,192.0,M,5,201.875,200.75
3772,156.0,F,1,135.125,142.125
3773,140.0,F,4,142.5,143.25
3774,180.0,M,1,195.875,201.125
3775,156.0,F,2,142.875,146.125
3776,144.0,F,5,120.25,119.5
3777,189.0,M,3,202.125,201.75
3778,162.0,M,5,155.25,157.625
3779,132.0,M,4,124.125,119.3125
3780,106.0,F,5,106.125,105.4375
3781,120.0,F,2,123.6875,120.25
3782,120.0,F,2,102.0625,101.8125
3783,144.0,F,2,135.875,139.125
3784,69.0,F,2,60.4375,65.375
3785,156.0,M,2,149.5,149.25
3786,120.0,M,4,141.75,139.0
3787,120.0,F,1,136.625,137.375
3788,120.0,M,5,126.6875,128.25
3789,120.0,F,2,130.25,133.0
3790,150.0,M,2,150.375,151.75
3791,120.0,M,3,118.5,115.4375
3792,144.0,F,2,128.5,129.25
3793,170.0,M,1,169.375,172.125
3794,144.0,F,1,147.625,147.5
3795,120.0,F,2,132.375,129.875
3796,164.0,M,2,162.5,163.25
3797,90.0,F,4,84.5625,79.5625
3798,192.0,M,5,201.375,201.0
3799,168.0,M,3,160.25,158.625
3800,150.0,M,4,148.625,150.5
3801,162.0,F,3,157.5,151.375
3802,144.0,F,5,136.0,133.5
3803,180.0,F,2,178.625,181.125
3804,162.0,M,5,167.125,167.0
3805,120.0,M,2,120.8125,110.625
3806,1.0,M,5,18.484375,22.484375
3807,144.0,F,1,143.0,146.0
3808,144.0,F,2,134.625,138.875
3809,168.0,M,5,166.625,164.0
3810,156.0,F,1,148.75,156.625
3811,24.0,M,5,41.9375,46.0625
3812,42.0,M,1,34.375,30.484375
3813,132.0,M,4,147.375,146.625
3814,138.0,F,3,142.875,141.5
3815,216.0,F,3,191.875,194.875
3816,132.0,F,3,129.75,126.625
3817,82.0,F,5,87.625,85.75
3818,138.0,M,5,140.625,142.625
3819,94.0,F,4,81.75,74.375
3820,36.0,M,3,45.875,48.125
3821,84.0,M,4,76.0625,75.375
3822,96.0,F,2,97.875,91.875
3823,18.0,F,3,11.8046875,11.5546875
3824,156.0,M,3,161.875,163.875
3825,50.0,F,1,61.9375,61.875
3826,192.0,M,4,197.375,190.875
3827,42.0,M,1,33.625,33.375
3828,156.0,F,2,137.875,140.875
3829,180.0,F,4,171.75,167.625
3830,135.0,M,5,138.875,137.125
3831,165.0,M,1,162.875,163.625
3832,49.0,F,4,62.375,51.625
3833,192.0,M,1,199.0,203.25
3834,156.0,M,4,147.625,148.75
3835,126.0,F,5,115.5625,117.875
3836,162.0,M,5,161.625,161.75
3837,138.0,M,5,125.4375,125.375
3838,126.0,F,1,147.125,148.25
3839,144.0,F,1,137.625,142.125
3840,166.0,F,2,162.125,164.125
3841,162.0,M,1,159.875,162.875
3842,138.0,F,2,117.9375,113.75
3843,168.0,M,1,171.375,172.875
3844,162.0,F,5,162.625,162.0
3845,84.0,F,2,102.3125,92.9375
3846,156.0,M,5,155.25,154.625
3847,144.0,F,3,140.625,135.875
3848,156.0,M,1,155.875,157.625
3849,150.0,F,5,140.375,135.625
3850,138.0,F,2,136.75,136.125
3851,120.0,M,2,121.8125,118.8125
3852,94.0,F,1,100.6875,104.125
3853,107.0,F,3,124.375,120.875
3854,144.0,F,2,149.875,149.75
3855,51.0,M,3,56.875,60.625
3856,144.0,F,5,142.875,143.375
3857,120.0,F,5,106.1875,107.125
3858,113.0,F,1,110.0,114.1875
3859,144.0,F,1,134.875,135.5
3860,186.0,F,4,181.375,175.625
3861,174.0,F,5,180.0,179.125
3862,34.0,M,3,39.4375,42.6875
3863,50.0,F,5,55.9375,52.9375
3864,106.0,F,2,108.75,107.5
3865,162.0,M,1,166.375,167.25
3866,120.0,F,2,124.125,122.125
3867,162.0,F,5,171.0,169.875
3868,66.0,M,4,81.3125,75.8125
3869,160.0,F,3,167.0,168.0
3870,150.0,M,4,155.5,157.125
3871,144.0,F,5,126.6875,129.875
3872,120.0,M,1,127.0,126.625
3873,156.0,M,3,158.0,159.25
3874,210.0,M,3,207.625,208.125
3875,216.0,M,1,201.5,205.75
3876,67.0,F,2,63.71875,65.1875
3877,126.0,F,3,118.5625,115.8125
3878,50.0,F,5,48.125,53.875
3879,132.0,F,5,152.25,152.5
3880,21.0,M,3,18.046875,17.109375
3881,132.0,M,3,134.25,135.625
3882,180.0,F,1,178.0,180.5
3883,120.0,M,3,107.25,100.9375
3884,144.0,M,4,142.25,139.5
3885,204.0,M,4,178.0,171.375
3886,82.0,F,3,79.8125,79.6875
3887,82.0,F,5,81.6875,81.75
3888,120.0,F,2,133.625,129.125
3889,204.0,F,2,183.125,203.25
3890,120.0,F,4,118.25,118.5
3891,144.0,F,2,149.375,150.25
3892,162.0,F,5,162.25,163.875
3893,132.0,F,2,124.0625,128.625
3894,159.0,F,5,156.875,157.25
3895,84.0,M,3,70.375,77.0625
3896,156.0,F,1,164.125,168.0
3897,32.0,M,4,28.234375,33.3125
3898,114.0,M,2,119.5,117.75
3899,216.0,M,1,198.875,200.25
3900,212.0,M,3,220.25,225.0
3901,150.0,M,3,152.0,152.5
3902,126.0,M,2,137.5,139.0
3903,159.0,F,1,165.75,168.0
3904,60.0,M,5,68.25,69.625
3905,54.0,M,4,67.0625,69.5
3906,146.0,M,1,151.625,150.25
3907,132.0,F,1,114.0,114.1875
3908,106.0,F,3,123.5,121.5625
3909,84.0,M,2,89.5,86.375
3910,156.0,M,3,147.125,145.75
3911,96.0,M,2,132.25,118.6875
3912,113.0,F,3,99.5625,99.6875
3913,84.0,M,3,88.125,93.25
3914,138.0,M,4,134.375,131.25
3915,132.0,F,1,118.375,116.6875
3916,120.0,F,4,131.125,131.375
3917,120.0,M,1,128.125,130.875
3918,94.0,F,1,88.3125,87.875
3919,10.0,M,5,19.171875,23.296875
3920,150.0,F,2,144.125,142.875
3921,132.0,F,4,110.9375,117.5
3922,136.0,F,5,127.9375,130.75
3923,150.0,M,5,145.625,148.5
3924,120.0,F,5,122.25,122.1875
3925,180.0,M,3,173.125,172.125
3926,165.0,F,4,154.125,157.125
3927,94.0,F,5,89.75,92.9375
3928,101.0,F,2,95.9375,94.3125
3929,84.0,M,3,90.625,93.8125
3930,180.0,M,5,189.875,191.75
3931,162.0,M,4,165.875,170.5
3932,162.0,M,2,171.75,173.375
3933,168.0,M,2,167.125,168.125
3934,113.0,F,5,108.75,110.8125
3935,10.0,F,1,13.0546875,8.8671875
3936,183.0,M,3,186.0,189.625
3937,165.0,M,5,156.625,158.25
3938,144.0,M,3,140.125,130.625
3939,132.0,M,5,122.625,122.5
3940,106.0,F,5,120.875,124.3125
3941,94.0,F,2,94.0,89.0625
3942,164.0,M,4,158.875,157.625
3943,150.0,M,4,146.125,148.125
3944,60.0,M,1,66.625,60.5625
3945,144.0,F,2,139.5,143.75
3946,180.0,F,2,173.5,179.0
3947,150.0,M,4,155.5,156.125
3948,144.0,F,3,132.5,128.75
3949,138.0,F,5,133.0,134.5
3950,168.0,F,1,161.875,164.75
3951,90.0,F,2,90.4375,93.125
3952,162.0,F,5,165.5,165.625
3953,192.0,F,5,188.75,190.75
3954,228.0,F,1,201.125,195.75
3955,108.0,M,1,84.625,85.0
3956,132.0,M,2,148.875,154.875
3957,180.0,M,5,187.0,188.25
3958,120.0,M,3,153.5,152.375
3959,192.0,F,2,187.0,194.125
3960,60.0,M,3,52.0,60.0625
3961,174.0,M,4,165.5,169.25
3962,156.0,M,5,160.625,160.75
3963,156.0,F,3,145.875,145.0
3964,168.0,F,4,158.125,159.5
3965,106.0,F,2,96.625,92.0
3966,156.0,F,2,149.375,152.125
3967,114.0,M,4,106.625,95.0
3968,84.0,M,3,87.5,92.6875
3969,72.0,M,1,79.4375,77.375
3970,192.0,M,3,213.75,215.625
3971,144.0,M,5,152.5,150.875
3972,94.0,F,4,90.5625,88.4375
3973,180.0,M,1,181.125,183.625
3974,126.0,F,4,122.3125,122.4375
3975,168.0,M,3,180.875,182.75
3976,106.0,F,3,113.4375,112.0625
3977,132.0,F,5,134.875,134.75
3978,180.0,M,3,180.125,180.0
3979,84.0,M,2,109.75,108.6875
3980,168.0,M,1,173.625,177.375
3981,180.0,M,4,211.625,201.75
3982,204.0,M,2,193.75,201.75
3983,18.0,M,3,14.3046875,13.6171875
3984,186.0,M,4,188.75,184.375
3985,63.0,M,2,88.9375,77.4375
3986,192.0,M,1,198.25,201.375
3987,54.0,M,5,65.5,66.3125
3988,168.0,F,5,163.875,163.125
3989,132.0,M,5,124.5625,125.25
3990,162.0,M,5,165.875,163.5
3991,162.0,M,3,165.25,166.125
3992,138.0,F,4,140.75,148.375
3993,132.0,F,4,140.125,140.0
3994,51.0,M,3,56.625,61.75
3995,144.0,M,2,141.375,141.0
3996,144.0,F,2,143.0,146.5
3997,132.0,F,1,134.5,134.625
3998,17.0,M,4,30.546875,33.0
3999,120.0,M,5,140.875,142.375
4000,106.0,F,3,102.75,100.9375
4001,132.0,F,5,121.3125,125.25
4002,132.0,F,5,141.125,140.25
4003,150.0,M,2,140.25,134.875
4004,180.0,F,3,169.125,168.625
4005,156.0,F,1,169.25,173.125
4006,132.0,M,4,138.125,134.25
4007,28.0,M,5,37.6875,39.0625
4008,106.0,F,3,102.0,94.625
4009,76.0,M,2,82.25,86.1875
4010,120.0,M,3,110.0,111.5625
4011,156.0,M,2,145.125,149.75
4012,156.0,M,4,164.875,168.25
4013,132.0,M,3,129.75,124.0625
4014,132.0,M,3,133.625,135.75
4015,120.0,M,1,137.625,138.75
4016,144.0,M,4,149.625,148.5
4017,24.0,M,1,42.75,40.5
4018,163.0,M,4,158.5,158.25
4019,180.0,F,1,174.875,177.125
4020,150.0,M,5,154.75,153.0
4021,82.0,F,5,96.25,97.25
4022,18.0,F,5,19.421875,23.546875
4023,156.0,M,2,158.25,158.0
4024,156.0,M,1,154.875,156.125
4025,120.0,F,5,133.0,131.0
4026,134.0,M,2,154.875,156.75
4027,120.0,F,3,82.75,88.8125
4028,144.0,F,1,145.875,144.75
4029,156.0,M,1,159.75,161.375
4030,144.0,F,3,143.375,147.25
4031,168.0,F,1,146.125,150.625
4032,96.0,M,2,105.25,97.5625
4033,82.0,F,2,73.3125,82.5
4034,94.0,F,3,107.875,112.5
4035,204.0,M,1,193.875,198.125
4036,150.0,M,3,148.375,142.125
4037,156.0,F,1,145.5,147.0
4038,180.0,F,3,172.125,172.5
4039,72.0,M,5,82.9375,77.1875
4040,78.0,M,5,96.625,97.5
4041,96.0,M,1,102.75,108.75
4042,204.0,M,3,202.625,202.875
4043,184.0,M,5,202.625,204.875
4044,174.0,F,2,174.25,181.375
4045,72.0,M,5,71.1875,66.0625
4046,144.0,F,4,128.875,132.875
4047,87.0,M,1,78.0,74.625
4048,144.0,F,4,144.25,147.375
4049,52.0,M,5,46.875,49.3125
4050,216.0,M,5,211.75,222.0
4051,88.0,M,3,89.875,97.6875
4052,182.0,M,1,181.0,185.75
4053,180.0,F,1,167.125,170.625
4054,156.0,M,2,163.0,166.5
4055,180.0,F,1,172.625,177.875
4056,94.0,F,5,88.875,87.4375
4057,156.0,M,1,154.5,152.625
4058,168.0,M,1,170.5,170.5
4059,60.0,F,1,55.6875,56.5625
4060,30.0,F,2,33.0,29.484375
4061,168.0,M,1,170.0,171.75
4062,94.0,F,5,100.8125,99.625
4063,120.0,F,2,130.0,128.75
4064,144.0,F,3,153.5,153.125
4065,168.0,F,2,167.5,171.125
4066,156.0,F,3,143.875,149.0
4067,153.0,M,5,154.875,146.0
4068,147.0,F,5,145.25,142.875
4069,156.0,M,2,149.25,151.5
4070,180.0,M,2,181.875,182.0
4071,186.0,M,5,185.125,188.75
4072,24.0,F,3,19.296875,18.796875
4073,204.0,M,5,203.5,202.25
4074,168.0,M,2,158.25,156.875
4075,120.0,M,4,145.0,148.375
4076,180.0,F,4,182.375,176.125
4077,54.0,M,1,56.8125,51.0625
4078,100.0,M,4,109.75,107.3125
4079,144.0,F,4,143.625,145.625
4080,42.0,F,4,41.3125,42.25
4081,156.0,M,5,160.375,161.375
4082,165.0,M,4,152.875,153.25
4083,180.0,F,3,163.75,164.5
4084,156.0,F,5,164.0,165.875
4085,102.0,M,1,105.25,108.875
4086,156.0,M,5,149.0,150.125
4087,150.0,M,4,150.5,150.875
4088,120.0,F,3,123.6875,119.6875
4089,142.0,M,3,139.0,145.625
4090,96.0,M,3,120.0,112.4375
4091,113.0,F,1,131.875,134.0
4092,156.0,F,5,162.875,162.25
4093,144.0,F,1,145.625,146.375
4094,82.0,F,4,108.0,106.9375
4095,180.0,M,3,180.375,181.625
4096,168.0,M,1,160.625,164.0
4097,168.0,M,1,161.0,169.0
4098,168.0,M,5,165.25,164.75
4099,189.0,M,1,198.25,201.25
4100,162.0,F,2,158.5,160.875
4101,82.0,F,2,90.0625,89.4375
4102,69.0,F,5,60.9375,62.3125
4103,69.0,F,5,58.375,58.0
4104,114.0,M,1,138.0,136.25
4105,165.0,M,5,156.875,159.375
4106,144.0,F,3,133.875,131.5
4107,94.0,F,4,100.75,98.3125
4108,94.0,F,1,115.6875,121.375
4109,198.0,M,5,204.75,201.625
4110,204.0,M,5,208.125,206.875
4111,120.0,M,5,125.6875,132.5
4112,156.0,M,5,152.375,150.875
4113,138.0,M,2,138.375,138.25
4114,156.0,M,3,149.5,150.25
4115,144.0,F,2,145.75,145.5
4116,120.0,M,4,111.125,107.875
4117,24.0,F,4,14.8671875,20.109375
4118,106.0,F,5,103.375,103.75
4119,3.0,F,5,26.296875,29.921875
4120,21.0,M,2,38.25,38.8125
4121,32.0,M,4,31.921875,36.625
4122,132.0,F,1,143.875,143.25
4123,106.0,F,4,119.5625,120.75
4124,132.0,F,2,133.0,130.875
4125,120.0,F,1,120.6875,122.1875
4126,132.0,M,4,89.125,87.375
4127,15.0,F,4,-4.51171875,6.36328125
4128,15.0,M,4,13.8046875,15.6796875
4129,120.0,F,4,126.0625,129.875
4130,120.0,F,2,133.25,129.375
4131,179.0,M,5,180.75,181.875
4132,108.0,M,2,116.8125,113.75
4133,69.0,F,5,77.375,71.375
4134,96.0,M,2,86.0625,85.125
4135,106.0,F,5,119.5625,122.5
4136,132.0,F,4,130.0,130.5
4137,164.0,F,3,172.375,179.0
4138,94.0,F,1,70.0,96.6875
4139,138.0,M,5,139.75,135.625
4140,115.0,F,4,114.6875,113.5625
4141,162.0,F,4,151.75,148.75
4142,72.0,M,1,86.3125,87.6875
4143,132.0,M,4,126.625,119.375
4144,168.0,M,4,164.75,167.25
4145,144.0,F,2,138.375,143.375
4146,180.0,M,4,160.875,160.375
4147,180.0,M,1,160.75,168.25
4148,156.0,F,2,145.875,142.5
4149,144.0,F,2,142.75,141.0
4150,27.0,F,1,34.4375,32.125
4151,138.0,F,1,135.625,138.125
4152,108.0,M,4,113.8125,104.875
4153,162.0,F,1,153.75,156.375
4154,102.0,M,2,115.1875,111.125
4155,132.0,M,1,147.125,145.125
4156,168.0,M,1,160.75,162.75
4157,150.0,M,5,148.125,144.75
4158,114.0,F,3,129.75,126.5625
4159,120.0,F,1,119.625,126.75
4160,168.0,F,4,162.25,161.5
4161,144.0,F,4,144.5,143.5
4162,156.0,F,2,126.875,128.625
4163,94.0,F,4,102.6875,99.125
4164,168.0,M,1,163.75,165.625
4165,108.0,M,2,127.375,132.25
4166,24.0,M,2,31.171875,20.421875
4167,72.0,M,2,76.625,80.4375
4168,168.0,F,2,165.25,166.25
4169,132.0,F,2,144.0,140.75
4170,180.0,M,1,174.625,179.125
4171,192.0,M,2,191.375,197.875
4172,54.0,M,3,53.5625,53.5
4173,198.0,M,4,205.5,199.75
4174,132.0,F,5,140.125,137.5
4175,108.0,M,4,112.125,110.0625
4176,138.0,M,4,128.0,124.6875
4177,198.0,M,3,191.25,195.25
4178,192.0,F,2,191.125,197.75
4179,120.0,F,2,115.5,112.25
4180,174.0,F,1,177.125,178.0
4181,100.0,F,5,98.125,97.1875
4182,100.0,F,5,103.0,104.1875
4183,132.0,F,4,123.125,123.0625
4184,204.0,M,3,228.375,230.25
4185,54.0,M,5,61.0,62.375
4186,120.0,F,4,103.3125,94.9375
4187,156.0,F,5,152.5,152.625
4188,186.0,M,4,178.5,182.625
4189,50.0,F,2,46.3125,49.8125
4190,72.0,M,2,66.5625,72.5
4191,156.0,F,1,126.0,130.25
4192,180.0,M,4,170.375,174.75
4193,66.0,M,5,101.125,96.25
4194,58.0,M,5,41.9375,42.6875
4195,168.0,M,4,195.375,188.0
4196,106.0,F,5,130.5,129.875
4197,113.0,F,1,96.0,101.9375
4198,156.0,M,3,161.625,161.875
4199,228.0,M,1,211.375,217.875
4200,132.0,M,1,122.5625,127.25
4201,162.0,M,5,165.875,162.875
4202,101.0,M,4,68.1875,67.3125
4203,75.0,M,5,80.4375,77.5625
4204,132.0,M,3,128.125,115.9375
4205,132.0,M,3,140.75,137.75
4206,138.0,M,4,148.25,148.5
4207,144.0,M,3,142.5,139.375
4208,168.0,F,3,170.375,172.5
4209,186.0,F,5,184.625,182.5
4210,106.0,F,3,115.0625,120.4375
4211,144.0,F,5,142.5,141.625
4212,132.0,F,2,131.625,130.125
4213,132.0,F,2,150.0,148.625
4214,156.0,M,1,157.25,160.0
4215,94.0,F,1,96.75,101.0
4216,106.0,F,1,105.25,105.1875
4217,6.0,F,5,9.3671875,15.7421875
4218,156.0,F,5,159.75,159.5
4219,216.0,M,4,206.375,203.625
4220,150.0,M,1,149.25,150.25
4221,156.0,F,5,152.875,148.375
4222,42.0,M,3,43.625,42.4375
4223,198.0,M,2,201.625,204.5
4224,106.0,F,2,93.4375,93.5625
4225,150.0,M,3,143.0,140.875
4226,168.0,M,1,164.875,165.5
4227,204.0,F,5,198.375,199.5
4228,138.0,M,4,127.5,127.9375
4229,106.0,F,4,105.5625,104.5625
4230,144.0,F,3,125.875,124.5625
4231,216.0,F,4,198.0,202.125
4232,192.0,F,2,174.625,180.75
4233,156.0,M,3,160.375,158.625
4234,144.0,F,2,134.25,130.875
4235,94.0,F,4,102.3125,98.1875
4236,162.0,M,2,158.625,159.75
4237,30.0,F,3,32.125,24.984375
4238,150.0,M,3,150.0,149.125
4239,88.0,F,1,93.25,98.25
4240,162.0,F,4,163.375,160.25
4241,72.0,M,4,101.75,94.5
4242,156.0,F,1,137.375,137.375
4243,90.0,M,2,124.125,129.0
4244,18.0,F,1,21.296875,19.546875
4245,113.0,F,4,107.0625,110.3125
4246,168.0,M,2,162.0,163.75
4247,144.0,F,1,152.5,153.0
4248,72.0,M,2,74.0,75.8125
4249,156.0,M,1,157.75,162.25
4250,138.0,M,4,135.375,128.875
4251,162.0,F,3,149.75,149.375
4252,150.0,M,2,138.875,128.25
4253,150.0,M,3,149.5,149.875
4254,94.0,F,5,96.1875,96.3125
4255,186.0,M,1,195.25,196.125
4256,160.0,F,4,153.75,158.0
4257,168.0,M,5,168.625,168.625
4258,144.0,F,5,143.0,140.875
4259,168.0,M,5,164.875,163.375
4260,15.0,M,5,18.484375,20.796875
4261,106.0,F,3,129.125,131.5
4262,153.0,M,3,154.875,152.75
4263,132.0,F,5,147.375,146.375
4264,150.0,F,1,154.5,155.0
4265,132.0,F,3,140.875,140.125
4266,156.0,M,4,157.0,155.25
4267,156.0,F,3,140.625,138.625
4268,162.0,M,3,161.875,160.75
4269,162.0,M,1,165.375,166.875
4270,165.0,F,2,164.625,166.5
4271,132.0,M,4,139.625,135.875
4272,60.0,F,1,53.3125,55.4375
4273,156.0,F,2,159.5,159.75
4274,24.0,F,3,16.484375,21.046875
4275,168.0,M,5,166.0,166.25
4276,24.0,F,5,22.234375,26.109375
4277,153.0,M,4,153.625,154.625
4278,189.0,M,1,187.75,193.0
4279,60.0,M,1,58.625,54.0625
4280,156.0,M,4,155.375,154.375
4281,48.0,M,5,40.9375,41.4375
4282,204.0,M,4,202.75,199.0
4283,174.0,F,3,180.375,182.75
4284,60.0,F,2,60.4375,67.75
4285,162.0,M,4,163.875,165.625
4286,75.0,F,4,93.875,87.4375
4287,132.0,F,2,135.875,135.75
4288,192.0,M,5,198.375,197.25
4289,168.0,F,2,168.5,173.625
4290,132.0,F,1,138.25,142.375
4291,156.0,M,2,156.875,156.5
4292,106.0,F,1,121.8125,127.375
4293,150.0,M,1,142.875,142.375
4294,138.0,F,5,143.375,139.625
4295,132.0,F,1,126.4375,129.375
4296,180.0,M,3,164.375,165.125
4297,94.0,F,3,105.75,102.0625
4298,42.0,M,1,48.5,43.625
4299,150.0,M,3,166.375,165.875
4300,168.0,M,2,157.375,160.375
4301,54.0,M,3,58.625,65.625
4302,159.0,M,3,156.0,154.375
4303,162.0,F,5,162.125,160.25
4304,168.0,M,4,159.625,159.75
4305,132.0,F,3,134.25,134.125
4306,132.0,F,3,133.375,129.75
4307,138.0,M,5,141.75,145.625
4308,108.0,M,1,118.25,118.9375
4309,132.0,F,1,127.6875,127.6875
4310,60.0,M,2,58.8125,59.25
4311,156.0,F,3,156.5,152.25
4312,204.0,F,5,197.875,196.875
4313,150.0,F,1,138.5,145.25
4314,120.0,F,5,137.375,132.25
4315,156.0,F,4,140.625,143.75
4316,156.0,M,1,154.5,157.5
4317,156.0,F,1,142.125,144.125
4318,156.0,M,1,166.5,166.375
4319,135.0,M,4,139.25,136.75
4320,162.0,F,5,157.5,157.625
4321,144.0,F,1,143.75,144.0
4322,82.0,F,4,91.25,92.4375
4323,168.0,F,2,160.75,162.75
4324,162.0,F,5,162.0,163.625
4325,18.0,F,5,16.484375,21.046875
4326,150.0,M,5,152.25,151.625
4327,120.0,F,1,130.25,132.125
4328,180.0,M,1,180.5,183.25
4329,180.0,M,3,171.875,171.125
4330,150.0,F,5,133.0,131.75
4331,94.0,F,3,110.25,109.6875
4332,45.0,M,2,45.0,42.875
4333,90.0,F,5,92.4375,92.5625
4334,156.0,F,4,157.625,158.0
4335,180.0,F,4,182.0,178.75
4336,150.0,M,2,156.25,156.75
4337,100.0,F,5,139.375,139.125
4338,126.0,M,2,123.5,114.8125
4339,183.0,F,1,161.75,163.375
4340,174.0,F,3,202.375,200.375
4341,162.0,M,3,156.125,154.875
4342,132.0,F,4,123.875,121.9375
4343,94.0,F,5,95.125,93.875
4344,162.0,M,3,162.5,160.5
4345,144.0,F,4,145.375,152.75
4346,32.0,M,4,21.859375,34.125
4347,162.0,M,1,166.125,166.625
4348,160.0,F,3,139.75,136.875
4349,156.0,F,1,146.125,149.5
4350,144.0,M,1,129.875,129.0
4351,144.0,F,4,143.25,146.5
4352,180.0,M,1,181.5,183.875
4353,180.0,M,5,167.5,171.375
4354,120.0,F,2,129.0,126.8125
4355,204.0,M,5,203.625,201.875
4356,100.0,M,1,85.3125,95.125
4357,162.0,M,1,170.625,174.125
4358,204.0,F,2,183.875,196.0
4359,138.0,M,5,138.0,139.125
4560,156.0,F,4,155.5,156.125
4561,108.0,M,3,101.25,100.375
4562,156.0,M,1,163.5,163.75
4563,132.0,F,1,143.25,142.875
4564,156.0,M,2,167.375,169.875
4565,48.0,M,2,63.84375,67.25
4566,120.0,M,1,130.625,128.875
4567,84.0,M,1,84.8125,80.875
4568,96.0,F,1,106.0,107.3125
4569,96.0,F,2,111.25,106.8125
4570,156.0,M,3,156.75,155.75
4571,132.0,F,2,140.5,138.875
4572,132.0,F,5,124.625,123.9375
4573,72.0,F,3,85.25,88.8125
4574,132.0,F,3,117.8125,114.875
4575,156.0,F,1,151.375,149.75
4576,156.0,M,2,169.0,169.875
4577,120.0,F,2,117.3125,119.8125
4578,84.0,F,2,100.0625,98.5625
4579,156.0,M,2,165.0,164.0
4580,168.0,M,2,169.25,171.375
4581,48.0,F,3,36.5625,38.6875
4582,96.0,F,4,109.375,109.375
4583,156.0,M,1,160.5,160.25
4584,84.0,F,2,96.75,89.9375
4585,36.0,F,5,44.4375,46.1875
4586,36.0,F,3,27.984375,28.484375
4587,180.0,M,1,171.625,173.25
4588,132.0,M,5,141.0,142.5
4589,168.0,M,1,171.375,170.375
4590,186.0,F,2,176.25,181.0
4591,120.0,F,3,126.875,125.8125
4592,138.0,M,3,117.125,120.4375
4593,126.0,M,2,145.75,145.75
4594,54.0,F,5,58.5,58.75
4595,76.0,F,5,81.8125,83.5625
4596,132.0,F,1,139.125,139.125
4597,114.0,M,1,116.9375,118.4375
4598,156.0,F,4,165.0,164.25
4599,132.0,F,2,139.125,141.375
4600,96.0,M,4,103.125,91.625
4601,120.0,F,1,114.75,118.125
4602,84.0,F,1,101.25,97.0625
4603,132.0,F,2,130.125,131.375
4604,144.0,F,3,144.0,145.25
4605,106.0,F,3,115.125,115.75
4606,60.0,M,4,62.5,59.375
4607,132.0,M,5,136.625,140.25
4608,156.0,M,3,163.125,162.875
4609,72.0,F,5,79.5625,78.75
4610,120.0,F,1,125.5,125.0625
4611,96.0,M,4,99.0,100.625
4612,72.0,F,2,89.1875,82.75
4613,168.0,M,5,170.125,169.625
4614,144.0,F,1,144.25,146.375
4615,168.0,M,5,181.375,179.875
4616,162.0,M,2,162.625,161.875
4617,88.0,F,5,88.125,87.6875
4618,88.0,F,4,100.1875,97.125
4619,132.0,M,5,131.5,135.375
4620,144.0,M,1,139.5,138.625
4621,24.0,F,1,27.421875,24.171875
4622,144.0,F,2,142.0,142.375
4623,60.0,F,2,59.5625,64.8125
4624,156.0,M,2,159.25,161.375
4625,180.0,F,4,184.25,181.125
4626,120.0,F,5,107.5,105.6875
4627,144.0,M,3,134.25,134.125
4628,84.0,M,3,84.1875,89.6875
4629,168.0,M,2,165.875,168.25
4630,60.0,F,3,64.625,68.1875
4631,156.0,M,2,160.25,161.875
4632,84.0,M,4,79.5,75.25
4633,132.0,F,5,135.125,134.75
4634,156.0,M,1,159.125,163.375
4635,78.0,M,3,96.125,98.0625
4636,132.0,M,3,136.5,137.75
4637,180.0,M,1,180.5,182.0
4638,84.0,F,5,93.0,92.0625
4639,204.0,M,1,198.25,203.75
4640,144.0,F,1,154.125,151.0
4641,96.0,F,5,102.1875,103.5625
4642,156.0,M,2,153.75,153.75
4643,120.0,F,5,115.9375,114.3125
4644,132.0,M,4,137.625,132.375
4645,156.0,F,5,160.375,159.375
4646,48.0,F,4,51.5,51.25
4647,132.0,M,5,138.75,140.5
4648,180.0,M,1,178.5,179.375
4649,132.0,M,4,136.25,138.75
4650,132.0,F,3,130.625,131.375
4651,168.0,M,2,162.25,165.375
4652,168.0,F,5,170.375,172.0
4653,150.0,M,2,141.375,141.5
4654,96.0,F,5,103.0,102.4375
4655,168.0,M,5,169.375,168.875
4656,153.0,M,2,156.875,156.5
4657,120.0,F,2,127.9375,128.625
4658,156.0,M,2,163.25,165.0
4659,132.0,F,2,129.25,128.25
4660,156.0,M,3,162.25,164.25
4661,180.0,F,4,187.0,183.625
4662,150.0,M,2,150.5,151.75
4663,126.0,M,1,123.375,121.3125
4664,156.0,F,2,149.5,145.875
4665,168.0,M,4,158.625,161.375
4666,144.0,F,5,138.75,139.5
4667,84.0,F,1,87.0625,88.0625
4668,120.0,F,5,116.125,117.5625
4669,144.0,M,4,151.625,149.5
4670,156.0,M,1,152.375,151.75
4671,72.0,M,4,66.0625,63.0625
4672,96.0,F,2,113.1875,108.1875
4673,60.0,F,2,75.375,72.5
4674,144.0,M,4,144.25,144.75
4675,204.0,M,5,206.75,205.125
4676,100.0,F,4,107.125,107.8125
4677,84.0,F,3,93.4375,93.125
4678,132.0,F,4,137.25,138.25
4679,120.0,M,2,127.4375,119.0
4680,132.0,M,5,145.75,145.5
4681,126.0,F,3,116.25,115.0
4682,168.0,M,5,162.375,159.75
4683,96.0,F,2,117.75,119.125
4684,132.0,M,1,132.5,131.0
4685,42.0,F,5,62.9375,60.5625
4686,72.0,F,3,71.25,73.9375
4687,132.0,F,5,131.25,133.5
4688,156.0,F,4,148.875,152.875
4689,106.0,F,5,99.0,99.375
4690,114.0,M,1,110.125,112.8125
4691,84.0,F,1,95.5,93.5625
4692,72.0,F,1,75.25,76.5
4693,132.0,M,1,130.625,131.375
4694,156.0,M,1,161.0,161.5
4695,132.0,F,3,129.875,129.0
4696,174.0,M,1,179.125,182.125
4697,82.0,F,1,81.625,84.75
4698,144.0,M,2,159.75,163.0
4699,168.0,F,4,163.0,162.625
4700,204.0,M,2,196.0,202.25
4701,84.0,F,2,113.1875,111.5625
4702,120.0,M,4,107.125,103.5625
4703,120.0,F,4,115.8125,114.875
4704,144.0,M,1,150.875,152.5
4705,72.0,M,1,77.3125,73.0
4706,120.0,F,2,119.9375,123.125
4707,96.0,M,1,104.0625,99.6875
4708,204.0,M,5,206.0,206.125
4709,132.0,M,5,149.75,149.625
4710,210.0,F,4,198.625,198.0
4711,108.0,M,1,90.0,84.625
4712,60.0,F,1,64.8125,61.5625
4713,132.0,F,2,129.875,130.125
4714,165.0,M,4,162.75,164.0
4715,120.0,F,1,123.5,123.6875
4716,132.0,F,1,126.875,128.625
4717,54.0,M,1,75.25,63.28125
4718,120.0,F,5,118.0625,116.1875
4719,96.0,F,4,105.6875,96.4375
4720,120.0,M,5,124.3125,124.1875
4721,132.0,F,4,138.625,142.125
4722,180.0,M,2,185.5,187.875
4723,156.0,M,5,164.875,165.0
4724,156.0,F,5,144.25,141.375
4725,156.0,M,3,159.375,157.875
4726,120.0,M,3,125.75,123.875
4727,132.0,F,3,129.5,131.0
4728,156.0,F,5,164.5,164.375
4729,132.0,F,2,137.5,140.5
4730,156.0,F,5,149.125,146.875
4731,144.0,M,1,128.5,131.25
4732,192.0,F,5,170.125,171.375
4733,144.0,M,3,150.625,150.0
4734,120.0,F,5,124.5,123.25
4735,126.0,F,2,131.625,129.5
4736,96.0,F,4,112.25,109.125
4737,180.0,M,5,185.0,183.0
4738,120.0,M,4,109.625,106.9375
4739,120.0,M,2,103.0,94.25
4740,72.0,M,1,89.625,91.375
4741,96.0,F,5,111.1875,111.0625
4742,192.0,M,4,178.625,179.0
4743,84.0,M,4,79.3125,77.0625
4744,168.0,M,2,170.375,173.125
4745,144.0,F,4,145.125,147.375
4746,132.0,M,2,134.5,133.625
4747,96.0,F,2,100.375,99.3125
4748,72.0,F,5,78.0625,78.5625
4749,144.0,M,4,141.125,137.5
4750,96.0,F,2,118.75,119.125
4751,144.0,F,1,125.125,127.875
4752,72.0,M,2,70.6875,69.3125
4753,102.0,M,3,107.3125,109.375
4754,54.0,M,1,53.0,44.375
4755,168.0,F,1,167.125,170.25
4756,120.0,F,3,137.25,136.125
4757,132.0,M,5,130.5,131.875
4758,138.0,F,5,127.0625,124.9375
4759,72.0,F,5,79.125,78.0625
4760,168.0,F,3,172.875,176.625
4761,96.0,F,5,102.875,105.0625
4762,156.0,F,3,158.5,159.125
4763,156.0,M,4,159.375,160.5
4764,144.0,M,2,154.875,154.5
4765,144.0,M,2,154.875,155.5
4766,156.0,F,5,162.375,160.75
4767,126.0,F,5,123.25,123.6875
4768,168.0,M,1,168.375,165.125
4769,106.0,F,1,97.4375,97.625
4770,156.0,M,3,161.25,160.625
4771,84.0,M,1,86.25,84.4375
4772,106.0,F,1,103.6875,104.5625
4773,132.0,M,2,131.625,124.3125
4774,72.0,M,3,73.625,80.125
4775,144.0,F,1,130.125,123.75
4776,198.0,M,5,201.375,199.875
4777,156.0,F,3,156.0,159.0
4778,156.0,F,1,148.0,148.5
4779,156.0,F,3,163.625,164.875
4780,120.0,F,4,119.25,115.6875
4781,168.0,M,5,169.625,170.125
4782,88.0,F,1,77.875,82.1875
4783,156.0,F,4,142.625,141.625
4784,156.0,M,5,156.625,157.875
4785,156.0,M,3,164.625,165.5
4786,156.0,M,5,161.125,162.375
4787,132.0,F,1,131.5,132.625
4788,55.0,F,3,48.625,52.3125
4789,156.0,F,2,161.5,163.875
4790,156.0,F,3,164.75,166.25
4791,84.0,M,2,96.5625,93.9375
4792,51.0,M,4,38.375,44.875
4793,132.0,M,5,130.5,129.125
4794,120.0,F,4,117.8125,117.125
4795,192.0,M,4,193.875,186.375
4796,153.0,M,3,145.875,143.875
4797,156.0,F,5,161.125,159.125
4798,106.0,F,3,111.3125,107.875
4799,72.0,F,4,94.5625,94.75
4800,144.0,F,4,144.75,148.0
4801,100.0,F,2,102.25,97.0625
4802,120.0,F,5,118.5,117.6875
4803,66.0,M,3,61.4375,63.375
4804,150.0,M,1,152.0,149.125
4805,144.0,M,2,145.75,146.0
4806,132.0,M,2,142.625,140.5
4807,138.0,F,2,135.5,135.125
4808,144.0,M,4,144.0,140.0
4809,96.0,M,4,123.375,122.9375
4810,96.0,M,5,102.375,100.8125
4811,156.0,M,1,147.25,145.625
4812,96.0,F,4,101.0,100.1875
4813,168.0,M,2,170.375,173.375
4814,156.0,M,5,159.125,158.5
4815,96.0,M,2,110.375,110.75
4816,144.0,F,4,139.25,139.75
4817,132.0,M,5,128.375,130.0
4818,57.0,M,4,40.25,47.75
4819,135.0,M,4,123.6875,125.25
4820,168.0,M,5,162.875,162.75
4821,69.0,F,4,74.8125,73.4375
4822,48.0,F,1,53.375,51.75
4823,192.0,F,5,197.875,200.0
4824,180.0,M,3,177.75,177.125
4825,204.0,M,5,203.5,203.375
4826,120.0,F,5,108.5,110.0
4827,120.0,F,3,129.875,131.25
4828,168.0,M,4,169.5,170.125
4829,120.0,F,3,108.125,112.1875
4830,84.0,F,1,89.375,87.6875
4831,72.0,F,5,87.9375,88.1875
4832,156.0,F,4,145.125,143.875
4833,153.0,M,2,152.0,151.375
4834,132.0,F,5,141.0,137.25
4835,72.0,M,5,65.125,64.125
4836,28.0,M,1,34.625,31.109375
4837,144.0,F,5,138.25,139.875
4838,186.0,F,3,183.75,184.125
4839,156.0,M,2,153.0,153.5
4840,156.0,M,5,163.125,162.125
4841,132.0,F,3,133.625,132.375
4842,72.0,F,2,68.6875,71.4375
4843,168.0,M,5,168.125,168.375
4844,60.0,F,4,66.75,68.25
4845,180.0,F,2,179.0,185.625
4846,100.0,F,5,102.375,103.25
4847,156.0,M,1,164.25,163.625
4848,120.0,F,3,124.875,117.875
4849,132.0,F,1,128.375,126.5
4850,156.0,M,1,156.125,158.375
4851,138.0,F,2,134.5,134.25
4852,144.0,M,2,160.0,159.875
4853,96.0,M,2,83.25,86.5
4854,168.0,M,5,170.0,168.875
4855,144.0,F,1,129.75,131.625
4856,36.0,F,2,44.1875,46.3125
4857,180.0,F,4,183.375,182.625
4858,132.0,F,1,133.75,135.5
4859,156.0,F,3,163.0,164.625
4860,96.0,M,3,95.25,101.0625
4861,144.0,F,2,151.25,151.625
4862,126.0,F,3,128.875,128.25
4863,72.0,F,3,75.75,78.4375
4864,96.0,F,5,91.125,91.25
4865,132.0,F,2,141.5,144.25
4866,168.0,M,5,167.125,166.875
4867,180.0,M,5,174.5,171.375
4868,144.0,M,1,150.375,148.625
4869,138.0,F,2,144.5,144.25
4870,162.0,F,1,165.75,167.375
4871,150.0,F,3,138.25,139.0
4872,120.0,F,4,114.0,108.4375
4873,114.0,M,5,109.75,109.4375
4874,132.0,M,5,136.0,135.125
4875,132.0,M,5,149.75,151.375
4876,168.0,M,3,166.5,167.0
4877,168.0,M,5,169.875,166.75
4878,76.0,F,1,68.25,69.8125
4879,132.0,F,1,128.875,130.25
4880,120.0,F,5,124.75,120.5625
4881,156.0,M,2,162.125,162.625
4882,132.0,M,4,140.25,137.125
4883,48.0,F,3,49.375,52.625
4884,168.0,M,1,168.125,170.5
4885,96.0,M,3,111.3125,109.875
4886,126.0,M,1,127.5625,122.75
4887,156.0,F,5,149.375,149.5
4888,106.0,F,5,110.375,110.375
4889,96.0,F,1,98.125,98.75
4890,84.0,F,2,91.9375,88.375
4891,60.0,F,2,56.5,62.0625
4892,204.0,M,4,206.375,205.0
4893,156.0,M,3,165.0,166.0
4894,162.0,M,1,162.125,162.625
4895,96.0,M,3,106.0625,103.5
4896,96.0,F,5,98.5625,100.0
4897,96.0,M,2,78.0625,83.5625
4898,72.0,M,1,75.9375,68.625
4899,60.0,F,3,86.9375,85.75
4900,84.0,F,5,86.3125,84.125
4901,120.0,M,2,117.25,118.5
4902,84.0,F,3,82.375,86.875
4903,156.0,M,4,159.875,162.0
4904,90.0,M,4,101.25,98.3125
4905,106.0,F,3,111.6875,113.5
4906,144.0,F,1,143.75,144.375
4907,144.0,M,1,145.25,145.75
4908,100.0,F,3,110.4375,109.3125
4909,120.0,M,3,117.625,117.3125
4910,120.0,M,5,138.0,136.625
4911,132.0,M,1,128.0,130.875
4912,108.0,M,4,114.25,109.25
4913,156.0,F,4,150.75,151.875
4914,156.0,F,2,147.875,149.375
4915,132.0,M,5,115.0625,117.3125
4916,84.0,F,1,82.3125,82.8125
4917,120.0,M,1,160.625,161.625
4918,156.0,F,5,146.75,147.125
4919,96.0,F,2,95.5,94.25
4920,144.0,M,4,142.0,141.5
4921,96.0,M,2,97.6875,94.875
4922,156.0,F,3,148.25,149.875
4923,180.0,M,5,178.125,176.75
4924,84.0,F,2,102.1875,98.0625
4925,84.0,F,3,99.9375,96.125
4926,168.0,M,3,169.0,169.875
4927,48.0,F,1,54.875,50.5
4928,60.0,F,4,57.5625,56.3125
4929,96.0,M,4,98.1875,94.4375
4930,96.0,F,1,102.625,99.1875
4931,156.0,F,5,159.75,158.875
4932,120.0,F,4,123.8125,121.125
4933,84.0,F,1,98.3125,99.375
4934,144.0,F,1,139.625,139.25
4935,60.0,F,5,69.5625,64.375
4936,168.0,M,2,171.125,178.75
4937,132.0,F,5,125.625,129.75
4938,156.0,F,1,149.25,149.375
4939,132.0,M,2,123.3125,121.1875
4940,204.0,M,1,204.875,207.0
4941,156.0,M,4,157.375,156.25
4942,180.0,M,1,182.0,185.25
4943,60.0,F,2,48.6875,53.0
4944,168.0,M,5,176.75,176.375
4945,108.0,M,5,107.1875,109.25
4946,120.0,M,3,113.375,111.0625
4947,120.0,F,5,116.5625,117.0
4948,96.0,M,1,81.8125,73.875
4949,168.0,M,4,163.75,165.375
4950,168.0,M,4,166.125,169.75
4951,180.0,M,2,182.75,185.625
4952,100.0,F,1,96.0,94.9375
4953,132.0,M,2,146.125,145.375
4954,84.0,F,3,89.5,90.25
4955,84.0,F,5,94.5625,93.0625
4956,156.0,M,1,156.375,158.0
4957,84.0,F,4,96.5625,96.6875
4958,88.0,F,3,74.4375,75.5625
4959,186.0,M,3,180.5,182.25
4960,126.0,M,2,130.125,127.5625
4961,72.0,M,3,64.9375,67.5625
4962,156.0,F,4,155.0,158.0
4963,180.0,M,2,172.75,172.5
4964,156.0,M,2,157.375,162.75
4965,156.0,F,3,156.25,158.25
4966,132.0,M,2,133.625,124.0625
4967,144.0,F,1,145.125,145.0
4968,144.0,F,5,147.75,147.625
4969,113.0,F,1,97.8125,96.8125
4970,48.0,M,1,56.875,50.5625
4971,96.0,F,4,102.5,101.4375
4972,168.0,M,3,162.125,161.5
4973,108.0,M,5,119.375,119.4375
4974,138.0,F,5,133.75,131.25
4975,186.0,M,3,185.0,188.0
4976,156.0,M,4,162.5,164.125
4977,120.0,M,3,120.875,118.9375
4978,72.0,F,2,96.25,88.5625
4979,108.0,M,1,95.625,95.375
4980,168.0,M,4,164.625,165.875
4981,96.0,F,1,109.1875,108.5
4982,156.0,F,1,145.375,145.75
4983,84.0,M,2,88.8125,89.9375
4984,120.0,F,4,125.625,115.875
4985,132.0,F,1,125.4375,127.25
4986,165.0,M,5,164.75,164.875
4987,84.0,F,4,108.1875,105.0
4988,156.0,M,2,155.625,157.75
4989,162.0,M,1,162.5,166.125
4990,144.0,F,3,141.0,139.875
4991,48.0,F,1,54.375,51.875
4992,120.0,F,1,117.9375,116.0
4993,138.0,F,5,127.8125,127.8125
4994,168.0,M,1,168.375,169.25
4995,168.0,F,5,169.125,165.875
4996,120.0,M,4,126.8125,123.625
4997,84.0,F,3,90.9375,95.1875
4998,132.0,F,5,132.625,135.25
4999,84.0,F,2,110.0625,102.75
5000,156.0,M,1,163.75,164.625
5001,60.0,F,2,54.3125,59.6875
5002,72.0,M,1,72.3125,78.75
5003,132.0,M,1,136.375,138.25
5004,100.0,F,4,116.75,116.4375
5005,192.0,M,1,193.125,192.125
5006,48.0,M,1,59.5,54.125
5007,120.0,M,4,127.875,122.0
5008,156.0,M,3,163.75,162.625
5009,144.0,F,3,135.375,133.625
5010,84.0,M,3,88.875,89.4375
5011,144.0,M,4,155.0,155.0
5012,168.0,M,3,168.125,169.25
5013,156.0,M,2,160.25,161.75
5014,60.0,M,1,64.875,59.5625
5015,120.0,F,5,108.0,110.1875
5016,165.0,M,5,159.75,160.875
5017,96.0,M,2,94.9375,93.5
5018,126.0,M,3,116.125,112.9375
5019,180.0,F,3,168.875,170.75
5020,180.0,M,1,178.0,178.25
5021,159.0,M,3,156.125,155.375
5022,168.0,M,4,164.375,166.75
5023,132.0,F,1,127.375,128.25
5024,84.0,F,2,79.0,81.0625
5025,106.0,F,5,105.0625,105.5625
5026,90.0,M,3,92.5625,91.4375
5027,120.0,F,4,117.25,115.8125
5028,150.0,M,1,140.0,137.125
5029,36.0,F,1,44.9375,39.0625
5030,84.0,F,5,89.5625,88.75
5031,168.0,M,3,166.0,166.75
5032,84.0,M,1,83.5,84.625
5033,180.0,M,1,174.5,178.125
5034,132.0,M,4,135.875,137.5
5035,18.0,F,4,2.11328125,15.5546875
5036,168.0,M,2,167.375,171.125
5037,84.0,M,4,112.1875,104.0625
5038,168.0,M,3,169.625,169.75
5039,132.0,M,4,129.875,132.375
5040,156.0,F,4,143.125,141.375
5041,144.0,M,4,135.375,135.75
5042,132.0,F,5,122.8125,125.0625
5043,180.0,M,5,180.625,180.75
5044,120.0,F,5,124.1875,125.5
5045,72.0,M,3,75.9375,78.4375
5046,132.0,M,1,139.375,136.125
5047,24.0,M,2,54.3125,51.125
5048,72.0,F,3,67.5,70.625
5049,156.0,M,4,152.5,152.0
5050,126.0,F,5,140.5,138.75
5051,156.0,M,1,157.875,156.375
5052,156.0,M,1,154.625,156.0
5053,132.0,F,4,122.0625,120.6875
5054,144.0,M,3,149.625,150.125
5055,180.0,M,5,184.625,183.875
5056,156.0,M,2,159.625,160.625
5057,156.0,F,3,158.625,155.75
5058,138.0,F,4,129.125,129.5
5059,132.0,M,4,130.125,131.125
5060,96.0,F,5,112.9375,112.5
5061,168.0,M,2,163.5,165.625
5062,120.0,M,5,115.6875,115.0625
5063,186.0,M,1,185.875,187.25
5064,168.0,M,3,159.25,160.125
5065,132.0,F,2,135.125,138.25
5066,120.0,F,2,122.875,121.5625
5067,192.0,F,5,187.0,187.125
5068,132.0,F,1,130.375,135.5
5069,132.0,M,3,125.625,120.375
5070,36.0,F,1,38.3125,33.6875
5071,144.0,M,3,137.5,138.0
5072,120.0,M,2,119.1875,113.6875
5073,108.0,M,1,107.1875,106.75
5074,180.0,M,3,175.5,176.5
5075,96.0,F,5,105.5,108.4375
5076,102.0,M,2,101.5,100.6875
5077,54.0,M,1,54.5625,45.5625
5078,156.0,M,1,161.875,166.75
5079,120.0,F,2,107.0625,109.5
5080,132.0,F,5,129.375,131.0
5081,144.0,F,3,134.5,131.5
5082,156.0,M,3,151.5,152.125
5083,168.0,M,1,165.125,167.125
5084,132.0,M,2,143.875,144.125
5085,156.0,F,1,157.75,158.75
5086,174.0,F,5,173.375,172.875
5087,108.0,M,4,113.0625,109.25
5088,120.0,F,4,101.625,101.1875
5089,94.0,F,1,88.125,82.125
5090,132.0,M,3,113.9375,114.6875
5091,78.0,M,5,69.8125,68.875
5092,132.0,F,2,140.75,138.5
5093,72.0,F,4,78.0,75.5
5094,156.0,M,2,153.5,156.0
5095,150.0,M,1,146.375,143.875
5096,96.0,M,5,104.4375,107.25
5097,156.0,F,1,151.75,149.5
5098,132.0,M,4,125.0625,128.0
5099,144.0,F,4,138.375,137.5
5100,144.0,M,3,162.75,161.875
5101,88.0,F,2,90.5,89.125
5102,96.0,M,2,107.8125,109.5625
5103,162.0,M,1,167.375,168.375
5104,120.0,M,3,122.375,119.9375
5105,156.0,M,5,165.375,165.125
5106,96.0,M,5,83.375,85.375
5107,132.0,F,1,130.5,131.125
5108,60.0,F,2,49.125,51.1875
5109,84.0,M,2,74.5625,75.9375
5110,144.0,M,5,141.75,143.375
5111,174.0,M,5,178.875,177.875
5112,84.0,M,3,67.1875,68.625
5113,156.0,M,3,152.875,152.75
5114,156.0,M,3,147.625,146.625
5115,192.0,M,1,190.875,191.375
5116,204.0,M,3,207.875,214.75
5117,50.0,F,1,55.125,51.125
5118,24.0,F,1,27.734375,24.734375
5119,132.0,M,1,133.375,130.625
5120,180.0,F,1,170.875,171.25
5121,120.0,M,3,101.0625,104.125
5122,132.0,M,2,147.375,141.875
5123,144.0,M,2,153.375,152.125
5124,216.0,F,4,186.875,184.625
5125,168.0,F,3,170.25,172.25
5126,144.0,F,1,134.625,135.375
5127,24.0,M,4,18.984375,34.6875
5128,180.0,F,1,172.75,175.5
5129,156.0,M,2,146.875,151.25
5130,48.0,M,5,39.9375,40.625
5131,108.0,M,3,116.9375,114.375
5132,144.0,F,4,145.75,146.375
5133,24.0,F,1,16.296875,16.921875
5134,132.0,M,2,161.625,160.25
5135,96.0,M,4,95.1875,92.5
5136,60.0,F,5,77.75,75.875
5137,156.0,M,5,141.875,145.375
5138,126.0,F,5,122.25,122.0625
5139,132.0,M,1,136.0,138.125
5140,96.0,F,5,116.9375,119.0625
5141,42.0,M,1,47.9375,43.25
5142,144.0,F,4,149.25,149.875
5143,132.0,M,5,125.625,125.125
5144,72.0,F,4,83.3125,82.75
5145,96.0,M,1,106.3125,108.9375
5146,94.0,F,3,94.875,94.8125
5147,96.0,F,1,93.6875,93.25
5148,144.0,F,1,135.625,134.75
5149,36.0,F,3,28.359375,28.234375
5150,174.0,M,3,169.75,170.25
5151,168.0,M,2,167.375,168.25
5152,192.0,F,1,187.125,185.75
5153,96.0,F,2,106.5,102.125
5154,84.0,F,2,84.875,87.625
5155,174.0,M,4,169.125,173.625
5156,156.0,F,4,147.875,150.375
5157,84.0,M,1,90.5625,86.625
5158,88.0,F,2,81.625,79.8125
5159,144.0,M,1,148.125,148.0
5160,132.0,F,3,139.625,138.125
5161,132.0,F,3,133.25,135.75
5162,180.0,F,3,180.125,181.875
5163,96.0,F,5,105.0625,100.0625
5164,174.0,M,2,172.0,173.5
5165,132.0,F,2,128.375,131.25
5166,144.0,M,4,132.75,132.125
5167,132.0,M,3,133.875,125.1875
5168,144.0,F,4,141.625,144.75
5169,144.0,M,1,151.0,150.75
5170,126.0,M,2,120.0625,118.4375
5171,162.0,F,4,164.375,164.125
5172,72.0,M,5,56.375,55.9375
5173,72.0,F,2,87.0625,86.6875
5174,144.0,M,3,133.0,135.875
5175,180.0,M,3,183.625,185.5
5176,144.0,F,1,150.125,148.875
5177,144.0,M,5,143.75,143.125
5178,138.0,M,3,137.875,138.125
5179,150.0,M,4,143.375,140.375
5180,132.0,M,4,132.875,134.625
5181,168.0,M,4,159.875,162.375
5182,168.0,F,1,164.125,165.125
5183,156.0,F,4,128.875,127.6875
5184,84.0,M,5,93.8125,91.25
5185,96.0,M,1,103.0,102.5625
5186,144.0,M,3,145.625,143.875
5187,18.0,M,5,29.109375,34.1875
5188,132.0,M,3,133.5,134.5
5189,162.0,M,2,153.375,157.125
5190,144.0,M,1,149.5,148.875
5191,153.0,M,2,145.0,143.125
5192,168.0,M,4,164.625,166.625
5193,60.0,F,4,63.0625,64.0625
5194,72.0,F,4,93.5,93.1875
5195,192.0,M,5,188.0,188.25
5196,156.0,M,1,163.0,164.5
5197,132.0,F,2,131.375,130.125
5198,106.0,F,5,104.5625,107.5
5199,48.0,M,5,54.6875,54.75
5200,156.0,F,3,160.625,162.125
5201,96.0,F,2,102.5625,98.3125
5202,120.0,M,5,120.3125,116.875
5203,180.0,M,1,168.5,169.875
5204,120.0,M,3,132.375,133.375
5205,108.0,M,5,114.8125,114.25
5206,120.0,M,4,125.3125,119.5
5207,132.0,F,4,138.25,139.5
5208,108.0,M,2,107.875,106.6875
5209,186.0,M,3,180.0,182.0
5210,132.0,F,1,147.5,145.5
5211,162.0,M,5,155.625,156.5
5212,144.0,M,3,155.75,154.625
5213,168.0,M,4,157.25,157.375
5214,72.0,F,3,76.375,77.1875
5215,168.0,M,4,167.375,169.125
5216,96.0,M,3,88.6875,95.375
5217,120.0,F,2,132.125,136.25
5218,159.0,M,4,145.25,146.25
5219,156.0,F,2,147.625,151.125
5220,138.0,F,3,134.625,136.625
5221,120.0,M,1,131.125,132.75
5222,156.0,M,5,158.375,159.375
5223,108.0,M,3,92.9375,95.625
5224,156.0,F,2,147.0,146.625
5225,84.0,F,1,112.4375,113.375
5226,168.0,M,1,164.75,163.5
5227,84.0,F,3,101.4375,99.25
5228,120.0,M,1,125.875,126.0625
5229,153.0,M,2,151.875,157.125
5230,108.0,M,5,97.5,96.8125
5231,90.0,M,2,93.8125,97.5
5232,156.0,F,2,147.0,152.25
5233,120.0,F,4,116.75,114.4375
5234,72.0,F,4,84.5,85.5625
5235,48.0,M,1,56.9375,50.9375
5236,96.0,F,4,98.0625,96.0625
5237,96.0,F,3,101.75,104.9375
5238,156.0,M,2,160.25,161.125
5239,96.0,M,3,71.5625,75.0
5240,60.0,F,3,63.1875,64.5
5241,156.0,M,1,163.0,162.875
5242,132.0,F,5,120.375,121.3125
5243,144.0,M,5,144.25,144.25
5244,144.0,F,4,141.75,140.0
5245,120.0,F,2,124.6875,117.25
5246,72.0,F,5,62.9375,61.8125
5247,156.0,F,5,148.0,147.625
5248,100.0,F,2,91.625,90.75
5249,144.0,F,2,142.5,143.75
5250,84.0,M,1,87.8125,88.0625
5251,126.0,M,2,119.5,119.0
5252,60.0,F,1,72.8125,78.0625
5253,108.0,M,5,109.4375,109.0
5254,76.0,F,2,73.1875,71.9375
5255,94.0,F,3,95.1875,95.4375
5256,168.0,M,3,166.5,166.75
5257,132.0,M,1,140.75,134.625
5258,156.0,M,5,161.875,161.375
5259,120.0,F,2,130.0,130.625
5260,156.0,F,4,141.75,144.0
5261,72.0,F,1,89.9375,89.125
5262,84.0,M,4,83.1875,82.875
5263,108.0,M,5,115.8125,116.0
5264,180.0,F,2,177.25,182.25
5265,60.0,F,5,68.5625,69.0
5266,48.0,M,3,48.125,50.4375
5267,94.0,F,2,105.6875,103.9375
5268,156.0,M,1,157.25,158.625
5269,168.0,M,3,166.375,167.25
5270,96.0,F,1,119.8125,125.75
5271,96.0,F,3,107.5625,107.5
5272,126.0,F,4,120.625,117.5
5273,180.0,M,2,183.125,184.375
5274,156.0,M,4,164.875,165.125
5275,120.0,M,2,126.0,125.0
5276,36.0,M,1,46.5,40.3125
5277,168.0,M,5,156.25,158.625
5278,126.0,M,5,139.0,140.75
5279,120.0,F,5,109.1875,110.625
5280,156.0,F,3,145.75,145.125
5281,108.0,M,1,117.75,119.875
5282,132.0,M,2,123.6875,119.375
5283,156.0,M,3,160.25,161.25
5284,96.0,M,1,102.0,100.25
5285,120.0,F,3,122.0625,119.8125
5286,82.0,F,4,70.6875,72.75
5287,168.0,M,5,165.125,163.75
5288,204.0,F,4,199.875,198.25
5289,156.0,M,1,166.375,169.125
5290,84.0,F,4,100.625,100.0625
5291,132.0,F,4,127.5625,126.4375
5292,159.0,M,2,160.75,161.625
5293,132.0,F,1,136.0,138.125
5294,156.0,M,5,148.375,149.5
5295,156.0,M,5,163.125,163.875
5296,96.0,F,3,100.375,101.625
5297,84.0,F,2,95.125,88.125
5298,48.0,F,4,62.0,64.25
5299,72.0,M,4,64.9375,65.0625
5300,144.0,M,5,147.625,148.125
5301,168.0,M,1,163.625,162.875
5302,120.0,F,4,117.4375,116.875
5303,72.0,M,3,73.4375,74.6875
5304,168.0,M,2,166.125,168.25
5305,84.0,F,2,97.4375,94.875
5306,60.0,F,1,73.0,67.9375
5307,120.0,M,4,129.25,133.625
5308,132.0,F,4,137.125,139.0
5309,156.0,M,3,163.25,163.5
5310,144.0,M,5,146.875,145.75
5311,180.0,F,4,175.625,172.875
5312,144.0,M,2,150.875,150.5
5313,132.0,M,2,141.875,143.75
5314,138.0,F,5,129.375,129.625
5315,84.0,M,3,79.875,85.5625
5316,60.0,F,4,58.25,61.5625
5317,132.0,F,3,131.25,132.0
5318,156.0,M,5,154.375,155.5
5319,144.0,M,3,143.0,144.625
5320,120.0,M,5,131.375,131.875
5321,204.0,M,2,200.375,205.25
5322,132.0,F,1,125.8125,122.75
5323,132.0,M,5,139.25,142.25
5324,120.0,F,2,130.5,130.875
5325,96.0,F,5,102.375,103.3125
5326,96.0,F,3,116.875,113.375
5327,156.0,M,3,156.0,157.0
5328,168.0,M,1,168.0,169.875
5329,72.0,M,1,68.75,64.5625
5330,144.0,M,5,131.75,134.5
5331,144.0,F,2,144.25,143.875
5332,28.0,M,1,30.046875,28.234375
5333,132.0,F,3,124.5625,123.25
5334,168.0,M,5,173.375,173.0
5335,36.0,M,3,51.0625,58.1875
5336,88.0,F,5,98.9375,98.75
5337,156.0,M,1,158.5,156.625
5338,120.0,F,2,136.75,134.625
5339,162.0,F,4,161.0,163.0
5340,60.0,F,2,54.875,57.0
5341,144.0,F,5,137.25,135.75
5342,120.0,M,3,135.125,133.25
5343,216.0,M,3,220.25,225.125
5344,168.0,F,1,163.0,165.375
5345,96.0,F,2,107.1875,103.0
5346,48.0,M,2,43.9375,44.125
5347,72.0,F,4,81.25,79.4375
5348,138.0,M,4,144.125,143.5
5349,132.0,F,4,139.25,138.75
5350,156.0,M,5,155.5,155.875
5351,96.0,M,4,100.5625,95.25
5352,82.0,F,1,81.375,81.8125
5353,168.0,M,5,163.875,163.375
5354,120.0,F,5,122.0,124.4375
5355,147.0,F,3,147.625,149.0
5356,144.0,M,5,136.125,135.0
5357,153.0,M,2,149.0,147.0
5358,120.0,F,3,119.625,120.6875
5359,94.0,F,3,104.4375,102.8125
5360,48.0,M,5,63.53125,64.375
5361,144.0,M,2,158.0,160.875
5362,156.0,F,2,164.625,166.875
5363,156.0,F,3,154.5,158.625
5364,84.0,F,3,91.8125,93.375
5365,156.0,M,5,145.0,145.125
5366,16.0,M,3,16.859375,18.296875
5367,96.0,M,4,103.5625,98.3125
5368,132.0,M,3,155.25,154.25
5369,113.0,F,1,114.5,113.25
5370,144.0,F,2,132.375,132.75
5371,72.0,F,2,74.875,75.125
5372,84.0,F,2,87.25,85.875
5373,156.0,F,4,150.375,153.375
5374,27.0,F,5,31.609375,33.9375
5375,132.0,M,5,145.0,144.75
5376,120.0,M,2,128.625,121.875
5377,120.0,F,1,121.625,121.0625
5378,156.0,M,3,159.5,160.125
5379,180.0,M,4,180.25,180.375
5380,204.0,F,4,183.875,181.625
5381,120.0,F,5,115.0625,118.375
5382,156.0,M,5,161.75,161.75
5383,132.0,F,5,143.5,139.75
5384,60.0,F,1,68.5,67.1875
5385,120.0,F,2,116.625,118.4375
5386,24.0,F,2,35.5,36.75
5387,204.0,M,3,193.0,194.5
5388,186.0,M,1,189.375,192.0
5389,144.0,F,2,143.0,146.0
5390,156.0,M,1,155.75,152.625
5391,60.0,M,2,55.5625,59.75
5392,156.0,M,3,162.875,163.5
5393,132.0,M,3,129.25,132.5
5394,96.0,M,3,87.1875,91.75
5395,228.0,M,3,220.625,224.75
5396,132.0,M,1,142.875,142.0
5397,132.0,M,5,124.9375,126.6875
5398,96.0,M,1,104.5,107.5625
5399,156.0,M,4,156.125,156.75
5400,144.0,M,2,146.75,148.5
5401,120.0,M,5,130.5,129.375
5402,156.0,F,5,162.75,162.375
5403,144.0,F,2,145.25,146.25
5404,168.0,M,4,159.0,158.75
5405,156.0,F,2,160.125,159.625
5406,120.0,F,2,127.5,131.25
5407,144.0,M,5,144.875,146.25
5408,72.0,M,2,73.5625,76.3125
5409,76.0,F,5,77.875,80.0
5410,144.0,F,4,141.125,141.5
5411,156.0,M,4,158.0,157.875
5412,144.0,M,1,148.75,151.0
5413,132.0,F,4,121.9375,119.0
5414,156.0,M,1,164.0,165.375
5415,120.0,F,1,117.125,114.6875
5416,198.0,M,3,197.375,200.5
5417,180.0,F,5,178.75,179.875
5418,132.0,M,3,144.5,143.125
5419,144.0,F,3,138.375,137.125
5420,216.0,F,3,201.25,204.375
5421,210.0,M,4,213.0,212.25
5422,156.0,M,2,157.5,157.5
5423,108.0,M,1,121.0,123.5625
5424,132.0,F,5,129.25,128.125
5425,72.0,F,1,86.4375,85.3125
5426,132.0,F,4,132.125,132.0
5427,144.0,F,3,147.5,149.5
5428,96.0,F,5,97.75,101.4375
5429,150.0,M,5,145.0,145.0
5430,96.0,F,1,124.6875,123.5625
5431,120.0,F,5,125.5,127.6875
5432,76.0,F,2,75.25,75.8125
5433,204.0,F,2,179.0,193.375
5434,132.0,M,3,146.625,143.5
5435,156.0,F,3,149.75,149.375
5436,144.0,F,3,151.125,151.5
5437,132.0,M,1,134.25,128.5
5438,60.0,F,5,69.375,69.9375
5439,204.0,M,5,203.25,202.75
5440,82.0,F,5,104.3125,106.5
5441,156.0,F,2,138.375,141.625
5442,60.0,F,4,61.0,61.125
5443,132.0,F,4,136.625,134.5
5444,132.0,F,5,127.5625,129.5
5445,90.0,M,2,80.9375,85.6875
5446,204.0,M,2,210.0,215.0
5447,180.0,M,3,182.5,184.625
5448,168.0,M,3,160.5,159.875
5449,168.0,M,4,163.125,165.5
5450,96.0,F,5,109.625,107.3125
5451,120.0,F,2,134.0,132.625
5452,66.0,M,1,69.25,65.125
5453,156.0,M,4,155.0,152.75
5454,48.0,F,4,45.375,50.6875
5455,120.0,M,1,134.875,135.875
5456,156.0,M,4,147.25,147.0
5457,144.0,F,1,141.125,143.25
5458,186.0,M,4,181.5,181.0
5459,120.0,F,4,108.0625,108.0
5460,36.0,F,4,47.375,46.4375
5461,186.0,F,5,191.375,193.0
5462,72.0,F,3,77.875,82.375
5463,96.0,M,2,95.1875,95.5
5464,156.0,M,3,145.75,145.375
5465,156.0,M,4,165.875,167.625
5466,156.0,F,2,159.875,162.125
5467,84.0,M,2,77.625,84.625
5468,72.0,M,2,80.5625,82.375
5469,132.0,F,5,129.25,129.25
5470,156.0,M,5,156.5,157.375
5471,168.0,M,4,168.0,174.375
5472,156.0,M,2,157.0,158.125
5473,96.0,F,1,112.0625,110.0625
5474,156.0,F,3,151.625,153.375
5475,84.0,M,5,96.5,99.3125
5476,168.0,M,4,162.5,165.25
5477,132.0,F,4,123.875,123.875
5478,132.0,M,5,135.0,135.375
5479,204.0,M,4,199.125,194.625
5480,84.0,F,5,91.8125,93.6875
5481,84.0,F,3,81.125,84.0
5482,24.0,F,1,33.125,31.921875
5483,168.0,M,5,160.25,158.75
5484,132.0,M,3,121.0625,123.0
5485,70.0,F,2,75.6875,74.875
5486,84.0,M,5,78.875,83.0625
5487,165.0,M,2,161.0,164.5
5488,94.0,F,4,87.875,87.625
5489,72.0,M,2,65.75,67.75
5490,132.0,M,2,150.25,151.75
5491,108.0,M,1,135.625,133.0
5492,180.0,M,2,174.875,178.0
5493,180.0,M,3,176.75,179.25
5494,120.0,F,3,118.0,110.8125
5495,36.0,F,2,61.6875,63.9375
5496,96.0,F,5,95.125,97.0
5497,120.0,F,4,126.6875,127.3125
5498,48.0,M,4,58.5625,55.9375
5499,156.0,M,5,149.375,149.625
5500,168.0,M,4,159.5,160.25
5501,84.0,F,2,100.1875,87.0
5502,144.0,M,1,151.25,151.5
5503,144.0,M,5,159.75,157.375
5504,144.0,F,2,148.0,149.125
5505,126.0,M,3,117.5625,120.75
5506,90.0,M,5,77.5,78.0625
5507,60.0,F,2,77.625,65.25
5508,174.0,M,2,166.5,167.125
5509,156.0,F,4,140.875,140.75
5510,174.0,M,3,170.75,172.25
5511,69.0,F,1,75.9375,80.625
5512,156.0,M,2,158.25,158.75
5513,24.0,F,3,28.359375,30.734375
5514,125.0,F,3,121.5625,119.6875
5515,144.0,F,1,148.625,147.875
5516,144.0,M,3,150.25,148.0
5517,156.0,M,2,161.875,161.5
5518,132.0,M,5,130.875,135.625
5519,168.0,M,5,166.125,164.625
5520,96.0,M,5,103.4375,101.625
5521,174.0,M,5,174.375,174.25
5522,48.0,M,5,50.6875,54.3125
5523,150.0,M,3,145.25,147.125
5524,180.0,M,2,174.125,177.75
5525,156.0,M,2,156.875,159.5
5526,33.0,F,3,24.046875,25.109375
5527,60.0,F,2,68.9375,66.9375
5528,132.0,F,5,144.0,141.125
5529,24.0,M,3,37.5,37.25
5530,132.0,M,4,136.5,137.5
5531,204.0,M,4,207.875,204.25
5532,144.0,M,4,150.75,150.25
5533,144.0,F,5,147.25,144.875
5534,36.0,M,2,41.0625,41.75
5535,132.0,M,4,133.5,130.75
5536,156.0,M,3,162.125,162.375
5537,120.0,F,4,126.8125,125.0
5538,132.0,M,4,143.5,140.5
5539,144.0,F,3,147.375,146.875
5540,204.0,M,4,197.0,190.625
5541,132.0,M,1,128.5,124.9375
5542,60.0,F,1,73.75,75.4375
5543,204.0,M,2,195.5,205.125
5544,60.0,M,3,68.625,70.875
5545,96.0,F,1,107.4375,109.25
5546,96.0,F,1,102.6875,98.8125
5547,76.0,F,5,76.75,77.0625
5548,150.0,F,1,149.25,148.25
5549,72.0,F,5,86.5625,85.8125
5550,156.0,M,3,159.375,158.75
5551,180.0,M,3,188.5,191.0
5552,168.0,M,3,158.375,157.875
5553,150.0,M,1,146.625,145.875
5554,156.0,M,2,157.5,158.375
5555,96.0,M,5,92.4375,92.375
5556,120.0,F,4,116.1875,114.6875
5557,132.0,F,3,117.4375,118.625
5558,132.0,F,5,132.0,132.25
5559,144.0,M,3,147.75,150.5
5560,156.0,M,5,149.875,150.125
5561,48.0,M,1,60.5,52.5
5562,84.0,F,2,101.1875,95.0
5563,132.0,M,2,137.0,135.125
5564,120.0,M,3,133.5,133.375
5565,72.0,M,3,78.3125,79.3125
5566,84.0,F,5,96.125,94.8125
5567,120.0,F,1,110.5,114.0
5568,156.0,M,2,151.875,152.875
5569,60.0,F,3,56.6875,59.1875
5570,36.0,F,5,43.5625,41.875
5571,156.0,M,3,161.75,160.875
5572,69.0,F,4,87.25,79.6875
5573,93.0,M,3,142.5,141.0
5574,96.0,M,5,97.9375,98.75
5575,84.0,F,4,87.375,85.3125
5576,108.0,M,3,110.75,111.75
5577,88.0,F,5,81.5,78.75
5578,144.0,M,3,134.375,132.25
5579,120.0,F,3,128.625,125.9375
5580,168.0,M,3,166.0,167.375
5581,84.0,F,1,100.5625,100.5
5582,156.0,M,2,159.375,161.5
5583,156.0,M,5,158.125,158.25
5584,144.0,M,3,149.625,150.125
5585,96.0,F,5,108.25,111.9375
5586,114.0,M,1,97.875,96.6875
5587,120.0,M,5,126.9375,127.4375
5588,156.0,M,4,155.75,154.875
5589,156.0,M,1,140.25,140.125
5590,96.0,F,5,106.75,108.3125
5591,60.0,F,3,75.125,74.375
5592,96.0,M,2,102.625,99.625
5593,132.0,M,3,134.875,123.75
5594,60.0,M,4,58.625,59.8125
5595,60.0,F,4,56.8125,56.8125
5596,84.0,M,5,91.0625,90.25
5597,144.0,F,4,153.625,146.125
5598,156.0,M,5,163.375,163.75
5599,132.0,M,5,134.375,137.125
5600,174.0,F,3,177.75,178.875
5601,156.0,M,4,157.375,158.25
5602,100.0,F,1,103.5625,103.625
5603,132.0,F,1,122.375,122.125
5604,120.0,F,2,133.5,134.125
5605,162.0,F,1,167.25,168.25
5606,120.0,M,5,130.875,128.375
5607,144.0,F,3,139.5,141.875
5608,108.0,M,5,116.75,115.125
5609,24.0,F,3,21.859375,25.484375
5610,108.0,M,5,108.0,110.875
5611,156.0,M,3,158.25,157.75
5612,132.0,F,1,133.875,136.125
5613,132.0,F,1,132.375,130.875
5614,108.0,M,4,101.125,100.0
5615,82.0,F,2,91.9375,87.0625
5616,96.0,F,2,111.75,113.5
5617,156.0,F,2,160.875,161.875
5618,108.0,M,1,110.625,110.875
5619,72.0,F,2,77.875,76.75
5620,204.0,M,5,208.625,206.5
5621,84.0,F,4,79.0,78.625
5622,168.0,M,3,170.5,170.0
5623,108.0,M,3,97.0625,99.0
5624,132.0,F,1,124.9375,123.6875
5625,132.0,M,3,133.25,128.5
5626,156.0,F,2,157.0,157.375
5627,72.0,M,5,70.375,70.125
5628,192.0,M,5,191.25,193.625
5629,156.0,M,4,152.625,154.5
5630,156.0,F,5,156.25,153.75
5631,156.0,F,4,164.0,162.875
5632,96.0,F,5,111.5,110.875
5633,132.0,F,3,132.375,131.25
5634,156.0,M,1,166.125,168.0
5635,120.0,F,5,118.0625,116.3125
5636,108.0,M,4,113.4375,112.125
5637,60.0,M,3,65.1875,67.0
5638,156.0,M,4,159.0,158.625
5639,204.0,M,2,198.25,205.625
5640,120.0,M,1,129.75,130.0
5641,168.0,M,2,170.75,172.25
5642,72.0,M,2,60.8125,68.5625
5643,72.0,F,5,72.4375,69.8125
5644,156.0,M,5,155.75,156.125
5645,132.0,M,1,144.25,143.75
5646,156.0,F,2,162.0,163.625
5647,94.0,F,3,90.5,91.6875
5648,204.0,M,3,207.125,207.25
5649,24.0,F,2,21.484375,14.8046875
5650,48.0,M,1,61.0,57.0
5651,72.0,M,5,83.1875,82.875
5652,96.0,F,4,104.1875,100.1875
5653,82.0,F,1,79.4375,82.0
5654,168.0,M,2,162.5,165.375
5655,96.0,F,5,122.0,124.0
5656,168.0,F,3,170.375,174.125
5657,132.0,F,2,131.5,131.0
5658,126.0,F,5,124.75,124.5
5659,132.0,M,3,145.25,144.125
5660,72.0,F,1,84.375,83.6875
5661,72.0,M,3,70.625,74.6875
5662,156.0,F,1,145.25,146.125
5663,144.0,M,1,153.375,152.875
5664,168.0,M,1,164.125,165.25
5665,168.0,F,2,169.875,171.0
5666,192.0,M,5,198.125,198.75
5667,84.0,M,1,82.6875,82.625
5668,132.0,F,4,145.5,149.75
5669,144.0,M,1,147.5,151.25
5670,96.0,F,4,110.75,115.0
5671,156.0,M,4,162.875,164.375
5672,132.0,F,3,134.75,133.125
5673,72.0,F,4,74.25,72.9375
5674,156.0,M,3,159.75,160.375
5675,144.0,F,4,135.375,138.0
5676,144.0,F,1,127.875,132.625
5677,132.0,M,2,140.875,135.25
5678,204.0,M,1,204.625,205.25
5679,156.0,F,4,146.25,149.25
5680,168.0,M,3,163.125,164.5
5681,144.0,F,5,135.625,135.375
5682,36.0,F,2,35.875,33.9375
5683,82.0,F,4,91.6875,90.125
5684,144.0,M,1,154.625,153.5
5685,144.0,M,4,144.5,141.75
5686,36.0,F,4,44.125,40.0625
5687,132.0,M,1,140.0,135.25
5688,138.0,M,1,142.375,139.875
5689,156.0,F,5,164.0,164.375
5690,132.0,F,5,132.375,131.125
5691,72.0,M,4,83.375,79.0
5692,66.0,M,3,78.875,80.9375
5693,120.0,M,5,120.25,121.375
5694,192.0,M,5,186.75,188.0
5695,120.0,F,3,115.125,111.4375
5696,168.0,F,1,165.5,165.0
5697,106.0,F,3,96.8125,97.5625
5698,48.0,F,5,43.0,42.25
5699,180.0,F,1,200.375,202.125
5700,60.0,M,1,50.1875,44.9375
5701,28.0,M,1,33.5,29.359375
5702,96.0,F,5,102.4375,103.625
5703,132.0,M,1,128.875,128.75
5704,156.0,M,5,154.0,155.875
5705,150.0,M,3,137.875,134.25
5706,120.0,F,4,109.0,103.3125
5707,180.0,M,1,184.75,183.125
5708,84.0,M,4,82.0625,78.0
5709,168.0,M,1,168.375,168.125
5710,156.0,M,4,159.625,159.25
5711,174.0,M,1,169.75,170.75
5712,120.0,M,3,125.0,123.375
5713,174.0,M,4,173.625,175.375
5714,120.0,M,4,125.5625,126.25
5715,135.0,M,1,124.25,124.375
5716,84.0,F,5,92.4375,93.5
5717,168.0,M,2,161.375,162.625
5718,144.0,M,3,146.375,145.25
5719,156.0,M,4,151.125,153.75
5720,156.0,F,3,150.375,150.25
5721,72.0,M,3,64.0625,63.8125
5722,48.0,F,3,46.875,49.4375
5723,156.0,F,1,142.0,144.625
5724,192.0,F,3,175.875,185.5
5725,192.0,F,1,181.125,181.875
5726,84.0,F,2,103.6875,99.75
5727,108.0,M,5,99.625,100.75
5728,36.0,F,4,38.875,40.0625
5729,84.0,F,1,90.625,90.6875
5730,96.0,F,3,104.9375,101.875
5731,120.0,F,3,131.5,129.75
5732,144.0,M,1,143.25,143.375
5733,96.0,M,5,105.5625,105.625
5734,132.0,F,1,131.375,130.625
5735,156.0,M,2,161.125,161.625
5736,72.0,M,5,81.4375,80.125
5737,132.0,F,5,140.25,141.25
5738,60.0,F,4,71.0625,70.3125
5739,132.0,M,5,145.25,148.25
5740,90.0,M,2,92.9375,89.75
5741,120.0,F,2,125.6875,127.0625
5742,156.0,M,5,154.5,155.875
5743,204.0,M,5,211.25,210.0
5744,168.0,M,1,167.25,167.0
5745,132.0,M,1,121.5,123.25
5746,108.0,M,2,126.5625,121.25
5747,18.0,M,1,21.234375,23.484375
5748,96.0,F,5,111.875,112.6875
5749,156.0,F,3,143.0,147.0
5750,156.0,M,5,155.125,154.25
5751,144.0,F,1,131.25,132.75
5752,186.0,F,2,173.875,181.875
5753,30.0,F,4,33.5625,35.1875
5754,174.0,M,4,170.25,170.875
5755,192.0,F,1,184.25,187.125
5756,108.0,M,5,108.0,111.5625
5757,48.0,F,3,42.6875,44.5
5758,144.0,M,5,138.875,140.125
5759,168.0,M,4,152.875,152.5
5760,84.0,F,4,110.8125,111.625
5761,156.0,F,4,128.625,128.125
5762,180.0,F,5,184.625,185.125
5763,156.0,M,4,168.0,169.875
5764,168.0,M,5,160.25,162.5
5765,36.0,M,2,39.25,36.75
5766,96.0,M,3,93.4375,94.5625
5767,108.0,M,2,91.3125,94.0625
5768,120.0,M,5,117.8125,119.5
5769,156.0,F,5,146.625,145.125
5770,156.0,M,1,154.25,152.75
5771,168.0,M,1,168.125,169.875
5772,114.0,M,4,132.375,128.125
5773,162.0,M,3,160.0,159.75
5774,60.0,M,5,69.0625,70.125
5775,150.0,F,4,139.625,141.125
5776,156.0,M,2,156.625,156.625
5777,120.0,F,2,121.375,123.1875
5778,94.0,F,2,102.6875,99.3125
5779,162.0,M,3,166.125,166.375
5780,108.0,M,3,110.0,109.875
5781,144.0,F,3,132.0,133.5
5782,69.0,F,1,68.0625,67.375
5783,106.0,F,5,110.0625,109.375
5784,144.0,F,1,140.625,143.5
5785,94.0,F,3,103.125,104.0625
5786,162.0,F,1,159.0,157.25
5787,84.0,M,2,85.3125,83.9375
5788,120.0,F,3,117.5625,114.625
5789,94.0,F,5,81.625,81.9375
5790,36.0,F,3,40.5,43.9375
5791,165.0,M,1,161.0,161.5
5792,165.0,F,3,163.875,166.0
5793,50.0,F,5,60.5,58.1875
5794,138.0,M,3,134.25,134.625
5795,162.0,M,1,153.375,153.125
5796,144.0,F,2,144.25,145.625
5797,144.0,F,1,139.375,139.0
5798,150.0,F,5,145.25,143.25
5799,84.0,M,5,93.6875,93.25
5800,126.0,F,3,135.375,133.625
5801,48.0,M,5,55.4375,59.3125
5802,69.0,F,1,63.875,66.25
5803,24.0,M,4,19.109375,30.796875
5804,153.0,M,4,134.875,141.25
5805,96.0,M,4,95.875,97.4375
5806,138.0,F,3,137.5,137.875
5807,90.0,M,4,89.5,89.0
5808,106.0,F,5,106.6875,108.0625
5809,186.0,M,3,190.375,191.625
5810,120.0,M,3,112.5625,114.1875
5811,132.0,M,3,135.375,133.5
5812,108.0,M,2,110.8125,104.3125
5813,106.0,F,2,94.75,86.875
5814,150.0,F,2,146.125,146.0
5815,106.0,F,2,107.3125,104.5625
5816,192.0,M,1,192.125,185.375
5817,94.0,F,3,93.75,94.6875
5818,120.0,M,4,112.5,113.0625
5819,168.0,M,4,164.0,165.875
5820,108.0,M,5,113.5625,115.5625
5821,138.0,M,4,123.9375,119.6875
5822,162.0,M,5,159.875,159.625
5823,150.0,M,1,150.0,148.0
5824,144.0,F,1,136.75,136.5
5825,51.0,M,3,50.125,51.5625
5826,192.0,M,3,183.875,185.875
5827,48.0,M,1,52.1875,49.0
5828,144.0,F,4,141.875,144.25
5829,69.0,F,3,61.0,62.5
5830,50.0,F,4,49.875,50.9375
5831,132.0,M,3,123.875,122.9375
5832,168.0,M,1,162.875,164.875
5833,46.0,F,1,53.0,46.875
5834,156.0,M,1,157.75,154.25
5835,48.0,M,1,59.0,51.625
5836,168.0,M,1,159.375,159.625
5837,94.0,F,2,98.6875,95.6875
5838,156.0,F,4,155.75,156.75
5839,162.0,M,3,157.875,158.125
5840,180.0,M,4,176.875,177.125
5841,156.0,M,2,158.75,162.625
5842,162.0,M,1,158.25,161.875
5843,48.0,M,3,52.375,52.9375
5844,106.0,F,3,109.375,108.6875
5845,192.0,M,3,194.0,198.25
5846,156.0,M,1,151.375,152.125
5847,94.0,F,5,104.3125,101.0625
5848,94.0,F,2,93.8125,87.6875
5849,132.0,M,2,127.875,128.375
5850,153.0,M,2,153.0,154.875
5851,78.0,M,3,81.375,88.25
5852,168.0,M,1,168.125,168.5
5853,162.0,M,1,168.0,169.25
5854,204.0,M,1,192.5,197.25
5855,72.0,M,5,83.0,82.0625
5856,120.0,F,4,110.125,110.5
5857,96.0,M,2,97.375,97.4375
5858,168.0,M,5,167.875,167.0
5859,162.0,M,4,159.125,158.5
5860,156.0,M,4,150.375,152.25
5861,180.0,F,5,182.5,184.375
5862,144.0,F,3,132.5,135.375
5863,144.0,F,4,135.75,135.375
5864,162.0,M,2,148.0,149.875
5865,156.0,F,3,152.375,155.125
5866,78.0,M,4,64.4375,63.4375
5867,90.0,M,3,86.875,90.5
5868,106.0,F,3,103.8125,102.8125
5869,150.0,M,2,151.875,152.125
5870,106.0,F,3,111.5625,109.625
5871,88.0,F,2,90.75,86.9375
5872,156.0,M,2,163.125,166.75
5873,144.0,F,2,150.0,151.0
5874,88.0,F,4,83.6875,87.1875
5875,120.0,F,1,115.0,112.8125
5876,180.0,F,4,183.375,177.625
5877,94.0,F,4,97.9375,96.5
5878,94.0,F,5,103.875,102.0
5879,156.0,M,5,154.25,153.125
5880,132.0,M,4,132.75,124.3125
5881,162.0,M,5,156.625,155.875
5882,39.0,M,4,37.25,39.625
5883,94.0,F,5,101.5625,100.9375
5884,94.0,F,3,91.125,90.5
5885,156.0,F,4,154.75,156.875
5886,55.0,F,2,42.8125,41.9375
5887,162.0,M,4,158.125,157.625
5888,156.0,F,4,152.75,156.0
5889,132.0,F,1,129.5,132.25
5890,120.0,F,5,103.5,104.875
5891,120.0,M,4,118.6875,117.5625
5892,165.0,M,1,168.75,166.875
5893,156.0,M,3,157.875,158.5
5894,144.0,F,1,124.6875,125.75
5895,106.0,F,2,120.25,117.75
5896,106.0,F,4,99.125,98.5625
5897,150.0,M,2,139.5,140.0
5898,156.0,F,5,150.875,150.625
5899,162.0,M,3,156.5,155.5
5900,82.0,F,5,71.4375,71.375
5901,180.0,F,3,174.5,176.25
5902,132.0,F,3,132.75,133.5
5903,42.0,F,2,48.125,50.5625
5904,106.0,F,2,107.125,103.625
5905,120.0,M,5,127.875,125.75
5906,48.0,M,5,53.625,54.4375
5907,198.0,F,3,195.0,199.875
5908,159.0,M,4,151.25,151.75
5909,76.0,F,1,78.375,76.625
5910,156.0,F,4,148.5,149.75
5911,132.0,F,4,127.875,127.375
5912,94.0,F,4,107.125,107.25
5913,69.0,F,3,63.96875,67.875
5914,135.0,M,5,141.25,143.5
5915,82.0,F,1,80.0,84.375
5916,144.0,F,1,136.25,133.875
5917,69.0,F,3,48.9375,50.125
5918,132.0,F,1,124.625,123.9375
5919,120.0,F,4,118.25,120.8125
5920,162.0,F,5,165.125,164.625
5921,69.0,F,3,64.375,64.125
5922,150.0,M,5,143.5,143.375
5923,144.0,F,3,140.75,140.75
5924,106.0,F,3,122.3125,125.625
5925,78.0,M,3,62.625,65.9375
5926,96.0,M,4,99.75,99.0625
5927,204.0,M,2,199.875,203.75
5928,69.0,F,4,66.8125,70.9375
5929,96.0,M,1,100.875,105.4375
5930,204.0,M,3,203.5,204.375
5931,192.0,M,5,186.75,185.875
5932,174.0,M,5,168.25,166.625
5933,168.0,M,2,166.125,168.625
5934,126.0,F,1,120.3125,124.5
5935,106.0,F,3,100.3125,101.875
5936,120.0,F,1,93.75,92.625
5937,108.0,M,1,93.8125,101.375
5938,94.0,F,2,103.8125,97.5
5939,96.0,M,2,76.9375,73.0625
5940,144.0,F,3,148.5,150.0
5941,69.0,F,5,70.375,66.4375
5942,120.0,F,3,119.25,114.25
5943,106.0,F,2,111.0625,113.1875
5944,102.0,M,1,110.0,110.1875
5945,120.0,F,3,127.1875,125.9375
5946,108.0,M,4,118.0,116.5625
5947,156.0,M,4,152.625,151.0
5948,150.0,M,2,133.5,132.875
5949,106.0,F,2,99.25,95.1875
5950,96.0,M,5,94.75,96.875
5951,156.0,M,4,158.125,158.25
5952,120.0,F,4,125.875,127.3125
5953,156.0,M,2,161.375,160.25
5954,168.0,M,4,165.375,169.125
5955,82.0,F,3,94.0625,91.5625
5956,84.0,M,1,87.1875,81.8125
5957,162.0,M,1,163.5,163.75
5958,120.0,F,2,126.9375,128.0
5959,132.0,F,3,138.0,138.25
5960,60.0,M,3,47.4375,49.3125
5961,48.0,M,5,47.375,49.4375
5962,94.0,F,3,88.9375,87.625
5963,120.0,M,4,116.0625,111.75
5964,216.0,M,4,214.25,219.375
5965,132.0,F,5,131.0,131.125
5966,108.0,M,2,122.25,112.3125
5967,132.0,F,2,136.875,139.125
5968,50.0,F,3,40.5,44.6875
5969,150.0,M,2,147.0,149.25
5970,132.0,M,5,111.6875,107.6875
5971,168.0,M,1,165.0,166.75
5972,48.0,M,1,60.5625,58.6875
5973,60.0,F,5,63.53125,63.53125
5974,204.0,M,5,206.375,206.375
5975,100.0,F,5,87.3125,86.9375
5976,114.0,F,4,113.6875,110.875
5977,94.0,F,5,96.125,97.875
5978,138.0,M,3,134.625,131.25
5979,132.0,F,4,120.3125,119.75
5980,159.0,M,3,152.25,146.5
5981,84.0,M,1,102.1875,99.625
5982,138.0,M,3,145.875,144.875
5983,54.0,M,4,57.75,56.6875
5984,156.0,M,5,158.125,157.0
5985,150.0,M,2,144.125,142.125
5986,168.0,M,4,167.125,169.5
5987,168.0,M,5,162.5,162.125
5988,132.0,M,3,136.125,135.75
5989,180.0,M,4,177.25,176.0
5990,120.0,F,1,120.0625,123.5625
5991,50.0,F,3,45.375,48.5625
5992,94.0,F,3,89.1875,89.875
5993,126.0,M,1,131.5,131.5
5994,94.0,F,2,83.625,82.125
5995,168.0,M,1,164.875,168.125
5996,168.0,M,5,174.625,173.875
5997,60.0,M,2,62.25,61.375
5998,132.0,F,4,136.875,138.375
5999,82.0,F,5,79.5,78.125
6000,50.0,F,5,63.40625,62.125
6001,82.0,F,2,86.0,83.5
6002,150.0,M,2,153.5,152.875
6003,150.0,M,2,142.25,140.0
6004,84.0,M,4,83.8125,81.1875
6005,82.0,F,5,86.75,85.125
6006,156.0,F,1,149.0,147.5
6007,156.0,F,1,148.0,148.875
6008,42.0,F,2,41.5,43.875
6009,204.0,M,5,200.625,199.125
6010,138.0,M,2,147.875,150.375
6011,132.0,F,1,131.25,131.25
6012,120.0,M,3,103.6875,105.875
6013,168.0,M,1,161.5,163.375
6014,96.0,M,4,92.9375,95.4375
6015,198.0,M,4,202.25,197.5
6016,168.0,M,2,165.875,168.875
6017,106.0,F,4,98.5,95.875
6018,66.0,M,2,66.8125,74.9375
6019,168.0,M,1,162.75,160.125
6020,132.0,M,4,125.0625,118.5625
6021,76.0,F,5,76.75,78.5625
6022,108.0,M,2,115.125,108.375
6023,132.0,F,4,135.25,134.125
6024,42.0,M,3,38.8125,40.1875
6025,132.0,F,1,145.125,143.75
6026,94.0,F,3,99.3125,100.5625
6027,50.0,F,3,48.125,51.5
6028,126.0,F,4,140.125,141.5
6029,69.0,F,1,74.6875,77.3125
6030,168.0,M,2,164.75,168.5
6031,162.0,M,2,161.875,165.625
6032,106.0,F,2,120.625,122.5
6033,54.0,M,4,57.9375,57.4375
6034,72.0,M,3,74.25,77.75
6035,144.0,F,3,134.625,134.875
6036,162.0,M,4,150.25,150.375
6037,106.0,F,4,101.4375,100.9375
6038,72.0,M,1,72.875,69.25
6039,144.0,F,1,145.375,147.25
6040,156.0,M,4,156.0,158.5
6041,162.0,M,3,161.75,161.125
6042,69.0,F,1,66.4375,65.0
6043,168.0,M,1,165.625,166.375
6044,126.0,M,2,110.6875,106.4375
6045,144.0,F,4,137.875,140.5
6046,82.0,F,3,96.9375,95.75
6047,30.0,F,5,36.6875,38.625
6048,69.0,F,1,63.3125,60.4375
6049,96.0,M,3,99.125,105.375
6050,84.0,F,2,78.875,79.0625
6051,162.0,M,3,165.75,165.25
6052,120.0,F,4,110.25,110.0
6053,72.0,M,4,64.75,66.0625
6054,88.0,F,1,90.875,92.875
6055,144.0,F,3,135.25,135.875
6056,204.0,M,5,207.75,205.75
6057,132.0,F,3,135.5,135.125
6058,48.0,M,4,47.0,50.75
6059,100.0,F,2,109.9375,110.1875
6060,162.0,M,3,152.625,152.25
6061,138.0,F,3,138.625,141.375
6062,94.0,F,5,91.1875,89.6875
6063,132.0,F,4,131.0,132.0
6064,96.0,M,5,103.75,104.9375
6065,168.0,M,3,166.5,166.375
6066,204.0,M,4,196.875,188.375
6067,204.0,M,2,200.75,205.125
6068,126.0,F,2,122.125,121.125
6069,150.0,M,5,151.75,150.0
6070,150.0,M,2,143.125,147.25
6071,132.0,F,3,141.125,142.625
6072,108.0,M,5,98.0625,100.875
6073,150.0,M,2,154.625,157.125
6074,162.0,F,1,165.25,166.375
6075,162.0,M,5,157.5,158.25
6076,132.0,F,1,123.875,126.1875
6077,50.0,F,4,43.8125,46.375
6078,96.0,M,4,107.4375,103.1875
6079,189.0,M,5,194.5,193.875
6080,162.0,M,4,162.625,164.625
6081,156.0,F,4,159.25,159.125
6082,156.0,M,3,156.75,155.625
6083,76.0,F,2,93.5,88.25
6084,84.0,M,5,89.75,89.9375
6085,42.0,M,4,35.75,41.0625
6086,204.0,F,4,198.875,195.0
6087,138.0,M,3,121.8125,121.3125
6088,120.0,M,5,143.375,141.875
6089,132.0,M,4,121.3125,116.8125
6090,120.0,F,4,129.75,127.25
6091,94.0,F,2,104.375,99.3125
6092,42.0,F,1,52.9375,50.125
6093,162.0,M,1,155.625,156.5
6094,94.0,F,3,84.0625,88.5
6095,156.0,M,1,161.625,164.625
6096,106.0,F,3,115.9375,113.625
6097,156.0,M,4,154.0,154.75
6098,120.0,F,2,113.25,116.0
6099,162.0,M,3,161.375,161.5
6100,138.0,M,4,148.5,144.375
6101,144.0,F,4,151.375,156.875
6102,106.0,F,1,90.125,93.375
6103,180.0,F,3,179.0,182.25
6104,82.0,F,3,81.9375,84.1875
6105,132.0,F,5,120.875,121.0
6106,168.0,M,2,169.5,172.5
6107,168.0,M,4,168.5,171.125
6108,138.0,M,3,135.25,136.5
6109,168.0,M,4,164.75,167.0
6110,120.0,F,2,117.125,117.25
6111,156.0,M,3,130.375,128.375
6112,138.0,M,3,135.125,132.625
6113,94.0,F,5,106.125,106.75
6114,150.0,M,5,127.5625,131.5
6115,132.0,M,1,135.25,129.75
6116,120.0,F,5,117.9375,119.0
6117,138.0,F,5,138.375,138.375
6118,102.0,M,5,110.0,108.4375
6119,156.0,M,1,153.625,151.375
6120,113.0,F,4,102.4375,100.6875
6121,162.0,F,5,161.5,161.25
6122,180.0,M,3,182.0,183.375
6123,180.0,F,2,184.125,185.375
6124,132.0,F,2,148.5,147.0
6125,162.0,M,3,159.625,159.875
6126,108.0,M,5,102.0,103.625
6127,132.0,F,2,133.0,133.25
6128,168.0,M,4,163.0,166.375
6129,150.0,M,3,154.625,152.375
6130,204.0,M,2,191.5,200.25
6131,132.0,F,5,136.125,136.25
6132,132.0,M,4,131.5,132.875
6133,162.0,M,4,153.125,152.375
6134,132.0,F,5,128.0,127.0
6135,120.0,F,3,130.625,130.125
6136,165.0,F,2,174.125,180.0
6137,132.0,F,2,137.5,136.5
6138,156.0,F,3,145.125,145.75
6139,126.0,F,4,126.4375,124.8125
6140,156.0,M,5,157.625,159.375
6141,78.0,M,2,75.5,80.1875
6142,180.0,F,4,174.25,172.375
6143,162.0,M,1,166.875,168.125
6144,150.0,M,3,149.875,149.0
6145,132.0,F,3,134.75,134.75
6146,12.0,F,2,11.0546875,0.36328125
6147,138.0,M,2,129.625,122.6875
6148,106.0,F,2,109.4375,112.5625
6149,94.0,F,4,84.5,85.9375
6150,82.0,F,4,96.4375,94.125
6151,156.0,M,3,160.0,159.625
6152,50.0,F,4,53.1875,56.3125
6153,82.0,F,4,69.5625,72.0625
6154,108.0,M,1,115.5,113.4375
6155,96.0,M,1,95.6875,94.375
6156,108.0,M,2,107.125,101.0625
6157,150.0,F,2,142.625,143.875
6158,162.0,F,1,165.625,165.5
6159,138.0,F,2,139.25,139.25
6160,72.0,F,2,65.3125,68.875
6161,126.0,F,3,129.625,129.125
6162,162.0,M,1,151.25,152.5
6163,168.0,F,3,163.0,167.625
6164,96.0,M,2,71.5,78.3125
6165,192.0,F,3,181.625,181.75
6166,168.0,M,3,170.125,171.25
6167,106.0,F,4,100.875,100.5
6168,108.0,M,3,116.6875,118.375
6169,84.0,M,3,86.5,86.4375
6170,150.0,M,3,145.75,147.125
6171,144.0,F,1,146.25,143.625
6172,108.0,M,1,117.3125,114.8125
6173,216.0,M,5,220.375,223.625
6174,60.0,M,2,74.25,80.6875
6175,162.0,M,1,161.125,161.625
6176,162.0,M,4,162.0,164.625
6177,90.0,M,4,70.5,69.25
6178,204.0,M,1,202.875,205.0
6179,153.0,M,1,148.375,149.25
6180,144.0,F,1,144.25,144.25
6181,216.0,M,1,229.25,217.875
6182,216.0,M,1,218.875,218.375
6183,150.0,M,1,156.125,157.375
6184,168.0,M,1,175.125,175.75
6185,138.0,M,1,129.5,130.125
6186,150.0,M,4,140.25,137.25
6187,120.0,F,2,122.8125,122.75
6188,69.0,F,4,59.4375,59.3125
6189,168.0,M,4,164.75,168.0
6190,126.0,F,5,127.25,127.625
6191,106.0,F,4,100.1875,101.1875
6192,168.0,M,5,167.0,166.375
6193,156.0,M,1,155.25,155.875
6194,168.0,M,1,159.5,161.125
6195,162.0,F,1,160.125,164.125
6196,106.0,F,5,112.6875,113.0625
6197,150.0,M,1,152.375,150.5
6198,126.0,M,2,132.5,134.375
6199,114.0,M,5,107.1875,108.3125
6200,106.0,F,4,107.8125,114.8125
6201,82.0,F,5,82.9375,82.75
6202,82.0,F,3,72.875,77.375
6203,66.0,M,3,59.6875,64.8125
6204,94.0,F,2,93.4375,89.8125
6205,192.0,M,1,189.125,193.25
6206,168.0,M,3,175.25,174.375
6207,45.0,M,3,47.375,47.4375
6208,82.0,F,1,79.4375,81.1875
6209,102.0,M,2,108.8125,105.5
6210,150.0,M,4,154.625,155.25
6211,84.0,F,3,56.0,56.625
6212,150.0,M,1,151.75,151.75
6213,106.0,F,1,108.0625,111.1875
6214,82.0,F,3,93.25,93.5
6215,162.0,M,2,164.5,168.0
6216,120.0,M,3,136.125,139.625
6217,94.0,F,1,100.0625,98.625
6218,174.0,M,2,177.625,180.125
6219,106.0,F,4,98.625,98.3125
6220,150.0,F,5,143.5,142.125
6221,168.0,F,2,166.25,172.125
6222,150.0,M,2,149.625,150.625
6223,132.0,F,4,131.625,132.0
6224,168.0,F,3,180.25,188.0
6225,126.0,M,5,135.375,141.125
6226,100.0,F,2,95.9375,89.6875
6227,88.0,F,5,95.6875,97.1875
6228,69.0,F,1,74.1875,80.0
6229,150.0,M,2,143.875,145.75
6230,120.0,M,5,111.1875,108.75
6231,186.0,M,1,186.875,187.75
6232,162.0,F,1,143.75,149.0
6233,156.0,M,2,153.875,156.625
6234,144.0,M,5,128.375,127.5625
6235,156.0,F,3,147.5,146.875
6236,162.0,M,2,162.875,165.625
6237,106.0,F,2,102.4375,98.5625
6238,168.0,M,3,166.875,166.625
6239,132.0,M,1,140.25,138.125
6240,132.0,F,5,138.0,138.0
6241,204.0,M,2,199.875,206.75
6242,94.0,F,5,94.3125,92.75
6243,72.0,M,1,90.3125,88.3125
6244,120.0,F,5,129.0,126.5
6245,132.0,M,2,136.375,134.125
6246,156.0,F,1,148.625,149.25
6247,153.0,M,3,158.125,156.75
6248,144.0,F,2,141.125,145.75
6249,186.0,M,1,181.0,181.25
6250,144.0,F,2,147.625,148.75
6251,168.0,M,1,174.25,175.75
6252,156.0,M,2,151.25,150.0
6253,120.0,F,2,126.25,126.4375
6254,168.0,M,3,169.75,170.5
6255,106.0,F,1,101.875,102.8125
6256,82.0,F,5,90.1875,88.375
6257,150.0,F,2,149.0,151.125
6258,66.0,M,5,73.5,71.25
6259,150.0,M,5,135.875,136.625
6260,162.0,F,2,166.25,168.25
6261,144.0,F,1,143.75,143.625
6262,162.0,M,4,162.875,162.75
6263,138.0,M,2,144.0,143.625
6264,36.0,M,5,44.4375,45.375
6265,82.0,F,3,82.75,83.875
6266,96.0,M,2,99.0,94.125
6267,132.0,M,3,147.625,144.5
6268,132.0,F,5,131.25,131.625
6269,150.0,M,4,151.0,149.5
6270,192.0,M,2,189.0,192.5
6271,144.0,F,5,134.875,134.5
6272,174.0,M,5,179.0,176.875
6273,120.0,F,2,131.25,133.375
6274,120.0,F,5,132.25,129.375
6275,72.0,M,5,77.5625,76.375
6276,162.0,M,5,164.125,164.125
6277,126.0,M,2,130.75,127.625
6278,156.0,M,4,148.125,145.0
6279,138.0,M,1,129.875,130.0
6280,168.0,F,4,165.875,164.0
6281,82.0,F,4,83.6875,83.0
6282,60.0,F,5,58.1875,59.0
6283,159.0,M,4,151.375,150.75
6284,168.0,F,4,171.5,170.625
6285,162.0,F,1,160.75,157.5
6286,24.0,M,3,24.609375,26.859375
6287,132.0,M,2,139.125,137.5
6288,150.0,M,1,144.5,145.5
6289,60.0,F,5,78.5,76.8125
6290,156.0,M,3,160.0,159.125
6291,162.0,M,5,162.375,161.625
6292,50.0,F,4,55.6875,55.4375
6293,174.0,M,4,175.5,176.0
6294,162.0,M,2,155.375,161.875
6295,132.0,F,4,133.75,133.25
6296,120.0,F,2,132.0,131.125
6297,168.0,M,2,159.875,161.25
6298,106.0,F,2,116.875,118.875
6299,106.0,F,2,116.1875,118.25
6300,132.0,F,2,122.6875,124.4375
6301,69.0,F,2,70.625,75.875
6302,132.0,F,2,109.0625,106.375
6303,120.0,M,1,130.625,127.0625
6304,42.0,F,4,40.0625,38.375
6305,168.0,F,5,176.75,178.125
6306,114.0,M,3,93.875,96.0
6307,132.0,F,1,116.1875,117.9375
6308,76.0,F,4,69.0,68.5
6309,60.0,M,5,64.9375,63.84375
6310,156.0,M,1,154.5,154.25
6311,168.0,M,5,165.375,163.375
6312,168.0,M,3,166.75,166.75
6313,168.0,M,1,166.875,168.25
6314,120.0,M,3,132.375,132.875
6315,96.0,M,5,93.125,92.9375
6316,162.0,F,2,159.875,161.75
6317,126.0,F,5,135.625,133.625
6318,114.0,M,4,122.1875,122.0625
6319,162.0,F,1,160.375,161.25
6320,72.0,M,3,60.9375,64.75
6321,120.0,F,5,120.625,122.1875
6322,88.0,F,2,88.25,82.8125
6323,138.0,F,5,104.0,105.4375
6324,204.0,M,3,206.625,206.375
6325,94.0,F,1,93.9375,93.5625
6326,150.0,M,5,148.875,148.75
6327,106.0,F,2,118.6875,121.4375
6328,132.0,M,1,132.875,131.5
6329,150.0,M,1,143.0,146.375
6330,156.0,M,3,162.5,161.0
6331,113.0,F,1,118.4375,121.375
6332,162.0,M,1,160.75,163.25
6333,60.0,M,3,73.875,78.125
6334,113.0,F,4,112.3125,110.1875
6335,120.0,F,5,127.3125,126.3125
6336,156.0,F,1,152.625,152.375
6337,106.0,F,1,102.5625,100.75
6338,150.0,M,4,138.625,137.375
6339,69.0,F,2,69.75,67.75
6340,96.0,F,4,73.625,73.75
6341,84.0,M,1,90.1875,88.75
6342,114.0,M,2,120.625,116.5625
6343,198.0,F,3,188.0,188.875
6344,204.0,M,5,203.25,202.875
6345,132.0,M,1,159.625,160.75
6346,162.0,M,1,159.625,159.875
6347,132.0,M,4,127.0,127.5625
6348,132.0,F,5,136.5,135.5
6349,69.0,F,3,60.8125,62.25
6350,60.0,F,4,64.8125,64.0
6351,162.0,M,3,161.875,160.5
6352,82.0,F,5,91.9375,91.5625
6353,138.0,M,2,135.875,135.25
6354,84.0,M,3,81.375,83.375
6355,186.0,M,1,183.875,185.875
6356,192.0,F,5,186.0,183.875
6357,126.0,F,2,134.25,130.625
6358,120.0,F,2,122.9375,126.125
6359,138.0,M,1,144.0,142.75
6360,106.0,F,2,107.5625,102.3125
6361,84.0,M,5,67.875,69.375
6362,82.0,F,2,83.0625,78.9375
6363,94.0,F,5,102.9375,104.3125
6364,108.0,M,2,114.0625,108.125
6365,94.0,F,2,93.8125,89.75
6366,126.0,M,3,129.875,126.625
6367,156.0,F,3,144.375,143.75
6368,138.0,M,4,133.125,134.25
6369,156.0,M,5,148.75,147.875
6370,94.0,F,3,99.4375,100.8125
6371,168.0,M,5,170.75,171.75
6372,132.0,F,1,144.875,149.625
6373,162.0,M,3,165.5,165.5
6374,96.0,M,5,109.125,109.0
6375,150.0,M,5,154.875,153.75
6376,96.0,M,3,97.75,101.6875
6377,57.0,M,2,46.4375,48.875
6378,54.0,M,5,48.75,52.3125
6379,48.0,M,1,50.6875,45.8125
6380,90.0,M,1,82.75,78.0625
6381,120.0,F,5,121.6875,120.5625
6382,94.0,F,4,78.625,75.25
6383,162.0,M,5,157.75,157.875
6384,82.0,F,1,91.75,92.125
6385,60.0,M,3,64.625,65.125
6386,138.0,M,5,138.625,141.75
6387,162.0,M,1,159.25,162.875
6388,102.0,M,4,106.6875,103.375
6389,165.0,M,3,156.5,155.25
6390,150.0,M,5,146.875,145.5
6391,72.0,M,2,75.3125,80.625
6392,120.0,F,1,106.1875,102.875
6393,180.0,F,1,158.25,162.75
6394,132.0,F,5,130.75,130.25
6395,156.0,M,1,169.5,171.25
6396,72.0,M,2,66.5625,70.875
6397,192.0,M,1,193.75,193.375
6398,60.0,M,3,58.875,61.8125
6399,120.0,M,3,112.5625,115.875
6400,106.0,F,3,118.0,116.875
6401,120.0,F,5,114.5,115.75
6402,66.0,M,1,60.875,54.0
6403,72.0,M,1,71.4375,64.625
6404,132.0,F,4,120.875,116.5625
6405,150.0,M,5,162.125,160.75
6406,150.0,M,1,150.75,151.125
6407,150.0,M,4,150.625,152.75
6408,180.0,F,4,185.125,184.125
6409,216.0,F,3,204.375,205.625
6410,120.0,M,2,136.75,136.375
6411,108.0,M,3,93.9375,96.0625
6412,156.0,M,4,145.625,147.125
6413,33.0,F,2,33.5625,38.0
6414,150.0,M,3,143.75,145.25
6415,72.0,M,2,67.4375,63.0625
6416,108.0,M,3,98.375,95.9375
6417,88.0,F,5,86.875,88.125
6418,132.0,M,4,126.0625,124.5
6419,162.0,M,1,161.875,161.625
6420,96.0,M,3,89.3125,89.4375
6421,132.0,F,4,135.0,136.0
6422,54.0,M,4,55.9375,57.5
6423,138.0,M,3,122.4375,120.9375
6424,84.0,M,3,86.625,88.75
6425,84.0,M,3,62.125,68.125
6426,94.0,F,4,94.625,95.125
6427,138.0,M,4,141.875,137.0
6428,168.0,M,4,162.0,161.25
6429,120.0,F,2,122.0625,124.3125
6430,162.0,M,3,163.625,163.75
6431,94.0,F,1,102.0,102.25
6432,120.0,M,3,106.3125,109.0
6433,156.0,F,1,144.75,149.0
6434,126.0,F,2,129.75,130.375
6435,180.0,F,3,180.0,182.875
6436,106.0,F,3,106.125,107.8125
6437,106.0,F,5,92.5,95.25
6438,114.0,M,4,111.125,108.875
6439,96.0,M,5,90.5,91.8125
6440,138.0,M,1,133.75,132.625
6441,126.0,F,1,111.5625,110.125
6442,156.0,M,1,147.0,145.375
6443,84.0,M,1,98.1875,98.1875
6444,162.0,M,4,152.75,153.0
6445,150.0,M,1,161.125,158.25
6446,138.0,M,3,131.125,130.625
6447,159.0,M,1,166.625,168.25
6448,82.0,F,3,83.125,78.875
6449,156.0,M,1,153.75,153.125
6450,168.0,M,5,161.875,160.5
6451,156.0,M,2,156.625,158.25
6452,162.0,M,1,155.625,158.125
6453,42.0,M,3,38.6875,39.125
6454,168.0,F,5,176.75,176.375
6455,120.0,F,5,130.25,129.75
6456,126.0,F,2,120.8125,122.125
6457,180.0,M,2,176.125,179.0
6458,138.0,M,5,136.875,139.75
6459,150.0,M,3,148.375,143.875
6460,132.0,F,5,147.75,146.875
6461,132.0,M,4,140.25,138.625
6462,180.0,M,2,182.0,183.875
6463,72.0,M,4,81.625,82.75
6464,168.0,M,3,167.5,167.875
6465,156.0,F,5,150.125,149.125
6466,144.0,F,1,153.625,150.875
6467,96.0,M,2,105.9375,100.9375
6468,168.0,M,1,168.5,168.125
6469,156.0,M,2,153.625,152.875
6470,69.0,F,3,73.125,77.75
6471,168.0,M,3,161.25,160.25
6472,120.0,M,1,115.5625,113.0625
6473,120.0,F,3,115.125,109.0
6474,150.0,F,2,140.875,141.125
6475,106.0,F,4,95.875,94.0
6476,94.0,F,3,99.875,98.9375
6477,168.0,M,2,165.375,168.0
6478,106.0,F,2,105.375,108.9375
6479,150.0,M,4,144.875,143.125
6480,120.0,F,2,115.625,111.1875
6481,138.0,M,1,135.875,138.625
6482,180.0,F,3,185.625,184.125
6483,138.0,M,3,134.25,136.125
6484,106.0,F,3,111.8125,112.0
6485,138.0,M,1,138.75,135.875
6486,113.0,F,3,128.25,128.875
6487,156.0,M,3,154.125,153.5
6488,55.0,F,4,58.1875,57.75
6489,204.0,M,2,198.0,204.5
6490,162.0,M,3,130.5,129.875
6491,144.0,F,3,136.75,133.0
6492,66.0,M,2,65.6875,74.8125
6493,82.0,F,2,81.5625,77.0625
6494,126.0,F,2,135.375,131.25
6495,132.0,F,1,131.0,130.25
6496,144.0,F,4,137.125,138.75
6497,144.0,F,4,133.75,131.875
6498,42.0,F,1,45.375,39.9375
6499,150.0,M,1,150.875,152.0
6500,156.0,M,2,160.75,163.0
6501,84.0,M,2,79.4375,83.3125
6502,120.0,F,5,110.5625,112.1875
6503,39.0,M,5,41.125,41.375
6504,156.0,F,2,149.5,147.875
6505,168.0,F,4,166.375,166.25
6506,94.0,F,2,94.9375,91.0
6507,156.0,M,3,156.75,155.25
6508,132.0,F,1,133.375,132.375
6509,84.0,M,4,98.875,91.875
6510,66.0,M,2,73.3125,79.0625
6511,156.0,F,3,149.875,153.625
6512,168.0,F,1,163.5,165.25
6513,192.0,F,2,183.125,186.25
6514,108.0,M,4,106.9375,106.1875
6515,24.0,M,5,41.625,38.25
6516,138.0,F,3,138.0,137.625
6517,94.0,F,2,92.625,88.9375
6518,168.0,M,4,192.875,188.75
6519,132.0,M,2,133.875,128.0
6520,106.0,F,3,104.75,102.5
6521,69.0,F,1,64.625,63.1875
6522,156.0,M,2,162.5,162.5
6523,132.0,F,3,123.8125,125.1875
6524,94.0,F,2,101.75,98.5
6525,204.0,M,3,198.875,201.875
6526,138.0,M,5,148.0,149.25
6527,96.0,M,3,101.0625,102.5
6528,132.0,M,5,130.625,130.0
6529,94.0,F,1,104.625,103.75
6530,138.0,M,1,141.5,141.25
6531,162.0,F,5,163.75,163.75
6532,174.0,M,3,170.875,171.25
6533,120.0,M,3,121.9375,119.8125
6534,96.0,M,5,80.375,77.0625
6535,174.0,M,1,173.625,178.75
6536,106.0,F,2,100.75,99.0625
6537,76.0,F,1,72.3125,73.8125
6538,120.0,F,4,102.125,102.375
6539,138.0,M,3,146.75,148.875
6540,84.0,M,1,100.0625,100.375
6541,82.0,F,5,80.125,79.0
6542,120.0,F,1,111.5,113.5625
6543,69.0,F,1,77.8125,79.6875
6544,156.0,F,5,149.5,148.5
6545,126.0,F,1,130.25,134.75
6546,42.0,F,3,38.625,46.3125
6547,78.0,M,3,75.375,80.125
6548,144.0,F,4,142.625,145.625
6549,192.0,M,3,184.375,186.125
6550,144.0,F,5,148.625,146.625
6551,69.0,F,2,58.625,59.3125
6552,156.0,M,3,152.25,153.875
6553,132.0,F,3,137.875,138.875
6554,94.0,F,3,98.6875,97.6875
6555,132.0,F,1,137.875,138.625
6556,120.0,F,4,117.0,115.125
6557,132.0,M,4,127.25,124.1875
6558,106.0,F,5,106.0625,102.625
6559,162.0,M,2,164.0,166.25
6560,82.0,F,1,85.0,85.0
6561,150.0,M,3,155.0,156.25
6562,168.0,M,3,164.125,164.5
6563,168.0,M,2,162.25,166.75
6564,114.0,M,1,112.125,115.0625
6565,168.0,M,4,151.375,151.25
6566,162.0,M,2,158.0,159.375
6567,138.0,M,5,133.0,133.625
6568,120.0,F,1,122.4375,125.0625
6569,120.0,M,4,125.3125,124.375
6570,82.0,F,4,84.5625,85.6875
6571,156.0,M,2,156.125,154.25
6572,156.0,F,5,141.125,139.125
6573,144.0,F,3,133.625,135.75
6574,174.0,M,4,177.75,177.375
6575,108.0,M,1,110.6875,112.3125
6576,168.0,M,2,162.75,162.625
6577,106.0,F,1,110.0625,107.4375
6578,132.0,F,1,137.0,134.125
6579,156.0,M,1,155.5,155.375
6580,94.0,F,1,88.875,89.125
6581,69.0,F,2,65.375,69.5625
6582,108.0,M,1,119.4375,117.875
6583,138.0,F,1,136.375,138.75
6584,84.0,M,4,94.0,89.625
6585,94.0,F,5,101.875,99.125
6586,120.0,F,5,123.1875,121.875
6587,108.0,M,4,109.125,107.6875
6588,82.0,F,5,80.5,80.4375
6589,168.0,M,4,168.125,170.375
6590,138.0,M,2,139.625,136.25
6591,168.0,M,4,163.625,165.5
6592,144.0,F,5,138.25,137.625
6593,138.0,M,4,139.25,136.25
6594,162.0,M,5,161.25,162.25
6595,48.0,M,2,39.8125,40.9375
6596,48.0,M,3,41.3125,40.75
6597,132.0,M,4,127.0625,128.5
6598,126.0,M,5,108.25,108.875
6599,168.0,F,5,164.5,166.0
6600,144.0,F,1,146.75,147.375
6601,156.0,F,4,153.75,155.25
6602,132.0,M,2,122.75,116.125
6603,82.0,F,1,71.875,72.75
6604,168.0,M,3,171.0,172.25
6605,138.0,M,4,142.25,141.375
6606,138.0,F,3,134.125,135.125
6607,156.0,F,1,145.375,146.375
6608,82.0,F,4,100.0625,95.6875
6609,108.0,M,3,110.8125,110.5
6610,132.0,F,4,128.75,129.5
6611,156.0,M,4,153.625,151.0
6612,69.0,F,3,76.8125,71.75
6613,108.0,M,1,104.875,103.0625
6614,108.0,M,3,104.9375,103.375
6615,82.0,F,1,83.4375,84.0625
6616,168.0,M,1,163.75,164.125
6617,30.0,F,2,35.5,29.296875
6618,69.0,F,2,62.375,66.0625
6619,126.0,M,3,132.0,130.75
6620,144.0,F,3,140.25,140.0
6621,162.0,F,4,165.25,165.0
6622,113.0,F,5,107.75,111.8125
6623,69.0,F,5,76.9375,75.0
6624,150.0,M,2,155.0,155.5
6625,144.0,M,3,144.375,144.125
6626,156.0,M,5,156.0,156.75
6627,120.0,M,1,114.625,115.0625
6628,132.0,M,5,119.9375,118.8125
6629,120.0,F,2,107.9375,104.375
6630,82.0,F,5,85.4375,86.0
6631,120.0,M,2,124.9375,120.8125
6632,60.0,M,3,53.375,50.6875
6633,186.0,F,3,181.875,182.25
6634,144.0,M,3,139.5,140.5
6635,168.0,F,1,166.375,170.25
6636,72.0,M,2,67.9375,66.8125
6637,150.0,F,3,143.5,145.5
6638,106.0,F,2,110.5625,109.875
6639,135.0,M,3,144.0,141.375
6640,120.0,F,3,110.0625,107.6875
6641,60.0,F,3,54.0625,56.0625
6642,189.0,M,1,192.125,194.125
6643,132.0,F,4,125.25,132.375
6644,94.0,F,4,98.0625,95.875
6645,36.0,F,5,43.375,46.375
6646,84.0,M,2,96.625,98.1875
6647,168.0,M,3,161.125,161.75
6648,162.0,M,4,158.25,157.625
6649,138.0,M,3,144.625,145.625
6650,156.0,F,3,150.0,149.75
6651,82.0,F,5,83.1875,82.8125
6652,132.0,M,3,135.625,140.0
6653,150.0,M,5,151.625,151.5
6654,156.0,M,1,158.5,157.75
6655,84.0,M,5,86.6875,86.0
6656,108.0,M,4,108.5625,104.6875
6657,156.0,M,3,156.25,154.75
6658,120.0,F,5,101.3125,100.8125
6659,120.0,M,5,119.1875,117.9375
6660,60.0,F,4,64.5,64.6875
6661,106.0,F,1,101.5,99.75
6662,162.0,M,3,160.25,160.5
6663,48.0,M,1,44.9375,38.5625
6664,18.0,M,2,25.796875,18.734375
6665,156.0,F,3,143.375,145.375
6666,138.0,M,4,134.375,133.375
6667,69.0,F,5,73.875,73.5625
6668,84.0,M,3,80.5625,87.0625
6669,126.0,F,2,141.75,140.0
6670,150.0,M,3,145.25,144.5
6671,138.0,F,3,140.5,142.0
6672,138.0,M,1,150.375,150.125
6673,102.0,M,3,92.0625,93.6875
6674,150.0,M,5,136.25,137.125
6675,192.0,F,2,179.875,183.75
6676,54.0,M,4,59.75,61.25
6677,159.0,M,5,163.5,162.5
6678,82.0,F,4,90.75,90.875
6679,162.0,F,1,162.125,160.25
6680,50.0,F,4,61.5,60.8125
6681,69.0,F,4,76.1875,74.5625
6682,162.0,M,4,158.125,159.0
6683,69.0,F,4,60.0,62.375
6684,162.0,M,2,159.0,159.125
6685,162.0,M,5,153.5,153.0
6686,82.0,F,4,85.3125,79.6875
6687,120.0,F,3,123.5625,119.0
6688,88.0,F,3,97.875,98.0
6689,30.0,F,4,29.609375,34.8125
6690,132.0,M,2,127.25,127.9375
6691,120.0,M,3,121.25,121.4375
6692,168.0,M,5,166.875,170.125
6693,150.0,M,3,148.875,149.75
6694,69.0,F,1,75.9375,74.8125
6695,168.0,M,1,169.375,168.875
6696,48.0,M,3,45.625,46.9375
6697,102.0,M,4,97.5625,93.5
6698,55.0,F,5,58.5,59.875
6699,100.0,F,1,100.6875,101.1875
6700,204.0,M,5,209.75,209.5
6701,144.0,F,1,145.5,145.625
6702,162.0,M,3,158.625,157.125
6703,57.0,M,1,59.75,50.25
6704,168.0,M,2,166.625,170.25
6705,180.0,M,3,178.75,180.75
6706,120.0,M,5,124.6875,124.75
6707,144.0,F,4,134.875,136.0
6708,120.0,M,2,108.0,105.0625
6709,106.0,F,3,118.8125,118.6875
6710,72.0,M,5,73.875,72.25
6711,94.0,F,1,97.375,99.0625
6712,144.0,F,2,144.375,143.125
6713,84.0,M,1,74.6875,66.3125
6714,108.0,M,5,105.25,105.25
6715,114.0,M,3,117.25,114.125
6716,180.0,M,2,181.125,183.125
6717,107.0,F,1,116.5625,111.0625
6718,150.0,M,2,154.375,156.125
6719,120.0,M,3,118.4375,120.25
6720,120.0,M,5,120.9375,119.4375
6721,210.0,M,2,206.5,211.0
6722,168.0,M,2,166.375,168.5
6723,54.0,M,3,59.4375,63.65625
6724,69.0,F,2,74.625,73.5625
6725,120.0,F,3,109.5625,109.625
6726,168.0,M,5,167.875,167.125
6727,168.0,M,5,167.75,166.375
6728,156.0,F,1,152.75,151.0
6729,156.0,M,1,158.125,158.25
6730,96.0,M,3,101.25,103.1875
6731,69.0,F,4,72.3125,72.0
6732,150.0,M,5,141.375,141.125
6733,120.0,F,2,108.9375,105.25
6734,165.0,M,4,156.5,157.0
6735,156.0,M,4,152.875,151.5
6736,150.0,F,1,148.75,147.625
6737,120.0,M,3,122.75,127.0
6738,162.0,M,3,160.375,160.25
6739,120.0,M,1,128.75,125.375
6740,144.0,F,5,140.625,138.5
6741,156.0,M,4,156.5,157.625
6742,120.0,M,1,120.5625,121.375
6743,204.0,M,3,206.5,206.125
6744,198.0,M,2,198.625,204.0
6745,60.0,F,1,68.125,70.25
6746,94.0,F,2,85.5625,84.3125
6747,72.0,M,5,78.5625,79.4375
6748,156.0,F,4,150.625,153.375
6749,144.0,F,2,145.625,146.125
6750,102.0,M,4,110.1875,109.625
6751,180.0,M,1,183.375,184.75
6752,94.0,F,2,91.3125,89.25
6753,180.0,F,4,180.375,175.875
6754,162.0,F,1,160.75,162.625
6755,120.0,M,5,114.125,116.375
6756,180.0,F,2,179.25,189.25
6757,82.0,F,1,82.1875,82.5
6758,94.0,F,2,104.6875,99.0625
6759,24.0,M,5,26.046875,29.859375
6760,60.0,M,5,72.25,74.25
6761,138.0,M,5,149.875,148.875
6762,69.0,F,2,71.6875,69.0625
6763,106.0,F,2,115.375,115.125
6764,150.0,M,2,152.625,152.875
6765,126.0,F,4,137.875,138.375
6766,156.0,F,4,143.875,146.875
6767,96.0,M,5,99.5,98.875
6768,150.0,M,3,142.5,143.875
6769,168.0,M,3,168.625,169.625
6770,144.0,F,1,148.125,149.875
6771,150.0,M,3,140.375,139.25
6772,94.0,F,4,80.1875,80.3125
6773,168.0,M,4,165.75,169.375
6774,69.0,F,5,77.9375,77.3125
6775,156.0,M,5,157.125,156.625
6776,162.0,M,3,162.0,161.0
6777,153.0,M,4,149.0,147.625
6778,186.0,M,4,192.25,187.75
6779,132.0,F,3,143.75,143.25
6780,69.0,F,5,73.875,71.6875
6781,204.0,M,5,205.25,204.5
6782,72.0,M,3,87.25,90.375
6783,82.0,F,3,79.5,81.125
6784,180.0,F,3,137.0,144.5
6785,120.0,M,2,128.875,121.9375
6786,168.0,M,5,166.75,166.375
6787,94.0,F,5,87.875,88.5625
6788,180.0,M,1,179.0,178.75
6789,216.0,M,2,204.375,212.375
6790,76.0,F,5,83.0625,83.0
6791,156.0,M,5,157.5,157.0
6792,132.0,M,4,129.375,130.25
6793,132.0,M,5,135.75,137.25
6794,126.0,F,2,126.0,125.5625
6795,72.0,M,3,73.9375,74.9375
6796,144.0,F,2,143.0,148.5
6797,120.0,M,3,105.6875,111.3125
6798,82.0,F,3,84.0625,86.1875
6799,42.0,M,4,42.0,46.75
6800,138.0,M,1,151.625,150.625
6801,60.0,M,1,74.0625,65.4375
6802,150.0,M,1,142.75,140.625
6803,168.0,M,2,166.875,168.625
6804,168.0,M,4,158.375,160.75
6805,132.0,F,3,131.375,132.0
6806,180.0,M,2,181.875,183.0
6807,120.0,M,4,131.875,129.25
6808,150.0,M,2,153.375,155.875
6809,132.0,F,4,128.75,129.625
6810,120.0,M,5,120.4375,125.9375
6811,50.0,F,1,51.9375,46.9375
6812,135.0,M,2,153.625,152.5
6813,162.0,F,2,168.625,172.625
6814,150.0,F,5,149.0,145.875
6815,162.0,M,2,160.25,161.5
6816,82.0,F,2,81.625,78.875
6817,82.0,F,3,72.75,77.0
6818,168.0,M,1,163.25,163.25
6819,138.0,M,4,128.75,123.6875
6820,192.0,F,1,192.0,193.5
6821,168.0,M,1,166.125,165.875
6822,132.0,F,2,133.125,134.75
6823,150.0,M,3,130.0,133.125
6824,120.0,M,2,116.1875,107.625
6825,72.0,M,4,77.5,75.5
6826,132.0,F,3,121.375,121.4375
6827,69.0,F,4,80.125,79.0
6828,132.0,F,2,132.625,134.25
6829,168.0,M,2,165.25,166.375
6830,82.0,F,2,93.9375,92.8125
6831,106.0,M,1,133.25,134.0
6832,36.0,F,4,54.25,55.125
6833,106.0,F,2,107.8125,109.875
6834,120.0,F,4,115.625,117.4375
6835,132.0,M,2,143.5,139.5
6836,132.0,M,2,118.6875,113.75
6837,162.0,M,2,152.375,151.75
6838,186.0,M,1,184.625,187.25
6839,106.0,F,5,101.9375,106.0
6840,108.0,M,4,133.25,131.5
6841,120.0,M,3,125.25,114.1875
6842,94.0,F,1,83.3125,81.875
6843,132.0,M,5,133.625,131.75
6844,150.0,M,5,145.5,147.125
6845,120.0,F,5,126.3125,125.9375
6846,162.0,M,1,165.5,166.5
6847,150.0,F,4,139.375,141.0
6848,138.0,F,5,147.0,143.375
6849,138.0,M,3,141.375,139.0
6850,162.0,F,4,163.125,163.625
6851,150.0,M,2,152.125,157.875
6852,144.0,F,4,138.75,142.25
6853,126.0,F,4,127.5625,126.6875
6854,180.0,F,4,184.875,182.875
6855,168.0,M,4,164.125,165.5
6856,82.0,F,5,82.25,82.4375
6857,132.0,F,5,128.125,129.25
6858,162.0,M,2,155.375,159.0
6859,102.0,M,4,117.3125,110.875
6860,126.0,M,2,126.1875,123.75
6861,69.0,F,4,75.5,75.8125
6862,168.0,M,4,166.625,167.75
6863,162.0,F,1,156.375,155.125
6864,168.0,M,4,160.375,162.5
6865,120.0,F,1,110.125,106.1875
6866,150.0,M,5,150.875,153.5
6867,69.0,F,1,69.375,69.5
6868,50.0,F,1,47.9375,43.5625
6869,156.0,F,2,137.375,137.25
6870,180.0,F,4,186.25,180.875
6871,150.0,M,1,154.375,152.25
6872,144.0,M,1,147.5,143.75
6873,156.0,F,1,139.875,142.625
6874,72.0,M,5,79.875,79.125
6875,132.0,M,1,127.75,123.5
6876,108.0,M,5,103.5625,103.6875
6877,84.0,M,1,81.8125,82.6875
6878,156.0,F,3,142.25,141.5
6879,108.0,M,5,107.125,107.875
6880,72.0,M,2,64.25,64.75
6881,159.0,M,3,158.75,158.625
6882,82.0,F,2,81.875,80.75
6883,132.0,F,3,123.8125,119.0
6884,156.0,M,1,151.0,151.625
6885,156.0,M,4,148.625,151.5
6886,42.0,M,4,45.5,49.9375
6887,162.0,M,3,163.375,163.25
6888,150.0,M,3,146.75,147.625
6889,150.0,M,5,153.125,155.125
6890,120.0,M,5,124.8125,121.3125
6891,126.0,F,4,133.0,131.625
6892,156.0,M,4,153.125,150.25
6893,132.0,M,5,133.75,132.375
6894,192.0,M,5,188.375,186.625
6895,132.0,F,1,140.25,139.25
6896,60.0,F,3,61.0,65.875
6897,82.0,F,4,87.5,87.75
6898,120.0,M,2,142.75,144.75
6899,82.0,F,5,76.4375,75.375
6900,106.0,F,1,110.1875,111.75
6901,180.0,M,2,172.25,171.25
6902,120.0,F,2,128.0,129.125
6903,162.0,M,5,163.5,163.75
6904,106.0,F,2,116.625,109.1875
6905,82.0,F,5,57.3125,56.625
6906,120.0,F,2,122.125,122.5
6907,153.0,M,5,151.25,152.875
6908,168.0,M,2,166.25,169.625
6909,82.0,F,2,77.875,77.0625
6910,72.0,M,4,59.6875,59.25
6911,132.0,F,5,119.875,119.75
6912,70.0,F,4,104.3125,100.875
6913,159.0,F,5,157.625,156.25
6914,162.0,M,1,157.375,158.625
6915,94.0,F,5,103.25,100.5625
6916,150.0,M,1,146.75,146.375
6917,168.0,M,2,169.25,170.625
6918,82.0,F,1,67.0625,69.0
6919,78.0,M,3,80.125,75.3125
6920,204.0,M,1,192.875,192.125
6921,138.0,M,5,134.125,133.25
6922,204.0,M,4,200.0,195.5
6923,120.0,M,2,112.4375,110.25
6924,132.0,M,5,129.875,131.5
6925,94.0,F,2,89.875,86.3125
6926,132.0,F,4,134.25,134.0
6927,192.0,M,4,197.875,190.75
6928,132.0,F,3,131.125,132.625
6929,204.0,M,5,203.625,204.0
6930,53.0,M,1,57.0625,52.75
6931,120.0,F,5,120.125,122.875
6932,72.0,M,1,74.9375,73.3125
6933,150.0,M,2,142.75,145.75
6934,144.0,F,5,138.375,139.0
6935,108.0,M,3,97.3125,98.3125
6936,144.0,F,3,133.0,139.875
6937,150.0,M,4,119.5,119.125
6938,54.0,M,4,48.125,49.6875
6939,156.0,M,2,146.375,145.375
6940,138.0,M,4,128.0,124.25
6941,94.0,F,3,91.3125,89.5
6942,156.0,F,1,156.125,154.125
6943,216.0,M,3,207.75,208.5
6944,156.0,F,4,146.375,148.0
6945,138.0,M,5,146.0,143.75
6946,138.0,M,2,132.125,134.0
6947,82.0,F,1,85.625,88.375
6948,159.0,M,4,157.125,155.375
6949,150.0,M,3,140.375,140.0
6950,126.0,F,2,138.875,139.75
6951,144.0,F,4,137.25,140.25
6952,132.0,F,3,121.9375,122.5
6953,162.0,M,1,165.125,162.0
6954,132.0,F,4,119.0625,118.75
6955,88.0,F,1,82.625,83.25
6956,108.0,M,1,98.625,101.3125
6957,108.0,M,4,117.125,117.125
6958,180.0,M,1,180.5,183.625
6959,84.0,M,3,99.0625,99.75
6960,120.0,F,5,117.4375,117.3125
6961,60.0,M,1,56.125,50.3125
6962,132.0,M,5,126.5,129.125
6963,132.0,F,4,142.75,142.75
6964,94.0,F,3,107.5,107.6875
6965,162.0,M,5,155.0,155.0
6966,168.0,M,5,170.5,169.5
6967,174.0,M,3,178.75,179.125
6968,132.0,F,5,124.5,123.0625
6969,120.0,F,2,116.0625,114.25
6970,150.0,M,3,142.875,144.625
6971,132.0,M,1,136.75,137.75
6972,126.0,F,2,129.625,130.875
6973,138.0,M,5,148.625,148.875
6974,132.0,F,3,136.875,137.625
6975,144.0,F,4,128.75,125.3125
6976,132.0,F,2,137.625,139.625
6977,132.0,F,3,125.5625,127.5
6978,150.0,F,5,141.875,140.625
6979,60.0,M,5,65.0625,63.53125
6980,144.0,F,2,147.75,147.625
6981,120.0,M,1,127.6875,127.75
6982,156.0,M,5,149.875,150.625
6983,132.0,F,3,138.125,137.625
6984,192.0,F,4,188.5,193.375
6985,150.0,M,3,152.125,151.875
6986,162.0,M,2,161.375,163.125
6987,150.0,M,4,135.875,138.125
6988,162.0,M,1,165.125,163.5
6989,120.0,F,3,131.25,132.125
6990,156.0,M,3,159.75,159.0
6991,150.0,M,1,145.625,144.75
6992,144.0,M,5,132.375,132.375
6993,180.0,M,4,164.125,165.625
6994,204.0,M,4,194.5,187.5
6995,138.0,M,4,133.875,128.625
6996,162.0,M,3,163.625,165.25
6997,138.0,M,1,136.875,138.625
6998,120.0,M,4,114.125,110.375
6999,66.0,M,3,64.25,68.9375
7000,66.0,M,1,85.875,77.75
7001,132.0,F,3,133.375,132.625
7002,60.0,M,3,56.125,60.9375
7003,144.0,F,5,139.625,139.375
7004,84.0,M,4,85.75,85.875
7005,150.0,M,3,150.0,151.375
7006,84.0,M,4,93.1875,88.8125
7007,24.0,M,5,32.5625,36.5625
7008,120.0,F,1,122.125,118.1875
7009,138.0,M,3,143.25,144.25
7010,108.0,M,2,107.5625,102.875
7011,204.0,M,4,209.0,207.0
7012,88.0,F,3,89.8125,91.9375
7013,94.0,F,4,91.875,90.1875
7014,138.0,M,4,139.125,144.375
7015,72.0,M,4,71.75,72.875
7016,132.0,F,5,135.375,135.625
7017,138.0,M,1,155.0,154.0
7018,150.0,M,3,149.25,150.875
7019,72.0,M,4,63.0625,64.6875
7020,132.0,M,3,142.0,142.625
7021,48.0,M,4,44.8125,48.9375
7022,82.0,F,3,84.3125,82.9375
7023,168.0,M,5,167.375,164.5
7024,156.0,M,2,147.375,142.625
7025,94.0,F,1,97.625,99.0625
7026,120.0,F,3,127.0,124.8125
7027,162.0,M,2,159.75,161.625
7028,150.0,M,3,146.625,150.25
7029,84.0,M,4,79.125,77.3125
7030,120.0,M,2,119.0,111.8125
7031,138.0,M,1,138.25,137.375
7032,96.0,M,5,97.8125,98.3125
7033,156.0,M,3,156.625,155.75
7034,144.0,M,1,140.375,135.75
7035,82.0,F,3,68.0,70.75
7036,24.0,M,1,36.5625,32.9375
7037,126.0,F,4,121.875,117.875
7038,46.0,F,2,56.625,58.1875
7039,204.0,M,3,206.25,205.75
7040,156.0,M,4,159.25,160.625
7041,168.0,M,4,165.0,165.625
7042,16.0,M,3,15.9296875,12.8671875
7043,156.0,F,3,142.375,143.875
7044,204.0,M,2,198.375,204.25
7045,132.0,M,3,121.1875,125.6875
7046,76.0,F,2,71.875,73.125
7047,94.0,F,1,94.0,92.625
7048,120.0,F,1,128.75,129.625
7049,153.0,M,5,141.75,139.25
7050,156.0,M,5,156.875,157.0
7051,126.0,F,1,125.1875,127.3125
7052,180.0,M,5,178.75,177.5
7053,138.0,M,4,141.625,140.75
7054,132.0,F,2,134.75,134.875
7055,168.0,F,3,168.75,172.125
7056,156.0,M,2,155.625,160.0
7057,162.0,F,4,159.125,158.5
7058,120.0,F,1,109.6875,105.3125
7059,162.0,M,4,151.75,151.625
7060,42.0,M,2,44.5,45.375
7061,94.0,F,2,96.8125,94.25
7062,82.0,F,5,92.9375,90.375
7063,138.0,M,1,145.75,147.0
7064,150.0,M,3,141.875,136.875
7065,94.0,F,2,104.3125,105.0
7066,168.0,M,4,165.75,168.75
7067,48.0,M,2,46.5,44.4375
7068,168.0,M,1,168.875,168.5
7069,106.0,F,5,93.25,92.5
7070,150.0,M,5,149.0,148.875
7071,180.0,F,3,172.75,174.125
7072,108.0,M,4,116.375,110.625
7073,144.0,F,5,145.375,143.75
7074,82.0,F,3,76.9375,79.0625
7075,78.0,M,1,79.0625,75.9375
7076,156.0,M,1,158.125,161.75
7077,94.0,F,1,85.8125,85.375
7078,150.0,M,5,155.625,155.75
7079,180.0,F,5,174.25,174.125
7080,168.0,M,1,154.75,156.625
7081,120.0,F,1,119.375,118.3125
7082,132.0,F,2,139.875,141.625
7083,138.0,M,3,139.5,136.625
7084,168.0,M,2,158.625,160.125
7085,138.0,M,2,142.375,146.5
7086,204.0,M,2,199.25,204.375
7087,82.0,F,1,85.6875,88.5
7088,132.0,M,5,125.0625,130.125
7089,180.0,F,1,185.125,187.125
7090,150.0,M,2,141.5,134.0
7091,162.0,F,5,166.125,166.25
7092,69.0,F,3,60.25,66.125
7093,82.0,F,1,74.875,77.5
7094,82.0,F,3,73.6875,73.6875
7095,36.0,M,2,39.75,41.125
7096,168.0,F,4,164.125,162.625
7097,156.0,M,1,168.375,169.25
7098,144.0,F,5,142.625,141.0
7099,60.0,F,3,74.5625,77.6875
7100,204.0,M,4,202.0,200.75
7101,106.0,F,1,101.0,99.6875
7102,144.0,F,3,136.375,138.0
7103,82.0,F,2,75.125,77.9375
7104,204.0,F,2,190.625,203.25
7105,132.0,F,2,138.375,139.375
7106,120.0,F,2,109.5,101.75
7107,113.0,F,1,104.8125,107.0
7108,132.0,F,1,136.125,137.125
7109,84.0,M,1,89.0625,84.125
7110,15.0,M,5,27.109375,30.984375
7111,138.0,M,5,143.25,145.125
7112,30.0,F,4,30.484375,37.875
7113,138.0,M,2,152.625,155.0
7114,150.0,M,3,137.75,135.625
7115,94.0,F,3,88.0625,90.0625
7116,156.0,F,2,158.875,161.375
7117,168.0,M,4,159.5,160.75
7118,156.0,M,2,155.5,157.0
7119,36.0,F,5,37.0,37.25
7120,132.0,F,4,136.25,138.875
7121,186.0,F,5,187.625,193.0
7122,150.0,F,4,139.25,146.375
7123,120.0,F,5,108.0,106.875
7124,168.0,M,1,166.625,167.125
7125,162.0,F,5,161.75,161.875
7126,106.0,F,5,103.375,102.75
7127,132.0,M,1,132.25,130.875
7128,106.0,F,4,115.1875,115.8125
7129,132.0,F,5,108.9375,113.625
7130,180.0,M,3,169.75,171.125
7131,96.0,M,3,126.1875,123.25
7132,132.0,F,3,132.625,130.125
7133,156.0,F,3,144.125,144.625
7134,82.0,F,1,78.9375,80.5625
7135,168.0,M,4,170.0,172.625
7136,108.0,M,2,109.375,102.8125
7137,120.0,F,4,120.625,121.5
7138,126.0,F,5,111.0,110.4375
7139,120.0,F,1,122.5625,122.1875
7140,94.0,F,1,95.8125,101.4375
7141,150.0,M,4,132.375,133.875
7142,204.0,M,3,208.5,207.75
7143,156.0,F,4,149.625,150.5
7144,69.0,F,4,78.9375,76.8125
7145,69.0,F,1,68.5625,72.3125
7146,96.0,M,1,88.5625,81.3125
7147,120.0,M,3,113.125,115.5
7148,132.0,F,2,131.25,132.375
7149,150.0,M,1,142.625,143.5
7150,72.0,F,2,60.0,64.0
7151,162.0,M,2,161.875,161.75
7152,150.0,M,4,148.625,146.75
7153,180.0,F,1,174.5,174.0
7154,132.0,F,1,123.5625,125.8125
7155,9.0,F,4,-6.63671875,5.42578125
7156,132.0,F,1,130.375,130.5
7157,150.0,M,4,139.375,138.625
7158,108.0,M,1,103.5625,103.5625
7159,126.0,F,1,127.5,132.125
7160,150.0,M,1,141.25,140.125
7161,94.0,F,5,85.75,82.8125
7162,150.0,M,3,154.625,153.75
7163,168.0,M,1,165.875,170.0
7164,162.0,M,5,162.5,161.625
7165,162.0,M,5,164.625,165.0
7166,132.0,F,3,135.375,136.25
7167,168.0,M,2,165.5,166.75
7168,132.0,F,5,130.375,128.625
7169,138.0,M,1,127.9375,132.75
7170,102.0,M,1,101.1875,101.0
7171,108.0,M,5,95.0625,93.5625
7172,113.0,F,4,110.125,107.0625
7173,159.0,M,5,154.0,155.375
7174,138.0,M,4,128.125,121.875
7175,120.0,F,4,111.875,109.625
7176,82.0,F,2,98.1875,93.5
7177,126.0,F,5,132.5,135.25
7178,168.0,M,4,163.875,165.25
7179,150.0,M,3,149.0,146.375
7180,120.0,F,3,116.5625,116.5625
7181,132.0,F,1,137.875,134.5
7182,106.0,F,3,107.5625,108.0625
7183,48.0,M,1,61.8125,57.5625
7184,42.0,F,2,46.625,47.1875
7185,94.0,F,1,83.0625,85.625
7186,126.0,M,4,128.0,125.625
7187,150.0,M,4,148.875,147.625
7188,138.0,M,5,128.5,126.75
7189,66.0,M,3,62.375,65.3125
7190,132.0,M,1,142.125,142.25
7191,228.0,M,1,225.375,220.875
7192,186.0,M,2,185.75,188.875
7193,94.0,F,3,89.0625,90.375
7194,60.0,F,4,72.3125,67.4375
7195,162.0,M,2,161.5,161.25
7196,94.0,F,3,108.25,103.3125
7197,100.0,F,3,100.5625,99.125
7198,165.0,M,2,163.75,165.25
7199,138.0,M,1,133.0,133.0
7200,150.0,M,3,151.0,148.75
7201,198.0,M,1,183.0,179.0
7202,162.0,F,5,154.625,150.875
7203,106.0,F,5,109.75,109.8125
7204,168.0,M,3,161.625,161.75
7205,120.0,F,1,109.5625,108.5625
7206,106.0,F,2,108.375,105.0
7207,60.0,F,1,73.875,74.25
7208,165.0,F,5,167.0,166.875
7209,144.0,F,2,150.375,148.5
7210,132.0,M,1,131.125,132.375
7211,84.0,M,2,89.875,89.875
7212,82.0,F,3,78.625,80.25
7213,54.0,M,2,48.75,51.5
7214,126.0,F,2,130.625,129.875
7215,82.0,F,3,88.5625,90.875
7216,132.0,F,5,125.25,125.1875
7217,168.0,M,2,163.0,164.125
7218,186.0,M,5,182.625,182.875
7219,82.0,F,1,92.875,92.1875
7220,168.0,M,1,163.625,165.75
7221,69.0,F,2,73.8125,73.375
7222,156.0,F,4,144.25,146.125
7223,150.0,M,1,147.5,143.875
7224,156.0,M,3,147.0,148.375
7225,168.0,M,4,163.5,164.5
7226,159.0,M,3,156.75,155.75
7227,120.0,F,5,115.0625,115.1875
7228,144.0,F,1,145.5,146.375
7229,144.0,M,5,132.875,134.25
7230,84.0,M,5,91.9375,95.5
7231,162.0,F,5,164.0,163.875
7232,120.0,F,5,140.375,137.5
7233,153.0,M,3,151.625,150.375
7234,90.0,M,1,119.5,117.875
7235,120.0,M,2,118.75,118.3125
7236,36.0,M,4,24.859375,33.3125
7237,144.0,F,1,142.375,146.25
7238,94.0,F,3,93.3125,94.0
7239,94.0,F,4,98.3125,99.3125
7240,120.0,F,4,116.0625,115.625
7241,180.0,F,1,172.75,174.375
7242,168.0,M,5,161.875,162.25
7243,108.0,M,1,121.8125,122.4375
7244,82.0,F,5,78.5625,79.4375
7245,138.0,M,1,138.875,137.375
7246,174.0,M,5,179.5,178.25
7247,120.0,F,3,118.875,119.4375
7248,168.0,F,5,164.25,165.125
7249,94.0,F,4,96.3125,95.8125
7250,36.0,F,2,34.625,37.6875
7251,156.0,F,1,149.5,150.125
7252,147.0,M,2,157.75,160.375
7253,84.0,M,4,75.125,73.0625
7254,156.0,M,4,147.625,146.125
7255,138.0,M,2,147.75,148.375
7256,120.0,F,2,117.3125,114.875
7257,54.0,M,5,51.9375,55.6875
7258,150.0,M,1,153.125,153.25
7259,84.0,M,5,100.0,98.25
7260,126.0,F,4,120.0,118.75
7261,153.0,M,1,132.875,130.625
7262,96.0,M,2,102.375,103.3125
7263,84.0,M,2,78.875,78.0625
7264,174.0,M,3,168.875,166.0
7265,137.0,F,3,158.25,157.875
7266,120.0,F,1,115.375,111.9375
7267,132.0,M,5,127.625,127.875
7268,48.0,M,2,48.8125,50.6875
7269,78.0,M,1,84.125,77.625
7270,82.0,F,2,84.125,81.625
7271,54.0,M,2,57.25,66.5625
7272,82.0,F,1,76.9375,78.75
7273,94.0,F,3,103.5625,103.0625
7274,72.0,M,1,76.5,71.5
7275,150.0,F,2,141.0,142.625
7276,168.0,M,2,166.625,166.625
7277,94.0,F,5,95.8125,98.125
7278,106.0,F,5,111.0,107.6875
7279,162.0,M,5,165.25,165.625
7280,82.0,F,4,85.125,85.3125
7281,144.0,F,3,131.625,131.875
7282,114.0,M,3,97.4375,101.8125
7283,192.0,F,1,190.75,188.875
7284,94.0,F,3,91.4375,93.8125
7285,106.0,F,3,112.625,110.75
7286,100.0,F,3,110.125,111.625
7287,162.0,M,4,164.125,164.875
7288,132.0,M,5,130.375,130.875
7289,156.0,M,2,156.125,156.75
7290,168.0,M,1,149.5,155.75
7291,82.0,F,1,84.875,85.25
7292,162.0,F,1,163.625,164.5
7293,162.0,M,4,162.625,163.5
7294,180.0,F,1,180.875,184.375
7295,96.0,M,3,102.8125,106.25
7296,168.0,M,1,166.0,167.5
7297,50.0,F,5,64.5,64.5
7298,90.0,M,4,76.9375,74.6875
7299,162.0,M,1,162.625,161.875
7300,106.0,F,5,98.8125,94.0
7301,72.0,M,4,76.25,74.125
7302,180.0,M,2,185.75,188.75
7303,138.0,M,5,132.25,133.5
7304,150.0,M,2,138.0,140.0
7305,96.0,M,5,97.625,97.0
7306,84.0,M,3,82.375,84.3125
7307,108.0,M,3,122.1875,122.625
7308,156.0,M,4,156.25,157.875
7309,156.0,M,1,166.0,166.75
7310,106.0,F,5,106.375,109.0
7311,106.0,F,5,98.5625,99.5625
7312,78.0,M,1,85.4375,78.9375
7313,48.0,M,1,55.75,54.9375
7314,120.0,F,5,106.8125,108.25
7315,60.0,F,1,69.5625,67.6875
7316,120.0,F,3,124.6875,126.5
7317,108.0,M,3,126.3125,128.25
7318,150.0,F,2,135.5,138.375
7319,51.0,M,1,60.0,55.4375
7320,144.0,F,1,126.6875,128.875
7321,84.0,M,2,75.875,79.5
7322,162.0,F,4,161.375,160.75
7323,120.0,M,5,106.375,111.125
7324,192.0,F,5,177.0,191.125
7325,138.0,M,1,147.0,143.75
7326,94.0,F,4,100.125,100.125
7327,126.0,M,4,138.625,136.625
7328,60.0,F,1,56.6875,55.9375
7329,82.0,F,3,70.6875,74.125
7330,60.0,M,5,61.25,61.0625
7331,150.0,M,5,151.875,152.25
7332,120.0,M,1,129.5,130.75
7333,36.0,M,5,40.75,39.6875
7334,174.0,M,2,171.25,172.75
7335,102.0,M,5,94.875,89.875
7336,120.0,M,2,122.5625,111.4375
7337,82.0,F,2,62.0625,68.125
7338,138.0,M,1,115.625,116.8125
7339,138.0,F,3,139.5,140.625
7340,156.0,F,1,131.0,133.5
7341,150.0,M,4,140.875,139.5
7342,138.0,M,3,134.75,134.0
7343,156.0,M,3,146.5,143.375
7344,156.0,M,1,140.625,137.25
7345,156.0,F,5,146.875,144.375
7346,135.0,M,2,137.625,128.25
7347,102.0,M,2,105.3125,102.9375
7348,120.0,M,5,131.375,130.5
7349,72.0,M,1,71.5,62.8125
7350,120.0,M,4,119.3125,115.1875
7351,120.0,F,3,116.375,112.0625
7352,168.0,M,2,179.0,179.75
7353,120.0,F,4,118.0,114.8125
7354,216.0,M,1,210.0,204.125
7355,69.0,F,3,64.5625,65.3125
7356,36.0,F,2,36.625,36.875
7357,132.0,F,3,122.875,121.625
7358,48.0,M,4,60.6875,61.4375
7359,106.0,F,2,107.125,106.5625
7360,156.0,M,3,163.75,164.0
7361,144.0,F,4,127.75,129.625
7362,138.0,F,2,133.0,132.625
7363,114.0,M,3,125.125,121.5625
7364,132.0,F,4,135.5,135.625
7365,180.0,F,5,192.5,193.25
7366,120.0,F,3,98.0,99.125
7367,132.0,F,2,139.5,139.25
7368,60.0,M,5,58.5,60.0
7369,168.0,M,5,166.25,166.125
7370,132.0,F,3,136.25,135.375
7371,132.0,F,4,120.875,124.75
7372,94.0,F,2,95.8125,88.5625
7373,120.0,F,1,115.3125,112.5
7374,180.0,M,4,180.375,180.625
7375,72.0,M,4,70.1875,69.8125
7376,106.0,F,4,108.0,105.375
7377,108.0,M,5,111.75,110.25
7378,144.0,F,2,146.875,150.75
7379,144.0,F,2,128.25,124.0625
7380,156.0,M,4,158.375,157.875
7381,138.0,M,1,137.375,135.625
7382,162.0,M,1,159.5,158.0
7383,162.0,M,4,156.875,157.875
7384,144.0,F,1,139.25,138.625
7385,82.0,F,4,87.75,91.0625
7386,150.0,M,3,159.625,159.75
7387,180.0,F,5,188.0,190.125
7388,132.0,F,2,135.5,137.75
7389,24.0,F,1,33.625,29.046875
7390,138.0,M,1,140.0,139.5
7391,138.0,M,3,144.125,144.625
7392,156.0,F,1,146.125,144.0
7393,186.0,M,4,188.0,182.875
7394,168.0,M,5,175.75,171.75
7395,132.0,F,1,138.375,140.625
7396,132.0,M,5,122.6875,125.375
7397,78.0,M,4,73.875,71.375
7398,144.0,F,4,133.25,135.125
7399,168.0,M,5,170.875,169.75
7400,192.0,F,5,193.375,195.5
7401,150.0,M,4,148.25,146.25
7402,156.0,M,2,148.375,150.75
7403,94.0,F,3,98.625,94.1875
7404,150.0,M,3,148.375,149.5
7405,156.0,M,1,156.0,153.5
7406,72.0,M,1,97.6875,96.0625
7407,120.0,M,3,124.125,122.1875
7408,156.0,M,3,156.75,157.375
7409,50.0,F,2,55.5625,60.0
7410,94.0,F,1,86.5625,82.375
7411,162.0,M,1,164.0,164.25
7412,126.0,F,2,133.75,135.875
7413,204.0,F,2,188.75,195.125
7414,132.0,F,3,116.4375,110.125
7415,60.0,M,5,60.6875,61.8125
7416,78.0,M,3,75.375,80.1875
7417,168.0,M,3,170.125,170.5
7418,120.0,F,2,136.625,134.25
7419,60.0,F,5,55.9375,55.0
7420,138.0,M,1,144.5,148.625
7421,120.0,M,1,121.375,117.0625
7422,168.0,M,5,160.25,162.375
7423,144.0,F,2,146.5,145.625
7424,72.0,M,1,89.125,88.375
7425,174.0,F,1,178.5,178.875
7426,108.0,M,5,108.875,109.75
7427,120.0,M,3,94.125,95.8125
7428,42.0,M,1,49.3125,45.0625
7429,168.0,M,3,165.25,164.5
7430,69.0,F,1,61.375,59.5
7431,102.0,M,5,104.375,104.875
7432,156.0,M,3,155.875,154.375
7433,162.0,M,2,166.5,167.75
7434,138.0,M,4,135.875,134.25
7435,72.0,M,5,84.125,84.3125
7436,45.0,M,5,51.0,51.625
7437,192.0,F,2,182.25,188.5
7438,168.0,M,3,165.875,167.125
7439,156.0,M,1,163.375,166.0
7440,174.0,M,4,166.875,170.875
7441,108.0,M,4,103.25,101.0625
7442,106.0,F,1,109.6875,113.875
7443,180.0,F,1,174.75,176.75
7444,204.0,M,1,195.75,196.125
7445,106.0,F,1,105.9375,105.0
7446,106.0,F,3,95.8125,97.4375
7447,82.0,F,4,79.875,79.0625
7448,168.0,M,4,165.375,167.125
7449,32.0,M,3,32.125,31.671875
7450,150.0,M,4,141.0,137.75
7451,159.0,F,1,153.875,155.875
7452,108.0,M,5,106.25,106.25
7453,108.0,M,2,120.25,113.3125
7454,132.0,M,1,134.0,135.75
7455,144.0,M,2,140.75,144.75
7456,138.0,M,5,119.625,119.625
7457,120.0,F,5,123.0625,120.4375
7458,168.0,M,3,164.0,165.125
7459,132.0,F,1,132.25,133.75
7460,156.0,F,2,137.875,143.0
7461,150.0,M,3,153.875,150.75
7462,204.0,M,2,197.75,202.5
7463,132.0,M,4,119.9375,118.0
7464,180.0,M,3,177.875,179.125
7465,126.0,F,3,129.375,130.5
7466,138.0,M,1,134.875,133.25
7467,120.0,M,4,131.25,132.375
7468,96.0,M,4,88.875,82.625
7469,96.0,M,2,92.5625,91.75
7470,48.0,M,3,53.0625,54.75
7471,72.0,M,3,95.9375,99.1875
7472,228.0,M,3,227.25,225.375
7473,120.0,M,3,125.375,124.3125
7474,94.0,F,5,81.875,83.5
7475,120.0,F,5,117.8125,118.125
7476,108.0,M,1,110.125,107.375
7477,153.0,M,5,156.875,156.625
7478,132.0,M,2,145.625,144.25
7479,183.0,M,4,179.0,176.75
7480,108.0,M,5,100.25,100.1875
7481,106.0,F,4,116.125,115.8125
7482,156.0,M,3,154.875,157.875
7483,84.0,M,5,100.5,96.75
7484,39.0,M,1,47.4375,43.4375
7485,108.0,M,3,111.625,116.625
7486,162.0,M,2,167.25,169.125
7487,96.0,M,3,93.0625,95.75
7488,156.0,M,4,149.125,149.125
7489,120.0,M,2,104.375,100.3125
7490,84.0,M,5,83.8125,82.25
7491,156.0,M,2,160.125,163.5
7492,120.0,F,4,110.125,107.5
7493,156.0,M,3,138.375,131.5
7494,82.0,F,5,79.625,77.875
7495,108.0,M,3,121.625,118.4375
7496,82.0,F,5,83.375,82.4375
7497,120.0,F,5,125.375,125.75
7498,69.0,F,4,82.875,76.8125
7499,156.0,M,1,146.625,143.25
7500,156.0,M,5,156.5,157.125
7501,126.0,M,5,132.375,129.875
7502,108.0,M,5,111.4375,115.3125
7503,168.0,M,5,173.125,173.125
7504,94.0,F,1,88.875,86.6875
7505,156.0,M,3,152.75,152.75
7506,156.0,M,3,152.5,152.5
7507,102.0,M,4,99.9375,100.0
7508,102.0,M,3,94.0625,100.0625
7509,144.0,F,5,138.625,137.5
7510,168.0,M,5,164.0,162.0
7511,156.0,M,1,162.25,163.5
7512,132.0,M,1,88.875,87.875
7513,132.0,F,1,138.5,137.875
7514,168.0,M,2,164.25,165.5
7515,120.0,F,2,124.375,123.625
7516,168.0,M,4,167.375,170.5
7517,204.0,M,1,209.125,210.25
7518,72.0,M,4,72.1875,73.5625
7519,162.0,F,1,163.375,164.875
7520,168.0,F,3,169.125,169.375
7521,168.0,M,3,174.375,175.25
7522,126.0,F,5,125.625,125.0
7523,96.0,M,3,80.8125,77.8125
7524,82.0,F,5,68.1875,68.9375
7525,138.0,F,1,148.625,147.875
7526,132.0,F,2,124.9375,126.6875
7527,132.0,F,5,118.125,120.875
7528,106.0,F,3,95.75,94.3125
7529,144.0,F,3,139.625,140.625
7530,30.0,F,1,32.6875,29.921875
7531,192.0,M,4,189.875,185.375
7532,132.0,F,5,128.75,128.75
7533,126.0,F,3,117.25,115.0
7534,174.0,F,1,169.75,172.375
7535,132.0,F,5,125.75,123.5625
7536,138.0,F,2,141.75,144.375
7537,132.0,F,2,138.125,138.25
7538,132.0,F,3,134.625,133.625
7539,162.0,M,1,164.875,166.125
7540,132.0,F,4,132.5,132.125
7541,186.0,M,1,184.5,184.25
7542,156.0,F,1,147.0,146.75
7543,216.0,M,4,220.5,223.375
7544,192.0,M,2,194.875,199.0
7545,156.0,M,4,152.875,149.875
7546,120.0,F,4,116.6875,114.625
7547,88.0,F,2,93.3125,89.625
7548,168.0,M,5,175.0,173.125
7549,82.0,F,5,84.625,85.1875
7550,168.0,M,1,166.0,167.75
7551,132.0,F,1,145.0,145.75
7552,82.0,F,5,84.3125,82.875
7553,144.0,F,4,128.0,127.8125
7554,120.0,M,1,116.375,114.25
7555,48.0,M,1,46.6875,41.5
7556,76.0,F,3,75.5625,79.1875
7557,168.0,M,3,166.25,166.375
7558,150.0,F,1,149.125,147.5
7559,120.0,M,5,128.125,133.5
7560,132.0,M,4,147.125,150.875
7561,156.0,F,3,148.875,150.75
7562,165.0,F,3,143.375,150.875
7563,78.0,M,3,82.8125,88.3125
7564,82.0,F,3,85.0,86.125
7565,204.0,M,2,200.5,205.875
7566,204.0,M,2,199.0,208.5
7567,96.0,M,2,92.75,94.125
7568,96.0,M,2,94.9375,93.625
7569,108.0,M,1,120.75,122.125
7570,168.0,M,4,181.875,177.0
7571,132.0,F,2,136.125,134.75
7572,156.0,M,2,157.375,158.0
7573,204.0,M,1,204.375,207.875
7574,150.0,M,5,145.125,145.125
7575,84.0,M,3,96.8125,98.4375
7576,120.0,F,2,126.875,124.9375
7577,94.0,F,4,95.3125,90.9375
7578,204.0,M,5,207.375,206.875
7579,69.0,F,4,72.75,69.9375
7580,156.0,M,4,158.375,159.25
7581,106.0,F,4,109.3125,106.9375
7582,90.0,M,3,85.8125,86.0625
7583,126.0,F,4,116.9375,121.375
7584,82.0,F,1,74.5625,72.75
7585,120.0,F,4,116.9375,117.125
7586,156.0,M,3,148.5,146.25
7587,66.0,M,1,81.5,77.75
7588,168.0,M,4,157.375,159.5
7589,96.0,M,1,114.25,111.5625
7590,168.0,M,3,164.25,164.0
7591,156.0,F,3,155.875,155.875
7592,168.0,F,3,165.5,167.5
7593,24.0,F,2,24.984375,22.171875
7594,180.0,M,1,181.125,182.375
7595,114.0,M,1,119.6875,123.625
7596,168.0,F,5,169.125,168.75
7597,84.0,M,4,85.4375,84.4375
7598,69.0,F,4,63.84375,63.84375
7599,162.0,M,1,167.0,168.875
7600,138.0,M,2,140.75,142.25
7601,168.0,F,4,163.5,164.625
7602,120.0,F,1,120.875,119.875
7603,82.0,F,4,81.3125,80.25
7604,174.0,M,3,169.25,169.125
7605,162.0,M,3,161.875,162.625
7606,94.0,F,5,94.0625,97.1875
7607,132.0,F,1,140.0,140.0
7608,144.0,F,4,131.0,132.375
7609,144.0,M,1,145.5,145.5
7610,156.0,M,2,149.0,150.375
7611,132.0,M,5,114.1875,114.0
7612,126.0,F,4,135.875,134.375
7613,90.0,M,4,104.1875,102.25
7614,150.0,M,1,151.5,153.375
7615,156.0,M,2,156.875,159.0
7616,144.0,F,3,138.0,139.0
7617,100.0,F,1,99.8125,96.375
7618,156.0,M,3,151.5,150.75
7619,204.0,M,3,201.25,204.0
7620,144.0,F,1,144.125,143.125
7621,156.0,F,2,145.375,145.25
7622,168.0,F,3,164.75,168.25
7623,192.0,M,2,196.75,207.875
7624,94.0,F,3,88.5625,90.8125
7625,55.0,F,4,58.625,57.0625
7626,120.0,M,3,128.75,127.6875
7627,168.0,M,1,171.0,172.25
7628,168.0,M,2,168.375,169.0
7629,96.0,M,1,96.9375,95.125
7630,36.0,F,1,36.3125,33.125
7631,132.0,F,3,141.875,146.25
7632,120.0,M,2,122.3125,117.5625
7633,60.0,M,5,62.9375,60.9375
7634,168.0,M,5,167.5,167.25
7635,94.0,F,3,99.6875,99.125
7636,138.0,F,4,136.625,136.875
7637,150.0,M,2,151.5,146.875
7638,69.0,F,2,68.9375,70.5
7639,132.0,F,5,130.625,131.375
7640,144.0,F,3,142.625,141.75
7641,174.0,M,4,166.25,169.125
7642,72.0,M,3,60.0,64.3125
7643,168.0,M,5,164.0,163.875
7644,168.0,M,5,167.25,166.0
7645,162.0,F,4,159.0,155.875
7646,82.0,F,5,85.875,85.25
7647,42.0,M,1,49.125,40.3125
7648,180.0,F,2,178.625,184.0
7649,60.0,F,5,65.75,65.0625
7650,162.0,M,1,155.875,157.875
7651,162.0,M,5,161.875,163.25
7652,69.0,F,5,76.375,76.5
7653,162.0,F,3,164.875,165.625
7654,76.0,F,1,68.0,69.5
7655,150.0,M,2,136.375,131.5
7656,168.0,M,1,168.25,168.25
7657,168.0,F,5,171.25,173.5
7658,144.0,F,4,143.5,145.75
7659,106.0,F,5,106.8125,107.125
7660,120.0,F,1,125.25,130.875
7661,120.0,F,3,125.5,124.5625
7662,42.0,M,1,47.5,40.5
7663,192.0,M,2,189.875,197.375
7664,106.0,F,4,101.5,101.5
7665,168.0,M,4,165.5,167.25
7666,162.0,M,2,159.0,156.75
7667,138.0,M,3,136.75,136.5
7668,94.0,F,3,88.9375,85.6875
7669,82.0,F,1,76.5,79.1875
7670,138.0,M,5,133.625,135.25
7671,168.0,M,1,165.625,165.125
7672,168.0,M,4,165.125,166.5
7673,132.0,M,2,133.625,133.75
7674,96.0,M,4,97.4375,94.625
7675,168.0,M,2,169.0,170.375
7676,156.0,F,1,151.875,150.75
7677,150.0,M,1,149.625,147.875
7678,120.0,F,2,124.625,124.0625
7679,36.0,F,4,42.0625,44.0
7680,168.0,F,1,164.125,165.375
7681,168.0,M,4,163.375,164.875
7682,82.0,F,2,81.3125,79.3125
7683,24.0,M,2,31.296875,22.796875
7684,94.0,F,5,92.9375,89.375
7685,132.0,F,4,134.875,137.0
7686,156.0,F,5,141.25,141.625
7687,106.0,F,5,95.4375,94.25
7688,82.0,F,3,85.8125,84.25
7689,132.0,M,1,130.625,126.5625
7690,162.0,M,4,160.5,160.5
7691,94.0,F,4,78.5,80.125
7692,186.0,M,2,183.875,185.5
7693,120.0,F,1,136.875,135.5
7694,168.0,M,2,162.25,163.375
7695,132.0,F,4,130.375,132.875
7696,192.0,M,5,199.125,198.125
7697,120.0,F,3,119.0,121.1875
7698,186.0,M,4,183.125,182.0
7699,168.0,M,3,171.125,172.375
7700,162.0,M,5,158.375,158.875
7701,168.0,M,2,164.625,166.0
7702,120.0,M,3,127.375,125.9375
7703,94.0,F,1,95.0,95.375
7704,72.0,M,1,77.625,70.375
7705,156.0,F,5,157.625,157.75
7706,132.0,M,3,144.125,143.125
7707,156.0,M,1,162.25,165.625
7708,94.0,F,1,91.625,89.875
7709,144.0,F,5,138.625,137.375
7710,156.0,F,1,151.625,149.75
7711,138.0,M,3,140.25,138.75
7712,60.0,M,4,54.0,56.9375
7713,168.0,M,2,166.0,165.0
7714,132.0,M,2,151.125,146.625
7715,106.0,F,2,102.3125,102.6875
7716,84.0,M,2,100.375,98.9375
7717,138.0,F,1,135.25,133.25
7718,132.0,F,4,136.75,137.25
7719,69.0,F,5,80.75,79.3125
7720,84.0,M,1,83.5,80.8125
7721,138.0,M,3,149.75,149.5
7722,138.0,M,5,137.625,135.625
7723,156.0,M,2,156.0,155.625
7724,159.0,F,5,154.125,154.25
7725,120.0,F,2,97.5,100.8125
7726,204.0,M,2,201.125,206.875
7727,82.0,F,5,86.5,82.375
7728,168.0,M,5,166.125,163.625
7729,168.0,F,1,167.875,170.25
7730,132.0,F,2,143.125,143.125
7731,36.0,F,4,29.296875,36.4375
7732,156.0,M,2,153.625,156.125
7733,60.0,F,4,61.3125,57.5
7734,108.0,M,4,93.625,89.25
7735,72.0,M,3,73.5,79.5625
7736,180.0,F,3,180.25,181.25
7737,82.0,F,3,81.8125,81.8125
7738,150.0,M,5,154.5,156.75
7739,168.0,M,2,171.375,176.75
7740,156.0,M,4,152.125,152.125
7741,78.0,M,3,84.0625,84.875
7742,156.0,M,5,156.0,154.875
7743,82.0,F,2,76.0,74.875
7744,132.0,M,2,130.625,128.25
7745,120.0,M,3,131.625,130.375
7746,69.0,F,3,53.5,58.0
7747,96.0,M,1,85.0,81.5625
7748,180.0,M,2,175.25,181.25
7749,138.0,M,2,145.0,147.0
7750,144.0,F,4,148.125,147.25
7751,168.0,M,4,162.375,165.375
7752,120.0,M,3,125.25,121.0625
7753,94.0,F,4,91.0,88.25
7754,156.0,F,1,155.125,155.625
7755,132.0,F,2,141.375,143.5
7756,168.0,M,2,167.125,168.875
7757,132.0,F,4,125.875,123.8125
7758,216.0,M,4,216.5,216.625
7759,106.0,F,1,95.625,95.875
7760,120.0,M,3,122.1875,120.5
7761,106.0,F,5,106.8125,105.6875
7762,132.0,F,3,133.875,136.0
7763,72.0,M,5,74.8125,72.875
7764,120.0,F,3,121.8125,121.75
7765,120.0,M,5,119.75,120.125
7766,126.0,F,3,123.375,122.125
7767,168.0,M,5,161.375,163.25
7768,69.0,F,1,60.3125,60.5
7769,42.0,F,5,47.0625,49.25
7770,72.0,M,1,74.8125,68.3125
7771,108.0,M,2,110.3125,104.625
7772,150.0,M,3,146.125,143.75
7773,82.0,F,2,87.5,85.8125
7774,94.0,F,2,72.125,74.75
7775,150.0,F,1,153.25,153.5
7776,180.0,M,2,180.25,182.125
7777,96.0,M,3,104.875,110.9375
7778,30.0,F,5,24.671875,25.796875
7779,84.0,M,2,70.6875,61.75
7780,144.0,F,1,145.875,144.625
7781,156.0,M,1,154.25,154.75
7782,192.0,M,4,192.375,186.75
7783,192.0,F,5,181.625,181.25
7784,28.0,M,1,38.0,32.8125
7785,168.0,F,2,166.75,175.875
7786,94.0,F,3,97.625,97.0
7787,192.0,M,3,204.75,205.75
7788,96.0,M,2,111.0,107.375
7789,132.0,F,3,125.375,125.5625
7790,162.0,F,4,160.75,149.375
7791,108.0,M,5,112.6875,117.0625
7792,96.0,M,2,95.5625,92.3125
7793,66.0,M,2,71.1875,75.0
7794,168.0,M,5,169.5,169.875
7795,150.0,M,1,152.75,153.5
7796,120.0,F,3,119.3125,118.0
7797,144.0,F,3,139.0,139.5
7798,132.0,F,4,134.625,136.375
7799,60.0,M,4,63.0625,60.6875
7800,72.0,M,3,64.9375,67.625
7801,216.0,M,1,208.75,215.375
7802,132.0,F,1,132.0,130.5
7803,60.0,F,3,53.875,54.5
7804,144.0,F,2,147.125,150.25
7805,72.0,M,1,79.0,76.9375
7806,108.0,M,5,106.6875,106.875
7807,72.0,M,1,78.25,74.5625
7808,153.0,M,5,154.625,156.125
7809,106.0,F,5,104.625,105.5
7810,162.0,M,5,166.25,165.75
7811,120.0,F,1,113.125,114.6875
7812,168.0,M,4,162.625,164.625
7813,162.0,M,3,165.625,165.5
7814,132.0,F,1,138.625,138.375
7815,180.0,M,3,185.125,187.125
7816,18.0,M,1,20.859375,19.546875
7817,138.0,M,4,130.5,134.125
7818,192.0,M,2,200.375,206.125
7819,120.0,F,3,119.625,116.75
7820,150.0,M,2,146.375,143.625
7821,186.0,M,5,181.625,180.5
7822,36.0,F,1,44.125,39.4375
7823,132.0,F,2,130.125,132.375
7824,162.0,M,1,161.125,163.0
7825,108.0,M,4,108.875,103.125
7826,132.0,F,1,126.4375,132.625
7827,168.0,M,3,165.25,165.75
7828,120.0,F,3,110.0625,110.4375
7829,168.0,M,2,160.25,162.125
7830,186.0,M,1,179.625,179.125
7831,132.0,F,3,137.625,138.25
7832,138.0,M,2,139.0,137.75
7833,156.0,F,1,140.5,139.25
7834,94.0,F,2,66.75,69.9375
7835,156.0,M,5,158.0,160.125
7836,156.0,M,4,157.125,157.25
7837,132.0,F,1,129.875,129.5
7838,162.0,M,5,159.125,161.125
7839,156.0,M,4,158.5,159.75
7840,18.0,M,2,43.8125,50.25
7841,138.0,M,3,137.875,136.375
7842,120.0,F,3,121.1875,124.75
7843,84.0,M,1,95.5,93.625
7844,138.0,F,4,143.375,143.875
7845,144.0,F,5,145.5,142.5
7846,120.0,F,4,130.5,131.125
7847,144.0,F,1,149.0,145.0
7848,108.0,M,5,99.3125,98.9375
7849,150.0,M,4,139.125,135.5
7850,54.0,M,5,63.0,63.65625
7851,60.0,M,1,66.875,66.4375
7852,54.0,M,1,64.0,58.3125
7853,168.0,F,4,170.625,170.25
7854,132.0,M,1,122.125,125.5
7855,156.0,F,4,138.625,141.0
7856,42.0,M,1,41.375,38.8125
7857,168.0,M,5,165.625,168.375
7858,138.0,M,1,138.625,143.125
7859,94.0,F,3,85.3125,86.125
7860,132.0,M,3,120.0,121.25
7861,72.0,M,4,65.0625,61.3125
7862,132.0,M,2,132.5,127.9375
7863,168.0,M,1,168.375,168.625
7864,106.0,F,4,110.4375,110.875
7865,168.0,M,2,165.625,168.625
7866,180.0,F,3,179.5,181.375
7867,132.0,M,1,125.625,122.75
7868,84.0,M,1,100.75,99.9375
7869,162.0,M,5,157.0,154.125
7870,186.0,M,5,187.25,187.375
7871,84.0,M,1,117.625,114.8125
7872,82.0,F,4,85.4375,85.125
7873,150.0,M,3,154.25,153.625
7874,96.0,M,2,103.25,101.0
7875,138.0,M,5,138.125,138.5
7876,108.0,M,3,96.5,101.5625
7877,132.0,M,5,127.6875,124.1875
7878,120.0,F,4,119.8125,119.25
7879,60.0,M,2,58.4375,58.3125
7880,84.0,M,3,67.375,72.75
7881,100.0,F,2,97.875,98.25
7882,132.0,F,5,129.0,129.625
7883,94.0,F,4,83.75,83.875
7884,132.0,F,5,135.125,132.75
7885,82.0,F,1,84.3125,84.5625
7886,81.0,F,3,73.75,76.9375
7887,132.0,M,2,142.25,148.125
7888,94.0,F,5,92.0625,90.75
7889,84.0,M,4,70.5,73.375
7890,78.0,M,3,81.9375,85.8125
7891,168.0,F,4,164.25,163.25
7892,106.0,F,3,100.0625,103.6875
7893,24.0,M,2,30.796875,21.484375
7894,108.0,M,4,101.75,97.6875
7895,42.0,M,4,40.0625,43.6875
7896,69.0,F,2,63.71875,63.0625
7897,150.0,M,2,150.75,149.0
7898,42.0,F,5,49.8125,51.9375
7899,186.0,M,4,188.5,186.0
7900,132.0,F,3,134.75,137.75
7901,156.0,M,2,154.625,158.125
7902,156.0,M,2,163.0,164.125
7903,132.0,F,4,147.5,149.125
7904,156.0,F,2,148.0,147.625
7905,69.0,F,5,79.3125,78.125
7906,82.0,F,4,73.125,72.25
7907,138.0,M,5,150.125,149.375
7908,108.0,M,5,106.75,108.8125
7909,120.0,F,3,104.8125,102.625
7910,54.0,M,2,53.1875,53.5
7911,144.0,F,4,137.75,138.25
7912,186.0,M,1,185.25,187.5
7913,150.0,M,5,142.75,144.125
7914,204.0,F,2,189.75,197.5
7915,120.0,M,5,134.25,137.875
7916,162.0,M,1,167.0,168.375
7917,94.0,F,3,87.6875,89.375
7918,204.0,M,2,201.5,209.375
7919,54.0,M,4,61.9375,57.8125
7920,159.0,F,3,160.25,161.625
7921,150.0,M,4,142.375,141.875
7922,192.0,M,5,196.5,195.625
7923,156.0,M,2,161.125,163.375
7924,120.0,F,4,130.875,131.625
7925,159.0,M,4,150.625,149.5
7926,156.0,F,4,151.5,153.25
7927,216.0,M,2,202.125,213.5
7928,120.0,M,2,116.4375,116.0625
7929,156.0,M,5,157.375,158.375
7930,120.0,M,3,116.3125,113.5625
7931,150.0,M,3,152.125,156.125
7932,168.0,M,5,163.5,164.625
7933,168.0,M,1,165.5,167.375
7934,132.0,M,2,132.5,131.125
7935,84.0,M,2,90.625,90.625
7936,72.0,M,2,64.0625,66.1875
7937,60.0,F,5,55.4375,55.5625
7938,180.0,F,5,184.5,183.375
7939,91.0,F,1,93.1875,93.1875
7940,108.0,M,2,117.5,112.3125
7941,126.0,M,4,125.875,123.6875
7942,42.0,M,5,40.1875,42.4375
7943,94.0,F,2,94.375,92.0625
7944,94.0,F,1,100.9375,100.6875
7945,180.0,F,4,183.5,181.5
7946,90.0,M,1,77.9375,73.125
7947,106.0,F,2,110.25,112.125
7948,120.0,F,2,125.9375,124.375
7949,94.0,F,2,81.5625,81.9375
7950,168.0,M,5,166.375,167.375
7951,108.0,M,1,107.5,109.4375
7952,30.0,F,5,39.375,38.0625
7953,150.0,M,4,154.875,155.5
7954,156.0,M,5,141.625,144.125
7955,162.0,M,3,163.75,163.125
7956,156.0,M,1,154.125,153.75
7957,48.0,M,3,51.8125,55.6875
7958,94.0,F,1,106.625,104.0
7959,60.0,F,2,61.5,65.9375
7960,156.0,F,2,142.25,145.5
7961,94.0,F,2,100.0625,92.5
7962,162.0,M,1,158.75,162.375
7963,69.0,F,5,82.75,80.4375
7964,168.0,M,1,168.125,170.75
7965,150.0,M,2,137.625,138.75
7966,96.0,M,4,82.9375,81.375
7967,165.0,M,4,165.625,168.125
7968,106.0,F,3,96.25,97.0
7969,132.0,F,2,130.125,127.875
7970,159.0,M,2,160.25,161.75
7971,162.0,M,2,161.875,163.5
7972,132.0,F,4,144.25,145.75
7973,126.0,M,3,124.0,124.6875
7974,94.0,F,3,90.5,92.0625
7975,72.0,M,4,63.3125,67.75
7976,204.0,M,5,193.625,194.0
7977,156.0,F,1,143.125,143.75
7978,162.0,M,2,158.75,154.75
7979,138.0,M,3,144.125,143.0
7980,162.0,M,2,157.25,159.875
7981,168.0,M,2,170.875,173.125
7982,94.0,F,4,98.4375,97.25
7983,114.0,M,5,105.875,105.6875
7984,69.0,F,4,62.0625,64.0625
7985,82.0,F,1,84.625,87.625
7986,144.0,F,4,149.125,148.75
7987,150.0,M,1,136.125,140.75
7988,228.0,M,4,222.25,225.25
7989,150.0,M,4,154.375,152.125
7990,82.0,F,5,66.1875,60.5
7991,60.0,M,2,55.8125,59.6875
7992,60.0,M,1,67.0625,61.6875
7993,162.0,F,5,163.5,163.875
7994,114.0,M,3,115.125,120.0625
7995,94.0,F,3,113.3125,112.875
7996,108.0,M,2,125.8125,119.4375
7997,78.0,M,3,69.9375,75.375
7998,120.0,M,1,119.0,116.0625
7999,90.0,M,3,87.1875,93.5
8000,216.0,M,2,199.625,202.875
8001,168.0,M,5,167.75,167.0
8002,82.0,F,3,83.875,85.0
8003,72.0,M,2,74.125,73.8125
8004,96.0,M,3,108.875,104.8125
8005,150.0,M,4,152.25,149.75
8006,204.0,M,5,203.625,203.0
8007,204.0,M,3,202.75,204.5
8008,94.0,F,1,87.4375,87.3125
8009,156.0,M,4,153.5,153.25
8010,144.0,F,4,139.625,139.375
8011,180.0,M,1,172.875,173.5
8012,106.0,F,5,101.5,103.4375
8013,132.0,M,2,134.25,132.875
8014,132.0,F,4,132.5,132.875
8015,144.0,F,5,145.625,144.875
8016,96.0,M,5,88.75,87.3125
8017,192.0,M,1,186.75,187.125
8018,106.0,F,5,98.75,99.125
8019,82.0,F,4,77.875,75.375
8020,132.0,F,5,121.9375,122.5625
8021,82.0,F,3,76.875,76.0625
8022,132.0,F,2,117.125,114.8125
8023,84.0,M,5,99.4375,99.6875
8024,168.0,F,4,173.375,165.0
8025,156.0,M,3,157.875,157.625
8026,126.0,F,4,112.8125,109.4375
8027,159.0,M,2,145.75,148.625
8028,84.0,M,5,86.5625,85.125
8029,159.0,F,2,157.875,161.875
8030,126.0,F,4,124.875,125.25
8031,108.0,M,2,116.9375,106.1875
8032,108.0,M,5,105.9375,105.3125
8033,120.0,M,5,113.375,115.0
8034,138.0,M,5,128.0,127.9375
8035,156.0,F,1,152.5,150.625
8036,150.0,M,3,147.5,144.875
8037,150.0,M,4,144.125,136.625
8038,114.0,M,5,128.125,128.25
8039,186.0,M,4,183.75,182.5
8040,102.0,M,5,118.5,119.6875
8041,162.0,M,4,154.875,154.5
8042,150.0,M,3,140.625,144.25
8043,150.0,M,5,147.625,148.5
8044,60.0,M,3,57.25,59.9375
8045,138.0,F,5,131.75,130.125
8046,132.0,F,2,129.25,125.5
8047,132.0,F,1,142.0,146.125
8048,132.0,M,3,137.125,139.125
8049,144.0,F,1,140.875,139.5
8050,72.0,M,4,72.75,71.0625
8051,69.0,F,4,66.3125,69.375
8052,21.0,M,3,17.734375,15.1171875
8053,94.0,F,4,92.0625,91.125
8054,180.0,M,2,175.625,177.25
8055,18.0,M,1,19.984375,22.109375
8056,156.0,M,3,158.875,158.375
8057,106.0,F,2,101.75,96.625
8058,94.0,F,3,97.9375,101.3125
8059,28.0,M,1,38.125,32.9375
8060,156.0,F,1,132.625,136.25
8061,106.0,F,4,124.0,120.0
8062,36.0,F,4,37.1875,37.4375
8063,180.0,M,4,179.125,178.75
8064,72.0,M,3,71.875,74.0
8065,132.0,F,1,121.75,126.5625
8066,69.0,F,3,67.375,68.5625
8067,132.0,M,5,129.25,126.375
8068,186.0,M,1,183.0,185.625
8069,138.0,M,1,136.125,136.0
8070,186.0,M,2,181.875,185.75
8071,204.0,M,3,198.5,202.125
8072,94.0,F,4,97.25,90.8125
8073,216.0,F,3,203.25,206.375
8074,106.0,F,4,117.3125,115.1875
8075,72.0,M,3,60.25,62.25
8076,94.0,F,5,96.3125,93.0
8077,150.0,M,3,151.875,149.5
8078,88.0,F,1,95.3125,97.0625
8079,162.0,M,4,153.0,151.0
8080,180.0,M,5,177.375,175.75
8081,156.0,M,1,151.375,153.625
8082,156.0,F,2,154.0,155.5
8083,132.0,M,5,115.6875,118.4375
8084,113.0,F,4,117.4375,117.1875
8085,42.0,F,3,36.1875,40.8125
8086,100.0,F,2,92.375,89.375
8087,132.0,M,5,136.5,139.5
8088,48.0,M,4,46.375,51.375
8089,162.0,M,4,162.875,164.125
8090,144.0,F,2,139.75,140.125
8091,135.0,M,2,125.6875,119.75
8092,156.0,F,5,142.875,145.5
8093,144.0,F,3,142.5,143.375
8094,132.0,F,1,122.375,122.8125
8095,94.0,F,1,101.4375,100.25
8096,82.0,F,4,94.0625,94.1875
8097,162.0,M,1,167.375,169.625
8098,168.0,M,1,166.375,167.375
8099,162.0,M,1,153.25,153.375
8100,88.0,F,3,105.0,101.5
8101,120.0,F,5,131.125,129.25
8102,156.0,M,1,151.375,153.625
8103,156.0,M,5,159.125,157.875
8104,150.0,F,2,110.5,111.25
8105,132.0,F,1,127.0,126.1875
8106,132.0,M,4,134.0,130.25
8107,132.0,F,2,141.25,141.5
8108,106.0,F,5,106.875,108.125
8109,96.0,M,3,102.0,107.0625
8110,156.0,M,2,162.375,160.375
8111,156.0,F,5,146.125,147.0
8112,162.0,F,5,154.625,152.0
8113,108.0,M,1,102.5,102.0625
8114,108.0,M,2,111.3125,112.1875
8115,165.0,M,3,163.125,163.375
8116,72.0,M,4,77.75,74.75
8117,132.0,F,2,145.0,145.375
8118,168.0,M,2,169.375,171.0
8119,168.0,M,3,167.5,169.0
8120,120.0,F,2,114.0,109.1875
8121,144.0,F,2,141.125,142.625
8122,120.0,M,4,115.125,113.1875
8123,159.0,F,1,163.5,164.375
8124,120.0,F,1,114.9375,114.6875
8125,156.0,M,3,142.75,142.375
8126,186.0,M,2,184.25,187.125
8127,94.0,F,2,89.0,86.6875
8128,42.0,M,3,30.609375,33.125
8129,192.0,M,2,189.125,196.0
8130,120.0,M,2,122.375,116.3125
8131,144.0,F,5,145.75,146.875
8132,144.0,F,3,152.25,154.625
8133,126.0,M,2,116.125,120.875
8134,66.0,M,2,69.5,73.75
8135,126.0,M,1,124.0,126.5625
8136,156.0,M,4,151.625,151.0
8137,96.0,M,4,100.8125,95.1875
8138,82.0,F,2,87.0,82.3125
8139,150.0,M,3,146.75,147.375
8140,78.0,M,2,85.5625,87.9375
8141,144.0,F,3,146.75,148.25
8142,132.0,F,2,130.5,128.0
8143,132.0,F,4,136.75,133.25
8144,120.0,M,3,127.0625,126.3125
8145,120.0,F,2,125.625,125.5
8146,180.0,F,5,182.75,181.625
8147,120.0,F,4,126.9375,126.125
8148,150.0,M,5,146.125,149.625
8149,120.0,M,4,126.9375,126.125
8150,132.0,F,5,137.375,136.5
8151,168.0,F,3,171.25,173.75
8152,162.0,M,5,158.5,158.75
8153,120.0,F,1,109.9375,108.625
8154,132.0,M,1,140.5,137.25
8155,82.0,F,1,86.3125,86.0625
8156,72.0,M,4,74.0,71.125
8157,132.0,F,1,125.25,126.6875
8158,90.0,M,5,90.8125,93.5
8159,156.0,M,1,159.875,158.875
8160,144.0,F,3,137.0,136.375
8161,156.0,F,3,146.125,146.375
8162,204.0,M,2,200.75,205.875
8163,156.0,M,3,158.0,158.375
8164,132.0,M,4,149.625,146.0
8165,42.0,M,3,39.5,42.25
8166,106.0,F,4,103.9375,103.4375
8167,180.0,F,3,182.625,183.375
8168,156.0,F,2,159.125,161.25
8169,132.0,F,1,129.875,128.0
8170,120.0,F,4,107.5625,106.25
8171,156.0,M,2,153.125,152.875
8172,168.0,M,5,167.375,167.125
8173,168.0,M,1,171.25,172.5
8174,120.0,F,5,137.875,136.75
8175,162.0,M,3,159.125,160.75
8176,138.0,M,5,147.25,146.375
8177,120.0,M,2,115.375,113.4375
8178,106.0,F,2,95.0,89.25
8179,88.0,F,1,85.5625,84.1875
8180,69.0,F,3,72.5,73.1875
8181,162.0,M,1,160.25,163.125
8182,156.0,M,2,151.75,155.125
8183,108.0,M,2,113.6875,107.625
8184,135.0,M,5,136.5,140.375
8185,168.0,M,3,163.375,164.25
8186,132.0,M,3,141.375,139.0
8187,94.0,F,2,90.875,85.375
8188,162.0,F,2,152.625,154.25
8189,100.0,F,2,101.4375,99.375
8190,138.0,F,3,134.5,131.375
8191,120.0,M,5,120.0,126.6875
8192,126.0,F,2,126.8125,126.9375
8193,168.0,M,2,170.875,172.375
8194,24.0,F,3,19.859375,19.546875
8195,216.0,M,5,208.75,207.25
8196,120.0,F,4,115.375,113.5625
8197,204.0,M,5,182.875,178.375
8198,120.0,M,3,131.75,128.375
8199,168.0,M,4,162.875,164.125
8200,162.0,M,1,163.625,163.375
8201,50.0,F,4,39.75,43.3125
8202,144.0,M,5,133.25,133.625
8203,156.0,F,1,149.25,150.125
8204,150.0,M,2,145.375,147.875
8205,69.0,F,4,67.75,67.1875
8206,72.0,M,5,83.4375,80.8125
8207,180.0,M,2,174.5,179.375
8208,132.0,F,1,142.875,142.0
8209,162.0,M,2,162.75,161.75
8210,120.0,F,3,113.5625,112.4375
8211,108.0,M,5,121.125,119.0
8212,69.0,F,2,75.5,73.125
8213,106.0,F,4,107.0,107.4375
8214,156.0,F,1,157.0,156.0
8215,132.0,M,2,138.75,134.25
8216,144.0,F,1,139.75,142.75
8217,138.0,M,2,142.0,147.625
8218,108.0,M,1,116.5625,114.6875
8219,156.0,M,2,157.625,156.75
8220,94.0,F,4,95.1875,92.5625
8221,168.0,M,4,160.125,162.25
8222,108.0,M,2,101.75,101.9375
8223,106.0,F,2,103.5625,103.25
8224,156.0,M,3,138.5,141.125
8225,36.0,F,4,33.8125,35.4375
8226,69.0,F,2,57.5,60.375
8227,156.0,F,5,148.125,145.0
8228,144.0,F,1,139.375,142.0
8229,138.0,M,4,115.4375,115.25
8230,132.0,F,4,129.625,126.5625
8231,72.0,M,5,78.8125,77.625
8232,132.0,F,1,119.4375,116.0625
8233,24.0,M,5,25.234375,29.296875
8234,126.0,M,1,128.625,129.25
8235,120.0,F,2,126.0625,125.8125
8236,120.0,F,5,137.0,141.375
8237,132.0,F,3,133.25,131.875
8238,132.0,F,5,123.1875,124.875
8239,32.0,M,4,32.5,39.75
8240,96.0,M,3,97.6875,99.5
8241,106.0,F,3,111.75,111.0625
8242,94.0,F,1,85.9375,86.25
8243,156.0,F,1,146.25,146.5
8244,94.0,F,1,91.3125,89.3125
8245,60.0,M,3,74.9375,77.4375
8246,144.0,F,4,138.125,136.625
8247,114.0,M,4,113.5,113.125
8248,138.0,M,2,135.375,133.25
8249,108.0,M,4,106.8125,104.3125
8250,78.0,M,3,82.1875,85.5
8251,156.0,F,2,151.125,147.75
8252,168.0,M,4,163.25,165.25
8253,76.0,F,3,77.875,79.4375
8254,120.0,M,5,116.0625,114.875
8255,150.0,M,2,153.625,154.375
8256,168.0,M,2,164.5,167.25
8257,144.0,F,3,134.75,132.875
8258,165.0,M,3,167.0,167.25
8259,150.0,M,4,140.5,138.75
8260,165.0,M,2,166.75,166.75
8261,120.0,F,2,124.0,125.625
8262,120.0,F,3,115.75,113.25
8263,168.0,F,3,165.5,167.5
8264,150.0,M,1,155.875,157.25
8265,96.0,M,2,99.8125,102.125
8266,156.0,F,5,155.875,154.0
8267,60.0,F,2,61.0,63.71875
8268,82.0,F,5,90.4375,93.0
8269,10.0,F,4,-4.13671875,11.9296875
8270,132.0,F,4,136.125,135.625
8271,168.0,M,2,165.375,163.5
8272,36.0,M,1,50.6875,44.8125
8273,120.0,F,3,117.8125,115.375
8274,168.0,M,4,164.75,166.625
8275,168.0,M,3,174.25,174.375
8276,94.0,F,1,95.1875,96.0625
8277,156.0,M,4,151.625,150.375
8278,108.0,M,1,107.1875,107.0
8279,108.0,M,2,110.4375,101.9375
8280,186.0,M,1,181.375,183.875
8281,156.0,M,3,151.0,151.125
8282,144.0,F,2,149.125,149.5
8283,126.0,F,4,126.5,124.625
8284,132.0,M,4,127.5,128.625
8285,126.0,F,3,118.375,115.6875
8286,204.0,M,1,204.625,208.5
8287,82.0,F,1,78.625,80.9375
8288,82.0,F,3,96.4375,92.9375
8289,168.0,M,1,168.625,170.125
8290,150.0,M,1,152.125,151.5
8291,150.0,M,3,135.875,135.5
8292,106.0,F,4,93.625,93.625
8293,90.0,M,4,111.5,102.6875
8294,94.0,F,1,88.6875,88.5
8295,94.0,F,1,95.25,97.8125
8296,180.0,M,4,169.0,171.625
8297,156.0,M,2,157.125,157.125
8298,132.0,F,4,144.0,146.625
8299,132.0,M,4,131.125,128.125
8300,132.0,F,3,143.375,144.625
8301,132.0,F,4,125.875,127.875
8302,42.0,F,4,54.6875,54.4375
8303,180.0,M,5,181.25,180.625
8304,150.0,M,1,141.375,146.0
8305,204.0,M,1,199.875,201.625
8306,120.0,F,3,113.4375,114.0
8307,156.0,M,1,154.625,154.375
8308,156.0,F,1,154.625,154.875
8309,132.0,F,4,142.5,141.625
8310,114.0,M,1,104.0625,101.75
8311,82.0,F,4,86.1875,85.6875
8312,94.0,F,2,89.8125,85.4375
8313,48.0,M,3,55.25,56.875
8314,132.0,M,2,120.875,118.25
8315,126.0,F,4,125.0,127.125
8316,132.0,F,1,123.5,121.9375
8317,94.0,F,4,111.125,105.875
8318,168.0,M,3,162.75,162.25
8319,120.0,F,5,117.8125,119.375
8320,120.0,M,1,119.25,117.0
8321,204.0,F,1,194.75,197.125
8322,138.0,M,5,139.375,137.25
8323,192.0,F,4,192.75,196.875
8324,180.0,F,1,184.875,186.625
8325,156.0,M,4,155.0,156.625
8326,150.0,M,1,150.125,151.75
8327,94.0,F,5,82.9375,85.3125
8328,156.0,M,3,155.0,154.75
8329,82.0,F,5,80.6875,79.875
8330,120.0,F,3,132.625,135.0
8331,138.0,M,2,140.75,141.5
8332,168.0,M,2,166.125,167.75
8333,132.0,F,5,131.75,129.625
8334,180.0,M,1,166.25,165.875
8335,84.0,M,4,77.0625,73.1875
8336,72.0,M,1,85.75,80.75
8337,60.0,M,4,60.5,59.4375
8338,132.0,F,5,138.875,138.625
8339,120.0,F,1,103.6875,103.625
8340,156.0,F,4,146.75,149.375
8341,132.0,F,5,129.125,128.5
8342,162.0,M,2,161.5,164.875
8343,120.0,M,5,116.875,117.6875
8344,132.0,F,5,126.25,122.1875
8345,84.0,M,5,91.625,91.125
8346,150.0,M,5,151.375,152.25
8347,168.0,F,5,162.875,162.25
8348,94.0,F,5,102.3125,101.875
8349,186.0,F,3,180.875,179.625
8350,106.0,F,1,105.5,105.0
8351,114.0,M,5,126.1875,130.75
8352,36.0,F,5,27.484375,29.671875
8353,144.0,F,5,142.125,139.25
8354,60.0,F,2,61.0,62.375
8355,106.0,F,1,115.0625,117.0625
8356,144.0,F,3,137.25,139.0
8357,156.0,F,1,155.0,154.375
8358,138.0,M,4,127.1875,122.125
8359,106.0,F,3,108.3125,109.125
8360,120.0,F,4,114.875,115.125
8361,150.0,M,2,156.75,158.5
8362,162.0,M,1,167.0,168.375
8363,192.0,M,3,194.0,198.75
8364,162.0,M,5,161.125,161.0
8365,150.0,M,2,133.0,129.375
8366,108.0,M,4,114.625,109.3125
8367,144.0,F,2,131.625,129.875
8368,60.0,M,5,68.5625,65.1875
8369,138.0,M,1,136.75,137.125
8370,50.0,F,2,47.3125,49.0625
8371,150.0,M,5,147.375,150.875
8372,132.0,F,3,142.0,141.5
8373,106.0,F,3,103.6875,105.0625
8374,132.0,F,4,116.125,116.6875
8375,168.0,M,3,165.5,166.5
8376,156.0,M,4,161.375,164.125
8377,138.0,M,1,136.0,135.75
8378,72.0,M,1,64.8125,59.25
8379,96.0,M,2,90.375,91.375
8380,132.0,F,4,124.8125,125.1875
8381,120.0,M,3,124.3125,117.375
8382,132.0,F,5,116.1875,119.375
8383,120.0,F,4,116.25,112.9375
8384,120.0,F,3,118.0625,119.5625
8385,96.0,M,1,82.5,81.125
8386,168.0,M,1,169.875,171.875
8387,144.0,F,5,142.0,143.75
8388,82.0,F,1,81.75,85.0625
8389,168.0,M,1,176.875,178.25
8390,156.0,M,2,162.125,161.375
8391,60.0,M,2,65.875,65.625
8392,132.0,F,3,132.0,130.625
8393,192.0,F,5,198.75,196.75
8394,168.0,M,1,167.0,167.25
8395,138.0,F,2,132.75,137.375
8396,162.0,F,3,163.125,164.0
8397,60.0,F,5,66.25,66.9375
8398,162.0,M,5,164.875,164.0
8399,84.0,F,4,81.0625,82.0625
8400,72.0,M,5,71.75,71.9375
8401,78.0,M,4,84.75,83.3125
8402,156.0,F,3,160.125,162.0
8403,156.0,M,1,151.125,149.875
8404,162.0,F,2,159.125,158.0
8405,144.0,F,5,142.625,139.125
8406,120.0,M,3,125.5,120.125
8407,120.0,M,3,115.25,114.0
8408,60.0,F,3,65.0625,67.75
8409,138.0,M,4,134.625,128.875
8410,180.0,M,1,170.375,172.5
8411,168.0,M,5,167.125,166.0
8412,94.0,F,1,87.9375,87.6875
8413,132.0,F,1,133.75,131.125
8414,82.0,F,1,88.8125,87.0625
8415,106.0,F,1,120.6875,119.125
8416,120.0,F,4,124.0625,125.8125
8417,168.0,M,2,175.0,179.25
8418,120.0,M,4,110.3125,110.375
8419,69.0,F,2,60.0,61.9375
8420,72.0,M,3,73.4375,78.4375
8421,168.0,F,5,159.625,158.0
8422,120.0,M,3,121.3125,121.5
8423,100.0,F,2,106.5,105.25
8424,78.0,M,5,75.25,74.1875
8425,168.0,M,2,174.375,175.25
8426,156.0,M,2,155.5,159.25
8427,132.0,F,5,133.625,131.25
8428,120.0,M,2,137.75,132.125
8429,180.0,M,2,179.5,182.0
8430,108.0,M,5,82.875,81.0
8431,69.0,F,5,86.5625,88.4375
8432,168.0,M,3,163.0,162.0
8433,132.0,F,4,134.5,131.75
8434,180.0,M,4,173.125,173.0
8435,39.0,M,1,44.375,36.9375
8436,106.0,F,1,117.125,112.5
8437,69.0,F,3,56.8125,58.0625
8438,24.0,M,4,32.75,39.25
8439,106.0,F,3,113.6875,113.25
8440,120.0,F,2,92.75,90.0625
8441,168.0,M,3,164.0,165.75
8442,120.0,M,4,134.0,127.6875
8443,132.0,F,2,135.375,138.0
8444,106.0,F,4,111.875,108.5
8445,96.0,M,4,104.6875,100.375
8446,132.0,M,3,134.5,139.0
8447,168.0,M,1,171.875,171.625
8448,120.0,M,1,108.625,106.25
8449,96.0,M,5,95.75,91.625
8450,132.0,F,5,101.5,104.75
8451,120.0,F,2,122.75,118.4375
8452,132.0,M,4,125.25,127.5
8453,82.0,F,1,77.5,80.0
8454,82.0,F,3,84.0,85.5
8455,132.0,M,4,124.9375,132.75
8456,150.0,M,4,146.75,148.25
8457,156.0,M,1,151.375,153.125
8458,192.0,M,5,191.0,190.375
8459,180.0,M,4,175.25,177.375
8460,36.0,M,5,50.6875,48.6875
8461,82.0,F,1,85.5625,84.625
8462,156.0,M,1,155.625,158.375
8463,132.0,F,1,127.125,127.1875
8464,120.0,M,3,96.8125,97.1875
8465,84.0,M,4,92.375,90.375
8466,204.0,M,5,208.875,206.375
8467,168.0,M,3,167.25,167.25
8468,168.0,M,3,164.125,163.75
8469,138.0,M,4,133.5,129.375
8470,168.0,M,5,166.5,165.875
8471,168.0,M,3,161.5,161.75
8472,162.0,M,3,159.25,159.75
8473,120.0,F,2,129.5,129.125
8474,106.0,F,1,114.125,113.3125
8475,144.0,F,3,142.875,142.25
8476,150.0,M,4,136.875,135.625
8477,120.0,F,2,110.625,109.875
8478,82.0,F,4,81.5625,81.125
8479,66.0,M,2,72.0625,77.625
8480,156.0,M,5,151.875,152.25
8481,106.0,F,1,104.375,106.0625
8482,156.0,F,4,134.625,137.125
8483,94.0,F,1,110.875,114.6875
8484,144.0,F,3,144.375,143.125
8485,132.0,M,2,146.75,147.75
8486,153.0,M,3,157.375,157.25
8487,132.0,M,3,139.875,139.875
8488,113.0,F,5,110.3125,109.8125
8489,50.0,F,4,37.6875,40.875
8490,132.0,M,1,135.875,133.875
8491,156.0,M,1,143.125,143.875
8492,156.0,M,3,157.375,159.5
8493,162.0,M,3,148.75,147.375
8494,120.0,F,2,111.5625,101.8125
8495,138.0,M,4,131.25,128.75
8496,36.0,F,5,40.5,38.125
8497,94.0,F,1,101.3125,99.875
8498,168.0,M,3,169.375,170.75
8499,72.0,M,4,59.875,62.75
8500,138.0,M,4,142.375,141.25
8501,72.0,M,4,68.0625,72.5
8502,162.0,M,1,155.625,153.625
8503,50.0,F,2,69.375,72.1875
8504,150.0,M,4,142.875,142.125
8505,138.0,M,3,144.875,144.625
8506,106.0,F,1,104.375,104.0
8507,94.0,F,1,84.125,85.125
8508,132.0,F,1,125.25,120.5
8509,156.0,F,2,136.75,137.625
8510,84.0,M,4,91.8125,91.4375
8511,132.0,F,1,148.25,145.125
8512,106.0,F,4,100.75,97.5
8513,132.0,F,2,134.375,135.0
8514,54.0,M,5,53.4375,58.3125
8515,132.0,F,3,137.125,136.625
8516,94.0,F,4,96.375,94.8125
8517,106.0,F,5,104.6875,103.1875
8518,64.0,F,4,80.9375,82.1875
8519,126.0,F,1,115.8125,110.6875
8520,138.0,M,4,140.5,138.25
8521,168.0,M,5,163.75,163.5
8522,132.0,F,1,143.875,145.375
8523,108.0,M,4,90.125,92.3125
8524,106.0,F,2,100.75,99.5
8525,120.0,M,1,127.875,127.5
8526,94.0,F,5,105.125,106.25
8527,144.0,F,2,132.75,134.5
8528,150.0,M,4,140.875,141.125
8529,150.0,F,4,146.25,148.125
8530,180.0,F,3,179.875,182.875
8531,144.0,F,3,146.125,146.25
8532,132.0,M,1,161.875,164.0
8533,84.0,M,2,84.9375,87.75
8534,156.0,F,5,136.125,129.75
8535,54.0,M,1,60.0,53.4375
8536,106.0,F,1,104.1875,97.4375
8537,72.0,M,1,79.375,75.25
8538,106.0,F,1,89.3125,87.1875
8539,186.0,M,1,181.625,184.0
8540,216.0,M,4,217.375,220.25
8541,72.0,M,3,77.5,81.1875
8542,106.0,F,4,115.4375,116.6875
8543,144.0,F,1,143.625,141.875
8544,94.0,F,2,93.75,88.75
8545,60.0,F,4,59.25,57.9375
8546,82.0,F,4,83.1875,83.75
8547,168.0,F,5,167.25,166.125
8548,132.0,F,4,133.5,132.875
8549,106.0,F,4,108.125,107.75
8550,144.0,F,1,147.625,149.125
8551,132.0,M,2,138.375,141.75
8552,168.0,M,4,165.75,167.625
8553,153.0,M,4,151.125,148.25
8554,120.0,F,5,102.6875,100.125
8555,120.0,F,5,110.625,108.1875
8556,113.0,F,4,119.5625,118.3125
8557,106.0,F,1,103.6875,102.5625
8558,168.0,M,2,169.25,173.625
8559,132.0,F,2,132.125,130.375
8560,168.0,M,3,167.625,170.75
8561,120.0,M,2,127.3125,120.8125
8562,156.0,M,5,158.0,157.75
8563,50.0,F,5,58.8125,60.5
8564,162.0,F,5,154.75,151.875
8565,138.0,M,1,136.875,138.5
8566,120.0,F,4,150.375,125.8125
8567,156.0,M,4,144.5,145.875
8568,156.0,M,4,153.625,155.0
8569,88.0,F,3,80.25,82.5
8570,138.0,M,5,125.5,131.375
8571,82.0,F,3,92.0625,94.3125
8572,168.0,M,3,167.375,167.625
8573,94.0,F,4,90.3125,88.375
8574,120.0,F,2,123.4375,120.25
8575,138.0,M,4,122.0,116.5625
8576,162.0,M,1,155.75,156.125
8577,153.0,M,5,141.375,141.75
8578,126.0,M,5,117.0,119.8125
8579,76.0,F,3,47.4375,49.875
8580,162.0,M,3,153.875,153.375
8581,132.0,M,5,128.375,129.25
8582,60.0,M,5,60.5625,62.875
8583,100.0,F,2,106.125,106.125
8584,144.0,F,2,147.625,147.875
8585,69.0,F,3,52.125,56.4375
8586,162.0,M,3,157.125,156.75
8587,144.0,F,2,136.875,132.875
8588,72.0,M,1,80.6875,77.3125
8589,106.0,F,5,106.6875,105.1875
8590,156.0,M,1,157.75,157.25
8591,82.0,F,2,78.0,77.1875
8592,168.0,M,2,164.0,166.0
8593,82.0,F,2,81.3125,79.1875
8594,162.0,F,2,159.25,159.875
8595,69.0,F,1,75.375,76.3125
8596,126.0,M,4,120.625,118.8125
8597,138.0,M,4,148.5,148.125
8598,138.0,M,1,131.5,131.75
8599,138.0,M,2,149.75,147.0
8600,180.0,F,3,179.75,180.5
8601,144.0,F,4,144.875,145.75
8602,126.0,F,3,120.875,116.375
8603,159.0,M,1,160.75,161.5
8604,126.0,M,4,123.0625,124.0625
8605,100.0,F,2,88.875,85.5625
8606,150.0,M,3,154.125,155.125
8607,120.0,M,5,130.125,131.125
8608,120.0,F,4,120.875,119.0
8609,120.0,F,5,122.75,126.0
8610,138.0,M,3,149.125,147.875
8611,168.0,M,1,164.375,166.625
8612,156.0,M,2,151.5,149.25
8613,150.0,M,5,143.0,145.75
8614,108.0,M,4,114.0625,113.0625
8615,132.0,M,3,132.25,132.0
8616,82.0,F,4,81.375,78.3125
8617,114.0,M,5,104.1875,102.875
8618,138.0,F,3,139.125,140.0
8619,132.0,F,5,137.5,136.75
8620,138.0,M,2,117.5625,117.1875
8621,156.0,M,2,143.25,147.375
8622,50.0,F,4,59.4375,62.0625
8623,132.0,M,3,127.875,131.25
8624,132.0,F,4,123.4375,121.0
8625,94.0,F,1,89.4375,88.3125
8626,156.0,F,2,150.75,153.5
8627,36.0,F,2,31.359375,31.734375
8628,186.0,M,2,183.75,186.375
8629,90.0,M,1,92.5,89.75
8630,132.0,F,3,129.625,129.125
8631,156.0,M,2,159.125,158.875
8632,162.0,F,4,163.0,163.125
8633,112.0,F,5,119.0,119.0
8634,180.0,F,4,182.75,182.625
8635,165.0,M,1,162.625,163.75
8636,106.0,F,5,105.375,106.3125
8637,60.0,F,2,68.8125,72.8125
8638,48.0,M,3,59.4375,61.9375
8639,96.0,F,1,92.125,89.875
8640,120.0,F,2,128.5,129.625
8641,120.0,F,3,112.9375,112.25
8642,39.0,F,4,48.5,49.4375
8643,156.0,M,5,169.625,169.75
8644,108.0,M,5,105.5625,103.5625
8645,162.0,M,4,144.0,149.125
8646,120.0,F,2,144.625,147.0
8647,180.0,M,3,176.75,181.5
8648,120.0,M,3,118.3125,119.5
8649,168.0,M,5,164.875,164.25
8650,132.0,F,2,128.625,132.875
8651,120.0,F,5,121.8125,122.625
8652,162.0,M,4,159.125,161.0
8653,60.0,F,3,35.1875,39.6875
8654,132.0,F,3,133.0,134.5
8655,120.0,F,3,122.0625,121.5
8656,156.0,F,3,146.5,148.375
8657,45.0,F,2,50.8125,51.625
8658,168.0,M,1,170.0,168.0
8659,132.0,M,5,123.5,126.1875
8660,150.0,M,2,146.125,149.25
8661,156.0,F,2,151.125,155.5
8662,144.0,F,3,134.0,136.0
8663,156.0,M,1,153.875,153.0
8664,192.0,M,4,188.875,186.375
8665,114.0,M,3,93.375,100.875
8666,156.0,M,4,155.75,154.875
8667,150.0,M,5,150.375,149.375
8668,162.0,F,5,146.125,147.625
8669,94.0,F,4,93.5,91.8125
8670,150.0,M,4,149.625,146.5
8671,162.0,M,4,155.5,155.5
8672,50.0,F,1,59.4375,60.8125
8673,138.0,M,4,129.25,131.5
8674,82.0,F,1,85.3125,86.875
8675,60.0,M,1,69.25,62.75
8676,94.0,F,1,95.5,97.875
8677,72.0,M,2,61.0,66.5
8678,15.0,F,4,1.05078125,15.6796875
8679,120.0,F,5,133.25,131.875
8680,156.0,M,2,157.375,152.75
8681,156.0,M,4,162.125,163.75
8682,106.0,F,5,96.125,95.4375
8683,186.0,M,3,173.375,174.0
8684,72.0,M,5,76.9375,69.6875
8685,54.0,M,3,54.8125,54.6875
8686,150.0,F,2,151.25,153.125
8687,132.0,M,1,125.875,124.375
8688,120.0,F,4,122.375,122.5
8689,106.0,F,5,113.375,114.0
8690,106.0,F,3,101.0,104.4375
8691,132.0,F,1,133.875,134.125
8692,120.0,F,3,126.5625,122.4375
8693,94.0,F,4,85.8125,87.0625
8694,156.0,F,2,148.75,151.75
8695,120.0,F,1,107.25,108.0
8696,156.0,M,3,154.375,153.0
8697,132.0,F,5,140.375,139.25
8698,108.0,M,5,107.5625,102.6875
8699,69.0,F,2,72.625,71.75
8700,186.0,M,1,184.5,187.0
8701,168.0,M,4,161.625,163.875
8702,94.0,F,5,101.4375,99.8125
8703,150.0,F,2,148.75,148.875
8704,69.0,F,3,70.9375,74.625
8705,162.0,M,2,159.375,161.875
8706,21.0,F,5,20.859375,24.671875
8707,113.0,F,5,101.25,100.9375
8708,162.0,M,3,160.5,161.25
8709,106.0,F,3,110.6875,107.375
8710,69.0,F,1,72.6875,81.8125
8711,82.0,F,4,83.1875,82.3125
8712,120.0,F,1,123.3125,122.0
8713,138.0,M,4,138.625,142.375
8714,156.0,M,3,158.25,157.375
8715,106.0,F,4,112.5625,104.1875
8716,108.0,M,1,107.5625,108.5
8717,63.0,M,1,70.6875,64.5
8718,150.0,F,3,154.875,155.0
8719,162.0,M,5,157.0,156.375
8720,94.0,F,3,97.4375,97.75
8721,156.0,M,1,152.375,150.0
8722,84.0,M,1,100.875,102.9375
8723,132.0,F,1,131.875,130.375
8724,150.0,M,2,143.0,144.625
8725,168.0,M,3,164.25,164.75
8726,174.0,M,5,170.875,168.625
8727,106.0,F,1,98.6875,96.1875
8728,94.0,F,5,99.125,93.9375
8729,156.0,M,4,155.875,155.0
8730,126.0,F,3,120.3125,116.1875
8731,82.0,F,5,86.625,87.4375
8732,204.0,F,4,200.25,200.75
8733,192.0,F,3,188.5,189.875
8734,162.0,F,1,155.0,157.625
8735,144.0,F,5,146.875,146.125
8736,150.0,M,1,146.25,146.75
8737,204.0,M,4,198.75,192.875
8738,144.0,F,4,139.0,141.375
8739,54.0,M,5,49.8125,55.3125
8740,46.0,F,5,59.4375,58.75
8741,96.0,M,4,97.6875,93.8125
8742,84.0,M,1,97.1875,91.375
8743,82.0,F,5,81.25,78.625
8744,162.0,M,4,157.875,158.375
8745,126.0,M,2,110.8125,108.1875
8746,120.0,M,5,115.375,115.0
8747,144.0,M,2,157.0,157.0
8748,72.0,M,2,66.4375,68.625
8749,120.0,F,3,110.875,110.5
8750,132.0,M,4,121.8125,118.8125
8751,60.0,F,3,58.9375,62.0
8752,138.0,M,2,137.875,133.5
8753,96.0,F,4,79.625,78.3125
8754,138.0,F,4,144.875,146.5
8755,144.0,F,4,136.375,138.875
8756,162.0,M,4,157.625,157.875
8757,186.0,M,3,185.75,187.875
8758,138.0,M,5,145.75,144.25
8759,132.0,M,2,130.25,126.5625
8760,156.0,M,5,139.625,144.25
8761,94.0,F,3,95.9375,94.0
8762,144.0,F,5,143.625,143.5
8763,138.0,M,3,154.625,154.875
8764,156.0,F,3,149.875,150.75
8765,120.0,F,2,133.375,134.0
8766,180.0,F,1,181.5,183.125
8767,96.0,M,5,103.0,99.875
8768,150.0,M,2,146.375,148.75
8769,60.0,F,2,66.3125,66.0
8770,120.0,F,4,118.375,118.3125
8771,132.0,M,4,129.25,126.625
8772,50.0,F,3,55.6875,60.3125
8773,168.0,M,5,165.25,163.875
8774,204.0,M,1,200.875,204.0
8775,106.0,F,4,110.4375,107.0625
8776,144.0,F,4,137.125,137.75
8777,156.0,M,4,160.375,160.75
8778,72.0,M,2,66.8125,72.75
8779,36.0,M,3,37.1875,37.25
8780,180.0,F,2,177.125,182.375
8781,192.0,M,2,186.5,190.625
8782,94.0,F,1,88.125,88.125
8783,120.0,F,2,119.5,124.6875
8784,132.0,F,1,124.375,122.8125
8785,192.0,M,3,183.25,184.75
8786,48.0,M,2,46.75,48.5
8787,72.0,M,4,73.6875,73.3125
8788,106.0,F,5,112.5625,112.0
8789,132.0,F,5,131.5,133.625
8790,106.0,F,1,79.625,79.125
8791,132.0,M,3,136.25,132.25
8792,138.0,M,4,139.375,136.125
8793,54.0,M,5,54.5625,54.0625
8794,156.0,F,4,147.875,152.625
8795,162.0,M,3,164.125,164.625
8796,150.0,M,2,148.5,147.625
8797,174.0,M,1,180.5,184.25
8798,159.0,M,3,165.625,166.625
8799,162.0,M,5,157.375,154.25
8800,106.0,F,5,108.6875,109.25
8801,132.0,M,3,136.375,133.375
8802,54.0,M,4,52.1875,52.6875
8803,132.0,M,3,152.875,152.125
8804,150.0,M,3,149.5,149.25
8805,162.0,M,1,157.75,158.375
8806,153.0,M,4,146.375,146.0
8807,186.0,M,5,183.875,183.375
8808,168.0,M,5,154.875,154.875
8809,108.0,M,2,100.25,106.3125
8810,144.0,F,3,130.5,129.125
8811,96.0,M,5,86.0,86.8125
8812,94.0,F,3,113.0,112.75
8813,144.0,F,5,145.25,143.25
8814,132.0,M,1,131.0,128.375
8815,168.0,M,5,167.375,166.625
8816,108.0,M,2,107.8125,113.375
8817,132.0,M,5,126.375,123.3125
8818,106.0,F,1,105.4375,104.75
8819,156.0,M,3,153.5,152.875
8820,162.0,M,5,158.25,160.625
8821,94.0,F,1,91.125,97.375
8822,156.0,M,2,157.5,160.125
8823,144.0,F,4,141.25,144.5
8824,33.0,F,4,42.4375,38.4375
8825,204.0,M,4,202.25,194.0
8826,132.0,M,5,129.75,132.125
8827,168.0,M,1,169.0,169.375
8828,138.0,F,1,139.875,142.0
8829,94.0,F,4,113.0,112.625
8830,168.0,M,3,150.0,153.5
8831,156.0,M,1,169.125,170.625
8832,144.0,F,2,150.0,149.375
8833,180.0,F,3,187.125,188.0
8834,138.0,M,4,128.625,126.5
8835,165.0,F,5,164.375,164.625
8836,156.0,M,2,161.625,167.0
8837,144.0,F,3,147.125,148.125
8838,50.0,F,2,55.25,62.125
8839,132.0,F,2,122.125,119.9375
8840,60.0,M,4,65.25,61.875
8841,156.0,M,4,143.375,144.5
8842,180.0,M,1,172.125,173.75
8843,150.0,M,5,142.125,142.125
8844,156.0,F,4,144.125,145.75
8845,168.0,M,4,161.625,165.125
8846,150.0,M,3,154.75,153.625
8847,180.0,M,2,178.75,179.0
8848,67.0,F,5,78.625,76.8125
8849,132.0,F,5,137.625,137.0
8850,55.0,F,1,70.3125,65.1875
8851,156.0,F,4,133.375,127.0625
8852,36.0,F,1,43.3125,37.875
8853,82.0,F,1,67.75,69.375
8854,168.0,M,5,170.5,170.625
8855,156.0,M,5,155.375,155.875
8856,156.0,M,5,147.25,149.625
8857,144.0,F,5,144.125,145.375
8858,120.0,F,1,100.625,96.5625
8859,39.0,F,1,37.0,32.4375
8860,108.0,M,1,83.625,80.875
8861,168.0,M,4,164.75,167.625
8862,138.0,M,3,145.625,145.25
8863,126.0,M,4,127.1875,126.6875
8864,168.0,F,1,167.0,167.25
8865,132.0,F,4,139.0,137.75
8866,94.0,F,2,90.9375,87.8125
8867,94.0,F,4,87.875,85.625
8868,156.0,M,2,147.625,151.0
8869,120.0,F,2,129.125,128.875
8870,180.0,F,3,185.5,185.0
8871,120.0,F,1,121.0,120.5625
8872,82.0,F,2,82.9375,84.875
8873,156.0,M,4,155.125,155.125
8874,108.0,M,1,99.25,100.3125
8875,120.0,M,2,122.125,117.125
8876,156.0,M,4,152.25,151.25
8877,94.0,F,4,99.5,98.0
8878,144.0,F,2,147.25,153.125
8879,96.0,M,5,111.125,109.9375
8880,106.0,F,1,99.75,96.5
8881,144.0,F,4,144.75,147.25
8882,162.0,M,4,165.125,166.375
8883,60.0,M,4,60.6875,56.8125
8884,106.0,F,5,111.0,108.25
8885,94.0,F,1,99.4375,97.625
8886,168.0,F,2,159.75,160.125
8887,106.0,F,5,112.5625,116.5
8888,144.0,F,1,142.0,144.5
8889,180.0,F,3,182.25,184.375
8890,138.0,M,3,145.25,143.375
8891,102.0,M,5,93.875,96.9375
8892,132.0,M,2,147.125,144.875
8893,138.0,M,4,133.125,132.875
8894,156.0,M,4,156.125,155.625
8895,106.0,F,1,97.75,94.5
8896,84.0,M,1,94.8125,87.875
8897,168.0,M,2,161.5,164.375
8898,50.0,F,3,47.4375,49.6875
8899,168.0,M,5,160.75,160.875
8900,180.0,M,5,175.0,176.75
8901,120.0,M,5,128.0,130.25
8902,156.0,M,3,159.625,159.0
8903,120.0,F,2,113.9375,110.3125
8904,156.0,F,4,138.625,140.875
8905,120.0,F,5,116.6875,117.625
8906,94.0,F,2,98.0625,94.5
8907,120.0,M,1,129.5,123.375
8908,150.0,F,5,141.625,142.125
8909,82.0,F,5,86.625,87.6875
8910,192.0,M,3,193.75,198.0
8911,69.0,F,5,78.75,76.0
8912,144.0,F,4,139.125,135.375
8913,100.0,F,4,108.3125,108.5625
8914,186.0,M,4,177.625,177.0
8915,156.0,M,4,159.375,160.625
8916,72.0,M,3,69.0,74.6875
8917,42.0,M,5,59.0,61.25
8918,94.0,F,4,93.3125,93.625
8919,94.0,F,5,93.375,92.25
8920,144.0,F,5,138.5,138.125
8921,24.0,M,3,23.734375,21.859375
8922,144.0,F,2,135.25,134.5
8923,90.0,M,2,81.6875,86.75
8924,94.0,F,1,92.5625,89.0625
8925,156.0,M,3,144.5,141.125
8926,96.0,M,2,101.9375,104.5625
8927,156.0,F,2,144.875,142.75
8928,162.0,M,3,159.625,159.125
8929,150.0,M,1,157.25,157.375
8930,108.0,M,1,120.625,119.75
8931,102.0,M,1,109.0625,110.1875
8932,132.0,F,5,126.5,124.6875
8933,120.0,M,5,112.3125,117.25
8934,150.0,M,4,153.125,153.25
8935,162.0,M,2,162.625,164.5
8936,132.0,F,4,123.875,122.875
8937,150.0,M,3,147.375,144.875
8938,32.0,M,1,38.6875,34.0625
8939,84.0,M,1,78.375,72.3125
8940,106.0,F,1,122.125,121.75
8941,186.0,M,1,182.75,181.5
8942,132.0,F,4,137.5,139.375
8943,168.0,M,5,164.375,164.5
8944,108.0,M,4,114.6875,113.1875
8945,156.0,F,4,140.625,144.0
8946,60.0,F,5,53.9375,56.375
8947,120.0,F,5,118.1875,122.9375
8948,156.0,F,4,149.125,152.25
8949,144.0,F,2,137.25,138.375
8950,108.0,M,1,120.6875,116.5625
8951,159.0,M,3,159.125,159.0
8952,120.0,F,2,128.0,129.0
8953,113.0,F,4,114.3125,113.5625
8954,132.0,F,5,122.875,122.6875
8955,156.0,M,4,159.875,161.25
8956,82.0,F,3,76.0625,77.75
8957,162.0,M,3,163.875,163.625
8958,156.0,M,2,151.0,151.625
8959,156.0,F,5,146.875,145.25
8960,120.0,M,3,131.25,132.25
8961,42.0,M,5,54.5625,53.0
8962,168.0,M,1,168.25,169.625
8963,126.0,M,1,133.625,133.75
8964,138.0,F,3,146.375,146.125
8965,150.0,M,1,150.125,151.5
8966,114.0,M,2,108.1875,104.375
8967,96.0,M,3,95.25,98.25
8968,156.0,M,5,155.375,157.375
8969,106.0,F,3,98.9375,98.8125
8970,132.0,F,2,128.875,127.5625
8971,94.0,F,1,87.5625,88.75
8972,106.0,F,2,107.625,105.8125
8973,180.0,F,2,174.125,180.375
8974,84.0,M,5,89.625,91.0
8975,138.0,M,4,124.9375,121.75
8976,180.0,F,5,176.25,177.875
8977,165.0,F,3,148.75,149.75
8978,156.0,F,2,153.75,157.25
8979,120.0,F,3,131.375,130.0
8980,144.0,F,5,143.375,142.5
8981,159.0,M,1,159.25,161.375
8982,168.0,M,3,166.875,167.25
8983,162.0,M,5,159.5,159.0
8984,82.0,F,2,82.375,80.1875
8985,144.0,F,5,144.0,144.25
8986,106.0,F,3,106.5,107.0625
8987,162.0,M,2,153.25,154.625
8988,132.0,F,3,131.25,132.0
8989,106.0,F,5,107.8125,108.5
8990,42.0,M,5,43.4375,43.3125
8991,132.0,M,5,142.25,143.0
8992,156.0,M,3,156.25,161.25
8993,69.0,F,3,64.875,65.375
8994,156.0,M,3,155.75,154.875
8995,150.0,M,4,148.125,147.75
8996,156.0,M,1,155.75,155.625
8997,168.0,M,3,164.125,163.625
8998,144.0,F,2,139.75,140.375
8999,138.0,M,2,135.375,135.875
9000,78.0,M,4,72.0625,70.25
9001,156.0,F,2,151.25,152.625
9002,78.0,M,1,81.0,77.3125
9003,54.0,M,5,57.9375,57.75
9004,144.0,F,2,135.625,133.25
9005,138.0,F,5,130.125,130.75
9006,132.0,F,3,128.875,129.375
9007,120.0,F,2,114.4375,112.25
9008,120.0,F,3,118.75,117.5
9009,126.0,M,4,108.375,105.25
9010,150.0,M,5,142.5,147.125
9011,150.0,M,5,142.375,140.5
9012,186.0,M,3,181.5,184.875
9013,204.0,M,1,205.375,205.25
9014,168.0,M,3,167.0,166.375
9015,120.0,M,5,129.625,129.125
9016,72.0,M,2,81.125,83.25
9017,138.0,M,2,120.8125,115.0625
9018,168.0,F,3,168.25,170.375
9019,174.0,M,2,172.25,176.375
9020,120.0,M,3,134.625,130.875
9021,108.0,M,5,103.1875,100.875
9022,120.0,M,1,142.0,140.0
9023,132.0,F,1,138.375,137.125
9024,60.0,M,5,64.5,58.1875
9025,72.0,M,2,66.9375,68.1875
9026,138.0,M,1,150.375,145.875
9027,168.0,M,4,163.75,163.5
9028,84.0,M,2,73.1875,77.8125
9029,132.0,F,1,147.0,145.625
9030,138.0,M,5,136.25,137.75
9031,69.0,F,3,71.5,77.0
9032,84.0,M,5,93.125,91.25
9033,106.0,F,3,112.1875,110.9375
9034,126.0,M,5,115.3125,115.5625
9035,106.0,F,3,103.875,102.625
9036,126.0,F,5,121.25,120.5
9037,168.0,F,2,174.25,178.5
9038,120.0,M,4,130.0,124.8125
9039,186.0,M,1,183.875,187.625
9040,94.0,F,3,90.125,91.9375
9041,108.0,M,4,106.0625,102.25
9042,144.0,F,4,145.125,146.75
9043,150.0,M,2,139.25,139.5
9044,138.0,F,2,134.75,133.375
9045,120.0,M,1,102.75,107.125
9046,162.0,M,1,164.875,165.375
9047,156.0,M,1,155.25,155.625
9048,168.0,F,5,171.75,172.875
9049,120.0,F,4,106.1875,103.6875
9050,120.0,F,3,124.6875,122.5
9051,156.0,F,5,141.75,139.625
9052,150.0,M,2,143.875,142.5
9053,162.0,F,2,164.0,167.0
9054,204.0,F,2,197.25,206.625
9055,50.0,F,3,52.5,53.125
9056,156.0,M,3,153.0,155.125
9057,138.0,M,4,141.75,132.375
9058,204.0,M,4,203.75,202.375
9059,50.0,F,3,47.25,50.9375
9060,150.0,M,1,150.0,147.25
9061,138.0,F,2,138.75,137.5
9062,138.0,M,1,141.25,140.375
9063,162.0,F,3,156.875,156.625
9064,106.0,F,3,104.625,100.625
9065,156.0,M,4,155.0,157.625
9066,168.0,M,4,162.75,166.375
9067,108.0,M,1,122.25,121.0625
9068,168.0,M,1,166.25,166.25
9069,144.0,F,3,148.75,149.0
9070,180.0,M,2,173.75,179.875
9071,60.0,M,1,47.5,38.8125
9072,76.0,F,2,56.75,63.0625
9073,144.0,M,2,131.75,124.75
9074,72.0,M,1,81.625,78.9375
9075,108.0,M,3,124.5625,124.375
9076,120.0,F,1,126.6875,128.125
9077,132.0,M,3,135.875,135.375
9078,162.0,M,5,163.25,162.375
9079,183.0,M,3,184.125,185.625
9080,174.0,M,2,164.25,164.875
9081,132.0,F,2,139.125,140.75
9082,144.0,F,2,144.25,142.875
9083,180.0,M,2,178.25,180.75
9084,114.0,M,4,105.625,104.125
9085,138.0,M,3,141.875,141.5
9086,168.0,F,3,164.0,164.5
9087,72.0,M,4,80.375,80.0
9088,114.0,M,4,115.625,116.1875
9089,156.0,M,1,149.75,149.375
9090,144.0,F,3,134.75,135.0
9091,144.0,F,2,142.375,142.375
9092,84.0,M,4,89.125,88.875
9093,42.0,F,2,45.875,53.0625
9094,106.0,F,4,110.875,106.5625
9095,168.0,M,2,159.125,161.625
9096,156.0,M,4,153.0,149.0
9097,162.0,M,5,157.5,156.875
9098,96.0,M,3,117.125,113.0625
9099,138.0,M,1,134.375,130.875
9100,162.0,M,3,166.125,166.5
9101,106.0,F,1,117.875,115.5
9102,150.0,M,3,152.125,154.75
9103,156.0,F,1,140.125,141.125
9104,156.0,F,3,150.375,151.125
9105,132.0,F,3,145.375,145.75
9106,126.0,F,5,124.625,126.5625
9107,156.0,F,3,141.125,144.875
9108,162.0,M,1,162.0,161.0
9109,120.0,M,4,121.8125,119.75
9110,174.0,M,4,177.25,177.875
9111,126.0,F,2,125.8125,123.0625
9112,55.0,F,2,59.6875,66.4375
9113,162.0,F,1,160.625,158.75
9114,120.0,M,3,123.4375,123.375
9115,94.0,F,3,91.125,90.625
9116,96.0,M,5,107.0,106.8125
9117,94.0,F,2,88.8125,86.5625
9118,94.0,F,5,98.25,99.875
9119,156.0,F,2,150.625,152.0
9120,82.0,F,1,85.0,85.875
9121,108.0,M,4,126.0,123.1875
9122,144.0,F,5,148.5,146.125
9123,69.0,F,2,65.8125,66.875
9124,162.0,M,2,164.625,165.75
9125,72.0,M,3,86.75,88.0
9126,144.0,F,2,147.125,150.875
9127,150.0,M,1,155.375,155.875
9128,84.0,M,4,102.9375,95.875
9129,165.0,M,3,161.0,160.125
9130,186.0,M,4,182.625,182.0
9131,132.0,F,4,128.125,128.625
9132,106.0,F,1,116.875,115.875
9133,84.0,M,3,82.25,85.5
9134,156.0,F,3,143.25,143.375
9135,96.0,M,2,77.8125,80.9375
9136,106.0,F,5,104.0625,105.875
9137,144.0,F,1,152.875,151.5
9138,216.0,F,5,198.25,204.375
9139,144.0,M,2,144.25,145.75
9140,180.0,M,5,175.125,174.25
9141,120.0,F,4,114.75,112.1875
9142,120.0,F,3,123.625,122.875
9143,69.0,F,4,66.625,67.6875
9144,72.0,M,1,77.375,72.4375
9145,162.0,F,1,165.125,167.125
9146,120.0,F,3,113.4375,113.125
9147,94.0,F,3,90.4375,90.4375
9148,156.0,M,2,154.625,156.25
9149,57.0,M,1,45.625,38.3125
9150,84.0,M,5,85.5,82.375
9151,168.0,M,3,168.5,169.125
9152,94.0,F,4,95.5625,96.6875
9153,144.0,F,5,137.375,134.625
9154,144.0,F,1,145.5,147.375
9155,156.0,M,4,152.5,151.125
9156,150.0,M,4,151.5,151.0
9157,132.0,F,1,133.5,138.375
9158,108.0,M,5,99.0,100.375
9159,132.0,F,1,132.625,132.625
9160,168.0,M,2,160.25,162.75
9161,69.0,F,2,70.4375,70.375
9162,60.0,M,5,68.5625,69.0
9163,132.0,M,3,129.125,126.8125
9164,42.0,F,2,48.875,52.5
9165,150.0,M,1,150.5,152.125
9166,132.0,M,5,119.625,123.0
9167,78.0,M,4,77.5625,70.1875
9168,132.0,F,4,129.25,126.5625
9169,108.0,M,2,111.1875,103.125
9170,162.0,F,5,161.875,160.375
9171,132.0,F,3,121.6875,117.625
9172,156.0,M,4,147.75,149.25
9173,144.0,F,5,134.5,132.625
9174,168.0,M,4,165.625,169.125
9175,82.0,F,2,81.5625,81.6875
9176,150.0,M,3,148.875,146.25
9177,144.0,F,2,139.125,136.625
9178,106.0,F,2,99.625,100.0625
9179,168.0,F,5,163.75,163.75
9180,88.0,F,3,86.8125,87.5625
9181,162.0,F,4,161.0,159.5
9182,24.0,M,5,40.0,39.375
9183,216.0,M,2,203.0,209.75
9184,106.0,F,5,99.625,100.375
9185,156.0,M,5,148.75,144.5
9186,94.0,F,2,92.6875,90.6875
9187,54.0,M,3,63.875,64.8125
9188,94.0,F,1,99.1875,96.0
9189,150.0,M,5,151.25,151.0
9190,108.0,M,1,112.8125,116.5625
9191,168.0,M,1,171.75,172.25
9192,144.0,F,3,145.5,146.0
9193,150.0,M,2,143.5,143.0
9194,51.0,M,4,45.9375,49.9375
9195,156.0,M,3,154.5,156.875
9196,156.0,M,3,160.125,160.125
9197,144.0,F,1,142.125,144.125
9198,162.0,F,5,169.0,168.5
9199,84.0,M,2,82.625,89.9375
9200,132.0,F,5,126.875,123.5
9201,96.0,M,4,86.625,86.0625
9202,162.0,M,5,160.625,161.25
9203,162.0,M,5,156.25,156.5
9204,168.0,M,1,166.625,167.125
9205,100.0,F,1,96.9375,95.375
9206,120.0,F,2,130.125,131.625
9207,168.0,M,3,156.625,156.875
9208,84.0,M,4,93.375,90.75
9209,100.0,F,5,105.0,105.875
9210,168.0,M,2,170.375,172.875
9211,162.0,F,1,201.0,196.125
9212,120.0,F,4,111.5,113.9375
9213,150.0,M,5,146.5,145.375
9214,162.0,M,5,158.125,157.875
9215,60.0,F,4,77.0625,78.0625
9216,88.0,F,3,73.1875,79.875
9217,82.0,F,1,77.875,79.125
9218,120.0,F,4,124.125,124.9375
9219,50.0,F,3,38.125,42.5
9220,138.0,M,1,144.25,140.625
9221,108.0,M,5,95.8125,94.6875
9222,150.0,F,5,155.125,153.125
9223,82.0,F,4,71.5625,73.25
9224,96.0,M,3,87.375,81.625
9225,150.0,M,5,144.875,142.125
9226,162.0,M,5,165.375,164.75
9227,144.0,F,3,146.0,145.375
9228,180.0,M,1,159.25,183.375
9229,60.0,F,3,57.4375,61.5625
9230,168.0,M,4,161.625,162.625
9231,106.0,F,3,78.0625,77.375
9232,50.0,F,1,53.0,50.3125
9233,96.0,M,2,86.625,84.0625
9234,144.0,F,3,143.625,143.5
9235,96.0,M,2,82.9375,90.6875
9236,82.0,F,5,82.8125,81.5
9237,112.0,F,1,108.0,107.6875
9238,66.0,M,1,61.5625,54.875
9239,162.0,M,3,161.125,160.625
9240,156.0,M,3,160.625,160.875
9241,94.0,F,1,82.25,83.875
9242,96.0,M,2,100.1875,100.8125
9243,162.0,M,1,159.75,158.125
9244,174.0,M,1,168.25,168.375
9245,94.0,F,3,84.125,83.75
9246,106.0,F,4,118.0625,118.1875
9247,82.0,F,1,85.5,87.4375
9248,150.0,M,3,130.125,130.125
9249,132.0,F,4,133.375,130.875
9250,50.0,F,4,57.25,57.5
9251,156.0,M,3,160.125,161.25
9252,132.0,M,2,136.875,136.625
9253,138.0,M,4,135.875,137.25
9254,144.0,F,5,147.0,145.25
9255,72.0,M,1,76.1875,69.5625
9256,120.0,M,4,120.375,121.125
9257,150.0,M,1,138.125,141.75
9258,39.0,M,5,44.6875,45.0625
9259,168.0,M,3,164.5,163.75
9260,168.0,M,1,167.125,168.75
9261,106.0,F,2,115.1875,112.9375
9262,132.0,F,1,143.625,144.375
9263,132.0,M,4,121.375,117.6875
9264,168.0,M,3,163.625,164.625
9265,192.0,M,3,182.875,184.75
9266,84.0,M,2,82.75,88.5
9267,156.0,M,5,156.0,159.125
9268,144.0,F,1,126.0,128.75
9269,150.0,M,4,156.25,155.5
9270,54.0,M,4,56.625,57.5
9271,72.0,M,4,81.0625,79.8125
9272,94.0,F,1,105.8125,107.0625
9273,150.0,M,2,148.25,151.375
9274,108.0,M,4,104.6875,102.5
9275,180.0,F,3,179.375,180.125
9276,150.0,M,4,140.125,138.875
9277,168.0,M,1,164.375,167.0
9278,168.0,M,5,160.125,159.875
9279,50.0,F,3,42.1875,45.125
9280,168.0,M,4,158.875,161.0
9281,132.0,F,2,138.375,141.25
9282,156.0,M,2,159.75,159.125
9283,180.0,M,2,167.25,169.0
9284,108.0,M,4,90.625,89.375
9285,60.0,F,5,62.3125,63.40625
9286,144.0,F,2,141.75,139.125
9287,72.0,M,1,78.875,75.9375
9288,168.0,M,5,164.125,164.625
9289,162.0,M,1,162.375,162.625
9290,132.0,M,1,124.125,122.0
9291,120.0,F,4,130.375,134.25
9292,156.0,F,5,140.875,141.25
9293,60.0,F,4,69.8125,66.25
9294,36.0,F,5,38.375,41.75
9295,168.0,M,4,163.125,165.875
9296,150.0,M,4,144.0,141.875
9297,94.0,F,4,102.25,100.75
9298,150.0,M,2,152.375,159.125
9299,156.0,F,1,152.5,153.0
9300,168.0,F,5,168.5,170.25
9301,120.0,M,2,88.5625,93.4375
9302,108.0,M,1,124.4375,121.5625
9303,168.0,M,3,157.5,156.625
9304,144.0,F,5,141.125,141.0
9305,94.0,F,2,96.1875,95.625
9306,138.0,F,2,143.0,144.625
9307,120.0,F,4,134.0,132.75
9308,162.0,M,4,166.125,165.125
9309,150.0,M,4,153.5,153.0
9310,106.0,F,3,97.625,99.75
9311,48.0,M,1,48.1875,45.875
9312,156.0,M,4,159.125,159.25
9313,150.0,M,5,154.375,154.125
9314,156.0,F,2,161.375,161.625
9315,132.0,M,3,116.0625,121.4375
9316,138.0,M,2,148.75,146.875
9317,228.0,M,1,208.0,217.75
9318,156.0,M,4,159.875,158.625
9319,138.0,M,1,131.5,131.875
9320,106.0,F,1,107.125,104.5
9321,150.0,M,1,161.0,164.125
9322,156.0,M,1,155.875,155.625
9323,50.0,F,3,53.0625,50.8125
9324,168.0,F,5,168.25,168.5
9325,156.0,M,2,146.25,144.5
9326,132.0,F,1,125.625,125.6875
9327,132.0,M,3,149.0,146.5
9328,162.0,M,5,158.5,157.25
9329,94.0,F,5,97.0625,98.875
9330,132.0,F,3,131.25,130.625
9331,69.0,F,2,65.1875,67.875
9332,120.0,M,4,125.9375,124.5
9333,156.0,F,4,144.75,147.75
9334,82.0,F,1,91.125,91.0
9335,132.0,F,1,127.125,125.875
9336,54.0,M,3,56.4375,58.0
9337,132.0,M,3,132.125,132.875
9338,94.0,F,5,89.75,89.125
9339,120.0,F,4,118.0625,115.0625
9340,144.0,F,2,134.0,133.625
9341,132.0,F,1,129.0,129.75
9342,66.0,M,5,69.5,68.875
9343,144.0,F,5,132.25,131.25
9344,96.0,M,5,100.125,99.25
9345,156.0,M,1,161.5,164.25
9346,216.0,M,4,207.75,202.0
9347,96.0,M,5,109.375,107.8125
9348,150.0,M,2,158.25,158.75
9349,120.0,F,2,121.5625,131.625
9350,162.0,F,4,156.75,158.375
9351,180.0,F,1,169.625,171.0
9352,204.0,M,4,200.875,196.25
9353,204.0,F,1,186.625,187.875
9354,162.0,F,1,165.125,165.0
9355,120.0,F,1,125.4375,130.875
9356,132.0,M,2,124.1875,125.0625
9357,82.0,F,3,87.625,86.25
9358,50.0,F,4,61.25,64.875
9359,132.0,F,1,128.875,128.625
9360,156.0,M,4,156.125,157.625
9361,60.0,M,1,56.8125,49.0625
9362,120.0,F,2,121.3125,122.1875
9363,50.0,F,1,58.4375,56.0
9364,120.0,F,5,105.1875,105.1875
9365,84.0,M,4,77.1875,75.125
9366,168.0,M,3,165.375,167.5
9367,156.0,M,3,153.875,153.875
9368,84.0,M,5,94.375,91.625
9369,144.0,F,3,134.375,133.875
9370,84.0,M,4,85.5625,83.875
9371,150.0,M,4,145.875,143.25
9372,69.0,F,2,75.0,74.4375
9373,132.0,F,4,120.6875,123.0625
9374,156.0,M,2,152.25,154.75
9375,94.0,F,2,98.25,95.75
9376,120.0,M,4,120.9375,120.9375
9377,126.0,F,2,131.125,129.5
9378,156.0,M,3,157.75,158.5
9379,66.0,M,4,73.8125,77.3125
9380,108.0,M,3,99.125,101.375
9381,120.0,F,3,121.4375,120.75
9382,162.0,F,4,159.0,159.625
9383,126.0,F,5,123.5,124.0
9384,96.0,M,5,85.3125,81.3125
9385,162.0,M,2,165.5,167.25
9386,126.0,M,5,119.5,122.4375
9387,82.0,F,4,81.4375,82.125
9388,162.0,M,5,157.875,156.75
9389,138.0,M,4,145.875,145.25
9390,82.0,F,3,84.375,84.4375
9391,204.0,M,3,206.625,208.75
9392,204.0,M,3,192.5,196.25
9393,106.0,F,5,106.6875,109.0625
9394,120.0,M,4,101.875,103.5
9395,168.0,M,4,168.0,169.5
9396,162.0,M,3,160.5,160.125
9397,180.0,F,4,184.375,182.875
9398,50.0,F,1,57.0625,52.0
9399,150.0,M,2,151.375,155.5
9400,192.0,M,1,183.5,185.375
9401,132.0,F,3,142.25,144.375
9402,168.0,M,4,165.0,167.25
9403,162.0,F,5,165.625,164.125
9404,132.0,F,2,129.875,126.8125
9405,108.0,M,5,99.125,99.4375
9406,174.0,M,1,175.875,175.5
9407,132.0,F,2,125.9375,122.0625
9408,156.0,F,2,152.625,153.625
9409,96.0,M,3,93.6875,95.4375
9410,186.0,M,3,180.875,183.0
9411,82.0,F,4,86.625,86.75
9412,94.0,F,5,95.25,96.5
9413,96.0,M,5,94.5,89.75
9414,94.0,F,1,93.5625,89.1875
9415,150.0,M,2,142.25,141.25
9416,162.0,F,1,159.125,158.75
9417,32.0,M,4,23.296875,32.125
9418,72.0,M,1,66.4375,60.9375
9419,168.0,F,2,162.25,166.875
9420,18.0,F,2,18.234375,8.2421875
9421,168.0,M,5,162.625,162.875
9422,82.0,F,2,89.5,85.3125
9423,60.0,M,5,77.6875,78.0625
9424,150.0,M,3,146.0,150.75
9425,106.0,F,5,106.375,108.0625
9426,120.0,M,4,130.25,131.0
9427,60.0,M,2,55.75,56.6875
9428,94.0,F,3,103.4375,104.3125
9429,150.0,M,3,134.75,133.125
9430,162.0,F,5,164.0,165.375
9431,144.0,F,5,139.25,138.625
9432,96.0,M,4,95.875,93.0
9433,162.0,M,3,162.5,161.875
9434,174.0,M,2,174.75,175.5
9435,120.0,M,2,117.1875,112.375
9436,180.0,M,5,181.5,181.25
9437,82.0,F,2,77.625,75.25
9438,100.0,F,1,95.8125,94.5625
9439,108.0,M,4,110.8125,114.1875
9440,162.0,M,3,165.625,165.25
9441,72.0,M,1,79.8125,74.6875
9442,120.0,M,4,122.125,118.5
9443,120.0,M,3,112.625,112.5
9444,144.0,F,1,141.375,140.25
9445,120.0,F,5,122.25,121.4375
9446,159.0,M,2,161.125,163.0
9447,138.0,M,5,142.0,142.0
9448,192.0,M,2,201.5,205.875
9449,144.0,M,1,124.0625,128.125
9450,76.0,F,1,63.71875,62.375
9451,162.0,M,3,159.25,159.375
9452,126.0,M,2,126.375,125.625
9453,165.0,M,2,160.125,163.5
9454,120.0,F,5,117.75,119.0
9455,108.0,M,2,118.75,113.6875
9456,94.0,F,3,91.625,91.9375
9457,70.0,F,5,84.0,85.875
9458,138.0,M,1,132.0,131.875
9459,162.0,M,3,142.875,135.875
9460,138.0,M,4,132.0,130.875
9461,132.0,F,3,125.625,126.6875
9462,120.0,F,5,136.75,136.5
9463,144.0,F,1,140.25,141.75
9464,192.0,M,5,201.625,201.875
9465,132.0,F,1,133.25,136.25
9466,150.0,M,4,144.75,145.75
9467,54.0,M,4,50.0,54.1875
9468,132.0,M,4,131.0,128.875
9469,144.0,F,5,135.625,134.875
9470,60.0,M,3,60.125,61.625
9471,156.0,F,3,142.0,142.0
9472,162.0,M,5,164.25,165.0
9473,120.0,F,4,119.5625,119.8125
9474,108.0,M,5,109.375,110.875
9475,150.0,M,5,144.0,142.5
9476,168.0,F,3,162.875,166.875
9477,69.0,F,5,79.75,78.5625
9478,36.0,F,1,34.125,33.625
9479,156.0,F,1,141.5,143.875
9480,144.0,F,4,144.625,146.5
9481,156.0,M,3,158.625,157.875
9482,132.0,F,3,137.875,136.25
9483,210.0,F,3,194.375,192.625
9484,94.0,F,3,90.3125,90.8125
9485,156.0,M,3,156.625,156.75
9486,102.0,M,2,97.75,96.75
9487,216.0,F,4,201.625,201.0
9488,106.0,F,2,112.5,109.0
9489,144.0,F,3,142.75,139.0
9490,120.0,F,3,119.4375,114.4375
9491,162.0,F,1,162.25,164.125
9492,132.0,F,4,125.625,127.5625
9493,100.0,F,4,107.5625,108.3125
9494,126.0,F,3,127.25,125.5
9495,162.0,M,2,163.5,166.125
9496,78.0,M,5,71.125,71.75
9497,82.0,F,4,76.875,78.375
9498,120.0,M,5,111.875,109.6875
9499,156.0,M,5,149.625,150.125
9500,42.0,F,1,47.5625,42.8125
9501,82.0,F,2,82.9375,82.1875
9502,204.0,M,2,200.75,206.0
9503,72.0,M,1,97.125,94.6875
9504,156.0,M,3,151.0,151.625
9505,60.0,F,4,99.0,96.375
9506,106.0,F,3,144.0,143.5
9507,84.0,M,4,90.375,86.5625
9508,120.0,M,5,121.125,121.25
9509,168.0,F,5,170.875,171.25
9510,153.0,M,4,147.875,149.0
9511,24.0,M,4,17.421875,30.546875
9512,96.0,M,5,99.875,102.0625
9513,106.0,F,1,95.625,97.4375
9514,156.0,F,2,147.75,154.375
9515,132.0,F,3,134.25,136.125
9516,50.0,F,2,53.375,62.25
9517,150.0,M,5,131.5,135.0
9518,138.0,M,4,140.625,140.75
9519,138.0,M,3,135.625,133.75
9520,94.0,F,2,99.3125,101.125
9521,132.0,M,1,120.4375,117.8125
9522,144.0,F,1,151.625,150.0
9523,156.0,M,4,161.75,162.0
9524,72.0,M,2,79.875,83.75
9525,108.0,M,1,127.25,121.0625
9526,150.0,M,4,136.5,134.875
9527,156.0,F,3,147.625,148.25
9528,150.0,M,3,133.375,133.125
9529,50.0,F,3,50.1875,52.875
9530,106.0,F,5,118.5625,117.125
9531,162.0,M,5,153.5,154.0
9532,150.0,M,3,151.625,152.625
9533,168.0,F,2,165.0,168.5
9534,132.0,F,1,135.75,137.0
9535,120.0,F,5,119.1875,118.0625
9536,156.0,M,2,161.75,162.625
9537,94.0,F,2,100.8125,98.0625
9538,132.0,F,2,126.8125,128.75
9539,120.0,F,1,127.75,123.125
9540,120.0,F,4,135.25,135.875
9541,138.0,M,2,138.125,138.375
9542,120.0,M,1,115.25,115.4375
9543,198.0,M,2,191.875,199.125
9544,94.0,F,4,94.875,93.125
9545,39.0,F,2,38.8125,38.9375
9546,150.0,F,5,142.0,139.0
9547,168.0,M,5,154.75,156.125
9548,108.0,M,1,100.375,100.5625
9549,132.0,F,3,120.75,119.875
9550,120.0,M,1,109.8125,105.6875
9551,150.0,M,1,150.75,150.75
9552,150.0,M,4,153.25,153.625
9553,162.0,F,4,154.25,153.0
9554,90.0,M,5,102.375,102.375
9555,82.0,F,5,85.0,85.25
9556,106.0,F,2,95.25,94.6875
9557,132.0,F,1,123.625,127.4375
9558,144.0,F,2,130.25,129.75
9559,24.0,M,4,26.609375,35.1875
9560,72.0,M,1,74.9375,70.25
9561,138.0,M,2,131.0,129.875
9562,132.0,M,1,136.875,136.5
9563,168.0,M,3,166.875,168.0
9564,120.0,M,2,112.1875,108.1875
9565,156.0,F,5,151.125,151.375
9566,183.0,M,1,180.875,180.875
9567,106.0,F,5,105.5,105.125
9568,162.0,M,2,158.875,162.0
9569,106.0,F,2,112.375,109.8125
9570,132.0,F,1,128.75,132.125
9571,120.0,M,2,131.875,121.375
9572,54.0,M,2,45.75,44.9375
9573,42.0,M,3,36.125,37.25
9574,138.0,M,1,133.125,131.5
9575,156.0,M,3,155.125,154.125
9576,94.0,F,1,96.75,97.75
9577,60.0,F,2,62.125,60.4375
9578,156.0,M,4,150.625,148.5
9579,168.0,M,4,164.5,165.25
9580,204.0,M,5,206.125,212.875
9581,126.0,F,2,126.0625,123.5
9582,114.0,M,2,110.375,109.1875
9583,132.0,F,1,129.0,127.5
9584,18.0,F,4,29.859375,26.859375
9585,132.0,M,4,135.375,133.875
9586,96.0,M,2,89.3125,91.0625
9587,54.0,M,4,68.3125,69.25
9588,156.0,M,5,154.5,155.5
9589,120.0,M,3,132.75,128.625
9590,144.0,F,4,144.375,146.875
9591,138.0,M,4,136.5,139.375
9592,150.0,M,1,140.375,138.5
9593,156.0,M,3,154.5,153.375
9594,72.0,M,5,70.5,67.875
9595,138.0,F,3,134.375,135.25
9596,168.0,F,1,169.25,170.5
9597,186.0,M,1,183.5,184.125
9598,156.0,M,4,158.0,159.0
9599,106.0,F,5,107.1875,109.6875
9600,192.0,F,1,183.75,184.875
9601,94.0,F,3,88.125,91.1875
9602,150.0,F,3,143.625,143.5
9603,72.0,M,1,51.0625,42.5
9604,108.0,M,2,123.0625,118.5
9605,168.0,M,2,169.875,171.25
9606,153.0,M,4,156.5,156.5
9607,82.0,F,1,77.0625,84.25
9608,168.0,M,4,162.625,163.5
9609,216.0,M,2,215.375,219.0
9610,82.0,F,2,94.25,90.4375
9611,150.0,M,2,130.0,129.5
9612,54.0,M,4,45.75,49.0625
9613,45.0,M,4,44.5625,48.5625
9614,84.0,M,3,74.4375,74.8125
9615,138.0,M,4,143.125,140.25
9616,72.0,M,3,69.9375,73.75
9617,69.0,F,2,69.5625,68.125
9618,36.0,M,4,27.984375,38.3125
9619,84.0,M,1,92.0625,89.875
9620,120.0,M,3,117.125,115.875
9621,162.0,M,5,160.5,159.5
9622,126.0,F,5,118.125,120.4375
9623,96.0,M,4,98.0625,93.75
9624,168.0,F,1,167.25,170.0
9625,162.0,M,2,158.0,159.125
9626,72.0,M,1,87.3125,84.5625
9627,96.0,M,5,116.875,116.3125
9628,138.0,M,3,142.125,136.375
9629,108.0,M,2,111.125,113.375
9630,138.0,M,5,132.75,133.875
9631,162.0,F,4,159.25,158.75
9632,132.0,M,5,135.125,141.5
9633,138.0,F,4,140.625,142.375
9634,113.0,F,5,113.1875,109.625
9635,106.0,F,5,117.5625,119.25
9636,138.0,M,3,141.375,143.375
9637,108.0,M,3,87.625,89.6875
9638,150.0,M,1,148.625,149.625
9639,162.0,M,2,165.125,163.5
9640,150.0,M,4,136.25,129.375
9641,180.0,F,2,171.125,178.0
9642,82.0,F,1,71.1875,71.375
9643,106.0,F,2,99.5,97.875
9644,189.0,M,4,187.0,185.75
9645,132.0,F,4,135.375,132.75
9646,94.0,F,5,96.375,94.5625
9647,156.0,F,4,146.75,147.125
9648,156.0,M,2,156.25,157.0
9649,24.0,M,4,19.421875,26.984375
9650,138.0,M,2,142.875,143.0
9651,94.0,F,5,94.4375,93.75
9652,216.0,M,1,202.125,207.125
9653,162.0,M,1,158.5,159.875
9654,156.0,F,1,144.375,144.375
9655,54.0,M,3,54.4375,56.8125
9656,150.0,M,5,135.875,137.75
9657,162.0,F,2,162.875,166.0
9658,132.0,F,5,133.625,134.375
9659,82.0,F,5,98.0625,93.0625
9660,82.0,F,2,79.375,77.75
9661,162.0,F,1,163.75,164.625
9662,150.0,M,4,152.125,152.25
9663,108.0,M,5,117.5,116.1875
9664,159.0,M,1,164.5,164.875
9665,94.0,F,5,94.625,93.875
9666,168.0,M,2,172.75,175.25
9667,69.0,F,3,72.375,73.875
9668,150.0,F,5,150.375,148.875
9669,144.0,F,1,142.375,143.0
9670,132.0,F,3,122.5625,119.6875
9671,144.0,F,4,137.875,139.375
9672,106.0,F,1,108.125,104.6875
9673,120.0,M,5,139.0,142.125
9674,36.0,F,5,34.625,37.4375
9675,150.0,M,5,151.625,152.75
9676,132.0,F,3,127.625,126.0625
9677,144.0,F,5,143.375,140.0
9678,132.0,M,3,130.75,130.75
9679,94.0,F,3,94.3125,93.5625
9680,132.0,F,4,135.375,136.625
9681,180.0,M,2,167.75,169.875
9682,168.0,M,1,174.5,176.5
9683,138.0,M,2,140.375,138.375
9684,150.0,M,2,142.5,138.625
9685,156.0,M,2,160.375,163.125
9686,72.0,M,1,83.3125,84.875
9687,144.0,F,3,145.5,145.125
9688,144.0,F,2,145.625,144.875
9689,78.0,M,4,78.75,76.3125
9690,150.0,M,4,151.5,151.75
9691,156.0,M,1,149.125,148.5
9692,156.0,F,2,149.75,150.875
9693,162.0,M,2,162.0,163.125
9694,132.0,F,1,139.625,139.375
9695,192.0,M,3,179.75,182.5
9696,144.0,M,3,145.625,147.375
9697,50.0,F,2,49.4375,51.8125
9698,162.0,M,4,161.25,162.125
9699,144.0,M,1,145.0,146.125
9700,126.0,F,1,129.125,128.875
9701,150.0,F,2,146.5,148.5
9702,156.0,F,4,148.375,150.5
9703,108.0,M,2,108.125,108.5625
9704,156.0,F,3,150.625,154.0
9705,82.0,F,1,78.0,76.5625
9706,144.0,F,4,126.125,127.25
9707,150.0,M,3,143.0,144.375
9708,132.0,F,1,128.0,128.625
9709,144.0,F,3,146.5,146.125
9710,132.0,M,3,131.75,130.875
9711,96.0,M,3,99.8125,102.8125
9712,162.0,M,5,159.125,159.75
9713,90.0,M,1,107.625,106.875
9714,180.0,M,1,175.75,178.625
9715,174.0,M,4,168.125,165.125
9716,168.0,M,3,158.125,155.875
9717,144.0,M,4,152.875,154.25
9718,94.0,F,2,101.1875,98.1875
9719,162.0,M,4,161.875,164.75
9720,156.0,M,1,157.375,158.125
9721,60.0,F,4,59.25,60.25
9722,228.0,M,5,213.5,213.0
9723,132.0,F,4,110.25,110.0625
9724,180.0,F,1,180.375,180.375
9725,168.0,M,3,172.0,173.375
9726,106.0,F,4,104.375,103.6875
9727,120.0,F,4,113.8125,114.5
9728,144.0,F,4,130.875,133.25
9729,94.0,F,4,101.3125,97.25
9730,132.0,M,4,139.75,135.625
9731,84.0,M,5,96.875,94.0
9732,126.0,F,4,118.9375,117.5625
9733,186.0,M,2,179.875,183.0
9734,144.0,M,5,142.5,144.25
9735,114.0,M,2,109.5,103.375
9736,108.0,M,2,90.4375,94.5
9737,150.0,M,3,153.125,154.0
9738,50.0,F,5,60.1875,57.875
9739,156.0,M,3,160.25,158.875
9740,114.0,M,4,124.0625,122.4375
9741,180.0,F,1,171.0,173.125
9742,204.0,M,5,211.625,214.5
9743,113.0,F,3,115.3125,112.8125
9744,120.0,M,5,122.25,121.5
9745,96.0,M,4,108.4375,104.5
9746,156.0,F,4,144.5,147.5
9747,168.0,M,3,166.25,166.875
9748,144.0,F,4,148.5,150.625
9749,120.0,M,4,96.9375,96.5
9750,50.0,F,4,50.5625,52.0625
9751,120.0,F,2,122.75,121.625
9752,113.0,F,2,118.875,120.375
9753,94.0,F,4,91.125,88.9375
9754,156.0,M,3,160.875,161.125
9755,106.0,F,5,111.625,112.125
9756,120.0,F,3,104.0625,103.0625
9757,144.0,F,5,131.75,133.0
9758,36.0,M,2,41.75,37.1875
9759,102.0,M,3,106.875,107.625
9760,168.0,M,4,165.125,167.125
9761,186.0,M,3,182.375,183.125
9762,120.0,F,4,119.5625,115.25
9763,84.0,M,1,102.625,101.75
9764,156.0,M,4,156.625,159.0
9765,138.0,M,2,142.0,143.75
9766,106.0,F,5,89.4375,88.125
9767,138.0,M,2,138.0,134.125
9768,69.0,F,2,71.625,72.3125
9769,132.0,F,4,139.625,139.375
9770,94.0,F,5,97.5,101.625
9771,132.0,M,5,120.5625,123.4375
9772,162.0,M,2,162.5,164.0
9773,162.0,M,3,162.25,163.75
9774,138.0,M,2,140.625,141.75
9775,60.0,F,3,51.625,56.1875
9776,168.0,M,4,163.875,165.0
9777,120.0,M,3,108.625,112.4375
9778,54.0,M,5,68.875,71.5
9779,72.0,M,1,76.375,68.3125
9780,94.0,F,2,87.4375,84.3125
9781,180.0,F,3,188.625,192.375
9782,138.0,M,3,135.25,132.5
9783,144.0,F,1,147.375,148.25
9784,132.0,F,1,132.5,130.875
9785,94.0,F,2,90.375,92.3125
9786,156.0,M,1,155.25,156.625
9787,132.0,M,2,126.25,122.5625
9788,60.0,F,2,60.4375,63.9375
9789,33.0,F,3,33.5625,36.125
9790,108.0,M,5,110.125,109.25
9791,132.0,F,3,134.375,133.75
9792,162.0,M,5,153.625,154.625
9793,132.0,M,1,124.75,121.0625
9794,106.0,F,2,121.125,120.6875
9795,150.0,F,5,150.0,147.875
9796,60.0,M,5,76.1875,76.9375
9797,120.0,F,4,129.75,127.9375
9798,168.0,M,2,168.25,169.875
9799,36.0,F,1,39.4375,36.4375
9800,162.0,M,1,159.75,159.0
9801,144.0,F,1,149.125,149.75
9802,120.0,M,1,123.75,120.5625
9803,24.0,F,4,8.1796875,21.609375
9804,150.0,M,5,147.125,146.125
9805,216.0,M,2,202.0,210.75
9806,39.0,M,2,52.75,52.3125
9807,156.0,F,5,151.875,151.125
9808,88.0,F,3,104.0,102.6875
9809,132.0,M,1,126.9375,124.8125
9810,126.0,F,5,131.875,130.625
9811,120.0,F,1,120.0625,118.5625
9812,84.0,M,5,86.5,83.625
9813,96.0,M,3,96.6875,100.6875
9814,204.0,M,3,208.875,215.0
9815,72.0,M,1,72.4375,65.875
9816,76.0,F,2,74.125,74.375
9817,96.0,M,3,115.6875,114.5
9818,82.0,F,4,85.4375,81.8125
9819,60.0,F,4,68.5625,67.0
9820,84.0,M,1,86.5,86.75
9821,94.0,F,4,93.3125,90.3125
9822,36.0,F,3,40.8125,43.875
9823,156.0,F,2,140.625,137.0
9824,144.0,F,3,136.375,136.625
9825,156.0,M,4,154.25,154.375
9826,114.0,M,3,119.625,122.25
9827,156.0,M,2,156.125,156.875
9828,138.0,M,5,145.0,147.125
9829,132.0,M,1,135.25,137.75
9830,168.0,M,5,158.5,158.0
9831,82.0,F,4,89.5,89.5625
9832,150.0,M,5,137.0,132.5
9833,57.0,M,5,48.4375,51.0
9834,100.0,F,2,119.0,119.375
9835,144.0,F,4,139.5,139.625
9836,120.0,F,1,116.5,123.125
9837,106.0,F,3,99.5625,100.625
9838,120.0,M,4,124.9375,122.75
9839,72.0,M,4,74.25,65.5
9840,156.0,M,2,156.875,158.0
9841,150.0,M,4,158.75,157.875
9842,180.0,F,4,178.875,173.75
9843,168.0,M,2,164.125,165.25
9844,120.0,F,1,116.125,114.0
9845,138.0,M,1,149.0,150.0
9846,162.0,M,2,157.0,156.375
9847,82.0,F,3,71.0,72.1875
9848,162.0,F,4,161.875,162.625
9849,144.0,M,5,133.75,134.125
9850,180.0,F,1,174.0,177.625
9851,84.0,M,4,98.8125,96.4375
9852,132.0,M,1,133.875,133.875
9853,168.0,M,1,167.75,169.0
9854,150.0,M,2,150.0,149.5
9855,120.0,F,1,102.375,105.4375
9856,106.0,F,1,116.375,112.4375
9857,72.0,M,3,70.875,74.625
9858,156.0,M,3,153.625,154.0
9859,69.0,F,4,60.4375,60.6875
9860,204.0,M,5,202.625,201.375
9861,132.0,F,5,118.75,122.0
9862,50.0,F,1,52.8125,51.1875
9863,180.0,F,2,178.125,185.125
9864,108.0,M,3,103.5,107.625
9865,150.0,M,1,144.625,145.625
9866,180.0,F,5,185.0,185.125
9867,94.0,F,2,107.25,102.375
9868,132.0,M,1,153.0,154.5
9869,138.0,M,5,123.875,125.625
9870,204.0,M,3,205.75,207.625
9871,94.0,F,1,99.3125,99.25
9872,144.0,F,3,131.375,130.125
9873,168.0,M,3,174.875,179.0
9874,180.0,M,2,182.0,183.625
9875,144.0,F,3,140.0,137.375
9876,168.0,F,1,170.625,170.375
9877,162.0,M,5,155.875,155.75
9878,102.0,M,2,106.5,102.875
9879,162.0,M,1,152.0,155.875
9880,204.0,M,1,198.375,201.625
9881,94.0,F,2,89.0,85.8125
9882,168.0,M,1,164.625,164.25
9883,144.0,F,1,132.0,130.375
9884,168.0,M,4,198.25,189.875
9885,120.0,F,3,116.6875,113.6875
9886,94.0,F,4,86.3125,83.75
9887,186.0,M,2,182.875,187.0
9888,120.0,M,3,112.0625,107.625
9889,94.0,F,5,101.5,100.5
9890,180.0,M,1,174.375,175.75
9891,120.0,M,2,129.0,126.375
9892,69.0,F,4,59.375,59.1875
9893,144.0,M,1,143.625,148.25
9894,144.0,F,1,143.875,144.75
9895,36.0,F,2,31.171875,30.484375
9896,82.0,F,2,78.6875,74.9375
9897,40.0,M,2,48.6875,44.8125
9898,168.0,M,1,175.25,180.125
9899,106.0,F,2,106.5,104.375
9900,120.0,M,4,120.875,120.25
9901,132.0,F,5,124.75,126.0625
9902,132.0,F,5,140.375,136.75
9903,94.0,F,5,91.75,90.6875
9904,168.0,M,5,166.125,165.875
9905,150.0,M,4,148.25,149.0
9906,180.0,M,1,176.0,180.375
9907,126.0,F,1,127.0625,127.375
9908,72.0,M,5,65.9375,66.3125
9909,82.0,F,2,75.375,78.125
9910,168.0,M,4,164.5,167.25
9911,138.0,M,4,138.25,138.25
9912,186.0,M,4,194.375,188.5
9913,120.0,M,2,111.25,107.5
9914,82.0,F,1,104.4375,104.8125
9915,156.0,M,5,157.125,156.125
9916,94.0,F,2,108.75,109.1875
9917,156.0,M,3,166.25,166.875
9918,132.0,F,5,131.125,135.875
9919,94.0,F,3,82.3125,80.875
9920,24.0,M,4,10.6796875,24.046875
9921,150.0,M,1,155.75,156.625
9922,60.0,M,5,67.1875,62.75
9923,50.0,F,4,54.0,52.0625
9924,132.0,F,2,131.125,125.6875
9925,162.0,M,4,157.25,157.375
9926,156.0,F,2,151.875,153.25
9927,88.0,F,3,81.25,83.75
9928,42.0,M,1,43.0625,36.6875
9929,106.0,F,2,95.375,96.25
9930,82.0,F,3,47.125,50.9375
9931,162.0,M,5,161.875,161.0
9932,132.0,F,5,138.125,137.25
9933,94.0,F,1,92.875,90.125
9934,168.0,M,2,167.0,167.875
9935,132.0,F,1,125.25,123.8125
9936,60.0,F,3,56.8125,59.5
9937,162.0,M,1,162.25,161.375
9938,60.0,F,5,75.8125,74.1875
9939,106.0,F,3,105.1875,104.4375
9940,186.0,M,1,170.5,170.0
9941,204.0,M,4,206.375,202.875
9942,120.0,F,3,114.1875,106.375
9943,60.0,M,5,61.25,61.0
9944,144.0,F,5,143.625,142.125
9945,168.0,F,2,163.0,164.75
9946,132.0,F,2,126.875,127.75
9947,120.0,M,4,92.6875,90.6875
9948,106.0,F,3,103.6875,103.75
9949,144.0,F,5,129.375,130.25
9950,132.0,M,1,136.75,132.375
9951,168.0,M,3,163.875,164.25
9952,162.0,M,1,167.875,171.25
9953,162.0,F,4,160.625,160.25
9954,168.0,M,5,166.25,165.5
9955,132.0,F,4,128.25,128.75
9956,153.0,M,2,155.75,158.625
9957,156.0,M,4,157.75,159.625
9958,168.0,M,4,161.125,163.625
9959,82.0,F,3,86.4375,87.875
9960,132.0,F,3,132.625,131.0
9961,72.0,M,5,75.5,75.25
9962,96.0,M,3,91.5,92.5
9963,150.0,M,3,148.0,146.5
9964,156.0,M,3,155.625,154.875
9965,150.0,M,5,151.625,153.0
9966,159.0,F,4,155.75,153.125
9967,120.0,F,1,117.4375,116.625
9968,108.0,M,2,130.5,128.75
9969,106.0,F,2,111.125,111.3125
9970,132.0,F,1,121.25,122.375
9971,96.0,M,4,107.875,106.125
9972,150.0,F,4,146.125,144.75
9973,150.0,M,3,166.75,167.625
9974,144.0,F,4,139.875,140.875
9975,82.0,F,1,90.125,87.125
9976,30.0,F,1,38.4375,37.25
9977,132.0,M,5,125.375,128.625
9978,108.0,M,5,106.75,106.875
9979,156.0,M,4,159.125,158.875
9980,132.0,M,5,129.75,130.5
9981,94.0,F,3,112.625,113.1875
9982,156.0,M,1,152.0,152.0
9983,144.0,F,3,133.875,133.75
9984,138.0,M,2,132.25,128.375
9985,30.0,F,4,26.609375,33.5
9986,150.0,M,1,151.25,151.625
9987,120.0,M,3,125.8125,125.9375
9988,50.0,F,5,48.9375,46.5
9989,162.0,M,1,149.625,152.5
9990,72.0,M,2,76.1875,79.5
9991,156.0,M,2,160.625,162.5
9992,168.0,M,2,166.75,168.625
9993,156.0,M,3,158.25,159.125
9994,150.0,M,4,132.0,132.25
9995,94.0,F,4,89.0,88.8125
9996,94.0,F,2,90.5625,85.4375
9997,144.0,F,5,130.625,131.5
9998,69.0,F,1,64.6875,64.4375
9999,192.0,M,4,202.375,200.875
10000,96.0,M,3,97.0,97.1875
10001,168.0,M,3,169.5,175.375
10002,168.0,M,3,167.875,168.5
10003,76.0,F,4,78.375,78.375
10004,135.0,M,3,143.625,144.75
10005,180.0,M,5,175.875,174.625
10006,82.0,F,2,74.0625,76.1875
10007,168.0,M,3,169.375,169.875
10008,36.0,F,2,45.75,46.75
10009,82.0,F,3,85.625,88.6875
10010,168.0,M,4,170.625,171.625
10011,168.0,M,2,171.125,172.375
10012,88.0,F,4,86.5,84.0625
10013,120.0,M,2,120.8125,116.5625
10014,120.0,F,5,103.4375,104.25
10015,78.0,M,3,75.25,76.0625
10016,138.0,M,1,151.625,153.125
10017,82.0,F,3,80.9375,80.5625
10018,108.0,M,3,108.625,106.5625
10019,108.0,M,5,104.25,105.1875
10020,168.0,M,4,166.75,168.875
10021,162.0,M,1,160.5,162.75
10022,120.0,F,1,131.875,133.5
10023,180.0,M,5,171.0,169.5
10024,120.0,F,2,130.0,130.375
10025,168.0,F,1,159.125,159.25
10026,204.0,M,4,202.125,197.75
10027,168.0,M,1,165.125,166.75
10028,150.0,M,3,149.5,148.375
10029,138.0,M,5,142.375,143.125
10030,60.0,F,4,60.1875,61.6875
10031,150.0,M,3,150.625,146.25
10032,156.0,F,3,126.75,126.875
10033,60.0,F,4,59.25,61.125
10034,106.0,F,2,112.5,106.6875
10035,60.0,F,5,58.9375,60.3125
10036,113.0,F,5,114.5,117.1875
10037,94.0,F,1,93.5625,94.25
10038,156.0,M,4,153.875,155.5
10039,96.0,M,3,91.625,94.3125
10040,168.0,M,4,169.0,170.0
10041,156.0,M,1,157.875,158.875
10042,132.0,M,5,158.125,162.0
10043,46.0,F,4,61.125,60.25
10044,168.0,M,5,174.375,173.25
10045,162.0,M,2,162.875,165.375
10046,132.0,M,2,135.75,121.8125
10047,138.0,M,2,145.75,149.0
10048,150.0,M,1,160.0,163.75
10049,24.0,F,2,28.609375,23.359375
10050,150.0,M,1,155.625,155.375
10051,150.0,M,4,142.375,142.375
10052,42.0,F,4,46.125,46.75
10053,84.0,M,3,87.9375,91.5625
10054,180.0,F,3,187.75,187.875
10055,141.0,M,2,148.25,147.0
10056,120.0,F,5,111.1875,113.0
10057,156.0,M,1,158.25,156.0
10058,94.0,F,5,109.5,112.1875
10059,48.0,M,5,47.3125,48.3125
10060,228.0,M,1,220.625,221.375
10061,156.0,M,5,153.75,154.375
10062,132.0,F,3,133.5,133.0
10063,204.0,M,3,201.625,203.125
10064,156.0,M,2,163.375,165.75
10065,69.0,F,4,64.5,67.375
10066,78.0,M,1,91.25,91.125
10067,24.0,F,5,13.5546875,17.421875
10068,192.0,M,5,193.5,193.75
10069,82.0,F,1,70.0625,73.125
10070,120.0,F,2,120.25,121.6875
10071,60.0,M,1,65.875,62.6875
10072,120.0,M,4,126.9375,126.8125
10073,82.0,F,1,83.5625,83.1875
10074,54.0,M,1,51.75,45.0625
10075,156.0,M,4,155.375,157.0
10076,108.0,M,4,122.4375,121.1875
10077,72.0,M,5,73.8125,71.25
10078,72.0,M,4,68.6875,69.5
10079,138.0,M,2,117.5,114.25
10080,180.0,F,2,175.5,182.375
10081,138.0,M,2,134.875,128.375
10082,180.0,F,1,177.625,180.375
10083,180.0,F,2,180.75,188.125
10084,94.0,F,1,93.75,90.5625
10085,120.0,F,3,134.0,134.5
10086,120.0,F,4,127.125,127.75
10087,102.0,M,2,127.0625,118.4375
10088,106.0,F,1,111.0,111.25
10089,168.0,M,3,168.5,169.25
10090,168.0,M,3,175.625,179.375
10091,168.0,M,3,161.375,161.75
10092,84.0,M,5,85.3125,85.125
10093,60.0,M,3,65.625,67.1875
10094,94.0,F,1,104.0,99.4375
10095,204.0,M,3,207.5,207.25
10096,42.0,M,3,39.6875,41.75
10097,126.0,F,1,126.375,124.9375
10098,156.0,M,3,157.75,159.375
10099,144.0,F,3,134.375,131.75
10100,138.0,F,1,128.0,129.625
10101,168.0,M,5,163.25,160.5
10102,168.0,M,4,167.25,170.75
10103,82.0,F,1,87.3125,86.875
10104,168.0,M,3,168.25,168.625
10105,159.0,F,5,160.875,162.75
10106,162.0,M,3,156.625,155.5
10107,12.0,F,4,-4.13671875,9.3671875
10108,168.0,M,3,171.375,173.625
10109,150.0,M,2,158.0,156.875
10110,69.0,F,3,78.4375,79.8125
10111,204.0,M,2,199.875,206.625
10112,126.0,F,4,141.625,144.25
10113,168.0,M,2,164.0,168.25
10114,120.0,M,1,122.5625,123.875
10115,156.0,M,4,142.375,141.25
10116,42.0,M,5,46.75,45.75
10117,132.0,F,3,119.25,117.0625
10118,69.0,F,3,53.0,56.9375
10119,138.0,M,3,121.1875,125.1875
10120,138.0,M,1,128.75,129.375
10121,108.0,M,2,115.0625,115.5625
10122,120.0,F,2,121.0625,121.1875
10123,216.0,M,1,211.625,208.25
10124,84.0,F,5,83.875,83.9375
10125,156.0,F,4,149.875,151.5
10126,72.0,M,1,81.5625,79.5
10127,144.0,F,3,140.25,139.375
10128,132.0,F,2,139.125,138.25
10129,82.0,F,2,66.0,64.25
10130,162.0,M,2,161.875,164.5
10131,94.0,F,1,91.6875,90.0
10132,94.0,F,2,80.125,76.875
10133,180.0,M,1,173.25,174.0
10134,96.0,M,1,103.8125,106.5625
10135,132.0,M,1,127.4375,121.4375
10136,144.0,F,3,146.5,146.0
10137,150.0,M,5,149.875,148.625
10138,94.0,F,3,93.25,92.75
10139,100.0,F,2,107.5625,105.75
10140,120.0,F,2,127.5,127.3125
10141,138.0,M,2,141.5,138.125
10142,144.0,F,1,142.0,145.125
10143,106.0,F,1,96.6875,98.4375
10144,135.0,M,3,140.25,136.125
10145,144.0,F,4,129.125,128.875
10146,162.0,M,1,153.125,152.75
10147,156.0,M,4,155.25,154.5
10148,84.0,M,5,89.3125,90.125
10149,144.0,F,4,140.0,142.125
10150,144.0,F,1,135.25,134.25
10151,150.0,M,5,146.625,146.75
10152,138.0,M,3,145.625,145.25
10153,84.0,M,4,73.5,73.875
10154,126.0,F,4,117.875,117.1875
10155,132.0,M,4,120.6875,120.625
10156,138.0,M,3,134.0,129.0
10157,192.0,F,3,184.125,187.75
10158,204.0,M,3,207.75,208.625
10159,162.0,M,1,163.875,165.25
10160,120.0,F,2,114.0,111.6875
10161,132.0,M,5,134.625,136.375
10162,150.0,M,4,142.75,144.625
10163,186.0,M,4,185.625,183.375
10164,144.0,F,3,130.25,128.125
10165,108.0,M,3,115.0,110.375
10166,168.0,M,5,162.125,162.5
10167,144.0,M,1,143.0,144.875
10168,144.0,M,3,136.75,137.375
10169,144.0,F,4,143.25,144.625
10170,156.0,M,1,144.375,144.125
10171,138.0,F,5,128.875,129.75
10172,138.0,M,1,135.375,132.625
10173,144.0,F,3,139.875,141.625
10174,84.0,M,3,92.75,93.9375
10175,144.0,F,1,142.75,141.875
10176,106.0,F,5,95.125,95.4375
10177,84.0,M,3,89.875,91.75
10178,162.0,M,3,164.25,163.5
10179,102.0,M,3,100.5,104.5625
10180,168.0,M,5,162.875,164.0
10181,150.0,M,2,152.25,151.75
10182,106.0,F,5,106.625,105.8125
10183,162.0,F,4,161.625,160.625
10184,156.0,F,4,141.375,142.75
10185,108.0,M,2,108.625,106.8125
10186,10.0,M,3,14.5546875,11.9296875
10187,132.0,F,2,138.5,140.0
10188,120.0,F,5,112.4375,113.375
10189,150.0,M,3,158.25,156.625
10190,150.0,M,2,151.875,151.625
10191,162.0,M,4,162.125,162.5
10192,216.0,M,5,208.75,207.125
10193,168.0,M,5,168.875,166.625
10194,180.0,F,4,179.875,175.125
10195,88.0,F,5,96.8125,93.1875
10196,120.0,M,1,120.3125,120.4375
10197,168.0,M,3,167.0,167.0
10198,108.0,M,1,121.8125,122.625
10199,120.0,F,3,110.1875,108.4375
10200,132.0,M,5,134.875,133.875
10201,150.0,M,5,135.125,134.625
10202,60.0,M,1,63.96875,58.25
10203,132.0,M,2,134.125,129.625
10204,132.0,F,3,132.875,134.25
10205,180.0,F,2,177.625,182.125
10206,132.0,M,5,138.125,138.625
10207,66.0,M,1,74.625,69.75
10208,138.0,M,4,135.875,133.875
10209,120.0,M,2,129.25,126.375
10210,162.0,M,5,160.125,161.25
10211,132.0,F,4,144.125,145.125
10212,113.0,F,4,107.125,104.875
10213,132.0,F,3,134.0,133.0
10214,198.0,M,1,189.25,191.0
10215,168.0,M,3,166.125,165.875
10216,150.0,M,5,149.125,148.375
10217,132.0,F,5,126.4375,123.9375
10218,72.0,M,3,53.0625,54.9375
10219,106.0,F,5,89.8125,96.6875
10220,150.0,M,4,152.375,152.875
10221,144.0,F,4,143.125,145.5
10222,204.0,M,5,204.25,203.75
10223,94.0,F,1,94.8125,94.8125
10224,24.0,F,2,19.671875,10.3671875
10225,168.0,M,3,159.0,158.625
10226,204.0,M,3,207.25,206.75
10227,144.0,F,3,136.875,135.25
10228,168.0,M,5,174.125,173.0
10229,138.0,M,2,131.75,128.625
10230,156.0,M,5,155.0,154.375
10231,72.0,M,1,71.75,63.53125
10232,132.0,F,1,141.25,142.375
10233,204.0,M,3,197.75,202.625
10234,168.0,M,2,160.25,161.625
10235,84.0,M,4,93.9375,92.125
10236,150.0,M,2,148.0,149.125
10237,30.0,F,4,28.046875,34.9375
10238,198.0,F,5,179.75,178.875
10239,94.0,F,5,88.375,86.625
10240,144.0,F,4,144.25,145.375
10241,150.0,M,5,130.625,131.875
10242,180.0,M,5,169.625,168.0
10243,132.0,F,3,137.625,134.75
10244,162.0,M,2,159.625,160.625
10245,96.0,M,1,107.3125,95.5
10246,108.0,M,4,102.5625,99.25
10247,36.0,F,5,29.921875,32.6875
10248,120.0,M,2,118.1875,114.75
10249,120.0,F,3,101.0,99.75
10250,120.0,M,2,124.0,120.25
10251,162.0,M,3,168.25,170.25
10252,94.0,F,4,98.3125,94.75
10253,132.0,M,5,123.8125,126.0
10254,150.0,M,5,141.375,144.75
10255,156.0,F,3,145.5,147.0
10256,82.0,F,4,80.125,76.0625
10257,168.0,F,1,139.375,141.125
10258,82.0,F,1,84.125,82.9375
10259,156.0,F,1,154.375,151.75
10260,138.0,M,2,140.125,137.25
10261,72.0,M,4,68.3125,68.875
10262,204.0,M,1,207.75,208.375
10263,94.0,F,2,73.0625,76.0625
10264,180.0,M,5,176.5,174.625
10265,120.0,M,5,128.625,128.75
10266,120.0,F,5,115.6875,113.25
10267,120.0,F,3,130.75,130.25
10268,162.0,M,5,161.25,159.125
10269,168.0,M,3,158.0,158.875
10270,156.0,M,4,154.25,156.625
10271,54.0,M,3,48.125,50.0
10272,106.0,F,1,96.0625,93.375
10273,150.0,M,2,158.375,159.0
10274,132.0,M,3,118.6875,118.875
10275,156.0,F,5,144.5,144.25
10276,204.0,M,1,189.125,190.75
10277,84.0,M,3,93.75,96.5
10278,36.0,F,2,44.4375,37.5
10279,120.0,F,2,123.75,118.9375
10280,168.0,M,2,167.0,169.875
10281,132.0,F,2,135.875,139.25
10282,82.0,F,3,84.375,82.1875
10283,88.0,F,3,87.875,90.5625
10284,60.0,M,1,69.5,62.5625
10285,120.0,M,2,125.0625,116.1875
10286,84.0,M,4,96.3125,94.25
10287,106.0,F,1,100.125,96.4375
10288,108.0,M,1,104.0,106.6875
10289,168.0,M,4,165.125,168.0
10290,72.0,M,2,73.5625,71.5625
10291,60.0,F,3,68.75,69.9375
10292,120.0,F,3,124.875,125.6875
10293,162.0,M,1,166.125,165.0
10294,168.0,F,5,168.5,170.375
10295,150.0,M,4,149.625,149.25
10296,132.0,F,5,124.9375,125.25
10297,132.0,F,4,130.375,129.375
10298,156.0,M,2,157.5,157.25
10299,82.0,F,5,72.1875,73.5625
10300,126.0,F,4,116.0,115.875
10301,84.0,M,5,73.75,74.625
10302,150.0,M,1,166.75,172.0
10303,150.0,M,2,141.25,140.125
10304,168.0,M,2,166.75,169.875
10305,120.0,M,1,134.0,134.375
10306,120.0,M,4,151.75,154.0
10307,162.0,M,5,166.375,166.125
10308,82.0,F,4,91.0625,81.0
10309,120.0,F,5,122.25,121.375
10310,96.0,M,1,101.3125,105.625
10311,150.0,M,4,147.5,145.125
10312,84.0,M,4,97.25,98.9375
10313,156.0,M,5,160.125,160.375
10314,82.0,F,5,82.25,77.625
10315,82.0,F,4,85.5625,80.0625
10316,156.0,M,2,158.5,164.125
10317,114.0,M,3,114.125,111.5625
10318,106.0,F,4,111.6875,108.875
10319,144.0,F,1,144.25,143.875
10320,120.0,F,2,104.0,99.4375
10321,82.0,F,3,84.8125,87.5
10322,162.0,M,2,157.125,157.375
10323,144.0,M,2,132.125,128.125
10324,114.0,M,3,102.6875,102.5625
10325,144.0,F,5,139.75,137.0
10326,120.0,F,1,109.875,111.6875
10327,82.0,F,3,85.9375,87.0625
10328,204.0,M,4,200.0,199.125
10329,138.0,M,3,133.75,130.375
10330,156.0,M,1,155.25,155.875
10331,94.0,F,3,97.25,98.625
10332,54.0,M,5,64.25,62.0
10333,156.0,F,1,149.75,149.875
10334,156.0,F,2,159.625,161.625
10335,132.0,F,4,133.5,134.5
10336,168.0,M,5,167.375,164.625
10337,84.0,M,5,90.5,90.0
10338,144.0,F,3,129.875,131.75
10339,162.0,F,2,160.5,161.75
10340,132.0,M,4,129.75,131.875
10341,159.0,M,5,155.0,154.875
10342,126.0,F,3,116.6875,117.75
10343,72.0,M,5,87.25,85.9375
10344,156.0,M,1,155.0,156.25
10345,120.0,M,3,118.0625,117.625
10346,132.0,M,2,127.4375,121.0
10347,69.0,F,3,55.6875,59.1875
10348,150.0,M,3,158.125,157.25
10349,60.0,F,4,60.0625,60.3125
10350,82.0,F,2,75.1875,76.3125
10351,94.0,F,1,91.9375,90.375
10352,162.0,F,4,170.75,168.375
10353,82.0,F,3,81.6875,80.8125
10354,174.0,M,1,171.75,174.125
10355,106.0,F,4,111.375,109.8125
10356,126.0,M,2,133.125,129.875
10357,108.0,M,3,120.375,118.75
10358,180.0,F,2,181.125,185.75
10359,120.0,F,5,114.3125,115.1875
10360,132.0,F,1,126.125,131.75
10361,106.0,F,2,106.9375,103.9375
10362,60.0,F,5,56.375,57.25
10363,126.0,M,4,127.0,128.375
10364,84.0,M,4,78.1875,78.75
10365,94.0,F,5,93.625,95.0625
10366,162.0,M,3,163.625,165.0
10367,120.0,F,3,129.5,125.75
10368,60.0,M,5,60.5,65.1875
10369,162.0,M,1,168.5,168.5
10370,120.0,F,3,117.625,117.4375
10371,120.0,F,4,130.125,127.0
10372,32.0,M,5,42.875,44.125
10373,100.0,F,1,100.1875,107.6875
10374,168.0,M,2,168.0,170.125
10375,75.0,F,5,83.3125,80.9375
10376,102.0,M,3,110.5,112.0
10377,94.0,F,1,90.125,91.25
10378,96.0,M,5,91.3125,89.9375
10379,120.0,F,2,108.875,103.0625
10380,108.0,M,5,112.875,117.0625
10381,162.0,M,5,165.75,164.0
10382,168.0,F,3,163.625,165.125
10383,162.0,M,4,163.5,164.0
10384,94.0,F,1,97.1875,101.625
10385,168.0,F,1,170.0,172.125
10386,108.0,M,5,100.5,101.25
10387,84.0,M,3,81.1875,83.4375
10388,168.0,F,4,176.0,172.625
10389,204.0,M,5,194.0,203.25
10390,33.0,F,1,34.4375,28.734375
10391,168.0,M,4,163.25,163.75
10392,162.0,M,2,164.5,164.875
10393,156.0,F,4,144.0,145.5
10394,132.0,F,1,130.25,129.375
10395,168.0,M,2,163.125,164.375
10396,106.0,F,3,109.4375,107.5625
10397,156.0,M,3,160.875,160.25
10398,94.0,F,2,76.875,78.0
10399,60.0,F,2,64.5625,62.625
10400,106.0,F,1,98.375,94.75
10401,144.0,M,5,157.5,155.875
10402,132.0,F,3,122.1875,121.4375
10403,84.0,M,2,82.0625,84.25
10404,132.0,F,4,126.1875,123.875
10405,120.0,F,3,124.3125,117.5
10406,168.0,M,4,164.375,167.25
10407,132.0,M,5,134.0,136.75
10408,150.0,M,1,152.75,154.125
10409,168.0,F,3,164.75,166.75
10410,96.0,M,2,100.4375,101.8125
10411,60.0,M,4,55.5,56.5625
10412,108.0,M,3,97.75,99.8125
10413,150.0,M,2,147.625,147.5
10414,132.0,F,4,131.5,131.75
10415,106.0,F,4,111.9375,111.1875
10416,144.0,F,2,144.125,144.5
10417,94.0,F,3,96.3125,96.0625
10418,186.0,M,4,184.0,183.125
10419,144.0,F,5,132.375,132.125
10420,106.0,F,5,114.1875,114.875
10421,108.0,M,2,111.25,110.3125
10422,144.0,F,5,140.125,139.5
10423,120.0,F,2,117.0625,117.4375
10424,94.0,F,1,101.25,95.9375
10425,42.0,F,4,41.5,45.0625
10426,120.0,M,4,110.3125,110.375
10427,156.0,F,2,150.5,150.5
10428,162.0,F,1,159.875,162.375
10429,168.0,F,4,164.75,164.25
10430,120.0,F,5,112.5,114.375
10431,156.0,F,5,154.375,153.5
10432,144.0,M,1,140.125,144.25
10433,94.0,F,1,96.1875,95.9375
10434,126.0,M,1,131.375,132.5
10435,84.0,M,1,84.625,80.6875
10436,162.0,F,1,164.625,167.375
10437,168.0,M,5,168.625,168.25
10438,180.0,F,1,181.0,184.5
10439,126.0,M,2,136.25,134.25
10440,72.0,M,3,75.3125,76.25
10441,168.0,M,2,166.875,172.5
10442,82.0,F,4,84.3125,83.4375
10443,72.0,M,2,77.5,78.8125
10444,168.0,M,2,170.25,171.75
10445,162.0,M,3,160.5,160.0
10446,94.0,F,1,111.4375,111.0625
10447,150.0,M,1,137.625,133.75
10448,162.0,M,2,164.625,166.875
10449,150.0,F,3,144.625,144.875
10450,50.0,F,2,41.1875,43.625
10451,114.0,M,2,119.75,116.6875
10452,120.0,F,1,121.0625,119.375
10453,106.0,F,5,110.9375,111.75
10454,138.0,M,3,128.5,127.6875
10455,82.0,F,5,80.375,80.8125
10456,162.0,M,1,162.625,165.375
10457,100.0,F,1,95.8125,92.125
10458,138.0,M,4,144.5,144.875
10459,82.0,F,5,88.4375,82.25
10460,60.0,M,4,53.4375,51.0
10461,156.0,F,2,146.875,147.5
10462,96.0,M,1,92.625,92.5625
10463,132.0,M,2,127.3125,125.8125
10464,156.0,M,4,151.25,150.75
10465,168.0,M,4,163.75,166.625
10466,72.0,M,5,63.53125,61.8125
10467,138.0,F,1,106.1875,103.4375
10468,42.0,M,2,38.8125,31.921875
10469,126.0,F,1,122.875,124.5625
10470,162.0,M,2,156.375,157.625
10471,108.0,M,1,107.3125,105.375
10472,120.0,F,3,118.5,115.875
10473,132.0,F,3,129.375,129.125
10474,206.0,M,5,174.5,174.625
10475,132.0,F,3,130.5,127.6875
10476,69.0,F,4,67.375,63.875
10477,69.0,F,4,72.0625,73.4375
10478,94.0,F,3,97.1875,97.375
10479,150.0,M,1,146.25,144.125
10480,150.0,M,4,138.125,141.875
10481,132.0,M,4,141.125,139.375
10482,120.0,F,3,118.125,117.5625
10483,162.0,M,4,154.5,153.25
10484,144.0,F,3,146.75,146.0
10485,48.0,M,4,48.5,51.8125
10486,138.0,F,1,129.75,131.375
10487,132.0,F,3,133.875,131.75
10488,106.0,F,3,115.625,117.125
10489,94.0,F,1,100.625,97.9375
10490,72.0,M,2,67.4375,71.1875
10491,82.0,F,4,87.375,82.6875
10492,106.0,F,4,94.625,94.0625
10493,108.0,M,2,99.25,99.0
10494,156.0,M,1,156.875,157.375
10495,114.0,M,5,111.1875,108.4375
10496,88.0,F,4,97.4375,98.0625
10497,106.0,F,2,97.0,93.0625
10498,54.0,M,4,54.3125,58.75
10499,156.0,M,4,144.5,147.0
10500,150.0,M,2,140.5,139.25
10501,69.0,F,2,75.9375,74.875
10502,82.0,F,2,86.625,84.875
10503,132.0,F,3,133.125,132.75
10504,132.0,M,1,133.125,130.5
10505,120.0,M,1,119.3125,117.1875
10506,120.0,M,5,108.375,107.625
10507,50.0,F,3,58.3125,63.375
10508,162.0,M,4,154.875,155.875
10509,126.0,F,4,121.0,118.9375
10510,180.0,F,2,178.25,183.375
10511,126.0,F,5,114.875,115.0
10512,72.0,F,5,58.6875,57.3125
10513,192.0,F,2,185.75,192.75
10514,198.0,M,4,198.875,193.5
10515,216.0,F,1,197.875,201.125
10516,159.0,F,3,157.875,157.75
10517,132.0,F,4,126.625,126.4375
10518,90.0,M,5,88.1875,89.75
10519,162.0,M,4,158.125,158.0
10520,64.0,F,1,63.5625,61.125
10521,60.0,F,3,69.8125,71.125
10522,94.0,F,1,98.6875,98.9375
10523,120.0,F,3,112.5625,114.9375
10524,156.0,F,2,142.0,143.625
10525,100.0,F,1,101.6875,104.75
10526,115.0,F,2,124.375,122.0625
10527,144.0,F,3,145.0,146.0
10528,165.0,F,4,166.75,165.0
10529,156.0,M,2,149.75,153.0
10530,168.0,M,2,169.5,175.0
10531,106.0,F,1,107.3125,105.25
10532,186.0,M,2,182.375,186.0
10533,106.0,F,5,118.25,118.5625
10534,60.0,M,4,54.0625,54.5625
10535,174.0,M,4,176.375,176.125
10536,186.0,M,1,184.0,185.75
10537,150.0,M,3,153.375,152.0
10538,132.0,F,4,119.25,117.9375
10539,156.0,M,1,144.625,143.125
10540,90.0,M,4,91.9375,88.6875
10541,94.0,F,4,89.5,88.625
10542,45.0,M,5,58.1875,55.8125
10543,36.0,F,5,34.25,36.375
10544,150.0,M,3,150.75,152.125
10545,84.0,M,5,93.0,91.6875
10546,106.0,F,3,115.9375,115.1875
10547,120.0,M,3,130.875,129.25
10548,132.0,F,3,124.4375,123.6875
10549,138.0,F,5,136.0,135.875
10550,156.0,M,5,156.0,156.75
10551,144.0,F,2,145.125,144.75
10552,228.0,M,1,211.625,218.625
10553,180.0,F,4,182.0,178.5
10554,106.0,F,5,93.9375,93.5625
10555,144.0,M,3,141.375,134.625
10556,138.0,M,3,138.25,138.25
10557,192.0,F,2,187.375,192.75
10558,60.0,M,1,70.125,69.375
10559,156.0,F,4,148.625,148.875
10560,120.0,M,3,130.375,134.125
10561,156.0,F,2,145.75,150.375
10562,150.0,M,3,142.75,144.5
10563,82.0,F,4,80.5625,81.5625
10564,156.0,F,4,164.125,162.5
10565,106.0,F,1,116.0,114.5
10566,156.0,F,4,145.125,146.5
10567,100.0,F,5,100.625,98.8125
10568,156.0,M,5,132.625,134.5
10569,120.0,F,2,117.375,108.4375
10570,94.0,F,5,94.625,97.6875
10571,156.0,M,2,152.625,152.25
10572,82.0,F,5,85.4375,83.6875
10573,60.0,F,1,51.25,48.75
10574,126.0,F,2,126.875,123.1875
10575,162.0,F,4,163.25,162.5
10576,120.0,F,3,117.6875,114.1875
10577,94.0,F,3,88.1875,90.3125
10578,50.0,F,3,41.6875,45.0
10579,150.0,M,1,142.125,144.0
10580,156.0,M,4,158.75,159.0
10581,156.0,F,4,145.625,149.875
10582,156.0,M,3,154.125,153.0
10583,162.0,M,3,162.875,162.375
10584,180.0,M,5,180.875,178.125
10585,138.0,M,2,147.75,145.75
10586,168.0,F,4,163.75,163.5
10587,106.0,F,3,95.5625,91.25
10588,54.0,M,2,52.4375,50.75
10589,138.0,M,5,135.75,136.125
10590,168.0,F,5,174.625,175.75
10591,50.0,F,1,51.9375,49.75
10592,106.0,F,3,109.6875,109.0
10593,144.0,F,1,142.625,142.625
10594,204.0,M,5,202.0,201.125
10595,150.0,M,3,153.375,150.25
10596,120.0,M,3,120.375,119.5
10597,69.0,F,3,71.5625,71.875
10598,156.0,M,2,143.625,139.875
10599,60.0,F,3,52.875,58.3125
10600,120.0,F,4,120.875,116.5
10601,156.0,F,3,147.375,148.375
10602,138.0,M,1,129.5,127.0625
10603,69.0,F,2,84.3125,79.0
10604,156.0,M,4,156.75,156.25
10605,82.0,F,3,82.0,85.4375
10606,84.0,M,2,73.5625,76.8125
10607,180.0,F,3,172.625,176.875
10608,84.0,M,4,105.5,99.625
10609,120.0,F,2,111.875,110.5
10610,162.0,M,4,162.875,164.125
10611,138.0,M,1,139.5,140.125
10612,84.0,M,4,80.0,79.3125
10613,94.0,F,2,94.0,91.9375
10614,120.0,M,1,125.875,124.1875
10615,72.0,M,3,74.1875,77.5
10616,168.0,M,3,162.5,161.0
10617,168.0,F,4,169.625,168.125
10618,69.0,F,3,74.6875,78.5
10619,150.0,M,1,154.0,154.5
10620,150.0,M,4,133.375,130.625
10621,78.0,M,4,88.75,86.1875
10622,82.0,F,4,89.375,84.4375
10623,94.0,F,1,95.5,93.875
10624,69.0,F,5,75.8125,72.4375
10625,168.0,M,5,156.5,156.5
10626,156.0,M,3,151.25,150.75
10627,144.0,F,4,139.625,141.625
10628,162.0,M,4,163.625,166.875
10629,120.0,F,2,121.5625,122.1875
10630,168.0,M,4,165.625,168.75
10631,162.0,M,3,164.0,164.375
10632,165.0,M,5,153.25,154.25
10633,150.0,M,3,151.875,152.75
10634,120.0,F,3,119.3125,116.75
10635,132.0,M,5,127.75,128.375
10636,150.0,M,1,155.5,155.5
10637,132.0,M,3,136.5,133.25
10638,180.0,M,3,174.625,177.0
10639,100.0,F,5,94.375,94.1875
10640,48.0,M,3,64.625,66.5625
10641,168.0,M,2,167.125,168.625
10642,94.0,F,1,90.6875,91.375
10643,84.0,M,4,94.3125,87.25
10644,138.0,F,3,139.0,138.875
10645,36.0,M,2,39.375,38.8125
10646,72.0,M,2,73.9375,77.375
10647,106.0,F,3,111.25,109.375
10648,156.0,M,2,157.75,161.25
10649,36.0,M,3,43.125,43.4375
10650,120.0,F,3,116.875,117.5
10651,84.0,M,5,99.3125,93.5
10652,162.0,M,1,164.125,165.625
10653,156.0,M,2,155.375,160.375
10654,72.0,M,5,66.3125,67.25
10655,120.0,M,1,126.625,123.8125
10656,168.0,M,2,175.0,174.0
10657,106.0,F,5,94.875,96.5
10658,132.0,F,5,132.125,128.875
10659,138.0,M,2,144.75,141.5
10660,96.0,M,4,106.125,103.625
10661,156.0,M,2,159.5,159.75
10662,132.0,F,3,124.0625,126.875
10663,88.0,F,2,92.25,94.9375
10664,144.0,F,1,133.25,134.75
10665,204.0,M,5,201.0,200.875
10666,132.0,F,5,143.25,143.5
10667,180.0,M,1,175.75,176.75
10668,174.0,M,1,175.0,174.875
10669,94.0,F,3,81.9375,82.375
10670,180.0,M,3,178.25,179.25
10671,204.0,M,5,205.25,203.875
10672,72.0,M,5,66.1875,64.9375
10673,144.0,F,2,141.75,143.875
10674,156.0,F,1,146.75,145.375
10675,96.0,M,1,95.25,95.6875
10676,198.0,M,2,194.25,201.375
10677,30.0,F,3,22.921875,25.421875
10678,144.0,F,5,139.875,141.0
10679,60.0,M,2,63.25,56.125
10680,156.0,M,3,153.875,153.25
10681,168.0,M,3,166.125,166.625
10682,162.0,M,3,164.0,164.625
10683,106.0,F,4,106.625,105.3125
10684,138.0,M,5,137.5,138.25
10685,69.0,F,3,79.5,82.8125
10686,156.0,F,2,140.25,141.0
10687,168.0,M,4,168.0,170.875
10688,120.0,F,3,127.875,130.0
10689,156.0,M,4,158.75,159.375
10690,82.0,F,5,84.0625,84.5625
10691,120.0,F,1,113.3125,116.25
10692,156.0,M,5,163.25,161.25
10693,69.0,F,1,74.6875,75.125
10694,96.0,M,3,89.125,91.9375
10695,82.0,F,2,82.9375,80.5
10696,120.0,F,3,104.75,106.0
10697,138.0,M,4,140.625,139.625
10698,94.0,F,3,100.75,97.625
10699,120.0,F,1,127.3125,126.1875
10700,120.0,M,3,115.25,116.5625
10701,144.0,F,1,140.625,144.0
10702,60.0,F,5,53.1875,51.9375
10703,150.0,M,1,152.375,150.75
10704,114.0,M,4,124.5,121.3125
10705,108.0,M,4,110.25,101.0625
10706,156.0,M,5,151.25,151.625
10707,153.0,M,4,154.625,155.125
10708,162.0,M,5,160.5,160.75
10709,138.0,M,2,103.0625,102.1875
10710,144.0,F,4,140.125,138.875
10711,138.0,M,5,125.1875,124.5
10712,42.0,F,3,37.8125,45.75
10713,168.0,M,3,163.25,162.0
10714,100.0,F,5,106.9375,105.75
10715,82.0,F,5,72.5,71.875
10716,156.0,F,1,152.875,150.0
10717,138.0,M,5,139.125,142.5
10718,162.0,F,1,165.75,167.125
10719,216.0,M,4,218.375,221.125
10720,150.0,M,4,124.25,123.5625
10721,168.0,M,5,160.125,159.25
10722,132.0,F,4,125.1875,127.5
10723,96.0,M,5,90.0,91.3125
10724,82.0,F,3,88.25,92.375
10725,150.0,M,5,142.5,140.375
10726,84.0,M,3,69.3125,71.5
10727,115.0,F,3,105.375,106.5625
10728,168.0,M,5,168.875,168.0
10729,84.0,M,4,79.0625,79.0
10730,156.0,F,5,147.625,148.625
10731,132.0,M,3,122.5,123.375
10732,168.0,M,2,167.25,169.5
10733,120.0,M,5,131.625,131.0
10734,156.0,F,2,152.125,154.0
10735,60.0,F,1,57.3125,55.0625
10736,138.0,M,1,147.0,147.625
10737,168.0,M,2,167.75,168.75
10738,162.0,M,1,165.0,165.25
10739,186.0,M,3,188.25,189.5
10740,162.0,M,5,163.875,162.375
10741,106.0,M,2,123.4375,120.3125
10742,144.0,F,2,146.5,146.375
10743,162.0,M,4,160.625,162.25
10744,144.0,F,1,135.25,132.25
10745,162.0,F,2,161.25,162.5
10746,102.0,M,5,103.875,106.4375
10747,120.0,M,3,104.75,105.875
10748,156.0,M,5,156.25,154.0
10749,156.0,M,3,171.625,174.25
10750,120.0,F,2,121.125,121.625
10751,162.0,M,1,160.5,161.625
10752,55.0,F,1,64.9375,61.125
10753,180.0,M,1,183.375,184.625
10754,132.0,F,2,131.375,131.125
10755,94.0,F,4,85.0625,84.9375
10756,162.0,M,2,162.0,161.875
10757,150.0,M,5,149.25,146.75
10758,15.0,F,5,12.4921875,17.609375
10759,144.0,F,3,144.125,145.125
10760,162.0,F,4,165.25,162.0
10761,150.0,M,5,149.625,148.25
10762,150.0,M,5,148.25,148.375
10763,162.0,M,3,157.5,155.625
10764,150.0,M,1,150.125,150.0
10765,168.0,M,2,163.25,164.75
10766,94.0,F,4,98.4375,99.25
10767,132.0,F,2,129.0,131.75
10768,132.0,M,4,128.375,125.75
10769,120.0,F,5,124.6875,122.75
10770,144.0,F,3,130.5,131.125
10771,114.0,M,5,107.75,109.5625
10772,132.0,F,1,122.3125,121.6875
10773,150.0,M,5,152.5,150.25
10774,94.0,F,1,91.125,88.8125
10775,132.0,F,1,147.375,145.5
10776,204.0,M,1,193.875,198.375
10777,138.0,M,4,136.0,134.0
10778,48.0,F,3,41.0625,43.875
10779,69.0,F,4,75.25,79.1875
10780,156.0,M,4,159.0,160.0
10781,132.0,M,5,122.3125,124.375
10782,204.0,F,4,198.375,202.375
10783,36.0,F,2,41.5,40.8125
10784,108.0,M,5,102.125,101.9375
10785,106.0,F,5,95.4375,96.25
10786,162.0,F,3,159.5,160.25
10787,156.0,M,2,154.375,157.0
10788,150.0,M,1,153.0,154.875
10789,132.0,M,3,139.0,138.5
10790,138.0,M,5,142.25,141.75
10791,156.0,M,2,155.375,156.125
10792,168.0,M,5,167.625,168.125
10793,69.0,F,4,67.9375,64.375
10794,156.0,F,3,149.25,149.5
10795,156.0,F,3,149.875,151.0
10796,106.0,F,4,115.8125,113.25
10797,96.0,M,1,95.1875,91.6875
10798,84.0,M,3,79.5625,83.4375
10799,126.0,F,3,131.25,131.625
10800,162.0,M,4,161.75,163.5
10801,186.0,M,5,186.0,187.125
10802,192.0,M,5,190.5,189.125
10803,174.0,M,1,169.75,169.75
10804,168.0,M,2,168.0,171.5
10805,153.0,M,3,160.25,160.25
10806,156.0,M,1,155.25,157.25
10807,84.0,M,1,84.5625,80.375
10808,162.0,F,3,155.375,156.0
10809,159.0,F,2,153.25,156.25
10810,120.0,F,1,117.3125,115.8125
10811,132.0,F,3,138.875,139.75
10812,138.0,M,5,120.5625,122.3125
10813,94.0,F,3,105.3125,103.625
10814,48.0,M,2,50.0625,47.4375
10815,162.0,M,4,165.375,163.875
10816,120.0,M,5,116.6875,116.4375
10817,84.0,M,5,85.3125,82.375
10818,106.0,F,3,110.125,104.875
10819,120.0,F,1,115.5625,115.0625
10820,82.0,F,1,74.375,80.4375
10821,88.0,F,3,73.25,75.25
10822,192.0,M,2,186.5,190.625
10823,180.0,M,1,174.125,174.0
10824,204.0,F,4,197.125,196.875
10825,162.0,F,4,157.625,159.5
10826,120.0,F,1,120.5,120.875
10827,106.0,F,5,94.75,93.6875
10828,132.0,M,1,121.375,124.0
10829,106.0,F,1,112.625,115.4375
10830,102.0,M,3,103.875,107.4375
10831,138.0,M,2,141.0,140.875
10832,132.0,F,4,141.75,140.25
10833,78.0,M,1,84.1875,76.1875
10834,120.0,F,5,124.3125,125.4375
10835,156.0,M,5,153.0,151.375
10836,106.0,F,3,95.4375,97.5
10837,156.0,M,4,157.75,159.375
10838,138.0,M,1,122.9375,119.875
10839,50.0,F,2,55.125,58.125
10840,132.0,F,2,127.875,124.625
10841,36.0,F,2,42.1875,46.1875
10842,144.0,F,1,147.125,147.375
10843,102.0,M,1,115.3125,113.0
10844,48.0,M,2,32.5,37.3125
10845,120.0,M,2,123.1875,114.9375
10846,192.0,F,4,185.0,182.25
10847,138.0,M,4,135.25,135.5
10848,168.0,M,2,162.25,164.75
10849,120.0,M,3,130.25,128.5
10850,150.0,M,2,150.125,148.25
10851,165.0,M,1,161.125,164.125
10852,135.0,M,4,121.625,117.4375
10853,168.0,M,5,165.0,164.375
10854,216.0,M,4,224.25,225.75
10855,192.0,M,1,187.0,191.375
10856,82.0,F,2,80.0625,78.75
10857,150.0,M,3,147.0,143.875
10858,216.0,M,2,206.875,213.875
10859,156.0,M,2,163.25,165.125
10860,180.0,F,1,165.375,171.25
10861,94.0,F,1,84.6875,83.5
10862,138.0,M,4,143.5,144.625
10863,82.0,F,1,81.5,82.75
10864,150.0,M,3,147.375,141.375
10865,162.0,M,5,164.75,163.625
10866,162.0,F,5,164.375,163.625
10867,150.0,M,4,155.75,157.5
10868,162.0,M,4,157.0,157.5
10869,168.0,M,2,167.0,169.125
10870,114.0,M,3,118.0,119.4375
10871,210.0,M,2,204.0,214.375
10872,132.0,F,5,145.625,143.875
10873,168.0,F,2,172.875,178.375
10874,106.0,F,4,109.25,108.3125
10875,144.0,F,1,150.5,152.375
10876,82.0,F,1,90.0625,84.4375
10877,180.0,F,4,179.625,175.625
10878,120.0,M,3,122.0625,121.875
10879,120.0,M,5,120.4375,122.625
10880,120.0,M,5,125.6875,126.25
10881,96.0,M,5,103.8125,100.75
10882,96.0,M,4,113.625,105.125
10883,150.0,M,4,153.875,152.875
10884,108.0,M,4,111.875,112.3125
10885,192.0,F,3,193.75,193.5
10886,120.0,F,3,134.375,136.0
10887,120.0,M,4,123.6875,118.6875
10888,120.0,M,1,154.375,155.0
10889,106.0,F,4,115.125,118.25
10890,144.0,F,4,133.625,132.5
10891,96.0,M,5,89.0625,89.875
10892,168.0,M,1,154.125,153.125
10893,120.0,F,1,111.5,110.25
10894,174.0,M,3,178.0,179.75
10895,96.0,M,2,104.125,99.25
10896,156.0,F,1,150.375,150.125
10897,84.0,M,3,80.3125,82.9375
10898,138.0,M,5,143.625,143.875
10899,106.0,F,5,117.5,117.6875
10900,108.0,M,1,102.25,105.25
10901,156.0,F,2,158.75,159.75
10902,106.0,F,1,93.6875,95.125
10903,94.0,F,4,99.1875,99.0
10904,150.0,M,4,139.875,136.875
10905,168.0,M,5,170.125,168.75
10906,156.0,M,2,158.625,161.5
10907,82.0,F,5,81.125,79.6875
10908,162.0,F,1,135.5,134.5
10909,168.0,M,5,170.375,171.0
10910,69.0,F,1,64.25,61.4375
10911,106.0,F,5,101.375,101.75
10912,82.0,F,2,98.25,93.25
10913,144.0,F,2,135.75,137.875
10914,120.0,F,5,126.4375,125.625
10915,156.0,M,1,156.0,155.375
10916,153.0,M,4,144.375,143.5
10917,106.0,F,4,111.4375,110.375
10918,120.0,F,2,130.125,131.625
10919,96.0,M,4,99.875,95.25
10920,84.0,M,4,91.625,88.625
10921,138.0,F,5,145.5,144.5
10922,153.0,M,1,158.875,161.0
10923,94.0,F,1,88.75,88.6875
10924,138.0,M,5,137.625,140.375
10925,94.0,F,5,99.375,102.0
10926,168.0,M,2,163.75,166.0
10927,162.0,M,5,160.0,162.75
10928,132.0,M,4,128.625,129.75
10929,150.0,M,1,148.75,145.375
10930,156.0,M,2,153.125,155.0
10931,156.0,M,2,158.5,159.25
10932,156.0,M,5,155.5,155.875
10933,106.0,F,2,110.25,107.0
10934,162.0,M,1,168.0,168.625
10935,120.0,F,1,122.9375,118.8125
10936,108.0,M,4,112.1875,113.25
10937,72.0,M,2,72.5,74.1875
10938,108.0,M,4,110.375,102.5625
10939,132.0,F,5,125.375,125.0
10940,168.0,M,5,165.75,166.875
10941,120.0,F,2,109.3125,109.1875
10942,108.0,M,3,121.25,119.9375
10943,156.0,M,5,157.0,162.5
10944,120.0,F,4,114.125,114.0
10945,162.0,F,5,162.5,162.25
10946,162.0,M,1,167.25,165.875
10947,120.0,F,3,96.5,95.625
10948,150.0,M,3,147.375,143.875
10949,180.0,M,4,178.5,177.75
10950,150.0,M,3,155.5,155.125
10951,156.0,F,2,150.875,154.375
10952,82.0,F,5,88.0625,89.375
10953,108.0,M,5,104.6875,99.5625
10954,216.0,M,5,207.625,206.75
10955,156.0,F,3,149.375,150.625
10956,132.0,F,3,127.8125,127.5625
10957,192.0,M,2,185.5,190.375
10958,114.0,M,5,115.0625,117.0625
10959,94.0,F,2,96.1875,93.9375
10960,120.0,M,4,111.625,107.125
10961,94.0,F,4,95.8125,92.6875
10962,120.0,F,2,135.125,139.625
10963,144.0,M,4,132.25,130.875
10964,132.0,M,3,125.0,120.125
10965,82.0,F,2,73.25,75.5
10966,126.0,F,2,120.625,120.625
10967,168.0,M,4,162.25,162.375
10968,138.0,M,1,138.875,140.75
10969,132.0,F,1,136.75,135.875
10970,96.0,M,4,90.0625,85.4375
10971,150.0,M,3,149.375,150.375
10972,36.0,M,2,44.1875,40.9375
10973,168.0,F,2,166.75,172.0
10974,36.0,F,1,39.6875,35.4375
10975,60.0,F,1,62.8125,60.9375
10976,106.0,F,1,99.125,96.875
10977,120.0,F,4,120.75,118.0
10978,180.0,M,2,179.25,182.25
10979,168.0,M,3,172.0,175.75
10980,168.0,M,5,166.125,164.875
10981,132.0,F,5,132.5,131.5
10982,228.0,M,5,217.0,221.5
10983,192.0,M,4,200.25,195.0
10984,106.0,F,4,105.1875,100.1875
10985,120.0,M,2,130.125,118.25
10986,126.0,F,3,132.75,132.875
10987,84.0,M,5,101.375,103.1875
10988,60.0,M,3,49.25,50.1875
10989,132.0,F,2,120.5625,117.9375
10990,186.0,M,1,185.125,188.25
10991,144.0,F,2,131.25,131.0
10992,138.0,M,5,135.25,136.5
10993,82.0,F,5,83.1875,81.9375
10994,150.0,M,5,140.75,143.125
10995,150.0,M,3,155.625,156.25
10996,138.0,M,4,129.375,125.75
10997,168.0,M,2,166.75,169.25
10998,150.0,F,2,132.5,131.375
10999,165.0,M,1,165.125,166.5
11000,126.0,F,1,125.5625,125.875
11001,138.0,M,2,141.875,140.875
11002,108.0,M,1,112.625,115.125
11003,144.0,M,2,153.125,152.625
11004,120.0,F,4,116.0625,114.1875
11005,156.0,M,4,154.875,155.5
11006,120.0,M,4,124.0625,122.0625
11007,94.0,F,4,99.0625,96.875
11008,180.0,F,3,181.25,182.5
11009,138.0,M,5,129.5,130.0
11010,94.0,F,4,93.75,89.375
11011,210.0,M,3,209.875,213.0
11012,132.0,M,1,139.625,137.125
11013,135.0,M,5,119.8125,114.9375
11014,168.0,M,3,166.375,167.125
11015,94.0,F,3,103.375,98.75
11016,168.0,M,4,166.0,167.375
11017,150.0,M,2,156.0,159.25
11018,132.0,M,2,125.875,124.0625
11019,144.0,F,3,147.875,148.375
11020,162.0,M,5,160.875,160.5
11021,156.0,F,3,148.25,148.5
11022,150.0,M,3,148.25,146.75
11023,33.0,F,5,39.5,40.875
11024,120.0,M,1,118.875,115.125
11025,120.0,F,2,127.3125,125.375
11026,96.0,M,3,111.875,111.8125
11027,84.0,M,1,79.8125,75.9375
11028,32.0,M,5,33.625,39.8125
11029,54.0,M,3,40.3125,40.8125
11030,180.0,F,5,183.875,183.625
11031,96.0,M,3,101.3125,103.9375
11032,156.0,F,4,153.75,154.25
11033,150.0,F,3,122.875,123.125
11034,120.0,F,3,126.3125,126.25
11035,144.0,F,5,142.25,139.5
11036,54.0,M,1,51.1875,43.625
11037,94.0,F,1,94.9375,94.9375
11038,106.0,F,1,111.375,106.6875
11039,168.0,M,1,179.375,179.875
11040,120.0,F,5,116.875,115.5
11041,180.0,M,4,178.375,179.5
11042,180.0,M,3,173.625,172.875
11043,192.0,F,4,189.875,188.125
11044,100.0,F,2,98.9375,95.8125
11045,132.0,M,1,131.75,131.125
11046,168.0,M,3,173.875,174.5
11047,132.0,F,3,134.75,135.25
11048,168.0,M,5,159.5,160.25
11049,162.0,F,1,158.75,156.75
11050,50.0,F,1,53.8125,47.4375
11051,132.0,M,4,129.875,128.625
11052,94.0,F,4,92.75,94.25
11053,82.0,F,4,76.0625,76.875
11054,138.0,M,1,142.5,144.0
11055,54.0,M,1,48.75,45.0625
11056,96.0,M,4,110.5,109.1875
11057,186.0,M,3,186.5,189.625
11058,96.0,M,1,109.5,110.0625
11059,144.0,F,1,138.125,136.75
11060,106.0,F,2,101.4375,97.8125
11061,120.0,F,1,124.9375,126.875
11062,156.0,F,4,149.5,151.125
11063,165.0,F,2,144.625,146.625
11064,144.0,F,5,153.0,150.25
11065,162.0,M,1,158.25,159.125
11066,180.0,F,1,171.125,173.625
11067,96.0,M,2,107.625,106.3125
11068,132.0,F,2,133.625,134.375
11069,168.0,M,1,166.75,169.625
11070,144.0,M,4,143.875,144.75
11071,78.0,M,3,61.75,64.25
11072,156.0,M,2,160.875,163.125
11073,150.0,F,4,115.3125,116.75
11074,96.0,M,5,96.3125,99.25
11075,42.0,F,3,35.3125,39.5
11076,147.0,M,4,145.25,142.75
11077,108.0,M,4,98.4375,97.1875
11078,120.0,F,1,142.0,139.75
11079,15.0,M,4,9.8046875,16.671875
11080,150.0,M,2,145.125,146.25
11081,132.0,M,5,110.125,109.125
11082,132.0,M,2,136.125,131.625
11083,186.0,M,4,181.875,180.0
11084,144.0,F,1,124.4375,127.5
11085,162.0,F,5,167.25,166.125
11086,94.0,F,5,98.875,100.75
11087,120.0,M,1,130.5,131.625
11088,50.0,F,4,45.0625,45.3125
11089,162.0,M,5,164.25,162.5
11090,162.0,M,4,162.5,165.0
11091,108.0,M,1,117.3125,115.4375
11092,168.0,M,1,168.75,170.625
11093,132.0,F,2,132.875,131.875
11094,106.0,F,5,104.0,103.5625
11095,204.0,M,2,213.625,209.0
11096,132.0,F,3,138.25,141.0
11097,168.0,M,3,163.125,163.125
11098,156.0,M,3,162.75,162.375
11099,64.0,F,1,68.5625,76.9375
11100,120.0,F,4,116.875,113.625
11101,156.0,M,2,149.75,150.0
11102,120.0,F,3,91.0,90.25
11103,144.0,F,5,147.375,145.75
11104,168.0,M,2,162.875,163.875
11105,180.0,M,5,183.0,182.5
11106,36.0,F,3,32.1875,32.25
11107,126.0,F,2,104.0625,100.125
11108,150.0,M,1,148.25,148.5
11109,144.0,F,2,142.625,142.875
11110,82.0,F,1,80.25,82.25
11111,168.0,M,2,166.625,168.75
11112,65.0,F,2,71.3125,73.4375
11113,156.0,F,5,144.625,141.625
11114,180.0,F,2,180.0,185.375
11115,72.0,M,1,59.6875,56.6875
11116,150.0,M,2,150.25,152.875
11117,180.0,M,1,183.125,185.75
11118,126.0,M,5,123.4375,123.5
11119,72.0,M,3,66.6875,68.125
11120,108.0,M,3,106.5625,105.75
11121,132.0,F,4,139.5,140.25
11122,60.0,F,1,57.25,51.5
11123,162.0,M,2,158.125,159.375
11124,106.0,F,3,100.6875,98.8125
11125,94.0,F,3,96.75,94.5
11126,156.0,F,2,153.5,154.875
11127,60.0,M,3,57.4375,62.125
11128,168.0,M,5,166.125,166.0
11129,144.0,F,2,132.5,131.75
11130,144.0,F,3,146.625,146.0
11131,72.0,M,5,72.9375,71.375
11132,162.0,M,2,160.625,163.0
11133,204.0,M,4,206.375,206.125
11134,106.0,F,4,114.875,112.625
11135,84.0,M,1,94.4375,96.1875
11136,138.0,F,1,138.75,140.625
11137,82.0,F,1,90.6875,90.125
11138,150.0,M,1,161.25,161.875
11139,82.0,F,2,94.375,90.375
11140,94.0,F,3,96.5625,97.0625
11141,132.0,F,5,140.25,139.5
11142,55.0,F,1,52.75,47.5625
11143,120.0,F,2,140.25,138.375
11144,168.0,M,2,168.125,172.0
11145,108.0,M,2,111.625,109.5625
11146,63.0,M,4,72.5,70.5
11147,120.0,F,5,122.625,124.1875
11148,150.0,M,2,152.5,156.125
11149,168.0,M,2,165.0,166.75
11150,94.0,F,3,94.875,94.625
11151,156.0,M,2,157.5,158.375
11152,189.0,M,1,181.375,187.625
11153,162.0,M,5,156.125,155.5
11154,150.0,M,5,145.75,147.5
11155,94.0,F,4,93.3125,92.8125
11156,48.0,M,4,40.9375,47.1875
11157,132.0,M,1,132.0,130.0
11158,82.0,F,5,89.625,89.5
11159,94.0,F,2,89.1875,87.125
11160,132.0,M,5,135.375,135.0
11161,132.0,M,1,130.875,126.6875
11162,30.0,F,3,27.921875,27.921875
11163,84.0,M,3,88.875,89.6875
11164,106.0,F,3,116.1875,114.5
11165,84.0,M,4,97.25,94.25
11166,156.0,M,3,152.5,150.625
11167,150.0,M,4,130.25,134.375
11168,108.0,M,2,106.6875,100.875
11169,120.0,M,4,124.0625,124.1875
11170,156.0,M,5,159.375,159.25
11171,156.0,F,4,150.625,153.375
11172,204.0,M,5,204.625,204.125
11173,156.0,M,2,163.125,162.5
11174,138.0,M,1,134.125,134.0
11175,50.0,F,1,56.5625,53.875
11176,120.0,M,2,111.1875,116.6875
11177,150.0,M,2,144.25,145.125
11178,150.0,M,4,139.0,139.75
11179,126.0,F,5,116.0,111.75
11180,156.0,F,3,162.25,166.75
11181,132.0,F,3,133.125,132.375
11182,156.0,F,1,142.875,142.25
11183,94.0,F,4,96.0625,94.1875
11184,120.0,F,4,116.3125,112.125
11185,48.0,M,3,59.375,65.3125
11186,138.0,M,5,130.0,129.875
11187,216.0,M,2,199.875,208.5
11188,94.0,F,3,89.375,92.0625
11189,96.0,M,5,91.8125,89.75
11190,138.0,F,4,145.5,149.5
11191,120.0,F,5,122.75,123.75
11192,162.0,M,5,161.625,161.75
11193,150.0,M,5,137.875,136.0
11194,168.0,M,2,161.75,163.25
11195,168.0,M,4,161.375,165.25
11196,156.0,F,2,151.125,154.625
11197,114.0,M,2,113.125,112.9375
11198,120.0,F,1,131.875,133.625
11199,168.0,M,1,168.375,170.25
11200,132.0,F,2,141.75,141.875
11201,69.0,F,1,78.5625,80.125
11202,156.0,F,1,146.75,146.25
11203,156.0,M,3,152.5,150.0
11204,156.0,M,5,139.25,139.875
11205,82.0,F,5,86.5625,85.125
11206,168.0,M,5,168.375,167.5
11207,82.0,F,5,78.5,81.25
11208,50.0,F,2,41.6875,44.1875
11209,144.0,F,4,141.125,143.375
11210,162.0,M,5,161.5,161.25
11211,168.0,M,5,169.625,168.375
11212,162.0,F,2,160.5,161.0
11213,156.0,M,4,144.125,144.375
11214,126.0,M,5,118.375,120.3125
11215,94.0,F,4,94.6875,92.25
11216,50.0,F,4,62.3125,55.875
11217,168.0,M,3,177.75,179.875
11218,94.0,F,5,90.9375,91.4375
11219,82.0,F,2,86.8125,84.6875
11220,106.0,F,4,114.5,111.25
11221,90.0,M,1,105.9375,108.0
11222,168.0,F,5,163.75,164.875
11223,120.0,M,4,124.8125,122.0
11224,132.0,M,4,139.25,136.375
11225,228.0,M,3,224.75,217.5
11226,138.0,M,2,139.375,133.625
11227,106.0,F,3,112.8125,114.0625
11228,42.0,M,4,49.5625,50.0625
11229,82.0,F,4,77.5,77.8125
11230,60.0,F,5,67.3125,64.125
11231,120.0,M,1,132.375,132.5
11232,165.0,F,5,166.0,166.75
11233,138.0,M,1,132.25,131.625
11234,162.0,M,3,160.25,160.625
11235,60.0,M,3,63.0,66.75
11236,156.0,M,3,158.5,160.5
11237,57.0,M,3,50.1875,57.25
11238,156.0,M,2,149.0,150.625
11239,50.0,F,1,46.4375,42.0
11240,162.0,M,4,160.0,162.0
11241,120.0,F,2,132.25,134.5
11242,156.0,F,2,143.0,143.375
11243,174.0,M,4,170.125,173.125
11244,114.0,F,3,99.125,98.75
11245,156.0,M,5,161.75,162.375
11246,102.0,M,4,104.9375,97.25
11247,24.0,M,2,32.8125,27.984375
11248,120.0,M,3,125.0625,128.375
11249,138.0,M,2,136.25,139.75
11250,168.0,M,2,172.125,174.875
11251,204.0,M,2,193.875,202.625
11252,198.0,M,3,200.875,203.25
11253,78.0,M,4,81.8125,77.6875
11254,162.0,M,1,163.875,166.25
11255,132.0,F,4,133.625,134.125
11256,150.0,M,3,145.625,145.375
11257,132.0,F,2,117.375,115.6875
11258,168.0,M,2,176.125,177.875
11259,72.0,M,4,68.4375,65.75
11260,72.0,M,3,76.375,76.875
11261,168.0,F,4,163.25,162.0
11262,192.0,F,1,185.625,184.25
11263,72.0,M,4,62.0625,61.3125
11264,120.0,M,3,122.25,118.0
11265,82.0,F,4,89.0,84.5
11266,96.0,M,1,96.9375,95.5625
11267,144.0,F,2,148.125,150.375
11268,156.0,F,1,136.5,139.375
11269,144.0,F,3,134.5,134.375
11270,120.0,M,1,89.25,87.4375
11271,150.0,M,1,146.375,144.375
11272,174.0,M,3,174.875,177.0
11273,150.0,M,1,153.875,151.0
11274,180.0,M,1,178.75,177.75
11275,120.0,F,1,144.0,143.875
11276,168.0,M,1,166.375,167.0
11277,132.0,M,3,132.125,135.5
11278,144.0,F,2,142.75,144.375
11279,106.0,F,3,100.625,99.6875
11280,162.0,M,5,153.125,154.375
11281,132.0,F,1,129.0,127.5
11282,114.0,M,2,126.375,123.0
11283,135.0,M,3,127.5625,128.625
11284,106.0,F,5,104.4375,108.25
11285,69.0,F,4,73.8125,73.875
11286,180.0,F,1,177.75,177.125
11287,156.0,M,4,142.125,143.125
11288,168.0,M,2,168.75,171.125
11289,120.0,F,1,113.25,113.3125
11290,94.0,F,1,84.6875,87.75
11291,108.0,M,4,109.125,106.3125
11292,120.0,F,2,129.375,133.125
11293,132.0,F,3,130.5,131.875
11294,150.0,F,5,147.875,146.125
11295,114.0,M,5,109.875,109.8125
11296,192.0,M,1,191.5,190.375
11297,60.0,F,4,53.4375,52.875
11298,138.0,M,1,137.375,133.25
11299,138.0,M,3,141.25,143.25
11300,168.0,M,3,165.125,164.75
11301,126.0,F,1,127.625,129.5
11302,106.0,F,2,112.8125,113.1875
11303,82.0,M,5,108.1875,108.1875
11304,132.0,M,4,125.5,121.3125
11305,94.0,F,3,96.6875,97.375
11306,36.0,M,2,45.8125,42.75
11307,156.0,M,1,160.125,159.375
11308,96.0,M,3,102.4375,104.875
11309,150.0,M,1,148.0,151.375
11310,156.0,F,4,150.25,152.75
11311,132.0,F,1,140.5,140.75
11312,162.0,F,1,141.375,150.5
11313,120.0,M,2,124.6875,122.875
11314,132.0,F,4,127.625,129.125
11315,144.0,M,2,148.75,148.75
11316,82.0,F,5,81.5625,80.875
11317,66.0,M,2,52.3125,54.1875
11318,138.0,M,2,143.75,142.625
11319,138.0,F,2,143.375,144.0
11320,138.0,F,3,143.25,142.5
11321,120.0,M,2,123.0,119.1875
11322,120.0,M,2,125.4375,121.75
11323,150.0,M,5,141.375,140.875
11324,150.0,F,4,145.625,143.75
11325,156.0,F,4,150.625,153.0
11326,150.0,F,1,144.625,144.875
11327,168.0,F,3,169.75,170.375
11328,15.0,F,4,10.2421875,22.484375
11329,162.0,M,5,159.125,158.125
11330,168.0,M,1,169.375,171.125
11331,106.0,F,4,119.4375,108.6875
11332,88.0,F,2,95.625,93.125
11333,168.0,M,1,168.75,168.625
11334,132.0,M,4,142.5,138.5
11335,106.0,F,5,122.875,128.75
11336,57.0,M,2,50.6875,54.8125
11337,42.0,M,3,39.125,44.375
11338,132.0,M,1,139.375,141.0
11339,168.0,F,5,172.625,171.5
11340,88.0,F,3,76.1875,82.625
11341,106.0,F,2,107.0,108.5
11342,180.0,F,1,179.375,183.125
11343,156.0,F,3,120.5625,117.4375
11344,88.0,F,2,94.5625,89.6875
11345,162.0,F,4,154.75,157.75
11346,150.0,F,5,144.625,144.625
11347,132.0,F,2,139.875,143.75
11348,120.0,F,3,137.625,139.125
11349,162.0,M,3,160.875,160.75
11350,72.0,M,1,79.5,83.1875
11351,165.0,M,5,159.25,159.25
11352,106.0,F,3,120.5,118.5
11353,144.0,F,4,148.125,148.0
11354,82.0,F,1,64.875,65.1875
11355,37.0,M,4,61.125,63.5625
11356,150.0,M,2,151.0,151.25
11357,153.0,M,2,155.125,157.875
11358,168.0,F,5,163.25,161.625
11359,156.0,M,3,154.75,153.375
11360,150.0,M,1,149.375,146.0
11361,12.0,F,5,11.6171875,15.1796875
11362,138.0,M,2,147.125,150.375
11363,180.0,M,5,170.25,168.625
11364,150.0,M,2,152.375,154.375
11365,132.0,M,3,142.875,143.5
11366,150.0,M,2,151.625,153.5
11367,132.0,F,3,125.375,128.75
11368,162.0,M,3,166.75,166.5
11369,132.0,M,1,137.125,139.0
11370,60.0,F,1,56.3125,51.9375
11371,138.0,M,2,143.375,143.125
11372,132.0,F,1,124.9375,128.0
11373,180.0,F,3,185.25,184.75
11374,120.0,F,5,119.5,122.1875
11375,108.0,M,4,121.6875,118.3125
11376,50.0,F,1,46.375,41.375
11377,132.0,F,1,134.5,136.25
11378,174.0,F,3,168.75,169.125
11379,162.0,M,1,160.875,159.875
11380,156.0,M,1,152.75,152.375
11381,94.0,F,3,90.0625,89.375
11382,135.0,M,4,125.625,122.625
11383,45.0,F,4,27.671875,34.6875
11384,120.0,F,2,112.375,113.8125
11385,168.0,F,5,175.0,178.25
11386,162.0,F,4,159.125,159.25
11387,82.0,F,2,75.75,72.9375
11388,156.0,F,1,146.875,150.25
11389,106.0,F,1,100.375,100.4375
11390,69.0,F,2,70.25,71.375
11391,144.0,F,2,137.625,138.125
11392,156.0,F,4,154.0,154.25
11393,78.0,F,4,77.5625,77.75
11394,82.0,F,5,82.0625,88.6875
11395,82.0,F,1,85.125,86.125
11396,54.0,M,5,63.84375,62.625
11397,138.0,F,3,134.125,135.625
11398,72.0,M,5,66.875,62.8125
11399,72.0,M,3,82.25,84.3125
11400,96.0,M,3,103.75,105.5
11401,168.0,M,3,158.25,158.625
11402,69.0,F,3,63.75,68.5625
11403,204.0,M,2,199.5,204.25
11404,156.0,F,3,146.375,148.375
11405,132.0,F,3,136.125,136.375
11406,69.0,F,3,66.875,67.5
11407,50.0,F,3,49.0,51.3125
11408,120.0,F,1,121.5,124.375
11409,132.0,F,3,124.5625,122.875
11410,216.0,M,3,206.75,212.0
11411,132.0,M,4,129.25,125.1875
11412,150.0,M,1,143.375,144.375
11413,150.0,M,2,155.25,155.125
11414,192.0,F,5,198.625,204.125
11415,165.0,M,1,161.875,165.875
11416,32.0,M,3,38.25,40.3125
11417,159.0,M,5,157.0,157.125
11418,120.0,F,5,117.9375,118.6875
11419,144.0,F,2,153.375,154.0
11420,174.0,F,2,153.375,158.625
11421,126.0,M,1,120.25,118.625
11422,132.0,F,4,114.1875,118.5
11423,192.0,M,5,189.0,191.25
11424,150.0,M,4,148.75,150.875
11425,144.0,F,2,141.125,142.875
11426,132.0,F,1,131.0,129.5
11427,96.0,M,5,107.625,104.3125
11428,60.0,M,5,63.0625,62.375
11429,126.0,M,3,93.0,98.8125
11430,144.0,F,1,148.25,148.625
11431,138.0,F,2,135.375,139.5
11432,132.0,F,2,126.5,133.875
11433,228.0,M,2,211.25,218.625
11434,156.0,F,4,150.375,151.5
11435,216.0,F,4,200.625,196.125
11436,84.0,M,1,87.75,89.625
11437,192.0,M,2,192.375,201.5
11438,168.0,M,3,170.125,170.125
11439,156.0,M,5,151.375,152.625
11440,72.0,M,5,66.4375,64.375
11441,168.0,F,4,164.5,164.625
11442,120.0,F,5,119.125,121.1875
11443,60.0,M,1,74.8125,67.875
11444,94.0,F,1,93.4375,95.6875
11445,150.0,F,5,150.75,149.0
11446,120.0,F,3,121.875,115.875
11447,66.0,M,1,82.9375,79.125
11448,192.0,M,4,198.0,192.0
11449,120.0,F,4,125.125,122.125
11450,204.0,F,1,202.5,200.125
11451,120.0,M,3,135.5,133.5
11452,156.0,M,5,159.25,159.5
11453,168.0,M,1,164.875,167.0
11454,156.0,M,5,142.875,143.5
11455,120.0,F,1,120.875,118.875
11456,138.0,M,3,122.0625,125.3125
11457,120.0,F,1,120.1875,120.125
11458,159.0,F,2,157.5,160.125
11459,180.0,M,5,186.125,185.25
11460,72.0,M,2,62.3125,63.65625
11461,132.0,F,5,125.75,126.0
11462,144.0,F,5,140.375,139.875
11463,162.0,M,3,168.625,168.75
11464,156.0,M,1,151.25,152.25
11465,150.0,M,3,153.625,153.75
11466,156.0,M,4,154.375,155.625
11467,120.0,M,3,102.0625,107.625
11468,144.0,F,2,137.0,136.5
11469,156.0,M,5,135.5,136.25
11470,108.0,M,1,117.25,116.375
11471,50.0,F,1,60.3125,57.375
11472,72.0,M,1,67.5,63.0
11473,156.0,M,1,139.5,140.5
11474,94.0,F,4,97.3125,97.25
11475,144.0,M,4,140.875,141.25
11476,162.0,M,1,165.375,164.875
11477,132.0,F,1,143.375,146.25
11478,132.0,F,2,139.375,139.75
11479,106.0,F,3,106.5625,104.625
11480,69.0,F,3,66.125,70.5625
11481,168.0,M,4,169.625,173.25
11482,162.0,F,4,161.75,159.875
11483,72.0,M,1,64.5625,54.875
11484,113.0,F,3,118.1875,124.125
11485,113.0,F,5,117.25,117.25
11486,82.0,F,2,84.375,82.75
11487,162.0,F,4,152.625,154.125
11488,76.0,F,5,74.6875,70.8125
11489,144.0,F,1,142.0,145.5
11490,66.0,M,2,62.25,58.0625
11491,132.0,F,4,132.75,133.75
11492,156.0,M,2,140.125,141.625
11493,94.0,F,3,85.3125,85.125
11494,82.0,F,1,71.9375,72.375
11495,156.0,M,2,155.375,157.625
11496,106.0,F,3,93.25,92.5
11497,108.0,M,4,113.25,112.125
11498,42.0,F,5,49.4375,50.5
11499,106.0,F,3,99.125,99.125
11500,120.0,F,4,129.375,129.125
11501,106.0,F,2,100.75,102.5
11502,204.0,M,5,199.875,201.125
11503,150.0,M,1,150.625,152.625
11504,156.0,M,2,157.0,158.875
11505,138.0,M,1,142.5,143.5
11506,106.0,F,3,106.6875,107.25
11507,156.0,M,2,154.875,155.5
11508,150.0,M,3,143.875,145.0
11509,180.0,M,4,173.125,174.875
11510,96.0,M,2,115.625,114.25
11511,162.0,M,2,166.375,165.625
11512,106.0,F,1,110.125,111.4375
11513,144.0,F,3,142.625,141.5
11514,106.0,F,3,107.875,105.5
11515,156.0,M,3,155.125,156.75
11516,106.0,F,1,99.25,101.1875
11517,94.0,F,1,96.25,95.75
11518,54.0,M,4,55.4375,57.75
11519,168.0,M,5,163.125,162.875
11520,108.0,M,5,110.75,111.125
11521,156.0,M,2,157.125,159.625
11522,120.0,F,3,127.125,124.0625
11523,144.0,F,4,145.0,148.5
11524,106.0,F,4,107.875,105.5625
11525,162.0,M,5,163.125,163.625
11526,153.0,M,1,159.75,161.375
11527,132.0,F,2,124.0625,125.3125
11528,180.0,F,1,186.5,187.625
11529,120.0,M,2,122.625,117.9375
11530,120.0,F,1,114.25,108.4375
11531,100.0,F,2,112.5,109.8125
11532,69.0,F,4,73.4375,74.0
11533,132.0,F,1,129.625,129.0
11534,114.0,F,5,87.0,88.6875
11535,162.0,F,3,162.375,164.0
11536,159.0,F,2,153.125,152.5
11537,108.0,M,2,101.125,99.6875
11538,32.0,M,2,43.875,39.5
11539,204.0,F,3,193.375,195.375
11540,144.0,F,3,132.375,132.25
11541,150.0,M,5,157.75,157.375
11542,72.0,M,2,72.8125,74.25
11543,132.0,F,4,130.625,131.0
11544,138.0,M,5,135.0,131.875
11545,132.0,M,3,138.375,139.625
11546,162.0,M,1,164.25,164.875
11547,120.0,F,5,115.75,115.1875
11548,150.0,M,1,152.0,153.375
11549,156.0,M,2,154.0,158.0
11550,138.0,M,1,136.625,138.0
11551,120.0,F,4,107.8125,110.5625
11552,120.0,F,5,118.4375,119.0625
11553,120.0,F,5,121.625,121.125
11554,156.0,F,3,157.625,158.75
11555,192.0,M,4,190.375,189.75
11556,156.0,F,5,149.875,149.375
11557,120.0,F,1,124.5625,124.25
11558,60.0,F,5,58.5,58.75
11559,120.0,F,5,129.625,127.875
11560,168.0,M,3,168.875,169.875
11561,156.0,F,3,171.5,174.25
11562,108.0,M,2,103.8125,107.0
11563,168.0,M,2,164.25,166.75
11564,156.0,M,5,157.0,157.25
11565,94.0,F,5,91.5,93.3125
11566,60.0,M,4,51.25,56.25
11567,144.0,F,4,128.0,126.5
11568,69.0,F,3,80.8125,82.8125
11569,162.0,M,4,162.0,161.75
11570,94.0,F,5,92.5,94.625
11571,150.0,M,3,153.125,154.125
11572,144.0,F,5,135.875,134.875
11573,150.0,M,1,151.25,147.125
11574,150.0,M,3,137.125,133.75
11575,108.0,M,4,88.0,86.5625
11576,156.0,F,5,156.0,154.125
11577,106.0,F,1,112.875,108.375
11578,150.0,M,3,138.125,133.875
11579,132.0,F,2,93.3125,96.75
11580,82.0,F,2,79.375,71.875
11581,94.0,F,1,95.1875,96.8125
11582,88.0,F,3,96.1875,96.625
11583,150.0,M,3,134.625,134.375
11584,150.0,M,4,151.375,149.75
11585,204.0,F,3,197.5,194.125
11586,132.0,F,5,115.1875,119.75
11587,106.0,F,2,123.0625,122.5625
11588,120.0,F,4,124.9375,124.6875
11589,138.0,M,2,137.75,138.625
11590,82.0,F,5,94.9375,93.4375
11591,126.0,M,4,132.0,130.75
11592,78.0,M,4,79.5625,75.125
11593,156.0,M,2,153.875,151.5
11594,165.0,M,3,163.625,163.25
11595,162.0,F,3,163.125,163.75
11596,132.0,F,1,127.125,125.8125
11597,120.0,M,2,133.25,130.375
11598,120.0,F,1,116.1875,116.6875
11599,174.0,M,3,170.125,170.5
11600,94.0,F,3,116.0,113.75
11601,150.0,M,4,152.5,151.125
11602,162.0,M,2,171.625,169.375
11603,66.0,M,3,67.5,68.0625
11604,162.0,F,5,163.625,163.625
11605,82.0,F,2,85.1875,81.4375
11606,108.0,M,4,103.625,102.0
11607,32.0,M,3,36.5625,36.9375
11608,84.0,M,1,82.375,86.4375
11609,186.0,M,5,189.25,189.125
11610,108.0,M,3,105.6875,107.875
11611,156.0,M,3,162.0,162.25
11612,51.0,M,4,73.5625,71.9375
11613,50.0,F,3,42.0625,42.8125
11614,82.0,F,1,95.8125,94.625
11615,144.0,F,2,147.75,147.75
11616,162.0,M,4,161.75,161.5
11617,60.0,M,1,70.1875,66.125
11618,144.0,F,2,145.875,148.375
11619,180.0,M,5,181.875,181.0
11620,150.0,M,4,151.875,147.0
11621,106.0,F,3,111.1875,107.6875
11622,120.0,F,3,123.375,124.4375
11623,165.0,M,4,172.25,172.25
11624,108.0,M,2,108.1875,106.25
11625,150.0,M,5,142.875,144.875
11626,150.0,M,5,127.25,122.5
11627,150.0,M,1,137.125,134.25
11628,204.0,M,1,205.875,207.0
11629,150.0,M,5,156.5,157.25
11630,46.0,F,3,34.375,36.875
11631,138.0,M,2,138.125,140.5
11632,12.0,M,2,20.109375,9.9921875
11633,126.0,F,2,132.375,132.375
11634,82.0,F,4,84.25,85.1875
11635,192.0,M,3,200.25,202.0
11636,168.0,M,4,157.375,157.0
11637,106.0,F,2,123.1875,120.75
11638,168.0,M,4,165.875,168.125
11639,138.0,M,4,154.875,155.125
11640,132.0,F,2,138.5,138.0
11641,106.0,F,2,93.75,96.125
11642,96.0,M,4,115.0625,106.3125
11643,120.0,F,2,97.875,95.4375
11644,82.0,F,1,76.875,76.625
11645,50.0,F,4,43.0,48.0
11646,156.0,M,1,153.75,148.875
11647,168.0,M,3,165.25,165.375
11648,108.0,M,5,103.625,106.625
11649,192.0,F,5,193.0,189.25
11650,168.0,M,2,171.625,171.0
11651,192.0,M,4,190.75,187.375
11652,69.0,F,2,48.9375,49.75
11653,180.0,F,3,184.75,185.875
11654,126.0,M,3,128.875,131.125
11655,69.0,F,4,72.6875,71.9375
11656,106.0,F,1,113.5,115.6875
11657,120.0,F,2,122.125,121.25
11658,150.0,M,5,152.0,152.5
11659,108.0,M,3,105.5625,111.25
11660,216.0,M,5,217.75,212.875
11661,138.0,M,2,133.0,134.75
11662,76.0,F,2,68.6875,67.4375
11663,168.0,F,5,177.125,177.875
11664,156.0,F,5,152.0,150.125
11665,120.0,F,1,113.875,115.125
11666,76.0,F,2,71.5625,74.375
11667,82.0,F,5,75.0625,73.0
11668,228.0,M,1,215.0,214.625
11669,120.0,M,3,118.6875,117.0625
11670,132.0,F,5,128.375,127.0
11671,180.0,F,4,177.375,172.75
11672,106.0,F,3,90.125,91.3125
11673,82.0,F,5,73.625,74.8125
11674,84.0,M,5,97.3125,93.125
11675,42.0,M,3,44.8125,42.75
11676,168.0,F,2,148.125,151.25
11677,138.0,F,4,133.125,135.875
11678,126.0,F,2,133.75,132.5
11679,150.0,M,3,154.75,155.0
11680,69.0,F,5,73.625,74.5625
11681,132.0,F,2,130.75,132.125
11682,138.0,M,3,131.25,128.875
11683,180.0,M,3,184.5,185.75
11684,153.0,M,5,157.75,158.0
11685,132.0,F,3,149.5,150.875
11686,84.0,M,5,79.625,79.625
11687,132.0,F,3,129.625,127.5
11688,138.0,M,1,143.125,137.0
11689,150.0,M,3,138.625,138.875
11690,150.0,M,3,149.25,147.5
11691,132.0,F,2,129.625,128.875
11692,60.0,M,5,70.375,68.0625
11693,120.0,M,2,137.0,134.875
11694,162.0,M,3,156.125,154.125
11695,69.0,F,4,66.75,68.6875
11696,84.0,M,2,78.875,81.1875
11697,120.0,F,3,126.625,127.0625
11698,162.0,M,1,155.625,155.25
11699,162.0,F,3,154.25,155.0
11700,138.0,M,4,138.375,134.625
11701,106.0,F,5,118.125,119.75
11702,120.0,M,3,126.0,125.6875
11703,120.0,M,5,111.5,110.9375
11704,132.0,F,3,127.1875,129.75
11705,132.0,F,4,127.3125,128.75
11706,120.0,F,4,128.25,126.5625
11707,120.0,M,3,112.4375,112.125
11708,156.0,F,1,148.75,154.625
11709,94.0,F,5,99.6875,99.9375
11710,84.0,M,3,79.125,79.6875
11711,90.0,M,1,95.8125,98.5625
11712,132.0,M,2,123.375,115.375
11713,162.0,M,2,158.875,158.25
11714,138.0,M,1,138.375,139.25
11715,82.0,F,5,86.375,87.125
11716,162.0,M,2,156.125,158.375
11717,156.0,M,1,162.0,160.375
11718,120.0,F,1,122.1875,120.6875
11719,168.0,M,3,166.25,165.625
11720,138.0,F,4,133.625,134.25
11721,94.0,F,4,99.1875,93.0
11722,100.0,F,4,114.625,112.75
11723,132.0,M,3,138.875,138.125
11724,162.0,M,3,161.625,162.625
11725,60.0,F,3,45.0625,48.875
11726,150.0,M,1,143.875,145.0
11727,69.0,F,5,57.1875,52.625
11728,108.0,M,4,118.375,114.4375
11729,69.0,F,4,67.6875,66.0625
11730,106.0,F,2,113.5,111.125
11731,180.0,M,2,182.125,183.0
11732,162.0,M,1,153.875,154.625
11733,132.0,M,2,135.125,130.625
11734,108.0,M,1,94.0625,92.1875
11735,82.0,F,2,91.75,84.1875
11736,94.0,F,4,103.0625,100.3125
11737,144.0,F,3,146.25,144.75
11738,120.0,F,4,108.6875,111.5
11739,132.0,F,4,126.25,123.9375
11740,126.0,F,5,116.3125,114.8125
11741,144.0,F,3,134.375,133.875
11742,132.0,F,4,117.6875,115.3125
11743,120.0,F,2,122.875,126.8125
11744,132.0,F,5,133.125,132.375
11745,132.0,M,4,118.625,113.625
11746,156.0,F,3,150.75,150.875
11747,132.0,F,4,133.875,133.625
11748,168.0,M,1,169.25,170.375
11749,132.0,M,2,121.1875,119.6875
11750,84.0,M,2,86.5,89.9375
11751,108.0,F,3,105.4375,105.5625
11752,150.0,F,3,145.125,148.625
11753,69.0,F,4,62.625,61.375
11754,132.0,F,5,133.125,135.625
11755,96.0,M,3,100.0,102.5
11756,120.0,F,1,119.125,119.5625
11757,106.0,F,1,102.75,105.25
11758,132.0,F,3,126.75,125.9375
11759,138.0,M,2,135.5,132.75
11760,156.0,M,3,156.875,155.375
11761,113.0,F,2,107.9375,108.625
11762,69.0,F,1,74.125,76.25
11763,156.0,M,5,153.5,152.875
11764,156.0,M,4,159.375,158.0
11765,120.0,F,3,116.0625,114.0
11766,82.0,F,4,77.375,75.8125
11767,84.0,M,5,83.4375,82.375
11768,186.0,M,2,180.25,185.625
11769,30.0,F,4,26.859375,32.375
11770,156.0,M,2,157.875,159.125
11771,144.0,F,5,142.875,143.25
11772,204.0,M,2,200.5,207.25
11773,168.0,M,2,163.625,162.75
11774,96.0,M,4,112.25,110.4375
11775,60.0,M,4,63.125,65.0625
11776,156.0,M,2,148.125,149.0
11777,150.0,M,3,151.25,150.25
11778,162.0,F,5,165.875,165.875
11779,90.0,M,5,92.125,93.0
11780,132.0,F,4,136.5,137.5
11781,106.0,F,4,100.9375,100.875
11782,84.0,M,1,95.125,91.625
11783,54.0,M,4,55.6875,55.375
11784,135.0,M,3,142.625,143.25
11785,144.0,F,1,127.75,131.375
11786,132.0,F,5,108.6875,105.6875
11787,150.0,M,1,146.125,148.25
11788,82.0,F,2,88.4375,84.4375
11789,138.0,M,4,143.875,140.25
11790,162.0,F,1,158.25,156.5
11791,132.0,M,4,131.875,135.25
11792,84.0,M,2,73.875,75.9375
11793,113.0,F,4,108.375,108.375
11794,108.0,M,2,103.5625,100.0625
11795,96.0,M,1,85.0,81.625
11796,144.0,F,4,141.75,144.25
11797,42.0,M,2,42.0,42.25
11798,82.0,F,5,75.375,72.0625
11799,150.0,F,2,151.25,153.375
11800,162.0,M,3,156.875,152.25
11801,168.0,M,4,171.125,172.0
11802,108.0,M,5,117.9375,119.9375
11803,162.0,M,4,153.5,154.375
11804,126.0,F,5,127.8125,130.625
11805,106.0,F,3,97.1875,96.5
11806,138.0,M,5,129.125,130.0
11807,156.0,M,3,160.0,158.0
11808,132.0,M,2,137.875,140.25
11809,132.0,M,1,132.125,126.25
11810,120.0,M,1,123.4375,120.9375
11811,69.0,F,2,72.75,72.5625
11812,60.0,F,3,57.5,60.6875
11813,180.0,F,3,177.0,177.875
11814,150.0,M,2,148.875,147.625
11815,120.0,M,3,106.1875,107.625
11816,186.0,M,3,186.375,189.75
11817,132.0,F,2,133.625,134.0
11818,144.0,F,2,142.0,142.75
11819,162.0,M,5,156.125,156.25
11820,78.0,M,1,78.4375,75.3125
11821,82.0,F,4,70.625,70.6875
11822,162.0,M,4,157.125,156.5
11823,82.0,F,4,85.0625,84.5
11824,162.0,M,1,160.875,159.5
11825,120.0,F,4,118.375,117.0625
11826,126.0,F,5,129.625,130.5
11827,106.0,F,3,108.875,110.0625
11828,168.0,F,5,171.25,173.25
11829,132.0,M,2,129.0,125.625
11830,96.0,M,1,112.0,115.0
11831,132.0,M,4,119.375,123.0
11832,108.0,M,4,116.5625,114.6875
11833,100.0,F,1,103.125,104.75
11834,156.0,M,5,147.375,144.75
11835,42.0,F,1,42.6875,38.8125
11836,88.0,F,4,84.5625,86.5
11837,162.0,F,2,151.625,155.125
11838,162.0,M,5,171.0,169.25
11839,120.0,F,2,118.3125,121.625
11840,168.0,M,1,170.25,169.125
11841,138.0,M,4,135.375,134.875
11842,156.0,M,2,154.125,155.625
11843,156.0,F,5,153.25,152.875
11844,132.0,F,4,137.875,138.75
11845,180.0,F,5,183.5,182.75
11846,120.0,F,4,119.1875,116.9375
11847,132.0,M,1,124.0625,124.1875
11848,94.0,F,1,96.5625,100.875
11849,168.0,M,5,167.125,168.625
11850,162.0,M,4,162.875,164.25
11851,150.0,M,3,148.125,148.0
11852,96.0,M,4,95.625,92.75
11853,162.0,M,1,158.0,157.875
11854,168.0,M,1,159.25,160.25
11855,120.0,F,5,114.0625,113.375
11856,120.0,F,3,100.8125,99.5625
11857,168.0,M,4,166.875,165.125
11858,138.0,M,1,141.25,138.375
11859,94.0,F,5,99.25,103.25
11860,150.0,M,5,147.375,146.5
11861,150.0,M,1,149.875,152.25
11862,174.0,M,2,174.875,178.875
11863,144.0,F,5,143.125,143.375
11864,162.0,F,2,160.375,162.0
11865,69.0,F,4,77.3125,79.1875
11866,168.0,M,3,167.25,168.5
11867,88.0,F,3,89.4375,89.3125
11868,100.0,F,2,111.25,110.1875
11869,162.0,M,2,155.5,157.25
11870,150.0,M,1,146.375,143.5
11871,162.0,M,3,165.0,164.75
11872,120.0,M,2,114.125,113.5
11873,156.0,M,1,147.125,149.5
11874,120.0,F,1,112.1875,108.5625
11875,144.0,F,4,139.375,142.0
11876,78.0,M,4,105.1875,96.6875
11877,168.0,F,5,175.0,173.25
11878,168.0,M,2,158.875,158.125
11879,82.0,F,5,79.125,77.5625
11880,138.0,M,3,143.125,136.5
11881,32.0,M,2,45.3125,46.0625
11882,42.0,M,2,50.5625,52.4375
11883,94.0,F,2,81.5,81.5
11884,72.0,M,3,80.75,82.25
11885,162.0,M,5,166.625,165.125
11886,94.0,F,2,90.625,92.375
11887,156.0,M,1,160.625,161.375
11888,94.0,F,4,86.4375,88.8125
11889,156.0,F,5,132.875,130.0
11890,132.0,F,3,136.5,136.75
11891,120.0,F,4,116.4375,115.4375
11892,42.0,F,3,32.75,33.25
11893,168.0,M,5,174.625,175.0
11894,150.0,M,3,143.25,147.875
11895,180.0,M,1,184.5,180.125
11896,132.0,F,5,106.5625,107.875
11897,150.0,M,3,162.625,162.875
11898,168.0,M,4,161.75,161.875
11899,144.0,F,4,144.875,145.125
11900,132.0,F,2,131.375,131.5
11901,108.0,M,1,97.6875,95.8125
11902,144.0,F,3,146.625,147.25
11903,168.0,F,3,170.625,174.125
11904,72.0,M,5,87.4375,88.3125
11905,108.0,M,1,116.25,112.125
11906,132.0,M,5,134.125,133.25
11907,120.0,F,2,116.5625,118.5625
11908,106.0,F,3,118.25,117.4375
11909,150.0,M,5,148.75,150.5
11910,138.0,M,5,143.0,144.625
11911,78.0,M,5,81.375,77.3125
11912,156.0,M,4,151.0,150.375
11913,72.0,M,1,65.625,61.125
11914,84.0,M,2,82.3125,86.0
11915,168.0,M,3,160.875,161.375
11916,156.0,F,2,144.375,145.25
11917,90.0,M,1,100.5625,93.5
11918,120.0,M,1,114.75,114.5
11919,162.0,M,2,167.75,167.625
11920,150.0,M,3,153.125,155.125
11921,132.0,F,5,121.6875,123.6875
11922,60.0,F,1,63.9375,66.6875
11923,30.0,F,5,32.8125,32.4375
11924,144.0,F,3,140.875,144.0
11925,126.0,F,5,122.875,122.5
11926,94.0,F,4,98.9375,97.125
11927,204.0,M,4,206.625,205.375
11928,94.0,F,5,83.875,84.5625
11929,120.0,F,2,132.125,135.75
11930,60.0,F,2,62.6875,63.0625
11931,150.0,M,2,146.375,145.125
11932,82.0,F,1,77.0,75.8125
11933,50.0,F,2,50.5,50.5
11934,132.0,F,4,123.0625,121.1875
11935,120.0,F,3,136.75,136.625
11936,138.0,M,1,138.5,135.625
11937,120.0,F,5,100.75,101.375
11938,132.0,F,1,138.25,141.625
11939,168.0,M,1,169.25,170.375
11940,82.0,F,1,86.625,86.5
11941,150.0,M,5,135.0,134.875
11942,180.0,M,4,184.5,182.375
11943,162.0,M,5,157.5,159.375
11944,162.0,F,3,153.5,155.625
11945,96.0,M,1,104.75,104.375
11946,168.0,M,1,165.75,166.25
11947,144.0,F,4,148.75,149.125
11948,168.0,M,5,167.875,167.625
11949,168.0,M,1,163.375,166.75
11950,162.0,F,5,159.875,158.375
11951,60.0,M,3,66.8125,70.4375
11952,126.0,M,4,131.625,135.875
11953,138.0,M,3,132.25,128.0
11954,180.0,F,1,173.25,174.125
11955,106.0,F,4,101.6875,100.75
11956,60.0,M,2,60.5625,62.6875
11957,132.0,M,1,126.9375,124.0
11958,162.0,M,4,159.875,160.875
11959,204.0,M,4,197.25,194.75
11960,150.0,M,1,148.375,148.375
11961,106.0,F,4,102.1875,100.25
11962,162.0,M,2,160.375,162.375
11963,144.0,F,5,131.0,132.625
11964,120.0,F,5,116.9375,116.9375
11965,144.0,F,1,149.125,149.375
11966,94.0,F,4,88.5,90.9375
11967,120.0,F,4,126.0,126.3125
11968,144.0,F,3,140.75,141.25
11969,162.0,M,1,157.25,154.375
11970,180.0,M,4,175.375,175.125
11971,106.0,F,4,118.25,115.6875
11972,156.0,M,2,154.75,156.875
11973,69.0,F,3,46.3125,50.5625
11974,132.0,F,5,124.375,128.375
11975,132.0,M,5,130.875,129.5
11976,24.0,M,3,23.359375,23.359375
11977,168.0,M,5,164.625,163.75
11978,106.0,F,3,113.3125,114.0
11979,150.0,F,2,150.625,152.625
11980,94.0,F,2,107.625,99.75
11981,156.0,M,4,154.125,152.375
11982,82.0,F,3,67.1875,70.6875
11983,168.0,M,2,169.0,171.0
11984,72.0,M,2,67.5,71.375
11985,138.0,M,3,139.125,133.5
11986,84.0,M,3,101.1875,101.375
11987,72.0,M,4,83.75,83.875
11988,180.0,M,1,181.0,184.0
11989,106.0,F,5,95.25,96.375
11990,156.0,F,4,145.875,149.25
11991,106.0,F,4,99.9375,98.5
11992,132.0,F,5,126.1875,126.5625
11993,168.0,M,3,168.5,169.75
11994,168.0,M,4,169.375,171.25
11995,132.0,F,3,133.625,135.25
11996,132.0,M,2,127.0625,116.875
11997,144.0,F,1,139.375,142.625
11998,132.0,F,3,123.4375,123.625
11999,168.0,M,5,161.375,159.875
12000,168.0,M,3,161.125,161.875
12001,144.0,F,1,152.875,153.25
12002,162.0,F,5,162.0,159.875
12003,30.0,F,5,38.625,38.9375
12004,42.0,F,5,38.125,38.875
12005,69.0,F,3,69.6875,72.9375
12006,48.0,M,5,71.5,67.75
12007,156.0,M,4,153.625,152.875
12008,192.0,F,4,192.0,186.375
12009,204.0,M,1,193.125,194.0
12010,150.0,M,4,151.75,151.75
12011,54.0,M,1,51.875,47.625
12012,60.0,M,5,71.3125,68.125
12013,156.0,F,4,146.0,148.375
12014,132.0,F,5,128.875,128.875
12015,132.0,F,2,133.75,132.375
12016,106.0,F,5,105.5,103.875
12017,168.0,M,5,163.625,165.125
12018,144.0,F,1,131.75,131.375
12019,162.0,M,2,160.625,164.125
12020,150.0,M,3,157.875,157.25
12021,138.0,M,4,139.875,138.0
12022,138.0,M,3,137.25,138.25
12023,6.0,F,3,2.86328125,2.17578125
12024,138.0,M,3,144.75,147.375
12025,168.0,F,3,169.625,172.625
12026,100.0,F,1,103.5625,98.6875
12027,30.0,M,2,30.546875,22.796875
12028,106.0,F,4,100.6875,98.375
12029,156.0,F,4,154.125,154.125
12030,106.0,F,5,94.3125,93.75
12031,156.0,M,3,156.0,156.0
12032,94.0,F,1,104.125,101.4375
12033,174.0,M,2,164.75,165.625
12034,54.0,M,5,48.125,47.3125
12035,168.0,M,2,160.375,161.0
12036,60.0,F,4,60.8125,61.9375
12037,24.0,M,1,19.609375,17.984375
12038,69.0,F,1,70.125,71.9375
12039,180.0,M,4,169.375,171.75
12040,132.0,F,4,129.25,127.3125
12041,159.0,M,5,141.375,142.875
12042,106.0,F,2,119.25,110.75
12043,204.0,M,1,202.25,205.75
12044,32.0,M,5,34.1875,35.875
12045,78.0,M,1,82.1875,81.9375
12046,96.0,M,2,74.25,76.25
12047,162.0,M,4,162.625,163.75
12048,138.0,M,2,128.125,127.875
12049,106.0,F,4,112.3125,110.5
12050,60.0,M,1,75.8125,69.5
12051,106.0,F,1,123.8125,123.75
12052,60.0,M,5,63.375,63.53125
12053,126.0,M,4,119.5,121.5625
12054,168.0,M,2,168.125,168.625
12055,72.0,M,2,71.1875,71.3125
12056,162.0,M,5,157.25,156.625
12057,168.0,M,3,164.5,163.5
12058,106.0,F,5,105.375,104.3125
12059,180.0,M,2,168.375,170.125
12060,82.0,F,3,85.3125,85.125
12061,216.0,M,3,232.125,231.875
12062,106.0,F,5,112.875,117.9375
12063,82.0,F,3,77.1875,78.0
12064,138.0,M,2,140.5,143.375
12065,186.0,M,1,181.875,183.875
12066,84.0,M,3,91.875,94.625
12067,132.0,F,5,135.625,134.375
12068,120.0,F,5,108.75,108.3125
12069,132.0,M,5,121.0,118.875
12070,120.0,M,3,117.6875,115.0625
12071,120.0,M,4,125.5,121.5625
12072,120.0,F,2,124.875,124.375
12073,174.0,M,2,167.125,169.625
12074,57.0,M,3,56.75,57.9375
12075,60.0,F,5,60.3125,61.125
12076,132.0,F,2,132.875,134.0
12077,113.0,F,5,105.3125,105.8125
12078,132.0,M,5,133.625,133.75
12079,132.0,F,5,124.625,125.1875
12080,84.0,M,1,86.125,85.25
12081,198.0,M,4,196.875,195.125
12082,156.0,F,1,150.125,150.5
12083,132.0,M,4,134.625,138.875
12084,60.0,F,4,61.5,60.875
12085,162.0,F,2,165.125,168.625
12086,144.0,F,5,141.875,140.0
12087,156.0,F,2,152.0,153.375
12088,159.0,F,1,153.375,150.125
12089,132.0,M,5,118.3125,120.0
12090,88.0,F,4,91.9375,89.3125
12091,94.0,F,3,103.125,105.75
12092,150.0,M,5,148.375,150.5
12093,144.0,F,3,140.875,142.5
12094,82.0,F,2,70.125,70.5
12095,60.0,F,1,61.0,61.125
12096,94.0,F,2,95.1875,88.3125
12097,30.0,F,1,36.4375,33.0
12098,150.0,M,1,147.75,149.5
12099,120.0,M,3,134.625,137.25
12100,36.0,F,4,35.5,40.0625
12101,60.0,F,2,68.25,72.125
12102,180.0,F,2,176.625,182.25
12103,168.0,M,1,163.375,165.0
12104,120.0,M,2,126.3125,121.5
12105,94.0,F,5,98.4375,98.8125
12106,60.0,F,4,67.875,67.5625
12107,132.0,F,5,133.375,132.0
12108,106.0,F,3,112.875,111.5
12109,168.0,M,2,162.25,167.375
12110,28.0,M,3,31.609375,30.484375
12111,108.0,M,5,108.5,108.875
12112,159.0,M,5,158.875,154.125
12113,88.0,F,2,79.6875,79.9375
12114,198.0,M,2,197.0,202.875
12115,132.0,F,4,131.125,128.625
12116,168.0,M,3,168.75,172.0
12117,168.0,M,3,160.25,159.75
12118,60.0,M,2,59.625,59.0625
12119,132.0,F,2,120.9375,121.0625
12120,132.0,F,1,130.375,132.75
12121,138.0,M,1,128.5,124.625
12122,82.0,F,2,77.5,76.625
12123,156.0,M,1,161.125,162.0
12124,156.0,M,4,151.875,151.75
12125,82.0,F,3,85.6875,85.5625
12126,126.0,M,5,119.0,125.0
12127,156.0,F,4,139.0,141.375
12128,120.0,F,4,123.8125,121.3125
12129,168.0,M,4,164.375,166.5
12130,138.0,M,4,144.875,145.25
12131,168.0,M,2,163.25,167.75
12132,60.0,M,1,74.0,68.375
12133,75.0,F,4,71.875,72.4375
12134,132.0,F,3,139.25,139.75
12135,120.0,F,5,105.3125,103.1875
12136,120.0,F,4,138.0,138.625
12137,126.0,M,4,127.125,123.4375
12138,132.0,F,3,116.4375,115.5
12139,144.0,F,5,132.875,131.375
12140,162.0,M,3,157.375,156.25
12141,82.0,F,5,98.8125,104.1875
12142,162.0,M,2,158.125,160.0
12143,94.0,F,1,90.0,89.875
12144,132.0,F,2,141.125,141.25
12145,150.0,M,4,137.125,138.875
12146,24.0,M,4,38.0,44.25
12147,162.0,F,2,161.375,164.375
12148,82.0,F,5,91.125,90.9375
12149,144.0,F,5,133.5,132.375
12150,138.0,M,5,141.875,143.75
12151,126.0,M,3,142.25,140.375
12152,180.0,F,2,179.5,184.375
12153,106.0,F,4,104.125,104.6875
12154,168.0,M,1,173.0,173.25
12155,156.0,M,5,156.125,156.5
12156,69.0,F,5,72.4375,70.1875
12157,132.0,M,5,126.8125,125.8125
12158,174.0,M,3,166.125,166.375
12159,108.0,M,2,98.75,97.375
12160,132.0,M,3,120.75,121.6875
12161,18.0,M,1,33.5625,31.421875
12162,78.0,M,2,86.8125,90.5625
12163,168.0,F,2,161.375,167.375
12164,132.0,F,3,137.0,139.25
12165,132.0,F,2,130.0,130.125
12166,180.0,M,4,181.5,181.875
12167,150.0,M,4,148.0,148.875
12168,150.0,M,3,155.5,156.125
12169,84.0,M,1,89.375,92.25
12170,126.0,F,5,124.9375,128.25
12171,132.0,F,2,116.0625,114.1875
12172,174.0,M,5,170.125,169.25
12173,82.0,F,4,89.0,89.9375
12174,69.0,F,3,66.1875,68.125
12175,162.0,M,5,160.125,161.75
12176,156.0,F,5,150.5,148.75
12177,106.0,F,2,123.25,119.1875
12178,138.0,M,3,140.75,137.75
12179,106.0,F,1,116.75,116.9375
12180,144.0,F,5,143.625,141.25
12181,120.0,F,1,124.8125,124.25
12182,132.0,F,1,136.5,137.125
12183,138.0,M,4,142.0,142.125
12184,106.0,F,3,100.25,100.0625
12185,39.0,F,3,29.734375,31.671875
12186,156.0,M,3,156.25,155.5
12187,156.0,M,2,150.25,150.125
12188,180.0,F,2,178.875,181.75
12189,120.0,F,2,113.375,113.3125
12190,106.0,F,2,107.375,104.625
12191,186.0,M,1,183.0,180.5
12192,114.0,M,1,131.5,136.5
12193,138.0,M,2,144.125,144.375
12194,138.0,M,5,136.5,138.125
12195,159.0,M,5,158.875,159.125
12196,156.0,M,4,156.125,158.375
12197,82.0,F,3,76.9375,79.25
12198,144.0,M,2,154.25,155.5
12199,120.0,M,1,121.875,117.1875
12200,144.0,F,2,143.25,143.0
12201,168.0,F,4,148.875,153.625
12202,156.0,F,1,155.5,156.75
12203,168.0,M,5,173.5,172.5
12204,168.0,M,4,169.375,172.0
12205,106.0,F,2,101.375,101.625
12206,156.0,M,5,151.875,153.125
12207,50.0,F,4,43.0,46.1875
12208,132.0,F,3,135.375,136.125
12209,50.0,F,3,41.5,44.5
12210,82.0,F,3,80.1875,83.3125
12211,156.0,M,2,148.125,150.375
12212,106.0,F,2,109.5625,108.875
12213,96.0,M,2,109.375,100.5625
12214,156.0,M,4,152.0,151.75
12215,168.0,M,1,166.125,168.125
12216,132.0,F,1,127.8125,128.5
12217,69.0,F,5,76.25,76.75
12218,94.0,F,3,87.6875,89.125
12219,50.0,F,2,54.3125,58.4375
12220,96.0,M,1,88.8125,88.5625
12221,54.0,M,1,73.5625,66.0625
12222,162.0,M,2,156.625,160.25
12223,150.0,M,5,156.25,158.25
12224,156.0,F,3,153.125,154.875
12225,120.0,M,1,120.6875,118.9375
12226,144.0,F,2,140.875,138.5
12227,82.0,F,5,72.625,74.125
12228,228.0,M,5,220.375,221.5
12229,120.0,M,3,112.3125,114.4375
12230,204.0,M,4,203.75,200.0
12231,132.0,F,1,132.875,133.625
12232,156.0,M,5,152.125,151.625
12233,132.0,F,4,127.4375,128.375
12234,168.0,M,1,164.5,164.875
12235,156.0,F,3,150.0,151.875
12236,88.0,F,5,89.5,88.6875
12237,162.0,M,4,157.375,158.0
12238,144.0,F,2,137.0,134.875
12239,72.0,M,2,47.625,48.5
12240,162.0,M,3,164.0,164.0
12241,120.0,M,4,140.625,137.25
12242,108.0,M,5,108.25,107.625
12243,138.0,F,2,144.5,144.875
12244,144.0,F,4,133.375,134.625
12245,120.0,F,4,98.1875,99.625
12246,120.0,M,2,131.625,125.1875
12247,138.0,F,2,147.875,148.875
12248,150.0,F,5,153.125,153.0
12249,162.0,M,3,161.0,160.625
12250,144.0,F,3,147.875,149.125
12251,204.0,M,5,202.375,200.125
12252,132.0,F,5,142.875,140.875
12253,168.0,M,2,166.875,168.375
12254,180.0,M,3,184.375,186.75
12255,162.0,M,3,163.625,161.375
12256,102.0,M,5,95.375,95.4375
12257,96.0,M,5,103.6875,102.4375
12258,106.0,F,5,107.625,110.625
12259,180.0,M,2,178.0,182.0
12260,106.0,F,3,87.625,85.5625
12261,156.0,M,3,149.25,150.625
12262,102.0,M,2,113.6875,104.8125
12263,84.0,M,5,95.375,94.875
12264,150.0,M,3,150.375,148.75
12265,132.0,M,1,135.25,133.5
12266,106.0,F,2,110.0625,106.375
12267,150.0,M,4,154.125,154.25
12268,156.0,M,3,153.5,153.375
12269,94.0,F,5,106.0625,107.125
12270,168.0,M,4,177.125,177.375
12271,153.0,M,4,152.5,154.125
12272,108.0,M,4,114.3125,110.5
12273,106.0,F,2,98.3125,93.3125
12274,120.0,F,2,115.375,117.75
12275,180.0,M,3,171.0,171.75
12276,36.0,M,1,47.4375,44.9375
12277,96.0,M,3,95.875,96.875
12278,96.0,M,5,102.0,100.625
12279,156.0,F,4,150.25,150.75
12280,153.0,M,5,162.125,161.25
12281,48.0,M,2,63.40625,68.3125
12282,120.0,F,4,114.4375,116.125
12283,126.0,F,2,125.125,126.4375
12284,138.0,M,3,111.5,112.625
12285,165.0,M,4,160.75,162.25
12286,94.0,F,4,107.1875,103.625
12287,132.0,F,5,122.0625,123.625
12288,144.0,F,5,135.125,135.0
12289,120.0,F,5,122.875,123.1875
12290,132.0,F,2,137.75,135.625
12291,150.0,M,3,141.375,143.25
12292,50.0,F,5,74.3125,73.375
12293,138.0,M,2,136.875,134.625
12294,108.0,M,5,114.3125,113.8125
12295,168.0,M,1,170.875,172.25
12296,204.0,M,4,206.0,204.375
12297,228.0,M,4,220.625,224.0
12298,106.0,F,5,105.0625,104.5
12299,48.0,M,2,52.375,52.0
12300,162.0,F,3,160.375,162.5
12301,168.0,M,1,166.375,168.375
12302,138.0,M,2,140.125,139.25
12303,60.0,M,1,63.3125,65.375
12304,144.0,F,4,139.25,138.5
12305,94.0,F,2,75.8125,80.625
12306,156.0,M,2,155.25,157.375
12307,72.0,M,4,70.0625,67.6875
12308,162.0,M,3,154.875,152.5
12309,168.0,M,1,170.875,171.75
12310,106.0,F,3,94.9375,95.3125
12311,114.0,M,4,127.75,123.5625
12312,108.0,M,3,113.1875,111.5625
12313,82.0,F,1,83.3125,84.125
12314,168.0,M,3,167.25,166.75
12315,132.0,F,3,122.875,119.375
12316,96.0,M,1,97.8125,95.4375
12317,108.0,M,4,113.9375,106.5
12318,120.0,M,2,135.25,128.375
12319,106.0,F,2,124.5625,126.6875
12320,186.0,M,2,183.375,186.625
12321,132.0,F,1,129.125,132.125
12322,120.0,M,1,125.375,124.0625
12323,162.0,M,2,158.5,161.625
12324,48.0,M,4,53.875,54.75
12325,82.0,F,2,78.75,68.625
12326,94.0,F,5,84.875,88.9375
12327,100.0,F,1,99.4375,94.875
12328,120.0,F,1,118.6875,117.3125
12329,75.0,F,3,88.875,87.8125
12330,132.0,F,3,122.6875,121.9375
12331,60.0,F,2,55.0625,57.25
12332,150.0,M,4,141.875,141.0
12333,162.0,M,1,165.5,166.5
12334,132.0,F,1,123.25,121.6875
12335,216.0,M,1,199.25,203.25
12336,72.0,M,4,72.875,70.375
12337,132.0,F,2,131.75,131.625
12338,168.0,F,2,166.625,170.25
12339,24.0,M,4,24.484375,33.9375
12340,150.0,M,2,148.75,148.75
12341,150.0,M,2,147.25,150.25
12342,94.0,F,4,101.9375,100.1875
12343,94.0,F,1,92.5,91.5625
12344,132.0,F,5,137.125,134.875
12345,126.0,M,5,114.25,116.1875
12346,138.0,M,5,149.125,150.25
12347,156.0,F,1,155.25,153.625
12348,138.0,M,1,144.375,144.125
12349,150.0,M,2,154.25,156.625
12350,192.0,F,1,194.25,195.25
12351,84.0,M,4,93.4375,91.125
12352,138.0,M,2,132.125,130.0
12353,168.0,M,3,164.875,164.75
12354,114.0,M,5,111.875,108.5
12355,138.0,M,3,145.125,148.375
12356,120.0,F,3,113.875,114.1875
12357,150.0,M,1,145.625,143.625
12358,180.0,M,2,170.875,177.125
12359,144.0,F,2,144.5,146.875
12360,108.0,M,5,109.5625,112.5
12361,162.0,M,2,167.875,169.625
12362,168.0,M,1,169.125,171.125
12363,162.0,M,1,160.125,161.375
12364,120.0,F,1,122.625,124.125
12365,106.0,F,3,106.125,104.375
12366,88.0,F,4,93.625,94.125
12367,168.0,M,1,167.0,166.75
12368,162.0,F,5,141.25,139.75
12369,156.0,F,4,150.625,152.5
12370,132.0,M,3,130.75,126.75
12371,162.0,M,1,162.625,161.875
12372,36.0,M,4,37.4375,43.4375
12373,108.0,M,1,100.4375,103.25
12374,60.0,M,5,69.1875,68.8125
12375,144.0,F,1,150.0,148.0
12376,60.0,F,1,67.8125,64.25
12377,138.0,M,5,137.875,139.75
12378,156.0,M,3,160.25,159.375
12379,120.0,F,5,130.25,129.5
12380,156.0,M,3,150.0,152.875
12381,180.0,M,2,178.0,181.25
12382,94.0,F,4,85.9375,86.75
12383,204.0,F,1,197.25,200.25
12384,138.0,M,4,140.75,136.0
12385,168.0,M,4,159.5,159.5
12386,150.0,M,2,143.375,144.875
12387,132.0,M,4,129.0,127.375
12388,84.0,M,3,73.4375,79.875
12389,150.0,M,2,151.0,152.75
12390,156.0,F,4,150.75,152.125
12391,156.0,M,4,163.125,165.375
12392,144.0,F,5,129.375,130.0
12393,60.0,M,5,66.4375,63.125
12394,162.0,F,3,165.75,169.25
12395,144.0,F,4,138.875,138.75
12396,102.0,M,2,103.75,99.9375
12397,94.0,F,2,94.625,89.5625
12398,82.0,F,1,79.1875,82.0625
12399,138.0,M,3,149.375,149.125
12400,48.0,M,3,54.1875,55.0
12401,156.0,F,2,149.375,151.75
12402,132.0,M,3,129.125,127.125
12403,42.0,M,5,51.375,51.75
12404,132.0,M,1,126.125,125.875
12405,60.0,F,2,69.0,70.9375
12406,162.0,M,3,155.0,151.75
12407,159.0,M,1,159.0,160.125
12408,94.0,F,3,84.9375,85.875
12409,106.0,F,2,100.3125,99.75
12410,120.0,F,3,133.5,132.125
12411,132.0,F,1,134.75,135.75
12412,72.0,M,3,58.0625,59.6875
12413,106.0,F,4,113.75,111.4375
12414,60.0,M,2,57.5,59.5
12415,120.0,F,1,138.625,140.5
12416,132.0,F,3,130.875,132.75
12417,120.0,F,4,127.8125,121.8125
12418,12.0,M,1,21.859375,20.984375
12419,174.0,M,3,167.125,169.0
12420,120.0,F,1,128.375,131.25
12421,132.0,F,2,131.0,130.625
12422,156.0,M,3,155.625,153.0
12423,156.0,F,3,145.75,146.125
12424,132.0,F,1,134.875,135.5
12425,162.0,M,1,168.375,167.75
12426,132.0,F,5,121.625,122.625
12427,156.0,F,4,150.75,153.625
12428,192.0,M,3,197.0,198.875
12429,168.0,M,5,160.75,161.875
12430,144.0,F,5,139.875,140.0
12431,153.0,M,2,159.25,163.0
12432,180.0,M,3,178.25,177.625
12433,204.0,M,3,207.5,207.0
12434,54.0,M,3,53.625,56.5
12435,132.0,F,4,130.75,133.5
12436,72.0,M,1,82.875,76.625
12437,106.0,F,1,91.9375,87.5625
12438,106.0,F,1,103.5,105.375
12439,108.0,M,2,100.875,100.125
12440,150.0,M,5,147.875,151.125
12441,106.0,F,4,101.0,96.3125
12442,168.0,M,5,170.375,171.0
12443,72.0,M,2,77.9375,75.5
12444,120.0,F,1,126.125,124.3125
12445,96.0,M,5,109.875,109.375
12446,106.0,F,1,114.25,113.0
12447,162.0,F,5,152.125,156.375
12448,144.0,F,2,140.875,145.125
12449,113.0,F,4,111.125,110.9375
12450,132.0,M,1,132.75,129.375
12451,216.0,M,1,213.875,213.125
12452,126.0,F,1,123.25,116.5
12453,132.0,M,5,133.75,134.125
12454,162.0,M,5,161.625,160.125
12455,156.0,F,4,142.75,145.375
12456,144.0,F,4,133.0,135.375
12457,138.0,M,1,133.5,133.75
12458,120.0,F,4,120.3125,119.75
12459,120.0,M,3,123.0625,118.5625
12460,162.0,M,5,155.875,155.75
12461,132.0,M,4,132.375,134.625
12462,126.0,F,1,119.6875,119.9375
12463,120.0,F,5,113.8125,120.0
12464,132.0,F,5,129.0,128.75
12465,162.0,M,1,163.125,162.5
12466,132.0,F,5,122.0625,122.125
12467,168.0,M,5,169.625,168.875
12468,113.0,F,3,104.875,103.9375
12469,156.0,M,3,149.125,150.5
12470,72.0,M,1,88.25,84.375
12471,168.0,M,4,157.0,157.125
12472,144.0,F,2,136.75,137.125
12473,120.0,F,1,124.375,128.375
12474,168.0,M,5,160.25,165.0
12475,50.0,F,2,49.375,52.4375
12476,138.0,M,4,129.5,135.375
12477,168.0,M,4,161.0,163.5
12478,132.0,M,5,121.875,119.125
12479,150.0,M,5,147.375,148.125
12480,186.0,M,2,180.0,184.5
12481,88.0,F,2,81.1875,83.4375
12482,90.0,M,1,97.625,94.375
12483,150.0,M,2,136.625,138.875
12484,48.0,M,1,54.625,50.1875
12485,186.0,M,1,186.125,188.375
12486,75.0,F,3,58.3125,63.40625
12487,94.0,F,2,111.9375,93.375
12488,150.0,M,1,146.0,146.125
12489,150.0,M,4,155.25,158.25
12490,138.0,M,3,152.25,152.125
12491,138.0,F,4,138.0,139.25
12492,126.0,M,2,136.0,133.25
12493,168.0,M,1,167.0,168.75
12494,180.0,M,3,166.25,168.375
12495,82.0,F,1,67.875,69.0
12496,120.0,M,1,126.8125,121.6875
12497,168.0,M,2,168.375,170.375
12498,106.0,F,2,111.75,112.9375
12499,138.0,F,1,128.5,129.0
12500,156.0,F,1,150.75,153.25
12501,108.0,M,4,109.6875,104.75
12502,162.0,M,3,162.125,162.375
12503,168.0,M,4,165.5,168.625
12504,138.0,F,3,138.0,140.5
12505,168.0,M,3,160.125,161.625
12506,126.0,F,3,140.125,140.375
12507,150.0,M,4,146.625,140.0
12508,132.0,F,3,141.875,142.125
12509,144.0,F,3,138.75,139.875
12510,106.0,F,3,99.4375,101.625
12511,144.0,F,5,142.875,141.125
12512,156.0,F,2,141.0,141.75
12513,156.0,M,1,174.25,174.5
12514,132.0,F,3,131.25,132.25
12515,156.0,M,4,144.25,142.5
12516,94.0,F,1,110.5625,111.0625
12517,48.0,M,1,48.5,45.625
12518,94.0,F,1,93.125,91.8125
12519,156.0,F,1,148.0,147.625
12520,144.0,F,1,127.375,127.5625
12521,144.0,F,3,121.5,126.4375
12522,106.0,F,4,104.0625,106.6875
12523,82.0,F,1,83.875,84.4375
12524,144.0,F,4,139.125,140.25
12525,138.0,M,2,132.875,134.875
12526,94.0,F,1,90.9375,88.375
12527,120.0,F,1,116.6875,118.25
12528,96.0,M,1,88.0,83.5
12529,150.0,F,4,147.75,152.375
12530,150.0,M,2,157.375,159.25
12531,30.0,F,3,20.484375,20.296875
12532,94.0,F,5,98.8125,96.875
12533,168.0,M,4,163.0,163.125
12534,156.0,M,4,161.75,161.5
12535,144.0,F,3,140.0,139.25
12536,138.0,M,1,146.25,148.5
12537,156.0,M,2,158.25,159.875
12538,120.0,F,5,125.6875,127.875
12539,120.0,M,3,123.9375,124.0625
12540,156.0,M,3,155.0,152.75
12541,120.0,M,3,125.5625,125.125
12542,120.0,F,4,113.875,115.9375
12543,30.0,F,4,26.109375,31.421875
12544,138.0,M,3,127.5625,130.5
12545,156.0,M,5,153.125,151.375
12546,138.0,M,4,130.625,128.875
12547,156.0,M,1,153.25,152.5
12548,174.0,M,5,174.0,173.625
12549,150.0,F,1,140.125,141.5
12550,120.0,M,5,123.625,122.5
12551,144.0,F,4,138.75,139.25
12552,156.0,M,4,161.125,163.0
12553,162.0,M,2,165.5,167.75
12554,120.0,M,5,127.5625,133.0
12555,94.0,F,2,88.5,87.0
12556,120.0,F,5,116.3125,117.875
12557,168.0,M,3,168.875,169.125
12558,180.0,M,2,182.5,185.5
12559,94.0,F,5,91.6875,90.125
12560,94.0,F,2,88.625,87.5625
12561,132.0,F,2,136.25,141.125
12562,144.0,F,2,144.875,146.0
12563,150.0,M,3,141.0,140.25
12564,186.0,M,4,186.5,186.0
12565,156.0,M,4,153.25,155.25
12566,161.0,M,1,160.875,162.375
12567,50.0,F,2,39.4375,40.375
12568,168.0,M,5,166.75,166.0
12569,156.0,M,2,148.5,150.0
12570,162.0,F,3,160.875,156.625
12571,108.0,M,5,108.4375,106.5625
12572,156.0,M,1,159.0,157.5
12573,216.0,M,2,201.5,213.75
12574,120.0,F,2,120.75,116.9375
12575,180.0,M,5,165.625,166.375
12576,144.0,M,4,150.0,148.0
12577,144.0,F,2,150.375,153.625
12578,96.0,M,4,87.6875,89.5625
12579,60.0,M,1,56.9375,51.1875
12580,120.0,M,1,135.875,136.125
12581,96.0,M,5,97.0,95.6875
12582,132.0,F,2,136.375,134.125
12583,132.0,F,5,123.4375,123.8125
12584,106.0,F,1,100.0,98.125
12585,113.0,F,2,126.8125,127.0
12586,94.0,F,2,94.375,90.4375
12587,162.0,M,1,164.25,163.625
12588,204.0,M,4,203.75,200.0
12589,82.0,F,1,93.1875,91.6875
12590,132.0,M,4,123.875,121.625
12591,180.0,M,4,179.875,179.375
12592,144.0,F,1,138.5,138.875
12593,24.0,M,2,30.234375,20.484375
12594,96.0,M,3,89.625,90.6875
12595,144.0,F,1,140.25,145.625
12596,168.0,M,4,161.375,165.25
12597,156.0,M,4,156.125,157.0
12598,216.0,M,4,213.375,218.75
12599,144.0,F,5,151.875,152.375
12600,82.0,F,3,99.5,100.8125
12601,168.0,M,5,168.375,168.25
12602,204.0,M,1,208.375,207.75
12603,54.0,M,1,59.9375,50.5625
12604,186.0,M,3,186.25,186.5
12605,100.0,F,5,104.75,105.875
12606,144.0,F,2,141.625,142.625
12607,150.0,M,5,142.125,141.75
12608,162.0,F,3,154.625,158.0
12609,162.0,M,1,165.0,167.125
12610,156.0,F,3,145.25,146.375
12611,60.0,M,2,61.8125,64.125
12612,144.0,F,1,145.875,144.0
12613,144.0,F,1,135.875,137.5
12614,132.0,M,2,114.125,113.3125
12615,162.0,M,1,163.875,161.5
12616,120.0,F,2,123.0,121.8125
12617,69.0,M,2,101.375,99.6875
12618,144.0,F,5,147.625,145.25
12619,106.0,F,4,122.1875,121.0
12620,150.0,M,3,140.875,141.375
12621,103.0,F,1,101.0,102.5
12622,106.0,F,1,107.5625,109.3125
12623,94.0,F,4,88.0625,87.3125
12624,156.0,M,5,151.875,150.875
12625,82.0,F,3,82.375,81.125
12626,82.0,F,4,82.75,80.0625
12627,90.0,M,1,86.25,81.0
12628,138.0,F,3,128.125,131.5
12629,82.0,F,4,82.3125,80.125
12630,168.0,F,2,169.875,174.625
12631,174.0,M,4,166.375,167.75
12632,150.0,M,4,137.5,138.625
12633,69.0,F,2,73.75,73.8125
12634,180.0,F,2,177.75,187.125
12635,106.0,F,1,92.5625,97.625
12636,132.0,F,3,134.25,133.125
12637,150.0,M,2,151.0,150.125
12638,132.0,F,4,123.3125,121.8125
12639,132.0,F,4,135.875,136.375
12640,82.0,F,3,72.5,72.625
12641,138.0,M,3,144.75,144.0
12642,50.0,F,3,49.5,50.0
12643,138.0,F,5,148.125,148.75
12644,39.0,M,4,48.3125,51.25
12645,216.0,M,3,210.625,211.5
12646,66.0,M,4,64.625,63.9375
12647,204.0,M,2,201.75,206.75
12648,60.0,M,1,68.625,64.375
12649,204.0,M,5,202.625,203.25
12650,144.0,M,3,142.875,141.125
12651,60.0,M,2,64.625,70.6875
12652,168.0,M,2,159.375,161.75
12653,106.0,F,5,108.0,110.0
12654,156.0,M,4,153.5,155.75
12655,168.0,M,2,164.5,167.875
12656,144.0,F,4,136.125,138.375
12657,162.0,F,5,165.0,166.5
12658,72.0,M,5,75.375,76.125
12659,144.0,F,4,146.375,148.875
12660,42.0,F,2,36.9375,37.3125
12661,126.0,F,5,127.75,125.75
12662,106.0,F,2,100.0,89.0625
12663,168.0,M,4,156.5,160.125
12664,138.0,M,5,126.25,126.0625
12665,94.0,F,3,84.75,87.9375
12666,120.0,F,2,136.625,135.75
12667,168.0,M,5,173.5,173.75
12668,168.0,F,1,172.0,175.75
12669,138.0,M,5,134.625,137.0
12670,82.0,F,4,80.375,79.75
12671,162.0,M,5,156.875,157.875
12672,94.0,F,2,89.25,84.0625
12673,84.0,M,3,94.75,95.3125
12674,144.0,F,5,129.625,129.875
12675,156.0,M,1,141.625,141.125
12676,100.0,F,4,100.25,98.5
12677,106.0,F,1,103.625,104.0625
12678,120.0,F,4,120.4375,119.0625
12679,94.0,M,2,113.5625,105.8125
12680,144.0,F,1,148.375,148.25
12681,132.0,F,3,133.75,133.625
12682,120.0,M,4,119.25,114.8125
12683,150.0,M,2,144.5,140.625
12684,144.0,F,3,133.0,134.25
12685,132.0,F,2,135.625,134.75
12686,94.0,F,5,105.0625,104.3125
12687,90.0,M,5,95.0625,95.1875
12688,186.0,M,4,184.25,181.875
12689,156.0,M,5,162.375,161.25
12690,144.0,F,3,126.125,124.3125
12691,162.0,F,4,162.875,163.0
12692,156.0,F,4,148.375,151.75
12693,108.0,M,2,104.1875,104.5
12694,94.0,F,5,94.0,96.4375
12695,168.0,F,1,165.0,167.5
12696,132.0,F,5,139.375,138.125
12697,106.0,F,2,105.0625,100.6875
12698,120.0,F,2,110.75,107.75
12699,144.0,F,5,148.375,148.375
12700,186.0,M,3,188.875,191.625
12701,192.0,M,4,185.75,185.375
12702,82.0,F,4,70.25,72.25
12703,82.0,F,4,90.9375,90.75
12704,162.0,M,1,153.375,153.625
12705,156.0,M,3,154.875,153.5
12706,94.0,F,5,94.25,96.9375
12707,120.0,F,4,108.9375,107.125
12708,94.0,F,5,91.0625,92.5
12709,168.0,M,4,167.25,170.625
12710,132.0,F,1,122.125,124.5
12711,156.0,M,2,166.375,169.5
12712,94.0,F,4,106.25,104.75
12713,156.0,M,5,158.5,158.625
12714,72.0,M,2,60.1875,67.0
12715,108.0,M,5,112.375,114.75
12716,168.0,F,4,162.875,163.125
12717,144.0,F,5,147.125,146.375
12718,94.0,F,3,92.1875,94.8125
12719,192.0,F,4,184.75,179.875
12720,150.0,F,3,148.25,150.0
12721,94.0,F,2,88.1875,87.75
12722,150.0,M,1,161.5,161.5
12723,94.0,F,2,91.6875,88.9375
12724,120.0,F,1,121.375,126.9375
12725,84.0,M,5,81.375,81.5
12726,168.0,M,1,171.625,173.0
12727,174.0,M,1,171.125,171.75
12728,106.0,F,1,103.1875,100.5
12729,156.0,M,2,162.125,161.625
12730,138.0,M,3,130.5,131.625
12731,168.0,M,5,161.75,160.5
12732,60.0,F,3,60.75,62.3125
12733,168.0,M,5,162.5,161.0
12734,108.0,M,5,112.8125,110.875
12735,156.0,M,3,150.125,146.0
12736,180.0,M,1,172.25,171.0
12737,156.0,M,5,155.375,155.625
12738,210.0,M,4,210.875,210.25
12739,204.0,M,4,202.125,198.5
12740,144.0,F,5,136.0,135.5
12741,69.0,F,2,65.375,69.0
12742,94.0,F,3,94.9375,93.9375
12743,174.0,M,4,165.375,167.25
12744,120.0,F,5,122.4375,125.375
12745,168.0,M,1,162.625,165.375
12746,156.0,F,5,147.875,145.75
12747,156.0,M,3,146.625,148.125
12748,106.0,F,1,106.9375,108.8125
12749,156.0,M,4,157.125,158.125
12750,150.0,M,1,148.375,148.75
12751,108.0,M,5,109.25,108.125
12752,72.0,M,5,74.6875,74.0
12753,84.0,M,3,82.1875,87.75
12754,132.0,F,1,145.5,145.5
12755,54.0,M,2,44.1875,44.4375
12756,42.0,M,5,41.1875,41.3125
12757,162.0,F,4,160.0,160.0
12758,132.0,F,2,120.6875,118.625
12759,106.0,F,5,102.625,101.0
12760,50.0,F,1,67.5625,68.25
12761,150.0,M,2,129.375,121.25
12762,144.0,F,3,143.5,146.125
12763,132.0,F,1,124.625,127.0625
12764,150.0,M,5,119.75,120.9375
12765,174.0,M,1,173.0,174.125
12766,138.0,F,2,136.375,135.625
12767,102.0,M,3,93.0,92.25
12768,72.0,M,1,74.0,65.875
12769,138.0,M,3,140.5,143.5
12770,82.0,F,3,66.9375,67.8125
12771,138.0,M,1,139.0,137.625
12772,84.0,M,2,66.6875,68.5625
12773,120.0,F,1,131.625,132.5
12774,150.0,M,1,149.75,147.25
12775,168.0,M,5,162.875,161.125
12776,120.0,F,5,142.5,140.125
12777,156.0,M,4,156.25,157.25
12778,120.0,F,2,114.375,109.125
12779,204.0,M,2,196.875,204.75
12780,94.0,F,1,98.0625,99.75
12781,82.0,F,1,74.8125,77.75
12782,82.0,F,5,85.6875,87.75
12783,82.0,F,3,86.6875,89.5
12784,106.0,F,1,129.125,125.8125
12785,138.0,F,4,133.375,132.375
12786,138.0,F,3,136.625,136.25
12787,162.0,F,2,163.0,166.125
12788,42.0,F,1,50.0,45.375
12789,94.0,F,1,83.875,81.625
12790,156.0,M,4,150.625,148.25
12791,156.0,F,5,151.375,152.0
12792,39.0,M,4,41.0625,46.8125
12793,84.0,M,3,86.25,87.6875
12794,216.0,M,3,209.625,220.25
12795,106.0,F,4,113.875,112.5
12796,120.0,F,4,127.6875,125.6875
12797,120.0,F,1,108.1875,112.375
12798,96.0,M,3,103.75,101.9375
12799,77.0,F,1,69.25,69.875
12800,24.0,M,4,28.234375,39.6875
12801,132.0,M,1,130.625,127.8125
12802,144.0,F,5,143.25,142.75
12803,132.0,F,5,135.75,134.625
12804,204.0,F,5,182.125,182.875
12805,108.0,M,1,124.25,125.5
12806,156.0,M,3,154.625,153.75
12807,162.0,M,5,162.5,160.375
12808,120.0,F,3,122.6875,121.6875
12809,138.0,M,1,140.125,143.375
12810,144.0,F,1,152.0,151.5
12811,156.0,M,1,150.0,147.875
12812,168.0,M,2,156.625,159.125
12813,96.0,M,3,92.8125,94.375
12814,96.0,M,5,113.6875,112.0
12815,60.0,M,3,59.3125,64.875
12816,69.0,F,2,64.125,59.6875
12817,106.0,F,2,129.25,130.875
12818,132.0,M,1,142.375,142.25
12819,36.0,F,5,43.0625,45.5
12820,150.0,M,5,148.75,149.5
12821,72.0,M,2,61.0,64.25
12822,60.0,M,2,67.3125,73.0625
12823,102.0,M,4,108.5625,109.125
12824,84.0,M,2,95.0625,99.1875
12825,120.0,M,5,127.75,127.8125
12826,138.0,M,1,121.9375,121.875
12827,114.0,F,2,124.25,124.0625
12828,120.0,F,3,111.1875,107.9375
12829,144.0,F,4,140.375,140.25
12830,150.0,F,4,149.5,153.5
12831,69.0,F,2,62.6875,62.5
12832,138.0,F,2,136.25,128.5
12833,126.0,F,4,127.375,128.0
12834,204.0,M,5,203.625,203.625
12835,156.0,M,2,163.0,163.75
12836,108.0,M,2,112.0625,106.25
12837,54.0,M,1,52.1875,47.0625
12838,84.0,M,3,99.875,103.25
12839,168.0,M,3,164.375,163.25
12840,153.0,M,5,153.0,151.5
12841,108.0,M,3,125.9375,125.8125
12842,168.0,F,4,166.25,165.375
12843,82.0,F,1,81.25,84.3125
12844,120.0,F,2,126.9375,125.875
12845,180.0,M,4,168.125,171.375
12846,132.0,F,1,135.75,136.75
12847,36.0,M,1,49.25,42.25
12848,60.0,F,1,56.9375,53.4375
12849,82.0,F,4,86.875,85.5
12850,108.0,M,2,128.625,121.1875
12851,162.0,F,2,148.5,151.625
12852,54.0,M,4,57.0,55.875
12853,106.0,F,2,108.375,102.5625
12854,113.0,F,5,115.6875,114.5
12855,150.0,M,1,146.25,149.625
12856,162.0,M,5,161.0,160.0
12857,96.0,M,4,97.75,93.375
12858,180.0,M,1,180.375,182.75
12859,120.0,M,1,124.8125,123.3125
12860,132.0,F,4,123.25,118.875
12861,138.0,M,4,139.625,137.375
12862,138.0,M,4,129.375,123.375
12863,144.0,F,2,138.875,143.375
12864,162.0,F,1,163.375,164.375
12865,88.0,F,4,73.375,74.75
12866,120.0,F,4,124.5,123.8125
12867,156.0,M,3,161.0,162.5
12868,106.0,F,4,101.625,99.4375
12869,174.0,M,5,164.625,164.125
12870,101.0,F,5,102.0,100.0
12871,144.0,F,2,139.5,140.25
12872,162.0,M,4,164.5,166.0
12873,100.0,F,4,103.5,100.375
12874,106.0,F,3,116.25,119.25
12875,96.0,M,3,92.0625,95.1875
12876,156.0,F,5,139.625,137.125
12877,69.0,F,1,71.5,71.625
12878,138.0,M,1,143.625,141.625
12879,162.0,M,4,158.875,157.625
12880,150.0,M,5,155.5,154.25
12881,204.0,M,2,194.5,200.75
12882,156.0,F,4,147.75,151.375
12883,108.0,M,4,104.125,104.5
12884,156.0,M,1,163.125,165.125
12885,162.0,M,3,166.75,166.75
12886,150.0,M,5,151.0,150.5
12887,132.0,M,2,146.125,144.5
12888,82.0,F,1,85.1875,83.1875
12889,168.0,M,5,166.125,164.375
12890,192.0,M,4,193.5,186.625
12891,150.0,M,3,139.75,137.875
12892,60.0,F,3,55.3125,56.6875
12893,138.0,M,5,144.125,148.75
12894,156.0,M,4,143.125,143.5
12895,168.0,M,3,166.125,166.75
12896,144.0,F,5,143.75,142.25
12897,150.0,M,2,139.125,138.875
12898,132.0,M,1,141.75,139.875
12899,162.0,F,1,162.375,165.875
12900,192.0,F,2,180.5,184.75
12901,60.0,F,4,66.75,63.3125
12902,150.0,M,5,152.75,152.875
12903,144.0,F,3,135.875,135.75
12904,162.0,F,1,160.5,160.625
12905,189.0,M,4,186.375,184.0
12906,132.0,F,2,130.0,128.625
12907,156.0,F,3,148.25,149.75
12908,150.0,M,3,146.0,148.25
12909,162.0,M,2,160.375,159.875
12910,156.0,F,2,151.875,151.75
12911,156.0,F,3,147.625,146.75
12912,60.0,M,2,59.3125,64.5
12913,96.0,M,4,111.8125,107.125
12914,168.0,M,1,171.0,170.5
12915,57.0,M,2,58.375,56.375
12916,144.0,F,2,122.3125,121.875
12917,94.0,F,4,94.6875,91.5
12918,144.0,F,3,130.5,130.75
12919,144.0,F,5,143.875,143.125
12920,94.0,M,3,122.8125,122.5
12921,120.0,M,4,132.0,131.125
12922,168.0,M,5,164.125,164.25
12923,150.0,M,2,140.125,140.375
12924,162.0,F,4,158.625,157.625
12925,94.0,F,4,101.5625,94.25
12926,94.0,F,1,97.5625,97.25
12927,69.0,F,1,83.875,84.9375
12928,150.0,M,5,147.0,147.875
12929,132.0,M,3,125.4375,120.25
12930,138.0,M,2,129.875,132.375
12931,156.0,M,3,150.375,153.625
12932,162.0,M,2,156.875,155.5
12933,108.0,M,4,100.375,98.125
12934,150.0,M,4,151.5,149.5
12935,162.0,M,5,164.125,162.5
12936,48.0,M,2,50.6875,50.1875
12937,162.0,M,5,148.5,149.75
12938,94.0,M,2,129.125,125.8125
12939,180.0,M,1,170.125,172.125
12940,150.0,F,3,145.875,146.625
12941,36.0,M,3,21.796875,21.921875
12942,168.0,M,2,163.5,165.125
12943,120.0,F,2,115.9375,118.5625
12944,166.0,M,1,155.875,159.5
12945,138.0,M,3,146.5,143.375
12946,94.0,F,2,92.875,89.125
12947,168.0,M,1,169.875,169.125
12948,162.0,M,2,167.75,169.875
12949,144.0,F,5,147.875,144.625
12950,120.0,M,1,109.375,110.875
12951,162.0,M,5,161.625,160.5
12952,168.0,F,5,170.25,169.75
12953,94.0,F,5,82.9375,85.5625
12954,132.0,M,5,138.25,140.25
12955,120.0,M,1,118.1875,119.0
12956,204.0,M,5,202.125,203.5
12957,82.0,F,4,94.9375,92.6875
12958,162.0,M,5,157.875,157.25
12959,72.0,M,4,62.0625,61.375
12960,94.0,F,4,99.25,94.5625
12961,186.0,M,2,185.25,190.0
12962,108.0,M,1,114.5625,113.1875
12963,156.0,M,1,154.625,155.625
12964,132.0,F,4,130.0,128.875
12965,120.0,F,2,130.5,128.875
12966,82.0,F,4,84.875,84.5625
12967,69.0,F,3,63.9375,68.125
12968,168.0,M,3,168.625,169.625
12969,156.0,M,4,151.375,152.375
12970,180.0,F,4,180.75,181.375
12971,106.0,F,1,101.875,100.625
12972,72.0,M,4,60.0,61.4375
12973,112.0,F,1,99.1875,98.25
12974,48.0,M,3,46.0,48.0
12975,120.0,F,2,131.125,127.875
12976,150.0,M,3,155.625,156.0
12977,126.0,F,2,124.0625,128.25
12978,180.0,M,4,180.0,177.125
12979,156.0,F,4,159.0,159.75
12980,144.0,F,2,143.0,144.375
12981,162.0,M,2,162.0,162.0
12982,82.0,F,1,90.625,93.375
12983,162.0,M,1,158.0,160.75
12984,162.0,M,1,162.25,164.75
12985,76.0,F,4,78.75,79.375
12986,106.0,F,2,108.6875,96.25
12987,84.0,M,2,81.0,83.125
12988,186.0,M,3,190.5,196.0
12989,82.0,F,2,81.25,81.1875
12990,120.0,F,3,122.4375,123.1875
12991,60.0,F,2,61.1875,64.5
12992,180.0,M,2,178.875,178.625
12993,96.0,M,5,102.5,102.125
12994,132.0,F,4,144.0,144.75
12995,120.0,M,1,125.0,124.4375
12996,168.0,M,4,157.875,160.125
12997,78.0,M,1,83.25,81.25
12998,162.0,M,4,159.875,161.125
12999,144.0,F,2,136.875,138.125
13000,156.0,M,3,157.125,157.0
13001,132.0,F,4,139.125,140.125
13002,108.0,M,3,92.9375,94.625
13003,120.0,M,2,132.875,131.75
13004,132.0,F,5,127.625,126.5
13005,138.0,M,5,145.375,142.75
13006,168.0,M,4,162.625,165.0
13007,108.0,M,2,98.375,97.6875
13008,42.0,F,3,54.5625,55.9375
13009,198.0,M,4,198.25,193.875
13010,138.0,M,4,142.5,140.125
13011,168.0,F,2,159.75,164.375
13012,84.0,M,3,73.625,77.9375
13013,106.0,F,3,103.6875,108.5
13014,150.0,F,5,139.25,139.875
13015,84.0,M,3,90.375,92.3125
13016,132.0,M,5,131.75,132.0
13017,138.0,M,2,147.875,135.875
13018,162.0,M,5,161.25,159.625
13019,120.0,F,3,127.625,125.375
13020,69.0,F,3,65.625,66.875
13021,162.0,M,2,159.625,159.375
13022,168.0,M,3,162.5,163.625
13023,156.0,F,3,150.125,150.75
13024,69.0,F,3,61.0,63.0625
13025,168.0,M,2,166.0,167.0
13026,94.0,F,1,101.75,107.1875
13027,156.0,F,1,148.875,147.125
13028,120.0,F,3,108.625,107.8125
13029,94.0,F,2,97.0,97.5
13030,168.0,F,5,172.625,174.0
13031,150.0,M,1,147.625,146.875
13032,180.0,M,4,182.75,183.875
13033,106.0,F,2,119.4375,118.6875
13034,138.0,M,5,131.0,131.0
13035,150.0,M,2,132.375,129.375
13036,132.0,M,1,134.5,140.25
13037,168.0,F,3,168.5,168.375
13038,40.0,M,2,50.1875,54.5
13039,114.0,M,1,125.0,126.3125
13040,72.0,M,3,76.25,78.1875
13041,132.0,F,3,139.875,141.75
13042,144.0,F,3,139.375,138.125
13043,228.0,M,3,218.5,225.75
13044,156.0,M,2,159.25,160.5
13045,138.0,M,4,141.5,141.875
13046,108.0,M,1,108.0625,104.4375
13047,120.0,F,5,107.875,111.3125
13048,82.0,F,4,80.5625,79.6875
13049,156.0,M,1,161.875,162.5
13050,106.0,F,3,101.75,99.9375
13051,186.0,M,3,187.625,190.875
13052,180.0,M,2,192.625,195.0
13053,69.0,F,4,67.5625,65.25
13054,150.0,M,3,132.375,129.875
13055,60.0,F,4,65.125,65.0625
13056,60.0,M,4,63.1875,63.0625
13057,156.0,M,3,147.75,147.375
13058,168.0,M,5,166.875,165.375
13059,159.0,F,2,155.875,160.25
13060,132.0,F,4,130.75,128.75
13061,120.0,F,4,105.4375,104.125
13062,162.0,F,2,167.25,171.125
13063,132.0,M,4,140.25,138.0
13064,156.0,M,1,161.5,161.125
13065,72.0,M,4,85.4375,77.6875
13066,138.0,M,5,144.0,140.25
13067,72.0,M,4,86.5,78.75
13068,120.0,F,5,119.3125,118.0
13069,156.0,M,3,156.0,155.0
13070,60.0,F,5,67.0625,68.8125
13071,132.0,M,2,128.25,121.875
13072,78.0,M,4,76.4375,76.5625
13073,82.0,F,1,66.625,66.4375
13074,120.0,M,1,126.75,127.1875
13075,82.0,F,3,82.3125,83.3125
13076,94.0,F,4,90.8125,89.3125
13077,192.0,M,2,191.0,194.125
13078,108.0,M,2,123.375,120.0625
13079,168.0,M,2,171.25,172.5
13080,126.0,M,4,123.75,121.9375
13081,156.0,M,1,157.125,156.75
13082,138.0,M,5,128.25,129.625
13083,120.0,F,1,123.0625,122.6875
13084,82.0,F,2,87.25,83.5
13085,150.0,M,5,138.5,135.125
13086,96.0,M,2,107.0625,107.125
13087,54.0,M,3,54.75,57.375
13088,69.0,F,4,69.5625,69.9375
13089,144.0,F,1,143.125,144.5
13090,132.0,M,4,121.4375,112.75
13091,156.0,M,2,149.75,151.625
13092,150.0,F,4,146.25,150.875
13093,132.0,M,1,119.5625,119.5625
13094,106.0,F,4,111.25,112.5625
13095,168.0,M,1,173.625,178.875
13096,60.0,F,1,76.5,76.75
13097,62.0,F,5,48.5,50.3125
13098,72.0,M,5,64.625,65.9375
13099,180.0,M,5,180.625,177.375
13100,150.0,M,3,156.75,156.25
13101,106.0,F,2,103.375,98.3125
13102,90.0,M,1,94.875,99.3125
13103,156.0,M,4,152.625,154.0
13104,150.0,F,1,147.25,147.375
13105,84.0,M,1,96.75,95.6875
13106,106.0,F,3,113.375,115.1875
13107,156.0,M,5,144.375,145.25
13108,120.0,F,5,102.75,101.1875
13109,82.0,F,5,62.25,61.875
13110,120.0,M,5,111.0,110.1875
13111,94.0,F,1,75.625,75.25
13112,156.0,M,5,152.125,153.375
13113,204.0,M,2,191.5,201.875
13114,228.0,M,5,219.625,221.375
13115,156.0,M,1,154.5,156.5
13116,69.0,F,3,66.9375,71.1875
13117,102.0,M,1,112.1875,111.25
13118,159.0,M,1,158.625,161.75
13119,156.0,M,4,148.875,149.0
13120,120.0,F,5,120.5,119.125
13121,156.0,M,3,159.875,158.125
13122,132.0,F,4,123.4375,125.0625
13123,96.0,M,4,91.875,94.8125
13124,156.0,M,2,160.5,162.625
13125,43.0,F,2,42.3125,48.125
13126,192.0,M,5,189.125,190.125
13127,96.0,M,1,84.1875,79.4375
13128,156.0,M,4,152.125,152.5
13129,106.0,F,1,120.1875,121.375
13130,150.0,M,4,149.625,151.5
13131,180.0,M,1,185.125,187.0
13132,150.0,M,4,153.25,150.375
13133,162.0,M,1,164.875,166.125
13134,108.0,M,2,105.375,104.375
13135,162.0,F,5,167.0,166.625
13136,162.0,F,4,162.125,160.25
13137,132.0,F,4,136.125,136.75
13138,69.0,F,3,67.375,69.5625
13139,156.0,F,2,147.0,146.25
13140,144.0,F,3,127.875,129.0
13141,54.0,M,3,46.1875,48.0
13142,132.0,M,4,127.875,126.4375
13143,120.0,M,2,118.5625,115.625
13144,162.0,M,3,152.625,150.125
13145,60.0,F,5,54.5,55.6875
13146,120.0,F,1,110.25,110.8125
13147,156.0,M,4,138.125,136.5
13148,82.0,F,2,74.375,72.5625
13149,144.0,F,1,148.75,146.875
13150,168.0,M,2,167.375,168.25
13151,106.0,F,4,104.625,102.1875
13152,60.0,M,4,74.75,71.3125
13153,120.0,F,4,124.875,124.0
13154,168.0,M,5,167.25,167.5
13155,162.0,M,1,159.375,157.375
13156,132.0,F,5,134.5,130.375
13157,42.0,M,2,47.125,50.5625
13158,132.0,M,2,128.75,121.9375
13159,108.0,M,2,125.75,125.5
13160,156.0,M,4,152.125,152.125
13161,186.0,M,1,185.375,185.625
13162,162.0,M,4,154.875,156.375
13163,156.0,F,1,152.125,155.125
13164,162.0,M,3,166.75,167.25
13165,132.0,F,1,148.75,150.0
13166,120.0,F,3,125.125,123.375
13167,96.0,M,5,92.6875,92.6875
13168,120.0,M,2,121.1875,121.75
13169,156.0,M,1,156.75,154.875
13170,144.0,F,1,148.25,146.375
13171,162.0,M,5,163.125,162.5
13172,108.0,M,5,114.875,116.6875
13173,180.0,F,5,179.75,178.125
13174,54.0,M,5,66.3125,64.75
13175,150.0,M,1,154.375,151.875
13176,82.0,F,1,88.75,89.1875
13177,96.0,M,4,114.3125,113.4375
13178,156.0,M,3,150.5,152.25
13179,216.0,F,3,189.625,196.0
13180,162.0,M,1,159.0,158.625
13181,138.0,M,4,129.625,125.4375
13182,159.0,F,3,163.75,165.25
13183,216.0,F,3,202.25,207.875
13184,168.0,M,5,165.625,165.625
13185,138.0,M,1,141.375,144.25
13186,106.0,F,3,115.6875,115.5625
13187,138.0,F,5,142.25,141.875
13188,138.0,M,1,134.625,133.875
13189,108.0,M,1,100.25,98.375
13190,168.0,M,5,165.625,165.875
13191,156.0,F,4,153.375,154.375
13192,162.0,M,5,154.625,153.375
13193,138.0,M,2,139.375,139.25
13194,138.0,M,3,162.75,161.625
13195,132.0,F,4,133.625,132.625
13196,150.0,M,4,137.375,137.375
13197,162.0,M,4,155.25,154.875
13198,162.0,M,2,159.375,163.375
13199,120.0,F,3,130.875,128.125
13200,138.0,M,3,146.375,146.125
13201,156.0,M,1,159.75,162.5
13202,60.0,M,5,70.25,72.1875
13203,156.0,M,3,155.875,157.875
13204,96.0,M,5,99.5625,100.1875
13205,94.0,F,4,95.0,95.25
13206,132.0,F,4,133.375,133.75
13207,138.0,M,1,144.0,144.125
13208,138.0,M,5,134.625,135.625
13209,120.0,F,5,121.4375,122.6875
13210,82.0,F,4,62.125,65.0625
13211,168.0,M,1,169.625,169.625
13212,120.0,F,2,124.875,125.375
13213,192.0,M,3,192.75,194.875
13214,144.0,F,2,147.5,149.375
13215,162.0,M,2,159.5,161.25
13216,138.0,M,5,133.875,133.875
13217,138.0,M,4,144.625,141.875
13218,72.0,M,2,75.375,78.4375
13219,132.0,F,4,124.125,121.5625
13220,54.0,M,4,40.0625,46.75
13221,21.0,M,3,20.171875,20.734375
13222,138.0,M,4,144.625,142.0
13223,150.0,M,4,149.5,145.125
13224,50.0,F,5,50.3125,51.1875
13225,162.0,F,4,160.5,162.125
13226,132.0,F,2,134.875,133.125
13227,186.0,M,3,178.5,180.875
13228,94.0,F,5,90.25,88.375
13229,120.0,F,5,117.6875,117.4375
13230,132.0,F,3,122.9375,120.5
13231,94.0,F,2,95.6875,95.8125
13232,94.0,F,4,98.0625,95.0
13233,120.0,F,5,111.75,113.8125
13234,106.0,F,5,112.4375,110.5625
13235,106.0,F,3,104.75,102.6875
13236,150.0,M,2,155.125,158.625
13237,120.0,F,1,118.4375,124.25
13238,82.0,F,5,74.5,77.375
13239,132.0,F,4,133.875,133.625
13240,168.0,M,5,161.375,160.0
13241,150.0,M,3,150.0,148.375
13242,162.0,M,2,156.875,157.125
13243,84.0,M,2,96.25,94.1875
13244,156.0,F,3,147.75,148.5
13245,60.0,F,4,49.5,54.3125
13246,132.0,F,3,118.375,114.9375
13247,108.0,M,2,86.125,87.8125
13248,168.0,M,1,168.75,171.25
13249,186.0,M,4,188.375,186.625
13250,150.0,M,3,148.0,144.875
13251,150.0,M,5,153.625,155.5
13252,138.0,M,4,136.875,136.375
13253,88.0,F,3,95.5,94.9375
13254,106.0,F,3,120.8125,119.8125
13255,82.0,F,5,83.1875,83.0
13256,108.0,M,2,101.375,97.4375
13257,168.0,M,5,160.375,162.0
13258,138.0,M,1,141.25,137.125
13259,94.0,F,2,87.8125,83.75
13260,156.0,M,1,161.625,163.25
13261,94.0,F,2,93.5625,89.9375
13262,84.0,M,5,95.3125,95.1875
13263,162.0,M,4,161.25,162.875
13264,96.0,M,3,92.0625,90.875
13265,168.0,M,3,160.5,161.25
13266,106.0,F,4,111.375,111.75
13267,156.0,M,5,159.375,156.875
13268,162.0,M,4,159.25,157.75
13269,156.0,M,1,147.5,144.75
13270,144.0,M,4,140.875,140.25
13271,126.0,F,1,117.4375,115.5625
13272,132.0,F,5,109.125,111.6875
13273,192.0,M,4,205.75,199.875
13274,94.0,F,1,86.75,86.75
13275,144.0,F,5,139.125,139.25
13276,120.0,F,5,104.875,104.1875
13277,94.0,F,2,97.625,92.5625
13278,156.0,M,4,162.125,162.875
13279,69.0,F,1,72.0,69.0625
13280,168.0,M,3,168.375,169.75
13281,162.0,F,3,165.25,167.0
13282,120.0,M,2,124.0,118.6875
13283,82.0,F,3,92.1875,93.4375
13284,150.0,M,2,147.75,144.875
13285,96.0,M,3,83.625,88.3125
13286,94.0,F,3,85.25,86.25
13287,186.0,M,5,184.375,185.875
13288,113.0,F,2,109.25,108.25
13289,132.0,F,3,132.5,131.75
13290,156.0,M,3,151.875,151.625
13291,144.0,F,3,142.625,142.625
13292,150.0,M,2,145.5,143.875
13293,60.0,M,4,62.125,63.65625
13294,106.0,F,1,109.8125,110.3125
13295,144.0,F,1,144.75,145.375
13296,94.0,F,1,88.6875,88.875
13297,156.0,F,3,148.5,150.125
13298,113.0,F,5,108.9375,110.0
13299,69.0,F,5,71.0625,69.5625
13300,150.0,M,4,155.375,155.375
13301,132.0,F,2,130.75,129.375
13302,106.0,F,2,111.8125,105.9375
13303,168.0,M,4,164.625,166.5
13304,30.0,F,5,23.609375,29.984375
13305,216.0,F,4,201.375,204.625
13306,84.0,M,4,81.625,75.125
13307,150.0,M,5,147.75,150.5
13308,24.0,F,2,21.296875,16.234375
13309,168.0,M,3,160.0,161.375
13310,168.0,M,5,168.875,168.875
13311,192.0,F,4,191.5,190.375
13312,162.0,M,2,163.25,161.5
13313,82.0,F,5,78.125,81.9375
13314,162.0,M,4,164.75,166.125
13315,132.0,F,5,135.5,135.625
13316,72.0,M,3,56.25,58.875
13317,168.0,M,5,169.625,170.625
13318,94.0,F,2,104.4375,94.875
13319,82.0,F,2,75.25,78.75
13320,162.0,M,4,157.0,160.25
13321,144.0,F,5,137.875,136.375
13322,216.0,M,3,226.375,226.75
13323,144.0,F,1,143.625,142.75
13324,153.0,M,4,148.0,149.0
13325,42.0,F,5,61.0625,57.8125
13326,144.0,F,3,138.625,137.25
13327,168.0,F,4,176.625,169.75
13328,168.0,M,5,163.75,163.75
13329,144.0,F,4,140.125,143.5
13330,60.0,F,5,60.25,59.4375
13331,168.0,M,3,162.625,163.375
13332,162.0,F,5,165.0,165.0
13333,138.0,M,1,143.125,143.25
13334,88.0,F,4,87.8125,89.3125
13335,120.0,F,3,117.3125,116.3125
13336,132.0,F,1,127.125,127.75
13337,156.0,M,3,153.375,153.375
13338,132.0,M,4,126.6875,126.625
13339,132.0,M,5,132.625,136.875
13340,120.0,M,4,120.25,115.8125
13341,60.0,M,4,72.6875,69.6875
13342,168.0,M,5,164.75,162.75
13343,120.0,M,4,96.75,99.125
13344,156.0,M,1,158.0,158.5
13345,14.0,F,5,12.9296875,20.734375
13346,94.0,F,3,93.0625,93.3125
13347,162.0,F,3,158.5,160.125
13348,69.0,F,2,72.6875,75.5
13349,138.0,M,1,134.5,136.125
13350,94.0,F,3,95.0,95.3125
13351,168.0,M,1,167.875,169.375
13352,94.0,F,4,106.1875,107.0625
13353,96.0,M,4,110.875,104.125
13354,102.0,M,3,106.4375,103.4375
13355,156.0,M,5,161.0,160.75
13356,150.0,F,1,142.5,143.625
13357,144.0,F,2,142.75,141.75
13358,94.0,F,3,98.4375,110.125
13359,156.0,M,5,152.5,149.0
13360,156.0,F,3,146.625,148.125
13361,150.0,M,1,141.625,139.375
13362,150.0,M,2,150.375,154.0
13363,72.0,M,5,77.75,77.0625
13364,168.0,M,1,167.5,169.75
13365,150.0,M,4,150.75,150.25
13366,132.0,F,1,142.0,143.875
13367,165.0,M,2,162.5,163.875
13368,82.0,F,3,91.875,91.625
13369,138.0,M,4,138.875,135.625
13370,156.0,F,5,149.125,147.875
13371,72.0,M,3,55.75,56.125
13372,186.0,M,5,184.5,184.0
13373,60.0,M,2,60.25,62.6875
13374,72.0,M,5,87.8125,85.625
13375,50.0,F,3,54.625,60.0
13376,120.0,M,1,138.25,136.5
13377,96.0,M,1,102.4375,105.4375
13378,94.0,F,4,97.6875,97.125
13379,156.0,F,3,150.75,151.0
13380,69.0,F,5,70.5,70.125
13381,36.0,F,1,26.921875,22.109375
13382,120.0,M,2,126.25,121.625
13383,36.0,F,4,43.0625,45.375
13384,32.0,M,1,36.0,29.421875
13385,94.0,F,4,93.6875,91.5
13386,132.0,F,5,132.5,133.75
13387,132.0,F,2,127.1875,125.8125
13388,66.0,M,2,66.375,72.3125
13389,60.0,M,1,61.4375,57.375
13390,186.0,M,4,183.125,182.875
13391,144.0,F,3,140.875,141.875
13392,204.0,M,4,196.375,195.25
13393,168.0,M,2,163.875,165.125
13394,144.0,F,2,144.0,147.0
13395,120.0,M,5,119.5,120.125
13396,84.0,M,3,81.5,85.8125
13397,138.0,M,2,149.125,153.625
13398,108.0,M,2,109.25,112.0625
13399,94.0,F,1,106.125,102.125
13400,106.0,F,2,107.125,110.75
13401,138.0,M,4,128.0,129.875
13402,138.0,F,5,127.125,127.6875
13403,132.0,M,4,127.3125,121.8125
13404,132.0,M,2,127.9375,125.8125
13405,120.0,F,1,116.0,114.375
13406,132.0,M,2,129.75,127.5
13407,96.0,M,3,102.8125,105.3125
13408,120.0,F,3,113.6875,115.3125
13409,150.0,M,4,144.75,145.875
13410,168.0,F,1,168.75,169.875
13411,144.0,F,2,136.625,138.625
13412,30.0,F,2,32.375,33.25
13413,150.0,M,2,146.25,150.875
13414,108.0,M,3,127.375,130.375
13415,69.0,F,1,65.625,66.3125
13416,108.0,M,4,103.4375,105.0
13417,94.0,F,2,93.0625,86.0625
13418,72.0,M,1,84.25,77.9375
13419,150.0,M,2,143.125,145.5
13420,162.0,M,1,156.25,154.75
13421,108.0,M,1,108.0625,107.8125
13422,94.0,F,4,92.3125,92.9375
13423,106.0,F,2,93.4375,97.0
13424,162.0,M,3,166.25,167.375
13425,84.0,M,5,84.3125,82.9375
13426,144.0,F,3,139.25,139.0
13427,168.0,M,1,168.0,168.875
13428,168.0,F,5,162.125,161.875
13429,174.0,M,1,171.75,171.625
13430,162.0,M,4,164.375,168.25
13431,132.0,F,3,129.125,127.5625
13432,108.0,M,4,117.8125,117.125
13433,50.0,F,2,42.75,46.6875
13434,168.0,M,1,162.0,163.625
13435,168.0,M,5,159.625,158.875
13436,102.0,M,4,101.875,97.625
13437,120.0,M,5,119.4375,121.875
13438,162.0,M,2,166.75,169.375
13439,84.0,M,1,89.625,86.9375
13440,144.0,F,1,142.375,142.5
13441,54.0,M,3,59.4375,63.1875
13442,180.0,F,1,170.875,170.25
13443,94.0,F,1,78.4375,88.125
13444,168.0,M,5,165.75,164.875
13445,106.0,F,5,114.75,112.1875
13446,106.0,F,3,103.5,105.0
13447,84.0,M,4,96.625,90.0625
13448,94.0,F,4,95.125,91.6875
13449,144.0,F,2,145.375,149.75
13450,72.0,M,3,85.5625,88.3125
13451,156.0,F,4,142.75,147.125
13452,132.0,M,1,146.125,143.5
13453,168.0,M,3,166.875,166.25
13454,42.0,F,4,38.9375,43.125
13455,168.0,M,1,170.0,169.875
13456,72.0,M,4,60.0,61.0
13457,150.0,M,5,150.0,149.375
13458,36.0,F,4,72.375,71.4375
13459,132.0,F,5,143.5,141.5
13460,60.0,F,2,71.0625,73.1875
13461,192.0,F,3,199.875,198.25
13462,106.0,F,5,109.25,109.9375
13463,180.0,F,2,184.875,193.75
13464,108.0,M,2,119.8125,113.25
13465,150.0,M,2,147.625,147.125
13466,168.0,M,4,160.875,162.875
13467,156.0,M,4,152.5,153.125
13468,132.0,F,5,120.875,122.0
13469,168.0,F,5,155.5,156.875
13470,156.0,M,2,158.75,157.625
13471,150.0,M,2,142.625,141.125
13472,96.0,M,3,98.9375,99.9375
13473,106.0,F,1,94.625,94.5625
13474,144.0,F,4,137.25,134.625
13475,156.0,M,4,157.5,157.25
13476,156.0,M,1,159.875,161.625
13477,156.0,M,4,153.75,152.5
13478,168.0,M,4,165.5,167.375
13479,120.0,F,2,123.75,124.9375
13480,102.0,M,4,107.0,102.125
13481,15.0,M,4,5.48828125,18.546875
13482,204.0,M,2,192.375,199.625
13483,168.0,M,2,165.5,166.125
13484,30.0,F,2,35.5625,34.125
13485,120.0,F,1,112.1875,111.4375
13486,72.0,M,2,60.875,64.9375
13487,156.0,F,1,138.875,142.625
13488,82.0,M,2,99.8125,96.1875
13489,94.0,F,4,98.9375,96.625
13490,156.0,F,1,163.5,164.125
13491,120.0,F,1,127.125,128.0
13492,132.0,F,2,130.75,130.25
13493,162.0,M,2,161.875,163.625
13494,60.0,F,3,61.5625,63.875
13495,120.0,F,1,117.4375,121.3125
13496,88.0,F,2,80.6875,78.0625
13497,144.0,F,5,139.375,138.25
13498,156.0,M,3,149.0,148.875
13499,120.0,M,3,135.875,137.375
13500,75.0,F,4,67.5625,66.3125
13501,156.0,M,3,152.5,152.375
13502,132.0,M,1,129.0,131.25
13503,82.0,F,4,89.5,87.0625
13504,138.0,M,4,140.375,141.5
13505,168.0,M,1,160.0,160.25
13506,106.0,F,4,107.25,109.8125
13507,162.0,M,1,166.25,166.875
13508,168.0,M,2,169.375,173.375
13509,162.0,F,2,165.0,169.5
13510,192.0,M,5,207.625,216.875
13511,82.0,F,4,86.75,82.875
13512,94.0,F,5,99.8125,98.75
13513,84.0,M,2,80.625,83.3125
13514,132.0,F,4,138.375,139.25
13515,94.0,F,3,77.625,78.9375
13516,150.0,F,4,143.0,145.0
13517,42.0,M,5,49.3125,48.9375
13518,54.0,F,3,39.9375,42.6875
13519,216.0,M,3,203.75,204.0
13520,132.0,M,4,124.375,124.75
13521,162.0,M,1,167.125,166.5
13522,144.0,F,2,136.875,137.75
13523,204.0,M,5,203.0,201.5
13524,162.0,M,4,160.25,159.875
13525,180.0,F,5,184.875,187.25
13526,78.0,M,3,77.0,78.75
13527,108.0,M,4,106.875,104.625
13528,54.0,M,3,57.6875,61.375
13529,84.0,M,5,83.5625,82.8125
13530,120.0,F,1,128.25,128.25
13531,132.0,F,2,125.1875,126.6875
13532,132.0,F,1,130.125,133.0
13533,36.0,F,1,39.8125,37.25
13534,76.0,F,4,80.1875,77.75
13535,120.0,M,1,125.1875,123.4375
13536,150.0,M,5,148.625,152.375
13537,60.0,M,4,59.1875,58.625
13538,132.0,F,2,124.375,124.25
13539,120.0,F,5,108.75,108.75
13540,96.0,M,5,108.6875,111.75
13541,132.0,F,1,122.5625,124.0625
13542,150.0,F,5,145.125,141.25
13543,36.0,F,2,38.125,35.75
13544,162.0,M,2,150.875,149.625
13545,186.0,M,3,180.375,182.75
13546,168.0,M,1,165.625,169.0
13547,108.0,M,3,95.5625,100.0625
13548,94.0,F,4,95.6875,95.4375
13549,150.0,M,3,153.625,152.25
13550,132.0,F,1,125.5625,125.8125
13551,132.0,F,3,124.625,119.3125
13552,78.0,M,2,77.75,84.0
13553,132.0,M,5,136.375,135.0
13554,156.0,M,5,155.375,157.75
13555,168.0,M,4,150.25,151.5
13556,106.0,F,4,109.375,106.0
13557,82.0,F,3,83.5625,83.1875
13558,168.0,M,1,161.25,162.625
13559,204.0,M,1,201.5,205.125
13560,138.0,M,3,149.125,150.375
13561,144.0,F,3,145.625,145.25
13562,96.0,M,3,121.75,120.125
13563,156.0,F,4,150.125,151.875
13564,132.0,M,4,123.25,124.1875
13565,106.0,F,3,104.125,104.4375
13566,94.0,F,3,105.875,107.625
13567,150.0,M,4,145.875,146.5
13568,138.0,M,3,140.375,140.75
13569,120.0,M,2,130.25,127.75
13570,120.0,M,3,106.125,107.5625
13571,84.0,M,4,98.1875,92.0625
13572,120.0,M,5,128.75,130.75
13573,36.0,M,1,40.3125,34.6875
13574,132.0,M,5,116.5625,118.25
13575,144.0,F,5,138.0,136.5
13576,106.0,F,5,103.75,101.375
13577,168.0,M,4,163.125,163.25
13578,120.0,F,3,120.125,117.125
13579,162.0,M,4,158.0,159.0
13580,138.0,M,1,142.5,140.375
13581,108.0,M,5,112.625,113.6875
13582,78.0,M,2,66.875,70.1875
13583,162.0,M,4,151.375,153.375
13584,180.0,M,2,175.875,178.25
13585,106.0,F,4,110.8125,110.1875
13586,138.0,M,5,137.0,138.875
13587,162.0,M,1,161.25,163.125
13588,108.0,M,3,105.6875,109.625
13589,94.0,F,2,104.875,98.8125
13590,84.0,M,2,86.625,88.0
13591,120.0,M,1,122.3125,120.5
13592,108.0,M,4,129.875,131.125
13593,144.0,F,4,139.125,139.0
13594,150.0,F,5,139.75,143.5
13595,108.0,M,1,104.4375,105.4375
13596,156.0,F,5,145.125,144.75
13597,150.0,M,3,156.0,156.75
13598,132.0,M,2,126.25,126.125
13599,180.0,M,2,173.125,177.125
13600,108.0,M,4,118.375,115.5
13601,159.0,F,1,155.125,153.375
13602,132.0,F,2,134.625,133.25
13603,132.0,F,5,126.0,127.625
13604,138.0,F,1,141.25,139.875
13605,180.0,M,4,182.875,180.25
13606,156.0,M,3,160.375,160.125
13607,156.0,M,4,158.75,158.125
13608,144.0,F,4,133.625,135.75
13609,72.0,M,4,79.375,69.6875
13610,96.0,M,5,90.0,91.4375
13611,132.0,F,4,128.5,127.3125
13612,96.0,M,5,91.9375,93.125
13613,84.0,M,2,82.4375,87.3125
13614,216.0,F,1,198.75,198.5
13615,150.0,M,3,153.75,151.375
13616,174.0,F,2,166.5,169.5
13617,132.0,F,4,126.5625,126.75
13618,60.0,F,5,72.5,69.375
13619,156.0,M,2,158.25,160.625
13620,72.0,M,4,74.4375,75.125
13621,78.0,M,3,63.875,67.8125
13622,120.0,F,5,142.625,142.0
13623,144.0,F,5,129.75,130.75
13624,120.0,F,4,112.75,116.0625
13625,162.0,M,5,154.875,156.5
13626,138.0,F,5,137.125,138.5
13627,60.0,M,1,63.875,56.125
13628,32.0,M,3,42.875,42.75
13629,138.0,F,3,139.625,141.25
13630,135.0,M,3,135.625,135.625
13631,120.0,F,3,103.8125,99.8125
13632,150.0,M,5,153.625,154.75
13633,132.0,F,4,118.25,117.875
13634,156.0,M,5,142.0,143.5
13635,132.0,M,3,121.25,116.125
13636,50.0,F,4,66.5625,65.8125
13637,156.0,M,4,146.875,146.75
13638,144.0,F,2,142.5,144.25
13639,144.0,F,2,144.0,147.75
13640,60.0,M,4,66.25,63.1875
13641,96.0,M,4,104.125,101.875
13642,132.0,M,5,136.0,139.25
13643,150.0,F,1,145.5,145.125
13644,82.0,F,5,88.75,91.3125
13645,96.0,M,1,89.6875,88.25
13646,78.0,M,2,71.3125,78.5625
13647,108.0,M,4,113.3125,107.8125
13648,168.0,M,4,164.5,166.25
13649,96.0,M,2,124.8125,120.75
13650,94.0,F,3,92.75,91.625
13651,156.0,F,5,145.0,144.75
13652,94.0,F,5,86.5625,89.25
13653,84.0,M,3,87.5,85.0625
13654,69.0,F,4,82.75,77.1875
13655,144.0,F,4,138.25,139.75
13656,78.0,M,3,69.8125,73.0
13657,106.0,F,5,101.5,102.75
13658,96.0,M,2,98.9375,97.875
13659,84.0,M,1,99.8125,100.0
13660,150.0,M,2,155.0,158.125
13661,156.0,F,2,149.625,149.5
13662,94.0,F,1,89.5625,90.9375
13663,180.0,M,3,171.625,171.875
13664,210.0,M,2,202.125,208.75
13665,138.0,F,4,132.0,131.625
13666,150.0,M,4,149.75,150.25
13667,144.0,F,4,142.0,142.375
13668,60.0,M,2,60.9375,64.375
13669,162.0,M,5,163.25,162.875
13670,82.0,F,3,70.6875,73.3125
13671,72.0,M,4,73.75,72.0625
13672,150.0,M,3,150.125,150.25
13673,153.0,M,4,150.375,151.5
13674,186.0,M,5,188.625,187.625
13675,144.0,F,3,145.375,144.875
13676,120.0,F,5,110.0625,111.5625
13677,138.0,M,4,146.875,144.875
13678,132.0,M,5,142.375,143.125
13679,96.0,M,1,114.375,113.375
13680,108.0,M,1,114.625,113.9375
13681,150.0,M,2,144.125,149.0
13682,153.0,M,5,154.125,155.125
13683,120.0,F,1,125.5625,125.5
13684,174.0,M,5,183.75,182.75
13685,32.0,M,5,35.8125,39.375
13686,120.0,F,3,111.9375,110.4375
13687,138.0,M,5,135.5,136.5
13688,94.0,F,3,87.0625,87.875
13689,106.0,F,2,108.0625,109.875
13690,204.0,M,4,223.0,227.0
13691,82.0,F,5,84.9375,83.5625
13692,138.0,M,2,140.75,141.75
13693,132.0,F,1,137.5,137.875
13694,150.0,M,5,135.25,137.625
13695,156.0,M,2,153.125,155.75
13696,150.0,M,1,146.25,145.0
13697,162.0,M,2,158.5,160.875
13698,54.0,M,2,59.0625,62.0625
13699,120.0,F,4,113.375,111.5625
13700,186.0,M,3,181.5,182.75
13701,150.0,M,5,131.625,135.5
13702,120.0,M,4,108.375,105.75
13703,150.0,M,4,154.875,151.25
13704,144.0,F,1,154.375,153.375
13705,132.0,F,5,143.75,138.125
13706,156.0,M,3,154.75,154.875
13707,168.0,M,4,165.375,168.25
13708,138.0,M,1,130.0,136.625
13709,69.0,F,5,69.8125,68.3125
13710,132.0,M,4,136.75,135.75
13711,132.0,F,2,131.625,130.625
13712,120.0,F,2,119.1875,121.0625
13713,94.0,F,4,94.9375,93.6875
13714,168.0,M,5,159.0,157.25
13715,186.0,M,4,185.25,183.875
13716,150.0,F,1,146.25,144.75
13717,132.0,F,4,122.75,122.8125
13718,144.0,F,4,142.625,145.0
13719,30.0,F,5,25.734375,29.109375
13720,132.0,F,4,138.875,140.75
13721,120.0,F,3,117.25,120.3125
13722,168.0,M,5,168.75,169.0
13723,120.0,M,5,110.875,113.375
13724,72.0,M,5,75.875,78.25
13725,168.0,F,2,169.25,174.75
13726,36.0,M,2,40.5625,38.9375
13727,162.0,F,1,163.0,165.625
13728,132.0,F,3,129.875,126.4375
13729,162.0,M,5,158.25,156.125
13730,162.0,M,3,160.5,161.0
13731,120.0,M,3,116.0,116.6875
13732,132.0,F,5,120.8125,125.1875
13733,94.0,F,2,97.9375,93.25
13734,156.0,M,5,153.0,152.625
13735,144.0,M,5,137.125,138.375
13736,120.0,M,5,117.8125,120.625
13737,150.0,M,5,150.625,152.25
13738,132.0,F,5,132.5,131.0
13739,94.0,F,5,96.625,95.4375
13740,108.0,M,5,112.375,111.625
13741,94.0,F,2,84.625,82.375
13742,60.0,F,1,52.4375,50.25
13743,180.0,F,4,185.25,183.125
13744,156.0,M,1,152.875,153.375
13745,132.0,M,4,130.25,130.625
13746,108.0,M,1,105.375,105.3125
13747,94.0,F,1,99.4375,98.8125
13748,132.0,F,3,134.5,131.375
13749,30.0,F,4,19.984375,24.046875
13750,50.0,F,4,55.0,57.3125
13751,168.0,M,2,165.375,167.25
13752,162.0,M,1,171.0,172.25
13753,132.0,F,4,122.25,120.625
13754,180.0,M,1,183.25,185.625
13755,132.0,F,3,126.25,123.9375
13756,162.0,M,4,162.125,163.5
13757,144.0,F,3,112.8125,110.5
13758,150.0,M,5,137.375,141.125
13759,186.0,M,4,184.125,182.0
13760,132.0,M,3,149.0,146.5
13761,150.0,M,2,147.125,148.375
13762,82.0,F,3,82.0625,85.6875
13763,66.0,M,2,71.875,76.75
13764,108.0,M,4,122.125,119.5
13765,120.0,F,5,121.625,121.1875
13766,156.0,F,1,151.375,152.0
13767,147.0,F,4,150.0,151.5
13768,120.0,F,1,131.875,137.25
13769,132.0,F,5,127.9375,127.8125
13770,165.0,M,1,164.5,164.25
13771,120.0,F,4,135.75,137.125
13772,132.0,F,4,136.625,136.25
13773,150.0,M,4,139.5,139.5
13774,150.0,M,2,149.25,153.0
13775,108.0,M,4,97.5625,93.75
13776,150.0,M,4,124.5,123.25
13777,72.0,F,1,75.25,76.625
13778,138.0,M,1,131.25,133.0
13779,162.0,F,2,161.375,161.875
13780,32.0,F,1,31.546875,30.234375
13781,156.0,F,5,148.75,149.75
13782,180.0,M,2,172.625,173.75
13783,168.0,M,4,165.875,168.125
13784,84.0,M,4,94.6875,92.75
13785,72.0,M,1,78.75,79.5625
13786,69.0,F,1,66.0625,65.0625
13787,102.0,M,1,110.9375,110.375
13788,168.0,M,2,169.25,170.75
13789,132.0,F,2,135.5,137.0
13790,156.0,M,1,160.75,161.875
13791,132.0,F,3,131.5,132.75
13792,162.0,F,3,162.375,164.125
13793,156.0,M,1,156.5,156.25
13794,36.0,M,2,41.625,39.625
13795,132.0,M,2,135.0,128.125
13796,94.0,F,1,96.9375,93.5625
13797,96.0,M,3,88.6875,86.3125
13798,50.0,F,5,53.375,55.3125
13799,162.0,M,1,166.125,165.875
13800,106.0,F,5,118.0,115.9375
13801,132.0,M,5,138.125,136.25
13802,106.0,F,5,106.625,110.5625
13803,162.0,M,3,163.375,162.375
13804,156.0,M,1,158.625,160.875
13805,120.0,M,2,119.4375,117.5625
13806,96.0,M,2,110.125,111.0625
13807,120.0,F,3,122.0,123.6875
13808,72.0,M,4,60.875,63.5625
13809,156.0,M,4,145.5,146.625
13810,120.0,F,3,124.5625,124.6875
13811,162.0,M,4,163.75,164.5
13812,132.0,F,1,130.625,134.0
13813,132.0,M,4,145.75,146.875
13814,132.0,M,1,127.625,126.8125
13815,82.0,F,5,84.625,84.75
13816,96.0,M,2,116.5,106.875
13817,72.0,M,2,63.875,67.8125
13818,180.0,M,4,186.75,183.125
13819,112.0,F,1,89.5,88.75
13820,132.0,F,5,131.625,129.875
13821,66.0,M,2,72.9375,75.5625
13822,88.0,F,5,88.125,89.25
13823,24.0,F,2,21.359375,17.609375
13824,60.0,F,4,80.75,78.375
13825,132.0,F,1,123.5,126.0625
13826,138.0,F,4,138.375,139.625
13827,156.0,M,1,148.625,149.125
13828,138.0,M,2,138.125,145.75
13829,150.0,M,4,159.125,161.0
13830,36.0,F,3,21.859375,23.046875
13831,156.0,M,5,155.5,153.875
13832,60.0,F,2,65.625,66.8125
13833,156.0,M,3,161.125,159.625
13834,120.0,M,1,125.625,127.5
13835,150.0,M,2,153.25,156.375
13836,120.0,F,2,101.5,100.25
13837,94.0,F,2,98.9375,92.4375
13838,132.0,F,2,138.0,139.75
13839,204.0,M,5,208.5,207.0
13840,94.0,F,4,90.125,90.625
13841,60.0,M,1,67.75,62.75
13842,69.0,F,1,68.875,67.0625
13843,82.0,F,3,84.5,84.1875
13844,120.0,M,4,130.25,128.5
13845,120.0,F,1,128.5,125.0625
13846,126.0,F,1,129.75,128.0
13847,180.0,M,4,170.25,172.75
13848,162.0,F,5,164.25,163.75
13849,106.0,F,1,103.4375,105.4375
13850,165.0,M,4,153.125,150.625
13851,168.0,M,5,160.625,158.625
13852,72.0,M,4,88.5625,85.8125
13853,168.0,M,1,175.25,177.0
13854,120.0,F,1,128.375,132.5
13855,132.0,M,1,129.125,130.5
13856,132.0,F,3,130.375,130.375
13857,162.0,F,2,160.5,163.625
13858,192.0,M,4,191.625,189.25
13859,96.0,M,1,105.125,108.3125
13860,120.0,F,3,124.3125,124.5625
13861,156.0,M,3,156.125,155.875
13862,120.0,M,3,127.875,126.625
13863,168.0,M,5,164.875,163.375
13864,94.0,F,2,97.1875,93.375
13865,150.0,M,4,155.5,156.75
13866,108.0,M,1,111.1875,106.875
13867,94.0,F,5,84.4375,84.8125
13868,84.0,M,4,76.25,73.5625
13869,94.0,F,5,90.1875,90.3125
13870,138.0,M,1,130.25,128.875
13871,168.0,F,5,165.0,165.0
13872,120.0,F,3,124.8125,119.875
13873,156.0,M,2,159.125,160.125
13874,144.0,F,5,149.625,147.5
13875,120.0,M,3,140.75,143.375
13876,228.0,M,4,223.625,225.125
13877,94.0,F,4,98.625,94.4375
13878,94.0,F,5,94.1875,92.25
13879,156.0,M,4,156.0,154.625
13880,168.0,M,1,171.75,170.75
13881,156.0,M,5,158.5,158.25
13882,82.0,F,4,85.8125,83.0625
13883,156.0,M,4,159.375,160.5
13884,180.0,F,5,184.0,183.375
13885,159.0,M,4,156.875,157.625
13886,132.0,F,5,146.25,145.75
13887,94.0,F,5,95.6875,94.3125
13888,60.0,M,3,48.125,49.5
13889,138.0,M,2,150.5,152.875
13890,94.0,F,3,92.8125,93.75
13891,82.0,F,4,85.0625,86.5
13892,120.0,F,3,120.125,115.6875
13893,216.0,M,2,214.375,216.25
13894,168.0,M,5,159.875,161.0
13895,132.0,M,4,126.125,121.5
13896,132.0,M,2,130.875,124.0625
13897,168.0,M,5,163.75,160.125
13898,138.0,M,3,157.375,155.5
13899,132.0,F,4,130.5,131.625
13900,156.0,F,1,148.5,147.125
13901,162.0,M,1,160.25,160.25
13902,120.0,F,1,115.625,113.125
13903,132.0,F,1,139.0,138.75
13904,120.0,F,3,125.8125,127.5
13905,156.0,M,5,150.375,149.625
13906,162.0,F,1,159.75,160.375
13907,102.0,M,5,112.4375,113.875
13908,57.0,M,5,61.8125,63.8125
13909,156.0,M,2,157.25,161.25
13910,96.0,M,3,112.6875,115.25
13911,108.0,M,2,91.75,90.375
13912,168.0,M,4,176.625,176.5
13913,132.0,F,3,126.9375,126.5625
13914,106.0,F,1,98.0,94.9375
13915,120.0,F,3,124.0,124.25
13916,106.0,F,3,103.375,104.8125
13917,150.0,M,5,139.625,139.75
13918,138.0,M,4,134.0,133.875
13919,144.0,F,5,146.5,147.0
13920,72.0,M,1,82.875,76.8125
13921,168.0,M,4,164.75,167.375
13922,204.0,M,2,199.25,205.875
13923,75.0,F,2,74.6875,76.75
13924,132.0,F,2,131.125,127.9375
13925,132.0,F,2,140.125,139.5
13926,120.0,M,2,124.625,124.4375
13927,150.0,M,4,136.375,138.5
13928,69.0,F,2,72.625,73.0625
13929,162.0,M,5,157.375,156.875
13930,138.0,M,4,138.75,137.25
13931,168.0,M,4,165.5,166.75
13932,94.0,F,4,103.0625,103.0625
13933,138.0,F,2,134.875,137.375
13934,168.0,M,4,162.25,160.875
13935,150.0,M,5,148.25,147.375
13936,72.0,M,3,66.3125,69.8125
13937,150.0,M,5,148.5,146.5
13938,168.0,F,4,174.875,171.375
13939,96.0,M,4,105.1875,101.75
13940,168.0,M,4,167.75,170.25
13941,120.0,M,5,136.0,137.0
13942,82.0,F,5,88.1875,86.125
13943,180.0,F,5,185.0,179.875
13944,108.0,M,5,122.875,123.25
13945,168.0,M,2,168.375,169.125
13946,82.0,F,3,81.6875,83.875
13947,69.0,F,4,71.3125,69.375
13948,216.0,F,5,199.875,202.875
13949,168.0,M,2,172.25,176.875
13950,156.0,M,4,159.875,158.25
13951,126.0,F,1,130.0,127.8125
13952,120.0,F,3,131.5,131.125
13953,162.0,M,2,163.625,166.25
13954,42.0,F,5,48.9375,50.0
13955,156.0,F,2,150.375,152.5
13956,84.0,M,2,74.125,79.6875
13957,94.0,F,4,110.25,109.875
13958,120.0,M,1,130.25,126.0625
13959,150.0,M,3,150.875,147.75
13960,65.0,F,1,80.5625,80.875
13961,180.0,M,4,184.75,183.375
13962,132.0,F,5,121.8125,122.3125
13963,108.0,M,5,121.1875,117.75
13964,198.0,M,5,205.375,204.75
13965,150.0,M,3,137.0,139.125
13966,94.0,F,4,94.5,93.6875
13967,180.0,F,3,177.25,181.5
13968,162.0,M,1,164.0,163.875
13969,168.0,M,3,166.75,167.25
13970,120.0,F,5,118.8125,118.6875
13971,82.0,F,4,81.25,77.4375
13972,120.0,F,5,111.375,112.3125
13973,144.0,F,3,147.125,148.0
13974,24.0,F,1,31.984375,29.046875
13975,168.0,M,4,162.25,162.5
13976,162.0,F,3,163.0,164.5
13977,150.0,M,2,144.875,147.0
13978,150.0,M,5,145.375,148.625
13979,82.0,F,1,82.6875,83.9375
13980,60.0,M,4,63.5625,68.875
13981,132.0,F,4,137.375,138.0
13982,112.0,F,2,107.0,104.5625
13983,156.0,F,1,139.25,141.75
13984,120.0,F,2,128.125,129.25
13985,120.0,M,2,116.125,110.4375
13986,162.0,M,1,160.75,161.125
13987,180.0,F,1,191.75,191.25
13988,156.0,M,4,153.5,150.75
13989,144.0,M,1,157.0,158.25
13990,156.0,M,1,153.75,153.125
13991,174.0,F,3,160.0,160.875
13992,150.0,M,4,134.0,128.875
13993,69.0,F,4,70.8125,74.25
13994,72.0,M,3,59.5625,65.1875
13995,120.0,M,5,109.6875,109.0625
13996,60.0,M,4,52.75,52.1875
13997,132.0,F,1,130.25,128.5
13998,156.0,M,3,154.25,153.125
13999,198.0,M,2,194.875,199.25
14000,186.0,M,2,175.75,177.875
14001,162.0,M,2,166.0,170.125
14002,144.0,F,3,134.25,134.625
14003,94.0,F,5,89.75,92.625
14004,150.0,M,1,162.375,161.625
14005,108.0,M,2,95.375,92.875
14006,204.0,M,3,199.25,201.875
14007,82.0,F,3,67.5,69.6875
14008,82.0,F,5,90.3125,89.1875
14009,120.0,M,3,125.0625,123.6875
14010,120.0,F,3,128.25,126.25
14011,138.0,M,3,130.125,129.625
14012,180.0,M,3,178.625,179.375
14013,94.0,F,1,94.625,92.5
14014,120.0,M,4,126.9375,124.8125
14015,156.0,M,4,159.5,160.0
14016,150.0,M,1,150.875,150.25
14017,138.0,F,3,138.375,138.0
14018,42.0,F,1,38.3125,35.75
14019,132.0,M,1,128.0,126.75
14020,144.0,F,3,135.0,133.875
14021,120.0,F,3,117.5,117.0625
14022,33.0,F,5,30.796875,30.546875
14023,108.0,M,2,106.1875,99.25
14024,132.0,F,4,106.4375,110.0
14025,72.0,M,4,49.25,51.5625
14026,138.0,M,5,123.625,124.0
14027,156.0,F,5,151.875,151.875
14028,60.0,F,5,67.0,68.3125
14029,132.0,M,3,139.125,142.375
14030,144.0,F,1,148.875,148.25
14031,180.0,F,5,190.5,196.375
14032,156.0,F,1,156.375,155.0
14033,138.0,M,5,127.3125,131.5
14034,168.0,M,1,165.5,166.75
14035,168.0,M,2,164.0,166.75
14036,180.0,M,3,178.125,178.625
14037,144.0,F,2,139.625,139.5
14038,204.0,M,2,203.125,208.0
14039,94.0,F,2,94.5625,90.0
14040,150.0,M,2,146.875,145.0
14041,88.0,F,5,96.1875,95.1875
14042,96.0,M,3,109.0,110.3125
14043,106.0,F,3,94.375,95.6875
14044,180.0,M,1,178.625,184.375
14045,156.0,M,5,160.25,159.875
14046,106.0,F,1,95.5625,96.75
14047,150.0,F,4,137.125,138.5
14048,204.0,M,3,201.0,202.5
14049,162.0,F,1,159.75,158.375
14050,50.0,F,5,55.8125,56.5625
14051,120.0,M,1,125.625,119.9375
14052,108.0,M,1,106.6875,107.6875
14053,30.0,F,3,22.234375,23.546875
14054,192.0,M,4,196.875,194.375
14055,156.0,M,3,149.75,151.125
14056,156.0,F,1,163.375,166.5
14057,150.0,F,3,148.25,147.375
14058,156.0,M,5,147.625,148.625
14059,165.0,M,5,162.625,161.25
14060,156.0,M,4,144.625,145.75
14061,216.0,M,5,208.625,207.0
14062,106.0,F,4,112.1875,110.25
14063,132.0,F,2,128.125,131.25
14064,39.0,M,1,57.625,51.0625
14065,180.0,M,4,173.25,174.125
14066,96.0,M,2,97.5,98.3125
14067,156.0,M,2,158.875,158.625
14068,108.0,M,3,107.875,108.375
14069,162.0,M,4,157.375,155.75
14070,162.0,M,3,154.25,153.0
14071,84.0,F,1,90.5625,91.125
14072,144.0,M,3,138.75,133.375
14073,108.0,M,3,91.875,96.6875
14074,168.0,M,5,167.25,166.5
14075,94.0,F,2,94.4375,88.25
14076,156.0,M,5,153.875,151.875
14077,180.0,F,3,181.625,181.75
14078,138.0,M,1,140.0,139.375
14079,106.0,F,2,111.375,107.875
14080,156.0,F,4,144.5,146.375
14081,168.0,F,5,159.875,159.5
14082,132.0,M,2,147.5,144.625
14083,150.0,M,1,142.625,145.375
14084,156.0,M,2,159.375,164.25
14085,156.0,F,1,159.25,159.5
14086,156.0,M,5,155.875,153.875
14087,138.0,M,5,123.375,121.9375
14088,72.0,M,2,55.0625,58.6875
14089,156.0,F,4,149.375,150.0
14090,189.0,M,4,194.625,189.375
14091,132.0,M,4,142.75,145.125
14092,60.0,M,2,70.3125,73.125
14093,36.0,F,3,41.5,45.75
14094,150.0,M,1,144.375,144.375
14095,72.0,M,4,62.3125,65.9375
14096,138.0,M,4,125.4375,124.1875
14097,162.0,F,5,162.625,163.25
14098,138.0,F,2,129.375,128.25
14099,126.0,F,3,127.8125,128.625
14100,162.0,M,3,159.875,159.75
14101,156.0,M,5,154.125,154.25
14102,120.0,F,4,121.75,121.75
14103,144.0,F,3,145.0,144.375
14104,144.0,F,3,142.375,142.875
14105,82.0,F,4,87.6875,86.9375
14106,94.0,F,4,98.6875,100.25
14107,156.0,M,2,151.375,151.625
14108,144.0,F,3,141.75,141.5
14109,126.0,M,2,136.625,136.875
14110,168.0,M,5,168.625,168.125
14111,132.0,F,2,113.625,117.0625
14112,76.0,F,1,73.125,72.1875
14113,186.0,M,5,175.5,174.125
14114,138.0,F,5,137.75,135.25
14115,69.0,F,1,68.4375,69.0
14116,132.0,F,4,129.375,128.75
14117,82.0,F,5,87.5625,85.375
14118,156.0,F,3,152.125,157.625
14119,216.0,M,1,203.375,209.5
14120,120.0,M,4,123.0,120.0
14121,150.0,M,4,146.125,146.375
14122,138.0,F,2,134.5,137.125
14123,90.0,M,2,78.1875,80.375
14124,162.0,M,5,154.0,155.625
14125,132.0,F,2,131.125,129.125
14126,24.0,M,3,22.671875,21.609375
14127,174.0,M,4,170.625,172.5
14128,126.0,F,2,106.3125,104.875
14129,120.0,M,1,123.9375,121.5
14130,156.0,F,3,146.875,146.5
14131,96.0,M,3,104.6875,107.4375
14132,120.0,F,1,121.9375,124.875
14133,120.0,F,3,120.9375,123.9375
14134,156.0,M,3,154.25,154.75
14135,204.0,F,4,185.25,180.5
14136,144.0,F,4,149.125,153.625
14137,120.0,F,4,113.0,112.6875
14138,82.0,F,5,79.0,81.0
14139,120.0,F,3,116.5,115.375
14140,72.0,M,5,79.1875,79.0
14141,132.0,M,1,135.125,136.875
14142,94.0,F,2,80.625,80.5625
14143,162.0,M,3,158.875,158.25
14144,138.0,M,4,131.875,129.375
14145,120.0,F,3,120.3125,120.8125
14146,120.0,F,5,122.75,123.5625
14147,150.0,M,2,144.375,147.5
14148,94.0,F,4,100.75,98.625
14149,94.0,F,2,92.75,88.0625
14150,156.0,F,1,153.125,154.25
14151,106.0,F,4,101.4375,98.625
14152,159.0,F,1,158.75,158.25
14153,150.0,M,3,161.75,161.375
14154,144.0,F,4,132.125,130.625
14155,96.0,M,2,103.0,99.4375
14156,138.0,M,2,139.75,140.125
14157,106.0,F,1,97.0,97.0
14158,138.0,M,4,139.625,137.75
14159,132.0,F,3,130.375,130.125
14160,51.0,M,4,57.875,57.8125
14161,96.0,M,2,96.125,93.8125
14162,120.0,F,3,120.3125,122.5625
14163,132.0,F,3,125.1875,119.6875
14164,106.0,F,2,108.8125,106.9375
14165,96.0,M,4,86.375,83.8125
14166,132.0,M,5,120.0,119.9375
14167,144.0,F,4,137.5,137.5
14168,180.0,M,5,183.25,182.5
14169,114.0,M,2,116.8125,107.9375
14170,156.0,M,2,159.875,161.375
14171,132.0,M,1,123.25,122.6875
14172,82.0,F,3,85.8125,86.125
14173,150.0,M,3,157.375,158.0
14174,150.0,M,1,151.5,154.0
14175,150.0,F,2,150.0,154.0
14176,108.0,M,1,117.8125,115.1875
14177,126.0,F,4,123.125,120.8125
14178,94.0,F,2,79.9375,79.3125
14179,174.0,F,2,159.625,169.25
14180,106.0,F,4,104.5625,102.75
14181,162.0,M,2,160.125,162.75
14182,156.0,F,3,150.375,150.625
14183,168.0,M,3,161.875,161.875
14184,180.0,M,2,167.5,167.25
14185,106.0,F,3,99.25,102.6875
14186,88.0,F,4,90.5625,90.1875
14187,132.0,M,5,128.375,129.875
14188,156.0,F,5,147.125,145.875
14189,60.0,M,3,46.375,47.3125
14190,144.0,F,1,146.75,146.625
14191,106.0,F,1,111.0,110.0625
14192,150.0,M,5,151.25,148.75
14193,96.0,M,1,100.5625,102.3125
14194,138.0,M,5,134.375,133.5
14195,66.0,M,5,75.75,75.6875
14196,150.0,M,2,154.75,156.625
14197,94.0,F,3,94.9375,96.375
14198,106.0,F,3,103.875,104.1875
14199,132.0,F,3,127.875,129.5
14200,138.0,F,3,137.875,138.125
14201,54.0,M,4,42.3125,47.4375
14202,126.0,F,3,126.125,124.625
14203,106.0,F,3,105.1875,105.0625
14204,96.0,M,4,115.0,110.625
14205,162.0,M,5,160.25,161.0
14206,156.0,M,5,159.5,159.125
14207,162.0,M,1,163.0,162.5
14208,180.0,M,3,171.0,172.375
14209,120.0,M,3,103.3125,105.125
14210,150.0,M,3,153.25,153.125
14211,60.0,F,2,58.5625,62.625
14212,144.0,F,2,150.25,152.375
14213,94.0,F,4,106.0625,106.75
14214,102.0,M,1,109.6875,109.9375
14215,84.0,M,1,79.3125,79.875
14216,138.0,M,3,140.125,142.5
14217,132.0,F,5,129.875,130.375
14218,162.0,M,1,163.5,166.625
14219,144.0,M,2,139.75,139.125
14220,132.0,F,5,135.5,135.625
14221,162.0,M,4,163.375,165.125
14222,216.0,F,1,203.875,199.125
14223,132.0,M,4,127.3125,125.0625
14224,84.0,M,2,76.75,80.25
14225,108.0,M,5,119.3125,119.8125
14226,120.0,F,3,119.0625,118.375
14227,165.0,M,3,156.375,155.0
14228,120.0,F,3,120.5,119.5
14229,162.0,M,4,157.625,155.75
14230,162.0,F,3,149.75,150.75
14231,96.0,M,5,95.125,95.75
14232,150.0,M,4,119.5,121.0625
14233,168.0,M,5,165.5,166.875
14234,168.0,F,2,165.375,170.5
14235,33.0,F,5,47.5625,46.1875
14236,82.0,F,1,72.625,71.625
14237,120.0,M,3,131.125,129.875
14238,94.0,F,1,89.8125,89.3125
14239,132.0,M,1,132.875,132.125
14240,120.0,M,4,118.0,113.75
14241,69.0,F,2,60.3125,63.25
14242,162.0,M,4,155.25,157.25
14243,108.0,M,5,111.6875,114.1875
14244,72.0,M,4,64.25,67.1875
14245,162.0,M,1,165.75,165.25
14246,94.0,F,4,93.6875,95.75
14247,144.0,M,1,161.0,161.375
14248,120.0,F,1,128.25,120.625
14249,94.0,F,2,98.1875,92.875
14250,204.0,M,4,202.5,200.5
14251,108.0,M,2,116.25,111.125
14252,156.0,M,2,152.0,154.375
14253,120.0,M,2,127.0,127.125
14254,132.0,M,2,134.75,130.5
14255,72.0,M,5,83.875,81.3125
14256,106.0,F,2,96.5,97.8125
14257,150.0,M,1,159.25,159.0
14258,82.0,F,3,87.0,89.25
14259,144.0,F,2,144.625,144.875
14260,156.0,F,3,161.125,160.875
14261,144.0,F,4,140.125,140.5
14262,162.0,M,5,152.125,150.375
14263,174.0,F,1,182.125,187.75
14264,42.0,M,2,47.375,50.0
14265,162.0,M,5,156.75,154.75
14266,120.0,F,5,120.9375,119.0625
14267,168.0,M,5,166.75,165.75
14268,168.0,M,2,172.0,174.125
14269,94.0,F,1,81.5625,84.25
14270,132.0,F,1,119.0625,120.5625
14271,54.0,M,2,52.4375,52.875
14272,113.0,F,1,120.875,121.75
14273,162.0,M,1,157.0,160.25
14274,150.0,M,2,142.75,145.125
14275,106.0,F,3,113.8125,111.875
14276,138.0,F,3,138.75,140.875
14277,108.0,M,5,100.875,99.8125
14278,180.0,M,3,196.25,199.25
14279,150.0,M,5,147.875,150.25
14280,69.0,F,2,79.5,79.6875
14281,106.0,F,2,100.6875,97.75
14282,180.0,F,5,196.625,202.25
14283,108.0,M,1,103.25,102.5
14284,144.0,F,1,148.375,148.0
14285,144.0,F,5,152.375,151.0
14286,106.0,F,2,100.0,97.8125
14287,120.0,F,4,106.375,107.375
14288,180.0,M,4,178.625,177.625
14289,84.0,M,2,77.75,86.0
14290,132.0,M,2,119.25,113.5625
14291,156.0,M,4,151.0,151.875
14292,82.0,F,3,83.5625,86.0
14293,144.0,F,2,144.625,145.375
14294,82.0,F,5,93.6875,96.6875
14295,150.0,M,4,155.75,154.625
14296,82.0,F,4,98.125,100.6875
14297,102.0,M,4,85.25,88.75
14298,162.0,F,4,163.875,162.625
14299,156.0,M,3,162.0,163.25
14300,42.0,M,5,65.5625,64.0625
14301,168.0,F,1,166.125,171.25
14302,84.0,M,4,75.375,74.9375
14303,28.0,M,4,18.734375,24.859375
14304,144.0,F,5,145.25,144.875
14305,168.0,M,2,166.625,168.25
14306,132.0,F,1,140.5,140.75
14307,150.0,M,1,147.25,146.5
14308,168.0,F,3,164.625,166.375
14309,144.0,F,5,141.5,139.875
14310,72.0,M,2,76.5625,77.5
14311,132.0,F,4,126.9375,129.0
14312,94.0,F,3,95.25,94.3125
14313,106.0,F,2,105.6875,100.9375
14314,106.0,F,3,108.6875,104.625
14315,96.0,M,2,99.625,98.1875
14316,94.0,F,5,99.1875,101.625
14317,144.0,F,1,142.875,143.0
14318,138.0,M,5,141.625,143.625
14319,94.0,F,5,106.125,103.5625
14320,138.0,F,5,137.5,136.0
14321,162.0,M,2,159.125,158.75
14322,18.0,F,4,8.1796875,20.796875
14323,168.0,M,3,166.5,165.125
14324,82.0,F,2,79.625,79.25
14325,60.0,F,4,59.6875,56.8125
14326,48.0,M,5,49.75,52.0625
14327,90.0,M,1,98.125,96.5
14328,18.0,M,5,20.109375,24.734375
14329,36.0,F,3,24.734375,26.296875
14330,106.0,F,4,107.4375,104.625
14331,132.0,F,2,126.5625,127.25
14332,60.0,M,3,62.5,65.4375
14333,156.0,M,2,153.625,156.5
14334,156.0,M,3,154.875,152.625
14335,120.0,F,4,136.875,135.125
14336,106.0,F,4,119.5,118.5625
14337,144.0,M,2,144.125,141.75
14338,84.0,M,2,74.4375,78.75
14339,180.0,F,2,191.125,204.25
14340,84.0,M,2,81.125,82.5
14341,106.0,F,2,112.3125,108.5
14342,144.0,F,4,137.75,137.625
14343,204.0,F,5,180.75,179.875
14344,138.0,M,4,128.5,126.25
14345,120.0,F,4,122.25,121.5
14346,168.0,M,2,161.875,165.125
14347,132.0,F,1,137.125,140.5
14348,120.0,F,3,123.4375,119.6875
14349,60.0,M,4,64.375,64.25
14350,156.0,M,2,159.25,160.25
14351,108.0,M,1,137.0,133.25
14352,120.0,F,4,136.25,133.75
14353,60.0,F,2,60.0,61.375
14354,162.0,M,4,160.0,161.375
14355,100.0,F,1,109.875,103.0625
14356,94.0,F,1,102.75,101.3125
14357,82.0,F,2,92.125,85.8125
14358,84.0,M,5,96.6875,96.3125
14359,180.0,M,4,183.5,181.5
14360,204.0,M,5,205.75,203.5
14361,168.0,M,5,165.375,163.5
14362,150.0,M,5,147.75,148.25
14363,132.0,F,5,129.25,128.875
14364,94.0,F,1,91.9375,88.8125
14365,162.0,F,2,159.125,158.5
14366,144.0,F,5,136.875,138.125
14367,162.0,F,2,161.625,164.625
14368,90.0,M,2,89.25,93.875
14369,162.0,M,1,168.75,169.875
14370,132.0,F,1,125.3125,125.9375
14371,94.0,F,2,106.625,107.1875
14372,106.0,F,5,98.8125,101.25
14373,156.0,F,4,143.625,143.75
14374,36.0,M,5,41.75,42.5
14375,132.0,F,1,120.125,114.25
14376,39.0,F,3,23.609375,27.109375
14377,106.0,F,4,101.25,104.3125
14378,94.0,F,3,96.9375,100.0
14379,60.0,M,5,54.875,55.625
14380,94.0,F,2,93.0,87.0
14381,216.0,M,5,207.375,206.125
14382,132.0,F,3,131.625,129.75
14383,96.0,M,4,79.0625,78.0625
14384,138.0,M,4,134.875,135.125
14385,132.0,M,2,111.25,112.9375
14386,150.0,M,2,140.5,141.375
14387,150.0,M,2,181.375,186.25
14388,120.0,F,5,107.0,106.8125
14389,156.0,F,2,150.625,152.625
14390,132.0,F,2,143.75,143.75
14391,24.0,M,4,14.6796875,27.234375
14392,106.0,F,4,104.3125,101.5
14393,132.0,F,3,138.0,136.5
14394,106.0,F,1,110.4375,110.5
14395,106.0,F,5,100.625,103.6875
14396,69.0,F,5,77.75,77.8125
14397,159.0,F,1,158.375,161.25
14398,108.0,M,4,109.375,106.5625
14399,138.0,M,5,118.3125,117.625
14400,84.0,M,1,83.8125,82.75
14401,120.0,F,2,122.125,116.125
14402,82.0,F,3,82.6875,83.5625
14403,72.0,M,4,76.25,78.5625
14404,204.0,M,3,199.0,200.875
14405,144.0,F,1,143.875,144.875
14406,120.0,F,3,128.875,130.5
14407,156.0,M,1,155.875,158.125
14408,138.0,M,1,134.375,133.75
14409,180.0,M,3,176.625,181.125
14410,132.0,F,1,124.6875,125.5
14411,168.0,M,3,159.625,161.625
14412,144.0,F,3,144.875,144.5
14413,132.0,M,4,128.0,125.6875
14414,50.0,F,1,55.4375,55.5
14415,82.0,F,2,90.9375,86.9375
14416,60.0,M,3,48.4375,49.5
14417,144.0,F,4,137.625,141.25
14418,144.0,F,1,146.375,149.0
14419,162.0,M,5,151.5,152.5
14420,144.0,F,1,143.25,142.625
14421,82.0,F,4,88.375,84.5625
14422,150.0,M,1,156.25,158.125
14423,180.0,M,4,177.375,177.0
14424,120.0,F,3,126.375,129.25
14425,120.0,M,3,133.25,134.375
14426,132.0,F,5,127.1875,129.125
14427,156.0,M,5,153.375,154.0
14428,120.0,M,3,135.375,136.875
14429,84.0,M,3,71.0,74.75
14430,42.0,M,3,36.75,34.0625
14431,162.0,M,2,164.375,168.875
14432,150.0,M,1,148.375,145.25
14433,168.0,M,2,162.375,168.75
14434,156.0,F,4,148.0,151.5
14435,138.0,M,4,130.875,127.4375
14436,138.0,M,5,139.0,140.5
14437,162.0,F,1,163.0,165.125
14438,150.0,M,4,148.0,148.125
14439,162.0,M,1,157.875,160.25
14440,162.0,M,5,158.625,158.5
14441,82.0,F,3,78.5625,81.4375
14442,168.0,M,2,173.25,173.75
14443,112.0,F,5,106.25,106.8125
14444,90.0,M,4,89.375,86.5625
14445,84.0,M,3,95.3125,97.625
14446,132.0,F,2,123.875,122.25
14447,100.0,F,2,97.4375,94.4375
14448,132.0,F,4,130.375,132.0
14449,132.0,F,4,136.375,138.5
14450,120.0,M,1,117.1875,116.25
14451,96.0,M,4,100.375,96.6875
14452,162.0,F,2,156.375,159.0
14453,186.0,M,3,180.625,183.0
14454,60.0,F,2,52.5625,53.875
14455,150.0,M,4,146.5,148.125
14456,94.0,F,5,93.9375,93.5625
14457,82.0,F,3,66.875,73.6875
14458,120.0,F,1,132.75,133.375
14459,106.0,F,1,99.0625,99.4375
14460,96.0,M,3,112.625,108.25
14461,144.0,F,3,148.25,147.625
14462,156.0,M,2,156.125,159.75
14463,192.0,F,1,182.75,184.625
14464,94.0,F,1,87.75,90.5
14465,108.0,M,2,119.9375,117.0625
14466,228.0,M,4,225.75,229.875
14467,106.0,F,1,112.9375,118.5
14468,69.0,F,4,75.375,73.875
14469,78.0,M,5,84.0625,84.9375
14470,156.0,M,5,154.25,156.375
14471,120.0,M,2,119.5,115.875
14472,96.0,M,4,85.6875,80.625
14473,106.0,F,3,111.375,108.3125
14474,165.0,M,5,169.125,167.375
14475,156.0,M,1,155.125,157.25
14476,94.0,F,1,90.125,90.25
14477,156.0,M,1,144.375,144.0
14478,120.0,F,3,117.4375,113.375
14479,156.0,M,2,146.5,144.875
14480,138.0,M,2,145.125,143.375
14481,114.0,M,2,103.9375,100.375
14482,120.0,F,4,125.0625,121.875
14483,94.0,F,3,98.9375,101.0
14484,138.0,M,4,136.75,136.375
14485,162.0,F,5,148.625,145.75
14486,65.0,F,5,69.8125,70.25
14487,108.0,M,3,101.625,101.25
14488,60.0,F,4,54.4375,55.375
14489,84.0,M,3,79.3125,79.5
14490,108.0,M,2,90.6875,89.25
14491,168.0,M,4,164.875,165.125
14492,60.0,F,2,51.75,54.3125
14493,168.0,M,2,173.5,175.125
14494,69.0,F,3,90.8125,94.0625
14495,90.0,M,5,85.5625,85.625
14496,120.0,M,1,111.5625,110.6875
14497,180.0,F,5,179.625,178.875
14498,162.0,F,3,162.5,163.875
14499,82.0,F,4,91.5625,87.3125
14500,82.0,F,4,77.9375,79.75
14501,132.0,F,3,121.8125,122.9375
14502,162.0,M,5,160.875,159.125
14503,135.0,M,2,150.0,151.875
14504,138.0,M,5,133.625,129.75
14505,94.0,F,4,101.75,103.6875
14506,94.0,F,1,92.5,98.1875
14507,168.0,M,3,157.125,156.125
14508,72.0,M,1,69.4375,61.6875
14509,94.0,F,2,93.4375,92.25
14510,106.0,F,4,106.6875,105.75
14511,168.0,F,2,168.0,172.25
14512,150.0,M,3,155.0,154.25
14513,138.0,M,3,138.25,137.5
14514,60.0,F,5,78.375,80.125
14515,132.0,F,3,147.375,147.75
14516,132.0,F,1,123.3125,123.625
14517,126.0,F,4,129.875,130.75
14518,162.0,F,1,162.0,162.625
14519,50.0,F,1,58.1875,53.875
14520,82.0,F,1,85.1875,81.125
14521,162.0,M,3,156.875,155.25
14522,180.0,M,2,166.75,170.125
14523,156.0,M,2,156.0,155.625
14524,94.0,F,2,97.625,98.8125
14525,82.0,F,2,56.8125,63.1875
14526,120.0,F,5,117.375,117.0625
14527,120.0,F,1,120.75,117.75
14528,120.0,F,4,129.625,128.875
14529,126.0,F,1,124.1875,131.375
14530,158.0,M,2,166.125,167.625
14531,138.0,M,1,143.125,136.75
14532,82.0,F,2,71.25,72.6875
14533,106.0,F,2,101.5625,101.5625
14534,108.0,M,4,98.625,94.6875
14535,132.0,M,4,132.375,130.0
14536,84.0,M,5,94.8125,95.75
14537,180.0,M,1,183.625,186.5
14538,156.0,F,2,148.875,149.5
14539,156.0,M,2,149.375,143.375
14540,144.0,F,2,140.25,139.5
14541,94.0,F,2,101.875,102.3125
14542,162.0,F,2,153.5,157.875
14543,88.0,F,4,91.5,88.375
14544,132.0,F,1,130.5,136.25
14545,126.0,F,5,142.625,141.375
14546,12.0,M,3,15.4921875,12.9296875
14547,24.0,M,5,32.125,33.5
14548,106.0,F,5,106.875,104.75
14549,106.0,F,4,106.125,103.5625
14550,94.0,F,2,88.0625,87.875
14551,69.0,F,5,71.875,71.5
14552,162.0,F,1,162.875,167.875
14553,144.0,F,3,138.875,139.125
14554,138.0,M,1,144.25,140.875
14555,94.0,F,3,73.1875,78.75
14556,94.0,F,3,86.875,89.125
14557,120.0,M,4,119.25,117.375
14558,126.0,M,3,113.8125,119.5625
14559,94.0,F,4,97.8125,95.3125
14560,144.0,F,2,133.5,137.0
14561,156.0,M,3,153.875,154.25
14562,94.0,F,1,97.75,95.5625
14563,144.0,F,2,141.5,139.875
14564,96.0,M,3,87.6875,92.5625
14565,60.0,M,4,74.6875,73.5625
14566,82.0,F,4,81.5625,80.3125
14567,138.0,M,5,140.75,141.5
14568,132.0,M,5,134.125,135.625
14569,96.0,M,3,100.6875,99.1875
14570,106.0,F,1,114.4375,115.6875
14571,50.0,F,4,72.0625,70.625
14572,132.0,F,3,135.375,134.5
14573,144.0,F,1,143.75,143.125
14574,126.0,M,1,124.9375,126.125
14575,138.0,F,1,143.875,142.25
14576,120.0,M,3,138.75,135.0
14577,94.0,F,4,103.75,99.4375
14578,120.0,F,2,122.5,122.75
14579,94.0,F,3,93.875,95.875
14580,120.0,F,3,126.3125,124.625
14581,162.0,F,3,160.625,161.875
14582,60.0,F,3,57.6875,59.8125
14583,162.0,M,3,165.75,165.5
14584,150.0,M,2,142.0,146.0
14585,132.0,M,5,130.5,127.625
14586,108.0,M,2,109.6875,107.3125
14587,156.0,M,2,156.25,160.0
14588,162.0,M,4,165.375,166.75
14589,50.0,F,3,49.25,53.875
14590,156.0,M,5,149.625,149.125
14591,180.0,F,5,183.125,183.125
14592,150.0,M,4,146.875,146.625
14593,168.0,M,3,164.125,165.0
14594,75.0,F,4,72.25,69.0625
14595,138.0,M,5,141.0,140.625
14596,82.0,F,1,87.125,85.8125
14597,168.0,M,2,168.0,171.0
14598,138.0,F,1,148.375,149.625
14599,120.0,F,5,122.5,122.875
14600,108.0,M,1,112.375,110.75
14601,150.0,M,4,150.625,150.875
14602,132.0,F,5,136.875,136.625
14603,156.0,M,5,156.25,158.5
14604,78.0,M,4,86.6875,81.625
14605,120.0,F,5,121.25,120.75
14606,94.0,F,3,108.75,109.0
14607,94.0,F,2,101.3125,96.875
14608,108.0,M,4,112.75,111.9375
14609,94.0,F,5,90.4375,90.6875
14610,210.0,M,4,212.0,206.875
14611,165.0,F,3,165.25,167.125
14612,144.0,F,1,137.375,139.0
14613,120.0,F,2,124.0,125.9375
14614,108.0,M,1,108.5,106.5625
14615,132.0,F,2,136.5,135.625
14616,120.0,F,3,113.5,114.1875
14617,96.0,M,1,97.8125,96.125
14618,144.0,F,3,150.625,149.875
14619,120.0,F,4,126.4375,124.625
14620,94.0,F,1,109.5,104.875
14621,120.0,F,2,113.125,110.75
14622,156.0,F,3,150.5,151.125
14623,126.0,F,5,124.125,131.375
14624,132.0,F,4,137.25,139.375
14625,192.0,F,2,178.5,186.75
14626,138.0,M,4,142.375,132.0
14627,132.0,F,4,134.25,129.625
14628,132.0,M,1,119.75,120.375
14629,180.0,F,2,176.25,185.0
14630,162.0,M,4,161.375,163.125
14631,168.0,M,2,163.625,167.125
14632,132.0,M,4,124.25,122.1875
14633,82.0,F,2,79.25,77.25
14634,150.0,M,1,156.5,157.0
14635,54.0,M,1,55.5625,50.5
14636,150.0,F,4,142.625,142.25
14637,120.0,M,1,121.1875,124.0
14638,138.0,M,1,148.625,144.625
14639,132.0,F,1,130.5,134.0
14640,90.0,M,4,94.0,90.5625
14641,78.0,M,5,86.8125,86.75
14642,156.0,M,2,160.25,160.0
14643,138.0,M,5,134.25,139.25
14644,82.0,F,1,90.5,90.625
14645,168.0,M,1,164.75,168.5
14646,54.0,M,2,47.6875,52.375
14647,180.0,F,2,182.125,188.125
14648,132.0,F,2,136.625,138.375
14649,150.0,F,3,152.125,152.625
14650,120.0,M,3,114.0625,111.5625
14651,84.0,M,5,98.4375,96.8125
14652,96.0,M,5,112.1875,113.25
14653,100.0,F,1,92.875,92.25
14654,162.0,F,1,163.875,165.75
14655,168.0,F,4,172.625,170.125
14656,126.0,M,5,137.625,138.25
14657,144.0,F,1,126.75,130.375
14658,150.0,M,5,148.25,148.625
14659,159.0,F,4,147.375,149.25
14660,168.0,M,4,164.625,166.625
14661,106.0,F,5,96.625,98.9375
14662,162.0,M,4,151.25,151.125
14663,132.0,F,5,136.625,140.625
14664,114.0,M,1,124.4375,121.125
14665,69.0,F,5,70.75,69.3125
14666,132.0,M,1,121.4375,121.375
14667,132.0,M,1,130.0,131.375
14668,108.0,M,4,100.0625,99.25
14669,120.0,F,1,125.0,128.0
14670,120.0,M,2,123.875,119.9375
14671,168.0,M,5,166.875,167.25
14672,162.0,F,3,165.625,166.25
14673,150.0,M,2,149.125,149.375
14674,94.0,F,4,101.5,101.0625
14675,132.0,M,1,123.0,119.625
14676,69.0,F,4,66.75,70.8125
14677,156.0,M,1,160.125,160.625
14678,82.0,F,1,84.5,83.4375
14679,159.0,M,3,157.0,157.375
14680,162.0,F,5,158.75,158.75
14681,156.0,M,4,155.375,158.125
14682,156.0,M,1,155.625,153.75
14683,120.0,M,3,123.9375,117.3125
14684,36.0,M,2,41.6875,36.75
14685,94.0,F,3,106.9375,104.0
14686,69.0,F,1,75.0625,78.625
14687,132.0,F,4,123.8125,121.5625
14688,106.0,F,5,94.4375,93.375
14689,120.0,M,2,132.125,131.75
14690,135.0,M,4,135.25,131.5
14691,72.0,M,3,61.375,62.875
14692,186.0,M,4,186.375,178.625
14693,150.0,M,3,151.5,151.5
14694,126.0,F,2,116.375,115.25
14695,186.0,M,4,179.0,180.25
14696,144.0,F,4,130.875,129.25
14697,156.0,M,4,155.25,154.875
14698,168.0,M,3,167.375,168.375
14699,94.0,F,3,95.25,94.6875
14700,48.0,M,3,44.6875,44.0
14701,126.0,F,1,122.9375,124.5625
14702,108.0,M,5,103.5,103.625
14703,106.0,F,4,111.375,112.875
14704,120.0,M,4,119.0625,117.0
14705,162.0,M,2,163.875,169.0
14706,150.0,M,4,146.875,147.625
14707,156.0,F,2,146.5,150.625
14708,132.0,F,5,120.5625,122.3125
14709,72.0,M,2,78.4375,80.8125
14710,159.0,F,1,153.75,151.875
14711,82.0,F,1,79.875,79.9375
14712,150.0,M,4,140.375,141.375
14713,192.0,M,1,188.125,191.625
14714,204.0,M,2,197.0,204.75
14715,84.0,M,3,90.375,91.0625
14716,156.0,M,2,152.25,152.25
14717,132.0,F,5,124.5625,127.4375
14718,106.0,F,1,116.375,109.875
14719,159.0,M,1,158.0,160.75
14720,150.0,M,1,152.625,153.625
14721,108.0,M,1,113.4375,119.3125
14722,82.0,F,4,81.75,79.3125
14723,156.0,F,1,151.75,152.625
14724,70.0,F,1,71.1875,75.6875
14725,150.0,M,2,142.25,145.875
14726,96.0,M,2,92.875,96.5
14727,150.0,M,2,138.75,142.625
14728,54.0,M,3,54.0,57.75
14729,94.0,F,4,92.75,90.6875
14730,88.0,F,3,96.875,95.0625
14731,159.0,F,2,156.125,157.125
14732,69.0,F,5,69.125,67.75
14733,132.0,M,1,125.5,124.8125
14734,132.0,F,3,136.0,134.375
14735,132.0,F,3,125.6875,127.1875
14736,168.0,M,2,159.25,159.625
14737,132.0,F,3,120.5,118.5625
14738,72.0,M,3,56.0,56.375
14739,72.0,M,3,66.875,67.25
14740,144.0,F,1,141.875,138.75
14741,106.0,F,4,113.875,114.875
14742,64.0,F,2,75.75,69.5625
14743,106.0,F,1,102.0,100.0
14744,165.0,M,5,165.625,164.875
14745,144.0,F,2,141.75,141.125
14746,162.0,F,1,162.5,163.5
14747,132.0,M,3,142.5,142.375
14748,106.0,F,4,110.4375,112.375
14749,36.0,M,4,54.6875,56.375
14750,120.0,F,5,124.3125,121.125
14751,82.0,F,5,86.25,85.75
14752,42.0,F,3,36.875,40.75
14753,96.0,M,3,117.8125,116.1875
14754,150.0,M,5,148.125,149.0
14755,82.0,F,2,73.125,70.625
14756,156.0,M,1,150.5,149.75
14757,94.0,F,2,85.5625,84.25
14758,150.0,M,1,138.75,138.625
14759,138.0,M,1,144.375,144.625
14760,162.0,M,3,161.75,160.5
14761,82.0,F,5,73.4375,75.5
14762,144.0,F,2,149.75,151.0
14763,82.0,F,3,76.8125,79.8125
14764,144.0,F,3,142.125,143.5
14765,82.0,F,4,80.625,80.6875
14766,106.0,F,2,98.9375,91.0
14767,138.0,M,4,133.875,142.25
14768,174.0,M,2,171.75,174.5
14769,144.0,F,2,142.625,144.875
14770,180.0,M,3,183.375,184.375
14771,168.0,M,5,168.375,166.5
14772,96.0,M,2,95.3125,93.3125
14773,204.0,M,4,200.625,195.625
14774,132.0,F,3,123.5625,122.875
14775,94.0,F,5,100.6875,99.6875
14776,60.0,F,1,67.75,64.625
14777,94.0,F,1,94.875,94.125
14778,66.0,M,4,73.0,70.9375
14779,120.0,F,5,120.8125,120.125
14780,96.0,M,3,94.375,96.1875
14781,106.0,F,1,95.5,101.25
14782,162.0,M,2,166.75,168.0
14783,168.0,F,2,173.125,180.25
14784,156.0,M,4,161.625,163.75
14785,84.0,M,1,83.8125,79.6875
14786,120.0,F,2,115.6875,113.375
14787,82.0,F,3,84.0625,82.4375
14788,180.0,M,4,170.375,171.0
14789,156.0,F,4,150.0,152.875
14790,106.0,F,3,81.9375,87.0625
14791,120.0,M,4,130.25,123.375
14792,150.0,M,1,152.125,151.75
14793,108.0,M,2,117.25,113.9375
14794,156.0,F,1,151.5,150.375
14795,150.0,M,4,134.625,131.125
14796,144.0,F,3,135.125,135.125
14797,50.0,F,4,52.75,57.125
14798,216.0,M,3,222.5,222.5
14799,168.0,M,4,168.0,170.875
14800,94.0,F,3,94.9375,91.5
14801,94.0,F,1,93.6875,90.875
14802,156.0,F,4,138.375,137.75
14803,168.0,M,5,162.875,162.375
14804,82.0,F,1,88.0625,88.4375
14805,162.0,M,1,164.125,163.0
14806,69.0,F,4,76.1875,75.5625
14807,156.0,F,4,153.375,153.75
14808,156.0,F,4,141.625,145.375
14809,180.0,M,5,174.25,173.25
14810,82.0,F,5,93.625,94.5625
14811,132.0,F,4,111.9375,107.75
14812,60.0,M,4,56.9375,56.375
14813,84.0,M,4,78.6875,76.625
14814,138.0,F,5,145.875,144.75
14815,120.0,F,2,134.375,131.625
14816,120.0,F,2,127.5,130.375
14817,132.0,M,3,135.125,130.25
14818,168.0,M,4,168.25,170.25
14819,156.0,M,5,145.125,148.875
14820,186.0,M,4,178.75,178.75
14821,82.0,F,3,78.875,81.125
14822,156.0,F,2,156.25,158.5
14823,82.0,F,1,77.875,78.6875
14824,96.0,M,1,82.3125,75.6875
14825,120.0,F,4,119.5625,116.9375
14826,94.0,F,3,92.25,92.0625
14827,78.0,M,5,96.125,93.3125
14828,94.0,F,3,90.0625,90.875
14829,132.0,M,2,125.3125,123.25
14830,96.0,M,5,99.4375,100.6875
14831,132.0,M,1,144.25,138.625
14832,144.0,F,3,146.125,144.5
14833,138.0,M,3,143.25,141.0
14834,144.0,F,4,139.875,140.125
14835,150.0,M,4,146.875,147.25
14836,21.0,M,1,23.359375,23.796875
14837,162.0,F,5,163.25,162.5
14838,156.0,M,2,149.375,154.0
14839,156.0,M,1,146.625,144.625
14840,150.0,F,5,149.0,149.0
14841,132.0,M,3,139.5,127.25
14842,54.0,M,1,60.0,53.625
14843,114.0,F,5,124.6875,126.875
14844,113.0,F,2,119.4375,115.875
14845,120.0,M,5,135.375,134.0
14846,72.0,M,3,54.5625,57.75
14847,162.0,M,3,156.25,155.875
14848,94.0,F,3,79.4375,79.5625
14849,106.0,F,5,95.0,92.75
14850,168.0,M,5,172.0,170.5
14851,36.0,F,2,37.75,40.75
14852,168.0,M,3,163.625,162.25
14853,106.0,F,5,108.25,107.4375
14854,156.0,F,3,163.25,165.125
14855,159.0,F,4,159.125,158.875
14856,168.0,M,4,165.25,167.25
14857,156.0,M,1,149.375,152.875
14858,168.0,M,5,162.75,160.375
14859,180.0,M,1,177.5,178.25
14860,36.0,F,2,37.25,37.1875
14861,150.0,M,2,145.25,146.875
14862,144.0,M,3,154.375,156.625
14863,156.0,M,2,172.125,175.0
14864,150.0,M,1,147.875,146.5
14865,94.0,F,4,98.3125,94.8125
14866,69.0,F,2,69.375,71.0
14867,156.0,M,2,154.625,156.0
14868,162.0,F,1,157.25,155.0
14869,162.0,M,3,157.25,157.375
14870,138.0,M,2,117.25,114.5625
14871,120.0,F,5,101.125,102.8125
14872,132.0,M,5,131.5,135.375
14873,106.0,F,1,108.4375,109.3125
14874,102.0,M,3,83.1875,88.4375
14875,180.0,M,3,180.75,181.625
14876,106.0,F,5,102.875,104.0
14877,168.0,F,5,171.0,173.0
14878,132.0,M,3,154.625,153.5
14879,150.0,M,2,147.125,143.125
14880,162.0,M,4,158.25,159.375
14881,132.0,F,2,134.75,135.875
14882,144.0,F,2,141.625,140.375
14883,120.0,F,5,146.75,146.0
14884,94.0,F,2,97.4375,90.3125
14885,186.0,M,3,178.125,178.625
14886,186.0,M,5,185.5,186.0
14887,132.0,F,1,138.25,137.75
14888,94.0,F,3,95.625,95.0625
14889,180.0,M,2,175.25,177.625
14890,60.0,F,4,70.4375,66.5
14891,120.0,M,2,109.0625,113.125
14892,108.0,M,2,81.5,83.75
14893,150.0,F,5,138.5,139.125
14894,106.0,F,1,106.0,104.4375
14895,132.0,F,1,128.0,128.375
14896,159.0,M,5,159.75,157.875
14897,120.0,F,2,128.625,125.3125
14898,113.0,F,3,103.25,108.5625
14899,216.0,M,4,222.125,221.25
14900,192.0,M,3,200.875,203.5
14901,150.0,M,2,148.875,151.875
14902,150.0,M,2,155.75,158.0
14903,150.0,M,3,146.375,144.875
14904,82.0,F,5,81.0625,81.375
14905,120.0,M,2,116.625,107.75
14906,144.0,F,2,144.25,145.125
14907,120.0,F,4,101.8125,102.5625
14908,120.0,F,3,121.9375,124.375
14909,132.0,F,5,124.9375,125.8125
14910,150.0,M,1,147.125,149.25
14911,69.0,F,3,61.9375,65.875
14912,138.0,F,3,141.0,141.375
14913,180.0,F,4,178.0,176.125
14914,96.0,M,1,100.875,102.5625
14915,150.0,M,5,157.25,155.875
14916,162.0,M,2,161.125,162.25
14917,106.0,F,4,104.8125,105.25
14918,50.0,F,2,50.6875,49.9375
14919,186.0,M,1,180.25,181.125
14920,138.0,M,4,149.5,150.125
14921,138.0,M,4,147.125,145.375
14922,120.0,M,4,126.75,126.25
14923,84.0,M,3,87.125,91.625
14924,54.0,M,4,60.125,58.4375
14925,168.0,M,5,163.5,162.875
14926,106.0,F,5,111.125,112.75
14927,156.0,M,3,144.5,147.375
14928,94.0,F,5,93.125,91.9375
14929,120.0,F,3,126.5625,127.0625
14930,106.0,F,2,113.5625,112.1875
14931,84.0,M,3,76.1875,81.0
14932,138.0,M,3,147.625,146.5
14933,192.0,M,2,192.125,196.75
14934,156.0,M,1,169.25,170.875
14935,156.0,M,1,161.25,162.0
14936,120.0,F,1,121.375,122.3125
14937,144.0,F,5,131.875,133.75
14938,162.0,F,4,157.625,157.625
14939,108.0,M,3,129.125,128.375
14940,120.0,F,1,124.25,127.375
14941,150.0,M,2,153.625,153.625
14942,126.0,F,5,128.125,128.75
14943,216.0,M,1,221.5,211.375
14944,156.0,M,2,142.0,147.5
14945,156.0,F,1,151.375,150.25
14946,138.0,M,4,134.375,133.0
14947,156.0,M,5,163.5,164.375
14948,42.0,F,2,36.9375,39.1875
14949,156.0,M,1,155.75,155.375
14950,156.0,M,1,148.75,148.875
14951,54.0,M,4,71.0625,67.875
14952,106.0,F,2,119.5625,118.375
14953,156.0,M,3,154.625,150.75
14954,180.0,M,1,179.25,179.875
14955,120.0,F,1,127.0,127.75
14956,156.0,F,2,147.5,153.25
14957,186.0,M,1,181.5,180.75
14958,132.0,M,5,130.875,130.875
14959,150.0,M,2,151.5,152.75
14960,94.0,F,3,80.125,83.5
14961,126.0,F,4,136.875,139.375
14962,94.0,F,1,94.3125,93.4375
14963,150.0,M,5,130.125,127.25
14964,138.0,M,2,142.875,145.5
14965,204.0,M,1,196.25,198.5
14966,168.0,M,2,170.375,172.5
14967,72.0,M,4,70.0625,65.5
14968,84.0,M,5,82.25,81.6875
14969,94.0,F,4,93.9375,93.4375
14970,144.0,F,4,141.375,144.875
14971,150.0,F,1,147.375,145.875
14972,156.0,M,1,154.875,156.875
14973,113.0,F,3,117.9375,117.75
14974,156.0,M,1,156.375,156.75
14975,106.0,F,1,100.625,97.8125
14976,82.0,F,3,85.4375,88.6875
14977,168.0,M,1,160.875,165.125
14978,144.0,F,5,141.625,141.625
14979,138.0,M,2,134.25,134.75
14980,69.0,F,2,59.25,60.0625
14981,132.0,F,5,122.5625,124.4375
14982,180.0,F,4,175.25,168.75
14983,108.0,M,1,113.875,113.4375
14984,150.0,M,3,146.0,145.125
14985,162.0,M,5,154.5,152.25
14986,120.0,F,1,125.8125,123.375
14987,144.0,F,2,141.375,141.0
14988,132.0,M,1,129.625,128.25
14989,159.0,M,5,153.25,151.75
14990,120.0,F,5,116.1875,115.8125
14991,186.0,M,4,180.75,181.0
14992,120.0,M,4,113.75,109.125
14993,132.0,F,3,131.125,135.25
14994,180.0,M,5,179.375,178.5
14995,150.0,M,3,150.625,150.25
14996,162.0,F,2,158.25,162.0
14997,168.0,M,3,165.625,166.125
14998,150.0,M,5,141.125,139.75
14999,132.0,F,4,117.25,114.9375
15000,108.0,M,5,117.0625,118.3125
15001,156.0,F,2,149.875,151.75
15002,108.0,M,2,127.125,125.4375
15003,55.0,F,1,48.5625,48.3125
15004,162.0,M,4,164.875,164.0
15005,120.0,F,2,124.375,122.9375
15006,156.0,F,3,157.25,159.125
15007,114.0,M,1,127.9375,122.9375
15008,156.0,F,5,149.875,148.5
15009,106.0,F,5,97.0,96.375
15010,144.0,F,2,138.375,143.75
15011,132.0,F,1,133.25,132.125
15012,120.0,F,3,129.0,129.75
15013,106.0,F,3,114.8125,112.375
15014,144.0,F,1,146.5,144.625
15015,204.0,M,5,205.0,205.625
15016,132.0,F,5,133.875,134.625
15017,94.0,F,3,103.1875,103.6875
15018,162.0,F,4,166.25,165.875
15019,132.0,F,2,122.625,125.1875
15020,48.0,M,1,57.6875,48.3125
15021,120.0,F,3,106.875,106.25
15022,69.0,F,3,70.0625,71.9375
15023,132.0,F,3,131.75,133.0
15024,120.0,M,1,119.625,105.6875
15025,82.0,F,2,67.9375,70.9375
15026,132.0,M,1,122.9375,121.6875
15027,90.0,M,1,104.6875,95.25
15028,108.0,M,5,110.125,111.25
15029,150.0,M,3,152.75,151.125
15030,69.0,F,3,87.5625,86.4375
15031,120.0,F,5,117.625,118.25
15032,150.0,M,1,148.25,147.25
15033,162.0,M,3,164.375,164.375
15034,69.0,F,5,55.875,58.6875
15035,204.0,M,2,196.0,202.375
15036,132.0,F,4,128.375,128.125
15037,156.0,M,4,155.875,157.625
15038,120.0,F,5,122.75,126.3125
15039,94.0,F,2,85.1875,84.75
15040,108.0,M,3,113.875,112.625
15041,168.0,M,4,167.375,169.125
15042,168.0,M,1,164.75,164.625
15043,156.0,M,4,155.125,153.5
15044,18.0,F,3,21.234375,22.046875
15045,156.0,F,5,149.5,147.5
15046,132.0,M,1,138.0,136.0
15047,42.0,M,5,51.5,54.125
15048,138.0,M,5,154.125,155.625
15049,108.0,M,2,122.125,112.75
15050,94.0,F,3,99.0,98.25
15051,36.0,F,4,39.625,40.75
15052,132.0,F,1,122.0625,125.0
15053,60.0,M,5,66.5625,67.6875
15054,106.0,F,3,101.625,103.6875
15055,69.0,F,5,76.75,75.5625
15056,156.0,M,3,155.625,156.625
15057,90.0,M,5,104.3125,106.6875
15058,94.0,F,3,98.875,100.25
15059,150.0,M,4,154.5,150.75
15060,96.0,M,2,106.5,102.9375
15061,94.0,F,3,79.3125,80.5
15062,162.0,F,4,158.5,158.125
15063,132.0,F,2,129.75,132.0
15064,204.0,M,5,197.25,193.625
15065,120.0,F,1,97.3125,101.5625
15066,192.0,M,2,182.625,187.125
15067,108.0,M,1,110.5625,111.125
15068,82.0,F,1,77.8125,81.375
15069,21.0,M,4,28.546875,36.375
15070,82.0,F,2,67.0625,67.0
15071,108.0,M,3,117.0625,119.1875
15072,150.0,M,3,162.875,162.625
15073,138.0,M,5,145.875,149.375
15074,82.0,F,3,76.125,80.4375
15075,144.0,F,2,145.375,147.0
15076,96.0,M,4,119.375,118.375
15077,69.0,F,4,86.9375,81.0
15078,168.0,M,5,161.625,160.75
15079,60.0,F,3,65.0625,67.75
15080,132.0,F,3,133.625,132.75
15081,168.0,M,3,167.25,167.625
15082,156.0,F,4,158.75,160.125
15083,84.0,M,4,89.25,83.0625
15084,156.0,F,5,152.5,151.375
15085,150.0,M,5,143.125,144.5
15086,162.0,M,5,161.5,159.5
15087,66.0,M,2,87.1875,86.5
15088,120.0,F,3,114.3125,113.0
15089,120.0,F,2,129.875,127.25
15090,60.0,M,5,78.5,79.875
15091,82.0,F,5,87.6875,88.3125
15092,69.0,F,5,67.4375,66.75
15093,132.0,M,5,123.875,126.125
15094,162.0,F,1,161.25,163.75
15095,150.0,M,4,145.375,147.5
15096,168.0,M,5,164.125,165.375
15097,120.0,F,1,98.9375,96.375
15098,156.0,M,5,147.875,148.875
15099,84.0,M,2,84.4375,76.8125
15100,144.0,F,1,148.375,146.625
15101,156.0,M,1,159.875,160.625
15102,84.0,M,3,92.5,94.4375
15103,180.0,M,2,166.125,168.75
15104,18.0,F,1,19.984375,17.921875
15105,106.0,F,5,99.125,101.75
15106,96.0,M,3,108.5625,108.1875
15107,36.0,M,5,56.5,57.0
15108,106.0,F,3,108.9375,107.9375
15109,132.0,M,3,130.0,129.25
15110,94.0,F,2,97.75,92.0625
15111,132.0,M,3,138.0,135.625
15112,132.0,F,4,133.0,135.5
15113,66.0,M,2,63.0625,70.5
15114,120.0,M,3,102.625,102.75
15115,72.0,M,5,64.125,64.75
15116,168.0,M,5,162.375,163.875
15117,150.0,M,5,141.625,147.625
15118,54.0,M,4,50.5625,54.1875
15119,156.0,F,1,152.75,150.75
15120,162.0,F,4,159.5,158.0
15121,156.0,M,5,149.25,149.5
15122,132.0,M,1,123.9375,124.0625
15123,120.0,F,1,115.4375,113.75
15124,156.0,M,5,155.75,156.75
15125,132.0,M,2,127.4375,128.375
15126,138.0,M,4,140.375,138.0
15127,162.0,F,5,166.5,166.875
15128,132.0,M,4,131.625,132.625
15129,72.0,M,3,61.375,63.96875
15130,108.0,M,3,112.6875,113.9375
15131,120.0,F,4,117.3125,117.875
15132,168.0,M,4,160.25,161.375
15133,180.0,M,5,178.125,177.125
15134,60.0,M,5,66.4375,67.0
15135,48.0,M,5,55.3125,54.875
15136,106.0,F,5,105.9375,104.875
15137,114.0,M,4,109.0,109.875
15138,138.0,M,4,135.0,129.75
15139,39.0,M,5,62.0625,66.75
15140,60.0,F,4,61.9375,63.1875
15141,156.0,M,5,155.875,155.5
15142,106.0,F,2,111.875,108.375
15143,150.0,M,5,134.625,135.375
15144,144.0,F,5,141.875,141.875
15145,156.0,M,1,155.625,155.625
15146,120.0,M,4,129.25,132.875
15147,132.0,F,3,136.5,137.125
15148,69.0,F,3,70.5,72.8125
15149,94.0,F,1,87.25,88.0
15150,162.0,M,3,157.625,156.5
15151,108.0,M,3,132.875,122.5625
15152,132.0,F,5,120.125,120.0625
15153,82.0,F,5,80.3125,80.0
15154,120.0,F,2,132.75,129.25
15155,204.0,M,2,200.375,205.75
15156,94.0,F,3,102.5,100.5
15157,132.0,F,5,120.0625,115.375
15158,60.0,M,5,75.0625,72.8125
15159,180.0,M,5,185.0,182.625
15160,106.0,F,2,97.0625,93.3125
15161,156.0,F,1,147.25,147.125
15162,50.0,F,4,52.375,51.625
15163,106.0,F,5,112.5,111.625
15164,60.0,F,3,63.375,66.0
15165,132.0,F,5,137.75,137.875
15166,168.0,M,1,168.625,169.875
15167,94.0,F,2,88.0,85.6875
15168,84.0,M,5,80.9375,82.125
15169,120.0,M,4,115.0,114.4375
15170,168.0,F,5,166.0,165.0
15171,153.0,M,5,153.125,153.625
15172,138.0,M,5,129.625,127.5
15173,102.0,M,2,102.625,101.375
15174,50.0,F,3,44.8125,47.875
15175,120.0,F,2,123.375,118.4375
15176,204.0,M,1,198.375,204.125
15177,42.0,F,3,33.25,35.8125
15178,132.0,F,2,103.8125,96.6875
15179,94.0,F,5,99.625,100.625
15180,132.0,F,2,134.125,132.25
15181,84.0,M,4,81.5,80.5625
15182,120.0,M,4,127.6875,120.5
15183,120.0,F,2,128.25,128.0
15184,120.0,F,5,134.125,129.0
15185,108.0,M,3,121.9375,119.5625
15186,192.0,M,5,198.75,194.625
15187,168.0,M,4,149.75,150.625
15188,50.0,F,3,41.5,42.6875
15189,153.0,M,2,156.0,158.0
15190,204.0,M,1,197.25,197.875
15191,82.0,F,3,74.4375,77.75
15192,82.0,F,4,78.875,78.9375
15193,106.0,F,4,105.25,102.6875
15194,168.0,M,2,167.125,167.125
15195,60.0,M,2,49.25,44.25
15196,162.0,M,5,162.0,162.25
15197,162.0,M,2,158.0,160.5
15198,204.0,M,5,197.125,196.75
15199,84.0,M,3,90.4375,90.125
15200,108.0,M,4,100.9375,97.8125
15201,135.0,M,3,134.625,135.25
15202,156.0,M,2,150.5,155.375
15203,120.0,F,4,127.0,125.625
15204,168.0,M,4,164.625,166.375
15205,88.0,F,3,89.3125,89.25
15206,156.0,M,1,157.625,156.0
15207,138.0,M,2,136.125,135.5
15208,106.0,F,1,99.6875,100.3125
15209,94.0,F,1,104.5625,100.125
15210,168.0,M,4,168.875,172.75
15211,106.0,F,5,122.0,123.125
15212,156.0,M,3,146.125,145.125
15213,60.0,M,4,57.75,59.375
15214,168.0,M,2,165.0,168.125
15215,168.0,M,1,168.875,170.5
15216,126.0,M,4,116.0,114.0625
15217,216.0,M,2,221.5,222.625
15218,60.0,M,1,64.5625,57.375
15219,120.0,M,3,127.5625,133.625
15220,82.0,F,2,78.625,78.25
15221,96.0,M,1,86.6875,85.3125
15222,120.0,M,5,118.4375,120.0625
15223,168.0,M,5,162.375,162.0
15224,144.0,F,4,153.25,156.875
15225,180.0,F,1,183.0,186.875
15226,144.0,F,4,148.875,148.125
15227,168.0,M,3,168.875,170.0
15228,150.0,M,2,127.8125,127.375
15229,156.0,M,3,155.25,155.875
15230,84.0,M,4,99.6875,94.25
15231,162.0,M,5,157.75,155.875
15232,132.0,M,5,134.5,133.375
15233,126.0,F,1,126.9375,127.1875
15234,106.0,F,3,104.125,101.5
15235,78.0,M,4,73.125,77.0625
15236,69.0,F,1,69.9375,70.125
15237,94.0,F,5,95.75,94.875
15238,162.0,M,4,159.875,162.375
15239,106.0,F,4,117.0625,114.5625
15240,126.0,M,5,121.375,121.0625
15241,84.0,M,5,86.875,87.0625
15242,150.0,M,3,147.0,147.375
15243,132.0,F,5,133.0,130.875
15244,156.0,M,5,143.0,138.875
15245,144.0,F,1,143.125,145.625
15246,168.0,F,2,168.25,172.125
15247,94.0,F,3,86.875,88.125
15248,162.0,M,2,165.375,165.625
15249,204.0,M,1,201.5,202.5
15250,132.0,F,4,138.5,139.375
15251,69.0,F,1,71.5625,74.6875
15252,168.0,M,1,166.875,165.625
15253,132.0,M,1,120.125,117.6875
15254,138.0,M,4,136.25,134.125
15255,186.0,M,2,188.25,192.25
15256,174.0,F,2,169.5,173.125
15257,60.0,M,3,60.6875,63.0625
15258,60.0,F,3,54.875,62.5
15259,156.0,M,5,158.75,157.625
15260,132.0,F,4,147.125,148.25
15261,159.0,M,4,157.125,156.125
15262,150.0,M,1,140.5,139.125
15263,94.0,F,4,87.0,86.75
15264,60.0,F,4,63.40625,67.1875
15265,120.0,F,4,91.5,88.4375
15266,138.0,M,1,142.75,141.125
15267,162.0,F,3,158.75,159.0
15268,108.0,M,1,93.5625,94.8125
15269,156.0,F,5,152.5,151.5
15270,96.0,M,5,109.5625,110.625
15271,132.0,F,2,132.0,133.5
15272,96.0,M,1,95.9375,99.25
15273,150.0,M,1,151.5,152.5
15274,60.0,F,1,76.9375,77.25
15275,84.0,M,5,96.8125,95.1875
15276,94.0,F,2,97.6875,92.9375
15277,36.0,F,1,32.4375,27.796875
15278,102.0,M,1,109.375,112.9375
15279,75.0,F,5,72.0625,69.3125
15280,168.0,M,1,168.75,171.0
15281,106.0,F,5,104.4375,110.625
15282,84.0,M,1,83.5,81.3125
15283,132.0,M,5,129.875,130.625
15284,132.0,F,2,133.25,133.125
15285,82.0,F,1,84.375,76.4375
15286,72.0,M,4,66.5,66.25
15287,106.0,F,3,118.875,115.6875
15288,192.0,M,5,202.625,202.0
15289,94.0,F,3,100.0625,98.6875
15290,84.0,M,4,79.5625,76.3125
15291,120.0,F,1,108.5,108.8125
15292,132.0,F,4,132.375,135.125
15293,72.0,M,1,76.375,69.3125
15294,192.0,M,2,190.375,196.5
15295,150.0,M,1,150.875,148.875
15296,82.0,F,3,89.3125,89.5
15297,106.0,F,5,110.625,111.875
15298,204.0,M,5,210.25,208.25
15299,60.0,M,5,62.625,64.5625
15300,150.0,M,2,148.0,146.625
15301,150.0,M,4,140.125,138.375
15302,132.0,F,3,142.25,141.875
15303,186.0,M,2,183.875,186.75
15304,69.0,F,5,75.75,75.9375
15305,132.0,M,2,125.0625,121.4375
15306,132.0,M,1,123.75,121.0625
15307,132.0,M,2,143.0,141.25
15308,144.0,F,4,136.375,139.375
15309,84.0,M,1,93.5625,96.9375
15310,162.0,F,1,165.75,166.375
15311,120.0,F,1,120.125,117.0
15312,120.0,M,2,127.8125,126.625
15313,159.0,F,2,153.5,156.125
15314,106.0,F,3,111.875,113.5625
15315,168.0,M,3,163.125,161.5
15316,168.0,M,3,168.0,168.125
15317,60.0,F,2,58.875,62.375
15318,108.0,M,5,120.0,121.375
15319,144.0,F,4,144.875,147.625
15320,144.0,F,5,140.75,140.875
15321,82.0,F,3,77.1875,75.1875
15322,126.0,F,5,122.8125,124.6875
15323,90.0,M,4,106.25,104.5625
15324,144.0,F,5,143.125,140.875
15325,132.0,F,3,126.625,127.125
15326,144.0,F,4,130.625,128.25
15327,36.0,M,2,41.5,38.6875
15328,120.0,M,5,114.3125,114.3125
15329,144.0,F,5,128.5,128.625
15330,192.0,M,2,195.875,199.25
15331,126.0,F,3,127.5625,127.5
15332,180.0,F,3,176.375,177.875
15333,156.0,F,4,146.5,148.25
15334,150.0,M,5,135.625,133.875
15335,180.0,M,5,180.5,180.25
15336,144.0,F,3,140.25,140.75
15337,162.0,F,3,158.875,161.375
15338,126.0,F,3,135.75,135.5
15339,94.0,F,2,86.75,89.5
15340,132.0,M,5,130.75,130.25
15341,94.0,F,3,86.125,84.4375
15342,120.0,F,2,121.0625,119.9375
15343,120.0,M,4,120.0,120.0
15344,156.0,M,2,156.75,156.0
15345,84.0,M,4,79.5,77.0625
15346,138.0,M,4,135.375,137.875
15347,156.0,M,2,143.5,145.5
15348,150.0,M,5,154.5,155.125
15349,156.0,F,5,150.875,150.0
15350,82.0,F,1,71.375,72.5
15351,156.0,M,1,157.5,159.625
15352,156.0,M,2,148.5,147.625
15353,120.0,F,1,132.125,133.75
15354,150.0,M,2,133.25,130.75
15355,69.0,F,5,81.1875,79.6875
15356,120.0,F,2,121.5,124.8125
15357,106.0,F,2,95.875,93.375
15358,156.0,F,5,153.125,154.75
15359,156.0,F,4,156.375,154.875
15360,72.0,M,3,62.75,62.875
15361,72.0,M,4,59.125,59.0
15362,69.0,F,5,66.875,66.3125
15363,132.0,F,2,135.875,135.75
15364,82.0,F,5,87.625,87.375
15365,120.0,F,3,121.6875,120.1875
15366,72.0,M,3,71.4375,75.5
15367,24.0,M,2,35.625,31.859375
15368,162.0,M,2,161.75,162.5
15369,69.0,F,2,67.0625,68.0625
15370,156.0,F,2,149.5,152.0
15371,144.0,F,5,134.375,136.5
15372,24.0,M,4,14.8671875,31.546875
15373,156.0,M,3,161.375,161.625
15374,162.0,M,3,158.875,158.25
15375,150.0,F,5,156.5,156.75
15376,138.0,M,2,134.125,139.75
15377,120.0,F,2,117.875,118.0625
15378,180.0,F,2,178.125,183.875
15379,168.0,F,3,169.0,173.25
15380,42.0,M,4,44.5625,47.375
15381,106.0,F,5,92.25,91.75
15382,60.0,M,5,61.5625,63.0625
15383,96.0,M,5,107.9375,109.5
15384,150.0,M,4,148.875,150.0
15385,168.0,M,2,162.625,162.125
15386,69.0,F,3,76.375,77.3125
15387,150.0,M,2,159.375,159.125
15388,180.0,M,2,179.0,184.875
15389,192.0,F,1,186.625,188.375
15390,132.0,F,2,137.375,138.0
15391,132.0,F,3,139.5,140.125
15392,108.0,M,3,90.9375,94.6875
15393,120.0,M,2,123.125,118.625
15394,69.0,F,3,67.8125,67.6875
15395,84.0,M,1,89.875,85.625
15396,126.0,M,2,130.0,123.0
15397,150.0,M,3,147.625,145.0
15398,82.0,F,5,73.625,70.75
15399,94.0,F,5,98.375,96.9375
15400,36.0,F,4,36.4375,39.4375
15401,120.0,M,2,121.25,117.8125
15402,88.0,F,4,101.125,99.6875
15403,72.0,M,3,61.625,68.5625
15404,180.0,M,4,171.5,171.875
15405,138.0,M,4,135.0,137.0
15406,132.0,M,2,130.125,130.625
15407,156.0,M,1,151.125,150.875
15408,108.0,M,3,126.5,126.0
15409,156.0,M,5,154.875,154.0
15410,94.0,F,4,87.25,85.0625
15411,162.0,M,1,166.625,165.875
15412,120.0,F,5,131.75,130.375
15413,144.0,M,1,141.625,142.0
15414,165.0,M,4,170.75,167.375
15415,168.0,M,2,166.75,168.0
15416,82.0,M,2,100.125,95.25
15417,180.0,F,2,173.5,180.625
15418,156.0,F,5,141.0,139.625
15419,180.0,M,5,178.5,177.25
15420,168.0,M,1,167.75,169.0
15421,168.0,M,1,160.75,162.875
15422,168.0,M,1,167.375,168.375
15423,132.0,F,1,148.5,147.625
15424,168.0,M,3,169.75,169.875
15425,138.0,M,5,126.9375,127.375
15426,156.0,M,3,156.625,158.625
15427,168.0,M,2,163.0,167.375
15428,42.0,M,4,34.25,41.75
15429,82.0,F,1,58.3125,56.1875
15430,36.0,M,2,38.5625,33.375
15431,138.0,M,2,138.75,142.0
15432,126.0,F,5,129.25,130.5
15433,126.0,F,4,132.875,130.0
15434,132.0,F,4,117.875,115.5625
15435,132.0,F,5,130.875,133.375
15436,48.0,M,5,51.25,51.6875
15437,132.0,F,5,132.375,133.5
15438,138.0,M,2,137.125,130.375
15439,162.0,F,2,160.25,163.0
15440,72.0,M,2,67.875,70.9375
15441,132.0,M,2,125.6875,124.125
15442,96.0,M,3,91.3125,93.6875
15443,126.0,M,5,110.25,111.75
15444,120.0,F,2,129.75,126.625
15445,204.0,M,4,203.875,203.75
15446,72.0,M,2,70.125,73.125
15447,132.0,F,4,127.3125,123.375
15448,36.0,M,5,44.9375,43.125
15449,120.0,F,1,103.0625,99.875
15450,126.0,M,1,129.25,127.75
15451,156.0,M,5,155.125,156.375
15452,132.0,M,1,125.125,124.375
15453,132.0,F,5,136.75,137.5
15454,94.0,F,2,94.125,88.1875
15455,138.0,M,5,129.25,127.375
15456,138.0,M,3,129.25,134.5
15457,135.0,M,2,141.75,142.0
15458,132.0,F,2,140.375,139.375
15459,168.0,M,2,173.875,182.5
15460,120.0,F,4,119.5625,119.6875
15461,84.0,M,4,90.625,92.1875
15462,168.0,M,5,167.25,166.25
15463,82.0,F,2,77.5625,80.375
15464,120.0,F,3,119.875,119.0625
15465,150.0,F,2,143.5,144.875
15466,165.0,M,3,161.5,162.5
15467,156.0,F,2,126.6875,130.875
15468,82.0,F,5,86.375,85.9375
15469,82.0,F,1,88.875,89.8125
15470,153.0,M,2,151.75,153.625
15471,106.0,F,1,94.375,96.125
15472,186.0,M,5,188.0,188.125
15473,156.0,M,5,156.625,157.75
15474,156.0,M,4,156.125,156.75
15475,120.0,F,4,129.875,128.875
15476,132.0,F,4,127.125,127.125
15477,126.0,F,2,121.3125,117.8125
15478,228.0,M,4,218.0,218.125
15479,60.0,F,2,60.375,61.5625
15480,94.0,F,1,78.9375,80.375
15481,82.0,F,1,80.5625,80.1875
15482,106.0,F,5,103.4375,104.9375
15483,100.0,F,1,92.4375,91.6875
15484,106.0,F,1,109.5625,106.3125
15485,150.0,F,1,149.375,149.25
15486,168.0,M,1,161.0,164.5
15487,138.0,M,4,142.5,142.5
15488,168.0,M,4,163.125,165.5
15489,138.0,M,2,137.625,140.625
15490,82.0,F,1,94.125,93.5625
15491,60.0,F,4,67.0,64.125
15492,180.0,F,1,184.125,188.125
15493,36.0,F,4,40.375,42.1875
15494,150.0,M,1,149.375,151.25
15495,162.0,M,5,160.25,160.375
15496,168.0,M,1,170.625,171.125
15497,120.0,F,2,120.0,118.9375
15498,150.0,M,4,143.125,142.375
15499,156.0,F,2,154.75,158.0
15500,180.0,F,5,183.125,182.375
15501,60.0,F,2,61.1875,59.6875
15502,132.0,F,2,134.125,139.375
15503,108.0,M,1,117.5,114.6875
15504,120.0,M,5,126.375,126.1875
15505,156.0,F,4,153.375,154.375
15506,69.0,F,5,69.1875,69.5
15507,168.0,M,5,166.75,168.75
15508,82.0,F,2,85.0625,80.4375
15509,60.0,M,1,62.8125,58.0625
15510,120.0,M,1,125.25,122.0625
15511,106.0,F,2,114.5625,114.5625
15512,180.0,F,2,174.625,179.875
15513,150.0,M,1,149.75,149.75
15514,96.0,M,1,113.75,112.8125
15515,168.0,M,4,163.625,165.0
15516,156.0,M,3,153.5,152.625
15517,69.0,F,3,55.3125,61.9375
15518,150.0,M,3,152.75,151.625
15519,162.0,M,2,152.875,154.625
15520,168.0,M,5,167.75,168.375
15521,88.0,F,3,75.6875,79.1875
15522,82.0,F,4,83.5,83.6875
15523,144.0,F,4,143.25,143.25
15524,106.0,F,1,99.6875,97.1875
15525,168.0,M,4,170.0,175.375
15526,132.0,F,4,137.0,135.25
15527,82.0,F,1,73.75,75.0
15528,156.0,M,5,155.25,152.875
15529,150.0,M,4,141.0,144.5
15530,120.0,F,4,136.375,140.0
15531,156.0,M,2,156.625,157.0
15532,144.0,F,1,144.625,144.25
15533,108.0,M,3,102.3125,102.0
15534,138.0,M,1,150.375,147.875
15535,162.0,M,4,159.5,161.25
15536,138.0,M,2,138.25,142.5
15537,94.0,F,4,101.25,99.6875
15538,69.0,F,5,61.25,61.6875
15539,168.0,M,4,166.625,173.5
15540,84.0,M,4,82.375,83.0
15541,162.0,M,3,157.875,158.75
15542,132.0,F,5,134.75,136.625
15543,144.0,F,5,144.75,143.5
15544,120.0,M,2,115.3125,114.4375
15545,150.0,M,3,118.5625,119.4375
15546,120.0,F,5,121.5,122.6875
15547,168.0,M,3,170.5,171.375
15548,144.0,F,5,139.375,138.375
15549,120.0,F,4,124.75,124.1875
15550,168.0,M,4,166.0,167.25
15551,114.0,M,5,112.75,111.9375
15552,132.0,F,1,125.6875,132.0
15553,180.0,F,4,169.5,168.625
15554,204.0,M,3,207.125,209.75
15555,82.0,F,5,88.375,88.25
15556,192.0,F,4,186.25,191.125
15557,120.0,F,2,122.25,118.5625
15558,138.0,M,2,142.125,137.875
15559,132.0,M,4,132.625,129.75
15560,69.0,F,4,74.4375,73.9375
15561,144.0,F,3,148.125,148.0
15562,180.0,M,4,176.125,176.25
15563,94.0,F,4,99.4375,98.0
15564,138.0,F,2,142.5,142.125
15565,132.0,F,4,145.875,147.0
15566,132.0,F,4,132.125,132.75
15567,144.0,F,3,145.0,145.625
15568,156.0,F,1,160.0,155.125
15569,162.0,M,1,166.75,167.625
15570,100.0,F,4,113.375,113.25
15571,69.0,F,5,79.9375,76.25
15572,144.0,F,1,138.375,137.0
15573,120.0,F,4,134.25,136.125
15574,156.0,M,2,153.875,155.375
15575,82.0,F,4,84.5625,79.4375
15576,108.0,M,2,111.1875,111.0
15577,144.0,F,1,143.75,146.875
15578,72.0,M,2,69.125,74.9375
15579,96.0,M,5,94.75,94.0625
15580,162.0,F,2,154.875,157.875
15581,132.0,F,2,135.125,136.625
15582,150.0,F,2,143.25,145.375
15583,132.0,M,3,128.25,125.3125
15584,54.0,M,4,62.5625,60.875
15585,162.0,M,3,157.25,158.875
15586,192.0,M,2,184.25,190.875
15587,50.0,F,4,52.875,54.625
15588,113.0,F,5,107.25,107.375
15589,84.0,M,2,79.1875,82.5
15590,69.0,F,5,61.8125,60.875
15591,162.0,M,2,158.75,159.5
15592,42.0,F,3,34.1875,35.75
15593,180.0,M,4,176.625,178.0
15594,108.0,M,5,104.8125,107.4375
15595,78.0,M,3,83.8125,85.3125
15596,72.0,M,4,68.125,70.375
15597,192.0,M,2,186.625,191.75
15598,120.0,F,5,107.6875,110.3125
15599,36.0,M,2,40.0,35.5625
15600,144.0,F,3,131.0,129.875
15601,132.0,F,4,123.3125,124.4375
15602,82.0,F,5,82.5,80.9375
15603,106.0,F,1,107.0625,108.6875
15604,168.0,M,3,174.0,176.25
15605,50.0,F,2,49.75,53.5625
15606,113.0,F,5,106.4375,104.875
15607,186.0,M,5,183.75,182.625
15608,55.0,F,5,72.875,74.0
15609,150.0,M,1,147.625,146.625
15610,132.0,M,1,123.0,118.125
15611,120.0,F,3,124.875,122.5
15612,132.0,M,4,137.125,134.0
