2026-08-18 13:50:51,348 | INFO | Run=P7_FINAL_V3_FOLD_4 device=cuda config_hash=2d61d8d49b1667825fbe812c0fa6c80c09f273fa61a0f5c91beeb28d9a63052e
2026-08-18 13:50:51,348 | INFO | Split hash train=89f98ca8cf75f3d538f2630c3270269a56aa93ec40caa42ad41aa349d6d9e48a validation=01ffce9c7329920d1f43841b07a4f5f1f8bd5073f24b31639b9f5ddd91d58e49
2026-08-18 13:51:25,848 | INFO | epoch=1 batch=25 global_step=8 loss_reg_months=30.0938 lr=0.00020000 grad_norm=8.5590 throughput=8.70 img/s eta_seconds=1256.5 gpu_alloc=484.5MiB gpu_reserved=4358.0MiB skipped_batches=0
2026-08-18 13:51:41,989 | INFO | epoch=1 batch=50 global_step=16 loss_reg_months=27.5651 lr=0.00020000 grad_norm=12.2446 throughput=11.85 img/s eta_seconds=897.0 gpu_alloc=484.5MiB gpu_reserved=4358.0MiB skipped_batches=0
2026-08-18 13:51:57,231 | INFO | epoch=1 batch=75 global_step=25 loss_reg_months=25.0675 lr=0.00020000 grad_norm=8.4738 throughput=13.66 img/s eta_seconds=756.0 gpu_alloc=375.7MiB gpu_reserved=4358.0MiB skipped_batches=0
2026-08-18 13:52:13,625 | INFO | epoch=1 batch=100 global_step=33 loss_reg_months=22.6976 lr=0.00020000 grad_norm=5.8792 throughput=14.59 img/s eta_seconds=687.6 gpu_alloc=484.5MiB gpu_reserved=4358.0MiB skipped_batches=0
2026-08-18 13:52:30,167 | INFO | epoch=1 batch=125 global_step=41 loss_reg_months=21.3040 lr=0.00020000 grad_norm=10.9823 throughput=15.18 img/s eta_seconds=640.9 gpu_alloc=484.5MiB gpu_reserved=4358.0MiB skipped_batches=0
2026-08-18 13:52:45,424 | INFO | epoch=1 batch=150 global_step=50 loss_reg_months=20.1700 lr=0.00020000 grad_norm=10.1371 throughput=15.78 img/s eta_seconds=597.5 gpu_alloc=375.7MiB gpu_reserved=4358.0MiB skipped_batches=0
2026-08-18 13:53:00,683 | INFO | epoch=1 batch=175 global_step=58 loss_reg_months=19.2697 lr=0.00020000 grad_norm=4.2779 throughput=16.24 img/s eta_seconds=562.2 gpu_alloc=484.5MiB gpu_reserved=4358.0MiB skipped_batches=0
2026-08-18 13:53:16,035 | INFO | epoch=1 batch=200 global_step=66 loss_reg_months=18.5741 lr=0.00020000 grad_norm=18.4622 throughput=16.59 img/s eta_seconds=532.2 gpu_alloc=484.5MiB gpu_reserved=4358.0MiB skipped_batches=0
2026-08-18 13:53:31,950 | INFO | epoch=1 batch=225 global_step=75 loss_reg_months=17.8907 lr=0.00020000 grad_norm=4.3943 throughput=16.81 img/s eta_seconds=507.3 gpu_alloc=375.7MiB gpu_reserved=4358.0MiB skipped_batches=0
2026-08-18 13:53:47,668 | INFO | epoch=1 batch=250 global_step=83 loss_reg_months=17.1083 lr=0.00020000 grad_norm=2.8295 throughput=17.02 img/s eta_seconds=483.6 gpu_alloc=484.5MiB gpu_reserved=4358.0MiB skipped_batches=0
2026-08-18 13:54:03,569 | INFO | epoch=1 batch=275 global_step=91 loss_reg_months=16.5849 lr=0.00020000 grad_norm=5.8995 throughput=17.17 img/s eta_seconds=461.8 gpu_alloc=484.5MiB gpu_reserved=4358.0MiB skipped_batches=0
2026-08-18 13:54:18,742 | INFO | epoch=1 batch=300 global_step=100 loss_reg_months=16.1462 lr=0.00020000 grad_norm=4.9844 throughput=17.36 img/s eta_seconds=439.5 gpu_alloc=375.7MiB gpu_reserved=4358.0MiB skipped_batches=0
2026-08-18 13:54:36,208 | INFO | epoch=1 batch=325 global_step=108 loss_reg_months=15.9292 lr=0.00020000 grad_norm=7.6406 throughput=17.34 img/s eta_seconds=422.5 gpu_alloc=484.5MiB gpu_reserved=4358.0MiB skipped_batches=0
2026-08-18 13:54:51,065 | INFO | epoch=1 batch=350 global_step=116 loss_reg_months=15.6505 lr=0.00020000 grad_norm=5.2089 throughput=17.52 img/s eta_seconds=401.2 gpu_alloc=484.5MiB gpu_reserved=4358.0MiB skipped_batches=0
2026-08-18 13:55:06,327 | INFO | epoch=1 batch=375 global_step=125 loss_reg_months=15.5085 lr=0.00020000 grad_norm=3.5597 throughput=17.65 img/s eta_seconds=381.3 gpu_alloc=375.7MiB gpu_reserved=4358.0MiB skipped_batches=0
2026-08-18 13:55:22,256 | INFO | epoch=1 batch=400 global_step=133 loss_reg_months=15.1348 lr=0.00020000 grad_norm=2.4922 throughput=17.72 img/s eta_seconds=362.8 gpu_alloc=484.5MiB gpu_reserved=4358.0MiB skipped_batches=0
2026-08-18 13:55:39,459 | INFO | epoch=1 batch=425 global_step=141 loss_reg_months=14.8643 lr=0.00020000 grad_norm=5.0007 throughput=17.70 img/s eta_seconds=346.2 gpu_alloc=484.5MiB gpu_reserved=4358.0MiB skipped_batches=0
2026-08-18 13:56:01,155 | INFO | epoch=1 batch=450 global_step=150 loss_reg_months=14.5335 lr=0.00020000 grad_norm=2.8093 throughput=17.43 img/s eta_seconds=334.4 gpu_alloc=375.7MiB gpu_reserved=4358.0MiB skipped_batches=0
2026-08-18 13:56:15,682 | INFO | epoch=1 batch=475 global_step=158 loss_reg_months=14.3041 lr=0.00020000 grad_norm=3.5601 throughput=17.57 img/s eta_seconds=314.6 gpu_alloc=484.5MiB gpu_reserved=4358.0MiB skipped_batches=0
2026-08-18 13:56:31,038 | INFO | epoch=1 batch=500 global_step=166 loss_reg_months=14.0072 lr=0.00020000 grad_norm=2.2263 throughput=17.66 img/s eta_seconds=296.0 gpu_alloc=484.5MiB gpu_reserved=4358.0MiB skipped_batches=0
2026-08-18 13:56:46,764 | INFO | epoch=1 batch=525 global_step=175 loss_reg_months=13.7596 lr=0.00020000 grad_norm=1.6229 throughput=17.73 img/s eta_seconds=278.1 gpu_alloc=375.7MiB gpu_reserved=4358.0MiB skipped_batches=0
2026-08-18 13:57:02,181 | INFO | epoch=1 batch=550 global_step=183 loss_reg_months=13.5155 lr=0.00020000 grad_norm=1.6492 throughput=17.80 img/s eta_seconds=260.1 gpu_alloc=484.5MiB gpu_reserved=4358.0MiB skipped_batches=0
2026-08-18 13:57:18,389 | INFO | epoch=1 batch=575 global_step=191 loss_reg_months=13.2950 lr=0.00020000 grad_norm=3.0049 throughput=17.83 img/s eta_seconds=242.8 gpu_alloc=484.5MiB gpu_reserved=4358.0MiB skipped_batches=0
2026-08-18 13:57:34,478 | INFO | epoch=1 batch=600 global_step=200 loss_reg_months=13.1296 lr=0.00020000 grad_norm=8.3184 throughput=17.86 img/s eta_seconds=225.6 gpu_alloc=375.7MiB gpu_reserved=4358.0MiB skipped_batches=0
2026-08-18 13:57:50,134 | INFO | epoch=1 batch=625 global_step=208 loss_reg_months=12.9620 lr=0.00020000 grad_norm=4.2885 throughput=17.91 img/s eta_seconds=208.2 gpu_alloc=484.5MiB gpu_reserved=4358.0MiB skipped_batches=0
2026-08-18 13:58:06,229 | INFO | epoch=1 batch=650 global_step=216 loss_reg_months=12.8442 lr=0.00020000 grad_norm=4.1997 throughput=17.94 img/s eta_seconds=191.2 gpu_alloc=484.5MiB gpu_reserved=4358.0MiB skipped_batches=0
2026-08-18 13:58:21,274 | INFO | epoch=1 batch=675 global_step=225 loss_reg_months=12.6933 lr=0.00020000 grad_norm=3.2148 throughput=18.00 img/s eta_seconds=173.8 gpu_alloc=375.7MiB gpu_reserved=4358.0MiB skipped_batches=0
2026-08-18 13:58:36,617 | INFO | epoch=1 batch=700 global_step=233 loss_reg_months=12.5299 lr=0.00020000 grad_norm=4.0290 throughput=18.05 img/s eta_seconds=156.7 gpu_alloc=484.5MiB gpu_reserved=4358.0MiB skipped_batches=0
2026-08-18 13:58:52,681 | INFO | epoch=1 batch=725 global_step=241 loss_reg_months=12.4161 lr=0.00020000 grad_norm=8.3021 throughput=18.08 img/s eta_seconds=139.9 gpu_alloc=484.5MiB gpu_reserved=4358.0MiB skipped_batches=0
2026-08-18 13:59:16,312 | INFO | epoch=1 batch=750 global_step=250 loss_reg_months=12.2803 lr=0.00020000 grad_norm=2.7773 throughput=17.82 img/s eta_seconds=125.1 gpu_alloc=375.7MiB gpu_reserved=4358.0MiB skipped_batches=0
2026-08-18 13:59:30,297 | INFO | epoch=1 batch=775 global_step=258 loss_reg_months=12.1458 lr=0.00020000 grad_norm=2.8864 throughput=17.92 img/s eta_seconds=107.6 gpu_alloc=484.5MiB gpu_reserved=4358.0MiB skipped_batches=0
2026-08-18 13:59:45,288 | INFO | epoch=1 batch=800 global_step=266 loss_reg_months=11.9871 lr=0.00020000 grad_norm=3.2178 throughput=17.98 img/s eta_seconds=90.6 gpu_alloc=484.5MiB gpu_reserved=4358.0MiB skipped_batches=0
2026-08-18 14:00:00,712 | INFO | epoch=1 batch=825 global_step=275 loss_reg_months=11.8735 lr=0.00020000 grad_norm=2.8295 throughput=18.02 img/s eta_seconds=73.7 gpu_alloc=375.7MiB gpu_reserved=4358.0MiB skipped_batches=0
2026-08-18 14:00:16,669 | INFO | epoch=1 batch=850 global_step=283 loss_reg_months=11.7126 lr=0.00020000 grad_norm=2.0842 throughput=18.04 img/s eta_seconds=57.0 gpu_alloc=484.5MiB gpu_reserved=4358.0MiB skipped_batches=0
2026-08-18 14:00:33,277 | INFO | epoch=1 batch=875 global_step=291 loss_reg_months=11.5907 lr=0.00020000 grad_norm=3.8510 throughput=18.04 img/s eta_seconds=40.4 gpu_alloc=484.5MiB gpu_reserved=4358.0MiB skipped_batches=0
2026-08-18 14:00:48,969 | INFO | epoch=1 batch=900 global_step=300 loss_reg_months=11.4625 lr=0.00020000 grad_norm=6.4195 throughput=18.07 img/s eta_seconds=23.7 gpu_alloc=375.7MiB gpu_reserved=4358.0MiB skipped_batches=0
2026-08-18 14:01:05,309 | INFO | epoch=1 batch=925 global_step=308 loss_reg_months=11.3681 lr=0.00020000 grad_norm=2.4535 throughput=18.08 img/s eta_seconds=7.1 gpu_alloc=484.5MiB gpu_reserved=4358.0MiB skipped_batches=0
2026-08-18 14:03:34,813 | INFO | 
TRAINING REVIEW SNAPSHOT
Run ID / config hash / split hash: P7_FINAL_V3_FOLD_4 / 2d61d8d49b16 / 89f98ca8cf75+01ffce9c7329
Epoch / global step: 1 / 312
Train loss: 11.3377
Validation MAE / RMSE / median AE: 9.0111 / 11.7282 / 7.2500
MAE nam / nữ / age bins: {'F': 9.983408317120622, 'M': 8.190230781865965} / {'60-119': 11.32758064516129, '120-179': 8.231214996888612, '0-59': 9.157253840782124, '180-228': 6.701727642276423}
Learning rate / peak VRAM: 0.00020000 / 4358.0 MiB
Best epoch / best MAE / epochs không cải thiện: 1 / 9.0111 / 0
Cảnh báo hiện tại: KHÔNG
Checkpoint gần nhất: /content/p7_v3/runs/P7_FINAL_V3_FOLD_4/last.ckpt
Checkpoint tốt nhất: /content/p7_v3/runs/P7_FINAL_V3_FOLD_4/best_mae.ckpt
Đề xuất tự động: TIẾP TỤC
2026-08-18 14:04:15,395 | INFO | epoch=2 batch=25 global_step=320 loss_reg_months=8.0264 lr=0.00019960 grad_norm=2.9621 throughput=15.56 img/s eta_seconds=702.4 gpu_alloc=484.5MiB gpu_reserved=4358.0MiB skipped_batches=0
2026-08-18 14:04:30,809 | INFO | epoch=2 batch=50 global_step=328 loss_reg_months=7.5295 lr=0.00019960 grad_norm=3.8181 throughput=17.29 img/s eta_seconds=614.6 gpu_alloc=484.5MiB gpu_reserved=4358.0MiB skipped_batches=0
2026-08-18 14:04:47,315 | INFO | epoch=2 batch=75 global_step=337 loss_reg_months=7.5527 lr=0.00019960 grad_norm=6.1154 throughput=17.58 img/s eta_seconds=587.6 gpu_alloc=375.7MiB gpu_reserved=4358.0MiB skipped_batches=0
2026-08-18 14:05:02,502 | INFO | epoch=2 batch=100 global_step=345 loss_reg_months=7.9939 lr=0.00019960 grad_norm=3.6663 throughput=18.08 img/s eta_seconds=554.8 gpu_alloc=484.5MiB gpu_reserved=4358.0MiB skipped_batches=0
2026-08-18 14:05:18,755 | INFO | epoch=2 batch=125 global_step=353 loss_reg_months=7.9640 lr=0.00019960 grad_norm=4.1457 throughput=18.15 img/s eta_seconds=536.0 gpu_alloc=484.5MiB gpu_reserved=4358.0MiB skipped_batches=0
2026-08-18 14:05:34,946 | INFO | epoch=2 batch=150 global_step=362 loss_reg_months=7.8701 lr=0.00019960 grad_norm=4.4210 throughput=18.21 img/s eta_seconds=517.7 gpu_alloc=375.7MiB gpu_reserved=4358.0MiB skipped_batches=0
2026-08-18 14:05:50,949 | INFO | epoch=2 batch=175 global_step=370 loss_reg_months=7.6904 lr=0.00019960 grad_norm=4.0190 throughput=18.29 img/s eta_seconds=499.2 gpu_alloc=484.5MiB gpu_reserved=4358.0MiB skipped_batches=0
2026-08-18 14:06:06,118 | INFO | epoch=2 batch=200 global_step=378 loss_reg_months=7.6859 lr=0.00019960 grad_norm=4.7541 throughput=18.46 img/s eta_seconds=478.3 gpu_alloc=484.5MiB gpu_reserved=4358.0MiB skipped_batches=0
2026-08-18 14:06:22,415 | INFO | epoch=2 batch=225 global_step=387 loss_reg_months=7.6055 lr=0.00019960 grad_norm=2.9340 throughput=18.46 img/s eta_seconds=462.1 gpu_alloc=375.7MiB gpu_reserved=4358.0MiB skipped_batches=0
2026-08-18 14:06:40,106 | INFO | epoch=2 batch=250 global_step=395 loss_reg_months=7.4589 lr=0.00019960 grad_norm=2.0017 throughput=18.29 img/s eta_seconds=449.8 gpu_alloc=484.5MiB gpu_reserved=4358.0MiB skipped_batches=0
2026-08-18 14:06:56,514 | INFO | epoch=2 batch=275 global_step=403 loss_reg_months=7.4544 lr=0.00019960 grad_norm=2.5681 throughput=18.29 img/s eta_seconds=433.4 gpu_alloc=484.5MiB gpu_reserved=4358.0MiB skipped_batches=0
2026-08-18 14:07:11,737 | INFO | epoch=2 batch=300 global_step=412 loss_reg_months=7.5926 lr=0.00019960 grad_norm=4.8526 throughput=18.40 img/s eta_seconds=414.6 gpu_alloc=375.7MiB gpu_reserved=4358.0MiB skipped_batches=0
2026-08-18 14:07:27,431 | INFO | epoch=2 batch=325 global_step=420 loss_reg_months=7.5918 lr=0.00019960 grad_norm=2.9193 throughput=18.46 img/s eta_seconds=397.1 gpu_alloc=484.5MiB gpu_reserved=4358.0MiB skipped_batches=0
2026-08-18 14:07:43,630 | INFO | epoch=2 batch=350 global_step=428 loss_reg_months=7.5817 lr=0.00019960 grad_norm=1.6798 throughput=18.46 img/s eta_seconds=380.8 gpu_alloc=484.5MiB gpu_reserved=4358.0MiB skipped_batches=0
2026-08-18 14:07:59,298 | INFO | epoch=2 batch=375 global_step=437 loss_reg_months=7.4897 lr=0.00019960 grad_norm=2.3554 throughput=18.50 img/s eta_seconds=363.6 gpu_alloc=375.7MiB gpu_reserved=4358.0MiB skipped_batches=0
2026-08-18 14:08:15,747 | INFO | epoch=2 batch=400 global_step=445 loss_reg_months=7.4739 lr=0.00019960 grad_norm=3.7728 throughput=18.49 img/s eta_seconds=347.7 gpu_alloc=484.5MiB gpu_reserved=4358.0MiB skipped_batches=0
2026-08-18 14:08:30,824 | INFO | epoch=2 batch=425 global_step=453 loss_reg_months=7.4796 lr=0.00019960 grad_norm=3.8081 throughput=18.56 img/s eta_seconds=330.1 gpu_alloc=484.5MiB gpu_reserved=4358.0MiB skipped_batches=0
2026-08-18 14:08:47,449 | INFO | epoch=2 batch=450 global_step=462 loss_reg_months=7.4811 lr=0.00019960 grad_norm=1.6208 throughput=18.54 img/s eta_seconds=314.5 gpu_alloc=375.7MiB gpu_reserved=4358.0MiB skipped_batches=0
2026-08-18 14:09:06,698 | INFO | epoch=2 batch=475 global_step=470 loss_reg_months=7.4466 lr=0.00019960 grad_norm=3.0353 throughput=18.35 img/s eta_seconds=301.3 gpu_alloc=484.5MiB gpu_reserved=4358.0MiB skipped_batches=0
2026-08-18 14:09:23,063 | INFO | epoch=2 batch=500 global_step=478 loss_reg_months=7.3707 lr=0.00019960 grad_norm=2.7270 throughput=18.35 img/s eta_seconds=284.9 gpu_alloc=484.5MiB gpu_reserved=4358.0MiB skipped_batches=0
2026-08-18 14:09:39,472 | INFO | epoch=2 batch=525 global_step=487 loss_reg_months=7.2975 lr=0.00019960 grad_norm=2.1085 throughput=18.35 img/s eta_seconds=268.6 gpu_alloc=375.7MiB gpu_reserved=4358.0MiB skipped_batches=0
2026-08-18 14:09:55,264 | INFO | epoch=2 batch=550 global_step=495 loss_reg_months=7.2656 lr=0.00019960 grad_norm=3.3533 throughput=18.38 img/s eta_seconds=251.9 gpu_alloc=484.5MiB gpu_reserved=4358.0MiB skipped_batches=0
2026-08-18 14:10:14,326 | INFO | epoch=2 batch=575 global_step=503 loss_reg_months=7.2706 lr=0.00019960 grad_norm=3.3350 throughput=18.24 img/s eta_seconds=237.3 gpu_alloc=484.5MiB gpu_reserved=4358.0MiB skipped_batches=0
2026-08-18 14:10:30,691 | INFO | epoch=2 batch=600 global_step=512 loss_reg_months=7.2497 lr=0.00019960 grad_norm=2.9258 throughput=18.25 img/s eta_seconds=220.8 gpu_alloc=375.7MiB gpu_reserved=4358.0MiB skipped_batches=0
2026-08-18 14:10:46,143 | INFO | epoch=2 batch=625 global_step=520 loss_reg_months=7.2253 lr=0.00019960 grad_norm=1.6795 throughput=18.29 img/s eta_seconds=203.9 gpu_alloc=484.5MiB gpu_reserved=4358.0MiB skipped_batches=0
2026-08-18 14:11:02,570 | INFO | epoch=2 batch=650 global_step=528 loss_reg_months=7.1971 lr=0.00019960 grad_norm=2.5938 throughput=18.29 img/s eta_seconds=187.5 gpu_alloc=484.5MiB gpu_reserved=4358.0MiB skipped_batches=0
2026-08-18 14:11:18,180 | INFO | epoch=2 batch=675 global_step=537 loss_reg_months=7.1655 lr=0.00019960 grad_norm=1.2514 throughput=18.32 img/s eta_seconds=170.8 gpu_alloc=375.7MiB gpu_reserved=4358.0MiB skipped_batches=0
2026-08-18 14:11:33,692 | INFO | epoch=2 batch=700 global_step=545 loss_reg_months=7.1604 lr=0.00019960 grad_norm=1.5791 throughput=18.36 img/s eta_seconds=154.1 gpu_alloc=484.5MiB gpu_reserved=4358.0MiB skipped_batches=0
2026-08-18 14:11:49,692 | INFO | epoch=2 batch=725 global_step=553 loss_reg_months=7.1439 lr=0.00019960 grad_norm=1.6738 throughput=18.37 img/s eta_seconds=137.7 gpu_alloc=484.5MiB gpu_reserved=4358.0MiB skipped_batches=0
2026-08-18 14:12:05,473 | INFO | epoch=2 batch=750 global_step=562 loss_reg_months=7.1142 lr=0.00019960 grad_norm=1.6006 throughput=18.39 img/s eta_seconds=121.2 gpu_alloc=375.7MiB gpu_reserved=4358.0MiB skipped_batches=0
2026-08-18 14:12:20,265 | INFO | epoch=2 batch=775 global_step=570 loss_reg_months=7.0738 lr=0.00019960 grad_norm=2.2996 throughput=18.45 img/s eta_seconds=104.6 gpu_alloc=484.5MiB gpu_reserved=4358.0MiB skipped_batches=0
2026-08-18 14:12:38,351 | INFO | epoch=2 batch=800 global_step=578 loss_reg_months=7.0536 lr=0.00019960 grad_norm=2.0333 throughput=18.38 img/s eta_seconds=88.6 gpu_alloc=484.5MiB gpu_reserved=4358.0MiB skipped_batches=0
2026-08-18 14:12:54,477 | INFO | epoch=2 batch=825 global_step=587 loss_reg_months=7.0454 lr=0.00019960 grad_norm=2.5845 throughput=18.39 img/s eta_seconds=72.3 gpu_alloc=375.7MiB gpu_reserved=4358.0MiB skipped_batches=0
2026-08-18 14:13:10,756 | INFO | epoch=2 batch=850 global_step=595 loss_reg_months=7.0686 lr=0.00019960 grad_norm=3.0834 throughput=18.39 img/s eta_seconds=56.0 gpu_alloc=484.5MiB gpu_reserved=4358.0MiB skipped_batches=0
2026-08-18 14:13:26,321 | INFO | epoch=2 batch=875 global_step=603 loss_reg_months=7.0748 lr=0.00019960 grad_norm=4.2509 throughput=18.41 img/s eta_seconds=39.6 gpu_alloc=484.5MiB gpu_reserved=4358.0MiB skipped_batches=0
2026-08-18 14:13:43,197 | INFO | epoch=2 batch=900 global_step=612 loss_reg_months=7.0626 lr=0.00019960 grad_norm=2.9365 throughput=18.40 img/s eta_seconds=23.3 gpu_alloc=375.7MiB gpu_reserved=4358.0MiB skipped_batches=0
2026-08-18 14:13:59,113 | INFO | epoch=2 batch=925 global_step=620 loss_reg_months=7.0901 lr=0.00019960 grad_norm=3.1621 throughput=18.41 img/s eta_seconds=7.0 gpu_alloc=484.5MiB gpu_reserved=4358.0MiB skipped_batches=0
2026-08-18 14:16:05,056 | INFO | 
TRAINING REVIEW SNAPSHOT
Run ID / config hash / split hash: P7_FINAL_V3_FOLD_4 / 2d61d8d49b16 / 89f98ca8cf75+01ffce9c7329
Epoch / global step: 2 / 624
Train loss: 7.0825
Validation MAE / RMSE / median AE: 10.5451 / 13.6170 / 8.5000
MAE nam / nữ / age bins: {'F': 10.021382538910506, 'M': 10.987259773324572} / {'60-119': 11.734677419354838, '120-179': 11.208268512756689, '0-59': 4.828343226256983, '180-228': 6.625}
Learning rate / peak VRAM: 0.00019960 / 4358.0 MiB
Best epoch / best MAE / epochs không cải thiện: 1 / 9.0111 / 1
Cảnh báo hiện tại: KHÔNG
Checkpoint gần nhất: /content/p7_v3/runs/P7_FINAL_V3_FOLD_4/last.ckpt
Checkpoint tốt nhất: /content/p7_v3/runs/P7_FINAL_V3_FOLD_4/best_mae.ckpt
Đề xuất tự động: TIẾP TỤC
2026-08-18 14:16:30,257 | INFO | epoch=3 batch=25 global_step=632 loss_reg_months=7.7313 lr=0.00019840 grad_norm=3.2985 throughput=16.39 img/s eta_seconds=666.9 gpu_alloc=484.5MiB gpu_reserved=4358.0MiB skipped_batches=0
2026-08-18 14:16:45,644 | INFO | epoch=3 batch=50 global_step=640 loss_reg_months=7.7615 lr=0.00019840 grad_norm=2.9875 throughput=17.81 img/s eta_seconds=596.8 gpu_alloc=484.5MiB gpu_reserved=4358.0MiB skipped_batches=0
2026-08-18 14:17:01,403 | INFO | epoch=3 batch=75 global_step=649 loss_reg_months=7.6241 lr=0.00019840 grad_norm=1.5295 throughput=18.20 img/s eta_seconds=567.5 gpu_alloc=375.7MiB gpu_reserved=4358.0MiB skipped_batches=0
2026-08-18 14:17:16,399 | INFO | epoch=3 batch=100 global_step=657 loss_reg_months=7.3247 lr=0.00019840 grad_norm=1.6753 throughput=18.62 img/s eta_seconds=538.6 gpu_alloc=484.5MiB gpu_reserved=4358.0MiB skipped_batches=0
2026-08-18 14:17:31,969 | INFO | epoch=3 batch=125 global_step=665 loss_reg_months=7.1221 lr=0.00019840 grad_norm=2.7180 throughput=18.75 img/s eta_seconds=519.0 gpu_alloc=484.5MiB gpu_reserved=4358.0MiB skipped_batches=0
2026-08-18 14:17:47,499 | INFO | epoch=3 batch=150 global_step=674 loss_reg_months=7.0392 lr=0.00019840 grad_norm=1.2796 throughput=18.84 img/s eta_seconds=500.5 gpu_alloc=375.7MiB gpu_reserved=4358.0MiB skipped_batches=0
2026-08-18 14:18:03,509 | INFO | epoch=3 batch=175 global_step=682 loss_reg_months=6.9610 lr=0.00019840 grad_norm=2.1410 throughput=18.82 img/s eta_seconds=485.0 gpu_alloc=484.5MiB gpu_reserved=4358.0MiB skipped_batches=0
2026-08-18 14:18:18,634 | INFO | epoch=3 batch=200 global_step=690 loss_reg_months=6.8528 lr=0.00019840 grad_norm=1.8291 throughput=18.95 img/s eta_seconds=466.0 gpu_alloc=484.5MiB gpu_reserved=4358.0MiB skipped_batches=0
2026-08-18 14:18:36,086 | INFO | epoch=3 batch=225 global_step=699 loss_reg_months=6.7470 lr=0.00019840 grad_norm=1.7260 throughput=18.73 img/s eta_seconds=455.3 gpu_alloc=375.7MiB gpu_reserved=4358.0MiB skipped_batches=0
2026-08-18 14:18:51,469 | INFO | epoch=3 batch=250 global_step=707 loss_reg_months=6.5883 lr=0.00019840 grad_norm=2.3692 throughput=18.81 img/s eta_seconds=437.5 gpu_alloc=484.5MiB gpu_reserved=4358.0MiB skipped_batches=0
2026-08-18 14:19:06,529 | INFO | epoch=3 batch=275 global_step=715 loss_reg_months=6.5692 lr=0.00019840 grad_norm=1.7994 throughput=18.90 img/s eta_seconds=419.5 gpu_alloc=484.5MiB gpu_reserved=4358.0MiB skipped_batches=0
2026-08-18 14:19:22,008 | INFO | epoch=3 batch=300 global_step=724 loss_reg_months=6.5289 lr=0.00019840 grad_norm=2.3248 throughput=18.94 img/s eta_seconds=402.8 gpu_alloc=375.7MiB gpu_reserved=4358.0MiB skipped_batches=0
2026-08-18 14:19:39,542 | INFO | epoch=3 batch=325 global_step=732 loss_reg_months=6.5633 lr=0.00019840 grad_norm=1.5024 throughput=18.79 img/s eta_seconds=390.1 gpu_alloc=484.5MiB gpu_reserved=4358.0MiB skipped_batches=0
2026-08-18 14:19:54,914 | INFO | epoch=3 batch=350 global_step=740 loss_reg_months=6.5980 lr=0.00019840 grad_norm=2.3673 throughput=18.84 img/s eta_seconds=373.1 gpu_alloc=484.5MiB gpu_reserved=4358.0MiB skipped_batches=0
2026-08-18 14:20:09,635 | INFO | epoch=3 batch=375 global_step=749 loss_reg_months=6.5833 lr=0.00019840 grad_norm=2.0606 throughput=18.93 img/s eta_seconds=355.4 gpu_alloc=375.7MiB gpu_reserved=4358.0MiB skipped_batches=0
2026-08-18 14:20:26,543 | INFO | epoch=3 batch=400 global_step=757 loss_reg_months=6.5186 lr=0.00019840 grad_norm=1.4944 throughput=18.85 img/s eta_seconds=341.0 gpu_alloc=484.5MiB gpu_reserved=4358.0MiB skipped_batches=0
2026-08-18 14:20:42,112 | INFO | epoch=3 batch=425 global_step=765 loss_reg_months=6.4743 lr=0.00019840 grad_norm=1.1830 throughput=18.88 img/s eta_seconds=324.7 gpu_alloc=484.5MiB gpu_reserved=4358.0MiB skipped_batches=0
2026-08-18 14:20:57,458 | INFO | epoch=3 batch=450 global_step=774 loss_reg_months=6.4428 lr=0.00019840 grad_norm=2.1999 throughput=18.91 img/s eta_seconds=308.2 gpu_alloc=375.7MiB gpu_reserved=4358.0MiB skipped_batches=0
2026-08-18 14:21:13,442 | INFO | epoch=3 batch=475 global_step=782 loss_reg_months=6.4039 lr=0.00019840 grad_norm=3.1789 throughput=18.91 img/s eta_seconds=292.4 gpu_alloc=484.5MiB gpu_reserved=4358.0MiB skipped_batches=0
2026-08-18 14:21:29,694 | INFO | epoch=3 batch=500 global_step=790 loss_reg_months=6.4232 lr=0.00019840 grad_norm=2.1582 throughput=18.88 img/s eta_seconds=276.9 gpu_alloc=484.5MiB gpu_reserved=4358.0MiB skipped_batches=0
2026-08-18 14:21:45,186 | INFO | epoch=3 batch=525 global_step=799 loss_reg_months=6.4074 lr=0.00019840 grad_norm=1.3555 throughput=18.91 img/s eta_seconds=260.7 gpu_alloc=375.7MiB gpu_reserved=4358.0MiB skipped_batches=0
2026-08-18 14:22:01,304 | INFO | epoch=3 batch=550 global_step=807 loss_reg_months=6.3904 lr=0.00019840 grad_norm=1.6383 throughput=18.89 img/s eta_seconds=245.0 gpu_alloc=484.5MiB gpu_reserved=4358.0MiB skipped_batches=0
2026-08-18 14:22:16,563 | INFO | epoch=3 batch=575 global_step=815 loss_reg_months=6.3718 lr=0.00019840 grad_norm=2.6724 throughput=18.92 img/s eta_seconds=228.8 gpu_alloc=484.5MiB gpu_reserved=4358.0MiB skipped_batches=0
2026-08-18 14:22:31,980 | INFO | epoch=3 batch=600 global_step=824 loss_reg_months=6.3855 lr=0.00019840 grad_norm=2.7550 throughput=18.95 img/s eta_seconds=212.7 gpu_alloc=375.7MiB gpu_reserved=4358.0MiB skipped_batches=0
2026-08-18 14:22:47,388 | INFO | epoch=3 batch=625 global_step=832 loss_reg_months=6.3838 lr=0.00019840 grad_norm=2.6453 throughput=18.97 img/s eta_seconds=196.6 gpu_alloc=484.5MiB gpu_reserved=4358.0MiB skipped_batches=0
2026-08-18 14:23:03,874 | INFO | epoch=3 batch=650 global_step=840 loss_reg_months=6.3825 lr=0.00019840 grad_norm=1.8883 throughput=18.94 img/s eta_seconds=181.1 gpu_alloc=484.5MiB gpu_reserved=4358.0MiB skipped_batches=0
2026-08-18 14:23:19,325 | INFO | epoch=3 batch=675 global_step=849 loss_reg_months=6.4039 lr=0.00019840 grad_norm=2.6480 throughput=18.95 img/s eta_seconds=165.1 gpu_alloc=375.7MiB gpu_reserved=4358.0MiB skipped_batches=0
2026-08-18 14:23:37,992 | INFO | epoch=3 batch=700 global_step=857 loss_reg_months=6.3670 lr=0.00019840 grad_norm=1.4109 throughput=18.83 img/s eta_seconds=150.2 gpu_alloc=484.5MiB gpu_reserved=4358.0MiB skipped_batches=0
2026-08-18 14:23:53,736 | INFO | epoch=3 batch=725 global_step=865 loss_reg_months=6.3413 lr=0.00019840 grad_norm=2.6878 throughput=18.84 img/s eta_seconds=134.2 gpu_alloc=484.5MiB gpu_reserved=4358.0MiB skipped_batches=0
2026-08-18 14:24:08,944 | INFO | epoch=3 batch=750 global_step=874 loss_reg_months=6.3444 lr=0.00019840 grad_norm=2.1476 throughput=18.87 img/s eta_seconds=118.1 gpu_alloc=375.7MiB gpu_reserved=4358.0MiB skipped_batches=0
2026-08-18 14:24:24,785 | INFO | epoch=3 batch=775 global_step=882 loss_reg_months=6.3436 lr=0.00019840 grad_norm=2.4491 throughput=18.87 img/s eta_seconds=102.2 gpu_alloc=484.5MiB gpu_reserved=4358.0MiB skipped_batches=0
2026-08-18 14:24:42,044 | INFO | epoch=3 batch=800 global_step=890 loss_reg_months=6.3487 lr=0.00019840 grad_norm=2.6262 throughput=18.82 img/s eta_seconds=86.6 gpu_alloc=484.5MiB gpu_reserved=4358.0MiB skipped_batches=0
2026-08-18 14:24:57,800 | INFO | epoch=3 batch=825 global_step=899 loss_reg_months=6.3885 lr=0.00019840 grad_norm=2.4969 throughput=18.83 img/s eta_seconds=70.6 gpu_alloc=375.7MiB gpu_reserved=4358.0MiB skipped_batches=0
2026-08-18 14:25:12,830 | INFO | epoch=3 batch=850 global_step=907 loss_reg_months=6.3813 lr=0.00019840 grad_norm=2.3130 throughput=18.86 img/s eta_seconds=54.6 gpu_alloc=484.5MiB gpu_reserved=4358.0MiB skipped_batches=0
2026-08-18 14:25:31,243 | INFO | epoch=3 batch=875 global_step=915 loss_reg_months=6.3881 lr=0.00019840 grad_norm=2.1450 throughput=18.77 img/s eta_seconds=38.8 gpu_alloc=484.5MiB gpu_reserved=4358.0MiB skipped_batches=0
2026-08-18 14:25:47,114 | INFO | epoch=3 batch=900 global_step=924 loss_reg_months=6.3844 lr=0.00019840 grad_norm=1.6649 throughput=18.78 img/s eta_seconds=22.8 gpu_alloc=375.7MiB gpu_reserved=4358.0MiB skipped_batches=0
2026-08-18 14:26:03,417 | INFO | epoch=3 batch=925 global_step=932 loss_reg_months=6.4051 lr=0.00019840 grad_norm=2.7740 throughput=18.77 img/s eta_seconds=6.9 gpu_alloc=484.5MiB gpu_reserved=4358.0MiB skipped_batches=0
2026-08-18 14:28:12,721 | WARNING | STABILITY WARNING [CAM] Prediction vượt nhẹ miền tuổi 0–228: [-0.87, 216.12]
2026-08-18 14:28:24,073 | INFO | 
TRAINING REVIEW SNAPSHOT
Run ID / config hash / split hash: P7_FINAL_V3_FOLD_4 / 2d61d8d49b16 / 89f98ca8cf75+01ffce9c7329
Epoch / global step: 3 / 936
Train loss: 6.3956
Validation MAE / RMSE / median AE: 7.6765 / 10.1209 / 6.0000
MAE nam / nữ / age bins: {'F': 8.30573283985895, 'M': 7.145311473390276} / {'60-119': 10.643508064516128, '120-179': 6.342836029869321, '0-59': 8.637567104574023, '180-228': 6.342479674796748}
Learning rate / peak VRAM: 0.00019840 / 4358.0 MiB
Best epoch / best MAE / epochs không cải thiện: 3 / 7.6765 / 0
Cảnh báo hiện tại: CAM: Prediction vượt nhẹ miền tuổi 0–228: [-0.87, 216.12]
Checkpoint gần nhất: /content/p7_v3/runs/P7_FINAL_V3_FOLD_4/last.ckpt
Checkpoint tốt nhất: /content/p7_v3/runs/P7_FINAL_V3_FOLD_4/best_mae.ckpt
Đề xuất tự động: THEO DÕI
2026-08-18 14:28:51,740 | INFO | epoch=4 batch=25 global_step=944 loss_reg_months=6.3292 lr=0.00019641 grad_norm=1.9131 throughput=14.29 img/s eta_seconds=764.8 gpu_alloc=484.5MiB gpu_reserved=4358.0MiB skipped_batches=0
2026-08-18 14:29:07,258 | INFO | epoch=4 batch=50 global_step=952 loss_reg_months=6.0373 lr=0.00019641 grad_norm=1.9037 throughput=16.43 img/s eta_seconds=646.8 gpu_alloc=484.5MiB gpu_reserved=4358.0MiB skipped_batches=0
2026-08-18 14:29:23,414 | INFO | epoch=4 batch=75 global_step=961 loss_reg_months=6.1696 lr=0.00019641 grad_norm=2.3118 throughput=17.09 img/s eta_seconds=604.4 gpu_alloc=375.7MiB gpu_reserved=4358.0MiB skipped_batches=0
2026-08-18 14:29:38,688 | INFO | epoch=4 batch=100 global_step=969 loss_reg_months=5.9333 lr=0.00019641 grad_norm=1.7914 throughput=17.66 img/s eta_seconds=567.8 gpu_alloc=484.5MiB gpu_reserved=4358.0MiB skipped_batches=0
2026-08-18 14:29:55,827 | INFO | epoch=4 batch=125 global_step=977 loss_reg_months=5.8293 lr=0.00019641 grad_norm=2.0243 throughput=17.63 img/s eta_seconds=551.8 gpu_alloc=484.5MiB gpu_reserved=4358.0MiB skipped_batches=0
2026-08-18 14:30:11,818 | INFO | epoch=4 batch=150 global_step=986 loss_reg_months=5.8795 lr=0.00019641 grad_norm=2.3844 throughput=17.81 img/s eta_seconds=529.4 gpu_alloc=375.7MiB gpu_reserved=4358.0MiB skipped_batches=0
2026-08-18 14:30:28,328 | INFO | epoch=4 batch=175 global_step=994 loss_reg_months=5.9025 lr=0.00019641 grad_norm=3.2163 throughput=17.86 img/s eta_seconds=511.1 gpu_alloc=484.5MiB gpu_reserved=4358.0MiB skipped_batches=0
2026-08-18 14:30:45,001 | INFO | epoch=4 batch=200 global_step=1002 loss_reg_months=5.8833 lr=0.00019641 grad_norm=2.3599 throughput=17.88 img/s eta_seconds=493.9 gpu_alloc=484.5MiB gpu_reserved=4358.0MiB skipped_batches=0
2026-08-18 14:31:01,018 | INFO | epoch=4 batch=225 global_step=1011 loss_reg_months=5.8980 lr=0.00019641 grad_norm=2.3980 throughput=17.97 img/s eta_seconds=474.7 gpu_alloc=375.7MiB gpu_reserved=4358.0MiB skipped_batches=0
2026-08-18 14:31:17,609 | INFO | epoch=4 batch=250 global_step=1019 loss_reg_months=5.9148 lr=0.00019641 grad_norm=1.4668 throughput=17.98 img/s eta_seconds=457.7 gpu_alloc=484.5MiB gpu_reserved=4358.0MiB skipped_batches=0
2026-08-18 14:31:33,279 | INFO | epoch=4 batch=275 global_step=1027 loss_reg_months=5.8895 lr=0.00019641 grad_norm=1.2689 throughput=18.08 img/s eta_seconds=438.6 gpu_alloc=484.5MiB gpu_reserved=4358.0MiB skipped_batches=0
2026-08-18 14:31:49,439 | INFO | epoch=4 batch=300 global_step=1036 loss_reg_months=5.8999 lr=0.00019641 grad_norm=2.0483 throughput=18.12 img/s eta_seconds=421.1 gpu_alloc=375.7MiB gpu_reserved=4358.0MiB skipped_batches=0
2026-08-18 14:32:06,592 | INFO | epoch=4 batch=325 global_step=1044 loss_reg_months=5.9031 lr=0.00019641 grad_norm=1.5611 throughput=18.07 img/s eta_seconds=405.6 gpu_alloc=484.5MiB gpu_reserved=4358.0MiB skipped_batches=0
2026-08-18 14:32:21,931 | INFO | epoch=4 batch=350 global_step=1052 loss_reg_months=5.9340 lr=0.00019641 grad_norm=1.6140 throughput=18.17 img/s eta_seconds=386.9 gpu_alloc=484.5MiB gpu_reserved=4358.0MiB skipped_batches=0
2026-08-18 14:32:37,740 | INFO | epoch=4 batch=375 global_step=1061 loss_reg_months=5.9064 lr=0.00019641 grad_norm=2.0317 throughput=18.22 img/s eta_seconds=369.3 gpu_alloc=375.7MiB gpu_reserved=4358.0MiB skipped_batches=0
2026-08-18 14:32:54,710 | INFO | epoch=4 batch=400 global_step=1069 loss_reg_months=5.9318 lr=0.00019641 grad_norm=1.9182 throughput=18.18 img/s eta_seconds=353.5 gpu_alloc=484.5MiB gpu_reserved=4358.0MiB skipped_batches=0
2026-08-18 14:33:12,453 | INFO | epoch=4 batch=425 global_step=1077 loss_reg_months=5.9176 lr=0.00019641 grad_norm=2.5916 throughput=18.10 img/s eta_seconds=338.5 gpu_alloc=484.5MiB gpu_reserved=4358.0MiB skipped_batches=0
2026-08-18 14:33:29,055 | INFO | epoch=4 batch=450 global_step=1086 loss_reg_months=5.9268 lr=0.00019641 grad_norm=1.8526 throughput=18.10 img/s eta_seconds=322.0 gpu_alloc=375.7MiB gpu_reserved=4358.0MiB skipped_batches=0
2026-08-18 14:33:44,527 | INFO | epoch=4 batch=475 global_step=1094 loss_reg_months=5.9353 lr=0.00019641 grad_norm=2.2588 throughput=18.17 img/s eta_seconds=304.4 gpu_alloc=484.5MiB gpu_reserved=4358.0MiB skipped_batches=0
2026-08-18 14:33:59,901 | INFO | epoch=4 batch=500 global_step=1102 loss_reg_months=5.9445 lr=0.00019641 grad_norm=3.4412 throughput=18.23 img/s eta_seconds=286.9 gpu_alloc=484.5MiB gpu_reserved=4358.0MiB skipped_batches=0
2026-08-18 14:34:16,313 | INFO | epoch=4 batch=525 global_step=1111 loss_reg_months=6.0193 lr=0.00019641 grad_norm=1.9909 throughput=18.23 img/s eta_seconds=270.4 gpu_alloc=375.7MiB gpu_reserved=4358.0MiB skipped_batches=0
2026-08-18 14:34:32,544 | INFO | epoch=4 batch=550 global_step=1119 loss_reg_months=6.0551 lr=0.00019641 grad_norm=2.0851 throughput=18.24 img/s eta_seconds=253.8 gpu_alloc=484.5MiB gpu_reserved=4358.0MiB skipped_batches=0
2026-08-18 14:34:47,508 | INFO | epoch=4 batch=575 global_step=1127 loss_reg_months=6.0616 lr=0.00019641 grad_norm=1.7549 throughput=18.31 img/s eta_seconds=236.4 gpu_alloc=484.5MiB gpu_reserved=4358.0MiB skipped_batches=0
2026-08-18 14:35:02,987 | INFO | epoch=4 batch=600 global_step=1136 loss_reg_months=6.0805 lr=0.00019641 grad_norm=1.8938 throughput=18.36 img/s eta_seconds=219.5 gpu_alloc=375.7MiB gpu_reserved=4358.0MiB skipped_batches=0
2026-08-18 14:35:19,384 | INFO | epoch=4 batch=625 global_step=1144 loss_reg_months=6.0681 lr=0.00019641 grad_norm=2.0435 throughput=18.35 img/s eta_seconds=203.2 gpu_alloc=484.5MiB gpu_reserved=4358.0MiB skipped_batches=0
2026-08-18 14:35:34,881 | INFO | epoch=4 batch=650 global_step=1152 loss_reg_months=6.0499 lr=0.00019641 grad_norm=1.8921 throughput=18.39 img/s eta_seconds=186.5 gpu_alloc=484.5MiB gpu_reserved=4358.0MiB skipped_batches=0
2026-08-18 14:35:51,862 | INFO | epoch=4 batch=675 global_step=1161 loss_reg_months=6.0599 lr=0.00019641 grad_norm=2.5927 throughput=18.36 img/s eta_seconds=170.4 gpu_alloc=375.7MiB gpu_reserved=4358.0MiB skipped_batches=0
2026-08-18 14:36:07,998 | INFO | epoch=4 batch=700 global_step=1169 loss_reg_months=6.0225 lr=0.00019641 grad_norm=1.1548 throughput=18.37 img/s eta_seconds=154.0 gpu_alloc=484.5MiB gpu_reserved=4358.0MiB skipped_batches=0
2026-08-18 14:36:23,708 | INFO | epoch=4 batch=725 global_step=1177 loss_reg_months=6.0137 lr=0.00019641 grad_norm=1.8934 throughput=18.39 img/s eta_seconds=137.5 gpu_alloc=484.5MiB gpu_reserved=4358.0MiB skipped_batches=0
2026-08-18 14:36:39,756 | INFO | epoch=4 batch=750 global_step=1186 loss_reg_months=6.0084 lr=0.00019641 grad_norm=1.8025 throughput=18.40 img/s eta_seconds=121.1 gpu_alloc=375.7MiB gpu_reserved=4358.0MiB skipped_batches=0
2026-08-18 14:36:56,672 | INFO | epoch=4 batch=775 global_step=1194 loss_reg_months=6.0086 lr=0.00019641 grad_norm=1.3389 throughput=18.38 img/s eta_seconds=104.9 gpu_alloc=484.5MiB gpu_reserved=4358.0MiB skipped_batches=0
2026-08-18 14:37:13,304 | INFO | epoch=4 batch=800 global_step=1202 loss_reg_months=6.0037 lr=0.00019641 grad_norm=1.8682 throughput=18.37 img/s eta_seconds=88.7 gpu_alloc=484.5MiB gpu_reserved=4358.0MiB skipped_batches=0
2026-08-18 14:37:29,595 | INFO | epoch=4 batch=825 global_step=1211 loss_reg_months=6.0008 lr=0.00019641 grad_norm=1.6790 throughput=18.37 img/s eta_seconds=72.3 gpu_alloc=375.7MiB gpu_reserved=4358.0MiB skipped_batches=0
2026-08-18 14:37:46,533 | INFO | epoch=4 batch=850 global_step=1219 loss_reg_months=6.0121 lr=0.00019641 grad_norm=1.3905 throughput=18.35 img/s eta_seconds=56.1 gpu_alloc=484.5MiB gpu_reserved=4358.0MiB skipped_batches=0
2026-08-18 14:38:03,256 | INFO | epoch=4 batch=875 global_step=1227 loss_reg_months=5.9860 lr=0.00019641 grad_norm=0.9669 throughput=18.34 img/s eta_seconds=39.7 gpu_alloc=484.5MiB gpu_reserved=4358.0MiB skipped_batches=0
2026-08-18 14:38:19,074 | INFO | epoch=4 batch=900 global_step=1236 loss_reg_months=5.9822 lr=0.00019641 grad_norm=1.5678 throughput=18.36 img/s eta_seconds=23.4 gpu_alloc=375.7MiB gpu_reserved=4358.0MiB skipped_batches=0
2026-08-18 14:38:35,799 | INFO | epoch=4 batch=925 global_step=1244 loss_reg_months=5.9859 lr=0.00019641 grad_norm=2.1373 throughput=18.35 img/s eta_seconds=7.0 gpu_alloc=484.5MiB gpu_reserved=4358.0MiB skipped_batches=0
2026-08-18 14:40:54,486 | INFO | 
TRAINING REVIEW SNAPSHOT
Run ID / config hash / split hash: P7_FINAL_V3_FOLD_4 / 2d61d8d49b16 / 89f98ca8cf75+01ffce9c7329
Epoch / global step: 4 / 1248
Train loss: 5.9913
Validation MAE / RMSE / median AE: 7.1482 / 9.5088 / 5.6250
MAE nam / nữ / age bins: {'F': 7.453745136186771, 'M': 6.890245154402103} / {'60-119': 7.819435483870968, '120-179': 6.244632856253889, '0-59': 12.357978351955307, '180-228': 7.145325203252033}
Learning rate / peak VRAM: 0.00019641 / 4358.0 MiB
Best epoch / best MAE / epochs không cải thiện: 4 / 7.1482 / 0
Cảnh báo hiện tại: KHÔNG
Checkpoint gần nhất: /content/p7_v3/runs/P7_FINAL_V3_FOLD_4/last.ckpt
Checkpoint tốt nhất: /content/p7_v3/runs/P7_FINAL_V3_FOLD_4/best_mae.ckpt
Đề xuất tự động: TIẾP TỤC
2026-08-18 14:41:23,495 | INFO | epoch=5 batch=25 global_step=1256 loss_reg_months=6.0896 lr=0.00019366 grad_norm=1.8834 throughput=14.78 img/s eta_seconds=739.5 gpu_alloc=484.5MiB gpu_reserved=4358.0MiB skipped_batches=0
2026-08-18 14:41:39,515 | INFO | epoch=5 batch=50 global_step=1264 loss_reg_months=5.5965 lr=0.00019366 grad_norm=1.0208 throughput=16.52 img/s eta_seconds=643.4 gpu_alloc=484.5MiB gpu_reserved=4358.0MiB skipped_batches=0
2026-08-18 14:41:58,118 | INFO | epoch=5 batch=75 global_step=1273 loss_reg_months=5.3838 lr=0.00019366 grad_norm=1.3015 throughput=16.39 img/s eta_seconds=630.2 gpu_alloc=375.7MiB gpu_reserved=4358.0MiB skipped_batches=0
2026-08-18 14:42:12,981 | INFO | epoch=5 batch=100 global_step=1281 loss_reg_months=5.3850 lr=0.00019366 grad_norm=1.5070 throughput=17.20 img/s eta_seconds=583.2 gpu_alloc=484.5MiB gpu_reserved=4358.0MiB skipped_batches=0
2026-08-18 14:42:29,356 | INFO | epoch=5 batch=125 global_step=1289 loss_reg_months=5.4740 lr=0.00019366 grad_norm=1.4553 throughput=17.41 img/s eta_seconds=558.8 gpu_alloc=484.5MiB gpu_reserved=4358.0MiB skipped_batches=0
2026-08-18 14:42:46,634 | INFO | epoch=5 batch=150 global_step=1298 loss_reg_months=5.5157 lr=0.00019366 grad_norm=1.9381 throughput=17.40 img/s eta_seconds=541.8 gpu_alloc=375.7MiB gpu_reserved=4358.0MiB skipped_batches=0
2026-08-18 14:43:03,668 | INFO | epoch=5 batch=175 global_step=1306 loss_reg_months=5.5488 lr=0.00019366 grad_norm=1.3173 throughput=17.43 img/s eta_seconds=523.7 gpu_alloc=484.5MiB gpu_reserved=4358.0MiB skipped_batches=0
2026-08-18 14:43:19,432 | INFO | epoch=5 batch=200 global_step=1314 loss_reg_months=5.4839 lr=0.00019366 grad_norm=2.0249 throughput=17.62 img/s eta_seconds=501.2 gpu_alloc=484.5MiB gpu_reserved=4358.0MiB skipped_batches=0
2026-08-18 14:43:35,060 | INFO | epoch=5 batch=225 global_step=1323 loss_reg_months=5.4449 lr=0.00019366 grad_norm=1.7374 throughput=17.78 img/s eta_seconds=479.7 gpu_alloc=375.7MiB gpu_reserved=4358.0MiB skipped_batches=0
2026-08-18 14:43:51,266 | INFO | epoch=5 batch=250 global_step=1331 loss_reg_months=5.4642 lr=0.00019366 grad_norm=1.8863 throughput=17.85 img/s eta_seconds=461.0 gpu_alloc=484.5MiB gpu_reserved=4358.0MiB skipped_batches=0
2026-08-18 14:44:07,888 | INFO | epoch=5 batch=275 global_step=1339 loss_reg_months=5.4851 lr=0.00019366 grad_norm=1.5483 throughput=17.87 img/s eta_seconds=443.8 gpu_alloc=484.5MiB gpu_reserved=4358.0MiB skipped_batches=0
2026-08-18 14:44:23,736 | INFO | epoch=5 batch=300 global_step=1348 loss_reg_months=5.4684 lr=0.00019366 grad_norm=1.5717 throughput=17.95 img/s eta_seconds=425.0 gpu_alloc=375.7MiB gpu_reserved=4358.0MiB skipped_batches=0
2026-08-18 14:44:39,715 | INFO | epoch=5 batch=325 global_step=1356 loss_reg_months=5.4841 lr=0.00019366 grad_norm=1.3277 throughput=18.01 img/s eta_seconds=406.9 gpu_alloc=484.5MiB gpu_reserved=4358.0MiB skipped_batches=0
2026-08-18 14:44:54,840 | INFO | epoch=5 batch=350 global_step=1364 loss_reg_months=5.4669 lr=0.00019366 grad_norm=1.6751 throughput=18.13 img/s eta_seconds=387.7 gpu_alloc=484.5MiB gpu_reserved=4358.0MiB skipped_batches=0
2026-08-18 14:45:11,612 | INFO | epoch=5 batch=375 global_step=1373 loss_reg_months=5.4748 lr=0.00019366 grad_norm=1.8710 throughput=18.11 img/s eta_seconds=371.5 gpu_alloc=375.7MiB gpu_reserved=4358.0MiB skipped_batches=0
2026-08-18 14:45:26,632 | INFO | epoch=5 batch=400 global_step=1381 loss_reg_months=5.4950 lr=0.00019366 grad_norm=1.7526 throughput=18.22 img/s eta_seconds=352.8 gpu_alloc=484.5MiB gpu_reserved=4358.0MiB skipped_batches=0
2026-08-18 14:45:42,402 | INFO | epoch=5 batch=425 global_step=1389 loss_reg_months=5.5094 lr=0.00019366 grad_norm=2.2644 throughput=18.27 img/s eta_seconds=335.5 gpu_alloc=484.5MiB gpu_reserved=4358.0MiB skipped_batches=0
2026-08-18 14:45:58,078 | INFO | epoch=5 batch=450 global_step=1398 loss_reg_months=5.4862 lr=0.00019366 grad_norm=1.5381 throughput=18.31 img/s eta_seconds=318.3 gpu_alloc=375.7MiB gpu_reserved=4358.0MiB skipped_batches=0
2026-08-18 14:46:15,974 | INFO | epoch=5 batch=475 global_step=1406 loss_reg_months=5.4753 lr=0.00019366 grad_norm=1.2540 throughput=18.22 img/s eta_seconds=303.4 gpu_alloc=484.5MiB gpu_reserved=4358.0MiB skipped_batches=0
2026-08-18 14:46:34,761 | INFO | epoch=5 batch=500 global_step=1414 loss_reg_months=5.4709 lr=0.00019366 grad_norm=2.0610 throughput=18.10 img/s eta_seconds=289.0 gpu_alloc=484.5MiB gpu_reserved=4358.0MiB skipped_batches=0
2026-08-18 14:46:50,294 | INFO | epoch=5 batch=525 global_step=1423 loss_reg_months=5.5318 lr=0.00019366 grad_norm=1.7301 throughput=18.15 img/s eta_seconds=271.6 gpu_alloc=375.7MiB gpu_reserved=4358.0MiB skipped_batches=0
2026-08-18 14:47:06,281 | INFO | epoch=5 batch=550 global_step=1431 loss_reg_months=5.5595 lr=0.00019366 grad_norm=1.9680 throughput=18.18 img/s eta_seconds=254.7 gpu_alloc=484.5MiB gpu_reserved=4358.0MiB skipped_batches=0
2026-08-18 14:47:22,288 | INFO | epoch=5 batch=575 global_step=1439 loss_reg_months=5.5709 lr=0.00019366 grad_norm=1.6206 throughput=18.20 img/s eta_seconds=237.8 gpu_alloc=484.5MiB gpu_reserved=4358.0MiB skipped_batches=0
2026-08-18 14:47:38,194 | INFO | epoch=5 batch=600 global_step=1448 loss_reg_months=5.5908 lr=0.00019366 grad_norm=1.3846 throughput=18.23 img/s eta_seconds=221.0 gpu_alloc=375.7MiB gpu_reserved=4358.0MiB skipped_batches=0
2026-08-18 14:47:54,010 | INFO | epoch=5 batch=625 global_step=1456 loss_reg_months=5.6189 lr=0.00019366 grad_norm=1.7229 throughput=18.26 img/s eta_seconds=204.3 gpu_alloc=484.5MiB gpu_reserved=4358.0MiB skipped_batches=0
2026-08-18 14:48:10,620 | INFO | epoch=5 batch=650 global_step=1464 loss_reg_months=5.6220 lr=0.00019366 grad_norm=1.6820 throughput=18.25 img/s eta_seconds=187.9 gpu_alloc=484.5MiB gpu_reserved=4358.0MiB skipped_batches=0
2026-08-18 14:48:26,194 | INFO | epoch=5 batch=675 global_step=1473 loss_reg_months=5.6287 lr=0.00019366 grad_norm=3.1191 throughput=18.28 img/s eta_seconds=171.1 gpu_alloc=375.7MiB gpu_reserved=4358.0MiB skipped_batches=0
2026-08-18 14:48:41,632 | INFO | epoch=5 batch=700 global_step=1481 loss_reg_months=5.6288 lr=0.00019366 grad_norm=1.6444 throughput=18.32 img/s eta_seconds=154.4 gpu_alloc=484.5MiB gpu_reserved=4358.0MiB skipped_batches=0
2026-08-18 14:48:57,268 | INFO | epoch=5 batch=725 global_step=1489 loss_reg_months=5.6403 lr=0.00019366 grad_norm=1.7722 throughput=18.35 img/s eta_seconds=137.8 gpu_alloc=484.5MiB gpu_reserved=4358.0MiB skipped_batches=0
2026-08-18 14:49:13,273 | INFO | epoch=5 batch=750 global_step=1498 loss_reg_months=5.6556 lr=0.00019366 grad_norm=1.8624 throughput=18.36 img/s eta_seconds=121.4 gpu_alloc=375.7MiB gpu_reserved=4358.0MiB skipped_batches=0
2026-08-18 14:49:31,935 | INFO | epoch=5 batch=775 global_step=1506 loss_reg_months=5.6431 lr=0.00019366 grad_norm=1.1661 throughput=18.28 img/s eta_seconds=105.5 gpu_alloc=484.5MiB gpu_reserved=4358.0MiB skipped_batches=0
2026-08-18 14:49:47,970 | INFO | epoch=5 batch=800 global_step=1514 loss_reg_months=5.6395 lr=0.00019366 grad_norm=1.2295 throughput=18.29 img/s eta_seconds=89.0 gpu_alloc=484.5MiB gpu_reserved=4358.0MiB skipped_batches=0
2026-08-18 14:50:03,917 | INFO | epoch=5 batch=825 global_step=1523 loss_reg_months=5.6369 lr=0.00019366 grad_norm=1.9587 throughput=18.31 img/s eta_seconds=72.6 gpu_alloc=375.7MiB gpu_reserved=4358.0MiB skipped_batches=0
2026-08-18 14:50:20,096 | INFO | epoch=5 batch=850 global_step=1531 loss_reg_months=5.6549 lr=0.00019366 grad_norm=1.4814 throughput=18.32 img/s eta_seconds=56.2 gpu_alloc=484.5MiB gpu_reserved=4358.0MiB skipped_batches=0
2026-08-18 14:50:35,732 | INFO | epoch=5 batch=875 global_step=1539 loss_reg_months=5.6489 lr=0.00019366 grad_norm=1.5055 throughput=18.34 img/s eta_seconds=39.8 gpu_alloc=484.5MiB gpu_reserved=4358.0MiB skipped_batches=0
2026-08-18 14:50:51,828 | INFO | epoch=5 batch=900 global_step=1548 loss_reg_months=5.6395 lr=0.00019366 grad_norm=1.3967 throughput=18.35 img/s eta_seconds=23.4 gpu_alloc=375.7MiB gpu_reserved=4358.0MiB skipped_batches=0
2026-08-18 14:51:10,990 | INFO | epoch=5 batch=925 global_step=1556 loss_reg_months=5.6404 lr=0.00019366 grad_norm=2.0213 throughput=18.26 img/s eta_seconds=7.1 gpu_alloc=484.5MiB gpu_reserved=4358.0MiB skipped_batches=0
2026-08-18 14:53:23,033 | INFO | 
TRAINING REVIEW SNAPSHOT
Run ID / config hash / split hash: P7_FINAL_V3_FOLD_4 / 2d61d8d49b16 / 89f98ca8cf75+01ffce9c7329
Epoch / global step: 5 / 1560
Train loss: 5.6466
Validation MAE / RMSE / median AE: 6.9152 / 9.2987 / 5.2500
MAE nam / nữ / age bins: {'F': 7.146899319066148, 'M': 6.7196123521682} / {'60-119': 7.039032258064516, '120-179': 6.355164903546982, '0-59': 13.4700593575419, '180-228': 5.4141260162601625}
Learning rate / peak VRAM: 0.00019366 / 4358.0 MiB
Best epoch / best MAE / epochs không cải thiện: 5 / 6.9152 / 0
Cảnh báo hiện tại: KHÔNG
Checkpoint gần nhất: /content/p7_v3/runs/P7_FINAL_V3_FOLD_4/last.ckpt
Checkpoint tốt nhất: /content/p7_v3/runs/P7_FINAL_V3_FOLD_4/best_mae.ckpt
Đề xuất tự động: TIẾP TỤC
2026-08-18 14:53:44,616 | INFO | epoch=6 batch=25 global_step=1568 loss_reg_months=6.4611 lr=0.00019015 grad_norm=1.1310 throughput=15.75 img/s eta_seconds=694.0 gpu_alloc=484.5MiB gpu_reserved=4358.0MiB skipped_batches=0
2026-08-18 14:54:00,813 | INFO | epoch=6 batch=50 global_step=1576 loss_reg_months=6.0983 lr=0.00019015 grad_norm=1.2079 throughput=17.02 img/s eta_seconds=624.4 gpu_alloc=484.5MiB gpu_reserved=4358.0MiB skipped_batches=0
2026-08-18 14:54:17,782 | INFO | epoch=6 batch=75 global_step=1585 loss_reg_months=5.9937 lr=0.00019015 grad_norm=1.1893 throughput=17.24 img/s eta_seconds=599.2 gpu_alloc=375.7MiB gpu_reserved=4358.0MiB skipped_batches=0
2026-08-18 14:54:34,273 | INFO | epoch=6 batch=100 global_step=1593 loss_reg_months=5.7890 lr=0.00019015 grad_norm=1.7264 throughput=17.47 img/s eta_seconds=574.2 gpu_alloc=484.5MiB gpu_reserved=4358.0MiB skipped_batches=0
2026-08-18 14:54:50,545 | INFO | epoch=6 batch=125 global_step=1601 loss_reg_months=5.7237 lr=0.00019015 grad_norm=1.9708 throughput=17.65 img/s eta_seconds=551.2 gpu_alloc=484.5MiB gpu_reserved=4358.0MiB skipped_batches=0
2026-08-18 14:55:05,480 | INFO | epoch=6 batch=150 global_step=1610 loss_reg_months=5.7137 lr=0.00019015 grad_norm=2.7353 throughput=18.02 img/s eta_seconds=523.4 gpu_alloc=375.7MiB gpu_reserved=4358.0MiB skipped_batches=0
2026-08-18 14:55:21,740 | INFO | epoch=6 batch=175 global_step=1618 loss_reg_months=5.7778 lr=0.00019015 grad_norm=1.4971 throughput=18.08 img/s eta_seconds=505.0 gpu_alloc=484.5MiB gpu_reserved=4358.0MiB skipped_batches=0
2026-08-18 14:55:37,857 | INFO | epoch=6 batch=200 global_step=1626 loss_reg_months=5.7504 lr=0.00019015 grad_norm=1.3883 throughput=18.14 img/s eta_seconds=486.7 gpu_alloc=484.5MiB gpu_reserved=4358.0MiB skipped_batches=0
2026-08-18 14:55:53,711 | INFO | epoch=6 batch=225 global_step=1635 loss_reg_months=5.8145 lr=0.00019015 grad_norm=1.8299 throughput=18.23 img/s eta_seconds=468.0 gpu_alloc=375.7MiB gpu_reserved=4358.0MiB skipped_batches=0
2026-08-18 14:56:09,621 | INFO | epoch=6 batch=250 global_step=1643 loss_reg_months=5.8450 lr=0.00019015 grad_norm=2.0259 throughput=18.29 img/s eta_seconds=450.0 gpu_alloc=484.5MiB gpu_reserved=4358.0MiB skipped_batches=0
2026-08-18 14:56:25,561 | INFO | epoch=6 batch=275 global_step=1651 loss_reg_months=5.8696 lr=0.00019015 grad_norm=1.1656 throughput=18.33 img/s eta_seconds=432.5 gpu_alloc=484.5MiB gpu_reserved=4358.0MiB skipped_batches=0
2026-08-18 14:56:41,841 | INFO | epoch=6 batch=300 global_step=1660 loss_reg_months=5.9103 lr=0.00019015 grad_norm=2.0152 throughput=18.34 img/s eta_seconds=415.9 gpu_alloc=375.7MiB gpu_reserved=4358.0MiB skipped_batches=0
2026-08-18 14:56:57,743 | INFO | epoch=6 batch=325 global_step=1668 loss_reg_months=5.8837 lr=0.00019015 grad_norm=3.0898 throughput=18.38 img/s eta_seconds=398.7 gpu_alloc=484.5MiB gpu_reserved=4358.0MiB skipped_batches=0
2026-08-18 14:57:13,511 | INFO | epoch=6 batch=350 global_step=1676 loss_reg_months=5.8202 lr=0.00019015 grad_norm=1.3714 throughput=18.43 img/s eta_seconds=381.5 gpu_alloc=484.5MiB gpu_reserved=4358.0MiB skipped_batches=0
2026-08-18 14:57:30,268 | INFO | epoch=6 batch=375 global_step=1685 loss_reg_months=5.7570 lr=0.00019015 grad_norm=1.0173 throughput=18.39 img/s eta_seconds=365.9 gpu_alloc=375.7MiB gpu_reserved=4358.0MiB skipped_batches=0
2026-08-18 14:57:46,079 | INFO | epoch=6 batch=400 global_step=1693 loss_reg_months=5.7096 lr=0.00019015 grad_norm=1.5213 throughput=18.43 img/s eta_seconds=348.9 gpu_alloc=484.5MiB gpu_reserved=4358.0MiB skipped_batches=0
2026-08-18 14:58:02,181 | INFO | epoch=6 batch=425 global_step=1701 loss_reg_months=5.7170 lr=0.00019015 grad_norm=1.3784 throughput=18.44 img/s eta_seconds=332.4 gpu_alloc=484.5MiB gpu_reserved=4358.0MiB skipped_batches=0
2026-08-18 14:58:17,630 | INFO | epoch=6 batch=450 global_step=1710 loss_reg_months=5.7093 lr=0.00019015 grad_norm=1.1833 throughput=18.49 img/s eta_seconds=315.3 gpu_alloc=375.7MiB gpu_reserved=4358.0MiB skipped_batches=0
2026-08-18 14:58:35,486 | INFO | epoch=6 batch=475 global_step=1718 loss_reg_months=5.6659 lr=0.00019015 grad_norm=2.6749 throughput=18.39 img/s eta_seconds=300.6 gpu_alloc=484.5MiB gpu_reserved=4358.0MiB skipped_batches=0
2026-08-18 14:58:51,205 | INFO | epoch=6 batch=500 global_step=1726 loss_reg_months=5.6594 lr=0.00019015 grad_norm=1.8398 throughput=18.43 img/s eta_seconds=283.8 gpu_alloc=484.5MiB gpu_reserved=4358.0MiB skipped_batches=0
2026-08-18 14:59:09,301 | INFO | epoch=6 batch=525 global_step=1735 loss_reg_months=5.6326 lr=0.00019015 grad_norm=1.4676 throughput=18.33 img/s eta_seconds=268.9 gpu_alloc=375.7MiB gpu_reserved=4358.0MiB skipped_batches=0
2026-08-18 14:59:24,519 | INFO | epoch=6 batch=550 global_step=1743 loss_reg_months=5.6355 lr=0.00019015 grad_norm=1.5323 throughput=18.39 img/s eta_seconds=251.8 gpu_alloc=484.5MiB gpu_reserved=4358.0MiB skipped_batches=0
2026-08-18 14:59:41,836 | INFO | epoch=6 batch=575 global_step=1751 loss_reg_months=5.6307 lr=0.00019015 grad_norm=1.0306 throughput=18.34 img/s eta_seconds=236.1 gpu_alloc=484.5MiB gpu_reserved=4358.0MiB skipped_batches=0
2026-08-18 14:59:56,484 | INFO | epoch=6 batch=600 global_step=1760 loss_reg_months=5.6280 lr=0.00019015 grad_norm=1.3384 throughput=18.42 img/s eta_seconds=218.8 gpu_alloc=375.7MiB gpu_reserved=4358.0MiB skipped_batches=0
2026-08-18 15:00:13,243 | INFO | epoch=6 batch=625 global_step=1768 loss_reg_months=5.6302 lr=0.00019015 grad_norm=1.3286 throughput=18.40 img/s eta_seconds=202.7 gpu_alloc=484.5MiB gpu_reserved=4358.0MiB skipped_batches=0
2026-08-18 15:00:28,880 | INFO | epoch=6 batch=650 global_step=1776 loss_reg_months=5.6092 lr=0.00019015 grad_norm=1.7640 throughput=18.43 img/s eta_seconds=186.1 gpu_alloc=484.5MiB gpu_reserved=4358.0MiB skipped_batches=0
2026-08-18 15:00:44,037 | INFO | epoch=6 batch=675 global_step=1785 loss_reg_months=5.5978 lr=0.00019015 grad_norm=1.0487 throughput=18.47 img/s eta_seconds=169.4 gpu_alloc=375.7MiB gpu_reserved=4358.0MiB skipped_batches=0
2026-08-18 15:00:59,924 | INFO | epoch=6 batch=700 global_step=1793 loss_reg_months=5.5764 lr=0.00019015 grad_norm=2.1830 throughput=18.49 img/s eta_seconds=153.0 gpu_alloc=484.5MiB gpu_reserved=4358.0MiB skipped_batches=0
2026-08-18 15:01:17,224 | INFO | epoch=6 batch=725 global_step=1801 loss_reg_months=5.5476 lr=0.00019015 grad_norm=1.8775 throughput=18.45 img/s eta_seconds=137.1 gpu_alloc=484.5MiB gpu_reserved=4358.0MiB skipped_batches=0
2026-08-18 15:01:32,924 | INFO | epoch=6 batch=750 global_step=1810 loss_reg_months=5.5336 lr=0.00019015 grad_norm=1.6814 throughput=18.47 img/s eta_seconds=120.7 gpu_alloc=375.7MiB gpu_reserved=4358.0MiB skipped_batches=0
2026-08-18 15:01:48,602 | INFO | epoch=6 batch=775 global_step=1818 loss_reg_months=5.5369 lr=0.00019015 grad_norm=1.7061 throughput=18.49 img/s eta_seconds=104.3 gpu_alloc=484.5MiB gpu_reserved=4358.0MiB skipped_batches=0
2026-08-18 15:02:03,870 | INFO | epoch=6 batch=800 global_step=1826 loss_reg_months=5.5297 lr=0.00019015 grad_norm=2.2157 throughput=18.52 img/s eta_seconds=87.9 gpu_alloc=484.5MiB gpu_reserved=4358.0MiB skipped_batches=0
2026-08-18 15:02:20,981 | INFO | epoch=6 batch=825 global_step=1835 loss_reg_months=5.5359 lr=0.00019015 grad_norm=1.2873 throughput=18.49 img/s eta_seconds=71.9 gpu_alloc=375.7MiB gpu_reserved=4358.0MiB skipped_batches=0
2026-08-18 15:02:37,444 | INFO | epoch=6 batch=850 global_step=1843 loss_reg_months=5.5362 lr=0.00019015 grad_norm=1.2202 throughput=18.48 img/s eta_seconds=55.7 gpu_alloc=484.5MiB gpu_reserved=4358.0MiB skipped_batches=0
2026-08-18 15:02:53,035 | INFO | epoch=6 batch=875 global_step=1851 loss_reg_months=5.5278 lr=0.00019015 grad_norm=1.9088 throughput=18.50 img/s eta_seconds=39.4 gpu_alloc=484.5MiB gpu_reserved=4358.0MiB skipped_batches=0
2026-08-18 15:03:09,030 | INFO | epoch=6 batch=900 global_step=1860 loss_reg_months=5.5380 lr=0.00019015 grad_norm=1.2911 throughput=18.51 img/s eta_seconds=23.2 gpu_alloc=375.7MiB gpu_reserved=4358.0MiB skipped_batches=0
2026-08-18 15:03:25,151 | INFO | epoch=6 batch=925 global_step=1868 loss_reg_months=5.5570 lr=0.00019015 grad_norm=3.0004 throughput=18.51 img/s eta_seconds=7.0 gpu_alloc=484.5MiB gpu_reserved=4358.0MiB skipped_batches=0
2026-08-18 15:05:32,204 | WARNING | STABILITY WARNING [CAM] Prediction vượt nhẹ miền tuổi 0–228: [1.95, 239.62]
2026-08-18 15:05:32,207 | INFO | 
TRAINING REVIEW SNAPSHOT
Run ID / config hash / split hash: P7_FINAL_V3_FOLD_4 / 2d61d8d49b16 / 89f98ca8cf75+01ffce9c7329
Epoch / global step: 6 / 1872
Train loss: 5.5658
Validation MAE / RMSE / median AE: 8.6058 / 11.2488 / 6.8125
MAE nam / nữ / age bins: {'F': 8.060189688715953, 'M': 9.066498644875164} / {'60-119': 9.17625, '120-179': 8.976547915370254, '0-59': 6.011304120111732, '180-228': 6.274898373983739}
Learning rate / peak VRAM: 0.00019015 / 4358.0 MiB
Best epoch / best MAE / epochs không cải thiện: 5 / 6.9152 / 1
Cảnh báo hiện tại: CAM: Prediction vượt nhẹ miền tuổi 0–228: [1.95, 239.62]
Checkpoint gần nhất: /content/p7_v3/runs/P7_FINAL_V3_FOLD_4/last.ckpt
Checkpoint tốt nhất: /content/p7_v3/runs/P7_FINAL_V3_FOLD_4/best_mae.ckpt
Đề xuất tự động: THEO DÕI
2026-08-18 15:05:57,283 | INFO | epoch=7 batch=25 global_step=1880 loss_reg_months=6.0252 lr=0.00018592 grad_norm=2.3001 throughput=17.44 img/s eta_seconds=626.6 gpu_alloc=484.5MiB gpu_reserved=4358.0MiB skipped_batches=0
2026-08-18 15:06:13,526 | INFO | epoch=7 batch=50 global_step=1888 loss_reg_months=5.6426 lr=0.00018592 grad_norm=1.8098 throughput=17.94 img/s eta_seconds=592.5 gpu_alloc=484.5MiB gpu_reserved=4358.0MiB skipped_batches=0
2026-08-18 15:06:30,109 | INFO | epoch=7 batch=75 global_step=1897 loss_reg_months=5.4750 lr=0.00018592 grad_norm=1.6160 throughput=17.99 img/s eta_seconds=574.2 gpu_alloc=375.7MiB gpu_reserved=4358.0MiB skipped_batches=0
2026-08-18 15:06:45,865 | INFO | epoch=7 batch=100 global_step=1905 loss_reg_months=5.6044 lr=0.00018592 grad_norm=2.9226 throughput=18.24 img/s eta_seconds=549.8 gpu_alloc=484.5MiB gpu_reserved=4358.0MiB skipped_batches=0
2026-08-18 15:07:01,727 | INFO | epoch=7 batch=125 global_step=1913 loss_reg_months=5.8361 lr=0.00018592 grad_norm=3.4827 throughput=18.37 img/s eta_seconds=529.6 gpu_alloc=484.5MiB gpu_reserved=4358.0MiB skipped_batches=0
2026-08-18 15:07:17,666 | INFO | epoch=7 batch=150 global_step=1922 loss_reg_months=5.8187 lr=0.00018592 grad_norm=2.1621 throughput=18.45 img/s eta_seconds=511.2 gpu_alloc=375.7MiB gpu_reserved=4358.0MiB skipped_batches=0
2026-08-18 15:07:33,287 | INFO | epoch=7 batch=175 global_step=1930 loss_reg_months=5.7775 lr=0.00018592 grad_norm=1.3482 throughput=18.55 img/s eta_seconds=492.1 gpu_alloc=484.5MiB gpu_reserved=4358.0MiB skipped_batches=0
2026-08-18 15:07:49,118 | INFO | epoch=7 batch=200 global_step=1938 loss_reg_months=5.6988 lr=0.00018592 grad_norm=1.5384 throughput=18.60 img/s eta_seconds=474.7 gpu_alloc=484.5MiB gpu_reserved=4358.0MiB skipped_batches=0
2026-08-18 15:08:05,924 | INFO | epoch=7 batch=225 global_step=1947 loss_reg_months=5.6293 lr=0.00018592 grad_norm=1.3772 throughput=18.51 img/s eta_seconds=460.7 gpu_alloc=375.7MiB gpu_reserved=4358.0MiB skipped_batches=0
2026-08-18 15:08:21,999 | INFO | epoch=7 batch=250 global_step=1955 loss_reg_months=5.6894 lr=0.00018592 grad_norm=2.7639 throughput=18.53 img/s eta_seconds=444.1 gpu_alloc=484.5MiB gpu_reserved=4358.0MiB skipped_batches=0
2026-08-18 15:08:38,312 | INFO | epoch=7 batch=275 global_step=1963 loss_reg_months=5.6989 lr=0.00018592 grad_norm=1.7593 throughput=18.52 img/s eta_seconds=428.2 gpu_alloc=484.5MiB gpu_reserved=4358.0MiB skipped_batches=0
2026-08-18 15:08:55,412 | INFO | epoch=7 batch=300 global_step=1972 loss_reg_months=5.6343 lr=0.00018592 grad_norm=1.6954 throughput=18.43 img/s eta_seconds=413.9 gpu_alloc=375.7MiB gpu_reserved=4358.0MiB skipped_batches=0
2026-08-18 15:09:10,776 | INFO | epoch=7 batch=325 global_step=1980 loss_reg_months=5.5377 lr=0.00018592 grad_norm=1.1251 throughput=18.51 img/s eta_seconds=395.9 gpu_alloc=484.5MiB gpu_reserved=4358.0MiB skipped_batches=0
2026-08-18 15:09:27,085 | INFO | epoch=7 batch=350 global_step=1988 loss_reg_months=5.4847 lr=0.00018592 grad_norm=1.5541 throughput=18.50 img/s eta_seconds=379.9 gpu_alloc=484.5MiB gpu_reserved=4358.0MiB skipped_batches=0
2026-08-18 15:09:42,790 | INFO | epoch=7 batch=375 global_step=1997 loss_reg_months=5.4724 lr=0.00018592 grad_norm=1.2302 throughput=18.54 img/s eta_seconds=362.9 gpu_alloc=375.7MiB gpu_reserved=4358.0MiB skipped_batches=0
2026-08-18 15:10:00,596 | INFO | epoch=7 batch=400 global_step=2005 loss_reg_months=5.4745 lr=0.00018592 grad_norm=1.1609 throughput=18.43 img/s eta_seconds=348.9 gpu_alloc=484.5MiB gpu_reserved=4358.0MiB skipped_batches=0
2026-08-18 15:10:17,779 | INFO | epoch=7 batch=425 global_step=2013 loss_reg_months=5.4502 lr=0.00018592 grad_norm=1.3893 throughput=18.37 img/s eta_seconds=333.7 gpu_alloc=484.5MiB gpu_reserved=4358.0MiB skipped_batches=0
2026-08-18 15:10:33,585 | INFO | epoch=7 batch=450 global_step=2022 loss_reg_months=5.4577 lr=0.00018592 grad_norm=1.1807 throughput=18.40 img/s eta_seconds=316.8 gpu_alloc=375.7MiB gpu_reserved=4358.0MiB skipped_batches=0
2026-08-18 15:10:50,559 | INFO | epoch=7 batch=475 global_step=2030 loss_reg_months=5.4464 lr=0.00018592 grad_norm=1.6551 throughput=18.36 img/s eta_seconds=301.2 gpu_alloc=484.5MiB gpu_reserved=4358.0MiB skipped_batches=0
2026-08-18 15:11:06,336 | INFO | epoch=7 batch=500 global_step=2038 loss_reg_months=5.4767 lr=0.00018592 grad_norm=1.7455 throughput=18.39 img/s eta_seconds=284.3 gpu_alloc=484.5MiB gpu_reserved=4358.0MiB skipped_batches=0
2026-08-18 15:11:24,007 | INFO | epoch=7 batch=525 global_step=2047 loss_reg_months=5.4693 lr=0.00018592 grad_norm=1.8246 throughput=18.32 img/s eta_seconds=269.1 gpu_alloc=375.7MiB gpu_reserved=4358.0MiB skipped_batches=0
2026-08-18 15:11:40,632 | INFO | epoch=7 batch=550 global_step=2055 loss_reg_months=5.4470 lr=0.00018592 grad_norm=1.5003 throughput=18.31 img/s eta_seconds=252.9 gpu_alloc=484.5MiB gpu_reserved=4358.0MiB skipped_batches=0
2026-08-18 15:11:57,131 | INFO | epoch=7 batch=575 global_step=2063 loss_reg_months=5.4538 lr=0.00018592 grad_norm=1.8651 throughput=18.30 img/s eta_seconds=236.6 gpu_alloc=484.5MiB gpu_reserved=4358.0MiB skipped_batches=0
2026-08-18 15:12:12,723 | INFO | epoch=7 batch=600 global_step=2072 loss_reg_months=5.4763 lr=0.00018592 grad_norm=0.9810 throughput=18.34 img/s eta_seconds=219.7 gpu_alloc=375.7MiB gpu_reserved=4358.0MiB skipped_batches=0
2026-08-18 15:12:27,698 | INFO | epoch=7 batch=625 global_step=2080 loss_reg_months=5.4721 lr=0.00018592 grad_norm=1.5415 throughput=18.40 img/s eta_seconds=202.7 gpu_alloc=484.5MiB gpu_reserved=4358.0MiB skipped_batches=0
2026-08-18 15:12:44,449 | INFO | epoch=7 batch=650 global_step=2088 loss_reg_months=5.4817 lr=0.00018592 grad_norm=2.2326 throughput=18.38 img/s eta_seconds=186.6 gpu_alloc=484.5MiB gpu_reserved=4358.0MiB skipped_batches=0
2026-08-18 15:13:00,561 | INFO | epoch=7 batch=675 global_step=2097 loss_reg_months=5.4712 lr=0.00018592 grad_norm=2.6344 throughput=18.39 img/s eta_seconds=170.2 gpu_alloc=375.7MiB gpu_reserved=4358.0MiB skipped_batches=0
2026-08-18 15:13:16,027 | INFO | epoch=7 batch=700 global_step=2105 loss_reg_months=5.4727 lr=0.00018592 grad_norm=1.6634 throughput=18.42 img/s eta_seconds=153.6 gpu_alloc=484.5MiB gpu_reserved=4358.0MiB skipped_batches=0
2026-08-18 15:13:31,508 | INFO | epoch=7 batch=725 global_step=2113 loss_reg_months=5.4822 lr=0.00018592 grad_norm=1.7388 throughput=18.45 img/s eta_seconds=137.0 gpu_alloc=484.5MiB gpu_reserved=4358.0MiB skipped_batches=0
2026-08-18 15:13:48,657 | INFO | epoch=7 batch=750 global_step=2122 loss_reg_months=5.4773 lr=0.00018592 grad_norm=1.2575 throughput=18.42 img/s eta_seconds=121.0 gpu_alloc=375.7MiB gpu_reserved=4358.0MiB skipped_batches=0
2026-08-18 15:14:04,417 | INFO | epoch=7 batch=775 global_step=2130 loss_reg_months=5.4931 lr=0.00018592 grad_norm=4.0500 throughput=18.44 img/s eta_seconds=104.6 gpu_alloc=484.5MiB gpu_reserved=4358.0MiB skipped_batches=0
2026-08-18 15:14:20,649 | INFO | epoch=7 batch=800 global_step=2138 loss_reg_months=5.4989 lr=0.00018592 grad_norm=2.5661 throughput=18.44 img/s eta_seconds=88.3 gpu_alloc=484.5MiB gpu_reserved=4358.0MiB skipped_batches=0
2026-08-18 15:14:36,614 | INFO | epoch=7 batch=825 global_step=2147 loss_reg_months=5.5079 lr=0.00018592 grad_norm=1.6048 throughput=18.45 img/s eta_seconds=72.0 gpu_alloc=375.7MiB gpu_reserved=4358.0MiB skipped_batches=0
2026-08-18 15:14:59,138 | INFO | epoch=7 batch=850 global_step=2155 loss_reg_months=5.4993 lr=0.00018592 grad_norm=2.3244 throughput=18.24 img/s eta_seconds=56.4 gpu_alloc=484.5MiB gpu_reserved=4358.0MiB skipped_batches=0
2026-08-18 15:15:12,570 | INFO | epoch=7 batch=875 global_step=2163 loss_reg_months=5.4899 lr=0.00018592 grad_norm=2.0343 throughput=18.34 img/s eta_seconds=39.7 gpu_alloc=484.5MiB gpu_reserved=4358.0MiB skipped_batches=0
2026-08-18 15:15:28,944 | INFO | epoch=7 batch=900 global_step=2172 loss_reg_months=5.5001 lr=0.00018592 grad_norm=1.2116 throughput=18.34 img/s eta_seconds=23.4 gpu_alloc=375.7MiB gpu_reserved=4358.0MiB skipped_batches=0
2026-08-18 15:15:45,341 | INFO | epoch=7 batch=925 global_step=2180 loss_reg_months=5.5195 lr=0.00018592 grad_norm=3.0718 throughput=18.34 img/s eta_seconds=7.0 gpu_alloc=484.5MiB gpu_reserved=4358.0MiB skipped_batches=0
2026-08-18 15:17:55,304 | INFO | 
TRAINING REVIEW SNAPSHOT
Run ID / config hash / split hash: P7_FINAL_V3_FOLD_4 / 2d61d8d49b16 / 89f98ca8cf75+01ffce9c7329
Epoch / global step: 7 / 2184
Train loss: 5.5207
Validation MAE / RMSE / median AE: 7.7759 / 10.2938 / 6.1250
MAE nam / nữ / age bins: {'F': 8.477365029182879, 'M': 7.18359888304862} / {'60-119': 11.10766129032258, '120-179': 6.2142579340385815, '0-59': 6.802941689944134, '180-228': 8.188516260162602}
Learning rate / peak VRAM: 0.00018592 / 4358.0 MiB
Best epoch / best MAE / epochs không cải thiện: 5 / 6.9152 / 2
Cảnh báo hiện tại: KHÔNG
Checkpoint gần nhất: /content/p7_v3/runs/P7_FINAL_V3_FOLD_4/last.ckpt
Checkpoint tốt nhất: /content/p7_v3/runs/P7_FINAL_V3_FOLD_4/best_mae.ckpt
Đề xuất tự động: TIẾP TỤC
2026-08-18 15:18:28,508 | INFO | epoch=8 batch=25 global_step=2192 loss_reg_months=5.3565 lr=0.00018100 grad_norm=1.6741 throughput=16.40 img/s eta_seconds=666.5 gpu_alloc=484.5MiB gpu_reserved=4358.0MiB skipped_batches=0
2026-08-18 15:18:44,106 | INFO | epoch=8 batch=50 global_step=2200 loss_reg_months=5.6201 lr=0.00018100 grad_norm=1.4005 throughput=17.71 img/s eta_seconds=600.3 gpu_alloc=484.5MiB gpu_reserved=4358.0MiB skipped_batches=0
2026-08-18 15:19:00,275 | INFO | epoch=8 batch=75 global_step=2209 loss_reg_months=5.3839 lr=0.00018100 grad_norm=1.7539 throughput=17.98 img/s eta_seconds=574.5 gpu_alloc=375.7MiB gpu_reserved=4358.0MiB skipped_batches=0
2026-08-18 15:19:16,218 | INFO | epoch=8 batch=100 global_step=2217 loss_reg_months=5.5151 lr=0.00018100 grad_norm=1.8612 throughput=18.18 img/s eta_seconds=551.6 gpu_alloc=484.5MiB gpu_reserved=4358.0MiB skipped_batches=0
2026-08-18 15:19:34,137 | INFO | epoch=8 batch=125 global_step=2225 loss_reg_months=5.4905 lr=0.00018100 grad_norm=1.5734 throughput=17.87 img/s eta_seconds=544.3 gpu_alloc=484.5MiB gpu_reserved=4358.0MiB skipped_batches=0
2026-08-18 15:19:50,102 | INFO | epoch=8 batch=150 global_step=2234 loss_reg_months=5.5069 lr=0.00018100 grad_norm=0.9318 throughput=18.02 img/s eta_seconds=523.3 gpu_alloc=375.7MiB gpu_reserved=4358.0MiB skipped_batches=0
2026-08-18 15:20:06,817 | INFO | epoch=8 batch=175 global_step=2242 loss_reg_months=5.5498 lr=0.00018100 grad_norm=1.2834 throughput=18.01 img/s eta_seconds=506.9 gpu_alloc=484.5MiB gpu_reserved=4358.0MiB skipped_batches=0
2026-08-18 15:20:29,614 | INFO | epoch=8 batch=200 global_step=2250 loss_reg_months=5.5080 lr=0.00018100 grad_norm=1.0765 throughput=17.22 img/s eta_seconds=512.8 gpu_alloc=484.5MiB gpu_reserved=4358.0MiB skipped_batches=0
2026-08-18 15:20:43,707 | INFO | epoch=8 batch=225 global_step=2259 loss_reg_months=5.5431 lr=0.00018100 grad_norm=1.7724 throughput=17.59 img/s eta_seconds=484.9 gpu_alloc=375.7MiB gpu_reserved=4358.0MiB skipped_batches=0
2026-08-18 15:20:59,742 | INFO | epoch=8 batch=250 global_step=2267 loss_reg_months=5.5496 lr=0.00018100 grad_norm=1.7432 throughput=17.70 img/s eta_seconds=465.0 gpu_alloc=484.5MiB gpu_reserved=4358.0MiB skipped_batches=0
2026-08-18 15:21:15,544 | INFO | epoch=8 batch=275 global_step=2275 loss_reg_months=5.4934 lr=0.00018100 grad_norm=0.9870 throughput=17.81 img/s eta_seconds=445.3 gpu_alloc=484.5MiB gpu_reserved=4358.0MiB skipped_batches=0
2026-08-18 15:21:31,850 | INFO | epoch=8 batch=300 global_step=2284 loss_reg_months=5.4514 lr=0.00018100 grad_norm=1.0849 throughput=17.85 img/s eta_seconds=427.3 gpu_alloc=375.7MiB gpu_reserved=4358.0MiB skipped_batches=0
2026-08-18 15:21:47,428 | INFO | epoch=8 batch=325 global_step=2292 loss_reg_months=5.4125 lr=0.00018100 grad_norm=1.5783 throughput=17.95 img/s eta_seconds=408.2 gpu_alloc=484.5MiB gpu_reserved=4358.0MiB skipped_batches=0
2026-08-18 15:22:03,977 | INFO | epoch=8 batch=350 global_step=2300 loss_reg_months=5.4115 lr=0.00018100 grad_norm=1.1810 throughput=17.97 img/s eta_seconds=391.2 gpu_alloc=484.5MiB gpu_reserved=4358.0MiB skipped_batches=0
2026-08-18 15:22:19,250 | INFO | epoch=8 batch=375 global_step=2309 loss_reg_months=5.4385 lr=0.00018100 grad_norm=2.1510 throughput=18.07 img/s eta_seconds=372.4 gpu_alloc=375.7MiB gpu_reserved=4358.0MiB skipped_batches=0
2026-08-18 15:22:35,301 | INFO | epoch=8 batch=400 global_step=2317 loss_reg_months=5.4298 lr=0.00018100 grad_norm=2.1886 throughput=18.11 img/s eta_seconds=355.0 gpu_alloc=484.5MiB gpu_reserved=4358.0MiB skipped_batches=0
2026-08-18 15:22:53,934 | INFO | epoch=8 batch=425 global_step=2325 loss_reg_months=5.4249 lr=0.00018100 grad_norm=1.8815 throughput=17.98 img/s eta_seconds=341.0 gpu_alloc=484.5MiB gpu_reserved=4358.0MiB skipped_batches=0
2026-08-18 15:23:09,851 | INFO | epoch=8 batch=450 global_step=2334 loss_reg_months=5.4189 lr=0.00018100 grad_norm=1.0374 throughput=18.02 img/s eta_seconds=323.4 gpu_alloc=375.7MiB gpu_reserved=4358.0MiB skipped_batches=0
2026-08-18 15:23:26,263 | INFO | epoch=8 batch=475 global_step=2342 loss_reg_months=5.3942 lr=0.00018100 grad_norm=1.0032 throughput=18.04 img/s eta_seconds=306.6 gpu_alloc=484.5MiB gpu_reserved=4358.0MiB skipped_batches=0
2026-08-18 15:23:42,201 | INFO | epoch=8 batch=500 global_step=2350 loss_reg_months=5.4013 lr=0.00018100 grad_norm=1.6018 throughput=18.07 img/s eta_seconds=289.3 gpu_alloc=484.5MiB gpu_reserved=4358.0MiB skipped_batches=0
2026-08-18 15:23:59,034 | INFO | epoch=8 batch=525 global_step=2359 loss_reg_months=5.3965 lr=0.00018100 grad_norm=2.2426 throughput=18.06 img/s eta_seconds=272.9 gpu_alloc=375.7MiB gpu_reserved=4358.0MiB skipped_batches=0
2026-08-18 15:24:14,722 | INFO | epoch=8 batch=550 global_step=2367 loss_reg_months=5.4253 lr=0.00018100 grad_norm=1.5427 throughput=18.11 img/s eta_seconds=255.7 gpu_alloc=484.5MiB gpu_reserved=4358.0MiB skipped_batches=0
2026-08-18 15:24:30,061 | INFO | epoch=8 batch=575 global_step=2375 loss_reg_months=5.4383 lr=0.00018100 grad_norm=1.0793 throughput=18.17 img/s eta_seconds=238.3 gpu_alloc=484.5MiB gpu_reserved=4358.0MiB skipped_batches=0
2026-08-18 15:24:45,426 | INFO | epoch=8 batch=600 global_step=2384 loss_reg_months=5.4505 lr=0.00018100 grad_norm=1.2075 throughput=18.22 img/s eta_seconds=221.2 gpu_alloc=375.7MiB gpu_reserved=4358.0MiB skipped_batches=0
2026-08-18 15:25:01,371 | INFO | epoch=8 batch=625 global_step=2392 loss_reg_months=5.4532 lr=0.00018100 grad_norm=2.2136 throughput=18.24 img/s eta_seconds=204.4 gpu_alloc=484.5MiB gpu_reserved=4358.0MiB skipped_batches=0
2026-08-18 15:25:18,158 | INFO | epoch=8 batch=650 global_step=2400 loss_reg_months=5.4441 lr=0.00018100 grad_norm=1.1699 throughput=18.23 img/s eta_seconds=188.1 gpu_alloc=484.5MiB gpu_reserved=4358.0MiB skipped_batches=0
2026-08-18 15:25:34,232 | INFO | epoch=8 batch=675 global_step=2409 loss_reg_months=5.4221 lr=0.00018100 grad_norm=1.7780 throughput=18.24 img/s eta_seconds=171.5 gpu_alloc=375.7MiB gpu_reserved=4358.0MiB skipped_batches=0
2026-08-18 15:25:50,077 | INFO | epoch=8 batch=700 global_step=2417 loss_reg_months=5.4059 lr=0.00018100 grad_norm=1.0559 throughput=18.27 img/s eta_seconds=154.9 gpu_alloc=484.5MiB gpu_reserved=4358.0MiB skipped_batches=0
2026-08-18 15:26:06,586 | INFO | epoch=8 batch=725 global_step=2425 loss_reg_months=5.4002 lr=0.00018100 grad_norm=2.3347 throughput=18.26 img/s eta_seconds=138.5 gpu_alloc=484.5MiB gpu_reserved=4358.0MiB skipped_batches=0
2026-08-18 15:26:22,710 | INFO | epoch=8 batch=750 global_step=2434 loss_reg_months=5.4010 lr=0.00018100 grad_norm=1.5681 throughput=18.27 img/s eta_seconds=122.0 gpu_alloc=375.7MiB gpu_reserved=4358.0MiB skipped_batches=0
2026-08-18 15:26:38,060 | INFO | epoch=8 batch=775 global_step=2442 loss_reg_months=5.4203 lr=0.00018100 grad_norm=2.0521 throughput=18.31 img/s eta_seconds=105.3 gpu_alloc=484.5MiB gpu_reserved=4358.0MiB skipped_batches=0
2026-08-18 15:26:56,326 | INFO | epoch=8 batch=800 global_step=2450 loss_reg_months=5.4237 lr=0.00018100 grad_norm=1.4380 throughput=18.25 img/s eta_seconds=89.3 gpu_alloc=484.5MiB gpu_reserved=4358.0MiB skipped_batches=0
2026-08-18 15:27:11,917 | INFO | epoch=8 batch=825 global_step=2459 loss_reg_months=5.4241 lr=0.00018100 grad_norm=1.1505 throughput=18.28 img/s eta_seconds=72.7 gpu_alloc=375.7MiB gpu_reserved=4358.0MiB skipped_batches=0
2026-08-18 15:27:29,607 | INFO | epoch=8 batch=850 global_step=2467 loss_reg_months=5.4136 lr=0.00018100 grad_norm=1.7416 throughput=18.23 img/s eta_seconds=56.4 gpu_alloc=484.5MiB gpu_reserved=4358.0MiB skipped_batches=0
2026-08-18 15:27:44,826 | INFO | epoch=8 batch=875 global_step=2475 loss_reg_months=5.4060 lr=0.00018100 grad_norm=1.5651 throughput=18.27 img/s eta_seconds=39.9 gpu_alloc=484.5MiB gpu_reserved=4358.0MiB skipped_batches=0
2026-08-18 15:28:00,397 | INFO | epoch=8 batch=900 global_step=2484 loss_reg_months=5.4164 lr=0.00018100 grad_norm=1.2932 throughput=18.30 img/s eta_seconds=23.4 gpu_alloc=375.7MiB gpu_reserved=4358.0MiB skipped_batches=0
2026-08-18 15:28:16,008 | INFO | epoch=8 batch=925 global_step=2492 loss_reg_months=5.4069 lr=0.00018100 grad_norm=1.7935 throughput=18.32 img/s eta_seconds=7.0 gpu_alloc=484.5MiB gpu_reserved=4358.0MiB skipped_batches=0
2026-08-18 15:30:34,106 | INFO | 
TRAINING REVIEW SNAPSHOT
Run ID / config hash / split hash: P7_FINAL_V3_FOLD_4 / 2d61d8d49b16 / 89f98ca8cf75+01ffce9c7329
Epoch / global step: 8 / 2496
Train loss: 5.4056
Validation MAE / RMSE / median AE: 6.3488 / 8.5836 / 4.8750
MAE nam / nữ / age bins: {'F': 6.574221789883269, 'M': 6.15842127956636} / {'60-119': 6.699596774193548, '120-179': 6.141373677660236, '0-59': 7.141716131284916, '180-228': 6.021341463414634}
Learning rate / peak VRAM: 0.00018100 / 4358.0 MiB
Best epoch / best MAE / epochs không cải thiện: 8 / 6.3488 / 0
Cảnh báo hiện tại: KHÔNG
Checkpoint gần nhất: /content/p7_v3/runs/P7_FINAL_V3_FOLD_4/last.ckpt
Checkpoint tốt nhất: /content/p7_v3/runs/P7_FINAL_V3_FOLD_4/best_mae.ckpt
Đề xuất tự động: TIẾP TỤC
2026-08-18 15:31:06,010 | INFO | epoch=9 batch=25 global_step=2504 loss_reg_months=5.1655 lr=0.00017543 grad_norm=1.7378 throughput=14.50 img/s eta_seconds=753.9 gpu_alloc=484.5MiB gpu_reserved=4358.0MiB skipped_batches=0
2026-08-18 15:31:22,748 | INFO | epoch=9 batch=50 global_step=2512 loss_reg_months=5.1484 lr=0.00017543 grad_norm=1.2175 throughput=16.03 img/s eta_seconds=663.2 gpu_alloc=484.5MiB gpu_reserved=4358.0MiB skipped_batches=0
2026-08-18 15:31:39,662 | INFO | epoch=9 batch=75 global_step=2521 loss_reg_months=5.2715 lr=0.00017543 grad_norm=2.2638 throughput=16.56 img/s eta_seconds=623.8 gpu_alloc=375.7MiB gpu_reserved=4358.0MiB skipped_batches=0
2026-08-18 15:31:55,786 | INFO | epoch=9 batch=100 global_step=2529 loss_reg_months=5.4286 lr=0.00017543 grad_norm=1.6101 throughput=17.03 img/s eta_seconds=589.0 gpu_alloc=484.5MiB gpu_reserved=4358.0MiB skipped_batches=0
2026-08-18 15:32:11,540 | INFO | epoch=9 batch=125 global_step=2537 loss_reg_months=5.4007 lr=0.00017543 grad_norm=1.5715 throughput=17.40 img/s eta_seconds=559.3 gpu_alloc=484.5MiB gpu_reserved=4358.0MiB skipped_batches=0
2026-08-18 15:32:29,571 | INFO | epoch=9 batch=150 global_step=2546 loss_reg_months=5.3156 lr=0.00017543 grad_norm=1.9863 throughput=17.26 img/s eta_seconds=546.2 gpu_alloc=375.7MiB gpu_reserved=4358.0MiB skipped_batches=0
2026-08-18 15:32:44,546 | INFO | epoch=9 batch=175 global_step=2554 loss_reg_months=5.3419 lr=0.00017543 grad_norm=1.7324 throughput=17.61 img/s eta_seconds=518.3 gpu_alloc=484.5MiB gpu_reserved=4358.0MiB skipped_batches=0
2026-08-18 15:33:00,357 | INFO | epoch=9 batch=200 global_step=2562 loss_reg_months=5.3422 lr=0.00017543 grad_norm=2.1607 throughput=17.77 img/s eta_seconds=496.8 gpu_alloc=484.5MiB gpu_reserved=4358.0MiB skipped_batches=0
2026-08-18 15:33:16,398 | INFO | epoch=9 batch=225 global_step=2571 loss_reg_months=5.2965 lr=0.00017543 grad_norm=1.3956 throughput=17.87 img/s eta_seconds=477.3 gpu_alloc=375.7MiB gpu_reserved=4358.0MiB skipped_batches=0
2026-08-18 15:33:33,376 | INFO | epoch=9 batch=250 global_step=2579 loss_reg_months=5.3629 lr=0.00017543 grad_norm=1.8478 throughput=17.85 img/s eta_seconds=461.0 gpu_alloc=484.5MiB gpu_reserved=4358.0MiB skipped_batches=0
2026-08-18 15:33:48,961 | INFO | epoch=9 batch=275 global_step=2587 loss_reg_months=5.3883 lr=0.00017543 grad_norm=1.3503 throughput=17.97 img/s eta_seconds=441.3 gpu_alloc=484.5MiB gpu_reserved=4358.0MiB skipped_batches=0
2026-08-18 15:34:05,180 | INFO | epoch=9 batch=300 global_step=2596 loss_reg_months=5.3991 lr=0.00017543 grad_norm=1.4198 throughput=18.01 img/s eta_seconds=423.6 gpu_alloc=375.7MiB gpu_reserved=4358.0MiB skipped_batches=0
2026-08-18 15:34:21,548 | INFO | epoch=9 batch=325 global_step=2604 loss_reg_months=5.3438 lr=0.00017543 grad_norm=1.1796 throughput=18.04 img/s eta_seconds=406.4 gpu_alloc=484.5MiB gpu_reserved=4358.0MiB skipped_batches=0
2026-08-18 15:34:37,512 | INFO | epoch=9 batch=350 global_step=2612 loss_reg_months=5.3354 lr=0.00017543 grad_norm=2.1153 throughput=18.09 img/s eta_seconds=388.6 gpu_alloc=484.5MiB gpu_reserved=4358.0MiB skipped_batches=0
2026-08-18 15:34:53,447 | INFO | epoch=9 batch=375 global_step=2621 loss_reg_months=5.2995 lr=0.00017543 grad_norm=1.2152 throughput=18.14 img/s eta_seconds=371.0 gpu_alloc=375.7MiB gpu_reserved=4358.0MiB skipped_batches=0
2026-08-18 15:35:10,583 | INFO | epoch=9 batch=400 global_step=2629 loss_reg_months=5.2546 lr=0.00017543 grad_norm=1.3749 throughput=18.09 img/s eta_seconds=355.3 gpu_alloc=484.5MiB gpu_reserved=4358.0MiB skipped_batches=0
2026-08-18 15:35:25,773 | INFO | epoch=9 batch=425 global_step=2637 loss_reg_months=5.2462 lr=0.00017543 grad_norm=1.1272 throughput=18.18 img/s eta_seconds=337.1 gpu_alloc=484.5MiB gpu_reserved=4358.0MiB skipped_batches=0
2026-08-18 15:35:41,281 | INFO | epoch=9 batch=450 global_step=2646 loss_reg_months=5.2096 lr=0.00017543 grad_norm=1.4096 throughput=18.24 img/s eta_seconds=319.5 gpu_alloc=375.7MiB gpu_reserved=4358.0MiB skipped_batches=0
2026-08-18 15:35:57,210 | INFO | epoch=9 batch=475 global_step=2654 loss_reg_months=5.2392 lr=0.00017543 grad_norm=1.2913 throughput=18.28 img/s eta_seconds=302.5 gpu_alloc=484.5MiB gpu_reserved=4358.0MiB skipped_batches=0
2026-08-18 15:36:14,935 | INFO | epoch=9 batch=500 global_step=2662 loss_reg_months=5.2441 lr=0.00017543 grad_norm=1.5618 throughput=18.20 img/s eta_seconds=287.3 gpu_alloc=484.5MiB gpu_reserved=4358.0MiB skipped_batches=0
2026-08-18 15:36:31,095 | INFO | epoch=9 batch=525 global_step=2671 loss_reg_months=5.2433 lr=0.00017543 grad_norm=2.0370 throughput=18.22 img/s eta_seconds=270.5 gpu_alloc=375.7MiB gpu_reserved=4358.0MiB skipped_batches=0
2026-08-18 15:36:47,444 | INFO | epoch=9 batch=550 global_step=2679 loss_reg_months=5.2455 lr=0.00017543 grad_norm=1.8383 throughput=18.23 img/s eta_seconds=254.0 gpu_alloc=484.5MiB gpu_reserved=4358.0MiB skipped_batches=0
2026-08-18 15:37:02,675 | INFO | epoch=9 batch=575 global_step=2687 loss_reg_months=5.2633 lr=0.00017543 grad_norm=1.3275 throughput=18.28 img/s eta_seconds=236.8 gpu_alloc=484.5MiB gpu_reserved=4358.0MiB skipped_batches=0
2026-08-18 15:37:19,180 | INFO | epoch=9 batch=600 global_step=2696 loss_reg_months=5.2498 lr=0.00017543 grad_norm=1.6578 throughput=18.28 img/s eta_seconds=220.4 gpu_alloc=375.7MiB gpu_reserved=4358.0MiB skipped_batches=0
2026-08-18 15:37:35,428 | INFO | epoch=9 batch=625 global_step=2704 loss_reg_months=5.2642 lr=0.00017543 grad_norm=3.0153 throughput=18.29 img/s eta_seconds=203.9 gpu_alloc=484.5MiB gpu_reserved=4358.0MiB skipped_batches=0
2026-08-18 15:37:52,197 | INFO | epoch=9 batch=650 global_step=2712 loss_reg_months=5.2536 lr=0.00017543 grad_norm=1.3555 throughput=18.27 img/s eta_seconds=187.7 gpu_alloc=484.5MiB gpu_reserved=4358.0MiB skipped_batches=0
2026-08-18 15:38:07,706 | INFO | epoch=9 batch=675 global_step=2721 loss_reg_months=5.2391 lr=0.00017543 grad_norm=2.0206 throughput=18.31 img/s eta_seconds=170.9 gpu_alloc=375.7MiB gpu_reserved=4358.0MiB skipped_batches=0
2026-08-18 15:38:23,619 | INFO | epoch=9 batch=700 global_step=2729 loss_reg_months=5.2319 lr=0.00017543 grad_norm=1.1598 throughput=18.33 img/s eta_seconds=154.4 gpu_alloc=484.5MiB gpu_reserved=4358.0MiB skipped_batches=0
2026-08-18 15:38:40,331 | INFO | epoch=9 batch=725 global_step=2737 loss_reg_months=5.2230 lr=0.00017543 grad_norm=1.4950 throughput=18.31 img/s eta_seconds=138.1 gpu_alloc=484.5MiB gpu_reserved=4358.0MiB skipped_batches=0
2026-08-18 15:38:56,181 | INFO | epoch=9 batch=750 global_step=2746 loss_reg_months=5.2210 lr=0.00017543 grad_norm=1.5696 throughput=18.33 img/s eta_seconds=121.6 gpu_alloc=375.7MiB gpu_reserved=4358.0MiB skipped_batches=0
2026-08-18 15:39:15,671 | INFO | epoch=9 batch=775 global_step=2754 loss_reg_months=5.2250 lr=0.00017543 grad_norm=1.3674 throughput=18.22 img/s eta_seconds=105.9 gpu_alloc=484.5MiB gpu_reserved=4358.0MiB skipped_batches=0
2026-08-18 15:39:32,113 | INFO | epoch=9 batch=800 global_step=2762 loss_reg_months=5.2241 lr=0.00017543 grad_norm=1.6829 throughput=18.22 img/s eta_seconds=89.4 gpu_alloc=484.5MiB gpu_reserved=4358.0MiB skipped_batches=0
2026-08-18 15:39:49,373 | INFO | epoch=9 batch=825 global_step=2771 loss_reg_months=5.2096 lr=0.00017543 grad_norm=1.6333 throughput=18.20 img/s eta_seconds=73.0 gpu_alloc=375.7MiB gpu_reserved=4358.0MiB skipped_batches=0
2026-08-18 15:40:04,885 | INFO | epoch=9 batch=850 global_step=2779 loss_reg_months=5.2038 lr=0.00017543 grad_norm=0.9566 throughput=18.23 img/s eta_seconds=56.5 gpu_alloc=484.5MiB gpu_reserved=4358.0MiB skipped_batches=0
2026-08-18 15:40:21,107 | INFO | epoch=9 batch=875 global_step=2787 loss_reg_months=5.2150 lr=0.00017543 grad_norm=1.3303 throughput=18.24 img/s eta_seconds=40.0 gpu_alloc=484.5MiB gpu_reserved=4358.0MiB skipped_batches=0
2026-08-18 15:40:37,574 | INFO | epoch=9 batch=900 global_step=2796 loss_reg_months=5.2239 lr=0.00017543 grad_norm=1.6199 throughput=18.24 img/s eta_seconds=23.5 gpu_alloc=375.7MiB gpu_reserved=4358.0MiB skipped_batches=0
2026-08-18 15:40:53,835 | INFO | epoch=9 batch=925 global_step=2804 loss_reg_months=5.2214 lr=0.00017543 grad_norm=1.4396 throughput=18.24 img/s eta_seconds=7.1 gpu_alloc=484.5MiB gpu_reserved=4358.0MiB skipped_batches=0
2026-08-18 15:43:01,928 | WARNING | STABILITY WARNING [CAM] Prediction vượt nhẹ miền tuổi 0–228: [2.95, 231.75]
2026-08-18 15:43:01,938 | INFO | 
TRAINING REVIEW SNAPSHOT
Run ID / config hash / split hash: P7_FINAL_V3_FOLD_4 / 2d61d8d49b16 / 89f98ca8cf75+01ffce9c7329
Epoch / global step: 9 / 2808
Train loss: 5.2211
Validation MAE / RMSE / median AE: 6.3515 / 8.5624 / 4.8125
MAE nam / nữ / age bins: {'F': 6.539670476653696, 'M': 6.1926381816688565} / {'60-119': 7.112943548387097, '120-179': 6.016568139390168, '0-59': 6.824109636871508, '180-228': 5.796747967479675}
Learning rate / peak VRAM: 0.00017543 / 4358.0 MiB
Best epoch / best MAE / epochs không cải thiện: 8 / 6.3488 / 1
Cảnh báo hiện tại: CAM: Prediction vượt nhẹ miền tuổi 0–228: [2.95, 231.75]
Checkpoint gần nhất: /content/p7_v3/runs/P7_FINAL_V3_FOLD_4/last.ckpt
Checkpoint tốt nhất: /content/p7_v3/runs/P7_FINAL_V3_FOLD_4/best_mae.ckpt
Đề xuất tự động: THEO DÕI
2026-08-18 15:43:27,231 | INFO | epoch=10 batch=25 global_step=2816 loss_reg_months=5.1541 lr=0.00016926 grad_norm=1.9141 throughput=16.92 img/s eta_seconds=645.9 gpu_alloc=484.5MiB gpu_reserved=4358.0MiB skipped_batches=0
2026-08-18 15:43:43,177 | INFO | epoch=10 batch=50 global_step=2824 loss_reg_months=5.0617 lr=0.00016926 grad_norm=1.0843 throughput=17.82 img/s eta_seconds=596.6 gpu_alloc=484.5MiB gpu_reserved=4358.0MiB skipped_batches=0
2026-08-18 15:43:59,196 | INFO | epoch=10 batch=75 global_step=2833 loss_reg_months=5.1174 lr=0.00016926 grad_norm=2.7159 throughput=18.11 img/s eta_seconds=570.3 gpu_alloc=375.7MiB gpu_reserved=4358.0MiB skipped_batches=0
2026-08-18 15:44:15,713 | INFO | epoch=10 batch=100 global_step=2841 loss_reg_months=5.1774 lr=0.00016926 grad_norm=1.6941 throughput=18.12 img/s eta_seconds=553.4 gpu_alloc=484.5MiB gpu_reserved=4358.0MiB skipped_batches=0
2026-08-18 15:44:32,600 | INFO | epoch=10 batch=125 global_step=2849 loss_reg_months=5.0594 lr=0.00016926 grad_norm=1.1804 throughput=18.05 img/s eta_seconds=539.0 gpu_alloc=484.5MiB gpu_reserved=4358.0MiB skipped_batches=0
2026-08-18 15:44:48,602 | INFO | epoch=10 batch=150 global_step=2858 loss_reg_months=5.0415 lr=0.00016926 grad_norm=1.2876 throughput=18.16 img/s eta_seconds=519.1 gpu_alloc=375.7MiB gpu_reserved=4358.0MiB skipped_batches=0
2026-08-18 15:45:05,340 | INFO | epoch=10 batch=175 global_step=2866 loss_reg_months=4.9472 lr=0.00016926 grad_norm=0.9808 throughput=18.13 img/s eta_seconds=503.6 gpu_alloc=484.5MiB gpu_reserved=4358.0MiB skipped_batches=0
2026-08-18 15:45:21,316 | INFO | epoch=10 batch=200 global_step=2874 loss_reg_months=4.9671 lr=0.00016926 grad_norm=1.3360 throughput=18.21 img/s eta_seconds=484.9 gpu_alloc=484.5MiB gpu_reserved=4358.0MiB skipped_batches=0
2026-08-18 15:45:37,300 | INFO | epoch=10 batch=225 global_step=2883 loss_reg_months=4.9443 lr=0.00016926 grad_norm=1.8120 throughput=18.27 img/s eta_seconds=466.9 gpu_alloc=375.7MiB gpu_reserved=4358.0MiB skipped_batches=0
2026-08-18 15:45:53,426 | INFO | epoch=10 batch=250 global_step=2891 loss_reg_months=4.9830 lr=0.00016926 grad_norm=1.8287 throughput=18.30 img/s eta_seconds=449.6 gpu_alloc=484.5MiB gpu_reserved=4358.0MiB skipped_batches=0
2026-08-18 15:46:09,911 | INFO | epoch=10 batch=275 global_step=2899 loss_reg_months=4.9935 lr=0.00016926 grad_norm=1.2461 throughput=18.29 img/s eta_seconds=433.5 gpu_alloc=484.5MiB gpu_reserved=4358.0MiB skipped_batches=0
2026-08-18 15:46:26,621 | INFO | epoch=10 batch=300 global_step=2908 loss_reg_months=5.0297 lr=0.00016926 grad_norm=1.5595 throughput=18.26 img/s eta_seconds=417.7 gpu_alloc=375.7MiB gpu_reserved=4358.0MiB skipped_batches=0
2026-08-18 15:46:41,920 | INFO | epoch=10 batch=325 global_step=2916 loss_reg_months=5.0689 lr=0.00016926 grad_norm=2.4194 throughput=18.36 img/s eta_seconds=399.2 gpu_alloc=484.5MiB gpu_reserved=4358.0MiB skipped_batches=0
2026-08-18 15:46:58,208 | INFO | epoch=10 batch=350 global_step=2924 loss_reg_months=5.0807 lr=0.00016926 grad_norm=1.5750 throughput=18.36 img/s eta_seconds=382.8 gpu_alloc=484.5MiB gpu_reserved=4358.0MiB skipped_batches=0
2026-08-18 15:47:13,992 | INFO | epoch=10 batch=375 global_step=2933 loss_reg_months=5.0891 lr=0.00016926 grad_norm=1.3426 throughput=18.41 img/s eta_seconds=365.6 gpu_alloc=375.7MiB gpu_reserved=4358.0MiB skipped_batches=0
2026-08-18 15:47:30,117 | INFO | epoch=10 batch=400 global_step=2941 loss_reg_months=5.0675 lr=0.00016926 grad_norm=1.2150 throughput=18.42 img/s eta_seconds=349.1 gpu_alloc=484.5MiB gpu_reserved=4358.0MiB skipped_batches=0
2026-08-18 15:47:45,282 | INFO | epoch=10 batch=425 global_step=2949 loss_reg_months=5.0846 lr=0.00016926 grad_norm=0.8877 throughput=18.49 img/s eta_seconds=331.4 gpu_alloc=484.5MiB gpu_reserved=4358.0MiB skipped_batches=0
2026-08-18 15:48:01,990 | INFO | epoch=10 batch=450 global_step=2958 loss_reg_months=5.0913 lr=0.00016926 grad_norm=1.5464 throughput=18.46 img/s eta_seconds=315.7 gpu_alloc=375.7MiB gpu_reserved=4358.0MiB skipped_batches=0
2026-08-18 15:48:20,803 | INFO | epoch=10 batch=475 global_step=2966 loss_reg_months=5.1115 lr=0.00016926 grad_norm=1.5906 throughput=18.31 img/s eta_seconds=302.0 gpu_alloc=484.5MiB gpu_reserved=4358.0MiB skipped_batches=0
2026-08-18 15:48:36,716 | INFO | epoch=10 batch=500 global_step=2974 loss_reg_months=5.1320 lr=0.00016926 grad_norm=2.1654 throughput=18.34 img/s eta_seconds=285.2 gpu_alloc=484.5MiB gpu_reserved=4358.0MiB skipped_batches=0
2026-08-18 15:48:52,343 | INFO | epoch=10 batch=525 global_step=2983 loss_reg_months=5.1411 lr=0.00016926 grad_norm=1.3778 throughput=18.38 img/s eta_seconds=268.2 gpu_alloc=375.7MiB gpu_reserved=4358.0MiB skipped_batches=0
2026-08-18 15:49:09,210 | INFO | epoch=10 batch=550 global_step=2991 loss_reg_months=5.1312 lr=0.00016926 grad_norm=1.7873 throughput=18.35 img/s eta_seconds=252.3 gpu_alloc=484.5MiB gpu_reserved=4358.0MiB skipped_batches=0
2026-08-18 15:49:24,265 | INFO | epoch=10 batch=575 global_step=2999 loss_reg_months=5.1394 lr=0.00016926 grad_norm=1.8293 throughput=18.41 img/s eta_seconds=235.1 gpu_alloc=484.5MiB gpu_reserved=4358.0MiB skipped_batches=0
2026-08-18 15:49:44,280 | INFO | epoch=10 batch=600 global_step=3008 loss_reg_months=5.1404 lr=0.00016926 grad_norm=2.4882 throughput=18.24 img/s eta_seconds=220.9 gpu_alloc=375.7MiB gpu_reserved=4358.0MiB skipped_batches=0
2026-08-18 15:50:00,276 | INFO | epoch=10 batch=625 global_step=3016 loss_reg_months=5.1388 lr=0.00016926 grad_norm=0.9675 throughput=18.26 img/s eta_seconds=204.2 gpu_alloc=484.5MiB gpu_reserved=4358.0MiB skipped_batches=0
2026-08-18 15:50:16,023 | INFO | epoch=10 batch=650 global_step=3024 loss_reg_months=5.1478 lr=0.00016926 grad_norm=1.7595 throughput=18.29 img/s eta_seconds=187.5 gpu_alloc=484.5MiB gpu_reserved=4358.0MiB skipped_batches=0
2026-08-18 15:50:32,258 | INFO | epoch=10 batch=675 global_step=3033 loss_reg_months=5.1289 lr=0.00016926 grad_norm=0.8765 throughput=18.29 img/s eta_seconds=171.0 gpu_alloc=375.7MiB gpu_reserved=4358.0MiB skipped_batches=0
2026-08-18 15:50:48,431 | INFO | epoch=10 batch=700 global_step=3041 loss_reg_months=5.1323 lr=0.00016926 grad_norm=1.4685 throughput=18.30 img/s eta_seconds=154.6 gpu_alloc=484.5MiB gpu_reserved=4358.0MiB skipped_batches=0
2026-08-18 15:51:05,675 | INFO | epoch=10 batch=725 global_step=3049 loss_reg_months=5.1389 lr=0.00016926 grad_norm=2.1862 throughput=18.27 img/s eta_seconds=138.4 gpu_alloc=484.5MiB gpu_reserved=4358.0MiB skipped_batches=0
2026-08-18 15:51:25,088 | INFO | epoch=10 batch=750 global_step=3058 loss_reg_months=5.1165 lr=0.00016926 grad_norm=1.1988 throughput=18.16 img/s eta_seconds=122.7 gpu_alloc=375.7MiB gpu_reserved=4358.0MiB skipped_batches=0
2026-08-18 15:51:43,427 | INFO | epoch=10 batch=775 global_step=3066 loss_reg_months=5.1154 lr=0.00016926 grad_norm=1.7598 throughput=18.10 img/s eta_seconds=106.6 gpu_alloc=484.5MiB gpu_reserved=4358.0MiB skipped_batches=0
2026-08-18 15:51:59,236 | INFO | epoch=10 batch=800 global_step=3074 loss_reg_months=5.1085 lr=0.00016926 grad_norm=1.7471 throughput=18.12 img/s eta_seconds=89.9 gpu_alloc=484.5MiB gpu_reserved=4358.0MiB skipped_batches=0
2026-08-18 15:52:14,390 | INFO | epoch=10 batch=825 global_step=3083 loss_reg_months=5.1121 lr=0.00016926 grad_norm=1.8005 throughput=18.17 img/s eta_seconds=73.1 gpu_alloc=375.7MiB gpu_reserved=4358.0MiB skipped_batches=0
2026-08-18 15:52:31,305 | INFO | epoch=10 batch=850 global_step=3091 loss_reg_months=5.1280 lr=0.00016926 grad_norm=1.3274 throughput=18.16 img/s eta_seconds=56.7 gpu_alloc=484.5MiB gpu_reserved=4358.0MiB skipped_batches=0
2026-08-18 15:52:47,178 | INFO | epoch=10 batch=875 global_step=3099 loss_reg_months=5.1405 lr=0.00016926 grad_norm=0.9666 throughput=18.18 img/s eta_seconds=40.1 gpu_alloc=484.5MiB gpu_reserved=4358.0MiB skipped_batches=0
2026-08-18 15:53:03,233 | INFO | epoch=10 batch=900 global_step=3108 loss_reg_months=5.1479 lr=0.00016926 grad_norm=2.0190 throughput=18.19 img/s eta_seconds=23.6 gpu_alloc=375.7MiB gpu_reserved=4358.0MiB skipped_batches=0
2026-08-18 15:53:19,024 | INFO | epoch=10 batch=925 global_step=3116 loss_reg_months=5.1874 lr=0.00016926 grad_norm=1.3851 throughput=18.21 img/s eta_seconds=7.1 gpu_alloc=484.5MiB gpu_reserved=4358.0MiB skipped_batches=0
2026-08-18 15:55:28,288 | WARNING | STABILITY WARNING [CAM] Prediction vượt nhẹ miền tuổi 0–228: [0.13, 238.12]
2026-08-18 15:55:28,292 | INFO | 
TRAINING REVIEW SNAPSHOT
Run ID / config hash / split hash: P7_FINAL_V3_FOLD_4 / 2d61d8d49b16 / 89f98ca8cf75+01ffce9c7329
Epoch / global step: 10 / 3120
Train loss: 5.1885
Validation MAE / RMSE / median AE: 7.6996 / 10.1607 / 6.0000
MAE nam / nữ / age bins: {'F': 7.763910220847519, 'M': 7.645265275952694} / {'60-119': 8.287903225806451, '120-179': 8.006144990665836, '0-59': 5.526359685972416, '180-228': 5.42479674796748}
Learning rate / peak VRAM: 0.00016926 / 4358.0 MiB
Best epoch / best MAE / epochs không cải thiện: 8 / 6.3488 / 2
Cảnh báo hiện tại: CAM: Prediction vượt nhẹ miền tuổi 0–228: [0.13, 238.12]
Checkpoint gần nhất: /content/p7_v3/runs/P7_FINAL_V3_FOLD_4/last.ckpt
Checkpoint tốt nhất: /content/p7_v3/runs/P7_FINAL_V3_FOLD_4/best_mae.ckpt
Đề xuất tự động: THEO DÕI
2026-08-18 15:55:49,720 | INFO | epoch=11 batch=25 global_step=3128 loss_reg_months=5.0408 lr=0.00016254 grad_norm=1.6166 throughput=16.47 img/s eta_seconds=663.5 gpu_alloc=484.5MiB gpu_reserved=4358.0MiB skipped_batches=0
2026-08-18 15:56:06,919 | INFO | epoch=11 batch=50 global_step=3136 loss_reg_months=4.9075 lr=0.00016254 grad_norm=1.0485 throughput=16.94 img/s eta_seconds=627.4 gpu_alloc=484.5MiB gpu_reserved=4358.0MiB skipped_batches=0
2026-08-18 15:56:21,761 | INFO | epoch=11 batch=75 global_step=3145 loss_reg_months=4.9534 lr=0.00016254 grad_norm=1.0650 throughput=17.91 img/s eta_seconds=576.7 gpu_alloc=375.7MiB gpu_reserved=4358.0MiB skipped_batches=0
2026-08-18 15:56:37,739 | INFO | epoch=11 batch=100 global_step=3153 loss_reg_months=4.9020 lr=0.00016254 grad_norm=1.0512 throughput=18.12 img/s eta_seconds=553.5 gpu_alloc=484.5MiB gpu_reserved=4358.0MiB skipped_batches=0
2026-08-18 15:56:54,851 | INFO | epoch=11 batch=125 global_step=3161 loss_reg_months=4.9925 lr=0.00016254 grad_norm=2.5025 throughput=18.00 img/s eta_seconds=540.5 gpu_alloc=484.5MiB gpu_reserved=4358.0MiB skipped_batches=0
2026-08-18 15:57:12,877 | INFO | epoch=11 batch=150 global_step=3170 loss_reg_months=4.9651 lr=0.00016254 grad_norm=1.3502 throughput=17.76 img/s eta_seconds=531.0 gpu_alloc=375.7MiB gpu_reserved=4358.0MiB skipped_batches=0
2026-08-18 15:57:27,581 | INFO | epoch=11 batch=175 global_step=3178 loss_reg_months=4.9712 lr=0.00016254 grad_norm=1.1812 throughput=18.09 img/s eta_seconds=504.6 gpu_alloc=484.5MiB gpu_reserved=4358.0MiB skipped_batches=0
2026-08-18 15:57:44,390 | INFO | epoch=11 batch=200 global_step=3186 loss_reg_months=4.9477 lr=0.00016254 grad_norm=1.0171 throughput=18.06 img/s eta_seconds=488.8 gpu_alloc=484.5MiB gpu_reserved=4358.0MiB skipped_batches=0
2026-08-18 15:58:00,383 | INFO | epoch=11 batch=225 global_step=3195 loss_reg_months=5.0053 lr=0.00016254 grad_norm=1.7462 throughput=18.14 img/s eta_seconds=470.3 gpu_alloc=375.7MiB gpu_reserved=4358.0MiB skipped_batches=0
2026-08-18 15:58:16,017 | INFO | epoch=11 batch=250 global_step=3203 loss_reg_months=5.0042 lr=0.00016254 grad_norm=1.2392 throughput=18.24 img/s eta_seconds=451.3 gpu_alloc=484.5MiB gpu_reserved=4358.0MiB skipped_batches=0
2026-08-18 15:58:31,627 | INFO | epoch=11 batch=275 global_step=3211 loss_reg_months=5.0001 lr=0.00016254 grad_norm=1.6347 throughput=18.32 img/s eta_seconds=432.8 gpu_alloc=484.5MiB gpu_reserved=4358.0MiB skipped_batches=0
2026-08-18 15:58:47,891 | INFO | epoch=11 batch=300 global_step=3220 loss_reg_months=5.0673 lr=0.00016254 grad_norm=1.8594 throughput=18.33 img/s eta_seconds=416.2 gpu_alloc=375.7MiB gpu_reserved=4358.0MiB skipped_batches=0
2026-08-18 15:59:03,938 | INFO | epoch=11 batch=325 global_step=3228 loss_reg_months=5.0566 lr=0.00016254 grad_norm=1.7560 throughput=18.36 img/s eta_seconds=399.2 gpu_alloc=484.5MiB gpu_reserved=4358.0MiB skipped_batches=0
2026-08-18 15:59:19,290 | INFO | epoch=11 batch=350 global_step=3236 loss_reg_months=5.0577 lr=0.00016254 grad_norm=1.5727 throughput=18.44 img/s eta_seconds=381.2 gpu_alloc=484.5MiB gpu_reserved=4358.0MiB skipped_batches=0
2026-08-18 15:59:36,144 | INFO | epoch=11 batch=375 global_step=3245 loss_reg_months=5.0254 lr=0.00016254 grad_norm=1.1229 throughput=18.39 img/s eta_seconds=365.8 gpu_alloc=375.7MiB gpu_reserved=4358.0MiB skipped_batches=0
2026-08-18 15:59:53,721 | INFO | epoch=11 batch=400 global_step=3253 loss_reg_months=5.0371 lr=0.00016254 grad_norm=1.2315 throughput=18.31 img/s eta_seconds=351.2 gpu_alloc=484.5MiB gpu_reserved=4358.0MiB skipped_batches=0
2026-08-18 16:00:10,502 | INFO | epoch=11 batch=425 global_step=3261 loss_reg_months=5.0425 lr=0.00016254 grad_norm=1.5162 throughput=18.28 img/s eta_seconds=335.3 gpu_alloc=484.5MiB gpu_reserved=4358.0MiB skipped_batches=0
2026-08-18 16:00:27,939 | INFO | epoch=11 batch=450 global_step=3270 loss_reg_months=5.0419 lr=0.00016254 grad_norm=1.3230 throughput=18.22 img/s eta_seconds=320.0 gpu_alloc=375.7MiB gpu_reserved=4358.0MiB skipped_batches=0
2026-08-18 16:00:43,533 | INFO | epoch=11 batch=475 global_step=3278 loss_reg_months=5.0495 lr=0.00016254 grad_norm=1.1744 throughput=18.27 img/s eta_seconds=302.7 gpu_alloc=484.5MiB gpu_reserved=4358.0MiB skipped_batches=0
2026-08-18 16:00:59,593 | INFO | epoch=11 batch=500 global_step=3286 loss_reg_months=5.0481 lr=0.00016254 grad_norm=1.5905 throughput=18.29 img/s eta_seconds=285.9 gpu_alloc=484.5MiB gpu_reserved=4358.0MiB skipped_batches=0
2026-08-18 16:01:15,281 | INFO | epoch=11 batch=525 global_step=3295 loss_reg_months=5.0468 lr=0.00016254 grad_norm=1.2311 throughput=18.33 img/s eta_seconds=269.0 gpu_alloc=375.7MiB gpu_reserved=4358.0MiB skipped_batches=0
2026-08-18 16:01:30,854 | INFO | epoch=11 batch=550 global_step=3303 loss_reg_months=5.0246 lr=0.00016254 grad_norm=1.2841 throughput=18.37 img/s eta_seconds=252.0 gpu_alloc=484.5MiB gpu_reserved=4358.0MiB skipped_batches=0
2026-08-18 16:01:47,185 | INFO | epoch=11 batch=575 global_step=3311 loss_reg_months=5.0152 lr=0.00016254 grad_norm=1.9960 throughput=18.37 img/s eta_seconds=235.7 gpu_alloc=484.5MiB gpu_reserved=4358.0MiB skipped_batches=0
2026-08-18 16:02:03,135 | INFO | epoch=11 batch=600 global_step=3320 loss_reg_months=5.0210 lr=0.00016254 grad_norm=2.6533 throughput=18.38 img/s eta_seconds=219.1 gpu_alloc=375.7MiB gpu_reserved=4358.0MiB skipped_batches=0
2026-08-18 16:02:19,286 | INFO | epoch=11 batch=625 global_step=3328 loss_reg_months=5.0031 lr=0.00016254 grad_norm=1.5013 throughput=18.39 img/s eta_seconds=202.7 gpu_alloc=484.5MiB gpu_reserved=4358.0MiB skipped_batches=0
2026-08-18 16:02:35,461 | INFO | epoch=11 batch=650 global_step=3336 loss_reg_months=5.0149 lr=0.00016254 grad_norm=1.6870 throughput=18.40 img/s eta_seconds=186.4 gpu_alloc=484.5MiB gpu_reserved=4358.0MiB skipped_batches=0
2026-08-18 16:02:51,749 | INFO | epoch=11 batch=675 global_step=3345 loss_reg_months=5.0097 lr=0.00016254 grad_norm=0.9671 throughput=18.40 img/s eta_seconds=170.1 gpu_alloc=375.7MiB gpu_reserved=4358.0MiB skipped_batches=0
2026-08-18 16:03:08,348 | INFO | epoch=11 batch=700 global_step=3353 loss_reg_months=5.0030 lr=0.00016254 grad_norm=1.3095 throughput=18.39 img/s eta_seconds=153.9 gpu_alloc=484.5MiB gpu_reserved=4358.0MiB skipped_batches=0
2026-08-18 16:03:24,967 | INFO | epoch=11 batch=725 global_step=3361 loss_reg_months=5.0061 lr=0.00016254 grad_norm=1.8421 throughput=18.38 img/s eta_seconds=137.6 gpu_alloc=484.5MiB gpu_reserved=4358.0MiB skipped_batches=0
2026-08-18 16:03:42,121 | INFO | epoch=11 batch=750 global_step=3370 loss_reg_months=5.0103 lr=0.00016254 grad_norm=1.7969 throughput=18.34 img/s eta_seconds=121.5 gpu_alloc=375.7MiB gpu_reserved=4358.0MiB skipped_batches=0
2026-08-18 16:03:58,646 | INFO | epoch=11 batch=775 global_step=3378 loss_reg_months=5.0262 lr=0.00016254 grad_norm=1.6942 throughput=18.34 img/s eta_seconds=105.2 gpu_alloc=484.5MiB gpu_reserved=4358.0MiB skipped_batches=0
2026-08-18 16:04:15,438 | INFO | epoch=11 batch=800 global_step=3386 loss_reg_months=5.0379 lr=0.00016254 grad_norm=1.2900 throughput=18.32 img/s eta_seconds=88.9 gpu_alloc=484.5MiB gpu_reserved=4358.0MiB skipped_batches=0
2026-08-18 16:04:31,578 | INFO | epoch=11 batch=825 global_step=3395 loss_reg_months=5.0469 lr=0.00016254 grad_norm=1.1582 throughput=18.33 img/s eta_seconds=72.5 gpu_alloc=375.7MiB gpu_reserved=4358.0MiB skipped_batches=0
2026-08-18 16:04:46,866 | INFO | epoch=11 batch=850 global_step=3403 loss_reg_months=5.0292 lr=0.00016254 grad_norm=1.5266 throughput=18.37 img/s eta_seconds=56.0 gpu_alloc=484.5MiB gpu_reserved=4358.0MiB skipped_batches=0
2026-08-18 16:05:03,559 | INFO | epoch=11 batch=875 global_step=3411 loss_reg_months=5.0334 lr=0.00016254 grad_norm=1.0374 throughput=18.36 img/s eta_seconds=39.7 gpu_alloc=484.5MiB gpu_reserved=4358.0MiB skipped_batches=0
2026-08-18 16:05:19,587 | INFO | epoch=11 batch=900 global_step=3420 loss_reg_months=5.0257 lr=0.00016254 grad_norm=1.1886 throughput=18.36 img/s eta_seconds=23.4 gpu_alloc=375.7MiB gpu_reserved=4358.0MiB skipped_batches=0
2026-08-18 16:05:35,768 | INFO | epoch=11 batch=925 global_step=3428 loss_reg_months=5.0362 lr=0.00016254 grad_norm=1.1228 throughput=18.37 img/s eta_seconds=7.0 gpu_alloc=484.5MiB gpu_reserved=4358.0MiB skipped_batches=0
2026-08-18 16:07:44,209 | WARNING | STABILITY WARNING [CAM] Prediction vượt nhẹ miền tuổi 0–228: [1.20, 229.00]
2026-08-18 16:07:44,213 | WARNING | STABILITY WARNING [CAM] Validation MAE xấu đi trong khi train loss giảm
2026-08-18 16:07:44,214 | INFO | 
TRAINING REVIEW SNAPSHOT
Run ID / config hash / split hash: P7_FINAL_V3_FOLD_4 / 2d61d8d49b16 / 89f98ca8cf75+01ffce9c7329
Epoch / global step: 11 / 3432
Train loss: 5.0310
Validation MAE / RMSE / median AE: 6.4207 / 8.7060 / 4.8750
MAE nam / nữ / age bins: {'F': 6.658736624513619, 'M': 6.219704747043364} / {'60-119': 6.9413709677419355, '120-179': 6.415914747977598, '0-59': 5.606450768156424, '180-228': 5.403963414634147}
Learning rate / peak VRAM: 0.00016254 / 4358.0 MiB
Best epoch / best MAE / epochs không cải thiện: 8 / 6.3488 / 3
Cảnh báo hiện tại: CAM: Prediction vượt nhẹ miền tuổi 0–228: [1.20, 229.00] | CAM: Validation MAE xấu đi trong khi train loss giảm
Checkpoint gần nhất: /content/p7_v3/runs/P7_FINAL_V3_FOLD_4/last.ckpt
Checkpoint tốt nhất: /content/p7_v3/runs/P7_FINAL_V3_FOLD_4/best_mae.ckpt
Đề xuất tự động: THEO DÕI
2026-08-18 16:08:17,730 | INFO | epoch=12 batch=25 global_step=3440 loss_reg_months=4.6849 lr=0.00015531 grad_norm=1.0563 throughput=16.51 img/s eta_seconds=661.9 gpu_alloc=484.5MiB gpu_reserved=4358.0MiB skipped_batches=0
2026-08-18 16:08:33,816 | INFO | epoch=12 batch=50 global_step=3448 loss_reg_months=4.7153 lr=0.00015531 grad_norm=1.6387 throughput=17.52 img/s eta_seconds=606.8 gpu_alloc=484.5MiB gpu_reserved=4358.0MiB skipped_batches=0
2026-08-18 16:08:49,615 | INFO | epoch=12 batch=75 global_step=3457 loss_reg_months=4.9189 lr=0.00015531 grad_norm=1.5452 throughput=17.98 img/s eta_seconds=574.4 gpu_alloc=375.7MiB gpu_reserved=4358.0MiB skipped_batches=0
2026-08-18 16:09:05,145 | INFO | epoch=12 batch=100 global_step=3465 loss_reg_months=4.9353 lr=0.00015531 grad_norm=1.9150 throughput=18.30 img/s eta_seconds=548.1 gpu_alloc=484.5MiB gpu_reserved=4358.0MiB skipped_batches=0
2026-08-18 16:09:22,119 | INFO | epoch=12 batch=125 global_step=3473 loss_reg_months=4.9392 lr=0.00015531 grad_norm=1.0519 throughput=18.17 img/s eta_seconds=535.5 gpu_alloc=484.5MiB gpu_reserved=4358.0MiB skipped_batches=0
2026-08-18 16:09:37,587 | INFO | epoch=12 batch=150 global_step=3482 loss_reg_months=4.9472 lr=0.00015531 grad_norm=1.3140 throughput=18.36 img/s eta_seconds=513.5 gpu_alloc=375.7MiB gpu_reserved=4358.0MiB skipped_batches=0
2026-08-18 16:09:52,640 | INFO | epoch=12 batch=175 global_step=3490 loss_reg_months=4.9067 lr=0.00015531 grad_norm=1.6349 throughput=18.57 img/s eta_seconds=491.5 gpu_alloc=484.5MiB gpu_reserved=4358.0MiB skipped_batches=0
2026-08-18 16:10:09,338 | INFO | epoch=12 batch=200 global_step=3498 loss_reg_months=4.9071 lr=0.00015531 grad_norm=2.0952 throughput=18.49 img/s eta_seconds=477.4 gpu_alloc=484.5MiB gpu_reserved=4358.0MiB skipped_batches=0
2026-08-18 16:10:26,623 | INFO | epoch=12 batch=225 global_step=3507 loss_reg_months=4.9326 lr=0.00015531 grad_norm=2.9072 throughput=18.36 img/s eta_seconds=464.5 gpu_alloc=375.7MiB gpu_reserved=4358.0MiB skipped_batches=0
2026-08-18 16:10:43,859 | INFO | epoch=12 batch=250 global_step=3515 loss_reg_months=4.9649 lr=0.00015531 grad_norm=1.2239 throughput=18.26 img/s eta_seconds=450.7 gpu_alloc=484.5MiB gpu_reserved=4358.0MiB skipped_batches=0
2026-08-18 16:10:59,381 | INFO | epoch=12 batch=275 global_step=3523 loss_reg_months=4.9600 lr=0.00015531 grad_norm=0.9720 throughput=18.35 img/s eta_seconds=432.1 gpu_alloc=484.5MiB gpu_reserved=4358.0MiB skipped_batches=0
2026-08-18 16:11:15,333 | INFO | epoch=12 batch=300 global_step=3532 loss_reg_months=4.9767 lr=0.00015531 grad_norm=1.2905 throughput=18.39 img/s eta_seconds=414.9 gpu_alloc=375.7MiB gpu_reserved=4358.0MiB skipped_batches=0
2026-08-18 16:11:32,313 | INFO | epoch=12 batch=325 global_step=3540 loss_reg_months=4.9561 lr=0.00015531 grad_norm=1.1374 throughput=18.33 img/s eta_seconds=399.8 gpu_alloc=484.5MiB gpu_reserved=4358.0MiB skipped_batches=0
2026-08-18 16:11:48,168 | INFO | epoch=12 batch=350 global_step=3548 loss_reg_months=4.9673 lr=0.00015531 grad_norm=1.9449 throughput=18.37 img/s eta_seconds=382.6 gpu_alloc=484.5MiB gpu_reserved=4358.0MiB skipped_batches=0
2026-08-18 16:12:03,583 | INFO | epoch=12 batch=375 global_step=3557 loss_reg_months=4.9712 lr=0.00015531 grad_norm=1.8189 throughput=18.44 img/s eta_seconds=364.9 gpu_alloc=375.7MiB gpu_reserved=4358.0MiB skipped_batches=0
2026-08-18 16:12:19,419 | INFO | epoch=12 batch=400 global_step=3565 loss_reg_months=5.0073 lr=0.00015531 grad_norm=1.1010 throughput=18.47 img/s eta_seconds=348.0 gpu_alloc=484.5MiB gpu_reserved=4358.0MiB skipped_batches=0
2026-08-18 16:12:35,152 | INFO | epoch=12 batch=425 global_step=3573 loss_reg_months=5.0507 lr=0.00015531 grad_norm=2.4732 throughput=18.51 img/s eta_seconds=331.2 gpu_alloc=484.5MiB gpu_reserved=4358.0MiB skipped_batches=0
2026-08-18 16:12:50,843 | INFO | epoch=12 batch=450 global_step=3582 loss_reg_months=5.0620 lr=0.00015531 grad_norm=1.0336 throughput=18.54 img/s eta_seconds=314.4 gpu_alloc=375.7MiB gpu_reserved=4358.0MiB skipped_batches=0
2026-08-18 16:13:07,256 | INFO | epoch=12 batch=475 global_step=3590 loss_reg_months=5.0515 lr=0.00015531 grad_norm=1.2752 throughput=18.52 img/s eta_seconds=298.5 gpu_alloc=484.5MiB gpu_reserved=4358.0MiB skipped_batches=0
2026-08-18 16:13:22,458 | INFO | epoch=12 batch=500 global_step=3598 loss_reg_months=5.0462 lr=0.00015531 grad_norm=1.4949 throughput=18.58 img/s eta_seconds=281.4 gpu_alloc=484.5MiB gpu_reserved=4358.0MiB skipped_batches=0
2026-08-18 16:13:38,831 | INFO | epoch=12 batch=525 global_step=3607 loss_reg_months=5.0594 lr=0.00015531 grad_norm=1.0222 throughput=18.57 img/s eta_seconds=265.4 gpu_alloc=375.7MiB gpu_reserved=4358.0MiB skipped_batches=0
2026-08-18 16:13:53,906 | INFO | epoch=12 batch=550 global_step=3615 loss_reg_months=5.0530 lr=0.00015531 grad_norm=1.1456 throughput=18.63 img/s eta_seconds=248.5 gpu_alloc=484.5MiB gpu_reserved=4358.0MiB skipped_batches=0
2026-08-18 16:14:10,124 | INFO | epoch=12 batch=575 global_step=3623 loss_reg_months=5.0461 lr=0.00015531 grad_norm=1.8261 throughput=18.62 img/s eta_seconds=232.5 gpu_alloc=484.5MiB gpu_reserved=4358.0MiB skipped_batches=0
2026-08-18 16:14:26,634 | INFO | epoch=12 batch=600 global_step=3632 loss_reg_months=5.0418 lr=0.00015531 grad_norm=1.4336 throughput=18.60 img/s eta_seconds=216.6 gpu_alloc=375.7MiB gpu_reserved=4358.0MiB skipped_batches=0
2026-08-18 16:14:42,875 | INFO | epoch=12 batch=625 global_step=3640 loss_reg_months=5.0225 lr=0.00015531 grad_norm=1.1354 throughput=18.60 img/s eta_seconds=200.5 gpu_alloc=484.5MiB gpu_reserved=4358.0MiB skipped_batches=0
2026-08-18 16:14:58,877 | INFO | epoch=12 batch=650 global_step=3648 loss_reg_months=5.0169 lr=0.00015531 grad_norm=1.1239 throughput=18.60 img/s eta_seconds=184.3 gpu_alloc=484.5MiB gpu_reserved=4358.0MiB skipped_batches=0
2026-08-18 16:15:15,351 | INFO | epoch=12 batch=675 global_step=3657 loss_reg_months=5.0103 lr=0.00015531 grad_norm=1.0912 throughput=18.59 img/s eta_seconds=168.3 gpu_alloc=375.7MiB gpu_reserved=4358.0MiB skipped_batches=0
2026-08-18 16:15:33,733 | INFO | epoch=12 batch=700 global_step=3665 loss_reg_months=4.9971 lr=0.00015531 grad_norm=1.5416 throughput=18.50 img/s eta_seconds=153.0 gpu_alloc=484.5MiB gpu_reserved=4358.0MiB skipped_batches=0
2026-08-18 16:15:49,923 | INFO | epoch=12 batch=725 global_step=3673 loss_reg_months=5.0040 lr=0.00015531 grad_norm=1.2384 throughput=18.50 img/s eta_seconds=136.7 gpu_alloc=484.5MiB gpu_reserved=4358.0MiB skipped_batches=0
2026-08-18 16:16:05,675 | INFO | epoch=12 batch=750 global_step=3682 loss_reg_months=5.0010 lr=0.00015531 grad_norm=1.4663 throughput=18.51 img/s eta_seconds=120.4 gpu_alloc=375.7MiB gpu_reserved=4358.0MiB skipped_batches=0
2026-08-18 16:16:21,837 | INFO | epoch=12 batch=775 global_step=3690 loss_reg_months=4.9752 lr=0.00015531 grad_norm=1.2314 throughput=18.52 img/s eta_seconds=104.2 gpu_alloc=484.5MiB gpu_reserved=4358.0MiB skipped_batches=0
2026-08-18 16:16:37,544 | INFO | epoch=12 batch=800 global_step=3698 loss_reg_months=4.9694 lr=0.00015531 grad_norm=0.9309 throughput=18.53 img/s eta_seconds=87.9 gpu_alloc=484.5MiB gpu_reserved=4358.0MiB skipped_batches=0
2026-08-18 16:16:54,018 | INFO | epoch=12 batch=825 global_step=3707 loss_reg_months=4.9608 lr=0.00015531 grad_norm=1.5747 throughput=18.52 img/s eta_seconds=71.7 gpu_alloc=375.7MiB gpu_reserved=4358.0MiB skipped_batches=0
2026-08-18 16:17:10,222 | INFO | epoch=12 batch=850 global_step=3715 loss_reg_months=4.9395 lr=0.00015531 grad_norm=1.0047 throughput=18.52 img/s eta_seconds=55.6 gpu_alloc=484.5MiB gpu_reserved=4358.0MiB skipped_batches=0
2026-08-18 16:17:25,842 | INFO | epoch=12 batch=875 global_step=3723 loss_reg_months=4.9413 lr=0.00015531 grad_norm=1.5654 throughput=18.54 img/s eta_seconds=39.3 gpu_alloc=484.5MiB gpu_reserved=4358.0MiB skipped_batches=0
2026-08-18 16:17:43,119 | INFO | epoch=12 batch=900 global_step=3732 loss_reg_months=4.9346 lr=0.00015531 grad_norm=1.5900 throughput=18.51 img/s eta_seconds=23.2 gpu_alloc=375.7MiB gpu_reserved=4358.0MiB skipped_batches=0
2026-08-18 16:17:57,728 | INFO | epoch=12 batch=925 global_step=3740 loss_reg_months=4.9258 lr=0.00015531 grad_norm=0.9546 throughput=18.56 img/s eta_seconds=7.0 gpu_alloc=484.5MiB gpu_reserved=4358.0MiB skipped_batches=0
2026-08-18 16:20:08,043 | WARNING | STABILITY WARNING [CAM] Prediction vượt nhẹ miền tuổi 0–228: [13.57, 243.00]
2026-08-18 16:20:08,046 | WARNING | STABILITY WARNING [CAM] Validation MAE xấu đi trong khi train loss giảm
2026-08-18 16:20:08,047 | INFO | 
TRAINING REVIEW SNAPSHOT
Run ID / config hash / split hash: P7_FINAL_V3_FOLD_4 / 2d61d8d49b16 / 89f98ca8cf75+01ffce9c7329
Epoch / global step: 12 / 3744
Train loss: 4.9308
Validation MAE / RMSE / median AE: 6.7226 / 8.8989 / 5.3125
MAE nam / nữ / age bins: {'F': 6.860882782101167, 'M': 6.605792132063075} / {'60-119': 7.740725806451613, '120-179': 6.263301182327318, '0-59': 5.887918994413408, '180-228': 7.122459349593496}
Learning rate / peak VRAM: 0.00015531 / 4358.0 MiB
Best epoch / best MAE / epochs không cải thiện: 8 / 6.3488 / 4
Cảnh báo hiện tại: CAM: Prediction vượt nhẹ miền tuổi 0–228: [13.57, 243.00] | CAM: Validation MAE xấu đi trong khi train loss giảm
Checkpoint gần nhất: /content/p7_v3/runs/P7_FINAL_V3_FOLD_4/last.ckpt
Checkpoint tốt nhất: /content/p7_v3/runs/P7_FINAL_V3_FOLD_4/best_mae.ckpt
Đề xuất tự động: THEO DÕI
2026-08-18 16:20:30,759 | INFO | epoch=13 batch=25 global_step=3752 loss_reg_months=4.8115 lr=0.00014765 grad_norm=1.7895 throughput=14.81 img/s eta_seconds=738.2 gpu_alloc=484.5MiB gpu_reserved=4358.0MiB skipped_batches=0
2026-08-18 16:20:48,556 | INFO | epoch=13 batch=50 global_step=3760 loss_reg_months=4.6466 lr=0.00014765 grad_norm=1.4571 throughput=15.76 img/s eta_seconds=674.2 gpu_alloc=484.5MiB gpu_reserved=4358.0MiB skipped_batches=0
2026-08-18 16:21:03,812 | INFO | epoch=13 batch=75 global_step=3769 loss_reg_months=4.6825 lr=0.00014765 grad_norm=1.6090 throughput=16.88 img/s eta_seconds=611.9 gpu_alloc=375.7MiB gpu_reserved=4358.0MiB skipped_batches=0
2026-08-18 16:21:19,535 | INFO | epoch=13 batch=100 global_step=3777 loss_reg_months=4.6818 lr=0.00014765 grad_norm=1.6943 throughput=17.38 img/s eta_seconds=577.0 gpu_alloc=484.5MiB gpu_reserved=4358.0MiB skipped_batches=0
2026-08-18 16:21:34,905 | INFO | epoch=13 batch=125 global_step=3785 loss_reg_months=4.6957 lr=0.00014765 grad_norm=1.2754 throughput=17.77 img/s eta_seconds=547.5 gpu_alloc=484.5MiB gpu_reserved=4358.0MiB skipped_batches=0
2026-08-18 16:21:51,571 | INFO | epoch=13 batch=150 global_step=3794 loss_reg_months=4.6132 lr=0.00014765 grad_norm=1.4675 throughput=17.81 img/s eta_seconds=529.5 gpu_alloc=375.7MiB gpu_reserved=4358.0MiB skipped_batches=0
2026-08-18 16:22:07,377 | INFO | epoch=13 batch=175 global_step=3802 loss_reg_months=4.6369 lr=0.00014765 grad_norm=1.1261 throughput=17.97 img/s eta_seconds=508.1 gpu_alloc=484.5MiB gpu_reserved=4358.0MiB skipped_batches=0
2026-08-18 16:22:23,736 | INFO | epoch=13 batch=200 global_step=3810 loss_reg_months=4.7378 lr=0.00014765 grad_norm=1.6457 throughput=18.01 img/s eta_seconds=490.2 gpu_alloc=484.5MiB gpu_reserved=4358.0MiB skipped_batches=0
2026-08-18 16:22:40,283 | INFO | epoch=13 batch=225 global_step=3819 loss_reg_months=4.7410 lr=0.00014765 grad_norm=0.9990 throughput=18.03 img/s eta_seconds=473.2 gpu_alloc=375.7MiB gpu_reserved=4358.0MiB skipped_batches=0
2026-08-18 16:22:55,701 | INFO | epoch=13 batch=250 global_step=3827 loss_reg_months=4.7033 lr=0.00014765 grad_norm=1.3777 throughput=18.16 img/s eta_seconds=453.1 gpu_alloc=484.5MiB gpu_reserved=4358.0MiB skipped_batches=0
2026-08-18 16:23:11,518 | INFO | epoch=13 batch=275 global_step=3835 loss_reg_months=4.7060 lr=0.00014765 grad_norm=1.2531 throughput=18.23 img/s eta_seconds=434.9 gpu_alloc=484.5MiB gpu_reserved=4358.0MiB skipped_batches=0
2026-08-18 16:23:28,400 | INFO | epoch=13 batch=300 global_step=3844 loss_reg_months=4.7117 lr=0.00014765 grad_norm=1.6313 throughput=18.19 img/s eta_seconds=419.4 gpu_alloc=375.7MiB gpu_reserved=4358.0MiB skipped_batches=0
2026-08-18 16:23:44,664 | INFO | epoch=13 batch=325 global_step=3852 loss_reg_months=4.7317 lr=0.00014765 grad_norm=1.5344 throughput=18.21 img/s eta_seconds=402.5 gpu_alloc=484.5MiB gpu_reserved=4358.0MiB skipped_batches=0
2026-08-18 16:24:01,808 | INFO | epoch=13 batch=350 global_step=3860 loss_reg_months=4.7354 lr=0.00014765 grad_norm=2.1980 throughput=18.16 img/s eta_seconds=387.1 gpu_alloc=484.5MiB gpu_reserved=4358.0MiB skipped_batches=0
2026-08-18 16:24:17,436 | INFO | epoch=13 batch=375 global_step=3869 loss_reg_months=4.7548 lr=0.00014765 grad_norm=1.6362 throughput=18.22 img/s eta_seconds=369.2 gpu_alloc=375.7MiB gpu_reserved=4358.0MiB skipped_batches=0
2026-08-18 16:24:34,822 | INFO | epoch=13 batch=400 global_step=3877 loss_reg_months=4.7517 lr=0.00014765 grad_norm=1.7703 throughput=18.16 img/s eta_seconds=354.0 gpu_alloc=484.5MiB gpu_reserved=4358.0MiB skipped_batches=0
2026-08-18 16:24:50,170 | INFO | epoch=13 batch=425 global_step=3885 loss_reg_months=4.7553 lr=0.00014765 grad_norm=1.4130 throughput=18.24 img/s eta_seconds=336.1 gpu_alloc=484.5MiB gpu_reserved=4358.0MiB skipped_batches=0
2026-08-18 16:25:05,698 | INFO | epoch=13 batch=450 global_step=3894 loss_reg_months=4.7506 lr=0.00014765 grad_norm=1.7111 throughput=18.29 img/s eta_seconds=318.7 gpu_alloc=375.7MiB gpu_reserved=4358.0MiB skipped_batches=0
2026-08-18 16:25:21,690 | INFO | epoch=13 batch=475 global_step=3902 loss_reg_months=4.7692 lr=0.00014765 grad_norm=1.0185 throughput=18.32 img/s eta_seconds=301.9 gpu_alloc=484.5MiB gpu_reserved=4358.0MiB skipped_batches=0
2026-08-18 16:25:38,681 | INFO | epoch=13 batch=500 global_step=3910 loss_reg_months=4.7454 lr=0.00014765 grad_norm=0.9903 throughput=18.28 img/s eta_seconds=286.0 gpu_alloc=484.5MiB gpu_reserved=4358.0MiB skipped_batches=0
2026-08-18 16:25:54,641 | INFO | epoch=13 batch=525 global_step=3919 loss_reg_months=4.7764 lr=0.00014765 grad_norm=1.2843 throughput=18.31 img/s eta_seconds=269.3 gpu_alloc=375.7MiB gpu_reserved=4358.0MiB skipped_batches=0
2026-08-18 16:26:09,883 | INFO | epoch=13 batch=550 global_step=3927 loss_reg_months=4.7860 lr=0.00014765 grad_norm=1.1172 throughput=18.36 img/s eta_seconds=252.1 gpu_alloc=484.5MiB gpu_reserved=4358.0MiB skipped_batches=0
2026-08-18 16:26:24,915 | INFO | epoch=13 batch=575 global_step=3935 loss_reg_months=4.7850 lr=0.00014765 grad_norm=1.4788 throughput=18.43 img/s eta_seconds=234.9 gpu_alloc=484.5MiB gpu_reserved=4358.0MiB skipped_batches=0
2026-08-18 16:26:41,103 | INFO | epoch=13 batch=600 global_step=3944 loss_reg_months=4.7899 lr=0.00014765 grad_norm=1.6963 throughput=18.43 img/s eta_seconds=218.6 gpu_alloc=375.7MiB gpu_reserved=4358.0MiB skipped_batches=0
2026-08-18 16:26:56,945 | INFO | epoch=13 batch=625 global_step=3952 loss_reg_months=4.7951 lr=0.00014765 grad_norm=1.2674 throughput=18.45 img/s eta_seconds=202.1 gpu_alloc=484.5MiB gpu_reserved=4358.0MiB skipped_batches=0
2026-08-18 16:27:12,445 | INFO | epoch=13 batch=650 global_step=3960 loss_reg_months=4.7836 lr=0.00014765 grad_norm=1.0208 throughput=18.49 img/s eta_seconds=185.5 gpu_alloc=484.5MiB gpu_reserved=4358.0MiB skipped_batches=0
2026-08-18 16:27:28,862 | INFO | epoch=13 batch=675 global_step=3969 loss_reg_months=4.7766 lr=0.00014765 grad_norm=1.8480 throughput=18.48 img/s eta_seconds=169.3 gpu_alloc=375.7MiB gpu_reserved=4358.0MiB skipped_batches=0
2026-08-18 16:27:44,884 | INFO | epoch=13 batch=700 global_step=3977 loss_reg_months=4.7910 lr=0.00014765 grad_norm=1.3678 throughput=18.49 img/s eta_seconds=153.0 gpu_alloc=484.5MiB gpu_reserved=4358.0MiB skipped_batches=0
2026-08-18 16:28:02,919 | INFO | epoch=13 batch=725 global_step=3985 loss_reg_months=4.7933 lr=0.00014765 grad_norm=1.4282 throughput=18.42 img/s eta_seconds=137.3 gpu_alloc=484.5MiB gpu_reserved=4358.0MiB skipped_batches=0
2026-08-18 16:28:18,837 | INFO | epoch=13 batch=750 global_step=3994 loss_reg_months=4.8081 lr=0.00014765 grad_norm=1.4692 throughput=18.43 img/s eta_seconds=120.9 gpu_alloc=375.7MiB gpu_reserved=4358.0MiB skipped_batches=0
2026-08-18 16:28:38,327 | INFO | epoch=13 batch=775 global_step=4002 loss_reg_months=4.8329 lr=0.00014765 grad_norm=1.1692 throughput=18.31 img/s eta_seconds=105.3 gpu_alloc=484.5MiB gpu_reserved=4358.0MiB skipped_batches=0
2026-08-18 16:28:53,692 | INFO | epoch=13 batch=800 global_step=4010 loss_reg_months=4.8555 lr=0.00014765 grad_norm=1.4533 throughput=18.35 img/s eta_seconds=88.8 gpu_alloc=484.5MiB gpu_reserved=4358.0MiB skipped_batches=0
2026-08-18 16:29:09,495 | INFO | epoch=13 batch=825 global_step=4019 loss_reg_months=4.8570 lr=0.00014765 grad_norm=1.1920 throughput=18.37 img/s eta_seconds=72.4 gpu_alloc=375.7MiB gpu_reserved=4358.0MiB skipped_batches=0
2026-08-18 16:29:25,680 | INFO | epoch=13 batch=850 global_step=4027 loss_reg_months=4.8374 lr=0.00014765 grad_norm=0.8743 throughput=18.37 img/s eta_seconds=56.0 gpu_alloc=484.5MiB gpu_reserved=4358.0MiB skipped_batches=0
2026-08-18 16:29:41,827 | INFO | epoch=13 batch=875 global_step=4035 loss_reg_months=4.8268 lr=0.00014765 grad_norm=2.1679 throughput=18.38 img/s eta_seconds=39.7 gpu_alloc=484.5MiB gpu_reserved=4358.0MiB skipped_batches=0
2026-08-18 16:29:58,091 | INFO | epoch=13 batch=900 global_step=4044 loss_reg_months=4.8268 lr=0.00014765 grad_norm=1.2537 throughput=18.38 img/s eta_seconds=23.3 gpu_alloc=375.7MiB gpu_reserved=4358.0MiB skipped_batches=0
2026-08-18 16:30:15,622 | INFO | epoch=13 batch=925 global_step=4052 loss_reg_months=4.8202 lr=0.00014765 grad_norm=1.1197 throughput=18.34 img/s eta_seconds=7.0 gpu_alloc=484.5MiB gpu_reserved=4358.0MiB skipped_batches=0
2026-08-18 16:32:23,408 | INFO | 
TRAINING REVIEW SNAPSHOT
Run ID / config hash / split hash: P7_FINAL_V3_FOLD_4 / 2d61d8d49b16 / 89f98ca8cf75+01ffce9c7329
Epoch / global step: 13 / 4056
Train loss: 4.8133
Validation MAE / RMSE / median AE: 6.3951 / 8.6071 / 4.8125
MAE nam / nữ / age bins: {'F': 6.618233219844358, 'M': 6.206677069645203} / {'60-119': 7.308064516129032, '120-179': 6.113254511512134, '0-59': 5.428727304469274, '180-228': 6.063008130081301}
Learning rate / peak VRAM: 0.00014765 / 4358.0 MiB
Best epoch / best MAE / epochs không cải thiện: 8 / 6.3488 / 5
Cảnh báo hiện tại: KHÔNG
Checkpoint gần nhất: /content/p7_v3/runs/P7_FINAL_V3_FOLD_4/last.ckpt
Checkpoint tốt nhất: /content/p7_v3/runs/P7_FINAL_V3_FOLD_4/best_mae.ckpt
Đề xuất tự động: TIẾP TỤC
2026-08-18 16:32:52,838 | INFO | epoch=14 batch=25 global_step=4064 loss_reg_months=4.8497 lr=0.00013961 grad_norm=1.4197 throughput=16.89 img/s eta_seconds=647.2 gpu_alloc=484.5MiB gpu_reserved=4358.0MiB skipped_batches=0
2026-08-18 16:33:08,237 | INFO | epoch=14 batch=50 global_step=4072 loss_reg_months=4.8639 lr=0.00013961 grad_norm=1.7934 throughput=18.09 img/s eta_seconds=587.5 gpu_alloc=484.5MiB gpu_reserved=4358.0MiB skipped_batches=0
2026-08-18 16:33:24,081 | INFO | epoch=14 batch=75 global_step=4081 loss_reg_months=4.8696 lr=0.00013961 grad_norm=1.3365 throughput=18.36 img/s eta_seconds=562.5 gpu_alloc=375.7MiB gpu_reserved=4358.0MiB skipped_batches=0
2026-08-18 16:33:39,508 | INFO | epoch=14 batch=100 global_step=4089 loss_reg_months=4.9531 lr=0.00013961 grad_norm=1.4978 throughput=18.62 img/s eta_seconds=538.5 gpu_alloc=484.5MiB gpu_reserved=4358.0MiB skipped_batches=0
2026-08-18 16:33:54,734 | INFO | epoch=14 batch=125 global_step=4097 loss_reg_months=4.8871 lr=0.00013961 grad_norm=1.4480 throughput=18.83 img/s eta_seconds=516.7 gpu_alloc=484.5MiB gpu_reserved=4358.0MiB skipped_batches=0
2026-08-18 16:34:10,202 | INFO | epoch=14 batch=150 global_step=4106 loss_reg_months=4.8389 lr=0.00013961 grad_norm=1.4048 throughput=18.92 img/s eta_seconds=498.3 gpu_alloc=375.7MiB gpu_reserved=4358.0MiB skipped_batches=0
2026-08-18 16:34:25,770 | INFO | epoch=14 batch=175 global_step=4114 loss_reg_months=4.8690 lr=0.00013961 grad_norm=1.1419 throughput=18.97 img/s eta_seconds=481.2 gpu_alloc=484.5MiB gpu_reserved=4358.0MiB skipped_batches=0
2026-08-18 16:34:41,420 | INFO | epoch=14 batch=200 global_step=4122 loss_reg_months=4.8395 lr=0.00013961 grad_norm=1.5502 throughput=19.00 img/s eta_seconds=464.8 gpu_alloc=484.5MiB gpu_reserved=4358.0MiB skipped_batches=0
2026-08-18 16:34:56,552 | INFO | epoch=14 batch=225 global_step=4131 loss_reg_months=4.7366 lr=0.00013961 grad_norm=1.2065 throughput=19.08 img/s eta_seconds=446.9 gpu_alloc=375.7MiB gpu_reserved=4358.0MiB skipped_batches=0
2026-08-18 16:35:12,166 | INFO | epoch=14 batch=250 global_step=4139 loss_reg_months=4.7047 lr=0.00013961 grad_norm=1.3514 throughput=19.10 img/s eta_seconds=430.9 gpu_alloc=484.5MiB gpu_reserved=4358.0MiB skipped_batches=0
2026-08-18 16:35:27,786 | INFO | epoch=14 batch=275 global_step=4147 loss_reg_months=4.6646 lr=0.00013961 grad_norm=1.2346 throughput=19.11 img/s eta_seconds=415.0 gpu_alloc=484.5MiB gpu_reserved=4358.0MiB skipped_batches=0
2026-08-18 16:35:46,506 | INFO | epoch=14 batch=300 global_step=4156 loss_reg_months=4.6850 lr=0.00013961 grad_norm=2.1771 throughput=18.81 img/s eta_seconds=405.7 gpu_alloc=375.7MiB gpu_reserved=4358.0MiB skipped_batches=0
2026-08-18 16:36:01,619 | INFO | epoch=14 batch=325 global_step=4164 loss_reg_months=4.6922 lr=0.00013961 grad_norm=2.1528 throughput=18.88 img/s eta_seconds=388.1 gpu_alloc=484.5MiB gpu_reserved=4358.0MiB skipped_batches=0
2026-08-18 16:36:17,552 | INFO | epoch=14 batch=350 global_step=4172 loss_reg_months=4.7302 lr=0.00013961 grad_norm=1.6362 throughput=18.88 img/s eta_seconds=372.3 gpu_alloc=484.5MiB gpu_reserved=4358.0MiB skipped_batches=0
2026-08-18 16:36:34,130 | INFO | epoch=14 batch=375 global_step=4181 loss_reg_months=4.7258 lr=0.00013961 grad_norm=2.0064 throughput=18.82 img/s eta_seconds=357.5 gpu_alloc=375.7MiB gpu_reserved=4358.0MiB skipped_batches=0
2026-08-18 16:36:50,731 | INFO | epoch=14 batch=400 global_step=4189 loss_reg_months=4.7333 lr=0.00013961 grad_norm=1.9080 throughput=18.78 img/s eta_seconds=342.4 gpu_alloc=484.5MiB gpu_reserved=4358.0MiB skipped_batches=0
2026-08-18 16:37:05,541 | INFO | epoch=14 batch=425 global_step=4197 loss_reg_months=4.7242 lr=0.00013961 grad_norm=1.1566 throughput=18.86 img/s eta_seconds=325.0 gpu_alloc=484.5MiB gpu_reserved=4358.0MiB skipped_batches=0
2026-08-18 16:37:20,898 | INFO | epoch=14 batch=450 global_step=4206 loss_reg_months=4.7120 lr=0.00013961 grad_norm=2.5365 throughput=18.89 img/s eta_seconds=308.5 gpu_alloc=375.7MiB gpu_reserved=4358.0MiB skipped_batches=0
2026-08-18 16:37:43,821 | INFO | epoch=14 batch=475 global_step=4214 loss_reg_months=4.7088 lr=0.00013961 grad_norm=1.2572 throughput=18.46 img/s eta_seconds=299.5 gpu_alloc=484.5MiB gpu_reserved=4358.0MiB skipped_batches=0
2026-08-18 16:37:58,518 | INFO | epoch=14 batch=500 global_step=4222 loss_reg_months=4.7280 lr=0.00013961 grad_norm=1.2031 throughput=18.55 img/s eta_seconds=281.9 gpu_alloc=484.5MiB gpu_reserved=4358.0MiB skipped_batches=0
2026-08-18 16:38:15,207 | INFO | epoch=14 batch=525 global_step=4231 loss_reg_months=4.7059 lr=0.00013961 grad_norm=1.1541 throughput=18.52 img/s eta_seconds=266.1 gpu_alloc=375.7MiB gpu_reserved=4358.0MiB skipped_batches=0
2026-08-18 16:38:31,276 | INFO | epoch=14 batch=550 global_step=4239 loss_reg_months=4.7095 lr=0.00013961 grad_norm=1.6440 throughput=18.53 img/s eta_seconds=249.8 gpu_alloc=484.5MiB gpu_reserved=4358.0MiB skipped_batches=0
2026-08-18 16:38:47,077 | INFO | epoch=14 batch=575 global_step=4247 loss_reg_months=4.7167 lr=0.00013961 grad_norm=1.0735 throughput=18.55 img/s eta_seconds=233.4 gpu_alloc=484.5MiB gpu_reserved=4358.0MiB skipped_batches=0
2026-08-18 16:39:09,127 | INFO | epoch=14 batch=600 global_step=4256 loss_reg_months=4.7195 lr=0.00013961 grad_norm=1.4475 throughput=18.27 img/s eta_seconds=220.5 gpu_alloc=375.7MiB gpu_reserved=4358.0MiB skipped_batches=0
2026-08-18 16:39:25,216 | INFO | epoch=14 batch=625 global_step=4264 loss_reg_months=4.7225 lr=0.00013961 grad_norm=1.2674 throughput=18.29 img/s eta_seconds=203.9 gpu_alloc=484.5MiB gpu_reserved=4358.0MiB skipped_batches=0
2026-08-18 16:39:40,521 | INFO | epoch=14 batch=650 global_step=4272 loss_reg_months=4.7086 lr=0.00013961 grad_norm=1.7200 throughput=18.33 img/s eta_seconds=187.0 gpu_alloc=484.5MiB gpu_reserved=4358.0MiB skipped_batches=0
2026-08-18 16:39:56,121 | INFO | epoch=14 batch=675 global_step=4281 loss_reg_months=4.7062 lr=0.00013961 grad_norm=1.1250 throughput=18.37 img/s eta_seconds=170.4 gpu_alloc=375.7MiB gpu_reserved=4358.0MiB skipped_batches=0
2026-08-18 16:40:11,353 | INFO | epoch=14 batch=700 global_step=4289 loss_reg_months=4.7058 lr=0.00013961 grad_norm=1.5652 throughput=18.41 img/s eta_seconds=153.7 gpu_alloc=484.5MiB gpu_reserved=4358.0MiB skipped_batches=0
2026-08-18 16:40:27,250 | INFO | epoch=14 batch=725 global_step=4297 loss_reg_months=4.7133 lr=0.00013961 grad_norm=1.0627 throughput=18.43 img/s eta_seconds=137.3 gpu_alloc=484.5MiB gpu_reserved=4358.0MiB skipped_batches=0
2026-08-18 16:40:42,232 | INFO | epoch=14 batch=750 global_step=4306 loss_reg_months=4.7230 lr=0.00013961 grad_norm=1.7318 throughput=18.47 img/s eta_seconds=120.7 gpu_alloc=375.7MiB gpu_reserved=4358.0MiB skipped_batches=0
2026-08-18 16:40:57,862 | INFO | epoch=14 batch=775 global_step=4314 loss_reg_months=4.7239 lr=0.00013961 grad_norm=2.6965 throughput=18.50 img/s eta_seconds=104.3 gpu_alloc=484.5MiB gpu_reserved=4358.0MiB skipped_batches=0
2026-08-18 16:41:13,437 | INFO | epoch=14 batch=800 global_step=4322 loss_reg_months=4.7137 lr=0.00013961 grad_norm=2.0998 throughput=18.52 img/s eta_seconds=88.0 gpu_alloc=484.5MiB gpu_reserved=4358.0MiB skipped_batches=0
2026-08-18 16:41:31,344 | INFO | epoch=14 batch=825 global_step=4331 loss_reg_months=4.7268 lr=0.00013961 grad_norm=1.5853 throughput=18.46 img/s eta_seconds=72.0 gpu_alloc=375.7MiB gpu_reserved=4358.0MiB skipped_batches=0
2026-08-18 16:41:46,713 | INFO | epoch=14 batch=850 global_step=4339 loss_reg_months=4.7200 lr=0.00013961 grad_norm=1.5108 throughput=18.49 img/s eta_seconds=55.7 gpu_alloc=484.5MiB gpu_reserved=4358.0MiB skipped_batches=0
2026-08-18 16:42:02,273 | INFO | epoch=14 batch=875 global_step=4347 loss_reg_months=4.7268 lr=0.00013961 grad_norm=1.0267 throughput=18.51 img/s eta_seconds=39.4 gpu_alloc=484.5MiB gpu_reserved=4358.0MiB skipped_batches=0
2026-08-18 16:42:17,209 | INFO | epoch=14 batch=900 global_step=4356 loss_reg_months=4.7105 lr=0.00013961 grad_norm=1.2221 throughput=18.55 img/s eta_seconds=23.1 gpu_alloc=375.7MiB gpu_reserved=4358.0MiB skipped_batches=0
2026-08-18 16:42:32,054 | INFO | epoch=14 batch=925 global_step=4364 loss_reg_months=4.7053 lr=0.00013961 grad_norm=1.9639 throughput=18.59 img/s eta_seconds=6.9 gpu_alloc=484.5MiB gpu_reserved=4358.0MiB skipped_batches=0
2026-08-18 16:44:39,818 | WARNING | STABILITY WARNING [CAM] Validation MAE xấu đi trong khi train loss giảm
2026-08-18 16:44:39,819 | INFO | 
TRAINING REVIEW SNAPSHOT
Run ID / config hash / split hash: P7_FINAL_V3_FOLD_4 / 2d61d8d49b16 / 89f98ca8cf75+01ffce9c7329
Epoch / global step: 14 / 4368
Train loss: 4.7130
Validation MAE / RMSE / median AE: 6.7553 / 9.1056 / 5.1875
MAE nam / nữ / age bins: {'F': 6.746121108949416, 'M': 6.762981479960578} / {'60-119': 7.503145161290322, '120-179': 6.4893434971997515, '0-59': 4.923664455307263, '180-228': 7.46900406504065}
Learning rate / peak VRAM: 0.00013961 / 4358.0 MiB
Best epoch / best MAE / epochs không cải thiện: 8 / 6.3488 / 6
Cảnh báo hiện tại: CAM: Validation MAE xấu đi trong khi train loss giảm
Checkpoint gần nhất: /content/p7_v3/runs/P7_FINAL_V3_FOLD_4/last.ckpt
Checkpoint tốt nhất: /content/p7_v3/runs/P7_FINAL_V3_FOLD_4/best_mae.ckpt
Đề xuất tự động: THEO DÕI
2026-08-18 16:45:09,950 | INFO | epoch=15 batch=25 global_step=4376 loss_reg_months=4.5679 lr=0.00013125 grad_norm=1.5939 throughput=16.92 img/s eta_seconds=645.8 gpu_alloc=484.5MiB gpu_reserved=4358.0MiB skipped_batches=0
2026-08-18 16:45:25,943 | INFO | epoch=15 batch=50 global_step=4384 loss_reg_months=4.6854 lr=0.00013125 grad_norm=1.1810 throughput=17.79 img/s eta_seconds=597.4 gpu_alloc=484.5MiB gpu_reserved=4358.0MiB skipped_batches=0
2026-08-18 16:45:41,448 | INFO | epoch=15 batch=75 global_step=4393 loss_reg_months=4.6524 lr=0.00013125 grad_norm=1.3573 throughput=18.28 img/s eta_seconds=565.0 gpu_alloc=375.7MiB gpu_reserved=4358.0MiB skipped_batches=0
2026-08-18 16:45:58,881 | INFO | epoch=15 batch=100 global_step=4401 loss_reg_months=4.7043 lr=0.00013125 grad_norm=1.2118 throughput=18.00 img/s eta_seconds=557.0 gpu_alloc=484.5MiB gpu_reserved=4358.0MiB skipped_batches=0
2026-08-18 16:46:14,290 | INFO | epoch=15 batch=125 global_step=4409 loss_reg_months=4.6758 lr=0.00013125 grad_norm=1.9811 throughput=18.28 img/s eta_seconds=532.3 gpu_alloc=484.5MiB gpu_reserved=4358.0MiB skipped_batches=0
2026-08-18 16:46:30,424 | INFO | epoch=15 batch=150 global_step=4418 loss_reg_months=4.7926 lr=0.00013125 grad_norm=2.2293 throughput=18.33 img/s eta_seconds=514.4 gpu_alloc=375.7MiB gpu_reserved=4358.0MiB skipped_batches=0
2026-08-18 16:46:47,171 | INFO | epoch=15 batch=175 global_step=4426 loss_reg_months=4.7787 lr=0.00013125 grad_norm=1.5497 throughput=18.27 img/s eta_seconds=499.7 gpu_alloc=484.5MiB gpu_reserved=4358.0MiB skipped_batches=0
2026-08-18 16:47:04,095 | INFO | epoch=15 batch=200 global_step=4434 loss_reg_months=4.7593 lr=0.00013125 grad_norm=1.1891 throughput=18.20 img/s eta_seconds=485.1 gpu_alloc=484.5MiB gpu_reserved=4358.0MiB skipped_batches=0
2026-08-18 16:47:19,501 | INFO | epoch=15 batch=225 global_step=4443 loss_reg_months=4.8101 lr=0.00013125 grad_norm=1.4518 throughput=18.33 img/s eta_seconds=465.2 gpu_alloc=375.7MiB gpu_reserved=4358.0MiB skipped_batches=0
2026-08-18 16:47:35,340 | INFO | epoch=15 batch=250 global_step=4451 loss_reg_months=4.7620 lr=0.00013125 grad_norm=1.2109 throughput=18.39 img/s eta_seconds=447.4 gpu_alloc=484.5MiB gpu_reserved=4358.0MiB skipped_batches=0
2026-08-18 16:47:51,438 | INFO | epoch=15 batch=275 global_step=4459 loss_reg_months=4.7932 lr=0.00013125 grad_norm=2.4062 throughput=18.41 img/s eta_seconds=430.6 gpu_alloc=484.5MiB gpu_reserved=4358.0MiB skipped_batches=0
2026-08-18 16:48:07,453 | INFO | epoch=15 batch=300 global_step=4468 loss_reg_months=4.8079 lr=0.00013125 grad_norm=1.4689 throughput=18.44 img/s eta_seconds=413.7 gpu_alloc=375.7MiB gpu_reserved=4358.0MiB skipped_batches=0
2026-08-18 16:48:23,079 | INFO | epoch=15 batch=325 global_step=4476 loss_reg_months=4.7826 lr=0.00013125 grad_norm=1.5055 throughput=18.50 img/s eta_seconds=396.3 gpu_alloc=484.5MiB gpu_reserved=4358.0MiB skipped_batches=0
2026-08-18 16:48:39,619 | INFO | epoch=15 batch=350 global_step=4484 loss_reg_months=4.7549 lr=0.00013125 grad_norm=1.0989 throughput=18.47 img/s eta_seconds=380.6 gpu_alloc=484.5MiB gpu_reserved=4358.0MiB skipped_batches=0
2026-08-18 16:48:55,462 | INFO | epoch=15 batch=375 global_step=4493 loss_reg_months=4.7330 lr=0.00013125 grad_norm=1.2054 throughput=18.50 img/s eta_seconds=363.7 gpu_alloc=375.7MiB gpu_reserved=4358.0MiB skipped_batches=0
2026-08-18 16:49:12,901 | INFO | epoch=15 batch=400 global_step=4501 loss_reg_months=4.6993 lr=0.00013125 grad_norm=1.2740 throughput=18.41 img/s eta_seconds=349.1 gpu_alloc=484.5MiB gpu_reserved=4358.0MiB skipped_batches=0
2026-08-18 16:49:27,844 | INFO | epoch=15 batch=425 global_step=4509 loss_reg_months=4.6725 lr=0.00013125 grad_norm=1.0083 throughput=18.50 img/s eta_seconds=331.2 gpu_alloc=484.5MiB gpu_reserved=4358.0MiB skipped_batches=0
2026-08-18 16:49:43,940 | INFO | epoch=15 batch=450 global_step=4518 loss_reg_months=4.6552 lr=0.00013125 grad_norm=1.2073 throughput=18.51 img/s eta_seconds=314.9 gpu_alloc=375.7MiB gpu_reserved=4358.0MiB skipped_batches=0
2026-08-18 16:50:00,223 | INFO | epoch=15 batch=475 global_step=4526 loss_reg_months=4.6664 lr=0.00013125 grad_norm=1.5834 throughput=18.51 img/s eta_seconds=298.8 gpu_alloc=484.5MiB gpu_reserved=4358.0MiB skipped_batches=0
2026-08-18 16:50:15,959 | INFO | epoch=15 batch=500 global_step=4534 loss_reg_months=4.6800 lr=0.00013125 grad_norm=1.3807 throughput=18.53 img/s eta_seconds=282.1 gpu_alloc=484.5MiB gpu_reserved=4358.0MiB skipped_batches=0
2026-08-18 16:50:32,091 | INFO | epoch=15 batch=525 global_step=4543 loss_reg_months=4.6743 lr=0.00013125 grad_norm=1.4267 throughput=18.54 img/s eta_seconds=265.9 gpu_alloc=375.7MiB gpu_reserved=4358.0MiB skipped_batches=0
2026-08-18 16:50:49,799 | INFO | epoch=15 batch=550 global_step=4551 loss_reg_months=4.6794 lr=0.00013125 grad_norm=1.5647 throughput=18.46 img/s eta_seconds=250.8 gpu_alloc=484.5MiB gpu_reserved=4358.0MiB skipped_batches=0
2026-08-18 16:51:05,702 | INFO | epoch=15 batch=575 global_step=4559 loss_reg_months=4.6786 lr=0.00013125 grad_norm=1.5710 throughput=18.47 img/s eta_seconds=234.3 gpu_alloc=484.5MiB gpu_reserved=4358.0MiB skipped_batches=0
2026-08-18 16:51:21,232 | INFO | epoch=15 batch=600 global_step=4568 loss_reg_months=4.6697 lr=0.00013125 grad_norm=1.0225 throughput=18.51 img/s eta_seconds=217.7 gpu_alloc=375.7MiB gpu_reserved=4358.0MiB skipped_batches=0
2026-08-18 16:51:37,865 | INFO | epoch=15 batch=625 global_step=4576 loss_reg_months=4.6574 lr=0.00013125 grad_norm=1.3605 throughput=18.49 img/s eta_seconds=201.7 gpu_alloc=484.5MiB gpu_reserved=4358.0MiB skipped_batches=0
2026-08-18 16:51:57,887 | INFO | epoch=15 batch=650 global_step=4584 loss_reg_months=4.6559 lr=0.00013125 grad_norm=1.0700 throughput=18.32 img/s eta_seconds=187.1 gpu_alloc=484.5MiB gpu_reserved=4358.0MiB skipped_batches=0
2026-08-18 16:52:13,589 | INFO | epoch=15 batch=675 global_step=4593 loss_reg_months=4.6676 lr=0.00013125 grad_norm=1.6289 throughput=18.35 img/s eta_seconds=170.5 gpu_alloc=375.7MiB gpu_reserved=4358.0MiB skipped_batches=0
2026-08-18 16:52:29,713 | INFO | epoch=15 batch=700 global_step=4601 loss_reg_months=4.6445 lr=0.00013125 grad_norm=0.9927 throughput=18.36 img/s eta_seconds=154.1 gpu_alloc=484.5MiB gpu_reserved=4358.0MiB skipped_batches=0
2026-08-18 16:52:45,998 | INFO | epoch=15 batch=725 global_step=4609 loss_reg_months=4.6508 lr=0.00013125 grad_norm=1.8198 throughput=18.36 img/s eta_seconds=137.7 gpu_alloc=484.5MiB gpu_reserved=4358.0MiB skipped_batches=0
2026-08-18 16:53:00,952 | INFO | epoch=15 batch=750 global_step=4618 loss_reg_months=4.6491 lr=0.00013125 grad_norm=1.7735 throughput=18.42 img/s eta_seconds=121.0 gpu_alloc=375.7MiB gpu_reserved=4358.0MiB skipped_batches=0
2026-08-18 16:53:18,076 | INFO | epoch=15 batch=775 global_step=4626 loss_reg_months=4.6491 lr=0.00013125 grad_norm=1.0538 throughput=18.38 img/s eta_seconds=104.9 gpu_alloc=484.5MiB gpu_reserved=4358.0MiB skipped_batches=0
2026-08-18 16:53:35,684 | INFO | epoch=15 batch=800 global_step=4634 loss_reg_months=4.6840 lr=0.00013125 grad_norm=1.9000 throughput=18.34 img/s eta_seconds=88.8 gpu_alloc=484.5MiB gpu_reserved=4358.0MiB skipped_batches=0
2026-08-18 16:53:51,615 | INFO | epoch=15 batch=825 global_step=4643 loss_reg_months=4.6673 lr=0.00013125 grad_norm=1.7496 throughput=18.35 img/s eta_seconds=72.4 gpu_alloc=375.7MiB gpu_reserved=4358.0MiB skipped_batches=0
2026-08-18 16:54:07,132 | INFO | epoch=15 batch=850 global_step=4651 loss_reg_months=4.6758 lr=0.00013125 grad_norm=1.3154 throughput=18.38 img/s eta_seconds=56.0 gpu_alloc=484.5MiB gpu_reserved=4358.0MiB skipped_batches=0
2026-08-18 16:54:25,018 | INFO | epoch=15 batch=875 global_step=4659 loss_reg_months=4.6906 lr=0.00013125 grad_norm=1.9485 throughput=18.33 img/s eta_seconds=39.8 gpu_alloc=484.5MiB gpu_reserved=4358.0MiB skipped_batches=0
2026-08-18 16:54:41,596 | INFO | epoch=15 batch=900 global_step=4668 loss_reg_months=4.6916 lr=0.00013125 grad_norm=1.6998 throughput=18.32 img/s eta_seconds=23.4 gpu_alloc=375.7MiB gpu_reserved=4358.0MiB skipped_batches=0
2026-08-18 16:54:57,159 | INFO | epoch=15 batch=925 global_step=4676 loss_reg_months=4.6985 lr=0.00013125 grad_norm=1.9569 throughput=18.35 img/s eta_seconds=7.0 gpu_alloc=484.5MiB gpu_reserved=4358.0MiB skipped_batches=0
2026-08-18 16:57:03,108 | WARNING | STABILITY WARNING [CAM] Validation MAE xấu đi trong khi train loss giảm
2026-08-18 16:57:03,113 | INFO | 
TRAINING REVIEW SNAPSHOT
Run ID / config hash / split hash: P7_FINAL_V3_FOLD_4 / 2d61d8d49b16 / 89f98ca8cf75+01ffce9c7329
Epoch / global step: 15 / 4680
Train loss: 4.6975
Validation MAE / RMSE / median AE: 6.5506 / 8.8654 / 5.1250
MAE nam / nữ / age bins: {'F': 6.818981031128405, 'M': 6.324044226346912} / {'60-119': 7.837056451612903, '120-179': 6.090502489110143, '0-59': 6.098070879888268, '180-228': 5.832825203252033}
Learning rate / peak VRAM: 0.00013125 / 4358.0 MiB
Best epoch / best MAE / epochs không cải thiện: 8 / 6.3488 / 7
Cảnh báo hiện tại: CAM: Validation MAE xấu đi trong khi train loss giảm
Checkpoint gần nhất: /content/p7_v3/runs/P7_FINAL_V3_FOLD_4/last.ckpt
Checkpoint tốt nhất: /content/p7_v3/runs/P7_FINAL_V3_FOLD_4/best_mae.ckpt
Đề xuất tự động: THEO DÕI
2026-08-18 16:57:26,858 | INFO | epoch=16 batch=25 global_step=4688 loss_reg_months=4.2848 lr=0.00012264 grad_norm=1.4624 throughput=16.45 img/s eta_seconds=664.2 gpu_alloc=484.5MiB gpu_reserved=4358.0MiB skipped_batches=0
2026-08-18 16:57:42,426 | INFO | epoch=16 batch=50 global_step=4696 loss_reg_months=4.6472 lr=0.00012264 grad_norm=1.6042 throughput=17.75 img/s eta_seconds=598.8 gpu_alloc=484.5MiB gpu_reserved=4358.0MiB skipped_batches=0
2026-08-18 16:57:57,738 | INFO | epoch=16 batch=75 global_step=4705 loss_reg_months=4.6796 lr=0.00012264 grad_norm=1.1704 throughput=18.32 img/s eta_seconds=563.7 gpu_alloc=375.7MiB gpu_reserved=4358.0MiB skipped_batches=0
2026-08-18 16:58:13,657 | INFO | epoch=16 batch=100 global_step=4713 loss_reg_months=4.7066 lr=0.00012264 grad_norm=2.3026 throughput=18.45 img/s eta_seconds=543.5 gpu_alloc=484.5MiB gpu_reserved=4358.0MiB skipped_batches=0
2026-08-18 16:58:29,527 | INFO | epoch=16 batch=125 global_step=4721 loss_reg_months=4.6030 lr=0.00012264 grad_norm=1.0634 throughput=18.54 img/s eta_seconds=524.7 gpu_alloc=484.5MiB gpu_reserved=4358.0MiB skipped_batches=0
2026-08-18 16:58:45,710 | INFO | epoch=16 batch=150 global_step=4730 loss_reg_months=4.5349 lr=0.00012264 grad_norm=1.0168 throughput=18.54 img/s eta_seconds=508.6 gpu_alloc=375.7MiB gpu_reserved=4358.0MiB skipped_batches=0
2026-08-18 16:59:02,586 | INFO | epoch=16 batch=175 global_step=4738 loss_reg_months=4.5680 lr=0.00012264 grad_norm=1.0598 throughput=18.43 img/s eta_seconds=495.4 gpu_alloc=484.5MiB gpu_reserved=4358.0MiB skipped_batches=0
2026-08-18 16:59:18,214 | INFO | epoch=16 batch=200 global_step=4746 loss_reg_months=4.6017 lr=0.00012264 grad_norm=1.4688 throughput=18.52 img/s eta_seconds=476.7 gpu_alloc=484.5MiB gpu_reserved=4358.0MiB skipped_batches=0
2026-08-18 16:59:35,409 | INFO | epoch=16 batch=225 global_step=4755 loss_reg_months=4.6230 lr=0.00012264 grad_norm=1.6486 throughput=18.39 img/s eta_seconds=463.7 gpu_alloc=375.7MiB gpu_reserved=4358.0MiB skipped_batches=0
2026-08-18 16:59:52,432 | INFO | epoch=16 batch=250 global_step=4763 loss_reg_months=4.5799 lr=0.00012264 grad_norm=1.4326 throughput=18.31 img/s eta_seconds=449.3 gpu_alloc=484.5MiB gpu_reserved=4358.0MiB skipped_batches=0
2026-08-18 17:00:08,332 | INFO | epoch=16 batch=275 global_step=4771 loss_reg_months=4.6617 lr=0.00012264 grad_norm=1.1562 throughput=18.36 img/s eta_seconds=431.8 gpu_alloc=484.5MiB gpu_reserved=4358.0MiB skipped_batches=0
2026-08-18 17:00:24,363 | INFO | epoch=16 batch=300 global_step=4780 loss_reg_months=4.6799 lr=0.00012264 grad_norm=1.1739 throughput=18.39 img/s eta_seconds=414.8 gpu_alloc=375.7MiB gpu_reserved=4358.0MiB skipped_batches=0
2026-08-18 17:00:40,348 | INFO | epoch=16 batch=325 global_step=4788 loss_reg_months=4.6809 lr=0.00012264 grad_norm=1.1184 throughput=18.42 img/s eta_seconds=397.9 gpu_alloc=484.5MiB gpu_reserved=4358.0MiB skipped_batches=0
2026-08-18 17:00:55,966 | INFO | epoch=16 batch=350 global_step=4796 loss_reg_months=4.6632 lr=0.00012264 grad_norm=1.1815 throughput=18.47 img/s eta_seconds=380.5 gpu_alloc=484.5MiB gpu_reserved=4358.0MiB skipped_batches=0
2026-08-18 17:01:12,297 | INFO | epoch=16 batch=375 global_step=4805 loss_reg_months=4.6651 lr=0.00012264 grad_norm=1.7268 throughput=18.47 img/s eta_seconds=364.4 gpu_alloc=375.7MiB gpu_reserved=4358.0MiB skipped_batches=0
2026-08-18 17:01:28,147 | INFO | epoch=16 batch=400 global_step=4813 loss_reg_months=4.6493 lr=0.00012264 grad_norm=1.3274 throughput=18.50 img/s eta_seconds=347.6 gpu_alloc=484.5MiB gpu_reserved=4358.0MiB skipped_batches=0
2026-08-18 17:01:43,352 | INFO | epoch=16 batch=425 global_step=4821 loss_reg_months=4.6193 lr=0.00012264 grad_norm=1.1186 throughput=18.56 img/s eta_seconds=330.2 gpu_alloc=484.5MiB gpu_reserved=4358.0MiB skipped_batches=0
2026-08-18 17:01:59,009 | INFO | epoch=16 batch=450 global_step=4830 loss_reg_months=4.6070 lr=0.00012264 grad_norm=1.0656 throughput=18.60 img/s eta_seconds=313.5 gpu_alloc=375.7MiB gpu_reserved=4358.0MiB skipped_batches=0
2026-08-18 17:02:15,726 | INFO | epoch=16 batch=475 global_step=4838 loss_reg_months=4.5952 lr=0.00012264 grad_norm=1.7450 throughput=18.56 img/s eta_seconds=297.9 gpu_alloc=484.5MiB gpu_reserved=4358.0MiB skipped_batches=0
2026-08-18 17:02:31,854 | INFO | epoch=16 batch=500 global_step=4846 loss_reg_months=4.6304 lr=0.00012264 grad_norm=1.5368 throughput=18.56 img/s eta_seconds=281.7 gpu_alloc=484.5MiB gpu_reserved=4358.0MiB skipped_batches=0
2026-08-18 17:02:47,134 | INFO | epoch=16 batch=525 global_step=4855 loss_reg_months=4.6060 lr=0.00012264 grad_norm=1.3540 throughput=18.61 img/s eta_seconds=264.8 gpu_alloc=375.7MiB gpu_reserved=4358.0MiB skipped_batches=0
2026-08-18 17:03:02,645 | INFO | epoch=16 batch=550 global_step=4863 loss_reg_months=4.5943 lr=0.00012264 grad_norm=1.3965 throughput=18.64 img/s eta_seconds=248.3 gpu_alloc=484.5MiB gpu_reserved=4358.0MiB skipped_batches=0
2026-08-18 17:03:19,705 | INFO | epoch=16 batch=575 global_step=4871 loss_reg_months=4.5897 lr=0.00012264 grad_norm=1.5039 throughput=18.59 img/s eta_seconds=232.8 gpu_alloc=484.5MiB gpu_reserved=4358.0MiB skipped_batches=0
2026-08-18 17:03:36,626 | INFO | epoch=16 batch=600 global_step=4880 loss_reg_months=4.6018 lr=0.00012264 grad_norm=1.5404 throughput=18.56 img/s eta_seconds=217.1 gpu_alloc=375.7MiB gpu_reserved=4358.0MiB skipped_batches=0
2026-08-18 17:03:52,341 | INFO | epoch=16 batch=625 global_step=4888 loss_reg_months=4.5847 lr=0.00012264 grad_norm=1.4891 throughput=18.58 img/s eta_seconds=200.7 gpu_alloc=484.5MiB gpu_reserved=4358.0MiB skipped_batches=0
2026-08-18 17:04:08,509 | INFO | epoch=16 batch=650 global_step=4896 loss_reg_months=4.5834 lr=0.00012264 grad_norm=1.2559 throughput=18.58 img/s eta_seconds=184.6 gpu_alloc=484.5MiB gpu_reserved=4358.0MiB skipped_batches=0
2026-08-18 17:04:24,967 | INFO | epoch=16 batch=675 global_step=4905 loss_reg_months=4.5765 lr=0.00012264 grad_norm=1.4458 throughput=18.56 img/s eta_seconds=168.6 gpu_alloc=375.7MiB gpu_reserved=4358.0MiB skipped_batches=0
2026-08-18 17:04:41,393 | INFO | epoch=16 batch=700 global_step=4913 loss_reg_months=4.5791 lr=0.00012264 grad_norm=1.0025 throughput=18.55 img/s eta_seconds=152.5 gpu_alloc=484.5MiB gpu_reserved=4358.0MiB skipped_batches=0
2026-08-18 17:04:57,665 | INFO | epoch=16 batch=725 global_step=4921 loss_reg_months=4.5919 lr=0.00012264 grad_norm=1.2094 throughput=18.55 img/s eta_seconds=136.3 gpu_alloc=484.5MiB gpu_reserved=4358.0MiB skipped_batches=0
2026-08-18 17:05:13,307 | INFO | epoch=16 batch=750 global_step=4930 loss_reg_months=4.5859 lr=0.00012264 grad_norm=1.3902 throughput=18.57 img/s eta_seconds=120.0 gpu_alloc=375.7MiB gpu_reserved=4358.0MiB skipped_batches=0
2026-08-18 17:05:30,258 | INFO | epoch=16 batch=775 global_step=4938 loss_reg_months=4.5864 lr=0.00012264 grad_norm=1.3542 throughput=18.54 img/s eta_seconds=104.0 gpu_alloc=484.5MiB gpu_reserved=4358.0MiB skipped_batches=0
2026-08-18 17:05:45,034 | INFO | epoch=16 batch=800 global_step=4946 loss_reg_months=4.5821 lr=0.00012264 grad_norm=1.3030 throughput=18.59 img/s eta_seconds=87.6 gpu_alloc=484.5MiB gpu_reserved=4358.0MiB skipped_batches=0
2026-08-18 17:06:00,683 | INFO | epoch=16 batch=825 global_step=4955 loss_reg_months=4.5830 lr=0.00012264 grad_norm=1.5754 throughput=18.61 img/s eta_seconds=71.4 gpu_alloc=375.7MiB gpu_reserved=4358.0MiB skipped_batches=0
2026-08-18 17:06:16,336 | INFO | epoch=16 batch=850 global_step=4963 loss_reg_months=4.5888 lr=0.00012264 grad_norm=1.4995 throughput=18.62 img/s eta_seconds=55.3 gpu_alloc=484.5MiB gpu_reserved=4358.0MiB skipped_batches=0
2026-08-18 17:06:32,074 | INFO | epoch=16 batch=875 global_step=4971 loss_reg_months=4.6007 lr=0.00012264 grad_norm=1.0650 throughput=18.64 img/s eta_seconds=39.1 gpu_alloc=484.5MiB gpu_reserved=4358.0MiB skipped_batches=0
2026-08-18 17:06:48,718 | INFO | epoch=16 batch=900 global_step=4980 loss_reg_months=4.6046 lr=0.00012264 grad_norm=1.2499 throughput=18.62 img/s eta_seconds=23.0 gpu_alloc=375.7MiB gpu_reserved=4358.0MiB skipped_batches=0
2026-08-18 17:07:03,970 | INFO | epoch=16 batch=925 global_step=4988 loss_reg_months=4.6018 lr=0.00012264 grad_norm=1.1007 throughput=18.64 img/s eta_seconds=6.9 gpu_alloc=484.5MiB gpu_reserved=4358.0MiB skipped_batches=0
2026-08-18 17:09:12,869 | WARNING | STABILITY WARNING [CAM] Validation MAE xấu đi trong khi train loss giảm
2026-08-18 17:09:12,872 | INFO | 
TRAINING REVIEW SNAPSHOT
Run ID / config hash / split hash: P7_FINAL_V3_FOLD_4 / 2d61d8d49b16 / 89f98ca8cf75+01ffce9c7329
Epoch / global step: 16 / 4992
Train loss: 4.6049
Validation MAE / RMSE / median AE: 6.6257 / 8.9496 / 5.0000
MAE nam / nữ / age bins: {'F': 6.885949659533074, 'M': 6.405993347568988} / {'60-119': 7.840443548387097, '120-179': 6.044726197884256, '0-59': 8.453343226256983, '180-228': 5.264227642276423}
Learning rate / peak VRAM: 0.00012264 / 4358.0 MiB
Best epoch / best MAE / epochs không cải thiện: 8 / 6.3488 / 8
Cảnh báo hiện tại: CAM: Validation MAE xấu đi trong khi train loss giảm
Checkpoint gần nhất: /content/p7_v3/runs/P7_FINAL_V3_FOLD_4/last.ckpt
Checkpoint tốt nhất: /content/p7_v3/runs/P7_FINAL_V3_FOLD_4/best_mae.ckpt
Đề xuất tự động: THEO DÕI
2026-08-18 17:09:24,107 | WARNING | STABILITY WARNING [CAM] Early stopping patience=8
