2026-09-13 03:55:57,902 | INFO | Run=C3_Z26_C3_ROI_V2_PILOT_C_V2_FOLD_1_SEED_42 device=cuda config_hash=a1df1d91a46abde1c0226870bafa329cc313693fe907cf44c2796cd1d97bb6dc
2026-09-13 03:55:57,902 | INFO | Split hash train=bd104dee8d024f7d4c3af09e7f77fe9bdcc51e7eef85f7a21231b3550cf45bdf validation=d03e7faa21651d2c5d53ae31ce407a0b5a22d9f2168d2c836133012c098c4c0a
2026-09-13 03:56:28,924 | INFO | epoch=1 batch=25 global_step=12 loss_reg_months=32.3818 artifact_factor=0.00 lr=0.00020000 grad_norm=1.9378 throughput=14.51 img/s eta_seconds=742.9 gpu_alloc=508.6MiB gpu_reserved=6230.0MiB skipped_batches=0
2026-09-13 03:56:42,880 | INFO | epoch=1 batch=50 global_step=25 loss_reg_months=30.6410 artifact_factor=0.00 lr=0.00020000 grad_norm=9.2451 throughput=20.01 img/s eta_seconds=516.1 gpu_alloc=398.7MiB gpu_reserved=6230.0MiB skipped_batches=0
2026-09-13 03:56:57,101 | INFO | epoch=1 batch=75 global_step=37 loss_reg_months=26.4747 artifact_factor=0.00 lr=0.00020000 grad_norm=5.6820 throughput=22.81 img/s eta_seconds=433.1 gpu_alloc=508.6MiB gpu_reserved=6230.0MiB skipped_batches=0
2026-09-13 03:57:11,065 | INFO | epoch=1 batch=100 global_step=50 loss_reg_months=23.4884 artifact_factor=0.00 lr=0.00020000 grad_norm=4.0470 throughput=24.60 img/s eta_seconds=383.2 gpu_alloc=398.7MiB gpu_reserved=6230.0MiB skipped_batches=0
2026-09-13 03:57:25,521 | INFO | epoch=1 batch=125 global_step=62 loss_reg_months=21.7008 artifact_factor=0.00 lr=0.00020000 grad_norm=11.8194 throughput=25.68 img/s eta_seconds=349.6 gpu_alloc=508.6MiB gpu_reserved=6230.0MiB skipped_batches=0
2026-09-13 03:57:39,450 | INFO | epoch=1 batch=150 global_step=75 loss_reg_months=20.3561 artifact_factor=0.00 lr=0.00020000 grad_norm=6.2532 throughput=26.59 img/s eta_seconds=320.7 gpu_alloc=398.7MiB gpu_reserved=6230.0MiB skipped_batches=0
2026-09-13 03:57:53,733 | INFO | epoch=1 batch=175 global_step=87 loss_reg_months=19.3203 artifact_factor=0.00 lr=0.00020000 grad_norm=5.1675 throughput=27.20 img/s eta_seconds=297.0 gpu_alloc=508.6MiB gpu_reserved=6230.0MiB skipped_batches=0
2026-09-13 03:58:07,686 | INFO | epoch=1 batch=200 global_step=100 loss_reg_months=18.3466 artifact_factor=0.00 lr=0.00020000 grad_norm=1.8191 throughput=27.74 img/s eta_seconds=275.0 gpu_alloc=398.7MiB gpu_reserved=6230.0MiB skipped_batches=0
2026-09-13 03:58:21,582 | INFO | epoch=1 batch=225 global_step=112 loss_reg_months=17.4958 artifact_factor=0.00 lr=0.00020000 grad_norm=5.3760 throughput=28.19 img/s eta_seconds=254.6 gpu_alloc=508.6MiB gpu_reserved=6230.0MiB skipped_batches=0
2026-09-13 03:58:35,157 | INFO | epoch=1 batch=250 global_step=125 loss_reg_months=16.8893 artifact_factor=0.00 lr=0.00020000 grad_norm=6.4230 throughput=28.62 img/s eta_seconds=235.1 gpu_alloc=398.7MiB gpu_reserved=6230.0MiB skipped_batches=0
2026-09-13 03:58:48,798 | INFO | epoch=1 batch=275 global_step=137 loss_reg_months=16.2735 artifact_factor=0.00 lr=0.00020000 grad_norm=8.4908 throughput=28.97 img/s eta_seconds=216.7 gpu_alloc=508.6MiB gpu_reserved=6230.0MiB skipped_batches=0
2026-09-13 03:59:02,659 | INFO | epoch=1 batch=300 global_step=150 loss_reg_months=15.7892 artifact_factor=0.00 lr=0.00020000 grad_norm=9.7496 throughput=29.23 img/s eta_seconds=199.4 gpu_alloc=398.7MiB gpu_reserved=6230.0MiB skipped_batches=0
2026-09-13 03:59:17,381 | INFO | epoch=1 batch=325 global_step=162 loss_reg_months=15.5569 artifact_factor=0.00 lr=0.00020000 grad_norm=3.4151 throughput=29.33 img/s eta_seconds=183.4 gpu_alloc=508.6MiB gpu_reserved=6230.0MiB skipped_batches=0
2026-09-13 03:59:31,626 | INFO | epoch=1 batch=350 global_step=175 loss_reg_months=15.1380 artifact_factor=0.00 lr=0.00020000 grad_norm=2.5061 throughput=29.48 img/s eta_seconds=167.2 gpu_alloc=398.7MiB gpu_reserved=6230.0MiB skipped_batches=0
2026-09-13 03:59:46,289 | INFO | epoch=1 batch=375 global_step=187 loss_reg_months=14.7321 artifact_factor=0.00 lr=0.00020000 grad_norm=3.5605 throughput=29.56 img/s eta_seconds=151.5 gpu_alloc=508.6MiB gpu_reserved=6230.0MiB skipped_batches=0
2026-09-13 04:00:00,397 | INFO | epoch=1 batch=400 global_step=200 loss_reg_months=14.3760 artifact_factor=0.00 lr=0.00020000 grad_norm=2.4633 throughput=29.69 img/s eta_seconds=135.7 gpu_alloc=398.7MiB gpu_reserved=6230.0MiB skipped_batches=0
2026-09-13 04:00:14,443 | INFO | epoch=1 batch=425 global_step=212 loss_reg_months=13.9914 artifact_factor=0.00 lr=0.00020000 grad_norm=4.8738 throughput=29.82 img/s eta_seconds=120.0 gpu_alloc=508.6MiB gpu_reserved=6230.0MiB skipped_batches=0
2026-09-13 04:00:28,621 | INFO | epoch=1 batch=450 global_step=225 loss_reg_months=13.6964 artifact_factor=0.00 lr=0.00020000 grad_norm=4.7508 throughput=29.92 img/s eta_seconds=104.5 gpu_alloc=398.7MiB gpu_reserved=6230.0MiB skipped_batches=0
2026-09-13 04:00:42,720 | INFO | epoch=1 batch=475 global_step=237 loss_reg_months=13.3792 artifact_factor=0.00 lr=0.00020000 grad_norm=3.7023 throughput=30.02 img/s eta_seconds=89.2 gpu_alloc=508.6MiB gpu_reserved=6230.0MiB skipped_batches=0
2026-09-13 04:01:00,793 | INFO | epoch=1 batch=500 global_step=250 loss_reg_months=13.1328 artifact_factor=0.00 lr=0.00020000 grad_norm=3.9158 throughput=29.71 img/s eta_seconds=75.0 gpu_alloc=398.7MiB gpu_reserved=6230.0MiB skipped_batches=0
2026-09-13 04:01:15,109 | INFO | epoch=1 batch=525 global_step=262 loss_reg_months=12.8900 artifact_factor=0.00 lr=0.00020000 grad_norm=1.4831 throughput=29.79 img/s eta_seconds=59.7 gpu_alloc=508.6MiB gpu_reserved=6230.0MiB skipped_batches=0
2026-09-13 04:01:29,923 | INFO | epoch=1 batch=550 global_step=275 loss_reg_months=12.6919 artifact_factor=0.00 lr=0.00020000 grad_norm=5.0113 throughput=29.82 img/s eta_seconds=44.5 gpu_alloc=398.7MiB gpu_reserved=6230.0MiB skipped_batches=0
2026-09-13 04:01:44,497 | INFO | epoch=1 batch=575 global_step=287 loss_reg_months=12.4666 artifact_factor=0.00 lr=0.00020000 grad_norm=2.0075 throughput=29.86 img/s eta_seconds=29.4 gpu_alloc=508.6MiB gpu_reserved=6230.0MiB skipped_batches=0
2026-09-13 04:01:59,022 | INFO | epoch=1 batch=600 global_step=300 loss_reg_months=12.2514 artifact_factor=0.00 lr=0.00020000 grad_norm=2.0019 throughput=29.91 img/s eta_seconds=14.3 gpu_alloc=398.7MiB gpu_reserved=6230.0MiB skipped_batches=0
2026-09-13 04:03:13,861 | INFO | 
TRAINING REVIEW SNAPSHOT
Run ID / config hash / split hash: C3_Z26_C3_ROI_V2_PILOT_C_V2_FOLD_1_SEED_42 / a1df1d91a46a / bd104dee8d02+d03e7faa2165
Epoch / global step: 1 / 312
Train loss: 12.0781
Validation MAE / RMSE / median AE: 9.4708 / 12.0960 / 7.6250
MAE nam / nữ / age bins: {'F': 9.634657876845377, 'M': 9.332100591715976} / {'0-59': 19.632987081005588, '120-179': 6.741910392034847, '180-228': 10.123979591836735, '60-119': 12.567567567567568}
Learning rate / peak VRAM: 0.00020000 / 6238.0 MiB
Best epoch / best MAE / epochs không cải thiện: 1 / 9.4708 / 0
Cảnh báo hiện tại: KHÔNG
Checkpoint gần nhất: /content/C3_Z26_C3_ROI_V2_PILOTS/runs/C3_Z26_C3_ROI_V2_PILOT_C_V2_FOLD_1_SEED_42/last.ckpt
Checkpoint tốt nhất: /content/C3_Z26_C3_ROI_V2_PILOTS/runs/C3_Z26_C3_ROI_V2_PILOT_C_V2_FOLD_1_SEED_42/best_mae.ckpt
Đề xuất tự động: TIẾP TỤC
2026-09-13 04:03:41,897 | INFO | epoch=2 batch=25 global_step=324 loss_reg_months=7.2549 artifact_factor=0.00 lr=0.00019960 grad_norm=2.7357 throughput=26.30 img/s eta_seconds=409.8 gpu_alloc=508.6MiB gpu_reserved=6238.0MiB skipped_batches=0
2026-09-13 04:03:58,403 | INFO | epoch=2 batch=50 global_step=337 loss_reg_months=7.9071 artifact_factor=0.00 lr=0.00019960 grad_norm=2.5041 throughput=26.77 img/s eta_seconds=385.8 gpu_alloc=398.7MiB gpu_reserved=6238.0MiB skipped_batches=0
2026-09-13 04:04:13,569 | INFO | epoch=2 batch=75 global_step=349 loss_reg_months=8.2036 artifact_factor=0.00 lr=0.00019960 grad_norm=2.6766 throughput=27.67 img/s eta_seconds=356.9 gpu_alloc=508.6MiB gpu_reserved=6238.0MiB skipped_batches=0
2026-09-13 04:04:27,426 | INFO | epoch=2 batch=100 global_step=362 loss_reg_months=8.1218 artifact_factor=0.00 lr=0.00019960 grad_norm=2.6436 throughput=28.74 img/s eta_seconds=328.1 gpu_alloc=398.7MiB gpu_reserved=6238.0MiB skipped_batches=0
2026-09-13 04:04:41,060 | INFO | epoch=2 batch=125 global_step=374 loss_reg_months=8.0632 artifact_factor=0.00 lr=0.00019960 grad_norm=2.2898 throughput=29.50 img/s eta_seconds=304.3 gpu_alloc=508.6MiB gpu_reserved=6238.0MiB skipped_batches=0
2026-09-13 04:04:54,773 | INFO | epoch=2 batch=150 global_step=387 loss_reg_months=7.9299 artifact_factor=0.00 lr=0.00019960 grad_norm=3.0912 throughput=30.00 img/s eta_seconds=284.2 gpu_alloc=398.7MiB gpu_reserved=6238.0MiB skipped_batches=0
2026-09-13 04:05:08,662 | INFO | epoch=2 batch=175 global_step=399 loss_reg_months=7.7472 artifact_factor=0.00 lr=0.00019960 grad_norm=2.7797 throughput=30.32 img/s eta_seconds=266.4 gpu_alloc=508.6MiB gpu_reserved=6238.0MiB skipped_batches=0
2026-09-13 04:05:22,574 | INFO | epoch=2 batch=200 global_step=412 loss_reg_months=7.6970 artifact_factor=0.00 lr=0.00019960 grad_norm=3.2415 throughput=30.56 img/s eta_seconds=249.6 gpu_alloc=398.7MiB gpu_reserved=6238.0MiB skipped_batches=0
2026-09-13 04:05:36,320 | INFO | epoch=2 batch=225 global_step=424 loss_reg_months=7.6541 artifact_factor=0.00 lr=0.00019960 grad_norm=3.8690 throughput=30.79 img/s eta_seconds=233.1 gpu_alloc=508.6MiB gpu_reserved=6238.0MiB skipped_batches=0
2026-09-13 04:05:49,927 | INFO | epoch=2 batch=250 global_step=437 loss_reg_months=7.6178 artifact_factor=0.00 lr=0.00019960 grad_norm=5.1407 throughput=31.00 img/s eta_seconds=217.0 gpu_alloc=398.7MiB gpu_reserved=6238.0MiB skipped_batches=0
2026-09-13 04:06:03,263 | INFO | epoch=2 batch=275 global_step=449 loss_reg_months=7.7464 artifact_factor=0.00 lr=0.00019960 grad_norm=2.6762 throughput=31.24 img/s eta_seconds=201.0 gpu_alloc=508.6MiB gpu_reserved=6238.0MiB skipped_batches=0
2026-09-13 04:06:16,553 | INFO | epoch=2 batch=300 global_step=462 loss_reg_months=7.7849 artifact_factor=0.00 lr=0.00019960 grad_norm=2.0722 throughput=31.44 img/s eta_seconds=185.4 gpu_alloc=398.7MiB gpu_reserved=6238.0MiB skipped_batches=0
2026-09-13 04:06:29,822 | INFO | epoch=2 batch=325 global_step=474 loss_reg_months=7.7444 artifact_factor=0.00 lr=0.00019960 grad_norm=3.0669 throughput=31.62 img/s eta_seconds=170.1 gpu_alloc=508.6MiB gpu_reserved=6238.0MiB skipped_batches=0
2026-09-13 04:06:43,518 | INFO | epoch=2 batch=350 global_step=487 loss_reg_months=7.6659 artifact_factor=0.00 lr=0.00019960 grad_norm=1.7953 throughput=31.70 img/s eta_seconds=155.5 gpu_alloc=398.7MiB gpu_reserved=6238.0MiB skipped_batches=0
2026-09-13 04:06:57,382 | INFO | epoch=2 batch=375 global_step=499 loss_reg_months=7.5524 artifact_factor=0.00 lr=0.00019960 grad_norm=3.3662 throughput=31.75 img/s eta_seconds=141.0 gpu_alloc=508.6MiB gpu_reserved=6238.0MiB skipped_batches=0
2026-09-13 04:07:18,917 | INFO | epoch=2 batch=400 global_step=512 loss_reg_months=7.4778 artifact_factor=0.00 lr=0.00019960 grad_norm=2.0964 throughput=30.75 img/s eta_seconds=131.0 gpu_alloc=398.7MiB gpu_reserved=6238.0MiB skipped_batches=0
2026-09-13 04:07:36,544 | INFO | epoch=2 batch=425 global_step=524 loss_reg_months=7.4482 artifact_factor=0.00 lr=0.00019960 grad_norm=4.1320 throughput=30.39 img/s eta_seconds=117.8 gpu_alloc=508.6MiB gpu_reserved=6238.0MiB skipped_batches=0
2026-09-13 04:07:52,224 | INFO | epoch=2 batch=450 global_step=537 loss_reg_months=7.3867 artifact_factor=0.00 lr=0.00019960 grad_norm=2.5082 throughput=30.29 img/s eta_seconds=103.3 gpu_alloc=398.7MiB gpu_reserved=6238.0MiB skipped_batches=0
2026-09-13 04:08:06,170 | INFO | epoch=2 batch=475 global_step=549 loss_reg_months=7.3677 artifact_factor=0.00 lr=0.00019960 grad_norm=2.1650 throughput=30.39 img/s eta_seconds=88.1 gpu_alloc=508.6MiB gpu_reserved=6238.0MiB skipped_batches=0
2026-09-13 04:08:19,996 | INFO | epoch=2 batch=500 global_step=562 loss_reg_months=7.3230 artifact_factor=0.00 lr=0.00019960 grad_norm=1.8998 throughput=30.49 img/s eta_seconds=73.1 gpu_alloc=398.7MiB gpu_reserved=6238.0MiB skipped_batches=0
2026-09-13 04:08:33,693 | INFO | epoch=2 batch=525 global_step=574 loss_reg_months=7.2878 artifact_factor=0.00 lr=0.00019960 grad_norm=1.7193 throughput=30.59 img/s eta_seconds=58.1 gpu_alloc=508.6MiB gpu_reserved=6238.0MiB skipped_batches=0
2026-09-13 04:08:47,580 | INFO | epoch=2 batch=550 global_step=587 loss_reg_months=7.2211 artifact_factor=0.00 lr=0.00019960 grad_norm=1.8068 throughput=30.67 img/s eta_seconds=43.3 gpu_alloc=398.7MiB gpu_reserved=6238.0MiB skipped_batches=0
2026-09-13 04:08:59,904 | INFO | epoch=2 batch=575 global_step=599 loss_reg_months=7.1750 artifact_factor=0.00 lr=0.00019960 grad_norm=1.3630 throughput=30.88 img/s eta_seconds=28.4 gpu_alloc=508.6MiB gpu_reserved=6238.0MiB skipped_batches=0
2026-09-13 04:09:13,375 | INFO | epoch=2 batch=600 global_step=612 loss_reg_months=7.1247 artifact_factor=0.00 lr=0.00019960 grad_norm=1.1474 throughput=30.98 img/s eta_seconds=13.8 gpu_alloc=398.7MiB gpu_reserved=6238.0MiB skipped_batches=0
2026-09-13 04:10:07,772 | INFO | 
TRAINING REVIEW SNAPSHOT
Run ID / config hash / split hash: C3_Z26_C3_ROI_V2_PILOT_C_V2_FOLD_1_SEED_42 / a1df1d91a46a / bd104dee8d02+d03e7faa2165
Epoch / global step: 2 / 624
Train loss: 7.0938
Validation MAE / RMSE / median AE: 7.4743 / 9.6659 / 6.1250
MAE nam / nữ / age bins: {'F': 7.637875145687645, 'M': 7.335860453648915} / {'0-59': 9.833493365921788, '120-179': 6.920504044803983, '180-228': 7.909183673469387, '60-119': 7.938988095238095}
Learning rate / peak VRAM: 0.00019960 / 6238.0 MiB
Best epoch / best MAE / epochs không cải thiện: 2 / 7.4743 / 0
Cảnh báo hiện tại: KHÔNG
Checkpoint gần nhất: /content/C3_Z26_C3_ROI_V2_PILOTS/runs/C3_Z26_C3_ROI_V2_PILOT_C_V2_FOLD_1_SEED_42/last.ckpt
Checkpoint tốt nhất: /content/C3_Z26_C3_ROI_V2_PILOTS/runs/C3_Z26_C3_ROI_V2_PILOT_C_V2_FOLD_1_SEED_42/best_mae.ckpt
Đề xuất tự động: TIẾP TỤC
2026-09-13 04:10:38,481 | INFO | epoch=3 batch=25 global_step=636 loss_reg_months=6.8110 artifact_factor=0.00 lr=0.00019840 grad_norm=3.1619 throughput=28.11 img/s eta_seconds=383.4 gpu_alloc=508.6MiB gpu_reserved=6238.0MiB skipped_batches=0
2026-09-13 04:10:54,844 | INFO | epoch=3 batch=50 global_step=649 loss_reg_months=6.6342 artifact_factor=0.00 lr=0.00019840 grad_norm=1.2062 throughput=27.80 img/s eta_seconds=371.5 gpu_alloc=398.7MiB gpu_reserved=6238.0MiB skipped_batches=0
2026-09-13 04:11:11,878 | INFO | epoch=3 batch=75 global_step=661 loss_reg_months=6.4884 artifact_factor=0.00 lr=0.00019840 grad_norm=2.1328 throughput=27.33 img/s eta_seconds=361.5 gpu_alloc=508.6MiB gpu_reserved=6238.0MiB skipped_batches=0
2026-09-13 04:11:25,702 | INFO | epoch=3 batch=100 global_step=674 loss_reg_months=6.4622 artifact_factor=0.00 lr=0.00019840 grad_norm=1.2414 throughput=28.47 img/s eta_seconds=331.2 gpu_alloc=398.7MiB gpu_reserved=6238.0MiB skipped_batches=0
2026-09-13 04:11:39,320 | INFO | epoch=3 batch=125 global_step=686 loss_reg_months=6.5550 artifact_factor=0.00 lr=0.00019840 grad_norm=1.7499 throughput=29.28 img/s eta_seconds=306.6 gpu_alloc=508.6MiB gpu_reserved=6238.0MiB skipped_batches=0
2026-09-13 04:11:52,631 | INFO | epoch=3 batch=150 global_step=699 loss_reg_months=6.5685 artifact_factor=0.00 lr=0.00019840 grad_norm=2.1346 throughput=29.95 img/s eta_seconds=284.8 gpu_alloc=398.7MiB gpu_reserved=6238.0MiB skipped_batches=0
2026-09-13 04:12:06,001 | INFO | epoch=3 batch=175 global_step=711 loss_reg_months=6.5629 artifact_factor=0.00 lr=0.00019840 grad_norm=1.6413 throughput=30.43 img/s eta_seconds=265.5 gpu_alloc=508.6MiB gpu_reserved=6238.0MiB skipped_batches=0
2026-09-13 04:12:19,517 | INFO | epoch=3 batch=200 global_step=724 loss_reg_months=6.5311 artifact_factor=0.00 lr=0.00019840 grad_norm=1.7344 throughput=30.76 img/s eta_seconds=248.0 gpu_alloc=398.7MiB gpu_reserved=6238.0MiB skipped_batches=0
2026-09-13 04:12:32,776 | INFO | epoch=3 batch=225 global_step=736 loss_reg_months=6.4383 artifact_factor=0.00 lr=0.00019840 grad_norm=2.0084 throughput=31.08 img/s eta_seconds=230.9 gpu_alloc=508.6MiB gpu_reserved=6238.0MiB skipped_batches=0
2026-09-13 04:12:46,272 | INFO | epoch=3 batch=250 global_step=749 loss_reg_months=6.4458 artifact_factor=0.00 lr=0.00019840 grad_norm=1.6828 throughput=31.29 img/s eta_seconds=215.0 gpu_alloc=398.7MiB gpu_reserved=6238.0MiB skipped_batches=0
2026-09-13 04:13:06,741 | INFO | epoch=3 batch=275 global_step=761 loss_reg_months=6.4586 artifact_factor=0.00 lr=0.00019840 grad_norm=2.3094 throughput=30.13 img/s eta_seconds=208.3 gpu_alloc=508.6MiB gpu_reserved=6238.0MiB skipped_batches=0
2026-09-13 04:13:23,659 | INFO | epoch=3 batch=300 global_step=774 loss_reg_months=6.4896 artifact_factor=0.00 lr=0.00019840 grad_norm=2.9409 throughput=29.80 img/s eta_seconds=195.5 gpu_alloc=398.7MiB gpu_reserved=6238.0MiB skipped_batches=0
2026-09-13 04:13:39,222 | INFO | epoch=3 batch=325 global_step=786 loss_reg_months=6.5499 artifact_factor=0.00 lr=0.00019840 grad_norm=1.3093 throughput=29.73 img/s eta_seconds=180.9 gpu_alloc=508.6MiB gpu_reserved=6238.0MiB skipped_batches=0
2026-09-13 04:13:52,815 | INFO | epoch=3 batch=350 global_step=799 loss_reg_months=6.5141 artifact_factor=0.00 lr=0.00019840 grad_norm=1.8763 throughput=29.95 img/s eta_seconds=164.5 gpu_alloc=398.7MiB gpu_reserved=6238.0MiB skipped_batches=0
2026-09-13 04:14:06,548 | INFO | epoch=3 batch=375 global_step=811 loss_reg_months=6.5162 artifact_factor=0.00 lr=0.00019840 grad_norm=2.4999 throughput=30.12 img/s eta_seconds=148.7 gpu_alloc=508.6MiB gpu_reserved=6238.0MiB skipped_batches=0
2026-09-13 04:14:20,123 | INFO | epoch=3 batch=400 global_step=824 loss_reg_months=6.5424 artifact_factor=0.00 lr=0.00019840 grad_norm=2.6488 throughput=30.30 img/s eta_seconds=133.0 gpu_alloc=398.7MiB gpu_reserved=6238.0MiB skipped_batches=0
2026-09-13 04:14:33,598 | INFO | epoch=3 batch=425 global_step=836 loss_reg_months=6.5698 artifact_factor=0.00 lr=0.00019840 grad_norm=2.5635 throughput=30.46 img/s eta_seconds=117.5 gpu_alloc=508.6MiB gpu_reserved=6238.0MiB skipped_batches=0
2026-09-13 04:14:47,277 | INFO | epoch=3 batch=450 global_step=849 loss_reg_months=6.6025 artifact_factor=0.00 lr=0.00019840 grad_norm=1.6639 throughput=30.59 img/s eta_seconds=102.3 gpu_alloc=398.7MiB gpu_reserved=6238.0MiB skipped_batches=0
2026-09-13 04:15:00,976 | INFO | epoch=3 batch=475 global_step=861 loss_reg_months=6.6202 artifact_factor=0.00 lr=0.00019840 grad_norm=2.1174 throughput=30.70 img/s eta_seconds=87.2 gpu_alloc=508.6MiB gpu_reserved=6238.0MiB skipped_batches=0
2026-09-13 04:15:14,333 | INFO | epoch=3 batch=500 global_step=874 loss_reg_months=6.6034 artifact_factor=0.00 lr=0.00019840 grad_norm=3.5432 throughput=30.84 img/s eta_seconds=72.3 gpu_alloc=398.7MiB gpu_reserved=6238.0MiB skipped_batches=0
2026-09-13 04:15:27,900 | INFO | epoch=3 batch=525 global_step=886 loss_reg_months=6.5925 artifact_factor=0.00 lr=0.00019840 grad_norm=2.0796 throughput=30.94 img/s eta_seconds=57.5 gpu_alloc=508.6MiB gpu_reserved=6238.0MiB skipped_batches=0
2026-09-13 04:15:41,195 | INFO | epoch=3 batch=550 global_step=899 loss_reg_months=6.5524 artifact_factor=0.00 lr=0.00019840 grad_norm=2.3778 throughput=31.06 img/s eta_seconds=42.8 gpu_alloc=398.7MiB gpu_reserved=6238.0MiB skipped_batches=0
2026-09-13 04:15:54,689 | INFO | epoch=3 batch=575 global_step=911 loss_reg_months=6.5270 artifact_factor=0.00 lr=0.00019840 grad_norm=1.4371 throughput=31.15 img/s eta_seconds=28.2 gpu_alloc=508.6MiB gpu_reserved=6238.0MiB skipped_batches=0
2026-09-13 04:16:08,662 | INFO | epoch=3 batch=600 global_step=924 loss_reg_months=6.5089 artifact_factor=0.00 lr=0.00019840 grad_norm=1.3831 throughput=31.20 img/s eta_seconds=13.7 gpu_alloc=398.7MiB gpu_reserved=6238.0MiB skipped_batches=0
2026-09-13 04:17:13,304 | INFO | 
TRAINING REVIEW SNAPSHOT
Run ID / config hash / split hash: C3_Z26_C3_ROI_V2_PILOT_C_V2_FOLD_1_SEED_42 / a1df1d91a46a / bd104dee8d02+d03e7faa2165
Epoch / global step: 3 / 936
Train loss: 6.5215
Validation MAE / RMSE / median AE: 6.6741 / 8.9595 / 5.2188
MAE nam / nữ / age bins: {'F': 7.1343725718725715, 'M': 6.2845886752136755} / {'0-59': 6.12421438547486, '120-179': 6.045620721841941, '180-228': 6.3923469387755105, '60-119': 8.189350064350064}
Learning rate / peak VRAM: 0.00019840 / 6238.0 MiB
Best epoch / best MAE / epochs không cải thiện: 3 / 6.6741 / 0
Cảnh báo hiện tại: KHÔNG
Checkpoint gần nhất: /content/C3_Z26_C3_ROI_V2_PILOTS/runs/C3_Z26_C3_ROI_V2_PILOT_C_V2_FOLD_1_SEED_42/last.ckpt
Checkpoint tốt nhất: /content/C3_Z26_C3_ROI_V2_PILOTS/runs/C3_Z26_C3_ROI_V2_PILOT_C_V2_FOLD_1_SEED_42/best_mae.ckpt
Đề xuất tự động: TIẾP TỤC
2026-09-13 04:18:12,906 | INFO | epoch=4 batch=25 global_step=948 loss_reg_months=6.0319 disagreement_months=3.9451 artifact_factor=0.20 lr=0.00019641 grad_norm=2.6035 throughput=8.72 img/s eta_seconds=1235.8 gpu_alloc=561.7MiB gpu_reserved=12288.0MiB skipped_batches=0
2026-09-13 04:18:38,268 | INFO | epoch=4 batch=50 global_step=961 loss_reg_months=5.8773 disagreement_months=7.6335 artifact_factor=0.20 lr=0.00019641 grad_norm=1.8878 throughput=11.69 img/s eta_seconds=883.2 gpu_alloc=452.7MiB gpu_reserved=12288.0MiB skipped_batches=0
2026-09-13 04:19:00,012 | INFO | epoch=4 batch=75 global_step=973 loss_reg_months=5.7942 disagreement_months=5.1712 artifact_factor=0.20 lr=0.00019641 grad_norm=1.5112 throughput=13.68 img/s eta_seconds=722.2 gpu_alloc=561.7MiB gpu_reserved=12288.0MiB skipped_batches=0
2026-09-13 04:19:21,734 | INFO | epoch=4 batch=100 global_step=986 loss_reg_months=5.8336 disagreement_months=4.8011 artifact_factor=0.20 lr=0.00019641 grad_norm=2.7478 throughput=14.95 img/s eta_seconds=630.8 gpu_alloc=452.7MiB gpu_reserved=12288.0MiB skipped_batches=0
2026-09-13 04:19:43,679 | INFO | epoch=4 batch=125 global_step=998 loss_reg_months=5.8683 disagreement_months=4.0987 artifact_factor=0.20 lr=0.00019641 grad_norm=1.4544 throughput=15.80 img/s eta_seconds=568.1 gpu_alloc=561.7MiB gpu_reserved=12288.0MiB skipped_batches=0
2026-09-13 04:20:09,219 | INFO | epoch=4 batch=150 global_step=1011 loss_reg_months=6.0959 disagreement_months=3.7009 artifact_factor=0.20 lr=0.00019641 grad_norm=3.4308 throughput=16.08 img/s eta_seconds=530.3 gpu_alloc=452.7MiB gpu_reserved=12288.0MiB skipped_batches=0
2026-09-13 04:20:35,435 | INFO | epoch=4 batch=175 global_step=1023 loss_reg_months=6.0670 disagreement_months=4.8364 artifact_factor=0.20 lr=0.00019641 grad_norm=2.1658 throughput=16.23 img/s eta_seconds=497.8 gpu_alloc=561.7MiB gpu_reserved=12288.0MiB skipped_batches=0
2026-09-13 04:20:58,031 | INFO | epoch=4 batch=200 global_step=1036 loss_reg_months=6.1095 disagreement_months=3.0186 artifact_factor=0.20 lr=0.00019641 grad_norm=2.6772 throughput=16.61 img/s eta_seconds=459.2 gpu_alloc=452.7MiB gpu_reserved=12288.0MiB skipped_batches=0
2026-09-13 04:21:19,772 | INFO | epoch=4 batch=225 global_step=1048 loss_reg_months=6.0838 disagreement_months=3.0942 artifact_factor=0.20 lr=0.00019641 grad_norm=3.5005 throughput=16.98 img/s eta_seconds=422.6 gpu_alloc=561.7MiB gpu_reserved=12288.0MiB skipped_batches=0
2026-09-13 04:21:41,456 | INFO | epoch=4 batch=250 global_step=1061 loss_reg_months=6.0868 disagreement_months=3.5952 artifact_factor=0.20 lr=0.00019641 grad_norm=1.6948 throughput=17.30 img/s eta_seconds=389.0 gpu_alloc=452.7MiB gpu_reserved=12288.0MiB skipped_batches=0
2026-09-13 04:22:03,118 | INFO | epoch=4 batch=275 global_step=1073 loss_reg_months=6.0723 disagreement_months=2.9129 artifact_factor=0.20 lr=0.00019641 grad_norm=1.2891 throughput=17.56 img/s eta_seconds=357.4 gpu_alloc=561.7MiB gpu_reserved=12288.0MiB skipped_batches=0
2026-09-13 04:22:24,847 | INFO | epoch=4 batch=300 global_step=1086 loss_reg_months=6.0634 disagreement_months=4.2019 artifact_factor=0.20 lr=0.00019641 grad_norm=1.9224 throughput=17.79 img/s eta_seconds=327.6 gpu_alloc=452.7MiB gpu_reserved=12288.0MiB skipped_batches=0
2026-09-13 04:22:46,617 | INFO | epoch=4 batch=325 global_step=1098 loss_reg_months=6.0492 disagreement_months=4.0786 artifact_factor=0.20 lr=0.00019641 grad_norm=1.6930 throughput=17.98 img/s eta_seconds=299.1 gpu_alloc=561.7MiB gpu_reserved=12288.0MiB skipped_batches=0
2026-09-13 04:23:08,297 | INFO | epoch=4 batch=350 global_step=1111 loss_reg_months=6.0618 disagreement_months=2.7618 artifact_factor=0.20 lr=0.00019641 grad_norm=3.1702 throughput=18.16 img/s eta_seconds=271.4 gpu_alloc=452.7MiB gpu_reserved=12288.0MiB skipped_batches=0
2026-09-13 04:23:29,964 | INFO | epoch=4 batch=375 global_step=1123 loss_reg_months=6.0534 disagreement_months=3.2780 artifact_factor=0.20 lr=0.00019641 grad_norm=1.6160 throughput=18.31 img/s eta_seconds=244.6 gpu_alloc=561.7MiB gpu_reserved=12288.0MiB skipped_batches=0
2026-09-13 04:23:51,746 | INFO | epoch=4 batch=400 global_step=1136 loss_reg_months=6.0415 disagreement_months=2.8147 artifact_factor=0.20 lr=0.00019641 grad_norm=1.8119 throughput=18.44 img/s eta_seconds=218.4 gpu_alloc=452.7MiB gpu_reserved=12288.0MiB skipped_batches=0
2026-09-13 04:24:13,586 | INFO | epoch=4 batch=425 global_step=1148 loss_reg_months=6.0236 disagreement_months=2.8323 artifact_factor=0.20 lr=0.00019641 grad_norm=2.5387 throughput=18.56 img/s eta_seconds=192.8 gpu_alloc=561.7MiB gpu_reserved=12288.0MiB skipped_batches=0
2026-09-13 04:24:35,444 | INFO | epoch=4 batch=450 global_step=1161 loss_reg_months=6.0255 disagreement_months=2.8525 artifact_factor=0.20 lr=0.00019641 grad_norm=1.3810 throughput=18.66 img/s eta_seconds=167.7 gpu_alloc=452.7MiB gpu_reserved=12288.0MiB skipped_batches=0
2026-09-13 04:25:07,379 | INFO | epoch=4 batch=475 global_step=1173 loss_reg_months=6.0278 disagreement_months=2.5881 artifact_factor=0.20 lr=0.00019641 grad_norm=1.9953 throughput=18.34 img/s eta_seconds=146.0 gpu_alloc=561.7MiB gpu_reserved=12288.0MiB skipped_batches=0
2026-09-13 04:25:32,983 | INFO | epoch=4 batch=500 global_step=1186 loss_reg_months=6.0095 disagreement_months=4.3631 artifact_factor=0.20 lr=0.00019641 grad_norm=1.7871 throughput=18.30 img/s eta_seconds=121.7 gpu_alloc=452.7MiB gpu_reserved=12288.0MiB skipped_batches=0
2026-09-13 04:25:56,565 | INFO | epoch=4 batch=525 global_step=1198 loss_reg_months=6.0104 disagreement_months=3.7412 artifact_factor=0.20 lr=0.00019641 grad_norm=2.0264 throughput=18.34 img/s eta_seconds=96.9 gpu_alloc=561.7MiB gpu_reserved=12288.0MiB skipped_batches=0
2026-09-13 04:26:18,258 | INFO | epoch=4 batch=550 global_step=1211 loss_reg_months=6.0132 disagreement_months=2.6284 artifact_factor=0.20 lr=0.00019641 grad_norm=2.0235 throughput=18.44 img/s eta_seconds=72.0 gpu_alloc=452.7MiB gpu_reserved=12288.0MiB skipped_batches=0
2026-09-13 04:26:39,894 | INFO | epoch=4 batch=575 global_step=1223 loss_reg_months=6.0395 disagreement_months=2.2306 artifact_factor=0.20 lr=0.00019641 grad_norm=1.5532 throughput=18.53 img/s eta_seconds=47.4 gpu_alloc=561.7MiB gpu_reserved=12288.0MiB skipped_batches=0
2026-09-13 04:27:01,866 | INFO | epoch=4 batch=600 global_step=1236 loss_reg_months=6.0436 disagreement_months=2.1312 artifact_factor=0.20 lr=0.00019641 grad_norm=2.5447 throughput=18.60 img/s eta_seconds=23.0 gpu_alloc=452.7MiB gpu_reserved=12288.0MiB skipped_batches=0
2026-09-13 04:28:13,238 | INFO | 
TRAINING REVIEW SNAPSHOT
Run ID / config hash / split hash: C3_Z26_C3_ROI_V2_PILOT_C_V2_FOLD_1_SEED_42 / a1df1d91a46a / bd104dee8d02+d03e7faa2165
Epoch / global step: 4 / 1248
Train loss: 6.0421
Validation MAE / RMSE / median AE: 7.2504 / 9.5027 / 5.8750
MAE nam / nữ / age bins: {'F': 7.425426136363637, 'M': 7.102312417817226} / {'0-59': 6.962901536312849, '120-179': 6.458657436216552, '180-228': 9.283673469387756, '60-119': 8.313022844272844}
Learning rate / peak VRAM: 0.00019641 / 12288.0 MiB
Best epoch / best MAE / epochs không cải thiện: 3 / 6.6741 / 1
Cảnh báo hiện tại: KHÔNG
Checkpoint gần nhất: /content/C3_Z26_C3_ROI_V2_PILOTS/runs/C3_Z26_C3_ROI_V2_PILOT_C_V2_FOLD_1_SEED_42/last.ckpt
Checkpoint tốt nhất: /content/C3_Z26_C3_ROI_V2_PILOTS/runs/C3_Z26_C3_ROI_V2_PILOT_C_V2_FOLD_1_SEED_42/best_mae.ckpt
Đề xuất tự động: TIẾP TỤC
2026-09-13 04:29:13,316 | INFO | epoch=5 batch=25 global_step=1260 loss_reg_months=5.7546 disagreement_months=2.2961 artifact_factor=0.40 lr=0.00019366 grad_norm=3.1022 throughput=13.71 img/s eta_seconds=786.1 gpu_alloc=561.7MiB gpu_reserved=12288.0MiB skipped_batches=0
2026-09-13 04:29:39,478 | INFO | epoch=5 batch=50 global_step=1273 loss_reg_months=5.8800 disagreement_months=2.8072 artifact_factor=0.40 lr=0.00019366 grad_norm=1.0115 throughput=15.26 img/s eta_seconds=676.9 gpu_alloc=452.7MiB gpu_reserved=12288.0MiB skipped_batches=0
2026-09-13 04:30:04,825 | INFO | epoch=5 batch=75 global_step=1285 loss_reg_months=5.8149 disagreement_months=4.5443 artifact_factor=0.40 lr=0.00019366 grad_norm=1.2753 throughput=16.01 img/s eta_seconds=617.0 gpu_alloc=561.7MiB gpu_reserved=12288.0MiB skipped_batches=0
2026-09-13 04:30:27,088 | INFO | epoch=5 batch=100 global_step=1298 loss_reg_months=5.7357 disagreement_months=3.8847 artifact_factor=0.40 lr=0.00019366 grad_norm=1.2088 throughput=16.89 img/s eta_seconds=558.3 gpu_alloc=452.7MiB gpu_reserved=12288.0MiB skipped_batches=0
2026-09-13 04:30:49,145 | INFO | epoch=5 batch=125 global_step=1310 loss_reg_months=5.8513 disagreement_months=2.4081 artifact_factor=0.40 lr=0.00019366 grad_norm=2.0329 throughput=17.49 img/s eta_seconds=513.3 gpu_alloc=561.7MiB gpu_reserved=12288.0MiB skipped_batches=0
2026-09-13 04:31:10,956 | INFO | epoch=5 batch=150 global_step=1323 loss_reg_months=5.8661 disagreement_months=3.5423 artifact_factor=0.40 lr=0.00019366 grad_norm=1.8969 throughput=17.94 img/s eta_seconds=475.2 gpu_alloc=452.7MiB gpu_reserved=12288.0MiB skipped_batches=0
2026-09-13 04:31:32,686 | INFO | epoch=5 batch=175 global_step=1335 loss_reg_months=5.8935 disagreement_months=2.6611 artifact_factor=0.40 lr=0.00019366 grad_norm=2.2095 throughput=18.29 img/s eta_seconds=441.6 gpu_alloc=561.7MiB gpu_reserved=12288.0MiB skipped_batches=0
2026-09-13 04:31:54,406 | INFO | epoch=5 batch=200 global_step=1348 loss_reg_months=5.9285 disagreement_months=2.1866 artifact_factor=0.40 lr=0.00019366 grad_norm=1.4362 throughput=18.57 img/s eta_seconds=410.9 gpu_alloc=452.7MiB gpu_reserved=12288.0MiB skipped_batches=0
2026-09-13 04:32:16,020 | INFO | epoch=5 batch=225 global_step=1360 loss_reg_months=5.9180 disagreement_months=3.4391 artifact_factor=0.40 lr=0.00019366 grad_norm=1.6742 throughput=18.79 img/s eta_seconds=382.0 gpu_alloc=561.7MiB gpu_reserved=12288.0MiB skipped_batches=0
2026-09-13 04:32:37,729 | INFO | epoch=5 batch=250 global_step=1373 loss_reg_months=5.9028 disagreement_months=3.9174 artifact_factor=0.40 lr=0.00019366 grad_norm=1.9784 throughput=18.97 img/s eta_seconds=354.7 gpu_alloc=452.7MiB gpu_reserved=12288.0MiB skipped_batches=0
2026-09-13 04:32:59,583 | INFO | epoch=5 batch=275 global_step=1385 loss_reg_months=5.8681 disagreement_months=2.2495 artifact_factor=0.40 lr=0.00019366 grad_norm=2.1973 throughput=19.11 img/s eta_seconds=328.6 gpu_alloc=561.7MiB gpu_reserved=12288.0MiB skipped_batches=0
2026-09-13 04:33:21,219 | INFO | epoch=5 batch=300 global_step=1398 loss_reg_months=5.8284 disagreement_months=3.8872 artifact_factor=0.40 lr=0.00019366 grad_norm=1.5699 throughput=19.24 img/s eta_seconds=303.0 gpu_alloc=452.7MiB gpu_reserved=12288.0MiB skipped_batches=0
2026-09-13 04:33:42,976 | INFO | epoch=5 batch=325 global_step=1410 loss_reg_months=5.8496 disagreement_months=2.6964 artifact_factor=0.40 lr=0.00019366 grad_norm=2.0557 throughput=19.34 img/s eta_seconds=278.1 gpu_alloc=561.7MiB gpu_reserved=12288.0MiB skipped_batches=0
2026-09-13 04:34:12,005 | INFO | epoch=5 batch=350 global_step=1423 loss_reg_months=5.8195 disagreement_months=2.5592 artifact_factor=0.40 lr=0.00019366 grad_norm=1.8431 throughput=19.00 img/s eta_seconds=259.3 gpu_alloc=452.7MiB gpu_reserved=12288.0MiB skipped_batches=0
2026-09-13 04:34:36,882 | INFO | epoch=5 batch=375 global_step=1435 loss_reg_months=5.7913 disagreement_months=1.9172 artifact_factor=0.40 lr=0.00019366 grad_norm=2.5819 throughput=18.94 img/s eta_seconds=236.4 gpu_alloc=561.7MiB gpu_reserved=12288.0MiB skipped_batches=0
2026-09-13 04:35:00,501 | INFO | epoch=5 batch=400 global_step=1448 loss_reg_months=5.8002 disagreement_months=2.9557 artifact_factor=0.40 lr=0.00019366 grad_norm=2.1625 throughput=18.95 img/s eta_seconds=212.6 gpu_alloc=452.7MiB gpu_reserved=12288.0MiB skipped_batches=0
2026-09-13 04:35:22,260 | INFO | epoch=5 batch=425 global_step=1460 loss_reg_months=5.7871 disagreement_months=2.7820 artifact_factor=0.40 lr=0.00019366 grad_norm=1.3698 throughput=19.04 img/s eta_seconds=187.9 gpu_alloc=561.7MiB gpu_reserved=12288.0MiB skipped_batches=0
2026-09-13 04:35:44,168 | INFO | epoch=5 batch=450 global_step=1473 loss_reg_months=5.7621 disagreement_months=1.8517 artifact_factor=0.40 lr=0.00019366 grad_norm=1.3289 throughput=19.12 img/s eta_seconds=163.6 gpu_alloc=452.7MiB gpu_reserved=12288.0MiB skipped_batches=0
2026-09-13 04:36:05,901 | INFO | epoch=5 batch=475 global_step=1485 loss_reg_months=5.8079 disagreement_months=2.2319 artifact_factor=0.40 lr=0.00019366 grad_norm=1.9874 throughput=19.20 img/s eta_seconds=139.5 gpu_alloc=561.7MiB gpu_reserved=12288.0MiB skipped_batches=0
2026-09-13 04:36:27,682 | INFO | epoch=5 batch=500 global_step=1498 loss_reg_months=5.8580 disagreement_months=3.4517 artifact_factor=0.40 lr=0.00019366 grad_norm=1.6783 throughput=19.26 img/s eta_seconds=115.7 gpu_alloc=452.7MiB gpu_reserved=12288.0MiB skipped_batches=0
2026-09-13 04:36:58,014 | INFO | epoch=5 batch=525 global_step=1510 loss_reg_months=5.8574 disagreement_months=4.3379 artifact_factor=0.40 lr=0.00019366 grad_norm=1.2507 throughput=18.99 img/s eta_seconds=93.6 gpu_alloc=561.7MiB gpu_reserved=12288.0MiB skipped_batches=0
2026-09-13 04:37:23,318 | INFO | epoch=5 batch=550 global_step=1523 loss_reg_months=5.8612 disagreement_months=3.6455 artifact_factor=0.40 lr=0.00019366 grad_norm=1.4517 throughput=18.94 img/s eta_seconds=70.1 gpu_alloc=452.7MiB gpu_reserved=12288.0MiB skipped_batches=0
2026-09-13 04:37:46,340 | INFO | epoch=5 batch=575 global_step=1535 loss_reg_months=5.8384 disagreement_months=3.3283 artifact_factor=0.40 lr=0.00019366 grad_norm=3.0221 throughput=18.96 img/s eta_seconds=46.3 gpu_alloc=561.7MiB gpu_reserved=12288.0MiB skipped_batches=0
2026-09-13 04:38:08,163 | INFO | epoch=5 batch=600 global_step=1548 loss_reg_months=5.8306 disagreement_months=2.8449 artifact_factor=0.40 lr=0.00019366 grad_norm=1.2804 throughput=19.03 img/s eta_seconds=22.5 gpu_alloc=452.7MiB gpu_reserved=12288.0MiB skipped_batches=0
2026-09-13 04:39:04,076 | INFO | 
TRAINING REVIEW SNAPSHOT
Run ID / config hash / split hash: C3_Z26_C3_ROI_V2_PILOT_C_V2_FOLD_1_SEED_42 / a1df1d91a46a / bd104dee8d02+d03e7faa2165
Epoch / global step: 5 / 1560
Train loss: 5.8612
Validation MAE / RMSE / median AE: 7.2438 / 9.6460 / 5.4375
MAE nam / nữ / age bins: {'F': 7.765831390831391, 'M': 6.802062787639711} / {'0-59': 6.2616969273743015, '120-179': 5.957140634723086, '180-228': 8.387244897959183, '60-119': 9.770551801801801}
Learning rate / peak VRAM: 0.00019366 / 12288.0 MiB
Best epoch / best MAE / epochs không cải thiện: 3 / 6.6741 / 2
Cảnh báo hiện tại: KHÔNG
Checkpoint gần nhất: /content/C3_Z26_C3_ROI_V2_PILOTS/runs/C3_Z26_C3_ROI_V2_PILOT_C_V2_FOLD_1_SEED_42/last.ckpt
Checkpoint tốt nhất: /content/C3_Z26_C3_ROI_V2_PILOTS/runs/C3_Z26_C3_ROI_V2_PILOT_C_V2_FOLD_1_SEED_42/best_mae.ckpt
Đề xuất tự động: TIẾP TỤC
2026-09-13 04:39:41,861 | INFO | epoch=6 batch=25 global_step=1572 loss_reg_months=6.5899 disagreement_months=9.0585 artifact_factor=0.60 lr=0.00019015 grad_norm=2.9415 throughput=16.07 img/s eta_seconds=670.8 gpu_alloc=561.7MiB gpu_reserved=12288.0MiB skipped_batches=0
2026-09-13 04:40:06,551 | INFO | epoch=6 batch=50 global_step=1585 loss_reg_months=6.2768 disagreement_months=1.7775 artifact_factor=0.60 lr=0.00019015 grad_norm=1.7153 throughput=17.08 img/s eta_seconds=604.8 gpu_alloc=452.7MiB gpu_reserved=12288.0MiB skipped_batches=0
2026-09-13 04:40:28,250 | INFO | epoch=6 batch=75 global_step=1597 loss_reg_months=6.2526 disagreement_months=2.2294 artifact_factor=0.60 lr=0.00019015 grad_norm=2.4543 throughput=18.14 img/s eta_seconds=544.4 gpu_alloc=561.7MiB gpu_reserved=12288.0MiB skipped_batches=0
2026-09-13 04:40:49,898 | INFO | epoch=6 batch=100 global_step=1610 loss_reg_months=6.2580 disagreement_months=1.7863 artifact_factor=0.60 lr=0.00019015 grad_norm=1.5360 throughput=18.74 img/s eta_seconds=503.1 gpu_alloc=452.7MiB gpu_reserved=12288.0MiB skipped_batches=0
2026-09-13 04:41:11,930 | INFO | epoch=6 batch=125 global_step=1622 loss_reg_months=6.0672 disagreement_months=3.1999 artifact_factor=0.60 lr=0.00019015 grad_norm=2.1672 throughput=19.05 img/s eta_seconds=471.2 gpu_alloc=561.7MiB gpu_reserved=12288.0MiB skipped_batches=0
2026-09-13 04:41:33,667 | INFO | epoch=6 batch=150 global_step=1635 loss_reg_months=5.9803 disagreement_months=2.1261 artifact_factor=0.60 lr=0.00019015 grad_norm=2.3673 throughput=19.31 img/s eta_seconds=441.6 gpu_alloc=452.7MiB gpu_reserved=12288.0MiB skipped_batches=0
2026-09-13 04:41:55,320 | INFO | epoch=6 batch=175 global_step=1647 loss_reg_months=6.0232 disagreement_months=3.4945 artifact_factor=0.60 lr=0.00019015 grad_norm=1.2645 throughput=19.51 img/s eta_seconds=414.1 gpu_alloc=561.7MiB gpu_reserved=12288.0MiB skipped_batches=0
2026-09-13 04:42:17,214 | INFO | epoch=6 batch=200 global_step=1660 loss_reg_months=6.0700 disagreement_months=2.1866 artifact_factor=0.60 lr=0.00019015 grad_norm=3.3190 throughput=19.63 img/s eta_seconds=388.5 gpu_alloc=452.7MiB gpu_reserved=12288.0MiB skipped_batches=0
2026-09-13 04:42:38,917 | INFO | epoch=6 batch=225 global_step=1672 loss_reg_months=5.9990 disagreement_months=2.9859 artifact_factor=0.60 lr=0.00019015 grad_norm=2.0435 throughput=19.75 img/s eta_seconds=363.5 gpu_alloc=561.7MiB gpu_reserved=12288.0MiB skipped_batches=0
2026-09-13 04:43:00,917 | INFO | epoch=6 batch=250 global_step=1685 loss_reg_months=5.9562 disagreement_months=2.5957 artifact_factor=0.60 lr=0.00019015 grad_norm=1.4341 throughput=19.82 img/s eta_seconds=339.5 gpu_alloc=452.7MiB gpu_reserved=12288.0MiB skipped_batches=0
2026-09-13 04:43:22,803 | INFO | epoch=6 batch=275 global_step=1697 loss_reg_months=5.9674 disagreement_months=4.2624 artifact_factor=0.60 lr=0.00019015 grad_norm=2.0942 throughput=19.88 img/s eta_seconds=315.7 gpu_alloc=561.7MiB gpu_reserved=12288.0MiB skipped_batches=0
2026-09-13 04:43:44,747 | INFO | epoch=6 batch=300 global_step=1710 loss_reg_months=6.0086 disagreement_months=3.4769 artifact_factor=0.60 lr=0.00019015 grad_norm=1.2163 throughput=19.93 img/s eta_seconds=292.4 gpu_alloc=452.7MiB gpu_reserved=12288.0MiB skipped_batches=0
2026-09-13 04:44:06,470 | INFO | epoch=6 batch=325 global_step=1722 loss_reg_months=5.9641 disagreement_months=2.4043 artifact_factor=0.60 lr=0.00019015 grad_norm=0.9621 throughput=19.99 img/s eta_seconds=269.0 gpu_alloc=561.7MiB gpu_reserved=12288.0MiB skipped_batches=0
2026-09-13 04:44:37,091 | INFO | epoch=6 batch=350 global_step=1735 loss_reg_months=5.9198 disagreement_months=2.2168 artifact_factor=0.60 lr=0.00019015 grad_norm=0.8250 throughput=19.49 img/s eta_seconds=252.8 gpu_alloc=452.7MiB gpu_reserved=12288.0MiB skipped_batches=0
2026-09-13 04:45:03,810 | INFO | epoch=6 batch=375 global_step=1747 loss_reg_months=5.8923 disagreement_months=2.6284 artifact_factor=0.60 lr=0.00019015 grad_norm=1.3113 throughput=19.29 img/s eta_seconds=232.2 gpu_alloc=561.7MiB gpu_reserved=12288.0MiB skipped_batches=0
2026-09-13 04:45:32,444 | INFO | epoch=6 batch=400 global_step=1760 loss_reg_months=5.8707 disagreement_months=2.9255 artifact_factor=0.60 lr=0.00019015 grad_norm=1.4030 throughput=19.02 img/s eta_seconds=211.8 gpu_alloc=452.7MiB gpu_reserved=12288.0MiB skipped_batches=0
2026-09-13 04:45:57,792 | INFO | epoch=6 batch=425 global_step=1772 loss_reg_months=5.8645 disagreement_months=2.1022 artifact_factor=0.60 lr=0.00019015 grad_norm=1.8772 throughput=18.94 img/s eta_seconds=188.9 gpu_alloc=561.7MiB gpu_reserved=12288.0MiB skipped_batches=0
2026-09-13 04:46:20,693 | INFO | epoch=6 batch=450 global_step=1785 loss_reg_months=5.8809 disagreement_months=2.3263 artifact_factor=0.60 lr=0.00019015 grad_norm=1.5399 throughput=18.98 img/s eta_seconds=164.8 gpu_alloc=452.7MiB gpu_reserved=12288.0MiB skipped_batches=0
2026-09-13 04:46:42,433 | INFO | epoch=6 batch=475 global_step=1797 loss_reg_months=5.8832 disagreement_months=2.6234 artifact_factor=0.60 lr=0.00019015 grad_norm=1.6706 throughput=19.06 img/s eta_seconds=140.5 gpu_alloc=561.7MiB gpu_reserved=12288.0MiB skipped_batches=0
2026-09-13 04:47:04,191 | INFO | epoch=6 batch=500 global_step=1810 loss_reg_months=5.8760 disagreement_months=2.3527 artifact_factor=0.60 lr=0.00019015 grad_norm=1.6371 throughput=19.13 img/s eta_seconds=116.4 gpu_alloc=452.7MiB gpu_reserved=12288.0MiB skipped_batches=0
2026-09-13 04:47:26,017 | INFO | epoch=6 batch=525 global_step=1822 loss_reg_months=5.8596 disagreement_months=2.0405 artifact_factor=0.60 lr=0.00019015 grad_norm=1.3040 throughput=19.20 img/s eta_seconds=92.6 gpu_alloc=561.7MiB gpu_reserved=12288.0MiB skipped_batches=0
2026-09-13 04:47:47,793 | INFO | epoch=6 batch=550 global_step=1835 loss_reg_months=5.8434 disagreement_months=2.5252 artifact_factor=0.60 lr=0.00019015 grad_norm=1.6176 throughput=19.26 img/s eta_seconds=68.9 gpu_alloc=452.7MiB gpu_reserved=12288.0MiB skipped_batches=0
2026-09-13 04:48:09,447 | INFO | epoch=6 batch=575 global_step=1847 loss_reg_months=5.8427 disagreement_months=2.7996 artifact_factor=0.60 lr=0.00019015 grad_norm=1.3581 throughput=19.32 img/s eta_seconds=45.4 gpu_alloc=561.7MiB gpu_reserved=12288.0MiB skipped_batches=0
2026-09-13 04:48:31,112 | INFO | epoch=6 batch=600 global_step=1860 loss_reg_months=5.8449 disagreement_months=1.8568 artifact_factor=0.60 lr=0.00019015 grad_norm=2.1474 throughput=19.38 img/s eta_seconds=22.1 gpu_alloc=452.7MiB gpu_reserved=12288.0MiB skipped_batches=0
2026-09-13 04:49:27,716 | WARNING | STABILITY WARNING [CAM] Prediction vượt nhẹ miền tuổi 0–228: [-5.14, 217.25]
2026-09-13 04:49:37,714 | INFO | 
TRAINING REVIEW SNAPSHOT
Run ID / config hash / split hash: C3_Z26_C3_ROI_V2_PILOT_C_V2_FOLD_1_SEED_42 / a1df1d91a46a / bd104dee8d02+d03e7faa2165
Epoch / global step: 6 / 1872
Train loss: 5.8379
Validation MAE / RMSE / median AE: 6.6359 / 9.0347 / 4.8750
MAE nam / nữ / age bins: {'F': 6.976371284965035, 'M': 6.347766683103222} / {'0-59': 7.1830263617318435, '120-179': 5.861426571250778, '180-228': 6.180612244897959, '60-119': 8.255107786357787}
Learning rate / peak VRAM: 0.00019015 / 12288.0 MiB
Best epoch / best MAE / epochs không cải thiện: 6 / 6.6359 / 0
Cảnh báo hiện tại: CAM: Prediction vượt nhẹ miền tuổi 0–228: [-5.14, 217.25]
Checkpoint gần nhất: /content/C3_Z26_C3_ROI_V2_PILOTS/runs/C3_Z26_C3_ROI_V2_PILOT_C_V2_FOLD_1_SEED_42/last.ckpt
Checkpoint tốt nhất: /content/C3_Z26_C3_ROI_V2_PILOTS/runs/C3_Z26_C3_ROI_V2_PILOT_C_V2_FOLD_1_SEED_42/best_mae.ckpt
Đề xuất tự động: THEO DÕI
2026-09-13 04:50:25,035 | INFO | epoch=7 batch=25 global_step=1884 loss_reg_months=5.6988 disagreement_months=3.0136 artifact_factor=0.80 lr=0.00018592 grad_norm=1.9552 throughput=16.05 img/s eta_seconds=671.7 gpu_alloc=561.7MiB gpu_reserved=12288.0MiB skipped_batches=0
2026-09-13 04:50:50,095 | INFO | epoch=7 batch=50 global_step=1897 loss_reg_months=5.6601 disagreement_months=2.3187 artifact_factor=0.80 lr=0.00018592 grad_norm=2.3632 throughput=16.95 img/s eta_seconds=609.4 gpu_alloc=452.7MiB gpu_reserved=12288.0MiB skipped_batches=0
2026-09-13 04:51:11,918 | INFO | epoch=7 batch=75 global_step=1909 loss_reg_months=5.7024 disagreement_months=1.5345 artifact_factor=0.80 lr=0.00018592 grad_norm=2.2399 throughput=18.02 img/s eta_seconds=548.3 gpu_alloc=561.7MiB gpu_reserved=12288.0MiB skipped_batches=0
2026-09-13 04:51:33,632 | INFO | epoch=7 batch=100 global_step=1922 loss_reg_months=5.7694 disagreement_months=3.4869 artifact_factor=0.80 lr=0.00018592 grad_norm=2.8745 throughput=18.63 img/s eta_seconds=506.2 gpu_alloc=452.7MiB gpu_reserved=12288.0MiB skipped_batches=0
2026-09-13 04:51:55,469 | INFO | epoch=7 batch=125 global_step=1934 loss_reg_months=5.6958 disagreement_months=2.6385 artifact_factor=0.80 lr=0.00018592 grad_norm=1.5742 throughput=18.99 img/s eta_seconds=472.8 gpu_alloc=561.7MiB gpu_reserved=12288.0MiB skipped_batches=0
2026-09-13 04:52:17,360 | INFO | epoch=7 batch=150 global_step=1947 loss_reg_months=5.7294 disagreement_months=3.1873 artifact_factor=0.80 lr=0.00018592 grad_norm=1.9882 throughput=19.23 img/s eta_seconds=443.4 gpu_alloc=452.7MiB gpu_reserved=12288.0MiB skipped_batches=0
2026-09-13 04:52:39,371 | INFO | epoch=7 batch=175 global_step=1959 loss_reg_months=5.7015 disagreement_months=2.2822 artifact_factor=0.80 lr=0.00018592 grad_norm=1.4583 throughput=19.40 img/s eta_seconds=416.4 gpu_alloc=561.7MiB gpu_reserved=12288.0MiB skipped_batches=0
2026-09-13 04:53:01,216 | INFO | epoch=7 batch=200 global_step=1972 loss_reg_months=5.8045 disagreement_months=2.3351 artifact_factor=0.80 lr=0.00018592 grad_norm=1.7262 throughput=19.54 img/s eta_seconds=390.4 gpu_alloc=452.7MiB gpu_reserved=12288.0MiB skipped_batches=0
2026-09-13 04:53:22,922 | INFO | epoch=7 batch=225 global_step=1984 loss_reg_months=5.8279 disagreement_months=2.5202 artifact_factor=0.80 lr=0.00018592 grad_norm=1.9914 throughput=19.67 img/s eta_seconds=365.0 gpu_alloc=561.7MiB gpu_reserved=12288.0MiB skipped_batches=0
2026-09-13 04:53:44,891 | INFO | epoch=7 batch=250 global_step=1997 loss_reg_months=5.8057 disagreement_months=2.6083 artifact_factor=0.80 lr=0.00018592 grad_norm=1.1021 throughput=19.75 img/s eta_seconds=340.7 gpu_alloc=452.7MiB gpu_reserved=12288.0MiB skipped_batches=0
2026-09-13 04:54:13,357 | INFO | epoch=7 batch=275 global_step=2009 loss_reg_months=5.7784 disagreement_months=2.1639 artifact_factor=0.80 lr=0.00018592 grad_norm=1.5234 throughput=19.31 img/s eta_seconds=325.1 gpu_alloc=561.7MiB gpu_reserved=12288.0MiB skipped_batches=0
2026-09-13 04:54:39,664 | INFO | epoch=7 batch=300 global_step=2022 loss_reg_months=5.7292 disagreement_months=2.7543 artifact_factor=0.80 lr=0.00018592 grad_norm=1.9152 throughput=19.10 img/s eta_seconds=305.1 gpu_alloc=452.7MiB gpu_reserved=12288.0MiB skipped_batches=0
2026-09-13 04:55:02,389 | INFO | epoch=7 batch=325 global_step=2034 loss_reg_months=5.7331 disagreement_months=3.3031 artifact_factor=0.80 lr=0.00018592 grad_norm=1.2615 throughput=19.16 img/s eta_seconds=280.8 gpu_alloc=561.7MiB gpu_reserved=12288.0MiB skipped_batches=0
2026-09-13 04:55:24,196 | INFO | epoch=7 batch=350 global_step=2047 loss_reg_months=5.7570 disagreement_months=2.5038 artifact_factor=0.80 lr=0.00018592 grad_norm=0.9814 throughput=19.25 img/s eta_seconds=255.9 gpu_alloc=452.7MiB gpu_reserved=12288.0MiB skipped_batches=0
2026-09-13 04:55:45,985 | INFO | epoch=7 batch=375 global_step=2059 loss_reg_months=5.7285 disagreement_months=2.8021 artifact_factor=0.80 lr=0.00018592 grad_norm=1.8941 throughput=19.34 img/s eta_seconds=231.5 gpu_alloc=561.7MiB gpu_reserved=12288.0MiB skipped_batches=0
2026-09-13 04:56:07,910 | INFO | epoch=7 batch=400 global_step=2072 loss_reg_months=5.7212 disagreement_months=1.8429 artifact_factor=0.80 lr=0.00018592 grad_norm=1.7857 throughput=19.41 img/s eta_seconds=207.5 gpu_alloc=452.7MiB gpu_reserved=12288.0MiB skipped_batches=0
2026-09-13 04:56:29,833 | INFO | epoch=7 batch=425 global_step=2084 loss_reg_months=5.7047 disagreement_months=2.1010 artifact_factor=0.80 lr=0.00018592 grad_norm=2.0358 throughput=19.47 img/s eta_seconds=183.7 gpu_alloc=561.7MiB gpu_reserved=12288.0MiB skipped_batches=0
2026-09-13 04:56:51,614 | INFO | epoch=7 batch=450 global_step=2097 loss_reg_months=5.7318 disagreement_months=3.0161 artifact_factor=0.80 lr=0.00018592 grad_norm=1.5332 throughput=19.54 img/s eta_seconds=160.1 gpu_alloc=452.7MiB gpu_reserved=12288.0MiB skipped_batches=0
2026-09-13 04:57:13,545 | INFO | epoch=7 batch=475 global_step=2109 loss_reg_months=5.7282 disagreement_months=1.8656 artifact_factor=0.80 lr=0.00018592 grad_norm=1.0152 throughput=19.59 img/s eta_seconds=136.7 gpu_alloc=561.7MiB gpu_reserved=12288.0MiB skipped_batches=0
2026-09-13 04:57:35,513 | INFO | epoch=7 batch=500 global_step=2122 loss_reg_months=5.7047 disagreement_months=2.0494 artifact_factor=0.80 lr=0.00018592 grad_norm=1.3234 throughput=19.63 img/s eta_seconds=113.5 gpu_alloc=452.7MiB gpu_reserved=12288.0MiB skipped_batches=0
2026-09-13 04:57:57,266 | INFO | epoch=7 batch=525 global_step=2134 loss_reg_months=5.6952 disagreement_months=2.1362 artifact_factor=0.80 lr=0.00018592 grad_norm=1.8778 throughput=19.68 img/s eta_seconds=90.4 gpu_alloc=561.7MiB gpu_reserved=12288.0MiB skipped_batches=0
2026-09-13 04:58:19,313 | INFO | epoch=7 batch=550 global_step=2147 loss_reg_months=5.6666 disagreement_months=2.2218 artifact_factor=0.80 lr=0.00018592 grad_norm=1.0287 throughput=19.71 img/s eta_seconds=67.4 gpu_alloc=452.7MiB gpu_reserved=12288.0MiB skipped_batches=0
2026-09-13 04:58:41,152 | INFO | epoch=7 batch=575 global_step=2159 loss_reg_months=5.6568 disagreement_months=2.2936 artifact_factor=0.80 lr=0.00018592 grad_norm=1.5139 throughput=19.75 img/s eta_seconds=44.5 gpu_alloc=561.7MiB gpu_reserved=12288.0MiB skipped_batches=0
2026-09-13 04:59:07,898 | INFO | epoch=7 batch=600 global_step=2172 loss_reg_months=5.6518 disagreement_months=1.2431 artifact_factor=0.80 lr=0.00018592 grad_norm=1.0653 throughput=19.60 img/s eta_seconds=21.8 gpu_alloc=452.7MiB gpu_reserved=12288.0MiB skipped_batches=0
2026-09-13 05:00:09,969 | INFO | 
TRAINING REVIEW SNAPSHOT
Run ID / config hash / split hash: C3_Z26_C3_ROI_V2_PILOT_C_V2_FOLD_1_SEED_42 / a1df1d91a46a / bd104dee8d02+d03e7faa2165
Epoch / global step: 7 / 2184
Train loss: 5.6530
Validation MAE / RMSE / median AE: 7.2682 / 9.6571 / 5.5312
MAE nam / nữ / age bins: {'F': 7.616355866355867, 'M': 6.9735782380013145} / {'0-59': 13.361906424581006, '120-179': 5.58505756067206, '180-228': 8.49030612244898, '60-119': 8.960062741312742}
Learning rate / peak VRAM: 0.00018592 / 12288.0 MiB
Best epoch / best MAE / epochs không cải thiện: 6 / 6.6359 / 1
Cảnh báo hiện tại: KHÔNG
Checkpoint gần nhất: /content/C3_Z26_C3_ROI_V2_PILOTS/runs/C3_Z26_C3_ROI_V2_PILOT_C_V2_FOLD_1_SEED_42/last.ckpt
Checkpoint tốt nhất: /content/C3_Z26_C3_ROI_V2_PILOTS/runs/C3_Z26_C3_ROI_V2_PILOT_C_V2_FOLD_1_SEED_42/best_mae.ckpt
Đề xuất tự động: TIẾP TỤC
2026-09-13 05:00:47,441 | INFO | epoch=8 batch=25 global_step=2196 loss_reg_months=5.8071 disagreement_months=3.1798 artifact_factor=1.00 lr=0.00018100 grad_norm=2.4167 throughput=16.24 img/s eta_seconds=663.7 gpu_alloc=561.7MiB gpu_reserved=12288.0MiB skipped_batches=0
2026-09-13 05:01:12,973 | INFO | epoch=8 batch=50 global_step=2209 loss_reg_months=5.6697 disagreement_months=3.8117 artifact_factor=1.00 lr=0.00018100 grad_norm=1.1751 throughput=16.90 img/s eta_seconds=611.0 gpu_alloc=452.7MiB gpu_reserved=12288.0MiB skipped_batches=0
2026-09-13 05:01:34,680 | INFO | epoch=8 batch=75 global_step=2221 loss_reg_months=5.4826 disagreement_months=3.0766 artifact_factor=1.00 lr=0.00018100 grad_norm=1.1862 throughput=18.01 img/s eta_seconds=548.4 gpu_alloc=561.7MiB gpu_reserved=12288.0MiB skipped_batches=0
2026-09-13 05:01:56,319 | INFO | epoch=8 batch=100 global_step=2234 loss_reg_months=5.4412 disagreement_months=1.6063 artifact_factor=1.00 lr=0.00018100 grad_norm=0.9089 throughput=18.64 img/s eta_seconds=505.9 gpu_alloc=452.7MiB gpu_reserved=12288.0MiB skipped_batches=0
2026-09-13 05:02:18,304 | INFO | epoch=8 batch=125 global_step=2246 loss_reg_months=5.4804 disagreement_months=2.1085 artifact_factor=1.00 lr=0.00018100 grad_norm=1.3662 throughput=18.98 img/s eta_seconds=473.1 gpu_alloc=561.7MiB gpu_reserved=12288.0MiB skipped_batches=0
2026-09-13 05:02:48,304 | INFO | epoch=8 batch=150 global_step=2259 loss_reg_months=5.4194 disagreement_months=3.7286 artifact_factor=1.00 lr=0.00018100 grad_norm=2.4189 throughput=18.17 img/s eta_seconds=469.3 gpu_alloc=452.7MiB gpu_reserved=12288.0MiB skipped_batches=0
2026-09-13 05:03:14,079 | INFO | epoch=8 batch=175 global_step=2271 loss_reg_months=5.3995 disagreement_months=2.2117 artifact_factor=1.00 lr=0.00018100 grad_norm=0.9818 throughput=18.07 img/s eta_seconds=447.1 gpu_alloc=561.7MiB gpu_reserved=12288.0MiB skipped_batches=0
2026-09-13 05:03:37,218 | INFO | epoch=8 batch=200 global_step=2284 loss_reg_months=5.3949 disagreement_months=2.6083 artifact_factor=1.00 lr=0.00018100 grad_norm=1.3310 throughput=18.23 img/s eta_seconds=418.5 gpu_alloc=452.7MiB gpu_reserved=12288.0MiB skipped_batches=0
2026-09-13 05:03:58,970 | INFO | epoch=8 batch=225 global_step=2296 loss_reg_months=5.3591 disagreement_months=3.1118 artifact_factor=1.00 lr=0.00018100 grad_norm=1.3139 throughput=18.47 img/s eta_seconds=388.6 gpu_alloc=561.7MiB gpu_reserved=12288.0MiB skipped_batches=0
2026-09-13 05:04:20,681 | INFO | epoch=8 batch=250 global_step=2309 loss_reg_months=5.3587 disagreement_months=2.1501 artifact_factor=1.00 lr=0.00018100 grad_norm=2.5171 throughput=18.68 img/s eta_seconds=360.3 gpu_alloc=452.7MiB gpu_reserved=12288.0MiB skipped_batches=0
2026-09-13 05:04:42,402 | INFO | epoch=8 batch=275 global_step=2321 loss_reg_months=5.3927 disagreement_months=3.1521 artifact_factor=1.00 lr=0.00018100 grad_norm=1.4166 throughput=18.84 img/s eta_seconds=333.1 gpu_alloc=561.7MiB gpu_reserved=12288.0MiB skipped_batches=0
2026-09-13 05:05:04,267 | INFO | epoch=8 batch=300 global_step=2334 loss_reg_months=5.4331 disagreement_months=3.1118 artifact_factor=1.00 lr=0.00018100 grad_norm=1.5727 throughput=18.98 img/s eta_seconds=307.1 gpu_alloc=452.7MiB gpu_reserved=12288.0MiB skipped_batches=0
2026-09-13 05:05:26,122 | INFO | epoch=8 batch=325 global_step=2346 loss_reg_months=5.4662 disagreement_months=3.0363 artifact_factor=1.00 lr=0.00018100 grad_norm=1.9012 throughput=19.09 img/s eta_seconds=281.7 gpu_alloc=561.7MiB gpu_reserved=12288.0MiB skipped_batches=0
2026-09-13 05:05:48,046 | INFO | epoch=8 batch=350 global_step=2359 loss_reg_months=5.4736 disagreement_months=2.4560 artifact_factor=1.00 lr=0.00018100 grad_norm=1.0698 throughput=19.19 img/s eta_seconds=256.8 gpu_alloc=452.7MiB gpu_reserved=12288.0MiB skipped_batches=0
2026-09-13 05:06:10,058 | INFO | epoch=8 batch=375 global_step=2371 loss_reg_months=5.5068 disagreement_months=2.2004 artifact_factor=1.00 lr=0.00018100 grad_norm=1.1735 throughput=19.27 img/s eta_seconds=232.4 gpu_alloc=561.7MiB gpu_reserved=12288.0MiB skipped_batches=0
2026-09-13 05:06:31,940 | INFO | epoch=8 batch=400 global_step=2384 loss_reg_months=5.5044 disagreement_months=2.0645 artifact_factor=1.00 lr=0.00018100 grad_norm=1.1894 throughput=19.34 img/s eta_seconds=208.2 gpu_alloc=452.7MiB gpu_reserved=12288.0MiB skipped_batches=0
2026-09-13 05:06:53,800 | INFO | epoch=8 batch=425 global_step=2396 loss_reg_months=5.5070 disagreement_months=2.0833 artifact_factor=1.00 lr=0.00018100 grad_norm=1.5504 throughput=19.41 img/s eta_seconds=184.3 gpu_alloc=561.7MiB gpu_reserved=12288.0MiB skipped_batches=0
2026-09-13 05:07:15,592 | INFO | epoch=8 batch=450 global_step=2409 loss_reg_months=5.5021 disagreement_months=2.1891 artifact_factor=1.00 lr=0.00018100 grad_norm=1.3625 throughput=19.48 img/s eta_seconds=160.6 gpu_alloc=452.7MiB gpu_reserved=12288.0MiB skipped_batches=0
2026-09-13 05:07:42,906 | INFO | epoch=8 batch=475 global_step=2421 loss_reg_months=5.5132 disagreement_months=2.5504 artifact_factor=1.00 lr=0.00018100 grad_norm=1.0314 throughput=19.29 img/s eta_seconds=138.8 gpu_alloc=561.7MiB gpu_reserved=12288.0MiB skipped_batches=0
2026-09-13 05:08:09,593 | INFO | epoch=8 batch=500 global_step=2434 loss_reg_months=5.5401 disagreement_months=5.0730 artifact_factor=1.00 lr=0.00018100 grad_norm=1.3426 throughput=19.15 img/s eta_seconds=116.3 gpu_alloc=452.7MiB gpu_reserved=12288.0MiB skipped_batches=0
2026-09-13 05:08:31,652 | INFO | epoch=8 batch=525 global_step=2446 loss_reg_months=5.5271 disagreement_months=2.6234 artifact_factor=1.00 lr=0.00018100 grad_norm=1.3237 throughput=19.21 img/s eta_seconds=92.6 gpu_alloc=561.7MiB gpu_reserved=12288.0MiB skipped_batches=0
2026-09-13 05:08:53,511 | INFO | epoch=8 batch=550 global_step=2459 loss_reg_months=5.5100 disagreement_months=3.1924 artifact_factor=1.00 lr=0.00018100 grad_norm=1.4422 throughput=19.27 img/s eta_seconds=68.9 gpu_alloc=452.7MiB gpu_reserved=12288.0MiB skipped_batches=0
2026-09-13 05:09:15,372 | INFO | epoch=8 batch=575 global_step=2471 loss_reg_months=5.5290 disagreement_months=3.5801 artifact_factor=1.00 lr=0.00018100 grad_norm=1.8608 throughput=19.32 img/s eta_seconds=45.4 gpu_alloc=561.7MiB gpu_reserved=12288.0MiB skipped_batches=0
2026-09-13 05:09:37,262 | INFO | epoch=8 batch=600 global_step=2484 loss_reg_months=5.5416 disagreement_months=2.4295 artifact_factor=1.00 lr=0.00018100 grad_norm=1.3978 throughput=19.37 img/s eta_seconds=22.1 gpu_alloc=452.7MiB gpu_reserved=12288.0MiB skipped_batches=0
2026-09-13 05:10:34,018 | INFO | 
TRAINING REVIEW SNAPSHOT
Run ID / config hash / split hash: C3_Z26_C3_ROI_V2_PILOT_C_V2_FOLD_1_SEED_42 / a1df1d91a46a / bd104dee8d02+d03e7faa2165
Epoch / global step: 8 / 2496
Train loss: 5.5357
Validation MAE / RMSE / median AE: 6.8966 / 9.1846 / 5.5000
MAE nam / nữ / age bins: {'F': 7.457183007964258, 'M': 6.422198594674557} / {'0-59': 5.614590607541899, '120-179': 6.199634411947729, '180-228': 7.80765306122449, '60-119': 8.346022361647362}
Learning rate / peak VRAM: 0.00018100 / 12288.0 MiB
Best epoch / best MAE / epochs không cải thiện: 6 / 6.6359 / 2
Cảnh báo hiện tại: KHÔNG
Checkpoint gần nhất: /content/C3_Z26_C3_ROI_V2_PILOTS/runs/C3_Z26_C3_ROI_V2_PILOT_C_V2_FOLD_1_SEED_42/last.ckpt
Checkpoint tốt nhất: /content/C3_Z26_C3_ROI_V2_PILOTS/runs/C3_Z26_C3_ROI_V2_PILOT_C_V2_FOLD_1_SEED_42/best_mae.ckpt
Đề xuất tự động: TIẾP TỤC
2026-09-13 05:11:23,983 | INFO | epoch=9 batch=25 global_step=2508 loss_reg_months=5.5112 disagreement_months=2.6964 artifact_factor=1.00 lr=0.00017543 grad_norm=1.2805 throughput=11.51 img/s eta_seconds=936.3 gpu_alloc=561.7MiB gpu_reserved=12288.0MiB skipped_batches=0
2026-09-13 05:11:50,068 | INFO | epoch=9 batch=50 global_step=2521 loss_reg_months=5.5622 disagreement_months=2.2180 artifact_factor=1.00 lr=0.00017543 grad_norm=0.8027 throughput=13.81 img/s eta_seconds=748.0 gpu_alloc=452.7MiB gpu_reserved=12288.0MiB skipped_batches=0
2026-09-13 05:12:16,565 | INFO | epoch=9 batch=75 global_step=2533 loss_reg_months=5.5012 disagreement_months=1.6465 artifact_factor=1.00 lr=0.00017543 grad_norm=1.1392 throughput=14.73 img/s eta_seconds=670.8 gpu_alloc=561.7MiB gpu_reserved=12288.0MiB skipped_batches=0
2026-09-13 05:12:40,093 | INFO | epoch=9 batch=100 global_step=2546 loss_reg_months=5.5026 disagreement_months=2.4182 artifact_factor=1.00 lr=0.00017543 grad_norm=1.0418 throughput=15.62 img/s eta_seconds=603.4 gpu_alloc=452.7MiB gpu_reserved=12288.0MiB skipped_batches=0
2026-09-13 05:13:02,277 | INFO | epoch=9 batch=125 global_step=2558 loss_reg_months=5.5656 disagreement_months=1.7837 artifact_factor=1.00 lr=0.00017543 grad_norm=1.5859 throughput=16.38 img/s eta_seconds=548.2 gpu_alloc=561.7MiB gpu_reserved=12288.0MiB skipped_batches=0
2026-09-13 05:13:24,278 | INFO | epoch=9 batch=150 global_step=2571 loss_reg_months=5.5617 disagreement_months=2.9910 artifact_factor=1.00 lr=0.00017543 grad_norm=1.2462 throughput=16.94 img/s eta_seconds=503.4 gpu_alloc=452.7MiB gpu_reserved=12288.0MiB skipped_batches=0
2026-09-13 05:13:46,045 | INFO | epoch=9 batch=175 global_step=2583 loss_reg_months=5.5388 disagreement_months=2.0368 artifact_factor=1.00 lr=0.00017543 grad_norm=1.3142 throughput=17.39 img/s eta_seconds=464.6 gpu_alloc=561.7MiB gpu_reserved=12288.0MiB skipped_batches=0
2026-09-13 05:14:07,787 | INFO | epoch=9 batch=200 global_step=2596 loss_reg_months=5.4546 disagreement_months=2.6334 artifact_factor=1.00 lr=0.00017543 grad_norm=0.8212 throughput=17.74 img/s eta_seconds=429.9 gpu_alloc=452.7MiB gpu_reserved=12288.0MiB skipped_batches=0
2026-09-13 05:14:29,699 | INFO | epoch=9 batch=225 global_step=2608 loss_reg_months=5.4498 disagreement_months=2.0393 artifact_factor=1.00 lr=0.00017543 grad_norm=1.1813 throughput=18.02 img/s eta_seconds=398.4 gpu_alloc=561.7MiB gpu_reserved=12288.0MiB skipped_batches=0
2026-09-13 05:14:51,577 | INFO | epoch=9 batch=250 global_step=2621 loss_reg_months=5.4635 disagreement_months=1.8026 artifact_factor=1.00 lr=0.00017543 grad_norm=1.7281 throughput=18.24 img/s eta_seconds=368.8 gpu_alloc=452.7MiB gpu_reserved=12288.0MiB skipped_batches=0
2026-09-13 05:15:13,523 | INFO | epoch=9 batch=275 global_step=2633 loss_reg_months=5.4501 disagreement_months=2.5113 artifact_factor=1.00 lr=0.00017543 grad_norm=1.6741 throughput=18.43 img/s eta_seconds=340.7 gpu_alloc=561.7MiB gpu_reserved=12288.0MiB skipped_batches=0
2026-09-13 05:15:35,300 | INFO | epoch=9 batch=300 global_step=2646 loss_reg_months=5.4619 disagreement_months=3.2201 artifact_factor=1.00 lr=0.00017543 grad_norm=1.8086 throughput=18.59 img/s eta_seconds=313.4 gpu_alloc=452.7MiB gpu_reserved=12288.0MiB skipped_batches=0
2026-09-13 05:15:57,225 | INFO | epoch=9 batch=325 global_step=2658 loss_reg_months=5.4236 disagreement_months=2.4283 artifact_factor=1.00 lr=0.00017543 grad_norm=1.9825 throughput=18.73 img/s eta_seconds=287.1 gpu_alloc=561.7MiB gpu_reserved=12288.0MiB skipped_batches=0
2026-09-13 05:16:23,600 | INFO | epoch=9 batch=350 global_step=2671 loss_reg_months=5.4540 disagreement_months=4.5292 artifact_factor=1.00 lr=0.00017543 grad_norm=2.5838 throughput=18.60 img/s eta_seconds=264.9 gpu_alloc=452.7MiB gpu_reserved=12288.0MiB skipped_batches=0
2026-09-13 05:16:49,619 | INFO | epoch=9 batch=375 global_step=2683 loss_reg_months=5.4391 disagreement_months=3.1345 artifact_factor=1.00 lr=0.00017543 grad_norm=3.5014 throughput=18.51 img/s eta_seconds=242.0 gpu_alloc=561.7MiB gpu_reserved=12288.0MiB skipped_batches=0
2026-09-13 05:17:11,768 | INFO | epoch=9 batch=400 global_step=2696 loss_reg_months=5.4311 disagreement_months=3.3938 artifact_factor=1.00 lr=0.00017543 grad_norm=1.3472 throughput=18.61 img/s eta_seconds=216.4 gpu_alloc=452.7MiB gpu_reserved=12288.0MiB skipped_batches=0
2026-09-13 05:17:33,562 | INFO | epoch=9 batch=425 global_step=2708 loss_reg_months=5.4174 disagreement_months=2.5856 artifact_factor=1.00 lr=0.00017543 grad_norm=1.2155 throughput=18.72 img/s eta_seconds=191.1 gpu_alloc=561.7MiB gpu_reserved=12288.0MiB skipped_batches=0
2026-09-13 05:17:55,395 | INFO | epoch=9 batch=450 global_step=2721 loss_reg_months=5.4117 disagreement_months=2.1689 artifact_factor=1.00 lr=0.00017543 grad_norm=1.3307 throughput=18.82 img/s eta_seconds=166.2 gpu_alloc=452.7MiB gpu_reserved=12288.0MiB skipped_batches=0
2026-09-13 05:18:17,319 | INFO | epoch=9 batch=475 global_step=2733 loss_reg_months=5.4454 disagreement_months=2.6561 artifact_factor=1.00 lr=0.00017543 grad_norm=2.1884 throughput=18.90 img/s eta_seconds=141.7 gpu_alloc=561.7MiB gpu_reserved=12288.0MiB skipped_batches=0
2026-09-13 05:18:39,014 | INFO | epoch=9 batch=500 global_step=2746 loss_reg_months=5.4454 disagreement_months=1.8794 artifact_factor=1.00 lr=0.00017543 grad_norm=1.7904 throughput=18.98 img/s eta_seconds=117.4 gpu_alloc=452.7MiB gpu_reserved=12288.0MiB skipped_batches=0
2026-09-13 05:19:10,046 | INFO | epoch=9 batch=525 global_step=2758 loss_reg_months=5.4290 disagreement_months=2.0708 artifact_factor=1.00 lr=0.00017543 grad_norm=1.4571 throughput=18.71 img/s eta_seconds=95.0 gpu_alloc=561.7MiB gpu_reserved=12288.0MiB skipped_batches=0
2026-09-13 05:19:36,697 | INFO | epoch=9 batch=550 global_step=2771 loss_reg_months=5.4344 disagreement_months=1.8127 artifact_factor=1.00 lr=0.00017543 grad_norm=1.5662 throughput=18.62 img/s eta_seconds=71.3 gpu_alloc=452.7MiB gpu_reserved=12288.0MiB skipped_batches=0
2026-09-13 05:19:58,975 | INFO | epoch=9 batch=575 global_step=2783 loss_reg_months=5.4357 disagreement_months=2.3502 artifact_factor=1.00 lr=0.00017543 grad_norm=1.3100 throughput=18.68 img/s eta_seconds=47.0 gpu_alloc=561.7MiB gpu_reserved=12288.0MiB skipped_batches=0
2026-09-13 05:20:20,774 | INFO | epoch=9 batch=600 global_step=2796 loss_reg_months=5.4490 disagreement_months=2.2671 artifact_factor=1.00 lr=0.00017543 grad_norm=1.3497 throughput=18.75 img/s eta_seconds=22.8 gpu_alloc=452.7MiB gpu_reserved=12288.0MiB skipped_batches=0
2026-09-13 05:21:18,255 | WARNING | STABILITY WARNING [CAM] Validation MAE xấu đi trong khi train loss giảm
2026-09-13 05:21:18,256 | INFO | 
TRAINING REVIEW SNAPSHOT
Run ID / config hash / split hash: C3_Z26_C3_ROI_V2_PILOT_C_V2_FOLD_1_SEED_42 / a1df1d91a46a / bd104dee8d02+d03e7faa2165
Epoch / global step: 9 / 2808
Train loss: 5.4487
Validation MAE / RMSE / median AE: 6.8094 / 9.0833 / 5.2500
MAE nam / nữ / age bins: {'F': 7.313483391608392, 'M': 6.382797090729783} / {'0-59': 6.4938896648044695, '120-179': 5.965230242688239, '180-228': 7.819387755102041, '60-119': 8.309403153153154}
Learning rate / peak VRAM: 0.00017543 / 12288.0 MiB
Best epoch / best MAE / epochs không cải thiện: 6 / 6.6359 / 3
Cảnh báo hiện tại: CAM: Validation MAE xấu đi trong khi train loss giảm
Checkpoint gần nhất: /content/C3_Z26_C3_ROI_V2_PILOTS/runs/C3_Z26_C3_ROI_V2_PILOT_C_V2_FOLD_1_SEED_42/last.ckpt
Checkpoint tốt nhất: /content/C3_Z26_C3_ROI_V2_PILOTS/runs/C3_Z26_C3_ROI_V2_PILOT_C_V2_FOLD_1_SEED_42/best_mae.ckpt
Đề xuất tự động: THEO DÕI
2026-09-13 05:21:55,300 | INFO | epoch=10 batch=25 global_step=2820 loss_reg_months=5.3395 disagreement_months=2.0594 artifact_factor=1.00 lr=0.00016926 grad_norm=2.2760 throughput=18.19 img/s eta_seconds=592.5 gpu_alloc=561.7MiB gpu_reserved=12288.0MiB skipped_batches=0
2026-09-13 05:22:19,544 | INFO | epoch=10 batch=50 global_step=2833 loss_reg_months=5.5034 disagreement_months=1.3016 artifact_factor=1.00 lr=0.00016926 grad_norm=1.5785 throughput=18.37 img/s eta_seconds=562.1 gpu_alloc=452.7MiB gpu_reserved=12288.0MiB skipped_batches=0
2026-09-13 05:22:41,237 | INFO | epoch=10 batch=75 global_step=2845 loss_reg_months=5.5000 disagreement_months=2.6939 artifact_factor=1.00 lr=0.00016926 grad_norm=1.2512 throughput=19.10 img/s eta_seconds=517.1 gpu_alloc=561.7MiB gpu_reserved=12288.0MiB skipped_batches=0
2026-09-13 05:23:02,713 | INFO | epoch=10 batch=100 global_step=2858 loss_reg_months=5.5651 disagreement_months=5.0932 artifact_factor=1.00 lr=0.00016926 grad_norm=2.0829 throughput=19.53 img/s eta_seconds=482.7 gpu_alloc=452.7MiB gpu_reserved=12288.0MiB skipped_batches=0
2026-09-13 05:23:24,590 | INFO | epoch=10 batch=125 global_step=2870 loss_reg_months=5.5155 disagreement_months=1.1424 artifact_factor=1.00 lr=0.00016926 grad_norm=1.1082 throughput=19.73 img/s eta_seconds=455.0 gpu_alloc=561.7MiB gpu_reserved=12288.0MiB skipped_batches=0
2026-09-13 05:23:46,504 | INFO | epoch=10 batch=150 global_step=2883 loss_reg_months=5.5001 disagreement_months=2.5164 artifact_factor=1.00 lr=0.00016926 grad_norm=2.0679 throughput=19.86 img/s eta_seconds=429.4 gpu_alloc=452.7MiB gpu_reserved=12288.0MiB skipped_batches=0
2026-09-13 05:24:08,195 | INFO | epoch=10 batch=175 global_step=2895 loss_reg_months=5.4370 disagreement_months=2.6058 artifact_factor=1.00 lr=0.00016926 grad_norm=1.4961 throughput=19.98 img/s eta_seconds=404.2 gpu_alloc=561.7MiB gpu_reserved=12288.0MiB skipped_batches=0
2026-09-13 05:24:29,930 | INFO | epoch=10 batch=200 global_step=2908 loss_reg_months=5.3617 disagreement_months=2.0380 artifact_factor=1.00 lr=0.00016926 grad_norm=1.6937 throughput=20.07 img/s eta_seconds=380.1 gpu_alloc=452.7MiB gpu_reserved=12288.0MiB skipped_batches=0
2026-09-13 05:24:51,795 | INFO | epoch=10 batch=225 global_step=2920 loss_reg_months=5.3494 disagreement_months=2.1765 artifact_factor=1.00 lr=0.00016926 grad_norm=1.0779 throughput=20.13 img/s eta_seconds=356.7 gpu_alloc=561.7MiB gpu_reserved=12288.0MiB skipped_batches=0
2026-09-13 05:25:13,581 | INFO | epoch=10 batch=250 global_step=2933 loss_reg_months=5.3468 disagreement_months=3.1924 artifact_factor=1.00 lr=0.00016926 grad_norm=1.1463 throughput=20.18 img/s eta_seconds=333.4 gpu_alloc=452.7MiB gpu_reserved=12288.0MiB skipped_batches=0
2026-09-13 05:25:35,221 | INFO | epoch=10 batch=275 global_step=2945 loss_reg_months=5.3383 disagreement_months=1.9121 artifact_factor=1.00 lr=0.00016926 grad_norm=1.2240 throughput=20.23 img/s eta_seconds=310.3 gpu_alloc=561.7MiB gpu_reserved=12288.0MiB skipped_batches=0
2026-09-13 05:25:56,989 | INFO | epoch=10 batch=300 global_step=2958 loss_reg_months=5.3440 disagreement_months=4.3908 artifact_factor=1.00 lr=0.00016926 grad_norm=1.2782 throughput=20.27 img/s eta_seconds=287.5 gpu_alloc=452.7MiB gpu_reserved=12288.0MiB skipped_batches=0
2026-09-13 05:26:18,829 | INFO | epoch=10 batch=325 global_step=2970 loss_reg_months=5.3652 disagreement_months=2.3175 artifact_factor=1.00 lr=0.00016926 grad_norm=1.0109 throughput=20.29 img/s eta_seconds=265.0 gpu_alloc=561.7MiB gpu_reserved=12288.0MiB skipped_batches=0
2026-09-13 05:26:47,000 | INFO | epoch=10 batch=350 global_step=2983 loss_reg_months=5.4087 disagreement_months=1.7460 artifact_factor=1.00 lr=0.00016926 grad_norm=2.3588 throughput=19.91 img/s eta_seconds=247.5 gpu_alloc=452.7MiB gpu_reserved=12288.0MiB skipped_batches=0
2026-09-13 05:27:11,979 | INFO | epoch=10 batch=375 global_step=2995 loss_reg_months=5.3960 disagreement_months=2.0619 artifact_factor=1.00 lr=0.00016926 grad_norm=1.8878 throughput=19.77 img/s eta_seconds=226.5 gpu_alloc=561.7MiB gpu_reserved=12288.0MiB skipped_batches=0
2026-09-13 05:27:39,161 | INFO | epoch=10 batch=400 global_step=3008 loss_reg_months=5.3994 disagreement_months=2.2898 artifact_factor=1.00 lr=0.00016926 grad_norm=1.0855 throughput=19.53 img/s eta_seconds=206.2 gpu_alloc=452.7MiB gpu_reserved=12288.0MiB skipped_batches=0
2026-09-13 05:28:03,489 | INFO | epoch=10 batch=425 global_step=3020 loss_reg_months=5.3883 disagreement_months=2.4874 artifact_factor=1.00 lr=0.00016926 grad_norm=1.9190 throughput=19.47 img/s eta_seconds=183.8 gpu_alloc=561.7MiB gpu_reserved=12288.0MiB skipped_batches=0
2026-09-13 05:28:26,243 | INFO | epoch=10 batch=450 global_step=3033 loss_reg_months=5.3928 disagreement_months=2.0758 artifact_factor=1.00 lr=0.00016926 grad_norm=1.7758 throughput=19.49 img/s eta_seconds=160.5 gpu_alloc=452.7MiB gpu_reserved=12288.0MiB skipped_batches=0
2026-09-13 05:28:48,008 | INFO | epoch=10 batch=475 global_step=3045 loss_reg_months=5.3811 disagreement_months=2.5126 artifact_factor=1.00 lr=0.00016926 grad_norm=0.7956 throughput=19.55 img/s eta_seconds=137.0 gpu_alloc=561.7MiB gpu_reserved=12288.0MiB skipped_batches=0
2026-09-13 05:29:09,904 | INFO | epoch=10 batch=500 global_step=3058 loss_reg_months=5.3798 disagreement_months=2.5554 artifact_factor=1.00 lr=0.00016926 grad_norm=1.6319 throughput=19.59 img/s eta_seconds=113.7 gpu_alloc=452.7MiB gpu_reserved=12288.0MiB skipped_batches=0
2026-09-13 05:29:31,709 | INFO | epoch=10 batch=525 global_step=3070 loss_reg_months=5.4097 disagreement_months=2.1828 artifact_factor=1.00 lr=0.00016926 grad_norm=1.1749 throughput=19.64 img/s eta_seconds=90.5 gpu_alloc=561.7MiB gpu_reserved=12288.0MiB skipped_batches=0
2026-09-13 05:29:53,731 | INFO | epoch=10 batch=550 global_step=3083 loss_reg_months=5.4126 disagreement_months=2.3062 artifact_factor=1.00 lr=0.00016926 grad_norm=1.2505 throughput=19.68 img/s eta_seconds=67.5 gpu_alloc=452.7MiB gpu_reserved=12288.0MiB skipped_batches=0
2026-09-13 05:30:15,457 | INFO | epoch=10 batch=575 global_step=3095 loss_reg_months=5.3926 disagreement_months=2.3527 artifact_factor=1.00 lr=0.00016926 grad_norm=1.4293 throughput=19.72 img/s eta_seconds=44.5 gpu_alloc=561.7MiB gpu_reserved=12288.0MiB skipped_batches=0
2026-09-13 05:30:37,129 | INFO | epoch=10 batch=600 global_step=3108 loss_reg_months=5.4099 disagreement_months=3.5675 artifact_factor=1.00 lr=0.00016926 grad_norm=2.2407 throughput=19.76 img/s eta_seconds=21.7 gpu_alloc=452.7MiB gpu_reserved=12288.0MiB skipped_batches=0
2026-09-13 05:31:33,382 | WARNING | STABILITY WARNING [CAM] Prediction vượt nhẹ miền tuổi 0–228: [-3.01, 214.12]
2026-09-13 05:31:33,385 | WARNING | STABILITY WARNING [CAM] Validation MAE xấu đi trong khi train loss giảm
2026-09-13 05:31:33,386 | INFO | 
TRAINING REVIEW SNAPSHOT
Run ID / config hash / split hash: C3_Z26_C3_ROI_V2_PILOT_C_V2_FOLD_1_SEED_42 / a1df1d91a46a / bd104dee8d02+d03e7faa2165
Epoch / global step: 10 / 3120
Train loss: 5.3947
Validation MAE / RMSE / median AE: 6.8461 / 9.2379 / 5.3750
MAE nam / nữ / age bins: {'F': 7.354846542346542, 'M': 6.415701019066404} / {'0-59': 5.930516759776537, '120-179': 6.049276602364655, '180-228': 8.965306122448979, '60-119': 8.036961068211069}
Learning rate / peak VRAM: 0.00016926 / 12288.0 MiB
Best epoch / best MAE / epochs không cải thiện: 6 / 6.6359 / 4
Cảnh báo hiện tại: CAM: Prediction vượt nhẹ miền tuổi 0–228: [-3.01, 214.12] | CAM: Validation MAE xấu đi trong khi train loss giảm
Checkpoint gần nhất: /content/C3_Z26_C3_ROI_V2_PILOTS/runs/C3_Z26_C3_ROI_V2_PILOT_C_V2_FOLD_1_SEED_42/last.ckpt
Checkpoint tốt nhất: /content/C3_Z26_C3_ROI_V2_PILOTS/runs/C3_Z26_C3_ROI_V2_PILOT_C_V2_FOLD_1_SEED_42/best_mae.ckpt
Đề xuất tự động: THEO DÕI
2026-09-13 05:32:12,684 | INFO | epoch=11 batch=25 global_step=3132 loss_reg_months=5.0377 disagreement_months=2.8575 artifact_factor=1.00 lr=0.00016254 grad_norm=2.1085 throughput=16.55 img/s eta_seconds=651.3 gpu_alloc=561.7MiB gpu_reserved=12288.0MiB skipped_batches=0
2026-09-13 05:32:37,606 | INFO | epoch=11 batch=50 global_step=3145 loss_reg_months=5.1735 disagreement_months=3.4315 artifact_factor=1.00 lr=0.00016254 grad_norm=1.2308 throughput=17.27 img/s eta_seconds=598.0 gpu_alloc=452.7MiB gpu_reserved=12288.0MiB skipped_batches=0
2026-09-13 05:32:59,351 | INFO | epoch=11 batch=75 global_step=3157 loss_reg_months=5.1276 disagreement_months=3.4013 artifact_factor=1.00 lr=0.00016254 grad_norm=1.3469 throughput=18.28 img/s eta_seconds=540.4 gpu_alloc=561.7MiB gpu_reserved=12288.0MiB skipped_batches=0
2026-09-13 05:33:20,959 | INFO | epoch=11 batch=100 global_step=3170 loss_reg_months=5.1658 disagreement_months=2.9205 artifact_factor=1.00 lr=0.00016254 grad_norm=1.2178 throughput=18.85 img/s eta_seconds=500.0 gpu_alloc=452.7MiB gpu_reserved=12288.0MiB skipped_batches=0
2026-09-13 05:33:42,795 | INFO | epoch=11 batch=125 global_step=3182 loss_reg_months=5.2567 disagreement_months=2.7392 artifact_factor=1.00 lr=0.00016254 grad_norm=1.3234 throughput=19.18 img/s eta_seconds=468.1 gpu_alloc=561.7MiB gpu_reserved=12288.0MiB skipped_batches=0
2026-09-13 05:34:04,695 | INFO | epoch=11 batch=150 global_step=3195 loss_reg_months=5.2385 disagreement_months=2.0619 artifact_factor=1.00 lr=0.00016254 grad_norm=1.7477 throughput=19.40 img/s eta_seconds=439.7 gpu_alloc=452.7MiB gpu_reserved=12288.0MiB skipped_batches=0
2026-09-13 05:34:26,420 | INFO | epoch=11 batch=175 global_step=3207 loss_reg_months=5.1843 disagreement_months=3.4668 artifact_factor=1.00 lr=0.00016254 grad_norm=1.6738 throughput=19.57 img/s eta_seconds=412.7 gpu_alloc=561.7MiB gpu_reserved=12288.0MiB skipped_batches=0
2026-09-13 05:34:48,221 | INFO | epoch=11 batch=200 global_step=3220 loss_reg_months=5.1287 disagreement_months=2.1161 artifact_factor=1.00 lr=0.00016254 grad_norm=1.2211 throughput=19.70 img/s eta_seconds=387.2 gpu_alloc=452.7MiB gpu_reserved=12288.0MiB skipped_batches=0
2026-09-13 05:35:09,928 | INFO | epoch=11 batch=225 global_step=3232 loss_reg_months=5.0966 disagreement_months=0.9454 artifact_factor=1.00 lr=0.00016254 grad_norm=1.2247 throughput=19.81 img/s eta_seconds=362.3 gpu_alloc=561.7MiB gpu_reserved=12288.0MiB skipped_batches=0
2026-09-13 05:35:31,693 | INFO | epoch=11 batch=250 global_step=3245 loss_reg_months=5.0858 disagreement_months=1.6491 artifact_factor=1.00 lr=0.00016254 grad_norm=1.3562 throughput=19.89 img/s eta_seconds=338.2 gpu_alloc=452.7MiB gpu_reserved=12288.0MiB skipped_batches=0
2026-09-13 05:59:03,627 | INFO | Run=C3_Z26_C3_ROI_V2_PILOT_C_V2_FOLD_1_SEED_42 device=cuda config_hash=a1df1d91a46abde1c0226870bafa329cc313693fe907cf44c2796cd1d97bb6dc
2026-09-13 05:59:03,627 | INFO | Split hash train=bd104dee8d024f7d4c3af09e7f77fe9bdcc51e7eef85f7a21231b3550cf45bdf validation=d03e7faa21651d2c5d53ae31ce407a0b5a22d9f2168d2c836133012c098c4c0a
2026-09-13 05:59:33,301 | INFO | epoch=11 batch=275 global_step=3257 loss_reg_months=5.0775 disagreement_months=2.4308 artifact_factor=1.00 lr=0.00016254 grad_norm=1.3930 throughput=170.55 img/s eta_seconds=36.8 gpu_alloc=555.6MiB gpu_reserved=12264.0MiB skipped_batches=0
2026-09-13 05:59:54,131 | INFO | epoch=11 batch=300 global_step=3270 loss_reg_months=5.0986 disagreement_months=3.1747 artifact_factor=1.00 lr=0.00016254 grad_norm=1.5135 throughput=108.32 img/s eta_seconds=53.8 gpu_alloc=448.7MiB gpu_reserved=12264.0MiB skipped_batches=0
2026-09-13 06:00:16,576 | INFO | epoch=11 batch=325 global_step=3282 loss_reg_months=5.1443 disagreement_months=1.1625 artifact_factor=1.00 lr=0.00016254 grad_norm=1.2212 throughput=80.91 img/s eta_seconds=66.5 gpu_alloc=555.6MiB gpu_reserved=12264.0MiB skipped_batches=0
2026-09-13 06:00:37,655 | INFO | epoch=11 batch=350 global_step=3295 loss_reg_months=5.1668 disagreement_months=1.6805 artifact_factor=1.00 lr=0.00016254 grad_norm=1.7009 throughput=67.47 img/s eta_seconds=73.0 gpu_alloc=448.7MiB gpu_reserved=12264.0MiB skipped_batches=0
2026-09-13 06:01:00,078 | INFO | epoch=11 batch=375 global_step=3307 loss_reg_months=5.1935 disagreement_months=2.1866 artifact_factor=1.00 lr=0.00016254 grad_norm=2.1709 throughput=58.29 img/s eta_seconds=76.8 gpu_alloc=555.6MiB gpu_reserved=12264.0MiB skipped_batches=0
2026-09-13 06:01:21,595 | INFO | epoch=11 batch=400 global_step=3320 loss_reg_months=5.2298 disagreement_months=2.0985 artifact_factor=1.00 lr=0.00016254 grad_norm=1.0398 throughput=52.43 img/s eta_seconds=76.8 gpu_alloc=448.7MiB gpu_reserved=12264.0MiB skipped_batches=0
2026-09-13 06:01:43,882 | INFO | epoch=11 batch=425 global_step=3332 loss_reg_months=5.2324 disagreement_months=1.6264 artifact_factor=1.00 lr=0.00016254 grad_norm=1.1504 throughput=47.93 img/s eta_seconds=74.6 gpu_alloc=555.6MiB gpu_reserved=12264.0MiB skipped_batches=0
2026-09-13 06:02:05,621 | INFO | epoch=11 batch=450 global_step=3345 loss_reg_months=5.2363 disagreement_months=1.6566 artifact_factor=1.00 lr=0.00016254 grad_norm=0.9339 throughput=44.67 img/s eta_seconds=70.0 gpu_alloc=448.7MiB gpu_reserved=12264.0MiB skipped_batches=0
2026-09-13 06:02:27,064 | INFO | epoch=11 batch=475 global_step=3357 loss_reg_months=5.2397 disagreement_months=1.5018 artifact_factor=1.00 lr=0.00016254 grad_norm=1.8517 throughput=42.16 img/s eta_seconds=63.5 gpu_alloc=555.6MiB gpu_reserved=12264.0MiB skipped_batches=0
2026-09-13 06:02:48,605 | INFO | epoch=11 batch=500 global_step=3370 loss_reg_months=5.2225 disagreement_months=1.6730 artifact_factor=1.00 lr=0.00016254 grad_norm=1.1424 throughput=40.12 img/s eta_seconds=55.5 gpu_alloc=448.7MiB gpu_reserved=12264.0MiB skipped_batches=0
2026-09-13 06:03:10,326 | INFO | epoch=11 batch=525 global_step=3382 loss_reg_months=5.2400 disagreement_months=2.8072 artifact_factor=1.00 lr=0.00016254 grad_norm=1.5152 throughput=38.41 img/s eta_seconds=46.3 gpu_alloc=555.6MiB gpu_reserved=12264.0MiB skipped_batches=0
2026-09-13 06:03:32,027 | INFO | epoch=11 batch=550 global_step=3395 loss_reg_months=5.2311 disagreement_months=2.5730 artifact_factor=1.00 lr=0.00016254 grad_norm=1.5644 throughput=36.97 img/s eta_seconds=35.9 gpu_alloc=448.7MiB gpu_reserved=12264.0MiB skipped_batches=0
2026-09-13 06:03:53,773 | INFO | epoch=11 batch=575 global_step=3407 loss_reg_months=5.2203 disagreement_months=2.3552 artifact_factor=1.00 lr=0.00016254 grad_norm=1.3237 throughput=35.75 img/s eta_seconds=24.6 gpu_alloc=555.6MiB gpu_reserved=12264.0MiB skipped_batches=0
2026-09-13 06:04:18,404 | INFO | epoch=11 batch=600 global_step=3420 loss_reg_months=5.2117 disagreement_months=2.6737 artifact_factor=1.00 lr=0.00016254 grad_norm=1.5980 throughput=34.38 img/s eta_seconds=12.4 gpu_alloc=448.7MiB gpu_reserved=12264.0MiB skipped_batches=0
2026-09-13 06:05:33,593 | INFO | 
TRAINING REVIEW SNAPSHOT
Run ID / config hash / split hash: C3_Z26_C3_ROI_V2_PILOT_C_V2_FOLD_1_SEED_42 / a1df1d91a46a / bd104dee8d02+d03e7faa2165
Epoch / global step: 11 / 3432
Train loss: 5.2218
Validation MAE / RMSE / median AE: 6.8974 / 9.2351 / 5.3750
MAE nam / nữ / age bins: {'F': 7.241028069153069, 'M': 6.606642422748192} / {'0-59': 10.53282122905028, '120-179': 5.536481020535159, '180-228': 8.75204081632653, '60-119': 8.289776383526384}
Learning rate / peak VRAM: 0.00016254 / 12264.0 MiB
Best epoch / best MAE / epochs không cải thiện: 6 / 6.6359 / 5
Cảnh báo hiện tại: KHÔNG
Checkpoint gần nhất: /content/C3_Z26_C3_ROI_V2_PILOTS/runs/C3_Z26_C3_ROI_V2_PILOT_C_V2_FOLD_1_SEED_42/last.ckpt
Checkpoint tốt nhất: /content/C3_Z26_C3_ROI_V2_PILOTS/runs/C3_Z26_C3_ROI_V2_PILOT_C_V2_FOLD_1_SEED_42/best_mae.ckpt
Đề xuất tự động: TIẾP TỤC
2026-09-13 06:06:08,710 | INFO | epoch=12 batch=25 global_step=3444 loss_reg_months=5.2582 disagreement_months=1.7460 artifact_factor=1.00 lr=0.00015531 grad_norm=1.4664 throughput=17.83 img/s eta_seconds=604.5 gpu_alloc=555.6MiB gpu_reserved=12264.0MiB skipped_batches=0
2026-09-13 06:06:31,723 | INFO | epoch=12 batch=50 global_step=3457 loss_reg_months=5.2360 disagreement_months=3.0086 artifact_factor=1.00 lr=0.00015531 grad_norm=2.5204 throughput=18.65 img/s eta_seconds=553.7 gpu_alloc=448.7MiB gpu_reserved=12264.0MiB skipped_batches=0
2026-09-13 06:06:53,280 | INFO | epoch=12 batch=75 global_step=3469 loss_reg_months=5.0965 disagreement_months=3.9149 artifact_factor=1.00 lr=0.00015531 grad_norm=1.1590 throughput=19.34 img/s eta_seconds=510.8 gpu_alloc=555.6MiB gpu_reserved=12264.0MiB skipped_batches=0
2026-09-13 06:07:14,823 | INFO | epoch=12 batch=100 global_step=3482 loss_reg_months=5.0279 disagreement_months=2.1815 artifact_factor=1.00 lr=0.00015531 grad_norm=1.7254 throughput=19.70 img/s eta_seconds=478.5 gpu_alloc=448.7MiB gpu_reserved=12264.0MiB skipped_batches=0
2026-09-13 06:07:36,560 | INFO | epoch=12 batch=125 global_step=3494 loss_reg_months=5.0000 disagreement_months=1.7724 artifact_factor=1.00 lr=0.00015531 grad_norm=1.5153 throughput=19.90 img/s eta_seconds=451.3 gpu_alloc=555.6MiB gpu_reserved=12264.0MiB skipped_batches=0
2026-09-13 06:08:06,362 | INFO | epoch=12 batch=150 global_step=3507 loss_reg_months=5.0124 disagreement_months=2.7719 artifact_factor=1.00 lr=0.00015531 grad_norm=1.6720 throughput=18.90 img/s eta_seconds=451.3 gpu_alloc=448.7MiB gpu_reserved=12264.0MiB skipped_batches=0
2026-09-13 06:08:30,123 | INFO | epoch=12 batch=175 global_step=3519 loss_reg_months=4.9718 disagreement_months=1.9411 artifact_factor=1.00 lr=0.00015531 grad_norm=1.5478 throughput=18.90 img/s eta_seconds=427.4 gpu_alloc=555.6MiB gpu_reserved=12264.0MiB skipped_batches=0
2026-09-13 06:08:52,802 | INFO | epoch=12 batch=200 global_step=3532 loss_reg_months=4.9186 disagreement_months=3.6934 artifact_factor=1.00 lr=0.00015531 grad_norm=2.4801 throughput=19.01 img/s eta_seconds=401.2 gpu_alloc=448.7MiB gpu_reserved=12264.0MiB skipped_batches=0
2026-09-13 06:09:14,242 | INFO | epoch=12 batch=225 global_step=3544 loss_reg_months=4.9587 disagreement_months=2.1564 artifact_factor=1.00 lr=0.00015531 grad_norm=1.4935 throughput=19.22 img/s eta_seconds=373.6 gpu_alloc=555.6MiB gpu_reserved=12264.0MiB skipped_batches=0
2026-09-13 06:09:35,900 | INFO | epoch=12 batch=250 global_step=3557 loss_reg_months=4.9557 disagreement_months=2.8072 artifact_factor=1.00 lr=0.00015531 grad_norm=1.5778 throughput=19.36 img/s eta_seconds=347.5 gpu_alloc=448.7MiB gpu_reserved=12264.0MiB skipped_batches=0
2026-09-13 06:09:57,504 | INFO | epoch=12 batch=275 global_step=3569 loss_reg_months=5.0089 disagreement_months=1.5496 artifact_factor=1.00 lr=0.00015531 grad_norm=1.2351 throughput=19.49 img/s eta_seconds=322.2 gpu_alloc=555.6MiB gpu_reserved=12264.0MiB skipped_batches=0
2026-09-13 06:10:19,141 | INFO | epoch=12 batch=300 global_step=3582 loss_reg_months=5.0322 disagreement_months=1.9109 artifact_factor=1.00 lr=0.00015531 grad_norm=1.2156 throughput=19.59 img/s eta_seconds=297.5 gpu_alloc=448.7MiB gpu_reserved=12264.0MiB skipped_batches=0
2026-09-13 06:10:40,648 | INFO | epoch=12 batch=325 global_step=3594 loss_reg_months=5.0701 disagreement_months=1.9864 artifact_factor=1.00 lr=0.00015531 grad_norm=1.3419 throughput=19.69 img/s eta_seconds=273.2 gpu_alloc=555.6MiB gpu_reserved=12264.0MiB skipped_batches=0
2026-09-13 06:11:02,228 | INFO | epoch=12 batch=350 global_step=3607 loss_reg_months=5.0877 disagreement_months=2.8349 artifact_factor=1.00 lr=0.00015531 grad_norm=1.1937 throughput=19.76 img/s eta_seconds=249.3 gpu_alloc=448.7MiB gpu_reserved=12264.0MiB skipped_batches=0
2026-09-13 06:11:23,802 | INFO | epoch=12 batch=375 global_step=3619 loss_reg_months=5.0832 disagreement_months=3.5398 artifact_factor=1.00 lr=0.00015531 grad_norm=0.8338 throughput=19.83 img/s eta_seconds=225.8 gpu_alloc=555.6MiB gpu_reserved=12264.0MiB skipped_batches=0
2026-09-13 06:11:45,440 | INFO | epoch=12 batch=400 global_step=3632 loss_reg_months=5.0989 disagreement_months=1.3948 artifact_factor=1.00 lr=0.00015531 grad_norm=1.1709 throughput=19.89 img/s eta_seconds=202.5 gpu_alloc=448.7MiB gpu_reserved=12264.0MiB skipped_batches=0
2026-09-13 06:12:07,051 | INFO | epoch=12 batch=425 global_step=3644 loss_reg_months=5.1086 disagreement_months=2.7568 artifact_factor=1.00 lr=0.00015531 grad_norm=1.3547 throughput=19.94 img/s eta_seconds=179.4 gpu_alloc=555.6MiB gpu_reserved=12264.0MiB skipped_batches=0
2026-09-13 06:12:28,745 | INFO | epoch=12 batch=450 global_step=3657 loss_reg_months=5.1158 disagreement_months=3.2603 artifact_factor=1.00 lr=0.00015531 grad_norm=1.4255 throughput=19.99 img/s eta_seconds=156.5 gpu_alloc=448.7MiB gpu_reserved=12264.0MiB skipped_batches=0
2026-09-13 06:12:59,767 | INFO | epoch=12 batch=475 global_step=3669 loss_reg_months=5.1262 disagreement_months=2.8374 artifact_factor=1.00 lr=0.00015531 grad_norm=1.1444 throughput=19.60 img/s eta_seconds=136.7 gpu_alloc=555.6MiB gpu_reserved=12264.0MiB skipped_batches=0
2026-09-13 06:13:21,820 | INFO | epoch=12 batch=500 global_step=3682 loss_reg_months=5.1292 disagreement_months=2.2508 artifact_factor=1.00 lr=0.00015531 grad_norm=1.7446 throughput=19.64 img/s eta_seconds=113.5 gpu_alloc=448.7MiB gpu_reserved=12264.0MiB skipped_batches=0
2026-09-13 06:13:45,722 | INFO | epoch=12 batch=525 global_step=3694 loss_reg_months=5.1200 disagreement_months=2.6158 artifact_factor=1.00 lr=0.00015531 grad_norm=1.9460 throughput=19.60 img/s eta_seconds=90.7 gpu_alloc=555.6MiB gpu_reserved=12264.0MiB skipped_batches=0
2026-09-13 06:14:07,497 | INFO | epoch=12 batch=550 global_step=3707 loss_reg_months=5.1247 disagreement_months=1.8203 artifact_factor=1.00 lr=0.00015531 grad_norm=0.9023 throughput=19.64 img/s eta_seconds=67.6 gpu_alloc=448.7MiB gpu_reserved=12264.0MiB skipped_batches=0
2026-09-13 06:14:28,963 | INFO | epoch=12 batch=575 global_step=3719 loss_reg_months=5.1229 disagreement_months=1.5861 artifact_factor=1.00 lr=0.00015531 grad_norm=0.7739 throughput=19.70 img/s eta_seconds=44.6 gpu_alloc=555.6MiB gpu_reserved=12264.0MiB skipped_batches=0
2026-09-13 06:14:50,325 | INFO | epoch=12 batch=600 global_step=3732 loss_reg_months=5.1237 disagreement_months=2.0166 artifact_factor=1.00 lr=0.00015531 grad_norm=1.5138 throughput=19.75 img/s eta_seconds=21.7 gpu_alloc=448.7MiB gpu_reserved=12264.0MiB skipped_batches=0
2026-09-13 06:15:41,150 | INFO | 
TRAINING REVIEW SNAPSHOT
Run ID / config hash / split hash: C3_Z26_C3_ROI_V2_PILOT_C_V2_FOLD_1_SEED_42 / a1df1d91a46a / bd104dee8d02+d03e7faa2165
Epoch / global step: 12 / 3744
Train loss: 5.1236
Validation MAE / RMSE / median AE: 6.8143 / 9.2967 / 5.1250
MAE nam / nữ / age bins: {'F': 7.176482371794871, 'M': 6.507869000657462} / {'0-59': 6.25702688547486, '120-179': 5.761706596141879, '180-228': 10.344897959183674, '60-119': 8.006475225225225}
Learning rate / peak VRAM: 0.00015531 / 12264.0 MiB
Best epoch / best MAE / epochs không cải thiện: 6 / 6.6359 / 6
Cảnh báo hiện tại: KHÔNG
Checkpoint gần nhất: /content/C3_Z26_C3_ROI_V2_PILOTS/runs/C3_Z26_C3_ROI_V2_PILOT_C_V2_FOLD_1_SEED_42/last.ckpt
Checkpoint tốt nhất: /content/C3_Z26_C3_ROI_V2_PILOTS/runs/C3_Z26_C3_ROI_V2_PILOT_C_V2_FOLD_1_SEED_42/best_mae.ckpt
Đề xuất tự động: TIẾP TỤC
2026-09-13 06:16:30,723 | INFO | epoch=13 batch=25 global_step=3756 loss_reg_months=5.1352 disagreement_months=2.3804 artifact_factor=1.00 lr=0.00014765 grad_norm=1.2192 throughput=13.52 img/s eta_seconds=797.4 gpu_alloc=555.6MiB gpu_reserved=12264.0MiB skipped_batches=0
2026-09-13 06:16:54,333 | INFO | epoch=13 batch=50 global_step=3769 loss_reg_months=4.9238 disagreement_months=2.2508 artifact_factor=1.00 lr=0.00014765 grad_norm=1.2291 throughput=15.82 img/s eta_seconds=653.0 gpu_alloc=448.7MiB gpu_reserved=12264.0MiB skipped_batches=0
2026-09-13 06:17:18,031 | INFO | epoch=13 batch=75 global_step=3781 loss_reg_months=5.0454 disagreement_months=1.9373 artifact_factor=1.00 lr=0.00014765 grad_norm=1.0634 throughput=16.75 img/s eta_seconds=589.8 gpu_alloc=555.6MiB gpu_reserved=12264.0MiB skipped_batches=0
2026-09-13 06:17:39,535 | INFO | epoch=13 batch=100 global_step=3794 loss_reg_months=5.1016 disagreement_months=1.6616 artifact_factor=1.00 lr=0.00014765 grad_norm=2.1773 throughput=17.63 img/s eta_seconds=534.8 gpu_alloc=448.7MiB gpu_reserved=12264.0MiB skipped_batches=0
2026-09-13 06:18:01,067 | INFO | epoch=13 batch=125 global_step=3806 loss_reg_months=5.0164 disagreement_months=2.7392 artifact_factor=1.00 lr=0.00014765 grad_norm=1.8379 throughput=18.20 img/s eta_seconds=493.3 gpu_alloc=555.6MiB gpu_reserved=12264.0MiB skipped_batches=0
2026-09-13 06:18:22,734 | INFO | epoch=13 batch=150 global_step=3819 loss_reg_months=4.9540 disagreement_months=1.8970 artifact_factor=1.00 lr=0.00014765 grad_norm=1.0103 throughput=18.58 img/s eta_seconds=459.0 gpu_alloc=448.7MiB gpu_reserved=12264.0MiB skipped_batches=0
2026-09-13 06:18:44,390 | INFO | epoch=13 batch=175 global_step=3831 loss_reg_months=4.9851 disagreement_months=1.8693 artifact_factor=1.00 lr=0.00014765 grad_norm=0.8535 throughput=18.87 img/s eta_seconds=428.2 gpu_alloc=555.6MiB gpu_reserved=12264.0MiB skipped_batches=0
2026-09-13 06:19:05,859 | INFO | epoch=13 batch=200 global_step=3844 loss_reg_months=5.0423 disagreement_months=2.2004 artifact_factor=1.00 lr=0.00014765 grad_norm=2.2171 throughput=19.11 img/s eta_seconds=399.3 gpu_alloc=448.7MiB gpu_reserved=12264.0MiB skipped_batches=0
2026-09-13 06:19:27,334 | INFO | epoch=13 batch=225 global_step=3856 loss_reg_months=5.0143 disagreement_months=2.2810 artifact_factor=1.00 lr=0.00014765 grad_norm=1.1716 throughput=19.29 img/s eta_seconds=372.0 gpu_alloc=555.6MiB gpu_reserved=12264.0MiB skipped_batches=0
2026-09-13 06:19:48,952 | INFO | epoch=13 batch=250 global_step=3869 loss_reg_months=5.0069 disagreement_months=4.8515 artifact_factor=1.00 lr=0.00014765 grad_norm=2.0991 throughput=19.44 img/s eta_seconds=346.2 gpu_alloc=448.7MiB gpu_reserved=12264.0MiB skipped_batches=0
2026-09-13 06:20:10,662 | INFO | epoch=13 batch=275 global_step=3881 loss_reg_months=4.9851 disagreement_months=2.5390 artifact_factor=1.00 lr=0.00014765 grad_norm=1.7220 throughput=19.55 img/s eta_seconds=321.2 gpu_alloc=555.6MiB gpu_reserved=12264.0MiB skipped_batches=0
2026-09-13 06:20:32,179 | INFO | epoch=13 batch=300 global_step=3894 loss_reg_months=5.0180 disagreement_months=2.4887 artifact_factor=1.00 lr=0.00014765 grad_norm=2.5286 throughput=19.65 img/s eta_seconds=296.5 gpu_alloc=448.7MiB gpu_reserved=12264.0MiB skipped_batches=0
2026-09-13 06:20:53,674 | INFO | epoch=13 batch=325 global_step=3906 loss_reg_months=5.0289 disagreement_months=2.4257 artifact_factor=1.00 lr=0.00014765 grad_norm=1.9626 throughput=19.75 img/s eta_seconds=272.3 gpu_alloc=555.6MiB gpu_reserved=12264.0MiB skipped_batches=0
2026-09-13 06:21:23,656 | INFO | epoch=13 batch=350 global_step=3919 loss_reg_months=5.0547 disagreement_months=2.6712 artifact_factor=1.00 lr=0.00014765 grad_norm=2.1138 throughput=19.31 img/s eta_seconds=255.2 gpu_alloc=448.7MiB gpu_reserved=12264.0MiB skipped_batches=0
2026-09-13 06:21:45,616 | INFO | epoch=13 batch=375 global_step=3931 loss_reg_months=5.0735 disagreement_months=2.5151 artifact_factor=1.00 lr=0.00014765 grad_norm=2.1227 throughput=19.39 img/s eta_seconds=231.0 gpu_alloc=555.6MiB gpu_reserved=12264.0MiB skipped_batches=0
2026-09-13 06:22:08,333 | INFO | epoch=13 batch=400 global_step=3944 loss_reg_months=5.0616 disagreement_months=2.2973 artifact_factor=1.00 lr=0.00014765 grad_norm=1.8665 throughput=19.41 img/s eta_seconds=207.5 gpu_alloc=448.7MiB gpu_reserved=12264.0MiB skipped_batches=0
2026-09-13 06:22:29,826 | INFO | epoch=13 batch=425 global_step=3956 loss_reg_months=5.0303 disagreement_months=2.0330 artifact_factor=1.00 lr=0.00014765 grad_norm=1.9802 throughput=19.50 img/s eta_seconds=183.5 gpu_alloc=555.6MiB gpu_reserved=12264.0MiB skipped_batches=0
2026-09-13 06:22:51,029 | INFO | epoch=13 batch=450 global_step=3969 loss_reg_months=5.0122 disagreement_months=1.9361 artifact_factor=1.00 lr=0.00014765 grad_norm=1.0796 throughput=19.58 img/s eta_seconds=159.7 gpu_alloc=448.7MiB gpu_reserved=12264.0MiB skipped_batches=0
2026-09-13 06:23:12,595 | INFO | epoch=13 batch=475 global_step=3981 loss_reg_months=4.9995 disagreement_months=1.7535 artifact_factor=1.00 lr=0.00014765 grad_norm=1.6256 throughput=19.65 img/s eta_seconds=136.3 gpu_alloc=555.6MiB gpu_reserved=12264.0MiB skipped_batches=0
2026-09-13 06:23:34,342 | INFO | epoch=13 batch=500 global_step=3994 loss_reg_months=4.9942 disagreement_months=2.5353 artifact_factor=1.00 lr=0.00014765 grad_norm=1.8108 throughput=19.70 img/s eta_seconds=113.1 gpu_alloc=448.7MiB gpu_reserved=12264.0MiB skipped_batches=0
2026-09-13 06:23:58,700 | INFO | epoch=13 batch=525 global_step=4006 loss_reg_months=5.0150 disagreement_months=2.7568 artifact_factor=1.00 lr=0.00014765 grad_norm=1.0710 throughput=19.64 img/s eta_seconds=90.6 gpu_alloc=555.6MiB gpu_reserved=12264.0MiB skipped_batches=0
2026-09-13 06:24:21,273 | INFO | epoch=13 batch=550 global_step=4019 loss_reg_months=5.0150 disagreement_months=2.0317 artifact_factor=1.00 lr=0.00014765 grad_norm=1.1952 throughput=19.65 img/s eta_seconds=67.6 gpu_alloc=448.7MiB gpu_reserved=12264.0MiB skipped_batches=0
2026-09-13 06:24:44,395 | INFO | epoch=13 batch=575 global_step=4031 loss_reg_months=5.0082 disagreement_months=0.9126 artifact_factor=1.00 lr=0.00014765 grad_norm=0.9286 throughput=19.64 img/s eta_seconds=44.7 gpu_alloc=555.6MiB gpu_reserved=12264.0MiB skipped_batches=0
2026-09-13 06:25:06,171 | INFO | epoch=13 batch=600 global_step=4044 loss_reg_months=5.0166 disagreement_months=1.5370 artifact_factor=1.00 lr=0.00014765 grad_norm=1.4827 throughput=19.68 img/s eta_seconds=21.7 gpu_alloc=448.7MiB gpu_reserved=12264.0MiB skipped_batches=0
2026-09-13 06:26:09,042 | INFO | 
TRAINING REVIEW SNAPSHOT
Run ID / config hash / split hash: C3_Z26_C3_ROI_V2_PILOT_C_V2_FOLD_1_SEED_42 / a1df1d91a46a / bd104dee8d02+d03e7faa2165
Epoch / global step: 13 / 4056
Train loss: 5.0150
Validation MAE / RMSE / median AE: 6.3003 / 8.6179 / 4.8281
MAE nam / nữ / age bins: {'F': 6.579248008935509, 'M': 6.064236111111111} / {'0-59': 5.322320181564246, '120-179': 5.835524268823895, '180-228': 5.760714285714286, '60-119': 7.656933719433719}
Learning rate / peak VRAM: 0.00014765 / 12264.0 MiB
Best epoch / best MAE / epochs không cải thiện: 13 / 6.3003 / 0
Cảnh báo hiện tại: KHÔNG
Checkpoint gần nhất: /content/C3_Z26_C3_ROI_V2_PILOTS/runs/C3_Z26_C3_ROI_V2_PILOT_C_V2_FOLD_1_SEED_42/last.ckpt
Checkpoint tốt nhất: /content/C3_Z26_C3_ROI_V2_PILOTS/runs/C3_Z26_C3_ROI_V2_PILOT_C_V2_FOLD_1_SEED_42/best_mae.ckpt
Đề xuất tự động: TIẾP TỤC
2026-09-13 06:26:49,237 | INFO | epoch=14 batch=25 global_step=4068 loss_reg_months=4.8663 disagreement_months=2.0833 artifact_factor=1.00 lr=0.00013961 grad_norm=1.1557 throughput=18.94 img/s eta_seconds=569.1 gpu_alloc=555.6MiB gpu_reserved=12264.0MiB skipped_batches=0
2026-09-13 06:27:11,982 | INFO | epoch=14 batch=50 global_step=4081 loss_reg_months=4.8922 disagreement_months=2.3943 artifact_factor=1.00 lr=0.00013961 grad_norm=0.7421 throughput=19.35 img/s eta_seconds=533.6 gpu_alloc=448.7MiB gpu_reserved=12264.0MiB skipped_batches=0
2026-09-13 06:27:34,004 | INFO | epoch=14 batch=75 global_step=4093 loss_reg_months=4.9039 disagreement_months=1.9461 artifact_factor=1.00 lr=0.00013961 grad_norm=1.2577 throughput=19.70 img/s eta_seconds=501.4 gpu_alloc=555.6MiB gpu_reserved=12264.0MiB skipped_batches=0
2026-09-13 06:27:55,336 | INFO | epoch=14 batch=100 global_step=4106 loss_reg_months=4.9231 disagreement_months=3.1898 artifact_factor=1.00 lr=0.00013961 grad_norm=1.6399 throughput=20.03 img/s eta_seconds=470.7 gpu_alloc=448.7MiB gpu_reserved=12264.0MiB skipped_batches=0
2026-09-13 06:28:16,840 | INFO | epoch=14 batch=125 global_step=4118 loss_reg_months=4.8783 disagreement_months=2.2911 artifact_factor=1.00 lr=0.00013961 grad_norm=1.3592 throughput=20.20 img/s eta_seconds=444.4 gpu_alloc=555.6MiB gpu_reserved=12264.0MiB skipped_batches=0
2026-09-13 06:28:38,496 | INFO | epoch=14 batch=150 global_step=4131 loss_reg_months=4.8627 disagreement_months=3.3359 artifact_factor=1.00 lr=0.00013961 grad_norm=1.6021 throughput=20.30 img/s eta_seconds=420.1 gpu_alloc=448.7MiB gpu_reserved=12264.0MiB skipped_batches=0
2026-09-13 06:29:00,241 | INFO | epoch=14 batch=175 global_step=4143 loss_reg_months=4.9039 disagreement_months=3.1420 artifact_factor=1.00 lr=0.00013961 grad_norm=1.5012 throughput=20.35 img/s eta_seconds=396.9 gpu_alloc=555.6MiB gpu_reserved=12264.0MiB skipped_batches=0
2026-09-13 06:29:21,809 | INFO | epoch=14 batch=200 global_step=4156 loss_reg_months=4.8751 disagreement_months=1.6327 artifact_factor=1.00 lr=0.00013961 grad_norm=1.6512 throughput=20.42 img/s eta_seconds=373.6 gpu_alloc=448.7MiB gpu_reserved=12264.0MiB skipped_batches=0
2026-09-13 06:29:43,341 | INFO | epoch=14 batch=225 global_step=4168 loss_reg_months=4.8898 disagreement_months=1.9222 artifact_factor=1.00 lr=0.00013961 grad_norm=1.2950 throughput=20.47 img/s eta_seconds=350.7 gpu_alloc=555.6MiB gpu_reserved=12264.0MiB skipped_batches=0
2026-09-13 06:30:04,972 | INFO | epoch=14 batch=250 global_step=4181 loss_reg_months=4.8934 disagreement_months=1.9562 artifact_factor=1.00 lr=0.00013961 grad_norm=1.8603 throughput=20.50 img/s eta_seconds=328.2 gpu_alloc=448.7MiB gpu_reserved=12264.0MiB skipped_batches=0
2026-09-13 06:30:26,556 | INFO | epoch=14 batch=275 global_step=4193 loss_reg_months=4.8786 disagreement_months=3.3711 artifact_factor=1.00 lr=0.00013961 grad_norm=1.2253 throughput=20.53 img/s eta_seconds=305.8 gpu_alloc=555.6MiB gpu_reserved=12264.0MiB skipped_batches=0
2026-09-13 06:30:48,140 | INFO | epoch=14 batch=300 global_step=4206 loss_reg_months=4.8828 disagreement_months=1.6579 artifact_factor=1.00 lr=0.00013961 grad_norm=0.9783 throughput=20.56 img/s eta_seconds=283.5 gpu_alloc=448.7MiB gpu_reserved=12264.0MiB skipped_batches=0
2026-09-13 06:31:09,942 | INFO | epoch=14 batch=325 global_step=4218 loss_reg_months=4.8732 disagreement_months=2.4761 artifact_factor=1.00 lr=0.00013961 grad_norm=1.9550 throughput=20.56 img/s eta_seconds=261.5 gpu_alloc=555.6MiB gpu_reserved=12264.0MiB skipped_batches=0
2026-09-13 06:31:36,952 | INFO | epoch=14 batch=350 global_step=4231 loss_reg_months=4.9164 disagreement_months=2.4560 artifact_factor=1.00 lr=0.00013961 grad_norm=1.3181 throughput=20.23 img/s eta_seconds=243.6 gpu_alloc=448.7MiB gpu_reserved=12264.0MiB skipped_batches=0
2026-09-13 06:31:59,375 | INFO | epoch=14 batch=375 global_step=4243 loss_reg_months=4.9212 disagreement_months=2.0116 artifact_factor=1.00 lr=0.00013961 grad_norm=1.8470 throughput=20.22 img/s eta_seconds=221.5 gpu_alloc=555.6MiB gpu_reserved=12264.0MiB skipped_batches=0
2026-09-13 06:32:24,039 | INFO | epoch=14 batch=400 global_step=4256 loss_reg_months=4.9376 disagreement_months=2.8626 artifact_factor=1.00 lr=0.00013961 grad_norm=1.0510 throughput=20.08 img/s eta_seconds=200.6 gpu_alloc=448.7MiB gpu_reserved=12264.0MiB skipped_batches=0
2026-09-13 06:32:46,277 | INFO | epoch=14 batch=425 global_step=4268 loss_reg_months=4.9542 disagreement_months=4.1390 artifact_factor=1.00 lr=0.00013961 grad_norm=1.0817 throughput=20.09 img/s eta_seconds=178.1 gpu_alloc=555.6MiB gpu_reserved=12264.0MiB skipped_batches=0
2026-09-13 06:33:08,680 | INFO | epoch=14 batch=450 global_step=4281 loss_reg_months=4.9563 disagreement_months=2.0154 artifact_factor=1.00 lr=0.00013961 grad_norm=1.2708 throughput=20.09 img/s eta_seconds=155.7 gpu_alloc=448.7MiB gpu_reserved=12264.0MiB skipped_batches=0
2026-09-13 06:33:30,235 | INFO | epoch=14 batch=475 global_step=4293 loss_reg_months=4.9361 disagreement_months=2.6209 artifact_factor=1.00 lr=0.00013961 grad_norm=1.0593 throughput=20.13 img/s eta_seconds=133.0 gpu_alloc=555.6MiB gpu_reserved=12264.0MiB skipped_batches=0
2026-09-13 06:33:51,856 | INFO | epoch=14 batch=500 global_step=4306 loss_reg_months=4.9411 disagreement_months=2.8802 artifact_factor=1.00 lr=0.00013961 grad_norm=1.5305 throughput=20.16 img/s eta_seconds=110.5 gpu_alloc=448.7MiB gpu_reserved=12264.0MiB skipped_batches=0
2026-09-13 06:34:13,487 | INFO | epoch=14 batch=525 global_step=4318 loss_reg_months=4.9248 disagreement_months=2.9985 artifact_factor=1.00 lr=0.00013961 grad_norm=1.2983 throughput=20.19 img/s eta_seconds=88.1 gpu_alloc=555.6MiB gpu_reserved=12264.0MiB skipped_batches=0
2026-09-13 06:34:35,114 | INFO | epoch=14 batch=550 global_step=4331 loss_reg_months=4.9168 disagreement_months=2.4081 artifact_factor=1.00 lr=0.00013961 grad_norm=1.1066 throughput=20.22 img/s eta_seconds=65.7 gpu_alloc=448.7MiB gpu_reserved=12264.0MiB skipped_batches=0
2026-09-13 06:34:56,720 | INFO | epoch=14 batch=575 global_step=4343 loss_reg_months=4.9293 disagreement_months=2.9960 artifact_factor=1.00 lr=0.00013961 grad_norm=1.9217 throughput=20.24 img/s eta_seconds=43.4 gpu_alloc=555.6MiB gpu_reserved=12264.0MiB skipped_batches=0
2026-09-13 06:35:18,509 | INFO | epoch=14 batch=600 global_step=4356 loss_reg_months=4.9294 disagreement_months=2.3540 artifact_factor=1.00 lr=0.00013961 grad_norm=1.5243 throughput=20.26 img/s eta_seconds=21.1 gpu_alloc=448.7MiB gpu_reserved=12264.0MiB skipped_batches=0
2026-09-13 06:36:09,278 | INFO | 
TRAINING REVIEW SNAPSHOT
Run ID / config hash / split hash: C3_Z26_C3_ROI_V2_PILOT_C_V2_FOLD_1_SEED_42 / a1df1d91a46a / bd104dee8d02+d03e7faa2165
Epoch / global step: 14 / 4368
Train loss: 4.9161
Validation MAE / RMSE / median AE: 6.4254 / 8.7697 / 4.8750
MAE nam / nữ / age bins: {'F': 6.709398674242424, 'M': 6.185126972386588} / {'0-59': 6.267174406424581, '120-179': 5.657708462974487, '180-228': 6.151020408163265, '60-119': 8.136180823680824}
Learning rate / peak VRAM: 0.00013961 / 12264.0 MiB
Best epoch / best MAE / epochs không cải thiện: 13 / 6.3003 / 1
Cảnh báo hiện tại: KHÔNG
Checkpoint gần nhất: /content/C3_Z26_C3_ROI_V2_PILOTS/runs/C3_Z26_C3_ROI_V2_PILOT_C_V2_FOLD_1_SEED_42/last.ckpt
Checkpoint tốt nhất: /content/C3_Z26_C3_ROI_V2_PILOTS/runs/C3_Z26_C3_ROI_V2_PILOT_C_V2_FOLD_1_SEED_42/best_mae.ckpt
Đề xuất tự động: TIẾP TỤC
2026-09-13 06:36:49,584 | INFO | epoch=15 batch=25 global_step=4380 loss_reg_months=4.8707 disagreement_months=1.5811 artifact_factor=1.00 lr=0.00013125 grad_norm=0.9139 throughput=17.84 img/s eta_seconds=604.2 gpu_alloc=555.6MiB gpu_reserved=12264.0MiB skipped_batches=0
2026-09-13 06:37:12,887 | INFO | epoch=15 batch=50 global_step=4393 loss_reg_months=4.7050 disagreement_months=1.4854 artifact_factor=1.00 lr=0.00013125 grad_norm=1.4036 throughput=18.55 img/s eta_seconds=556.9 gpu_alloc=448.7MiB gpu_reserved=12264.0MiB skipped_batches=0
2026-09-13 06:37:34,458 | INFO | epoch=15 batch=75 global_step=4405 loss_reg_months=4.7055 disagreement_months=2.4585 artifact_factor=1.00 lr=0.00013125 grad_norm=1.8356 throughput=19.26 img/s eta_seconds=512.9 gpu_alloc=555.6MiB gpu_reserved=12264.0MiB skipped_batches=0
2026-09-13 06:37:55,793 | INFO | epoch=15 batch=100 global_step=4418 loss_reg_months=4.6898 disagreement_months=1.6705 artifact_factor=1.00 lr=0.00013125 grad_norm=1.4124 throughput=19.69 img/s eta_seconds=478.9 gpu_alloc=448.7MiB gpu_reserved=12264.0MiB skipped_batches=0
2026-09-13 06:38:17,181 | INFO | epoch=15 batch=125 global_step=4430 loss_reg_months=4.6345 disagreement_months=2.4144 artifact_factor=1.00 lr=0.00013125 grad_norm=1.4363 throughput=19.94 img/s eta_seconds=450.2 gpu_alloc=555.6MiB gpu_reserved=12264.0MiB skipped_batches=0
2026-09-13 06:38:39,030 | INFO | epoch=15 batch=150 global_step=4443 loss_reg_months=4.7227 disagreement_months=2.3968 artifact_factor=1.00 lr=0.00013125 grad_norm=0.9571 throughput=20.05 img/s eta_seconds=425.4 gpu_alloc=448.7MiB gpu_reserved=12264.0MiB skipped_batches=0
2026-09-13 06:39:00,662 | INFO | epoch=15 batch=175 global_step=4455 loss_reg_months=4.6532 disagreement_months=2.4270 artifact_factor=1.00 lr=0.00013125 grad_norm=1.1590 throughput=20.15 img/s eta_seconds=400.8 gpu_alloc=555.6MiB gpu_reserved=12264.0MiB skipped_batches=0
2026-09-13 06:39:22,338 | INFO | epoch=15 batch=200 global_step=4468 loss_reg_months=4.6596 disagreement_months=2.7065 artifact_factor=1.00 lr=0.00013125 grad_norm=1.5344 throughput=20.23 img/s eta_seconds=377.1 gpu_alloc=448.7MiB gpu_reserved=12264.0MiB skipped_batches=0
2026-09-13 06:39:43,913 | INFO | epoch=15 batch=225 global_step=4480 loss_reg_months=4.6537 disagreement_months=1.7347 artifact_factor=1.00 lr=0.00013125 grad_norm=1.0245 throughput=20.30 img/s eta_seconds=353.7 gpu_alloc=555.6MiB gpu_reserved=12264.0MiB skipped_batches=0
2026-09-13 06:40:05,589 | INFO | epoch=15 batch=250 global_step=4493 loss_reg_months=4.6900 disagreement_months=2.5617 artifact_factor=1.00 lr=0.00013125 grad_norm=1.3578 throughput=20.34 img/s eta_seconds=330.8 gpu_alloc=448.7MiB gpu_reserved=12264.0MiB skipped_batches=0
2026-09-13 06:40:33,327 | INFO | epoch=15 batch=275 global_step=4505 loss_reg_months=4.7114 disagreement_months=1.8265 artifact_factor=1.00 lr=0.00013125 grad_norm=1.2694 throughput=19.88 img/s eta_seconds=315.8 gpu_alloc=555.6MiB gpu_reserved=12264.0MiB skipped_batches=0
2026-09-13 06:40:55,589 | INFO | epoch=15 batch=300 global_step=4518 loss_reg_months=4.7411 disagreement_months=2.1589 artifact_factor=1.00 lr=0.00013125 grad_norm=2.2195 throughput=19.91 img/s eta_seconds=292.7 gpu_alloc=448.7MiB gpu_reserved=12264.0MiB skipped_batches=0
2026-09-13 06:41:18,335 | INFO | epoch=15 batch=325 global_step=4530 loss_reg_months=4.7536 disagreement_months=1.5421 artifact_factor=1.00 lr=0.00013125 grad_norm=2.5701 throughput=19.90 img/s eta_seconds=270.3 gpu_alloc=555.6MiB gpu_reserved=12264.0MiB skipped_batches=0
2026-09-13 06:41:39,791 | INFO | epoch=15 batch=350 global_step=4543 loss_reg_months=4.8006 disagreement_months=1.8114 artifact_factor=1.00 lr=0.00013125 grad_norm=2.0996 throughput=19.97 img/s eta_seconds=246.7 gpu_alloc=448.7MiB gpu_reserved=12264.0MiB skipped_batches=0
2026-09-13 06:42:01,350 | INFO | epoch=15 batch=375 global_step=4555 loss_reg_months=4.8156 disagreement_months=1.4565 artifact_factor=1.00 lr=0.00013125 grad_norm=1.3114 throughput=20.03 img/s eta_seconds=223.6 gpu_alloc=555.6MiB gpu_reserved=12264.0MiB skipped_batches=0
2026-09-13 06:42:22,968 | INFO | epoch=15 batch=400 global_step=4568 loss_reg_months=4.8130 disagreement_months=2.0468 artifact_factor=1.00 lr=0.00013125 grad_norm=1.1165 throughput=20.08 img/s eta_seconds=200.6 gpu_alloc=448.7MiB gpu_reserved=12264.0MiB skipped_batches=0
2026-09-13 06:42:44,751 | INFO | epoch=15 batch=425 global_step=4580 loss_reg_months=4.7911 disagreement_months=2.2394 artifact_factor=1.00 lr=0.00013125 grad_norm=1.4496 throughput=20.11 img/s eta_seconds=177.9 gpu_alloc=555.6MiB gpu_reserved=12264.0MiB skipped_batches=0
2026-09-13 06:43:06,449 | INFO | epoch=15 batch=450 global_step=4593 loss_reg_months=4.8057 disagreement_months=2.7467 artifact_factor=1.00 lr=0.00013125 grad_norm=1.1437 throughput=20.14 img/s eta_seconds=155.3 gpu_alloc=448.7MiB gpu_reserved=12264.0MiB skipped_batches=0
2026-09-13 06:43:28,123 | INFO | epoch=15 batch=475 global_step=4605 loss_reg_months=4.8104 disagreement_months=2.7845 artifact_factor=1.00 lr=0.00013125 grad_norm=1.5927 throughput=20.18 img/s eta_seconds=132.7 gpu_alloc=555.6MiB gpu_reserved=12264.0MiB skipped_batches=0
2026-09-13 06:43:49,742 | INFO | epoch=15 batch=500 global_step=4618 loss_reg_months=4.8228 disagreement_months=2.8978 artifact_factor=1.00 lr=0.00013125 grad_norm=1.6864 throughput=20.21 img/s eta_seconds=110.3 gpu_alloc=448.7MiB gpu_reserved=12264.0MiB skipped_batches=0
2026-09-13 06:44:11,371 | INFO | epoch=15 batch=525 global_step=4630 loss_reg_months=4.7880 disagreement_months=1.6679 artifact_factor=1.00 lr=0.00013125 grad_norm=1.2237 throughput=20.24 img/s eta_seconds=87.9 gpu_alloc=555.6MiB gpu_reserved=12264.0MiB skipped_batches=0
2026-09-13 06:44:33,062 | INFO | epoch=15 batch=550 global_step=4643 loss_reg_months=4.7892 disagreement_months=2.7467 artifact_factor=1.00 lr=0.00013125 grad_norm=1.5270 throughput=20.26 img/s eta_seconds=65.6 gpu_alloc=448.7MiB gpu_reserved=12264.0MiB skipped_batches=0
2026-09-13 06:44:54,760 | INFO | epoch=15 batch=575 global_step=4655 loss_reg_months=4.7937 disagreement_months=2.2797 artifact_factor=1.00 lr=0.00013125 grad_norm=1.4539 throughput=20.28 img/s eta_seconds=43.3 gpu_alloc=555.6MiB gpu_reserved=12264.0MiB skipped_batches=0
2026-09-13 06:45:16,511 | INFO | epoch=15 batch=600 global_step=4668 loss_reg_months=4.7977 disagreement_months=2.5906 artifact_factor=1.00 lr=0.00013125 grad_norm=0.9412 throughput=20.29 img/s eta_seconds=21.1 gpu_alloc=448.7MiB gpu_reserved=12264.0MiB skipped_batches=0
2026-09-13 06:46:16,574 | INFO | 
TRAINING REVIEW SNAPSHOT
Run ID / config hash / split hash: C3_Z26_C3_ROI_V2_PILOT_C_V2_FOLD_1_SEED_42 / a1df1d91a46a / bd104dee8d02+d03e7faa2165
Epoch / global step: 15 / 4680
Train loss: 4.8130
Validation MAE / RMSE / median AE: 6.3335 / 8.6092 / 4.7500
MAE nam / nữ / age bins: {'F': 6.623042322261072, 'M': 6.088423528928336} / {'0-59': 5.538255062849162, '120-179': 5.632856253889234, '180-228': 6.478571428571429, '60-119': 7.9198841698841695}
Learning rate / peak VRAM: 0.00013125 / 12264.0 MiB
Best epoch / best MAE / epochs không cải thiện: 13 / 6.3003 / 2
Cảnh báo hiện tại: KHÔNG
Checkpoint gần nhất: /content/C3_Z26_C3_ROI_V2_PILOTS/runs/C3_Z26_C3_ROI_V2_PILOT_C_V2_FOLD_1_SEED_42/last.ckpt
Checkpoint tốt nhất: /content/C3_Z26_C3_ROI_V2_PILOTS/runs/C3_Z26_C3_ROI_V2_PILOT_C_V2_FOLD_1_SEED_42/best_mae.ckpt
Đề xuất tự động: TIẾP TỤC
2026-09-13 06:57:35,046 | INFO | Run=C3_Z26_C3_ROI_V2_PILOT_C_V2_FOLD_1_SEED_42 device=cuda config_hash=a1df1d91a46abde1c0226870bafa329cc313693fe907cf44c2796cd1d97bb6dc
2026-09-13 06:57:35,046 | INFO | Split hash train=bd104dee8d024f7d4c3af09e7f77fe9bdcc51e7eef85f7a21231b3550cf45bdf validation=d03e7faa21651d2c5d53ae31ce407a0b5a22d9f2168d2c836133012c098c4c0a
2026-09-13 06:58:13,359 | INFO | epoch=16 batch=25 global_step=4692 loss_reg_months=4.7153 disagreement_months=2.3250 artifact_factor=1.00 lr=0.00012264 grad_norm=1.3807 throughput=11.95 img/s eta_seconds=901.6 gpu_alloc=555.6MiB gpu_reserved=12264.0MiB skipped_batches=0
2026-09-13 06:58:35,301 | INFO | epoch=16 batch=50 global_step=4705 loss_reg_months=4.5548 disagreement_months=2.5277 artifact_factor=1.00 lr=0.00012264 grad_norm=1.1909 throughput=15.10 img/s eta_seconds=683.8 gpu_alloc=448.7MiB gpu_reserved=12264.0MiB skipped_batches=0
2026-09-13 06:58:56,532 | INFO | epoch=16 batch=75 global_step=4717 loss_reg_months=4.4741 disagreement_months=1.4338 artifact_factor=1.00 lr=0.00012264 grad_norm=0.9892 throughput=16.70 img/s eta_seconds=591.3 gpu_alloc=555.6MiB gpu_reserved=12264.0MiB skipped_batches=0
2026-09-13 06:59:18,875 | INFO | epoch=16 batch=100 global_step=4730 loss_reg_months=4.4631 disagreement_months=2.3565 artifact_factor=1.00 lr=0.00012264 grad_norm=1.2731 throughput=17.45 img/s eta_seconds=540.3 gpu_alloc=448.7MiB gpu_reserved=12264.0MiB skipped_batches=0
2026-09-13 06:59:41,473 | INFO | epoch=16 batch=125 global_step=4742 loss_reg_months=4.5264 disagreement_months=1.7926 artifact_factor=1.00 lr=0.00012264 grad_norm=1.2830 throughput=17.89 img/s eta_seconds=501.8 gpu_alloc=555.6MiB gpu_reserved=12264.0MiB skipped_batches=0
2026-09-13 07:00:06,859 | INFO | epoch=16 batch=150 global_step=4755 loss_reg_months=4.5623 disagreement_months=1.9965 artifact_factor=1.00 lr=0.00012264 grad_norm=1.1559 throughput=17.86 img/s eta_seconds=477.4 gpu_alloc=448.7MiB gpu_reserved=12264.0MiB skipped_batches=0
2026-09-13 07:00:33,073 | INFO | epoch=16 batch=175 global_step=4767 loss_reg_months=4.5679 disagreement_months=2.0909 artifact_factor=1.00 lr=0.00012264 grad_norm=1.8780 throughput=17.76 img/s eta_seconds=454.8 gpu_alloc=555.6MiB gpu_reserved=12264.0MiB skipped_batches=0
2026-09-13 07:00:56,337 | INFO | epoch=16 batch=200 global_step=4780 loss_reg_months=4.5832 disagreement_months=2.2294 artifact_factor=1.00 lr=0.00012264 grad_norm=1.0505 throughput=17.94 img/s eta_seconds=425.1 gpu_alloc=448.7MiB gpu_reserved=12264.0MiB skipped_batches=0
2026-09-13 07:01:18,805 | INFO | epoch=16 batch=225 global_step=4792 loss_reg_months=4.6070 disagreement_months=2.5353 artifact_factor=1.00 lr=0.00012264 grad_norm=1.0221 throughput=18.15 img/s eta_seconds=395.4 gpu_alloc=555.6MiB gpu_reserved=12264.0MiB skipped_batches=0
2026-09-13 07:01:40,922 | INFO | epoch=16 batch=250 global_step=4805 loss_reg_months=4.6095 disagreement_months=1.9071 artifact_factor=1.00 lr=0.00012264 grad_norm=2.0293 throughput=18.35 img/s eta_seconds=366.6 gpu_alloc=448.7MiB gpu_reserved=12264.0MiB skipped_batches=0
2026-09-13 07:02:03,050 | INFO | epoch=16 batch=275 global_step=4817 loss_reg_months=4.6283 disagreement_months=1.4225 artifact_factor=1.00 lr=0.00012264 grad_norm=0.9738 throughput=18.52 img/s eta_seconds=339.1 gpu_alloc=555.6MiB gpu_reserved=12264.0MiB skipped_batches=0
2026-09-13 07:02:25,353 | INFO | epoch=16 batch=300 global_step=4830 loss_reg_months=4.6351 disagreement_months=2.3943 artifact_factor=1.00 lr=0.00012264 grad_norm=1.1439 throughput=18.64 img/s eta_seconds=312.6 gpu_alloc=448.7MiB gpu_reserved=12264.0MiB skipped_batches=0
2026-09-13 07:02:47,751 | INFO | epoch=16 batch=325 global_step=4842 loss_reg_months=4.6428 disagreement_months=2.7065 artifact_factor=1.00 lr=0.00012264 grad_norm=1.5223 throughput=18.75 img/s eta_seconds=286.9 gpu_alloc=555.6MiB gpu_reserved=12264.0MiB skipped_batches=0
2026-09-13 07:03:09,933 | INFO | epoch=16 batch=350 global_step=4855 loss_reg_months=4.6352 disagreement_months=3.2704 artifact_factor=1.00 lr=0.00012264 grad_norm=1.5842 throughput=18.85 img/s eta_seconds=261.4 gpu_alloc=448.7MiB gpu_reserved=12264.0MiB skipped_batches=0
2026-09-13 07:03:32,234 | INFO | epoch=16 batch=375 global_step=4867 loss_reg_months=4.6421 disagreement_months=1.9839 artifact_factor=1.00 lr=0.00012264 grad_norm=1.6091 throughput=18.93 img/s eta_seconds=236.5 gpu_alloc=555.6MiB gpu_reserved=12264.0MiB skipped_batches=0
2026-09-13 07:03:54,367 | INFO | epoch=16 batch=400 global_step=4880 loss_reg_months=4.6100 disagreement_months=1.7623 artifact_factor=1.00 lr=0.00012264 grad_norm=1.3462 throughput=19.01 img/s eta_seconds=211.8 gpu_alloc=448.7MiB gpu_reserved=12264.0MiB skipped_batches=0
2026-09-13 07:04:16,664 | INFO | epoch=16 batch=425 global_step=4892 loss_reg_months=4.6383 disagreement_months=2.2873 artifact_factor=1.00 lr=0.00012264 grad_norm=2.3736 throughput=19.08 img/s eta_seconds=187.5 gpu_alloc=555.6MiB gpu_reserved=12264.0MiB skipped_batches=0
2026-09-13 07:04:38,896 | INFO | epoch=16 batch=450 global_step=4905 loss_reg_months=4.6335 disagreement_months=1.8580 artifact_factor=1.00 lr=0.00012264 grad_norm=1.0499 throughput=19.14 img/s eta_seconds=163.4 gpu_alloc=448.7MiB gpu_reserved=12264.0MiB skipped_batches=0
2026-09-13 07:05:04,426 | INFO | epoch=16 batch=475 global_step=4917 loss_reg_months=4.6437 disagreement_months=1.7309 artifact_factor=1.00 lr=0.00012264 grad_norm=1.2713 throughput=19.05 img/s eta_seconds=140.5 gpu_alloc=555.6MiB gpu_reserved=12264.0MiB skipped_batches=0
2026-09-13 07:05:28,304 | INFO | epoch=16 batch=500 global_step=4930 loss_reg_months=4.6694 disagreement_months=1.7636 artifact_factor=1.00 lr=0.00012264 grad_norm=2.6935 throughput=19.04 img/s eta_seconds=117.0 gpu_alloc=448.7MiB gpu_reserved=12264.0MiB skipped_batches=0
2026-09-13 07:05:53,552 | INFO | epoch=16 batch=525 global_step=4942 loss_reg_months=4.6883 disagreement_months=3.0061 artifact_factor=1.00 lr=0.00012264 grad_norm=1.7943 throughput=18.98 img/s eta_seconds=93.7 gpu_alloc=555.6MiB gpu_reserved=12264.0MiB skipped_batches=0
2026-09-13 07:06:15,898 | INFO | epoch=16 batch=550 global_step=4955 loss_reg_months=4.7055 disagreement_months=1.5773 artifact_factor=1.00 lr=0.00012264 grad_norm=1.0950 throughput=19.03 img/s eta_seconds=69.8 gpu_alloc=448.7MiB gpu_reserved=12264.0MiB skipped_batches=0
2026-09-13 07:06:38,058 | INFO | epoch=16 batch=575 global_step=4967 loss_reg_months=4.6973 disagreement_months=2.0670 artifact_factor=1.00 lr=0.00012264 grad_norm=1.5487 throughput=19.08 img/s eta_seconds=46.0 gpu_alloc=555.6MiB gpu_reserved=12264.0MiB skipped_batches=0
2026-09-13 07:07:00,337 | INFO | epoch=16 batch=600 global_step=4980 loss_reg_months=4.6892 disagreement_months=2.4988 artifact_factor=1.00 lr=0.00012264 grad_norm=0.9934 throughput=19.13 img/s eta_seconds=22.4 gpu_alloc=448.7MiB gpu_reserved=12264.0MiB skipped_batches=0
2026-09-13 07:08:12,635 | INFO | 
TRAINING REVIEW SNAPSHOT
Run ID / config hash / split hash: C3_Z26_C3_ROI_V2_PILOT_C_V2_FOLD_1_SEED_42 / a1df1d91a46a / bd104dee8d02+d03e7faa2165
Epoch / global step: 16 / 4992
Train loss: 4.6943
Validation MAE / RMSE / median AE: 6.7678 / 9.0406 / 5.3750
MAE nam / nữ / age bins: {'F': 7.049008716977467, 'M': 6.529791255752794} / {'0-59': 6.828277758379889, '120-179': 5.910858742999378, '180-228': 7.960714285714285, '60-119': 8.14993564993565}
Learning rate / peak VRAM: 0.00012264 / 12264.0 MiB
Best epoch / best MAE / epochs không cải thiện: 13 / 6.3003 / 3
Cảnh báo hiện tại: KHÔNG
Checkpoint gần nhất: /content/C3_Z26_C3_ROI_V2_PILOTS/runs/C3_Z26_C3_ROI_V2_PILOT_C_V2_FOLD_1_SEED_42/last.ckpt
Checkpoint tốt nhất: /content/C3_Z26_C3_ROI_V2_PILOTS/runs/C3_Z26_C3_ROI_V2_PILOT_C_V2_FOLD_1_SEED_42/best_mae.ckpt
Đề xuất tự động: TIẾP TỤC
2026-09-13 07:08:55,643 | INFO | epoch=17 batch=25 global_step=5004 loss_reg_months=4.4141 disagreement_months=2.7014 artifact_factor=1.00 lr=0.00011386 grad_norm=1.3561 throughput=13.38 img/s eta_seconds=805.5 gpu_alloc=555.6MiB gpu_reserved=12264.0MiB skipped_batches=0
2026-09-13 07:09:20,417 | INFO | epoch=17 batch=50 global_step=5017 loss_reg_months=4.3302 disagreement_months=1.5509 artifact_factor=1.00 lr=0.00011386 grad_norm=1.2688 throughput=15.41 img/s eta_seconds=670.2 gpu_alloc=448.7MiB gpu_reserved=12264.0MiB skipped_batches=0
2026-09-13 07:09:47,378 | INFO | epoch=17 batch=75 global_step=5029 loss_reg_months=4.3731 disagreement_months=1.7762 artifact_factor=1.00 lr=0.00011386 grad_norm=1.2077 throughput=15.81 img/s eta_seconds=624.6 gpu_alloc=555.6MiB gpu_reserved=12264.0MiB skipped_batches=0
2026-09-13 07:10:10,944 | INFO | epoch=17 batch=100 global_step=5042 loss_reg_months=4.4961 disagreement_months=2.6762 artifact_factor=1.00 lr=0.00011386 grad_norm=1.1797 throughput=16.52 img/s eta_seconds=570.6 gpu_alloc=448.7MiB gpu_reserved=12264.0MiB skipped_batches=0
2026-09-13 07:10:33,287 | INFO | epoch=17 batch=125 global_step=5054 loss_reg_months=4.4877 disagreement_months=2.7266 artifact_factor=1.00 lr=0.00011386 grad_norm=1.3723 throughput=17.14 img/s eta_seconds=523.8 gpu_alloc=555.6MiB gpu_reserved=12264.0MiB skipped_batches=0
2026-09-13 07:10:55,459 | INFO | epoch=17 batch=150 global_step=5067 loss_reg_months=4.5676 disagreement_months=2.3087 artifact_factor=1.00 lr=0.00011386 grad_norm=2.4267 throughput=17.60 img/s eta_seconds=484.7 gpu_alloc=448.7MiB gpu_reserved=12264.0MiB skipped_batches=0
2026-09-13 07:11:17,395 | INFO | epoch=17 batch=175 global_step=5079 loss_reg_months=4.6172 disagreement_months=2.0657 artifact_factor=1.00 lr=0.00011386 grad_norm=1.7525 throughput=17.96 img/s eta_seconds=449.8 gpu_alloc=555.6MiB gpu_reserved=12264.0MiB skipped_batches=0
2026-09-13 07:11:39,333 | INFO | epoch=17 batch=200 global_step=5092 loss_reg_months=4.5560 disagreement_months=1.5962 artifact_factor=1.00 lr=0.00011386 grad_norm=1.0416 throughput=18.24 img/s eta_seconds=418.1 gpu_alloc=448.7MiB gpu_reserved=12264.0MiB skipped_batches=0
2026-09-13 07:12:01,467 | INFO | epoch=17 batch=225 global_step=5104 loss_reg_months=4.5426 disagreement_months=2.6158 artifact_factor=1.00 lr=0.00011386 grad_norm=2.0592 throughput=18.45 img/s eta_seconds=388.9 gpu_alloc=555.6MiB gpu_reserved=12264.0MiB skipped_batches=0
2026-09-13 07:12:23,582 | INFO | epoch=17 batch=250 global_step=5117 loss_reg_months=4.5877 disagreement_months=2.4446 artifact_factor=1.00 lr=0.00011386 grad_norm=1.3529 throughput=18.63 img/s eta_seconds=361.2 gpu_alloc=448.7MiB gpu_reserved=12264.0MiB skipped_batches=0
2026-09-13 07:12:45,728 | INFO | epoch=17 batch=275 global_step=5129 loss_reg_months=4.5931 disagreement_months=2.4043 artifact_factor=1.00 lr=0.00011386 grad_norm=2.0412 throughput=18.77 img/s eta_seconds=334.5 gpu_alloc=555.6MiB gpu_reserved=12264.0MiB skipped_batches=0
2026-09-13 07:13:07,838 | INFO | epoch=17 batch=300 global_step=5142 loss_reg_months=4.5915 disagreement_months=1.3595 artifact_factor=1.00 lr=0.00011386 grad_norm=1.3804 throughput=18.89 img/s eta_seconds=308.5 gpu_alloc=448.7MiB gpu_reserved=12264.0MiB skipped_batches=0
2026-09-13 07:13:30,093 | INFO | epoch=17 batch=325 global_step=5154 loss_reg_months=4.5866 disagreement_months=1.5962 artifact_factor=1.00 lr=0.00011386 grad_norm=1.9250 throughput=18.99 img/s eta_seconds=283.2 gpu_alloc=555.6MiB gpu_reserved=12264.0MiB skipped_batches=0
2026-09-13 07:14:01,035 | INFO | epoch=17 batch=350 global_step=5167 loss_reg_months=4.5693 disagreement_months=2.5101 artifact_factor=1.00 lr=0.00011386 grad_norm=1.0271 throughput=18.58 img/s eta_seconds=265.2 gpu_alloc=448.7MiB gpu_reserved=12264.0MiB skipped_batches=0
2026-09-13 07:14:24,658 | INFO | epoch=17 batch=375 global_step=5179 loss_reg_months=4.5522 disagreement_months=2.0909 artifact_factor=1.00 lr=0.00011386 grad_norm=1.0205 throughput=18.61 img/s eta_seconds=240.6 gpu_alloc=555.6MiB gpu_reserved=12264.0MiB skipped_batches=0
2026-09-13 07:14:47,792 | INFO | epoch=17 batch=400 global_step=5192 loss_reg_months=4.5561 disagreement_months=2.3250 artifact_factor=1.00 lr=0.00011386 grad_norm=1.3896 throughput=18.66 img/s eta_seconds=215.8 gpu_alloc=448.7MiB gpu_reserved=12264.0MiB skipped_batches=0
2026-09-13 07:15:09,635 | INFO | epoch=17 batch=425 global_step=5204 loss_reg_months=4.5539 disagreement_months=1.7422 artifact_factor=1.00 lr=0.00011386 grad_norm=1.1672 throughput=18.77 img/s eta_seconds=190.7 gpu_alloc=555.6MiB gpu_reserved=12264.0MiB skipped_batches=0
2026-09-13 07:15:31,615 | INFO | epoch=17 batch=450 global_step=5217 loss_reg_months=4.5349 disagreement_months=2.1727 artifact_factor=1.00 lr=0.00011386 grad_norm=1.0376 throughput=18.85 img/s eta_seconds=165.9 gpu_alloc=448.7MiB gpu_reserved=12264.0MiB skipped_batches=0
2026-09-13 07:15:53,862 | INFO | epoch=17 batch=475 global_step=5229 loss_reg_months=4.5570 disagreement_months=2.8273 artifact_factor=1.00 lr=0.00011386 grad_norm=1.7973 throughput=18.92 img/s eta_seconds=141.5 gpu_alloc=555.6MiB gpu_reserved=12264.0MiB skipped_batches=0
2026-09-13 07:16:16,008 | INFO | epoch=17 batch=500 global_step=5242 loss_reg_months=4.5617 disagreement_months=1.5760 artifact_factor=1.00 lr=0.00011386 grad_norm=0.9268 throughput=18.99 img/s eta_seconds=117.3 gpu_alloc=448.7MiB gpu_reserved=12264.0MiB skipped_batches=0
2026-09-13 07:16:41,014 | INFO | epoch=17 batch=525 global_step=5254 loss_reg_months=4.5699 disagreement_months=2.4748 artifact_factor=1.00 lr=0.00011386 grad_norm=1.0726 throughput=18.94 img/s eta_seconds=93.9 gpu_alloc=555.6MiB gpu_reserved=12264.0MiB skipped_batches=0
2026-09-13 07:17:04,981 | INFO | epoch=17 batch=550 global_step=5267 loss_reg_months=4.5906 disagreement_months=2.0682 artifact_factor=1.00 lr=0.00011386 grad_norm=2.1620 throughput=18.93 img/s eta_seconds=70.2 gpu_alloc=448.7MiB gpu_reserved=12264.0MiB skipped_batches=0
2026-09-13 07:17:29,608 | INFO | epoch=17 batch=575 global_step=5279 loss_reg_months=4.6196 disagreement_months=2.2722 artifact_factor=1.00 lr=0.00011386 grad_norm=1.9089 throughput=18.90 img/s eta_seconds=46.5 gpu_alloc=555.6MiB gpu_reserved=12264.0MiB skipped_batches=0
2026-09-13 07:17:51,855 | INFO | epoch=17 batch=600 global_step=5292 loss_reg_months=4.6065 disagreement_months=2.5441 artifact_factor=1.00 lr=0.00011386 grad_norm=1.3399 throughput=18.95 img/s eta_seconds=22.6 gpu_alloc=448.7MiB gpu_reserved=12264.0MiB skipped_batches=0
2026-09-13 07:18:45,749 | INFO | 
TRAINING REVIEW SNAPSHOT
Run ID / config hash / split hash: C3_Z26_C3_ROI_V2_PILOT_C_V2_FOLD_1_SEED_42 / a1df1d91a46a / bd104dee8d02+d03e7faa2165
Epoch / global step: 17 / 5304
Train loss: 4.6057
Validation MAE / RMSE / median AE: 6.4888 / 8.7976 / 5.0000
MAE nam / nữ / age bins: {'F': 6.720877646658897, 'M': 6.292416584483892} / {'0-59': 5.603897520949721, '120-179': 6.112593341630367, '180-228': 5.825, '60-119': 7.680019305019305}
Learning rate / peak VRAM: 0.00011386 / 12264.0 MiB
Best epoch / best MAE / epochs không cải thiện: 13 / 6.3003 / 4
Cảnh báo hiện tại: KHÔNG
Checkpoint gần nhất: /content/C3_Z26_C3_ROI_V2_PILOTS/runs/C3_Z26_C3_ROI_V2_PILOT_C_V2_FOLD_1_SEED_42/last.ckpt
Checkpoint tốt nhất: /content/C3_Z26_C3_ROI_V2_PILOTS/runs/C3_Z26_C3_ROI_V2_PILOT_C_V2_FOLD_1_SEED_42/best_mae.ckpt
Đề xuất tự động: TIẾP TỤC
2026-09-13 07:19:18,760 | INFO | epoch=18 batch=25 global_step=5316 loss_reg_months=3.9792 disagreement_months=1.6088 artifact_factor=1.00 lr=0.00010496 grad_norm=0.9713 throughput=18.22 img/s eta_seconds=591.5 gpu_alloc=555.6MiB gpu_reserved=12264.0MiB skipped_batches=0
2026-09-13 07:19:44,138 | INFO | epoch=18 batch=50 global_step=5329 loss_reg_months=4.3631 disagreement_months=1.3948 artifact_factor=1.00 lr=0.00010496 grad_norm=1.0079 throughput=17.97 img/s eta_seconds=574.7 gpu_alloc=448.7MiB gpu_reserved=12264.0MiB skipped_batches=0
2026-09-13 07:20:06,086 | INFO | epoch=18 batch=75 global_step=5341 loss_reg_months=4.3407 disagreement_months=2.3490 artifact_factor=1.00 lr=0.00010496 grad_norm=1.4444 throughput=18.74 img/s eta_seconds=527.0 gpu_alloc=555.6MiB gpu_reserved=12264.0MiB skipped_batches=0
2026-09-13 07:20:27,913 | INFO | epoch=18 batch=100 global_step=5354 loss_reg_months=4.4082 disagreement_months=1.9335 artifact_factor=1.00 lr=0.00010496 grad_norm=1.4285 throughput=19.18 img/s eta_seconds=491.6 gpu_alloc=448.7MiB gpu_reserved=12264.0MiB skipped_batches=0
2026-09-13 07:20:50,228 | INFO | epoch=18 batch=125 global_step=5366 loss_reg_months=4.3599 disagreement_months=2.2168 artifact_factor=1.00 lr=0.00010496 grad_norm=1.1986 throughput=19.37 img/s eta_seconds=463.5 gpu_alloc=555.6MiB gpu_reserved=12264.0MiB skipped_batches=0
2026-09-13 07:21:12,474 | INFO | epoch=18 batch=150 global_step=5379 loss_reg_months=4.3615 disagreement_months=2.5604 artifact_factor=1.00 lr=0.00010496 grad_norm=1.0624 throughput=19.51 img/s eta_seconds=437.2 gpu_alloc=448.7MiB gpu_reserved=12264.0MiB skipped_batches=0
2026-09-13 07:21:34,675 | INFO | epoch=18 batch=175 global_step=5391 loss_reg_months=4.3879 disagreement_months=1.6931 artifact_factor=1.00 lr=0.00010496 grad_norm=1.2836 throughput=19.61 img/s eta_seconds=411.9 gpu_alloc=555.6MiB gpu_reserved=12264.0MiB skipped_batches=0
2026-09-13 07:21:56,676 | INFO | epoch=18 batch=200 global_step=5404 loss_reg_months=4.4057 disagreement_months=2.6586 artifact_factor=1.00 lr=0.00010496 grad_norm=1.8330 throughput=19.71 img/s eta_seconds=386.9 gpu_alloc=448.7MiB gpu_reserved=12264.0MiB skipped_batches=0
2026-09-13 07:22:18,689 | INFO | epoch=18 batch=225 global_step=5416 loss_reg_months=4.3782 disagreement_months=3.0463 artifact_factor=1.00 lr=0.00010496 grad_norm=1.3206 throughput=19.79 img/s eta_seconds=362.7 gpu_alloc=555.6MiB gpu_reserved=12264.0MiB skipped_batches=0
2026-09-13 07:22:40,788 | INFO | epoch=18 batch=250 global_step=5429 loss_reg_months=4.3838 disagreement_months=2.3603 artifact_factor=1.00 lr=0.00010496 grad_norm=1.3403 throughput=19.85 img/s eta_seconds=339.0 gpu_alloc=448.7MiB gpu_reserved=12264.0MiB skipped_batches=0
2026-09-13 07:23:02,858 | INFO | epoch=18 batch=275 global_step=5441 loss_reg_months=4.3685 disagreement_months=1.2481 artifact_factor=1.00 lr=0.00010496 grad_norm=1.0203 throughput=19.90 img/s eta_seconds=315.5 gpu_alloc=555.6MiB gpu_reserved=12264.0MiB skipped_batches=0
2026-09-13 07:23:24,883 | INFO | epoch=18 batch=300 global_step=5454 loss_reg_months=4.4039 disagreement_months=1.4250 artifact_factor=1.00 lr=0.00010496 grad_norm=1.1688 throughput=19.94 img/s eta_seconds=292.3 gpu_alloc=448.7MiB gpu_reserved=12264.0MiB skipped_batches=0
2026-09-13 07:23:47,067 | INFO | epoch=18 batch=325 global_step=5466 loss_reg_months=4.3995 disagreement_months=1.8190 artifact_factor=1.00 lr=0.00010496 grad_norm=1.2014 throughput=19.97 img/s eta_seconds=269.4 gpu_alloc=555.6MiB gpu_reserved=12264.0MiB skipped_batches=0
2026-09-13 07:24:14,949 | INFO | epoch=18 batch=350 global_step=5479 loss_reg_months=4.4175 disagreement_months=2.5491 artifact_factor=1.00 lr=0.00010496 grad_norm=1.3628 throughput=19.63 img/s eta_seconds=251.0 gpu_alloc=448.7MiB gpu_reserved=12264.0MiB skipped_batches=0
2026-09-13 07:24:40,359 | INFO | epoch=18 batch=375 global_step=5491 loss_reg_months=4.3985 disagreement_months=1.3721 artifact_factor=1.00 lr=0.00010496 grad_norm=1.5074 throughput=19.49 img/s eta_seconds=229.7 gpu_alloc=555.6MiB gpu_reserved=12264.0MiB skipped_batches=0
2026-09-13 07:25:05,768 | INFO | epoch=18 batch=400 global_step=5504 loss_reg_months=4.4048 disagreement_months=2.5000 artifact_factor=1.00 lr=0.00010496 grad_norm=1.2405 throughput=19.37 img/s eta_seconds=208.0 gpu_alloc=448.7MiB gpu_reserved=12264.0MiB skipped_batches=0
2026-09-13 07:25:29,266 | INFO | epoch=18 batch=425 global_step=5516 loss_reg_months=4.4010 disagreement_months=1.5911 artifact_factor=1.00 lr=0.00010496 grad_norm=1.2047 throughput=19.36 img/s eta_seconds=184.8 gpu_alloc=555.6MiB gpu_reserved=12264.0MiB skipped_batches=0
2026-09-13 07:25:53,661 | INFO | epoch=18 batch=450 global_step=5529 loss_reg_months=4.3946 disagreement_months=2.7895 artifact_factor=1.00 lr=0.00010496 grad_norm=1.1751 throughput=19.30 img/s eta_seconds=162.0 gpu_alloc=448.7MiB gpu_reserved=12264.0MiB skipped_batches=0
2026-09-13 07:26:15,852 | INFO | epoch=18 batch=475 global_step=5541 loss_reg_months=4.4240 disagreement_months=2.8323 artifact_factor=1.00 lr=0.00010496 grad_norm=1.6859 throughput=19.35 img/s eta_seconds=138.4 gpu_alloc=555.6MiB gpu_reserved=12264.0MiB skipped_batches=0
2026-09-13 07:26:37,936 | INFO | epoch=18 batch=500 global_step=5554 loss_reg_months=4.4382 disagreement_months=1.9386 artifact_factor=1.00 lr=0.00010496 grad_norm=1.5996 throughput=19.40 img/s eta_seconds=114.8 gpu_alloc=448.7MiB gpu_reserved=12264.0MiB skipped_batches=0
2026-09-13 07:26:59,943 | INFO | epoch=18 batch=525 global_step=5566 loss_reg_months=4.4428 disagreement_months=1.8882 artifact_factor=1.00 lr=0.00010496 grad_norm=1.0787 throughput=19.45 img/s eta_seconds=91.4 gpu_alloc=555.6MiB gpu_reserved=12264.0MiB skipped_batches=0
2026-09-13 07:27:21,945 | INFO | epoch=18 batch=550 global_step=5579 loss_reg_months=4.4478 disagreement_months=2.9758 artifact_factor=1.00 lr=0.00010496 grad_norm=1.8716 throughput=19.49 img/s eta_seconds=68.1 gpu_alloc=448.7MiB gpu_reserved=12264.0MiB skipped_batches=0
2026-09-13 07:27:44,037 | INFO | epoch=18 batch=575 global_step=5591 loss_reg_months=4.4639 disagreement_months=2.5025 artifact_factor=1.00 lr=0.00010496 grad_norm=2.4230 throughput=19.53 img/s eta_seconds=45.0 gpu_alloc=555.6MiB gpu_reserved=12264.0MiB skipped_batches=0
2026-09-13 07:28:06,327 | INFO | epoch=18 batch=600 global_step=5604 loss_reg_months=4.4821 disagreement_months=2.5327 artifact_factor=1.00 lr=0.00010496 grad_norm=1.8155 throughput=19.56 img/s eta_seconds=21.9 gpu_alloc=448.7MiB gpu_reserved=12264.0MiB skipped_batches=0
2026-09-13 07:28:59,655 | WARNING | STABILITY WARNING [CAM] Prediction vượt nhẹ miền tuổi 0–228: [-1.64, 236.50]
2026-09-13 07:28:59,658 | INFO | 
TRAINING REVIEW SNAPSHOT
Run ID / config hash / split hash: C3_Z26_C3_ROI_V2_PILOT_C_V2_FOLD_1_SEED_42 / a1df1d91a46a / bd104dee8d02+d03e7faa2165
Epoch / global step: 18 / 5616
Train loss: 4.4941
Validation MAE / RMSE / median AE: 6.4691 / 8.8307 / 4.8750
MAE nam / nữ / age bins: {'F': 6.73130948912199, 'M': 6.247190376397107} / {'0-59': 6.291986731843576, '120-179': 5.681355009334163, '180-228': 6.114795918367347, '60-119': 8.250764157014157}
Learning rate / peak VRAM: 0.00010496 / 12264.0 MiB
Best epoch / best MAE / epochs không cải thiện: 13 / 6.3003 / 5
Cảnh báo hiện tại: CAM: Prediction vượt nhẹ miền tuổi 0–228: [-1.64, 236.50]
Checkpoint gần nhất: /content/C3_Z26_C3_ROI_V2_PILOTS/runs/C3_Z26_C3_ROI_V2_PILOT_C_V2_FOLD_1_SEED_42/last.ckpt
Checkpoint tốt nhất: /content/C3_Z26_C3_ROI_V2_PILOTS/runs/C3_Z26_C3_ROI_V2_PILOT_C_V2_FOLD_1_SEED_42/best_mae.ckpt
Đề xuất tự động: THEO DÕI
2026-09-13 07:29:39,064 | INFO | epoch=19 batch=25 global_step=5628 loss_reg_months=4.0935 disagreement_months=2.1513 artifact_factor=1.00 lr=0.00009604 grad_norm=1.3198 throughput=17.61 img/s eta_seconds=611.9 gpu_alloc=555.6MiB gpu_reserved=12264.0MiB skipped_batches=0
2026-09-13 07:30:04,441 | INFO | epoch=19 batch=50 global_step=5641 loss_reg_months=4.3963 disagreement_months=2.4320 artifact_factor=1.00 lr=0.00009604 grad_norm=1.1276 throughput=17.67 img/s eta_seconds=584.4 gpu_alloc=448.7MiB gpu_reserved=12264.0MiB skipped_batches=0
2026-09-13 07:30:26,293 | INFO | epoch=19 batch=75 global_step=5653 loss_reg_months=4.4179 disagreement_months=1.4955 artifact_factor=1.00 lr=0.00009604 grad_norm=1.3209 throughput=18.55 img/s eta_seconds=532.5 gpu_alloc=555.6MiB gpu_reserved=12264.0MiB skipped_batches=0
2026-09-13 07:30:48,180 | INFO | epoch=19 batch=100 global_step=5666 loss_reg_months=4.3742 disagreement_months=3.9477 artifact_factor=1.00 lr=0.00009604 grad_norm=1.2347 throughput=19.01 img/s eta_seconds=495.8 gpu_alloc=448.7MiB gpu_reserved=12264.0MiB skipped_batches=0
2026-09-13 07:31:10,280 | INFO | epoch=19 batch=125 global_step=5678 loss_reg_months=4.3404 disagreement_months=1.3696 artifact_factor=1.00 lr=0.00009604 grad_norm=1.9530 throughput=19.27 img/s eta_seconds=465.9 gpu_alloc=555.6MiB gpu_reserved=12264.0MiB skipped_batches=0
2026-09-13 07:31:32,492 | INFO | epoch=19 batch=150 global_step=5691 loss_reg_months=4.3121 disagreement_months=1.7472 artifact_factor=1.00 lr=0.00009604 grad_norm=0.7803 throughput=19.43 img/s eta_seconds=439.0 gpu_alloc=448.7MiB gpu_reserved=12264.0MiB skipped_batches=0
2026-09-13 07:31:54,570 | INFO | epoch=19 batch=175 global_step=5703 loss_reg_months=4.2883 disagreement_months=2.1601 artifact_factor=1.00 lr=0.00009604 grad_norm=1.4870 throughput=19.56 img/s eta_seconds=413.0 gpu_alloc=555.6MiB gpu_reserved=12264.0MiB skipped_batches=0
2026-09-13 07:32:16,658 | INFO | epoch=19 batch=200 global_step=5716 loss_reg_months=4.2824 disagreement_months=2.0947 artifact_factor=1.00 lr=0.00009604 grad_norm=1.4180 throughput=19.66 img/s eta_seconds=388.1 gpu_alloc=448.7MiB gpu_reserved=12264.0MiB skipped_batches=0
2026-09-13 07:32:38,717 | INFO | epoch=19 batch=225 global_step=5728 loss_reg_months=4.3333 disagreement_months=1.8265 artifact_factor=1.00 lr=0.00009604 grad_norm=1.8341 throughput=19.74 img/s eta_seconds=363.7 gpu_alloc=555.6MiB gpu_reserved=12264.0MiB skipped_batches=0
2026-09-13 07:33:01,053 | INFO | epoch=19 batch=250 global_step=5741 loss_reg_months=4.3497 disagreement_months=2.4333 artifact_factor=1.00 lr=0.00009604 grad_norm=1.0212 throughput=19.78 img/s eta_seconds=340.2 gpu_alloc=448.7MiB gpu_reserved=12264.0MiB skipped_batches=0
2026-09-13 07:33:35,446 | INFO | epoch=19 batch=275 global_step=5753 loss_reg_months=4.3433 disagreement_months=2.7442 artifact_factor=1.00 lr=0.00009604 grad_norm=1.7225 throughput=18.90 img/s eta_seconds=332.2 gpu_alloc=555.6MiB gpu_reserved=12264.0MiB skipped_batches=0
2026-09-13 07:34:00,663 | INFO | epoch=19 batch=300 global_step=5766 loss_reg_months=4.3440 disagreement_months=2.6536 artifact_factor=1.00 lr=0.00009604 grad_norm=1.1364 throughput=18.81 img/s eta_seconds=309.9 gpu_alloc=448.7MiB gpu_reserved=12264.0MiB skipped_batches=0
2026-09-13 07:34:24,446 | INFO | epoch=19 batch=325 global_step=5778 loss_reg_months=4.3413 disagreement_months=1.9663 artifact_factor=1.00 lr=0.00009604 grad_norm=1.3699 throughput=18.81 img/s eta_seconds=285.8 gpu_alloc=555.6MiB gpu_reserved=12264.0MiB skipped_batches=0
2026-09-13 07:34:46,313 | INFO | epoch=19 batch=350 global_step=5791 loss_reg_months=4.3509 disagreement_months=2.5038 artifact_factor=1.00 lr=0.00009604 grad_norm=1.1190 throughput=18.93 img/s eta_seconds=260.3 gpu_alloc=448.7MiB gpu_reserved=12264.0MiB skipped_batches=0
2026-09-13 07:35:08,286 | INFO | epoch=19 batch=375 global_step=5803 loss_reg_months=4.3613 disagreement_months=2.2533 artifact_factor=1.00 lr=0.00009604 grad_norm=1.1648 throughput=19.03 img/s eta_seconds=235.4 gpu_alloc=555.6MiB gpu_reserved=12264.0MiB skipped_batches=0
2026-09-13 07:35:30,473 | INFO | epoch=19 batch=400 global_step=5816 loss_reg_months=4.3602 disagreement_months=2.1752 artifact_factor=1.00 lr=0.00009604 grad_norm=0.9163 throughput=19.10 img/s eta_seconds=210.9 gpu_alloc=448.7MiB gpu_reserved=12264.0MiB skipped_batches=0
2026-09-13 07:35:52,653 | INFO | epoch=19 batch=425 global_step=5828 loss_reg_months=4.3387 disagreement_months=1.7837 artifact_factor=1.00 lr=0.00009604 grad_norm=0.9636 throughput=19.17 img/s eta_seconds=186.7 gpu_alloc=555.6MiB gpu_reserved=12264.0MiB skipped_batches=0
2026-09-13 07:36:14,895 | INFO | epoch=19 batch=450 global_step=5841 loss_reg_months=4.3474 disagreement_months=2.4056 artifact_factor=1.00 lr=0.00009604 grad_norm=1.0834 throughput=19.22 img/s eta_seconds=162.7 gpu_alloc=448.7MiB gpu_reserved=12264.0MiB skipped_batches=0
2026-09-13 07:36:37,006 | INFO | epoch=19 batch=475 global_step=5853 loss_reg_months=4.3407 disagreement_months=2.9633 artifact_factor=1.00 lr=0.00009604 grad_norm=0.9269 throughput=19.28 img/s eta_seconds=138.9 gpu_alloc=555.6MiB gpu_reserved=12264.0MiB skipped_batches=0
2026-09-13 07:36:59,218 | INFO | epoch=19 batch=500 global_step=5866 loss_reg_months=4.3542 disagreement_months=2.2394 artifact_factor=1.00 lr=0.00009604 grad_norm=1.4838 throughput=19.33 img/s eta_seconds=115.3 gpu_alloc=448.7MiB gpu_reserved=12264.0MiB skipped_batches=0
2026-09-13 07:37:21,357 | INFO | epoch=19 batch=525 global_step=5878 loss_reg_months=4.3478 disagreement_months=1.7561 artifact_factor=1.00 lr=0.00009604 grad_norm=1.1672 throughput=19.37 img/s eta_seconds=91.8 gpu_alloc=555.6MiB gpu_reserved=12264.0MiB skipped_batches=0
2026-09-13 07:37:43,710 | INFO | epoch=19 batch=550 global_step=5891 loss_reg_months=4.3387 disagreement_months=1.9889 artifact_factor=1.00 lr=0.00009604 grad_norm=1.0908 throughput=19.40 img/s eta_seconds=68.4 gpu_alloc=448.7MiB gpu_reserved=12264.0MiB skipped_batches=0
2026-09-13 07:38:05,970 | INFO | epoch=19 batch=575 global_step=5903 loss_reg_months=4.3396 disagreement_months=1.9386 artifact_factor=1.00 lr=0.00009604 grad_norm=1.4788 throughput=19.44 img/s eta_seconds=45.2 gpu_alloc=555.6MiB gpu_reserved=12264.0MiB skipped_batches=0
2026-09-13 07:38:35,038 | INFO | epoch=19 batch=600 global_step=5916 loss_reg_months=4.3329 disagreement_months=1.9826 artifact_factor=1.00 lr=0.00009604 grad_norm=1.9314 throughput=19.23 img/s eta_seconds=22.3 gpu_alloc=448.7MiB gpu_reserved=12264.0MiB skipped_batches=0
2026-09-13 07:39:30,984 | WARNING | STABILITY WARNING [CAM] Validation MAE xấu đi trong khi train loss giảm
2026-09-13 07:39:30,985 | INFO | 
TRAINING REVIEW SNAPSHOT
Run ID / config hash / split hash: C3_Z26_C3_ROI_V2_PILOT_C_V2_FOLD_1_SEED_42 / a1df1d91a46a / bd104dee8d02+d03e7faa2165
Epoch / global step: 19 / 5928
Train loss: 4.3313
Validation MAE / RMSE / median AE: 6.5639 / 8.8520 / 5.1250
MAE nam / nữ / age bins: {'F': 6.835139253108003, 'M': 6.3344017094017095} / {'0-59': 7.398110160614525, '120-179': 6.1705429371499685, '180-228': 6.3795918367346935, '60-119': 7.2434041184041185}
Learning rate / peak VRAM: 0.00009604 / 12264.0 MiB
Best epoch / best MAE / epochs không cải thiện: 13 / 6.3003 / 6
Cảnh báo hiện tại: CAM: Validation MAE xấu đi trong khi train loss giảm
Checkpoint gần nhất: /content/C3_Z26_C3_ROI_V2_PILOTS/runs/C3_Z26_C3_ROI_V2_PILOT_C_V2_FOLD_1_SEED_42/last.ckpt
Checkpoint tốt nhất: /content/C3_Z26_C3_ROI_V2_PILOTS/runs/C3_Z26_C3_ROI_V2_PILOT_C_V2_FOLD_1_SEED_42/best_mae.ckpt
Đề xuất tự động: THEO DÕI
2026-09-13 07:40:07,608 | INFO | epoch=20 batch=25 global_step=5940 loss_reg_months=4.1990 disagreement_months=1.4703 artifact_factor=1.00 lr=0.00008714 grad_norm=1.2828 throughput=17.00 img/s eta_seconds=634.0 gpu_alloc=555.6MiB gpu_reserved=12264.0MiB skipped_batches=0
2026-09-13 07:40:31,574 | INFO | epoch=20 batch=50 global_step=5953 loss_reg_months=4.1312 disagreement_months=1.9864 artifact_factor=1.00 lr=0.00008714 grad_norm=1.6365 throughput=17.84 img/s eta_seconds=578.8 gpu_alloc=448.7MiB gpu_reserved=12264.0MiB skipped_batches=0
2026-09-13 07:40:53,699 | INFO | epoch=20 batch=75 global_step=5965 loss_reg_months=4.2836 disagreement_months=2.3125 artifact_factor=1.00 lr=0.00008714 grad_norm=1.7423 throughput=18.60 img/s eta_seconds=531.0 gpu_alloc=555.6MiB gpu_reserved=12264.0MiB skipped_batches=0
2026-09-13 07:41:15,459 | INFO | epoch=20 batch=100 global_step=5978 loss_reg_months=4.2392 disagreement_months=2.3590 artifact_factor=1.00 lr=0.00008714 grad_norm=1.1731 throughput=19.08 img/s eta_seconds=494.0 gpu_alloc=448.7MiB gpu_reserved=12264.0MiB skipped_batches=0
2026-09-13 07:41:37,671 | INFO | epoch=20 batch=125 global_step=5990 loss_reg_months=4.2186 disagreement_months=2.2117 artifact_factor=1.00 lr=0.00008714 grad_norm=0.8918 throughput=19.31 img/s eta_seconds=465.0 gpu_alloc=555.6MiB gpu_reserved=12264.0MiB skipped_batches=0
2026-09-13 07:42:02,703 | INFO | epoch=20 batch=150 global_step=6003 loss_reg_months=4.1683 disagreement_months=2.9557 artifact_factor=1.00 lr=0.00008714 grad_norm=1.1110 throughput=19.07 img/s eta_seconds=447.1 gpu_alloc=448.7MiB gpu_reserved=12264.0MiB skipped_batches=0
2026-09-13 07:42:25,485 | INFO | epoch=20 batch=175 global_step=6015 loss_reg_months=4.1742 disagreement_months=4.3228 artifact_factor=1.00 lr=0.00008714 grad_norm=1.1212 throughput=19.17 img/s eta_seconds=421.5 gpu_alloc=555.6MiB gpu_reserved=12264.0MiB skipped_batches=0
2026-09-13 07:42:49,670 | INFO | epoch=20 batch=200 global_step=6028 loss_reg_months=4.1611 disagreement_months=1.9386 artifact_factor=1.00 lr=0.00008714 grad_norm=1.3653 throughput=19.09 img/s eta_seconds=399.5 gpu_alloc=448.7MiB gpu_reserved=12264.0MiB skipped_batches=0
2026-09-13 07:43:12,001 | INFO | epoch=20 batch=225 global_step=6040 loss_reg_months=4.1899 disagreement_months=2.4497 artifact_factor=1.00 lr=0.00008714 grad_norm=1.1622 throughput=19.21 img/s eta_seconds=373.7 gpu_alloc=555.6MiB gpu_reserved=12264.0MiB skipped_batches=0
2026-09-13 07:43:34,330 | INFO | epoch=20 batch=250 global_step=6053 loss_reg_months=4.2554 disagreement_months=1.4678 artifact_factor=1.00 lr=0.00008714 grad_norm=2.1343 throughput=19.30 img/s eta_seconds=348.7 gpu_alloc=448.7MiB gpu_reserved=12264.0MiB skipped_batches=0
2026-09-13 07:43:56,549 | INFO | epoch=20 batch=275 global_step=6065 loss_reg_months=4.2680 disagreement_months=2.8802 artifact_factor=1.00 lr=0.00008714 grad_norm=0.8800 throughput=19.38 img/s eta_seconds=323.9 gpu_alloc=555.6MiB gpu_reserved=12264.0MiB skipped_batches=0
2026-09-13 07:44:18,838 | INFO | epoch=20 batch=300 global_step=6078 loss_reg_months=4.2552 disagreement_months=1.7686 artifact_factor=1.00 lr=0.00008714 grad_norm=1.6401 throughput=19.45 img/s eta_seconds=299.7 gpu_alloc=448.7MiB gpu_reserved=12264.0MiB skipped_batches=0
2026-09-13 07:44:40,921 | INFO | epoch=20 batch=325 global_step=6090 loss_reg_months=4.2612 disagreement_months=2.3653 artifact_factor=1.00 lr=0.00008714 grad_norm=1.3150 throughput=19.51 img/s eta_seconds=275.6 gpu_alloc=555.6MiB gpu_reserved=12264.0MiB skipped_batches=0
2026-09-13 07:45:03,215 | INFO | epoch=20 batch=350 global_step=6103 loss_reg_months=4.2653 disagreement_months=2.4950 artifact_factor=1.00 lr=0.00008714 grad_norm=1.0967 throughput=19.56 img/s eta_seconds=251.9 gpu_alloc=448.7MiB gpu_reserved=12264.0MiB skipped_batches=0
2026-09-13 07:45:25,455 | INFO | epoch=20 batch=375 global_step=6115 loss_reg_months=4.2627 disagreement_months=2.0582 artifact_factor=1.00 lr=0.00008714 grad_norm=1.1612 throughput=19.60 img/s eta_seconds=228.4 gpu_alloc=555.6MiB gpu_reserved=12264.0MiB skipped_batches=0
2026-09-13 07:45:47,733 | INFO | epoch=20 batch=400 global_step=6128 loss_reg_months=4.2405 disagreement_months=1.4716 artifact_factor=1.00 lr=0.00008714 grad_norm=0.9491 throughput=19.64 img/s eta_seconds=205.1 gpu_alloc=448.7MiB gpu_reserved=12264.0MiB skipped_batches=0
2026-09-13 07:46:09,911 | INFO | epoch=20 batch=425 global_step=6140 loss_reg_months=4.2394 disagreement_months=2.8223 artifact_factor=1.00 lr=0.00008714 grad_norm=1.2762 throughput=19.68 img/s eta_seconds=181.8 gpu_alloc=555.6MiB gpu_reserved=12264.0MiB skipped_batches=0
2026-09-13 07:46:32,380 | INFO | epoch=20 batch=450 global_step=6153 loss_reg_months=4.2445 disagreement_months=2.5617 artifact_factor=1.00 lr=0.00008714 grad_norm=0.9182 throughput=19.70 img/s eta_seconds=158.8 gpu_alloc=448.7MiB gpu_reserved=12264.0MiB skipped_batches=0
2026-09-13 07:46:54,547 | INFO | epoch=20 batch=475 global_step=6165 loss_reg_months=4.2432 disagreement_months=1.9411 artifact_factor=1.00 lr=0.00008714 grad_norm=1.1143 throughput=19.73 img/s eta_seconds=135.8 gpu_alloc=555.6MiB gpu_reserved=12264.0MiB skipped_batches=0
2026-09-13 07:47:21,819 | INFO | epoch=20 batch=500 global_step=6178 loss_reg_months=4.2423 disagreement_months=1.9852 artifact_factor=1.00 lr=0.00008714 grad_norm=1.1897 throughput=19.54 img/s eta_seconds=114.0 gpu_alloc=448.7MiB gpu_reserved=12264.0MiB skipped_batches=0
2026-09-13 07:47:47,539 | INFO | epoch=20 batch=525 global_step=6190 loss_reg_months=4.2484 disagreement_months=1.9612 artifact_factor=1.00 lr=0.00008714 grad_norm=0.8742 throughput=19.43 img/s eta_seconds=91.5 gpu_alloc=555.6MiB gpu_reserved=12264.0MiB skipped_batches=0
2026-09-13 07:48:09,771 | INFO | epoch=20 batch=550 global_step=6203 loss_reg_months=4.2439 disagreement_months=2.1513 artifact_factor=1.00 lr=0.00008714 grad_norm=1.1666 throughput=19.46 img/s eta_seconds=68.2 gpu_alloc=448.7MiB gpu_reserved=12264.0MiB skipped_batches=0
2026-09-13 07:48:31,869 | INFO | epoch=20 batch=575 global_step=6215 loss_reg_months=4.2484 disagreement_months=2.4295 artifact_factor=1.00 lr=0.00008714 grad_norm=0.9444 throughput=19.50 img/s eta_seconds=45.0 gpu_alloc=555.6MiB gpu_reserved=12264.0MiB skipped_batches=0
2026-09-13 07:48:54,008 | INFO | epoch=20 batch=600 global_step=6228 loss_reg_months=4.2480 disagreement_months=1.8127 artifact_factor=1.00 lr=0.00008714 grad_norm=2.0479 throughput=19.53 img/s eta_seconds=21.9 gpu_alloc=448.7MiB gpu_reserved=12264.0MiB skipped_batches=0
2026-09-13 07:49:59,146 | INFO | 
TRAINING REVIEW SNAPSHOT
Run ID / config hash / split hash: C3_Z26_C3_ROI_V2_PILOT_C_V2_FOLD_1_SEED_42 / a1df1d91a46a / bd104dee8d02+d03e7faa2165
Epoch / global step: 20 / 6240
Train loss: 4.2380
Validation MAE / RMSE / median AE: 6.2756 / 8.5927 / 4.7500
MAE nam / nữ / age bins: {'F': 6.494928248834499, 'M': 6.090036365877712} / {'0-59': 6.354115747206704, '120-179': 5.5915914747977595, '180-228': 6.125, '60-119': 7.719715250965251}
Learning rate / peak VRAM: 0.00008714 / 12264.0 MiB
Best epoch / best MAE / epochs không cải thiện: 20 / 6.2756 / 0
Cảnh báo hiện tại: KHÔNG
Checkpoint gần nhất: /content/C3_Z26_C3_ROI_V2_PILOTS/runs/C3_Z26_C3_ROI_V2_PILOT_C_V2_FOLD_1_SEED_42/last.ckpt
Checkpoint tốt nhất: /content/C3_Z26_C3_ROI_V2_PILOTS/runs/C3_Z26_C3_ROI_V2_PILOT_C_V2_FOLD_1_SEED_42/best_mae.ckpt
Đề xuất tự động: TIẾP TỤC
2026-09-13 07:50:58,048 | INFO | epoch=21 batch=25 global_step=6252 loss_reg_months=3.8348 disagreement_months=1.7032 artifact_factor=1.00 lr=0.00007836 grad_norm=0.9652 throughput=13.44 img/s eta_seconds=802.2 gpu_alloc=555.6MiB gpu_reserved=12264.0MiB skipped_batches=0
2026-09-13 07:51:22,775 | INFO | epoch=21 batch=50 global_step=6265 loss_reg_months=3.8867 disagreement_months=2.7568 artifact_factor=1.00 lr=0.00007836 grad_norm=1.5898 throughput=15.46 img/s eta_seconds=668.1 gpu_alloc=448.7MiB gpu_reserved=12264.0MiB skipped_batches=0
2026-09-13 07:51:48,489 | INFO | epoch=21 batch=75 global_step=6277 loss_reg_months=3.9634 disagreement_months=1.9474 artifact_factor=1.00 lr=0.00007836 grad_norm=1.4856 throughput=16.08 img/s eta_seconds=614.2 gpu_alloc=555.6MiB gpu_reserved=12264.0MiB skipped_batches=0
2026-09-13 07:52:15,124 | INFO | epoch=21 batch=100 global_step=6290 loss_reg_months=3.9798 disagreement_months=2.0015 artifact_factor=1.00 lr=0.00007836 grad_norm=1.2575 throughput=16.28 img/s eta_seconds=579.1 gpu_alloc=448.7MiB gpu_reserved=12264.0MiB skipped_batches=0
2026-09-13 07:52:37,432 | INFO | epoch=21 batch=125 global_step=6302 loss_reg_months=3.9459 disagreement_months=2.5529 artifact_factor=1.00 lr=0.00007836 grad_norm=1.7002 throughput=16.93 img/s eta_seconds=530.2 gpu_alloc=555.6MiB gpu_reserved=12264.0MiB skipped_batches=0
2026-09-13 07:52:59,655 | INFO | epoch=21 batch=150 global_step=6315 loss_reg_months=3.9510 disagreement_months=2.3036 artifact_factor=1.00 lr=0.00007836 grad_norm=1.2849 throughput=17.41 img/s eta_seconds=489.9 gpu_alloc=448.7MiB gpu_reserved=12264.0MiB skipped_batches=0
2026-09-13 07:53:21,634 | INFO | epoch=21 batch=175 global_step=6327 loss_reg_months=3.9263 disagreement_months=2.5541 artifact_factor=1.00 lr=0.00007836 grad_norm=1.6670 throughput=17.79 img/s eta_seconds=454.1 gpu_alloc=555.6MiB gpu_reserved=12264.0MiB skipped_batches=0
2026-09-13 07:53:43,774 | INFO | epoch=21 batch=200 global_step=6340 loss_reg_months=3.9540 disagreement_months=2.1740 artifact_factor=1.00 lr=0.00007836 grad_norm=1.2717 throughput=18.07 img/s eta_seconds=422.1 gpu_alloc=448.7MiB gpu_reserved=12264.0MiB skipped_batches=0
2026-09-13 07:54:06,043 | INFO | epoch=21 batch=225 global_step=6352 loss_reg_months=3.9968 disagreement_months=2.0896 artifact_factor=1.00 lr=0.00007836 grad_norm=1.3743 throughput=18.29 img/s eta_seconds=392.6 gpu_alloc=555.6MiB gpu_reserved=12264.0MiB skipped_batches=0
2026-09-13 07:54:28,321 | INFO | epoch=21 batch=250 global_step=6365 loss_reg_months=3.9847 disagreement_months=2.5982 artifact_factor=1.00 lr=0.00007836 grad_norm=2.2815 throughput=18.46 img/s eta_seconds=364.5 gpu_alloc=448.7MiB gpu_reserved=12264.0MiB skipped_batches=0
2026-09-13 07:54:50,535 | INFO | epoch=21 batch=275 global_step=6377 loss_reg_months=4.0048 disagreement_months=1.5849 artifact_factor=1.00 lr=0.00007836 grad_norm=1.3424 throughput=18.61 img/s eta_seconds=337.3 gpu_alloc=555.6MiB gpu_reserved=12264.0MiB skipped_batches=0
2026-09-13 07:55:12,866 | INFO | epoch=21 batch=300 global_step=6390 loss_reg_months=4.0334 disagreement_months=2.1161 artifact_factor=1.00 lr=0.00007836 grad_norm=1.7638 throughput=18.73 img/s eta_seconds=311.2 gpu_alloc=448.7MiB gpu_reserved=12264.0MiB skipped_batches=0
2026-09-13 07:55:35,051 | INFO | epoch=21 batch=325 global_step=6402 loss_reg_months=4.0433 disagreement_months=1.5118 artifact_factor=1.00 lr=0.00007836 grad_norm=1.4527 throughput=18.84 img/s eta_seconds=285.4 gpu_alloc=555.6MiB gpu_reserved=12264.0MiB skipped_batches=0
2026-09-13 07:56:06,447 | INFO | epoch=21 batch=350 global_step=6415 loss_reg_months=4.0828 disagreement_months=2.2042 artifact_factor=1.00 lr=0.00007836 grad_norm=0.9813 throughput=18.43 img/s eta_seconds=267.4 gpu_alloc=448.7MiB gpu_reserved=12264.0MiB skipped_batches=0
2026-09-13 07:56:30,755 | INFO | epoch=21 batch=375 global_step=6427 loss_reg_months=4.0572 disagreement_months=1.9436 artifact_factor=1.00 lr=0.00007836 grad_norm=1.5267 throughput=18.43 img/s eta_seconds=242.9 gpu_alloc=555.6MiB gpu_reserved=12264.0MiB skipped_batches=0
2026-09-13 07:56:55,205 | INFO | epoch=21 batch=400 global_step=6440 loss_reg_months=4.0850 disagreement_months=1.9940 artifact_factor=1.00 lr=0.00007836 grad_norm=1.0090 throughput=18.43 img/s eta_seconds=218.5 gpu_alloc=448.7MiB gpu_reserved=12264.0MiB skipped_batches=0
2026-09-13 07:57:17,279 | INFO | epoch=21 batch=425 global_step=6452 loss_reg_months=4.0845 disagreement_months=2.3187 artifact_factor=1.00 lr=0.00007836 grad_norm=1.1019 throughput=18.54 img/s eta_seconds=193.0 gpu_alloc=555.6MiB gpu_reserved=12264.0MiB skipped_batches=0
2026-09-13 07:57:39,499 | INFO | epoch=21 batch=450 global_step=6465 loss_reg_months=4.0939 disagreement_months=3.1924 artifact_factor=1.00 lr=0.00007836 grad_norm=1.8671 throughput=18.62 img/s eta_seconds=168.0 gpu_alloc=448.7MiB gpu_reserved=12264.0MiB skipped_batches=0
2026-09-13 07:58:01,767 | INFO | epoch=21 batch=475 global_step=6477 loss_reg_months=4.0934 disagreement_months=1.0561 artifact_factor=1.00 lr=0.00007836 grad_norm=1.1488 throughput=18.70 img/s eta_seconds=143.2 gpu_alloc=555.6MiB gpu_reserved=12264.0MiB skipped_batches=0
2026-09-13 07:58:24,142 | INFO | epoch=21 batch=500 global_step=6490 loss_reg_months=4.1053 disagreement_months=1.0813 artifact_factor=1.00 lr=0.00007836 grad_norm=1.8792 throughput=18.77 img/s eta_seconds=118.7 gpu_alloc=448.7MiB gpu_reserved=12264.0MiB skipped_batches=0
2026-09-13 07:58:54,755 | INFO | epoch=21 batch=525 global_step=6502 loss_reg_months=4.1014 disagreement_months=2.4962 artifact_factor=1.00 lr=0.00007836 grad_norm=2.8617 throughput=18.52 img/s eta_seconds=96.0 gpu_alloc=555.6MiB gpu_reserved=12264.0MiB skipped_batches=0
2026-09-13 07:59:19,250 | INFO | epoch=21 batch=550 global_step=6515 loss_reg_months=4.1271 disagreement_months=1.5546 artifact_factor=1.00 lr=0.00007836 grad_norm=1.0111 throughput=18.52 img/s eta_seconds=71.7 gpu_alloc=448.7MiB gpu_reserved=12264.0MiB skipped_batches=0
2026-09-13 07:59:43,841 | INFO | epoch=21 batch=575 global_step=6527 loss_reg_months=4.1211 disagreement_months=1.6679 artifact_factor=1.00 lr=0.00007836 grad_norm=1.3729 throughput=18.51 img/s eta_seconds=47.4 gpu_alloc=555.6MiB gpu_reserved=12264.0MiB skipped_batches=0
2026-09-13 08:00:06,030 | INFO | epoch=21 batch=600 global_step=6540 loss_reg_months=4.1144 disagreement_months=2.2646 artifact_factor=1.00 lr=0.00007836 grad_norm=1.5438 throughput=18.57 img/s eta_seconds=23.0 gpu_alloc=448.7MiB gpu_reserved=12264.0MiB skipped_batches=0
2026-09-13 08:01:00,588 | INFO | 
TRAINING REVIEW SNAPSHOT
Run ID / config hash / split hash: C3_Z26_C3_ROI_V2_PILOT_C_V2_FOLD_1_SEED_42 / a1df1d91a46a / bd104dee8d02+d03e7faa2165
Epoch / global step: 21 / 6552
Train loss: 4.1074
Validation MAE / RMSE / median AE: 6.2974 / 8.6305 / 4.7500
MAE nam / nữ / age bins: {'F': 6.562181308275059, 'M': 6.073281352728468} / {'0-59': 5.696861906424581, '120-179': 5.608937461107654, '180-228': 6.043367346938775, '60-119': 7.939591377091377}
Learning rate / peak VRAM: 0.00007836 / 12264.0 MiB
Best epoch / best MAE / epochs không cải thiện: 20 / 6.2756 / 1
Cảnh báo hiện tại: KHÔNG
Checkpoint gần nhất: /content/C3_Z26_C3_ROI_V2_PILOTS/runs/C3_Z26_C3_ROI_V2_PILOT_C_V2_FOLD_1_SEED_42/last.ckpt
Checkpoint tốt nhất: /content/C3_Z26_C3_ROI_V2_PILOTS/runs/C3_Z26_C3_ROI_V2_PILOT_C_V2_FOLD_1_SEED_42/best_mae.ckpt
Đề xuất tự động: TIẾP TỤC
2026-09-13 08:01:52,310 | INFO | epoch=22 batch=25 global_step=6564 loss_reg_months=4.2658 disagreement_months=3.0363 artifact_factor=1.00 lr=0.00006975 grad_norm=0.9958 throughput=18.64 img/s eta_seconds=578.2 gpu_alloc=555.6MiB gpu_reserved=12264.0MiB skipped_batches=0
2026-09-13 08:02:15,450 | INFO | epoch=22 batch=50 global_step=6577 loss_reg_months=4.3256 disagreement_months=2.2206 artifact_factor=1.00 lr=0.00006975 grad_norm=1.5178 throughput=19.03 img/s eta_seconds=542.6 gpu_alloc=448.7MiB gpu_reserved=12264.0MiB skipped_batches=0
2026-09-13 08:02:37,324 | INFO | epoch=22 batch=75 global_step=6589 loss_reg_months=4.3473 disagreement_months=1.6956 artifact_factor=1.00 lr=0.00006975 grad_norm=1.1072 throughput=19.52 img/s eta_seconds=506.0 gpu_alloc=555.6MiB gpu_reserved=12264.0MiB skipped_batches=0
2026-09-13 08:02:59,277 | INFO | epoch=22 batch=100 global_step=6602 loss_reg_months=4.2419 disagreement_months=2.0645 artifact_factor=1.00 lr=0.00006975 grad_norm=1.3852 throughput=19.76 img/s eta_seconds=477.2 gpu_alloc=448.7MiB gpu_reserved=12264.0MiB skipped_batches=0
2026-09-13 08:03:21,426 | INFO | epoch=22 batch=125 global_step=6614 loss_reg_months=4.2455 disagreement_months=1.7095 artifact_factor=1.00 lr=0.00006975 grad_norm=1.3888 throughput=19.87 img/s eta_seconds=451.9 gpu_alloc=555.6MiB gpu_reserved=12264.0MiB skipped_batches=0
2026-09-13 08:03:43,874 | INFO | epoch=22 batch=150 global_step=6627 loss_reg_months=4.2036 disagreement_months=1.4464 artifact_factor=1.00 lr=0.00006975 grad_norm=1.1131 throughput=19.90 img/s eta_seconds=428.6 gpu_alloc=448.7MiB gpu_reserved=12264.0MiB skipped_batches=0
2026-09-13 08:04:05,944 | INFO | epoch=22 batch=175 global_step=6639 loss_reg_months=4.1911 disagreement_months=2.5768 artifact_factor=1.00 lr=0.00006975 grad_norm=1.1089 throughput=19.97 img/s eta_seconds=404.6 gpu_alloc=555.6MiB gpu_reserved=12264.0MiB skipped_batches=0
2026-09-13 08:04:28,141 | INFO | epoch=22 batch=200 global_step=6652 loss_reg_months=4.1274 disagreement_months=2.0519 artifact_factor=1.00 lr=0.00006975 grad_norm=1.1659 throughput=20.00 img/s eta_seconds=381.3 gpu_alloc=448.7MiB gpu_reserved=12264.0MiB skipped_batches=0
2026-09-13 08:04:50,233 | INFO | epoch=22 batch=225 global_step=6664 loss_reg_months=4.0940 disagreement_months=1.7812 artifact_factor=1.00 lr=0.00006975 grad_norm=1.1587 throughput=20.04 img/s eta_seconds=358.1 gpu_alloc=555.6MiB gpu_reserved=12264.0MiB skipped_batches=0
2026-09-13 08:05:12,559 | INFO | epoch=22 batch=250 global_step=6677 loss_reg_months=4.0751 disagreement_months=1.9184 artifact_factor=1.00 lr=0.00006975 grad_norm=1.9459 throughput=20.05 img/s eta_seconds=335.5 gpu_alloc=448.7MiB gpu_reserved=12264.0MiB skipped_batches=0
2026-09-13 08:05:34,687 | INFO | epoch=22 batch=275 global_step=6689 loss_reg_months=4.0527 disagreement_months=1.8366 artifact_factor=1.00 lr=0.00006975 grad_norm=1.6582 throughput=20.08 img/s eta_seconds=312.7 gpu_alloc=555.6MiB gpu_reserved=12264.0MiB skipped_batches=0
2026-09-13 08:05:56,912 | INFO | epoch=22 batch=300 global_step=6702 loss_reg_months=4.0081 disagreement_months=2.1551 artifact_factor=1.00 lr=0.00006975 grad_norm=0.8593 throughput=20.09 img/s eta_seconds=290.0 gpu_alloc=448.7MiB gpu_reserved=12264.0MiB skipped_batches=0
2026-09-13 08:06:27,125 | INFO | epoch=22 batch=325 global_step=6714 loss_reg_months=3.9871 disagreement_months=3.4215 artifact_factor=1.00 lr=0.00006975 grad_norm=1.1804 throughput=19.57 img/s eta_seconds=274.8 gpu_alloc=555.6MiB gpu_reserved=12264.0MiB skipped_batches=0
2026-09-13 08:06:50,858 | INFO | epoch=22 batch=350 global_step=6727 loss_reg_months=3.9638 disagreement_months=3.0061 artifact_factor=1.00 lr=0.00006975 grad_norm=1.4483 throughput=19.52 img/s eta_seconds=252.4 gpu_alloc=448.7MiB gpu_reserved=12264.0MiB skipped_batches=0
2026-09-13 08:07:13,972 | INFO | epoch=22 batch=375 global_step=6739 loss_reg_months=3.9503 disagreement_months=2.7417 artifact_factor=1.00 lr=0.00006975 grad_norm=1.6950 throughput=19.52 img/s eta_seconds=229.4 gpu_alloc=555.6MiB gpu_reserved=12264.0MiB skipped_batches=0
2026-09-13 08:07:42,877 | INFO | epoch=22 batch=400 global_step=6752 loss_reg_months=3.9684 disagreement_months=1.6289 artifact_factor=1.00 lr=0.00006975 grad_norm=1.0147 throughput=19.21 img/s eta_seconds=209.6 gpu_alloc=448.7MiB gpu_reserved=12264.0MiB skipped_batches=0
2026-09-13 08:08:05,762 | INFO | epoch=22 batch=425 global_step=6764 loss_reg_months=3.9671 disagreement_months=2.3955 artifact_factor=1.00 lr=0.00006975 grad_norm=1.6088 throughput=19.24 img/s eta_seconds=186.0 gpu_alloc=555.6MiB gpu_reserved=12264.0MiB skipped_batches=0
2026-09-13 08:08:30,539 | INFO | epoch=22 batch=450 global_step=6777 loss_reg_months=3.9648 disagreement_months=2.3099 artifact_factor=1.00 lr=0.00006975 grad_norm=1.5831 throughput=19.18 img/s eta_seconds=163.1 gpu_alloc=448.7MiB gpu_reserved=12264.0MiB skipped_batches=0
2026-09-13 08:08:52,644 | INFO | epoch=22 batch=475 global_step=6789 loss_reg_months=3.9391 disagreement_months=1.6025 artifact_factor=1.00 lr=0.00006975 grad_norm=0.9988 throughput=19.24 img/s eta_seconds=139.2 gpu_alloc=555.6MiB gpu_reserved=12264.0MiB skipped_batches=0
2026-09-13 08:09:14,731 | INFO | epoch=22 batch=500 global_step=6802 loss_reg_months=3.9325 disagreement_months=2.0040 artifact_factor=1.00 lr=0.00006975 grad_norm=1.0058 throughput=19.29 img/s eta_seconds=115.5 gpu_alloc=448.7MiB gpu_reserved=12264.0MiB skipped_batches=0
2026-09-13 08:09:37,096 | INFO | epoch=22 batch=525 global_step=6814 loss_reg_months=3.9197 disagreement_months=2.8046 artifact_factor=1.00 lr=0.00006975 grad_norm=1.2845 throughput=19.33 img/s eta_seconds=92.0 gpu_alloc=555.6MiB gpu_reserved=12264.0MiB skipped_batches=0
2026-09-13 08:09:59,434 | INFO | epoch=22 batch=550 global_step=6827 loss_reg_months=3.9504 disagreement_months=2.2281 artifact_factor=1.00 lr=0.00006975 grad_norm=1.7184 throughput=19.36 img/s eta_seconds=68.6 gpu_alloc=448.7MiB gpu_reserved=12264.0MiB skipped_batches=0
2026-09-13 08:10:21,648 | INFO | epoch=22 batch=575 global_step=6839 loss_reg_months=3.9643 disagreement_months=1.6188 artifact_factor=1.00 lr=0.00006975 grad_norm=0.9768 throughput=19.40 img/s eta_seconds=45.3 gpu_alloc=555.6MiB gpu_reserved=12264.0MiB skipped_batches=0
2026-09-13 08:10:43,750 | INFO | epoch=22 batch=600 global_step=6852 loss_reg_months=3.9701 disagreement_months=2.5655 artifact_factor=1.00 lr=0.00006975 grad_norm=1.1722 throughput=19.44 img/s eta_seconds=22.0 gpu_alloc=448.7MiB gpu_reserved=12264.0MiB skipped_batches=0
2026-09-13 08:11:36,780 | INFO | 
TRAINING REVIEW SNAPSHOT
Run ID / config hash / split hash: C3_Z26_C3_ROI_V2_PILOT_C_V2_FOLD_1_SEED_42 / a1df1d91a46a / bd104dee8d02+d03e7faa2165
Epoch / global step: 22 / 6864
Train loss: 3.9599
Validation MAE / RMSE / median AE: 6.7632 / 9.1605 / 5.2500
MAE nam / nữ / age bins: {'F': 7.113879176379176, 'M': 6.4664540187376724} / {'0-59': 5.333318784916201, '120-179': 6.339880211574362, '180-228': 6.867857142857143, '60-119': 7.935086872586872}
Learning rate / peak VRAM: 0.00006975 / 12264.0 MiB
Best epoch / best MAE / epochs không cải thiện: 20 / 6.2756 / 2
Cảnh báo hiện tại: KHÔNG
Checkpoint gần nhất: /content/C3_Z26_C3_ROI_V2_PILOTS/runs/C3_Z26_C3_ROI_V2_PILOT_C_V2_FOLD_1_SEED_42/last.ckpt
Checkpoint tốt nhất: /content/C3_Z26_C3_ROI_V2_PILOTS/runs/C3_Z26_C3_ROI_V2_PILOT_C_V2_FOLD_1_SEED_42/best_mae.ckpt
Đề xuất tự động: TIẾP TỤC
2026-09-13 08:12:20,891 | INFO | epoch=23 batch=25 global_step=6876 loss_reg_months=3.8440 disagreement_months=2.2143 artifact_factor=1.00 lr=0.00006139 grad_norm=1.0078 throughput=15.93 img/s eta_seconds=676.5 gpu_alloc=555.6MiB gpu_reserved=12264.0MiB skipped_batches=0
2026-09-13 08:12:45,050 | INFO | epoch=23 batch=50 global_step=6889 loss_reg_months=3.7399 disagreement_months=3.3182 artifact_factor=1.00 lr=0.00006139 grad_norm=1.2392 throughput=17.17 img/s eta_seconds=601.4 gpu_alloc=448.7MiB gpu_reserved=12264.0MiB skipped_batches=0
2026-09-13 08:13:06,965 | INFO | epoch=23 batch=75 global_step=6901 loss_reg_months=3.8203 disagreement_months=2.9557 artifact_factor=1.00 lr=0.00006139 grad_norm=1.2843 throughput=18.16 img/s eta_seconds=543.8 gpu_alloc=555.6MiB gpu_reserved=12264.0MiB skipped_batches=0
2026-09-13 08:13:28,819 | INFO | epoch=23 batch=100 global_step=6914 loss_reg_months=3.7989 disagreement_months=1.7372 artifact_factor=1.00 lr=0.00006139 grad_norm=1.8810 throughput=18.72 img/s eta_seconds=503.7 gpu_alloc=448.7MiB gpu_reserved=12264.0MiB skipped_batches=0
2026-09-13 08:13:50,997 | INFO | epoch=23 batch=125 global_step=6926 loss_reg_months=3.7015 disagreement_months=4.1994 artifact_factor=1.00 lr=0.00006139 grad_norm=1.0615 throughput=19.01 img/s eta_seconds=472.3 gpu_alloc=555.6MiB gpu_reserved=12264.0MiB skipped_batches=0
2026-09-13 08:14:13,166 | INFO | epoch=23 batch=150 global_step=6939 loss_reg_months=3.6818 disagreement_months=1.9524 artifact_factor=1.00 lr=0.00006139 grad_norm=1.2616 throughput=19.21 img/s eta_seconds=443.8 gpu_alloc=448.7MiB gpu_reserved=12264.0MiB skipped_batches=0
2026-09-13 08:14:35,428 | INFO | epoch=23 batch=175 global_step=6951 loss_reg_months=3.6777 disagreement_months=2.9230 artifact_factor=1.00 lr=0.00006139 grad_norm=1.3410 throughput=19.35 img/s eta_seconds=417.5 gpu_alloc=555.6MiB gpu_reserved=12264.0MiB skipped_batches=0
2026-09-13 08:14:57,513 | INFO | epoch=23 batch=200 global_step=6964 loss_reg_months=3.6738 disagreement_months=1.6453 artifact_factor=1.00 lr=0.00006139 grad_norm=1.0645 throughput=19.47 img/s eta_seconds=391.7 gpu_alloc=448.7MiB gpu_reserved=12264.0MiB skipped_batches=0
2026-09-13 08:15:19,729 | INFO | epoch=23 batch=225 global_step=6976 loss_reg_months=3.6917 disagreement_months=3.2075 artifact_factor=1.00 lr=0.00006139 grad_norm=2.1699 throughput=19.56 img/s eta_seconds=367.0 gpu_alloc=555.6MiB gpu_reserved=12264.0MiB skipped_batches=0
2026-09-13 08:15:41,984 | INFO | epoch=23 batch=250 global_step=6989 loss_reg_months=3.7217 disagreement_months=2.5126 artifact_factor=1.00 lr=0.00006139 grad_norm=1.1154 throughput=19.62 img/s eta_seconds=342.9 gpu_alloc=448.7MiB gpu_reserved=12264.0MiB skipped_batches=0
2026-09-13 08:16:11,602 | INFO | epoch=23 batch=275 global_step=7001 loss_reg_months=3.7326 disagreement_months=2.5692 artifact_factor=1.00 lr=0.00006139 grad_norm=1.2901 throughput=19.11 img/s eta_seconds=328.4 gpu_alloc=555.6MiB gpu_reserved=12264.0MiB skipped_batches=0
2026-09-13 08:16:34,172 | INFO | epoch=23 batch=300 global_step=7014 loss_reg_months=3.7442 disagreement_months=1.4841 artifact_factor=1.00 lr=0.00006139 grad_norm=1.0311 throughput=19.18 img/s eta_seconds=303.8 gpu_alloc=448.7MiB gpu_reserved=12264.0MiB skipped_batches=0
2026-09-13 08:16:59,327 | INFO | epoch=23 batch=325 global_step=7026 loss_reg_months=3.7691 disagreement_months=2.3213 artifact_factor=1.00 lr=0.00006139 grad_norm=1.8230 throughput=19.07 img/s eta_seconds=281.9 gpu_alloc=555.6MiB gpu_reserved=12264.0MiB skipped_batches=0
2026-09-13 08:17:21,574 | INFO | epoch=23 batch=350 global_step=7039 loss_reg_months=3.7650 disagreement_months=2.2407 artifact_factor=1.00 lr=0.00006139 grad_norm=1.5326 throughput=19.15 img/s eta_seconds=257.3 gpu_alloc=448.7MiB gpu_reserved=12264.0MiB skipped_batches=0
2026-09-13 08:17:43,797 | INFO | epoch=23 batch=375 global_step=7051 loss_reg_months=3.7823 disagreement_months=2.5781 artifact_factor=1.00 lr=0.00006139 grad_norm=1.0604 throughput=19.22 img/s eta_seconds=233.0 gpu_alloc=555.6MiB gpu_reserved=12264.0MiB skipped_batches=0
2026-09-13 08:18:06,097 | INFO | epoch=23 batch=400 global_step=7064 loss_reg_months=3.7781 disagreement_months=1.8026 artifact_factor=1.00 lr=0.00006139 grad_norm=1.1432 throughput=19.28 img/s eta_seconds=208.9 gpu_alloc=448.7MiB gpu_reserved=12264.0MiB skipped_batches=0
2026-09-13 08:18:28,526 | INFO | epoch=23 batch=425 global_step=7076 loss_reg_months=3.7943 disagreement_months=1.5635 artifact_factor=1.00 lr=0.00006139 grad_norm=1.4515 throughput=19.32 img/s eta_seconds=185.2 gpu_alloc=555.6MiB gpu_reserved=12264.0MiB skipped_batches=0
2026-09-13 08:18:50,744 | INFO | epoch=23 batch=450 global_step=7089 loss_reg_months=3.8063 disagreement_months=2.9935 artifact_factor=1.00 lr=0.00006139 grad_norm=1.7845 throughput=19.37 img/s eta_seconds=161.5 gpu_alloc=448.7MiB gpu_reserved=12264.0MiB skipped_batches=0
2026-09-13 08:19:13,004 | INFO | epoch=23 batch=475 global_step=7101 loss_reg_months=3.7987 disagreement_months=0.9548 artifact_factor=1.00 lr=0.00006139 grad_norm=1.3738 throughput=19.42 img/s eta_seconds=137.9 gpu_alloc=555.6MiB gpu_reserved=12264.0MiB skipped_batches=0
2026-09-13 08:19:35,164 | INFO | epoch=23 batch=500 global_step=7114 loss_reg_months=3.7913 disagreement_months=1.9814 artifact_factor=1.00 lr=0.00006139 grad_norm=0.9575 throughput=19.46 img/s eta_seconds=114.5 gpu_alloc=448.7MiB gpu_reserved=12264.0MiB skipped_batches=0
2026-09-13 08:19:57,456 | INFO | epoch=23 batch=525 global_step=7126 loss_reg_months=3.8070 disagreement_months=2.8777 artifact_factor=1.00 lr=0.00006139 grad_norm=1.0491 throughput=19.49 img/s eta_seconds=91.2 gpu_alloc=555.6MiB gpu_reserved=12264.0MiB skipped_batches=0
2026-09-13 08:20:19,612 | INFO | epoch=23 batch=550 global_step=7139 loss_reg_months=3.8103 disagreement_months=1.9688 artifact_factor=1.00 lr=0.00006139 grad_norm=1.4106 throughput=19.53 img/s eta_seconds=68.0 gpu_alloc=448.7MiB gpu_reserved=12264.0MiB skipped_batches=0
2026-09-13 08:20:41,834 | INFO | epoch=23 batch=575 global_step=7151 loss_reg_months=3.8134 disagreement_months=1.7875 artifact_factor=1.00 lr=0.00006139 grad_norm=1.1423 throughput=19.56 img/s eta_seconds=44.9 gpu_alloc=555.6MiB gpu_reserved=12264.0MiB skipped_batches=0
2026-09-13 08:21:16,436 | INFO | epoch=23 batch=600 global_step=7164 loss_reg_months=3.8071 disagreement_months=2.4610 artifact_factor=1.00 lr=0.00006139 grad_norm=1.6518 throughput=19.16 img/s eta_seconds=22.3 gpu_alloc=448.7MiB gpu_reserved=12264.0MiB skipped_batches=0
2026-09-13 08:22:13,003 | WARNING | STABILITY WARNING [CAM] Validation MAE xấu đi trong khi train loss giảm
2026-09-13 08:22:13,004 | INFO | 
TRAINING REVIEW SNAPSHOT
Run ID / config hash / split hash: C3_Z26_C3_ROI_V2_PILOT_C_V2_FOLD_1_SEED_42 / a1df1d91a46a / bd104dee8d02+d03e7faa2165
Epoch / global step: 23 / 7176
Train loss: 3.8115
Validation MAE / RMSE / median AE: 6.3477 / 8.6286 / 4.8125
MAE nam / nữ / age bins: {'F': 6.680913704351204, 'M': 6.065658900394477} / {'0-59': 5.660527234636872, '120-179': 5.903119166148102, '180-228': 6.249489795918367, '60-119': 7.456282175032175}
Learning rate / peak VRAM: 0.00006139 / 12264.0 MiB
Best epoch / best MAE / epochs không cải thiện: 20 / 6.2756 / 3
Cảnh báo hiện tại: CAM: Validation MAE xấu đi trong khi train loss giảm
Checkpoint gần nhất: /content/C3_Z26_C3_ROI_V2_PILOTS/runs/C3_Z26_C3_ROI_V2_PILOT_C_V2_FOLD_1_SEED_42/last.ckpt
Checkpoint tốt nhất: /content/C3_Z26_C3_ROI_V2_PILOTS/runs/C3_Z26_C3_ROI_V2_PILOT_C_V2_FOLD_1_SEED_42/best_mae.ckpt
Đề xuất tự động: THEO DÕI
2026-09-13 08:22:53,111 | INFO | epoch=24 batch=25 global_step=7188 loss_reg_months=3.5975 disagreement_months=2.2331 artifact_factor=1.00 lr=0.00005335 grad_norm=2.0018 throughput=16.29 img/s eta_seconds=661.6 gpu_alloc=555.6MiB gpu_reserved=12264.0MiB skipped_batches=0
2026-09-13 08:23:17,497 | INFO | epoch=24 batch=50 global_step=7201 loss_reg_months=3.5155 disagreement_months=2.5906 artifact_factor=1.00 lr=0.00005335 grad_norm=1.3102 throughput=17.30 img/s eta_seconds=596.9 gpu_alloc=448.7MiB gpu_reserved=12264.0MiB skipped_batches=0
2026-09-13 08:23:39,628 | INFO | epoch=24 batch=75 global_step=7213 loss_reg_months=3.6275 disagreement_months=2.1173 artifact_factor=1.00 lr=0.00005335 grad_norm=1.3287 throughput=18.21 img/s eta_seconds=542.5 gpu_alloc=555.6MiB gpu_reserved=12264.0MiB skipped_batches=0
2026-09-13 08:24:01,489 | INFO | epoch=24 batch=100 global_step=7226 loss_reg_months=3.6571 disagreement_months=2.1362 artifact_factor=1.00 lr=0.00005335 grad_norm=1.3931 throughput=18.75 img/s eta_seconds=502.9 gpu_alloc=448.7MiB gpu_reserved=12264.0MiB skipped_batches=0
2026-09-13 08:24:23,702 | INFO | epoch=24 batch=125 global_step=7238 loss_reg_months=3.7288 disagreement_months=2.9935 artifact_factor=1.00 lr=0.00005335 grad_norm=1.3755 throughput=19.03 img/s eta_seconds=471.7 gpu_alloc=555.6MiB gpu_reserved=12264.0MiB skipped_batches=0
2026-09-13 08:24:52,600 | INFO | epoch=24 batch=150 global_step=7251 loss_reg_months=3.7038 disagreement_months=2.0116 artifact_factor=1.00 lr=0.00005335 grad_norm=1.1504 throughput=18.35 img/s eta_seconds=464.7 gpu_alloc=448.7MiB gpu_reserved=12264.0MiB skipped_batches=0
2026-09-13 08:25:16,259 | INFO | epoch=24 batch=175 global_step=7263 loss_reg_months=3.6665 disagreement_months=2.7291 artifact_factor=1.00 lr=0.00005335 grad_norm=1.4391 throughput=18.45 img/s eta_seconds=437.9 gpu_alloc=555.6MiB gpu_reserved=12264.0MiB skipped_batches=0
2026-09-13 08:25:41,085 | INFO | epoch=24 batch=200 global_step=7276 loss_reg_months=3.6372 disagreement_months=1.9789 artifact_factor=1.00 lr=0.00005335 grad_norm=1.1246 throughput=18.40 img/s eta_seconds=414.5 gpu_alloc=448.7MiB gpu_reserved=12264.0MiB skipped_batches=0
2026-09-13 08:26:03,475 | INFO | epoch=24 batch=225 global_step=7288 loss_reg_months=3.6598 disagreement_months=2.8172 artifact_factor=1.00 lr=0.00005335 grad_norm=2.2809 throughput=18.58 img/s eta_seconds=386.4 gpu_alloc=555.6MiB gpu_reserved=12264.0MiB skipped_batches=0
2026-09-13 08:26:25,574 | INFO | epoch=24 batch=250 global_step=7301 loss_reg_months=3.6753 disagreement_months=1.8442 artifact_factor=1.00 lr=0.00005335 grad_norm=1.1829 throughput=18.74 img/s eta_seconds=359.0 gpu_alloc=448.7MiB gpu_reserved=12264.0MiB skipped_batches=0
2026-09-13 08:26:47,937 | INFO | epoch=24 batch=275 global_step=7313 loss_reg_months=3.7032 disagreement_months=2.8474 artifact_factor=1.00 lr=0.00005335 grad_norm=0.9446 throughput=18.86 img/s eta_seconds=332.9 gpu_alloc=555.6MiB gpu_reserved=12264.0MiB skipped_batches=0
2026-09-13 08:27:10,122 | INFO | epoch=24 batch=300 global_step=7326 loss_reg_months=3.6912 disagreement_months=2.7795 artifact_factor=1.00 lr=0.00005335 grad_norm=1.4832 throughput=18.97 img/s eta_seconds=307.2 gpu_alloc=448.7MiB gpu_reserved=12264.0MiB skipped_batches=0
2026-09-13 08:27:32,399 | INFO | epoch=24 batch=325 global_step=7338 loss_reg_months=3.6980 disagreement_months=2.7115 artifact_factor=1.00 lr=0.00005335 grad_norm=1.1347 throughput=19.06 img/s eta_seconds=282.1 gpu_alloc=555.6MiB gpu_reserved=12264.0MiB skipped_batches=0
2026-09-13 08:27:54,589 | INFO | epoch=24 batch=350 global_step=7351 loss_reg_months=3.6987 disagreement_months=2.1589 artifact_factor=1.00 lr=0.00005335 grad_norm=2.2288 throughput=19.14 img/s eta_seconds=257.4 gpu_alloc=448.7MiB gpu_reserved=12264.0MiB skipped_batches=0
2026-09-13 08:28:16,858 | INFO | epoch=24 batch=375 global_step=7363 loss_reg_months=3.6554 disagreement_months=3.1848 artifact_factor=1.00 lr=0.00005335 grad_norm=1.0622 throughput=19.21 img/s eta_seconds=233.1 gpu_alloc=555.6MiB gpu_reserved=12264.0MiB skipped_batches=0
2026-09-13 08:28:38,966 | INFO | epoch=24 batch=400 global_step=7376 loss_reg_months=3.6447 disagreement_months=2.1803 artifact_factor=1.00 lr=0.00005335 grad_norm=1.2756 throughput=19.28 img/s eta_seconds=208.9 gpu_alloc=448.7MiB gpu_reserved=12264.0MiB skipped_batches=0
2026-09-13 08:29:01,234 | INFO | epoch=24 batch=425 global_step=7388 loss_reg_months=3.6440 disagreement_months=1.4879 artifact_factor=1.00 lr=0.00005335 grad_norm=2.1166 throughput=19.33 img/s eta_seconds=185.1 gpu_alloc=555.6MiB gpu_reserved=12264.0MiB skipped_batches=0
2026-09-13 08:29:23,446 | INFO | epoch=24 batch=450 global_step=7401 loss_reg_months=3.6679 disagreement_months=3.0237 artifact_factor=1.00 lr=0.00005335 grad_norm=1.6182 throughput=19.38 img/s eta_seconds=161.4 gpu_alloc=448.7MiB gpu_reserved=12264.0MiB skipped_batches=0
2026-09-13 08:29:45,761 | INFO | epoch=24 batch=475 global_step=7413 loss_reg_months=3.6696 disagreement_months=2.4698 artifact_factor=1.00 lr=0.00005335 grad_norm=1.9420 throughput=19.42 img/s eta_seconds=137.9 gpu_alloc=555.6MiB gpu_reserved=12264.0MiB skipped_batches=0
2026-09-13 08:30:16,085 | INFO | epoch=24 batch=500 global_step=7426 loss_reg_months=3.6650 disagreement_months=2.0758 artifact_factor=1.00 lr=0.00005335 grad_norm=1.1938 throughput=19.12 img/s eta_seconds=116.5 gpu_alloc=448.7MiB gpu_reserved=12264.0MiB skipped_batches=0
2026-09-13 08:30:40,371 | INFO | epoch=24 batch=525 global_step=7438 loss_reg_months=3.6845 disagreement_months=2.6410 artifact_factor=1.00 lr=0.00005335 grad_norm=2.0915 throughput=19.10 img/s eta_seconds=93.1 gpu_alloc=555.6MiB gpu_reserved=12264.0MiB skipped_batches=0
2026-09-13 08:31:02,713 | INFO | epoch=24 batch=550 global_step=7451 loss_reg_months=3.6899 disagreement_months=2.5932 artifact_factor=1.00 lr=0.00005335 grad_norm=0.9775 throughput=19.14 img/s eta_seconds=69.4 gpu_alloc=448.7MiB gpu_reserved=12264.0MiB skipped_batches=0
2026-09-13 08:31:24,744 | INFO | epoch=24 batch=575 global_step=7463 loss_reg_months=3.6980 disagreement_months=2.6259 artifact_factor=1.00 lr=0.00005335 grad_norm=1.6037 throughput=19.19 img/s eta_seconds=45.7 gpu_alloc=555.6MiB gpu_reserved=12264.0MiB skipped_batches=0
2026-09-13 08:31:46,959 | INFO | epoch=24 batch=600 global_step=7476 loss_reg_months=3.6849 disagreement_months=2.6108 artifact_factor=1.00 lr=0.00005335 grad_norm=1.5809 throughput=19.24 img/s eta_seconds=22.3 gpu_alloc=448.7MiB gpu_reserved=12264.0MiB skipped_batches=0
2026-09-13 08:32:40,732 | WARNING | STABILITY WARNING [CAM] Prediction vượt nhẹ miền tuổi 0–228: [-0.45, 220.62]
2026-09-13 08:32:40,735 | WARNING | STABILITY WARNING [CAM] Validation MAE xấu đi trong khi train loss giảm
2026-09-13 08:32:40,736 | INFO | 
TRAINING REVIEW SNAPSHOT
Run ID / config hash / split hash: C3_Z26_C3_ROI_V2_PILOT_C_V2_FOLD_1_SEED_42 / a1df1d91a46a / bd104dee8d02+d03e7faa2165
Epoch / global step: 24 / 7488
Train loss: 3.6847
Validation MAE / RMSE / median AE: 6.4037 / 8.7044 / 4.9375
MAE nam / nữ / age bins: {'F': 6.73541605963481, 'M': 6.122965976331361} / {'0-59': 5.517348987430168, '120-179': 5.940650280024891, '180-228': 6.424489795918367, '60-119': 7.558920527670527}
Learning rate / peak VRAM: 0.00005335 / 12264.0 MiB
Best epoch / best MAE / epochs không cải thiện: 20 / 6.2756 / 4
Cảnh báo hiện tại: CAM: Prediction vượt nhẹ miền tuổi 0–228: [-0.45, 220.62] | CAM: Validation MAE xấu đi trong khi train loss giảm
Checkpoint gần nhất: /content/C3_Z26_C3_ROI_V2_PILOTS/runs/C3_Z26_C3_ROI_V2_PILOT_C_V2_FOLD_1_SEED_42/last.ckpt
Checkpoint tốt nhất: /content/C3_Z26_C3_ROI_V2_PILOTS/runs/C3_Z26_C3_ROI_V2_PILOT_C_V2_FOLD_1_SEED_42/best_mae.ckpt
Đề xuất tự động: THEO DÕI
2026-09-13 08:33:22,461 | INFO | epoch=25 batch=25 global_step=7500 loss_reg_months=3.7365 disagreement_months=3.5801 artifact_factor=1.00 lr=0.00004569 grad_norm=1.5799 throughput=13.05 img/s eta_seconds=825.7 gpu_alloc=555.6MiB gpu_reserved=12264.0MiB skipped_batches=0
2026-09-13 08:33:46,974 | INFO | epoch=25 batch=50 global_step=7513 loss_reg_months=3.5707 disagreement_months=1.8970 artifact_factor=1.00 lr=0.00004569 grad_norm=1.4216 throughput=15.26 img/s eta_seconds=676.9 gpu_alloc=448.7MiB gpu_reserved=12264.0MiB skipped_batches=0
2026-09-13 08:34:13,617 | INFO | epoch=25 batch=75 global_step=7525 loss_reg_months=3.5556 disagreement_months=2.0003 artifact_factor=1.00 lr=0.00004569 grad_norm=1.7186 throughput=15.77 img/s eta_seconds=626.5 gpu_alloc=555.6MiB gpu_reserved=12264.0MiB skipped_batches=0
2026-09-13 08:34:38,265 | INFO | epoch=25 batch=100 global_step=7538 loss_reg_months=3.5537 disagreement_months=2.0922 artifact_factor=1.00 lr=0.00004569 grad_norm=1.3884 throughput=16.32 img/s eta_seconds=577.6 gpu_alloc=448.7MiB gpu_reserved=12264.0MiB skipped_batches=0
2026-09-13 08:35:00,845 | INFO | epoch=25 batch=125 global_step=7550 loss_reg_months=3.5803 disagreement_months=1.8077 artifact_factor=1.00 lr=0.00004569 grad_norm=1.0790 throughput=16.94 img/s eta_seconds=530.1 gpu_alloc=555.6MiB gpu_reserved=12264.0MiB skipped_batches=0
2026-09-13 08:35:23,147 | INFO | epoch=25 batch=150 global_step=7563 loss_reg_months=3.5468 disagreement_months=1.9348 artifact_factor=1.00 lr=0.00004569 grad_norm=1.1183 throughput=17.40 img/s eta_seconds=490.1 gpu_alloc=448.7MiB gpu_reserved=12264.0MiB skipped_batches=0
2026-09-13 08:35:45,398 | INFO | epoch=25 batch=175 global_step=7575 loss_reg_months=3.5488 disagreement_months=1.5635 artifact_factor=1.00 lr=0.00004569 grad_norm=1.2446 throughput=17.76 img/s eta_seconds=455.0 gpu_alloc=555.6MiB gpu_reserved=12264.0MiB skipped_batches=0
2026-09-13 08:36:07,631 | INFO | epoch=25 batch=200 global_step=7588 loss_reg_months=3.5622 disagreement_months=1.5131 artifact_factor=1.00 lr=0.00004569 grad_norm=1.0304 throughput=18.03 img/s eta_seconds=423.0 gpu_alloc=448.7MiB gpu_reserved=12264.0MiB skipped_batches=0
2026-09-13 08:36:29,821 | INFO | epoch=25 batch=225 global_step=7600 loss_reg_months=3.5763 disagreement_months=1.9373 artifact_factor=1.00 lr=0.00004569 grad_norm=1.8155 throughput=18.26 img/s eta_seconds=393.2 gpu_alloc=555.6MiB gpu_reserved=12264.0MiB skipped_batches=0
2026-09-13 08:36:52,001 | INFO | epoch=25 batch=250 global_step=7613 loss_reg_months=3.5918 disagreement_months=2.5655 artifact_factor=1.00 lr=0.00004569 grad_norm=2.4470 throughput=18.44 img/s eta_seconds=364.8 gpu_alloc=448.7MiB gpu_reserved=12264.0MiB skipped_batches=0
2026-09-13 08:37:14,221 | INFO | epoch=25 batch=275 global_step=7625 loss_reg_months=3.6207 disagreement_months=1.8303 artifact_factor=1.00 lr=0.00004569 grad_norm=1.1241 throughput=18.59 img/s eta_seconds=337.7 gpu_alloc=555.6MiB gpu_reserved=12264.0MiB skipped_batches=0
2026-09-13 08:37:36,528 | INFO | epoch=25 batch=300 global_step=7638 loss_reg_months=3.6128 disagreement_months=2.1966 artifact_factor=1.00 lr=0.00004569 grad_norm=1.1531 throughput=18.72 img/s eta_seconds=311.4 gpu_alloc=448.7MiB gpu_reserved=12264.0MiB skipped_batches=0
2026-09-13 08:37:58,862 | INFO | epoch=25 batch=325 global_step=7650 loss_reg_months=3.6291 disagreement_months=2.3401 artifact_factor=1.00 lr=0.00004569 grad_norm=1.2887 throughput=18.82 img/s eta_seconds=285.8 gpu_alloc=555.6MiB gpu_reserved=12264.0MiB skipped_batches=0
2026-09-13 08:38:27,304 | INFO | epoch=25 batch=350 global_step=7663 loss_reg_months=3.6216 disagreement_months=2.5642 artifact_factor=1.00 lr=0.00004569 grad_norm=1.4874 throughput=18.57 img/s eta_seconds=265.4 gpu_alloc=448.7MiB gpu_reserved=12264.0MiB skipped_batches=0
2026-09-13 08:38:51,788 | INFO | epoch=25 batch=375 global_step=7675 loss_reg_months=3.5985 disagreement_months=1.6000 artifact_factor=1.00 lr=0.00004569 grad_norm=1.4519 throughput=18.55 img/s eta_seconds=241.3 gpu_alloc=555.6MiB gpu_reserved=12264.0MiB skipped_batches=0
2026-09-13 08:39:15,395 | INFO | epoch=25 batch=400 global_step=7688 loss_reg_months=3.5966 disagreement_months=2.8953 artifact_factor=1.00 lr=0.00004569 grad_norm=1.1540 throughput=18.58 img/s eta_seconds=216.7 gpu_alloc=448.7MiB gpu_reserved=12264.0MiB skipped_batches=0
2026-09-13 08:39:37,683 | INFO | epoch=25 batch=425 global_step=7700 loss_reg_months=3.5710 disagreement_months=2.1173 artifact_factor=1.00 lr=0.00004569 grad_norm=1.4362 throughput=18.67 img/s eta_seconds=191.6 gpu_alloc=555.6MiB gpu_reserved=12264.0MiB skipped_batches=0
2026-09-13 08:39:59,728 | INFO | epoch=25 batch=450 global_step=7713 loss_reg_months=3.5668 disagreement_months=2.0846 artifact_factor=1.00 lr=0.00004569 grad_norm=1.3599 throughput=18.76 img/s eta_seconds=166.7 gpu_alloc=448.7MiB gpu_reserved=12264.0MiB skipped_batches=0
2026-09-13 08:40:21,955 | INFO | epoch=25 batch=475 global_step=7725 loss_reg_months=3.5690 disagreement_months=2.4081 artifact_factor=1.00 lr=0.00004569 grad_norm=1.6713 throughput=18.83 img/s eta_seconds=142.2 gpu_alloc=555.6MiB gpu_reserved=12264.0MiB skipped_batches=0
2026-09-13 08:40:44,181 | INFO | epoch=25 batch=500 global_step=7738 loss_reg_months=3.5626 disagreement_months=2.5239 artifact_factor=1.00 lr=0.00004569 grad_norm=1.4058 throughput=18.90 img/s eta_seconds=117.9 gpu_alloc=448.7MiB gpu_reserved=12264.0MiB skipped_batches=0
2026-09-13 08:41:10,036 | INFO | epoch=25 batch=525 global_step=7750 loss_reg_months=3.5628 disagreement_months=1.8668 artifact_factor=1.00 lr=0.00004569 grad_norm=1.7150 throughput=18.82 img/s eta_seconds=94.5 gpu_alloc=555.6MiB gpu_reserved=12264.0MiB skipped_batches=0
2026-09-13 08:41:33,855 | INFO | epoch=25 batch=550 global_step=7763 loss_reg_months=3.5659 disagreement_months=2.2822 artifact_factor=1.00 lr=0.00004569 grad_norm=1.2195 throughput=18.83 img/s eta_seconds=70.5 gpu_alloc=448.7MiB gpu_reserved=12264.0MiB skipped_batches=0
2026-09-13 08:41:58,476 | INFO | epoch=25 batch=575 global_step=7775 loss_reg_months=3.5478 disagreement_months=2.2671 artifact_factor=1.00 lr=0.00004569 grad_norm=1.3747 throughput=18.80 img/s eta_seconds=46.7 gpu_alloc=555.6MiB gpu_reserved=12264.0MiB skipped_batches=0
2026-09-13 08:42:20,847 | INFO | epoch=25 batch=600 global_step=7788 loss_reg_months=3.5413 disagreement_months=1.6780 artifact_factor=1.00 lr=0.00004569 grad_norm=1.4862 throughput=18.85 img/s eta_seconds=22.7 gpu_alloc=448.7MiB gpu_reserved=12264.0MiB skipped_batches=0
2026-09-13 08:43:13,477 | WARNING | STABILITY WARNING [CAM] Prediction vượt nhẹ miền tuổi 0–228: [-0.70, 224.75]
2026-09-13 08:43:13,479 | INFO | 
TRAINING REVIEW SNAPSHOT
Run ID / config hash / split hash: C3_Z26_C3_ROI_V2_PILOT_C_V2_FOLD_1_SEED_42 / a1df1d91a46a / bd104dee8d02+d03e7faa2165
Epoch / global step: 25 / 7800
Train loss: 3.5365
Validation MAE / RMSE / median AE: 6.3224 / 8.6559 / 4.7500
MAE nam / nữ / age bins: {'F': 6.5811722999223, 'M': 6.103514340894149} / {'0-59': 5.579652583798882, '120-179': 5.7015790292470445, '180-228': 6.343367346938775, '60-119': 7.771034427284428}
Learning rate / peak VRAM: 0.00004569 / 12264.0 MiB
Best epoch / best MAE / epochs không cải thiện: 20 / 6.2756 / 5
Cảnh báo hiện tại: CAM: Prediction vượt nhẹ miền tuổi 0–228: [-0.70, 224.75]
Checkpoint gần nhất: /content/C3_Z26_C3_ROI_V2_PILOTS/runs/C3_Z26_C3_ROI_V2_PILOT_C_V2_FOLD_1_SEED_42/last.ckpt
Checkpoint tốt nhất: /content/C3_Z26_C3_ROI_V2_PILOTS/runs/C3_Z26_C3_ROI_V2_PILOT_C_V2_FOLD_1_SEED_42/best_mae.ckpt
Đề xuất tự động: THEO DÕI
2026-09-13 08:43:45,484 | INFO | epoch=26 batch=25 global_step=7812 loss_reg_months=3.6301 disagreement_months=1.6465 artifact_factor=1.00 lr=0.00003846 grad_norm=1.5347 throughput=17.96 img/s eta_seconds=600.1 gpu_alloc=555.6MiB gpu_reserved=12264.0MiB skipped_batches=0
2026-09-13 08:44:11,433 | INFO | epoch=26 batch=50 global_step=7825 loss_reg_months=3.4474 disagreement_months=2.5982 artifact_factor=1.00 lr=0.00003846 grad_norm=0.9812 throughput=17.65 img/s eta_seconds=585.3 gpu_alloc=448.7MiB gpu_reserved=12264.0MiB skipped_batches=0
2026-09-13 08:44:33,643 | INFO | epoch=26 batch=75 global_step=7837 loss_reg_months=3.5097 disagreement_months=1.3683 artifact_factor=1.00 lr=0.00003846 grad_norm=1.6841 throughput=18.44 img/s eta_seconds=535.7 gpu_alloc=555.6MiB gpu_reserved=12264.0MiB skipped_batches=0
2026-09-13 08:44:55,776 | INFO | epoch=26 batch=100 global_step=7850 loss_reg_months=3.4930 disagreement_months=2.8902 artifact_factor=1.00 lr=0.00003846 grad_norm=1.7698 throughput=18.88 img/s eta_seconds=499.4 gpu_alloc=448.7MiB gpu_reserved=12264.0MiB skipped_batches=0
2026-09-13 08:45:18,070 | INFO | epoch=26 batch=125 global_step=7862 loss_reg_months=3.4536 disagreement_months=2.2067 artifact_factor=1.00 lr=0.00003846 grad_norm=1.6197 throughput=19.13 img/s eta_seconds=469.4 gpu_alloc=555.6MiB gpu_reserved=12264.0MiB skipped_batches=0
2026-09-13 08:45:40,244 | INFO | epoch=26 batch=150 global_step=7875 loss_reg_months=3.4421 disagreement_months=2.2558 artifact_factor=1.00 lr=0.00003846 grad_norm=1.4548 throughput=19.31 img/s eta_seconds=441.6 gpu_alloc=448.7MiB gpu_reserved=12264.0MiB skipped_batches=0
2026-09-13 08:46:02,586 | INFO | epoch=26 batch=175 global_step=7887 loss_reg_months=3.4419 disagreement_months=2.3993 artifact_factor=1.00 lr=0.00003846 grad_norm=1.2155 throughput=19.43 img/s eta_seconds=415.8 gpu_alloc=555.6MiB gpu_reserved=12264.0MiB skipped_batches=0
2026-09-13 08:46:24,899 | INFO | epoch=26 batch=200 global_step=7900 loss_reg_months=3.4656 disagreement_months=1.6075 artifact_factor=1.00 lr=0.00003846 grad_norm=1.2620 throughput=19.52 img/s eta_seconds=390.9 gpu_alloc=448.7MiB gpu_reserved=12264.0MiB skipped_batches=0
2026-09-13 08:46:47,418 | INFO | epoch=26 batch=225 global_step=7912 loss_reg_months=3.4571 disagreement_months=2.7870 artifact_factor=1.00 lr=0.00003846 grad_norm=2.0141 throughput=19.57 img/s eta_seconds=366.9 gpu_alloc=555.6MiB gpu_reserved=12264.0MiB skipped_batches=0
2026-09-13 08:47:09,612 | INFO | epoch=26 batch=250 global_step=7925 loss_reg_months=3.4263 disagreement_months=2.3250 artifact_factor=1.00 lr=0.00003846 grad_norm=1.2086 throughput=19.64 img/s eta_seconds=342.7 gpu_alloc=448.7MiB gpu_reserved=12264.0MiB skipped_batches=0
2026-09-13 08:47:31,880 | INFO | epoch=26 batch=275 global_step=7937 loss_reg_months=3.4168 disagreement_months=1.7422 artifact_factor=1.00 lr=0.00003846 grad_norm=1.4922 throughput=19.69 img/s eta_seconds=318.9 gpu_alloc=555.6MiB gpu_reserved=12264.0MiB skipped_batches=0
2026-09-13 08:47:54,102 | INFO | epoch=26 batch=300 global_step=7950 loss_reg_months=3.3994 disagreement_months=1.8845 artifact_factor=1.00 lr=0.00003846 grad_norm=1.1608 throughput=19.73 img/s eta_seconds=295.4 gpu_alloc=448.7MiB gpu_reserved=12264.0MiB skipped_batches=0
2026-09-13 08:48:29,688 | INFO | epoch=26 batch=325 global_step=7962 loss_reg_months=3.3989 disagreement_months=2.1740 artifact_factor=1.00 lr=0.00003846 grad_norm=1.3196 throughput=18.92 img/s eta_seconds=284.3 gpu_alloc=555.6MiB gpu_reserved=12264.0MiB skipped_batches=0
2026-09-13 08:48:52,813 | INFO | epoch=26 batch=350 global_step=7975 loss_reg_months=3.3805 disagreement_months=1.5521 artifact_factor=1.00 lr=0.00003846 grad_norm=1.6288 throughput=18.95 img/s eta_seconds=260.0 gpu_alloc=448.7MiB gpu_reserved=12264.0MiB skipped_batches=0
2026-09-13 08:49:18,352 | INFO | epoch=26 batch=375 global_step=7987 loss_reg_months=3.3672 disagreement_months=2.6385 artifact_factor=1.00 lr=0.00003846 grad_norm=1.1292 throughput=18.86 img/s eta_seconds=237.4 gpu_alloc=555.6MiB gpu_reserved=12264.0MiB skipped_batches=0
2026-09-13 08:49:47,860 | INFO | epoch=26 batch=400 global_step=8000 loss_reg_months=3.3669 disagreement_months=2.6058 artifact_factor=1.00 lr=0.00003846 grad_norm=1.3648 throughput=18.58 img/s eta_seconds=216.7 gpu_alloc=448.7MiB gpu_reserved=12264.0MiB skipped_batches=0
2026-09-13 08:50:10,025 | INFO | epoch=26 batch=425 global_step=8012 loss_reg_months=3.3683 disagreement_months=1.7460 artifact_factor=1.00 lr=0.00003846 grad_norm=1.0534 throughput=18.68 img/s eta_seconds=191.6 gpu_alloc=555.6MiB gpu_reserved=12264.0MiB skipped_batches=0
2026-09-13 08:50:34,946 | INFO | epoch=26 batch=450 global_step=8025 loss_reg_months=3.3780 disagreement_months=1.9612 artifact_factor=1.00 lr=0.00003846 grad_norm=1.7478 throughput=18.64 img/s eta_seconds=167.8 gpu_alloc=448.7MiB gpu_reserved=12264.0MiB skipped_batches=0
2026-09-13 08:50:57,281 | INFO | epoch=26 batch=475 global_step=8037 loss_reg_months=3.3862 disagreement_months=2.4560 artifact_factor=1.00 lr=0.00003846 grad_norm=1.8549 throughput=18.72 img/s eta_seconds=143.1 gpu_alloc=555.6MiB gpu_reserved=12264.0MiB skipped_batches=0
2026-09-13 08:51:19,426 | INFO | epoch=26 batch=500 global_step=8050 loss_reg_months=3.3904 disagreement_months=2.0242 artifact_factor=1.00 lr=0.00003846 grad_norm=1.1151 throughput=18.79 img/s eta_seconds=118.6 gpu_alloc=448.7MiB gpu_reserved=12264.0MiB skipped_batches=0
2026-09-13 08:51:41,800 | INFO | epoch=26 batch=525 global_step=8062 loss_reg_months=3.3794 disagreement_months=2.9230 artifact_factor=1.00 lr=0.00003846 grad_norm=1.0859 throughput=18.85 img/s eta_seconds=94.3 gpu_alloc=555.6MiB gpu_reserved=12264.0MiB skipped_batches=0
2026-09-13 08:52:04,053 | INFO | epoch=26 batch=550 global_step=8075 loss_reg_months=3.3670 disagreement_months=1.9852 artifact_factor=1.00 lr=0.00003846 grad_norm=1.2248 throughput=18.91 img/s eta_seconds=70.2 gpu_alloc=448.7MiB gpu_reserved=12264.0MiB skipped_batches=0
2026-09-13 08:52:26,431 | INFO | epoch=26 batch=575 global_step=8087 loss_reg_months=3.3687 disagreement_months=2.6611 artifact_factor=1.00 lr=0.00003846 grad_norm=1.1090 throughput=18.96 img/s eta_seconds=46.3 gpu_alloc=555.6MiB gpu_reserved=12264.0MiB skipped_batches=0
2026-09-13 08:52:48,587 | INFO | epoch=26 batch=600 global_step=8100 loss_reg_months=3.3804 disagreement_months=1.0914 artifact_factor=1.00 lr=0.00003846 grad_norm=1.3502 throughput=19.01 img/s eta_seconds=22.5 gpu_alloc=448.7MiB gpu_reserved=12264.0MiB skipped_batches=0
2026-09-13 08:53:41,795 | WARNING | STABILITY WARNING [CAM] Validation MAE xấu đi trong khi train loss giảm
2026-09-13 08:53:41,796 | INFO | 
TRAINING REVIEW SNAPSHOT
Run ID / config hash / split hash: C3_Z26_C3_ROI_V2_PILOT_C_V2_FOLD_1_SEED_42 / a1df1d91a46a / bd104dee8d02+d03e7faa2165
Epoch / global step: 26 / 8112
Train loss: 3.3723
Validation MAE / RMSE / median AE: 6.3704 / 8.6910 / 4.7500
MAE nam / nữ / age bins: {'F': 6.634982638888889, 'M': 6.146434294871795} / {'0-59': 5.9977959148044695, '120-179': 5.6693761667703795, '180-228': 6.420408163265306, '60-119': 7.8901624839124835}
Learning rate / peak VRAM: 0.00003846 / 12264.0 MiB
Best epoch / best MAE / epochs không cải thiện: 20 / 6.2756 / 6
Cảnh báo hiện tại: CAM: Validation MAE xấu đi trong khi train loss giảm
Checkpoint gần nhất: /content/C3_Z26_C3_ROI_V2_PILOTS/runs/C3_Z26_C3_ROI_V2_PILOT_C_V2_FOLD_1_SEED_42/last.ckpt
Checkpoint tốt nhất: /content/C3_Z26_C3_ROI_V2_PILOTS/runs/C3_Z26_C3_ROI_V2_PILOT_C_V2_FOLD_1_SEED_42/best_mae.ckpt
Đề xuất tự động: THEO DÕI
2026-09-13 08:54:22,134 | INFO | epoch=27 batch=25 global_step=8124 loss_reg_months=2.9035 disagreement_months=2.1727 artifact_factor=1.00 lr=0.00003174 grad_norm=1.2674 throughput=15.70 img/s eta_seconds=686.6 gpu_alloc=555.6MiB gpu_reserved=12264.0MiB skipped_batches=0
2026-09-13 08:54:45,980 | INFO | epoch=27 batch=50 global_step=8137 loss_reg_months=3.0979 disagreement_months=2.2747 artifact_factor=1.00 lr=0.00003174 grad_norm=1.3227 throughput=17.14 img/s eta_seconds=602.7 gpu_alloc=448.7MiB gpu_reserved=12264.0MiB skipped_batches=0
2026-09-13 08:55:08,107 | INFO | epoch=27 batch=75 global_step=8149 loss_reg_months=3.1016 disagreement_months=2.1891 artifact_factor=1.00 lr=0.00003174 grad_norm=1.0995 throughput=18.09 img/s eta_seconds=546.2 gpu_alloc=555.6MiB gpu_reserved=12264.0MiB skipped_batches=0
2026-09-13 08:55:30,138 | INFO | epoch=27 batch=100 global_step=8162 loss_reg_months=3.1063 disagreement_months=2.1853 artifact_factor=1.00 lr=0.00003174 grad_norm=1.1942 throughput=18.62 img/s eta_seconds=506.4 gpu_alloc=448.7MiB gpu_reserved=12264.0MiB skipped_batches=0
2026-09-13 08:55:52,520 | INFO | epoch=27 batch=125 global_step=8174 loss_reg_months=3.1163 disagreement_months=1.9021 artifact_factor=1.00 lr=0.00003174 grad_norm=1.3553 throughput=18.90 img/s eta_seconds=475.1 gpu_alloc=555.6MiB gpu_reserved=12264.0MiB skipped_batches=0
2026-09-13 08:56:14,739 | INFO | epoch=27 batch=150 global_step=8187 loss_reg_months=3.1309 disagreement_months=1.7208 artifact_factor=1.00 lr=0.00003174 grad_norm=1.3762 throughput=19.11 img/s eta_seconds=446.2 gpu_alloc=448.7MiB gpu_reserved=12264.0MiB skipped_batches=0
2026-09-13 08:56:36,987 | INFO | epoch=27 batch=175 global_step=8199 loss_reg_months=3.1477 disagreement_months=1.9839 artifact_factor=1.00 lr=0.00003174 grad_norm=1.2729 throughput=19.26 img/s eta_seconds=419.4 gpu_alloc=555.6MiB gpu_reserved=12264.0MiB skipped_batches=0
2026-09-13 08:56:59,242 | INFO | epoch=27 batch=200 global_step=8212 loss_reg_months=3.1752 disagreement_months=1.4048 artifact_factor=1.00 lr=0.00003174 grad_norm=1.5545 throughput=19.38 img/s eta_seconds=393.6 gpu_alloc=448.7MiB gpu_reserved=12264.0MiB skipped_batches=0
2026-09-13 08:57:21,571 | INFO | epoch=27 batch=225 global_step=8224 loss_reg_months=3.2065 disagreement_months=2.2193 artifact_factor=1.00 lr=0.00003174 grad_norm=2.3164 throughput=19.46 img/s eta_seconds=368.8 gpu_alloc=555.6MiB gpu_reserved=12264.0MiB skipped_batches=0
2026-09-13 08:57:43,821 | INFO | epoch=27 batch=250 global_step=8237 loss_reg_months=3.1945 disagreement_months=1.6503 artifact_factor=1.00 lr=0.00003174 grad_norm=1.3540 throughput=19.53 img/s eta_seconds=344.4 gpu_alloc=448.7MiB gpu_reserved=12264.0MiB skipped_batches=0
2026-09-13 08:58:06,093 | INFO | epoch=27 batch=275 global_step=8249 loss_reg_months=3.1877 disagreement_months=2.7442 artifact_factor=1.00 lr=0.00003174 grad_norm=1.0681 throughput=19.59 img/s eta_seconds=320.4 gpu_alloc=555.6MiB gpu_reserved=12264.0MiB skipped_batches=0
2026-09-13 08:58:32,462 | INFO | epoch=27 batch=300 global_step=8262 loss_reg_months=3.1821 disagreement_months=2.0468 artifact_factor=1.00 lr=0.00003174 grad_norm=1.1814 throughput=19.35 img/s eta_seconds=301.1 gpu_alloc=448.7MiB gpu_reserved=12264.0MiB skipped_batches=0
2026-09-13 08:58:57,555 | INFO | epoch=27 batch=325 global_step=8274 loss_reg_months=3.1715 disagreement_months=2.4421 artifact_factor=1.00 lr=0.00003174 grad_norm=1.2189 throughput=19.24 img/s eta_seconds=279.6 gpu_alloc=555.6MiB gpu_reserved=12264.0MiB skipped_batches=0
2026-09-13 08:59:20,218 | INFO | epoch=27 batch=350 global_step=8287 loss_reg_months=3.1863 disagreement_months=2.9633 artifact_factor=1.00 lr=0.00003174 grad_norm=1.0034 throughput=19.28 img/s eta_seconds=255.6 gpu_alloc=448.7MiB gpu_reserved=12264.0MiB skipped_batches=0
2026-09-13 08:59:42,440 | INFO | epoch=27 batch=375 global_step=8299 loss_reg_months=3.2001 disagreement_months=2.9456 artifact_factor=1.00 lr=0.00003174 grad_norm=1.5375 throughput=19.34 img/s eta_seconds=231.5 gpu_alloc=555.6MiB gpu_reserved=12264.0MiB skipped_batches=0
2026-09-13 09:00:04,701 | INFO | epoch=27 batch=400 global_step=8312 loss_reg_months=3.2111 disagreement_months=3.3031 artifact_factor=1.00 lr=0.00003174 grad_norm=1.2983 throughput=19.39 img/s eta_seconds=207.7 gpu_alloc=448.7MiB gpu_reserved=12264.0MiB skipped_batches=0
2026-09-13 09:00:26,857 | INFO | epoch=27 batch=425 global_step=8324 loss_reg_months=3.2407 disagreement_months=2.3502 artifact_factor=1.00 lr=0.00003174 grad_norm=1.4744 throughput=19.45 img/s eta_seconds=184.0 gpu_alloc=555.6MiB gpu_reserved=12264.0MiB skipped_batches=0
2026-09-13 09:00:49,167 | INFO | epoch=27 batch=450 global_step=8337 loss_reg_months=3.2527 disagreement_months=1.8605 artifact_factor=1.00 lr=0.00003174 grad_norm=1.2148 throughput=19.48 img/s eta_seconds=160.5 gpu_alloc=448.7MiB gpu_reserved=12264.0MiB skipped_batches=0
2026-09-13 09:01:11,346 | INFO | epoch=27 batch=475 global_step=8349 loss_reg_months=3.2508 disagreement_months=2.6334 artifact_factor=1.00 lr=0.00003174 grad_norm=1.4789 throughput=19.53 img/s eta_seconds=137.2 gpu_alloc=555.6MiB gpu_reserved=12264.0MiB skipped_batches=0
2026-09-13 09:01:33,681 | INFO | epoch=27 batch=500 global_step=8362 loss_reg_months=3.2558 disagreement_months=1.2192 artifact_factor=1.00 lr=0.00003174 grad_norm=1.1439 throughput=19.56 img/s eta_seconds=113.9 gpu_alloc=448.7MiB gpu_reserved=12264.0MiB skipped_batches=0
2026-09-13 09:01:55,947 | INFO | epoch=27 batch=525 global_step=8374 loss_reg_months=3.2575 disagreement_months=2.3716 artifact_factor=1.00 lr=0.00003174 grad_norm=1.2950 throughput=19.59 img/s eta_seconds=90.8 gpu_alloc=555.6MiB gpu_reserved=12264.0MiB skipped_batches=0
2026-09-13 09:02:18,188 | INFO | epoch=27 batch=550 global_step=8387 loss_reg_months=3.2681 disagreement_months=2.2331 artifact_factor=1.00 lr=0.00003174 grad_norm=1.0061 throughput=19.61 img/s eta_seconds=67.7 gpu_alloc=448.7MiB gpu_reserved=12264.0MiB skipped_batches=0
2026-09-13 09:02:40,444 | INFO | epoch=27 batch=575 global_step=8399 loss_reg_months=3.2531 disagreement_months=3.5574 artifact_factor=1.00 lr=0.00003174 grad_norm=1.6116 throughput=19.64 img/s eta_seconds=44.7 gpu_alloc=555.6MiB gpu_reserved=12264.0MiB skipped_batches=0
2026-09-13 09:03:02,639 | INFO | epoch=27 batch=600 global_step=8412 loss_reg_months=3.2680 disagreement_months=1.4401 artifact_factor=1.00 lr=0.00003174 grad_norm=1.3698 throughput=19.67 img/s eta_seconds=21.8 gpu_alloc=448.7MiB gpu_reserved=12264.0MiB skipped_batches=0
2026-09-13 09:04:07,962 | WARNING | STABILITY WARNING [CAM] Prediction vượt nhẹ miền tuổi 0–228: [-4.01, 228.25]
2026-09-13 09:04:07,964 | WARNING | STABILITY WARNING [CAM] Validation MAE xấu đi trong khi train loss giảm
2026-09-13 09:04:07,965 | INFO | 
TRAINING REVIEW SNAPSHOT
Run ID / config hash / split hash: C3_Z26_C3_ROI_V2_PILOT_C_V2_FOLD_1_SEED_42 / a1df1d91a46a / bd104dee8d02+d03e7faa2165
Epoch / global step: 27 / 8424
Train loss: 3.2631
Validation MAE / RMSE / median AE: 6.3392 / 8.7113 / 4.7500
MAE nam / nữ / age bins: {'F': 6.595540743978244, 'M': 6.122236604207758} / {'0-59': 5.518200069832402, '120-179': 5.776369010578718, '180-228': 6.027551020408163, '60-119': 7.79054054054054}
Learning rate / peak VRAM: 0.00003174 / 12264.0 MiB
Best epoch / best MAE / epochs không cải thiện: 20 / 6.2756 / 7
Cảnh báo hiện tại: CAM: Prediction vượt nhẹ miền tuổi 0–228: [-4.01, 228.25] | CAM: Validation MAE xấu đi trong khi train loss giảm
Checkpoint gần nhất: /content/C3_Z26_C3_ROI_V2_PILOTS/runs/C3_Z26_C3_ROI_V2_PILOT_C_V2_FOLD_1_SEED_42/last.ckpt
Checkpoint tốt nhất: /content/C3_Z26_C3_ROI_V2_PILOTS/runs/C3_Z26_C3_ROI_V2_PILOT_C_V2_FOLD_1_SEED_42/best_mae.ckpt
Đề xuất tự động: THEO DÕI
2026-09-13 09:04:49,404 | INFO | epoch=28 batch=25 global_step=8436 loss_reg_months=3.0650 disagreement_months=2.2860 artifact_factor=1.00 lr=0.00002557 grad_norm=1.2908 throughput=15.70 img/s eta_seconds=686.6 gpu_alloc=555.6MiB gpu_reserved=12264.0MiB skipped_batches=0
2026-09-13 09:05:14,515 | INFO | epoch=28 batch=50 global_step=8449 loss_reg_months=2.9914 disagreement_months=1.6667 artifact_factor=1.00 lr=0.00002557 grad_norm=1.2165 throughput=16.73 img/s eta_seconds=617.2 gpu_alloc=448.7MiB gpu_reserved=12264.0MiB skipped_batches=0
2026-09-13 09:05:36,469 | INFO | epoch=28 batch=75 global_step=8461 loss_reg_months=3.1374 disagreement_months=2.3175 artifact_factor=1.00 lr=0.00002557 grad_norm=1.0466 throughput=17.83 img/s eta_seconds=554.1 gpu_alloc=555.6MiB gpu_reserved=12264.0MiB skipped_batches=0
2026-09-13 09:05:58,344 | INFO | epoch=28 batch=100 global_step=8474 loss_reg_months=3.1558 disagreement_months=2.3754 artifact_factor=1.00 lr=0.00002557 grad_norm=1.1694 throughput=18.44 img/s eta_seconds=511.3 gpu_alloc=448.7MiB gpu_reserved=12264.0MiB skipped_batches=0
2026-09-13 09:06:20,545 | INFO | epoch=28 batch=125 global_step=8486 loss_reg_months=3.1699 disagreement_months=2.7795 artifact_factor=1.00 lr=0.00002557 grad_norm=1.3537 throughput=18.78 img/s eta_seconds=478.1 gpu_alloc=555.6MiB gpu_reserved=12264.0MiB skipped_batches=0
2026-09-13 09:06:42,909 | INFO | epoch=28 batch=150 global_step=8499 loss_reg_months=3.1438 disagreement_months=1.9147 artifact_factor=1.00 lr=0.00002557 grad_norm=1.0374 throughput=18.99 img/s eta_seconds=449.1 gpu_alloc=448.7MiB gpu_reserved=12264.0MiB skipped_batches=0
2026-09-13 09:07:10,313 | INFO | epoch=28 batch=175 global_step=8511 loss_reg_months=3.1754 disagreement_months=2.6334 artifact_factor=1.00 lr=0.00002557 grad_norm=1.6153 throughput=18.58 img/s eta_seconds=434.9 gpu_alloc=555.6MiB gpu_reserved=12264.0MiB skipped_batches=0
2026-09-13 09:07:35,053 | INFO | epoch=28 batch=200 global_step=8524 loss_reg_months=3.1702 disagreement_months=2.3691 artifact_factor=1.00 lr=0.00002557 grad_norm=1.5888 throughput=18.53 img/s eta_seconds=411.7 gpu_alloc=448.7MiB gpu_reserved=12264.0MiB skipped_batches=0
2026-09-13 09:07:57,339 | INFO | epoch=28 batch=225 global_step=8536 loss_reg_months=3.1697 disagreement_months=2.8902 artifact_factor=1.00 lr=0.00002557 grad_norm=1.2780 throughput=18.70 img/s eta_seconds=383.9 gpu_alloc=555.6MiB gpu_reserved=12264.0MiB skipped_batches=0
2026-09-13 09:08:19,531 | INFO | epoch=28 batch=250 global_step=8549 loss_reg_months=3.1799 disagreement_months=1.6339 artifact_factor=1.00 lr=0.00002557 grad_norm=1.6021 throughput=18.84 img/s eta_seconds=357.0 gpu_alloc=448.7MiB gpu_reserved=12264.0MiB skipped_batches=0
2026-09-13 09:08:41,713 | INFO | epoch=28 batch=275 global_step=8561 loss_reg_months=3.1778 disagreement_months=2.6234 artifact_factor=1.00 lr=0.00002557 grad_norm=1.4995 throughput=18.97 img/s eta_seconds=331.0 gpu_alloc=555.6MiB gpu_reserved=12264.0MiB skipped_batches=0
2026-09-13 09:09:03,994 | INFO | epoch=28 batch=300 global_step=8574 loss_reg_months=3.1706 disagreement_months=1.8328 artifact_factor=1.00 lr=0.00002557 grad_norm=1.0841 throughput=19.06 img/s eta_seconds=305.7 gpu_alloc=448.7MiB gpu_reserved=12264.0MiB skipped_batches=0
2026-09-13 09:09:26,198 | INFO | epoch=28 batch=325 global_step=8586 loss_reg_months=3.1833 disagreement_months=2.2545 artifact_factor=1.00 lr=0.00002557 grad_norm=1.8269 throughput=19.15 img/s eta_seconds=280.8 gpu_alloc=555.6MiB gpu_reserved=12264.0MiB skipped_batches=0
2026-09-13 09:09:48,458 | INFO | epoch=28 batch=350 global_step=8599 loss_reg_months=3.1820 disagreement_months=1.7170 artifact_factor=1.00 lr=0.00002557 grad_norm=1.0260 throughput=19.22 img/s eta_seconds=256.4 gpu_alloc=448.7MiB gpu_reserved=12264.0MiB skipped_batches=0
2026-09-13 09:10:10,688 | INFO | epoch=28 batch=375 global_step=8611 loss_reg_months=3.1766 disagreement_months=1.6793 artifact_factor=1.00 lr=0.00002557 grad_norm=1.2098 throughput=19.29 img/s eta_seconds=232.2 gpu_alloc=555.6MiB gpu_reserved=12264.0MiB skipped_batches=0
2026-09-13 09:10:33,016 | INFO | epoch=28 batch=400 global_step=8624 loss_reg_months=3.1725 disagreement_months=1.5836 artifact_factor=1.00 lr=0.00002557 grad_norm=1.3330 throughput=19.34 img/s eta_seconds=208.3 gpu_alloc=448.7MiB gpu_reserved=12264.0MiB skipped_batches=0
2026-09-13 09:10:55,297 | INFO | epoch=28 batch=425 global_step=8636 loss_reg_months=3.1692 disagreement_months=2.5705 artifact_factor=1.00 lr=0.00002557 grad_norm=1.5411 throughput=19.39 img/s eta_seconds=184.5 gpu_alloc=555.6MiB gpu_reserved=12264.0MiB skipped_batches=0
2026-09-13 09:11:17,582 | INFO | epoch=28 batch=450 global_step=8649 loss_reg_months=3.1509 disagreement_months=2.2331 artifact_factor=1.00 lr=0.00002557 grad_norm=1.1354 throughput=19.43 img/s eta_seconds=161.0 gpu_alloc=448.7MiB gpu_reserved=12264.0MiB skipped_batches=0
2026-09-13 09:11:39,924 | INFO | epoch=28 batch=475 global_step=8661 loss_reg_months=3.1269 disagreement_months=3.4114 artifact_factor=1.00 lr=0.00002557 grad_norm=1.1253 throughput=19.47 img/s eta_seconds=137.6 gpu_alloc=555.6MiB gpu_reserved=12264.0MiB skipped_batches=0
2026-09-13 09:12:09,040 | INFO | epoch=28 batch=500 global_step=8674 loss_reg_months=3.1112 disagreement_months=2.4711 artifact_factor=1.00 lr=0.00002557 grad_norm=1.1863 throughput=19.22 img/s eta_seconds=115.9 gpu_alloc=448.7MiB gpu_reserved=12264.0MiB skipped_batches=0
2026-09-13 09:12:35,304 | INFO | epoch=28 batch=525 global_step=8686 loss_reg_months=3.1195 disagreement_months=2.6284 artifact_factor=1.00 lr=0.00002557 grad_norm=1.3118 throughput=19.11 img/s eta_seconds=93.1 gpu_alloc=555.6MiB gpu_reserved=12264.0MiB skipped_batches=0
2026-09-13 09:12:57,602 | INFO | epoch=28 batch=550 global_step=8699 loss_reg_months=3.1267 disagreement_months=2.2218 artifact_factor=1.00 lr=0.00002557 grad_norm=1.1104 throughput=19.15 img/s eta_seconds=69.3 gpu_alloc=448.7MiB gpu_reserved=12264.0MiB skipped_batches=0
2026-09-13 09:13:19,855 | INFO | epoch=28 batch=575 global_step=8711 loss_reg_months=3.1373 disagreement_months=2.2055 artifact_factor=1.00 lr=0.00002557 grad_norm=1.6806 throughput=19.20 img/s eta_seconds=45.7 gpu_alloc=555.6MiB gpu_reserved=12264.0MiB skipped_batches=0
2026-09-13 09:13:42,046 | INFO | epoch=28 batch=600 global_step=8724 loss_reg_months=3.1316 disagreement_months=1.8328 artifact_factor=1.00 lr=0.00002557 grad_norm=1.2302 throughput=19.24 img/s eta_seconds=22.2 gpu_alloc=448.7MiB gpu_reserved=12264.0MiB skipped_batches=0
2026-09-13 09:14:35,193 | WARNING | STABILITY WARNING [CAM] Prediction vượt nhẹ miền tuổi 0–228: [-3.14, 226.75]
2026-09-13 09:14:35,196 | WARNING | STABILITY WARNING [CAM] Validation MAE xấu đi trong khi train loss giảm
2026-09-13 09:14:35,197 | INFO | 
TRAINING REVIEW SNAPSHOT
Run ID / config hash / split hash: C3_Z26_C3_ROI_V2_PILOT_C_V2_FOLD_1_SEED_42 / a1df1d91a46a / bd104dee8d02+d03e7faa2165
Epoch / global step: 28 / 8736
Train loss: 3.1365
Validation MAE / RMSE / median AE: 6.4182 / 8.8056 / 4.7500
MAE nam / nữ / age bins: {'F': 6.694681186868687, 'M': 6.184279462524655} / {'0-59': 5.081354748603352, '120-179': 5.835135345364033, '180-228': 6.160714285714286, '60-119': 8.01331241956242}
Learning rate / peak VRAM: 0.00002557 / 12264.0 MiB
Best epoch / best MAE / epochs không cải thiện: 20 / 6.2756 / 8
Cảnh báo hiện tại: CAM: Prediction vượt nhẹ miền tuổi 0–228: [-3.14, 226.75] | CAM: Validation MAE xấu đi trong khi train loss giảm
Checkpoint gần nhất: /content/C3_Z26_C3_ROI_V2_PILOTS/runs/C3_Z26_C3_ROI_V2_PILOT_C_V2_FOLD_1_SEED_42/last.ckpt
Checkpoint tốt nhất: /content/C3_Z26_C3_ROI_V2_PILOTS/runs/C3_Z26_C3_ROI_V2_PILOT_C_V2_FOLD_1_SEED_42/best_mae.ckpt
Đề xuất tự động: THEO DÕI
2026-09-13 09:15:04,509 | WARNING | STABILITY WARNING [CAM] Early stopping patience=8
