image_id,target_months,own_prediction_months,friend_prediction_months,friend_weight_0_25_prediction,friend_weight_0_50_prediction,friend_weight_0_75_prediction,source_file
1386,30.0,34.5,35.84375,34.8359375,35.171875,35.5078125,project\p7_results\results\P7_FINAL_V3_FOLD_2\val_predictions_best.csv
1392,162.0,170.375,161.875,168.25,166.125,164.0,project\p7_results\results\P7_FINAL_V3_FOLD_1\val_predictions_best.csv
1397,18.0,7.7851562,5.3515625,7.1767577750000004,6.56835935,5.959960925,project\p7_results\results\P7_FINAL_V3_FOLD_2\val_predictions_best.csv
1401,132.0,131.0,129.5,130.625,130.25,129.875,project\p7_results\results\P7_FINAL_V3_FOLD_1\val_predictions_best.csv
1410,57.0,73.875,73.5,73.78125,73.6875,73.59375,project\p7_results\results\P7_FINAL_V3_FOLD_1\val_predictions_best.csv
1413,150.0,167.5,168.875,167.84375,168.1875,168.53125,project\p7_results\results\P7_FINAL_V3_FOLD_2\val_predictions_best.csv
1421,24.0,25.296875,28.140625,26.0078125,26.71875,27.4296875,project\p7_results\results\P7_FINAL_V3_FOLD_4\val_predictions_best.csv
1449,120.0,96.0625,99.9375,97.03125,98.0,98.96875,project\p7_results\results\P7_FINAL_V3_FOLD_4\val_predictions_best.csv
1450,16.0,14.6484375,16.671875,15.154296875,15.66015625,16.166015625,project\p7_results\results\P7_FINAL_V3_FOLD_1\val_predictions_best.csv
1456,120.0,143.5,147.75,144.5625,145.625,146.6875,project\p7_results\results\P7_FINAL_V3_FOLD_2\val_predictions_best.csv
1465,39.0,41.09375,33.15625,39.109375,37.125,35.140625,project\p7_results\results\P7_FINAL_V3_FOLD_3\val_predictions_best.csv
1490,24.0,25.890625,31.078125,27.1875,28.484375,29.78125,project\p7_results\results\P7_FINAL_V3_FOLD_4\val_predictions_best.csv
1506,51.0,43.5625,40.78125,42.8671875,42.171875,41.4765625,project\p7_results\results\P7_FINAL_V3_FOLD_3\val_predictions_best.csv
1510,50.0,45.90625,47.84375,46.390625,46.875,47.359375,project\p7_results\results\P7_FINAL_V3_FOLD_2\val_predictions_best.csv
1528,156.0,153.75,150.0,152.8125,151.875,150.9375,project\p7_results\results\P7_FINAL_V3_FOLD_3\val_predictions_best.csv
1532,6.0,13.4609375,13.5546875,13.484375,13.5078125,13.53125,project\p7_results\results\P7_FINAL_V3_FOLD_1\val_predictions_best.csv
1537,120.0,123.6875,124.25,123.828125,123.96875,124.109375,project\p7_results\results\P7_FINAL_V3_FOLD_1\val_predictions_best.csv
1539,156.0,156.75,156.0,156.5625,156.375,156.1875,project\p7_results\results\P7_FINAL_V3_FOLD_5\val_predictions_best.csv
1552,94.0,95.875,97.0,96.15625,96.4375,96.71875,project\p7_results\results\P7_FINAL_V3_FOLD_1\val_predictions_best.csv
1561,106.0,116.9375,110.375,115.296875,113.65625,112.015625,project\p7_results\results\P7_FINAL_V3_FOLD_1\val_predictions_best.csv
1564,204.0,202.375,199.25,201.59375,200.8125,200.03125,project\p7_results\results\P7_FINAL_V3_FOLD_5\val_predictions_best.csv
1569,120.0,98.8125,102.625,99.765625,100.71875,101.671875,project\p7_results\results\P7_FINAL_V3_FOLD_5\val_predictions_best.csv
1573,78.0,78.0,88.3125,80.578125,83.15625,85.734375,project\p7_results\results\P7_FINAL_V3_FOLD_5\val_predictions_best.csv
1579,132.0,117.0,105.3125,114.078125,111.15625,108.234375,project\p7_results\results\P7_FINAL_V3_FOLD_4\val_predictions_best.csv
1583,48.0,53.21875,61.1875,55.2109375,57.203125,59.1953125,project\p7_results\results\P7_FINAL_V3_FOLD_5\val_predictions_best.csv
1603,24.0,23.296875,17.609375,21.875,20.453125,19.03125,project\p7_results\results\P7_FINAL_V3_FOLD_1\val_predictions_best.csv
1611,148.0,153.75,149.25,152.625,151.5,150.375,project\p7_results\results\P7_FINAL_V3_FOLD_1\val_predictions_best.csv
1622,94.0,81.875,83.25,82.21875,82.5625,82.90625,project\p7_results\results\P7_FINAL_V3_FOLD_5\val_predictions_best.csv
1633,180.0,175.75,175.625,175.71875,175.6875,175.65625,project\p7_results\results\P7_FINAL_V3_FOLD_4\val_predictions_best.csv
1655,144.0,162.375,160.0,161.78125,161.1875,160.59375,project\p7_results\results\P7_FINAL_V3_FOLD_2\val_predictions_best.csv
1657,102.0,108.875,100.375,106.75,104.625,102.5,project\p7_results\results\P7_FINAL_V3_FOLD_1\val_predictions_best.csv
1676,188.0,187.875,183.125,186.6875,185.5,184.3125,project\p7_results\results\P7_FINAL_V3_FOLD_4\val_predictions_best.csv
1687,162.0,165.75,162.25,164.875,164.0,163.125,project\p7_results\results\P7_FINAL_V3_FOLD_5\val_predictions_best.csv
1693,192.0,204.875,200.5,203.78125,202.6875,201.59375,project\p7_results\results\P7_FINAL_V3_FOLD_3\val_predictions_best.csv
1731,96.0,99.8125,87.125,96.640625,93.46875,90.296875,project\p7_results\results\P7_FINAL_V3_FOLD_3\val_predictions_best.csv
1735,141.0,144.375,154.375,146.875,149.375,151.875,project\p7_results\results\P7_FINAL_V3_FOLD_5\val_predictions_best.csv
1740,132.0,120.6875,122.25,121.078125,121.46875,121.859375,project\p7_results\results\P7_FINAL_V3_FOLD_3\val_predictions_best.csv
1749,26.0,28.625,19.859375,26.43359375,24.2421875,22.05078125,project\p7_results\results\P7_FINAL_V3_FOLD_1\val_predictions_best.csv
1760,102.0,115.3125,109.0625,113.75,112.1875,110.625,project\p7_results\results\P7_FINAL_V3_FOLD_1\val_predictions_best.csv
1769,168.0,171.0,167.125,170.03125,169.0625,168.09375,project\p7_results\results\P7_FINAL_V3_FOLD_1\val_predictions_best.csv
1770,159.0,159.5,160.5,159.75,160.0,160.25,project\p7_results\results\P7_FINAL_V3_FOLD_5\val_predictions_best.csv
1773,116.0,115.8125,109.6875,114.28125,112.75,111.21875,project\p7_results\results\P7_FINAL_V3_FOLD_2\val_predictions_best.csv
1774,78.0,74.625,72.875,74.1875,73.75,73.3125,project\p7_results\results\P7_FINAL_V3_FOLD_2\val_predictions_best.csv
1788,156.0,138.875,132.0,137.15625,135.4375,133.71875,project\p7_results\results\P7_FINAL_V3_FOLD_5\val_predictions_best.csv
1795,162.0,155.625,157.625,156.125,156.625,157.125,project\p7_results\results\P7_FINAL_V3_FOLD_2\val_predictions_best.csv
1805,210.0,208.375,211.75,209.21875,210.0625,210.90625,project\p7_results\results\P7_FINAL_V3_FOLD_3\val_predictions_best.csv
1809,138.0,141.0,134.875,139.46875,137.9375,136.40625,project\p7_results\results\P7_FINAL_V3_FOLD_1\val_predictions_best.csv
1822,60.0,73.75,70.5625,72.953125,72.15625,71.359375,project\p7_results\results\P7_FINAL_V3_FOLD_4\val_predictions_best.csv
1824,94.0,103.8125,93.0625,101.125,98.4375,95.75,project\p7_results\results\P7_FINAL_V3_FOLD_4\val_predictions_best.csv
1836,120.0,119.5625,120.875,119.890625,120.21875,120.546875,project\p7_results\results\P7_FINAL_V3_FOLD_3\val_predictions_best.csv
1842,100.0,107.5625,105.0,106.921875,106.28125,105.640625,project\p7_results\results\P7_FINAL_V3_FOLD_4\val_predictions_best.csv
1847,66.0,90.9375,77.8125,87.65625,84.375,81.09375,project\p7_results\results\P7_FINAL_V3_FOLD_5\val_predictions_best.csv
1859,90.0,87.9375,81.1875,86.25,84.5625,82.875,project\p7_results\results\P7_FINAL_V3_FOLD_4\val_predictions_best.csv
1861,132.0,136.875,133.0,135.90625,134.9375,133.96875,project\p7_results\results\P7_FINAL_V3_FOLD_1\val_predictions_best.csv
1862,96.0,112.125,108.0,111.09375,110.0625,109.03125,project\p7_results\results\P7_FINAL_V3_FOLD_1\val_predictions_best.csv
1875,108.0,97.25,86.5,94.5625,91.875,89.1875,project\p7_results\results\P7_FINAL_V3_FOLD_1\val_predictions_best.csv
1881,76.0,86.625,92.125,88.0,89.375,90.75,project\p7_results\results\P7_FINAL_V3_FOLD_3\val_predictions_best.csv
1882,162.0,157.75,160.375,158.40625,159.0625,159.71875,project\p7_results\results\P7_FINAL_V3_FOLD_5\val_predictions_best.csv
1890,184.0,181.5,182.5,181.75,182.0,182.25,project\p7_results\results\P7_FINAL_V3_FOLD_4\val_predictions_best.csv
1900,152.0,156.625,159.875,157.4375,158.25,159.0625,project\p7_results\results\P7_FINAL_V3_FOLD_3\val_predictions_best.csv
1908,120.0,95.75,97.25,96.125,96.5,96.875,project\p7_results\results\P7_FINAL_V3_FOLD_5\val_predictions_best.csv
1914,76.0,99.375,90.5,97.15625,94.9375,92.71875,project\p7_results\results\P7_FINAL_V3_FOLD_3\val_predictions_best.csv
1924,43.0,44.8125,36.375,42.703125,40.59375,38.484375,project\p7_results\results\P7_FINAL_V3_FOLD_1\val_predictions_best.csv
1930,150.0,147.125,144.5,146.46875,145.8125,145.15625,project\p7_results\results\P7_FINAL_V3_FOLD_1\val_predictions_best.csv
1946,144.0,151.125,150.625,151.0,150.875,150.75,project\p7_results\results\P7_FINAL_V3_FOLD_4\val_predictions_best.csv
1950,38.0,49.03125,45.96875,48.265625,47.5,46.734375,project\p7_results\results\P7_FINAL_V3_FOLD_3\val_predictions_best.csv
1960,159.0,168.875,169.75,169.09375,169.3125,169.53125,project\p7_results\results\P7_FINAL_V3_FOLD_5\val_predictions_best.csv
1970,192.0,203.5,200.75,202.8125,202.125,201.4375,project\p7_results\results\P7_FINAL_V3_FOLD_3\val_predictions_best.csv
1975,94.0,80.5625,75.125,79.203125,77.84375,76.484375,project\p7_results\results\P7_FINAL_V3_FOLD_1\val_predictions_best.csv
1981,150.0,132.0,136.375,133.09375,134.1875,135.28125,project\p7_results\results\P7_FINAL_V3_FOLD_3\val_predictions_best.csv
1991,156.0,150.0,150.125,150.03125,150.0625,150.09375,project\p7_results\results\P7_FINAL_V3_FOLD_4\val_predictions_best.csv
2016,120.0,101.25,104.375,102.03125,102.8125,103.59375,project\p7_results\results\P7_FINAL_V3_FOLD_5\val_predictions_best.csv
2018,106.0,102.9375,98.75,101.890625,100.84375,99.796875,project\p7_results\results\P7_FINAL_V3_FOLD_1\val_predictions_best.csv
2019,192.0,177.0,175.125,176.53125,176.0625,175.59375,project\p7_results\results\P7_FINAL_V3_FOLD_4\val_predictions_best.csv
2036,159.0,148.25,155.0,149.9375,151.625,153.3125,project\p7_results\results\P7_FINAL_V3_FOLD_3\val_predictions_best.csv
2047,132.0,146.0,144.75,145.6875,145.375,145.0625,project\p7_results\results\P7_FINAL_V3_FOLD_4\val_predictions_best.csv
2054,24.0,28.421875,29.796875,28.765625,29.109375,29.453125,project\p7_results\results\P7_FINAL_V3_FOLD_3\val_predictions_best.csv
2064,192.0,198.375,193.375,197.125,195.875,194.625,project\p7_results\results\P7_FINAL_V3_FOLD_4\val_predictions_best.csv
2068,160.0,158.875,160.375,159.25,159.625,160.0,project\p7_results\results\P7_FINAL_V3_FOLD_4\val_predictions_best.csv
2090,120.0,123.5,128.125,124.65625,125.8125,126.96875,project\p7_results\results\P7_FINAL_V3_FOLD_1\val_predictions_best.csv
2124,156.0,148.625,146.875,148.1875,147.75,147.3125,project\p7_results\results\P7_FINAL_V3_FOLD_4\val_predictions_best.csv
2127,150.0,141.25,137.5,140.3125,139.375,138.4375,project\p7_results\results\P7_FINAL_V3_FOLD_2\val_predictions_best.csv
2140,150.0,145.75,150.25,146.875,148.0,149.125,project\p7_results\results\P7_FINAL_V3_FOLD_1\val_predictions_best.csv
2179,150.0,142.0,146.0,143.0,144.0,145.0,project\p7_results\results\P7_FINAL_V3_FOLD_2\val_predictions_best.csv
2190,138.0,73.375,140.25,90.09375,106.8125,123.53125,project\p7_results\results\P7_FINAL_V3_FOLD_3\val_predictions_best.csv
2191,144.0,144.625,143.875,144.4375,144.25,144.0625,project\p7_results\results\P7_FINAL_V3_FOLD_5\val_predictions_best.csv
2198,132.0,128.75,130.25,129.125,129.5,129.875,project\p7_results\results\P7_FINAL_V3_FOLD_2\val_predictions_best.csv
2199,168.0,169.25,166.25,168.5,167.75,167.0,project\p7_results\results\P7_FINAL_V3_FOLD_2\val_predictions_best.csv
2215,162.0,158.375,156.75,157.96875,157.5625,157.15625,project\p7_results\results\P7_FINAL_V3_FOLD_3\val_predictions_best.csv
2218,72.0,65.125,60.5,63.96875,62.8125,61.65625,project\p7_results\results\P7_FINAL_V3_FOLD_5\val_predictions_best.csv
2244,96.0,75.125,69.8125,73.796875,72.46875,71.140625,project\p7_results\results\P7_FINAL_V3_FOLD_5\val_predictions_best.csv
2252,156.0,154.0,152.75,153.6875,153.375,153.0625,project\p7_results\results\P7_FINAL_V3_FOLD_4\val_predictions_best.csv
2257,138.0,147.25,148.125,147.46875,147.6875,147.90625,project\p7_results\results\P7_FINAL_V3_FOLD_1\val_predictions_best.csv
2264,138.0,148.625,141.375,146.8125,145.0,143.1875,project\p7_results\results\P7_FINAL_V3_FOLD_2\val_predictions_best.csv
2281,162.0,161.75,163.75,162.25,162.75,163.25,project\p7_results\results\P7_FINAL_V3_FOLD_1\val_predictions_best.csv
2302,204.0,188.0,188.875,188.21875,188.4375,188.65625,project\p7_results\results\P7_FINAL_V3_FOLD_4\val_predictions_best.csv
2314,168.0,169.75,172.125,170.34375,170.9375,171.53125,project\p7_results\results\P7_FINAL_V3_FOLD_1\val_predictions_best.csv
2315,186.0,180.0,175.75,178.9375,177.875,176.8125,project\p7_results\results\P7_FINAL_V3_FOLD_2\val_predictions_best.csv
2334,162.0,171.25,167.375,170.28125,169.3125,168.34375,project\p7_results\results\P7_FINAL_V3_FOLD_5\val_predictions_best.csv
2335,168.0,173.0,169.875,172.21875,171.4375,170.65625,project\p7_results\results\P7_FINAL_V3_FOLD_3\val_predictions_best.csv
2338,168.0,150.125,156.375,151.6875,153.25,154.8125,project\p7_results\results\P7_FINAL_V3_FOLD_4\val_predictions_best.csv
2362,168.0,173.25,175.375,173.78125,174.3125,174.84375,project\p7_results\results\P7_FINAL_V3_FOLD_1\val_predictions_best.csv
2377,180.0,169.75,175.125,171.09375,172.4375,173.78125,project\p7_results\results\P7_FINAL_V3_FOLD_1\val_predictions_best.csv
2392,156.0,159.125,156.75,158.53125,157.9375,157.34375,project\p7_results\results\P7_FINAL_V3_FOLD_1\val_predictions_best.csv
2397,132.0,127.875,119.375,125.75,123.625,121.5,project\p7_results\results\P7_FINAL_V3_FOLD_2\val_predictions_best.csv
2399,168.0,169.125,161.875,167.3125,165.5,163.6875,project\p7_results\results\P7_FINAL_V3_FOLD_4\val_predictions_best.csv
2420,132.0,128.625,129.0,128.71875,128.8125,128.90625,project\p7_results\results\P7_FINAL_V3_FOLD_5\val_predictions_best.csv
2426,15.0,45.75,31.359375,42.15234375,38.5546875,34.95703125,project\p7_results\results\P7_FINAL_V3_FOLD_3\val_predictions_best.csv
2434,82.0,87.75,83.625,86.71875,85.6875,84.65625,project\p7_results\results\P7_FINAL_V3_FOLD_5\val_predictions_best.csv
2441,138.0,148.125,144.5,147.21875,146.3125,145.40625,project\p7_results\results\P7_FINAL_V3_FOLD_2\val_predictions_best.csv
2459,204.0,193.75,197.875,194.78125,195.8125,196.84375,project\p7_results\results\P7_FINAL_V3_FOLD_4\val_predictions_best.csv
2463,132.0,149.375,138.375,146.625,143.875,141.125,project\p7_results\results\P7_FINAL_V3_FOLD_2\val_predictions_best.csv
2472,156.0,159.5,163.125,160.40625,161.3125,162.21875,project\p7_results\results\P7_FINAL_V3_FOLD_2\val_predictions_best.csv
2474,144.0,136.625,124.875,133.6875,130.75,127.8125,project\p7_results\results\P7_FINAL_V3_FOLD_4\val_predictions_best.csv
2524,168.0,168.375,165.875,167.75,167.125,166.5,project\p7_results\results\P7_FINAL_V3_FOLD_2\val_predictions_best.csv
2536,180.0,179.25,178.125,178.96875,178.6875,178.40625,project\p7_results\results\P7_FINAL_V3_FOLD_4\val_predictions_best.csv
2542,138.0,133.125,117.6875,129.265625,125.40625,121.546875,project\p7_results\results\P7_FINAL_V3_FOLD_1\val_predictions_best.csv
2548,150.0,148.375,146.125,147.8125,147.25,146.6875,project\p7_results\results\P7_FINAL_V3_FOLD_3\val_predictions_best.csv
2549,24.0,34.875,24.421875,32.26171875,29.6484375,27.03515625,project\p7_results\results\P7_FINAL_V3_FOLD_1\val_predictions_best.csv
2561,72.0,84.6875,82.5625,84.15625,83.625,83.09375,project\p7_results\results\P7_FINAL_V3_FOLD_3\val_predictions_best.csv
2569,150.0,141.5,144.25,142.1875,142.875,143.5625,project\p7_results\results\P7_FINAL_V3_FOLD_2\val_predictions_best.csv
2593,60.0,62.46875,62.90625,62.578125,62.6875,62.796875,project\p7_results\results\P7_FINAL_V3_FOLD_2\val_predictions_best.csv
2602,138.0,151.625,149.0,150.96875,150.3125,149.65625,project\p7_results\results\P7_FINAL_V3_FOLD_4\val_predictions_best.csv
2610,180.0,181.875,174.125,179.9375,178.0,176.0625,project\p7_results\results\P7_FINAL_V3_FOLD_5\val_predictions_best.csv
2619,180.0,179.875,177.125,179.1875,178.5,177.8125,project\p7_results\results\P7_FINAL_V3_FOLD_1\val_predictions_best.csv
2630,106.0,99.875,98.3125,99.484375,99.09375,98.703125,project\p7_results\results\P7_FINAL_V3_FOLD_4\val_predictions_best.csv
2634,138.0,148.875,145.75,148.09375,147.3125,146.53125,project\p7_results\results\P7_FINAL_V3_FOLD_3\val_predictions_best.csv
2675,204.0,204.625,199.75,203.40625,202.1875,200.96875,project\p7_results\results\P7_FINAL_V3_FOLD_1\val_predictions_best.csv
2676,162.0,160.375,159.875,160.25,160.125,160.0,project\p7_results\results\P7_FINAL_V3_FOLD_3\val_predictions_best.csv
2683,156.0,159.0,158.5,158.875,158.75,158.625,project\p7_results\results\P7_FINAL_V3_FOLD_1\val_predictions_best.csv
2711,168.0,164.625,165.125,164.75,164.875,165.0,project\p7_results\results\P7_FINAL_V3_FOLD_2\val_predictions_best.csv
2720,120.0,126.0625,125.0,125.796875,125.53125,125.265625,project\p7_results\results\P7_FINAL_V3_FOLD_5\val_predictions_best.csv
2751,69.0,85.25,79.0,83.6875,82.125,80.5625,project\p7_results\results\P7_FINAL_V3_FOLD_5\val_predictions_best.csv
2763,69.0,83.875,82.0,83.40625,82.9375,82.46875,project\p7_results\results\P7_FINAL_V3_FOLD_3\val_predictions_best.csv
2764,204.0,209.25,198.75,206.625,204.0,201.375,project\p7_results\results\P7_FINAL_V3_FOLD_2\val_predictions_best.csv
2770,96.0,94.3125,98.375,95.328125,96.34375,97.359375,project\p7_results\results\P7_FINAL_V3_FOLD_1\val_predictions_best.csv
2796,156.0,152.75,157.875,154.03125,155.3125,156.59375,project\p7_results\results\P7_FINAL_V3_FOLD_5\val_predictions_best.csv
2800,138.0,142.0,133.5,139.875,137.75,135.625,project\p7_results\results\P7_FINAL_V3_FOLD_2\val_predictions_best.csv
2803,138.0,150.0,149.625,149.90625,149.8125,149.71875,project\p7_results\results\P7_FINAL_V3_FOLD_2\val_predictions_best.csv
2809,162.0,159.375,155.25,158.34375,157.3125,156.28125,project\p7_results\results\P7_FINAL_V3_FOLD_1\val_predictions_best.csv
2816,168.0,174.25,168.0,172.6875,171.125,169.5625,project\p7_results\results\P7_FINAL_V3_FOLD_4\val_predictions_best.csv
2820,108.0,119.875,114.1875,118.453125,117.03125,115.609375,project\p7_results\results\P7_FINAL_V3_FOLD_5\val_predictions_best.csv
2822,153.0,155.0,156.625,155.40625,155.8125,156.21875,project\p7_results\results\P7_FINAL_V3_FOLD_2\val_predictions_best.csv
2824,156.0,157.875,158.25,157.96875,158.0625,158.15625,project\p7_results\results\P7_FINAL_V3_FOLD_1\val_predictions_best.csv
2831,94.0,92.125,88.3125,91.171875,90.21875,89.265625,project\p7_results\results\P7_FINAL_V3_FOLD_1\val_predictions_best.csv
2833,156.0,165.0,164.75,164.9375,164.875,164.8125,project\p7_results\results\P7_FINAL_V3_FOLD_5\val_predictions_best.csv
2840,147.0,151.875,151.375,151.75,151.625,151.5,project\p7_results\results\P7_FINAL_V3_FOLD_3\val_predictions_best.csv
2842,150.0,142.625,142.375,142.5625,142.5,142.4375,project\p7_results\results\P7_FINAL_V3_FOLD_1\val_predictions_best.csv
2860,192.0,189.0,190.875,189.46875,189.9375,190.40625,project\p7_results\results\P7_FINAL_V3_FOLD_3\val_predictions_best.csv
2863,168.0,169.875,167.75,169.34375,168.8125,168.28125,project\p7_results\results\P7_FINAL_V3_FOLD_5\val_predictions_best.csv
2869,192.0,190.375,183.375,188.625,186.875,185.125,project\p7_results\results\P7_FINAL_V3_FOLD_5\val_predictions_best.csv
2891,94.0,117.4375,112.0,116.078125,114.71875,113.359375,project\p7_results\results\P7_FINAL_V3_FOLD_3\val_predictions_best.csv
2910,156.0,161.375,161.875,161.5,161.625,161.75,project\p7_results\results\P7_FINAL_V3_FOLD_2\val_predictions_best.csv
2915,132.0,136.875,140.25,137.71875,138.5625,139.40625,project\p7_results\results\P7_FINAL_V3_FOLD_3\val_predictions_best.csv
2919,72.0,71.5,67.5625,70.515625,69.53125,68.546875,project\p7_results\results\P7_FINAL_V3_FOLD_1\val_predictions_best.csv
2931,165.0,159.625,161.25,160.03125,160.4375,160.84375,project\p7_results\results\P7_FINAL_V3_FOLD_4\val_predictions_best.csv
2940,144.0,141.875,140.625,141.5625,141.25,140.9375,project\p7_results\results\P7_FINAL_V3_FOLD_3\val_predictions_best.csv
2941,132.0,155.25,159.25,156.25,157.25,158.25,project\p7_results\results\P7_FINAL_V3_FOLD_3\val_predictions_best.csv
2945,132.0,139.0,132.625,137.40625,135.8125,134.21875,project\p7_results\results\P7_FINAL_V3_FOLD_2\val_predictions_best.csv
2960,156.0,157.0,151.25,155.5625,154.125,152.6875,project\p7_results\results\P7_FINAL_V3_FOLD_4\val_predictions_best.csv
2967,204.0,201.0,200.0,200.75,200.5,200.25,project\p7_results\results\P7_FINAL_V3_FOLD_3\val_predictions_best.csv
2968,120.0,168.375,167.25,168.09375,167.8125,167.53125,project\p7_results\results\P7_FINAL_V3_FOLD_5\val_predictions_best.csv
2972,210.0,184.75,182.0,184.0625,183.375,182.6875,project\p7_results\results\P7_FINAL_V3_FOLD_1\val_predictions_best.csv
2973,156.0,152.75,153.875,153.03125,153.3125,153.59375,project\p7_results\results\P7_FINAL_V3_FOLD_1\val_predictions_best.csv
2981,21.0,15.40625,9.9296875,14.037109375,12.66796875,11.298828125,project\p7_results\results\P7_FINAL_V3_FOLD_1\val_predictions_best.csv
2995,168.0,174.125,169.25,172.90625,171.6875,170.46875,project\p7_results\results\P7_FINAL_V3_FOLD_3\val_predictions_best.csv
3009,132.0,146.5,141.75,145.3125,144.125,142.9375,project\p7_results\results\P7_FINAL_V3_FOLD_5\val_predictions_best.csv
3044,82.0,74.875,63.34375,71.9921875,69.109375,66.2265625,project\p7_results\results\P7_FINAL_V3_FOLD_2\val_predictions_best.csv
3045,120.0,124.25,122.6875,123.859375,123.46875,123.078125,project\p7_results\results\P7_FINAL_V3_FOLD_5\val_predictions_best.csv
3046,156.0,168.25,167.375,168.03125,167.8125,167.59375,project\p7_results\results\P7_FINAL_V3_FOLD_4\val_predictions_best.csv
3067,167.0,147.625,151.625,148.625,149.625,150.625,project\p7_results\results\P7_FINAL_V3_FOLD_3\val_predictions_best.csv
3089,162.0,167.25,162.5,166.0625,164.875,163.6875,project\p7_results\results\P7_FINAL_V3_FOLD_2\val_predictions_best.csv
3101,132.0,136.0,122.625,132.65625,129.3125,125.96875,project\p7_results\results\P7_FINAL_V3_FOLD_4\val_predictions_best.csv
3102,120.0,130.75,130.75,130.75,130.75,130.75,project\p7_results\results\P7_FINAL_V3_FOLD_2\val_predictions_best.csv
3106,176.0,178.25,175.5,177.5625,176.875,176.1875,project\p7_results\results\P7_FINAL_V3_FOLD_3\val_predictions_best.csv
3107,168.0,165.375,163.25,164.84375,164.3125,163.78125,project\p7_results\results\P7_FINAL_V3_FOLD_4\val_predictions_best.csv
3109,156.0,148.75,153.375,149.90625,151.0625,152.21875,project\p7_results\results\P7_FINAL_V3_FOLD_4\val_predictions_best.csv
3117,159.0,160.5,164.875,161.59375,162.6875,163.78125,project\p7_results\results\P7_FINAL_V3_FOLD_2\val_predictions_best.csv
3119,144.0,147.75,146.25,147.375,147.0,146.625,project\p7_results\results\P7_FINAL_V3_FOLD_4\val_predictions_best.csv
3126,126.0,148.0,144.125,147.03125,146.0625,145.09375,project\p7_results\results\P7_FINAL_V3_FOLD_2\val_predictions_best.csv
3131,18.0,24.59375,22.0,23.9453125,23.296875,22.6484375,project\p7_results\results\P7_FINAL_V3_FOLD_5\val_predictions_best.csv
3139,180.0,183.0,181.375,182.59375,182.1875,181.78125,project\p7_results\results\P7_FINAL_V3_FOLD_2\val_predictions_best.csv
3143,156.0,159.125,157.625,158.75,158.375,158.0,project\p7_results\results\P7_FINAL_V3_FOLD_1\val_predictions_best.csv
3182,168.0,166.0,161.5,164.875,163.75,162.625,project\p7_results\results\P7_FINAL_V3_FOLD_5\val_predictions_best.csv
3199,156.0,150.75,154.625,151.71875,152.6875,153.65625,project\p7_results\results\P7_FINAL_V3_FOLD_2\val_predictions_best.csv
3201,192.0,182.125,178.875,181.3125,180.5,179.6875,project\p7_results\results\P7_FINAL_V3_FOLD_2\val_predictions_best.csv
3204,120.0,145.25,136.625,143.09375,140.9375,138.78125,project\p7_results\results\P7_FINAL_V3_FOLD_1\val_predictions_best.csv
3208,120.0,138.375,132.75,136.96875,135.5625,134.15625,project\p7_results\results\P7_FINAL_V3_FOLD_5\val_predictions_best.csv
3221,180.0,180.25,171.25,178.0,175.75,173.5,project\p7_results\results\P7_FINAL_V3_FOLD_4\val_predictions_best.csv
3222,120.0,133.125,122.125,130.375,127.625,124.875,project\p7_results\results\P7_FINAL_V3_FOLD_1\val_predictions_best.csv
3228,120.0,118.6875,114.6875,117.6875,116.6875,115.6875,project\p7_results\results\P7_FINAL_V3_FOLD_1\val_predictions_best.csv
3243,138.0,127.875,131.0,128.65625,129.4375,130.21875,project\p7_results\results\P7_FINAL_V3_FOLD_2\val_predictions_best.csv
3247,192.0,193.25,186.625,191.59375,189.9375,188.28125,project\p7_results\results\P7_FINAL_V3_FOLD_4\val_predictions_best.csv
3276,168.0,164.75,163.375,164.40625,164.0625,163.71875,project\p7_results\results\P7_FINAL_V3_FOLD_5\val_predictions_best.csv
3290,60.0,82.6875,71.4375,79.875,77.0625,74.25,project\p7_results\results\P7_FINAL_V3_FOLD_4\val_predictions_best.csv
3296,108.0,101.6875,100.5,101.390625,101.09375,100.796875,project\p7_results\results\P7_FINAL_V3_FOLD_2\val_predictions_best.csv
3298,144.0,151.25,149.125,150.71875,150.1875,149.65625,project\p7_results\results\P7_FINAL_V3_FOLD_5\val_predictions_best.csv
3314,180.0,182.625,177.75,181.40625,180.1875,178.96875,project\p7_results\results\P7_FINAL_V3_FOLD_5\val_predictions_best.csv
3317,132.0,135.125,130.875,134.0625,133.0,131.9375,project\p7_results\results\P7_FINAL_V3_FOLD_4\val_predictions_best.csv
3319,138.0,131.5,123.75,129.5625,127.625,125.6875,project\p7_results\results\P7_FINAL_V3_FOLD_5\val_predictions_best.csv
3322,60.0,78.0625,70.4375,76.15625,74.25,72.34375,project\p7_results\results\P7_FINAL_V3_FOLD_5\val_predictions_best.csv
3326,180.0,164.25,175.0,166.9375,169.625,172.3125,project\p7_results\results\P7_FINAL_V3_FOLD_3\val_predictions_best.csv
3333,180.0,183.5,178.5,182.25,181.0,179.75,project\p7_results\results\P7_FINAL_V3_FOLD_5\val_predictions_best.csv
3336,180.0,187.375,184.625,186.6875,186.0,185.3125,project\p7_results\results\P7_FINAL_V3_FOLD_3\val_predictions_best.csv
3340,168.0,168.375,160.375,166.375,164.375,162.375,project\p7_results\results\P7_FINAL_V3_FOLD_1\val_predictions_best.csv
3358,168.0,176.875,171.625,175.5625,174.25,172.9375,project\p7_results\results\P7_FINAL_V3_FOLD_3\val_predictions_best.csv
3402,54.0,67.6875,61.375,66.109375,64.53125,62.953125,project\p7_results\results\P7_FINAL_V3_FOLD_1\val_predictions_best.csv
3404,180.0,186.625,183.625,185.875,185.125,184.375,project\p7_results\results\P7_FINAL_V3_FOLD_4\val_predictions_best.csv
3422,180.0,183.125,178.25,181.90625,180.6875,179.46875,project\p7_results\results\P7_FINAL_V3_FOLD_5\val_predictions_best.csv
3428,156.0,158.875,160.25,159.21875,159.5625,159.90625,project\p7_results\results\P7_FINAL_V3_FOLD_3\val_predictions_best.csv
3440,60.0,62.40625,57.875,61.2734375,60.140625,59.0078125,project\p7_results\results\P7_FINAL_V3_FOLD_1\val_predictions_best.csv
3442,216.0,208.0,210.5,208.625,209.25,209.875,project\p7_results\results\P7_FINAL_V3_FOLD_2\val_predictions_best.csv
3450,138.0,125.0,125.6875,125.171875,125.34375,125.515625,project\p7_results\results\P7_FINAL_V3_FOLD_5\val_predictions_best.csv
3452,138.0,131.0,119.0625,128.015625,125.03125,122.046875,project\p7_results\results\P7_FINAL_V3_FOLD_4\val_predictions_best.csv
3458,100.0,100.3125,102.4375,100.84375,101.375,101.90625,project\p7_results\results\P7_FINAL_V3_FOLD_3\val_predictions_best.csv
3466,162.0,154.75,156.5,155.1875,155.625,156.0625,project\p7_results\results\P7_FINAL_V3_FOLD_4\val_predictions_best.csv
3470,82.0,79.5,78.875,79.34375,79.1875,79.03125,project\p7_results\results\P7_FINAL_V3_FOLD_1\val_predictions_best.csv
3472,82.0,76.3125,80.1875,77.28125,78.25,79.21875,project\p7_results\results\P7_FINAL_V3_FOLD_2\val_predictions_best.csv
3474,144.0,146.375,142.375,145.375,144.375,143.375,project\p7_results\results\P7_FINAL_V3_FOLD_1\val_predictions_best.csv
3489,168.0,168.875,168.125,168.6875,168.5,168.3125,project\p7_results\results\P7_FINAL_V3_FOLD_5\val_predictions_best.csv
3496,162.0,163.625,161.125,163.0,162.375,161.75,project\p7_results\results\P7_FINAL_V3_FOLD_3\val_predictions_best.csv
3498,15.0,22.390625,17.859375,21.2578125,20.125,18.9921875,project\p7_results\results\P7_FINAL_V3_FOLD_2\val_predictions_best.csv
3500,150.0,139.375,142.5,140.15625,140.9375,141.71875,project\p7_results\results\P7_FINAL_V3_FOLD_3\val_predictions_best.csv
3538,60.0,63.625,62.15625,63.2578125,62.890625,62.5234375,project\p7_results\results\P7_FINAL_V3_FOLD_3\val_predictions_best.csv
3565,64.0,58.90625,48.875,56.3984375,53.890625,51.3828125,project\p7_results\results\P7_FINAL_V3_FOLD_1\val_predictions_best.csv
3570,120.0,108.875,109.875,109.125,109.375,109.625,project\p7_results\results\P7_FINAL_V3_FOLD_3\val_predictions_best.csv
3575,180.0,175.875,180.625,177.0625,178.25,179.4375,project\p7_results\results\P7_FINAL_V3_FOLD_1\val_predictions_best.csv
3603,132.0,137.375,132.625,136.1875,135.0,133.8125,project\p7_results\results\P7_FINAL_V3_FOLD_4\val_predictions_best.csv
3605,204.0,201.75,200.0,201.3125,200.875,200.4375,project\p7_results\results\P7_FINAL_V3_FOLD_4\val_predictions_best.csv
3608,106.0,95.1875,98.125,95.921875,96.65625,97.390625,project\p7_results\results\P7_FINAL_V3_FOLD_3\val_predictions_best.csv
3620,150.0,158.375,153.625,157.1875,156.0,154.8125,project\p7_results\results\P7_FINAL_V3_FOLD_4\val_predictions_best.csv
3625,36.0,48.4375,27.921875,43.30859375,38.1796875,33.05078125,project\p7_results\results\P7_FINAL_V3_FOLD_1\val_predictions_best.csv
3626,132.0,129.25,129.75,129.375,129.5,129.625,project\p7_results\results\P7_FINAL_V3_FOLD_5\val_predictions_best.csv
3629,120.0,124.8125,118.0625,123.125,121.4375,119.75,project\p7_results\results\P7_FINAL_V3_FOLD_2\val_predictions_best.csv
3640,186.0,185.0,183.125,184.53125,184.0625,183.59375,project\p7_results\results\P7_FINAL_V3_FOLD_5\val_predictions_best.csv
3647,186.0,181.25,182.5,181.5625,181.875,182.1875,project\p7_results\results\P7_FINAL_V3_FOLD_2\val_predictions_best.csv
3659,150.0,155.25,157.875,155.90625,156.5625,157.21875,project\p7_results\results\P7_FINAL_V3_FOLD_1\val_predictions_best.csv
3683,150.0,132.75,142.25,135.125,137.5,139.875,project\p7_results\results\P7_FINAL_V3_FOLD_5\val_predictions_best.csv
3699,156.0,145.0,132.5,141.875,138.75,135.625,project\p7_results\results\P7_FINAL_V3_FOLD_2\val_predictions_best.csv
3727,168.0,165.875,166.375,166.0,166.125,166.25,project\p7_results\results\P7_FINAL_V3_FOLD_5\val_predictions_best.csv
3733,120.0,131.125,135.625,132.25,133.375,134.5,project\p7_results\results\P7_FINAL_V3_FOLD_2\val_predictions_best.csv
3761,138.0,143.875,140.75,143.09375,142.3125,141.53125,project\p7_results\results\P7_FINAL_V3_FOLD_4\val_predictions_best.csv
3762,132.0,142.625,133.125,140.25,137.875,135.5,project\p7_results\results\P7_FINAL_V3_FOLD_4\val_predictions_best.csv
3769,108.0,95.0,97.25,95.5625,96.125,96.6875,project\p7_results\results\P7_FINAL_V3_FOLD_1\val_predictions_best.csv
3774,180.0,202.875,201.0,202.40625,201.9375,201.46875,project\p7_results\results\P7_FINAL_V3_FOLD_1\val_predictions_best.csv
3795,120.0,133.375,131.75,132.96875,132.5625,132.15625,project\p7_results\results\P7_FINAL_V3_FOLD_2\val_predictions_best.csv
3814,138.0,141.25,143.375,141.78125,142.3125,142.84375,project\p7_results\results\P7_FINAL_V3_FOLD_3\val_predictions_best.csv
3834,156.0,151.25,153.25,151.75,152.25,152.75,project\p7_results\results\P7_FINAL_V3_FOLD_4\val_predictions_best.csv
3841,162.0,161.0,163.75,161.6875,162.375,163.0625,project\p7_results\results\P7_FINAL_V3_FOLD_1\val_predictions_best.csv
3842,138.0,123.375,117.625,121.9375,120.5,119.0625,project\p7_results\results\P7_FINAL_V3_FOLD_2\val_predictions_best.csv
3852,94.0,113.5625,105.5625,111.5625,109.5625,107.5625,project\p7_results\results\P7_FINAL_V3_FOLD_1\val_predictions_best.csv
3853,107.0,116.875,122.0625,118.171875,119.46875,120.765625,project\p7_results\results\P7_FINAL_V3_FOLD_3\val_predictions_best.csv
3857,120.0,107.625,109.625,108.125,108.625,109.125,project\p7_results\results\P7_FINAL_V3_FOLD_5\val_predictions_best.csv
3862,34.0,50.1875,40.59375,47.7890625,45.390625,42.9921875,project\p7_results\results\P7_FINAL_V3_FOLD_3\val_predictions_best.csv
3868,66.0,71.0625,79.6875,73.21875,75.375,77.53125,project\p7_results\results\P7_FINAL_V3_FOLD_4\val_predictions_best.csv
3869,160.0,176.0,168.25,174.0625,172.125,170.1875,project\p7_results\results\P7_FINAL_V3_FOLD_3\val_predictions_best.csv
3879,132.0,149.5,149.25,149.4375,149.375,149.3125,project\p7_results\results\P7_FINAL_V3_FOLD_5\val_predictions_best.csv
3895,84.0,82.8125,74.25,80.671875,78.53125,76.390625,project\p7_results\results\P7_FINAL_V3_FOLD_3\val_predictions_best.csv
3932,162.0,171.75,167.625,170.71875,169.6875,168.65625,project\p7_results\results\P7_FINAL_V3_FOLD_2\val_predictions_best.csv
3944,60.0,60.4375,62.0625,60.84375,61.25,61.65625,project\p7_results\results\P7_FINAL_V3_FOLD_1\val_predictions_best.csv
3947,150.0,160.25,160.0,160.1875,160.125,160.0625,project\p7_results\results\P7_FINAL_V3_FOLD_4\val_predictions_best.csv
3948,144.0,132.875,139.0,134.40625,135.9375,137.46875,project\p7_results\results\P7_FINAL_V3_FOLD_3\val_predictions_best.csv
3954,228.0,193.75,204.875,196.53125,199.3125,202.09375,project\p7_results\results\P7_FINAL_V3_FOLD_1\val_predictions_best.csv
3965,106.0,89.375,86.8125,88.734375,88.09375,87.453125,project\p7_results\results\P7_FINAL_V3_FOLD_2\val_predictions_best.csv
3982,204.0,197.25,199.75,197.875,198.5,199.125,project\p7_results\results\P7_FINAL_V3_FOLD_2\val_predictions_best.csv
4006,132.0,136.125,135.75,136.03125,135.9375,135.84375,project\p7_results\results\P7_FINAL_V3_FOLD_4\val_predictions_best.csv
4009,76.0,91.625,92.25,91.78125,91.9375,92.09375,project\p7_results\results\P7_FINAL_V3_FOLD_2\val_predictions_best.csv
4022,18.0,21.953125,9.8203125,18.919921875,15.88671875,12.853515625,project\p7_results\results\P7_FINAL_V3_FOLD_5\val_predictions_best.csv
4025,120.0,134.375,130.625,133.4375,132.5,131.5625,project\p7_results\results\P7_FINAL_V3_FOLD_5\val_predictions_best.csv
4039,72.0,76.875,80.0,77.65625,78.4375,79.21875,project\p7_results\results\P7_FINAL_V3_FOLD_5\val_predictions_best.csv
4051,88.0,100.9375,94.625,99.359375,97.78125,96.203125,project\p7_results\results\P7_FINAL_V3_FOLD_3\val_predictions_best.csv
4061,168.0,171.375,169.375,170.875,170.375,169.875,project\p7_results\results\P7_FINAL_V3_FOLD_1\val_predictions_best.csv
4070,180.0,182.625,176.625,181.125,179.625,178.125,project\p7_results\results\P7_FINAL_V3_FOLD_2\val_predictions_best.csv
4086,156.0,153.75,151.0,153.0625,152.375,151.6875,project\p7_results\results\P7_FINAL_V3_FOLD_5\val_predictions_best.csv
4088,120.0,123.9375,123.4375,123.8125,123.6875,123.5625,project\p7_results\results\P7_FINAL_V3_FOLD_3\val_predictions_best.csv
4095,180.0,182.875,181.375,182.5,182.125,181.75,project\p7_results\results\P7_FINAL_V3_FOLD_3\val_predictions_best.csv
4119,3.0,14.1953125,0.0687255859375,10.663665771484375,7.13201904296875,3.600372314453125,project\p7_results\results\P7_FINAL_V3_FOLD_5\val_predictions_best.csv
4125,120.0,120.875,115.5,119.53125,118.1875,116.84375,project\p7_results\results\P7_FINAL_V3_FOLD_1\val_predictions_best.csv
4127,15.0,15.5390625,8.0703125,13.671875,11.8046875,9.9375,project\p7_results\results\P7_FINAL_V3_FOLD_4\val_predictions_best.csv
4156,168.0,162.625,158.0,161.46875,160.3125,159.15625,project\p7_results\results\P7_FINAL_V3_FOLD_1\val_predictions_best.csv
4158,114.0,126.5,136.125,128.90625,131.3125,133.71875,project\p7_results\results\P7_FINAL_V3_FOLD_3\val_predictions_best.csv
4169,132.0,145.125,139.375,143.6875,142.25,140.8125,project\p7_results\results\P7_FINAL_V3_FOLD_2\val_predictions_best.csv
4171,192.0,198.5,186.375,195.46875,192.4375,189.40625,project\p7_results\results\P7_FINAL_V3_FOLD_2\val_predictions_best.csv
4178,192.0,189.0,198.0,191.25,193.5,195.75,project\p7_results\results\P7_FINAL_V3_FOLD_2\val_predictions_best.csv
4226,168.0,157.0,160.75,157.9375,158.875,159.8125,project\p7_results\results\P7_FINAL_V3_FOLD_1\val_predictions_best.csv
4242,156.0,139.5,133.25,137.9375,136.375,134.8125,project\p7_results\results\P7_FINAL_V3_FOLD_1\val_predictions_best.csv
4251,162.0,152.25,153.25,152.5,152.75,153.0,project\p7_results\results\P7_FINAL_V3_FOLD_3\val_predictions_best.csv
4261,106.0,132.25,136.875,133.40625,134.5625,135.71875,project\p7_results\results\P7_FINAL_V3_FOLD_3\val_predictions_best.csv
4267,156.0,139.875,147.0,141.65625,143.4375,145.21875,project\p7_results\results\P7_FINAL_V3_FOLD_3\val_predictions_best.csv
4274,24.0,23.359375,15.9140625,21.498046875,19.63671875,17.775390625,project\p7_results\results\P7_FINAL_V3_FOLD_3\val_predictions_best.csv
4283,174.0,183.75,183.25,183.625,183.5,183.375,project\p7_results\results\P7_FINAL_V3_FOLD_3\val_predictions_best.csv
4292,106.0,126.6875,120.125,125.046875,123.40625,121.765625,project\p7_results\results\P7_FINAL_V3_FOLD_1\val_predictions_best.csv
4317,156.0,148.375,143.25,147.09375,145.8125,144.53125,project\p7_results\results\P7_FINAL_V3_FOLD_1\val_predictions_best.csv
4335,180.0,185.0,179.625,183.65625,182.3125,180.96875,project\p7_results\results\P7_FINAL_V3_FOLD_4\val_predictions_best.csv
4336,150.0,156.375,154.375,155.875,155.375,154.875,project\p7_results\results\P7_FINAL_V3_FOLD_2\val_predictions_best.csv
4338,126.0,121.875,111.1875,119.203125,116.53125,113.859375,project\p7_results\results\P7_FINAL_V3_FOLD_2\val_predictions_best.csv
4348,160.0,133.5,137.375,134.46875,135.4375,136.40625,project\p7_results\results\P7_FINAL_V3_FOLD_3\val_predictions_best.csv
4349,156.0,155.25,144.375,152.53125,149.8125,147.09375,project\p7_results\results\P7_FINAL_V3_FOLD_1\val_predictions_best.csv
4565,48.0,65.875,64.75,65.59375,65.3125,65.03125,project\p7_results\results\P7_FINAL_V3_FOLD_2\val_predictions_best.csv
4572,132.0,126.0,128.25,126.5625,127.125,127.6875,project\p7_results\results\P7_FINAL_V3_FOLD_5\val_predictions_best.csv
4581,48.0,49.71875,41.90625,47.765625,45.8125,43.859375,project\p7_results\results\P7_FINAL_V3_FOLD_3\val_predictions_best.csv
4584,84.0,91.25,96.3125,92.515625,93.78125,95.046875,project\p7_results\results\P7_FINAL_V3_FOLD_2\val_predictions_best.csv
4594,54.0,56.1875,59.125,56.921875,57.65625,58.390625,project\p7_results\results\P7_FINAL_V3_FOLD_5\val_predictions_best.csv
4655,168.0,169.375,167.875,169.0,168.625,168.25,project\p7_results\results\P7_FINAL_V3_FOLD_5\val_predictions_best.csv
4658,156.0,164.5,164.875,164.59375,164.6875,164.78125,project\p7_results\results\P7_FINAL_V3_FOLD_2\val_predictions_best.csv
4684,132.0,132.375,132.25,132.34375,132.3125,132.28125,project\p7_results\results\P7_FINAL_V3_FOLD_1\val_predictions_best.csv
4708,204.0,203.75,199.0,202.5625,201.375,200.1875,project\p7_results\results\P7_FINAL_V3_FOLD_5\val_predictions_best.csv
4726,120.0,131.0,129.0,130.5,130.0,129.5,project\p7_results\results\P7_FINAL_V3_FOLD_3\val_predictions_best.csv
4733,144.0,149.125,147.0,148.59375,148.0625,147.53125,project\p7_results\results\P7_FINAL_V3_FOLD_3\val_predictions_best.csv
4738,120.0,106.375,107.5625,106.671875,106.96875,107.265625,project\p7_results\results\P7_FINAL_V3_FOLD_4\val_predictions_best.csv
4756,120.0,141.25,135.375,139.78125,138.3125,136.84375,project\p7_results\results\P7_FINAL_V3_FOLD_3\val_predictions_best.csv
4780,120.0,124.1875,116.0625,122.15625,120.125,118.09375,project\p7_results\results\P7_FINAL_V3_FOLD_4\val_predictions_best.csv
4783,156.0,139.0,142.75,139.9375,140.875,141.8125,project\p7_results\results\P7_FINAL_V3_FOLD_4\val_predictions_best.csv
4800,144.0,151.0,147.625,150.15625,149.3125,148.46875,project\p7_results\results\P7_FINAL_V3_FOLD_4\val_predictions_best.csv
4810,96.0,99.3125,100.75,99.671875,100.03125,100.390625,project\p7_results\results\P7_FINAL_V3_FOLD_5\val_predictions_best.csv
4812,96.0,97.375,100.625,98.1875,99.0,99.8125,project\p7_results\results\P7_FINAL_V3_FOLD_4\val_predictions_best.csv
4851,138.0,121.625,131.75,124.15625,126.6875,129.21875,project\p7_results\results\P7_FINAL_V3_FOLD_2\val_predictions_best.csv
4854,168.0,167.0,167.125,167.03125,167.0625,167.09375,project\p7_results\results\P7_FINAL_V3_FOLD_5\val_predictions_best.csv
4862,126.0,130.5,128.125,129.90625,129.3125,128.71875,project\p7_results\results\P7_FINAL_V3_FOLD_3\val_predictions_best.csv
4863,72.0,84.125,76.125,82.125,80.125,78.125,project\p7_results\results\P7_FINAL_V3_FOLD_3\val_predictions_best.csv
4864,96.0,87.3125,91.0625,88.25,89.1875,90.125,project\p7_results\results\P7_FINAL_V3_FOLD_5\val_predictions_best.csv
4888,106.0,115.25,107.375,113.28125,111.3125,109.34375,project\p7_results\results\P7_FINAL_V3_FOLD_5\val_predictions_best.csv
4892,204.0,204.125,204.625,204.25,204.375,204.5,project\p7_results\results\P7_FINAL_V3_FOLD_4\val_predictions_best.csv
4910,120.0,145.375,143.25,144.84375,144.3125,143.78125,project\p7_results\results\P7_FINAL_V3_FOLD_5\val_predictions_best.csv
4926,168.0,170.5,169.0,170.125,169.75,169.375,project\p7_results\results\P7_FINAL_V3_FOLD_3\val_predictions_best.csv
4932,120.0,131.125,126.125,129.875,128.625,127.375,project\p7_results\results\P7_FINAL_V3_FOLD_4\val_predictions_best.csv
4957,84.0,94.6875,98.375,95.609375,96.53125,97.453125,project\p7_results\results\P7_FINAL_V3_FOLD_4\val_predictions_best.csv
4964,156.0,160.0,159.625,159.90625,159.8125,159.71875,project\p7_results\results\P7_FINAL_V3_FOLD_2\val_predictions_best.csv
4967,144.0,143.625,144.75,143.90625,144.1875,144.46875,project\p7_results\results\P7_FINAL_V3_FOLD_1\val_predictions_best.csv
4970,48.0,50.59375,51.0625,50.7109375,50.828125,50.9453125,project\p7_results\results\P7_FINAL_V3_FOLD_1\val_predictions_best.csv
4975,186.0,187.0,183.125,186.03125,185.0625,184.09375,project\p7_results\results\P7_FINAL_V3_FOLD_3\val_predictions_best.csv
4981,96.0,109.3125,108.75,109.171875,109.03125,108.890625,project\p7_results\results\P7_FINAL_V3_FOLD_1\val_predictions_best.csv
4987,84.0,109.3125,104.5625,108.125,106.9375,105.75,project\p7_results\results\P7_FINAL_V3_FOLD_4\val_predictions_best.csv
4994,168.0,166.625,166.125,166.5,166.375,166.25,project\p7_results\results\P7_FINAL_V3_FOLD_1\val_predictions_best.csv
4998,132.0,133.0,136.125,133.78125,134.5625,135.34375,project\p7_results\results\P7_FINAL_V3_FOLD_5\val_predictions_best.csv
5018,126.0,116.625,111.5,115.34375,114.0625,112.78125,project\p7_results\results\P7_FINAL_V3_FOLD_3\val_predictions_best.csv
5025,106.0,104.875,103.75,104.59375,104.3125,104.03125,project\p7_results\results\P7_FINAL_V3_FOLD_5\val_predictions_best.csv
5032,84.0,81.375,76.0,80.03125,78.6875,77.34375,project\p7_results\results\P7_FINAL_V3_FOLD_1\val_predictions_best.csv
5033,180.0,177.0,174.125,176.28125,175.5625,174.84375,project\p7_results\results\P7_FINAL_V3_FOLD_1\val_predictions_best.csv
5034,132.0,142.375,134.875,140.5,138.625,136.75,project\p7_results\results\P7_FINAL_V3_FOLD_4\val_predictions_best.csv
5037,84.0,93.6875,98.5,94.890625,96.09375,97.296875,project\p7_results\results\P7_FINAL_V3_FOLD_4\val_predictions_best.csv
5044,120.0,122.375,122.875,122.5,122.625,122.75,project\p7_results\results\P7_FINAL_V3_FOLD_5\val_predictions_best.csv
5046,132.0,144.125,139.875,143.0625,142.0,140.9375,project\p7_results\results\P7_FINAL_V3_FOLD_1\val_predictions_best.csv
5050,126.0,136.25,136.625,136.34375,136.4375,136.53125,project\p7_results\results\P7_FINAL_V3_FOLD_5\val_predictions_best.csv
5071,144.0,138.625,131.0,136.71875,134.8125,132.90625,project\p7_results\results\P7_FINAL_V3_FOLD_3\val_predictions_best.csv
5078,156.0,164.125,165.75,164.53125,164.9375,165.34375,project\p7_results\results\P7_FINAL_V3_FOLD_1\val_predictions_best.csv
5083,168.0,163.625,164.5,163.84375,164.0625,164.28125,project\p7_results\results\P7_FINAL_V3_FOLD_1\val_predictions_best.csv
5093,72.0,77.6875,78.25,77.828125,77.96875,78.109375,project\p7_results\results\P7_FINAL_V3_FOLD_4\val_predictions_best.csv
5095,150.0,149.0,150.125,149.28125,149.5625,149.84375,project\p7_results\results\P7_FINAL_V3_FOLD_1\val_predictions_best.csv
5099,144.0,144.125,141.125,143.375,142.625,141.875,project\p7_results\results\P7_FINAL_V3_FOLD_4\val_predictions_best.csv
5114,156.0,145.625,150.0,146.71875,147.8125,148.90625,project\p7_results\results\P7_FINAL_V3_FOLD_3\val_predictions_best.csv
5125,168.0,173.875,171.375,173.25,172.625,172.0,project\p7_results\results\P7_FINAL_V3_FOLD_3\val_predictions_best.csv
5143,132.0,123.9375,125.125,124.234375,124.53125,124.828125,project\p7_results\results\P7_FINAL_V3_FOLD_5\val_predictions_best.csv
5147,96.0,95.5625,92.875,94.890625,94.21875,93.546875,project\p7_results\results\P7_FINAL_V3_FOLD_1\val_predictions_best.csv
5173,72.0,87.375,83.8125,86.484375,85.59375,84.703125,project\p7_results\results\P7_FINAL_V3_FOLD_2\val_predictions_best.csv
5194,72.0,93.8125,92.1875,93.40625,93.0,92.59375,project\p7_results\results\P7_FINAL_V3_FOLD_4\val_predictions_best.csv
5196,156.0,163.25,162.75,163.125,163.0,162.875,project\p7_results\results\P7_FINAL_V3_FOLD_1\val_predictions_best.csv
5203,180.0,166.5,165.75,166.3125,166.125,165.9375,project\p7_results\results\P7_FINAL_V3_FOLD_1\val_predictions_best.csv
5204,120.0,134.875,128.25,133.21875,131.5625,129.90625,project\p7_results\results\P7_FINAL_V3_FOLD_3\val_predictions_best.csv
5208,108.0,104.5625,115.1875,107.21875,109.875,112.53125,project\p7_results\results\P7_FINAL_V3_FOLD_2\val_predictions_best.csv
5222,156.0,159.125,156.75,158.53125,157.9375,157.34375,project\p7_results\results\P7_FINAL_V3_FOLD_5\val_predictions_best.csv
5225,84.0,115.0,113.0,114.5,114.0,113.5,project\p7_results\results\P7_FINAL_V3_FOLD_1\val_predictions_best.csv
5231,90.0,93.125,91.4375,92.703125,92.28125,91.859375,project\p7_results\results\P7_FINAL_V3_FOLD_2\val_predictions_best.csv
5266,48.0,53.71875,48.65625,52.453125,51.1875,49.921875,project\p7_results\results\P7_FINAL_V3_FOLD_3\val_predictions_best.csv
5272,126.0,120.875,121.5625,121.046875,121.21875,121.390625,project\p7_results\results\P7_FINAL_V3_FOLD_4\val_predictions_best.csv
5288,204.0,189.375,195.625,190.9375,192.5,194.0625,project\p7_results\results\P7_FINAL_V3_FOLD_4\val_predictions_best.csv
5324,120.0,131.0,122.8125,128.953125,126.90625,124.859375,project\p7_results\results\P7_FINAL_V3_FOLD_2\val_predictions_best.csv
5350,156.0,155.875,154.5,155.53125,155.1875,154.84375,project\p7_results\results\P7_FINAL_V3_FOLD_5\val_predictions_best.csv
5357,153.0,148.75,141.875,147.03125,145.3125,143.59375,project\p7_results\results\P7_FINAL_V3_FOLD_2\val_predictions_best.csv
5360,48.0,61.40625,61.125,61.3359375,61.265625,61.1953125,project\p7_results\results\P7_FINAL_V3_FOLD_5\val_predictions_best.csv
5388,186.0,193.0,195.25,193.5625,194.125,194.6875,project\p7_results\results\P7_FINAL_V3_FOLD_1\val_predictions_best.csv
5392,156.0,162.0,159.125,161.28125,160.5625,159.84375,project\p7_results\results\P7_FINAL_V3_FOLD_3\val_predictions_best.csv
5398,96.0,104.0,98.875,102.71875,101.4375,100.15625,project\p7_results\results\P7_FINAL_V3_FOLD_1\val_predictions_best.csv
5412,144.0,150.5,152.75,151.0625,151.625,152.1875,project\p7_results\results\P7_FINAL_V3_FOLD_1\val_predictions_best.csv
5417,180.0,178.75,173.25,177.375,176.0,174.625,project\p7_results\results\P7_FINAL_V3_FOLD_5\val_predictions_best.csv
5419,144.0,137.0,138.875,137.46875,137.9375,138.40625,project\p7_results\results\P7_FINAL_V3_FOLD_3\val_predictions_best.csv
5451,120.0,125.9375,128.25,126.515625,127.09375,127.671875,project\p7_results\results\P7_FINAL_V3_FOLD_2\val_predictions_best.csv
5454,48.0,48.40625,56.1875,50.3515625,52.296875,54.2421875,project\p7_results\results\P7_FINAL_V3_FOLD_4\val_predictions_best.csv
5467,84.0,78.9375,79.6875,79.125,79.3125,79.5,project\p7_results\results\P7_FINAL_V3_FOLD_2\val_predictions_best.csv
5470,156.0,157.75,158.5,157.9375,158.125,158.3125,project\p7_results\results\P7_FINAL_V3_FOLD_5\val_predictions_best.csv
5490,132.0,152.0,153.625,152.40625,152.8125,153.21875,project\p7_results\results\P7_FINAL_V3_FOLD_2\val_predictions_best.csv
5498,48.0,59.3125,59.4375,59.34375,59.375,59.40625,project\p7_results\results\P7_FINAL_V3_FOLD_4\val_predictions_best.csv
5506,90.0,78.6875,76.75,78.203125,77.71875,77.234375,project\p7_results\results\P7_FINAL_V3_FOLD_5\val_predictions_best.csv
5517,156.0,160.625,164.75,161.65625,162.6875,163.71875,project\p7_results\results\P7_FINAL_V3_FOLD_2\val_predictions_best.csv
5523,150.0,142.75,148.0,144.0625,145.375,146.6875,project\p7_results\results\P7_FINAL_V3_FOLD_3\val_predictions_best.csv
5547,76.0,71.5625,73.9375,72.15625,72.75,73.34375,project\p7_results\results\P7_FINAL_V3_FOLD_5\val_predictions_best.csv
5583,156.0,161.125,163.0,161.59375,162.0625,162.53125,project\p7_results\results\P7_FINAL_V3_FOLD_5\val_predictions_best.csv
5607,144.0,143.125,142.0,142.84375,142.5625,142.28125,project\p7_results\results\P7_FINAL_V3_FOLD_3\val_predictions_best.csv
5608,108.0,115.875,116.9375,116.140625,116.40625,116.671875,project\p7_results\results\P7_FINAL_V3_FOLD_5\val_predictions_best.csv
5609,24.0,30.203125,25.171875,28.9453125,27.6875,26.4296875,project\p7_results\results\P7_FINAL_V3_FOLD_3\val_predictions_best.csv
5612,132.0,140.75,133.125,138.84375,136.9375,135.03125,project\p7_results\results\P7_FINAL_V3_FOLD_1\val_predictions_best.csv
5615,82.0,86.1875,86.9375,86.375,86.5625,86.75,project\p7_results\results\P7_FINAL_V3_FOLD_2\val_predictions_best.csv
5618,108.0,101.5,98.4375,100.734375,99.96875,99.203125,project\p7_results\results\P7_FINAL_V3_FOLD_1\val_predictions_best.csv
5624,132.0,129.0,122.75,127.4375,125.875,124.3125,project\p7_results\results\P7_FINAL_V3_FOLD_1\val_predictions_best.csv
5635,120.0,121.3125,118.4375,120.59375,119.875,119.15625,project\p7_results\results\P7_FINAL_V3_FOLD_5\val_predictions_best.csv
5637,60.0,58.375,56.78125,57.9765625,57.578125,57.1796875,project\p7_results\results\P7_FINAL_V3_FOLD_3\val_predictions_best.csv
5638,156.0,160.125,164.125,161.125,162.125,163.125,project\p7_results\results\P7_FINAL_V3_FOLD_4\val_predictions_best.csv
5669,144.0,151.875,149.0,151.15625,150.4375,149.71875,project\p7_results\results\P7_FINAL_V3_FOLD_1\val_predictions_best.csv
5673,72.0,77.125,71.4375,75.703125,74.28125,72.859375,project\p7_results\results\P7_FINAL_V3_FOLD_4\val_predictions_best.csv
5685,144.0,146.875,146.875,146.875,146.875,146.875,project\p7_results\results\P7_FINAL_V3_FOLD_4\val_predictions_best.csv
5686,36.0,40.1875,42.3125,40.71875,41.25,41.78125,project\p7_results\results\P7_FINAL_V3_FOLD_4\val_predictions_best.csv
5690,132.0,139.25,134.125,137.96875,136.6875,135.40625,project\p7_results\results\P7_FINAL_V3_FOLD_5\val_predictions_best.csv
5695,120.0,122.9375,120.375,122.296875,121.65625,121.015625,project\p7_results\results\P7_FINAL_V3_FOLD_3\val_predictions_best.csv
5702,96.0,107.4375,105.1875,106.875,106.3125,105.75,project\p7_results\results\P7_FINAL_V3_FOLD_5\val_predictions_best.csv
5715,135.0,126.75,129.25,127.375,128.0,128.625,project\p7_results\results\P7_FINAL_V3_FOLD_1\val_predictions_best.csv
5722,48.0,44.65625,46.71875,45.171875,45.6875,46.203125,project\p7_results\results\P7_FINAL_V3_FOLD_3\val_predictions_best.csv
5728,36.0,43.1875,43.5625,43.28125,43.375,43.46875,project\p7_results\results\P7_FINAL_V3_FOLD_4\val_predictions_best.csv
5736,72.0,71.875,77.75,73.34375,74.8125,76.28125,project\p7_results\results\P7_FINAL_V3_FOLD_5\val_predictions_best.csv
5746,108.0,125.25,128.25,126.0,126.75,127.5,project\p7_results\results\P7_FINAL_V3_FOLD_2\val_predictions_best.csv
5771,168.0,168.125,165.375,167.4375,166.75,166.0625,project\p7_results\results\P7_FINAL_V3_FOLD_1\val_predictions_best.csv
5787,84.0,79.5,86.4375,81.234375,82.96875,84.703125,project\p7_results\results\P7_FINAL_V3_FOLD_2\val_predictions_best.csv
5799,84.0,92.1875,91.5625,92.03125,91.875,91.71875,project\p7_results\results\P7_FINAL_V3_FOLD_5\val_predictions_best.csv
5801,48.0,53.4375,43.0,50.828125,48.21875,45.609375,project\p7_results\results\P7_FINAL_V3_FOLD_5\val_predictions_best.csv
5802,69.0,71.0,70.5,70.875,70.75,70.625,project\p7_results\results\P7_FINAL_V3_FOLD_1\val_predictions_best.csv
5836,168.0,155.125,159.75,156.28125,157.4375,158.59375,project\p7_results\results\P7_FINAL_V3_FOLD_1\val_predictions_best.csv
5842,162.0,158.375,159.75,158.71875,159.0625,159.40625,project\p7_results\results\P7_FINAL_V3_FOLD_1\val_predictions_best.csv
5846,156.0,155.625,153.5,155.09375,154.5625,154.03125,project\p7_results\results\P7_FINAL_V3_FOLD_1\val_predictions_best.csv
5847,94.0,99.5625,103.5625,100.5625,101.5625,102.5625,project\p7_results\results\P7_FINAL_V3_FOLD_5\val_predictions_best.csv
5865,156.0,161.125,156.75,160.03125,158.9375,157.84375,project\p7_results\results\P7_FINAL_V3_FOLD_3\val_predictions_best.csv
5871,88.0,89.5625,91.9375,90.15625,90.75,91.34375,project\p7_results\results\P7_FINAL_V3_FOLD_2\val_predictions_best.csv
5880,132.0,131.0,126.875,129.96875,128.9375,127.90625,project\p7_results\results\P7_FINAL_V3_FOLD_4\val_predictions_best.csv
5883,94.0,105.375,103.25,104.84375,104.3125,103.78125,project\p7_results\results\P7_FINAL_V3_FOLD_5\val_predictions_best.csv
5924,106.0,125.75,120.125,124.34375,122.9375,121.53125,project\p7_results\results\P7_FINAL_V3_FOLD_3\val_predictions_best.csv
5933,168.0,166.125,166.25,166.15625,166.1875,166.21875,project\p7_results\results\P7_FINAL_V3_FOLD_2\val_predictions_best.csv
5944,102.0,106.5,108.1875,106.921875,107.34375,107.765625,project\p7_results\results\P7_FINAL_V3_FOLD_1\val_predictions_best.csv
5953,156.0,162.625,162.5,162.59375,162.5625,162.53125,project\p7_results\results\P7_FINAL_V3_FOLD_2\val_predictions_best.csv
5971,168.0,165.25,166.25,165.5,165.75,166.0,project\p7_results\results\P7_FINAL_V3_FOLD_1\val_predictions_best.csv
6012,120.0,117.1875,112.1875,115.9375,114.6875,113.4375,project\p7_results\results\P7_FINAL_V3_FOLD_3\val_predictions_best.csv
6023,132.0,134.5,132.875,134.09375,133.6875,133.28125,project\p7_results\results\P7_FINAL_V3_FOLD_4\val_predictions_best.csv
6056,204.0,203.625,198.75,202.40625,201.1875,199.96875,project\p7_results\results\P7_FINAL_V3_FOLD_5\val_predictions_best.csv
6080,162.0,163.625,165.0,163.96875,164.3125,164.65625,project\p7_results\results\P7_FINAL_V3_FOLD_4\val_predictions_best.csv
6087,138.0,127.1875,117.1875,124.6875,122.1875,119.6875,project\p7_results\results\P7_FINAL_V3_FOLD_3\val_predictions_best.csv
6091,94.0,96.0625,101.6875,97.46875,98.875,100.28125,project\p7_results\results\P7_FINAL_V3_FOLD_2\val_predictions_best.csv
6093,162.0,155.375,155.0,155.28125,155.1875,155.09375,project\p7_results\results\P7_FINAL_V3_FOLD_1\val_predictions_best.csv
6100,138.0,145.375,142.875,144.75,144.125,143.5,project\p7_results\results\P7_FINAL_V3_FOLD_4\val_predictions_best.csv
6101,144.0,148.25,151.75,149.125,150.0,150.875,project\p7_results\results\P7_FINAL_V3_FOLD_4\val_predictions_best.csv
6165,192.0,183.125,181.0,182.59375,182.0625,181.53125,project\p7_results\results\P7_FINAL_V3_FOLD_3\val_predictions_best.csv
6173,216.0,221.125,220.125,220.875,220.625,220.375,project\p7_results\results\P7_FINAL_V3_FOLD_5\val_predictions_best.csv
6176,162.0,166.5,165.75,166.3125,166.125,165.9375,project\p7_results\results\P7_FINAL_V3_FOLD_4\val_predictions_best.csv
6177,90.0,71.125,70.9375,71.078125,71.03125,70.984375,project\p7_results\results\P7_FINAL_V3_FOLD_4\val_predictions_best.csv
6186,150.0,141.375,139.0,140.78125,140.1875,139.59375,project\p7_results\results\P7_FINAL_V3_FOLD_4\val_predictions_best.csv
6187,120.0,124.0,127.0625,124.765625,125.53125,126.296875,project\p7_results\results\P7_FINAL_V3_FOLD_2\val_predictions_best.csv
6202,82.0,76.125,77.5,76.46875,76.8125,77.15625,project\p7_results\results\P7_FINAL_V3_FOLD_3\val_predictions_best.csv
6211,84.0,59.75,54.53125,58.4453125,57.140625,55.8359375,project\p7_results\results\P7_FINAL_V3_FOLD_3\val_predictions_best.csv
6221,168.0,170.0,169.5,169.875,169.75,169.625,project\p7_results\results\P7_FINAL_V3_FOLD_2\val_predictions_best.csv
6222,150.0,153.375,154.5,153.65625,153.9375,154.21875,project\p7_results\results\P7_FINAL_V3_FOLD_2\val_predictions_best.csv
6231,186.0,185.625,189.75,186.65625,187.6875,188.71875,project\p7_results\results\P7_FINAL_V3_FOLD_1\val_predictions_best.csv
6261,144.0,144.0,143.625,143.90625,143.8125,143.71875,project\p7_results\results\P7_FINAL_V3_FOLD_1\val_predictions_best.csv
6267,132.0,146.375,145.375,146.125,145.875,145.625,project\p7_results\results\P7_FINAL_V3_FOLD_3\val_predictions_best.csv
6280,168.0,165.5,166.625,165.78125,166.0625,166.34375,project\p7_results\results\P7_FINAL_V3_FOLD_4\val_predictions_best.csv
6282,60.0,71.4375,58.125,68.109375,64.78125,61.453125,project\p7_results\results\P7_FINAL_V3_FOLD_5\val_predictions_best.csv
6285,162.0,166.75,164.125,166.09375,165.4375,164.78125,project\p7_results\results\P7_FINAL_V3_FOLD_1\val_predictions_best.csv
6287,132.0,137.25,130.75,135.625,134.0,132.375,project\p7_results\results\P7_FINAL_V3_FOLD_2\val_predictions_best.csv
6290,156.0,160.0,162.0,160.5,161.0,161.5,project\p7_results\results\P7_FINAL_V3_FOLD_3\val_predictions_best.csv
6302,132.0,105.875,115.3125,108.234375,110.59375,112.953125,project\p7_results\results\P7_FINAL_V3_FOLD_2\val_predictions_best.csv
6304,42.0,41.34375,44.125,42.0390625,42.734375,43.4296875,project\p7_results\results\P7_FINAL_V3_FOLD_4\val_predictions_best.csv
6323,138.0,100.625,104.375,101.5625,102.5,103.4375,project\p7_results\results\P7_FINAL_V3_FOLD_5\val_predictions_best.csv
6324,204.0,206.125,205.0,205.84375,205.5625,205.28125,project\p7_results\results\P7_FINAL_V3_FOLD_3\val_predictions_best.csv
6333,60.0,71.8125,83.0625,74.625,77.4375,80.25,project\p7_results\results\P7_FINAL_V3_FOLD_3\val_predictions_best.csv
6347,132.0,125.8125,126.75,126.046875,126.28125,126.515625,project\p7_results\results\P7_FINAL_V3_FOLD_4\val_predictions_best.csv
6361,84.0,66.875,67.0,66.90625,66.9375,66.96875,project\p7_results\results\P7_FINAL_V3_FOLD_5\val_predictions_best.csv
6367,156.0,148.875,144.5,147.78125,146.6875,145.59375,project\p7_results\results\P7_FINAL_V3_FOLD_3\val_predictions_best.csv
6373,162.0,167.75,165.625,167.21875,166.6875,166.15625,project\p7_results\results\P7_FINAL_V3_FOLD_3\val_predictions_best.csv
6388,102.0,109.5625,101.125,107.453125,105.34375,103.234375,project\p7_results\results\P7_FINAL_V3_FOLD_4\val_predictions_best.csv
6393,180.0,155.25,174.125,159.96875,164.6875,169.40625,project\p7_results\results\P7_FINAL_V3_FOLD_1\val_predictions_best.csv
6396,72.0,69.4375,76.75,71.265625,73.09375,74.921875,project\p7_results\results\P7_FINAL_V3_FOLD_2\val_predictions_best.csv
6404,132.0,126.8125,123.0,125.859375,124.90625,123.953125,project\p7_results\results\P7_FINAL_V3_FOLD_4\val_predictions_best.csv
6448,82.0,82.4375,82.0625,82.34375,82.25,82.15625,project\p7_results\results\P7_FINAL_V3_FOLD_3\val_predictions_best.csv
6459,150.0,149.5,147.5,149.0,148.5,148.0,project\p7_results\results\P7_FINAL_V3_FOLD_3\val_predictions_best.csv
6467,96.0,105.0,105.0625,105.015625,105.03125,105.046875,project\p7_results\results\P7_FINAL_V3_FOLD_2\val_predictions_best.csv
6472,120.0,114.6875,106.8125,112.71875,110.75,108.78125,project\p7_results\results\P7_FINAL_V3_FOLD_1\val_predictions_best.csv
6477,168.0,165.375,167.625,165.9375,166.5,167.0625,project\p7_results\results\P7_FINAL_V3_FOLD_2\val_predictions_best.csv
6496,144.0,142.0,139.5,141.375,140.75,140.125,project\p7_results\results\P7_FINAL_V3_FOLD_4\val_predictions_best.csv
6505,168.0,167.125,162.875,166.0625,165.0,163.9375,project\p7_results\results\P7_FINAL_V3_FOLD_4\val_predictions_best.csv
6507,156.0,155.875,158.0,156.40625,156.9375,157.46875,project\p7_results\results\P7_FINAL_V3_FOLD_3\val_predictions_best.csv
6514,108.0,106.0,108.875,106.71875,107.4375,108.15625,project\p7_results\results\P7_FINAL_V3_FOLD_4\val_predictions_best.csv
6518,168.0,186.5,187.0,186.625,186.75,186.875,project\p7_results\results\P7_FINAL_V3_FOLD_4\val_predictions_best.csv
6584,84.0,93.125,86.875,91.5625,90.0,88.4375,project\p7_results\results\P7_FINAL_V3_FOLD_4\val_predictions_best.csv
6603,82.0,69.9375,73.5625,70.84375,71.75,72.65625,project\p7_results\results\P7_FINAL_V3_FOLD_1\val_predictions_best.csv
6615,82.0,85.1875,85.9375,85.375,85.5625,85.75,project\p7_results\results\P7_FINAL_V3_FOLD_1\val_predictions_best.csv
6623,69.0,70.0,72.875,70.71875,71.4375,72.15625,project\p7_results\results\P7_FINAL_V3_FOLD_5\val_predictions_best.csv
6633,186.0,183.0,183.75,183.1875,183.375,183.5625,project\p7_results\results\P7_FINAL_V3_FOLD_3\val_predictions_best.csv
6639,135.0,139.75,138.625,139.46875,139.1875,138.90625,project\p7_results\results\P7_FINAL_V3_FOLD_3\val_predictions_best.csv
6642,189.0,193.375,195.625,193.9375,194.5,195.0625,project\p7_results\results\P7_FINAL_V3_FOLD_1\val_predictions_best.csv
6649,138.0,144.0,144.625,144.15625,144.3125,144.46875,project\p7_results\results\P7_FINAL_V3_FOLD_3\val_predictions_best.csv
6653,150.0,149.875,146.75,149.09375,148.3125,147.53125,project\p7_results\results\P7_FINAL_V3_FOLD_5\val_predictions_best.csv
6657,156.0,157.5,159.125,157.90625,158.3125,158.71875,project\p7_results\results\P7_FINAL_V3_FOLD_3\val_predictions_best.csv
6667,69.0,71.75,74.5,72.4375,73.125,73.8125,project\p7_results\results\P7_FINAL_V3_FOLD_5\val_predictions_best.csv
6670,150.0,148.75,146.625,148.21875,147.6875,147.15625,project\p7_results\results\P7_FINAL_V3_FOLD_3\val_predictions_best.csv
6678,82.0,87.5625,83.1875,86.46875,85.375,84.28125,project\p7_results\results\P7_FINAL_V3_FOLD_4\val_predictions_best.csv
6680,50.0,60.625,63.1875,61.265625,61.90625,62.546875,project\p7_results\results\P7_FINAL_V3_FOLD_4\val_predictions_best.csv
6683,69.0,63.53125,58.6875,62.3203125,61.109375,59.8984375,project\p7_results\results\P7_FINAL_V3_FOLD_4\val_predictions_best.csv
6686,82.0,81.5625,81.0,81.421875,81.28125,81.140625,project\p7_results\results\P7_FINAL_V3_FOLD_4\val_predictions_best.csv
6695,168.0,173.75,172.25,173.375,173.0,172.625,project\p7_results\results\P7_FINAL_V3_FOLD_1\val_predictions_best.csv
6696,48.0,55.03125,44.59375,52.421875,49.8125,47.203125,project\p7_results\results\P7_FINAL_V3_FOLD_3\val_predictions_best.csv
6703,57.0,53.5,50.0,52.625,51.75,50.875,project\p7_results\results\P7_FINAL_V3_FOLD_1\val_predictions_best.csv
6704,168.0,166.0,164.625,165.65625,165.3125,164.96875,project\p7_results\results\P7_FINAL_V3_FOLD_2\val_predictions_best.csv
6711,94.0,101.4375,100.0625,101.09375,100.75,100.40625,project\p7_results\results\P7_FINAL_V3_FOLD_1\val_predictions_best.csv
6716,180.0,182.0,182.875,182.21875,182.4375,182.65625,project\p7_results\results\P7_FINAL_V3_FOLD_2\val_predictions_best.csv
6721,210.0,219.5,209.875,217.09375,214.6875,212.28125,project\p7_results\results\P7_FINAL_V3_FOLD_2\val_predictions_best.csv
6730,96.0,100.8125,101.375,100.953125,101.09375,101.234375,project\p7_results\results\P7_FINAL_V3_FOLD_3\val_predictions_best.csv
6745,60.0,74.8125,62.25,71.671875,68.53125,65.390625,project\p7_results\results\P7_FINAL_V3_FOLD_1\val_predictions_best.csv
6752,94.0,93.3125,100.0,94.984375,96.65625,98.328125,project\p7_results\results\P7_FINAL_V3_FOLD_2\val_predictions_best.csv
6755,120.0,122.375,120.0625,121.796875,121.21875,120.640625,project\p7_results\results\P7_FINAL_V3_FOLD_5\val_predictions_best.csv
6766,156.0,149.25,147.25,148.75,148.25,147.75,project\p7_results\results\P7_FINAL_V3_FOLD_4\val_predictions_best.csv
6797,120.0,116.5625,106.0,113.921875,111.28125,108.640625,project\p7_results\results\P7_FINAL_V3_FOLD_3\val_predictions_best.csv
6815,162.0,156.125,159.375,156.9375,157.75,158.5625,project\p7_results\results\P7_FINAL_V3_FOLD_2\val_predictions_best.csv
6818,168.0,161.5,163.125,161.90625,162.3125,162.71875,project\p7_results\results\P7_FINAL_V3_FOLD_1\val_predictions_best.csv
6822,132.0,132.75,136.75,133.75,134.75,135.75,project\p7_results\results\P7_FINAL_V3_FOLD_2\val_predictions_best.csv
6823,150.0,134.0,132.5,133.625,133.25,132.875,project\p7_results\results\P7_FINAL_V3_FOLD_3\val_predictions_best.csv
6849,138.0,138.375,145.875,140.25,142.125,144.0,project\p7_results\results\P7_FINAL_V3_FOLD_3\val_predictions_best.csv
6864,168.0,163.125,164.625,163.5,163.875,164.25,project\p7_results\results\P7_FINAL_V3_FOLD_4\val_predictions_best.csv
6865,120.0,120.0,106.6875,116.671875,113.34375,110.015625,project\p7_results\results\P7_FINAL_V3_FOLD_1\val_predictions_best.csv
6866,150.0,153.875,154.875,154.125,154.375,154.625,project\p7_results\results\P7_FINAL_V3_FOLD_5\val_predictions_best.csv
6870,180.0,183.875,186.125,184.4375,185.0,185.5625,project\p7_results\results\P7_FINAL_V3_FOLD_4\val_predictions_best.csv
6889,150.0,152.625,154.375,153.0625,153.5,153.9375,project\p7_results\results\P7_FINAL_V3_FOLD_5\val_predictions_best.csv
6891,126.0,141.0,137.375,140.09375,139.1875,138.28125,project\p7_results\results\P7_FINAL_V3_FOLD_4\val_predictions_best.csv
6892,156.0,157.625,155.875,157.1875,156.75,156.3125,project\p7_results\results\P7_FINAL_V3_FOLD_4\val_predictions_best.csv
6919,78.0,73.875,71.6875,73.328125,72.78125,72.234375,project\p7_results\results\P7_FINAL_V3_FOLD_3\val_predictions_best.csv
6928,132.0,140.5,133.125,138.65625,136.8125,134.96875,project\p7_results\results\P7_FINAL_V3_FOLD_3\val_predictions_best.csv
6930,53.0,49.28125,49.8125,49.4140625,49.546875,49.6796875,project\p7_results\results\P7_FINAL_V3_FOLD_1\val_predictions_best.csv
6938,54.0,46.75,52.4375,48.171875,49.59375,51.015625,project\p7_results\results\P7_FINAL_V3_FOLD_4\val_predictions_best.csv
6944,156.0,145.625,147.5,146.09375,146.5625,147.03125,project\p7_results\results\P7_FINAL_V3_FOLD_4\val_predictions_best.csv
6945,138.0,146.125,143.5,145.46875,144.8125,144.15625,project\p7_results\results\P7_FINAL_V3_FOLD_5\val_predictions_best.csv
6957,108.0,112.5625,109.5,111.796875,111.03125,110.265625,project\p7_results\results\P7_FINAL_V3_FOLD_4\val_predictions_best.csv
6969,120.0,108.75,110.9375,109.296875,109.84375,110.390625,project\p7_results\results\P7_FINAL_V3_FOLD_2\val_predictions_best.csv
6970,150.0,146.375,142.125,145.3125,144.25,143.1875,project\p7_results\results\P7_FINAL_V3_FOLD_3\val_predictions_best.csv
6971,132.0,140.75,137.5,139.9375,139.125,138.3125,project\p7_results\results\P7_FINAL_V3_FOLD_1\val_predictions_best.csv
7004,84.0,84.9375,82.8125,84.40625,83.875,83.34375,project\p7_results\results\P7_FINAL_V3_FOLD_4\val_predictions_best.csv
7039,204.0,205.125,206.625,205.5,205.875,206.25,project\p7_results\results\P7_FINAL_V3_FOLD_3\val_predictions_best.csv
7046,76.0,72.4375,68.125,71.359375,70.28125,69.203125,project\p7_results\results\P7_FINAL_V3_FOLD_2\val_predictions_best.csv
7051,126.0,133.625,125.125,131.5,129.375,127.25,project\p7_results\results\P7_FINAL_V3_FOLD_1\val_predictions_best.csv
7059,162.0,156.5,153.0,155.625,154.75,153.875,project\p7_results\results\P7_FINAL_V3_FOLD_4\val_predictions_best.csv
7066,168.0,167.75,168.625,167.96875,168.1875,168.40625,project\p7_results\results\P7_FINAL_V3_FOLD_4\val_predictions_best.csv
7075,78.0,83.625,70.6875,80.390625,77.15625,73.921875,project\p7_results\results\P7_FINAL_V3_FOLD_1\val_predictions_best.csv
7079,180.0,171.375,167.625,170.4375,169.5,168.5625,project\p7_results\results\P7_FINAL_V3_FOLD_5\val_predictions_best.csv
7085,138.0,143.25,144.625,143.59375,143.9375,144.28125,project\p7_results\results\P7_FINAL_V3_FOLD_2\val_predictions_best.csv
7104,204.0,198.5,206.0,200.375,202.25,204.125,project\p7_results\results\P7_FINAL_V3_FOLD_2\val_predictions_best.csv
7111,138.0,146.125,142.125,145.125,144.125,143.125,project\p7_results\results\P7_FINAL_V3_FOLD_5\val_predictions_best.csv
7119,36.0,37.03125,29.875,35.2421875,33.453125,31.6640625,project\p7_results\results\P7_FINAL_V3_FOLD_5\val_predictions_best.csv
7126,106.0,103.8125,99.3125,102.6875,101.5625,100.4375,project\p7_results\results\P7_FINAL_V3_FOLD_5\val_predictions_best.csv
7127,132.0,130.375,125.4375,129.140625,127.90625,126.671875,project\p7_results\results\P7_FINAL_V3_FOLD_1\val_predictions_best.csv
7175,120.0,113.0625,112.75,112.984375,112.90625,112.828125,project\p7_results\results\P7_FINAL_V3_FOLD_4\val_predictions_best.csv
7194,60.0,66.4375,68.875,67.046875,67.65625,68.265625,project\p7_results\results\P7_FINAL_V3_FOLD_4\val_predictions_best.csv
7196,94.0,104.9375,104.1875,104.75,104.5625,104.375,project\p7_results\results\P7_FINAL_V3_FOLD_3\val_predictions_best.csv
7200,150.0,149.625,153.75,150.65625,151.6875,152.71875,project\p7_results\results\P7_FINAL_V3_FOLD_3\val_predictions_best.csv
7221,69.0,69.875,71.3125,70.234375,70.59375,70.953125,project\p7_results\results\P7_FINAL_V3_FOLD_2\val_predictions_best.csv
7223,150.0,144.75,143.5,144.4375,144.125,143.8125,project\p7_results\results\P7_FINAL_V3_FOLD_1\val_predictions_best.csv
7226,159.0,157.0,158.0,157.25,157.5,157.75,project\p7_results\results\P7_FINAL_V3_FOLD_3\val_predictions_best.csv
7227,120.0,119.375,113.5625,117.921875,116.46875,115.015625,project\p7_results\results\P7_FINAL_V3_FOLD_5\val_predictions_best.csv
7241,180.0,175.125,175.75,175.28125,175.4375,175.59375,project\p7_results\results\P7_FINAL_V3_FOLD_1\val_predictions_best.csv
7247,120.0,115.5625,117.6875,116.09375,116.625,117.15625,project\p7_results\results\P7_FINAL_V3_FOLD_3\val_predictions_best.csv
7275,150.0,140.0,143.125,140.78125,141.5625,142.34375,project\p7_results\results\P7_FINAL_V3_FOLD_2\val_predictions_best.csv
7280,82.0,83.875,87.25,84.71875,85.5625,86.40625,project\p7_results\results\P7_FINAL_V3_FOLD_4\val_predictions_best.csv
7288,132.0,130.375,128.375,129.875,129.375,128.875,project\p7_results\results\P7_FINAL_V3_FOLD_5\val_predictions_best.csv
7292,162.0,166.25,162.125,165.21875,164.1875,163.15625,project\p7_results\results\P7_FINAL_V3_FOLD_1\val_predictions_best.csv
7293,162.0,164.625,163.875,164.4375,164.25,164.0625,project\p7_results\results\P7_FINAL_V3_FOLD_4\val_predictions_best.csv
7310,106.0,111.25,102.75,109.125,107.0,104.875,project\p7_results\results\P7_FINAL_V3_FOLD_5\val_predictions_best.csv
7318,150.0,137.25,139.25,137.75,138.25,138.75,project\p7_results\results\P7_FINAL_V3_FOLD_2\val_predictions_best.csv
7319,51.0,59.40625,57.875,59.0234375,58.640625,58.2578125,project\p7_results\results\P7_FINAL_V3_FOLD_1\val_predictions_best.csv
7321,84.0,84.3125,73.3125,81.5625,78.8125,76.0625,project\p7_results\results\P7_FINAL_V3_FOLD_2\val_predictions_best.csv
7332,120.0,134.875,118.5,130.78125,126.6875,122.59375,project\p7_results\results\P7_FINAL_V3_FOLD_1\val_predictions_best.csv
7338,138.0,120.8125,116.375,119.703125,118.59375,117.484375,project\p7_results\results\P7_FINAL_V3_FOLD_1\val_predictions_best.csv
7371,132.0,120.375,119.125,120.0625,119.75,119.4375,project\p7_results\results\P7_FINAL_V3_FOLD_4\val_predictions_best.csv
7377,108.0,110.75,113.4375,111.421875,112.09375,112.765625,project\p7_results\results\P7_FINAL_V3_FOLD_5\val_predictions_best.csv
7378,144.0,148.875,151.375,149.5,150.125,150.75,project\p7_results\results\P7_FINAL_V3_FOLD_2\val_predictions_best.csv
7400,192.0,192.5,182.375,189.96875,187.4375,184.90625,project\p7_results\results\P7_FINAL_V3_FOLD_5\val_predictions_best.csv
7401,150.0,147.875,152.0,148.90625,149.9375,150.96875,project\p7_results\results\P7_FINAL_V3_FOLD_4\val_predictions_best.csv
7407,120.0,120.125,122.25,120.65625,121.1875,121.71875,project\p7_results\results\P7_FINAL_V3_FOLD_3\val_predictions_best.csv
7408,156.0,160.75,161.75,161.0,161.25,161.5,project\p7_results\results\P7_FINAL_V3_FOLD_3\val_predictions_best.csv
7417,168.0,170.125,168.875,169.8125,169.5,169.1875,project\p7_results\results\P7_FINAL_V3_FOLD_3\val_predictions_best.csv
7432,156.0,153.125,155.25,153.65625,154.1875,154.71875,project\p7_results\results\P7_FINAL_V3_FOLD_3\val_predictions_best.csv
7444,204.0,199.375,197.5,198.90625,198.4375,197.96875,project\p7_results\results\P7_FINAL_V3_FOLD_1\val_predictions_best.csv
7459,132.0,139.5,132.25,137.6875,135.875,134.0625,project\p7_results\results\P7_FINAL_V3_FOLD_1\val_predictions_best.csv
7476,108.0,112.3125,106.1875,110.78125,109.25,107.71875,project\p7_results\results\P7_FINAL_V3_FOLD_1\val_predictions_best.csv
7477,153.0,159.75,154.875,158.53125,157.3125,156.09375,project\p7_results\results\P7_FINAL_V3_FOLD_5\val_predictions_best.csv
7479,183.0,181.375,179.5,180.90625,180.4375,179.96875,project\p7_results\results\P7_FINAL_V3_FOLD_4\val_predictions_best.csv
7508,102.0,99.4375,103.625,100.484375,101.53125,102.578125,project\p7_results\results\P7_FINAL_V3_FOLD_3\val_predictions_best.csv
7513,132.0,134.5,136.125,134.90625,135.3125,135.71875,project\p7_results\results\P7_FINAL_V3_FOLD_1\val_predictions_best.csv
7516,168.0,168.625,170.125,169.0,169.375,169.75,project\p7_results\results\P7_FINAL_V3_FOLD_4\val_predictions_best.csv
7521,168.0,171.75,177.25,173.125,174.5,175.875,project\p7_results\results\P7_FINAL_V3_FOLD_3\val_predictions_best.csv
7528,106.0,91.9375,91.1875,91.75,91.5625,91.375,project\p7_results\results\P7_FINAL_V3_FOLD_3\val_predictions_best.csv
7533,126.0,122.875,110.25,119.71875,116.5625,113.40625,project\p7_results\results\P7_FINAL_V3_FOLD_3\val_predictions_best.csv
7543,216.0,221.625,219.5,221.09375,220.5625,220.03125,project\p7_results\results\P7_FINAL_V3_FOLD_4\val_predictions_best.csv
7552,82.0,82.9375,81.125,82.484375,82.03125,81.578125,project\p7_results\results\P7_FINAL_V3_FOLD_5\val_predictions_best.csv
7568,96.0,96.5,93.3125,95.703125,94.90625,94.109375,project\p7_results\results\P7_FINAL_V3_FOLD_2\val_predictions_best.csv
7580,156.0,165.125,161.5,164.21875,163.3125,162.40625,project\p7_results\results\P7_FINAL_V3_FOLD_4\val_predictions_best.csv
7587,66.0,75.125,80.0,76.34375,77.5625,78.78125,project\p7_results\results\P7_FINAL_V3_FOLD_1\val_predictions_best.csv
7597,84.0,92.4375,84.1875,90.375,88.3125,86.25,project\p7_results\results\P7_FINAL_V3_FOLD_4\val_predictions_best.csv
7600,138.0,134.5,136.5,135.0,135.5,136.0,project\p7_results\results\P7_FINAL_V3_FOLD_2\val_predictions_best.csv
7623,192.0,203.125,210.25,204.90625,206.6875,208.46875,project\p7_results\results\P7_FINAL_V3_FOLD_2\val_predictions_best.csv
7629,96.0,92.75,90.625,92.21875,91.6875,91.15625,project\p7_results\results\P7_FINAL_V3_FOLD_1\val_predictions_best.csv
7645,162.0,161.875,158.75,161.09375,160.3125,159.53125,project\p7_results\results\P7_FINAL_V3_FOLD_4\val_predictions_best.csv
7668,94.0,84.125,87.0,84.84375,85.5625,86.28125,project\p7_results\results\P7_FINAL_V3_FOLD_3\val_predictions_best.csv
7675,168.0,169.875,168.5,169.53125,169.1875,168.84375,project\p7_results\results\P7_FINAL_V3_FOLD_2\val_predictions_best.csv
7679,36.0,42.84375,42.3125,42.7109375,42.578125,42.4453125,project\p7_results\results\P7_FINAL_V3_FOLD_4\val_predictions_best.csv
7684,94.0,89.875,91.875,90.375,90.875,91.375,project\p7_results\results\P7_FINAL_V3_FOLD_5\val_predictions_best.csv
7695,132.0,139.5,136.375,138.71875,137.9375,137.15625,project\p7_results\results\P7_FINAL_V3_FOLD_4\val_predictions_best.csv
7699,168.0,177.625,171.875,176.1875,174.75,173.3125,project\p7_results\results\P7_FINAL_V3_FOLD_3\val_predictions_best.csv
7705,156.0,158.125,156.0,157.59375,157.0625,156.53125,project\p7_results\results\P7_FINAL_V3_FOLD_5\val_predictions_best.csv
7715,106.0,102.1875,106.4375,103.25,104.3125,105.375,project\p7_results\results\P7_FINAL_V3_FOLD_2\val_predictions_best.csv
7720,84.0,83.0,74.625,80.90625,78.8125,76.71875,project\p7_results\results\P7_FINAL_V3_FOLD_1\val_predictions_best.csv
7722,138.0,134.875,131.5,134.03125,133.1875,132.34375,project\p7_results\results\P7_FINAL_V3_FOLD_5\val_predictions_best.csv
7725,120.0,106.4375,105.9375,106.3125,106.1875,106.0625,project\p7_results\results\P7_FINAL_V3_FOLD_2\val_predictions_best.csv
7733,60.0,63.65625,59.25,62.5546875,61.453125,60.3515625,project\p7_results\results\P7_FINAL_V3_FOLD_4\val_predictions_best.csv
7734,108.0,87.0,91.3125,88.078125,89.15625,90.234375,project\p7_results\results\P7_FINAL_V3_FOLD_4\val_predictions_best.csv
7768,69.0,61.9375,55.1875,60.25,58.5625,56.875,project\p7_results\results\P7_FINAL_V3_FOLD_1\val_predictions_best.csv
7771,108.0,108.8125,109.125,108.890625,108.96875,109.046875,project\p7_results\results\P7_FINAL_V3_FOLD_2\val_predictions_best.csv
7777,96.0,101.125,108.75,103.03125,104.9375,106.84375,project\p7_results\results\P7_FINAL_V3_FOLD_3\val_predictions_best.csv
7786,94.0,92.9375,93.1875,93.0,93.0625,93.125,project\p7_results\results\P7_FINAL_V3_FOLD_3\val_predictions_best.csv
7790,162.0,137.125,149.875,140.3125,143.5,146.6875,project\p7_results\results\P7_FINAL_V3_FOLD_4\val_predictions_best.csv
7803,60.0,58.71875,54.09375,57.5625,56.40625,55.25,project\p7_results\results\P7_FINAL_V3_FOLD_3\val_predictions_best.csv
7804,144.0,147.875,142.875,146.625,145.375,144.125,project\p7_results\results\P7_FINAL_V3_FOLD_2\val_predictions_best.csv
7814,132.0,142.625,136.75,141.15625,139.6875,138.21875,project\p7_results\results\P7_FINAL_V3_FOLD_1\val_predictions_best.csv
7816,18.0,23.5,22.609375,23.27734375,23.0546875,22.83203125,project\p7_results\results\P7_FINAL_V3_FOLD_1\val_predictions_best.csv
7824,162.0,160.25,159.125,159.96875,159.6875,159.40625,project\p7_results\results\P7_FINAL_V3_FOLD_1\val_predictions_best.csv
7846,120.0,123.4375,126.5625,124.21875,125.0,125.78125,project\p7_results\results\P7_FINAL_V3_FOLD_4\val_predictions_best.csv
7853,168.0,179.375,171.125,177.3125,175.25,173.1875,project\p7_results\results\P7_FINAL_V3_FOLD_4\val_predictions_best.csv
7867,132.0,126.5,129.875,127.34375,128.1875,129.03125,project\p7_results\results\P7_FINAL_V3_FOLD_1\val_predictions_best.csv
7879,60.0,60.90625,59.59375,60.578125,60.25,59.921875,project\p7_results\results\P7_FINAL_V3_FOLD_2\val_predictions_best.csv
7887,132.0,147.625,142.5,146.34375,145.0625,143.78125,project\p7_results\results\P7_FINAL_V3_FOLD_2\val_predictions_best.csv
7898,42.0,56.25,47.5,54.0625,51.875,49.6875,project\p7_results\results\P7_FINAL_V3_FOLD_5\val_predictions_best.csv
7900,132.0,140.625,136.0,139.46875,138.3125,137.15625,project\p7_results\results\P7_FINAL_V3_FOLD_3\val_predictions_best.csv
7933,168.0,167.625,166.625,167.375,167.125,166.875,project\p7_results\results\P7_FINAL_V3_FOLD_1\val_predictions_best.csv
7934,132.0,128.25,130.375,128.78125,129.3125,129.84375,project\p7_results\results\P7_FINAL_V3_FOLD_2\val_predictions_best.csv
7957,48.0,63.25,53.96875,60.9296875,58.609375,56.2890625,project\p7_results\results\P7_FINAL_V3_FOLD_3\val_predictions_best.csv
7961,94.0,93.8125,95.625,94.265625,94.71875,95.171875,project\p7_results\results\P7_FINAL_V3_FOLD_2\val_predictions_best.csv
7975,72.0,71.125,67.75,70.28125,69.4375,68.59375,project\p7_results\results\P7_FINAL_V3_FOLD_4\val_predictions_best.csv
7985,82.0,82.4375,80.4375,81.9375,81.4375,80.9375,project\p7_results\results\P7_FINAL_V3_FOLD_1\val_predictions_best.csv
7987,150.0,135.125,134.875,135.0625,135.0,134.9375,project\p7_results\results\P7_FINAL_V3_FOLD_1\val_predictions_best.csv
7991,60.0,60.15625,56.59375,59.265625,58.375,57.484375,project\p7_results\results\P7_FINAL_V3_FOLD_2\val_predictions_best.csv
7992,60.0,61.8125,63.65625,62.2734375,62.734375,63.1953125,project\p7_results\results\P7_FINAL_V3_FOLD_1\val_predictions_best.csv
7998,120.0,120.0625,118.0625,119.5625,119.0625,118.5625,project\p7_results\results\P7_FINAL_V3_FOLD_1\val_predictions_best.csv
8005,150.0,154.25,152.5,153.8125,153.375,152.9375,project\p7_results\results\P7_FINAL_V3_FOLD_4\val_predictions_best.csv
8018,106.0,105.0625,100.75,103.984375,102.90625,101.828125,project\p7_results\results\P7_FINAL_V3_FOLD_5\val_predictions_best.csv
8026,126.0,110.5625,111.0,110.671875,110.78125,110.890625,project\p7_results\results\P7_FINAL_V3_FOLD_4\val_predictions_best.csv
8031,108.0,114.3125,107.5,112.609375,110.90625,109.203125,project\p7_results\results\P7_FINAL_V3_FOLD_2\val_predictions_best.csv
8033,120.0,109.4375,122.375,112.671875,115.90625,119.140625,project\p7_results\results\P7_FINAL_V3_FOLD_5\val_predictions_best.csv
8059,28.0,32.625,32.25,32.53125,32.4375,32.34375,project\p7_results\results\P7_FINAL_V3_FOLD_1\val_predictions_best.csv
8070,186.0,181.875,182.875,182.125,182.375,182.625,project\p7_results\results\P7_FINAL_V3_FOLD_2\val_predictions_best.csv
8072,94.0,91.1875,92.8125,91.59375,92.0,92.40625,project\p7_results\results\P7_FINAL_V3_FOLD_4\val_predictions_best.csv
8090,144.0,145.75,141.0,144.5625,143.375,142.1875,project\p7_results\results\P7_FINAL_V3_FOLD_2\val_predictions_best.csv
8126,186.0,184.75,183.625,184.46875,184.1875,183.90625,project\p7_results\results\P7_FINAL_V3_FOLD_2\val_predictions_best.csv
8135,126.0,130.375,125.875,129.25,128.125,127.0,project\p7_results\results\P7_FINAL_V3_FOLD_1\val_predictions_best.csv
8136,156.0,155.375,154.625,155.1875,155.0,154.8125,project\p7_results\results\P7_FINAL_V3_FOLD_4\val_predictions_best.csv
8196,120.0,121.875,119.1875,121.203125,120.53125,119.859375,project\p7_results\results\P7_FINAL_V3_FOLD_4\val_predictions_best.csv
8206,72.0,75.9375,79.1875,76.75,77.5625,78.375,project\p7_results\results\P7_FINAL_V3_FOLD_5\val_predictions_best.csv
8207,180.0,176.75,173.625,175.96875,175.1875,174.40625,project\p7_results\results\P7_FINAL_V3_FOLD_2\val_predictions_best.csv
8227,156.0,147.875,145.125,147.1875,146.5,145.8125,project\p7_results\results\P7_FINAL_V3_FOLD_5\val_predictions_best.csv
8242,94.0,87.0625,87.625,87.203125,87.34375,87.484375,project\p7_results\results\P7_FINAL_V3_FOLD_1\val_predictions_best.csv
8249,108.0,101.3125,101.875,101.453125,101.59375,101.734375,project\p7_results\results\P7_FINAL_V3_FOLD_4\val_predictions_best.csv
8260,165.0,166.375,165.75,166.21875,166.0625,165.90625,project\p7_results\results\P7_FINAL_V3_FOLD_2\val_predictions_best.csv
8262,120.0,119.9375,112.6875,118.125,116.3125,114.5,project\p7_results\results\P7_FINAL_V3_FOLD_3\val_predictions_best.csv
8279,108.0,104.0625,95.625,101.953125,99.84375,97.734375,project\p7_results\results\P7_FINAL_V3_FOLD_2\val_predictions_best.csv
8281,156.0,153.375,150.75,152.71875,152.0625,151.40625,project\p7_results\results\P7_FINAL_V3_FOLD_3\val_predictions_best.csv
8284,132.0,128.375,125.6875,127.703125,127.03125,126.359375,project\p7_results\results\P7_FINAL_V3_FOLD_4\val_predictions_best.csv
8296,180.0,167.5,169.0,167.875,168.25,168.625,project\p7_results\results\P7_FINAL_V3_FOLD_4\val_predictions_best.csv
8297,156.0,156.0,153.875,155.46875,154.9375,154.40625,project\p7_results\results\P7_FINAL_V3_FOLD_2\val_predictions_best.csv
8298,132.0,144.0,144.875,144.21875,144.4375,144.65625,project\p7_results\results\P7_FINAL_V3_FOLD_4\val_predictions_best.csv
8300,132.0,148.875,143.875,147.625,146.375,145.125,project\p7_results\results\P7_FINAL_V3_FOLD_3\val_predictions_best.csv
8306,120.0,117.1875,111.3125,115.71875,114.25,112.78125,project\p7_results\results\P7_FINAL_V3_FOLD_3\val_predictions_best.csv
8317,94.0,113.5625,113.4375,113.53125,113.5,113.46875,project\p7_results\results\P7_FINAL_V3_FOLD_4\val_predictions_best.csv
8332,168.0,165.75,164.125,165.34375,164.9375,164.53125,project\p7_results\results\P7_FINAL_V3_FOLD_2\val_predictions_best.csv
8337,60.0,58.53125,62.125,59.4296875,60.328125,61.2265625,project\p7_results\results\P7_FINAL_V3_FOLD_4\val_predictions_best.csv
8342,162.0,165.625,163.0,164.96875,164.3125,163.65625,project\p7_results\results\P7_FINAL_V3_FOLD_2\val_predictions_best.csv
8352,36.0,35.6875,22.375,32.359375,29.03125,25.703125,project\p7_results\results\P7_FINAL_V3_FOLD_5\val_predictions_best.csv
8364,162.0,163.375,162.625,163.1875,163.0,162.8125,project\p7_results\results\P7_FINAL_V3_FOLD_5\val_predictions_best.csv
8372,132.0,135.25,135.875,135.40625,135.5625,135.71875,project\p7_results\results\P7_FINAL_V3_FOLD_3\val_predictions_best.csv
8376,156.0,162.375,164.625,162.9375,163.5,164.0625,project\p7_results\results\P7_FINAL_V3_FOLD_4\val_predictions_best.csv
8384,120.0,129.875,124.875,128.625,127.375,126.125,project\p7_results\results\P7_FINAL_V3_FOLD_3\val_predictions_best.csv
8389,168.0,175.0,172.5,174.375,173.75,173.125,project\p7_results\results\P7_FINAL_V3_FOLD_1\val_predictions_best.csv
8442,120.0,121.75,124.0625,122.328125,122.90625,123.484375,project\p7_results\results\P7_FINAL_V3_FOLD_4\val_predictions_best.csv
8447,168.0,168.375,168.75,168.46875,168.5625,168.65625,project\p7_results\results\P7_FINAL_V3_FOLD_1\val_predictions_best.csv
8457,156.0,153.125,152.125,152.875,152.625,152.375,project\p7_results\results\P7_FINAL_V3_FOLD_1\val_predictions_best.csv
8468,168.0,166.25,167.125,166.46875,166.6875,166.90625,project\p7_results\results\P7_FINAL_V3_FOLD_3\val_predictions_best.csv
8486,153.0,158.5,155.75,157.8125,157.125,156.4375,project\p7_results\results\P7_FINAL_V3_FOLD_3\val_predictions_best.csv
8492,156.0,162.375,165.25,163.09375,163.8125,164.53125,project\p7_results\results\P7_FINAL_V3_FOLD_3\val_predictions_best.csv
8503,50.0,70.5,76.0,71.875,73.25,74.625,project\p7_results\results\P7_FINAL_V3_FOLD_2\val_predictions_best.csv
8508,132.0,121.3125,124.9375,122.21875,123.125,124.03125,project\p7_results\results\P7_FINAL_V3_FOLD_1\val_predictions_best.csv
8529,150.0,152.875,146.5,151.28125,149.6875,148.09375,project\p7_results\results\P7_FINAL_V3_FOLD_4\val_predictions_best.csv
8534,156.0,131.0,132.75,131.4375,131.875,132.3125,project\p7_results\results\P7_FINAL_V3_FOLD_5\val_predictions_best.csv
8535,54.0,53.90625,54.25,53.9921875,54.078125,54.1640625,project\p7_results\results\P7_FINAL_V3_FOLD_1\val_predictions_best.csv
8549,106.0,111.1875,110.1875,110.9375,110.6875,110.4375,project\p7_results\results\P7_FINAL_V3_FOLD_4\val_predictions_best.csv
8568,156.0,158.25,158.75,158.375,158.5,158.625,project\p7_results\results\P7_FINAL_V3_FOLD_4\val_predictions_best.csv
8569,88.0,79.5625,81.9375,80.15625,80.75,81.34375,project\p7_results\results\P7_FINAL_V3_FOLD_3\val_predictions_best.csv
8576,162.0,157.625,152.875,156.4375,155.25,154.0625,project\p7_results\results\P7_FINAL_V3_FOLD_1\val_predictions_best.csv
8588,72.0,82.4375,73.1875,80.125,77.8125,75.5,project\p7_results\results\P7_FINAL_V3_FOLD_1\val_predictions_best.csv
8608,120.0,122.8125,127.5,123.984375,125.15625,126.328125,project\p7_results\results\P7_FINAL_V3_FOLD_4\val_predictions_best.csv
8611,168.0,164.0,163.125,163.78125,163.5625,163.34375,project\p7_results\results\P7_FINAL_V3_FOLD_1\val_predictions_best.csv
8612,156.0,149.0,152.0,149.75,150.5,151.25,project\p7_results\results\P7_FINAL_V3_FOLD_2\val_predictions_best.csv
8626,156.0,153.75,151.25,153.125,152.5,151.875,project\p7_results\results\P7_FINAL_V3_FOLD_2\val_predictions_best.csv
8646,120.0,150.5,149.375,150.21875,149.9375,149.65625,project\p7_results\results\P7_FINAL_V3_FOLD_2\val_predictions_best.csv
8649,168.0,165.5,164.5,165.25,165.0,164.75,project\p7_results\results\P7_FINAL_V3_FOLD_5\val_predictions_best.csv
8663,156.0,151.125,154.5,151.96875,152.8125,153.65625,project\p7_results\results\P7_FINAL_V3_FOLD_1\val_predictions_best.csv
8665,114.0,105.5,94.5,102.75,100.0,97.25,project\p7_results\results\P7_FINAL_V3_FOLD_3\val_predictions_best.csv
8670,150.0,150.5,149.75,150.3125,150.125,149.9375,project\p7_results\results\P7_FINAL_V3_FOLD_4\val_predictions_best.csv
8671,162.0,155.875,160.125,156.9375,158.0,159.0625,project\p7_results\results\P7_FINAL_V3_FOLD_4\val_predictions_best.csv
8674,82.0,88.1875,86.75,87.828125,87.46875,87.109375,project\p7_results\results\P7_FINAL_V3_FOLD_1\val_predictions_best.csv
8689,106.0,123.5,117.3125,121.953125,120.40625,118.859375,project\p7_results\results\P7_FINAL_V3_FOLD_5\val_predictions_best.csv
8690,106.0,99.75,99.625,99.71875,99.6875,99.65625,project\p7_results\results\P7_FINAL_V3_FOLD_3\val_predictions_best.csv
8691,132.0,134.125,133.0,133.84375,133.5625,133.28125,project\p7_results\results\P7_FINAL_V3_FOLD_1\val_predictions_best.csv
8694,156.0,146.375,149.25,147.09375,147.8125,148.53125,project\p7_results\results\P7_FINAL_V3_FOLD_2\val_predictions_best.csv
8697,132.0,145.5,146.5,145.75,146.0,146.25,project\p7_results\results\P7_FINAL_V3_FOLD_5\val_predictions_best.csv
8701,168.0,164.5,165.375,164.71875,164.9375,165.15625,project\p7_results\results\P7_FINAL_V3_FOLD_4\val_predictions_best.csv
8725,168.0,163.875,165.0,164.15625,164.4375,164.71875,project\p7_results\results\P7_FINAL_V3_FOLD_3\val_predictions_best.csv
8729,156.0,158.5,158.375,158.46875,158.4375,158.40625,project\p7_results\results\P7_FINAL_V3_FOLD_4\val_predictions_best.csv
8731,82.0,92.0625,82.625,89.703125,87.34375,84.984375,project\p7_results\results\P7_FINAL_V3_FOLD_5\val_predictions_best.csv
8733,192.0,185.125,190.125,186.375,187.625,188.875,project\p7_results\results\P7_FINAL_V3_FOLD_3\val_predictions_best.csv
8741,96.0,94.8125,91.375,93.953125,93.09375,92.234375,project\p7_results\results\P7_FINAL_V3_FOLD_4\val_predictions_best.csv
8765,120.0,132.125,133.625,132.5,132.875,133.25,project\p7_results\results\P7_FINAL_V3_FOLD_2\val_predictions_best.csv
8778,72.0,73.5,75.5,74.0,74.5,75.0,project\p7_results\results\P7_FINAL_V3_FOLD_2\val_predictions_best.csv
8781,192.0,187.375,189.875,188.0,188.625,189.25,project\p7_results\results\P7_FINAL_V3_FOLD_2\val_predictions_best.csv
8784,132.0,127.125,130.25,127.90625,128.6875,129.46875,project\p7_results\results\P7_FINAL_V3_FOLD_1\val_predictions_best.csv
8786,48.0,45.9375,49.03125,46.7109375,47.484375,48.2578125,project\p7_results\results\P7_FINAL_V3_FOLD_2\val_predictions_best.csv
8800,106.0,107.125,103.3125,106.171875,105.21875,104.265625,project\p7_results\results\P7_FINAL_V3_FOLD_5\val_predictions_best.csv
8804,150.0,149.25,154.75,150.625,152.0,153.375,project\p7_results\results\P7_FINAL_V3_FOLD_3\val_predictions_best.csv
8818,106.0,113.375,95.5,108.90625,104.4375,99.96875,project\p7_results\results\P7_FINAL_V3_FOLD_1\val_predictions_best.csv
8843,150.0,147.75,147.125,147.59375,147.4375,147.28125,project\p7_results\results\P7_FINAL_V3_FOLD_5\val_predictions_best.csv
8853,82.0,79.0,67.875,76.21875,73.4375,70.65625,project\p7_results\results\P7_FINAL_V3_FOLD_1\val_predictions_best.csv
8863,126.0,125.1875,130.375,126.484375,127.78125,129.078125,project\p7_results\results\P7_FINAL_V3_FOLD_4\val_predictions_best.csv
8874,108.0,98.8125,98.0,98.609375,98.40625,98.203125,project\p7_results\results\P7_FINAL_V3_FOLD_1\val_predictions_best.csv
8875,120.0,124.375,122.3125,123.859375,123.34375,122.828125,project\p7_results\results\P7_FINAL_V3_FOLD_2\val_predictions_best.csv
8880,106.0,103.75,98.0,102.3125,100.875,99.4375,project\p7_results\results\P7_FINAL_V3_FOLD_1\val_predictions_best.csv
8886,168.0,161.25,160.625,161.09375,160.9375,160.78125,project\p7_results\results\P7_FINAL_V3_FOLD_2\val_predictions_best.csv
8893,138.0,135.75,133.875,135.28125,134.8125,134.34375,project\p7_results\results\P7_FINAL_V3_FOLD_4\val_predictions_best.csv
8985,144.0,145.375,144.5,145.15625,144.9375,144.71875,project\p7_results\results\P7_FINAL_V3_FOLD_5\val_predictions_best.csv
9007,120.0,113.0,115.375,113.59375,114.1875,114.78125,project\p7_results\results\P7_FINAL_V3_FOLD_2\val_predictions_best.csv
9014,168.0,163.125,168.375,164.4375,165.75,167.0625,project\p7_results\results\P7_FINAL_V3_FOLD_3\val_predictions_best.csv
9015,120.0,135.375,131.625,134.4375,133.5,132.5625,project\p7_results\results\P7_FINAL_V3_FOLD_5\val_predictions_best.csv
9049,120.0,98.75,100.125,99.09375,99.4375,99.78125,project\p7_results\results\P7_FINAL_V3_FOLD_4\val_predictions_best.csv
9050,120.0,120.5625,115.5625,119.3125,118.0625,116.8125,project\p7_results\results\P7_FINAL_V3_FOLD_3\val_predictions_best.csv
9054,204.0,195.25,202.25,197.0,198.75,200.5,project\p7_results\results\P7_FINAL_V3_FOLD_2\val_predictions_best.csv
9069,144.0,149.625,152.375,150.3125,151.0,151.6875,project\p7_results\results\P7_FINAL_V3_FOLD_3\val_predictions_best.csv
9079,183.0,182.75,183.75,183.0,183.25,183.5,project\p7_results\results\P7_FINAL_V3_FOLD_3\val_predictions_best.csv
9080,174.0,168.375,164.875,167.5,166.625,165.75,project\p7_results\results\P7_FINAL_V3_FOLD_2\val_predictions_best.csv
9088,114.0,113.0625,115.6875,113.71875,114.375,115.03125,project\p7_results\results\P7_FINAL_V3_FOLD_4\val_predictions_best.csv
9101,106.0,118.5,117.625,118.28125,118.0625,117.84375,project\p7_results\results\P7_FINAL_V3_FOLD_1\val_predictions_best.csv
9102,150.0,147.0,154.5,148.875,150.75,152.625,project\p7_results\results\P7_FINAL_V3_FOLD_3\val_predictions_best.csv
9111,126.0,119.3125,118.875,119.203125,119.09375,118.984375,project\p7_results\results\P7_FINAL_V3_FOLD_2\val_predictions_best.csv
9117,94.0,92.6875,92.875,92.734375,92.78125,92.828125,project\p7_results\results\P7_FINAL_V3_FOLD_2\val_predictions_best.csv
9118,94.0,101.5,97.1875,100.421875,99.34375,98.265625,project\p7_results\results\P7_FINAL_V3_FOLD_5\val_predictions_best.csv
9143,69.0,67.75,68.25,67.875,68.0,68.125,project\p7_results\results\P7_FINAL_V3_FOLD_4\val_predictions_best.csv
9152,94.0,94.5,97.875,95.34375,96.1875,97.03125,project\p7_results\results\P7_FINAL_V3_FOLD_4\val_predictions_best.csv
9161,69.0,79.1875,73.625,77.796875,76.40625,75.015625,project\p7_results\results\P7_FINAL_V3_FOLD_2\val_predictions_best.csv
9180,88.0,83.9375,85.5625,84.34375,84.75,85.15625,project\p7_results\results\P7_FINAL_V3_FOLD_3\val_predictions_best.csv
9205,100.0,99.1875,99.5625,99.28125,99.375,99.46875,project\p7_results\results\P7_FINAL_V3_FOLD_1\val_predictions_best.csv
9231,106.0,79.1875,78.0,78.890625,78.59375,78.296875,project\p7_results\results\P7_FINAL_V3_FOLD_3\val_predictions_best.csv
9240,156.0,159.625,161.5,160.09375,160.5625,161.03125,project\p7_results\results\P7_FINAL_V3_FOLD_3\val_predictions_best.csv
9241,94.0,82.25,83.1875,82.484375,82.71875,82.953125,project\p7_results\results\P7_FINAL_V3_FOLD_1\val_predictions_best.csv
9246,106.0,126.0,121.5625,124.890625,123.78125,122.671875,project\p7_results\results\P7_FINAL_V3_FOLD_4\val_predictions_best.csv
9286,144.0,143.875,139.5,142.78125,141.6875,140.59375,project\p7_results\results\P7_FINAL_V3_FOLD_2\val_predictions_best.csv
9309,150.0,156.375,155.75,156.21875,156.0625,155.90625,project\p7_results\results\P7_FINAL_V3_FOLD_4\val_predictions_best.csv
9312,156.0,159.625,160.5,159.84375,160.0625,160.28125,project\p7_results\results\P7_FINAL_V3_FOLD_4\val_predictions_best.csv
9326,132.0,135.0,119.25,131.0625,127.125,123.1875,project\p7_results\results\P7_FINAL_V3_FOLD_1\val_predictions_best.csv
9327,132.0,145.25,141.875,144.40625,143.5625,142.71875,project\p7_results\results\P7_FINAL_V3_FOLD_3\val_predictions_best.csv
9328,162.0,157.5,160.5,158.25,159.0,159.75,project\p7_results\results\P7_FINAL_V3_FOLD_5\val_predictions_best.csv
9330,132.0,134.875,133.5,134.53125,134.1875,133.84375,project\p7_results\results\P7_FINAL_V3_FOLD_3\val_predictions_best.csv
9331,69.0,77.25,64.5,74.0625,70.875,67.6875,project\p7_results\results\P7_FINAL_V3_FOLD_2\val_predictions_best.csv
9340,144.0,132.125,132.0,132.09375,132.0625,132.03125,project\p7_results\results\P7_FINAL_V3_FOLD_2\val_predictions_best.csv
9349,120.0,130.625,126.6875,129.640625,128.65625,127.671875,project\p7_results\results\P7_FINAL_V3_FOLD_2\val_predictions_best.csv
9361,60.0,52.21875,51.75,52.1015625,51.984375,51.8671875,project\p7_results\results\P7_FINAL_V3_FOLD_1\val_predictions_best.csv
9376,120.0,120.6875,119.25,120.328125,119.96875,119.609375,project\p7_results\results\P7_FINAL_V3_FOLD_4\val_predictions_best.csv
9386,126.0,119.3125,122.0,119.984375,120.65625,121.328125,project\p7_results\results\P7_FINAL_V3_FOLD_5\val_predictions_best.csv
9395,168.0,167.25,169.5,167.8125,168.375,168.9375,project\p7_results\results\P7_FINAL_V3_FOLD_4\val_predictions_best.csv
9431,144.0,146.375,140.5,144.90625,143.4375,141.96875,project\p7_results\results\P7_FINAL_V3_FOLD_5\val_predictions_best.csv
9442,120.0,114.125,114.1875,114.140625,114.15625,114.171875,project\p7_results\results\P7_FINAL_V3_FOLD_4\val_predictions_best.csv
9449,144.0,134.0,129.375,132.84375,131.6875,130.53125,project\p7_results\results\P7_FINAL_V3_FOLD_1\val_predictions_best.csv
9482,132.0,131.625,136.625,132.875,134.125,135.375,project\p7_results\results\P7_FINAL_V3_FOLD_3\val_predictions_best.csv
9483,210.0,193.875,198.375,195.0,196.125,197.25,project\p7_results\results\P7_FINAL_V3_FOLD_3\val_predictions_best.csv
9490,120.0,124.125,120.3125,123.171875,122.21875,121.265625,project\p7_results\results\P7_FINAL_V3_FOLD_3\val_predictions_best.csv
9499,156.0,153.125,150.625,152.5,151.875,151.25,project\p7_results\results\P7_FINAL_V3_FOLD_5\val_predictions_best.csv
9512,96.0,94.0625,99.125,95.328125,96.59375,97.859375,project\p7_results\results\P7_FINAL_V3_FOLD_5\val_predictions_best.csv
9514,156.0,147.375,148.0,147.53125,147.6875,147.84375,project\p7_results\results\P7_FINAL_V3_FOLD_2\val_predictions_best.csv
9515,132.0,139.125,140.5,139.46875,139.8125,140.15625,project\p7_results\results\P7_FINAL_V3_FOLD_3\val_predictions_best.csv
9536,156.0,160.125,162.75,160.78125,161.4375,162.09375,project\p7_results\results\P7_FINAL_V3_FOLD_2\val_predictions_best.csv
9558,144.0,134.25,131.0,133.4375,132.625,131.8125,project\p7_results\results\P7_FINAL_V3_FOLD_2\val_predictions_best.csv
9559,24.0,35.03125,34.8125,34.9765625,34.921875,34.8671875,project\p7_results\results\P7_FINAL_V3_FOLD_4\val_predictions_best.csv
9570,132.0,124.125,126.375,124.6875,125.25,125.8125,project\p7_results\results\P7_FINAL_V3_FOLD_1\val_predictions_best.csv
9576,94.0,98.3125,98.375,98.328125,98.34375,98.359375,project\p7_results\results\P7_FINAL_V3_FOLD_1\val_predictions_best.csv
9580,204.0,204.25,198.25,202.75,201.25,199.75,project\p7_results\results\P7_FINAL_V3_FOLD_5\val_predictions_best.csv
9587,54.0,66.0,72.5,67.625,69.25,70.875,project\p7_results\results\P7_FINAL_V3_FOLD_4\val_predictions_best.csv
9588,156.0,156.125,155.625,156.0,155.875,155.75,project\p7_results\results\P7_FINAL_V3_FOLD_5\val_predictions_best.csv
9607,82.0,84.125,74.3125,81.671875,79.21875,76.765625,project\p7_results\results\P7_FINAL_V3_FOLD_1\val_predictions_best.csv
9612,54.0,52.25,53.375,52.53125,52.8125,53.09375,project\p7_results\results\P7_FINAL_V3_FOLD_4\val_predictions_best.csv
9637,108.0,87.125,86.0625,86.859375,86.59375,86.328125,project\p7_results\results\P7_FINAL_V3_FOLD_3\val_predictions_best.csv
9638,150.0,145.5,151.625,147.03125,148.5625,150.09375,project\p7_results\results\P7_FINAL_V3_FOLD_1\val_predictions_best.csv
9641,180.0,176.875,173.75,176.09375,175.3125,174.53125,project\p7_results\results\P7_FINAL_V3_FOLD_2\val_predictions_best.csv
9647,156.0,149.75,147.25,149.125,148.5,147.875,project\p7_results\results\P7_FINAL_V3_FOLD_4\val_predictions_best.csv
9650,138.0,144.125,143.625,144.0,143.875,143.75,project\p7_results\results\P7_FINAL_V3_FOLD_2\val_predictions_best.csv
9664,159.0,162.0,160.625,161.65625,161.3125,160.96875,project\p7_results\results\P7_FINAL_V3_FOLD_1\val_predictions_best.csv
9669,144.0,140.75,138.5,140.1875,139.625,139.0625,project\p7_results\results\P7_FINAL_V3_FOLD_1\val_predictions_best.csv
9673,120.0,142.5,140.125,141.90625,141.3125,140.71875,project\p7_results\results\P7_FINAL_V3_FOLD_5\val_predictions_best.csv
9674,36.0,35.78125,28.75,34.0234375,32.265625,30.5078125,project\p7_results\results\P7_FINAL_V3_FOLD_5\val_predictions_best.csv
9675,150.0,155.625,149.625,154.125,152.625,151.125,project\p7_results\results\P7_FINAL_V3_FOLD_5\val_predictions_best.csv
9679,94.0,90.625,93.0625,91.234375,91.84375,92.453125,project\p7_results\results\P7_FINAL_V3_FOLD_3\val_predictions_best.csv
9685,156.0,156.625,159.0,157.21875,157.8125,158.40625,project\p7_results\results\P7_FINAL_V3_FOLD_2\val_predictions_best.csv
9690,150.0,149.75,148.875,149.53125,149.3125,149.09375,project\p7_results\results\P7_FINAL_V3_FOLD_4\val_predictions_best.csv
9694,132.0,134.5,137.25,135.1875,135.875,136.5625,project\p7_results\results\P7_FINAL_V3_FOLD_1\val_predictions_best.csv
9697,50.0,54.34375,50.90625,53.484375,52.625,51.765625,project\p7_results\results\P7_FINAL_V3_FOLD_2\val_predictions_best.csv
9708,132.0,131.75,129.875,131.28125,130.8125,130.34375,project\p7_results\results\P7_FINAL_V3_FOLD_1\val_predictions_best.csv
9727,120.0,115.5625,111.3125,114.5,113.4375,112.375,project\p7_results\results\P7_FINAL_V3_FOLD_4\val_predictions_best.csv
9731,84.0,97.75,95.0625,97.078125,96.40625,95.734375,project\p7_results\results\P7_FINAL_V3_FOLD_5\val_predictions_best.csv
9743,113.0,117.0,122.0625,118.265625,119.53125,120.796875,project\p7_results\results\P7_FINAL_V3_FOLD_3\val_predictions_best.csv
9748,144.0,151.125,148.25,150.40625,149.6875,148.96875,project\p7_results\results\P7_FINAL_V3_FOLD_4\val_predictions_best.csv
9755,106.0,114.375,107.0,112.53125,110.6875,108.84375,project\p7_results\results\P7_FINAL_V3_FOLD_5\val_predictions_best.csv
9757,144.0,137.875,137.875,137.875,137.875,137.875,project\p7_results\results\P7_FINAL_V3_FOLD_5\val_predictions_best.csv
9760,168.0,169.25,168.5,169.0625,168.875,168.6875,project\p7_results\results\P7_FINAL_V3_FOLD_4\val_predictions_best.csv
9764,156.0,161.0,163.5,161.625,162.25,162.875,project\p7_results\results\P7_FINAL_V3_FOLD_4\val_predictions_best.csv
9769,132.0,141.5,142.125,141.65625,141.8125,141.96875,project\p7_results\results\P7_FINAL_V3_FOLD_4\val_predictions_best.csv
9782,138.0,133.5,134.125,133.65625,133.8125,133.96875,project\p7_results\results\P7_FINAL_V3_FOLD_3\val_predictions_best.csv
9821,94.0,90.0,90.25,90.0625,90.125,90.1875,project\p7_results\results\P7_FINAL_V3_FOLD_4\val_predictions_best.csv
9832,150.0,138.125,136.875,137.8125,137.5,137.1875,project\p7_results\results\P7_FINAL_V3_FOLD_5\val_predictions_best.csv
9838,120.0,126.1875,122.5625,125.28125,124.375,123.46875,project\p7_results\results\P7_FINAL_V3_FOLD_4\val_predictions_best.csv
9839,72.0,68.6875,70.8125,69.21875,69.75,70.28125,project\p7_results\results\P7_FINAL_V3_FOLD_4\val_predictions_best.csv
9848,162.0,164.875,161.875,164.125,163.375,162.625,project\p7_results\results\P7_FINAL_V3_FOLD_4\val_predictions_best.csv
9858,156.0,154.375,156.0,154.78125,155.1875,155.59375,project\p7_results\results\P7_FINAL_V3_FOLD_3\val_predictions_best.csv
9880,204.0,199.75,203.25,200.625,201.5,202.375,project\p7_results\results\P7_FINAL_V3_FOLD_1\val_predictions_best.csv
9885,120.0,118.0,117.625,117.90625,117.8125,117.71875,project\p7_results\results\P7_FINAL_V3_FOLD_3\val_predictions_best.csv
9894,144.0,145.875,145.875,145.875,145.875,145.875,project\p7_results\results\P7_FINAL_V3_FOLD_1\val_predictions_best.csv
9921,150.0,156.625,156.0,156.46875,156.3125,156.15625,project\p7_results\results\P7_FINAL_V3_FOLD_1\val_predictions_best.csv
9961,72.0,76.1875,75.0625,75.90625,75.625,75.34375,project\p7_results\results\P7_FINAL_V3_FOLD_5\val_predictions_best.csv
9973,150.0,167.375,164.875,166.75,166.125,165.5,project\p7_results\results\P7_FINAL_V3_FOLD_3\val_predictions_best.csv
9980,132.0,135.0,130.0,133.75,132.5,131.25,project\p7_results\results\P7_FINAL_V3_FOLD_5\val_predictions_best.csv
9983,144.0,140.125,133.625,138.5,136.875,135.25,project\p7_results\results\P7_FINAL_V3_FOLD_3\val_predictions_best.csv
10018,108.0,102.875,99.9375,102.140625,101.40625,100.671875,project\p7_results\results\P7_FINAL_V3_FOLD_3\val_predictions_best.csv
10027,168.0,164.75,165.625,164.96875,165.1875,165.40625,project\p7_results\results\P7_FINAL_V3_FOLD_1\val_predictions_best.csv
10028,150.0,148.875,150.0,149.15625,149.4375,149.71875,project\p7_results\results\P7_FINAL_V3_FOLD_3\val_predictions_best.csv
10032,156.0,132.75,125.75,131.0,129.25,127.5,project\p7_results\results\P7_FINAL_V3_FOLD_3\val_predictions_best.csv
10034,106.0,112.25,116.0625,113.203125,114.15625,115.109375,project\p7_results\results\P7_FINAL_V3_FOLD_2\val_predictions_best.csv
10050,150.0,158.875,160.375,159.25,159.625,160.0,project\p7_results\results\P7_FINAL_V3_FOLD_1\val_predictions_best.csv
10065,69.0,67.875,62.875,66.625,65.375,64.125,project\p7_results\results\P7_FINAL_V3_FOLD_4\val_predictions_best.csv
10072,120.0,132.625,119.25,129.28125,125.9375,122.59375,project\p7_results\results\P7_FINAL_V3_FOLD_4\val_predictions_best.csv
10082,180.0,184.375,183.25,184.09375,183.8125,183.53125,project\p7_results\results\P7_FINAL_V3_FOLD_1\val_predictions_best.csv
10098,156.0,159.75,160.125,159.84375,159.9375,160.03125,project\p7_results\results\P7_FINAL_V3_FOLD_3\val_predictions_best.csv
10101,168.0,165.125,168.5,165.96875,166.8125,167.65625,project\p7_results\results\P7_FINAL_V3_FOLD_5\val_predictions_best.csv
10119,138.0,126.75,124.0625,126.078125,125.40625,124.734375,project\p7_results\results\P7_FINAL_V3_FOLD_3\val_predictions_best.csv
10124,84.0,82.5625,82.6875,82.59375,82.625,82.65625,project\p7_results\results\P7_FINAL_V3_FOLD_5\val_predictions_best.csv
10127,144.0,141.0,139.875,140.71875,140.4375,140.15625,project\p7_results\results\P7_FINAL_V3_FOLD_3\val_predictions_best.csv
10129,82.0,70.25,66.6875,69.359375,68.46875,67.578125,project\p7_results\results\P7_FINAL_V3_FOLD_2\val_predictions_best.csv
10133,180.0,172.25,169.375,171.53125,170.8125,170.09375,project\p7_results\results\P7_FINAL_V3_FOLD_1\val_predictions_best.csv
10135,132.0,130.875,125.0625,129.421875,127.96875,126.515625,project\p7_results\results\P7_FINAL_V3_FOLD_1\val_predictions_best.csv
10142,144.0,143.0,142.0,142.75,142.5,142.25,project\p7_results\results\P7_FINAL_V3_FOLD_1\val_predictions_best.csv
10162,150.0,150.5,144.625,149.03125,147.5625,146.09375,project\p7_results\results\P7_FINAL_V3_FOLD_4\val_predictions_best.csv
10167,144.0,145.0,141.0,144.0,143.0,142.0,project\p7_results\results\P7_FINAL_V3_FOLD_1\val_predictions_best.csv
10172,138.0,134.875,133.625,134.5625,134.25,133.9375,project\p7_results\results\P7_FINAL_V3_FOLD_1\val_predictions_best.csv
10173,144.0,138.625,139.125,138.75,138.875,139.0,project\p7_results\results\P7_FINAL_V3_FOLD_3\val_predictions_best.csv
10189,150.0,156.5,156.625,156.53125,156.5625,156.59375,project\p7_results\results\P7_FINAL_V3_FOLD_3\val_predictions_best.csv
10191,162.0,165.875,165.0,165.65625,165.4375,165.21875,project\p7_results\results\P7_FINAL_V3_FOLD_4\val_predictions_best.csv
10193,168.0,166.0,165.125,165.78125,165.5625,165.34375,project\p7_results\results\P7_FINAL_V3_FOLD_5\val_predictions_best.csv
10213,132.0,137.0,134.625,136.40625,135.8125,135.21875,project\p7_results\results\P7_FINAL_V3_FOLD_3\val_predictions_best.csv
10215,168.0,163.0,165.125,163.53125,164.0625,164.59375,project\p7_results\results\P7_FINAL_V3_FOLD_3\val_predictions_best.csv
10218,72.0,54.78125,52.03125,54.09375,53.40625,52.71875,project\p7_results\results\P7_FINAL_V3_FOLD_3\val_predictions_best.csv
10241,150.0,140.5,133.0,138.625,136.75,134.875,project\p7_results\results\P7_FINAL_V3_FOLD_5\val_predictions_best.csv
10255,156.0,150.125,146.0,149.09375,148.0625,147.03125,project\p7_results\results\P7_FINAL_V3_FOLD_3\val_predictions_best.csv
10263,94.0,73.3125,72.875,73.203125,73.09375,72.984375,project\p7_results\results\P7_FINAL_V3_FOLD_2\val_predictions_best.csv
10268,162.0,162.875,163.125,162.9375,163.0,163.0625,project\p7_results\results\P7_FINAL_V3_FOLD_5\val_predictions_best.csv
10269,168.0,156.875,156.375,156.75,156.625,156.5,project\p7_results\results\P7_FINAL_V3_FOLD_3\val_predictions_best.csv
10283,88.0,86.75,89.8125,87.515625,88.28125,89.046875,project\p7_results\results\P7_FINAL_V3_FOLD_3\val_predictions_best.csv
10295,150.0,151.375,150.375,151.125,150.875,150.625,project\p7_results\results\P7_FINAL_V3_FOLD_4\val_predictions_best.csv
10317,114.0,115.4375,110.5625,114.21875,113.0,111.78125,project\p7_results\results\P7_FINAL_V3_FOLD_3\val_predictions_best.csv
10344,156.0,158.625,152.875,157.1875,155.75,154.3125,project\p7_results\results\P7_FINAL_V3_FOLD_1\val_predictions_best.csv
10349,60.0,64.0,64.9375,64.234375,64.46875,64.703125,project\p7_results\results\P7_FINAL_V3_FOLD_4\val_predictions_best.csv
10350,82.0,82.125,77.625,81.0,79.875,78.75,project\p7_results\results\P7_FINAL_V3_FOLD_2\val_predictions_best.csv
10355,106.0,112.5,114.0,112.875,113.25,113.625,project\p7_results\results\P7_FINAL_V3_FOLD_4\val_predictions_best.csv
10359,120.0,119.8125,111.5625,117.75,115.6875,113.625,project\p7_results\results\P7_FINAL_V3_FOLD_5\val_predictions_best.csv
10365,94.0,86.3125,90.625,87.390625,88.46875,89.546875,project\p7_results\results\P7_FINAL_V3_FOLD_5\val_predictions_best.csv
10380,108.0,119.0625,115.4375,118.15625,117.25,116.34375,project\p7_results\results\P7_FINAL_V3_FOLD_5\val_predictions_best.csv
10389,204.0,206.875,201.5,205.53125,204.1875,202.84375,project\p7_results\results\P7_FINAL_V3_FOLD_5\val_predictions_best.csv
10401,144.0,154.5,155.25,154.6875,154.875,155.0625,project\p7_results\results\P7_FINAL_V3_FOLD_5\val_predictions_best.csv
10407,132.0,136.75,132.625,135.71875,134.6875,133.65625,project\p7_results\results\P7_FINAL_V3_FOLD_5\val_predictions_best.csv
10409,168.0,167.0,161.0,165.5,164.0,162.5,project\p7_results\results\P7_FINAL_V3_FOLD_3\val_predictions_best.csv
10416,144.0,143.375,137.75,141.96875,140.5625,139.15625,project\p7_results\results\P7_FINAL_V3_FOLD_2\val_predictions_best.csv
10432,144.0,139.125,145.0,140.59375,142.0625,143.53125,project\p7_results\results\P7_FINAL_V3_FOLD_1\val_predictions_best.csv
10445,162.0,158.5,164.375,159.96875,161.4375,162.90625,project\p7_results\results\P7_FINAL_V3_FOLD_3\val_predictions_best.csv
10448,162.0,165.5,168.625,166.28125,167.0625,167.84375,project\p7_results\results\P7_FINAL_V3_FOLD_2\val_predictions_best.csv
10461,156.0,149.5,147.875,149.09375,148.6875,148.28125,project\p7_results\results\P7_FINAL_V3_FOLD_2\val_predictions_best.csv
10467,138.0,107.4375,99.75,105.515625,103.59375,101.671875,project\p7_results\results\P7_FINAL_V3_FOLD_1\val_predictions_best.csv
10473,132.0,127.25,128.25,127.5,127.75,128.0,project\p7_results\results\P7_FINAL_V3_FOLD_3\val_predictions_best.csv
10497,106.0,101.375,102.0,101.53125,101.6875,101.84375,project\p7_results\results\P7_FINAL_V3_FOLD_2\val_predictions_best.csv
10507,50.0,62.03125,60.46875,61.640625,61.25,60.859375,project\p7_results\results\P7_FINAL_V3_FOLD_3\val_predictions_best.csv
10515,216.0,196.0,208.0,199.0,202.0,205.0,project\p7_results\results\P7_FINAL_V3_FOLD_1\val_predictions_best.csv
10516,159.0,159.0,158.0,158.75,158.5,158.25,project\p7_results\results\P7_FINAL_V3_FOLD_3\val_predictions_best.csv
10541,94.0,83.75,85.6875,84.234375,84.71875,85.203125,project\p7_results\results\P7_FINAL_V3_FOLD_4\val_predictions_best.csv
10543,36.0,35.0625,37.5625,35.6875,36.3125,36.9375,project\p7_results\results\P7_FINAL_V3_FOLD_5\val_predictions_best.csv
10546,106.0,112.875,110.375,112.25,111.625,111.0,project\p7_results\results\P7_FINAL_V3_FOLD_3\val_predictions_best.csv
10549,138.0,147.0,137.625,144.65625,142.3125,139.96875,project\p7_results\results\P7_FINAL_V3_FOLD_5\val_predictions_best.csv
10553,180.0,182.0,180.5,181.625,181.25,180.875,project\p7_results\results\P7_FINAL_V3_FOLD_4\val_predictions_best.csv
10557,192.0,187.0,190.0,187.75,188.5,189.25,project\p7_results\results\P7_FINAL_V3_FOLD_2\val_predictions_best.csv
10560,120.0,134.125,128.625,132.75,131.375,130.0,project\p7_results\results\P7_FINAL_V3_FOLD_3\val_predictions_best.csv
10565,106.0,116.0,112.6875,115.171875,114.34375,113.515625,project\p7_results\results\P7_FINAL_V3_FOLD_1\val_predictions_best.csv
10569,120.0,109.0,102.75,107.4375,105.875,104.3125,project\p7_results\results\P7_FINAL_V3_FOLD_2\val_predictions_best.csv
10587,106.0,97.0625,92.8125,96.0,94.9375,93.875,project\p7_results\results\P7_FINAL_V3_FOLD_3\val_predictions_best.csv
10593,144.0,136.5,132.0,135.375,134.25,133.125,project\p7_results\results\P7_FINAL_V3_FOLD_1\val_predictions_best.csv
10596,120.0,120.125,119.25,119.90625,119.6875,119.46875,project\p7_results\results\P7_FINAL_V3_FOLD_3\val_predictions_best.csv
10601,156.0,145.375,151.625,146.9375,148.5,150.0625,project\p7_results\results\P7_FINAL_V3_FOLD_3\val_predictions_best.csv
10611,138.0,142.125,144.875,142.8125,143.5,144.1875,project\p7_results\results\P7_FINAL_V3_FOLD_1\val_predictions_best.csv
10620,150.0,132.375,127.625,131.1875,130.0,128.8125,project\p7_results\results\P7_FINAL_V3_FOLD_4\val_predictions_best.csv
10622,82.0,85.4375,86.5,85.703125,85.96875,86.234375,project\p7_results\results\P7_FINAL_V3_FOLD_4\val_predictions_best.csv
10630,168.0,168.5,167.375,168.21875,167.9375,167.65625,project\p7_results\results\P7_FINAL_V3_FOLD_4\val_predictions_best.csv
10649,36.0,50.3125,46.28125,49.3046875,48.296875,47.2890625,project\p7_results\results\P7_FINAL_V3_FOLD_3\val_predictions_best.csv
10667,180.0,180.0,176.75,179.1875,178.375,177.5625,project\p7_results\results\P7_FINAL_V3_FOLD_1\val_predictions_best.csv
10686,156.0,143.25,142.75,143.125,143.0,142.875,project\p7_results\results\P7_FINAL_V3_FOLD_2\val_predictions_best.csv
10695,82.0,80.1875,85.8125,81.59375,83.0,84.40625,project\p7_results\results\P7_FINAL_V3_FOLD_2\val_predictions_best.csv
10703,150.0,150.625,149.875,150.4375,150.25,150.0625,project\p7_results\results\P7_FINAL_V3_FOLD_1\val_predictions_best.csv
10711,138.0,126.8125,129.125,127.390625,127.96875,128.546875,project\p7_results\results\P7_FINAL_V3_FOLD_5\val_predictions_best.csv
10744,144.0,137.0,133.625,136.15625,135.3125,134.46875,project\p7_results\results\P7_FINAL_V3_FOLD_1\val_predictions_best.csv
10752,55.0,63.40625,62.6875,63.2265625,63.046875,62.8671875,project\p7_results\results\P7_FINAL_V3_FOLD_1\val_predictions_best.csv
10770,144.0,133.625,132.5,133.34375,133.0625,132.78125,project\p7_results\results\P7_FINAL_V3_FOLD_3\val_predictions_best.csv
10772,132.0,126.6875,120.1875,125.0625,123.4375,121.8125,project\p7_results\results\P7_FINAL_V3_FOLD_1\val_predictions_best.csv
10778,48.0,49.03125,41.28125,47.09375,45.15625,43.21875,project\p7_results\results\P7_FINAL_V3_FOLD_3\val_predictions_best.csv
10792,168.0,169.625,166.5,168.84375,168.0625,167.28125,project\p7_results\results\P7_FINAL_V3_FOLD_5\val_predictions_best.csv
10795,156.0,152.25,152.75,152.375,152.5,152.625,project\p7_results\results\P7_FINAL_V3_FOLD_3\val_predictions_best.csv
10804,168.0,168.75,170.125,169.09375,169.4375,169.78125,project\p7_results\results\P7_FINAL_V3_FOLD_2\val_predictions_best.csv
10805,153.0,162.0,163.625,162.40625,162.8125,163.21875,project\p7_results\results\P7_FINAL_V3_FOLD_3\val_predictions_best.csv
10808,162.0,156.875,156.5,156.78125,156.6875,156.59375,project\p7_results\results\P7_FINAL_V3_FOLD_3\val_predictions_best.csv
10817,84.0,81.9375,84.25,82.515625,83.09375,83.671875,project\p7_results\results\P7_FINAL_V3_FOLD_5\val_predictions_best.csv
10822,192.0,188.0,188.5,188.125,188.25,188.375,project\p7_results\results\P7_FINAL_V3_FOLD_2\val_predictions_best.csv
10832,132.0,144.0,144.25,144.0625,144.125,144.1875,project\p7_results\results\P7_FINAL_V3_FOLD_4\val_predictions_best.csv
10840,132.0,125.375,128.5,126.15625,126.9375,127.71875,project\p7_results\results\P7_FINAL_V3_FOLD_2\val_predictions_best.csv
10921,138.0,148.75,146.5,148.1875,147.625,147.0625,project\p7_results\results\P7_FINAL_V3_FOLD_5\val_predictions_best.csv
10923,94.0,85.875,88.6875,86.578125,87.28125,87.984375,project\p7_results\results\P7_FINAL_V3_FOLD_1\val_predictions_best.csv
10924,138.0,146.75,132.5,143.1875,139.625,136.0625,project\p7_results\results\P7_FINAL_V3_FOLD_5\val_predictions_best.csv
10934,162.0,167.25,165.25,166.75,166.25,165.75,project\p7_results\results\P7_FINAL_V3_FOLD_1\val_predictions_best.csv
10938,108.0,100.625,104.75,101.65625,102.6875,103.71875,project\p7_results\results\P7_FINAL_V3_FOLD_4\val_predictions_best.csv
10958,114.0,120.875,119.5625,120.546875,120.21875,119.890625,project\p7_results\results\P7_FINAL_V3_FOLD_5\val_predictions_best.csv
10959,94.0,95.75,94.75,95.5,95.25,95.0,project\p7_results\results\P7_FINAL_V3_FOLD_2\val_predictions_best.csv
10966,126.0,117.0,121.0625,118.015625,119.03125,120.046875,project\p7_results\results\P7_FINAL_V3_FOLD_2\val_predictions_best.csv
10983,192.0,206.75,200.125,205.09375,203.4375,201.78125,project\p7_results\results\P7_FINAL_V3_FOLD_4\val_predictions_best.csv
10984,106.0,118.875,98.3125,113.734375,108.59375,103.453125,project\p7_results\results\P7_FINAL_V3_FOLD_4\val_predictions_best.csv
10991,144.0,130.25,126.5,129.3125,128.375,127.4375,project\p7_results\results\P7_FINAL_V3_FOLD_2\val_predictions_best.csv
11009,138.0,137.625,135.5,137.09375,136.5625,136.03125,project\p7_results\results\P7_FINAL_V3_FOLD_5\val_predictions_best.csv
11017,150.0,154.375,158.625,155.4375,156.5,157.5625,project\p7_results\results\P7_FINAL_V3_FOLD_2\val_predictions_best.csv
11028,32.0,31.25,29.0,30.6875,30.125,29.5625,project\p7_results\results\P7_FINAL_V3_FOLD_5\val_predictions_best.csv
11030,180.0,184.375,179.25,183.09375,181.8125,180.53125,project\p7_results\results\P7_FINAL_V3_FOLD_5\val_predictions_best.csv
11031,96.0,111.5625,98.9375,108.40625,105.25,102.09375,project\p7_results\results\P7_FINAL_V3_FOLD_3\val_predictions_best.csv
11039,168.0,180.0,180.0,180.0,180.0,180.0,project\p7_results\results\P7_FINAL_V3_FOLD_1\val_predictions_best.csv
11047,132.0,138.0,129.125,135.78125,133.5625,131.34375,project\p7_results\results\P7_FINAL_V3_FOLD_3\val_predictions_best.csv
11067,96.0,112.25,112.6875,112.359375,112.46875,112.578125,project\p7_results\results\P7_FINAL_V3_FOLD_2\val_predictions_best.csv
11069,168.0,170.875,168.25,170.21875,169.5625,168.90625,project\p7_results\results\P7_FINAL_V3_FOLD_1\val_predictions_best.csv
11076,147.0,146.25,144.5,145.8125,145.375,144.9375,project\p7_results\results\P7_FINAL_V3_FOLD_4\val_predictions_best.csv
11083,186.0,183.5,182.625,183.28125,183.0625,182.84375,project\p7_results\results\P7_FINAL_V3_FOLD_4\val_predictions_best.csv
11090,162.0,164.625,162.75,164.15625,163.6875,163.21875,project\p7_results\results\P7_FINAL_V3_FOLD_4\val_predictions_best.csv
11109,144.0,143.875,141.375,143.25,142.625,142.0,project\p7_results\results\P7_FINAL_V3_FOLD_2\val_predictions_best.csv
11122,60.0,55.96875,52.3125,55.0546875,54.140625,53.2265625,project\p7_results\results\P7_FINAL_V3_FOLD_1\val_predictions_best.csv
11125,94.0,97.5625,104.4375,99.28125,101.0,102.71875,project\p7_results\results\P7_FINAL_V3_FOLD_3\val_predictions_best.csv
11131,72.0,74.3125,70.8125,73.4375,72.5625,71.6875,project\p7_results\results\P7_FINAL_V3_FOLD_5\val_predictions_best.csv
11136,138.0,145.5,145.125,145.40625,145.3125,145.21875,project\p7_results\results\P7_FINAL_V3_FOLD_1\val_predictions_best.csv
11140,94.0,98.375,98.9375,98.515625,98.65625,98.796875,project\p7_results\results\P7_FINAL_V3_FOLD_3\val_predictions_best.csv
11146,63.0,67.625,74.0,69.21875,70.8125,72.40625,project\p7_results\results\P7_FINAL_V3_FOLD_4\val_predictions_best.csv
11156,48.0,46.34375,46.0,46.2578125,46.171875,46.0859375,project\p7_results\results\P7_FINAL_V3_FOLD_4\val_predictions_best.csv
11161,132.0,125.1875,125.875,125.359375,125.53125,125.703125,project\p7_results\results\P7_FINAL_V3_FOLD_1\val_predictions_best.csv
11178,150.0,145.125,140.875,144.0625,143.0,141.9375,project\p7_results\results\P7_FINAL_V3_FOLD_4\val_predictions_best.csv
11183,94.0,101.875,92.9375,99.640625,97.40625,95.171875,project\p7_results\results\P7_FINAL_V3_FOLD_4\val_predictions_best.csv
11188,94.0,89.3125,94.9375,90.71875,92.125,93.53125,project\p7_results\results\P7_FINAL_V3_FOLD_3\val_predictions_best.csv
11218,94.0,89.5,91.0625,89.890625,90.28125,90.671875,project\p7_results\results\P7_FINAL_V3_FOLD_5\val_predictions_best.csv
11221,90.0,104.0625,101.3125,103.375,102.6875,102.0,project\p7_results\results\P7_FINAL_V3_FOLD_1\val_predictions_best.csv
11228,42.0,53.90625,52.6875,53.6015625,53.296875,52.9921875,project\p7_results\results\P7_FINAL_V3_FOLD_4\val_predictions_best.csv
11238,156.0,149.875,151.75,150.34375,150.8125,151.28125,project\p7_results\results\P7_FINAL_V3_FOLD_2\val_predictions_best.csv
11251,204.0,200.125,193.375,198.4375,196.75,195.0625,project\p7_results\results\P7_FINAL_V3_FOLD_2\val_predictions_best.csv
11260,72.0,70.375,74.625,71.4375,72.5,73.5625,project\p7_results\results\P7_FINAL_V3_FOLD_3\val_predictions_best.csv
11270,120.0,81.4375,82.75,81.765625,82.09375,82.421875,project\p7_results\results\P7_FINAL_V3_FOLD_1\val_predictions_best.csv
11271,150.0,150.375,149.0,150.03125,149.6875,149.34375,project\p7_results\results\P7_FINAL_V3_FOLD_1\val_predictions_best.csv
11272,174.0,177.875,175.125,177.1875,176.5,175.8125,project\p7_results\results\P7_FINAL_V3_FOLD_3\val_predictions_best.csv
11274,180.0,174.125,178.875,175.3125,176.5,177.6875,project\p7_results\results\P7_FINAL_V3_FOLD_1\val_predictions_best.csv
11282,114.0,125.3125,120.25,124.046875,122.78125,121.515625,project\p7_results\results\P7_FINAL_V3_FOLD_2\val_predictions_best.csv
11284,106.0,112.5,108.8125,111.578125,110.65625,109.734375,project\p7_results\results\P7_FINAL_V3_FOLD_5\val_predictions_best.csv
11288,168.0,171.375,169.125,170.8125,170.25,169.6875,project\p7_results\results\P7_FINAL_V3_FOLD_2\val_predictions_best.csv
11296,192.0,189.25,185.625,188.34375,187.4375,186.53125,project\p7_results\results\P7_FINAL_V3_FOLD_1\val_predictions_best.csv
11297,60.0,53.5625,53.875,53.640625,53.71875,53.796875,project\p7_results\results\P7_FINAL_V3_FOLD_4\val_predictions_best.csv
11312,162.0,152.625,153.0,152.71875,152.8125,152.90625,project\p7_results\results\P7_FINAL_V3_FOLD_1\val_predictions_best.csv
11325,156.0,151.5,150.5,151.25,151.0,150.75,project\p7_results\results\P7_FINAL_V3_FOLD_4\val_predictions_best.csv
11333,168.0,168.75,165.875,168.03125,167.3125,166.59375,project\p7_results\results\P7_FINAL_V3_FOLD_1\val_predictions_best.csv
11335,106.0,122.5,128.375,123.96875,125.4375,126.90625,project\p7_results\results\P7_FINAL_V3_FOLD_5\val_predictions_best.csv
11337,42.0,47.0625,42.59375,45.9453125,44.828125,43.7109375,project\p7_results\results\P7_FINAL_V3_FOLD_3\val_predictions_best.csv
11350,72.0,83.1875,67.8125,79.34375,75.5,71.65625,project\p7_results\results\P7_FINAL_V3_FOLD_1\val_predictions_best.csv
11357,153.0,158.125,159.125,158.375,158.625,158.875,project\p7_results\results\P7_FINAL_V3_FOLD_2\val_predictions_best.csv
11359,156.0,154.375,156.0,154.78125,155.1875,155.59375,project\p7_results\results\P7_FINAL_V3_FOLD_3\val_predictions_best.csv
11370,60.0,50.5625,52.25,50.984375,51.40625,51.828125,project\p7_results\results\P7_FINAL_V3_FOLD_1\val_predictions_best.csv
11384,120.0,114.375,118.4375,115.390625,116.40625,117.421875,project\p7_results\results\P7_FINAL_V3_FOLD_2\val_predictions_best.csv
11391,144.0,135.875,139.75,136.84375,137.8125,138.78125,project\p7_results\results\P7_FINAL_V3_FOLD_2\val_predictions_best.csv
11392,156.0,146.375,150.875,147.5,148.625,149.75,project\p7_results\results\P7_FINAL_V3_FOLD_4\val_predictions_best.csv
11398,72.0,63.875,63.0,63.65625,63.4375,63.21875,project\p7_results\results\P7_FINAL_V3_FOLD_5\val_predictions_best.csv
11403,204.0,201.625,202.0,201.71875,201.8125,201.90625,project\p7_results\results\P7_FINAL_V3_FOLD_2\val_predictions_best.csv
11429,126.0,94.0625,99.0,95.296875,96.53125,97.765625,project\p7_results\results\P7_FINAL_V3_FOLD_3\val_predictions_best.csv
11434,156.0,153.625,149.25,152.53125,151.4375,150.34375,project\p7_results\results\P7_FINAL_V3_FOLD_4\val_predictions_best.csv
11438,168.0,170.75,170.0,170.5625,170.375,170.1875,project\p7_results\results\P7_FINAL_V3_FOLD_3\val_predictions_best.csv
11457,120.0,117.375,123.0625,118.796875,120.21875,121.640625,project\p7_results\results\P7_FINAL_V3_FOLD_1\val_predictions_best.csv
11461,132.0,128.5,119.875,126.34375,124.1875,122.03125,project\p7_results\results\P7_FINAL_V3_FOLD_5\val_predictions_best.csv
11468,144.0,136.625,137.25,136.78125,136.9375,137.09375,project\p7_results\results\P7_FINAL_V3_FOLD_2\val_predictions_best.csv
11482,162.0,163.375,162.25,163.09375,162.8125,162.53125,project\p7_results\results\P7_FINAL_V3_FOLD_4\val_predictions_best.csv
11489,144.0,147.375,144.875,146.75,146.125,145.5,project\p7_results\results\P7_FINAL_V3_FOLD_1\val_predictions_best.csv
11493,94.0,83.875,85.5,84.28125,84.6875,85.09375,project\p7_results\results\P7_FINAL_V3_FOLD_3\val_predictions_best.csv
11497,108.0,107.0,110.0625,107.765625,108.53125,109.296875,project\p7_results\results\P7_FINAL_V3_FOLD_4\val_predictions_best.csv
11499,106.0,101.3125,94.5625,99.625,97.9375,96.25,project\p7_results\results\P7_FINAL_V3_FOLD_3\val_predictions_best.csv
11506,106.0,107.9375,112.0625,108.96875,110.0,111.03125,project\p7_results\results\P7_FINAL_V3_FOLD_3\val_predictions_best.csv
11511,162.0,165.625,163.125,165.0,164.375,163.75,project\p7_results\results\P7_FINAL_V3_FOLD_2\val_predictions_best.csv
11515,156.0,152.75,155.0,153.3125,153.875,154.4375,project\p7_results\results\P7_FINAL_V3_FOLD_3\val_predictions_best.csv
11518,54.0,56.5,57.4375,56.734375,56.96875,57.203125,project\p7_results\results\P7_FINAL_V3_FOLD_4\val_predictions_best.csv
11520,108.0,106.625,113.3125,108.296875,109.96875,111.640625,project\p7_results\results\P7_FINAL_V3_FOLD_5\val_predictions_best.csv
11531,100.0,108.5,107.0,108.125,107.75,107.375,project\p7_results\results\P7_FINAL_V3_FOLD_2\val_predictions_best.csv
11535,162.0,166.875,163.5,166.03125,165.1875,164.34375,project\p7_results\results\P7_FINAL_V3_FOLD_3\val_predictions_best.csv
11541,150.0,159.25,156.625,158.59375,157.9375,157.28125,project\p7_results\results\P7_FINAL_V3_FOLD_5\val_predictions_best.csv
11544,138.0,142.625,131.75,139.90625,137.1875,134.46875,project\p7_results\results\P7_FINAL_V3_FOLD_5\val_predictions_best.csv
11553,120.0,127.375,118.875,125.25,123.125,121.0,project\p7_results\results\P7_FINAL_V3_FOLD_5\val_predictions_best.csv
11555,192.0,194.5,189.375,193.21875,191.9375,190.65625,project\p7_results\results\P7_FINAL_V3_FOLD_4\val_predictions_best.csv
11559,120.0,134.0,128.375,132.59375,131.1875,129.78125,project\p7_results\results\P7_FINAL_V3_FOLD_5\val_predictions_best.csv
11563,168.0,169.0,166.25,168.3125,167.625,166.9375,project\p7_results\results\P7_FINAL_V3_FOLD_2\val_predictions_best.csv
11573,150.0,146.0,149.875,146.96875,147.9375,148.90625,project\p7_results\results\P7_FINAL_V3_FOLD_1\val_predictions_best.csv
11592,78.0,80.75,80.4375,80.671875,80.59375,80.515625,project\p7_results\results\P7_FINAL_V3_FOLD_4\val_predictions_best.csv
11599,174.0,171.75,170.0,171.3125,170.875,170.4375,project\p7_results\results\P7_FINAL_V3_FOLD_3\val_predictions_best.csv
11600,94.0,117.0625,112.1875,115.84375,114.625,113.40625,project\p7_results\results\P7_FINAL_V3_FOLD_3\val_predictions_best.csv
11608,84.0,77.5,79.6875,78.046875,78.59375,79.140625,project\p7_results\results\P7_FINAL_V3_FOLD_1\val_predictions_best.csv
11632,12.0,11.1015625,17.546875,12.712890625,14.32421875,15.935546875,project\p7_results\results\P7_FINAL_V3_FOLD_2\val_predictions_best.csv
11657,120.0,126.4375,125.25,126.140625,125.84375,125.546875,project\p7_results\results\P7_FINAL_V3_FOLD_2\val_predictions_best.csv
11659,108.0,109.625,104.375,108.3125,107.0,105.6875,project\p7_results\results\P7_FINAL_V3_FOLD_3\val_predictions_best.csv
11680,69.0,70.0,72.75,70.6875,71.375,72.0625,project\p7_results\results\P7_FINAL_V3_FOLD_5\val_predictions_best.csv
11684,153.0,154.75,153.5,154.4375,154.125,153.8125,project\p7_results\results\P7_FINAL_V3_FOLD_5\val_predictions_best.csv
11692,60.0,74.75,66.25,72.625,70.5,68.375,project\p7_results\results\P7_FINAL_V3_FOLD_5\val_predictions_best.csv
11694,162.0,150.375,156.875,152.0,153.625,155.25,project\p7_results\results\P7_FINAL_V3_FOLD_3\val_predictions_best.csv
11702,120.0,126.625,126.625,126.625,126.625,126.625,project\p7_results\results\P7_FINAL_V3_FOLD_3\val_predictions_best.csv
11739,132.0,127.5,124.75,126.8125,126.125,125.4375,project\p7_results\results\P7_FINAL_V3_FOLD_4\val_predictions_best.csv
11745,132.0,119.125,115.6875,118.265625,117.40625,116.546875,project\p7_results\results\P7_FINAL_V3_FOLD_4\val_predictions_best.csv
11759,138.0,130.125,136.875,131.8125,133.5,135.1875,project\p7_results\results\P7_FINAL_V3_FOLD_2\val_predictions_best.csv
11766,82.0,74.75,74.3125,74.640625,74.53125,74.421875,project\p7_results\results\P7_FINAL_V3_FOLD_4\val_predictions_best.csv
11767,84.0,87.1875,81.375,85.734375,84.28125,82.828125,project\p7_results\results\P7_FINAL_V3_FOLD_5\val_predictions_best.csv
11774,96.0,112.3125,102.0625,109.75,107.1875,104.625,project\p7_results\results\P7_FINAL_V3_FOLD_4\val_predictions_best.csv
11792,84.0,75.5625,80.9375,76.90625,78.25,79.59375,project\p7_results\results\P7_FINAL_V3_FOLD_2\val_predictions_best.csv
11796,144.0,145.375,143.375,144.875,144.375,143.875,project\p7_results\results\P7_FINAL_V3_FOLD_4\val_predictions_best.csv
11821,82.0,68.9375,68.3125,68.78125,68.625,68.46875,project\p7_results\results\P7_FINAL_V3_FOLD_4\val_predictions_best.csv
11831,132.0,128.125,121.0,126.34375,124.5625,122.78125,project\p7_results\results\P7_FINAL_V3_FOLD_4\val_predictions_best.csv
11834,156.0,149.0,144.25,147.8125,146.625,145.4375,project\p7_results\results\P7_FINAL_V3_FOLD_5\val_predictions_best.csv
11839,120.0,117.0,125.8125,119.203125,121.40625,123.609375,project\p7_results\results\P7_FINAL_V3_FOLD_2\val_predictions_best.csv
11846,120.0,125.0,123.3125,124.578125,124.15625,123.734375,project\p7_results\results\P7_FINAL_V3_FOLD_4\val_predictions_best.csv
11869,162.0,155.625,159.25,156.53125,157.4375,158.34375,project\p7_results\results\P7_FINAL_V3_FOLD_2\val_predictions_best.csv
11871,162.0,166.125,165.5,165.96875,165.8125,165.65625,project\p7_results\results\P7_FINAL_V3_FOLD_3\val_predictions_best.csv
11884,72.0,82.8125,81.5625,82.5,82.1875,81.875,project\p7_results\results\P7_FINAL_V3_FOLD_3\val_predictions_best.csv
11886,94.0,99.375,95.4375,98.390625,97.40625,96.421875,project\p7_results\results\P7_FINAL_V3_FOLD_2\val_predictions_best.csv
11895,180.0,185.0,190.0,186.25,187.5,188.75,project\p7_results\results\P7_FINAL_V3_FOLD_1\val_predictions_best.csv
11903,168.0,170.125,171.25,170.40625,170.6875,170.96875,project\p7_results\results\P7_FINAL_V3_FOLD_3\val_predictions_best.csv
11919,162.0,164.875,165.0,164.90625,164.9375,164.96875,project\p7_results\results\P7_FINAL_V3_FOLD_2\val_predictions_best.csv
11921,132.0,129.5,126.4375,128.734375,127.96875,127.203125,project\p7_results\results\P7_FINAL_V3_FOLD_5\val_predictions_best.csv
11926,94.0,93.9375,97.0,94.703125,95.46875,96.234375,project\p7_results\results\P7_FINAL_V3_FOLD_4\val_predictions_best.csv
11943,162.0,160.5,161.25,160.6875,160.875,161.0625,project\p7_results\results\P7_FINAL_V3_FOLD_5\val_predictions_best.csv
11948,168.0,166.625,167.25,166.78125,166.9375,167.09375,project\p7_results\results\P7_FINAL_V3_FOLD_5\val_predictions_best.csv
11950,162.0,163.75,161.375,163.15625,162.5625,161.96875,project\p7_results\results\P7_FINAL_V3_FOLD_5\val_predictions_best.csv
11954,180.0,179.5,178.625,179.28125,179.0625,178.84375,project\p7_results\results\P7_FINAL_V3_FOLD_1\val_predictions_best.csv
11955,106.0,108.5,96.1875,105.421875,102.34375,99.265625,project\p7_results\results\P7_FINAL_V3_FOLD_4\val_predictions_best.csv
11967,120.0,130.25,128.25,129.75,129.25,128.75,project\p7_results\results\P7_FINAL_V3_FOLD_4\val_predictions_best.csv
11976,24.0,30.1875,20.796875,27.83984375,25.4921875,23.14453125,project\p7_results\results\P7_FINAL_V3_FOLD_3\val_predictions_best.csv
11985,138.0,141.0,138.875,140.46875,139.9375,139.40625,project\p7_results\results\P7_FINAL_V3_FOLD_3\val_predictions_best.csv
11994,168.0,173.625,170.75,172.90625,172.1875,171.46875,project\p7_results\results\P7_FINAL_V3_FOLD_4\val_predictions_best.csv
12066,84.0,97.0,87.375,94.59375,92.1875,89.78125,project\p7_results\results\P7_FINAL_V3_FOLD_3\val_predictions_best.csv
12068,120.0,118.4375,102.0625,114.34375,110.25,106.15625,project\p7_results\results\P7_FINAL_V3_FOLD_5\val_predictions_best.csv
12071,120.0,124.3125,123.8125,124.1875,124.0625,123.9375,project\p7_results\results\P7_FINAL_V3_FOLD_4\val_predictions_best.csv
12076,132.0,129.5,129.0,129.375,129.25,129.125,project\p7_results\results\P7_FINAL_V3_FOLD_2\val_predictions_best.csv
12083,132.0,138.75,141.0,139.3125,139.875,140.4375,project\p7_results\results\P7_FINAL_V3_FOLD_4\val_predictions_best.csv
12086,144.0,141.75,144.0,142.3125,142.875,143.4375,project\p7_results\results\P7_FINAL_V3_FOLD_5\val_predictions_best.csv
12110,28.0,36.03125,30.359375,34.61328125,33.1953125,31.77734375,project\p7_results\results\P7_FINAL_V3_FOLD_3\val_predictions_best.csv
12112,159.0,157.875,156.5,157.53125,157.1875,156.84375,project\p7_results\results\P7_FINAL_V3_FOLD_5\val_predictions_best.csv
12113,88.0,93.3125,83.3125,90.8125,88.3125,85.8125,project\p7_results\results\P7_FINAL_V3_FOLD_2\val_predictions_best.csv
12117,168.0,160.75,158.5,160.1875,159.625,159.0625,project\p7_results\results\P7_FINAL_V3_FOLD_3\val_predictions_best.csv
12120,132.0,138.875,135.375,138.0,137.125,136.25,project\p7_results\results\P7_FINAL_V3_FOLD_1\val_predictions_best.csv
12127,156.0,143.5,142.5,143.25,143.0,142.75,project\p7_results\results\P7_FINAL_V3_FOLD_4\val_predictions_best.csv
12132,60.0,65.25,68.0625,65.953125,66.65625,67.359375,project\p7_results\results\P7_FINAL_V3_FOLD_1\val_predictions_best.csv
12134,132.0,142.25,133.25,140.0,137.75,135.5,project\p7_results\results\P7_FINAL_V3_FOLD_3\val_predictions_best.csv
12135,120.0,110.8125,104.5625,109.25,107.6875,106.125,project\p7_results\results\P7_FINAL_V3_FOLD_5\val_predictions_best.csv
12142,162.0,160.875,160.75,160.84375,160.8125,160.78125,project\p7_results\results\P7_FINAL_V3_FOLD_2\val_predictions_best.csv
12146,24.0,40.0625,43.9375,41.03125,42.0,42.96875,project\p7_results\results\P7_FINAL_V3_FOLD_4\val_predictions_best.csv
12147,162.0,164.25,162.75,163.875,163.5,163.125,project\p7_results\results\P7_FINAL_V3_FOLD_2\val_predictions_best.csv
12165,132.0,127.5,133.5,129.0,130.5,132.0,project\p7_results\results\P7_FINAL_V3_FOLD_2\val_predictions_best.csv
12183,138.0,146.625,143.5,145.84375,145.0625,144.28125,project\p7_results\results\P7_FINAL_V3_FOLD_4\val_predictions_best.csv
12185,39.0,37.8125,34.09375,36.8828125,35.953125,35.0234375,project\p7_results\results\P7_FINAL_V3_FOLD_3\val_predictions_best.csv
12195,159.0,152.25,162.25,154.75,157.25,159.75,project\p7_results\results\P7_FINAL_V3_FOLD_5\val_predictions_best.csv
12215,168.0,164.25,165.75,164.625,165.0,165.375,project\p7_results\results\P7_FINAL_V3_FOLD_1\val_predictions_best.csv
12221,54.0,64.25,65.125,64.46875,64.6875,64.90625,project\p7_results\results\P7_FINAL_V3_FOLD_1\val_predictions_best.csv
12228,228.0,218.5,212.625,217.03125,215.5625,214.09375,project\p7_results\results\P7_FINAL_V3_FOLD_5\val_predictions_best.csv
12242,108.0,112.3125,113.375,112.578125,112.84375,113.109375,project\p7_results\results\P7_FINAL_V3_FOLD_5\val_predictions_best.csv
12248,150.0,149.5,149.125,149.40625,149.3125,149.21875,project\p7_results\results\P7_FINAL_V3_FOLD_5\val_predictions_best.csv
12256,102.0,98.75,97.875,98.53125,98.3125,98.09375,project\p7_results\results\P7_FINAL_V3_FOLD_5\val_predictions_best.csv
12262,102.0,105.6875,109.4375,106.625,107.5625,108.5,project\p7_results\results\P7_FINAL_V3_FOLD_2\val_predictions_best.csv
12297,228.0,216.875,218.625,217.3125,217.75,218.1875,project\p7_results\results\P7_FINAL_V3_FOLD_4\val_predictions_best.csv
12307,72.0,74.25,74.4375,74.296875,74.34375,74.390625,project\p7_results\results\P7_FINAL_V3_FOLD_4\val_predictions_best.csv
12318,120.0,134.25,130.875,133.40625,132.5625,131.71875,project\p7_results\results\P7_FINAL_V3_FOLD_2\val_predictions_best.csv
12326,94.0,83.375,86.0625,84.046875,84.71875,85.390625,project\p7_results\results\P7_FINAL_V3_FOLD_5\val_predictions_best.csv
12365,106.0,109.1875,107.875,108.859375,108.53125,108.203125,project\p7_results\results\P7_FINAL_V3_FOLD_3\val_predictions_best.csv
12368,162.0,145.875,142.5,145.03125,144.1875,143.34375,project\p7_results\results\P7_FINAL_V3_FOLD_5\val_predictions_best.csv
12377,138.0,144.875,135.0,142.40625,139.9375,137.46875,project\p7_results\results\P7_FINAL_V3_FOLD_5\val_predictions_best.csv
12378,156.0,160.0,158.0,159.5,159.0,158.5,project\p7_results\results\P7_FINAL_V3_FOLD_3\val_predictions_best.csv
12381,180.0,183.25,178.0,181.9375,180.625,179.3125,project\p7_results\results\P7_FINAL_V3_FOLD_2\val_predictions_best.csv
12390,156.0,149.25,152.875,150.15625,151.0625,151.96875,project\p7_results\results\P7_FINAL_V3_FOLD_4\val_predictions_best.csv
12395,144.0,140.0,141.125,140.28125,140.5625,140.84375,project\p7_results\results\P7_FINAL_V3_FOLD_4\val_predictions_best.csv
12400,48.0,54.125,56.78125,54.7890625,55.453125,56.1171875,project\p7_results\results\P7_FINAL_V3_FOLD_3\val_predictions_best.csv
12404,132.0,122.1875,117.5625,121.03125,119.875,118.71875,project\p7_results\results\P7_FINAL_V3_FOLD_1\val_predictions_best.csv
12406,162.0,156.0,157.0,156.25,156.5,156.75,project\p7_results\results\P7_FINAL_V3_FOLD_3\val_predictions_best.csv
12425,162.0,165.625,160.375,164.3125,163.0,161.6875,project\p7_results\results\P7_FINAL_V3_FOLD_1\val_predictions_best.csv
12428,192.0,195.375,197.25,195.84375,196.3125,196.78125,project\p7_results\results\P7_FINAL_V3_FOLD_3\val_predictions_best.csv
12429,168.0,163.5,160.5,162.75,162.0,161.25,project\p7_results\results\P7_FINAL_V3_FOLD_5\val_predictions_best.csv
12463,120.0,114.625,117.125,115.25,115.875,116.5,project\p7_results\results\P7_FINAL_V3_FOLD_5\val_predictions_best.csv
12468,113.0,113.0,112.25,112.8125,112.625,112.4375,project\p7_results\results\P7_FINAL_V3_FOLD_3\val_predictions_best.csv
12471,168.0,158.5,159.0,158.625,158.75,158.875,project\p7_results\results\P7_FINAL_V3_FOLD_4\val_predictions_best.csv
12472,144.0,131.125,131.75,131.28125,131.4375,131.59375,project\p7_results\results\P7_FINAL_V3_FOLD_2\val_predictions_best.csv
12494,180.0,169.25,167.375,168.78125,168.3125,167.84375,project\p7_results\results\P7_FINAL_V3_FOLD_3\val_predictions_best.csv
12508,132.0,139.375,140.5,139.65625,139.9375,140.21875,project\p7_results\results\P7_FINAL_V3_FOLD_3\val_predictions_best.csv
12510,106.0,97.875,95.75,97.34375,96.8125,96.28125,project\p7_results\results\P7_FINAL_V3_FOLD_3\val_predictions_best.csv
12526,94.0,95.875,87.8125,93.859375,91.84375,89.828125,project\p7_results\results\P7_FINAL_V3_FOLD_1\val_predictions_best.csv
12590,132.0,115.9375,122.0625,117.46875,119.0,120.53125,project\p7_results\results\P7_FINAL_V3_FOLD_4\val_predictions_best.csv
12605,100.0,104.1875,103.375,103.984375,103.78125,103.578125,project\p7_results\results\P7_FINAL_V3_FOLD_5\val_predictions_best.csv
12606,144.0,140.75,143.875,141.53125,142.3125,143.09375,project\p7_results\results\P7_FINAL_V3_FOLD_2\val_predictions_best.csv
12634,180.0,184.375,188.375,185.375,186.375,187.375,project\p7_results\results\P7_FINAL_V3_FOLD_2\val_predictions_best.csv
12637,150.0,154.875,148.0,153.15625,151.4375,149.71875,project\p7_results\results\P7_FINAL_V3_FOLD_2\val_predictions_best.csv
12644,39.0,53.65625,48.1875,52.2890625,50.921875,49.5546875,project\p7_results\results\P7_FINAL_V3_FOLD_4\val_predictions_best.csv
12645,216.0,208.25,216.25,210.25,212.25,214.25,project\p7_results\results\P7_FINAL_V3_FOLD_3\val_predictions_best.csv
12653,106.0,114.0625,106.875,112.265625,110.46875,108.671875,project\p7_results\results\P7_FINAL_V3_FOLD_5\val_predictions_best.csv
12661,126.0,131.375,121.6875,128.953125,126.53125,124.109375,project\p7_results\results\P7_FINAL_V3_FOLD_5\val_predictions_best.csv
12674,144.0,135.0,130.375,133.84375,132.6875,131.53125,project\p7_results\results\P7_FINAL_V3_FOLD_5\val_predictions_best.csv
12679,94.0,105.5625,111.4375,107.03125,108.5,109.96875,project\p7_results\results\P7_FINAL_V3_FOLD_2\val_predictions_best.csv
12695,168.0,164.25,163.125,163.96875,163.6875,163.40625,project\p7_results\results\P7_FINAL_V3_FOLD_1\val_predictions_best.csv
12708,94.0,87.5625,87.375,87.515625,87.46875,87.421875,project\p7_results\results\P7_FINAL_V3_FOLD_5\val_predictions_best.csv
12725,84.0,80.5,87.375,82.21875,83.9375,85.65625,project\p7_results\results\P7_FINAL_V3_FOLD_5\val_predictions_best.csv
12748,106.0,106.1875,112.5,107.765625,109.34375,110.921875,project\p7_results\results\P7_FINAL_V3_FOLD_1\val_predictions_best.csv
12773,120.0,130.125,130.25,130.15625,130.1875,130.21875,project\p7_results\results\P7_FINAL_V3_FOLD_1\val_predictions_best.csv
12783,82.0,85.875,87.6875,86.328125,86.78125,87.234375,project\p7_results\results\P7_FINAL_V3_FOLD_3\val_predictions_best.csv
12785,138.0,134.5,132.125,133.90625,133.3125,132.71875,project\p7_results\results\P7_FINAL_V3_FOLD_4\val_predictions_best.csv
12790,156.0,155.5,153.125,154.90625,154.3125,153.71875,project\p7_results\results\P7_FINAL_V3_FOLD_4\val_predictions_best.csv
12792,39.0,44.75,46.875,45.28125,45.8125,46.34375,project\p7_results\results\P7_FINAL_V3_FOLD_4\val_predictions_best.csv
12801,132.0,132.375,132.625,132.4375,132.5,132.5625,project\p7_results\results\P7_FINAL_V3_FOLD_1\val_predictions_best.csv
12806,156.0,159.25,158.0,158.9375,158.625,158.3125,project\p7_results\results\P7_FINAL_V3_FOLD_3\val_predictions_best.csv
12814,96.0,98.3125,112.3125,101.8125,105.3125,108.8125,project\p7_results\results\P7_FINAL_V3_FOLD_5\val_predictions_best.csv
12815,60.0,61.5,58.15625,60.6640625,59.828125,58.9921875,project\p7_results\results\P7_FINAL_V3_FOLD_3\val_predictions_best.csv
12823,102.0,107.6875,109.5625,108.15625,108.625,109.09375,project\p7_results\results\P7_FINAL_V3_FOLD_4\val_predictions_best.csv
12839,168.0,162.875,163.75,163.09375,163.3125,163.53125,project\p7_results\results\P7_FINAL_V3_FOLD_3\val_predictions_best.csv
12843,82.0,82.6875,83.375,82.859375,83.03125,83.203125,project\p7_results\results\P7_FINAL_V3_FOLD_1\val_predictions_best.csv
12844,120.0,124.375,124.1875,124.328125,124.28125,124.234375,project\p7_results\results\P7_FINAL_V3_FOLD_2\val_predictions_best.csv
12851,162.0,148.875,148.875,148.875,148.875,148.875,project\p7_results\results\P7_FINAL_V3_FOLD_2\val_predictions_best.csv
12858,180.0,177.25,177.75,177.375,177.5,177.625,project\p7_results\results\P7_FINAL_V3_FOLD_1\val_predictions_best.csv
12865,88.0,74.375,72.75,73.96875,73.5625,73.15625,project\p7_results\results\P7_FINAL_V3_FOLD_4\val_predictions_best.csv
12868,106.0,90.875,94.5,91.78125,92.6875,93.59375,project\p7_results\results\P7_FINAL_V3_FOLD_4\val_predictions_best.csv
12872,162.0,165.75,167.75,166.25,166.75,167.25,project\p7_results\results\P7_FINAL_V3_FOLD_4\val_predictions_best.csv
12877,69.0,72.0,64.8125,70.203125,68.40625,66.609375,project\p7_results\results\P7_FINAL_V3_FOLD_1\val_predictions_best.csv
12903,144.0,139.5,137.0,138.875,138.25,137.625,project\p7_results\results\P7_FINAL_V3_FOLD_3\val_predictions_best.csv
12909,162.0,153.375,164.75,156.21875,159.0625,161.90625,project\p7_results\results\P7_FINAL_V3_FOLD_2\val_predictions_best.csv
12928,150.0,149.125,145.375,148.1875,147.25,146.3125,project\p7_results\results\P7_FINAL_V3_FOLD_5\val_predictions_best.csv
12942,168.0,162.375,164.625,162.9375,163.5,164.0625,project\p7_results\results\P7_FINAL_V3_FOLD_2\val_predictions_best.csv
12944,166.0,156.625,157.125,156.75,156.875,157.0,project\p7_results\results\P7_FINAL_V3_FOLD_1\val_predictions_best.csv
12956,204.0,202.75,196.125,201.09375,199.4375,197.78125,project\p7_results\results\P7_FINAL_V3_FOLD_5\val_predictions_best.csv
12961,186.0,188.875,185.875,188.125,187.375,186.625,project\p7_results\results\P7_FINAL_V3_FOLD_2\val_predictions_best.csv
12963,156.0,156.5,156.5,156.5,156.5,156.5,project\p7_results\results\P7_FINAL_V3_FOLD_1\val_predictions_best.csv
12966,82.0,85.75,87.0,86.0625,86.375,86.6875,project\p7_results\results\P7_FINAL_V3_FOLD_4\val_predictions_best.csv
12977,126.0,128.75,127.0625,128.328125,127.90625,127.484375,project\p7_results\results\P7_FINAL_V3_FOLD_2\val_predictions_best.csv
12992,180.0,183.0,179.25,182.0625,181.125,180.1875,project\p7_results\results\P7_FINAL_V3_FOLD_2\val_predictions_best.csv
13002,108.0,89.9375,88.1875,89.5,89.0625,88.625,project\p7_results\results\P7_FINAL_V3_FOLD_3\val_predictions_best.csv
13019,120.0,125.1875,125.1875,125.1875,125.1875,125.1875,project\p7_results\results\P7_FINAL_V3_FOLD_3\val_predictions_best.csv
13059,159.0,159.375,158.5,159.15625,158.9375,158.71875,project\p7_results\results\P7_FINAL_V3_FOLD_2\val_predictions_best.csv
13085,150.0,138.375,137.125,138.0625,137.75,137.4375,project\p7_results\results\P7_FINAL_V3_FOLD_5\val_predictions_best.csv
13090,132.0,118.5,113.5625,117.265625,116.03125,114.796875,project\p7_results\results\P7_FINAL_V3_FOLD_4\val_predictions_best.csv
13103,156.0,155.875,156.0,155.90625,155.9375,155.96875,project\p7_results\results\P7_FINAL_V3_FOLD_4\val_predictions_best.csv
13109,82.0,52.53125,56.875,53.6171875,54.703125,55.7890625,project\p7_results\results\P7_FINAL_V3_FOLD_5\val_predictions_best.csv
13121,156.0,160.25,155.5,159.0625,157.875,156.6875,project\p7_results\results\P7_FINAL_V3_FOLD_3\val_predictions_best.csv
13127,96.0,78.5625,75.125,77.703125,76.84375,75.984375,project\p7_results\results\P7_FINAL_V3_FOLD_1\val_predictions_best.csv
13141,54.0,51.0,48.21875,50.3046875,49.609375,48.9140625,project\p7_results\results\P7_FINAL_V3_FOLD_3\val_predictions_best.csv
13142,132.0,126.4375,127.5,126.703125,126.96875,127.234375,project\p7_results\results\P7_FINAL_V3_FOLD_4\val_predictions_best.csv
13150,168.0,165.625,164.75,165.40625,165.1875,164.96875,project\p7_results\results\P7_FINAL_V3_FOLD_2\val_predictions_best.csv
13200,138.0,149.5,145.875,148.59375,147.6875,146.78125,project\p7_results\results\P7_FINAL_V3_FOLD_3\val_predictions_best.csv
13210,82.0,76.875,78.8125,77.359375,77.84375,78.328125,project\p7_results\results\P7_FINAL_V3_FOLD_4\val_predictions_best.csv
13213,192.0,192.125,191.75,192.03125,191.9375,191.84375,project\p7_results\results\P7_FINAL_V3_FOLD_3\val_predictions_best.csv
13235,106.0,106.0,105.1875,105.796875,105.59375,105.390625,project\p7_results\results\P7_FINAL_V3_FOLD_3\val_predictions_best.csv
13238,82.0,78.75,75.4375,77.921875,77.09375,76.265625,project\p7_results\results\P7_FINAL_V3_FOLD_5\val_predictions_best.csv
13242,162.0,154.875,156.25,155.21875,155.5625,155.90625,project\p7_results\results\P7_FINAL_V3_FOLD_2\val_predictions_best.csv
13250,150.0,146.125,141.125,144.875,143.625,142.375,project\p7_results\results\P7_FINAL_V3_FOLD_3\val_predictions_best.csv
13262,84.0,100.75,97.9375,100.046875,99.34375,98.640625,project\p7_results\results\P7_FINAL_V3_FOLD_5\val_predictions_best.csv
13263,162.0,166.875,163.5,166.03125,165.1875,164.34375,project\p7_results\results\P7_FINAL_V3_FOLD_4\val_predictions_best.csv
13268,162.0,158.5,159.0,158.625,158.75,158.875,project\p7_results\results\P7_FINAL_V3_FOLD_4\val_predictions_best.csv
13275,144.0,143.0,141.0,142.5,142.0,141.5,project\p7_results\results\P7_FINAL_V3_FOLD_5\val_predictions_best.csv
13277,94.0,94.5625,99.4375,95.78125,97.0,98.21875,project\p7_results\results\P7_FINAL_V3_FOLD_2\val_predictions_best.csv
13281,162.0,166.875,165.25,166.46875,166.0625,165.65625,project\p7_results\results\P7_FINAL_V3_FOLD_3\val_predictions_best.csv
13284,150.0,146.375,148.5,146.90625,147.4375,147.96875,project\p7_results\results\P7_FINAL_V3_FOLD_2\val_predictions_best.csv
13288,113.0,109.0,113.3125,110.078125,111.15625,112.234375,project\p7_results\results\P7_FINAL_V3_FOLD_2\val_predictions_best.csv
13289,132.0,129.875,129.375,129.75,129.625,129.5,project\p7_results\results\P7_FINAL_V3_FOLD_3\val_predictions_best.csv
13296,94.0,90.75,90.5625,90.703125,90.65625,90.609375,project\p7_results\results\P7_FINAL_V3_FOLD_1\val_predictions_best.csv
13299,69.0,69.3125,69.625,69.390625,69.46875,69.546875,project\p7_results\results\P7_FINAL_V3_FOLD_5\val_predictions_best.csv
13301,132.0,132.75,128.375,131.65625,130.5625,129.46875,project\p7_results\results\P7_FINAL_V3_FOLD_2\val_predictions_best.csv
13308,24.0,21.6875,17.921875,20.74609375,19.8046875,18.86328125,project\p7_results\results\P7_FINAL_V3_FOLD_2\val_predictions_best.csv
13311,192.0,185.625,188.875,186.4375,187.25,188.0625,project\p7_results\results\P7_FINAL_V3_FOLD_4\val_predictions_best.csv
13318,94.0,104.1875,97.375,102.484375,100.78125,99.078125,project\p7_results\results\P7_FINAL_V3_FOLD_2\val_predictions_best.csv
13332,162.0,165.0,162.625,164.40625,163.8125,163.21875,project\p7_results\results\P7_FINAL_V3_FOLD_5\val_predictions_best.csv
13337,156.0,157.375,152.625,156.1875,155.0,153.8125,project\p7_results\results\P7_FINAL_V3_FOLD_3\val_predictions_best.csv
13345,14.0,13.09375,7.8828125,11.791015625,10.48828125,9.185546875,project\p7_results\results\P7_FINAL_V3_FOLD_5\val_predictions_best.csv
13354,102.0,109.125,101.0,107.09375,105.0625,103.03125,project\p7_results\results\P7_FINAL_V3_FOLD_3\val_predictions_best.csv
13374,72.0,82.375,82.6875,82.453125,82.53125,82.609375,project\p7_results\results\P7_FINAL_V3_FOLD_5\val_predictions_best.csv
13377,96.0,102.375,100.375,101.875,101.375,100.875,project\p7_results\results\P7_FINAL_V3_FOLD_1\val_predictions_best.csv
13380,69.0,65.5,68.5625,66.265625,67.03125,67.796875,project\p7_results\results\P7_FINAL_V3_FOLD_5\val_predictions_best.csv
13386,132.0,133.375,137.625,134.4375,135.5,136.5625,project\p7_results\results\P7_FINAL_V3_FOLD_5\val_predictions_best.csv
13387,132.0,130.25,129.5,130.0625,129.875,129.6875,project\p7_results\results\P7_FINAL_V3_FOLD_2\val_predictions_best.csv
13411,144.0,139.125,139.5,139.21875,139.3125,139.40625,project\p7_results\results\P7_FINAL_V3_FOLD_2\val_predictions_best.csv
13415,69.0,72.25,61.125,69.46875,66.6875,63.90625,project\p7_results\results\P7_FINAL_V3_FOLD_1\val_predictions_best.csv
13417,94.0,89.125,85.1875,88.140625,87.15625,86.171875,project\p7_results\results\P7_FINAL_V3_FOLD_2\val_predictions_best.csv
13432,108.0,119.1875,111.3125,117.21875,115.25,113.28125,project\p7_results\results\P7_FINAL_V3_FOLD_4\val_predictions_best.csv
13437,120.0,124.1875,121.8125,123.59375,123.0,122.40625,project\p7_results\results\P7_FINAL_V3_FOLD_5\val_predictions_best.csv
13468,132.0,126.4375,113.5,123.203125,119.96875,116.734375,project\p7_results\results\P7_FINAL_V3_FOLD_5\val_predictions_best.csv
13469,168.0,165.625,158.0,163.71875,161.8125,159.90625,project\p7_results\results\P7_FINAL_V3_FOLD_5\val_predictions_best.csv
13473,106.0,98.5625,98.8125,98.625,98.6875,98.75,project\p7_results\results\P7_FINAL_V3_FOLD_1\val_predictions_best.csv
13475,156.0,157.125,159.875,157.8125,158.5,159.1875,project\p7_results\results\P7_FINAL_V3_FOLD_4\val_predictions_best.csv
13477,156.0,154.75,155.25,154.875,155.0,155.125,project\p7_results\results\P7_FINAL_V3_FOLD_4\val_predictions_best.csv
13478,168.0,166.75,168.125,167.09375,167.4375,167.78125,project\p7_results\results\P7_FINAL_V3_FOLD_4\val_predictions_best.csv
13494,60.0,63.4375,65.5625,63.96875,64.5,65.03125,project\p7_results\results\P7_FINAL_V3_FOLD_3\val_predictions_best.csv
13513,84.0,76.4375,78.625,76.984375,77.53125,78.078125,project\p7_results\results\P7_FINAL_V3_FOLD_2\val_predictions_best.csv
13525,180.0,189.125,181.25,187.15625,185.1875,183.21875,project\p7_results\results\P7_FINAL_V3_FOLD_5\val_predictions_best.csv
13535,120.0,123.0625,128.375,124.390625,125.71875,127.046875,project\p7_results\results\P7_FINAL_V3_FOLD_1\val_predictions_best.csv
13542,150.0,151.625,148.625,150.875,150.125,149.375,project\p7_results\results\P7_FINAL_V3_FOLD_5\val_predictions_best.csv
13545,186.0,184.125,181.375,183.4375,182.75,182.0625,project\p7_results\results\P7_FINAL_V3_FOLD_3\val_predictions_best.csv
13558,168.0,164.125,165.5,164.46875,164.8125,165.15625,project\p7_results\results\P7_FINAL_V3_FOLD_1\val_predictions_best.csv
13570,120.0,117.9375,107.75,115.390625,112.84375,110.296875,project\p7_results\results\P7_FINAL_V3_FOLD_3\val_predictions_best.csv
13576,106.0,99.375,100.3125,99.609375,99.84375,100.078125,project\p7_results\results\P7_FINAL_V3_FOLD_5\val_predictions_best.csv
13577,168.0,165.25,165.875,165.40625,165.5625,165.71875,project\p7_results\results\P7_FINAL_V3_FOLD_4\val_predictions_best.csv
13584,180.0,178.0,171.25,176.3125,174.625,172.9375,project\p7_results\results\P7_FINAL_V3_FOLD_2\val_predictions_best.csv
13585,106.0,117.25,114.6875,116.609375,115.96875,115.328125,project\p7_results\results\P7_FINAL_V3_FOLD_4\val_predictions_best.csv
13587,162.0,160.625,163.125,161.25,161.875,162.5,project\p7_results\results\P7_FINAL_V3_FOLD_1\val_predictions_best.csv
13602,132.0,135.25,132.375,134.53125,133.8125,133.09375,project\p7_results\results\P7_FINAL_V3_FOLD_2\val_predictions_best.csv
13613,84.0,88.5,88.5625,88.515625,88.53125,88.546875,project\p7_results\results\P7_FINAL_V3_FOLD_2\val_predictions_best.csv
13621,78.0,71.4375,67.375,70.421875,69.40625,68.390625,project\p7_results\results\P7_FINAL_V3_FOLD_3\val_predictions_best.csv
13627,60.0,62.4375,58.75,61.515625,60.59375,59.671875,project\p7_results\results\P7_FINAL_V3_FOLD_1\val_predictions_best.csv
13632,150.0,152.5,152.0,152.375,152.25,152.125,project\p7_results\results\P7_FINAL_V3_FOLD_5\val_predictions_best.csv
13644,82.0,92.5,89.3125,91.703125,90.90625,90.109375,project\p7_results\results\P7_FINAL_V3_FOLD_5\val_predictions_best.csv
13650,94.0,88.6875,91.625,89.421875,90.15625,90.890625,project\p7_results\results\P7_FINAL_V3_FOLD_3\val_predictions_best.csv
13659,84.0,100.875,118.875,105.375,109.875,114.375,project\p7_results\results\P7_FINAL_V3_FOLD_1\val_predictions_best.csv
13673,153.0,154.125,153.25,153.90625,153.6875,153.46875,project\p7_results\results\P7_FINAL_V3_FOLD_4\val_predictions_best.csv
13688,94.0,82.75,86.6875,83.734375,84.71875,85.703125,project\p7_results\results\P7_FINAL_V3_FOLD_3\val_predictions_best.csv
13711,132.0,127.5,127.1875,127.421875,127.34375,127.265625,project\p7_results\results\P7_FINAL_V3_FOLD_2\val_predictions_best.csv
13722,168.0,170.375,167.0,169.53125,168.6875,167.84375,project\p7_results\results\P7_FINAL_V3_FOLD_5\val_predictions_best.csv
13724,72.0,72.5625,72.9375,72.65625,72.75,72.84375,project\p7_results\results\P7_FINAL_V3_FOLD_5\val_predictions_best.csv
13745,132.0,134.25,126.5625,132.328125,130.40625,128.484375,project\p7_results\results\P7_FINAL_V3_FOLD_4\val_predictions_best.csv
13751,168.0,162.75,165.75,163.5,164.25,165.0,project\p7_results\results\P7_FINAL_V3_FOLD_2\val_predictions_best.csv
13757,144.0,107.375,115.6875,109.453125,111.53125,113.609375,project\p7_results\results\P7_FINAL_V3_FOLD_3\val_predictions_best.csv
13759,186.0,183.875,180.625,183.0625,182.25,181.4375,project\p7_results\results\P7_FINAL_V3_FOLD_4\val_predictions_best.csv
13762,82.0,81.6875,84.5625,82.40625,83.125,83.84375,project\p7_results\results\P7_FINAL_V3_FOLD_3\val_predictions_best.csv
13769,132.0,131.0,134.25,131.8125,132.625,133.4375,project\p7_results\results\P7_FINAL_V3_FOLD_5\val_predictions_best.csv
13774,150.0,149.875,151.125,150.1875,150.5,150.8125,project\p7_results\results\P7_FINAL_V3_FOLD_2\val_predictions_best.csv
13785,72.0,65.8125,80.1875,69.40625,73.0,76.59375,project\p7_results\results\P7_FINAL_V3_FOLD_1\val_predictions_best.csv
13794,36.0,43.28125,42.40625,43.0625,42.84375,42.625,project\p7_results\results\P7_FINAL_V3_FOLD_2\val_predictions_best.csv
13806,96.0,118.75,116.1875,118.109375,117.46875,116.828125,project\p7_results\results\P7_FINAL_V3_FOLD_2\val_predictions_best.csv
13822,88.0,88.0,88.875,88.21875,88.4375,88.65625,project\p7_results\results\P7_FINAL_V3_FOLD_5\val_predictions_best.csv
13829,150.0,162.75,163.125,162.84375,162.9375,163.03125,project\p7_results\results\P7_FINAL_V3_FOLD_4\val_predictions_best.csv
13836,120.0,100.375,97.1875,99.578125,98.78125,97.984375,project\p7_results\results\P7_FINAL_V3_FOLD_2\val_predictions_best.csv
13855,132.0,131.75,129.5,131.1875,130.625,130.0625,project\p7_results\results\P7_FINAL_V3_FOLD_1\val_predictions_best.csv
13857,162.0,165.75,160.375,164.40625,163.0625,161.71875,project\p7_results\results\P7_FINAL_V3_FOLD_2\val_predictions_best.csv
13864,94.0,99.125,96.375,98.4375,97.75,97.0625,project\p7_results\results\P7_FINAL_V3_FOLD_2\val_predictions_best.csv
13871,168.0,164.5,161.5,163.75,163.0,162.25,project\p7_results\results\P7_FINAL_V3_FOLD_5\val_predictions_best.csv
13877,94.0,94.0,89.4375,92.859375,91.71875,90.578125,project\p7_results\results\P7_FINAL_V3_FOLD_4\val_predictions_best.csv
13882,82.0,80.4375,80.4375,80.4375,80.4375,80.4375,project\p7_results\results\P7_FINAL_V3_FOLD_4\val_predictions_best.csv
13892,120.0,125.5,115.4375,122.984375,120.46875,117.953125,project\p7_results\results\P7_FINAL_V3_FOLD_3\val_predictions_best.csv
13903,132.0,135.625,139.875,136.6875,137.75,138.8125,project\p7_results\results\P7_FINAL_V3_FOLD_1\val_predictions_best.csv
13905,156.0,153.25,149.875,152.40625,151.5625,150.71875,project\p7_results\results\P7_FINAL_V3_FOLD_5\val_predictions_best.csv
13911,108.0,92.4375,90.125,91.859375,91.28125,90.703125,project\p7_results\results\P7_FINAL_V3_FOLD_2\val_predictions_best.csv
13940,168.0,168.25,169.75,168.625,169.0,169.375,project\p7_results\results\P7_FINAL_V3_FOLD_4\val_predictions_best.csv
13944,108.0,116.3125,123.125,118.015625,119.71875,121.421875,project\p7_results\results\P7_FINAL_V3_FOLD_5\val_predictions_best.csv
13945,168.0,166.0,166.75,166.1875,166.375,166.5625,project\p7_results\results\P7_FINAL_V3_FOLD_2\val_predictions_best.csv
13946,82.0,88.3125,82.125,86.765625,85.21875,83.671875,project\p7_results\results\P7_FINAL_V3_FOLD_3\val_predictions_best.csv
13960,65.0,82.9375,80.3125,82.28125,81.625,80.96875,project\p7_results\results\P7_FINAL_V3_FOLD_1\val_predictions_best.csv
13978,150.0,147.5,149.125,147.90625,148.3125,148.71875,project\p7_results\results\P7_FINAL_V3_FOLD_5\val_predictions_best.csv
14000,186.0,172.875,175.5,173.53125,174.1875,174.84375,project\p7_results\results\P7_FINAL_V3_FOLD_2\val_predictions_best.csv
14001,162.0,167.375,165.5,166.90625,166.4375,165.96875,project\p7_results\results\P7_FINAL_V3_FOLD_2\val_predictions_best.csv
14020,144.0,137.0,138.875,137.46875,137.9375,138.40625,project\p7_results\results\P7_FINAL_V3_FOLD_3\val_predictions_best.csv
14028,60.0,72.5625,68.125,71.453125,70.34375,69.234375,project\p7_results\results\P7_FINAL_V3_FOLD_5\val_predictions_best.csv
14052,108.0,107.0,98.875,104.96875,102.9375,100.90625,project\p7_results\results\P7_FINAL_V3_FOLD_1\val_predictions_best.csv
14068,108.0,109.5625,108.3125,109.25,108.9375,108.625,project\p7_results\results\P7_FINAL_V3_FOLD_3\val_predictions_best.csv
14070,162.0,156.625,156.375,156.5625,156.5,156.4375,project\p7_results\results\P7_FINAL_V3_FOLD_3\val_predictions_best.csv
14088,72.0,57.78125,57.59375,57.734375,57.6875,57.640625,project\p7_results\results\P7_FINAL_V3_FOLD_2\val_predictions_best.csv
14097,162.0,163.75,160.5,162.9375,162.125,161.3125,project\p7_results\results\P7_FINAL_V3_FOLD_5\val_predictions_best.csv
14108,144.0,143.5,144.0,143.625,143.75,143.875,project\p7_results\results\P7_FINAL_V3_FOLD_3\val_predictions_best.csv
14111,132.0,124.9375,120.5625,123.84375,122.75,121.65625,project\p7_results\results\P7_FINAL_V3_FOLD_2\val_predictions_best.csv
14112,76.0,75.5,71.0625,74.390625,73.28125,72.171875,project\p7_results\results\P7_FINAL_V3_FOLD_1\val_predictions_best.csv
14116,132.0,130.125,128.5,129.71875,129.3125,128.90625,project\p7_results\results\P7_FINAL_V3_FOLD_4\val_predictions_best.csv
14150,156.0,155.375,154.0,155.03125,154.6875,154.34375,project\p7_results\results\P7_FINAL_V3_FOLD_1\val_predictions_best.csv
14158,138.0,133.5,139.875,135.09375,136.6875,138.28125,project\p7_results\results\P7_FINAL_V3_FOLD_4\val_predictions_best.csv
14181,162.0,163.5,162.25,163.1875,162.875,162.5625,project\p7_results\results\P7_FINAL_V3_FOLD_2\val_predictions_best.csv
14185,106.0,95.9375,91.3125,94.78125,93.625,92.46875,project\p7_results\results\P7_FINAL_V3_FOLD_3\val_predictions_best.csv
14187,132.0,135.375,134.875,135.25,135.125,135.0,project\p7_results\results\P7_FINAL_V3_FOLD_5\val_predictions_best.csv
14199,132.0,129.25,137.75,131.375,133.5,135.625,project\p7_results\results\P7_FINAL_V3_FOLD_3\val_predictions_best.csv
14201,54.0,42.875,44.0625,43.171875,43.46875,43.765625,project\p7_results\results\P7_FINAL_V3_FOLD_4\val_predictions_best.csv
14203,106.0,109.625,103.0,107.96875,106.3125,104.65625,project\p7_results\results\P7_FINAL_V3_FOLD_3\val_predictions_best.csv
14207,162.0,161.25,163.375,161.78125,162.3125,162.84375,project\p7_results\results\P7_FINAL_V3_FOLD_1\val_predictions_best.csv
14210,150.0,155.5,154.375,155.21875,154.9375,154.65625,project\p7_results\results\P7_FINAL_V3_FOLD_3\val_predictions_best.csv
14218,162.0,163.125,163.375,163.1875,163.25,163.3125,project\p7_results\results\P7_FINAL_V3_FOLD_1\val_predictions_best.csv
14219,144.0,142.25,143.5,142.5625,142.875,143.1875,project\p7_results\results\P7_FINAL_V3_FOLD_2\val_predictions_best.csv
14221,162.0,163.75,165.25,164.125,164.5,164.875,project\p7_results\results\P7_FINAL_V3_FOLD_4\val_predictions_best.csv
14230,162.0,159.25,158.0,158.9375,158.625,158.3125,project\p7_results\results\P7_FINAL_V3_FOLD_3\val_predictions_best.csv
14236,82.0,75.3125,67.625,73.390625,71.46875,69.546875,project\p7_results\results\P7_FINAL_V3_FOLD_1\val_predictions_best.csv
14272,113.0,127.4375,125.0,126.828125,126.21875,125.609375,project\p7_results\results\P7_FINAL_V3_FOLD_1\val_predictions_best.csv
14290,132.0,123.0,118.3125,121.828125,120.65625,119.484375,project\p7_results\results\P7_FINAL_V3_FOLD_2\val_predictions_best.csv
14306,132.0,140.375,138.0,139.78125,139.1875,138.59375,project\p7_results\results\P7_FINAL_V3_FOLD_1\val_predictions_best.csv
14310,72.0,80.875,73.8125,79.109375,77.34375,75.578125,project\p7_results\results\P7_FINAL_V3_FOLD_2\val_predictions_best.csv
14318,138.0,147.5,138.625,145.28125,143.0625,140.84375,project\p7_results\results\P7_FINAL_V3_FOLD_5\val_predictions_best.csv
14320,138.0,142.25,139.375,141.53125,140.8125,140.09375,project\p7_results\results\P7_FINAL_V3_FOLD_5\val_predictions_best.csv
14325,60.0,62.75,57.75,61.5,60.25,59.0,project\p7_results\results\P7_FINAL_V3_FOLD_4\val_predictions_best.csv
14329,36.0,32.625,21.859375,29.93359375,27.2421875,24.55078125,project\p7_results\results\P7_FINAL_V3_FOLD_3\val_predictions_best.csv
14335,120.0,137.375,138.875,137.75,138.125,138.5,project\p7_results\results\P7_FINAL_V3_FOLD_4\val_predictions_best.csv
14338,84.0,80.8125,75.3125,79.4375,78.0625,76.6875,project\p7_results\results\P7_FINAL_V3_FOLD_2\val_predictions_best.csv
14341,106.0,106.1875,106.3125,106.21875,106.25,106.28125,project\p7_results\results\P7_FINAL_V3_FOLD_2\val_predictions_best.csv
14355,100.0,110.1875,107.8125,109.59375,109.0,108.40625,project\p7_results\results\P7_FINAL_V3_FOLD_1\val_predictions_best.csv
14372,106.0,99.0,100.9375,99.484375,99.96875,100.453125,project\p7_results\results\P7_FINAL_V3_FOLD_5\val_predictions_best.csv
14378,94.0,95.75,98.75,96.5,97.25,98.0,project\p7_results\results\P7_FINAL_V3_FOLD_3\val_predictions_best.csv
14385,132.0,113.5,112.8125,113.328125,113.15625,112.984375,project\p7_results\results\P7_FINAL_V3_FOLD_2\val_predictions_best.csv
14387,150.0,170.75,181.625,173.46875,176.1875,178.90625,project\p7_results\results\P7_FINAL_V3_FOLD_2\val_predictions_best.csv
14393,132.0,134.75,133.75,134.5,134.25,134.0,project\p7_results\results\P7_FINAL_V3_FOLD_3\val_predictions_best.csv
14457,82.0,65.5625,67.75,66.109375,66.65625,67.203125,project\p7_results\results\P7_FINAL_V3_FOLD_3\val_predictions_best.csv
14459,106.0,99.0,102.4375,99.859375,100.71875,101.578125,project\p7_results\results\P7_FINAL_V3_FOLD_1\val_predictions_best.csv
14495,90.0,76.625,87.3125,79.296875,81.96875,84.640625,project\p7_results\results\P7_FINAL_V3_FOLD_5\val_predictions_best.csv
14498,162.0,164.25,161.0,163.4375,162.625,161.8125,project\p7_results\results\P7_FINAL_V3_FOLD_3\val_predictions_best.csv
14506,94.0,107.9375,95.5,104.828125,101.71875,98.609375,project\p7_results\results\P7_FINAL_V3_FOLD_1\val_predictions_best.csv
14519,50.0,54.59375,53.5625,54.3359375,54.078125,53.8203125,project\p7_results\results\P7_FINAL_V3_FOLD_1\val_predictions_best.csv
14528,120.0,136.875,127.6875,134.578125,132.28125,129.984375,project\p7_results\results\P7_FINAL_V3_FOLD_4\val_predictions_best.csv
14540,144.0,136.125,137.875,136.5625,137.0,137.4375,project\p7_results\results\P7_FINAL_V3_FOLD_2\val_predictions_best.csv
14545,126.0,136.375,140.25,137.34375,138.3125,139.28125,project\p7_results\results\P7_FINAL_V3_FOLD_5\val_predictions_best.csv
14548,106.0,107.25,104.4375,106.546875,105.84375,105.140625,project\p7_results\results\P7_FINAL_V3_FOLD_5\val_predictions_best.csv
14564,96.0,91.0,90.75,90.9375,90.875,90.8125,project\p7_results\results\P7_FINAL_V3_FOLD_3\val_predictions_best.csv
14573,144.0,149.625,143.125,148.0,146.375,144.75,project\p7_results\results\P7_FINAL_V3_FOLD_1\val_predictions_best.csv
14578,120.0,122.9375,119.625,122.109375,121.28125,120.453125,project\p7_results\results\P7_FINAL_V3_FOLD_2\val_predictions_best.csv
14580,120.0,126.5625,122.8125,125.625,124.6875,123.75,project\p7_results\results\P7_FINAL_V3_FOLD_3\val_predictions_best.csv
14583,162.0,166.125,163.375,165.4375,164.75,164.0625,project\p7_results\results\P7_FINAL_V3_FOLD_3\val_predictions_best.csv
14602,132.0,134.875,134.25,134.71875,134.5625,134.40625,project\p7_results\results\P7_FINAL_V3_FOLD_5\val_predictions_best.csv
14609,94.0,84.625,87.8125,85.421875,86.21875,87.015625,project\p7_results\results\P7_FINAL_V3_FOLD_5\val_predictions_best.csv
14610,210.0,213.0,209.375,212.09375,211.1875,210.28125,project\p7_results\results\P7_FINAL_V3_FOLD_4\val_predictions_best.csv
14611,165.0,164.875,163.625,164.5625,164.25,163.9375,project\p7_results\results\P7_FINAL_V3_FOLD_3\val_predictions_best.csv
14612,144.0,140.0,138.75,139.6875,139.375,139.0625,project\p7_results\results\P7_FINAL_V3_FOLD_1\val_predictions_best.csv
14636,150.0,147.5,140.0,145.625,143.75,141.875,project\p7_results\results\P7_FINAL_V3_FOLD_4\val_predictions_best.csv
14650,120.0,114.5625,109.625,113.328125,112.09375,110.859375,project\p7_results\results\P7_FINAL_V3_FOLD_3\val_predictions_best.csv
14655,168.0,175.75,173.75,175.25,174.75,174.25,project\p7_results\results\P7_FINAL_V3_FOLD_4\val_predictions_best.csv
14660,168.0,167.5,167.875,167.59375,167.6875,167.78125,project\p7_results\results\P7_FINAL_V3_FOLD_4\val_predictions_best.csv
14662,162.0,152.625,152.625,152.625,152.625,152.625,project\p7_results\results\P7_FINAL_V3_FOLD_4\val_predictions_best.csv
14673,150.0,146.75,146.625,146.71875,146.6875,146.65625,project\p7_results\results\P7_FINAL_V3_FOLD_2\val_predictions_best.csv
14678,82.0,80.4375,81.125,80.609375,80.78125,80.953125,project\p7_results\results\P7_FINAL_V3_FOLD_1\val_predictions_best.csv
14695,186.0,184.5,181.0,183.625,182.75,181.875,project\p7_results\results\P7_FINAL_V3_FOLD_4\val_predictions_best.csv
14701,126.0,126.6875,124.875,126.234375,125.78125,125.328125,project\p7_results\results\P7_FINAL_V3_FOLD_1\val_predictions_best.csv
14709,72.0,80.0625,76.625,79.203125,78.34375,77.484375,project\p7_results\results\P7_FINAL_V3_FOLD_2\val_predictions_best.csv
14718,106.0,120.4375,120.0,120.328125,120.21875,120.109375,project\p7_results\results\P7_FINAL_V3_FOLD_1\val_predictions_best.csv
14725,150.0,142.375,146.375,143.375,144.375,145.375,project\p7_results\results\P7_FINAL_V3_FOLD_2\val_predictions_best.csv
14730,88.0,90.875,92.125,91.1875,91.5,91.8125,project\p7_results\results\P7_FINAL_V3_FOLD_3\val_predictions_best.csv
14731,159.0,157.875,157.125,157.6875,157.5,157.3125,project\p7_results\results\P7_FINAL_V3_FOLD_2\val_predictions_best.csv
14734,132.0,141.875,137.0,140.65625,139.4375,138.21875,project\p7_results\results\P7_FINAL_V3_FOLD_3\val_predictions_best.csv
14740,144.0,140.0,136.875,139.21875,138.4375,137.65625,project\p7_results\results\P7_FINAL_V3_FOLD_1\val_predictions_best.csv
14746,162.0,163.125,162.125,162.875,162.625,162.375,project\p7_results\results\P7_FINAL_V3_FOLD_1\val_predictions_best.csv
14756,156.0,152.125,150.0,151.59375,151.0625,150.53125,project\p7_results\results\P7_FINAL_V3_FOLD_1\val_predictions_best.csv
14764,144.0,145.5,146.125,145.65625,145.8125,145.96875,project\p7_results\results\P7_FINAL_V3_FOLD_3\val_predictions_best.csv
14767,138.0,143.0,126.5625,138.890625,134.78125,130.671875,project\p7_results\results\P7_FINAL_V3_FOLD_4\val_predictions_best.csv
14774,132.0,129.875,127.3125,129.234375,128.59375,127.953125,project\p7_results\results\P7_FINAL_V3_FOLD_3\val_predictions_best.csv
14785,84.0,74.3125,74.8125,74.4375,74.5625,74.6875,project\p7_results\results\P7_FINAL_V3_FOLD_1\val_predictions_best.csv
14791,120.0,121.125,125.25,122.15625,123.1875,124.21875,project\p7_results\results\P7_FINAL_V3_FOLD_4\val_predictions_best.csv
14792,150.0,151.0,151.625,151.15625,151.3125,151.46875,project\p7_results\results\P7_FINAL_V3_FOLD_1\val_predictions_best.csv
14807,156.0,151.5,153.375,151.96875,152.4375,152.90625,project\p7_results\results\P7_FINAL_V3_FOLD_4\val_predictions_best.csv
14821,82.0,77.625,80.125,78.25,78.875,79.5,project\p7_results\results\P7_FINAL_V3_FOLD_3\val_predictions_best.csv
14887,132.0,142.375,138.25,141.34375,140.3125,139.28125,project\p7_results\results\P7_FINAL_V3_FOLD_1\val_predictions_best.csv
14888,94.0,93.5625,88.75,92.359375,91.15625,89.953125,project\p7_results\results\P7_FINAL_V3_FOLD_3\val_predictions_best.csv
14889,180.0,173.75,172.25,173.375,173.0,172.625,project\p7_results\results\P7_FINAL_V3_FOLD_2\val_predictions_best.csv
14892,108.0,78.0625,86.5,80.171875,82.28125,84.390625,project\p7_results\results\P7_FINAL_V3_FOLD_2\val_predictions_best.csv
14893,150.0,139.75,137.75,139.25,138.75,138.25,project\p7_results\results\P7_FINAL_V3_FOLD_5\val_predictions_best.csv
14897,120.0,125.1875,130.875,126.609375,128.03125,129.453125,project\p7_results\results\P7_FINAL_V3_FOLD_2\val_predictions_best.csv
14937,144.0,132.375,138.0,133.78125,135.1875,136.59375,project\p7_results\results\P7_FINAL_V3_FOLD_5\val_predictions_best.csv
14948,42.0,41.34375,38.78125,40.703125,40.0625,39.421875,project\p7_results\results\P7_FINAL_V3_FOLD_2\val_predictions_best.csv
14956,156.0,151.0,148.375,150.34375,149.6875,149.03125,project\p7_results\results\P7_FINAL_V3_FOLD_2\val_predictions_best.csv
14971,150.0,139.0,142.75,139.9375,140.875,141.8125,project\p7_results\results\P7_FINAL_V3_FOLD_1\val_predictions_best.csv
14974,156.0,158.875,156.625,158.3125,157.75,157.1875,project\p7_results\results\P7_FINAL_V3_FOLD_1\val_predictions_best.csv
14977,168.0,156.75,159.625,157.46875,158.1875,158.90625,project\p7_results\results\P7_FINAL_V3_FOLD_1\val_predictions_best.csv
15000,108.0,118.625,122.1875,119.515625,120.40625,121.296875,project\p7_results\results\P7_FINAL_V3_FOLD_5\val_predictions_best.csv
15002,108.0,122.8125,129.5,124.484375,126.15625,127.828125,project\p7_results\results\P7_FINAL_V3_FOLD_2\val_predictions_best.csv
15017,94.0,99.5,97.0625,98.890625,98.28125,97.671875,project\p7_results\results\P7_FINAL_V3_FOLD_3\val_predictions_best.csv
15042,168.0,165.375,162.5,164.65625,163.9375,163.21875,project\p7_results\results\P7_FINAL_V3_FOLD_1\val_predictions_best.csv
15046,132.0,142.625,139.0,141.71875,140.8125,139.90625,project\p7_results\results\P7_FINAL_V3_FOLD_1\val_predictions_best.csv
15049,108.0,119.0,118.4375,118.859375,118.71875,118.578125,project\p7_results\results\P7_FINAL_V3_FOLD_2\val_predictions_best.csv
15055,69.0,76.3125,77.3125,76.5625,76.8125,77.0625,project\p7_results\results\P7_FINAL_V3_FOLD_5\val_predictions_best.csv
15058,94.0,96.5,96.0625,96.390625,96.28125,96.171875,project\p7_results\results\P7_FINAL_V3_FOLD_3\val_predictions_best.csv
15068,82.0,78.9375,73.4375,77.5625,76.1875,74.8125,project\p7_results\results\P7_FINAL_V3_FOLD_1\val_predictions_best.csv
15075,144.0,149.875,147.625,149.3125,148.75,148.1875,project\p7_results\results\P7_FINAL_V3_FOLD_2\val_predictions_best.csv
15076,96.0,111.75,106.0,110.3125,108.875,107.4375,project\p7_results\results\P7_FINAL_V3_FOLD_4\val_predictions_best.csv
15077,69.0,79.3125,77.9375,78.96875,78.625,78.28125,project\p7_results\results\P7_FINAL_V3_FOLD_4\val_predictions_best.csv
15082,156.0,158.625,156.375,158.0625,157.5,156.9375,project\p7_results\results\P7_FINAL_V3_FOLD_4\val_predictions_best.csv
15083,84.0,88.0,87.375,87.84375,87.6875,87.53125,project\p7_results\results\P7_FINAL_V3_FOLD_4\val_predictions_best.csv
15101,156.0,159.875,156.375,159.0,158.125,157.25,project\p7_results\results\P7_FINAL_V3_FOLD_1\val_predictions_best.csv
15125,132.0,134.0,133.875,133.96875,133.9375,133.90625,project\p7_results\results\P7_FINAL_V3_FOLD_2\val_predictions_best.csv
15182,120.0,111.8125,122.125,114.390625,116.96875,119.546875,project\p7_results\results\P7_FINAL_V3_FOLD_4\val_predictions_best.csv
15184,120.0,121.75,123.3125,122.140625,122.53125,122.921875,project\p7_results\results\P7_FINAL_V3_FOLD_5\val_predictions_best.csv
15200,108.0,96.25,94.6875,95.859375,95.46875,95.078125,project\p7_results\results\P7_FINAL_V3_FOLD_4\val_predictions_best.csv
15205,88.0,90.1875,86.875,89.359375,88.53125,87.703125,project\p7_results\results\P7_FINAL_V3_FOLD_3\val_predictions_best.csv
15217,216.0,219.75,230.375,222.40625,225.0625,227.71875,project\p7_results\results\P7_FINAL_V3_FOLD_2\val_predictions_best.csv
15219,120.0,128.625,133.375,129.8125,131.0,132.1875,project\p7_results\results\P7_FINAL_V3_FOLD_3\val_predictions_best.csv
15248,162.0,165.125,163.0,164.59375,164.0625,163.53125,project\p7_results\results\P7_FINAL_V3_FOLD_2\val_predictions_best.csv
15256,174.0,167.75,167.0,167.5625,167.375,167.1875,project\p7_results\results\P7_FINAL_V3_FOLD_2\val_predictions_best.csv
15264,60.0,66.1875,67.875,66.609375,67.03125,67.453125,project\p7_results\results\P7_FINAL_V3_FOLD_4\val_predictions_best.csv
15280,168.0,169.75,167.375,169.15625,168.5625,167.96875,project\p7_results\results\P7_FINAL_V3_FOLD_1\val_predictions_best.csv
15281,106.0,107.8125,106.0,107.359375,106.90625,106.453125,project\p7_results\results\P7_FINAL_V3_FOLD_5\val_predictions_best.csv
15305,132.0,120.1875,130.25,122.703125,125.21875,127.734375,project\p7_results\results\P7_FINAL_V3_FOLD_2\val_predictions_best.csv
15308,144.0,139.875,141.625,140.3125,140.75,141.1875,project\p7_results\results\P7_FINAL_V3_FOLD_4\val_predictions_best.csv
15342,120.0,128.625,123.8125,127.421875,126.21875,125.015625,project\p7_results\results\P7_FINAL_V3_FOLD_2\val_predictions_best.csv
15349,156.0,151.625,154.0,152.21875,152.8125,153.40625,project\p7_results\results\P7_FINAL_V3_FOLD_5\val_predictions_best.csv
15366,72.0,70.25,74.0625,71.203125,72.15625,73.109375,project\p7_results\results\P7_FINAL_V3_FOLD_3\val_predictions_best.csv
15370,156.0,155.375,148.625,153.6875,152.0,150.3125,project\p7_results\results\P7_FINAL_V3_FOLD_2\val_predictions_best.csv
15390,132.0,139.75,134.375,138.40625,137.0625,135.71875,project\p7_results\results\P7_FINAL_V3_FOLD_2\val_predictions_best.csv
15394,69.0,64.6875,62.78125,64.2109375,63.734375,63.2578125,project\p7_results\results\P7_FINAL_V3_FOLD_3\val_predictions_best.csv
15400,36.0,34.3125,40.125,35.765625,37.21875,38.671875,project\p7_results\results\P7_FINAL_V3_FOLD_4\val_predictions_best.csv
15421,168.0,159.75,161.25,160.125,160.5,160.875,project\p7_results\results\P7_FINAL_V3_FOLD_1\val_predictions_best.csv
15428,42.0,43.71875,47.6875,44.7109375,45.703125,46.6953125,project\p7_results\results\P7_FINAL_V3_FOLD_4\val_predictions_best.csv
15448,36.0,43.8125,47.9375,44.84375,45.875,46.90625,project\p7_results\results\P7_FINAL_V3_FOLD_5\val_predictions_best.csv
15456,138.0,136.0,135.375,135.84375,135.6875,135.53125,project\p7_results\results\P7_FINAL_V3_FOLD_3\val_predictions_best.csv
15466,165.0,159.75,158.25,159.375,159.0,158.625,project\p7_results\results\P7_FINAL_V3_FOLD_3\val_predictions_best.csv
15474,156.0,159.75,158.25,159.375,159.0,158.625,project\p7_results\results\P7_FINAL_V3_FOLD_4\val_predictions_best.csv
15477,126.0,124.8125,116.5,122.734375,120.65625,118.578125,project\p7_results\results\P7_FINAL_V3_FOLD_2\val_predictions_best.csv
15478,228.0,217.25,216.0,216.9375,216.625,216.3125,project\p7_results\results\P7_FINAL_V3_FOLD_4\val_predictions_best.csv
15489,138.0,141.375,139.875,141.0,140.625,140.25,project\p7_results\results\P7_FINAL_V3_FOLD_2\val_predictions_best.csv
15494,150.0,147.5,152.875,148.84375,150.1875,151.53125,project\p7_results\results\P7_FINAL_V3_FOLD_1\val_predictions_best.csv
15504,120.0,125.875,131.0,127.15625,128.4375,129.71875,project\p7_results\results\P7_FINAL_V3_FOLD_5\val_predictions_best.csv
15507,168.0,166.5,166.625,166.53125,166.5625,166.59375,project\p7_results\results\P7_FINAL_V3_FOLD_5\val_predictions_best.csv
15521,88.0,79.9375,72.0625,77.96875,76.0,74.03125,project\p7_results\results\P7_FINAL_V3_FOLD_3\val_predictions_best.csv
15535,162.0,159.75,161.125,160.09375,160.4375,160.78125,project\p7_results\results\P7_FINAL_V3_FOLD_4\val_predictions_best.csv
15539,168.0,170.75,167.25,169.875,169.0,168.125,project\p7_results\results\P7_FINAL_V3_FOLD_4\val_predictions_best.csv
15547,168.0,168.375,167.5,168.15625,167.9375,167.71875,project\p7_results\results\P7_FINAL_V3_FOLD_3\val_predictions_best.csv
15551,114.0,114.375,116.8125,114.984375,115.59375,116.203125,project\p7_results\results\P7_FINAL_V3_FOLD_5\val_predictions_best.csv
15554,204.0,212.75,207.125,211.34375,209.9375,208.53125,project\p7_results\results\P7_FINAL_V3_FOLD_3\val_predictions_best.csv
15566,132.0,129.75,133.125,130.59375,131.4375,132.28125,project\p7_results\results\P7_FINAL_V3_FOLD_4\val_predictions_best.csv
15568,156.0,156.625,158.375,157.0625,157.5,157.9375,project\p7_results\results\P7_FINAL_V3_FOLD_1\val_predictions_best.csv
15572,144.0,141.625,138.0,140.71875,139.8125,138.90625,project\p7_results\results\P7_FINAL_V3_FOLD_1\val_predictions_best.csv
15590,69.0,58.65625,60.75,59.1796875,59.703125,60.2265625,project\p7_results\results\P7_FINAL_V3_FOLD_5\val_predictions_best.csv
15592,42.0,39.5,41.90625,40.1015625,40.703125,41.3046875,project\p7_results\results\P7_FINAL_V3_FOLD_3\val_predictions_best.csv
15601,132.0,131.75,129.25,131.125,130.5,129.875,project\p7_results\results\P7_FINAL_V3_FOLD_4\val_predictions_best.csv
15607,186.0,182.75,179.875,182.03125,181.3125,180.59375,project\p7_results\results\P7_FINAL_V3_FOLD_5\val_predictions_best.csv
15611,120.0,130.0,130.875,130.21875,130.4375,130.65625,project\p7_results\results\P7_FINAL_V3_FOLD_3\val_predictions_best.csv
15612,132.0,138.125,132.125,136.625,135.125,133.625,project\p7_results\results\P7_FINAL_V3_FOLD_4\val_predictions_best.csv
