2026-08-18 17:21:38,986 | INFO | Run=P7_FINAL_V3_FOLD_5 device=cuda config_hash=1180388aae6cc7eb6c0da51b0ddc0e5df87e7fd819cca1f81c498b020d0b3e82
2026-08-18 17:21:38,987 | INFO | Split hash train=a96b92c7a21651d13353716b0554fdd5bd7a49a1887661dc5e6ea3109eced218 validation=f47b558cd14bfc86ca04d47d243c728410ddfb08b2461cfd73dccebf26b77a67
2026-08-18 17:22:15,015 | INFO | epoch=1 batch=25 global_step=8 loss_reg_months=32.4766 lr=0.00020000 grad_norm=1.4044 throughput=8.33 img/s eta_seconds=1312.1 gpu_alloc=484.5MiB gpu_reserved=4358.0MiB skipped_batches=0
2026-08-18 17:22:31,013 | INFO | epoch=1 batch=50 global_step=16 loss_reg_months=30.1199 lr=0.00020000 grad_norm=6.8178 throughput=11.54 img/s eta_seconds=921.4 gpu_alloc=484.5MiB gpu_reserved=4358.0MiB skipped_batches=0
2026-08-18 17:22:46,725 | INFO | epoch=1 batch=75 global_step=25 loss_reg_months=25.9234 lr=0.00020000 grad_norm=6.4056 throughput=13.29 img/s eta_seconds=777.3 gpu_alloc=375.7MiB gpu_reserved=4358.0MiB skipped_batches=0
2026-08-18 17:23:02,926 | INFO | epoch=1 batch=100 global_step=33 loss_reg_months=23.6367 lr=0.00020000 grad_norm=5.0326 throughput=14.30 img/s eta_seconds=701.4 gpu_alloc=484.5MiB gpu_reserved=4358.0MiB skipped_batches=0
2026-08-18 17:23:19,049 | INFO | epoch=1 batch=125 global_step=41 loss_reg_months=22.5746 lr=0.00020000 grad_norm=7.0018 throughput=14.99 img/s eta_seconds=648.9 gpu_alloc=484.5MiB gpu_reserved=4358.0MiB skipped_batches=0
2026-08-18 17:23:35,049 | INFO | epoch=1 batch=150 global_step=50 loss_reg_months=21.1398 lr=0.00020000 grad_norm=4.6976 throughput=15.51 img/s eta_seconds=607.9 gpu_alloc=375.7MiB gpu_reserved=4358.0MiB skipped_batches=0
2026-08-18 17:23:51,126 | INFO | epoch=1 batch=175 global_step=58 loss_reg_months=20.2408 lr=0.00020000 grad_norm=10.9729 throughput=15.89 img/s eta_seconds=574.4 gpu_alloc=484.5MiB gpu_reserved=4358.0MiB skipped_batches=0
2026-08-18 17:24:06,893 | INFO | epoch=1 batch=200 global_step=66 loss_reg_months=19.7095 lr=0.00020000 grad_norm=5.6634 throughput=16.23 img/s eta_seconds=544.1 gpu_alloc=484.5MiB gpu_reserved=4358.0MiB skipped_batches=0
2026-08-18 17:24:23,293 | INFO | epoch=1 batch=225 global_step=75 loss_reg_months=19.0053 lr=0.00020000 grad_norm=4.5234 throughput=16.43 img/s eta_seconds=519.0 gpu_alloc=375.7MiB gpu_reserved=4358.0MiB skipped_batches=0
2026-08-18 17:24:38,448 | INFO | epoch=1 batch=250 global_step=83 loss_reg_months=18.3796 lr=0.00020000 grad_norm=6.6384 throughput=16.72 img/s eta_seconds=492.2 gpu_alloc=484.5MiB gpu_reserved=4358.0MiB skipped_batches=0
2026-08-18 17:24:54,153 | INFO | epoch=1 batch=275 global_step=91 loss_reg_months=17.8646 lr=0.00020000 grad_norm=5.1267 throughput=16.91 img/s eta_seconds=468.9 gpu_alloc=484.5MiB gpu_reserved=4358.0MiB skipped_batches=0
2026-08-18 17:25:09,700 | INFO | epoch=1 batch=300 global_step=100 loss_reg_months=17.4356 lr=0.00020000 grad_norm=4.4777 throughput=17.09 img/s eta_seconds=446.5 gpu_alloc=375.7MiB gpu_reserved=4358.0MiB skipped_batches=0
2026-08-18 17:25:26,971 | INFO | epoch=1 batch=325 global_step=108 loss_reg_months=17.0349 lr=0.00020000 grad_norm=4.6402 throughput=17.11 img/s eta_seconds=428.4 gpu_alloc=484.5MiB gpu_reserved=4358.0MiB skipped_batches=0
2026-08-18 17:25:42,927 | INFO | epoch=1 batch=350 global_step=116 loss_reg_months=16.5420 lr=0.00020000 grad_norm=1.8493 throughput=17.22 img/s eta_seconds=408.2 gpu_alloc=484.5MiB gpu_reserved=4358.0MiB skipped_batches=0
2026-08-18 17:25:58,687 | INFO | epoch=1 batch=375 global_step=125 loss_reg_months=16.1089 lr=0.00020000 grad_norm=2.3879 throughput=17.33 img/s eta_seconds=388.3 gpu_alloc=375.7MiB gpu_reserved=4358.0MiB skipped_batches=0
2026-08-18 17:26:14,163 | INFO | epoch=1 batch=400 global_step=133 loss_reg_months=15.8421 lr=0.00020000 grad_norm=6.4491 throughput=17.44 img/s eta_seconds=368.5 gpu_alloc=484.5MiB gpu_reserved=4358.0MiB skipped_batches=0
2026-08-18 17:26:30,444 | INFO | epoch=1 batch=425 global_step=141 loss_reg_months=15.5362 lr=0.00020000 grad_norm=2.1718 throughput=17.50 img/s eta_seconds=350.2 gpu_alloc=484.5MiB gpu_reserved=4358.0MiB skipped_batches=0
2026-08-18 17:26:46,695 | INFO | epoch=1 batch=450 global_step=150 loss_reg_months=15.2311 lr=0.00020000 grad_norm=4.7374 throughput=17.55 img/s eta_seconds=332.1 gpu_alloc=375.7MiB gpu_reserved=4358.0MiB skipped_batches=0
2026-08-18 17:27:02,672 | INFO | epoch=1 batch=475 global_step=158 loss_reg_months=14.9040 lr=0.00020000 grad_norm=4.6410 throughput=17.61 img/s eta_seconds=314.0 gpu_alloc=484.5MiB gpu_reserved=4358.0MiB skipped_batches=0
2026-08-18 17:27:18,627 | INFO | epoch=1 batch=500 global_step=166 loss_reg_months=14.6198 lr=0.00020000 grad_norm=2.1603 throughput=17.67 img/s eta_seconds=296.0 gpu_alloc=484.5MiB gpu_reserved=4358.0MiB skipped_batches=0
2026-08-18 17:27:34,656 | INFO | epoch=1 batch=525 global_step=175 loss_reg_months=14.3670 lr=0.00020000 grad_norm=2.1108 throughput=17.71 img/s eta_seconds=278.3 gpu_alloc=375.7MiB gpu_reserved=4358.0MiB skipped_batches=0
2026-08-18 17:27:50,376 | INFO | epoch=1 batch=550 global_step=183 loss_reg_months=14.0554 lr=0.00020000 grad_norm=3.8067 throughput=17.77 img/s eta_seconds=260.5 gpu_alloc=484.5MiB gpu_reserved=4358.0MiB skipped_batches=0
2026-08-18 17:28:05,885 | INFO | epoch=1 batch=575 global_step=191 loss_reg_months=13.7869 lr=0.00020000 grad_norm=3.4761 throughput=17.83 img/s eta_seconds=242.7 gpu_alloc=484.5MiB gpu_reserved=4358.0MiB skipped_batches=0
2026-08-18 17:28:23,191 | INFO | epoch=1 batch=600 global_step=200 loss_reg_months=13.5828 lr=0.00020000 grad_norm=3.0614 throughput=17.81 img/s eta_seconds=226.2 gpu_alloc=375.7MiB gpu_reserved=4358.0MiB skipped_batches=0
2026-08-18 17:28:38,085 | INFO | epoch=1 batch=625 global_step=208 loss_reg_months=13.3268 lr=0.00020000 grad_norm=2.4942 throughput=17.90 img/s eta_seconds=208.4 gpu_alloc=484.5MiB gpu_reserved=4358.0MiB skipped_batches=0
2026-08-18 17:29:42,706 | INFO | epoch=1 batch=725 global_step=241 loss_reg_months=12.5038 lr=0.00020000 grad_norm=3.2159 throughput=17.99 img/s eta_seconds=140.6 gpu_alloc=484.5MiB gpu_reserved=4358.0MiB skipped_batches=0
2026-08-18 17:30:01,901 | INFO | epoch=1 batch=750 global_step=250 loss_reg_months=12.3714 lr=0.00020000 grad_norm=1.8877 throughput=17.90 img/s eta_seconds=124.6 gpu_alloc=375.7MiB gpu_reserved=4358.0MiB skipped_batches=0
2026-08-18 17:30:14,443 | INFO | epoch=1 batch=775 global_step=258 loss_reg_months=12.2491 lr=0.00020000 grad_norm=3.3649 throughput=18.04 img/s eta_seconds=106.9 gpu_alloc=484.5MiB gpu_reserved=4358.0MiB skipped_batches=0
2026-08-18 17:30:30,118 | INFO | epoch=1 batch=800 global_step=266 loss_reg_months=12.1088 lr=0.00020000 grad_norm=3.0783 throughput=18.08 img/s eta_seconds=90.1 gpu_alloc=484.5MiB gpu_reserved=4358.0MiB skipped_batches=0
2026-08-18 17:30:45,703 | INFO | epoch=1 batch=825 global_step=275 loss_reg_months=11.9790 lr=0.00020000 grad_norm=2.3338 throughput=18.11 img/s eta_seconds=73.4 gpu_alloc=375.7MiB gpu_reserved=4358.0MiB skipped_batches=0
2026-08-18 17:31:03,523 | INFO | epoch=1 batch=850 global_step=283 loss_reg_months=11.8321 lr=0.00020000 grad_norm=1.6019 throughput=18.07 img/s eta_seconds=56.9 gpu_alloc=484.5MiB gpu_reserved=4358.0MiB skipped_batches=0
2026-08-18 17:31:19,139 | INFO | epoch=1 batch=875 global_step=291 loss_reg_months=11.7175 lr=0.00020000 grad_norm=3.6995 throughput=18.10 img/s eta_seconds=40.3 gpu_alloc=484.5MiB gpu_reserved=4358.0MiB skipped_batches=0
2026-08-18 17:31:35,686 | INFO | epoch=1 batch=900 global_step=300 loss_reg_months=11.5973 lr=0.00020000 grad_norm=3.4617 throughput=18.10 img/s eta_seconds=23.7 gpu_alloc=375.7MiB gpu_reserved=4358.0MiB skipped_batches=0
2026-08-18 17:31:51,614 | INFO | epoch=1 batch=925 global_step=308 loss_reg_months=11.4751 lr=0.00020000 grad_norm=3.0112 throughput=18.12 img/s eta_seconds=7.1 gpu_alloc=484.5MiB gpu_reserved=4358.0MiB skipped_batches=0
2026-08-18 17:34:21,068 | WARNING | STABILITY WARNING [CAM] Prediction vượt nhẹ miền tuổi 0–228: [-2.24, 225.38]
2026-08-18 17:34:30,187 | INFO | 
TRAINING REVIEW SNAPSHOT
Run ID / config hash / split hash: P7_FINAL_V3_FOLD_5 / 1180388aae6c / a96b92c7a216+f47b558cd14b
Epoch / global step: 1 / 312
Train loss: 11.4219
Validation MAE / RMSE / median AE: 7.6754 / 10.1424 / 5.8750
MAE nam / nữ / age bins: {'F': 7.874401142996109, 'M': 7.507427521353482} / {'180-228': 6.898469387755102, '120-179': 7.295882627646327, '0-59': 7.2779547835195535, '60-119': 8.796452702702704}
Learning rate / peak VRAM: 0.00020000 / 4358.0 MiB
Best epoch / best MAE / epochs không cải thiện: 1 / 7.6754 / 0
Cảnh báo hiện tại: CAM: Prediction vượt nhẹ miền tuổi 0–228: [-2.24, 225.38]
Checkpoint gần nhất: /content/p7_v3/runs/P7_FINAL_V3_FOLD_5/last.ckpt
Checkpoint tốt nhất: /content/p7_v3/runs/P7_FINAL_V3_FOLD_5/best_mae.ckpt
Đề xuất tự động: THEO DÕI
2026-08-18 17:34:56,336 | INFO | epoch=2 batch=25 global_step=320 loss_reg_months=6.6997 lr=0.00019960 grad_norm=1.6371 throughput=13.15 img/s eta_seconds=831.3 gpu_alloc=484.5MiB gpu_reserved=4358.0MiB skipped_batches=0
2026-08-18 17:35:11,959 | INFO | epoch=2 batch=50 global_step=328 loss_reg_months=6.6849 lr=0.00019960 grad_norm=2.1928 throughput=15.61 img/s eta_seconds=681.0 gpu_alloc=484.5MiB gpu_reserved=4358.0MiB skipped_batches=0
2026-08-18 17:35:28,835 | INFO | epoch=2 batch=75 global_step=337 loss_reg_months=7.2371 lr=0.00019960 grad_norm=2.9965 throughput=16.27 img/s eta_seconds=634.9 gpu_alloc=375.7MiB gpu_reserved=4358.0MiB skipped_batches=0
2026-08-18 17:35:44,541 | INFO | epoch=2 batch=100 global_step=345 loss_reg_months=7.4243 lr=0.00019960 grad_norm=3.3312 throughput=16.90 img/s eta_seconds=593.6 gpu_alloc=484.5MiB gpu_reserved=4358.0MiB skipped_batches=0
2026-08-18 17:36:01,169 | INFO | epoch=2 batch=125 global_step=353 loss_reg_months=7.3686 lr=0.00019960 grad_norm=2.1785 throughput=17.11 img/s eta_seconds=568.5 gpu_alloc=484.5MiB gpu_reserved=4358.0MiB skipped_batches=0
2026-08-18 17:36:16,794 | INFO | epoch=2 batch=150 global_step=362 loss_reg_months=7.4084 lr=0.00019960 grad_norm=3.7686 throughput=17.43 img/s eta_seconds=541.0 gpu_alloc=375.7MiB gpu_reserved=4358.0MiB skipped_batches=0
2026-08-18 17:36:32,255 | INFO | epoch=2 batch=175 global_step=370 loss_reg_months=7.4249 lr=0.00019960 grad_norm=4.8632 throughput=17.69 img/s eta_seconds=516.2 gpu_alloc=484.5MiB gpu_reserved=4358.0MiB skipped_batches=0
2026-08-18 17:36:47,756 | INFO | epoch=2 batch=200 global_step=378 loss_reg_months=7.4104 lr=0.00019960 grad_norm=2.1678 throughput=17.88 img/s eta_seconds=493.8 gpu_alloc=484.5MiB gpu_reserved=4358.0MiB skipped_batches=0
2026-08-18 17:37:04,424 | INFO | epoch=2 batch=225 global_step=387 loss_reg_months=7.3641 lr=0.00019960 grad_norm=2.4861 throughput=17.89 img/s eta_seconds=476.7 gpu_alloc=375.7MiB gpu_reserved=4358.0MiB skipped_batches=0
2026-08-18 17:37:21,014 | INFO | epoch=2 batch=250 global_step=395 loss_reg_months=7.2641 lr=0.00019960 grad_norm=1.8641 throughput=17.91 img/s eta_seconds=459.4 gpu_alloc=484.5MiB gpu_reserved=4358.0MiB skipped_batches=0
2026-08-18 17:37:36,745 | INFO | epoch=2 batch=275 global_step=403 loss_reg_months=7.2639 lr=0.00019960 grad_norm=2.1562 throughput=18.01 img/s eta_seconds=440.2 gpu_alloc=484.5MiB gpu_reserved=4358.0MiB skipped_batches=0
2026-08-18 17:37:52,207 | INFO | epoch=2 batch=300 global_step=412 loss_reg_months=7.2630 lr=0.00019960 grad_norm=1.9458 throughput=18.12 img/s eta_seconds=421.1 gpu_alloc=375.7MiB gpu_reserved=4358.0MiB skipped_batches=0
2026-08-18 17:38:08,662 | INFO | epoch=2 batch=325 global_step=420 loss_reg_months=7.2456 lr=0.00019960 grad_norm=2.0004 throughput=18.13 img/s eta_seconds=404.3 gpu_alloc=484.5MiB gpu_reserved=4358.0MiB skipped_batches=0
2026-08-18 17:38:24,706 | INFO | epoch=2 batch=350 global_step=428 loss_reg_months=7.2284 lr=0.00019960 grad_norm=1.7892 throughput=18.17 img/s eta_seconds=386.9 gpu_alloc=484.5MiB gpu_reserved=4358.0MiB skipped_batches=0
2026-08-18 17:38:40,671 | INFO | epoch=2 batch=375 global_step=437 loss_reg_months=7.1756 lr=0.00019960 grad_norm=2.1747 throughput=18.21 img/s eta_seconds=369.6 gpu_alloc=375.7MiB gpu_reserved=4358.0MiB skipped_batches=0
2026-08-18 17:38:57,623 | INFO | epoch=2 batch=400 global_step=445 loss_reg_months=7.1727 lr=0.00019960 grad_norm=2.8492 throughput=18.17 img/s eta_seconds=353.7 gpu_alloc=484.5MiB gpu_reserved=4358.0MiB skipped_batches=0
2026-08-18 17:39:15,907 | INFO | epoch=2 batch=425 global_step=453 loss_reg_months=7.1266 lr=0.00019960 grad_norm=3.5148 throughput=18.06 img/s eta_seconds=339.4 gpu_alloc=484.5MiB gpu_reserved=4358.0MiB skipped_batches=0
2026-08-18 17:39:32,032 | INFO | epoch=2 batch=450 global_step=462 loss_reg_months=7.1193 lr=0.00019960 grad_norm=3.0963 throughput=18.09 img/s eta_seconds=322.2 gpu_alloc=375.7MiB gpu_reserved=4358.0MiB skipped_batches=0
2026-08-18 17:39:48,356 | INFO | epoch=2 batch=475 global_step=470 loss_reg_months=7.1115 lr=0.00019960 grad_norm=2.8336 throughput=18.10 img/s eta_seconds=305.4 gpu_alloc=484.5MiB gpu_reserved=4358.0MiB skipped_batches=0
2026-08-18 17:40:04,555 | INFO | epoch=2 batch=500 global_step=478 loss_reg_months=7.0666 lr=0.00019960 grad_norm=1.9857 throughput=18.12 img/s eta_seconds=288.5 gpu_alloc=484.5MiB gpu_reserved=4358.0MiB skipped_batches=0
2026-08-18 17:40:20,828 | INFO | epoch=2 batch=525 global_step=487 loss_reg_months=7.0577 lr=0.00019960 grad_norm=2.1558 throughput=18.14 img/s eta_seconds=271.7 gpu_alloc=375.7MiB gpu_reserved=4358.0MiB skipped_batches=0
2026-08-18 17:40:36,745 | INFO | epoch=2 batch=550 global_step=495 loss_reg_months=7.0185 lr=0.00019960 grad_norm=2.5187 throughput=18.17 img/s eta_seconds=254.8 gpu_alloc=484.5MiB gpu_reserved=4358.0MiB skipped_batches=0
2026-08-18 17:40:56,667 | INFO | epoch=2 batch=575 global_step=503 loss_reg_months=6.9989 lr=0.00019960 grad_norm=1.9118 throughput=18.01 img/s eta_seconds=240.4 gpu_alloc=484.5MiB gpu_reserved=4358.0MiB skipped_batches=0
2026-08-18 17:41:12,672 | INFO | epoch=2 batch=600 global_step=512 loss_reg_months=6.9869 lr=0.00019960 grad_norm=3.2643 throughput=18.04 img/s eta_seconds=223.4 gpu_alloc=375.7MiB gpu_reserved=4358.0MiB skipped_batches=0
2026-08-18 17:41:28,709 | INFO | epoch=2 batch=625 global_step=520 loss_reg_months=6.9555 lr=0.00019960 grad_norm=2.0293 throughput=18.06 img/s eta_seconds=206.4 gpu_alloc=484.5MiB gpu_reserved=4358.0MiB skipped_batches=0
2026-08-18 17:41:44,769 | INFO | epoch=2 batch=650 global_step=528 loss_reg_months=6.9288 lr=0.00019960 grad_norm=3.2385 throughput=18.09 img/s eta_seconds=189.6 gpu_alloc=484.5MiB gpu_reserved=4358.0MiB skipped_batches=0
2026-08-18 17:42:00,809 | INFO | epoch=2 batch=675 global_step=537 loss_reg_months=6.9548 lr=0.00019960 grad_norm=3.7099 throughput=18.11 img/s eta_seconds=172.8 gpu_alloc=375.7MiB gpu_reserved=4358.0MiB skipped_batches=0
2026-08-18 17:42:18,862 | INFO | epoch=2 batch=700 global_step=545 loss_reg_months=6.9799 lr=0.00019960 grad_norm=2.5782 throughput=18.05 img/s eta_seconds=156.7 gpu_alloc=484.5MiB gpu_reserved=4358.0MiB skipped_batches=0
2026-08-18 17:42:35,571 | INFO | epoch=2 batch=725 global_step=553 loss_reg_months=6.9877 lr=0.00019960 grad_norm=2.4160 throughput=18.05 img/s eta_seconds=140.1 gpu_alloc=484.5MiB gpu_reserved=4358.0MiB skipped_batches=0
2026-08-18 17:42:51,367 | INFO | epoch=2 batch=750 global_step=562 loss_reg_months=6.9741 lr=0.00019960 grad_norm=2.8809 throughput=18.08 img/s eta_seconds=123.3 gpu_alloc=375.7MiB gpu_reserved=4358.0MiB skipped_batches=0
2026-08-18 17:43:06,251 | INFO | epoch=2 batch=775 global_step=570 loss_reg_months=6.9380 lr=0.00019960 grad_norm=1.4865 throughput=18.14 img/s eta_seconds=106.4 gpu_alloc=484.5MiB gpu_reserved=4358.0MiB skipped_batches=0
2026-08-18 17:43:23,888 | INFO | epoch=2 batch=800 global_step=578 loss_reg_months=6.9082 lr=0.00019960 grad_norm=2.4894 throughput=18.10 img/s eta_seconds=90.0 gpu_alloc=484.5MiB gpu_reserved=4358.0MiB skipped_batches=0
2026-08-18 17:43:38,859 | INFO | epoch=2 batch=825 global_step=587 loss_reg_months=6.8902 lr=0.00019960 grad_norm=1.6070 throughput=18.15 img/s eta_seconds=73.2 gpu_alloc=375.7MiB gpu_reserved=4358.0MiB skipped_batches=0
2026-08-18 17:43:54,309 | INFO | epoch=2 batch=850 global_step=595 loss_reg_months=6.8595 lr=0.00019960 grad_norm=1.4803 throughput=18.19 img/s eta_seconds=56.6 gpu_alloc=484.5MiB gpu_reserved=4358.0MiB skipped_batches=0
2026-08-18 17:44:10,576 | INFO | epoch=2 batch=875 global_step=603 loss_reg_months=6.8359 lr=0.00019960 grad_norm=1.6553 throughput=18.20 img/s eta_seconds=40.1 gpu_alloc=484.5MiB gpu_reserved=4358.0MiB skipped_batches=0
2026-08-18 17:44:27,399 | INFO | epoch=2 batch=900 global_step=612 loss_reg_months=6.8372 lr=0.00019960 grad_norm=2.0679 throughput=18.19 img/s eta_seconds=23.6 gpu_alloc=375.7MiB gpu_reserved=4358.0MiB skipped_batches=0
2026-08-18 17:44:42,859 | INFO | epoch=2 batch=925 global_step=620 loss_reg_months=6.8287 lr=0.00019960 grad_norm=2.0827 throughput=18.22 img/s eta_seconds=7.1 gpu_alloc=484.5MiB gpu_reserved=4358.0MiB skipped_batches=0
2026-08-18 17:46:58,099 | INFO | 
TRAINING REVIEW SNAPSHOT
Run ID / config hash / split hash: P7_FINAL_V3_FOLD_5 / 1180388aae6c / a96b92c7a216+f47b558cd14b
Epoch / global step: 2 / 624
Train loss: 6.8323
Validation MAE / RMSE / median AE: 7.6462 / 10.0550 / 5.8750
MAE nam / nữ / age bins: {'F': 8.074088035019455, 'M': 7.28494579500657} / {'180-228': 5.8428571428571425, '120-179': 5.765294209215442, '0-59': 10.51510125698324, '60-119': 11.441602316602317}
Learning rate / peak VRAM: 0.00019960 / 4358.0 MiB
Best epoch / best MAE / epochs không cải thiện: 2 / 7.6462 / 0
Cảnh báo hiện tại: KHÔNG
Checkpoint gần nhất: /content/p7_v3/runs/P7_FINAL_V3_FOLD_5/last.ckpt
Checkpoint tốt nhất: /content/p7_v3/runs/P7_FINAL_V3_FOLD_5/best_mae.ckpt
Đề xuất tự động: TIẾP TỤC
2026-08-18 17:47:19,800 | INFO | epoch=3 batch=25 global_step=632 loss_reg_months=6.4931 lr=0.00019840 grad_norm=2.9006 throughput=15.54 img/s eta_seconds=703.2 gpu_alloc=484.5MiB gpu_reserved=4358.0MiB skipped_batches=0
2026-08-18 17:47:36,058 | INFO | epoch=3 batch=50 global_step=640 loss_reg_months=6.7288 lr=0.00019840 grad_norm=1.5520 throughput=16.87 img/s eta_seconds=629.9 gpu_alloc=484.5MiB gpu_reserved=4358.0MiB skipped_batches=0
2026-08-18 17:47:52,652 | INFO | epoch=3 batch=75 global_step=649 loss_reg_months=6.8230 lr=0.00019840 grad_norm=1.2520 throughput=17.26 img/s eta_seconds=598.5 gpu_alloc=375.7MiB gpu_reserved=4358.0MiB skipped_batches=0
2026-08-18 17:48:09,423 | INFO | epoch=3 batch=100 global_step=657 loss_reg_months=6.6401 lr=0.00019840 grad_norm=2.1893 throughput=17.41 img/s eta_seconds=576.0 gpu_alloc=484.5MiB gpu_reserved=4358.0MiB skipped_batches=0
2026-08-18 17:48:25,168 | INFO | epoch=3 batch=125 global_step=665 loss_reg_months=6.4611 lr=0.00019840 grad_norm=1.8251 throughput=17.72 img/s eta_seconds=549.2 gpu_alloc=484.5MiB gpu_reserved=4358.0MiB skipped_batches=0
2026-08-18 17:48:42,446 | INFO | epoch=3 batch=150 global_step=674 loss_reg_months=6.5876 lr=0.00019840 grad_norm=3.2634 throughput=17.66 img/s eta_seconds=534.0 gpu_alloc=375.7MiB gpu_reserved=4358.0MiB skipped_batches=0
2026-08-18 17:48:58,709 | INFO | epoch=3 batch=175 global_step=682 loss_reg_months=6.5500 lr=0.00019840 grad_norm=1.8742 throughput=17.76 img/s eta_seconds=513.9 gpu_alloc=484.5MiB gpu_reserved=4358.0MiB skipped_batches=0
2026-08-18 17:49:14,068 | INFO | epoch=3 batch=200 global_step=690 loss_reg_months=6.4845 lr=0.00019840 grad_norm=1.2701 throughput=17.97 img/s eta_seconds=491.4 gpu_alloc=484.5MiB gpu_reserved=4358.0MiB skipped_batches=0
2026-08-18 17:49:29,886 | INFO | epoch=3 batch=225 global_step=699 loss_reg_months=6.4178 lr=0.00019840 grad_norm=1.8958 throughput=18.07 img/s eta_seconds=471.9 gpu_alloc=375.7MiB gpu_reserved=4358.0MiB skipped_batches=0
2026-08-18 17:49:45,472 | INFO | epoch=3 batch=250 global_step=707 loss_reg_months=6.3389 lr=0.00019840 grad_norm=3.6786 throughput=18.18 img/s eta_seconds=452.5 gpu_alloc=484.5MiB gpu_reserved=4358.0MiB skipped_batches=0
2026-08-18 17:50:02,250 | INFO | epoch=3 batch=275 global_step=715 loss_reg_months=6.3357 lr=0.00019840 grad_norm=1.9322 throughput=18.16 img/s eta_seconds=436.7 gpu_alloc=484.5MiB gpu_reserved=4358.0MiB skipped_batches=0
2026-08-18 17:50:18,291 | INFO | epoch=3 batch=300 global_step=724 loss_reg_months=6.3261 lr=0.00019840 grad_norm=1.5989 throughput=18.20 img/s eta_seconds=419.2 gpu_alloc=375.7MiB gpu_reserved=4358.0MiB skipped_batches=0
2026-08-18 17:50:33,965 | INFO | epoch=3 batch=325 global_step=732 loss_reg_months=6.3244 lr=0.00019840 grad_norm=3.4310 throughput=18.27 img/s eta_seconds=401.2 gpu_alloc=484.5MiB gpu_reserved=4358.0MiB skipped_batches=0
2026-08-18 17:50:49,999 | INFO | epoch=3 batch=350 global_step=740 loss_reg_months=6.3334 lr=0.00019840 grad_norm=2.9448 throughput=18.30 img/s eta_seconds=384.1 gpu_alloc=484.5MiB gpu_reserved=4358.0MiB skipped_batches=0
2026-08-18 17:51:06,809 | INFO | epoch=3 batch=375 global_step=749 loss_reg_months=6.3284 lr=0.00019840 grad_norm=1.2420 throughput=18.27 img/s eta_seconds=368.3 gpu_alloc=375.7MiB gpu_reserved=4358.0MiB skipped_batches=0
2026-08-18 17:51:23,315 | INFO | epoch=3 batch=400 global_step=757 loss_reg_months=6.3392 lr=0.00019840 grad_norm=1.6036 throughput=18.26 img/s eta_seconds=352.0 gpu_alloc=484.5MiB gpu_reserved=4358.0MiB skipped_batches=0
2026-08-18 17:51:40,461 | INFO | epoch=3 batch=425 global_step=765 loss_reg_months=6.3162 lr=0.00019840 grad_norm=2.3833 throughput=18.22 img/s eta_seconds=336.4 gpu_alloc=484.5MiB gpu_reserved=4358.0MiB skipped_batches=0
2026-08-18 17:51:56,544 | INFO | epoch=3 batch=450 global_step=774 loss_reg_months=6.3441 lr=0.00019840 grad_norm=2.4839 throughput=18.24 img/s eta_seconds=319.6 gpu_alloc=375.7MiB gpu_reserved=4358.0MiB skipped_batches=0
2026-08-18 17:52:13,900 | INFO | epoch=3 batch=475 global_step=782 loss_reg_months=6.3649 lr=0.00019840 grad_norm=2.0112 throughput=18.19 img/s eta_seconds=304.0 gpu_alloc=484.5MiB gpu_reserved=4358.0MiB skipped_batches=0
2026-08-18 17:52:29,785 | INFO | epoch=3 batch=500 global_step=790 loss_reg_months=6.3219 lr=0.00019840 grad_norm=2.6186 throughput=18.22 img/s eta_seconds=287.0 gpu_alloc=484.5MiB gpu_reserved=4358.0MiB skipped_batches=0
2026-08-18 17:52:45,165 | INFO | epoch=3 batch=525 global_step=799 loss_reg_months=6.3014 lr=0.00019840 grad_norm=1.6292 throughput=18.28 img/s eta_seconds=269.7 gpu_alloc=375.7MiB gpu_reserved=4358.0MiB skipped_batches=0
2026-08-18 17:53:01,295 | INFO | epoch=3 batch=550 global_step=807 loss_reg_months=6.2926 lr=0.00019840 grad_norm=1.5860 throughput=18.29 img/s eta_seconds=253.1 gpu_alloc=484.5MiB gpu_reserved=4358.0MiB skipped_batches=0
2026-08-18 17:53:17,410 | INFO | epoch=3 batch=575 global_step=815 loss_reg_months=6.2676 lr=0.00019840 grad_norm=2.5408 throughput=18.31 img/s eta_seconds=236.5 gpu_alloc=484.5MiB gpu_reserved=4358.0MiB skipped_batches=0
2026-08-18 17:53:34,455 | INFO | epoch=3 batch=600 global_step=824 loss_reg_months=6.2728 lr=0.00019840 grad_norm=2.1476 throughput=18.28 img/s eta_seconds=220.5 gpu_alloc=375.7MiB gpu_reserved=4358.0MiB skipped_batches=0
2026-08-18 17:53:49,361 | INFO | epoch=3 batch=625 global_step=832 loss_reg_months=6.2591 lr=0.00019840 grad_norm=1.3562 throughput=18.34 img/s eta_seconds=203.3 gpu_alloc=484.5MiB gpu_reserved=4358.0MiB skipped_batches=0
2026-08-18 17:54:05,754 | INFO | epoch=3 batch=650 global_step=840 loss_reg_months=6.2782 lr=0.00019840 grad_norm=2.0145 throughput=18.34 img/s eta_seconds=186.9 gpu_alloc=484.5MiB gpu_reserved=4358.0MiB skipped_batches=0
2026-08-18 17:54:22,210 | INFO | epoch=3 batch=675 global_step=849 loss_reg_months=6.2463 lr=0.00019840 grad_norm=1.4842 throughput=18.34 img/s eta_seconds=170.6 gpu_alloc=375.7MiB gpu_reserved=4358.0MiB skipped_batches=0
2026-08-18 17:54:39,399 | INFO | epoch=3 batch=700 global_step=857 loss_reg_months=6.2305 lr=0.00019840 grad_norm=1.3378 throughput=18.30 img/s eta_seconds=154.6 gpu_alloc=484.5MiB gpu_reserved=4358.0MiB skipped_batches=0
2026-08-18 17:54:53,482 | INFO | epoch=3 batch=725 global_step=865 loss_reg_months=6.2351 lr=0.00019840 grad_norm=3.4669 throughput=18.39 img/s eta_seconds=137.5 gpu_alloc=484.5MiB gpu_reserved=4358.0MiB skipped_batches=0
2026-08-18 17:55:09,261 | INFO | epoch=3 batch=750 global_step=874 loss_reg_months=6.2506 lr=0.00019840 grad_norm=3.0303 throughput=18.41 img/s eta_seconds=121.1 gpu_alloc=375.7MiB gpu_reserved=4358.0MiB skipped_batches=0
2026-08-18 17:55:25,711 | INFO | epoch=3 batch=775 global_step=882 loss_reg_months=6.2374 lr=0.00019840 grad_norm=1.1476 throughput=18.41 img/s eta_seconds=104.8 gpu_alloc=484.5MiB gpu_reserved=4358.0MiB skipped_batches=0
2026-08-18 17:55:43,299 | INFO | epoch=3 batch=800 global_step=890 loss_reg_months=6.2427 lr=0.00019840 grad_norm=1.9060 throughput=18.36 img/s eta_seconds=88.7 gpu_alloc=484.5MiB gpu_reserved=4358.0MiB skipped_batches=0
2026-08-18 17:55:59,246 | INFO | epoch=3 batch=825 global_step=899 loss_reg_months=6.2458 lr=0.00019840 grad_norm=1.6134 throughput=18.38 img/s eta_seconds=72.3 gpu_alloc=375.7MiB gpu_reserved=4358.0MiB skipped_batches=0
2026-08-18 17:56:21,629 | INFO | epoch=3 batch=850 global_step=907 loss_reg_months=6.2611 lr=0.00019840 grad_norm=2.7832 throughput=18.18 img/s eta_seconds=56.6 gpu_alloc=484.5MiB gpu_reserved=4358.0MiB skipped_batches=0
2026-08-18 17:56:35,211 | INFO | epoch=3 batch=875 global_step=915 loss_reg_months=6.2628 lr=0.00019840 grad_norm=1.5102 throughput=18.27 img/s eta_seconds=39.9 gpu_alloc=484.5MiB gpu_reserved=4358.0MiB skipped_batches=0
2026-08-18 17:56:51,145 | INFO | epoch=3 batch=900 global_step=924 loss_reg_months=6.2481 lr=0.00019840 grad_norm=2.1871 throughput=18.29 img/s eta_seconds=23.5 gpu_alloc=375.7MiB gpu_reserved=4358.0MiB skipped_batches=0
2026-08-18 17:57:06,851 | INFO | epoch=3 batch=925 global_step=932 loss_reg_months=6.2474 lr=0.00019840 grad_norm=2.2399 throughput=18.31 img/s eta_seconds=7.0 gpu_alloc=484.5MiB gpu_reserved=4358.0MiB skipped_batches=0
2026-08-18 17:59:17,683 | WARNING | STABILITY WARNING [CAM] Prediction vượt nhẹ miền tuổi 0–228: [-1.99, 210.25]
2026-08-18 17:59:17,689 | INFO | 
TRAINING REVIEW SNAPSHOT
Run ID / config hash / split hash: P7_FINAL_V3_FOLD_5 / 1180388aae6c / a96b92c7a216+f47b558cd14b
Epoch / global step: 3 / 936
Train loss: 6.2429
Validation MAE / RMSE / median AE: 7.9429 / 10.2450 / 6.5000
MAE nam / nữ / age bins: {'F': 8.352969965953307, 'M': 7.596680970762155} / {'180-228': 10.281122448979591, '120-179': 7.290862391033624, '0-59': 6.704412534916201, '60-119': 8.838642213642213}
Learning rate / peak VRAM: 0.00019840 / 4358.0 MiB
Best epoch / best MAE / epochs không cải thiện: 2 / 7.6462 / 1
Cảnh báo hiện tại: CAM: Prediction vượt nhẹ miền tuổi 0–228: [-1.99, 210.25]
Checkpoint gần nhất: /content/p7_v3/runs/P7_FINAL_V3_FOLD_5/last.ckpt
Checkpoint tốt nhất: /content/p7_v3/runs/P7_FINAL_V3_FOLD_5/best_mae.ckpt
Đề xuất tự động: THEO DÕI
2026-08-18 17:59:43,840 | INFO | epoch=4 batch=25 global_step=944 loss_reg_months=6.1629 lr=0.00019641 grad_norm=2.7964 throughput=16.09 img/s eta_seconds=679.1 gpu_alloc=484.5MiB gpu_reserved=4358.0MiB skipped_batches=0
2026-08-18 17:59:59,443 | INFO | epoch=4 batch=50 global_step=952 loss_reg_months=6.5517 lr=0.00019641 grad_norm=2.2426 throughput=17.52 img/s eta_seconds=606.6 gpu_alloc=484.5MiB gpu_reserved=4358.0MiB skipped_batches=0
2026-08-18 18:00:15,510 | INFO | epoch=4 batch=75 global_step=961 loss_reg_months=6.4375 lr=0.00019641 grad_norm=2.6406 throughput=17.89 img/s eta_seconds=577.4 gpu_alloc=375.7MiB gpu_reserved=4358.0MiB skipped_batches=0
2026-08-18 18:00:31,194 | INFO | epoch=4 batch=100 global_step=969 loss_reg_months=6.2438 lr=0.00019641 grad_norm=1.4267 throughput=18.18 img/s eta_seconds=551.5 gpu_alloc=484.5MiB gpu_reserved=4358.0MiB skipped_batches=0
2026-08-18 18:00:47,114 | INFO | epoch=4 batch=125 global_step=977 loss_reg_months=6.2107 lr=0.00019641 grad_norm=2.8586 throughput=18.31 img/s eta_seconds=531.3 gpu_alloc=484.5MiB gpu_reserved=4358.0MiB skipped_batches=0
2026-08-18 18:01:03,326 | INFO | epoch=4 batch=150 global_step=986 loss_reg_months=6.1420 lr=0.00019641 grad_norm=1.8338 throughput=18.34 img/s eta_seconds=514.0 gpu_alloc=375.7MiB gpu_reserved=4358.0MiB skipped_batches=0
2026-08-18 18:01:19,429 | INFO | epoch=4 batch=175 global_step=994 loss_reg_months=6.1739 lr=0.00019641 grad_norm=1.4071 throughput=18.38 img/s eta_seconds=496.6 gpu_alloc=484.5MiB gpu_reserved=4358.0MiB skipped_batches=0
2026-08-18 18:01:36,576 | INFO | epoch=4 batch=200 global_step=1002 loss_reg_months=6.2722 lr=0.00019641 grad_norm=3.5873 throughput=18.27 img/s eta_seconds=483.3 gpu_alloc=484.5MiB gpu_reserved=4358.0MiB skipped_batches=0
2026-08-18 18:01:53,705 | INFO | epoch=4 batch=225 global_step=1011 loss_reg_months=6.2359 lr=0.00019641 grad_norm=3.5901 throughput=18.18 img/s eta_seconds=469.1 gpu_alloc=375.7MiB gpu_reserved=4358.0MiB skipped_batches=0
2026-08-18 18:02:10,461 | INFO | epoch=4 batch=250 global_step=1019 loss_reg_months=6.2081 lr=0.00019641 grad_norm=2.4526 throughput=18.15 img/s eta_seconds=453.3 gpu_alloc=484.5MiB gpu_reserved=4358.0MiB skipped_batches=0
2026-08-18 18:02:26,041 | INFO | epoch=4 batch=275 global_step=1027 loss_reg_months=6.1378 lr=0.00019641 grad_norm=1.4928 throughput=18.25 img/s eta_seconds=434.5 gpu_alloc=484.5MiB gpu_reserved=4358.0MiB skipped_batches=0
2026-08-18 18:02:41,868 | INFO | epoch=4 batch=300 global_step=1036 loss_reg_months=6.1012 lr=0.00019641 grad_norm=2.5254 throughput=18.31 img/s eta_seconds=416.8 gpu_alloc=375.7MiB gpu_reserved=4358.0MiB skipped_batches=0
2026-08-18 18:02:57,706 | INFO | epoch=4 batch=325 global_step=1044 loss_reg_months=6.0595 lr=0.00019641 grad_norm=1.3671 throughput=18.35 img/s eta_seconds=399.4 gpu_alloc=484.5MiB gpu_reserved=4358.0MiB skipped_batches=0
2026-08-18 18:03:14,018 | INFO | epoch=4 batch=350 global_step=1052 loss_reg_months=6.0572 lr=0.00019641 grad_norm=1.7400 throughput=18.36 img/s eta_seconds=382.9 gpu_alloc=484.5MiB gpu_reserved=4358.0MiB skipped_batches=0
2026-08-18 18:03:29,561 | INFO | epoch=4 batch=375 global_step=1061 loss_reg_months=6.0353 lr=0.00019641 grad_norm=1.4290 throughput=18.42 img/s eta_seconds=365.4 gpu_alloc=375.7MiB gpu_reserved=4358.0MiB skipped_batches=0
2026-08-18 18:03:45,092 | INFO | epoch=4 batch=400 global_step=1069 loss_reg_months=6.0463 lr=0.00019641 grad_norm=3.4182 throughput=18.47 img/s eta_seconds=348.1 gpu_alloc=484.5MiB gpu_reserved=4358.0MiB skipped_batches=0
2026-08-18 18:04:01,112 | INFO | epoch=4 batch=425 global_step=1077 loss_reg_months=6.0488 lr=0.00019641 grad_norm=1.9982 throughput=18.48 img/s eta_seconds=331.6 gpu_alloc=484.5MiB gpu_reserved=4358.0MiB skipped_batches=0
2026-08-18 18:04:17,470 | INFO | epoch=4 batch=450 global_step=1086 loss_reg_months=6.0444 lr=0.00019641 grad_norm=1.8619 throughput=18.48 img/s eta_seconds=315.5 gpu_alloc=375.7MiB gpu_reserved=4358.0MiB skipped_batches=0
2026-08-18 18:04:33,303 | INFO | epoch=4 batch=475 global_step=1094 loss_reg_months=6.0249 lr=0.00019641 grad_norm=1.3614 throughput=18.50 img/s eta_seconds=298.9 gpu_alloc=484.5MiB gpu_reserved=4358.0MiB skipped_batches=0
2026-08-18 18:04:49,225 | INFO | epoch=4 batch=500 global_step=1102 loss_reg_months=5.9889 lr=0.00019641 grad_norm=2.0438 throughput=18.52 img/s eta_seconds=282.4 gpu_alloc=484.5MiB gpu_reserved=4358.0MiB skipped_batches=0
2026-08-18 18:05:05,331 | INFO | epoch=4 batch=525 global_step=1111 loss_reg_months=5.9798 lr=0.00019641 grad_norm=1.6137 throughput=18.52 img/s eta_seconds=266.1 gpu_alloc=375.7MiB gpu_reserved=4358.0MiB skipped_batches=0
2026-08-18 18:05:23,215 | INFO | epoch=4 batch=550 global_step=1119 loss_reg_months=5.9957 lr=0.00019641 grad_norm=1.4313 throughput=18.44 img/s eta_seconds=251.1 gpu_alloc=484.5MiB gpu_reserved=4358.0MiB skipped_batches=0
2026-08-18 18:05:39,067 | INFO | epoch=4 batch=575 global_step=1127 loss_reg_months=5.9985 lr=0.00019641 grad_norm=3.1202 throughput=18.46 img/s eta_seconds=234.6 gpu_alloc=484.5MiB gpu_reserved=4358.0MiB skipped_batches=0
2026-08-18 18:05:53,844 | INFO | epoch=4 batch=600 global_step=1136 loss_reg_months=5.9984 lr=0.00019641 grad_norm=3.0598 throughput=18.53 img/s eta_seconds=217.5 gpu_alloc=375.7MiB gpu_reserved=4358.0MiB skipped_batches=0
2026-08-18 18:06:09,941 | INFO | epoch=4 batch=625 global_step=1144 loss_reg_months=5.9585 lr=0.00019641 grad_norm=1.5384 throughput=18.53 img/s eta_seconds=201.2 gpu_alloc=484.5MiB gpu_reserved=4358.0MiB skipped_batches=0
2026-08-18 18:06:26,482 | INFO | epoch=4 batch=650 global_step=1152 loss_reg_months=5.9427 lr=0.00019641 grad_norm=2.3915 throughput=18.51 img/s eta_seconds=185.2 gpu_alloc=484.5MiB gpu_reserved=4358.0MiB skipped_batches=0
2026-08-18 18:06:46,260 | INFO | epoch=4 batch=675 global_step=1161 loss_reg_months=5.9462 lr=0.00019641 grad_norm=1.1560 throughput=18.36 img/s eta_seconds=170.4 gpu_alloc=375.7MiB gpu_reserved=4358.0MiB skipped_batches=0
2026-08-18 18:07:02,010 | INFO | epoch=4 batch=700 global_step=1169 loss_reg_months=5.9449 lr=0.00019641 grad_norm=1.3109 throughput=18.39 img/s eta_seconds=153.8 gpu_alloc=484.5MiB gpu_reserved=4358.0MiB skipped_batches=0
2026-08-18 18:07:17,959 | INFO | epoch=4 batch=725 global_step=1177 loss_reg_months=5.9343 lr=0.00019641 grad_norm=2.4730 throughput=18.40 img/s eta_seconds=137.4 gpu_alloc=484.5MiB gpu_reserved=4358.0MiB skipped_batches=0
2026-08-18 18:07:34,561 | INFO | epoch=4 batch=750 global_step=1186 loss_reg_months=5.9389 lr=0.00019641 grad_norm=1.1911 throughput=18.39 img/s eta_seconds=121.2 gpu_alloc=375.7MiB gpu_reserved=4358.0MiB skipped_batches=0
2026-08-18 18:07:49,819 | INFO | epoch=4 batch=775 global_step=1194 loss_reg_months=5.9300 lr=0.00019641 grad_norm=1.3617 throughput=18.43 img/s eta_seconds=104.7 gpu_alloc=484.5MiB gpu_reserved=4358.0MiB skipped_batches=0
2026-08-18 18:08:07,989 | INFO | epoch=4 batch=800 global_step=1202 loss_reg_months=5.9326 lr=0.00019641 grad_norm=1.6797 throughput=18.36 img/s eta_seconds=88.7 gpu_alloc=484.5MiB gpu_reserved=4358.0MiB skipped_batches=0
2026-08-18 18:08:23,742 | INFO | epoch=4 batch=825 global_step=1211 loss_reg_months=5.9573 lr=0.00019641 grad_norm=1.8483 throughput=18.38 img/s eta_seconds=72.3 gpu_alloc=375.7MiB gpu_reserved=4358.0MiB skipped_batches=0
2026-08-18 18:08:39,831 | INFO | epoch=4 batch=850 global_step=1219 loss_reg_months=5.9610 lr=0.00019641 grad_norm=1.1705 throughput=18.39 img/s eta_seconds=56.0 gpu_alloc=484.5MiB gpu_reserved=4358.0MiB skipped_batches=0
2026-08-18 18:08:55,247 | INFO | epoch=4 batch=875 global_step=1227 loss_reg_months=5.9610 lr=0.00019641 grad_norm=1.6245 throughput=18.42 img/s eta_seconds=39.6 gpu_alloc=484.5MiB gpu_reserved=4358.0MiB skipped_batches=0
2026-08-18 18:09:11,450 | INFO | epoch=4 batch=900 global_step=1236 loss_reg_months=5.9696 lr=0.00019641 grad_norm=2.7526 throughput=18.42 img/s eta_seconds=23.3 gpu_alloc=375.7MiB gpu_reserved=4358.0MiB skipped_batches=0
2026-08-18 18:09:27,979 | INFO | epoch=4 batch=925 global_step=1244 loss_reg_months=5.9752 lr=0.00019641 grad_norm=2.2117 throughput=18.41 img/s eta_seconds=7.0 gpu_alloc=484.5MiB gpu_reserved=4358.0MiB skipped_batches=0
2026-08-18 18:11:43,856 | INFO | 
TRAINING REVIEW SNAPSHOT
Run ID / config hash / split hash: P7_FINAL_V3_FOLD_5 / 1180388aae6c / a96b92c7a216+f47b558cd14b
Epoch / global step: 4 / 1248
Train loss: 5.9636
Validation MAE / RMSE / median AE: 7.0681 / 9.2257 / 5.6250
MAE nam / nữ / age bins: {'F': 7.314056420233463, 'M': 6.860483738501971} / {'180-228': 5.947959183673469, '120-179': 6.237118617683686, '0-59': 12.548882681564246, '60-119': 7.87632722007722}
Learning rate / peak VRAM: 0.00019641 / 4358.0 MiB
Best epoch / best MAE / epochs không cải thiện: 4 / 7.0681 / 0
Cảnh báo hiện tại: KHÔNG
Checkpoint gần nhất: /content/p7_v3/runs/P7_FINAL_V3_FOLD_5/last.ckpt
Checkpoint tốt nhất: /content/p7_v3/runs/P7_FINAL_V3_FOLD_5/best_mae.ckpt
Đề xuất tự động: TIẾP TỤC
2026-08-18 18:12:09,125 | INFO | epoch=5 batch=25 global_step=1256 loss_reg_months=5.4240 lr=0.00019366 grad_norm=2.5221 throughput=13.23 img/s eta_seconds=826.2 gpu_alloc=484.5MiB gpu_reserved=4358.0MiB skipped_batches=0
2026-08-18 18:12:24,717 | INFO | epoch=5 batch=50 global_step=1264 loss_reg_months=5.2588 lr=0.00019366 grad_norm=1.4716 throughput=15.68 img/s eta_seconds=678.0 gpu_alloc=484.5MiB gpu_reserved=4358.0MiB skipped_batches=0
2026-08-18 18:12:41,264 | INFO | epoch=5 batch=75 global_step=1273 loss_reg_months=5.4611 lr=0.00019366 grad_norm=1.3178 throughput=16.42 img/s eta_seconds=629.1 gpu_alloc=375.7MiB gpu_reserved=4358.0MiB skipped_batches=0
2026-08-18 18:12:56,476 | INFO | epoch=5 batch=100 global_step=1281 loss_reg_months=5.7496 lr=0.00019366 grad_norm=1.7046 throughput=17.14 img/s eta_seconds=585.3 gpu_alloc=484.5MiB gpu_reserved=4358.0MiB skipped_batches=0
2026-08-18 18:13:11,157 | INFO | epoch=5 batch=125 global_step=1289 loss_reg_months=5.7626 lr=0.00019366 grad_norm=1.3132 throughput=17.71 img/s eta_seconds=549.4 gpu_alloc=484.5MiB gpu_reserved=4358.0MiB skipped_batches=0
2026-08-18 18:13:27,829 | INFO | epoch=5 batch=150 global_step=1298 loss_reg_months=5.7320 lr=0.00019366 grad_norm=1.5746 throughput=17.75 img/s eta_seconds=531.1 gpu_alloc=375.7MiB gpu_reserved=4358.0MiB skipped_batches=0
2026-08-18 18:13:43,745 | INFO | epoch=5 batch=175 global_step=1306 loss_reg_months=5.8056 lr=0.00019366 grad_norm=3.0158 throughput=17.90 img/s eta_seconds=509.9 gpu_alloc=484.5MiB gpu_reserved=4358.0MiB skipped_batches=0
2026-08-18 18:13:59,100 | INFO | epoch=5 batch=200 global_step=1314 loss_reg_months=5.8388 lr=0.00019366 grad_norm=15.8831 throughput=18.09 img/s eta_seconds=488.0 gpu_alloc=484.5MiB gpu_reserved=4358.0MiB skipped_batches=0
2026-08-18 18:14:15,126 | INFO | epoch=5 batch=225 global_step=1323 loss_reg_months=5.7536 lr=0.00019366 grad_norm=1.8207 throughput=18.16 img/s eta_seconds=469.6 gpu_alloc=375.7MiB gpu_reserved=4358.0MiB skipped_batches=0
2026-08-18 18:14:32,128 | INFO | epoch=5 batch=250 global_step=1331 loss_reg_months=5.7732 lr=0.00019366 grad_norm=1.7554 throughput=18.11 img/s eta_seconds=454.5 gpu_alloc=484.5MiB gpu_reserved=4358.0MiB skipped_batches=0
2026-08-18 18:14:48,640 | INFO | epoch=5 batch=275 global_step=1339 loss_reg_months=5.7684 lr=0.00019366 grad_norm=2.7104 throughput=18.11 img/s eta_seconds=437.8 gpu_alloc=484.5MiB gpu_reserved=4358.0MiB skipped_batches=0
2026-08-18 18:15:04,211 | INFO | epoch=5 batch=300 global_step=1348 loss_reg_months=5.7558 lr=0.00019366 grad_norm=1.5989 throughput=18.20 img/s eta_seconds=419.1 gpu_alloc=375.7MiB gpu_reserved=4358.0MiB skipped_batches=0
2026-08-18 18:15:20,817 | INFO | epoch=5 batch=325 global_step=1356 loss_reg_months=5.7691 lr=0.00019366 grad_norm=2.6018 throughput=18.19 img/s eta_seconds=402.9 gpu_alloc=484.5MiB gpu_reserved=4358.0MiB skipped_batches=0
2026-08-18 18:15:36,451 | INFO | epoch=5 batch=350 global_step=1364 loss_reg_months=5.7926 lr=0.00019366 grad_norm=1.9633 throughput=18.26 img/s eta_seconds=384.9 gpu_alloc=484.5MiB gpu_reserved=4358.0MiB skipped_batches=0
2026-08-18 18:15:53,233 | INFO | epoch=5 batch=375 global_step=1373 loss_reg_months=5.8102 lr=0.00019366 grad_norm=2.8629 throughput=18.23 img/s eta_seconds=369.0 gpu_alloc=375.7MiB gpu_reserved=4358.0MiB skipped_batches=0
2026-08-18 18:16:08,719 | INFO | epoch=5 batch=400 global_step=1381 loss_reg_months=5.8317 lr=0.00019366 grad_norm=2.1503 throughput=18.30 img/s eta_seconds=351.3 gpu_alloc=484.5MiB gpu_reserved=4358.0MiB skipped_batches=0
2026-08-18 18:16:24,186 | INFO | epoch=5 batch=425 global_step=1389 loss_reg_months=5.8305 lr=0.00019366 grad_norm=1.9488 throughput=18.36 img/s eta_seconds=333.8 gpu_alloc=484.5MiB gpu_reserved=4358.0MiB skipped_batches=0
2026-08-18 18:16:40,295 | INFO | epoch=5 batch=450 global_step=1398 loss_reg_months=5.7964 lr=0.00019366 grad_norm=1.4988 throughput=18.38 img/s eta_seconds=317.2 gpu_alloc=375.7MiB gpu_reserved=4358.0MiB skipped_batches=0
2026-08-18 18:16:56,475 | INFO | epoch=5 batch=475 global_step=1406 loss_reg_months=5.8206 lr=0.00019366 grad_norm=1.2909 throughput=18.39 img/s eta_seconds=300.7 gpu_alloc=484.5MiB gpu_reserved=4358.0MiB skipped_batches=0
2026-08-18 18:17:12,220 | INFO | epoch=5 batch=500 global_step=1414 loss_reg_months=5.7979 lr=0.00019366 grad_norm=2.1452 throughput=18.42 img/s eta_seconds=283.9 gpu_alloc=484.5MiB gpu_reserved=4358.0MiB skipped_batches=0
2026-08-18 18:17:27,610 | INFO | epoch=5 batch=525 global_step=1423 loss_reg_months=5.7689 lr=0.00019366 grad_norm=1.3294 throughput=18.47 img/s eta_seconds=266.9 gpu_alloc=375.7MiB gpu_reserved=4358.0MiB skipped_batches=0
2026-08-18 18:17:44,017 | INFO | epoch=5 batch=550 global_step=1431 loss_reg_months=5.7421 lr=0.00019366 grad_norm=0.9234 throughput=18.46 img/s eta_seconds=250.8 gpu_alloc=484.5MiB gpu_reserved=4358.0MiB skipped_batches=0
2026-08-18 18:18:00,335 | INFO | epoch=5 batch=575 global_step=1439 loss_reg_months=5.7041 lr=0.00019366 grad_norm=2.2198 throughput=18.45 img/s eta_seconds=234.6 gpu_alloc=484.5MiB gpu_reserved=4358.0MiB skipped_batches=0
2026-08-18 18:18:18,177 | INFO | epoch=5 batch=600 global_step=1448 loss_reg_months=5.7195 lr=0.00019366 grad_norm=1.7843 throughput=18.38 img/s eta_seconds=219.2 gpu_alloc=375.7MiB gpu_reserved=4358.0MiB skipped_batches=0
2026-08-18 18:18:34,032 | INFO | epoch=5 batch=625 global_step=1456 loss_reg_months=5.7269 lr=0.00019366 grad_norm=2.8307 throughput=18.40 img/s eta_seconds=202.7 gpu_alloc=484.5MiB gpu_reserved=4358.0MiB skipped_batches=0
2026-08-18 18:18:49,330 | INFO | epoch=5 batch=650 global_step=1464 loss_reg_months=5.7134 lr=0.00019366 grad_norm=2.1259 throughput=18.44 img/s eta_seconds=185.9 gpu_alloc=484.5MiB gpu_reserved=4358.0MiB skipped_batches=0
2026-08-18 18:19:06,016 | INFO | epoch=5 batch=675 global_step=1473 loss_reg_months=5.7070 lr=0.00019366 grad_norm=1.7069 throughput=18.43 img/s eta_seconds=169.8 gpu_alloc=375.7MiB gpu_reserved=4358.0MiB skipped_batches=0
2026-08-18 18:19:21,936 | INFO | epoch=5 batch=700 global_step=1481 loss_reg_months=5.7156 lr=0.00019366 grad_norm=2.3684 throughput=18.44 img/s eta_seconds=153.4 gpu_alloc=484.5MiB gpu_reserved=4358.0MiB skipped_batches=0
2026-08-18 18:19:37,560 | INFO | epoch=5 batch=725 global_step=1489 loss_reg_months=5.7443 lr=0.00019366 grad_norm=1.7164 throughput=18.47 img/s eta_seconds=136.9 gpu_alloc=484.5MiB gpu_reserved=4358.0MiB skipped_batches=0
2026-08-18 18:19:53,653 | INFO | epoch=5 batch=750 global_step=1498 loss_reg_months=5.7371 lr=0.00019366 grad_norm=1.7445 throughput=18.47 img/s eta_seconds=120.7 gpu_alloc=375.7MiB gpu_reserved=4358.0MiB skipped_batches=0
2026-08-18 18:20:09,569 | INFO | epoch=5 batch=775 global_step=1506 loss_reg_months=5.7649 lr=0.00019366 grad_norm=2.1102 throughput=18.48 img/s eta_seconds=104.4 gpu_alloc=484.5MiB gpu_reserved=4358.0MiB skipped_batches=0
2026-08-18 18:20:26,104 | INFO | epoch=5 batch=800 global_step=1514 loss_reg_months=5.7755 lr=0.00019366 grad_norm=1.4465 throughput=18.47 img/s eta_seconds=88.2 gpu_alloc=484.5MiB gpu_reserved=4358.0MiB skipped_batches=0
2026-08-18 18:20:41,124 | INFO | epoch=5 batch=825 global_step=1523 loss_reg_months=5.7981 lr=0.00019366 grad_norm=2.7279 throughput=18.52 img/s eta_seconds=71.8 gpu_alloc=375.7MiB gpu_reserved=4358.0MiB skipped_batches=0
2026-08-18 18:20:57,420 | INFO | epoch=5 batch=850 global_step=1531 loss_reg_months=5.8047 lr=0.00019366 grad_norm=1.7243 throughput=18.51 img/s eta_seconds=55.6 gpu_alloc=484.5MiB gpu_reserved=4358.0MiB skipped_batches=0
2026-08-18 18:21:14,746 | INFO | epoch=5 batch=875 global_step=1539 loss_reg_months=5.7931 lr=0.00019366 grad_norm=1.8534 throughput=18.48 img/s eta_seconds=39.5 gpu_alloc=484.5MiB gpu_reserved=4358.0MiB skipped_batches=0
2026-08-18 18:21:31,567 | INFO | epoch=5 batch=900 global_step=1548 loss_reg_months=5.7735 lr=0.00019366 grad_norm=1.7476 throughput=18.46 img/s eta_seconds=23.2 gpu_alloc=375.7MiB gpu_reserved=4358.0MiB skipped_batches=0
2026-08-18 18:21:49,607 | INFO | epoch=5 batch=925 global_step=1556 loss_reg_months=5.7630 lr=0.00019366 grad_norm=1.8475 throughput=18.40 img/s eta_seconds=7.0 gpu_alloc=484.5MiB gpu_reserved=4358.0MiB skipped_batches=0
2026-08-18 18:24:00,892 | WARNING | STABILITY WARNING [CAM] Prediction vượt nhẹ miền tuổi 0–228: [-9.12, 239.38]
2026-08-18 18:24:00,895 | INFO | 
TRAINING REVIEW SNAPSHOT
Run ID / config hash / split hash: P7_FINAL_V3_FOLD_5 / 1180388aae6c / a96b92c7a216+f47b558cd14b
Epoch / global step: 5 / 1560
Train loss: 5.7591
Validation MAE / RMSE / median AE: 7.4500 / 9.8532 / 5.8125
MAE nam / nữ / age bins: {'F': 7.628635700389105, 'M': 7.299174605781866} / {'180-228': 7.285204081632653, '120-179': 7.0186410336239105, '0-59': 7.510736731843576, '60-119': 8.379544723294723}
Learning rate / peak VRAM: 0.00019366 / 4358.0 MiB
Best epoch / best MAE / epochs không cải thiện: 4 / 7.0681 / 1
Cảnh báo hiện tại: CAM: Prediction vượt nhẹ miền tuổi 0–228: [-9.12, 239.38]
Checkpoint gần nhất: /content/p7_v3/runs/P7_FINAL_V3_FOLD_5/last.ckpt
Checkpoint tốt nhất: /content/p7_v3/runs/P7_FINAL_V3_FOLD_5/best_mae.ckpt
Đề xuất tự động: THEO DÕI
2026-08-18 18:24:21,494 | INFO | epoch=6 batch=25 global_step=1568 loss_reg_months=6.0563 lr=0.00019015 grad_norm=2.0067 throughput=16.66 img/s eta_seconds=656.0 gpu_alloc=484.5MiB gpu_reserved=4358.0MiB skipped_batches=0
2026-08-18 18:24:37,670 | INFO | epoch=6 batch=50 global_step=1576 loss_reg_months=5.8337 lr=0.00019015 grad_norm=1.7621 throughput=17.55 img/s eta_seconds=605.6 gpu_alloc=484.5MiB gpu_reserved=4358.0MiB skipped_batches=0
2026-08-18 18:24:53,463 | INFO | epoch=6 batch=75 global_step=1585 loss_reg_months=5.8941 lr=0.00019015 grad_norm=1.4213 throughput=18.01 img/s eta_seconds=573.6 gpu_alloc=375.7MiB gpu_reserved=4358.0MiB skipped_batches=0
2026-08-18 18:25:08,855 | INFO | epoch=6 batch=100 global_step=1593 loss_reg_months=5.6938 lr=0.00019015 grad_norm=2.6703 throughput=18.36 img/s eta_seconds=546.4 gpu_alloc=484.5MiB gpu_reserved=4358.0MiB skipped_batches=0
2026-08-18 18:25:24,655 | INFO | epoch=6 batch=125 global_step=1601 loss_reg_months=5.8004 lr=0.00019015 grad_norm=2.1961 throughput=18.48 img/s eta_seconds=526.5 gpu_alloc=484.5MiB gpu_reserved=4358.0MiB skipped_batches=0
2026-08-18 18:25:42,684 | INFO | epoch=6 batch=150 global_step=1610 loss_reg_months=5.9020 lr=0.00019015 grad_norm=1.9576 throughput=18.15 img/s eta_seconds=519.6 gpu_alloc=375.7MiB gpu_reserved=4358.0MiB skipped_batches=0
2026-08-18 18:25:58,077 | INFO | epoch=6 batch=175 global_step=1618 loss_reg_months=5.9666 lr=0.00019015 grad_norm=1.7477 throughput=18.33 img/s eta_seconds=498.1 gpu_alloc=484.5MiB gpu_reserved=4358.0MiB skipped_batches=0
2026-08-18 18:26:13,399 | INFO | epoch=6 batch=200 global_step=1626 loss_reg_months=5.9566 lr=0.00019015 grad_norm=1.7043 throughput=18.47 img/s eta_seconds=477.9 gpu_alloc=484.5MiB gpu_reserved=4358.0MiB skipped_batches=0
2026-08-18 18:26:29,418 | INFO | epoch=6 batch=225 global_step=1635 loss_reg_months=5.8927 lr=0.00019015 grad_norm=1.2120 throughput=18.50 img/s eta_seconds=461.0 gpu_alloc=375.7MiB gpu_reserved=4358.0MiB skipped_batches=0
2026-08-18 18:26:45,859 | INFO | epoch=6 batch=250 global_step=1643 loss_reg_months=5.8437 lr=0.00019015 grad_norm=1.6771 throughput=18.48 img/s eta_seconds=445.4 gpu_alloc=484.5MiB gpu_reserved=4358.0MiB skipped_batches=0
2026-08-18 18:27:00,984 | INFO | epoch=6 batch=275 global_step=1651 loss_reg_months=5.8702 lr=0.00019015 grad_norm=3.3255 throughput=18.59 img/s eta_seconds=426.5 gpu_alloc=484.5MiB gpu_reserved=4358.0MiB skipped_batches=0
2026-08-18 18:27:17,001 | INFO | epoch=6 batch=300 global_step=1660 loss_reg_months=5.8172 lr=0.00019015 grad_norm=1.4781 throughput=18.60 img/s eta_seconds=410.1 gpu_alloc=375.7MiB gpu_reserved=4358.0MiB skipped_batches=0
2026-08-18 18:27:32,597 | INFO | epoch=6 batch=325 global_step=1668 loss_reg_months=5.8324 lr=0.00019015 grad_norm=1.8074 throughput=18.65 img/s eta_seconds=393.0 gpu_alloc=484.5MiB gpu_reserved=4358.0MiB skipped_batches=0
2026-08-18 18:27:48,642 | INFO | epoch=6 batch=350 global_step=1676 loss_reg_months=5.8183 lr=0.00019015 grad_norm=2.0650 throughput=18.65 img/s eta_seconds=376.8 gpu_alloc=484.5MiB gpu_reserved=4358.0MiB skipped_batches=0
2026-08-18 18:28:04,099 | INFO | epoch=6 batch=375 global_step=1685 loss_reg_months=5.8027 lr=0.00019015 grad_norm=1.5185 throughput=18.70 img/s eta_seconds=359.8 gpu_alloc=375.7MiB gpu_reserved=4358.0MiB skipped_batches=0
2026-08-18 18:28:19,659 | INFO | epoch=6 batch=400 global_step=1693 loss_reg_months=5.7605 lr=0.00019015 grad_norm=1.3445 throughput=18.74 img/s eta_seconds=343.1 gpu_alloc=484.5MiB gpu_reserved=4358.0MiB skipped_batches=0
2026-08-18 18:28:35,798 | INFO | epoch=6 batch=425 global_step=1701 loss_reg_months=5.7857 lr=0.00019015 grad_norm=2.7192 throughput=18.73 img/s eta_seconds=327.3 gpu_alloc=484.5MiB gpu_reserved=4358.0MiB skipped_batches=0
2026-08-18 18:28:52,034 | INFO | epoch=6 batch=450 global_step=1710 loss_reg_months=5.7925 lr=0.00019015 grad_norm=1.3152 throughput=18.71 img/s eta_seconds=311.5 gpu_alloc=375.7MiB gpu_reserved=4358.0MiB skipped_batches=0
2026-08-18 18:29:13,182 | INFO | epoch=6 batch=475 global_step=1718 loss_reg_months=5.7946 lr=0.00019015 grad_norm=1.2444 throughput=18.40 img/s eta_seconds=300.4 gpu_alloc=484.5MiB gpu_reserved=4358.0MiB skipped_batches=0
2026-08-18 18:29:28,036 | INFO | epoch=6 batch=500 global_step=1726 loss_reg_months=5.7808 lr=0.00019015 grad_norm=1.4992 throughput=18.49 img/s eta_seconds=282.8 gpu_alloc=484.5MiB gpu_reserved=4358.0MiB skipped_batches=0
2026-08-18 18:29:44,744 | INFO | epoch=6 batch=525 global_step=1735 loss_reg_months=5.7629 lr=0.00019015 grad_norm=1.6103 throughput=18.46 img/s eta_seconds=267.0 gpu_alloc=375.7MiB gpu_reserved=4358.0MiB skipped_batches=0
2026-08-18 18:30:00,313 | INFO | epoch=6 batch=550 global_step=1743 loss_reg_months=5.7395 lr=0.00019015 grad_norm=1.5732 throughput=18.50 img/s eta_seconds=250.3 gpu_alloc=484.5MiB gpu_reserved=4358.0MiB skipped_batches=0
2026-08-18 18:30:20,393 | INFO | epoch=6 batch=575 global_step=1751 loss_reg_months=5.7280 lr=0.00019015 grad_norm=2.0887 throughput=18.31 img/s eta_seconds=236.5 gpu_alloc=484.5MiB gpu_reserved=4358.0MiB skipped_batches=0
2026-08-18 18:30:35,540 | INFO | epoch=6 batch=600 global_step=1760 loss_reg_months=5.7269 lr=0.00019015 grad_norm=1.3503 throughput=18.36 img/s eta_seconds=219.4 gpu_alloc=375.7MiB gpu_reserved=4358.0MiB skipped_batches=0
2026-08-18 18:30:51,579 | INFO | epoch=6 batch=625 global_step=1768 loss_reg_months=5.7276 lr=0.00019015 grad_norm=1.1206 throughput=18.38 img/s eta_seconds=202.9 gpu_alloc=484.5MiB gpu_reserved=4358.0MiB skipped_batches=0
2026-08-18 18:31:06,627 | INFO | epoch=6 batch=650 global_step=1776 loss_reg_months=5.7133 lr=0.00019015 grad_norm=2.1703 throughput=18.43 img/s eta_seconds=186.0 gpu_alloc=484.5MiB gpu_reserved=4358.0MiB skipped_batches=0
2026-08-18 18:31:22,901 | INFO | epoch=6 batch=675 global_step=1785 loss_reg_months=5.7100 lr=0.00019015 grad_norm=1.4606 throughput=18.43 img/s eta_seconds=169.7 gpu_alloc=375.7MiB gpu_reserved=4358.0MiB skipped_batches=0
2026-08-18 18:31:38,597 | INFO | epoch=6 batch=700 global_step=1793 loss_reg_months=5.7076 lr=0.00019015 grad_norm=1.2142 throughput=18.46 img/s eta_seconds=153.3 gpu_alloc=484.5MiB gpu_reserved=4358.0MiB skipped_batches=0
2026-08-18 18:31:55,313 | INFO | epoch=6 batch=725 global_step=1801 loss_reg_months=5.7039 lr=0.00019015 grad_norm=1.2832 throughput=18.44 img/s eta_seconds=137.2 gpu_alloc=484.5MiB gpu_reserved=4358.0MiB skipped_batches=0
2026-08-18 18:32:10,988 | INFO | epoch=6 batch=750 global_step=1810 loss_reg_months=5.7072 lr=0.00019015 grad_norm=1.8377 throughput=18.46 img/s eta_seconds=120.7 gpu_alloc=375.7MiB gpu_reserved=4358.0MiB skipped_batches=0
2026-08-18 18:32:27,224 | INFO | epoch=6 batch=775 global_step=1818 loss_reg_months=5.7069 lr=0.00019015 grad_norm=2.3457 throughput=18.46 img/s eta_seconds=104.5 gpu_alloc=484.5MiB gpu_reserved=4358.0MiB skipped_batches=0
2026-08-18 18:32:42,261 | INFO | epoch=6 batch=800 global_step=1826 loss_reg_months=5.7044 lr=0.00019015 grad_norm=1.4380 throughput=18.51 img/s eta_seconds=88.0 gpu_alloc=484.5MiB gpu_reserved=4358.0MiB skipped_batches=0
2026-08-18 18:32:59,287 | INFO | epoch=6 batch=825 global_step=1835 loss_reg_months=5.6951 lr=0.00019015 grad_norm=2.7374 throughput=18.48 img/s eta_seconds=71.9 gpu_alloc=375.7MiB gpu_reserved=4358.0MiB skipped_batches=0
2026-08-18 18:33:14,652 | INFO | epoch=6 batch=850 global_step=1843 loss_reg_months=5.6800 lr=0.00019015 grad_norm=1.0356 throughput=18.51 img/s eta_seconds=55.6 gpu_alloc=484.5MiB gpu_reserved=4358.0MiB skipped_batches=0
2026-08-18 18:33:29,451 | INFO | epoch=6 batch=875 global_step=1851 loss_reg_months=5.6682 lr=0.00019015 grad_norm=1.3838 throughput=18.55 img/s eta_seconds=39.3 gpu_alloc=484.5MiB gpu_reserved=4358.0MiB skipped_batches=0
2026-08-18 18:33:44,667 | INFO | epoch=6 batch=900 global_step=1860 loss_reg_months=5.6561 lr=0.00019015 grad_norm=1.0802 throughput=18.58 img/s eta_seconds=23.1 gpu_alloc=375.7MiB gpu_reserved=4358.0MiB skipped_batches=0
2026-08-18 18:34:00,261 | INFO | epoch=6 batch=925 global_step=1868 loss_reg_months=5.6469 lr=0.00019015 grad_norm=1.9656 throughput=18.60 img/s eta_seconds=6.9 gpu_alloc=484.5MiB gpu_reserved=4358.0MiB skipped_batches=0
2026-08-18 18:36:21,415 | INFO | 
TRAINING REVIEW SNAPSHOT
Run ID / config hash / split hash: P7_FINAL_V3_FOLD_5 / 1180388aae6c / a96b92c7a216+f47b558cd14b
Epoch / global step: 6 / 1872
Train loss: 5.6447
Validation MAE / RMSE / median AE: 6.5861 / 8.7089 / 5.1875
MAE nam / nữ / age bins: {'F': 6.872641050583658, 'M': 6.3441606438896185} / {'180-228': 6.890816326530612, '120-179': 5.680456102117061, '0-59': 9.367667597765363, '60-119': 7.72108268983269}
Learning rate / peak VRAM: 0.00019015 / 4358.0 MiB
Best epoch / best MAE / epochs không cải thiện: 6 / 6.5861 / 0
Cảnh báo hiện tại: KHÔNG
Checkpoint gần nhất: /content/p7_v3/runs/P7_FINAL_V3_FOLD_5/last.ckpt
Checkpoint tốt nhất: /content/p7_v3/runs/P7_FINAL_V3_FOLD_5/best_mae.ckpt
Đề xuất tự động: TIẾP TỤC
2026-08-18 18:36:44,075 | INFO | epoch=7 batch=25 global_step=1880 loss_reg_months=5.8179 lr=0.00018592 grad_norm=1.9147 throughput=14.96 img/s eta_seconds=730.7 gpu_alloc=484.5MiB gpu_reserved=4358.0MiB skipped_batches=0
2026-08-18 18:37:00,179 | INFO | epoch=7 batch=50 global_step=1888 loss_reg_months=5.5954 lr=0.00018592 grad_norm=2.1285 throughput=16.59 img/s eta_seconds=640.8 gpu_alloc=484.5MiB gpu_reserved=4358.0MiB skipped_batches=0
2026-08-18 18:37:16,109 | INFO | epoch=7 batch=75 global_step=1897 loss_reg_months=5.3983 lr=0.00018592 grad_norm=1.1311 throughput=17.28 img/s eta_seconds=597.9 gpu_alloc=375.7MiB gpu_reserved=4358.0MiB skipped_batches=0
2026-08-18 18:37:32,232 | INFO | epoch=7 batch=100 global_step=1905 loss_reg_months=5.3353 lr=0.00018592 grad_norm=1.2816 throughput=17.59 img/s eta_seconds=570.2 gpu_alloc=484.5MiB gpu_reserved=4358.0MiB skipped_batches=0
2026-08-18 18:37:48,041 | INFO | epoch=7 batch=125 global_step=1913 loss_reg_months=5.3507 lr=0.00018592 grad_norm=2.0489 throughput=17.85 img/s eta_seconds=545.0 gpu_alloc=484.5MiB gpu_reserved=4358.0MiB skipped_batches=0
2026-08-18 18:38:03,916 | INFO | epoch=7 batch=150 global_step=1922 loss_reg_months=5.3230 lr=0.00018592 grad_norm=1.7184 throughput=18.02 img/s eta_seconds=523.3 gpu_alloc=375.7MiB gpu_reserved=4358.0MiB skipped_batches=0
2026-08-18 18:38:18,803 | INFO | epoch=7 batch=175 global_step=1930 loss_reg_months=5.3780 lr=0.00018592 grad_norm=1.5297 throughput=18.29 img/s eta_seconds=499.0 gpu_alloc=484.5MiB gpu_reserved=4358.0MiB skipped_batches=0
2026-08-18 18:38:34,599 | INFO | epoch=7 batch=200 global_step=1938 loss_reg_months=5.4861 lr=0.00018592 grad_norm=1.7316 throughput=18.38 img/s eta_seconds=480.4 gpu_alloc=484.5MiB gpu_reserved=4358.0MiB skipped_batches=0
2026-08-18 18:38:50,577 | INFO | epoch=7 batch=225 global_step=1947 loss_reg_months=5.5524 lr=0.00018592 grad_norm=1.8039 throughput=18.42 img/s eta_seconds=463.0 gpu_alloc=375.7MiB gpu_reserved=4358.0MiB skipped_batches=0
2026-08-18 18:39:07,121 | INFO | epoch=7 batch=250 global_step=1955 loss_reg_months=5.5429 lr=0.00018592 grad_norm=1.7904 throughput=18.39 img/s eta_seconds=447.4 gpu_alloc=484.5MiB gpu_reserved=4358.0MiB skipped_batches=0
2026-08-18 18:39:22,794 | INFO | epoch=7 batch=275 global_step=1963 loss_reg_months=5.5163 lr=0.00018592 grad_norm=1.9622 throughput=18.46 img/s eta_seconds=429.6 gpu_alloc=484.5MiB gpu_reserved=4358.0MiB skipped_batches=0
2026-08-18 18:39:38,110 | INFO | epoch=7 batch=300 global_step=1972 loss_reg_months=5.5416 lr=0.00018592 grad_norm=1.5784 throughput=18.55 img/s eta_seconds=411.3 gpu_alloc=375.7MiB gpu_reserved=4358.0MiB skipped_batches=0
2026-08-18 18:39:53,808 | INFO | epoch=7 batch=325 global_step=1980 loss_reg_months=5.4771 lr=0.00018592 grad_norm=1.1375 throughput=18.59 img/s eta_seconds=394.3 gpu_alloc=484.5MiB gpu_reserved=4358.0MiB skipped_batches=0
2026-08-18 18:40:10,593 | INFO | epoch=7 batch=350 global_step=1988 loss_reg_months=5.5124 lr=0.00018592 grad_norm=1.7478 throughput=18.54 img/s eta_seconds=379.2 gpu_alloc=484.5MiB gpu_reserved=4358.0MiB skipped_batches=0
2026-08-18 18:40:27,372 | INFO | epoch=7 batch=375 global_step=1997 loss_reg_months=5.5069 lr=0.00018592 grad_norm=1.5183 throughput=18.49 img/s eta_seconds=363.9 gpu_alloc=375.7MiB gpu_reserved=4358.0MiB skipped_batches=0
2026-08-18 18:40:44,435 | INFO | epoch=7 batch=400 global_step=2005 loss_reg_months=5.4882 lr=0.00018592 grad_norm=2.3095 throughput=18.43 img/s eta_seconds=348.8 gpu_alloc=484.5MiB gpu_reserved=4358.0MiB skipped_batches=0
2026-08-18 18:40:59,498 | INFO | epoch=7 batch=425 global_step=2013 loss_reg_months=5.5154 lr=0.00018592 grad_norm=2.3877 throughput=18.51 img/s eta_seconds=331.1 gpu_alloc=484.5MiB gpu_reserved=4358.0MiB skipped_batches=0
2026-08-18 18:41:16,117 | INFO | epoch=7 batch=450 global_step=2022 loss_reg_months=5.5198 lr=0.00018592 grad_norm=1.5479 throughput=18.49 img/s eta_seconds=315.3 gpu_alloc=375.7MiB gpu_reserved=4358.0MiB skipped_batches=0
2026-08-18 18:41:31,613 | INFO | epoch=7 batch=475 global_step=2030 loss_reg_months=5.5448 lr=0.00018592 grad_norm=1.1895 throughput=18.53 img/s eta_seconds=298.4 gpu_alloc=484.5MiB gpu_reserved=4358.0MiB skipped_batches=0
2026-08-18 18:41:46,720 | INFO | epoch=7 batch=500 global_step=2038 loss_reg_months=5.5967 lr=0.00018592 grad_norm=2.8660 throughput=18.59 img/s eta_seconds=281.2 gpu_alloc=484.5MiB gpu_reserved=4358.0MiB skipped_batches=0
2026-08-18 18:42:02,408 | INFO | epoch=7 batch=525 global_step=2047 loss_reg_months=5.5876 lr=0.00018592 grad_norm=2.0049 throughput=18.62 img/s eta_seconds=264.8 gpu_alloc=375.7MiB gpu_reserved=4358.0MiB skipped_batches=0
2026-08-18 18:42:18,728 | INFO | epoch=7 batch=550 global_step=2055 loss_reg_months=5.6032 lr=0.00018592 grad_norm=1.4813 throughput=18.61 img/s eta_seconds=248.8 gpu_alloc=484.5MiB gpu_reserved=4358.0MiB skipped_batches=0
2026-08-18 18:42:33,742 | INFO | epoch=7 batch=575 global_step=2063 loss_reg_months=5.5788 lr=0.00018592 grad_norm=1.3415 throughput=18.66 img/s eta_seconds=232.0 gpu_alloc=484.5MiB gpu_reserved=4358.0MiB skipped_batches=0
2026-08-18 18:42:49,294 | INFO | epoch=7 batch=600 global_step=2072 loss_reg_months=5.5716 lr=0.00018592 grad_norm=1.2484 throughput=18.69 img/s eta_seconds=215.6 gpu_alloc=375.7MiB gpu_reserved=4358.0MiB skipped_batches=0
2026-08-18 18:43:03,875 | INFO | epoch=7 batch=625 global_step=2080 loss_reg_months=5.5506 lr=0.00018592 grad_norm=1.3463 throughput=18.76 img/s eta_seconds=198.8 gpu_alloc=484.5MiB gpu_reserved=4358.0MiB skipped_batches=0
2026-08-18 18:43:20,334 | INFO | epoch=7 batch=650 global_step=2088 loss_reg_months=5.5500 lr=0.00018592 grad_norm=1.5853 throughput=18.74 img/s eta_seconds=183.0 gpu_alloc=484.5MiB gpu_reserved=4358.0MiB skipped_batches=0
2026-08-18 18:43:35,841 | INFO | epoch=7 batch=675 global_step=2097 loss_reg_months=5.5328 lr=0.00018592 grad_norm=1.3212 throughput=18.76 img/s eta_seconds=166.8 gpu_alloc=375.7MiB gpu_reserved=4358.0MiB skipped_batches=0
2026-08-18 18:43:51,702 | INFO | epoch=7 batch=700 global_step=2105 loss_reg_months=5.5194 lr=0.00018592 grad_norm=1.4786 throughput=18.76 img/s eta_seconds=150.8 gpu_alloc=484.5MiB gpu_reserved=4358.0MiB skipped_batches=0
2026-08-18 18:44:09,136 | INFO | epoch=7 batch=725 global_step=2113 loss_reg_months=5.5210 lr=0.00018592 grad_norm=2.1307 throughput=18.70 img/s eta_seconds=135.2 gpu_alloc=484.5MiB gpu_reserved=4358.0MiB skipped_batches=0
2026-08-18 18:44:24,584 | INFO | epoch=7 batch=750 global_step=2122 loss_reg_months=5.5174 lr=0.00018592 grad_norm=1.1939 throughput=18.73 img/s eta_seconds=119.0 gpu_alloc=375.7MiB gpu_reserved=4358.0MiB skipped_batches=0
2026-08-18 18:44:40,526 | INFO | epoch=7 batch=775 global_step=2130 loss_reg_months=5.5085 lr=0.00018592 grad_norm=2.4309 throughput=18.73 img/s eta_seconds=103.0 gpu_alloc=484.5MiB gpu_reserved=4358.0MiB skipped_batches=0
2026-08-18 18:44:56,204 | INFO | epoch=7 batch=800 global_step=2138 loss_reg_months=5.4923 lr=0.00018592 grad_norm=1.1798 throughput=18.74 img/s eta_seconds=86.9 gpu_alloc=484.5MiB gpu_reserved=4358.0MiB skipped_batches=0
2026-08-18 18:45:12,162 | INFO | epoch=7 batch=825 global_step=2147 loss_reg_months=5.5076 lr=0.00018592 grad_norm=1.7110 throughput=18.74 img/s eta_seconds=70.9 gpu_alloc=375.7MiB gpu_reserved=4358.0MiB skipped_batches=0
2026-08-18 18:45:28,042 | INFO | epoch=7 batch=850 global_step=2155 loss_reg_months=5.5212 lr=0.00018592 grad_norm=2.4813 throughput=18.75 img/s eta_seconds=54.9 gpu_alloc=484.5MiB gpu_reserved=4358.0MiB skipped_batches=0
2026-08-18 18:45:48,012 | INFO | epoch=7 batch=875 global_step=2163 loss_reg_months=5.5242 lr=0.00018592 grad_norm=1.4480 throughput=18.62 img/s eta_seconds=39.2 gpu_alloc=484.5MiB gpu_reserved=4358.0MiB skipped_batches=0
2026-08-18 18:46:05,148 | INFO | epoch=7 batch=900 global_step=2172 loss_reg_months=5.5179 lr=0.00018592 grad_norm=1.2899 throughput=18.58 img/s eta_seconds=23.1 gpu_alloc=375.7MiB gpu_reserved=4358.0MiB skipped_batches=0
2026-08-18 18:46:20,680 | INFO | epoch=7 batch=925 global_step=2180 loss_reg_months=5.5235 lr=0.00018592 grad_norm=2.3053 throughput=18.60 img/s eta_seconds=6.9 gpu_alloc=484.5MiB gpu_reserved=4358.0MiB skipped_batches=0
2026-08-18 18:48:28,730 | WARNING | STABILITY WARNING [CAM] Prediction vượt nhẹ miền tuổi 0–228: [6.38, 231.00]
2026-08-18 18:48:28,740 | INFO | 
TRAINING REVIEW SNAPSHOT
Run ID / config hash / split hash: P7_FINAL_V3_FOLD_5 / 1180388aae6c / a96b92c7a216+f47b558cd14b
Epoch / global step: 7 / 2184
Train loss: 5.5289
Validation MAE / RMSE / median AE: 6.6286 / 8.7019 / 5.3750
MAE nam / nữ / age bins: {'F': 7.048200389105058, 'M': 6.27431011826544} / {'180-228': 6.248469387755102, '120-179': 6.347057907845579, '0-59': 7.0061103351955305, '60-119': 7.243363899613899}
Learning rate / peak VRAM: 0.00018592 / 4358.0 MiB
Best epoch / best MAE / epochs không cải thiện: 6 / 6.5861 / 1
Cảnh báo hiện tại: CAM: Prediction vượt nhẹ miền tuổi 0–228: [6.38, 231.00]
Checkpoint gần nhất: /content/p7_v3/runs/P7_FINAL_V3_FOLD_5/last.ckpt
Checkpoint tốt nhất: /content/p7_v3/runs/P7_FINAL_V3_FOLD_5/best_mae.ckpt
Đề xuất tự động: THEO DÕI
2026-08-18 18:48:58,262 | INFO | epoch=8 batch=25 global_step=2192 loss_reg_months=5.8134 lr=0.00018100 grad_norm=1.3522 throughput=16.73 img/s eta_seconds=653.3 gpu_alloc=484.5MiB gpu_reserved=4358.0MiB skipped_batches=0
2026-08-18 18:49:13,338 | INFO | epoch=8 batch=50 global_step=2200 loss_reg_months=5.6707 lr=0.00018100 grad_norm=1.3532 throughput=18.17 img/s eta_seconds=584.8 gpu_alloc=484.5MiB gpu_reserved=4358.0MiB skipped_batches=0
2026-08-18 18:49:30,385 | INFO | epoch=8 batch=75 global_step=2209 loss_reg_months=5.5460 lr=0.00018100 grad_norm=2.0339 throughput=17.98 img/s eta_seconds=574.5 gpu_alloc=375.7MiB gpu_reserved=4358.0MiB skipped_batches=0
2026-08-18 18:49:45,931 | INFO | epoch=8 batch=100 global_step=2217 loss_reg_months=5.4291 lr=0.00018100 grad_norm=1.3762 throughput=18.29 img/s eta_seconds=548.3 gpu_alloc=484.5MiB gpu_reserved=4358.0MiB skipped_batches=0
2026-08-18 18:50:04,122 | INFO | epoch=8 batch=125 global_step=2225 loss_reg_months=5.4135 lr=0.00018100 grad_norm=1.0136 throughput=17.90 img/s eta_seconds=543.5 gpu_alloc=484.5MiB gpu_reserved=4358.0MiB skipped_batches=0
2026-08-18 18:50:19,608 | INFO | epoch=8 batch=150 global_step=2234 loss_reg_months=5.3601 lr=0.00018100 grad_norm=1.3993 throughput=18.13 img/s eta_seconds=520.1 gpu_alloc=375.7MiB gpu_reserved=4358.0MiB skipped_batches=0
2026-08-18 18:50:34,244 | INFO | epoch=8 batch=175 global_step=2242 loss_reg_months=5.3743 lr=0.00018100 grad_norm=1.6992 throughput=18.43 img/s eta_seconds=495.2 gpu_alloc=484.5MiB gpu_reserved=4358.0MiB skipped_batches=0
2026-08-18 18:50:59,741 | INFO | epoch=8 batch=200 global_step=2250 loss_reg_months=5.3827 lr=0.00018100 grad_norm=1.6789 throughput=17.22 img/s eta_seconds=512.9 gpu_alloc=484.5MiB gpu_reserved=4358.0MiB skipped_batches=0
2026-08-18 18:51:12,316 | INFO | epoch=8 batch=225 global_step=2259 loss_reg_months=5.3728 lr=0.00018100 grad_norm=1.0822 throughput=17.76 img/s eta_seconds=480.1 gpu_alloc=375.7MiB gpu_reserved=4358.0MiB skipped_batches=0
2026-08-18 18:51:29,095 | INFO | epoch=8 batch=250 global_step=2267 loss_reg_months=5.3254 lr=0.00018100 grad_norm=1.1956 throughput=17.78 img/s eta_seconds=462.9 gpu_alloc=484.5MiB gpu_reserved=4358.0MiB skipped_batches=0
2026-08-18 18:51:45,811 | INFO | epoch=8 batch=275 global_step=2275 loss_reg_months=5.3258 lr=0.00018100 grad_norm=1.8150 throughput=17.79 img/s eta_seconds=445.7 gpu_alloc=484.5MiB gpu_reserved=4358.0MiB skipped_batches=0
2026-08-18 18:52:02,274 | INFO | epoch=8 batch=300 global_step=2284 loss_reg_months=5.3265 lr=0.00018100 grad_norm=3.0350 throughput=17.83 img/s eta_seconds=428.0 gpu_alloc=375.7MiB gpu_reserved=4358.0MiB skipped_batches=0
2026-08-18 18:52:17,568 | INFO | epoch=8 batch=325 global_step=2292 loss_reg_months=5.3165 lr=0.00018100 grad_norm=1.2288 throughput=17.95 img/s eta_seconds=408.3 gpu_alloc=484.5MiB gpu_reserved=4358.0MiB skipped_batches=0
2026-08-18 18:52:33,532 | INFO | epoch=8 batch=350 global_step=2300 loss_reg_months=5.2989 lr=0.00018100 grad_norm=1.6429 throughput=18.01 img/s eta_seconds=390.3 gpu_alloc=484.5MiB gpu_reserved=4358.0MiB skipped_batches=0
2026-08-18 18:52:49,411 | INFO | epoch=8 batch=375 global_step=2309 loss_reg_months=5.2912 lr=0.00018100 grad_norm=1.4852 throughput=18.07 img/s eta_seconds=372.5 gpu_alloc=375.7MiB gpu_reserved=4358.0MiB skipped_batches=0
2026-08-18 18:53:05,572 | INFO | epoch=8 batch=400 global_step=2317 loss_reg_months=5.2986 lr=0.00018100 grad_norm=1.3375 throughput=18.10 img/s eta_seconds=355.3 gpu_alloc=484.5MiB gpu_reserved=4358.0MiB skipped_batches=0
2026-08-18 18:53:21,474 | INFO | epoch=8 batch=425 global_step=2325 loss_reg_months=5.2953 lr=0.00018100 grad_norm=1.1447 throughput=18.14 img/s eta_seconds=337.9 gpu_alloc=484.5MiB gpu_reserved=4358.0MiB skipped_batches=0
2026-08-18 18:53:37,229 | INFO | epoch=8 batch=450 global_step=2334 loss_reg_months=5.3164 lr=0.00018100 grad_norm=1.3919 throughput=18.19 img/s eta_seconds=320.5 gpu_alloc=375.7MiB gpu_reserved=4358.0MiB skipped_batches=0
2026-08-18 18:53:52,906 | INFO | epoch=8 batch=475 global_step=2342 loss_reg_months=5.3059 lr=0.00018100 grad_norm=0.8876 throughput=18.24 img/s eta_seconds=303.2 gpu_alloc=484.5MiB gpu_reserved=4358.0MiB skipped_batches=0
2026-08-18 18:54:08,166 | INFO | epoch=8 batch=500 global_step=2350 loss_reg_months=5.3325 lr=0.00018100 grad_norm=1.6567 throughput=18.30 img/s eta_seconds=285.7 gpu_alloc=484.5MiB gpu_reserved=4358.0MiB skipped_batches=0
2026-08-18 18:54:24,351 | INFO | epoch=8 batch=525 global_step=2359 loss_reg_months=5.3163 lr=0.00018100 grad_norm=1.3177 throughput=18.31 img/s eta_seconds=269.2 gpu_alloc=375.7MiB gpu_reserved=4358.0MiB skipped_batches=0
2026-08-18 18:54:42,615 | INFO | epoch=8 batch=550 global_step=2367 loss_reg_months=5.3006 lr=0.00018100 grad_norm=1.1451 throughput=18.22 img/s eta_seconds=254.1 gpu_alloc=484.5MiB gpu_reserved=4358.0MiB skipped_batches=0
2026-08-18 18:54:58,915 | INFO | epoch=8 batch=575 global_step=2375 loss_reg_months=5.2821 lr=0.00018100 grad_norm=1.7825 throughput=18.23 img/s eta_seconds=237.5 gpu_alloc=484.5MiB gpu_reserved=4358.0MiB skipped_batches=0
2026-08-18 18:55:13,837 | INFO | epoch=8 batch=600 global_step=2384 loss_reg_months=5.2979 lr=0.00018100 grad_norm=1.0869 throughput=18.30 img/s eta_seconds=220.2 gpu_alloc=375.7MiB gpu_reserved=4358.0MiB skipped_batches=0
2026-08-18 18:55:29,395 | INFO | epoch=8 batch=625 global_step=2392 loss_reg_months=5.3214 lr=0.00018100 grad_norm=1.7175 throughput=18.33 img/s eta_seconds=203.4 gpu_alloc=484.5MiB gpu_reserved=4358.0MiB skipped_batches=0
2026-08-18 18:55:45,837 | INFO | epoch=8 batch=650 global_step=2400 loss_reg_months=5.3446 lr=0.00018100 grad_norm=2.1578 throughput=18.33 img/s eta_seconds=187.1 gpu_alloc=484.5MiB gpu_reserved=4358.0MiB skipped_batches=0
2026-08-18 18:56:07,672 | INFO | epoch=8 batch=675 global_step=2409 loss_reg_months=5.3612 lr=0.00018100 grad_norm=1.4385 throughput=18.11 img/s eta_seconds=172.8 gpu_alloc=375.7MiB gpu_reserved=4358.0MiB skipped_batches=0
2026-08-18 18:56:20,110 | INFO | epoch=8 batch=700 global_step=2417 loss_reg_months=5.3807 lr=0.00018100 grad_norm=1.8483 throughput=18.27 img/s eta_seconds=154.8 gpu_alloc=484.5MiB gpu_reserved=4358.0MiB skipped_batches=0
2026-08-18 18:56:36,726 | INFO | epoch=8 batch=725 global_step=2425 loss_reg_months=5.3908 lr=0.00018100 grad_norm=1.4083 throughput=18.26 img/s eta_seconds=138.5 gpu_alloc=484.5MiB gpu_reserved=4358.0MiB skipped_batches=0
2026-08-18 18:56:53,434 | INFO | epoch=8 batch=750 global_step=2434 loss_reg_months=5.3759 lr=0.00018100 grad_norm=1.6662 throughput=18.25 img/s eta_seconds=122.1 gpu_alloc=375.7MiB gpu_reserved=4358.0MiB skipped_batches=0
2026-08-18 18:57:09,063 | INFO | epoch=8 batch=775 global_step=2442 loss_reg_months=5.3842 lr=0.00018100 grad_norm=2.3276 throughput=18.28 img/s eta_seconds=105.5 gpu_alloc=484.5MiB gpu_reserved=4358.0MiB skipped_batches=0
2026-08-18 18:57:26,014 | INFO | epoch=8 batch=800 global_step=2450 loss_reg_months=5.3879 lr=0.00018100 grad_norm=1.5470 throughput=18.26 img/s eta_seconds=89.2 gpu_alloc=484.5MiB gpu_reserved=4358.0MiB skipped_batches=0
2026-08-18 18:57:42,919 | INFO | epoch=8 batch=825 global_step=2459 loss_reg_months=5.3715 lr=0.00018100 grad_norm=1.2191 throughput=18.25 img/s eta_seconds=72.8 gpu_alloc=375.7MiB gpu_reserved=4358.0MiB skipped_batches=0
2026-08-18 18:57:58,094 | INFO | epoch=8 batch=850 global_step=2467 loss_reg_months=5.3661 lr=0.00018100 grad_norm=1.8999 throughput=18.29 img/s eta_seconds=56.3 gpu_alloc=484.5MiB gpu_reserved=4358.0MiB skipped_batches=0
2026-08-18 18:58:13,787 | INFO | epoch=8 batch=875 global_step=2475 loss_reg_months=5.3765 lr=0.00018100 grad_norm=0.8852 throughput=18.31 img/s eta_seconds=39.8 gpu_alloc=484.5MiB gpu_reserved=4358.0MiB skipped_batches=0
2026-08-18 18:58:28,985 | INFO | epoch=8 batch=900 global_step=2484 loss_reg_months=5.3696 lr=0.00018100 grad_norm=2.4625 throughput=18.35 img/s eta_seconds=23.4 gpu_alloc=375.7MiB gpu_reserved=4358.0MiB skipped_batches=0
2026-08-18 18:58:45,867 | INFO | epoch=8 batch=925 global_step=2492 loss_reg_months=5.3926 lr=0.00018100 grad_norm=2.1483 throughput=18.33 img/s eta_seconds=7.0 gpu_alloc=484.5MiB gpu_reserved=4358.0MiB skipped_batches=0
2026-08-18 19:00:54,849 | WARNING | STABILITY WARNING [CAM] Prediction vượt nhẹ miền tuổi 0–228: [-5.99, 229.50]
2026-08-18 19:00:54,855 | INFO | 
TRAINING REVIEW SNAPSHOT
Run ID / config hash / split hash: P7_FINAL_V3_FOLD_5 / 1180388aae6c / a96b92c7a216+f47b558cd14b
Epoch / global step: 8 / 2496
Train loss: 5.3843
Validation MAE / RMSE / median AE: 6.7278 / 9.0038 / 5.0000
MAE nam / nữ / age bins: {'F': 7.206359245804961, 'M': 6.32377730781866} / {'180-228': 4.897448979591837, '120-179': 6.114453611457036, '0-59': 7.76619102435405, '60-119': 8.333494208494209}
Learning rate / peak VRAM: 0.00018100 / 4358.0 MiB
Best epoch / best MAE / epochs không cải thiện: 6 / 6.5861 / 2
Cảnh báo hiện tại: CAM: Prediction vượt nhẹ miền tuổi 0–228: [-5.99, 229.50]
Checkpoint gần nhất: /content/p7_v3/runs/P7_FINAL_V3_FOLD_5/last.ckpt
Checkpoint tốt nhất: /content/p7_v3/runs/P7_FINAL_V3_FOLD_5/best_mae.ckpt
Đề xuất tự động: THEO DÕI
2026-08-18 19:01:23,968 | INFO | epoch=9 batch=25 global_step=2504 loss_reg_months=5.6729 lr=0.00017543 grad_norm=1.5842 throughput=15.00 img/s eta_seconds=728.6 gpu_alloc=484.5MiB gpu_reserved=4358.0MiB skipped_batches=0
2026-08-18 19:01:39,885 | INFO | epoch=9 batch=50 global_step=2512 loss_reg_months=5.4952 lr=0.00017543 grad_norm=1.2360 throughput=16.71 img/s eta_seconds=636.2 gpu_alloc=484.5MiB gpu_reserved=4358.0MiB skipped_batches=0
2026-08-18 19:01:55,949 | INFO | epoch=9 batch=75 global_step=2521 loss_reg_months=5.4260 lr=0.00017543 grad_norm=1.8289 throughput=17.31 img/s eta_seconds=596.6 gpu_alloc=375.7MiB gpu_reserved=4358.0MiB skipped_batches=0
2026-08-18 19:02:11,386 | INFO | epoch=9 batch=100 global_step=2529 loss_reg_months=5.2850 lr=0.00017543 grad_norm=2.1254 throughput=17.80 img/s eta_seconds=563.4 gpu_alloc=484.5MiB gpu_reserved=4358.0MiB skipped_batches=0
2026-08-18 19:02:27,459 | INFO | epoch=9 batch=125 global_step=2537 loss_reg_months=5.2157 lr=0.00017543 grad_norm=0.9686 throughput=17.97 img/s eta_seconds=541.5 gpu_alloc=484.5MiB gpu_reserved=4358.0MiB skipped_batches=0
2026-08-18 19:02:41,931 | INFO | epoch=9 batch=150 global_step=2546 loss_reg_months=5.1982 lr=0.00017543 grad_norm=1.5272 throughput=18.37 img/s eta_seconds=513.2 gpu_alloc=375.7MiB gpu_reserved=4358.0MiB skipped_batches=0
2026-08-18 19:02:57,795 | INFO | epoch=9 batch=175 global_step=2554 loss_reg_months=5.2000 lr=0.00017543 grad_norm=1.4299 throughput=18.45 img/s eta_seconds=494.8 gpu_alloc=484.5MiB gpu_reserved=4358.0MiB skipped_batches=0
2026-08-18 19:03:14,055 | INFO | epoch=9 batch=200 global_step=2562 loss_reg_months=5.3786 lr=0.00017543 grad_norm=2.5394 throughput=18.45 img/s eta_seconds=478.6 gpu_alloc=484.5MiB gpu_reserved=4358.0MiB skipped_batches=0
2026-08-18 19:03:29,261 | INFO | epoch=9 batch=225 global_step=2571 loss_reg_months=5.4465 lr=0.00017543 grad_norm=1.5904 throughput=18.58 img/s eta_seconds=459.0 gpu_alloc=375.7MiB gpu_reserved=4358.0MiB skipped_batches=0
2026-08-18 19:03:45,214 | INFO | epoch=9 batch=250 global_step=2579 loss_reg_months=5.4587 lr=0.00017543 grad_norm=1.8403 throughput=18.61 img/s eta_seconds=442.3 gpu_alloc=484.5MiB gpu_reserved=4358.0MiB skipped_batches=0
2026-08-18 19:04:02,864 | INFO | epoch=9 batch=275 global_step=2587 loss_reg_months=5.4790 lr=0.00017543 grad_norm=1.2428 throughput=18.45 img/s eta_seconds=429.8 gpu_alloc=484.5MiB gpu_reserved=4358.0MiB skipped_batches=0
2026-08-18 19:04:19,434 | INFO | epoch=9 batch=300 global_step=2596 loss_reg_months=5.4705 lr=0.00017543 grad_norm=1.1664 throughput=18.42 img/s eta_seconds=414.2 gpu_alloc=375.7MiB gpu_reserved=4358.0MiB skipped_batches=0
2026-08-18 19:04:34,453 | INFO | epoch=9 batch=325 global_step=2604 loss_reg_months=5.4692 lr=0.00017543 grad_norm=1.4655 throughput=18.53 img/s eta_seconds=395.5 gpu_alloc=484.5MiB gpu_reserved=4358.0MiB skipped_batches=0
2026-08-18 19:04:50,194 | INFO | epoch=9 batch=350 global_step=2612 loss_reg_months=5.4026 lr=0.00017543 grad_norm=2.0303 throughput=18.57 img/s eta_seconds=378.6 gpu_alloc=484.5MiB gpu_reserved=4358.0MiB skipped_batches=0
2026-08-18 19:05:08,875 | INFO | epoch=9 batch=375 global_step=2621 loss_reg_months=5.3628 lr=0.00017543 grad_norm=1.1545 throughput=18.37 img/s eta_seconds=366.2 gpu_alloc=375.7MiB gpu_reserved=4358.0MiB skipped_batches=0
2026-08-18 19:05:24,709 | INFO | epoch=9 batch=400 global_step=2629 loss_reg_months=5.3357 lr=0.00017543 grad_norm=1.6001 throughput=18.41 img/s eta_seconds=349.2 gpu_alloc=484.5MiB gpu_reserved=4358.0MiB skipped_batches=0
2026-08-18 19:05:40,620 | INFO | epoch=9 batch=425 global_step=2637 loss_reg_months=5.3432 lr=0.00017543 grad_norm=1.4269 throughput=18.43 img/s eta_seconds=332.5 gpu_alloc=484.5MiB gpu_reserved=4358.0MiB skipped_batches=0
2026-08-18 19:05:56,796 | INFO | epoch=9 batch=450 global_step=2646 loss_reg_months=5.3390 lr=0.00017543 grad_norm=1.5689 throughput=18.44 img/s eta_seconds=316.1 gpu_alloc=375.7MiB gpu_reserved=4358.0MiB skipped_batches=0
2026-08-18 19:06:13,923 | INFO | epoch=9 batch=475 global_step=2654 loss_reg_months=5.3274 lr=0.00017543 grad_norm=1.5827 throughput=18.39 img/s eta_seconds=300.7 gpu_alloc=484.5MiB gpu_reserved=4358.0MiB skipped_batches=0
2026-08-18 19:06:30,189 | INFO | epoch=9 batch=500 global_step=2662 loss_reg_months=5.3183 lr=0.00017543 grad_norm=1.7059 throughput=18.39 img/s eta_seconds=284.3 gpu_alloc=484.5MiB gpu_reserved=4358.0MiB skipped_batches=0
2026-08-18 19:06:47,583 | INFO | epoch=9 batch=525 global_step=2671 loss_reg_months=5.3417 lr=0.00017543 grad_norm=1.9914 throughput=18.33 img/s eta_seconds=268.8 gpu_alloc=375.7MiB gpu_reserved=4358.0MiB skipped_batches=0
2026-08-18 19:07:03,502 | INFO | epoch=9 batch=550 global_step=2679 loss_reg_months=5.3443 lr=0.00017543 grad_norm=1.6136 throughput=18.36 img/s eta_seconds=252.2 gpu_alloc=484.5MiB gpu_reserved=4358.0MiB skipped_batches=0
2026-08-18 19:07:20,519 | INFO | epoch=9 batch=575 global_step=2687 loss_reg_months=5.3345 lr=0.00017543 grad_norm=2.1531 throughput=18.32 img/s eta_seconds=236.2 gpu_alloc=484.5MiB gpu_reserved=4358.0MiB skipped_batches=0
2026-08-18 19:07:36,037 | INFO | epoch=9 batch=600 global_step=2696 loss_reg_months=5.3454 lr=0.00017543 grad_norm=1.4583 throughput=18.36 img/s eta_seconds=219.4 gpu_alloc=375.7MiB gpu_reserved=4358.0MiB skipped_batches=0
2026-08-18 19:07:51,732 | INFO | epoch=9 batch=625 global_step=2704 loss_reg_months=5.3218 lr=0.00017543 grad_norm=1.2731 throughput=18.39 img/s eta_seconds=202.7 gpu_alloc=484.5MiB gpu_reserved=4358.0MiB skipped_batches=0
2026-08-18 19:08:07,809 | INFO | epoch=9 batch=650 global_step=2712 loss_reg_months=5.3181 lr=0.00017543 grad_norm=2.1419 throughput=18.40 img/s eta_seconds=186.3 gpu_alloc=484.5MiB gpu_reserved=4358.0MiB skipped_batches=0
2026-08-18 19:08:23,845 | INFO | epoch=9 batch=675 global_step=2721 loss_reg_months=5.3291 lr=0.00017543 grad_norm=1.4024 throughput=18.41 img/s eta_seconds=169.9 gpu_alloc=375.7MiB gpu_reserved=4358.0MiB skipped_batches=0
2026-08-18 19:08:39,355 | INFO | epoch=9 batch=700 global_step=2729 loss_reg_months=5.3493 lr=0.00017543 grad_norm=2.3296 throughput=18.45 img/s eta_seconds=153.4 gpu_alloc=484.5MiB gpu_reserved=4358.0MiB skipped_batches=0
2026-08-18 19:08:55,309 | INFO | epoch=9 batch=725 global_step=2737 loss_reg_months=5.3667 lr=0.00017543 grad_norm=1.3252 throughput=18.46 img/s eta_seconds=137.0 gpu_alloc=484.5MiB gpu_reserved=4358.0MiB skipped_batches=0
2026-08-18 19:09:11,539 | INFO | epoch=9 batch=750 global_step=2746 loss_reg_months=5.3995 lr=0.00017543 grad_norm=2.4202 throughput=18.46 img/s eta_seconds=120.8 gpu_alloc=375.7MiB gpu_reserved=4358.0MiB skipped_batches=0
2026-08-18 19:09:28,344 | INFO | epoch=9 batch=775 global_step=2754 loss_reg_months=5.4214 lr=0.00017543 grad_norm=1.3876 throughput=18.44 img/s eta_seconds=104.6 gpu_alloc=484.5MiB gpu_reserved=4358.0MiB skipped_batches=0
2026-08-18 19:09:44,786 | INFO | epoch=9 batch=800 global_step=2762 loss_reg_months=5.4239 lr=0.00017543 grad_norm=1.3421 throughput=18.43 img/s eta_seconds=88.4 gpu_alloc=484.5MiB gpu_reserved=4358.0MiB skipped_batches=0
2026-08-18 19:10:01,271 | INFO | epoch=9 batch=825 global_step=2771 loss_reg_months=5.4129 lr=0.00017543 grad_norm=1.1899 throughput=18.43 img/s eta_seconds=72.1 gpu_alloc=375.7MiB gpu_reserved=4358.0MiB skipped_batches=0
2026-08-18 19:10:17,179 | INFO | epoch=9 batch=850 global_step=2779 loss_reg_months=5.4126 lr=0.00017543 grad_norm=1.3209 throughput=18.44 img/s eta_seconds=55.8 gpu_alloc=484.5MiB gpu_reserved=4358.0MiB skipped_batches=0
2026-08-18 19:10:33,879 | INFO | epoch=9 batch=875 global_step=2787 loss_reg_months=5.4095 lr=0.00017543 grad_norm=1.6229 throughput=18.42 img/s eta_seconds=39.6 gpu_alloc=484.5MiB gpu_reserved=4358.0MiB skipped_batches=0
2026-08-18 19:10:49,336 | INFO | epoch=9 batch=900 global_step=2796 loss_reg_months=5.3852 lr=0.00017543 grad_norm=1.4018 throughput=18.45 img/s eta_seconds=23.3 gpu_alloc=375.7MiB gpu_reserved=4358.0MiB skipped_batches=0
2026-08-18 19:11:05,822 | INFO | epoch=9 batch=925 global_step=2804 loss_reg_months=5.3785 lr=0.00017543 grad_norm=1.0511 throughput=18.44 img/s eta_seconds=7.0 gpu_alloc=484.5MiB gpu_reserved=4358.0MiB skipped_batches=0
2026-08-18 19:13:13,941 | WARNING | STABILITY WARNING [CAM] Validation MAE xấu đi trong khi train loss giảm
2026-08-18 19:13:13,944 | INFO | 
TRAINING REVIEW SNAPSHOT
Run ID / config hash / split hash: P7_FINAL_V3_FOLD_5 / 1180388aae6c / a96b92c7a216+f47b558cd14b
Epoch / global step: 9 / 2808
Train loss: 5.3809
Validation MAE / RMSE / median AE: 6.6008 / 8.7140 / 5.2500
MAE nam / nữ / age bins: {'F': 6.7810904061284045, 'M': 6.448607917214192} / {'180-228': 5.918877551020408, '120-179': 5.833164694894147, '0-59': 8.531500960195531, '60-119': 7.957730051480051}
Learning rate / peak VRAM: 0.00017543 / 4358.0 MiB
Best epoch / best MAE / epochs không cải thiện: 6 / 6.5861 / 3
Cảnh báo hiện tại: CAM: Validation MAE xấu đi trong khi train loss giảm
Checkpoint gần nhất: /content/p7_v3/runs/P7_FINAL_V3_FOLD_5/last.ckpt
Checkpoint tốt nhất: /content/p7_v3/runs/P7_FINAL_V3_FOLD_5/best_mae.ckpt
Đề xuất tự động: THEO DÕI
2026-08-18 19:13:47,040 | INFO | epoch=10 batch=25 global_step=2816 loss_reg_months=5.6972 lr=0.00016926 grad_norm=1.1096 throughput=16.79 img/s eta_seconds=651.1 gpu_alloc=484.5MiB gpu_reserved=4358.0MiB skipped_batches=0
2026-08-18 19:14:02,312 | INFO | epoch=10 batch=50 global_step=2824 loss_reg_months=5.7525 lr=0.00016926 grad_norm=1.9465 throughput=18.10 img/s eta_seconds=587.2 gpu_alloc=484.5MiB gpu_reserved=4358.0MiB skipped_batches=0
2026-08-18 19:14:18,086 | INFO | epoch=10 batch=75 global_step=2833 loss_reg_months=5.6326 lr=0.00016926 grad_norm=1.4901 throughput=18.40 img/s eta_seconds=561.4 gpu_alloc=375.7MiB gpu_reserved=4358.0MiB skipped_batches=0
2026-08-18 19:14:33,125 | INFO | epoch=10 batch=100 global_step=2841 loss_reg_months=5.3473 lr=0.00016926 grad_norm=1.1680 throughput=18.76 img/s eta_seconds=534.5 gpu_alloc=484.5MiB gpu_reserved=4358.0MiB skipped_batches=0
2026-08-18 19:14:48,514 | INFO | epoch=10 batch=125 global_step=2849 loss_reg_months=5.4277 lr=0.00016926 grad_norm=0.9279 throughput=18.90 img/s eta_seconds=514.7 gpu_alloc=484.5MiB gpu_reserved=4358.0MiB skipped_batches=0
2026-08-18 19:15:05,066 | INFO | epoch=10 batch=150 global_step=2858 loss_reg_months=5.3342 lr=0.00016926 grad_norm=2.4231 throughput=18.77 img/s eta_seconds=502.3 gpu_alloc=375.7MiB gpu_reserved=4358.0MiB skipped_batches=0
2026-08-18 19:15:20,370 | INFO | epoch=10 batch=175 global_step=2866 loss_reg_months=5.3016 lr=0.00016926 grad_norm=1.5862 throughput=18.88 img/s eta_seconds=483.4 gpu_alloc=484.5MiB gpu_reserved=4358.0MiB skipped_batches=0
2026-08-18 19:15:35,988 | INFO | epoch=10 batch=200 global_step=2874 loss_reg_months=5.2880 lr=0.00016926 grad_norm=1.5049 throughput=18.92 img/s eta_seconds=466.6 gpu_alloc=484.5MiB gpu_reserved=4358.0MiB skipped_batches=0
2026-08-18 19:15:51,173 | INFO | epoch=10 batch=225 global_step=2883 loss_reg_months=5.3243 lr=0.00016926 grad_norm=1.3444 throughput=19.01 img/s eta_seconds=448.6 gpu_alloc=375.7MiB gpu_reserved=4358.0MiB skipped_batches=0
2026-08-18 19:16:07,435 | INFO | epoch=10 batch=250 global_step=2891 loss_reg_months=5.3306 lr=0.00016926 grad_norm=1.3667 throughput=18.96 img/s eta_seconds=434.1 gpu_alloc=484.5MiB gpu_reserved=4358.0MiB skipped_batches=0
2026-08-18 19:16:23,141 | INFO | epoch=10 batch=275 global_step=2899 loss_reg_months=5.3400 lr=0.00016926 grad_norm=1.8646 throughput=18.97 img/s eta_seconds=418.0 gpu_alloc=484.5MiB gpu_reserved=4358.0MiB skipped_batches=0
2026-08-18 19:16:38,444 | INFO | epoch=10 batch=300 global_step=2908 loss_reg_months=5.3066 lr=0.00016926 grad_norm=1.0846 throughput=19.02 img/s eta_seconds=401.1 gpu_alloc=375.7MiB gpu_reserved=4358.0MiB skipped_batches=0
2026-08-18 19:16:54,883 | INFO | epoch=10 batch=325 global_step=2916 loss_reg_months=5.3065 lr=0.00016926 grad_norm=1.6525 throughput=18.96 img/s eta_seconds=386.6 gpu_alloc=484.5MiB gpu_reserved=4358.0MiB skipped_batches=0
2026-08-18 19:17:09,997 | INFO | epoch=10 batch=350 global_step=2924 loss_reg_months=5.2576 lr=0.00016926 grad_norm=1.6447 throughput=19.02 img/s eta_seconds=369.6 gpu_alloc=484.5MiB gpu_reserved=4358.0MiB skipped_batches=0
2026-08-18 19:17:25,195 | INFO | epoch=10 batch=375 global_step=2933 loss_reg_months=5.2337 lr=0.00016926 grad_norm=2.5828 throughput=19.07 img/s eta_seconds=352.9 gpu_alloc=375.7MiB gpu_reserved=4358.0MiB skipped_batches=0
2026-08-18 19:17:41,247 | INFO | epoch=10 batch=400 global_step=2941 loss_reg_months=5.2488 lr=0.00016926 grad_norm=1.5812 throughput=19.04 img/s eta_seconds=337.6 gpu_alloc=484.5MiB gpu_reserved=4358.0MiB skipped_batches=0
2026-08-18 19:17:56,448 | INFO | epoch=10 batch=425 global_step=2949 loss_reg_months=5.2281 lr=0.00016926 grad_norm=1.0673 throughput=19.08 img/s eta_seconds=321.2 gpu_alloc=484.5MiB gpu_reserved=4358.0MiB skipped_batches=0
2026-08-18 19:18:12,019 | INFO | epoch=10 batch=450 global_step=2958 loss_reg_months=5.2327 lr=0.00016926 grad_norm=1.0004 throughput=19.09 img/s eta_seconds=305.3 gpu_alloc=375.7MiB gpu_reserved=4358.0MiB skipped_batches=0
2026-08-18 19:18:32,395 | INFO | epoch=10 batch=475 global_step=2966 loss_reg_months=5.2308 lr=0.00016926 grad_norm=1.1954 throughput=18.80 img/s eta_seconds=294.1 gpu_alloc=484.5MiB gpu_reserved=4358.0MiB skipped_batches=0
2026-08-18 19:18:48,761 | INFO | epoch=10 batch=500 global_step=2974 loss_reg_months=5.2102 lr=0.00016926 grad_norm=1.4161 throughput=18.77 img/s eta_seconds=278.5 gpu_alloc=484.5MiB gpu_reserved=4358.0MiB skipped_batches=0
2026-08-18 19:19:04,575 | INFO | epoch=10 batch=525 global_step=2983 loss_reg_months=5.1776 lr=0.00016926 grad_norm=2.6563 throughput=18.78 img/s eta_seconds=262.4 gpu_alloc=375.7MiB gpu_reserved=4358.0MiB skipped_batches=0
2026-08-18 19:19:20,429 | INFO | epoch=10 batch=550 global_step=2991 loss_reg_months=5.1827 lr=0.00016926 grad_norm=2.4034 throughput=18.79 img/s eta_seconds=246.4 gpu_alloc=484.5MiB gpu_reserved=4358.0MiB skipped_batches=0
2026-08-18 19:19:35,921 | INFO | epoch=10 batch=575 global_step=2999 loss_reg_months=5.1676 lr=0.00016926 grad_norm=1.3940 throughput=18.81 img/s eta_seconds=230.1 gpu_alloc=484.5MiB gpu_reserved=4358.0MiB skipped_batches=0
2026-08-18 19:19:51,866 | INFO | epoch=10 batch=600 global_step=3008 loss_reg_months=5.1828 lr=0.00016926 grad_norm=1.0297 throughput=18.81 img/s eta_seconds=214.2 gpu_alloc=375.7MiB gpu_reserved=4358.0MiB skipped_batches=0
2026-08-18 19:20:07,445 | INFO | epoch=10 batch=625 global_step=3016 loss_reg_months=5.1806 lr=0.00016926 grad_norm=1.4650 throughput=18.83 img/s eta_seconds=198.0 gpu_alloc=484.5MiB gpu_reserved=4358.0MiB skipped_batches=0
2026-08-18 19:20:24,226 | INFO | epoch=10 batch=650 global_step=3024 loss_reg_months=5.1568 lr=0.00016926 grad_norm=0.8896 throughput=18.79 img/s eta_seconds=182.5 gpu_alloc=484.5MiB gpu_reserved=4358.0MiB skipped_batches=0
2026-08-18 19:20:40,133 | INFO | epoch=10 batch=675 global_step=3033 loss_reg_months=5.1539 lr=0.00016926 grad_norm=1.5060 throughput=18.79 img/s eta_seconds=166.5 gpu_alloc=375.7MiB gpu_reserved=4358.0MiB skipped_batches=0
2026-08-18 19:20:55,508 | INFO | epoch=10 batch=700 global_step=3041 loss_reg_months=5.1643 lr=0.00016926 grad_norm=2.2335 throughput=18.82 img/s eta_seconds=150.3 gpu_alloc=484.5MiB gpu_reserved=4358.0MiB skipped_batches=0
2026-08-18 19:21:11,736 | INFO | epoch=10 batch=725 global_step=3049 loss_reg_months=5.1572 lr=0.00016926 grad_norm=1.3741 throughput=18.81 img/s eta_seconds=134.5 gpu_alloc=484.5MiB gpu_reserved=4358.0MiB skipped_batches=0
2026-08-18 19:21:29,770 | INFO | epoch=10 batch=750 global_step=3058 loss_reg_months=5.1537 lr=0.00016926 grad_norm=1.0602 throughput=18.73 img/s eta_seconds=119.0 gpu_alloc=375.7MiB gpu_reserved=4358.0MiB skipped_batches=0
2026-08-18 19:21:44,524 | INFO | epoch=10 batch=775 global_step=3066 loss_reg_months=5.1640 lr=0.00016926 grad_norm=1.3154 throughput=18.77 img/s eta_seconds=102.7 gpu_alloc=484.5MiB gpu_reserved=4358.0MiB skipped_batches=0
2026-08-18 19:22:00,659 | INFO | epoch=10 batch=800 global_step=3074 loss_reg_months=5.1586 lr=0.00016926 grad_norm=1.8595 throughput=18.77 img/s eta_seconds=86.8 gpu_alloc=484.5MiB gpu_reserved=4358.0MiB skipped_batches=0
2026-08-18 19:22:17,854 | INFO | epoch=10 batch=825 global_step=3083 loss_reg_months=5.1393 lr=0.00016926 grad_norm=1.7127 throughput=18.73 img/s eta_seconds=71.0 gpu_alloc=375.7MiB gpu_reserved=4358.0MiB skipped_batches=0
2026-08-18 19:22:35,237 | INFO | epoch=10 batch=850 global_step=3091 loss_reg_months=5.1544 lr=0.00016926 grad_norm=1.9296 throughput=18.68 img/s eta_seconds=55.1 gpu_alloc=484.5MiB gpu_reserved=4358.0MiB skipped_batches=0
2026-08-18 19:22:50,887 | INFO | epoch=10 batch=875 global_step=3099 loss_reg_months=5.1486 lr=0.00016926 grad_norm=1.7275 throughput=18.69 img/s eta_seconds=39.0 gpu_alloc=484.5MiB gpu_reserved=4358.0MiB skipped_batches=0
2026-08-18 19:23:06,864 | INFO | epoch=10 batch=900 global_step=3108 loss_reg_months=5.1390 lr=0.00016926 grad_norm=1.1299 throughput=18.69 img/s eta_seconds=22.9 gpu_alloc=375.7MiB gpu_reserved=4358.0MiB skipped_batches=0
2026-08-18 19:23:21,986 | INFO | epoch=10 batch=925 global_step=3116 loss_reg_months=5.1431 lr=0.00016926 grad_norm=1.2007 throughput=18.72 img/s eta_seconds=6.9 gpu_alloc=484.5MiB gpu_reserved=4358.0MiB skipped_batches=0
2026-08-18 19:25:40,662 | INFO | 
TRAINING REVIEW SNAPSHOT
Run ID / config hash / split hash: P7_FINAL_V3_FOLD_5 / 1180388aae6c / a96b92c7a216+f47b558cd14b
Epoch / global step: 10 / 3120
Train loss: 5.1375
Validation MAE / RMSE / median AE: 6.3277 / 8.4814 / 5.0000
MAE nam / nữ / age bins: {'F': 6.594451928045963, 'M': 6.102440251314061} / {'180-228': 6.858673469387755, '120-179': 5.784441158156912, '0-59': 6.34883262591655, '60-119': 7.278193371943372}
Learning rate / peak VRAM: 0.00016926 / 4358.0 MiB
Best epoch / best MAE / epochs không cải thiện: 10 / 6.3277 / 0
Cảnh báo hiện tại: KHÔNG
Checkpoint gần nhất: /content/p7_v3/runs/P7_FINAL_V3_FOLD_5/last.ckpt
Checkpoint tốt nhất: /content/p7_v3/runs/P7_FINAL_V3_FOLD_5/best_mae.ckpt
Đề xuất tự động: TIẾP TỤC
2026-08-18 19:26:15,566 | INFO | epoch=11 batch=25 global_step=3128 loss_reg_months=5.0153 lr=0.00016254 grad_norm=1.1066 throughput=15.87 img/s eta_seconds=688.6 gpu_alloc=484.5MiB gpu_reserved=4358.0MiB skipped_batches=0
2026-08-18 19:26:31,403 | INFO | epoch=11 batch=50 global_step=3136 loss_reg_months=5.1528 lr=0.00016254 grad_norm=1.5474 throughput=17.27 img/s eta_seconds=615.4 gpu_alloc=484.5MiB gpu_reserved=4358.0MiB skipped_batches=0
2026-08-18 19:26:46,758 | INFO | epoch=11 batch=75 global_step=3145 loss_reg_months=4.9829 lr=0.00016254 grad_norm=2.0833 throughput=17.97 img/s eta_seconds=574.9 gpu_alloc=375.7MiB gpu_reserved=4358.0MiB skipped_batches=0
2026-08-18 19:27:01,479 | INFO | epoch=11 batch=100 global_step=3153 loss_reg_months=5.0073 lr=0.00016254 grad_norm=1.1110 throughput=18.51 img/s eta_seconds=541.7 gpu_alloc=484.5MiB gpu_reserved=4358.0MiB skipped_batches=0
2026-08-18 19:27:18,446 | INFO | epoch=11 batch=125 global_step=3161 loss_reg_months=4.9733 lr=0.00016254 grad_norm=2.2137 throughput=18.34 img/s eta_seconds=530.4 gpu_alloc=484.5MiB gpu_reserved=4358.0MiB skipped_batches=0
2026-08-18 19:27:35,834 | INFO | epoch=11 batch=150 global_step=3170 loss_reg_months=4.8946 lr=0.00016254 grad_norm=1.0929 throughput=18.15 img/s eta_seconds=519.5 gpu_alloc=375.7MiB gpu_reserved=4358.0MiB skipped_batches=0
2026-08-18 19:27:51,173 | INFO | epoch=11 batch=175 global_step=3178 loss_reg_months=4.8928 lr=0.00016254 grad_norm=1.0415 throughput=18.34 img/s eta_seconds=497.8 gpu_alloc=484.5MiB gpu_reserved=4358.0MiB skipped_batches=0
2026-08-18 19:28:06,057 | INFO | epoch=11 batch=200 global_step=3186 loss_reg_months=4.8699 lr=0.00016254 grad_norm=1.1759 throughput=18.55 img/s eta_seconds=476.0 gpu_alloc=484.5MiB gpu_reserved=4358.0MiB skipped_batches=0
2026-08-18 19:28:21,935 | INFO | epoch=11 batch=225 global_step=3195 loss_reg_months=4.9001 lr=0.00016254 grad_norm=2.1262 throughput=18.59 img/s eta_seconds=458.9 gpu_alloc=375.7MiB gpu_reserved=4358.0MiB skipped_batches=0
2026-08-18 19:28:37,160 | INFO | epoch=11 batch=250 global_step=3203 loss_reg_months=4.9441 lr=0.00016254 grad_norm=1.4038 throughput=18.69 img/s eta_seconds=440.2 gpu_alloc=484.5MiB gpu_reserved=4358.0MiB skipped_batches=0
2026-08-18 19:28:53,594 | INFO | epoch=11 batch=275 global_step=3211 loss_reg_months=4.9530 lr=0.00016254 grad_norm=1.1923 throughput=18.65 img/s eta_seconds=425.1 gpu_alloc=484.5MiB gpu_reserved=4358.0MiB skipped_batches=0
2026-08-18 19:29:08,764 | INFO | epoch=11 batch=300 global_step=3220 loss_reg_months=4.9987 lr=0.00016254 grad_norm=1.5371 throughput=18.74 img/s eta_seconds=407.1 gpu_alloc=375.7MiB gpu_reserved=4358.0MiB skipped_batches=0
2026-08-18 19:29:23,640 | INFO | epoch=11 batch=325 global_step=3228 loss_reg_months=5.0976 lr=0.00016254 grad_norm=1.3990 throughput=18.84 img/s eta_seconds=389.0 gpu_alloc=484.5MiB gpu_reserved=4358.0MiB skipped_batches=0
2026-08-18 19:29:39,379 | INFO | epoch=11 batch=350 global_step=3236 loss_reg_months=5.1156 lr=0.00016254 grad_norm=1.4077 throughput=18.86 img/s eta_seconds=372.7 gpu_alloc=484.5MiB gpu_reserved=4358.0MiB skipped_batches=0
2026-08-18 19:29:55,880 | INFO | epoch=11 batch=375 global_step=3245 loss_reg_months=5.0793 lr=0.00016254 grad_norm=1.6414 throughput=18.81 img/s eta_seconds=357.7 gpu_alloc=375.7MiB gpu_reserved=4358.0MiB skipped_batches=0
2026-08-18 19:30:13,414 | INFO | epoch=11 batch=400 global_step=3253 loss_reg_months=5.0699 lr=0.00016254 grad_norm=1.5337 throughput=18.70 img/s eta_seconds=343.9 gpu_alloc=484.5MiB gpu_reserved=4358.0MiB skipped_batches=0
2026-08-18 19:30:29,769 | INFO | epoch=11 batch=425 global_step=3261 loss_reg_months=5.0794 lr=0.00016254 grad_norm=1.3578 throughput=18.67 img/s eta_seconds=328.2 gpu_alloc=484.5MiB gpu_reserved=4358.0MiB skipped_batches=0
2026-08-18 19:30:45,923 | INFO | epoch=11 batch=450 global_step=3270 loss_reg_months=5.0711 lr=0.00016254 grad_norm=1.8480 throughput=18.67 img/s eta_seconds=312.2 gpu_alloc=375.7MiB gpu_reserved=4358.0MiB skipped_batches=0
2026-08-18 19:31:01,611 | INFO | epoch=11 batch=475 global_step=3278 loss_reg_months=5.0707 lr=0.00016254 grad_norm=1.6702 throughput=18.69 img/s eta_seconds=295.8 gpu_alloc=484.5MiB gpu_reserved=4358.0MiB skipped_batches=0
2026-08-18 19:31:16,790 | INFO | epoch=11 batch=500 global_step=3286 loss_reg_months=5.1116 lr=0.00016254 grad_norm=1.7624 throughput=18.74 img/s eta_seconds=279.0 gpu_alloc=484.5MiB gpu_reserved=4358.0MiB skipped_batches=0
2026-08-18 19:31:32,719 | INFO | epoch=11 batch=525 global_step=3295 loss_reg_months=5.0867 lr=0.00016254 grad_norm=1.6926 throughput=18.75 img/s eta_seconds=262.9 gpu_alloc=375.7MiB gpu_reserved=4358.0MiB skipped_batches=0
2026-08-18 19:31:48,414 | INFO | epoch=11 batch=550 global_step=3303 loss_reg_months=5.0972 lr=0.00016254 grad_norm=1.8284 throughput=18.76 img/s eta_seconds=246.7 gpu_alloc=484.5MiB gpu_reserved=4358.0MiB skipped_batches=0
2026-08-18 19:32:04,438 | INFO | epoch=11 batch=575 global_step=3311 loss_reg_months=5.0854 lr=0.00016254 grad_norm=1.2198 throughput=18.76 img/s eta_seconds=230.7 gpu_alloc=484.5MiB gpu_reserved=4358.0MiB skipped_batches=0
2026-08-18 19:32:19,075 | INFO | epoch=11 batch=600 global_step=3320 loss_reg_months=5.0750 lr=0.00016254 grad_norm=1.1761 throughput=18.83 img/s eta_seconds=214.0 gpu_alloc=375.7MiB gpu_reserved=4358.0MiB skipped_batches=0
2026-08-18 19:32:34,577 | INFO | epoch=11 batch=625 global_step=3328 loss_reg_months=5.0632 lr=0.00016254 grad_norm=1.3531 throughput=18.85 img/s eta_seconds=197.8 gpu_alloc=484.5MiB gpu_reserved=4358.0MiB skipped_batches=0
2026-08-18 19:32:51,440 | INFO | epoch=11 batch=650 global_step=3336 loss_reg_months=5.0617 lr=0.00016254 grad_norm=1.6851 throughput=18.81 img/s eta_seconds=182.3 gpu_alloc=484.5MiB gpu_reserved=4358.0MiB skipped_batches=0
2026-08-18 19:33:07,107 | INFO | epoch=11 batch=675 global_step=3345 loss_reg_months=5.0723 lr=0.00016254 grad_norm=1.6038 throughput=18.82 img/s eta_seconds=166.3 gpu_alloc=375.7MiB gpu_reserved=4358.0MiB skipped_batches=0
2026-08-18 19:33:23,007 | INFO | epoch=11 batch=700 global_step=3353 loss_reg_months=5.0810 lr=0.00016254 grad_norm=1.4279 throughput=18.82 img/s eta_seconds=150.3 gpu_alloc=484.5MiB gpu_reserved=4358.0MiB skipped_batches=0
2026-08-18 19:33:38,721 | INFO | epoch=11 batch=725 global_step=3361 loss_reg_months=5.0870 lr=0.00016254 grad_norm=1.0280 throughput=18.83 img/s eta_seconds=134.3 gpu_alloc=484.5MiB gpu_reserved=4358.0MiB skipped_batches=0
2026-08-18 19:33:54,441 | INFO | epoch=11 batch=750 global_step=3370 loss_reg_months=5.0979 lr=0.00016254 grad_norm=1.2287 throughput=18.84 img/s eta_seconds=118.3 gpu_alloc=375.7MiB gpu_reserved=4358.0MiB skipped_batches=0
2026-08-18 19:34:12,630 | INFO | epoch=11 batch=775 global_step=3378 loss_reg_months=5.0834 lr=0.00016254 grad_norm=1.8239 throughput=18.75 img/s eta_seconds=102.9 gpu_alloc=484.5MiB gpu_reserved=4358.0MiB skipped_batches=0
2026-08-18 19:34:28,890 | INFO | epoch=11 batch=800 global_step=3386 loss_reg_months=5.0907 lr=0.00016254 grad_norm=1.2067 throughput=18.74 img/s eta_seconds=86.9 gpu_alloc=484.5MiB gpu_reserved=4358.0MiB skipped_batches=0
2026-08-18 19:34:43,062 | INFO | epoch=11 batch=825 global_step=3395 loss_reg_months=5.0902 lr=0.00016254 grad_norm=1.2698 throughput=18.81 img/s eta_seconds=70.7 gpu_alloc=375.7MiB gpu_reserved=4358.0MiB skipped_batches=0
2026-08-18 19:34:59,994 | INFO | epoch=11 batch=850 global_step=3403 loss_reg_months=5.0958 lr=0.00016254 grad_norm=1.8441 throughput=18.77 img/s eta_seconds=54.8 gpu_alloc=484.5MiB gpu_reserved=4358.0MiB skipped_batches=0
2026-08-18 19:35:19,561 | INFO | epoch=11 batch=875 global_step=3411 loss_reg_months=5.0872 lr=0.00016254 grad_norm=0.8647 throughput=18.65 img/s eta_seconds=39.1 gpu_alloc=484.5MiB gpu_reserved=4358.0MiB skipped_batches=0
2026-08-18 19:35:33,632 | INFO | epoch=11 batch=900 global_step=3420 loss_reg_months=5.1030 lr=0.00016254 grad_norm=1.7292 throughput=18.72 img/s eta_seconds=22.9 gpu_alloc=375.7MiB gpu_reserved=4358.0MiB skipped_batches=0
2026-08-18 19:35:49,763 | INFO | epoch=11 batch=925 global_step=3428 loss_reg_months=5.1078 lr=0.00016254 grad_norm=1.8505 throughput=18.72 img/s eta_seconds=6.9 gpu_alloc=484.5MiB gpu_reserved=4358.0MiB skipped_batches=0
2026-08-18 19:37:56,155 | WARNING | STABILITY WARNING [CAM] Prediction vượt nhẹ miền tuổi 0–228: [13.07, 229.00]
2026-08-18 19:37:56,159 | INFO | 
TRAINING REVIEW SNAPSHOT
Run ID / config hash / split hash: P7_FINAL_V3_FOLD_5 / 1180388aae6c / a96b92c7a216+f47b558cd14b
Epoch / global step: 11 / 3432
Train loss: 5.1066
Validation MAE / RMSE / median AE: 6.5846 / 8.7229 / 5.2500
MAE nam / nữ / age bins: {'F': 6.859569552529183, 'M': 6.352496714848883} / {'180-228': 5.61734693877551, '120-179': 5.763893212951432, '0-59': 8.315555167597765, '60-119': 8.187258687258687}
Learning rate / peak VRAM: 0.00016254 / 4358.0 MiB
Best epoch / best MAE / epochs không cải thiện: 10 / 6.3277 / 1
Cảnh báo hiện tại: CAM: Prediction vượt nhẹ miền tuổi 0–228: [13.07, 229.00]
Checkpoint gần nhất: /content/p7_v3/runs/P7_FINAL_V3_FOLD_5/last.ckpt
Checkpoint tốt nhất: /content/p7_v3/runs/P7_FINAL_V3_FOLD_5/best_mae.ckpt
Đề xuất tự động: THEO DÕI
2026-08-18 19:38:26,817 | INFO | epoch=12 batch=25 global_step=3440 loss_reg_months=5.1482 lr=0.00015531 grad_norm=1.7276 throughput=15.82 img/s eta_seconds=690.6 gpu_alloc=484.5MiB gpu_reserved=4358.0MiB skipped_batches=0
2026-08-18 19:38:42,077 | INFO | epoch=12 batch=50 global_step=3448 loss_reg_months=4.9016 lr=0.00015531 grad_norm=2.5029 throughput=17.53 img/s eta_seconds=606.2 gpu_alloc=484.5MiB gpu_reserved=4358.0MiB skipped_batches=0
2026-08-18 19:38:57,172 | INFO | epoch=12 batch=75 global_step=3457 loss_reg_months=5.0402 lr=0.00015531 grad_norm=1.5125 throughput=18.25 img/s eta_seconds=566.0 gpu_alloc=375.7MiB gpu_reserved=4358.0MiB skipped_batches=0
2026-08-18 19:39:12,363 | INFO | epoch=12 batch=100 global_step=3465 loss_reg_months=4.9701 lr=0.00015531 grad_norm=0.9389 throughput=18.60 img/s eta_seconds=539.1 gpu_alloc=484.5MiB gpu_reserved=4358.0MiB skipped_batches=0
2026-08-18 19:39:28,456 | INFO | epoch=12 batch=125 global_step=3473 loss_reg_months=4.8508 lr=0.00015531 grad_norm=1.0270 throughput=18.61 img/s eta_seconds=522.8 gpu_alloc=484.5MiB gpu_reserved=4358.0MiB skipped_batches=0
2026-08-18 19:39:43,396 | INFO | epoch=12 batch=150 global_step=3482 loss_reg_months=4.8203 lr=0.00015531 grad_norm=1.1070 throughput=18.84 img/s eta_seconds=500.5 gpu_alloc=375.7MiB gpu_reserved=4358.0MiB skipped_batches=0
2026-08-18 19:39:58,172 | INFO | epoch=12 batch=175 global_step=3490 loss_reg_months=4.8215 lr=0.00015531 grad_norm=1.0238 throughput=19.04 img/s eta_seconds=479.6 gpu_alloc=484.5MiB gpu_reserved=4358.0MiB skipped_batches=0
2026-08-18 19:40:13,785 | INFO | epoch=12 batch=200 global_step=3498 loss_reg_months=4.8948 lr=0.00015531 grad_norm=1.5492 throughput=19.06 img/s eta_seconds=463.2 gpu_alloc=484.5MiB gpu_reserved=4358.0MiB skipped_batches=0
2026-08-18 19:40:31,116 | INFO | epoch=12 batch=225 global_step=3507 loss_reg_months=4.8779 lr=0.00015531 grad_norm=1.6466 throughput=18.85 img/s eta_seconds=452.5 gpu_alloc=375.7MiB gpu_reserved=4358.0MiB skipped_batches=0
2026-08-18 19:40:46,023 | INFO | epoch=12 batch=250 global_step=3515 loss_reg_months=4.8785 lr=0.00015531 grad_norm=1.5789 throughput=18.97 img/s eta_seconds=433.8 gpu_alloc=484.5MiB gpu_reserved=4358.0MiB skipped_batches=0
2026-08-18 19:41:02,117 | INFO | epoch=12 batch=275 global_step=3523 loss_reg_months=4.8776 lr=0.00015531 grad_norm=1.6111 throughput=18.94 img/s eta_seconds=418.7 gpu_alloc=484.5MiB gpu_reserved=4358.0MiB skipped_batches=0
2026-08-18 19:41:17,874 | INFO | epoch=12 batch=300 global_step=3532 loss_reg_months=4.9412 lr=0.00015531 grad_norm=1.7831 throughput=18.95 img/s eta_seconds=402.7 gpu_alloc=375.7MiB gpu_reserved=4358.0MiB skipped_batches=0
2026-08-18 19:41:34,818 | INFO | epoch=12 batch=325 global_step=3540 loss_reg_months=4.9463 lr=0.00015531 grad_norm=1.2991 throughput=18.84 img/s eta_seconds=388.9 gpu_alloc=484.5MiB gpu_reserved=4358.0MiB skipped_batches=0
2026-08-18 19:41:50,027 | INFO | epoch=12 batch=350 global_step=3548 loss_reg_months=4.9365 lr=0.00015531 grad_norm=2.0626 throughput=18.90 img/s eta_seconds=371.8 gpu_alloc=484.5MiB gpu_reserved=4358.0MiB skipped_batches=0
2026-08-18 19:42:05,835 | INFO | epoch=12 batch=375 global_step=3557 loss_reg_months=4.9523 lr=0.00015531 grad_norm=1.1410 throughput=18.91 img/s eta_seconds=355.9 gpu_alloc=375.7MiB gpu_reserved=4358.0MiB skipped_batches=0
2026-08-18 19:42:21,953 | INFO | epoch=12 batch=400 global_step=3565 loss_reg_months=4.9175 lr=0.00015531 grad_norm=1.1478 throughput=18.89 img/s eta_seconds=340.3 gpu_alloc=484.5MiB gpu_reserved=4358.0MiB skipped_batches=0
2026-08-18 19:42:38,202 | INFO | epoch=12 batch=425 global_step=3573 loss_reg_months=4.9111 lr=0.00015531 grad_norm=2.4101 throughput=18.86 img/s eta_seconds=324.9 gpu_alloc=484.5MiB gpu_reserved=4358.0MiB skipped_batches=0
2026-08-18 19:42:53,604 | INFO | epoch=12 batch=450 global_step=3582 loss_reg_months=4.9220 lr=0.00015531 grad_norm=0.8911 throughput=18.90 img/s eta_seconds=308.4 gpu_alloc=375.7MiB gpu_reserved=4358.0MiB skipped_batches=0
2026-08-18 19:43:08,288 | INFO | epoch=12 batch=475 global_step=3590 loss_reg_months=4.9320 lr=0.00015531 grad_norm=1.5089 throughput=18.97 img/s eta_seconds=291.4 gpu_alloc=484.5MiB gpu_reserved=4358.0MiB skipped_batches=0
2026-08-18 19:43:24,439 | INFO | epoch=12 batch=500 global_step=3598 loss_reg_months=4.9429 lr=0.00015531 grad_norm=0.9305 throughput=18.95 img/s eta_seconds=275.9 gpu_alloc=484.5MiB gpu_reserved=4358.0MiB skipped_batches=0
2026-08-18 19:43:40,863 | INFO | epoch=12 batch=525 global_step=3607 loss_reg_months=4.9405 lr=0.00015531 grad_norm=1.1311 throughput=18.92 img/s eta_seconds=260.5 gpu_alloc=375.7MiB gpu_reserved=4358.0MiB skipped_batches=0
2026-08-18 19:43:55,635 | INFO | epoch=12 batch=550 global_step=3615 loss_reg_months=4.9028 lr=0.00015531 grad_norm=1.7642 throughput=18.98 img/s eta_seconds=243.9 gpu_alloc=484.5MiB gpu_reserved=4358.0MiB skipped_batches=0
2026-08-18 19:44:11,381 | INFO | epoch=12 batch=575 global_step=3623 loss_reg_months=4.8971 lr=0.00015531 grad_norm=1.3487 throughput=18.98 img/s eta_seconds=228.1 gpu_alloc=484.5MiB gpu_reserved=4358.0MiB skipped_batches=0
2026-08-18 19:44:26,860 | INFO | epoch=12 batch=600 global_step=3632 loss_reg_months=4.9210 lr=0.00015531 grad_norm=1.8009 throughput=19.00 img/s eta_seconds=212.1 gpu_alloc=375.7MiB gpu_reserved=4358.0MiB skipped_batches=0
2026-08-18 19:44:43,076 | INFO | epoch=12 batch=625 global_step=3640 loss_reg_months=4.9321 lr=0.00015531 grad_norm=1.4596 throughput=18.98 img/s eta_seconds=196.5 gpu_alloc=484.5MiB gpu_reserved=4358.0MiB skipped_batches=0
2026-08-18 19:44:58,163 | INFO | epoch=12 batch=650 global_step=3648 loss_reg_months=4.9265 lr=0.00015531 grad_norm=1.7515 throughput=19.01 img/s eta_seconds=180.4 gpu_alloc=484.5MiB gpu_reserved=4358.0MiB skipped_batches=0
2026-08-18 19:45:13,197 | INFO | epoch=12 batch=675 global_step=3657 loss_reg_months=4.9576 lr=0.00015531 grad_norm=1.9675 throughput=19.04 img/s eta_seconds=164.3 gpu_alloc=375.7MiB gpu_reserved=4358.0MiB skipped_batches=0
2026-08-18 19:45:30,885 | INFO | epoch=12 batch=700 global_step=3665 loss_reg_months=4.9814 lr=0.00015531 grad_norm=1.9540 throughput=18.96 img/s eta_seconds=149.2 gpu_alloc=484.5MiB gpu_reserved=4358.0MiB skipped_batches=0
2026-08-18 19:45:47,422 | INFO | epoch=12 batch=725 global_step=3673 loss_reg_months=4.9721 lr=0.00015531 grad_norm=1.3517 throughput=18.93 img/s eta_seconds=133.6 gpu_alloc=484.5MiB gpu_reserved=4358.0MiB skipped_batches=0
2026-08-18 19:46:03,360 | INFO | epoch=12 batch=750 global_step=3682 loss_reg_months=4.9615 lr=0.00015531 grad_norm=1.1215 throughput=18.93 img/s eta_seconds=117.8 gpu_alloc=375.7MiB gpu_reserved=4358.0MiB skipped_batches=0
2026-08-18 19:46:19,975 | INFO | epoch=12 batch=775 global_step=3690 loss_reg_months=4.9804 lr=0.00015531 grad_norm=1.3416 throughput=18.90 img/s eta_seconds=102.1 gpu_alloc=484.5MiB gpu_reserved=4358.0MiB skipped_batches=0
2026-08-18 19:46:34,328 | INFO | epoch=12 batch=800 global_step=3698 loss_reg_months=4.9776 lr=0.00015531 grad_norm=1.4480 throughput=18.95 img/s eta_seconds=85.9 gpu_alloc=484.5MiB gpu_reserved=4358.0MiB skipped_batches=0
2026-08-18 19:46:51,425 | INFO | epoch=12 batch=825 global_step=3707 loss_reg_months=4.9853 lr=0.00015531 grad_norm=1.6334 throughput=18.91 img/s eta_seconds=70.3 gpu_alloc=375.7MiB gpu_reserved=4358.0MiB skipped_batches=0
2026-08-18 19:47:07,071 | INFO | epoch=12 batch=850 global_step=3715 loss_reg_months=5.0025 lr=0.00015531 grad_norm=2.8433 throughput=18.92 img/s eta_seconds=54.4 gpu_alloc=484.5MiB gpu_reserved=4358.0MiB skipped_batches=0
2026-08-18 19:47:22,872 | INFO | epoch=12 batch=875 global_step=3723 loss_reg_months=5.0028 lr=0.00015531 grad_norm=1.3511 throughput=18.92 img/s eta_seconds=38.5 gpu_alloc=484.5MiB gpu_reserved=4358.0MiB skipped_batches=0
2026-08-18 19:47:37,534 | INFO | epoch=12 batch=900 global_step=3732 loss_reg_months=5.0115 lr=0.00015531 grad_norm=1.3254 throughput=18.96 img/s eta_seconds=22.6 gpu_alloc=375.7MiB gpu_reserved=4358.0MiB skipped_batches=0
2026-08-18 19:47:54,475 | INFO | epoch=12 batch=925 global_step=3740 loss_reg_months=4.9996 lr=0.00015531 grad_norm=1.3007 throughput=18.92 img/s eta_seconds=6.8 gpu_alloc=484.5MiB gpu_reserved=4358.0MiB skipped_batches=0
2026-08-18 19:50:01,725 | INFO | 
TRAINING REVIEW SNAPSHOT
Run ID / config hash / split hash: P7_FINAL_V3_FOLD_5 / 1180388aae6c / a96b92c7a216+f47b558cd14b
Epoch / global step: 12 / 3744
Train loss: 4.9991
Validation MAE / RMSE / median AE: 6.6044 / 8.8511 / 5.0000
MAE nam / nữ / age bins: {'F': 6.932765381809339, 'M': 6.3271856521024965} / {'180-228': 5.245918367346939, '120-179': 5.6411892901618925, '0-59': 9.564344011871508, '60-119': 8.34177927927928}
Learning rate / peak VRAM: 0.00015531 / 4358.0 MiB
Best epoch / best MAE / epochs không cải thiện: 10 / 6.3277 / 2
Cảnh báo hiện tại: KHÔNG
Checkpoint gần nhất: /content/p7_v3/runs/P7_FINAL_V3_FOLD_5/last.ckpt
Checkpoint tốt nhất: /content/p7_v3/runs/P7_FINAL_V3_FOLD_5/best_mae.ckpt
Đề xuất tự động: TIẾP TỤC
2026-08-18 19:50:31,186 | INFO | epoch=13 batch=25 global_step=3752 loss_reg_months=4.5667 lr=0.00014765 grad_norm=2.3686 throughput=13.48 img/s eta_seconds=810.9 gpu_alloc=484.5MiB gpu_reserved=4358.0MiB skipped_batches=0
2026-08-18 19:50:46,011 | INFO | epoch=13 batch=50 global_step=3760 loss_reg_months=4.7679 lr=0.00014765 grad_norm=1.4021 throughput=16.18 img/s eta_seconds=656.9 gpu_alloc=484.5MiB gpu_reserved=4358.0MiB skipped_batches=0
2026-08-18 19:51:02,166 | INFO | epoch=13 batch=75 global_step=3769 loss_reg_months=4.7900 lr=0.00014765 grad_norm=2.3554 throughput=16.90 img/s eta_seconds=611.0 gpu_alloc=375.7MiB gpu_reserved=4358.0MiB skipped_batches=0
2026-08-18 19:51:17,485 | INFO | epoch=13 batch=100 global_step=3777 loss_reg_months=4.9565 lr=0.00014765 grad_norm=1.7978 throughput=17.50 img/s eta_seconds=573.0 gpu_alloc=484.5MiB gpu_reserved=4358.0MiB skipped_batches=0
2026-08-18 19:51:33,279 | INFO | epoch=13 batch=125 global_step=3785 loss_reg_months=4.8742 lr=0.00014765 grad_norm=1.4315 throughput=17.78 img/s eta_seconds=547.1 gpu_alloc=484.5MiB gpu_reserved=4358.0MiB skipped_batches=0
2026-08-18 19:51:48,330 | INFO | epoch=13 batch=150 global_step=3794 loss_reg_months=5.0034 lr=0.00014765 grad_norm=2.1608 throughput=18.11 img/s eta_seconds=520.7 gpu_alloc=375.7MiB gpu_reserved=4358.0MiB skipped_batches=0
2026-08-18 19:52:03,482 | INFO | epoch=13 batch=175 global_step=3802 loss_reg_months=4.9930 lr=0.00014765 grad_norm=1.6923 throughput=18.33 img/s eta_seconds=498.0 gpu_alloc=484.5MiB gpu_reserved=4358.0MiB skipped_batches=0
2026-08-18 19:52:19,400 | INFO | epoch=13 batch=200 global_step=3810 loss_reg_months=4.9846 lr=0.00014765 grad_norm=1.1521 throughput=18.39 img/s eta_seconds=480.0 gpu_alloc=484.5MiB gpu_reserved=4358.0MiB skipped_batches=0
2026-08-18 19:52:34,853 | INFO | epoch=13 batch=225 global_step=3819 loss_reg_months=4.9543 lr=0.00014765 grad_norm=1.0757 throughput=18.50 img/s eta_seconds=461.0 gpu_alloc=375.7MiB gpu_reserved=4358.0MiB skipped_batches=0
2026-08-18 19:52:49,942 | INFO | epoch=13 batch=250 global_step=3827 loss_reg_months=4.9816 lr=0.00014765 grad_norm=1.2751 throughput=18.63 img/s eta_seconds=441.7 gpu_alloc=484.5MiB gpu_reserved=4358.0MiB skipped_batches=0
2026-08-18 19:53:06,135 | INFO | epoch=13 batch=275 global_step=3835 loss_reg_months=4.9958 lr=0.00014765 grad_norm=1.6397 throughput=18.62 img/s eta_seconds=425.8 gpu_alloc=484.5MiB gpu_reserved=4358.0MiB skipped_batches=0
2026-08-18 19:53:22,663 | INFO | epoch=13 batch=300 global_step=3844 loss_reg_months=4.9664 lr=0.00014765 grad_norm=0.9658 throughput=18.58 img/s eta_seconds=410.6 gpu_alloc=375.7MiB gpu_reserved=4358.0MiB skipped_batches=0
2026-08-18 19:53:38,507 | INFO | epoch=13 batch=325 global_step=3852 loss_reg_months=4.9171 lr=0.00014765 grad_norm=1.2960 throughput=18.61 img/s eta_seconds=393.9 gpu_alloc=484.5MiB gpu_reserved=4358.0MiB skipped_batches=0
2026-08-18 19:53:53,534 | INFO | epoch=13 batch=350 global_step=3860 loss_reg_months=4.9150 lr=0.00014765 grad_norm=0.9930 throughput=18.70 img/s eta_seconds=375.9 gpu_alloc=484.5MiB gpu_reserved=4358.0MiB skipped_batches=0
2026-08-18 19:54:10,052 | INFO | epoch=13 batch=375 global_step=3869 loss_reg_months=4.8969 lr=0.00014765 grad_norm=1.0768 throughput=18.66 img/s eta_seconds=360.6 gpu_alloc=375.7MiB gpu_reserved=4358.0MiB skipped_batches=0
2026-08-18 19:54:25,651 | INFO | epoch=13 batch=400 global_step=3877 loss_reg_months=4.8926 lr=0.00014765 grad_norm=1.2940 throughput=18.70 img/s eta_seconds=343.9 gpu_alloc=484.5MiB gpu_reserved=4358.0MiB skipped_batches=0
2026-08-18 19:54:40,786 | INFO | epoch=13 batch=425 global_step=3885 loss_reg_months=4.8999 lr=0.00014765 grad_norm=1.3654 throughput=18.76 img/s eta_seconds=326.7 gpu_alloc=484.5MiB gpu_reserved=4358.0MiB skipped_batches=0
2026-08-18 19:54:55,667 | INFO | epoch=13 batch=450 global_step=3894 loss_reg_months=4.9520 lr=0.00014765 grad_norm=1.2437 throughput=18.83 img/s eta_seconds=309.5 gpu_alloc=375.7MiB gpu_reserved=4358.0MiB skipped_batches=0
2026-08-18 19:55:12,255 | INFO | epoch=13 batch=475 global_step=3902 loss_reg_months=4.9339 lr=0.00014765 grad_norm=1.0677 throughput=18.79 img/s eta_seconds=294.2 gpu_alloc=484.5MiB gpu_reserved=4358.0MiB skipped_batches=0
2026-08-18 19:55:27,761 | INFO | epoch=13 batch=500 global_step=3910 loss_reg_months=4.8903 lr=0.00014765 grad_norm=1.2811 throughput=18.82 img/s eta_seconds=277.9 gpu_alloc=484.5MiB gpu_reserved=4358.0MiB skipped_batches=0
2026-08-18 19:55:44,608 | INFO | epoch=13 batch=525 global_step=3919 loss_reg_months=4.8832 lr=0.00014765 grad_norm=1.3345 throughput=18.77 img/s eta_seconds=262.6 gpu_alloc=375.7MiB gpu_reserved=4358.0MiB skipped_batches=0
2026-08-18 19:55:59,431 | INFO | epoch=13 batch=550 global_step=3927 loss_reg_months=4.8882 lr=0.00014765 grad_norm=1.2291 throughput=18.83 img/s eta_seconds=245.8 gpu_alloc=484.5MiB gpu_reserved=4358.0MiB skipped_batches=0
2026-08-18 19:56:15,463 | INFO | epoch=13 batch=575 global_step=3935 loss_reg_months=4.8698 lr=0.00014765 grad_norm=1.6613 throughput=18.82 img/s eta_seconds=230.0 gpu_alloc=484.5MiB gpu_reserved=4358.0MiB skipped_batches=0
2026-08-18 19:56:31,270 | INFO | epoch=13 batch=600 global_step=3944 loss_reg_months=4.8730 lr=0.00014765 grad_norm=1.3421 throughput=18.83 img/s eta_seconds=214.0 gpu_alloc=375.7MiB gpu_reserved=4358.0MiB skipped_batches=0
2026-08-18 19:56:48,908 | INFO | epoch=13 batch=625 global_step=3952 loss_reg_months=4.8701 lr=0.00014765 grad_norm=1.4685 throughput=18.75 img/s eta_seconds=198.9 gpu_alloc=484.5MiB gpu_reserved=4358.0MiB skipped_batches=0
2026-08-18 19:57:04,686 | INFO | epoch=13 batch=650 global_step=3960 loss_reg_months=4.8711 lr=0.00014765 grad_norm=1.3552 throughput=18.76 img/s eta_seconds=182.8 gpu_alloc=484.5MiB gpu_reserved=4358.0MiB skipped_batches=0
2026-08-18 19:57:19,647 | INFO | epoch=13 batch=675 global_step=3969 loss_reg_months=4.9028 lr=0.00014765 grad_norm=1.7390 throughput=18.81 img/s eta_seconds=166.4 gpu_alloc=375.7MiB gpu_reserved=4358.0MiB skipped_batches=0
2026-08-18 19:57:34,552 | INFO | epoch=13 batch=700 global_step=3977 loss_reg_months=4.8939 lr=0.00014765 grad_norm=1.9227 throughput=18.85 img/s eta_seconds=150.1 gpu_alloc=484.5MiB gpu_reserved=4358.0MiB skipped_batches=0
2026-08-18 19:57:50,516 | INFO | epoch=13 batch=725 global_step=3985 loss_reg_months=4.9036 lr=0.00014765 grad_norm=1.3190 throughput=18.85 img/s eta_seconds=134.2 gpu_alloc=484.5MiB gpu_reserved=4358.0MiB skipped_batches=0
2026-08-18 19:58:06,084 | INFO | epoch=13 batch=750 global_step=3994 loss_reg_months=4.8915 lr=0.00014765 grad_norm=1.8641 throughput=18.86 img/s eta_seconds=118.2 gpu_alloc=375.7MiB gpu_reserved=4358.0MiB skipped_batches=0
2026-08-18 19:58:21,879 | INFO | epoch=13 batch=775 global_step=4002 loss_reg_months=4.8978 lr=0.00014765 grad_norm=1.1379 throughput=18.87 img/s eta_seconds=102.2 gpu_alloc=484.5MiB gpu_reserved=4358.0MiB skipped_batches=0
2026-08-18 19:58:37,746 | INFO | epoch=13 batch=800 global_step=4010 loss_reg_months=4.9023 lr=0.00014765 grad_norm=1.3594 throughput=18.87 img/s eta_seconds=86.3 gpu_alloc=484.5MiB gpu_reserved=4358.0MiB skipped_batches=0
2026-08-18 19:58:53,796 | INFO | epoch=13 batch=825 global_step=4019 loss_reg_months=4.9237 lr=0.00014765 grad_norm=1.7633 throughput=18.86 img/s eta_seconds=70.5 gpu_alloc=375.7MiB gpu_reserved=4358.0MiB skipped_batches=0
2026-08-18 19:59:08,593 | INFO | epoch=13 batch=850 global_step=4027 loss_reg_months=4.8929 lr=0.00014765 grad_norm=1.0515 throughput=18.90 img/s eta_seconds=54.4 gpu_alloc=484.5MiB gpu_reserved=4358.0MiB skipped_batches=0
2026-08-18 19:59:23,998 | INFO | epoch=13 batch=875 global_step=4035 loss_reg_months=4.8856 lr=0.00014765 grad_norm=1.5384 throughput=18.92 img/s eta_seconds=38.5 gpu_alloc=484.5MiB gpu_reserved=4358.0MiB skipped_batches=0
2026-08-18 19:59:38,985 | INFO | epoch=13 batch=900 global_step=4044 loss_reg_months=4.8837 lr=0.00014765 grad_norm=2.1362 throughput=18.95 img/s eta_seconds=22.6 gpu_alloc=375.7MiB gpu_reserved=4358.0MiB skipped_batches=0
2026-08-18 19:59:54,157 | INFO | epoch=13 batch=925 global_step=4052 loss_reg_months=4.8762 lr=0.00014765 grad_norm=0.8448 throughput=18.97 img/s eta_seconds=6.8 gpu_alloc=484.5MiB gpu_reserved=4358.0MiB skipped_batches=0
2026-08-18 20:01:58,219 | WARNING | STABILITY WARNING [CAM] Validation MAE xấu đi trong khi train loss giảm
2026-08-18 20:01:58,221 | INFO | 
TRAINING REVIEW SNAPSHOT
Run ID / config hash / split hash: P7_FINAL_V3_FOLD_5 / 1180388aae6c / a96b92c7a216+f47b558cd14b
Epoch / global step: 13 / 4056
Train loss: 4.8868
Validation MAE / RMSE / median AE: 6.4338 / 8.6038 / 4.9375
MAE nam / nữ / age bins: {'F': 6.717582684824903, 'M': 6.19421402759527} / {'180-228': 5.040816326530612, '120-179': 6.265800124533001, '0-59': 7.07018156424581, '60-119': 7.0736808236808235}
Learning rate / peak VRAM: 0.00014765 / 4358.0 MiB
Best epoch / best MAE / epochs không cải thiện: 10 / 6.3277 / 3
Cảnh báo hiện tại: CAM: Validation MAE xấu đi trong khi train loss giảm
Checkpoint gần nhất: /content/p7_v3/runs/P7_FINAL_V3_FOLD_5/last.ckpt
Checkpoint tốt nhất: /content/p7_v3/runs/P7_FINAL_V3_FOLD_5/best_mae.ckpt
Đề xuất tự động: THEO DÕI
2026-08-18 20:02:18,236 | INFO | epoch=14 batch=25 global_step=4064 loss_reg_months=4.8626 lr=0.00013961 grad_norm=3.1399 throughput=16.79 img/s eta_seconds=651.0 gpu_alloc=484.5MiB gpu_reserved=4358.0MiB skipped_batches=0
2026-08-18 20:02:33,671 | INFO | epoch=14 batch=50 global_step=4072 loss_reg_months=4.5230 lr=0.00013961 grad_norm=1.3800 throughput=18.01 img/s eta_seconds=590.1 gpu_alloc=484.5MiB gpu_reserved=4358.0MiB skipped_batches=0
2026-08-18 20:02:48,737 | INFO | epoch=14 batch=75 global_step=4081 loss_reg_months=4.6361 lr=0.00013961 grad_norm=1.7178 throughput=18.61 img/s eta_seconds=555.2 gpu_alloc=375.7MiB gpu_reserved=4358.0MiB skipped_batches=0
2026-08-18 20:03:03,531 | INFO | epoch=14 batch=100 global_step=4089 loss_reg_months=4.5775 lr=0.00013961 grad_norm=1.1799 throughput=19.00 img/s eta_seconds=527.9 gpu_alloc=484.5MiB gpu_reserved=4358.0MiB skipped_batches=0
2026-08-18 20:03:19,059 | INFO | epoch=14 batch=125 global_step=4097 loss_reg_months=4.5540 lr=0.00013961 grad_norm=1.4540 throughput=19.06 img/s eta_seconds=510.4 gpu_alloc=484.5MiB gpu_reserved=4358.0MiB skipped_batches=0
2026-08-18 20:03:33,397 | INFO | epoch=14 batch=150 global_step=4106 loss_reg_months=4.5214 lr=0.00013961 grad_norm=2.3999 throughput=19.35 img/s eta_seconds=487.3 gpu_alloc=375.7MiB gpu_reserved=4358.0MiB skipped_batches=0
2026-08-18 20:03:49,377 | INFO | epoch=14 batch=175 global_step=4114 loss_reg_months=4.5818 lr=0.00013961 grad_norm=1.4244 throughput=19.26 img/s eta_seconds=473.9 gpu_alloc=484.5MiB gpu_reserved=4358.0MiB skipped_batches=0
2026-08-18 20:04:05,888 | INFO | epoch=14 batch=200 global_step=4122 loss_reg_months=4.7202 lr=0.00013961 grad_norm=1.4094 throughput=19.12 img/s eta_seconds=461.8 gpu_alloc=484.5MiB gpu_reserved=4358.0MiB skipped_batches=0
2026-08-18 20:04:21,249 | INFO | epoch=14 batch=225 global_step=4131 loss_reg_months=4.7653 lr=0.00013961 grad_norm=1.3535 throughput=19.16 img/s eta_seconds=445.1 gpu_alloc=375.7MiB gpu_reserved=4358.0MiB skipped_batches=0
2026-08-18 20:04:35,473 | INFO | epoch=14 batch=250 global_step=4139 loss_reg_months=4.7758 lr=0.00013961 grad_norm=1.4928 throughput=19.34 img/s eta_seconds=425.5 gpu_alloc=484.5MiB gpu_reserved=4358.0MiB skipped_batches=0
2026-08-18 20:04:53,411 | INFO | epoch=14 batch=275 global_step=4147 loss_reg_months=4.7146 lr=0.00013961 grad_norm=1.0729 throughput=19.07 img/s eta_seconds=415.8 gpu_alloc=484.5MiB gpu_reserved=4358.0MiB skipped_batches=0
2026-08-18 20:05:09,363 | INFO | epoch=14 batch=300 global_step=4156 loss_reg_months=4.7776 lr=0.00013961 grad_norm=2.0441 throughput=19.05 img/s eta_seconds=400.5 gpu_alloc=375.7MiB gpu_reserved=4358.0MiB skipped_batches=0
2026-08-18 20:05:24,629 | INFO | epoch=14 batch=325 global_step=4164 loss_reg_months=4.7634 lr=0.00013961 grad_norm=1.9529 throughput=19.09 img/s eta_seconds=383.9 gpu_alloc=484.5MiB gpu_reserved=4358.0MiB skipped_batches=0
2026-08-18 20:05:39,454 | INFO | epoch=14 batch=350 global_step=4172 loss_reg_months=4.8107 lr=0.00013961 grad_norm=1.6417 throughput=19.17 img/s eta_seconds=366.7 gpu_alloc=484.5MiB gpu_reserved=4358.0MiB skipped_batches=0
2026-08-18 20:05:55,850 | INFO | epoch=14 batch=375 global_step=4181 loss_reg_months=4.8076 lr=0.00013961 grad_norm=1.8233 throughput=19.11 img/s eta_seconds=352.1 gpu_alloc=375.7MiB gpu_reserved=4358.0MiB skipped_batches=0
2026-08-18 20:06:10,363 | INFO | epoch=14 batch=400 global_step=4189 loss_reg_months=4.8079 lr=0.00013961 grad_norm=1.6617 throughput=19.20 img/s eta_seconds=334.8 gpu_alloc=484.5MiB gpu_reserved=4358.0MiB skipped_batches=0
2026-08-18 20:06:25,756 | INFO | epoch=14 batch=425 global_step=4197 loss_reg_months=4.8093 lr=0.00013961 grad_norm=1.4296 throughput=19.22 img/s eta_seconds=318.9 gpu_alloc=484.5MiB gpu_reserved=4358.0MiB skipped_batches=0
2026-08-18 20:06:40,842 | INFO | epoch=14 batch=450 global_step=4206 loss_reg_months=4.7881 lr=0.00013961 grad_norm=1.2297 throughput=19.25 img/s eta_seconds=302.8 gpu_alloc=375.7MiB gpu_reserved=4358.0MiB skipped_batches=0
2026-08-18 20:06:57,046 | INFO | epoch=14 batch=475 global_step=4214 loss_reg_months=4.7896 lr=0.00013961 grad_norm=1.6130 throughput=19.21 img/s eta_seconds=287.8 gpu_alloc=484.5MiB gpu_reserved=4358.0MiB skipped_batches=0
2026-08-18 20:07:19,086 | INFO | epoch=14 batch=500 global_step=4222 loss_reg_months=4.7733 lr=0.00013961 grad_norm=2.0470 throughput=18.82 img/s eta_seconds=277.8 gpu_alloc=484.5MiB gpu_reserved=4358.0MiB skipped_batches=0
2026-08-18 20:07:35,330 | INFO | epoch=14 batch=525 global_step=4231 loss_reg_months=4.7812 lr=0.00013961 grad_norm=1.1795 throughput=18.81 img/s eta_seconds=262.1 gpu_alloc=375.7MiB gpu_reserved=4358.0MiB skipped_batches=0
2026-08-18 20:07:51,595 | INFO | epoch=14 batch=550 global_step=4239 loss_reg_months=4.7760 lr=0.00013961 grad_norm=1.0515 throughput=18.79 img/s eta_seconds=246.3 gpu_alloc=484.5MiB gpu_reserved=4358.0MiB skipped_batches=0
2026-08-18 20:08:06,351 | INFO | epoch=14 batch=575 global_step=4247 loss_reg_months=4.7774 lr=0.00013961 grad_norm=1.6762 throughput=18.85 img/s eta_seconds=229.6 gpu_alloc=484.5MiB gpu_reserved=4358.0MiB skipped_batches=0
2026-08-18 20:08:23,330 | INFO | epoch=14 batch=600 global_step=4256 loss_reg_months=4.7846 lr=0.00013961 grad_norm=1.3640 throughput=18.80 img/s eta_seconds=214.3 gpu_alloc=375.7MiB gpu_reserved=4358.0MiB skipped_batches=0
2026-08-18 20:08:39,561 | INFO | epoch=14 batch=625 global_step=4264 loss_reg_months=4.7768 lr=0.00013961 grad_norm=1.4391 throughput=18.79 img/s eta_seconds=198.5 gpu_alloc=484.5MiB gpu_reserved=4358.0MiB skipped_batches=0
2026-08-18 20:08:54,036 | INFO | epoch=14 batch=650 global_step=4272 loss_reg_months=4.7773 lr=0.00013961 grad_norm=1.0446 throughput=18.86 img/s eta_seconds=181.9 gpu_alloc=484.5MiB gpu_reserved=4358.0MiB skipped_batches=0
2026-08-18 20:09:09,274 | INFO | epoch=14 batch=675 global_step=4281 loss_reg_months=4.7756 lr=0.00013961 grad_norm=1.4593 throughput=18.89 img/s eta_seconds=165.7 gpu_alloc=375.7MiB gpu_reserved=4358.0MiB skipped_batches=0
2026-08-18 20:09:24,828 | INFO | epoch=14 batch=700 global_step=4289 loss_reg_months=4.7710 lr=0.00013961 grad_norm=1.6077 throughput=18.90 img/s eta_seconds=149.7 gpu_alloc=484.5MiB gpu_reserved=4358.0MiB skipped_batches=0
2026-08-18 20:09:40,683 | INFO | epoch=14 batch=725 global_step=4297 loss_reg_months=4.7754 lr=0.00013961 grad_norm=1.0578 throughput=18.90 img/s eta_seconds=133.8 gpu_alloc=484.5MiB gpu_reserved=4358.0MiB skipped_batches=0
2026-08-18 20:09:55,705 | INFO | epoch=14 batch=750 global_step=4306 loss_reg_months=4.7708 lr=0.00013961 grad_norm=1.5435 throughput=18.93 img/s eta_seconds=117.7 gpu_alloc=375.7MiB gpu_reserved=4358.0MiB skipped_batches=0
2026-08-18 20:10:11,151 | INFO | epoch=14 batch=775 global_step=4314 loss_reg_months=4.7793 lr=0.00013961 grad_norm=2.1164 throughput=18.95 img/s eta_seconds=101.8 gpu_alloc=484.5MiB gpu_reserved=4358.0MiB skipped_batches=0
2026-08-18 20:10:27,324 | INFO | epoch=14 batch=800 global_step=4322 loss_reg_months=4.7896 lr=0.00013961 grad_norm=1.4911 throughput=18.94 img/s eta_seconds=86.0 gpu_alloc=484.5MiB gpu_reserved=4358.0MiB skipped_batches=0
2026-08-18 20:10:43,857 | INFO | epoch=14 batch=825 global_step=4331 loss_reg_months=4.8000 lr=0.00013961 grad_norm=1.5384 throughput=18.91 img/s eta_seconds=70.3 gpu_alloc=375.7MiB gpu_reserved=4358.0MiB skipped_batches=0
2026-08-18 20:11:00,237 | INFO | epoch=14 batch=850 global_step=4339 loss_reg_months=4.8203 lr=0.00013961 grad_norm=1.7375 throughput=18.89 img/s eta_seconds=54.5 gpu_alloc=484.5MiB gpu_reserved=4358.0MiB skipped_batches=0
2026-08-18 20:11:15,029 | INFO | epoch=14 batch=875 global_step=4347 loss_reg_months=4.8205 lr=0.00013961 grad_norm=1.4516 throughput=18.93 img/s eta_seconds=38.5 gpu_alloc=484.5MiB gpu_reserved=4358.0MiB skipped_batches=0
2026-08-18 20:11:30,091 | INFO | epoch=14 batch=900 global_step=4356 loss_reg_months=4.8097 lr=0.00013961 grad_norm=1.2020 throughput=18.96 img/s eta_seconds=22.6 gpu_alloc=375.7MiB gpu_reserved=4358.0MiB skipped_batches=0
2026-08-18 20:11:45,512 | INFO | epoch=14 batch=925 global_step=4364 loss_reg_months=4.8090 lr=0.00013961 grad_norm=1.4060 throughput=18.97 img/s eta_seconds=6.8 gpu_alloc=484.5MiB gpu_reserved=4358.0MiB skipped_batches=0
2026-08-18 20:13:49,838 | INFO | 
TRAINING REVIEW SNAPSHOT
Run ID / config hash / split hash: P7_FINAL_V3_FOLD_5 / 1180388aae6c / a96b92c7a216+f47b558cd14b
Epoch / global step: 14 / 4368
Train loss: 4.8114
Validation MAE / RMSE / median AE: 6.3480 / 8.5343 / 4.8750
MAE nam / nữ / age bins: {'F': 6.627650778210117, 'M': 6.11198258869908} / {'180-228': 6.716326530612245, '120-179': 5.676408779576588, '0-59': 6.221194134078212, '60-119': 7.649372586872587}
Learning rate / peak VRAM: 0.00013961 / 4358.0 MiB
Best epoch / best MAE / epochs không cải thiện: 10 / 6.3277 / 4
Cảnh báo hiện tại: KHÔNG
Checkpoint gần nhất: /content/p7_v3/runs/P7_FINAL_V3_FOLD_5/last.ckpt
Checkpoint tốt nhất: /content/p7_v3/runs/P7_FINAL_V3_FOLD_5/best_mae.ckpt
Đề xuất tự động: TIẾP TỤC
2026-08-18 20:14:25,662 | INFO | epoch=15 batch=25 global_step=4376 loss_reg_months=4.6804 lr=0.00013125 grad_norm=1.0133 throughput=17.58 img/s eta_seconds=621.7 gpu_alloc=484.5MiB gpu_reserved=4358.0MiB skipped_batches=0
2026-08-18 20:14:41,156 | INFO | epoch=15 batch=50 global_step=4384 loss_reg_months=4.5597 lr=0.00013125 grad_norm=1.2560 throughput=18.43 img/s eta_seconds=576.8 gpu_alloc=484.5MiB gpu_reserved=4358.0MiB skipped_batches=0
2026-08-18 20:14:56,656 | INFO | epoch=15 batch=75 global_step=4393 loss_reg_months=4.6982 lr=0.00013125 grad_norm=1.2188 throughput=18.73 img/s eta_seconds=551.5 gpu_alloc=375.7MiB gpu_reserved=4358.0MiB skipped_batches=0
2026-08-18 20:15:12,156 | INFO | epoch=15 batch=100 global_step=4401 loss_reg_months=4.6515 lr=0.00013125 grad_norm=1.1330 throughput=18.88 img/s eta_seconds=531.2 gpu_alloc=484.5MiB gpu_reserved=4358.0MiB skipped_batches=0
2026-08-18 20:15:26,809 | INFO | epoch=15 batch=125 global_step=4409 loss_reg_months=4.6785 lr=0.00013125 grad_norm=1.2398 throughput=19.18 img/s eta_seconds=507.3 gpu_alloc=484.5MiB gpu_reserved=4358.0MiB skipped_batches=0
2026-08-18 20:15:41,792 | INFO | epoch=15 batch=150 global_step=4418 loss_reg_months=4.6143 lr=0.00013125 grad_norm=1.1806 throughput=19.31 img/s eta_seconds=488.2 gpu_alloc=375.7MiB gpu_reserved=4358.0MiB skipped_batches=0
2026-08-18 20:15:57,529 | INFO | epoch=15 batch=175 global_step=4426 loss_reg_months=4.6619 lr=0.00013125 grad_norm=1.5834 throughput=19.28 img/s eta_seconds=473.5 gpu_alloc=484.5MiB gpu_reserved=4358.0MiB skipped_batches=0
2026-08-18 20:16:13,061 | INFO | epoch=15 batch=200 global_step=4434 loss_reg_months=4.6729 lr=0.00013125 grad_norm=1.2462 throughput=19.28 img/s eta_seconds=457.9 gpu_alloc=484.5MiB gpu_reserved=4358.0MiB skipped_batches=0
2026-08-18 20:16:28,324 | INFO | epoch=15 batch=225 global_step=4443 loss_reg_months=4.6459 lr=0.00013125 grad_norm=1.4061 throughput=19.32 img/s eta_seconds=441.4 gpu_alloc=375.7MiB gpu_reserved=4358.0MiB skipped_batches=0
2026-08-18 20:16:43,746 | INFO | epoch=15 batch=250 global_step=4451 loss_reg_months=4.6750 lr=0.00013125 grad_norm=1.6841 throughput=19.34 img/s eta_seconds=425.6 gpu_alloc=484.5MiB gpu_reserved=4358.0MiB skipped_batches=0
2026-08-18 20:17:02,290 | INFO | epoch=15 batch=275 global_step=4459 loss_reg_months=4.6888 lr=0.00013125 grad_norm=2.1972 throughput=19.00 img/s eta_seconds=417.3 gpu_alloc=484.5MiB gpu_reserved=4358.0MiB skipped_batches=0
2026-08-18 20:17:16,307 | INFO | epoch=15 batch=300 global_step=4468 loss_reg_months=4.6452 lr=0.00013125 grad_norm=1.3281 throughput=19.18 img/s eta_seconds=397.8 gpu_alloc=375.7MiB gpu_reserved=4358.0MiB skipped_batches=0
2026-08-18 20:17:31,930 | INFO | epoch=15 batch=325 global_step=4476 loss_reg_months=4.6444 lr=0.00013125 grad_norm=1.3973 throughput=19.18 img/s eta_seconds=382.1 gpu_alloc=484.5MiB gpu_reserved=4358.0MiB skipped_batches=0
2026-08-18 20:17:46,846 | INFO | epoch=15 batch=350 global_step=4484 loss_reg_months=4.6217 lr=0.00013125 grad_norm=1.3162 throughput=19.24 img/s eta_seconds=365.3 gpu_alloc=484.5MiB gpu_reserved=4358.0MiB skipped_batches=0
2026-08-18 20:18:03,022 | INFO | epoch=15 batch=375 global_step=4493 loss_reg_months=4.6062 lr=0.00013125 grad_norm=1.9563 throughput=19.20 img/s eta_seconds=350.5 gpu_alloc=375.7MiB gpu_reserved=4358.0MiB skipped_batches=0
2026-08-18 20:18:24,011 | INFO | epoch=15 batch=400 global_step=4501 loss_reg_months=4.5972 lr=0.00013125 grad_norm=1.7780 throughput=18.79 img/s eta_seconds=342.1 gpu_alloc=484.5MiB gpu_reserved=4358.0MiB skipped_batches=0
2026-08-18 20:18:37,951 | INFO | epoch=15 batch=425 global_step=4509 loss_reg_months=4.6007 lr=0.00013125 grad_norm=1.2090 throughput=18.93 img/s eta_seconds=323.7 gpu_alloc=484.5MiB gpu_reserved=4358.0MiB skipped_batches=0
2026-08-18 20:18:54,145 | INFO | epoch=15 batch=450 global_step=4518 loss_reg_months=4.5947 lr=0.00013125 grad_norm=1.6852 throughput=18.91 img/s eta_seconds=308.2 gpu_alloc=375.7MiB gpu_reserved=4358.0MiB skipped_batches=0
2026-08-18 20:19:09,263 | INFO | epoch=15 batch=475 global_step=4526 loss_reg_months=4.6005 lr=0.00013125 grad_norm=1.7706 throughput=18.96 img/s eta_seconds=291.6 gpu_alloc=484.5MiB gpu_reserved=4358.0MiB skipped_batches=0
2026-08-18 20:19:24,678 | INFO | epoch=15 batch=500 global_step=4534 loss_reg_months=4.6056 lr=0.00013125 grad_norm=0.9669 throughput=18.98 img/s eta_seconds=275.5 gpu_alloc=484.5MiB gpu_reserved=4358.0MiB skipped_batches=0
2026-08-18 20:19:40,029 | INFO | epoch=15 batch=525 global_step=4543 loss_reg_months=4.6067 lr=0.00013125 grad_norm=1.1098 throughput=19.01 img/s eta_seconds=259.3 gpu_alloc=375.7MiB gpu_reserved=4358.0MiB skipped_batches=0
2026-08-18 20:19:56,627 | INFO | epoch=15 batch=550 global_step=4551 loss_reg_months=4.6336 lr=0.00013125 grad_norm=1.2903 throughput=18.96 img/s eta_seconds=244.1 gpu_alloc=484.5MiB gpu_reserved=4358.0MiB skipped_batches=0
2026-08-18 20:20:12,905 | INFO | epoch=15 batch=575 global_step=4559 loss_reg_months=4.6297 lr=0.00013125 grad_norm=1.1909 throughput=18.94 img/s eta_seconds=228.6 gpu_alloc=484.5MiB gpu_reserved=4358.0MiB skipped_batches=0
2026-08-18 20:20:28,299 | INFO | epoch=15 batch=600 global_step=4568 loss_reg_months=4.6422 lr=0.00013125 grad_norm=0.9826 throughput=18.96 img/s eta_seconds=212.5 gpu_alloc=375.7MiB gpu_reserved=4358.0MiB skipped_batches=0
2026-08-18 20:20:43,705 | INFO | epoch=15 batch=625 global_step=4576 loss_reg_months=4.6426 lr=0.00013125 grad_norm=1.0063 throughput=18.98 img/s eta_seconds=196.4 gpu_alloc=484.5MiB gpu_reserved=4358.0MiB skipped_batches=0
2026-08-18 20:20:59,181 | INFO | epoch=15 batch=650 global_step=4584 loss_reg_months=4.6275 lr=0.00013125 grad_norm=0.8886 throughput=19.00 img/s eta_seconds=180.5 gpu_alloc=484.5MiB gpu_reserved=4358.0MiB skipped_batches=0
2026-08-18 20:21:15,386 | INFO | epoch=15 batch=675 global_step=4593 loss_reg_months=4.6155 lr=0.00013125 grad_norm=1.1869 throughput=18.98 img/s eta_seconds=164.9 gpu_alloc=375.7MiB gpu_reserved=4358.0MiB skipped_batches=0
2026-08-18 20:21:30,171 | INFO | epoch=15 batch=700 global_step=4601 loss_reg_months=4.6119 lr=0.00013125 grad_norm=1.2239 throughput=19.02 img/s eta_seconds=148.7 gpu_alloc=484.5MiB gpu_reserved=4358.0MiB skipped_batches=0
2026-08-18 20:21:45,146 | INFO | epoch=15 batch=725 global_step=4609 loss_reg_months=4.6201 lr=0.00013125 grad_norm=1.3255 throughput=19.06 img/s eta_seconds=132.7 gpu_alloc=484.5MiB gpu_reserved=4358.0MiB skipped_batches=0
2026-08-18 20:22:00,853 | INFO | epoch=15 batch=750 global_step=4618 loss_reg_months=4.6068 lr=0.00013125 grad_norm=1.1570 throughput=19.06 img/s eta_seconds=117.0 gpu_alloc=375.7MiB gpu_reserved=4358.0MiB skipped_batches=0
2026-08-18 20:22:16,331 | INFO | epoch=15 batch=775 global_step=4626 loss_reg_months=4.6054 lr=0.00013125 grad_norm=1.8745 throughput=19.07 img/s eta_seconds=101.2 gpu_alloc=484.5MiB gpu_reserved=4358.0MiB skipped_batches=0
2026-08-18 20:22:31,120 | INFO | epoch=15 batch=800 global_step=4634 loss_reg_months=4.6194 lr=0.00013125 grad_norm=0.9792 throughput=19.10 img/s eta_seconds=85.3 gpu_alloc=484.5MiB gpu_reserved=4358.0MiB skipped_batches=0
2026-08-18 20:22:51,588 | INFO | epoch=15 batch=825 global_step=4643 loss_reg_months=4.6314 lr=0.00013125 grad_norm=1.9722 throughput=18.93 img/s eta_seconds=70.2 gpu_alloc=375.7MiB gpu_reserved=4358.0MiB skipped_batches=0
2026-08-18 20:23:08,993 | INFO | epoch=15 batch=850 global_step=4651 loss_reg_months=4.6347 lr=0.00013125 grad_norm=2.1416 throughput=18.88 img/s eta_seconds=54.5 gpu_alloc=484.5MiB gpu_reserved=4358.0MiB skipped_batches=0
2026-08-18 20:23:27,226 | INFO | epoch=15 batch=875 global_step=4659 loss_reg_months=4.6397 lr=0.00013125 grad_norm=1.2304 throughput=18.80 img/s eta_seconds=38.8 gpu_alloc=484.5MiB gpu_reserved=4358.0MiB skipped_batches=0
2026-08-18 20:23:40,757 | INFO | epoch=15 batch=900 global_step=4668 loss_reg_months=4.6337 lr=0.00013125 grad_norm=0.9840 throughput=18.88 img/s eta_seconds=22.7 gpu_alloc=375.7MiB gpu_reserved=4358.0MiB skipped_batches=0
2026-08-18 20:23:57,357 | INFO | epoch=15 batch=925 global_step=4676 loss_reg_months=4.6397 lr=0.00013125 grad_norm=1.5427 throughput=18.85 img/s eta_seconds=6.8 gpu_alloc=484.5MiB gpu_reserved=4358.0MiB skipped_batches=0
2026-08-18 20:26:01,417 | WARNING | STABILITY WARNING [CAM] Validation MAE xấu đi trong khi train loss giảm
2026-08-18 20:26:01,419 | INFO | 
TRAINING REVIEW SNAPSHOT
Run ID / config hash / split hash: P7_FINAL_V3_FOLD_5 / 1180388aae6c / a96b92c7a216+f47b558cd14b
Epoch / global step: 15 / 4680
Train loss: 4.6393
Validation MAE / RMSE / median AE: 6.5090 / 8.7074 / 5.0000
MAE nam / nữ / age bins: {'F': 6.821783803501946, 'M': 6.244831020039422} / {'180-228': 6.406122448979592, '120-179': 5.622431506849315, '0-59': 6.329434357541899, '60-119': 8.415098133848133}
Learning rate / peak VRAM: 0.00013125 / 4358.0 MiB
Best epoch / best MAE / epochs không cải thiện: 10 / 6.3277 / 5
Cảnh báo hiện tại: CAM: Validation MAE xấu đi trong khi train loss giảm
Checkpoint gần nhất: /content/p7_v3/runs/P7_FINAL_V3_FOLD_5/last.ckpt
Checkpoint tốt nhất: /content/p7_v3/runs/P7_FINAL_V3_FOLD_5/best_mae.ckpt
Đề xuất tự động: THEO DÕI
2026-08-18 20:26:22,504 | INFO | epoch=16 batch=25 global_step=4688 loss_reg_months=4.2105 lr=0.00012264 grad_norm=1.2204 throughput=16.13 img/s eta_seconds=677.7 gpu_alloc=484.5MiB gpu_reserved=4358.0MiB skipped_batches=0
2026-08-18 20:26:37,841 | INFO | epoch=16 batch=50 global_step=4696 loss_reg_months=4.5681 lr=0.00012264 grad_norm=1.5162 throughput=17.68 img/s eta_seconds=601.2 gpu_alloc=484.5MiB gpu_reserved=4358.0MiB skipped_batches=0
2026-08-18 20:26:53,161 | INFO | epoch=16 batch=75 global_step=4705 loss_reg_months=4.5420 lr=0.00012264 grad_norm=1.4708 throughput=18.27 img/s eta_seconds=565.4 gpu_alloc=375.7MiB gpu_reserved=4358.0MiB skipped_batches=0
2026-08-18 20:27:08,398 | INFO | epoch=16 batch=100 global_step=4713 loss_reg_months=4.4273 lr=0.00012264 grad_norm=1.2604 throughput=18.61 img/s eta_seconds=539.0 gpu_alloc=484.5MiB gpu_reserved=4358.0MiB skipped_batches=0
2026-08-18 20:27:25,050 | INFO | epoch=16 batch=125 global_step=4721 loss_reg_months=4.4371 lr=0.00012264 grad_norm=1.0189 throughput=18.48 img/s eta_seconds=526.3 gpu_alloc=484.5MiB gpu_reserved=4358.0MiB skipped_batches=0
2026-08-18 20:27:39,412 | INFO | epoch=16 batch=150 global_step=4730 loss_reg_months=4.4226 lr=0.00012264 grad_norm=1.3462 throughput=18.85 img/s eta_seconds=500.3 gpu_alloc=375.7MiB gpu_reserved=4358.0MiB skipped_batches=0
2026-08-18 20:27:54,586 | INFO | epoch=16 batch=175 global_step=4738 loss_reg_months=4.4471 lr=0.00012264 grad_norm=1.2371 throughput=18.97 img/s eta_seconds=481.2 gpu_alloc=484.5MiB gpu_reserved=4358.0MiB skipped_batches=0
2026-08-18 20:28:09,825 | INFO | epoch=16 batch=200 global_step=4746 loss_reg_months=4.4576 lr=0.00012264 grad_norm=1.6633 throughput=19.06 img/s eta_seconds=463.2 gpu_alloc=484.5MiB gpu_reserved=4358.0MiB skipped_batches=0
2026-08-18 20:28:28,502 | INFO | epoch=16 batch=225 global_step=4755 loss_reg_months=4.5598 lr=0.00012264 grad_norm=1.5710 throughput=18.67 img/s eta_seconds=456.8 gpu_alloc=375.7MiB gpu_reserved=4358.0MiB skipped_batches=0
2026-08-18 20:28:43,591 | INFO | epoch=16 batch=250 global_step=4763 loss_reg_months=4.5430 lr=0.00012264 grad_norm=1.0244 throughput=18.79 img/s eta_seconds=438.0 gpu_alloc=484.5MiB gpu_reserved=4358.0MiB skipped_batches=0
2026-08-18 20:29:01,040 | INFO | epoch=16 batch=275 global_step=4771 loss_reg_months=4.5123 lr=0.00012264 grad_norm=1.2552 throughput=18.63 img/s eta_seconds=425.6 gpu_alloc=484.5MiB gpu_reserved=4358.0MiB skipped_batches=0
2026-08-18 20:29:16,645 | INFO | epoch=16 batch=300 global_step=4780 loss_reg_months=4.4972 lr=0.00012264 grad_norm=1.5252 throughput=18.68 img/s eta_seconds=408.4 gpu_alloc=375.7MiB gpu_reserved=4358.0MiB skipped_batches=0
2026-08-18 20:29:32,597 | INFO | epoch=16 batch=325 global_step=4788 loss_reg_months=4.4953 lr=0.00012264 grad_norm=1.1860 throughput=18.69 img/s eta_seconds=392.2 gpu_alloc=484.5MiB gpu_reserved=4358.0MiB skipped_batches=0
2026-08-18 20:29:47,913 | INFO | epoch=16 batch=350 global_step=4796 loss_reg_months=4.4852 lr=0.00012264 grad_norm=1.4077 throughput=18.75 img/s eta_seconds=374.9 gpu_alloc=484.5MiB gpu_reserved=4358.0MiB skipped_batches=0
2026-08-18 20:30:03,911 | INFO | epoch=16 batch=375 global_step=4805 loss_reg_months=4.5087 lr=0.00012264 grad_norm=1.2323 throughput=18.75 img/s eta_seconds=358.9 gpu_alloc=375.7MiB gpu_reserved=4358.0MiB skipped_batches=0
2026-08-18 20:30:19,756 | INFO | epoch=16 batch=400 global_step=4813 loss_reg_months=4.5297 lr=0.00012264 grad_norm=1.3558 throughput=18.76 img/s eta_seconds=342.7 gpu_alloc=484.5MiB gpu_reserved=4358.0MiB skipped_batches=0
2026-08-18 20:30:34,750 | INFO | epoch=16 batch=425 global_step=4821 loss_reg_months=4.5193 lr=0.00012264 grad_norm=1.2712 throughput=18.83 img/s eta_seconds=325.5 gpu_alloc=484.5MiB gpu_reserved=4358.0MiB skipped_batches=0
2026-08-18 20:30:50,157 | INFO | epoch=16 batch=450 global_step=4830 loss_reg_months=4.5441 lr=0.00012264 grad_norm=1.3903 throughput=18.86 img/s eta_seconds=309.0 gpu_alloc=375.7MiB gpu_reserved=4358.0MiB skipped_batches=0
2026-08-18 20:31:06,253 | INFO | epoch=16 batch=475 global_step=4838 loss_reg_months=4.5275 lr=0.00012264 grad_norm=1.4088 throughput=18.85 img/s eta_seconds=293.3 gpu_alloc=484.5MiB gpu_reserved=4358.0MiB skipped_batches=0
2026-08-18 20:31:20,984 | INFO | epoch=16 batch=500 global_step=4846 loss_reg_months=4.5249 lr=0.00012264 grad_norm=1.1695 throughput=18.92 img/s eta_seconds=276.3 gpu_alloc=484.5MiB gpu_reserved=4358.0MiB skipped_batches=0
2026-08-18 20:31:36,125 | INFO | epoch=16 batch=525 global_step=4855 loss_reg_months=4.5328 lr=0.00012264 grad_norm=0.9437 throughput=18.96 img/s eta_seconds=259.9 gpu_alloc=375.7MiB gpu_reserved=4358.0MiB skipped_batches=0
2026-08-18 20:31:50,731 | INFO | epoch=16 batch=550 global_step=4863 loss_reg_months=4.5293 lr=0.00012264 grad_norm=1.1842 throughput=19.03 img/s eta_seconds=243.3 gpu_alloc=484.5MiB gpu_reserved=4358.0MiB skipped_batches=0
2026-08-18 20:32:07,105 | INFO | epoch=16 batch=575 global_step=4871 loss_reg_months=4.5126 lr=0.00012264 grad_norm=1.2241 throughput=19.00 img/s eta_seconds=227.9 gpu_alloc=484.5MiB gpu_reserved=4358.0MiB skipped_batches=0
2026-08-18 20:32:22,758 | INFO | epoch=16 batch=600 global_step=4880 loss_reg_months=4.5139 lr=0.00012264 grad_norm=0.9258 throughput=19.00 img/s eta_seconds=212.0 gpu_alloc=375.7MiB gpu_reserved=4358.0MiB skipped_batches=0
2026-08-18 20:32:37,742 | INFO | epoch=16 batch=625 global_step=4888 loss_reg_months=4.5139 lr=0.00012264 grad_norm=1.0703 throughput=19.04 img/s eta_seconds=195.8 gpu_alloc=484.5MiB gpu_reserved=4358.0MiB skipped_batches=0
2026-08-18 20:32:52,914 | INFO | epoch=16 batch=650 global_step=4896 loss_reg_months=4.5200 lr=0.00012264 grad_norm=1.3408 throughput=19.07 img/s eta_seconds=179.8 gpu_alloc=484.5MiB gpu_reserved=4358.0MiB skipped_batches=0
2026-08-18 20:33:09,124 | INFO | epoch=16 batch=675 global_step=4905 loss_reg_months=4.5157 lr=0.00012264 grad_norm=1.8293 throughput=19.05 img/s eta_seconds=164.3 gpu_alloc=375.7MiB gpu_reserved=4358.0MiB skipped_batches=0
2026-08-18 20:33:30,412 | INFO | epoch=16 batch=700 global_step=4913 loss_reg_months=4.5137 lr=0.00012264 grad_norm=1.3011 throughput=18.81 img/s eta_seconds=150.4 gpu_alloc=484.5MiB gpu_reserved=4358.0MiB skipped_batches=0
2026-08-18 20:33:43,356 | INFO | epoch=16 batch=725 global_step=4921 loss_reg_months=4.5295 lr=0.00012264 grad_norm=2.2000 throughput=18.94 img/s eta_seconds=133.6 gpu_alloc=484.5MiB gpu_reserved=4358.0MiB skipped_batches=0
2026-08-18 20:33:58,380 | INFO | epoch=16 batch=750 global_step=4930 loss_reg_months=4.5330 lr=0.00012264 grad_norm=2.1527 throughput=18.97 img/s eta_seconds=117.5 gpu_alloc=375.7MiB gpu_reserved=4358.0MiB skipped_batches=0
2026-08-18 20:34:13,592 | INFO | epoch=16 batch=775 global_step=4938 loss_reg_months=4.5464 lr=0.00012264 grad_norm=1.2959 throughput=18.99 img/s eta_seconds=101.6 gpu_alloc=484.5MiB gpu_reserved=4358.0MiB skipped_batches=0
2026-08-18 20:34:29,262 | INFO | epoch=16 batch=800 global_step=4946 loss_reg_months=4.5487 lr=0.00012264 grad_norm=1.8395 throughput=19.00 img/s eta_seconds=85.8 gpu_alloc=484.5MiB gpu_reserved=4358.0MiB skipped_batches=0
2026-08-18 20:34:44,654 | INFO | epoch=16 batch=825 global_step=4955 loss_reg_months=4.5361 lr=0.00012264 grad_norm=1.1306 throughput=19.01 img/s eta_seconds=69.9 gpu_alloc=375.7MiB gpu_reserved=4358.0MiB skipped_batches=0
2026-08-18 20:34:59,601 | INFO | epoch=16 batch=850 global_step=4963 loss_reg_months=4.5363 lr=0.00012264 grad_norm=1.2814 throughput=19.04 img/s eta_seconds=54.0 gpu_alloc=484.5MiB gpu_reserved=4358.0MiB skipped_batches=0
2026-08-18 20:35:14,396 | INFO | epoch=16 batch=875 global_step=4971 loss_reg_months=4.5501 lr=0.00012264 grad_norm=1.4475 throughput=19.07 img/s eta_seconds=38.2 gpu_alloc=484.5MiB gpu_reserved=4358.0MiB skipped_batches=0
2026-08-18 20:35:30,003 | INFO | epoch=16 batch=900 global_step=4980 loss_reg_months=4.5525 lr=0.00012264 grad_norm=1.5754 throughput=19.08 img/s eta_seconds=22.5 gpu_alloc=375.7MiB gpu_reserved=4358.0MiB skipped_batches=0
2026-08-18 20:35:45,920 | INFO | epoch=16 batch=925 global_step=4988 loss_reg_months=4.5566 lr=0.00012264 grad_norm=1.9549 throughput=19.07 img/s eta_seconds=6.8 gpu_alloc=484.5MiB gpu_reserved=4358.0MiB skipped_batches=0
2026-08-18 20:37:49,148 | WARNING | STABILITY WARNING [CAM] Prediction vượt nhẹ miền tuổi 0–228: [16.94, 228.88]
2026-08-18 20:37:49,157 | WARNING | STABILITY WARNING [CAM] Validation MAE xấu đi trong khi train loss giảm
2026-08-18 20:37:49,158 | INFO | 
TRAINING REVIEW SNAPSHOT
Run ID / config hash / split hash: P7_FINAL_V3_FOLD_5 / 1180388aae6c / a96b92c7a216+f47b558cd14b
Epoch / global step: 16 / 4992
Train loss: 4.5600
Validation MAE / RMSE / median AE: 6.3691 / 8.5529 / 4.8750
MAE nam / nữ / age bins: {'F': 6.650024319066148, 'M': 6.131837220762155} / {'180-228': 5.422448979591837, '120-179': 5.913877646326276, '0-59': 9.379888268156424, '60-119': 6.914736164736165}
Learning rate / peak VRAM: 0.00012264 / 4358.0 MiB
Best epoch / best MAE / epochs không cải thiện: 10 / 6.3277 / 6
Cảnh báo hiện tại: CAM: Prediction vượt nhẹ miền tuổi 0–228: [16.94, 228.88] | CAM: Validation MAE xấu đi trong khi train loss giảm
Checkpoint gần nhất: /content/p7_v3/runs/P7_FINAL_V3_FOLD_5/last.ckpt
Checkpoint tốt nhất: /content/p7_v3/runs/P7_FINAL_V3_FOLD_5/best_mae.ckpt
Đề xuất tự động: THEO DÕI
2026-08-18 20:38:22,806 | INFO | epoch=17 batch=25 global_step=5000 loss_reg_months=4.4834 lr=0.00011386 grad_norm=1.4140 throughput=15.12 img/s eta_seconds=722.9 gpu_alloc=484.5MiB gpu_reserved=4358.0MiB skipped_batches=0
2026-08-18 20:38:36,653 | INFO | epoch=17 batch=50 global_step=5008 loss_reg_months=4.1343 lr=0.00011386 grad_norm=1.4236 throughput=17.81 img/s eta_seconds=596.8 gpu_alloc=484.5MiB gpu_reserved=4358.0MiB skipped_batches=0
2026-08-18 20:38:51,989 | INFO | epoch=17 batch=75 global_step=5017 loss_reg_months=4.1956 lr=0.00011386 grad_norm=1.5377 throughput=18.36 img/s eta_seconds=562.7 gpu_alloc=375.7MiB gpu_reserved=4358.0MiB skipped_batches=0
2026-08-18 20:39:07,706 | INFO | epoch=17 batch=100 global_step=5025 loss_reg_months=4.2584 lr=0.00011386 grad_norm=1.2228 throughput=18.53 img/s eta_seconds=541.1 gpu_alloc=484.5MiB gpu_reserved=4358.0MiB skipped_batches=0
2026-08-18 20:39:23,332 | INFO | epoch=17 batch=125 global_step=5033 loss_reg_months=4.2834 lr=0.00011386 grad_norm=1.4658 throughput=18.66 img/s eta_seconds=521.3 gpu_alloc=484.5MiB gpu_reserved=4358.0MiB skipped_batches=0
2026-08-18 20:39:38,478 | INFO | epoch=17 batch=150 global_step=5042 loss_reg_months=4.2216 lr=0.00011386 grad_norm=1.2760 throughput=18.85 img/s eta_seconds=500.3 gpu_alloc=375.7MiB gpu_reserved=4358.0MiB skipped_batches=0
2026-08-18 20:39:52,910 | INFO | epoch=17 batch=175 global_step=5050 loss_reg_months=4.2361 lr=0.00011386 grad_norm=1.2881 throughput=19.10 img/s eta_seconds=478.0 gpu_alloc=484.5MiB gpu_reserved=4358.0MiB skipped_batches=0
2026-08-18 20:40:08,786 | INFO | epoch=17 batch=200 global_step=5058 loss_reg_months=4.2381 lr=0.00011386 grad_norm=1.8158 throughput=19.07 img/s eta_seconds=462.9 gpu_alloc=484.5MiB gpu_reserved=4358.0MiB skipped_batches=0
2026-08-18 20:40:24,099 | INFO | epoch=17 batch=225 global_step=5067 loss_reg_months=4.2591 lr=0.00011386 grad_norm=0.9250 throughput=19.13 img/s eta_seconds=445.8 gpu_alloc=375.7MiB gpu_reserved=4358.0MiB skipped_batches=0
2026-08-18 20:40:39,257 | INFO | epoch=17 batch=250 global_step=5075 loss_reg_months=4.2432 lr=0.00011386 grad_norm=1.1192 throughput=19.19 img/s eta_seconds=428.7 gpu_alloc=484.5MiB gpu_reserved=4358.0MiB skipped_batches=0
2026-08-18 20:40:54,828 | INFO | epoch=17 batch=275 global_step=5083 loss_reg_months=4.2325 lr=0.00011386 grad_norm=1.2366 throughput=19.20 img/s eta_seconds=412.9 gpu_alloc=484.5MiB gpu_reserved=4358.0MiB skipped_batches=0
2026-08-18 20:41:10,610 | INFO | epoch=17 batch=300 global_step=5092 loss_reg_months=4.2274 lr=0.00011386 grad_norm=2.5257 throughput=19.19 img/s eta_seconds=397.6 gpu_alloc=375.7MiB gpu_reserved=4358.0MiB skipped_batches=0
2026-08-18 20:41:25,226 | INFO | epoch=17 batch=325 global_step=5100 loss_reg_months=4.2932 lr=0.00011386 grad_norm=1.3971 throughput=19.28 img/s eta_seconds=380.1 gpu_alloc=484.5MiB gpu_reserved=4358.0MiB skipped_batches=0
2026-08-18 20:41:43,293 | INFO | epoch=17 batch=350 global_step=5108 loss_reg_months=4.3016 lr=0.00011386 grad_norm=1.3031 throughput=19.06 img/s eta_seconds=368.7 gpu_alloc=484.5MiB gpu_reserved=4358.0MiB skipped_batches=0
2026-08-18 20:41:58,964 | INFO | epoch=17 batch=375 global_step=5117 loss_reg_months=4.3372 lr=0.00011386 grad_norm=1.8278 throughput=19.07 img/s eta_seconds=352.9 gpu_alloc=375.7MiB gpu_reserved=4358.0MiB skipped_batches=0
2026-08-18 20:42:13,575 | INFO | epoch=17 batch=400 global_step=5125 loss_reg_months=4.3481 lr=0.00011386 grad_norm=1.1066 throughput=19.15 img/s eta_seconds=335.7 gpu_alloc=484.5MiB gpu_reserved=4358.0MiB skipped_batches=0
2026-08-18 20:42:28,392 | INFO | epoch=17 batch=425 global_step=5133 loss_reg_months=4.3515 lr=0.00011386 grad_norm=1.5598 throughput=19.21 img/s eta_seconds=319.0 gpu_alloc=484.5MiB gpu_reserved=4358.0MiB skipped_batches=0
2026-08-18 20:42:44,414 | INFO | epoch=17 batch=450 global_step=5142 loss_reg_months=4.3334 lr=0.00011386 grad_norm=1.2290 throughput=19.19 img/s eta_seconds=303.8 gpu_alloc=375.7MiB gpu_reserved=4358.0MiB skipped_batches=0
2026-08-18 20:42:59,408 | INFO | epoch=17 batch=475 global_step=5150 loss_reg_months=4.3413 lr=0.00011386 grad_norm=1.3040 throughput=19.23 img/s eta_seconds=287.6 gpu_alloc=484.5MiB gpu_reserved=4358.0MiB skipped_batches=0
2026-08-18 20:43:14,867 | INFO | epoch=17 batch=500 global_step=5158 loss_reg_months=4.3619 lr=0.00011386 grad_norm=1.4464 throughput=19.24 img/s eta_seconds=271.8 gpu_alloc=484.5MiB gpu_reserved=4358.0MiB skipped_batches=0
2026-08-18 20:43:31,879 | INFO | epoch=17 batch=525 global_step=5167 loss_reg_months=4.3741 lr=0.00011386 grad_norm=1.4947 throughput=19.15 img/s eta_seconds=257.3 gpu_alloc=375.7MiB gpu_reserved=4358.0MiB skipped_batches=0
2026-08-18 20:43:48,127 | INFO | epoch=17 batch=550 global_step=5175 loss_reg_months=4.3604 lr=0.00011386 grad_norm=1.4428 throughput=19.12 img/s eta_seconds=242.1 gpu_alloc=484.5MiB gpu_reserved=4358.0MiB skipped_batches=0
2026-08-18 20:44:02,892 | INFO | epoch=17 batch=575 global_step=5183 loss_reg_months=4.3879 lr=0.00011386 grad_norm=1.5368 throughput=19.17 img/s eta_seconds=225.8 gpu_alloc=484.5MiB gpu_reserved=4358.0MiB skipped_batches=0
2026-08-18 20:44:18,831 | INFO | epoch=17 batch=600 global_step=5192 loss_reg_months=4.3937 lr=0.00011386 grad_norm=1.0380 throughput=19.16 img/s eta_seconds=210.3 gpu_alloc=375.7MiB gpu_reserved=4358.0MiB skipped_batches=0
2026-08-18 20:44:34,188 | INFO | epoch=17 batch=625 global_step=5200 loss_reg_months=4.3898 lr=0.00011386 grad_norm=1.0917 throughput=19.17 img/s eta_seconds=194.5 gpu_alloc=484.5MiB gpu_reserved=4358.0MiB skipped_batches=0
2026-08-18 20:44:49,241 | INFO | epoch=17 batch=650 global_step=5208 loss_reg_months=4.3761 lr=0.00011386 grad_norm=1.2274 throughput=19.20 img/s eta_seconds=178.6 gpu_alloc=484.5MiB gpu_reserved=4358.0MiB skipped_batches=0
2026-08-18 20:45:05,433 | INFO | epoch=17 batch=675 global_step=5217 loss_reg_months=4.3892 lr=0.00011386 grad_norm=1.0714 throughput=19.17 img/s eta_seconds=163.2 gpu_alloc=375.7MiB gpu_reserved=4358.0MiB skipped_batches=0
2026-08-18 20:45:24,133 | INFO | epoch=17 batch=700 global_step=5225 loss_reg_months=4.3865 lr=0.00011386 grad_norm=1.4726 throughput=19.04 img/s eta_seconds=148.6 gpu_alloc=484.5MiB gpu_reserved=4358.0MiB skipped_batches=0
2026-08-18 20:45:39,727 | INFO | epoch=17 batch=725 global_step=5233 loss_reg_months=4.3992 lr=0.00011386 grad_norm=1.2886 throughput=19.05 img/s eta_seconds=132.8 gpu_alloc=484.5MiB gpu_reserved=4358.0MiB skipped_batches=0
2026-08-18 20:45:54,800 | INFO | epoch=17 batch=750 global_step=5242 loss_reg_months=4.3926 lr=0.00011386 grad_norm=1.2971 throughput=19.07 img/s eta_seconds=116.9 gpu_alloc=375.7MiB gpu_reserved=4358.0MiB skipped_batches=0
2026-08-18 20:46:12,749 | INFO | epoch=17 batch=775 global_step=5250 loss_reg_months=4.4156 lr=0.00011386 grad_norm=1.8300 throughput=18.99 img/s eta_seconds=101.6 gpu_alloc=484.5MiB gpu_reserved=4358.0MiB skipped_batches=0
2026-08-18 20:46:26,482 | INFO | epoch=17 batch=800 global_step=5258 loss_reg_months=4.4131 lr=0.00011386 grad_norm=0.9866 throughput=19.07 img/s eta_seconds=85.4 gpu_alloc=484.5MiB gpu_reserved=4358.0MiB skipped_batches=0
2026-08-18 20:46:42,305 | INFO | epoch=17 batch=825 global_step=5267 loss_reg_months=4.4101 lr=0.00011386 grad_norm=2.1123 throughput=19.06 img/s eta_seconds=69.7 gpu_alloc=375.7MiB gpu_reserved=4358.0MiB skipped_batches=0
2026-08-18 20:46:57,311 | INFO | epoch=17 batch=850 global_step=5275 loss_reg_months=4.4010 lr=0.00011386 grad_norm=1.6471 throughput=19.09 img/s eta_seconds=53.9 gpu_alloc=484.5MiB gpu_reserved=4358.0MiB skipped_batches=0
2026-08-18 20:47:12,707 | INFO | epoch=17 batch=875 global_step=5283 loss_reg_months=4.3865 lr=0.00011386 grad_norm=1.2719 throughput=19.10 img/s eta_seconds=38.2 gpu_alloc=484.5MiB gpu_reserved=4358.0MiB skipped_batches=0
2026-08-18 20:47:29,243 | INFO | epoch=17 batch=900 global_step=5292 loss_reg_months=4.3974 lr=0.00011386 grad_norm=1.4808 throughput=19.07 img/s eta_seconds=22.5 gpu_alloc=375.7MiB gpu_reserved=4358.0MiB skipped_batches=0
2026-08-18 20:47:44,099 | INFO | epoch=17 batch=925 global_step=5300 loss_reg_months=4.3875 lr=0.00011386 grad_norm=1.7104 throughput=19.10 img/s eta_seconds=6.8 gpu_alloc=484.5MiB gpu_reserved=4358.0MiB skipped_batches=0
2026-08-18 20:49:49,219 | WARNING | STABILITY WARNING [CAM] Validation MAE xấu đi trong khi train loss giảm
2026-08-18 20:49:49,220 | INFO | 
TRAINING REVIEW SNAPSHOT
Run ID / config hash / split hash: P7_FINAL_V3_FOLD_5 / 1180388aae6c / a96b92c7a216+f47b558cd14b
Epoch / global step: 17 / 5304
Train loss: 4.3807
Validation MAE / RMSE / median AE: 6.4891 / 8.6358 / 5.1250
MAE nam / nữ / age bins: {'F': 6.630728280034047, 'M': 6.369461440538765} / {'180-228': 6.026530612244898, '120-179': 6.068843399750934, '0-59': 7.452478504713687, '60-119': 7.281531531531532}
Learning rate / peak VRAM: 0.00011386 / 4358.0 MiB
Best epoch / best MAE / epochs không cải thiện: 10 / 6.3277 / 7
Cảnh báo hiện tại: CAM: Validation MAE xấu đi trong khi train loss giảm
Checkpoint gần nhất: /content/p7_v3/runs/P7_FINAL_V3_FOLD_5/last.ckpt
Checkpoint tốt nhất: /content/p7_v3/runs/P7_FINAL_V3_FOLD_5/best_mae.ckpt
Đề xuất tự động: THEO DÕI
2026-08-18 20:50:18,598 | INFO | epoch=18 batch=25 global_step=5312 loss_reg_months=4.2442 lr=0.00010496 grad_norm=1.2851 throughput=17.56 img/s eta_seconds=622.4 gpu_alloc=484.5MiB gpu_reserved=4358.0MiB skipped_batches=0
2026-08-18 20:50:34,089 | INFO | epoch=18 batch=50 global_step=5320 loss_reg_months=4.0960 lr=0.00010496 grad_norm=1.1931 throughput=18.42 img/s eta_seconds=577.1 gpu_alloc=484.5MiB gpu_reserved=4358.0MiB skipped_batches=0
2026-08-18 20:50:48,822 | INFO | epoch=18 batch=75 global_step=5329 loss_reg_months=4.2059 lr=0.00010496 grad_norm=1.3533 throughput=19.03 img/s eta_seconds=542.9 gpu_alloc=375.7MiB gpu_reserved=4358.0MiB skipped_batches=0
2026-08-18 20:51:04,049 | INFO | epoch=18 batch=100 global_step=5337 loss_reg_months=4.3319 lr=0.00010496 grad_norm=1.2335 throughput=19.19 img/s eta_seconds=522.6 gpu_alloc=484.5MiB gpu_reserved=4358.0MiB skipped_batches=0
2026-08-18 20:51:20,213 | INFO | epoch=18 batch=125 global_step=5345 loss_reg_months=4.1779 lr=0.00010496 grad_norm=1.0772 throughput=19.06 img/s eta_seconds=510.4 gpu_alloc=484.5MiB gpu_reserved=4358.0MiB skipped_batches=0
2026-08-18 20:51:35,469 | INFO | epoch=18 batch=150 global_step=5354 loss_reg_months=4.1944 lr=0.00010496 grad_norm=1.2011 throughput=19.16 img/s eta_seconds=492.1 gpu_alloc=375.7MiB gpu_reserved=4358.0MiB skipped_batches=0
2026-08-18 20:51:50,788 | INFO | epoch=18 batch=175 global_step=5362 loss_reg_months=4.2514 lr=0.00010496 grad_norm=1.6518 throughput=19.22 img/s eta_seconds=475.0 gpu_alloc=484.5MiB gpu_reserved=4358.0MiB skipped_batches=0
2026-08-18 20:52:06,910 | INFO | epoch=18 batch=200 global_step=5370 loss_reg_months=4.1974 lr=0.00010496 grad_norm=1.2601 throughput=19.14 img/s eta_seconds=461.3 gpu_alloc=484.5MiB gpu_reserved=4358.0MiB skipped_batches=0
2026-08-18 20:52:22,636 | INFO | epoch=18 batch=225 global_step=5379 loss_reg_months=4.1628 lr=0.00010496 grad_norm=1.1292 throughput=19.13 img/s eta_seconds=445.8 gpu_alloc=375.7MiB gpu_reserved=4358.0MiB skipped_batches=0
2026-08-18 20:52:38,964 | INFO | epoch=18 batch=250 global_step=5387 loss_reg_months=4.1799 lr=0.00010496 grad_norm=2.2434 throughput=19.05 img/s eta_seconds=431.9 gpu_alloc=484.5MiB gpu_reserved=4358.0MiB skipped_batches=0
2026-08-18 20:52:54,861 | INFO | epoch=18 batch=275 global_step=5395 loss_reg_months=4.1473 lr=0.00010496 grad_norm=1.6065 throughput=19.04 img/s eta_seconds=416.5 gpu_alloc=484.5MiB gpu_reserved=4358.0MiB skipped_batches=0
2026-08-18 20:53:10,817 | INFO | epoch=18 batch=300 global_step=5404 loss_reg_months=4.1500 lr=0.00010496 grad_norm=1.2675 throughput=19.02 img/s eta_seconds=401.2 gpu_alloc=375.7MiB gpu_reserved=4358.0MiB skipped_batches=0
2026-08-18 20:53:26,238 | INFO | epoch=18 batch=325 global_step=5412 loss_reg_months=4.1698 lr=0.00010496 grad_norm=1.7829 throughput=19.05 img/s eta_seconds=384.7 gpu_alloc=484.5MiB gpu_reserved=4358.0MiB skipped_batches=0
2026-08-18 20:53:41,284 | INFO | epoch=18 batch=350 global_step=5420 loss_reg_months=4.1496 lr=0.00010496 grad_norm=1.6806 throughput=19.11 img/s eta_seconds=367.8 gpu_alloc=484.5MiB gpu_reserved=4358.0MiB skipped_batches=0
2026-08-18 20:53:56,658 | INFO | epoch=18 batch=375 global_step=5429 loss_reg_months=4.1514 lr=0.00010496 grad_norm=1.1446 throughput=19.14 img/s eta_seconds=351.6 gpu_alloc=375.7MiB gpu_reserved=4358.0MiB skipped_batches=0
2026-08-18 20:54:12,013 | INFO | epoch=18 batch=400 global_step=5437 loss_reg_months=4.1715 lr=0.00010496 grad_norm=2.0320 throughput=19.16 img/s eta_seconds=335.5 gpu_alloc=484.5MiB gpu_reserved=4358.0MiB skipped_batches=0
2026-08-18 20:54:27,131 | INFO | epoch=18 batch=425 global_step=5445 loss_reg_months=4.1530 lr=0.00010496 grad_norm=1.8472 throughput=19.20 img/s eta_seconds=319.2 gpu_alloc=484.5MiB gpu_reserved=4358.0MiB skipped_batches=0
2026-08-18 20:54:42,859 | INFO | epoch=18 batch=450 global_step=5454 loss_reg_months=4.1487 lr=0.00010496 grad_norm=1.7013 throughput=19.19 img/s eta_seconds=303.7 gpu_alloc=375.7MiB gpu_reserved=4358.0MiB skipped_batches=0
2026-08-18 20:55:00,508 | INFO | epoch=18 batch=475 global_step=5462 loss_reg_months=4.1651 lr=0.00010496 grad_norm=1.4825 throughput=19.06 img/s eta_seconds=290.0 gpu_alloc=484.5MiB gpu_reserved=4358.0MiB skipped_batches=0
2026-08-18 20:55:14,695 | INFO | epoch=18 batch=500 global_step=5470 loss_reg_months=4.1680 lr=0.00010496 grad_norm=1.1006 throughput=19.16 img/s eta_seconds=272.9 gpu_alloc=484.5MiB gpu_reserved=4358.0MiB skipped_batches=0
2026-08-18 20:55:30,487 | INFO | epoch=18 batch=525 global_step=5479 loss_reg_months=4.1661 lr=0.00010496 grad_norm=1.2673 throughput=19.15 img/s eta_seconds=257.4 gpu_alloc=375.7MiB gpu_reserved=4358.0MiB skipped_batches=0
2026-08-18 20:55:46,016 | INFO | epoch=18 batch=550 global_step=5487 loss_reg_months=4.2056 lr=0.00010496 grad_norm=1.2239 throughput=19.16 img/s eta_seconds=241.6 gpu_alloc=484.5MiB gpu_reserved=4358.0MiB skipped_batches=0
2026-08-18 20:56:01,719 | INFO | epoch=18 batch=575 global_step=5495 loss_reg_months=4.2227 lr=0.00010496 grad_norm=1.6260 throughput=19.16 img/s eta_seconds=226.0 gpu_alloc=484.5MiB gpu_reserved=4358.0MiB skipped_batches=0
2026-08-18 20:56:18,154 | INFO | epoch=18 batch=600 global_step=5504 loss_reg_months=4.2195 lr=0.00010496 grad_norm=1.2857 throughput=19.12 img/s eta_seconds=210.8 gpu_alloc=375.7MiB gpu_reserved=4358.0MiB skipped_batches=0
2026-08-18 20:56:35,981 | INFO | epoch=18 batch=625 global_step=5512 loss_reg_months=4.2526 lr=0.00010496 grad_norm=1.3817 throughput=19.01 img/s eta_seconds=196.1 gpu_alloc=484.5MiB gpu_reserved=4358.0MiB skipped_batches=0
2026-08-18 20:56:51,034 | INFO | epoch=18 batch=650 global_step=5520 loss_reg_months=4.2524 lr=0.00010496 grad_norm=1.3842 throughput=19.05 img/s eta_seconds=180.0 gpu_alloc=484.5MiB gpu_reserved=4358.0MiB skipped_batches=0
2026-08-18 20:57:07,061 | INFO | epoch=18 batch=675 global_step=5529 loss_reg_months=4.2520 lr=0.00010496 grad_norm=1.6226 throughput=19.03 img/s eta_seconds=164.4 gpu_alloc=375.7MiB gpu_reserved=4358.0MiB skipped_batches=0
2026-08-18 20:57:22,596 | INFO | epoch=18 batch=700 global_step=5537 loss_reg_months=4.2650 lr=0.00010496 grad_norm=1.4896 throughput=19.04 img/s eta_seconds=148.5 gpu_alloc=484.5MiB gpu_reserved=4358.0MiB skipped_batches=0
2026-08-18 20:57:37,945 | INFO | epoch=18 batch=725 global_step=5545 loss_reg_months=4.2546 lr=0.00010496 grad_norm=1.1591 throughput=19.06 img/s eta_seconds=132.7 gpu_alloc=484.5MiB gpu_reserved=4358.0MiB skipped_batches=0
2026-08-18 20:57:53,575 | INFO | epoch=18 batch=750 global_step=5554 loss_reg_months=4.2614 lr=0.00010496 grad_norm=1.5253 throughput=19.07 img/s eta_seconds=116.9 gpu_alloc=375.7MiB gpu_reserved=4358.0MiB skipped_batches=0
2026-08-18 20:58:09,114 | INFO | epoch=18 batch=775 global_step=5562 loss_reg_months=4.2456 lr=0.00010496 grad_norm=1.2396 throughput=19.07 img/s eta_seconds=101.1 gpu_alloc=484.5MiB gpu_reserved=4358.0MiB skipped_batches=0
2026-08-18 20:58:24,658 | INFO | epoch=18 batch=800 global_step=5570 loss_reg_months=4.2568 lr=0.00010496 grad_norm=1.9858 throughput=19.08 img/s eta_seconds=85.4 gpu_alloc=484.5MiB gpu_reserved=4358.0MiB skipped_batches=0
2026-08-18 20:58:39,757 | INFO | epoch=18 batch=825 global_step=5579 loss_reg_months=4.2548 lr=0.00010496 grad_norm=1.0667 throughput=19.10 img/s eta_seconds=69.6 gpu_alloc=375.7MiB gpu_reserved=4358.0MiB skipped_batches=0
2026-08-18 20:58:55,534 | INFO | epoch=18 batch=850 global_step=5587 loss_reg_months=4.2654 lr=0.00010496 grad_norm=1.2894 throughput=19.10 img/s eta_seconds=53.9 gpu_alloc=484.5MiB gpu_reserved=4358.0MiB skipped_batches=0
2026-08-18 20:59:11,991 | INFO | epoch=18 batch=875 global_step=5595 loss_reg_months=4.2856 lr=0.00010496 grad_norm=1.3660 throughput=19.07 img/s eta_seconds=38.2 gpu_alloc=484.5MiB gpu_reserved=4358.0MiB skipped_batches=0
2026-08-18 20:59:28,739 | INFO | epoch=18 batch=900 global_step=5604 loss_reg_months=4.2813 lr=0.00010496 grad_norm=1.2283 throughput=19.04 img/s eta_seconds=22.5 gpu_alloc=375.7MiB gpu_reserved=4358.0MiB skipped_batches=0
2026-08-18 20:59:44,423 | INFO | epoch=18 batch=925 global_step=5612 loss_reg_months=4.2794 lr=0.00010496 grad_norm=1.7146 throughput=19.04 img/s eta_seconds=6.8 gpu_alloc=484.5MiB gpu_reserved=4358.0MiB skipped_batches=0
2026-08-18 21:01:50,091 | WARNING | STABILITY WARNING [CAM] Validation MAE xấu đi trong khi train loss giảm
2026-08-18 21:01:50,094 | INFO | 
TRAINING REVIEW SNAPSHOT
Run ID / config hash / split hash: P7_FINAL_V3_FOLD_5 / 1180388aae6c / a96b92c7a216+f47b558cd14b
Epoch / global step: 18 / 5616
Train loss: 4.2773
Validation MAE / RMSE / median AE: 6.3808 / 8.5695 / 4.8750
MAE nam / nữ / age bins: {'F': 6.728285733827821, 'M': 6.087482547634691} / {'180-228': 5.260714285714286, '120-179': 5.688044831880449, '0-59': 6.793969862953911, '60-119': 8.070785070785071}
Learning rate / peak VRAM: 0.00010496 / 4358.0 MiB
Best epoch / best MAE / epochs không cải thiện: 10 / 6.3277 / 8
Cảnh báo hiện tại: CAM: Validation MAE xấu đi trong khi train loss giảm
Checkpoint gần nhất: /content/p7_v3/runs/P7_FINAL_V3_FOLD_5/last.ckpt
Checkpoint tốt nhất: /content/p7_v3/runs/P7_FINAL_V3_FOLD_5/best_mae.ckpt
Đề xuất tự động: THEO DÕI
2026-08-18 21:01:52,475 | WARNING | STABILITY WARNING [CAM] Early stopping patience=8
